ACCESSION_NUMBER	INFO_ID	ISSUERNAME	CIK	JURISDICTIONORGANIZATION
0001104659-20-040702	1	Fundrise Balanced eREIT, LLC	0001792103	DE
0001104659-20-040699	1	Fundrise Growth eREIT VI, LLC	0001792106	DE
0001104659-20-040694	1	Fundrise Income eREIT VI, LLC	0001792104	DE
0001104659-20-030440	1	Internal server error. CIK may be invalid.	0001683872	DE
0001213900-20-002126	1	Legion Capital Corp	0001661166	FL
0001493152-20-001028	1	Our Microlending LLC	0001506275	FL
0001493152-20-001025	1	Our Microlending LLC	0001506275	FL
0001765826-20-000007	1	Global Pharma Labs, Inc.	0001690824	DE
