ACCESSION_NUMBER	SIGN_ID	CIK	REGULATIONISSUERNAME1	REGULATIONISSUERNAME2	SIGNATUREBY	SIGNATURE_DATE	TITLE
0001477932-20-001514	1	0001744652	Keystone Investors Urban Node Fund II, LP	Keystone Investors-Urban Node Fund II, LP	Austin Nissly	25-MAR-2020	Manager
0001213900-20-007097	1	0001715363	Carolina Complete Health Network, Inc.	Carolina Complete Health Network, Inc.	/s/ Stephen W. Keene	23-MAR-2020	Secretary-Treasurer
0001104659-20-036584	1	0001054476	Orgharvest, Inc	Orgharvest, Inc	/s/ J. Larry Cantrell	11-MAR-2020	President/CEO
0001664038-20-000005	1	0001664038	Hemp Naturals, Inc.	Hemp Naturals, Inc.	/s/ Levi Jacobson	13-MAR-2020	President
0001493152-20-001030	1	0001506275	OUR MicroLending, LLC	OUR MicroLending, LLC	Emilio Santandreu	24-JAN-2020	President/CEO
0001213900-20-001103	1	0001694046	Property Income Trust LLC	Property Income Trust LLC	/s/ Mark Mascia	15-JAN-2020	Manager
