ACCESSION_NUMBER	SECURITY_ID	SECURITIESISSUERNAME	SECURITIESISSUERTITLE	SECURITIESISSUEDTOTALAMOUNT	SECURITIESPRINCIPALHOLDERAMT	SECURITIESISSUEDAGGREGATEAMT	AGGREGATECONSIDERATIONBASIS
0001104659-20-041168	2	Solutions Vending International, Inc.	Class B Common Stock	5944444	0	(i) $1,070,000 / $0.1800 per share	
0001104659-20-041168	1	Solutions Vending International, Inc.	Class B Common Stock	5944444	0	(i) $1,070,000 / $0.1800 per share	
0001575705-20-000032	1	Clickstream Corporation	Series A Preferred Stock	4000000	0	$4,000 for cash and services provided	
0001758533-20-000002	1	Evolution Development Group, Inc.	Class B Common Stock	200000	0	$250,000 at $1.25 per share	
0001477932-20-001623	1	BRK, Inc.	Common stock	879864264	0	$416,820	
0001477932-20-001592	1	Own Our Own Fund I, LLC	Class B Interests	1000	0	1000	
0001731122-20-000307	1	Secured Investment High Yield Fund II, LLC	Membership Interests	10638133	0	10,638,133 Book Value of the Membership Interests	
0001683168-20-000978	1	Hylete, Inc.	Class A Common Stock	2395825	0	$1,348,063 at an average share price of $0.56	0
0001683168-20-000978	3	Hylete, Inc.	Class A Common Stock	2395825	0	$1,348,063 at an average share price of $0.56	0
0001683168-20-000978	2	Hylete, Inc.	Class A Common Stock	2395825	0	$1,348,063 at an average share price of $0.56	0
0001213900-20-007262	4	OriginClear, Inc.	Series K Preferred Stock	2591	0	2,590,900 (total proceeds received from sale of Series K)	
0001213900-20-007262	7	OriginClear, Inc.	Series K Preferred Stock	2591	0	2,590,900 (total proceeds received from sale of Series K)	
0001213900-20-007262	6	OriginClear, Inc.	Series K Preferred Stock	2591	0	2,590,900 (total proceeds received from sale of Series K)	
0001213900-20-007262	1	OriginClear, Inc.	Series K Preferred Stock	2591	0	2,590,900 (total proceeds received from sale of Series K)	
0001213900-20-007262	2	OriginClear, Inc.	Series K Preferred Stock	2591	0	2,590,900 (total proceeds received from sale of Series K)	
0001213900-20-007262	3	OriginClear, Inc.	Series K Preferred Stock	2591	0	2,590,900 (total proceeds received from sale of Series K)	
0001213900-20-007262	5	OriginClear, Inc.	Series K Preferred Stock	2591	0	2,590,900 (total proceeds received from sale of Series K)	
0001493152-20-004593	1	BioQuest Corp.	Common Stock	7807000	0	152,320	
0001213900-20-007229	1	REMSleep Holdings, Inc.	Common Stock	79467711	0	$2,428,938.00 based on (i) discount to the market price of the common stock pursuant to the terms of convertible notes with various lenders; (ii) fair market value of the common stock on date of issuance to officers and directors of the Company; and (iii) private sale to investors.	
0001683168-20-000912	1	GREEN STREAM HOLDINGS INC.	Common stock; Series B Preferred Stock	31760680	0	0	
0001493152-20-004545	1	Masterworks 008, LLC	Membership Interests	1000	0	100% of the membership interests in Masterworks 008, LLC were issued to Masterworks Gallery, LLC in return for a capital contribution of $100	
0001493152-20-004541	1	Masterworks 007, LLC	Membership Interests	1000	0	100% of the membership interests in Masterworks 007, LLC were issued to Masterworks Gallery, LLC in return for a capital contribution of $100	
0001104659-20-037099	1	SmartCard Marketing Systems Inc	Debt Conversion	228050000	0	Debt conversion of $3,402,000	
0001594062-20-000021	1	Emerald Health Bioceuticals Inc.	Common Stock	13000	0	$52,000 ($4.00 per share)	
0001104659-20-036936	1	Nico Echo Park, Benefit Corp.	Common Stock	100	100	1,000 ($10.00 per common share)	same as above
0001213900-20-007003	1	Steward Realty Trust, Inc.	Class B Common Stock	6925	0	$69,251 cash investment ($10 per share)	
0001104659-20-036120	1	Miso Robotics, Inc.	Convertible promissory notes and warrants for Common Stock	2744667	0	Aggregate of $2,744,667 received by Issuer from all noteholders, 1 warrant for Common Stock granted to each noteholder for each $10.02 received from note principal	
0001640334-20-000563	3	Infuzed Brands Inc.	Units (each comprised of one common share one half of one warrant)	3208522	0	1278676	
0001640334-20-000563	1	Infuzed Brands Inc.	Units (each comprised of one common share one half of one warrant)	3208522	0	1278676	
0001640334-20-000563	2	Infuzed Brands Inc.	Units (each comprised of one common share one half of one warrant)	3208522	0	1278676	
0001683168-20-000867	1	Hylete, Inc.	Class A Common Stock	2395825	0	$1,348,063 at an average share price of $0.56	0
0001683168-20-000867	3	Hylete, Inc.	Class A Common Stock	2395825	0	$1,348,063 at an average share price of $0.56	0
0001683168-20-000867	2	Hylete, Inc.	Class A Common Stock	2395825	0	$1,348,063 at an average share price of $0.56	0
0001213900-20-006773	1	Delhi Bank Corp.	Common Stock	22449	0	$723,767. Based on market price preceding the investment date.	
0001010549-20-000033	1	Belpointe REIT, Inc.	Common Stock	100	100	$10,000 ($100 per share of common stock)	Same as (c)(1)
0001213900-20-006559	1	Steward Realty Trust, Inc.	Class B Common Stock	6925	0	$69,251 cash investment ($10 per share)	
0001477932-20-001372	1	Cardone Equity Fund IX, LLC	Class B Interests	1000	0	1000	
0001683168-20-000804	1	Atomic Studios, Inc.	Common Stock	16605000	0	1661	
0001213900-20-006350	3	OriginClear, Inc.	Series K Preferred Stock	2591	0	2,590,900 (total proceeds received from sale of Series K)	
0001213900-20-006350	7	OriginClear, Inc.	Series K Preferred Stock	2591	0	2,590,900 (total proceeds received from sale of Series K)	
0001213900-20-006350	1	OriginClear, Inc.	Series K Preferred Stock	2591	0	2,590,900 (total proceeds received from sale of Series K)	
0001213900-20-006350	2	OriginClear, Inc.	Series K Preferred Stock	2591	0	2,590,900 (total proceeds received from sale of Series K)	
0001213900-20-006350	4	OriginClear, Inc.	Series K Preferred Stock	2591	0	2,590,900 (total proceeds received from sale of Series K)	
0001213900-20-006350	5	OriginClear, Inc.	Series K Preferred Stock	2591	0	2,590,900 (total proceeds received from sale of Series K)	
0001213900-20-006350	6	OriginClear, Inc.	Series K Preferred Stock	2591	0	2,590,900 (total proceeds received from sale of Series K)	
0001213900-20-006342	1	Remembrance Group, Inc.	Unsecured Convertible Notes	1600000	0	$1600000	
0001437749-20-005135	1	Commonwealth Thoroughbreds LLC	Series A-1 Units	5000	5000	$5,000 capital contribution by Manager	Same
0001104659-20-032597	1	StartEngine Crowdfunding, Inc.	Common Stock	678904	0	$5,091,780 at $7.50 per shares	
0001104659-20-032597	2	StartEngine Crowdfunding, Inc.	Common Stock	678904	0	$5,091,780 at $7.50 per shares	
0001477932-20-001300	1	World Tree USA, LLC	Series A 2018 COP Units	240296	0	$189,294	
0001214659-20-002568	2	Alzamend Neuro, Inc.	Common Stock	11921072	0	$2,221,608 for 1,921,072 shares of Common Stock at $1.50 per share and 960,536 Warrants with an exercise price of $3.00 per share; $15,000,000 note receivable from a related party for 10,000,000 shares of Common Stock at $1.50 per share and 5,000,000 Warrants with an exercise price of $3.00 per share	
0001214659-20-002568	1	Alzamend Neuro, Inc.	Common Stock	11921072	0	$2,221,608 for 1,921,072 shares of Common Stock at $1.50 per share and 960,536 Warrants with an exercise price of $3.00 per share; $15,000,000 note receivable from a related party for 10,000,000 shares of Common Stock at $1.50 per share and 5,000,000 Warrants with an exercise price of $3.00 per share	
0001213900-20-006093	1	Secured Investment High Yield Fund II, LLC	Membership Interests	6646997	0	6,646,997 Book Value of the Membership Interests	
0001104659-20-032293	3	T Stamp Inc.	SAFE	2239953	0	$2,236,953 - valuation cap of $20,000,000	
0001104659-20-032293	2	T Stamp Inc.	SAFE	2239953	0	$2,236,953 - valuation cap of $20,000,000	
0001104659-20-032293	1	T Stamp Inc.	SAFE	2239953	0	$2,236,953 - valuation cap of $20,000,000	
0001493152-20-003788	1	Worthy Peer Capital II, Inc.	Common Stock	100	0	$5,000 (100 shares of common stock at $50.00 per share)	
0001493152-20-003737	1	Mystic Holdings, Inc.	Combined First and Second Private Placement of 8pc Convertible Debentures: 1. 8pc Convertible Debentures with a C$0.30 conversion price effective May 31, 2019 and 2. 8pc Convertible Debentures with a C$0.80 conversion price effective August 31, 2019	16500000	0	$7800000 in cash proceeds	
0001213900-20-005911	1	Concreit Fund I LLC	Common Shares	10000	0	$10,000 ($1.00 per Common Share)	
0001213900-20-005911	2	Concreit Fund I LLC	Common Shares	10000	0	$10,000 ($1.00 per Common Share)	
0001683168-20-000757	1	Atomic Studios, Inc.	Common Stock	16605000	0	1661	
0001104659-20-031436	1	Miso Robotics, Inc.	Convertible promissory notes and warrants for Common Stock	2744667	0	Aggregate of $2,744,667 received by Issuer from all noteholders, 1 warrant for Common Stock granted to each noteholder for each $10.02 received from note principal	
0001754259-20-000001	1	American Condor Resources Corporation	Common Shares	264492	0	264,492	
0001731122-20-000239	1	GME Innotainment, Inc.	Common Stock	86695638	0	286095	
0001493152-20-003563	1	Zenlabs Holdings, Inc.	Subordinate Voting Stock	20454523	1	4,580,194, basis was price negotiated between investors and issuer.	Issued to Michael Boshart for incorporation services
0001493152-20-003563	2	Zenlabs Holdings, Inc.	Subordinate Voting Stock	20454523	1	4,580,194, basis was price negotiated between investors and issuer.	Issued to Michael Boshart for incorporation services
0001493152-20-003544	1	Worthy Peer Capital II, Inc.	Common Stock	100	0	$5,000 (100 shares of common stock at $50.00 per share)	
0001213900-20-005610	2	OriginClear, Inc.	Series K Preferred Stock	2591	0	2,590,900 (total proceeds received from sale of Series K)	
0001213900-20-005610	6	OriginClear, Inc.	Series K Preferred Stock	2591	0	2,590,900 (total proceeds received from sale of Series K)	
0001213900-20-005610	5	OriginClear, Inc.	Series K Preferred Stock	2591	0	2,590,900 (total proceeds received from sale of Series K)	
0001213900-20-005610	4	OriginClear, Inc.	Series K Preferred Stock	2591	0	2,590,900 (total proceeds received from sale of Series K)	
0001213900-20-005610	1	OriginClear, Inc.	Series K Preferred Stock	2591	0	2,590,900 (total proceeds received from sale of Series K)	
0001213900-20-005610	7	OriginClear, Inc.	Series K Preferred Stock	2591	0	2,590,900 (total proceeds received from sale of Series K)	
0001213900-20-005610	3	OriginClear, Inc.	Series K Preferred Stock	2591	0	2,590,900 (total proceeds received from sale of Series K)	
0001683168-20-000709	3	Smart Decision, Inc.	Class A Common Stock, $0.0001 par value	10990000	0	109900	
0001683168-20-000709	2	Smart Decision, Inc.	Class A Common Stock, $0.0001 par value	10990000	0	109900	
0001683168-20-000709	1	Smart Decision, Inc.	Class A Common Stock, $0.0001 par value	10990000	0	109900	
0001477932-20-001090	1	Beyond Wellness International, Inc.	Common Stock	5075000	0	$743,780 cash purchase	
0001213900-20-005533	1	GREEN STREAM HOLDINGS INC.	Common stock; Series B Preferred Stock	31760680	0	0	
0001477932-20-001081	1	Verax Research Services, Inc.	Common Shares	3625000	0	$3,914,480 - cash, property, services; private placement and pre-agreed amount.	
0001575705-20-000019	1	Zimmerman BioPharma Holding, Inc.	Series A-1 Preferred Stock	3000000	3000000	$1.00.  The shares were first transferred by the issuer's chief executive officer to the corporation's secretary to hold the shares as an accommodation pending negotiation of final terms for the acquisition of Zimmerman Bioparmaceuticals, Inc.  Upon completion of negotiations, the corporation's secretary transferred the shares to the stockholders of Zimmerman Biopharmaceuticals, Inc. and a designee as consideration for the stockholders' transfer of all the equity securities of Zimmerman Bioparmaceuticals, Inc. to the issuer.	Series A-1 Preferred Stock was issued in 2016 for acquisition valued at $1.00
0001213900-20-005488	1	Concreit Fund I LLC	Common Shares	10000	0	$10,000 ($1.00 per Common Share)	
0001213900-20-005488	2	Concreit Fund I LLC	Common Shares	10000	0	$10,000 ($1.00 per Common Share)	
0001493152-20-003396	1	Masterworks 006, LLC	Membership Interests	1000	0	100% of the membership interests in Masterworks 006, LLC were issued to Masterworks Gallery, LLC in return for a capital contribution of $100	
0001213900-20-005367	1	GREEN STREAM HOLDINGS INC.	Common stock; Series B Preferred Stock	31760680	0	0	
0001213900-20-005333	3	YouNow, Inc.	Tokens	201149025	0	Upon conversion of SAFTs and DPAs, pursuant to adviser grants for services, and pursuant to this offering.	
0001213900-20-005333	2	YouNow, Inc.	Tokens	201149025	0	Upon conversion of SAFTs and DPAs, pursuant to adviser grants for services, and pursuant to this offering.	
0001213900-20-005333	1	YouNow, Inc.	Tokens	201149025	0	Upon conversion of SAFTs and DPAs, pursuant to adviser grants for services, and pursuant to this offering.	
0001213900-20-005333	4	YouNow, Inc.	Tokens	201149025	0	Upon conversion of SAFTs and DPAs, pursuant to adviser grants for services, and pursuant to this offering.	
0001445866-20-000172	1	CityZenith Holdings, Inc.	CrowdSafe	1377500	0	$1,070,000	
0001104659-20-028569	1	Nico Echo Park, Benefit Corp.	Common Stock	100	100	1,000 ($10.00 per common share)	same as above
0001437749-20-004225	1	Commonwealth Thoroughbreds LLC	Series A-1 Units	5000	5000	$5,000 capital contribution by Manager	Same
0001553350-20-000192	1	Energy and Water Development Corp	Common Shares	5548550	0	420,000 shares issued as payment of services, 4,,917,350 shares issued for conversion of debt and 211,200 shares issued as a sale to investors	
0001104659-20-027318	1	Nico Echo Park, Benefit Corp.	Common Stock	100	100	1,000 ($10.00 per common share)	same as above
0001640334-20-000425	3	Infuzed Brands Inc.	Units (each comprised of one common share one half of one warrant)	3208522	0	1278676	
0001640334-20-000425	2	Infuzed Brands Inc.	Units (each comprised of one common share one half of one warrant)	3208522	0	1278676	
0001640334-20-000425	1	Infuzed Brands Inc.	Units (each comprised of one common share one half of one warrant)	3208522	0	1278676	
0001683168-20-000611	1	CBD Life Sciences, Inc.	Common Stock, $0.001 par value	1458088	0	550146	
0001731122-20-000208	1	GME Innotainment, Inc.	Common Stock	86695638	0	286095	
0001683168-20-000593	1	Atomic Studios, Inc.	Common Stock	16605000	0	1661	
0001493152-20-003030	1	Masterworks 008, LLC	Membership Interests	1000	0	100% of the membership interests in Masterworks 008, LLC were issued to Masterworks Gallery, LLC in return for a capital contribution of $100	
0001104659-20-025335	1	Miso Robotics, Inc.	Convertible promissory notes and warrants for Common Stock	2744667	0	Aggregate of $2,744,667 received by Issuer from all noteholders, 1 warrant for Common Stock granted to each noteholder for each $10.02 received from note principal	
0001477932-20-000896	1	Elegance Spirits, Inc.	Common Stock	80000000	0	$201887 paid in cash.	
0001758533-20-000001	1	Evolution Development Group, Inc.	Class B Common Stock	200000	0	$250,000 at $1.25 per share	
0001104659-20-024989	1	Fundrise Growth eREIT VII, LLC	Common Shares	500	500	$5,000 ($10.00 per common share)	Same as above
0001493152-20-002957	1	Masterworks 007, LLC	Membership Interests	1000	0	100% of the membership interests in Masterworks 007, LLC were issued to Masterworks Gallery, LLC in return for a capital contribution of $100	
0001104659-20-024991	1	Fundrise Balanced eREIT II, LLC	Common Shares	500	500	$5,000 ($10.00 per common share)	Same as above
0001721868-20-000102	2	Greene Concepts, Inc.	Common Stock	26499275	0	Issued in consideration for services or upon conversion of convertible securities.	
0001721868-20-000102	1	Greene Concepts, Inc.	Common Stock	26499275	0	Issued in consideration for services or upon conversion of convertible securities.	
0001683168-20-000575	1	Atomic Studios, Inc.	Common Stock	16605000	0	1661	
0001683168-20-000573	1	CBD Life Sciences, Inc.	Common Stock, $0.001 par value	1458088	0	550146	
0001493152-20-002904	1	Masterworks 006, LLC	Membership Interests	1000	0	100% of the membership interests in Masterworks 006, LLC were issued to Masterworks Gallery, LLC in return for a capital contribution of $100	
0001213900-20-004534	1	GREEN STREAM HOLDINGS INC.	Common stock; Series B Preferred Stock	31760680	0	0	
0001445866-20-000149	1	Solar Integrated Roofing Corp.	Common Stock	59498716	0	1928047	
0001683168-20-000556	1	CBD Life Sciences, Inc.	Common Stock, $0.001 par value	1458088	0	550146	
0001683168-20-000549	2	Smart Decision, Inc.	Class A Common Stock, $0.0001 par value	10990000	0	109900	
0001683168-20-000549	3	Smart Decision, Inc.	Class A Common Stock, $0.0001 par value	10990000	0	109900	
0001683168-20-000549	1	Smart Decision, Inc.	Class A Common Stock, $0.0001 par value	10990000	0	109900	
0001683168-20-000547	3	Hylete, Inc.	Class A Common Stock	2395825	0	$1,348,063 at an average share price of $0.56	0
0001683168-20-000547	2	Hylete, Inc.	Class A Common Stock	2395825	0	$1,348,063 at an average share price of $0.56	0
0001683168-20-000547	1	Hylete, Inc.	Class A Common Stock	2395825	0	$1,348,063 at an average share price of $0.56	0
0001663577-20-000042	1	LifeQuest World Corp.	Common Stock	77000000	0	7700	
0001213900-20-004155	1	GREEN STREAM HOLDINGS INC.	Common stock; Series B Preferred Stock	31760680	0	0	
0001387131-20-001892	1	Compound Projects, LLC	Series #Reach Interests	28208	0	$135,398	
0001213900-20-004114	1	GREEN STREAM HOLDINGS INC.	Common stock; Series B Preferred Stock	31760680	0	0	
0001477932-20-000749	1	Own Our Own Fund I, LLC	Class B Interests	1000	0	1000	
0001721868-20-000078	2	Greene Concepts, Inc.	Common Stock	26499275	0	Issued in consideration for services or upon conversion of convertible securities.	
0001721868-20-000078	1	Greene Concepts, Inc.	Common Stock	26499275	0	Issued in consideration for services or upon conversion of convertible securities.	
0001010549-20-000016	1	Belpointe REIT, Inc.	Common Stock	100	100	$10,000 ($100 per share of common stock)	Same as (c)(1)
0001683168-20-000505	1	CBD Life Sciences, Inc.	Common Stock, $0.001 par value	1458088	0	550146	
0001104659-20-021527	1	Quadrant Biosciences Inc.	Common Stock	4042000	0	$5,052,500 at $1.25 per share of Common Stock.	
0001104659-20-021527	2	Quadrant Biosciences Inc.	Common Stock	4042000	0	$5,052,500 at $1.25 per share of Common Stock.	
0001104659-20-021232	1	Sagoon Inc.	Class C Common Stock	10437	0	$240,065 at $23 per share (not including stock issued to broker)	
0001104659-20-021232	2	Sagoon Inc.	Class C Common Stock	10437	0	$240,065 at $23 per share (not including stock issued to broker)	
0001213900-20-003750	1	Steward Realty Trust, Inc.	Class B Common Stock	45023	0	$450,230 cash investment ($10 per share)	
0001213900-20-003708	1	GREEN STREAM HOLDINGS INC.	Common stock; Series B Preferred Stock	31760680	0	0	
0001213900-20-003524	1	Secured Investment High Yield Fund II, LLC	Membership Interests	6646997	0	6,646,997 Book Value of the Membership Interests	
0001104659-20-020009	2	Jet Token Inc.	Series CF Preferred Stock	18826385	0	$1,069,583.00 aggregate gross consideration was raised in connection with a Regulation CF offering in which 17,826,385 shares of Series CF Preferred Stock were sold for $0.06 per share. An additional 1,000,000 shares of Series CF Preferred Stock were issued to a third party service provider in exchange for marketing services provided to the company and valued at an aggregate amount of $60,000.	
0001104659-20-020009	1	Jet Token Inc.	Series CF Preferred Stock	18826385	0	$1,069,583.00 aggregate gross consideration was raised in connection with a Regulation CF offering in which 17,826,385 shares of Series CF Preferred Stock were sold for $0.06 per share. An additional 1,000,000 shares of Series CF Preferred Stock were issued to a third party service provider in exchange for marketing services provided to the company and valued at an aggregate amount of $60,000.	
0001683168-20-000443	1	CBD Life Sciences, Inc.	Common Stock, $0.001 par value	1458088	0	550146	
0001493152-20-001924	1	BioQuest Corp.	Common Stock	8044233	0	217,194,291	
0001493152-20-001870	1	Mystic Holdings, Inc.	Combined First and Second Private Placement of 8pc Convertible Debentures: 1. 8pc Convertible Debentures with a C$0.30 conversion price effective May 31, 2019 and 2. 8pc Convertible Debentures with a C$0.80 conversion price effective August 31, 2019	16500000	0	$7800000 in cash proceeds	
0001731122-20-000110	1	GME Innotainment, Inc.	Common Stock	86695638	0	286095	
0001104659-20-012846	1	Virtuoso Surgical, Inc.	Class A Preferred Stock	230000	0	$230,000. Price is $1.00/share.	
0001213900-20-002986	4	YouNow, Inc.	Tokens	201805781	0	Upon conversion of SAFTs and DPAs, pursuant to adviser grants for services, and pursuant to this offering.	
0001213900-20-002986	3	YouNow, Inc.	Tokens	201805781	0	Upon conversion of SAFTs and DPAs, pursuant to adviser grants for services, and pursuant to this offering.	
0001213900-20-002986	2	YouNow, Inc.	Tokens	201805781	0	Upon conversion of SAFTs and DPAs, pursuant to adviser grants for services, and pursuant to this offering.	
0001213900-20-002986	1	YouNow, Inc.	Tokens	201805781	0	Upon conversion of SAFTs and DPAs, pursuant to adviser grants for services, and pursuant to this offering.	
0001213900-20-002978	1	GREEN STREAM HOLDINGS INC.	Common stock; Series B Preferred Stock	31760680	0	0	
0001477932-20-000512	1	Verax Research Services, Inc.	Common Shares	3625000	0	$3,914,480 - cash, property, services; private placement and pre-agreed amount.	
0001104659-20-012084	2	CaliberCos Inc.	Common Stock	839448	30619	1438148	55,941
0001104659-20-012084	1	CaliberCos Inc.	Common Stock	839448	30619	1438148	55,941
0001683168-20-000386	1	My Racehorse CA LLC	See Exhibit 15.1	26057	0	4651480	
0001683168-20-000375	1	Atomic Studios, Inc.	Common Stock	16605000	0	1661	
0001104659-20-011519	2	CaliberCos Inc.	Common Stock	839448	30619	1438148	55,941
0001104659-20-011519	1	CaliberCos Inc.	Common Stock	839448	30619	1438148	55,941
0001104659-20-010888	1	BRIX REIT, Inc.	Common Stock	12200	0	$61,000 at $5.00 per share	
0001663577-20-000023	1	LifeQuest World Corp.	Common Stock	77000000	0	7700	
0001213900-20-002612	1	GREEN STREAM HOLDINGS INC.	Common stock; Series B Preferred Stock	31760680	0	0	
0001493152-20-001591	1	Worthy Peer Capital II, Inc.	Common Stock	100	0	$5,000 (100 shares of common stock at $50.00 per share)	
0001477932-20-000483	1	Verax Research Services, Inc.	Common Shares	3625000	0	$3,914,480 - cash, property, services; private placement and pre-agreed amount.	
0001214659-20-000853	2	Alzamend Neuro, Inc.	Common Stock	11921072	0	$2,221,608 for 1,921,072 shares of Common Stock at $1.50 per share and 960,536 Warrants with an exercise price of $3.00 per share; $15,000,000 note receivable from a related party for 10,000,000 shares of Common Stock at $1.50 per share and 5,000,000 Warrants with an exercise price of $3.00 per share	
0001214659-20-000853	1	Alzamend Neuro, Inc.	Common Stock	11921072	0	$2,221,608 for 1,921,072 shares of Common Stock at $1.50 per share and 960,536 Warrants with an exercise price of $3.00 per share; $15,000,000 note receivable from a related party for 10,000,000 shares of Common Stock at $1.50 per share and 5,000,000 Warrants with an exercise price of $3.00 per share	
0001445866-20-000091	1	Solar Integrated Roofing Corp.	Common Stock	59498716	0	1928047	
0001104659-20-008942	2	Sagoon Inc.	Class C Common Stock	10437	0	$240,065 at $23 per share (not including stock issued to broker)	
0001104659-20-008942	1	Sagoon Inc.	Class C Common Stock	10437	0	$240,065 at $23 per share (not including stock issued to broker)	
0001725129-20-000004	4	YouNow, Inc.	Tokens	201805781	0	Upon conversion of SAFTs and DPAs, pursuant to adviser grants for services, and pursuant to this offering.	
0001725129-20-000004	3	YouNow, Inc.	Tokens	201805781	0	Upon conversion of SAFTs and DPAs, pursuant to adviser grants for services, and pursuant to this offering.	
0001725129-20-000004	2	YouNow, Inc.	Tokens	201805781	0	Upon conversion of SAFTs and DPAs, pursuant to adviser grants for services, and pursuant to this offering.	
0001725129-20-000004	1	YouNow, Inc.	Tokens	201805781	0	Upon conversion of SAFTs and DPAs, pursuant to adviser grants for services, and pursuant to this offering.	
0001477932-20-000443	1	LB 1 LLC	Common Membership Interest	1000	0	$1,000.00 Founding Capital Contribution	
0001477932-20-000440	1	Elegance Spirits, Inc.	Common Stock	80000000	0	$201887 paid in cash.	
0001019056-20-000046	1	Prometheum, Inc.	Common Stock and Ember Warrants	18900000	0	$4.1 million cash plus software and services.	
0001683168-20-000281	1	Zicix Corporation	Common Stock, $0.001 par value	13000000	0	0	
0001104659-20-007010	3	Groundfloor Finance Inc.	LROs	38437070	0	$38,437,070 were issued and sold pursuant to Offering Circular File No. 024-10753.	
0001104659-20-007010	2	Groundfloor Finance Inc.	LROs	38437070	0	$38,437,070 were issued and sold pursuant to Offering Circular File No. 024-10753.	
0001104659-20-007010	1	Groundfloor Finance Inc.	LROs	38437070	0	$38,437,070 were issued and sold pursuant to Offering Circular File No. 024-10753.	
0001477932-20-000394	1	Cardone Equity Fund IX, LLC	Class B Interests	1000	0	1000	
0001683168-20-000264	1	American Diversified Energy LLC	Convertible Promissory Notes	419250	0	0	
0001104659-20-006799	1	CaliberCos Inc.	Common Stock	839448	30619	1438148	55,941
0001104659-20-006799	2	CaliberCos Inc.	Common Stock	839448	30619	1438148	55,941
0001213900-20-001762	1	GREEN STREAM HOLDINGS INC.	Common stock; Series B Preferred Stock	31760680	0	0	
0001683168-20-000251	1	Aqua Quest International, Inc.	Common Stock	1001500	0	510750	
0001104659-20-006368	1	Virtuoso Surgical, Inc.	Class A Preferred Stock	230000	0	$230,000. Price is $1.00/share.	
0001683168-20-000249	1	Aqua Quest International, Inc.	Common Stock	1001500	0	510750	
0001104659-20-005875	1	Sagoon Inc.	Class C Common Stock	10437	0	$240,065 at $23 per share (not including stock issued to broker)	
0001104659-20-005875	2	Sagoon Inc.	Class C Common Stock	10437	0	$240,065 at $23 per share (not including stock issued to broker)	
0001213900-20-001471	1	OriginClear, Inc.	Series K Preferred Stock	2001	0	2,000,650 (total proceeds received from sale of Series K)	
0001213900-20-001471	2	OriginClear, Inc.	Series K Preferred Stock	2001	0	2,000,650 (total proceeds received from sale of Series K)	
0001213900-20-001471	4	OriginClear, Inc.	Series K Preferred Stock	2001	0	2,000,650 (total proceeds received from sale of Series K)	
0001213900-20-001471	5	OriginClear, Inc.	Series K Preferred Stock	2001	0	2,000,650 (total proceeds received from sale of Series K)	
0001213900-20-001471	6	OriginClear, Inc.	Series K Preferred Stock	2001	0	2,000,650 (total proceeds received from sale of Series K)	
0001213900-20-001471	7	OriginClear, Inc.	Series K Preferred Stock	2001	0	2,000,650 (total proceeds received from sale of Series K)	
0001213900-20-001471	3	OriginClear, Inc.	Series K Preferred Stock	2001	0	2,000,650 (total proceeds received from sale of Series K)	
0001493152-20-000799	1	American International Holdings Corp.	Common Stock	20625000	1815000	$2,255,001.25 total. 18,400,000 shares valued at $0.10 per share; 100,000 shares valued at $1.00 per share; 1,665,000 shares valued at $1.25 per share; 100,000 shares valued at $1.50 per share; 100,000 shares valued at $1.65 per share; 250,000 shares issued for services.	$2,180,250 total. 50,000 shares valued at $0.10 per share; 100,000 shares valued at $1.00 per share; 1,665,000 shares valued at $1.25 per share.
0001493152-20-000799	2	American International Holdings Corp.	Common Stock	20625000	1815000	$2,255,001.25 total. 18,400,000 shares valued at $0.10 per share; 100,000 shares valued at $1.00 per share; 1,665,000 shares valued at $1.25 per share; 100,000 shares valued at $1.50 per share; 100,000 shares valued at $1.65 per share; 250,000 shares issued for services.	$2,180,250 total. 50,000 shares valued at $0.10 per share; 100,000 shares valued at $1.00 per share; 1,665,000 shares valued at $1.25 per share.
0001104659-20-004812	2	Scopus Biopharma Inc.	units comprised of shares of common stock and warrants	150169	0	$450,507 in connection with the sale of each unit for $3.00 per unit.	
0001104659-20-004812	3	Scopus Biopharma Inc.	units comprised of shares of common stock and warrants	150169	0	$450,507 in connection with the sale of each unit for $3.00 per unit.	
0001104659-20-004812	4	Scopus Biopharma Inc.	units comprised of shares of common stock and warrants	150169	0	$450,507 in connection with the sale of each unit for $3.00 per unit.	
0001104659-20-004812	5	Scopus Biopharma Inc.	units comprised of shares of common stock and warrants	150169	0	$450,507 in connection with the sale of each unit for $3.00 per unit.	
0001104659-20-004812	1	Scopus Biopharma Inc.	units comprised of shares of common stock and warrants	150169	0	$450,507 in connection with the sale of each unit for $3.00 per unit.	
0001654954-20-000546	1	Red Oak Capital Fund IV, LLC	Limited Liability Company Interests	1	1	$100.00	At its formation, Red Oak Capital Fund IV, LLC issued one limited liability company interest to Red Oak Capital GP, LLC, its sole member for a cash contribution of $100.00.
0001104659-20-004750	2	Groundfloor Finance Inc.	LROs	39287070	0	$39,287,070 were issued and sold pursuant to Offering Circular File No. 024-10753.	
0001104659-20-004750	1	Groundfloor Finance Inc.	LROs	39287070	0	$39,287,070 were issued and sold pursuant to Offering Circular File No. 024-10753.	
0001104659-20-004750	3	Groundfloor Finance Inc.	LROs	39287070	0	$39,287,070 were issued and sold pursuant to Offering Circular File No. 024-10753.	
0001104659-20-004401	1	Jet Token Inc.	Series CF Preferred Stock	18826385	0	$1,069,583.00 aggregate gross consideration was raised in connection with a Regulation CF offering in which 17,826,385 shares of Series CF Preferred Stock were sold for $0.06 per share. An additional 1,000,000 shares of Series CF Preferred Stock were issued to a third party service provider in exchange for marketing services provided to the company and valued at an aggregate amount of $60,000.	
0001104659-20-004401	2	Jet Token Inc.	Series CF Preferred Stock	18826385	0	$1,069,583.00 aggregate gross consideration was raised in connection with a Regulation CF offering in which 17,826,385 shares of Series CF Preferred Stock were sold for $0.06 per share. An additional 1,000,000 shares of Series CF Preferred Stock were issued to a third party service provider in exchange for marketing services provided to the company and valued at an aggregate amount of $60,000.	
0001683168-20-000147	1	CBD Life Sciences, Inc.	Common Stock, $0.001 par value	1458088	0	550146	
0001445866-20-000050	1	Solar Integrated Roofing Corp.	Common Stock	59498716	0	1928047	
0001654954-20-000422	1	Garo Kholamian	Clas A units	100	0	none	
0001683168-20-000134	1	Atomic Studios, Inc.	Common Stock	16605000	0	1661	
0001683168-20-000121	1	AHP Servicing LLC	Common Stock	448	0	0	
0001683168-20-000115	1	American Diversified Energy LLC	Convertible Promissory Notes	419250	0	0	
0001493152-20-000516	2	Wizard Entertainment, Inc.	Preferred Stock	5768956	0	$709,581.51 at $0.123 per share	
0001493152-20-000516	1	Wizard Entertainment, Inc.	Preferred Stock	5768956	0	$709,581.51 at $0.123 per share	
0001376474-20-000005	2	Northridge Corporation	Class A common stock - Voting	120000	0	$195,000 - cost	
0001376474-20-000005	1	Northridge Corporation	Class A common stock - Voting	120000	0	$195,000 - cost	
0001731122-20-000038	1	GME Innotainment, Inc.	Common Stock	86695638	0	286095	
0001721868-20-000018	2	Greene Concepts, Inc.	Common Stock	26449275	0	Issued in consideration for services or upon conversion of convertible securities.	
0001721868-20-000018	1	Greene Concepts, Inc.	Common Stock	26449275	0	Issued in consideration for services or upon conversion of convertible securities.	
0001213900-20-000667	3	Amarantus Bioscience Holding, Inc.	Series A Preferred	250	0	250	
0001213900-20-000667	1	Amarantus Bioscience Holding, Inc.	Series A Preferred	250	0	250	
0001213900-20-000667	2	Amarantus Bioscience Holding, Inc.	Series A Preferred	250	0	250	
0001731122-20-000028	1	Grow Solutions Holdings, Inc	Common Stock	56485092	0	242886	
0001213900-20-000662	1	Amarantus Bioscience Holding, Inc.	Series A Preferred	250	0	250	
0001213900-20-000662	2	Amarantus Bioscience Holding, Inc.	Series A Preferred	250	0	250	
0001213900-20-000662	3	Amarantus Bioscience Holding, Inc.	Series A Preferred	250	0	250	
0001493152-20-000404	1	Clean Energy Technologies, Inc.	Convertible Promissory Notes Units, Common Stock & Warrants	174250000	0	$2,099,200 common stock and units. $366,000 received from Convertible Promissory Notes after OID.	
0001104659-20-002516	1	TerraCycle US Inc.	Preferred Stock	83654	22471	$8,365,400 based on $100/share	$2,247,100 based on $100/share
0001493152-20-000380	2	American International Holdings Corp.	Common Stock	20625000	1815000	$2,255,001.25 total. 18,400,000 shares valued at $0.10 per share; 100,000 shares valued at $1.00 per share; 1,665,000 shares valued at $1.25 per share; 100,000 shares valued at $1.50 per share; 100,000 shares valued at $1.65 per share; 250,000 shares issued for services.	$2,180,250 total. 50,000 shares valued at $0.10 per share; 100,000 shares valued at $1.00 per share; 1,665,000 shares valued at $1.25 per share.
0001493152-20-000380	1	American International Holdings Corp.	Common Stock	20625000	1815000	$2,255,001.25 total. 18,400,000 shares valued at $0.10 per share; 100,000 shares valued at $1.00 per share; 1,665,000 shares valued at $1.25 per share; 100,000 shares valued at $1.50 per share; 100,000 shares valued at $1.65 per share; 250,000 shares issued for services.	$2,180,250 total. 50,000 shares valued at $0.10 per share; 100,000 shares valued at $1.00 per share; 1,665,000 shares valued at $1.25 per share.
0001683168-20-000060	1	American Diversified Energy LLC	Convertible Promissory Notes	419250	0	0	
0001213900-20-000403	1	American Energy Partners, Inc.	Class A Common Stock	58000000	0	$271,550.00 (based on the issuance price as reported with OTC filings)	
0001104659-20-001888	2	Scopus Biopharma Inc.	units comprised of shares of common stock and warrants	150169	0	$450,507 in connection with the sale of each unit for $3.00 per unit.	
0001104659-20-001888	1	Scopus Biopharma Inc.	units comprised of shares of common stock and warrants	150169	0	$450,507 in connection with the sale of each unit for $3.00 per unit.	
0001104659-20-001888	3	Scopus Biopharma Inc.	units comprised of shares of common stock and warrants	150169	0	$450,507 in connection with the sale of each unit for $3.00 per unit.	
0001104659-20-001888	4	Scopus Biopharma Inc.	units comprised of shares of common stock and warrants	150169	0	$450,507 in connection with the sale of each unit for $3.00 per unit.	
0001683168-20-000031	4	DNA Brands, Inc.	Convertible Note	50000	0	50000	
0001683168-20-000031	3	DNA Brands, Inc.	Convertible Note	50000	0	50000	
0001683168-20-000031	2	DNA Brands, Inc.	Convertible Note	50000	0	50000	
0001683168-20-000031	1	DNA Brands, Inc.	Convertible Note	50000	0	50000	
0001104659-20-001850	1	Groundfloor Finance Inc.	LROs	40945470	0	$40,945,470 were issued and sold pursuant to Offering Circular File No. 024-10753.	
0001104659-20-001850	2	Groundfloor Finance Inc.	LROs	40945470	0	$40,945,470 were issued and sold pursuant to Offering Circular File No. 024-10753.	
0001104659-20-001850	3	Groundfloor Finance Inc.	LROs	40945470	0	$40,945,470 were issued and sold pursuant to Offering Circular File No. 024-10753.	
0001437749-20-000260	1	Commonwealth Thoroughbreds LLC	Series A-1 Units	5000	5000	$5,000 capital contribution by Manager	Same
0001104659-20-001488	2	Sagoon Inc.	Class C Common Stock	10437	0	$240,065 at $23 per share (not including stock issued to broker)	
0001104659-20-001488	1	Sagoon Inc.	Class C Common Stock	10437	0	$240,065 at $23 per share (not including stock issued to broker)	
0001493152-20-000153	1	Mystic Holdings, Inc.	Convertible Debentures	15000000	0	$6200000 in cash proceeds	
0001104659-20-000830	2	CaliberCos Inc.	Common Stock	839448	30619	1438148	55,941
0001104659-20-000830	1	CaliberCos Inc.	Common Stock	839448	30619	1438148	55,941
0001493152-20-000110	1	Clean Energy Technologies, Inc.	Convertible Promissory Notes Units, Common Stock & Warrants	174250000	0	$2,099,200 common stock and units. $366,000 received from Convertible Promissory Notes after OID.	
0001477932-19-007349	1	Elegance Spirits, Inc.	Common Stock	80000000	0	$201887 paid in cash.	
0001493152-19-019958	1	Mystic Holdings, Inc.	Convertible Debentures	15000000	0	$6200000 in cash proceeds	
