ACCESSION_NUMBER	SINFO_ID	COMMISSIONFILENUMBER	OFFERINGQUALIFICATIONDATE	OFFERINGCOMMENCEDATE	QUALIFIEDSECURITIESSOLD	OFFERINGSECURITIESSOLD	PORTIONSECURITIESSOLDISSUER	PORTIONSOLDSECURITYHOLDERS	PRICEPERSECURITY	AGGREGRATEOFFERINGPRICE	AGGREGRATEOFFERINGPRICEHOLDERS	UNDERWRITERFEES	SALESCOMMISSIONSFEE	FINDERSFEES	AUDITORFEES	LEGALFEES	PROMOTERSFEES	BLUESKYFEES	CRDNUMBERBROKERDEALER	ISSUERNETPROCEEDS	CLARIFICATIONRESPONSES
0001477932-20-001514	1	024-10894	19-OCT-2018	21-OCT-2018	50000000	2621000	0.0	0.0	50.0			0.0	0.0	0.0	2500.0	32500.0	0.0	0.0		0.0	
0001213900-20-007097	1	024-10799	12-MAR-2018	12-MAR-2018	20000	0	0.0	0.0	750.0						40500.0	700000.0		2500.0		0.0	
0001104659-20-036584	1	024-10885	25-OCT-2019	18-SEP-2018	80000000	80000000	16750000.0	3250000.0	0.25							50000.0		100000.0		16750000.0	Acquisition stock for stock transaction
0001664038-20-000005	1	024-10990	31-JUL-2019	31-JUL-2019	1000000000	520000	520000.0	0.0	0.005			0.0	0.0	0.0	7870.0	1000.0	0.0	0.0		0.0	
0001493152-20-001030	1	024-10595	05-JUN-2017	05-JUN-2017	10000	7395	7395000.0	0.0	1000.0											7395000.0	"""Amount of securities qualified"" and ""Amount of securities sold"" in the offering reflect the dollar amount qualified and sold. Fees in connection with the offering were not financed with the proceeds of the offering."
0001493152-20-001028	1	024-10595	05-JUN-2017	05-JUN-2017	10000	7395			1000.0	7395000.0	0.0									7395000.0	The price per security is nominal value. No broker or dealer used. Fees in connection with the offering were not financed with the proceeds of the offering.
0001493152-20-001025	1	024-10595	05-JUN-2017	05-JUN-2017	10000	2610			1000.0	2610000.0	0.0									2610000.0	The price per security is nominal value. No broker or dealer used. Fees in connection with the offering were not financed with the proceeds of the offering.
0001765826-20-000007	1	024-10653	13-FEB-2017	13-FEB-2017	4000000	54400			1.0	54400.0	0.0										
0001213900-20-001103	1	024-10731	28-MAR-2018	28-MAR-2018	50000000	2036565	2036564.66	0.0	25.0			0.0	0.0	0.0	14250.0	77050.0	0.0	1259.0		1944004.96	
