ACCESSION_NUMBER	INDICATETIER1TIER2OFFERING	FINANCIALSTATEMENTAUDITSTATUS	OFFERDELAYEDCONTINUOUSFLAG	OFFERINGYEARFLAG	OFFERINGAFTERQUALIFFLAG	OFFERINGBESTEFFORTSFLAG	SOLICITATIONPROPOSEDOFFERFLAG	RESALESECURITIESAFFILIATESFLAG	SECURITIESOFFERED	OUTSTANDINGSECURITIES	PRICEPERSECURITY	ISSUERAGGREGATEOFFERING	SECURITYHOLDERAGGEGATE	QUALIFICATIONOFFERINGAGGREGATE	CONCURRENTOFFERINGAGGREGATE	TOTALAGGREGATEOFFERING	UNDERWRITERSERVICEPROVIDERNAME	UNDERWRITERSFEES	SALECOMMISSIONSSVCPROVIDERNAME	SALECOMMISSIONSSVCEROVIDERFEE	FINDERSFEESSERVICEPROVIDERNAME	FINDERFEESFEE	AUDITORSERVICEPROVIDERNAME	AUDITORFEES	LEGALSERVICEPROVIDERNAME	LEGALFEES	PROMOTERSSERVICEPROVIDERNAME	PROMOTERSFEES	BLUESKYSERVICEPROVIDERNAME	BLUESKYFEES	BROKERDEALERCRDNUMBER	ESTIMATEDNETAMOUNT	CLARIFICATIONRESPONSES
0001493152-20-005490	Tier2	Audited	N	N	N	Y	N	N	8000000	8849415	2.5	50000000.0	0.0	0.0	0.0	50000000.0							BF Borgers CPA PC	10000.0							0	46000000.0	
0001104659-20-041168	Tier2	Audited	N	N	N	Y	Y	N	9090909	24744512	0.55	5000000.0	0.0	0.0	0.0	5000000.0			StartEngine Primary LLC	210000.0			Artesian CPA, LLC	22500.0	Alliance Legal Partners, Inc. / KF Law	85000.0					291773	4790000.0	
0001575705-20-000032	Tier1	Unaudited	Y	N	N	Y	Y	N	100000000	98710625	0.02	2000000.0	0.0	0.0	0.0	2000000.0	None	0.0	NA	0.0	NA	0.0	NA	7500.0	TroyGould PC	15000.0	NA	0.0	TroyGould PC	5000.0		1970000.0	
0001758533-20-000003	Tier2	Audited	Y	N	N	Y	N	N	700000	7799000	10.0	7000000.0	0.0	0.0	0.0	7000000.0			iQ Capital (USA) LLC	350000.0			IndigoSpire CPA Group LLC	3500.0	Kendall A. Almerico P.A.	130000.0					283405	6516500.0	
0001758533-20-000002	Tier2	Audited	Y	N	N	Y	N	N	4000000	36200000	5.0	20000000.0	0.0	0.0	0.0	20000000.0			iQ Capital (USA) LLC	1000000.0			IndigoSpire CPA LLC	5500.0	Kendall A. Almerico, P.A.	130000.0					283405	18870000.0	
0001477932-20-001623	Tier1	Unaudited	N	N	N	Y	N	N	7380000000	1694326640	0.0005	3600000.0	0.0	0.0	0.0	3600000.0		0.0		0.0		0.0		0.0		0.0		0.0		0.0		3600000.0	
0001477932-20-001592	Tier2	Audited	N	N	N	Y	N	N	50000	0	1000.0	50000000.0	0.0	0.0	0.0	50000000.0		0.0		0.0		0.0	Alan T. Schiffman, CPA, PC	10000.0	Trowbridge Sidoti	40000.0		0.0		0.0		50000000.0	
0001731122-20-000307	Tier2	Audited	Y	Y	N	Y	N	N	50000	49375	1000.0	49375000.0	0.0	625000.0	0.0	50000000.0							Armanino LPP	10000.0	Geraci Law Firm	0.0							
0001477932-20-001579	Tier2	Audited	N	N	N	Y	N	N	3000000	1000	10.0	30000000.0	0.0	0.0	0.0	30000000.0		0.0		0.0		0.0	Spiegel Accountancy	5000.0	Trowbridge Sidoti	50000.0		0.0		0.0		30000000.0	
0001683168-20-000978	Tier2	Audited	Y	N	N	Y	Y	N	12000000	14222230	1.0	12000000.0	0.0	0.0	0.0	12000000.0	StartEngine, LLC.	840000.0					dbbmckennon	35000.0	CrowdCheck Law LLP	31000.0			Various States	13000.0	291773	11082000.0	
0001445866-20-000244	Tier2	Audited	Y	Y	N	Y	Y	N	27600	15259	44.8188	1237000.0	0.0	0.0	0.0	1237000.0							JASON M. TYRA, CPA, PLLC	2500.0	BEVILACQUA PLLC	70000.0	NORTH CAPITAL PRIVATE SECURITIES CORPORATION	12123.0	BEVILACQUA PLLC	12000.0	154559	1140377.0	
0001264931-20-000053	Tier1	Unaudited	Y	N	N	Y	N	N	40000000	4676151986	0.1	4000000.0	0.0	0.0	0.0	4000000.0	N/A	0.0	N/A	0.0	N/A	0.0	N/A	0.0	LAW OFFICES OF HAROLD H. MARTIN, P.A	20000.0	N/A	0.0	TBD	5000.0		3975000.0	
0001213900-20-007262	Tier2	Audited	Y	N	N	Y	N	N	800000	34200	25.0	19145000.0	855000.0	0.0	0.0	20000000.0			Dalmore Group, LLC	200000.0			Liggett &Webb, P.A and M&K CPAS, PLLC	5000.0	Sichenzia Ross Ference LLP	100000.0					136352	16400000.0	Assumes sale of maximum offering.
0001493152-20-004593	Tier1	Unaudited	Y	N	N	Y	N	N	500000	8044233	2.0	1000000.0	0.0	0.0	0.0	1000000.0									Andrew Coldicutt, Esq.	15000.0			Various States	3000.0		970000.0	
0001213900-20-007229	Tier2	Audited	Y	N	N	N	N	N	600000000	83733605	0.005	3000000.0	0.0	0.0	0.0	3000000.0	None	0.0	N/A	0.0	N/A	0.0	Fruci & Associates II, PLLC	1500.0	Magri Law, LLC	15000.0	N/A	0.0	N/A	0.0		2925000.0	
0001562884-20-000004	Tier1	Unaudited	Y	N	Y	Y	N	N	5970149	538438109	0.5025000000000001	3000000.0	0.0	0.0	0.0	3000000.0									William R Eilers	12500.0			Yes	2500.0		2985000.0	
0001683168-20-000912	Tier1	Unaudited	N	N	N	Y	N	N	13599998	26100665	0.1	10000000.0	26666.5	0.0	0.0	10026666.5									Carmel, Milazzo & DiChiara LLP	50000.0						10000000.0	
0001493152-20-004545	Tier2	Audited	Y	Y	N	Y	Y	N	64245	0	20.0	1284900.0	0.0	0.0	0.0	1284900.0	SDDCO Brokerage Advisors LLC	19388.0	SDDCO Brokerage Advisors LLC	38610.0	N/A	0.0	N/A	0.0	Anthony L.G., PLLC	5000.0	N/A	0.0	N/A	5000.0	153563	1284900.0	Estimated Net Proceeds Calculation (above) of $1,284,900 does not include any offering fees as all fees in connection with the offering are to be paid by Masterworks Administrative Services, LLC.
0001493152-20-004541	Tier2	Audited	Y	Y	N	Y	Y	N	107200	0	20.0	2144000.0	0.0	0.0	0.0	2144000.0	SDDCO Brokerage Advisors LLC	28968.0	SDDCO Brokerage Advisors LLC	64320.0	N/A	0.0	N/A	0.0	Anthony L.G., PLLC	5000.0	N/A	0.0	N/A	5000.0	153563	2144000.0	Estimated Net Proceeds Calculation (above) of $2,144,000 does not include any offering fees as all fees in connection with the offering are to be paid by Masterworks Administrative Services, LLC.
0001104659-20-037099	Tier1	Unaudited	Y	N	Y	Y	N	N	666666667	509792840	0.015000000000000001	10000000.0	0.0	0.0	0.0	10000000.0									Eilers Law Group, P.A.	12500.0							
0001594062-20-000021	Tier2	Audited	Y	Y	N	Y	N	N	10000000	6263000	5.0	50000000.0	0.0	0.0	0.0	50000000.0							Deloitte & Touche LLP	240000.0	Greenberg Traurig	150000.0			Filing with various State Agencies	30000.0		48918000.0	Additional expenses not outlined above are estimated at $662,000.
0001104659-20-036936	Tier2	Audited	Y	Y	N	Y	N	N	5000000	100	10.0	50000000.0	0.0	0.0	0.0	50000000.0							EisnerAmper LLP	130000.0	Goodwin Procter LLP	440000.0			State Fees	28000.0		50000000.0	If broker or dealer used, it will not be an expense of the issuer.
0001213900-20-007011	Tier2	Audited	Y	N	Y	Y	N	N	40000000			40000000.0	0.0	0.0	0.0	40000000.0	Sequence Financial Specialists, LLC	0.0	Sequence Financial Specialists, LLC	2888000.0	N/A	0.0	Rosenfield and Company PLLC	15000.0	Byrd Law Firm, PA	30000.0	N/A	0.0	N/A	0.0		36955000.0	Assumes $20,000,000 of 2 yr bonds with 4% selling commission, 0.75% broker dealer fee, and 0.55% soliciting dealer fee and $20,000,000 of Preferred Stock with 7.00% selling commission, 1.25% broker dealer fee, and 0.89% soliciting dealer fee.
0001213900-20-007003	Tier2	Audited	Y	Y	N	Y	Y	N	5000000	6925	10.0	50000000.0	0.0	0.0	0.0	50000000.0							dbbmckennon	7000.0	CrowdCheck Law LLP (f/k/a KHLK LLP)/Law Office of John F. Woods	155000.0	Solve Branding/Detroit Lives LLC	53000.0	Various	12000.0		49773000.0	"Service Providers listed under ""Promoters"" provide marketing and video services, respectively."
0001104659-20-036120	Tier2	Audited	Y	N	N	Y	Y	N	1748252	0	17.16	30000004.0	0.0	0.0	0.0	30000004.0			SI Securities, LLC	2325000.0			Artesian CPA	22000.0	CrowdCheck Law LLP, Manderson PC	38000.0					170937	27675000.0	
0001640334-20-000563	Tier2	Audited	Y	Y	N	Y	N	N	106500000	37218925	0.4	49700000.0	0.0	0.0	0.0	49700000.0	None	0.0	Dalmore Group LLC	0.0	None	0.0	Crowe MacKay LLP	0.0	Greenberg Traurig LLP and Segev LLP	0.0	None	0.0	Various States	0.0	136362	48730000.0	Offering consists of 71,000,000 Units to be sold at $0.40 per Unit; each Unit is comprised of one common share and one-half Common Share purchase warrant exercisable at $0.60 per warrant share.
0001683168-20-000867	Tier2	Audited	Y	N	N	Y	Y	N	12000000	14222230	1.0	12000000.0	0.0	0.0	0.0	12000000.0	StartEngine, LLC.	840000.0					dbbmckennon	35000.0	CrowdCheck Law LLP	31000.0			Various States	13000.0	291773	11082000.0	
0001493152-20-004281	Tier2	Audited	N	N	N	Y	N	N	40000	0	1000.0	40000000.0	0.0	0.0	0.0	40000000.0			Emerson Equity	3600000.0			DBBmckennon	30000.0	FitzGerald Yap Kreditor LLP	100000.0							Emerson Equity's fees include a 1% as dealer manager fee, a 1% wholesale fee, 6% for sales commissions, and up to 1% for a marketing and due diligence reallowance for expenses incurred by the selling group on behalf of the Fund.
0001213900-20-006773	Tier1	Audited	Y	Y	Y	N	N	N	126747	1584207	33.3	4220675.1	0.0	723767.0	0.0	4944442.1							Baker Tilly Virchow Krause, LLP	5000.0	Squire Patton Boggs (US) LLP	20000.0						4195675.1	Delhi Bank Corp. is offering its stockholders shares of its common stock through a Dividend Reinvestment and Optional Cash Purchase Plan. Actual price of shares purchased under the Plan depends on the price of the shares on the dividend investment date.
0001140361-20-006168	Tier2	Audited	N	Y	N	Y	N	N	50000000	0	50000.0	50000.0	0.0	0.0	0.0	50000.0		0.0		0.0		0.0	Albertjohn DePalantino & Company PC	10000.0	Levine Garfinkel & Eckersley	25000.0		0.0		0.0		49950000.0	
0001140361-20-006155	Tier2	Audited	N	Y	N	Y	N	N	50000000	0	50000.0	50000.0	0.0	0.0	0.0	50000.0		0.0		0.0		0.0	Albertjohn DePalantino & Company PC	10000.0	Levine Garfinkel & Eckersley	25000.0		0.0		0.0		49950000.0	
0001010549-20-000033	Tier2	Audited	Y	Y	N	Y	N	N	71274	428726	100.0	7127400.0	0.0	42872600.0	0.0	50000000.0							Citrin Cooperman & Company, LLP	10000.0	Sugar Felsenthal Grais & Helsinger LLP	0.0						49750000.0	
0001213900-20-006559	Tier2	Audited	Y	Y	N	Y	Y	N	5000000	6925	10.0	50000000.0	0.0	0.0	0.0	50000000.0							dbbmckennon	7000.0	CrowdCheck Law LLP (f/k/a KHLK LLP)/Law Office of John F. Woods	155000.0	Solve Branding/Detroit Lives LLC	53000.0	Various	12000.0		49773000.0	"Service Providers listed under ""Promoters"" provide marketing and video services, respectively."
0001477932-20-001372	Tier2	Audited	N	N	N	Y	N	N	50000	0	1000.0	50000000.0	0.0	0.0	0.0	50000000.0		0.0		0.0		0.0	Kaufman Rosin	10000.0	Trowbridge Sidoti	40000.0		0.0		0.0		50000000.0	
0001683168-20-000804	Tier2	Audited	N	N	N	Y	N	N	10000000	16605000	5.0	50000000.0	0.0	0.0	0.0	50000000.0									Donnell Suares, Esq.	20000.0						49270000.0	
0001213900-20-006350	Tier2	Audited	Y	N	N	Y	N	N	800000	34200	25.0	19145000.0	855000.0	0.0	0.0	20000000.0			Dalmore Group, LLC	200000.0			Liggett &Webb, P.A and M&K CPAS, PLLC	5000.0	Sichenzia Ross Ference LLP	100000.0					136352	16200000.0	Assumes sale of maximum offering.
0001213900-20-006342	Tier2	Audited	Y	N	N	Y	N	N	1200000	0	10.0	12000000.0	0.0	0.0	0.0	12000000.0	Digital Offering LLC	30000.0	Digital Offering LLC	840000.0	-	0.0	Somerset CPAs, P.C.	50000.0	Bevilacqua PLLC	115000.0	-	0.0	Bevilacqua PLLC	13000.0	166401	10882000.0	
0001437749-20-005135	Tier2	Audited	Y	N	N	Y	Y	N	5500	0	50.0	275000.0	0.0	0.0	0.0	275000.0	N/A	0.0	N/A	0.0	N/A	0.0	DEAN DORTON ALLEN FORD, PLLC	0.0	FROST BROWN TODD LLC	0.0	NORTH CAPITAL PRIVATE SECURITIES CORPORATION	12750.0	N/A	0.0	154559	272250.0	
0001104659-20-032685	Tier2	Audited	Y	N	N	Y	N	N	5778	0	49.9	284000.0	0.0	0.0	0.0	284000.0							Jason M. Tyra, CPA, PLLC	4000.0	Nelson Mullins Riley & Scarborough LLP	60000.0	North Capital Private Securities Corporation	2500.0			154559	250500.0	Five separate series are being offered - the price per security is the average of the per unit price of the five series. Aggregate price is based upon the maximum offering of each series. Offering expenses are being absorbed by the Manager.
0001104659-20-032597	Tier2	Audited	Y	Y	N	Y	Y	N	4444444	8337932	11.25	41000000.0	0.0	0.0	0.0	41000000.0							dbbMcKennon	5000.0	CrowdCheck Law LLP	25000.0						38935000.0	The issuer is offering both shares of Common and Preferred Stock. Certain investors are entitled to a discount.
0001477932-20-001300	Tier2	Audited	N	N	N	Y	N	N	7000000	0	1.25	10000000.0	0.0	0.0	0.0	10000000.0		0.0	Potential Commissions	1000000.0		0.0	dbbmckennon	20000.0	Befumo & Schaeffer PLLC	20000.0		0.0		0.0		8960000.0	
0001185185-20-000276	Tier2	Audited	Y	N	Y	Y	N	N	75000000	42549918	0.14	3000000.0	0.0	0.0	0.0	3000000.0	N/A	0.0	N/A	0.0	N/A	0.0	KWCO PC	20000.0	Hunt Law Group	5000.0	N/A	0.0	Yes	500.0		3000000.0	
0001214659-20-002568	Tier2	Audited	Y	N	N	Y	N	N	6000000	63662858	7.5	45000000.0	0.0	0.0	0.0	45000000.0			Sales Commissions	4500000.0			Squar Milner LLP	35000.0	Sichenzia Ross Ference LLP	7500.0						40457500.0	The above table excludes fees to be paid to SOS Back Office Solutions, LLC but includes $4,500,000 for sales commissions that will be payable if the Company uses such a service provider
0001213900-20-006099	Tier2	Audited	Y	N	N	Y	Y	N	1980	3	25.0	49500.0	0.0	0.0	0.0	49500.0							Artesian CPA LLC	5000.0	CrowdCheck Law LLP	45000.0	North Capital Private Securities Corporation	4198.0			154559	49015.0	Certain fees are paid by the manager of the company without reimbursement
0001213900-20-006093	Tier2	Audited	Y	Y	N	Y	N	N	50000	49375	1000.0	49375000.0	0.0	625000.0	0.0	50000000.0							Armanino LPP	10000.0	Geraci Law Firm	0.0							
0001104659-20-032385	Tier2	Audited	Y	N	N	Y	N	N	2331370	0	10.0	2331370.0	0.0	3000000.0	7039470.0	12370840.0									Manatt, Phelps & Phillips, LLP	20000.0							"The response to ""Number of securities offered"" above represents the aggregate principal amount of LROs being offered by the issuer."
0001104659-20-032293	Tier2	Audited	Y	N	N	Y	N	N	718870	130240	7.79	5600000.0	0.0	0.0	0.0	5600000.0	SI Securities, LLC	490000.0					Cherry Bekaert LLP	100406.0	CrowdCheck Law LLP	60000.0					170937	4982711.0	Sales Commissions estimate assumes the maximum amount of commissions payable to SI Securities, LLC for their services in this offering. The company also estimates it will incur $2,500 in Edgarization fees in addition to the fees above
0001493152-20-003788	Tier2	Audited	Y	Y	N	Y	N	N	5000000	0	10.0	50000000.0	0.0	0.0	0.0	50000000.0	N/A	0.0	N/A	0.0	N/A	0.0	Salberg & Company, P.A.	10000.0	Anthony L.G., PLLC	75000.0	N/A	0.0	Anthony L.G., PLLC	15000.0		49900000.0	
0001493152-20-003737	Tier2	Audited	Y	N	N	Y	Y	N	50000000	70000000	1.0	50000000.0	0.0	0.0	0.0	50000000.0							K.K. Mehta CPA Associates PLLC	36000.0	Olshan Frome Wolosky LLP	100000.0						49775000.0	Additional anticipated fees of $89,000 include marketing and advertising of the offering, media expenses, promotional expenses, EDGAR document conversion and filing, website posting and transfer and registrar.
0001683168-20-000772	Tier1	Unaudited	Y	N	Y	Y	N	N	2000000000	431424670	0.001	2000000.0	0.0	0.0	0.0	2000000.0									Steven Mills, Esq.	5000.0			Various	5000.0		2990000.0	
0001213900-20-005911	Tier2	Audited	Y	Y	N	Y	Y	N	50000000	290355	1.0	50000000.0	0.0	0.0	0.0	50000000.0			North Capital Private Securities Corporation	500000.0			dbbmckennon LLC	5000.0	Sosnow & Associates, PLLC	60000.0					154559	49200000.0	Sales Commissions may be higher or lower due to the adjustment of the purchase price of Investor Shares in accordance with the Net Asset Value of the Issuer.
0001683168-20-000757	Tier2	Audited	N	N	N	Y	N	N	10000000	16605000	5.0	50000000.0	0.0	0.0	0.0	50000000.0									Donnell Suares, Esq.	20000.0						49270000.0	
0001104659-20-031436	Tier2	Audited	Y	N	N	Y	Y	N	1748252	0	17.16	30000004.0	0.0	0.0	0.0	30000004.0			SI Securities, LLC	2325000.0			Artesian CPA	22000.0	CrowdCheck Law LLP, Manderson PC	38000.0					170937	27675000.0	
0001078782-20-000173	Tier2	Audited	Y	N	Y	Y	Y	Y	10530000	4730000	1.5	15000000.0	795000.0	0.0	0.0	15795000.0			StartEngine	333333.0			Thayer ONeal COmpany LLC	7500.0	Frank J Hariton	1000.0						14658167.0	The estimated net proceeds reflects estimated fees paid to brokers who assist in finding buyers.
0001754259-20-000001	Tier1	Unaudited	Y	N	N	Y	N	N	4000000	6441620	5.0	5.0	0.0	0.0	0.0	5.0	None	0.0	None	0.0	Blockchain Triangle Systems	800000.0	None	0.0	Simmons Associates, Ltd.	450000.0	None	0.0	Simmons Associates, Ltd.	0.0		18500000.0	
0001800402-20-000002	Tier2	Audited	Y	N	N	Y	N	Y	500000	500000	100.0	50000000.0	0.0	0.0	0.0	50000000.0																	
0001477932-20-001211	Tier2	Audited	N	N	N	Y	N	N	3000000	1000	10.0	30000000.0	0.0	0.0	0.0	30000000.0		0.0		0.0		0.0	Spiegel Accountancy	5000.0	Trowbridge Sidoti	50000.0		0.0		0.0		30000000.0	
0001731122-20-000239	Tier1	Unaudited	Y	N	N	Y	N	N	1500000000	86695638	0.001	1500000.0	0.0	0.0	0.0	1500000.0									Andrew Coldicutt, Esq	15000.0			Various States	3000.0			
0001493152-20-003563	Tier2	Audited	N	N	N	Y	N	N	17000000	20454523	1.2	20400000.0	0.0	0.0	0.0	20400000.0							Dale Matheson Carr-Hilton Labonte LLP Chartered Professional Accountants	30000.0	Austin Legal Group, APC	30000.0					0	20400000.0	
0001493152-20-003544	Tier2	Audited	Y	Y	N	Y	N	N	5000000	0	10.0	50000000.0	0.0	0.0	0.0	50000000.0	N/A	0.0	N/A	0.0	N/A	0.0	Salberg & Company, P.A.	10000.0	Anthony L.G., PLLC	75000.0	N/A	0.0	Anthony L.G., PLLC	15000.0		49900000.0	
0001213900-20-005610	Tier2	Audited	Y	N	N	Y	N	N	800000	34200	25.0	19145000.0	855000.0	0.0	0.0	20000000.0			Dalmore Group, LLC	200000.0			Liggett &Webb, P.A and M&K CPAS, PLLC	5000.0	Sichenzia Ross Ference LLP	100000.0					136352	16200000.0	Assumes sale of maximum offering.
0001683168-20-000709	Tier2	Audited	Y	N	N	Y	Y	N	500000000	70099187	0.01	5000000.0	0.0	0.0	0.0	5000000.0							Salberg & Company, P.A.	6500.0	Business Legal Advisors, LLC	25000.0			Various	2500.0		4966000.0	
0001104659-20-030098	Tier2	Audited	Y	Y	N	Y	N	N	3633572	5713639	10.0	36335726.0	0.0	13664274.0	0.0	50000000.0							RSM US LLP	5000.0	Goodwin Procter LLP	40000.0						36290726.0	
0001104659-20-030091	Tier2	Audited	Y	Y	N	Y	N	N	2822718	5792792	10.0	28227181.0	0.0	21772819.0	0.0	50000000.0							RSM US LLP	5000.0	Goodwin Procter LLP	40000.0						28182181.0	
0001477932-20-001090	Tier2	Audited	N	N	N	Y	N	N	2000000	23589000	3.0	6000000.0	0.0	0.0	0.0	6000000.0		0.0		0.0		0.0	MaughanSullivan LLC	25000.0	Peter Berkman, Esq.	25000.0		0.0	Peter Berkman, Esq.	25000.0		5925000.0	
0001213900-20-005533	Tier1	Unaudited	N	N	N	Y	N	N	13599998	26100665	0.75	10000000.0	199998.75	0.0	0.0	10199998.75									Carmel, Milazzo & DiChiara LLP	50000.0						10000000.0	
0001477932-20-001081	Tier2	Audited	Y	N	N	Y	N	N	8000000	57375000	6.25	50000000.0	0.0	0.0	0.0	50000000.0	Dalmore Group, LLC	35000.0	Dalmore Group, LLC	500000.0		0.0	DaszkalBolton, LLP	21500.0	Dolkart Law	60500.0		0.0		0.0	136352	49383000.0	The brokerage commissions above of $500,000 assumes $50,000,000 raised at 1.00%.
0001575705-20-000019	Tier1	Audited	Y	N	N	Y	N	N	70000000	699991000	0.18	12600000.0	0.0	0.0	0.0	12600000.0	None	0.0	None	0.0	None	0.0	None	0.0	Jackson L. Morris	0.0	None	0.0	Jackson L. Morris	0.0		0.0	to be added by amendment
0001185185-20-000236	Tier2	Audited	Y	N	Y	Y	N	N	75000000	42549918	0.14	3000000.0	0.0	0.0	0.0	3000000.0	N/A	0.0	N/A	0.0	N/A	0.0	KWCO PC	20000.0	Hunt Law Group	5000.0	N/A	0.0	Yes	500.0		3000000.0	
0001213900-20-005488	Tier2	Audited	Y	Y	N	Y	Y	N	50000000	290355	1.0	50000000.0	0.0	0.0	0.0	50000000.0			North Capital Private Securities Corporation	500000.0			dbbmckennon LLC	5000.0	Sosnow & Associates, PLLC	60000.0					154559	49200000.0	Sales Commissions may be higher or lower due to the adjustment of the purchase price of Investor Shares in accordance with the Net Asset Value of the Issuer.
0001493152-20-003396	Tier2	Audited	Y	Y	N	Y	Y	N	284420	0	20.0	5688400.0	0.0	0.0	0.0	5688400.0	SDDCO Brokerage Advisors LLC	68592.0	SDDCO Brokerage Advisors LLC	170652.0	N/A	0.0	N/A	0.0	Anthony L.G., PLLC	5000.0	N/A	0.0	N/A	5000.0	153563	5688400.0	Estimated Net Proceeds Calculation (above) of $5,688,400 does not include any offering fees as all fees in connection with the offering are to be paid by Masterworks Administrative Services, LLC.
0001213900-20-005367	Tier1	Unaudited	N	N	N	Y	N	N	13599998	26100665	0.75	10000000.0	199998.75	0.0	0.0	10199998.75									Carmel, Milazzo & DiChiara LLP	50000.0						10000000.0	
0001213900-20-005333	Tier2	Audited	Y	Y	N	Y	Y	Y	180000000	241395425	0.1369	35000000.0	15000000.0	0.0	0.0	50000000.0							Rosen Kuslansky, CPA, PC	260000.0	Ellenoff Grossman & Schole LLP	75000.0	Wilson Sonsini Goodrich & Rosati, PC	2000000.0					$65,000 in fees to financial printer (Workiva)
0001445866-20-000172	Tier2	Audited	Y	Y	N	Y	N	N	17491304	15408024	1.1500000000000001	1.1500000000000001	0.0	0.0	0.0	1.1500000000000001			StartEngine Primary LLC	1000000.0			Indigo Spire	19500.0	Carman Lehnhof Israelsen	50000.0					291773	18930500.0	
0001104659-20-028569	Tier2	Audited	Y	Y	N	Y	N	N	5000000	100	10.0	50000000.0	0.0	0.0	0.0	50000000.0							EisnerAmper LLP	130000.0	Goodwin Procter LLP	440000.0			State Fees	28000.0		50000000.0	If broker or dealer used, it will not be an expense of the issuer.
0001437749-20-004225	Tier2	Audited	Y	N	N	Y	Y	N	5500	0	50.0	275000.0	0.0	0.0	0.0	275000.0	N/A	0.0	N/A	0.0	N/A	0.0	DEAN DORTON ALLEN FORD, PLLC	0.0	FROST BROWN TODD LLC	0.0	NORTH CAPITAL PRIVATE SECURITIES CORPORATION	12750.0	N/A	0.0	154559	262250.0	
0001477932-20-001036	Tier2	Audited	N	N	N	Y	N	N	57000000	5000000	0.5	49875000.0	0.0	0.0	0.0	49875000.0		0.0	Dalmore Group, LLC	498750.0		0.0	Alan T. Schiffman, CPA, PC	5000.0	Trowbridge Sidoti	50000.0		0.0		0.0		49376250.0	
0001553350-20-000192	Tier2	Audited	N	N	N	Y	N	N	20000000	93182483	1.0	20000000.0	0.0	0.0	0.0	20000000.0			Outsourced services	100000.0	Outsourced services	50000.0	MaloneBailey LLP	50000.0	di Santo Law PLLC	50000.0						18850000.0	
0001193125-20-058978	Tier1	Audited	Y	N	N	N	N	N	1665667	0		0.0	0.0	0.0	0.0	0.0							S.R. Snodgrass, P.C.	0.0	Stevens & Lee, P.C.	50000.0							Shares of issuer's common stock will be issued to Shareholders of Clarion County Community Bank in connection with the formation of a one-bank holding company.
0001104659-20-027677	Tier2	Audited	Y	N	N	Y	N	N	2965190	0	10.0	2965190.0	0.0	2000000.0	5886810.0	10852000.0									Manatt, Phelps & Phillips, LLP	20000.0							"The response to ""Number of securities offered"" above represents the aggregate principal amount of LROs being offered by the issuer."
0001104659-20-027318	Tier2	Audited	Y	Y	N	Y	N	N	5000000	100	10.0	50000000.0	0.0	0.0	0.0	50000000.0							EisnerAmper LLP	130000.0	Goodwin Procter LLP	440000.0			State Fees	28000.0		50000000.0	If broker or dealer used, it will not be an expense of the issuer.
0001640334-20-000425	Tier2	Audited	Y	Y	N	Y	N	N	106500000	37218925	0.4	49700000.0	0.0	0.0	0.0	49700000.0	None	0.0	Dalmore Group LLC	710000.0	None	0.0	Crowe MacKay LLP	15000.0	Greenberg Traurig LLP and Segev LLP	165000.0	None	0.0	Various States	25000.0	136362	48730000.0	Offering consists of 71,000,000 Units to be sold at $0.40 per Unit; each Unit is comprised of one common share and one- Common Share purchase warrant exercisable at $0.60 per warrant share.
0001683168-20-000611	Tier1	Unaudited	Y	N	N	Y	N	N	4000000000	415341280	0.0005	2000000.0	0.0	0.0	0.0	2000000.0									Donnell Suares, Esq.	25000.0			Various states	2500.0		1920000.0	
0001731122-20-000208	Tier1	Unaudited	Y	N	N	Y	N	N	1500000000	86695638	0.001	1500000.0	0.0	0.0	0.0	1500000.0									Andrew Coldicutt, Esq	15000.0			Various States	3000.0			
0001683168-20-000593	Tier2	Audited	N	N	N	Y	N	N	10000000	16605000	5.0	50000000.0	0.0	0.0	0.0	50000000.0									Donnell Suares, Esq.	20000.0						49270000.0	
0001493152-20-003030	Tier2	Audited	Y	Y	N	Y	Y	N	64245	0	20.0	1284900.0	0.0	0.0	0.0	1284900.0	SDDCO Brokerage Advisors LLC	19388.0	SDDCO Brokerage Advisors LLC	38610.0	N/A	0.0	N/A	0.0	Anthony L.G., PLLC	5000.0	N/A	0.0	N/A	5000.0	153563	1284900.0	Estimated Net Proceeds Calculation (above) of $1,284,900 does not include any offering fees as all fees in connection with the offering are to be paid by Masterworks Administrative Services, LLC.
0001104659-20-025335	Tier2	Audited	Y	N	N	Y	Y	N	1748252	0	17.16	30000004.0	0.0	0.0	0.0	30000004.0			SI Securities, LLC	2325000.0			Artesian CPA	22000.0	CrowdCheck Law LLP, Manderson PC	38000.0					170937	27675000.0	
0001477932-20-000896	Tier2	Audited	N	N	N	Y	Y	N	57000000	164791	0.5	49875000.0	0.0	0.0	0.0	49875000.0		0.0		0.0		0.0	Alan T. Schiffman, CPA, PC	5000.0	Trowbridge Sidoti LLP	10000.0		0.0		0.0		49875000.0	
0001185185-20-000221	Tier2	Audited	Y	N	Y	Y	N	N	75000000	42549918	0.14	3000000.0	0.0	0.0	0.0	3000000.0	N/A	0.0	N/A	0.0	N/A	0.0	KWCO PC	20000.0	Hunt Law Group	5000.0	N/A	0.0	Yes	500.0		3000000.0	
0001758533-20-000001	Tier2	Audited	Y	N	N	Y	N	N	4000000	36200000	5.0	20000000.0	0.0	0.0	0.0	20000000.0			iQ Capital (USA) LLC	1000000.0			IndigoSpire CPA LLC	5500.0	Kendall A. Almerico, P.A.	130000.0					283405	18870000.0	
0001104659-20-024989	Tier2	Audited	Y	Y	N	Y	N	N	5000000	500	10.0	50000000.0	0.0	0.0	0.0	50000000.0							RSM US LLP	15000.0	Goodwin Procter LLP	312500.0	Rise Companies Corp	0.0				49672500.0	
0001493152-20-002957	Tier2	Audited	Y	Y	N	Y	Y	N	107200	0	20.0	2144000.0	0.0	0.0	0.0	2144000.0	SDDCO Brokerage Advisors LLC	28968.0	SDDCO Brokerage Advisors LLC	64320.0	N/A	0.0	N/A	0.0	Anthony L.G., PLLC	5000.0	N/A	0.0	N/A	5000.0	153563	2144000.0	Estimated Net Proceeds Calculation (above) of $2,144,000 does not include any offering fees as all fees in connection with the offering are to be paid by Masterworks Administrative Services, LLC.
0001104659-20-024991	Tier2	Audited	Y	Y	N	Y	N	N	5000000	500	10.0	50000000.0	0.0	0.0	0.0	50000000.0							RSM US LLP	15000.0	Goodwin Procter LLP	312500.0	Rise Companies Corp	0.0				49672500.0	
0001709179-20-000007	Tier1	Unaudited	Y	N	N	Y	N	N	100000000	15744850	0.2	20000000.0	0.0	0.0	0.0	20000000.0	N/A	0.0	N/A	0.0	N/A	0.0	N/A	0.0	Law Offices of Mitchell Barrock	1500.0	N/A	0.0	TBD	5000.0		19993500.0	"""Bad Act"" is under ""DISQUALIFYING EVENTS DISCLOSURE"" in section 17"
0001721868-20-000102	Tier1	Unaudited	Y	N	N	Y	N	N	2000000000	637861741	0.0015	3000000.0	0.0	0.0	0.0	3000000.0							James DiPrima CPA	5000.0	BEVILACQUA PLLC	35000.0			BEVILACQUA PLLC	10000.0		2950000.0	
0001437749-20-003458	Tier1	Unaudited	Y	Y	Y	Y	Y	Y	10000000	5200160	5.0	5.0	5.0	5.0	5.0	20.0	Rafael A. Jones	60000.0	Rafael A. Jones	10000.0	NA	0.0	NA	0.0	Rafael A. Jones Pro Hac Vice	65000.0	Andew Garrett	25000.0	S.E.C.,F.INRA,Nasdaq	52000.0	305542	4730000.0	fee's for SAA account and Nasdaq
0001104659-20-024604	Tier2	Audited	Y	N	N	Y	N	N	5866810	0	10.0	5885810.0	0.0	2000000.0	746280.0	8632090.0									Manatt, Phelps & Phillips, LLP	20000.0							"The response to ""Number of securities offered"" above represents the aggregate principal amount of LROs being offered by the issuer."
0001683168-20-000575	Tier2	Audited	N	N	N	Y	N	N	10000000	16605000	5.0	50000000.0	0.0	0.0	0.0	50000000.0									Donnell Suares, Esq.	20000.0						49270000.0	
0001683168-20-000573	Tier1	Unaudited	Y	N	N	Y	N	N	4000000000	415341280	0.0005	2000000.0	0.0	0.0	0.0	2000000.0									Donnell Suares, Esq.	25000.0			Various states	2500.0		1920000.0	
0001794352-20-000005	Tier2	Audited	N	N	N	Y	N	N	5000000	100000000	5.0	25000000.0	0.0	25000000.0	0.0	50000000.0	UNKNOWN YET	0.0	UNKNOWN YET	2500000.0			AJSH & CO	7500.0	FRANKLIN OGELE, ESQ	30000.0			UNKNOWN YET	12500.0			
0001493152-20-002904	Tier2	Audited	Y	Y	N	Y	Y	N	284420	0	20.0	5688400.0	0.0	0.0	0.0	5688400.0	SDDCO Brokerage Advisors LLC	68592.0	SDDCO Brokerage Advisors LLC	170652.0	N/A	0.0	N/A	0.0	Anthony L.G., PLLC	5000.0	N/A	0.0	N/A	5000.0	153563	5688400.0	Estimated Net Proceeds Calculation (above) of $5,688,400 does not include any offering fees as all fees in connection with the offering are to be paid by Masterworks Administrative Services, LLC.
0001213900-20-004534	Tier1	Unaudited	N	N	N	Y	N	N	13599998	26100665	0.75	10000000.0	199998.75	0.0	0.0	10199998.75									Carmel, Milazzo & DiChiara LLP	50000.0						10000000.0	
0001445866-20-000149	Tier1	Unaudited	Y	N	N	Y	N	N	125000000	90535416	0.025	3125000.0	0.0	0.0	0.0	3125000.0		0.0		0.0		0.0		0.0	STOUT LAW GROUP, PA	25000.0		0.0		0.0		4975000.0	
0001683168-20-000556	Tier1	Unaudited	Y	N	N	Y	N	N	4000000000	415341280	0.0005	2000000.0	0.0	0.0	0.0	2000000.0									Donnell Suares, Esq.	25000.0			Various states	2500.0		1920000.0	
0001794009-20-000003	Tier1	Unaudited	Y	N	N	Y	N	N	1500000000	3875000000	0.001	1500000.0	0.0	0.0	0.0	1500000.0									Thomas C Cook	5000.0						1495000.0	
0001683168-20-000549	Tier2	Audited	Y	N	N	Y	Y	N	500000000	70099187	0.01	5000000.0	0.0	0.0	0.0	5000000.0							Salberg & Company, P.A.	6500.0	Business Legal Advisors, LLC	25000.0			Various	2500.0		4966000.0	
0001683168-20-000547	Tier2	Audited	Y	N	N	Y	Y	N	12000000	14222230	1.0	12000000.0	0.0	0.0	0.0	12000000.0	StartEngine, LLC.	840000.0					dbbmckennon	35000.0	CrowdCheck Law LLP	31000.0			Various States	13000.0	291773	11082000.0	
0001213900-20-004288	Tier2	Audited	Y	N	Y	Y	N	N	40000000			40000000.0	0.0	0.0	0.0	40000000.0	N/A	0.0	N/A	3000000.0	N/A	0.0	Rosenfield and Company PLLC	15000.0	Byrd Law Firm, PA	30000.0	N/A	0.0	N/A	0.0		36955000.0	We have not engaged any brokers or placement agents as of February 15, 2020, however, we anticipate appointing one or more placement agents or broker dealers to sell this offering.
0001663577-20-000042	Tier1	Unaudited	Y	N	Y	Y	N	Y	20000000	88644700	0.5	7500000.0	2500000.0	0.0	0.0	10000000.0									The Doney Law Firm	5000.0							
0001213900-20-004155	Tier1	Unaudited	N	N	N	Y	N	N	13599998	26100665	0.75	10000000.0	199998.75	0.0	0.0	10199998.75									Carmel, Milazzo & DiChiara LLP	50000.0						10000000.0	
0001387131-20-001892	Tier2	Audited	Y	N	N	Y	N	N	31670	0	4.8	152016.0	0.0	0.0	0.0	152016.0			North Capital Private Securities Corporation	1520.16									Bevilacqua PLLC	15000.0	154559	463479.84	
0001213900-20-004114	Tier1	Unaudited	N	N	N	Y	N	N	13599998	26100665	0.75	10000000.0	199998.75	0.0	0.0	10199998.75									Carmel, Milazzo & DiChiara LLP	50000.0						10000000.0	
0001477932-20-000749	Tier2	Audited	N	N	N	Y	N	N	50000	0	1000.0	50000000.0	0.0	0.0	0.0	50000000.0		0.0		0.0		0.0	Alan T. Schiffman, CPA, PC	10000.0	Trowbridge Sidoti	40000.0		0.0		0.0		50000000.0	
0001213900-20-004054	Tier2	Audited	Y	N	Y	Y	N	N	40000000			40000000.0	0.0	0.0	0.0	40000000.0	N/A	0.0	N/A	3000000.0	N/A	0.0	Rosenfield and Company PLLC	15000.0	Byrd Law Firm, PA	30000.0	N/A	0.0	N/A	0.0		36955000.0	We have not engaged any brokers or placement agents as of February 15, 2020, however, we anticipate appointing one or more placement agents or broker dealers to sell this offering.
0001594062-20-000010	Tier2	Audited	Y	Y	N	Y	N	N	10000000	6250000	5.0	50000000.0	0.0	0.0	0.0	50000000.0							Deloitte & Touche LLP	240000.0	Greenberg Traurig	150000.0			Filing with various State Agencies	30000.0		48918000.0	Additional expenses not outlined above are estimated at $662,000.
0001766214-20-000003	Tier1	Unaudited	Y	Y	N	Y	N	N	10000000	10000000	1.0	0.0	0.0	0.0	0.0	0.0																10000000.0	
0001721868-20-000078	Tier1	Unaudited	Y	N	N	Y	N	N	2000000000	637861741	0.0015	3000000.0	0.0	0.0	0.0	3000000.0							James DiPrima CPA	5000.0	BEVILACQUA PLLC	35000.0			BEVILACQUA PLLC	10000.0		2950000.0	
0001010549-20-000016	Tier2	Audited	Y	Y	N	Y	N	N	71274	428726	100.0	7127400.0	0.0	42872600.0	0.0	50000000.0							Citrin Cooperman & Company, LLP	10000.0	Sugar Felsenthal Grais & Helsinger LLP	0.0						49750000.0	
0001683168-20-000505	Tier1	Unaudited	Y	N	N	Y	N	N	4000000000	415341280	0.0005	2000000.0	0.0	0.0	0.0	2000000.0									John E. Lux, Esq.	25000.0			Various states	2500.0		1920000.0	
0001104659-20-021527	Tier2	Audited	Y	N	N	Y	Y	N	5000000	88647425	3.0	15000000.0	0.0	0.0	0.0	15000000.0	North Capital Private Securities Corporation	160000.0							CrowdCheck	60000.0					154559	14700000.0	
0001104659-20-021419	Tier2	Audited	Y	N	N	Y	N	N	1812530	0	10.0	1812530.0	0.0	0.0	2746280.0	4558810.0									Manatt, Phelps & Phillips, LLP	20000.0							"The response to ""Number of securities offered"" above represents the aggregate principal amount of LROs being offered by the issuer."
0001104659-20-021232	Tier2	Audited	Y	N	N	Y	N	N	333333	352020	30.0	30.0	0.0	0.0	0.0	30.0							Artesian CPA LLC	35000.0	CrowdCheck Law, LLC	25000.0			State notice fees (estimated)	10000.0		9750000.0	Net of estimated offering expenses of $250,000
0001213900-20-003750	Tier2	Audited	Y	Y	N	Y	Y	N	5000000	0	10.0	50000000.0	0.0	0.0	0.0	50000000.0							dbbmckennon	7000.0	CrowdCheck Law LLP (f/k/a KHLK LLP)/Law Office of John F. Woods	155000.0	Solve Branding/Detroit Lives LLC	53000.0	Various	12000.0		49773000.0	"Service Providers listed under ""Promoters"" provide marketing and video services, respectively."
0001213900-20-003708	Tier1	Unaudited	N	N	N	Y	N	N	13599998	26100665	0.75	10000000.0	199998.75	0.0	0.0	10199998.75									Carmel, Milazzo & DiChiara LLP	50000.0						10000000.0	
0001213900-20-003524	Tier2	Audited	Y	Y	N	Y	N	N	50000	49375	1000.0	50000000.0	0.0	0.0	0.0	50000000.0							Armanino LPP	10000.0	Geraci Law Firm	0.0							
0001104659-20-020009	Tier2	Audited	Y	N	N	Y	N	N	33333333	0	0.3	10000000.0	0.0	0.0	0.0	10000000.0	StartEngine Primary, LLC	710000.0					BF Borgers CPA PC	12000.0	CrowdCheck Law LLP	65000.0			n/a	3000.0	291773	9210000.0	
0001748909-20-000001	Tier1	Unaudited	Y	N	N	Y	N	N	4000000	3000000	0.5	2000000.0	0.0	0.0	0.0	2000000.0																	
0001493152-20-002146	Tier2	Audited	N	N	N	Y	N	N	8000000	8849415	2.5	50000000.0	0.0	0.0	0.0	50000000.0							BF Borgers CPA PC	10000.0							0	46000000.0	
0001798647-20-000002	Tier2	Audited	N	N	N	Y	N	N	4000000		2.0	0.0	0.0	0.0	0.0	0.0							Pinnacle Accountancy Group of Utah	6500.0	Brunson Chandler & Jones, PLLC	15000.0							
0001104659-20-019188	Tier2	Audited	Y	N	N	Y	N	N	2746280	0	10.0	2746280.0	0.0	0.0	0.0	2746280.0									Manatt, Phelps & Phillips, LLP	20000.0							"The response to ""Number of securities offered"" above represents the aggregate principal amount of LROs being offered by the issuer."
0001654954-20-001347	Tier2	Audited	Y	N	Y	Y	N	N	40000000	109262685		40000000.0	0.0	0.0	0.0	40000000.0	N/A	0.0	N/A	0.0	N/A	0.0	M&K CPAs, PLLC	76320.0	Law Offices of Craig V. Butler	30000.0	N/A	0.0	Yes	500.0		40000000.0	
0001213900-20-003322	Tier2	Audited	Y	N	N	Y	Y	N	1980	3	25.0	49500.0	0.0	0.0	0.0	49500.0							Artesian CPA LLC	5000.0	CrowdCheck Law LLP	45000.0	North Capital Private Securities Corporation	4198.0			154559	49015.0	Certain fees are paid by the manager of the company without reimbursement
0001683168-20-000443	Tier1	Unaudited	Y	N	N	Y	N	N	400000000	415341280	0.005	2000000.0	0.0	0.0	0.0	2000000.0									John E. Lux, Esq.	25000.0			Various states	2500.0		1920000.0	
0001493152-20-001924	Tier1	Unaudited	Y	N	N	Y	N	N	500000	8044233	2.0	1000000.0	0.0	0.0	0.0	1000000.0									Andrew Coldicutt, Esq.	15000.0			Various States	3000.0		970000.0	
0001104659-20-015145	Tier2	Audited	Y	Y	N	Y	N	N	346661	4430794	10.0	3466613.0	0.0	46533387.0	0.0	50000000.0							RSM US LLP	5000.0	Goodwin Procter LLP	40000.0						3421613.0	
0001104659-20-014938	Tier2	Audited	Y	Y	N	Y	N	N	55019	4752917	10.06	553489.0	0.0	49446511.0	0.0	50000000.0							RSM US LLP	5000.0	Goodwin Procter LLP	40000.0						508489.0	
0001493152-20-001870	Tier2	Audited	Y	N	N	Y	Y	N	50000000	70000000	1.0	50000000.0	0.0	0.0	0.0	50000000.0							K.K. Mehta CPA Associates PLLC	36000.0	Olshan Frome Wolosky LLP	100000.0						49775000.0	Additional anticipated fees of $89,000 include marketing and advertising of the offering, media expenses, promotional expenses, EDGAR document conversion and filing, website posting and transfer and registrar.
0001731122-20-000110	Tier1	Unaudited	Y	N	N	Y	N	N	1500000000	86695638	0.002	3000000.0	0.0	0.0	0.0	3000000.0									Andrew Coldicutt, Esq	15000.0			Various States	3000.0			
0001683168-20-000422	Tier1	Unaudited	Y	N	Y	Y	N	N	2000000000	411424670	0.005	10000000.0	0.0	0.0	0.0	10000000.0									Steven Mills, Esq.	5000.0			Various	5000.0		9990000.0	The issuer will price the offering after qualification pursuant to Rule 253(b) within the range from .01 to .001 per share. While the issuer will consider the prevailing OTC market price as a factor in its determination at the time of pricing, this is no
0001104659-20-012846	Tier2	Audited	Y	N	N	Y	N	N	20000000	1305000	1.0	20000000.0	0.0	0.0	0.0	20000000.0			C2M Securities, LLC	1600000.0			Puryear & Noonan, CPAs	15000.0	Waller Lansden Dortch & Davis, LLP	100000.0					38924	18285000.0	
0001213900-20-002986	Tier2	Audited	Y	Y	N	Y	Y	Y	180000000	222472974	0.1369	35000000.0	15000000.0	0.0	0.0	50000000.0							Rosen Kuslansky, CPA, PC	250000.0	Ellenoff Grossman & Schole LLP	25000.0							$65,000 in fees to financial printer (Workiva)
0001213900-20-002978	Tier1	Unaudited	N	N	N	Y	N	N	13599998	26100665	0.75	10000000.0	199998.75	0.0	0.0	10199998.75									Carmel, Milazzo & DiChiara LLP	50000.0						10000000.0	
0001104659-20-012603	Tier2	Audited	Y	Y	N	Y	N	N	3311696	5263055	10.0	33116955.0	0.0	16883045.0	0.0	50000000.0							RSM US LLP	5000.0	Goodwin Procter LLP	40000.0						33071955.0	
0001104659-20-012594	Tier2	Audited	Y	Y	N	Y	N	N	2167914	5723918	10.0	21679136.0	0.0	28320864.0	0.0	50000000.0							RSM US LLP	5000.0	Goodwin Procter LLP	40000.0						21634136.0	
0001768126-20-000002	Tier2	Audited	Y	Y	N	Y	Y	N	39200	0	36.45	1429000.0	0.0	0.0	0.0	1429000.0							EisnerAmper LLP	0.0	Duane Morris LLP	0.0	Dalmore Group, LLC	14290.0			136352	1414710.0	
0001477932-20-000512	Tier2	Audited	Y	N	N	Y	N	N	8000000	57375000	6.25	50000000.0	0.0	0.0	0.0	50000000.0	Dalmore Group, LLC	35000.0	Dalmore Group, LLC	500000.0		0.0	DaszkalBolton, LLP	21500.0	Securities Counselors, Inc.	60000.0		0.0		0.0	136352	49383500.0	The brokerage commissions above of $500,000 assumes $50,000,000 raised at 1.00%.
0001104659-20-012084	Tier2	Audited	N	N	Y	Y	N	N	12500000	0	4.0	50000000.0	0.0	0.0	0.0	50000000.0	N/A	0.0	SI Securities, LLC	2750000.0	N/A	0.0	Marcum LLP	2200000.0	Manatt, Phelps & Phillips, LLP	1000000.0	N/A	0.0	N/A	0.0	170937	43800000.0	This offering circular qualifies both shares of Series B Preferred Stock offered & shares of Class A Common Stock issuable upon conversion of such shares.
0001683168-20-000386	Tier2	Audited	Y	Y	N	Y	N	N	38553	26612		5651010.0	0.0	0.0	0.0	5651010.0							IndigoSpire CPA Group, LLC	0.0	Procopio, Cory, Hargreaves & Savitch, LLP	0.0						5651010.0	Estimated net proceeds do not reflect offering expenses because such expenses will be paid by the Manager.
0001683168-20-000375	Tier2	Audited	N	N	N	Y	N	N	10000000	16605000	5.0	50000000.0	0.0	0.0	0.0	50000000.0									John Lux, Esq.	20000.0						49270000.0	
0001213900-20-002776	Tier2	Audited	Y	N	Y	Y	N	N	40000000			40000000.0	0.0	0.0	0.0	40000000.0	N/A	0.0	N/A	3000000.0	N/A	0.0	Rosenfield and Company PLLC	15000.0	Byrd Law Firm, PA	30000.0	N/A	0.0	N/A	0.0		36955000.0	We have not engaged any brokers or placement agents as of February 6, 2020, however, we anticipate appointing one or more placement agents or broker dealers to sell this offering.
0001794352-20-000004	Tier2	Audited	N	N	N	Y	N	N	5000000	100000000	5.0	25000000.0	0.0	25000000.0	0.0	50000000.0	UNKNOWN YET	0.0	UNKNOWN YET	2500000.0			AJSH & CO	7500.0	FRANKLIN OGELE, ESQ	30000.0			UNKNOWN YET	12500.0			
0001794352-20-000003	Tier2	Audited	N	N	N	Y	N	N	5000000	100000000	5.0	25000000.0	0.0	25000000.0	0.0	50000000.0	UNKNOWN YET	0.0	UNKNOWN YET	2500000.0			AJSH & CO	7500.0	FRANKLIN OGELE, ESQ	30000.0			UNKNOWN YET	12500.0			
0001104659-20-011503	Tier2	Audited	Y	N	N	Y	N	N	1748252	0	17.16	30000004.0	0.0	0.0	0.0	30000004.0			SI Securities, LLC	2550000.0			Artesian CPA	22000.0	CrowdCheck Law LLP, Manderson PC	38000.0					170937	27450004.0	
0001104659-20-011519	Tier2	Audited	N	N	Y	Y	N	N	12500000	0	4.0	50000000.0	0.0	0.0	0.0	50000000.0	N/A	0.0	SI Securities, LLC	2750000.0	N/A	0.0	Marcum LLP	2200000.0	Manatt, Phelps & Phillips, LLP	1000000.0	N/A	0.0	N/A	0.0	170937	43800000.0	This offering circular qualifies both shares of Series B Preferred Stock offered & shares of Class A Common Stock issuable upon conversion of such shares.
0001104659-20-010888	Tier2	Audited	Y	Y	N	Y	Y	N	7336560	2426552	5.0	36682800.0	0.0	0.0	0.0	36682800.0	North Capital Private Securities Corporation	266897.0					Squar Milner LLP	35000.0	Corporate Law Solutions, PC	90000.0			Corporate Law Solutions, PC	10000.0		36280903.0	
0001663577-20-000023	Tier1	Unaudited	Y	N	Y	Y	N	Y	20000000	88644700	0.5	7500000.0	2500000.0	0.0	0.0	10000000.0									The Doney Law Firm	5000.0							
0001213900-20-002612	Tier1	Unaudited	N	N	N	Y	N	N	13599998	26100665	0.75	10000000.0	199998.75	0.0	0.0	10199998.75									Carmel, Milazzo & DiChiara LLP	50000.0						10000000.0	
0001493152-20-001591	Tier2	Audited	Y	Y	N	Y	N	N	5000000	0	10.0	50000000.0	0.0	0.0	0.0	50000000.0	N/A	0.0	N/A	0.0	N/A	0.0	Salberg & Company, P.A.	10000.0	Anthony L.G., PLLC	75000.0	N/A	0.0	Anthony L.G., PLLC	15000.0		49900000.0	
0001477932-20-000483	Tier2	Audited	Y	N	N	Y	N	N	8000000	57375000	6.25	50000000.0	0.0	0.0	0.0	50000000.0	Dalmore Group, LLC	35000.0	Dalmore Group, LLC	500000.0		0.0	DaszkalBolton, LLP	21500.0	Securities Counselors, Inc.	60000.0		0.0		0.0	136352	49383500.0	The brokerage commissions above of $500,000 assumes $50,000,000 raised at 1.00%.
0001104659-20-010479	Tier2	Audited	Y	N	N	Y	N	N	2746280	0	10.0	2746280.0	0.0	0.0	0.0	2746280.0									Manatt, Phelps & Phillips, LLP	20000.0							"The response to ""Number of securities offered"" above represents the aggregate principal amount of LROs being offered by the issuer."
0001104659-20-010457	Tier1	Unaudited	Y	N	Y	Y	N	N	666666667	509792840	0.015000000000000001	10000000.0	0.0	0.0	0.0	10000000.0									Eilers Law Group, P.A.	12500.0							
0001214659-20-000853	Tier2	Audited	Y	N	N	Y	N	N	6000000	63662858	7.5	45000000.0	0.0	0.0	0.0	45000000.0			Sales Commissions	4500000.0			Squar Milner LLP	35000.0	Sichenzia Ross Ference LLP	7500.0						40457500.0	The above table excludes fees to be paid to SOS Back Office Solutions, LLC but includes $4,500,000 for sales commissions that will be payable if the Company uses such a service provider
0001683168-20-000322	Tier1	Unaudited	Y	N	N	Y	N	N	2000000000	1659991381	0.0015	3000000.0	0.0	0.0	0.0	3000000.0									John Lux, Esq.	25000.0	various	275000.0				2700000.0	
0001445866-20-000091	Tier1	Unaudited	Y	N	N	Y	N	N	125000000	90535416	0.025	3125000.0	0.0	0.0	0.0	3125000.0		0.0		0.0		0.0		0.0	STOUT LAW GROUP, PA	25000.0		0.0		0.0		4975000.0	
0001104659-20-009336	Tier2	Audited	Y	N	N	Y	N	N	2598884	9237653	8.870000000000001	23052101.0	0.0	26947899.0	0.0	50000000.0							RSM US LLP	15000.0	Goodwin Procter LLP	25000.0						23002101.0	
0001387131-20-000818	Tier2	Audited	Y	N	N	Y	N	N	480000	0	4.8	480000.0	0.0	0.0	0.0	480000.0			North Capital Private Securities Corporation	4800.0									Bevilacqua PLLC	15000.0	154559	463200.0	
0001709247-20-000002	Tier1	Unaudited	N	N	N	Y	Y	N	24000000	252661500	0.5	0.0	0.0	0.0	0.0	0.0																	
0001104659-20-008942	Tier2	Audited	Y	N	N	Y	N	N	333333	352020	30.0	30.0	0.0	0.0	0.0	30.0							Artesian CPA LLC	35000.0	CrowdCheck Law, LLC	25000.0			State notice fees (estimated)	10000.0		9750000.0	Net of estimated offering expenses of $250,000
0001350455-20-000001	Tier2	Audited	Y	N	N	Y	N	N	1000000	1000000	50.0	50000000.0	0.0	0.0	0.0	50000000.0		0.0		0.0		0.0	BF Borgers CPA PC -- Certified Public Accountants	6000.0	Lerman Law Associates, PC	5000.0		0.0		0.0		50000000.0	Michael Gilmore will issue 1,000,000 Class A Interests of which none have been sold, which leaves 1,000,000 outstanding for sell to the general public once qualified. Class B Interests will be sold After Offering. Issuer Gilmore is still seeking auditors.
0001725129-20-000004	Tier2	Audited	Y	Y	N	Y	Y	Y	180000000	222472974	0.1369	35000000.0	15000000.0	0.0	0.0	50000000.0							Rosen Kuslansky, CPA, PC	250000.0	Ellenoff Grossman & Schole LLP	25000.0							65,000 in fees to financial printer (Workiva)
0001794009-20-000001	Tier1	Unaudited	Y	N	N	Y	N	N	1500000000	3875000000	0.001	1500000.0	0.0	0.0	0.0	1500000.0									Thomas C Cook	5000.0						1495000.0	
0001477932-20-000443	Tier2	Audited	Y	N	N	Y	N	N	50000000	0		0.0	0.0	0.0	50000000.0	50000000.0		0.0	Various	5000000.0		0.0	Spiegel Accountancy Corp	35000.0	Wallace A. Glausi	75000.0		0.0	Wallace A. Glausi	25000.0		44865000.0	
0001477932-20-000440	Tier2	Audited	N	N	N	Y	Y	N	57000000	164791	0.5	49875000.0	0.0	0.0	0.0	49875000.0		0.0		0.0		0.0	Spiegel Accountancy Corp.	5000.0	Trowbridge Sidoti LLP	10000.0		0.0		0.0		49875000.0	
0001185185-20-000088	Tier1	Audited	Y	N	Y	Y	N	N	75000000	42549918	0.14	3000000.0	0.0	0.0	0.0	3000000.0	N/A	0.0	N/A	0.0	N/A	0.0	KWCO PC	20000.0	Hunt Law Group	5000.0	N/A	0.0	Yes	500.0		3000000.0	
0001019056-20-000046	Tier2	Audited	Y	N	N	Y	N	N	49750000	302880000	1.0	49750000.0	0.0	0.0	0.0	49750000.0							Friedman LLP, Fruci & Associates II, PLLC and Lipner, Sofferman & Co., LLC	90470.0	Gusrae Kaplan Nusbaum PLLC	225776.0						48255000.0	Estimated net proceeds assumes sale of Max Amount, offering expenses of $500,000, administrative fees of $995,000.
0001213900-20-002027	Tier2	Audited	Y	N	Y	Y	N	N	40000000			40000000.0	0.0	0.0	0.0	40000000.0	N/A	0.0	N/A	3000000.0	N/A	0.0	Rosenfield and Company PLLC	15000.0	Byrd Law Firm, PA	30000.0	N/A	0.0	N/A	0.0		36955000.0	We have not engaged any brokers or placement agents as of January 28, 2020, however, we anticipate appointing one or more placement agents or broker dealers to sell this offering.
0001683168-20-000281	Tier1	Unaudited	Y	N	N	N	N	N	100000000	666065852	0.03	3000000.0	0.0	0.0	0.0	3000000.0	various	85000.0					Accountant	30000.0	John E. Lux, Esq.	30000.0			Various states	5000.0		2850000.0	
0001709179-20-000005	Tier1	Unaudited	Y	N	N	Y	N	N	100000000	15744850	0.05	5000000.0	0.0	0.0	0.0	5000000.0	N/A	0.0	N/A	0.0	N/A	0.0	N/A	0.0	Law Offices of Mitchell Barrock	1500.0	N/A	0.0	TBD	5000.0		4993500.0	
0001264931-20-000007	Tier1	Unaudited	Y	N	N	Y	N	N	40000000	4676151986	0.1	4000000.0	0.0	0.0	0.0	4000000.0	N/A	0.0	N/A	0.0	N/A	0.0	N/A	0.0	LAW OFFICES OF HAROLD H. MARTIN, P.A	20000.0	N/A	0.0	TBD	5000.0		3975000.0	
0001794352-20-000002	Tier2	Audited	N	N	N	Y	N	N	5000000	100000000	5.0	25000000.0	0.0	25000000.0	0.0	50000000.0	UNKNOWN YET	0.0	UNKNOWN YET	2500000.0			AJSH & CO	7500.0	FRANKLIN OGELE, ESQ	30000.0			UNKNOWN YET	12500.0			
0001104659-20-007010	Tier2	Audited	Y	Y	N	Y	N	N	2234640	0	10.0	2234640.0	0.0	38437070.0	2959940.0	43631650.0									Manatt Phelps; Robbins Ross	1000.0							
0001477932-20-000394	Tier2	Audited	N	N	N	Y	N	N	50000	0	1000.0	50000000.0	0.0	0.0	0.0	50000000.0		0.0		0.0		0.0	Kaufman Rosin	10000.0	Trowbridge Sidoti	40000.0		0.0		0.0		50000000.0	
0001683168-20-000264	Tier2	Audited	Y	N	N	Y	N	N	5000000	0	10.0	50000000.0	0.0	0.0	0.0	50000000.0			TBD	5000000.0			dbbmckennon	80000.0	Law Offices of Kristin M. Cano	120000.0						44800000.0	
0001104659-20-006799	Tier2	Audited	N	N	Y	Y	N	N	12500000	0	4.0	50000000.0	0.0	0.0	0.0	50000000.0	N/A	0.0	SI Securities, LLC	2750000.0	N/A	0.0	Marcum LLP	2200000.0	Manatt, Phelps & Phillips, LLP	1000000.0	N/A	0.0	N/A	0.0	170937	43800000.0	This offering circular qualifies both shares of Series B Preferred Stock offered & shares of Class A Common Stock issuable upon conversion of such shares.
0001213900-20-001762	Tier1	Unaudited	N	N	N	Y	N	N	13599998	26100665	0.75	10000000.0	199998.75	0.0	0.0	10199998.75									Carmel, Milazzo & DiChiara LLP	50000.0						10000000.0	
0001477932-20-000358	Tier2	Audited	N	N	N	Y	N	N	4000	2000		194060.0	0.0	90000.0	0.0	284060.0		0.0		0.0		0.0	CohnReznick	15000.0	Trowbridge Sidoti	50000.0		0.0		0.0		0.0	
0001683168-20-000251	Tier2	Audited	Y	N	N	Y	N	N	2000000	15784717	1.5	3000000.0	0.0	0.0	0.0	3000000.0									John E. Lux, Esq.	35000.0			Various	2500.0		2962600.0	
0001104659-20-006368	Tier2	Audited	Y	N	N	Y	N	N	20000000	1305000	1.0	20000000.0	0.0	0.0	0.0	20000000.0			Strategic Capital Investments, LLC	1600000.0			Puryear & Noonan, CPAs	15000.0	Waller Lansden Dortch & Davis, LLP	100000.0					38924	18285000.0	
0001683168-20-000249	Tier2	Audited	Y	N	N	Y	N	N	2000000	15784717	1.5	3000000.0	0.0	0.0	0.0	3000000.0									John E. Lux, Esq.	35000.0			Various	2500.0		2962600.0	
0001477932-20-000341	Tier2	Audited	N	N	N	Y	N	N	3000000	1000	10.0	30000000.0	0.0	0.0	0.0	30000000.0		0.0		0.0		0.0	Spiegel Accountancy	5000.0	Trowbridge Sidoti	50000.0		0.0		0.0		30000000.0	
0001104659-20-005875	Tier2	Audited	Y	N	N	Y	N	N	333333	352020	30.0	30.0	0.0	0.0	0.0	30.0							Artesian CPA LLC	35000.0	CrowdCheck Law, LLC	25000.0			State notice fees (estimated)	10000.0		9750000.0	Net of estimated offering expenses of $250,000
0001104659-20-005648	Tier2	Audited	Y	Y	N	Y	N	N	1322729	12395575	10.0	13227289.0	0.0	36772711.0	0.0	50000000.0							RSM US LLP	5000.0	Goodwin Procter LLP	40000.0						13182289.0	Minus expenses.
0001213900-20-001471	Tier2	Audited	Y	N	N	Y	N	N	800000	34200	25.0	19145000.0	855000.0	0.0	0.0	20000000.0			Dalmore Group, LLC	200000.0			Liggett &Webb, P.A and M&K CPAS, PLLC	5000.0	Sichenzia Ross Ference LLP	100000.0					136352	16200000.0	Assumes sale of maximum offering.
0001493152-20-000799	Tier2	Audited	N	N	N	Y	N	N	10800000	27208356	0.5	5000000.0	400000.0	0.0	0.0	5400000.0							M&K CPAS, PLLC	0.0	Austin Legal Group, APC	30000.0						5000000.0	
0001104659-20-004812	Tier2	Audited	N	N	N	Y	N	N	200000	12509024	5.0	1000000.0	0.0	0.0	0.0	1000000.0							Citrin Cooperman & Company, LLP	50000.0	Kaufman & Associates, LLC and Greenberg Traurig, LLP	175000.0							
0001654954-20-000546	Tier2	Audited	Y	Y	N	Y	N	N	50000	0	1000.0	50000000.0	0.0	0.0	0.0	50000000.0	Crescent Securities Group, Inc.	475000.0	Crescent Securities Group, Inc.	3625000.0			UHY LLP	10000.0	Kaplan, Voekler, Cunningham & Frank, PLC	75000.0			Kaplan, Voekler, Cunningham & Frank, PLC	75000.0	114993	45740000.0	
0001104659-20-004750	Tier2	Audited	Y	Y	N	Y	N	N	2959940	0	10.0	2959940.0	0.0	39287070.0	1824510.0	44071520.0									Manatt Phelps; Robbins Ross	1000.0							
0001104659-20-004401	Tier2	Audited	Y	N	N	Y	N	N	33333333	0	0.3	10000000.0	0.0	0.0	0.0	10000000.0	n/a	710000.0					BF Borgers CPA PC	12000.0	CrowdCheck Law LLP	65000.0			n/a	3000.0	0	9210000.0	
0001683168-20-000147	Tier1	Unaudited	Y	N	N	Y	N	N	400000000	378341280	0.005	2000000.0	0.0	0.0	0.0	2000000.0									John E. Lux, Esq.	25000.0			Various states	2500.0		1920000.0	
0001213900-20-001111	Tier2	Audited	Y	N	N	Y	Y	N	28005	10213	46.4114	1299750.0	0.0	0.0	0.0	1299750.0							JASON M. TYRA, CPA, PLLC	2500.0	BEVILACQUA PLLC	70000.0	NORTH CAPITAL PRIVATE SECURITIES CORPORATION	12738.0	BEVILACQUA PLLC	12000.0	154559	1202512.0	
0001445866-20-000052	Tier2	Audited	Y	N	N	N	N	N	50000000	19995000	0.1	5000000.0	0.0	0.0	0.0	5000000.0							Pinnacle Accountancy Group of Utah	2000.0	JDT Legal PLLC	5000.0							
0001445866-20-000050	Tier1	Unaudited	Y	N	N	Y	N	N	125000000	90535416	0.025	3125000.0	0.0	0.0	0.0	3125000.0		0.0		0.0		0.0		0.0	STOUT LAW GROUP, PA	25000.0		0.0		0.0		4975000.0	
0001654954-20-000422	Tier2	Audited	Y	Y	N	Y	N	N	5000	0	1000.0	0.0	0.0	0.0	0.0	0.0	JCC Advisors, LLC	1250000.0	JCC Advisors, LLC	2750000.0			Cherry Bekaert LLP	15000.0	Kaplan Voekler Cunningham & Frank PLC	67500.0	GK Development, Inc. dba GK Real Estate	1250000.0	Kaplan Voekler Cunningham & Frank PLC	40000.0		44250000.0	
0001683168-20-000136	Tier1	Unaudited	Y	N	Y	Y	N	N	4000000000	1186207888	0.001	4000000.0	0.0	0.0	0.0	4000000.0									John E. Lux, Esq	200000.0	Various	200000.0				3600000.0	
0001683168-20-000134	Tier2	Audited	N	N	N	Y	N	N	10000000	16605000	5.0	50000000.0	0.0	0.0	0.0	50000000.0									John Lux, Esq.	20000.0						49270000.0	
0001683168-20-000129	Tier1	Unaudited	Y	N	N	Y	N	N	2000000000	1659991381	0.0015	3000000.0	0.0	0.0	0.0	3000000.0									John Lux, Esq.	25000.0	various	275000.0				2700000.0	
0001683168-20-000121	Tier2	Audited	Y	Y	N	Y	N	N	5000000	0	10.0	50000000.0	0.0	0.0	0.0	50000000.0							Audit: Richey May & Co.	25000.0	Flaster/Greenberg P.C	50000.0						49925000.0	
0001683168-20-000115	Tier2	Audited	Y	N	N	Y	N	N	5000000	0	10.0	50000000.0	0.0	0.0	0.0	50000000.0			TBD	5000000.0			dbbmckennon	80000.0	Law Offices of Kristin M. Cano	120000.0						44800000.0	
0001493152-20-000516	Tier2	Audited	Y	N	N	Y	N	N	4000000	70135036	2.5	10000000.0	0.0	0.0	0.0	10000000.0	StartEngine Primary LLC	700000.0					MaughanSullivan LLC	10000.0	CrowdCheck Law LLP (f/k/a KHLK LLP)	40000.0					291773	9250000.0	Underwriting fees estimate assumes the maximum amount of commissions payable to StartEngine Primary LLC for their services in this offering.
0001376474-20-000005	Tier1	Unaudited	Y	N	Y	Y	Y	N	2000000	200000	5.0	10000000.0	0.0	0.0	0.0	10000000.0	asking	50000.0	asking	1000000.0			asking	35000.0	asking	25000.0			asking	10000.0		8800000.0	Based on selling 2,000,000 shares at $5.00 each; minimum of 50,000 at $5.00 each estimated expenses on a proportional basis.
0001387131-20-000208	Tier2	Audited	Y	N	N	Y	N	N	480000	0	4.8	480000.0	0.0	0.0	0.0	480000.0			North Capital Private Securities Corporation	4800.0									Bevilacqua PLLC	15000.0	154559	463200.0	
0001104659-20-003108	Tier2	Audited	Y	Y	N	Y	N	N	1322729	12395575	10.0	13227289.0	0.0	36772711.0	0.0	50000000.0							RSM US LLP	5000.0	Goodwin Procter LLP	40000.0						13182289.0	Minus expenses.
0001731122-20-000038	Tier1	Unaudited	Y	N	N	Y	N	N	1500000000	86695638	0.002	3000000.0	0.0	0.0	0.0	3000000.0									Andrew Coldicutt, Esq	15000.0			Various States	3000.0			
0001721868-20-000018	Tier1	Unaudited	Y	N	N	Y	N	N	2000000000	863112467	0.0015	3000000.0	0.0	0.0	0.0	3000000.0							Jaribu W. Nelson, CPA	5000.0	BEVILACQUA PLLC	35000.0			BEVILACQUA PLLC	10000.0		2947000.0	
0001213900-20-000707	Tier2	Audited	Y	N	N	Y	Y	N	1980	3	25.0	49500.0	0.0	0.0	0.0	49500.0							Artesian CPA LLC	5000.0	CrowdCheck Law LLP	45000.0	North Capital Private Securities Corporation	12485.0			154559	49015.0	
0001213900-20-000667	Tier1	Unaudited	Y	N	Y	Y	N	N	50000000		0.1	5000000.0	0.0	0.0	0.0	5000000.0									Eilers Law Group, P.A.	15000.0			N/A	2000.0		4983000.0	
0001731122-20-000028	Tier1	Unaudited	Y	N	N	Y	N	N	2000000000	138109281	0.0015	3000000.0	0.0	0.0	0.0	3000000.0									Andrew Coldicutt, Esq.	15000.0			Various States	3000.0		2970000.0	
0001213900-20-000662	Tier1	Unaudited	Y	N	Y	Y	N	N	50000000		0.1	5000000.0	0.0	0.0	0.0	5000000.0									Eilers Law Group, P.A.	15000.0			N/A	2000.0		4983000.0	
0001493152-20-000404	Tier2	Audited	Y	N	Y	Y	N	N	300000000	753907656	0.063	10000000.0	0.0	0.0	0.0	10000000.0	N/A	0.0	N/A	0.0	N/A	0.0	Fruci & Associates II, PLLC	3000.0	The Newman Law Firm, PLLC	15000.0	N/A	0.0	The Newman Law Firm, PLLC	1000.0		9998100.0	
0001104659-20-002516	Tier2	Audited	Y	N	N	Y	Y	Y	150596	99404	100.0	15059600.0	2922100.0	7018300.0	0.0	25000000.0			Strategic Capital Investments	900000.0			RSM US LLP	75000.0	CrowdCheck Law, LLP	35000.0					38924	14159600.0	The selling shareholder amount above reflects shares already sold by a selling shareholder. That shareholder will not sell any further shares under this offering. The fees and net proceeds reflect only the portion of the 250,000 shares yet to be issued.
0001493152-20-000380	Tier2	Audited	N	N	N	Y	N	N	10800000	27208356	0.5	5000000.0	400000.0	0.0	0.0	5400000.0							M&K CPAS, PLLC	0.0	Austin Legal Group, APC	30000.0						5000000.0	
0001683168-20-000060	Tier2	Audited	Y	N	N	Y	N	N	5000000	0	10.0	50000000.0	0.0	0.0	0.0	50000000.0			TBD	5000000.0			dbbmckennon	80000.0	Law Offices of Kristin M. Cano	120000.0						44800000.0	
0001731122-20-000010	Tier2	Audited	Y	Y	N	Y	N	N	50000	12340	1000.0	37660000.0	0.0	12340000.0	0.0	50000000.0									Geraci LLP	10000.0						0.0	
0001213900-20-000403	Tier1	Unaudited	Y	N	Y	Y	N	N	833333333	138143990	0.003	2500000.0	0.0	0.0	0.0	2500000.0									Carmel, Milazzo & DiChiara LLP	10250.0			Carmel, Milazzo & DiChiara LLP	0.0		2500000.0	
0001683168-20-000035	Tier1	Unaudited	Y	N	Y	Y	N	N	4000000000	1186207888	0.001	4000000.0	0.0	0.0	0.0	4000000.0									John E. Lux, Esq	200000.0	Various	200000.0				3600000.0	
0001104659-20-001888	Tier2	Audited	N	N	Y	Y	N	N	200000	12509024		0.0	0.0	0.0	0.0	0.0							Citrin Cooperman & Company, LLP	0.0	Kaufman & Associates, LLC and Greenberg Traurig, LLP	0.0							
0001683168-20-000031	Tier1	Unaudited	Y	Y	Y	Y	N	N	2500000000	147046461	0.001	2500000.0	0.0	0.0	0.0	2500000.0									Milan Saha, Esq.	25000.0			various	2500.0		2500000.0	
0001104659-20-001850	Tier2	Audited	Y	Y	N	Y	N	N	1824510	0	10.0	1824510.0	0.0	40945470.0	2691270.0	45461250.0									Manatt Phelps; Robbins Ross	1000.0							
0001437749-20-000260	Tier2	Audited	Y	N	N	Y	Y	N	5500	0	50.0	275000.0	0.0	0.0	0.0	275000.0	N/A	0.0	N/A	0.0	N/A	0.0	DEAN DORTON ALLEN FORD, PLLC	0.0	FROST BROWN TODD LLC	0.0	NORTH CAPITAL PRIVATE SECURITIES CORPORATION	2750.0	N/A	0.0	154559	272250.0	
0001104659-20-001488	Tier2	Audited	Y	N	N	Y	N	N	333333	352020	30.0	30.0	0.0	0.0	0.0	30.0							Artesian CPA LLC	35000.0	CrowdCheck Law, LLC	25000.0			State notice fees (estimated)	10000.0		9750000.0	Net of estimated offering expenses of $250,000
0001493152-20-000153	Tier2	Audited	Y	N	N	Y	Y	N	50000000	70000000	1.0	50000000.0	0.0	0.0	0.0	50000000.0							K.K. Mehta CPA Associates PLLC	36000.0	Olshan Frome Wolosky LLP	100000.0						49775000.0	Additional anticipated fees of $89,000 include marketing and advertising of the offering, media expenses, promotional expenses, EDGAR document conversion and filing, website posting and transfer and registrar.
0001104659-20-000830	Tier2	Audited	N	N	Y	Y	N	N	12500000	0	4.0	50000000.0	0.0	0.0	0.0	50000000.0	N/A	0.0	SI Securities, LLC	2750000.0	N/A	0.0	Marcum LLP	2200000.0	Manatt, Phelps & Phillips, LLP	1000000.0	N/A	0.0	N/A	0.0	170937	43800000.0	This offering circular qualifies both shares of Series B Preferred Stock offered & shares of Class A Common Stock issuable upon conversion of such shares.
0001445866-20-000005	Tier2	Audited	Y	N	N	N	N	N	50000000	19995000	0.1	5000000.0	0.0	0.0	0.0	5000000.0							Pinnacle Accountancy Group of Utah	2000.0	JDT Legal PLLC	5000.0							
0001493152-20-000110	Tier2	Audited	Y	N	Y	Y	N	N	300000000	753907656	0.063	10000000.0	0.0	0.0	0.0	10000000.0	N/A	0.0	N/A	0.0	N/A	0.0	Fruci & Associates II, PLLC	3000.0	The Newman Law Firm, PLLC	15000.0	N/A	0.0	The Newman Law Firm, PLLC	1000.0		9998100.0	
0001477932-19-007349	Tier2	Audited	N	N	N	Y	Y	N	57000000	164791	0.5	49875000.0	0.0	0.0	0.0	49875000.0		0.0		0.0		0.0	Spiegel Accountancy Corp.	5000.0	Trowbridge Sidoti LLP	10000.0		0.0		0.0		49875000.0	
0001493152-19-019958	Tier2	Audited	Y	N	N	Y	Y	N	50000000	70000000	1.0	50000000.0	0.0	0.0	0.0	50000000.0							K.K. Mehta CPA Associates PLLC	36000.0	Olshan Frome Wolosky LLP	100000.0						49775000.0	Additional anticipated fees of $89,000 include marketing and advertising of the offering, media expenses, promotional expenses, EDGAR document conversion and filing, website posting and transfer and registrar.
