ACCESSION_NUMBER	NID	SINFO_ID	NAME_TYPE	NAME
0001477932-20-001514	1	1	legalSpName	Trowbridge Sidoti
0001477932-20-001514	1	1	auditorSpName	IndigoSpire
0001213900-20-007097	1	1	auditorSpName	Cherry Bekaert LLP
0001213900-20-007097	1	1	legalSpName	K&L Gates LLP
0001213900-20-007097	1	1	blueSkySpName	K&L Gates LLP
0001104659-20-036584	1	1	blueSkySpName	TBD
0001104659-20-036584	1	1	legalSpName	Waller Lansden Dortch & Davis, LLP
0001664038-20-000005	1	1	findersSpName	None
0001664038-20-000005	1	1	salesCommissionsSpName	None
0001664038-20-000005	1	1	underwrittenSpName	None
0001664038-20-000005	1	1	auditorSpName	Prager Metis CPAS, LLC
0001664038-20-000005	1	1	blueSkySpName	None
0001664038-20-000005	1	1	promoterSpName	None
0001664038-20-000005	1	1	legalSpName	Carl Ranno
0001213900-20-001103	1	1	promoterSpName	Promotors
0001213900-20-001103	1	1	legalSpName	Legal - Flaster/Greenberg P.C.
0001213900-20-001103	1	1	auditorSpName	Audit - Artesian CPA, LLC
0001213900-20-001103	1	1	underwrittenSpName	Underwriters
0001213900-20-001103	1	1	salesCommissionsSpName	Sales Commissions
0001213900-20-001103	1	1	findersSpName	Finders' Fees
0001213900-20-001103	1	1	blueSkySpName	Blue Sky Compliance - InCorp
