ACCESSION_NUMBER	ED_ID	TYPE	NAME	OUTSTANDING	CUSIP	PUBLICYTRADED
0001493152-20-005490	1	Common	Common	8849415	000000000	NA
0001493152-20-005490	1	Debt Securities	Debt	0	000000000	NA
0001493152-20-005490	1	Preferred	Preferred	0	000000000	NA
0001104659-20-041168	1	Preferred	Warrants	668688	000000N/A	N/A
0001104659-20-041168	1	Common	Class A Common Stock	24744512	000000N/A	N/A
0001104659-20-041168	1	Debt Securities	Convertible Notes	30000	000000N/A	N/A
0001104659-20-041168	2	Common	Class B Common Stock	20000000	000000N/A	N/A
0001575705-20-000032	1	Debt Securities	NA	0	000000000	NA
0001575705-20-000032	1	Preferred	Series A Convertible Preferred	4000000	000000000	NA
0001575705-20-000032	1	Common	Common	83438231	18683A103	OTC - Pink Current
0001758533-20-000003	1	Common	Class A Common Stock	7799000	N/A	N/A
0001758533-20-000003	1	Debt Securities		0		
0001758533-20-000003	2	Common	Class B Common Stock	1000	N/A	N/A
0001758533-20-000003	1	Preferred		0		
0001758533-20-000002	2	Common	Class B Common	36200000	N/A	N/A
0001758533-20-000002	1	Common	Class A Common	920	N/A	N/A
0001758533-20-000002	1	Preferred	Preferred	0	N/A	N/A
0001758533-20-000002	1	Debt Securities	N/A	0	N/A	N/A
0001477932-20-001623	1	Common	Common	462383968	05575C206	None
0001477932-20-001623	1	Preferred	None	0	None	None
0001477932-20-001623	1	Debt Securities	None	0	None	None
0001477932-20-001592	1	Preferred	Class A Interests	28	None	None
0001477932-20-001592	1	Debt Securities	Debt Securities	0		
0001477932-20-001592	1	Common	Class B interests	1000	None	None
0001731122-20-000307	1	Common	Membership Interests	49375	000000000	N/A
0001731122-20-000307	1	Debt Securities	N/A	0	000000000	N/A
0001731122-20-000307	1	Preferred	N/A	0	000000000	N/A
0001477932-20-001579	1	Preferred		0		
0001477932-20-001579	1	Common	Common Stock	49999	None	None
0001477932-20-001579	1	Debt Securities		0		
0001683168-20-000978	1	Debt Securities	Class A Bonds	931	000000000	N/A
0001683168-20-000978	1	Common	Class A Common Stock	14222230	000000000	N/A
0001683168-20-000978	4	Preferred	Series AA	13642088	000000000	N/A
0001683168-20-000978	2	Preferred	Series A-1	5970300	000000000	N/A
0001683168-20-000978	3	Preferred	Series A-2	4721500	000000000	N/A
0001683168-20-000978	1	Preferred	Series A	1712200	000000000	N/A
0001445866-20-000244	1	Debt Securities	N/A	0	000000000	N/A
0001445866-20-000244	1	Common	Series #KW	10000	000000000	n/a
0001445866-20-000244	2	Common	Series Drop 002	1	000000000	N/A
0001445866-20-000244	3	Common	Series Drop 003	1000	000000000	N/A
0001445866-20-000244	4	Common	Series Drop 004	1000	000000000	N/A
0001445866-20-000244	1	Preferred	N/A	0	000000000	N/A
0001445866-20-000244	6	Common	Series Drop 008	1000	000000000	N/A
0001445866-20-000244	7	Common	Series Drop 009	1	000000000	N/A
0001445866-20-000244	8	Common	Series Drop 010	1000	000000000	N/A
0001445866-20-000244	9	Common	Series Gallery Drop 011	1	000000000	N/A
0001445866-20-000244	10	Common	Series Gallery Drop 012	1	000000000	N/A
0001445866-20-000244	5	Common	Series Drop 005	1250	000000000	N/A
0001264931-20-000053	1	Debt Securities	N/A	0	000000000	N/A
0001264931-20-000053	1	Common	Common Stock	4676151986	879209104	OTC Pink Sheets
0001264931-20-000053	1	Preferred	Preferred A, B and C	815243	000000000	N/A
0001213900-20-007262	4	Debt Securities	Series K Preferred Stock	1265	000000000	There is no trading market for these securities.
0001213900-20-007262	5	Debt Securities	Convertible Notes	3638893	000000000	There is no trading market for these securities.
0001213900-20-007262	3	Debt Securities	Series I Preferred Stock	797	000000000	There is no trading market for these securities.
0001213900-20-007262	2	Debt Securities	Series G Preferred Stock	530	000000000	There is no trading market for these securities.
0001213900-20-007262	2	Preferred	Series D-1 Preferred Stock	38500000	000000000	There is no trading market for these securities.
0001213900-20-007262	1	Debt Securities	Series F Preferred Stock	1678	000000000	There is no trading market for these securities.
0001213900-20-007262	1	Preferred	Series C Preferred Stock	1000	000000000	There is no trading market for these securities.
0001213900-20-007262	1	Common	Common Stock	3099451	686228404	OTC - Pink Current
0001213900-20-007262	5	Preferred	Series L Preferred Stock	633	000000000	There is no trading market for these securities.
0001213900-20-007262	4	Preferred	Series J Preferred Stock	399	000000000	There is no trading market for these securities.
0001213900-20-007262	3	Preferred	Series E Preferred Stock	2139649	000000000	There is no trading market for these securities.
0001493152-20-004593	1	Debt Securities	Debt Securities	35000	000000000	Convertible Note Payable
0001493152-20-004593	1	Preferred	None	0	000000000	None
0001493152-20-004593	1	Common	Common Stock, $.001 par value	8044233	09076H102	OTC Markets
0001213900-20-007229	1	Common	Common Stock	83733065	75990A200	OTC
0001213900-20-007229	1	Debt Securities	None	0	000000000	N/A
0001213900-20-007229	1	Preferred	Series A	4000000	000000000	N/A
0001562884-20-000004	1	Common	Common Shares	538438109	98388D107	OTC: XALL
0001562884-20-000004	1	Preferred	Series A and B Preferred Share	2000000	98388D107	OTC PINK
0001562884-20-000004	1	Debt Securities	NA	0	98388D107	NA
0001683168-20-000912	1	Debt Securities	n/a	0	000000000	n/a
0001683168-20-000912	3	Preferred	Series C Convertible Preferred	760000	000000000	n/a
0001683168-20-000912	2	Preferred	Series B Convertible Preferred	600000	000000000	n/a
0001683168-20-000912	1	Common	Common stock	26100665	00000GSFI	OTC Markets
0001683168-20-000912	1	Preferred	Series A Convertible Preferred	53000	000000000	n/a
0001493152-20-004545	1	Common	Membership Interests	1000	000000000	NONE
0001493152-20-004545	1	Preferred	None	0	000000000	NONE
0001493152-20-004545	1	Debt Securities	None	0	000000000	NONE
0001493152-20-004541	1	Common	Membership Interests	1000	000000000	NONE
0001493152-20-004541	1	Debt Securities	None	0	000000000	NONE
0001493152-20-004541	1	Preferred	None	0	000000000	NONE
0001104659-20-037099	1	Debt Securities	None	0	000000000	None
0001104659-20-037099	1	Preferred	None	0	000000000	None
0001104659-20-037099	1	Common	common	509792840	000900475	None
0001594062-20-000021	1	Common	Common Stock	6263000	N/A	N/A - Unlisted
0001594062-20-000021	1	Debt Securities	N/A	0	N/A	N/A
0001594062-20-000021	1	Preferred	N/A	0	N/A	N/A
0001104659-20-036936	1	Debt Securities	N/A	0	000000000	N/A
0001104659-20-036936	1	Common	Common Stock	100	000000000	N/A
0001104659-20-036936	1	Preferred	N/A	0	000000000	N/A
0001213900-20-007011	1	Debt Securities	Corporate Notes	2300000	000000000	None
0001213900-20-007011	1	Preferred	None	0	000000000	None
0001213900-20-007011	1	Common	Class A Common	16432268	000000000	None
0001213900-20-007003	1	Preferred	N/A	0	000000000	N/A
0001213900-20-007003	2	Common	Class B Common Stock	45023	000000000	N/A
0001213900-20-007003	1	Debt Securities	N/A	0	000000000	N/A
0001213900-20-007003	1	Common	Class A Common Stock	6925	000000000	N/A
0001104659-20-036120	1	Debt Securities	N/A	0	000000N/A	N/A
0001104659-20-036120	1	Preferred	Series A Preferred Stock	769784	000000N/A	N/A
0001104659-20-036120	2	Preferred	Series B Preferred Stock	997616	000000N/A	N/A
0001104659-20-036120	1	Common	Common Stock	1274935	000000N/A	N/A
0001640334-20-000563	1	Debt Securities	N/A	0	N/A	N/A
0001640334-20-000563	1	Common	Common Shares	37218925	N/A	N/A
0001640334-20-000563	1	Preferred	N/A	0	N/A	N/A
0001683168-20-000867	1	Debt Securities	Class A Bonds	931	000000000	N/A
0001683168-20-000867	1	Common	Class A Common Stock	14222230	000000000	N/A
0001683168-20-000867	4	Preferred	Series AA	13642088	000000000	N/A
0001683168-20-000867	2	Preferred	Series A-1	5970300	000000000	N/A
0001683168-20-000867	3	Preferred	Series A-2	4721500	000000000	N/A
0001683168-20-000867	1	Preferred	Series A	1712200	000000000	N/A
0001493152-20-004281	1	Common	Limited Partnership Interests.	0	000000000	N/A
0001493152-20-004281	1	Debt Securities	N/A	0	000000000	N/A
0001493152-20-004281	1	Preferred	N/A	0	000000000	N/A
0001213900-20-006773	1	Common	Common Stock	1584207	246694103	OTC Markets
0001213900-20-006773	1	Debt Securities	None	0	000000000	None
0001213900-20-006773	1	Preferred	Preferred Stock	0	000000000	0
0001140361-20-006168	1	Common	N/A	100	N/A	N/A
0001140361-20-006168	1	Debt Securities		0		
0001140361-20-006168	1	Preferred		0		
0001140361-20-006155	1	Common	N/A	100	N/A	N/A
0001140361-20-006155	1	Preferred		0		
0001140361-20-006155	1	Debt Securities		0		
0001010549-20-000033	1	Preferred	None	0	000000000	None
0001010549-20-000033	1	Debt Securities	None	0	000000000	None
0001010549-20-000033	1	Common	Common Stock	428726	080695109	OTCQX
0001213900-20-006559	2	Common	Class B Common Stock	45023	000000000	N/A
0001213900-20-006559	1	Preferred	N/A	0	000000000	N/A
0001213900-20-006559	1	Common	Class A Common Stock	6925	000000000	N/A
0001213900-20-006559	1	Debt Securities	N/A	0	000000000	N/A
0001477932-20-001372	1	Common	Class B interests	1000	None	None
0001477932-20-001372	1	Preferred	Class A Interests	0		
0001477932-20-001372	1	Debt Securities	Debt Securities	0		
0001683168-20-000804	1	Common	Class A	16605000	0000000na	N/A
0001683168-20-000804	1	Preferred	Preferred Stock	0	0000000na	N/A
0001683168-20-000804	2	Common	Class B	4000000	0000000na	N/A
0001683168-20-000804	1	Debt Securities	none	0	0000000na	N/A
0001213900-20-006350	3	Debt Securities	Series I Preferred Stock	797	000000000	There is no trading market for these securities.
0001213900-20-006350	4	Debt Securities	Series K Preferred Stock	1265	000000000	There is no trading market for these securities.
0001213900-20-006350	5	Debt Securities	Convertible Notes	3638893	000000000	There is no trading market for these securities.
0001213900-20-006350	5	Preferred	Series L Preferred Stock	633	000000000	There is no trading market for these securities.
0001213900-20-006350	4	Preferred	Series J Preferred Stock	399	000000000	There is no trading market for these securities.
0001213900-20-006350	3	Preferred	Series E Preferred Stock	2139649	000000000	There is no trading market for these securities.
0001213900-20-006350	2	Debt Securities	Series G Preferred Stock	530	000000000	There is no trading market for these securities.
0001213900-20-006350	1	Debt Securities	Series F Preferred Stock	1678	000000000	There is no trading market for these securities.
0001213900-20-006350	2	Preferred	Series D-1 Preferred Stock	38500000	000000000	There is no trading market for these securities.
0001213900-20-006350	1	Preferred	Series C Preferred Stock	1000	000000000	There is no trading market for these securities.
0001213900-20-006350	1	Common	Common Stock	3099451	686228404	OTC - Pink Current
0001213900-20-006342	1	Preferred	n/a	0	000000000	n/a
0001213900-20-006342	1	Common	common stock	9850522	000000000	n/a
0001213900-20-006342	1	Debt Securities	Convertible Notes	0	000000000	n/a
0001437749-20-005135	1	Common	Series A1	50	N/A	None
0001437749-20-005135	1	Debt Securities	None	0	N/A	None
0001437749-20-005135	1	Preferred	None	0	N/A	None
0001104659-20-032685	1	Preferred	N/A	0	000000N/A	N/A
0001104659-20-032685	1	Common	N/A	0	000000N/A	N/A
0001104659-20-032685	1	Debt Securities	N/A	0	000000N/A	N/A
0001104659-20-032597	1	Debt Securities	N/A	0	000000N/A	N/A
0001104659-20-032597	1	Preferred	Preferred Stock	6947574	000000N/A	N/A
0001104659-20-032597	1	Common	Common Stock	8337932	000000N/A	N/A
0001477932-20-001300	1	Debt Securities	None	0		
0001477932-20-001300	1	Common	Series A 2016 Units	200000	N/A	N/A
0001477932-20-001300	2	Common	Series B Voting Units	10000	N/A	N/A
0001477932-20-001300	3	Common	Series A 2018 COP Units	240296	N/A	N/A
0001477932-20-001300	1	Preferred	None	0		
0001185185-20-000276	1	Debt Securities		0		
0001185185-20-000276	1	Preferred		0		
0001185185-20-000276	1	Common	Common Equity	42549918	00389L104	OTCQB
0001214659-20-002568	3	Common	Warrants to Acquire Common Stk	6652035	000000000	N/A
0001214659-20-002568	1	Common	Common Equity	63662858	000000000	N/A
0001214659-20-002568	2	Common	Options to Purchase Common Stk	23675000	000000000	N/A
0001214659-20-002568	1	Preferred	Series A Preferred Equity	750000	000000000	N/A
0001214659-20-002568	1	Debt Securities	Debt Securities	0	000000000	N/A
0001213900-20-006099	2	Common	Series Collection Drop 002	1	000000000	n/a
0001213900-20-006099	3	Common	Series Collection Drop 003	1	000000000	n/a
0001213900-20-006099	1	Preferred	n/a	0	000000000	n/a
0001213900-20-006099	1	Common	Series Collection Drop 001	1	000000000	n/a
0001213900-20-006099	1	Debt Securities	n/a	0	000000000	n/a
0001213900-20-006093	1	Common	Membership Interests	49375	000000000	N/A
0001213900-20-006093	1	Debt Securities	N/A	0	000000000	N/A
0001213900-20-006093	1	Preferred	N/A	0	000000000	N/A
0001104659-20-032385	1	Common	N/A	0	000000000	N/A
0001104659-20-032385	1	Preferred	N/A	0	000000000	N/A
0001104659-20-032385	1	Debt Securities	N/A	0	000000000	N/A
0001104659-20-032293	1	Debt Securities	SAFEs & Convertible Notes	3066953	000000000	N/A
0001104659-20-032293	1	Preferred	Series A Preferred	130240	000000000	N/A
0001104659-20-032293	1	Common	Common Stock (Class A)	1924996	000000000	N/A
0001493152-20-003788	1	Preferred	None	0	000000000	None
0001493152-20-003788	1	Debt Securities	None	0	000000000	None
0001493152-20-003788	1	Common	Common Stock	100	000000000	None
0001493152-20-003737	1	Common	Common Stock	70000000	000000000	None
0001493152-20-003737	1	Preferred	None	0	000000000	None
0001493152-20-003737	1	Debt Securities	Convertible Debentures	0	000000000	None
0001683168-20-000772	2	Preferred	Series B	200	0000000na	n/a
0001683168-20-000772	1	Preferred	Series A	100000	0000000na	n/a
0001683168-20-000772	1	Debt Securities	none	0	0000000na	na
0001683168-20-000772	1	Common	Common	431424670	0000000na	OTC
0001213900-20-005911	1	Preferred	Common Shares	10000	000000000	-
0001213900-20-005911	1	Debt Securities	-	0	000000000	-
0001213900-20-005911	1	Common	Investor Shares	290355	000000000	-
0001683168-20-000757	2	Common	Class B	4000000	0000000na	N/A
0001683168-20-000757	1	Common	Class A	16605000	0000000na	N/A
0001683168-20-000757	1	Debt Securities	none	0	0000000na	N/A
0001683168-20-000757	1	Preferred	Preferred Stock	0	0000000na	N/A
0001104659-20-031436	2	Preferred	Series B Preferred Stock	997616	000000N/A	N/A
0001104659-20-031436	1	Preferred	Series A Preferred Stock	769784	000000N/A	N/A
0001104659-20-031436	1	Debt Securities	N/A	0	000000N/A	N/A
0001104659-20-031436	1	Common	Common Stock	1274935	000000N/A	N/A
0001078782-20-000173	1	Common	Common Stock	4730000	None	None
0001078782-20-000173	1	Debt Securities		0		
0001078782-20-000173	1	Preferred	Preferred Stock	1000000	None	None
0001754259-20-000001	1	Debt Securities	None	0		
0001754259-20-000001	1	Common	Common	6441620	None	0
0001754259-20-000001	1	Preferred	Preferred	0	None	
0001800402-20-000002	1	Preferred		0		
0001800402-20-000002	1	Common	Class A Common Units	500000	None	None
0001800402-20-000002	1	Debt Securities		0		
0001477932-20-001211	1	Common	Common Stock	49999	None	None
0001477932-20-001211	1	Preferred		0		
0001477932-20-001211	1	Debt Securities		0		
0001731122-20-000239	1	Common	Common Stock, $.001 par value	86695638	403775109	OTC Markets
0001731122-20-000239	1	Preferred	Series A Preferred Stock	100000	000000000	None
0001731122-20-000239	1	Debt Securities	Debt Securities	5734351	000000000	Convertible and Other Notes payable.
0001493152-20-003563	1	Debt Securities	N/A	0	000000000	N/A
0001493152-20-003563	1	Common	Subordinate Voting	20454523	000000000	N/A
0001493152-20-003563	1	Preferred	Multiple Voting	149998	000000000	N/A
0001493152-20-003544	1	Common	Common Stock	100	000000000	None
0001493152-20-003544	1	Preferred	None	0	000000000	None
0001493152-20-003544	1	Debt Securities	None	0	000000000	None
0001213900-20-005610	4	Preferred	Series J Preferred Stock	399	000000000	There is no trading market for these securities.
0001213900-20-005610	2	Preferred	Series D-1 Preferred Stock	38500000	000000000	There is no trading market for these securities.
0001213900-20-005610	3	Preferred	Series E Preferred Stock	2139649	000000000	There is no trading market for these securities.
0001213900-20-005610	1	Preferred	Series C Preferred Stock	1000	000000000	There is no trading market for these securities.
0001213900-20-005610	1	Common	Common Stock	3099451	686228404	OTC - Pink Current
0001213900-20-005610	5	Preferred	Series L Preferred Stock	633	000000000	There is no trading market for these securities.
0001213900-20-005610	5	Debt Securities	Convertible Notes	3638893	000000000	There is no trading market for these securities.
0001213900-20-005610	4	Debt Securities	Series K Preferred Stock	1265	000000000	There is no trading market for these securities.
0001213900-20-005610	3	Debt Securities	Series I Preferred Stock	797	000000000	There is no trading market for these securities.
0001213900-20-005610	2	Debt Securities	Series G Preferred Stock	530	000000000	There is no trading market for these securities.
0001213900-20-005610	1	Debt Securities	Series F Preferred Stock	1678	000000000	There is no trading market for these securities.
0001683168-20-000709	1	Common	Class A, $0.0001 par value	70099187	001734669	SDEC
0001683168-20-000709	1	Debt Securities	none	0	000000000	n/a
0001683168-20-000709	1	Preferred	Series A, $0.0001 par value	4500	000000000	n/a
0001104659-20-030098	1	Debt Securities	None	0	000000000	None
0001104659-20-030098	1	Preferred	None	0	000000000	None
0001104659-20-030098	1	Common	Common Shares	5713639	000000000	None
0001104659-20-030091	1	Debt Securities	N/A	0	000000000	N/A
0001104659-20-030091	1	Common	Common Shares	5792792	000000000	N/A
0001104659-20-030091	1	Preferred	N/A	0	000000000	N/A
0001477932-20-001090	1	Preferred		0		
0001477932-20-001090	1	Common	Common Stock	23589000	08888P104	None
0001477932-20-001090	1	Debt Securities		0		
0001213900-20-005533	3	Preferred	Series C Convertible Preferred	760000	000000000	n/a
0001213900-20-005533	1	Preferred	Series A Convertible Preferred	53000	000000000	n/a
0001213900-20-005533	1	Common	Common stock	26100665	00000GSFI	OTC Markets
0001213900-20-005533	2	Preferred	Series B Convertible Preferred	600000	000000000	n/a
0001213900-20-005533	1	Debt Securities	n/a	0	000000000	n/a
0001477932-20-001081	1	Debt Securities	None	0		
0001477932-20-001081	1	Preferred	None	0		
0001477932-20-001081	1	Common	Common Stock	57375000	N/A	None
0001575705-20-000019	1	Debt Securities	Debt Securities	0	000000000	None
0001575705-20-000019	1	Preferred	Series A-1 Preferred Stock	3000000	000000000	None
0001575705-20-000019	1	Common	Common Stock	699991000	989574108	Over-the-Counter
0001185185-20-000236	1	Preferred		0		
0001185185-20-000236	1	Common	Common Equity	42549918	00389L104	OTCQB
0001185185-20-000236	1	Debt Securities		0		
0001213900-20-005488	1	Preferred	Common Shares	10000	000000000	-
0001213900-20-005488	1	Debt Securities	-	0	000000000	-
0001213900-20-005488	1	Common	Investor Shares	290355	000000000	-
0001493152-20-003396	1	Preferred	None	0	000000000	NONE
0001493152-20-003396	1	Common	Membership Interests	1000	000000000	NONE
0001493152-20-003396	1	Debt Securities	None	0	000000000	NONE
0001213900-20-005367	1	Debt Securities	n/a	0	000000000	n/a
0001213900-20-005367	1	Common	Common stock	26100665	00000GSFI	OTC Markets
0001213900-20-005367	3	Preferred	Series C Convertible Preferred	760000	000000000	n/a
0001213900-20-005367	2	Preferred	Series B Convertible Preferred	600000	000000000	n/a
0001213900-20-005367	1	Preferred	Series A Convertible Preferred	53000	000000000	n/a
0001213900-20-005333	1	Preferred	None	0	000000000	N/A
0001213900-20-005333	1	Common	Common	139189499	000000000	N/A
0001213900-20-005333	1	Debt Securities	Debt Payable by Assets	894254	000000000	N/A
0001445866-20-000172	1	Preferred	Series A	618808	0	none
0001445866-20-000172	1	Common	Common Shares	15408024	0	None
0001445866-20-000172	1	Debt Securities	CrowdSafe	1377500	0	none
0001104659-20-028569	1	Debt Securities	N/A	0	000000000	N/A
0001104659-20-028569	1	Preferred	N/A	0	000000000	N/A
0001104659-20-028569	1	Common	Common Stock	100	000000000	N/A
0001437749-20-004225	1	Common	Series A1	50	N/A	None
0001437749-20-004225	1	Preferred	None	0	N/A	None
0001437749-20-004225	1	Debt Securities	None	0	N/A	None
0001477932-20-001036	1	Common	Common Stock	5000000	None	None
0001477932-20-001036	1	Debt Securities		0		
0001477932-20-001036	1	Preferred		0		
0001553350-20-000192	1	Preferred	N/A	0	000000N/A	N/A
0001553350-20-000192	1	Common	Common Shares	93182483	29880V105	OTC
0001553350-20-000192	1	Debt Securities	Common Shares	38814770	29880V105	OTC
0001193125-20-058978	1	Common	Common Stock	1665667	18051R100	OTC Pink Marketplace
0001193125-20-058978	1	Debt Securities	N/A	0	N/A	N/A
0001193125-20-058978	1	Preferred	N/A	0	N/A	N/A
0001104659-20-027677	1	Preferred	N/A	0	000000000	N/A
0001104659-20-027677	1	Debt Securities	N/A	0	000000000	N/A
0001104659-20-027677	1	Common	N/A	0	000000000	N/A
0001104659-20-027318	1	Preferred	N/A	0	000000000	N/A
0001104659-20-027318	1	Common	Common Stock	100	000000000	N/A
0001104659-20-027318	1	Debt Securities	N/A	0	000000000	N/A
0001640334-20-000425	1	Common	Common Shares	37218925	N/A	N/A
0001640334-20-000425	1	Debt Securities	N/A	0	N/A	N/A
0001640334-20-000425	1	Preferred	N/A	0	N/A	N/A
0001683168-20-000611	1	Debt Securities	not applicable	0	000000000	none
0001683168-20-000611	1	Preferred	Series A Non-Convertible	16081530	000000000	none
0001683168-20-000611	1	Common	Common Stock, $0.001 par value	415341280	68403M200	OTC Markets
0001731122-20-000208	1	Common	Common Stock, $.001 par value	86695638	403775109	OTC Markets
0001731122-20-000208	1	Preferred	Series A Preferred Stock	100000	000000000	None
0001731122-20-000208	1	Debt Securities	Debt Securities	5734351	000000000	Convertible and Other Notes payable.
0001683168-20-000593	1	Preferred	Preferred Stock	0	0000000na	N/A
0001683168-20-000593	2	Common	Class B	4000000	0000000na	N/A
0001683168-20-000593	1	Debt Securities	none	0	0000000na	N/A
0001683168-20-000593	1	Common	Class A	16605000	0000000na	N/A
0001493152-20-003030	1	Common	Membership Interests	1000	000000000	NONE
0001493152-20-003030	1	Debt Securities	None	0	000000000	NONE
0001493152-20-003030	1	Preferred	None	0	000000000	NONE
0001104659-20-025335	1	Preferred	Series A Preferred Stock	769784	000000N/A	N/A
0001104659-20-025335	1	Common	Common Stock	1274935	000000N/A	N/A
0001104659-20-025335	2	Preferred	Series B Preferred Stock	997616	000000N/A	N/A
0001104659-20-025335	1	Debt Securities	N/A	0	000000N/A	N/A
0001477932-20-000896	1	Common	Common Stock	80164791	None	None
0001477932-20-000896	1	Preferred	None	0		
0001477932-20-000896	1	Debt Securities	None	0		
0001185185-20-000221	1	Preferred		0		
0001185185-20-000221	1	Debt Securities		0		
0001185185-20-000221	1	Common	Common Equity	42549918	00389L104	OTCQB
0001758533-20-000001	2	Common	Class B Common	36200000	N/A	N/A
0001758533-20-000001	1	Common	Class A Common	920	N/A	N/A
0001758533-20-000001	1	Debt Securities	N/A	0	N/A	N/A
0001758533-20-000001	1	Preferred	Preferred	0	N/A	N/A
0001104659-20-024989	1	Common	Common Shares	500	000000000	None
0001104659-20-024989	1	Debt Securities	None	0	000000000	None
0001104659-20-024989	1	Preferred	None	0	000000000	None
0001493152-20-002957	1	Preferred	None	0	000000000	NONE
0001493152-20-002957	1	Common	Membership Interests	1000	000000000	NONE
0001493152-20-002957	1	Debt Securities	None	0	000000000	NONE
0001104659-20-024991	1	Common	Common Shares	500	000000000	None
0001104659-20-024991	1	Debt Securities	None	0	000000000	None
0001104659-20-024991	1	Preferred	None	0	000000000	None
0001709179-20-000007	1	Preferred		0		
0001709179-20-000007	1	Debt Securities		0		
0001709179-20-000007	1	Common	Class A	15744850	N/A	N/A
0001721868-20-000102	1	Preferred	Preferred Class A	13119500	000000n/a	n/a
0001721868-20-000102	1	Common	Common Stock	637861741	39468C304	OTC Pink Market
0001721868-20-000102	1	Debt Securities	Convertible Notes	520173	000000n/a	n/a
0001437749-20-003458	1	Common	Common Shares	5200160	N/A	Class#6
0001437749-20-003458	1	Preferred		0		
0001437749-20-003458	1	Debt Securities		0		
0001104659-20-024604	1	Debt Securities	N/A	0	000000000	N/A
0001104659-20-024604	1	Preferred	N/A	0	000000000	N/A
0001104659-20-024604	1	Common	N/A	0	000000000	N/A
0001683168-20-000575	1	Common	Class A	16605000	0000000na	N/A
0001683168-20-000575	2	Common	Class B	4000000	0000000na	N/A
0001683168-20-000575	1	Preferred	Preferred Stock	0	0000000na	N/A
0001683168-20-000575	1	Debt Securities	none	0	0000000na	N/A
0001683168-20-000573	1	Common	Common Stock, $0.001 par value	415341280	68403M200	OTC Markets
0001683168-20-000573	1	Preferred	Series A Non-Convertible	16081530	000000000	none
0001683168-20-000573	1	Debt Securities	not applicable	0	000000000	none
0001794352-20-000005	1	Common		0		
0001794352-20-000005	1	Preferred		0		
0001794352-20-000005	1	Debt Securities		0		
0001493152-20-002904	1	Preferred	None	0	000000000	NONE
0001493152-20-002904	1	Common	Membership Interests	1000	000000000	NONE
0001493152-20-002904	1	Debt Securities	None	0	000000000	NONE
0001213900-20-004534	1	Debt Securities	n/a	0	000000000	n/a
0001213900-20-004534	1	Common	Common stock	26100665	00000GSFI	OTC Markets
0001213900-20-004534	3	Preferred	Series C Convertible Preferred	760000	000000000	n/a
0001213900-20-004534	2	Preferred	Series B Convertible Preferred	600000	000000000	n/a
0001213900-20-004534	1	Preferred	Series A Convertible Preferred	53000	000000000	n/a
0001445866-20-000149	1	Preferred	Preferred A	5000000	51509W108	NONE
0001445866-20-000149	1	Common	COMMON	90535416	51509W108	OTC Pinksheets
0001445866-20-000149	1	Debt Securities		0		
0001683168-20-000556	1	Preferred	Series A Non-Convertible	16081530	000000000	none
0001683168-20-000556	1	Common	Common Stock, $0.001 par value	415341280	68403M200	OTC Markets
0001683168-20-000556	1	Debt Securities	not applicable	0	000000000	none
0001794009-20-000003	4	Preferred	Class K Preferred	10	000000000	None
0001794009-20-000003	5	Preferred	Class N Preferred	7	000000000	None
0001794009-20-000003	3	Preferred	Class I Preferred	10	000000000	None
0001794009-20-000003	2	Preferred	Class H Preferred	10	000000000	None
0001794009-20-000003	1	Preferred	Class G Preferred	1	000000000	None
0001794009-20-000003	1	Common	Common Stock	3875000000	000000000	Common Stock
0001794009-20-000003	7	Preferred	Class P Preferred	3	000000000	None
0001794009-20-000003	6	Preferred	Class O Preferred	3	000000000	None
0001794009-20-000003	1	Debt Securities	Convertible Notes	1051650	000000000	None
0001683168-20-000549	1	Common	Class A, $0.0001 par value	70099187	001734669	SDEC
0001683168-20-000549	1	Preferred	Series A, $0.0001 par value	4500	000000000	n/a
0001683168-20-000549	1	Debt Securities	none	0	000000000	n/a
0001683168-20-000547	3	Preferred	Series A-2	4721500	000000000	N/A
0001683168-20-000547	4	Preferred	Series AA	13642088	000000000	N/A
0001683168-20-000547	1	Preferred	Series A	1712200	000000000	N/A
0001683168-20-000547	1	Common	Class A Common Stock	14222230	000000000	N/A
0001683168-20-000547	1	Debt Securities	Class A Bonds	931	000000000	N/A
0001683168-20-000547	2	Preferred	Series A-1	5970300	000000000	N/A
0001213900-20-004288	1	Debt Securities	Corporate Notes	2300000	000000000	None
0001213900-20-004288	1	Common	Class A Common	16432268	000000000	None
0001213900-20-004288	1	Preferred	None	0	000000000	None
0001663577-20-000042	1	Common	Common Stock	88644700	53222D201	OTCPink
0001663577-20-000042	1	Preferred	N/A	0	000000000	N/A
0001663577-20-000042	1	Debt Securities	N/A	0	000000000	N/A
0001213900-20-004155	1	Debt Securities	n/a	0	000000000	n/a
0001213900-20-004155	1	Preferred	Series A Convertible Preferred	53000	000000000	n/a
0001213900-20-004155	2	Preferred	Series B Convertible Preferred	600000	000000000	n/a
0001213900-20-004155	1	Common	Common stock	26100665	00000GSFI	OTC Markets
0001213900-20-004155	3	Preferred	Series C Convertible Preferred	760000	000000000	n/a
0001387131-20-001892	1	Debt Securities	NA	0	000000000	NA
0001387131-20-001892	1	Common	NA	28208	000000000	NA
0001387131-20-001892	1	Preferred	NA	0	000000000	NA
0001213900-20-004114	2	Preferred	Series B Convertible Preferred	600000	000000000	n/a
0001213900-20-004114	1	Debt Securities	n/a	0	000000000	n/a
0001213900-20-004114	3	Preferred	Series C Convertible Preferred	760000	000000000	n/a
0001213900-20-004114	1	Preferred	Series A Convertible Preferred	53000	000000000	n/a
0001213900-20-004114	1	Common	Common stock	26100665	00000GSFI	OTC Markets
0001477932-20-000749	1	Preferred	Class A Interests	28	None	None
0001477932-20-000749	1	Debt Securities	Debt Securities	0		
0001477932-20-000749	1	Common	Class B interests	1000	None	None
0001213900-20-004054	1	Preferred	None	0	000000000	None
0001213900-20-004054	1	Common	Class A Common	16432268	000000000	None
0001213900-20-004054	1	Debt Securities	Corporate Notes	2300000	000000000	None
0001594062-20-000010	1	Debt Securities	N/A	0	N/A	N/A
0001594062-20-000010	1	Common	Common Stock	6250000	N/A	N/A - Unlisted
0001594062-20-000010	1	Preferred	N/A	0	N/A	N/A
0001766214-20-000003	1	Common	Common Shares	10000000	26859P101	n/a
0001766214-20-000003	1	Debt Securities	Convertible Bond	0		
0001766214-20-000003	1	Preferred	Convertible Preffered Shares	0	26859P200	
0001721868-20-000078	1	Preferred	Preferred Class A	13119500	000000n/a	n/a
0001721868-20-000078	1	Debt Securities	Convertible Notes	520173	000000n/a	n/a
0001721868-20-000078	1	Common	Common Stock	637861741	39468C304	OTC Pink Market
0001010549-20-000016	1	Common	Common Stock	428726	080695109	OTCQX
0001010549-20-000016	1	Debt Securities	None	0	000000000	None
0001010549-20-000016	1	Preferred	None	0	000000000	None
0001683168-20-000505	1	Debt Securities	not applicable	0	000000000	none
0001683168-20-000505	1	Common	Common Stock, $0.001 par value	415341280	68403M200	OTC Markets
0001683168-20-000505	1	Preferred	Series A Non-Convertible	16081530	000000000	none
0001104659-20-021527	1	Common	Common Stock	88647425	000000000	N/A
0001104659-20-021527	1	Preferred	N/A	0	000000000	N/A
0001104659-20-021527	1	Debt Securities	N/A	0	000000000	N/A
0001104659-20-021419	1	Common	N/A	0	000000000	N/A
0001104659-20-021419	1	Debt Securities	N/A	0	000000000	N/A
0001104659-20-021419	1	Preferred	N/A	0	000000000	N/A
0001104659-20-021232	3	Common	Class C Common	352020	000000N/A	N/A
0001104659-20-021232	1	Debt Securities	N/A	0	000000N/A	N/A
0001104659-20-021232	1	Common	Class A Common	2361000	000000N/A	N/A
0001104659-20-021232	2	Common	Class B Common	989800	000000N/A	N/A
0001104659-20-021232	1	Preferred	N/A	0	000000N/A	N/A
0001213900-20-003750	1	Preferred	N/A	0	000000000	N/A
0001213900-20-003750	1	Common	Class B Common Stock	45023	000000000	N/A
0001213900-20-003750	1	Debt Securities	N/A	0	000000000	N/A
0001213900-20-003708	2	Preferred	Series B Convertible Preferred	600000	000000000	n/a
0001213900-20-003708	1	Preferred	Series A Convertible Preferred	53000	000000000	n/a
0001213900-20-003708	1	Debt Securities	n/a	0	000000000	n/a
0001213900-20-003708	1	Common	Common stock	26100665	00000GSFI	OTC Markets
0001213900-20-003708	3	Preferred	Series C Convertible Preferred	760000	000000000	n/a
0001213900-20-003524	1	Debt Securities	N/A	0	000000000	N/A
0001213900-20-003524	1	Preferred	N/A	0	000000000	N/A
0001213900-20-003524	1	Common	Membership Interests	49375	000000000	N/A
0001104659-20-020009	1	Common	Common Stock	85000000	000000000	n/a
0001104659-20-020009	1	Debt Securities	n/a	0	000000000	n/a
0001104659-20-020009	1	Preferred	Series Seed Preferred Stock	1799999	000000000	n/a
0001104659-20-020009	2	Preferred	Series CF Preferred Stock	18826385	000000000	n/a
0001748909-20-000001	1	Debt Securities		0		
0001748909-20-000001	1	Preferred	preferred	1000000	000000000	none
0001748909-20-000001	1	Common	common	3000000	000000000	nil
0001493152-20-002146	1	Debt Securities	Debt	0	000000000	NA
0001493152-20-002146	1	Common	Common	8849415	000000000	NA
0001493152-20-002146	1	Preferred	Preferred	0	000000000	NA
0001798647-20-000002	1	Preferred		0		
0001798647-20-000002	1	Common	common	15000	none	none
0001798647-20-000002	1	Debt Securities		0		
0001104659-20-019188	1	Common	N/A	0	000000000	N/A
0001104659-20-019188	1	Debt Securities	N/A	0	000000000	N/A
0001104659-20-019188	1	Preferred	N/A	0	000000000	N/A
0001654954-20-001347	1	Preferred	Preferred Stock	0		N/A
0001654954-20-001347	1	Common	Common Stock	110242685	948508106	OTCQB-tier of OTC Markets
0001654954-20-001347	1	Debt Securities	None	0		
0001213900-20-003322	1	Preferred	n/a	0	000000000	n/a
0001213900-20-003322	2	Common	Series Collection Drop 002	1	000000000	n/a
0001213900-20-003322	1	Common	Series Collection Drop 001	1	000000000	n/a
0001213900-20-003322	1	Debt Securities	n/a	0	000000000	n/a
0001213900-20-003322	3	Common	Series Collection Drop 003	1	000000000	n/a
0001683168-20-000443	1	Common	Common Stock, $0.001 par value	415341280	68403M200	OTC Markets
0001683168-20-000443	1	Debt Securities	not applicable	0	000000000	none
0001683168-20-000443	1	Preferred	Series A Non-Convertible	16081530	000000000	none
0001493152-20-001924	1	Preferred	None	0	000000000	None
0001493152-20-001924	1	Debt Securities	None	0	000000000	None
0001493152-20-001924	1	Common	Common Stock, $.001 par value	8044233	09076H102	OTC Markets
0001104659-20-015145	1	Preferred	None	0	000000000	None
0001104659-20-015145	1	Common	Common Shares	4430794	000000000	None
0001104659-20-015145	1	Debt Securities	None	0	000000000	None
0001104659-20-014938	1	Common	Common Shares	4752917	000000000	None
0001104659-20-014938	1	Debt Securities	None	0	000000000	None
0001104659-20-014938	1	Preferred	None	0	000000000	None
0001493152-20-001870	1	Debt Securities	Convertible Debentures	0	000000000	None
0001493152-20-001870	1	Preferred	None	0	000000000	None
0001493152-20-001870	1	Common	Common Stock	70000000	000000000	None
0001731122-20-000110	1	Preferred	Series A Preferred Stock	100000	000000000	None
0001731122-20-000110	1	Debt Securities	Debt Securities	5734351	000000000	Convertible and Other Notes payable.
0001731122-20-000110	1	Common	Common Stock, $.01 par value	86695638	403775109	OTC Markets
0001683168-20-000422	1	Common	Common	411424670	0000000na	OTC
0001683168-20-000422	2	Preferred	Series B	200	0000000na	n/a
0001683168-20-000422	1	Preferred	Series A	100000	0000000na	n/a
0001683168-20-000422	1	Debt Securities	none	0	0000000na	na
0001104659-20-012846	1	Common	Common Equity	985000	N/A000000	N/A
0001104659-20-012846	1	Preferred	Preferred Equity	1305000	92837P209	N/A
0001104659-20-012846	1	Debt Securities	Debt Securities	0	N/A000000	N/A
0001213900-20-002986	1	Debt Securities	Debt Payable by Assets	894254	000000000	N/A
0001213900-20-002986	1	Preferred	None	0	000000000	N/A
0001213900-20-002986	1	Common	Common	139189499	000000000	N/A
0001213900-20-002978	2	Preferred	Series B Convertible Preferred	600000	000000000	n/a
0001213900-20-002978	1	Preferred	Series A Convertible Preferred	53000	000000000	n/a
0001213900-20-002978	1	Common	Common stock	26100665	00000GSFI	OTC Markets
0001213900-20-002978	3	Preferred	Series C Convertible Preferred	760000	000000000	n/a
0001213900-20-002978	1	Debt Securities	n/a	0	000000000	n/a
0001104659-20-012603	1	Debt Securities	None	0	000000000	None
0001104659-20-012603	1	Common	Common Shares	5263055	000000000	None
0001104659-20-012603	1	Preferred	None	0	000000000	None
0001104659-20-012594	1	Common	Common Shares	5723918	000000000	N/A
0001104659-20-012594	1	Preferred	N/A	0	000000000	N/A
0001104659-20-012594	1	Debt Securities	N/A	0	000000000	N/A
0001768126-20-000002	1	Preferred		0		
0001768126-20-000002	1	Debt Securities		0		
0001768126-20-000002	10	Common	Series #70RLEX	1000	0	None
0001768126-20-000002	5	Common	Series #POTTER	3000	0	None
0001768126-20-000002	7	Common	Series #FROST	200	0	None
0001768126-20-000002	6	Common	Series #TWOCITIES	200	0	None
0001768126-20-000002	4	Common	Series #10COBB	1000	0	None
0001768126-20-000002	3	Common	Series #RLEXPEPSI	2000	0	None
0001768126-20-000002	9	Common	Series #SMURF	2000	0	None
0001768126-20-000002	8	Common	Series #BIRKINBLEU	1000	0	None
0001768126-20-000002	1	Common	Series #52MANTLE	1000	0	None
0001768126-20-000002	2	Common	Series #71MAYS	2000	0	None
0001477932-20-000512	1	Common	Common Stock	57375000	N/A	None
0001477932-20-000512	1	Preferred	None	0		
0001477932-20-000512	1	Debt Securities	None	0		
0001104659-20-012084	1	Preferred	Series A Preferred Stock	1657396	000000000	N/A
0001104659-20-012084	1	Common	Common Stock A and B	27969904	000000000	N/A
0001104659-20-012084	1	Debt Securities	Convertible Notes	1921870	000000000	N/A
0001683168-20-000386	1	Common	See Part II for full listing	26612	000000N/A	N/A
0001683168-20-000386	1	Debt Securities	none	0	000000N/A	N/A
0001683168-20-000386	1	Preferred	none	0	000000N/A	N/A
0001683168-20-000375	1	Preferred	Preferred Stock	0	0000000na	N/A
0001683168-20-000375	2	Common	Class B	4000000	0000000na	N/A
0001683168-20-000375	1	Debt Securities	none	0	0000000na	N/A
0001683168-20-000375	1	Common	Class A	16605000	0000000na	N/A
0001213900-20-002776	1	Preferred	None	0	000000000	None
0001213900-20-002776	1	Common	Class A Common	16432268	000000000	None
0001213900-20-002776	1	Debt Securities	Corporate Notes	2300000	000000000	None
0001794352-20-000004	1	Debt Securities		0		
0001794352-20-000004	1	Preferred		0		
0001794352-20-000004	1	Common		0		
0001794352-20-000003	1	Preferred		0		
0001794352-20-000003	1	Debt Securities		0		
0001794352-20-000003	1	Common		0		
0001104659-20-011503	2	Preferred	Series B Preferred Stock	997616	000000N/A	N/A
0001104659-20-011503	1	Preferred	Series A Preferred Stock	769784	000000N/A	N/A
0001104659-20-011503	1	Common	Common Stock	1274935	000000N/A	N/A
0001104659-20-011503	1	Debt Securities	N/A	0	000000N/A	N/A
0001104659-20-011519	1	Debt Securities	Convertible Notes	1921870	000000000	N/A
0001104659-20-011519	1	Common	Common Stock A and B	27969904	000000000	N/A
0001104659-20-011519	1	Preferred	Series A Preferred Stock	1657396	000000000	N/A
0001104659-20-010888	1	Debt Securities	N/A	0	000000N/A	N/A
0001104659-20-010888	1	Preferred	N/A	0	000000N/A	N/A
0001104659-20-010888	1	Common	Common Stock	2426552	000000N/A	N/A
0001663577-20-000023	1	Common	Common Stock	88644700	53222D201	OTCPink
0001663577-20-000023	1	Preferred	N/A	0	000000000	N/A
0001663577-20-000023	1	Debt Securities	N/A	0	000000000	N/A
0001213900-20-002612	3	Preferred	Series C Convertible Preferred	760000	000000000	n/a
0001213900-20-002612	1	Preferred	Series A Convertible Preferred	53000	000000000	n/a
0001213900-20-002612	1	Common	Common stock	26100665	00000GSFI	OTC Markets
0001213900-20-002612	1	Debt Securities	n/a	0	000000000	n/a
0001213900-20-002612	2	Preferred	Series B Convertible Preferred	600000	000000000	n/a
0001493152-20-001591	1	Common	Common Stock	100	000000000	None
0001493152-20-001591	1	Debt Securities	None	0	000000000	None
0001493152-20-001591	1	Preferred	None	0	000000000	None
0001477932-20-000483	1	Common	Common Stock	57375000	N/A	None
0001477932-20-000483	1	Preferred	None	0		
0001477932-20-000483	1	Debt Securities	None	0		
0001104659-20-010479	1	Debt Securities	N/A	0	000000000	N/A
0001104659-20-010479	1	Preferred	N/A	0	000000000	N/A
0001104659-20-010479	1	Common	N/A	0	000000000	N/A
0001104659-20-010457	1	Debt Securities	None	0	000000000	None
0001104659-20-010457	1	Preferred	None	0	000000000	None
0001104659-20-010457	1	Common	common	509792840	000900475	None
0001214659-20-000853	1	Preferred	Series A Preferred Equity	750000	000000000	N/A
0001214659-20-000853	2	Common	Options to Purchase Common Stk	23675000	000000000	N/A
0001214659-20-000853	1	Common	Common Equity	63662858	000000000	N/A
0001214659-20-000853	3	Common	Warrants to Acquire Common Stk	6652035	000000000	N/A
0001214659-20-000853	1	Debt Securities	Debt Securities	0	000000000	N/A
0001683168-20-000322	1	Common	Common Stock	1659991381	13764N108	OTC Markets, Pink Open Market
0001683168-20-000322	1	Debt Securities	none	0	0000000na	None
0001683168-20-000322	1	Preferred	Preferred Class A	500000	0000000na	None
0001683168-20-000322	2	Preferred	Preferred Class B	1500000	0000000na	None
0001445866-20-000091	1	Preferred	Preferred A	5000000	51509W108	NONE
0001445866-20-000091	1	Common	COMMON	90535416	51509W108	OTC Pinksheets
0001445866-20-000091	1	Debt Securities		0		
0001104659-20-009336	1	Preferred	Series A Preferred Stock	11865046	000000N/A	N/A
0001104659-20-009336	1	Debt Securities	N/A	0	000000N/A	N/A
0001104659-20-009336	2	Common	Class B Common Stock	9237653	000000N/A	N/A
0001104659-20-009336	1	Common	Class A Common Stock	2887359	000000N/A	N/A
0001104659-20-009336	3	Common	Class F Common Stock	10000000	000000N/A	N/A
0001104659-20-009336	4	Common	Class M Common Stock	0	000000N/A	N/A
0001387131-20-000818	1	Preferred	NA	0	000000000	NA
0001387131-20-000818	1	Common	NA	0	000000000	NA
0001387131-20-000818	1	Debt Securities	NA	0	000000000	NA
0001709247-20-000002	1	Debt Securities		0		
0001709247-20-000002	1	Preferred		0		
0001709247-20-000002	1	Common	Common	252661500	0	0
0001104659-20-008942	1	Common	Class A Common	2361000	000000N/A	N/A
0001104659-20-008942	2	Common	Class B Common	989800	000000N/A	N/A
0001104659-20-008942	3	Common	Class C Common	352020	000000N/A	N/A
0001104659-20-008942	1	Debt Securities	N/A	0	000000N/A	N/A
0001104659-20-008942	1	Preferred	N/A	0	000000N/A	N/A
0001350455-20-000001	1	Preferred	None	0		
0001350455-20-000001	1	Debt Securities	None	0		
0001350455-20-000001	1	Common	None: Class B sold After Offer	0		
0001725129-20-000004	1	Common	Common	139189499	000000000	N/A
0001725129-20-000004	1	Debt Securities	Debt Payable by Assets	894254	000000000	N/A
0001725129-20-000004	1	Preferred		0		
0001794009-20-000001	3	Preferred	Class I Preferred	10	000000000	None
0001794009-20-000001	4	Preferred	Class K Preferred	10	000000000	None
0001794009-20-000001	2	Preferred	Class H Preferred	10	000000000	None
0001794009-20-000001	1	Preferred	Class G Preferred	1	000000000	None
0001794009-20-000001	1	Debt Securities	Convertible Notes	1051650	000000000	None
0001794009-20-000001	5	Preferred	Class N Preferred	7	000000000	None
0001794009-20-000001	1	Common	Common Stock	3875000000	000000000	Common Stock
0001794009-20-000001	7	Preferred	Class P Preferred	3	000000000	None
0001794009-20-000001	6	Preferred	Class O Preferred	3	000000000	None
0001477932-20-000443	1	Preferred		0		
0001477932-20-000443	1	Common	Common	1000	None	None
0001477932-20-000443	1	Debt Securities		0		
0001477932-20-000440	1	Common	Common Stock	80164791	None	None
0001477932-20-000440	1	Preferred	None	0		
0001477932-20-000440	1	Debt Securities	None	0		
0001185185-20-000088	1	Debt Securities		0		
0001185185-20-000088	1	Common	Common Equity	42549918	00389L104	OTCQB
0001185185-20-000088	1	Preferred		0		
0001019056-20-000046	1	Common	Common Stock	251690000	74349G109	N/A
0001019056-20-000046	1	Preferred	Perferred Stock	0	000000000	N/A
0001019056-20-000046	1	Debt Securities	N/A	0	000000000	N/A
0001213900-20-002027	1	Common	Class A Common	16432268	000000000	None
0001213900-20-002027	1	Debt Securities	Corporate Notes	2300000	000000000	None
0001213900-20-002027	1	Preferred	None	0	000000000	None
0001683168-20-000281	1	Common	Common Stock	652365852	0000000na	na
0001683168-20-000281	1	Debt Securities	na	0	000000000	na
0001683168-20-000281	1	Preferred	Preferred Stock	100000000	0000000na	na
0001709179-20-000005	1	Debt Securities		0		
0001709179-20-000005	1	Common	Class A	15744850	N/A	N/A
0001709179-20-000005	1	Preferred		0		
0001264931-20-000007	1	Debt Securities	N/A	0	000000000	N/A
0001264931-20-000007	1	Preferred	Preferred A, B and C	815243	000000000	N/A
0001264931-20-000007	1	Common	Common Stock	4676151986	879209104	OTC Pink Sheets
0001794352-20-000002	1	Debt Securities		0		
0001794352-20-000002	1	Common		0		
0001794352-20-000002	1	Preferred		0		
0001104659-20-007010	1	Common	Common Stock	1732585	000000N/A	N/A
0001104659-20-007010	1	Preferred	Series Seed	568796	000000N/A	N/A
0001104659-20-007010	2	Preferred	Series A Preferred Stock	747373	000000N/A	N/A
0001104659-20-007010	1	Debt Securities	Convertible Promissory Notes	2050000	000000N/A	N/A
0001477932-20-000394	1	Common	Class B interests	1000	None	None
0001477932-20-000394	1	Debt Securities	Debt Securities	0		
0001477932-20-000394	1	Preferred	Class A Interests	0		
0001683168-20-000264	1	Preferred	Class E	25000000	000000000	N/A
0001683168-20-000264	1	Common	Class A	0	000000000	N/A
0001683168-20-000264	1	Debt Securities	None	0	000000000	N/A
0001104659-20-006799	1	Debt Securities	Convertible Notes	1921870	000000000	N/A
0001104659-20-006799	1	Common	Common Stock A and B	27969904	000000000	N/A
0001104659-20-006799	1	Preferred	Series A Preferred Stock	1657396	000000000	N/A
0001213900-20-001762	1	Preferred	Series A Convertible Preferred	53000	000000000	n/a
0001213900-20-001762	1	Common	Common stock	26100665	00000GSFI	OTC Markets
0001213900-20-001762	1	Debt Securities	n/a	0	000000000	n/a
0001213900-20-001762	2	Preferred	Series B Convertible Preferred	600000	000000000	n/a
0001213900-20-001762	3	Preferred	Series C Convertible Preferred	760000	000000000	n/a
0001477932-20-000358	1	Debt Securities		0		
0001477932-20-000358	1	Common	Interests in a Series LLC	2000	None	None
0001477932-20-000358	1	Preferred		0		
0001683168-20-000251	1	Preferred	n/a	0	0000000na	n/a
0001683168-20-000251	1	Debt Securities	n/a	0	000000n/a	n/a
0001683168-20-000251	1	Common	Common Stock	15784717	000000000	OTCMarkets, Pink Open Market
0001104659-20-006368	1	Debt Securities	Debt Securities	0	N/A000000	N/A
0001104659-20-006368	1	Preferred	Preferred Equity	1305000	92837P209	N/A
0001104659-20-006368	1	Common	Common Equity	985000	N/A000000	N/A
0001683168-20-000249	1	Common	Common Stock	15784717	000000000	OTCMarkets, Pink Open Market
0001683168-20-000249	1	Preferred	n/a	0	0000000na	n/a
0001683168-20-000249	1	Debt Securities	n/a	0	000000n/a	n/a
0001477932-20-000341	1	Common	Common Stock	49999	None	None
0001477932-20-000341	1	Preferred		0		
0001477932-20-000341	1	Debt Securities		0		
0001104659-20-005875	3	Common	Class C Common	352020	000000N/A	N/A
0001104659-20-005875	2	Common	Class B Common	989800	000000N/A	N/A
0001104659-20-005875	1	Debt Securities	N/A	0	000000N/A	N/A
0001104659-20-005875	1	Preferred	N/A	0	000000N/A	N/A
0001104659-20-005875	1	Common	Class A Common	2361000	000000N/A	N/A
0001104659-20-005648	1	Common	Common Shares	12395575	000000N/A	N/A
0001104659-20-005648	1	Debt Securities	N/A	0	000000N/A	N/A
0001104659-20-005648	1	Preferred	N/A	0	000000N/A	N/A
0001213900-20-001471	1	Debt Securities	Series F Preferred Stock	1678	000000000	There is no trading market for these securities.
0001213900-20-001471	2	Debt Securities	Series G Preferred Stock	530	000000000	There is no trading market for these securities.
0001213900-20-001471	3	Debt Securities	Series I Preferred Stock	797	000000000	There is no trading market for these securities.
0001213900-20-001471	4	Debt Securities	Series K Preferred Stock	1265	000000000	There is no trading market for these securities.
0001213900-20-001471	5	Debt Securities	Convertible Notes	3638893	000000000	There is no trading market for these securities.
0001213900-20-001471	2	Preferred	Series D-1 Preferred Stock	38500000	000000000	There is no trading market for these securities.
0001213900-20-001471	1	Common	Common Stock	3099451	686228404	OTC - Pink Current
0001213900-20-001471	5	Preferred	Series L Preferred Stock	633	000000000	There is no trading market for these securities.
0001213900-20-001471	1	Preferred	Series C Preferred Stock	1000	000000000	There is no trading market for these securities.
0001213900-20-001471	3	Preferred	Series E Preferred Stock	2139649	000000000	There is no trading market for these securities.
0001213900-20-001471	4	Preferred	Series J Preferred Stock	399	000000000	There is no trading market for these securities.
0001493152-20-000799	1	Preferred	Preferred Stock	0	000000000	n/a
0001493152-20-000799	1	Common	Common Stock	27208356	02687R106	OTC Markets
0001493152-20-000799	1	Debt Securities	Promissory Notes	660208	000000000	n/a
0001104659-20-004812	1	Preferred	N/A	0	000000000	N/A
0001104659-20-004812	1	Debt Securities	N/A	0	000000000	N/A
0001104659-20-004812	3	Common	private placement warrants	1441483	000000000	N/A
0001104659-20-004812	2	Common	options and warrants	1050000	000000000	N/A
0001104659-20-004812	1	Common	common stock	12509024	809171101	N/A
0001654954-20-000546	1	Common	Common	1	000000000	none
0001654954-20-000546	1	Debt Securities	none	0	000000000	none
0001654954-20-000546	1	Preferred	none	0	000000000	none
0001104659-20-004750	1	Debt Securities	Convertible Promissory Notes	2050000	000000N/A	N/A
0001104659-20-004750	2	Preferred	Series A Preferred Stock	747373	000000N/A	N/A
0001104659-20-004750	1	Common	Common Stock	1732585	000000N/A	N/A
0001104659-20-004750	1	Preferred	Series Seed	568796	000000N/A	N/A
0001104659-20-004401	2	Preferred	Series CF Preferred Stock	18826385	000000000	n/a
0001104659-20-004401	1	Preferred	Series Seed Preferred Stock	1799999	000000000	n/a
0001104659-20-004401	1	Common	Common Stock	85000000	000000000	n/a
0001104659-20-004401	1	Debt Securities	n/a	0	000000000	n/a
0001683168-20-000147	1	Debt Securities	not applicable	0	000000000	none
0001683168-20-000147	1	Preferred	Series A Non-Convertible	16081530	000000000	none
0001683168-20-000147	1	Common	Common Stock, $0.001 par value	378341280	68403M200	OTC Markets
0001213900-20-001111	1	Preferred	n/a	0	000000000	n/a
0001213900-20-001111	1	Debt Securities	n/a	0	000000000	n/a
0001213900-20-001111	10	Common	Series Drop 010	1	000000000	n/a
0001213900-20-001111	9	Common	Series Drop 009	1	000000000	n/a
0001213900-20-001111	1	Common	Series #KW	10000	000000000	n/a
0001213900-20-001111	8	Common	Series Drop 008	200	000000000	n/a
0001213900-20-001111	3	Common	Series Drop 003	1	000000000	n/a
0001213900-20-001111	4	Common	Series Drop 004	1	000000000	n/a
0001213900-20-001111	5	Common	Series Drop 005	1	000000000	n/a
0001213900-20-001111	6	Common	Series Drop 006	1	000000000	n/a
0001213900-20-001111	7	Common	Series Drop 007	1	000000000	n/a
0001213900-20-001111	2	Common	Series Drop 002	1	000000000	n/a
0001445866-20-000052	1	Preferred	Preferred	5000	n/a	n/a
0001445866-20-000052	1	Common	COMMON	19995000	n/a	n/a
0001445866-20-000052	1	Debt Securities		0	n/a	n/a
0001445866-20-000050	1	Debt Securities		0		
0001445866-20-000050	1	Common	COMMON	90535416	51509W108	OTC Pinksheets
0001445866-20-000050	1	Preferred	Preferred A	5000000	51509W108	NONE
0001654954-20-000422	1	Preferred	none	0		
0001654954-20-000422	1	Debt Securities	none	0		
0001654954-20-000422	1	Common	Class A Units	100	000000000	none
0001683168-20-000136	1	Debt Securities	None	0	000000000	none
0001683168-20-000136	1	Preferred	None	0	000000000	none
0001683168-20-000136	1	Common	Common Stock	1036207888	36830v101	none
0001683168-20-000134	1	Preferred	Preferred Stock	0	0000000na	N/A
0001683168-20-000134	2	Common	Class B	4000000	0000000na	N/A
0001683168-20-000134	1	Common	Class A	16605000	0000000na	N/A
0001683168-20-000134	1	Debt Securities	none	0	0000000na	N/A
0001683168-20-000129	2	Preferred	Preferred Class B	1500000	0000000na	None
0001683168-20-000129	1	Preferred	Preferred Class A	500000	0000000na	None
0001683168-20-000129	1	Debt Securities	none	0	0000000na	None
0001683168-20-000129	1	Common	Common Stock	1659991381	13764N108	OTC Markets, Pink Open Market
0001683168-20-000121	1	Common	Common Stock	80448	000000000	N/A
0001683168-20-000121	1	Debt Securities	N/A	0	000000000	N/A
0001683168-20-000121	1	Preferred	Series A Preferred Stock	1385555	000000000	N/A
0001683168-20-000115	1	Common	Class A	0	000000000	N/A
0001683168-20-000115	1	Debt Securities	None	0	000000000	N/A
0001683168-20-000115	1	Preferred	Class E	25000000	000000000	N/A
0001493152-20-000516	1	Debt Securities	N/A	0	000000N/A	N/A
0001493152-20-000516	1	Common	Common Stock	70135036	000000N/A	N/A
0001493152-20-000516	1	Preferred	Preferred Stock	5768956	000000N/A	N/A
0001376474-20-000005	2	Common	Class B	200000	000000000	---
0001376474-20-000005	1	Common	Class A	120000	000000000	---
0001376474-20-000005	1	Debt Securities		0		
0001376474-20-000005	1	Preferred		0		
0001387131-20-000208	1	Common	NA	0	000000000	NA
0001387131-20-000208	1	Debt Securities	NA	0	000000000	NA
0001387131-20-000208	1	Preferred	NA	0	000000000	NA
0001104659-20-003108	1	Common	Common Shares	12395575	000000N/A	N/A
0001104659-20-003108	1	Debt Securities	N/A	0	000000N/A	N/A
0001104659-20-003108	1	Preferred	N/A	0	000000N/A	N/A
0001731122-20-000038	1	Preferred	Series A Preferred Stock	100000	000000000	None
0001731122-20-000038	1	Debt Securities	Debt Securities	5734351	000000000	Convertible and Other Notes payable.
0001731122-20-000038	1	Common	Common Stock, $.01 par value	86695638	403775109	OTC Markets
0001721868-20-000018	1	Debt Securities	Convertible Notes	520173	000000n/a	n/a
0001721868-20-000018	1	Common	Common Stock	863112467	39468C304	OTC Pink Market
0001721868-20-000018	1	Preferred	Preferred Class A	13119500	000000n/a	n/a
0001213900-20-000707	1	Debt Securities	n/a	0	000000000	n/a
0001213900-20-000707	1	Common	Series Collection Drop 001	1	000000000	n/a
0001213900-20-000707	1	Preferred	n/a	0	000000000	n/a
0001213900-20-000707	3	Common	Series Collection Drop 003	1	000000000	n/a
0001213900-20-000707	2	Common	Series Collection Drop 002	1	000000000	n/a
0001213900-20-000667	4	Preferred	Series D	0	000000000	N/A
0001213900-20-000667	1	Common	N/A	252504841	02300U205	OTCPinksheets
0001213900-20-000667	3	Preferred	Series C	99	000000000	N/A
0001213900-20-000667	2	Preferred	Series B	249999	000000000	N/A
0001213900-20-000667	5	Preferred	Series E	1140	000000000	N/A
0001213900-20-000667	6	Preferred	Series H	455	000000000	N/A
0001213900-20-000667	1	Debt Securities	N/A	0	000000000	N/A
0001213900-20-000667	1	Preferred	Series A	250	000000000	N/A
0001731122-20-000028	1	Preferred	Series A /B Preferred Stock	100051	000000000	None
0001731122-20-000028	1	Common	Common Stock, $.001 par value	138109281	399844109	OTC Markets
0001731122-20-000028	1	Debt Securities	Debt Securities	3928851	000000000	Convertible and Other Notes payable.
0001213900-20-000662	1	Debt Securities	N/A	0	000000000	N/A
0001213900-20-000662	1	Common	N/A	252504841	02300U205	OTCPinksheets
0001213900-20-000662	6	Preferred	Series H	455	000000000	N/A
0001213900-20-000662	5	Preferred	Series E	1140	000000000	N/A
0001213900-20-000662	4	Preferred	Series D	0	000000000	N/A
0001213900-20-000662	3	Preferred	Series C	99	000000000	N/A
0001213900-20-000662	2	Preferred	Series B	249999	000000000	N/A
0001213900-20-000662	1	Preferred	Series A	250	000000000	N/A
0001493152-20-000404	1	Debt Securities	N/A	0	000000000	NA
0001493152-20-000404	1	Common	N/A	753907656	18452H107	OTCQB
0001493152-20-000404	1	Preferred	Series D	6500	000000000	NA
0001104659-20-002516	1	Debt Securities	None	0	000000N/A	N/A
0001104659-20-002516	1	Common	None	500000	000000N/A	N/A
0001104659-20-002516	1	Preferred	Class A	99404	000000N/A	N/A
0001493152-20-000380	1	Common	Common Stock	27208356	02687R106	OTC Markets
0001493152-20-000380	1	Preferred	Preferred Stock	0	000000000	n/a
0001493152-20-000380	1	Debt Securities	Promissory Notes	660208	000000000	n/a
0001683168-20-000060	1	Debt Securities	None	0	000000000	N/A
0001683168-20-000060	1	Common	Class A	0	000000000	N/A
0001683168-20-000060	1	Preferred	Class E	25000000	000000000	N/A
0001731122-20-000010	1	Debt Securities	Debt Securities	0	000000000	None
0001731122-20-000010	1	Preferred	Preferred Equity	0	000000000	None
0001731122-20-000010	1	Common	Common Equity L P I	50000	000000000	None
0001213900-20-000403	2	Common	Class B Common Stock	12500000	000000000	n/a
0001213900-20-000403	1	Common	Class A Common Stock	138143990	00000AEPT	OTC Pink Market
0001213900-20-000403	1	Debt Securities	n/a	0	000000000	n/a
0001213900-20-000403	1	Preferred	Class A Preferred Stock	790500000	000000000	n/a
0001683168-20-000035	1	Preferred	None	0	000000000	none
0001683168-20-000035	1	Debt Securities	None	0	000000000	none
0001683168-20-000035	1	Common	Common Stock	1036207888	36830v101	none
0001104659-20-001888	1	Debt Securities	N/A	0	000000000	N/A
0001104659-20-001888	1	Common	common stock	12509024	809171101	N/A
0001104659-20-001888	1	Preferred	N/A	0	000000000	N/A
0001104659-20-001888	3	Common	private placement warrants	1441483	000000000	N/A
0001104659-20-001888	2	Common	options and warrants	1050000	000000000	N/A
0001683168-20-000031	1	Debt Securities	None	0	000000N/A	N/A
0001683168-20-000031	1	Common	Common Stock	147046461	23328Q109	OTC Pink
0001683168-20-000031	1	Preferred	Preferred Stock	355000	000000N/A	N/A
0001104659-20-001850	1	Preferred	Series Seed	568796	000000N/A	N/A
0001104659-20-001850	1	Common	Common Stock	1732585	000000N/A	N/A
0001104659-20-001850	1	Debt Securities	Convertible Promissory Notes	2050000	000000N/A	N/A
0001104659-20-001850	2	Preferred	Series A Preferred Stock	747373	000000N/A	N/A
0001437749-20-000260	1	Common	Series A1	50	N/A	None
0001437749-20-000260	1	Debt Securities	None	0	N/A	None
0001437749-20-000260	1	Preferred	None	0	N/A	None
0001104659-20-001488	1	Debt Securities	N/A	0	000000N/A	N/A
0001104659-20-001488	1	Common	Class A Common	2361000	000000N/A	N/A
0001104659-20-001488	1	Preferred	N/A	0	000000N/A	N/A
0001104659-20-001488	3	Common	Class C Common	352020	000000N/A	N/A
0001104659-20-001488	2	Common	Class B Common	989800	000000N/A	N/A
0001493152-20-000153	1	Common	Common Stock	70000000	000000000	None
0001493152-20-000153	1	Preferred	None	0	000000000	None
0001493152-20-000153	1	Debt Securities	Convertible Debentures	0	000000000	None
0001104659-20-000830	1	Common	Common Stock A and B	27969904	000000000	N/A
0001104659-20-000830	1	Preferred	Series A Preferred Stock	1657396	000000000	N/A
0001104659-20-000830	1	Debt Securities	Convertible Notes	1921870	000000000	N/A
0001445866-20-000005	1	Debt Securities		0	n/a	n/a
0001445866-20-000005	1	Common	COMMON	19995000	n/a	n/a
0001445866-20-000005	1	Preferred	Preferred	5000	n/a	n/a
0001493152-20-000110	1	Preferred	Series D	6500	000000000	NA
0001493152-20-000110	1	Debt Securities	N/A	0	000000000	NA
0001493152-20-000110	1	Common	N/A	753907656	18452H107	OTCQB
0001477932-19-007349	1	Common	Common Stock	80164791	None	None
0001477932-19-007349	1	Debt Securities	None	0		
0001477932-19-007349	1	Preferred	None	0		
0001493152-19-019958	1	Preferred	None	0	000000000	None
0001493152-19-019958	1	Debt Securities	Convertible Debentures	0	000000000	None
0001493152-19-019958	1	Common	Common Stock	70000000	000000000	None
