ACCESSION_NUMBER	SO_ID	SECURITIESOFFEREDTYPES	SECURITIESOFFEREDOTHERDESC
0001493152-20-005490	1	Equity (common or preferred stock)	
0001104659-20-041168	1	Equity (common or preferred stock)	
0001575705-20-000032	1	Equity (common or preferred stock)	
0001758533-20-000003	1	Equity (common or preferred stock)	
0001758533-20-000002	1	Equity (common or preferred stock)	
0001477932-20-001623	1	Equity (common or preferred stock)	
0001477932-20-001592	1	Equity (common or preferred stock)	
0001731122-20-000307	2	Other(describe)	Membership Interests
0001731122-20-000307	1	Equity (common or preferred stock)	
0001477932-20-001579	1	Equity (common or preferred stock)	
0001683168-20-000978	1	Equity (common or preferred stock)	
0001445866-20-000244	1	Equity (common or preferred stock)	
0001264931-20-000053	1	Equity (common or preferred stock)	
0001213900-20-007262	1	Equity (common or preferred stock)	
0001493152-20-004593	1	Equity (common or preferred stock)	
0001213900-20-007229	1	Equity (common or preferred stock)	
0001562884-20-000004	1	Equity (common or preferred stock)	
0001683168-20-000912	1	Equity (common or preferred stock)	
0001493152-20-004545	1	Equity (common or preferred stock)	
0001493152-20-004541	1	Equity (common or preferred stock)	
0001104659-20-037099	1	Equity (common or preferred stock)	
0001594062-20-000021	1	Equity (common or preferred stock)	
0001104659-20-036936	1	Equity (common or preferred stock)	
0001213900-20-007011	2	Debt	
0001213900-20-007011	1	Equity (common or preferred stock)	
0001213900-20-007003	1	Equity (common or preferred stock)	
0001104659-20-036120	1	Equity (common or preferred stock)	
0001640334-20-000563	1	Equity (common or preferred stock)	
0001640334-20-000563	2	Option, warrant or other right to acquire another security	
0001640334-20-000563	3	Security to be acquired upon exercise of option, warrant or other right to acquire security	
0001683168-20-000867	1	Equity (common or preferred stock)	
0001493152-20-004281	1	Equity (common or preferred stock)	
0001213900-20-006773	1	Equity (common or preferred stock)	
0001140361-20-006168	1	Debt	
0001140361-20-006155	1	Debt	
0001010549-20-000033	1	Equity (common or preferred stock)	
0001213900-20-006559	1	Equity (common or preferred stock)	
0001477932-20-001372	1	Equity (common or preferred stock)	
0001683168-20-000804	1	Equity (common or preferred stock)	
0001213900-20-006350	1	Equity (common or preferred stock)	
0001213900-20-006342	1	Equity (common or preferred stock)	
0001437749-20-005135	1	Other(describe)	LLC ownership interests
0001104659-20-032685	1	Equity (common or preferred stock)	
0001104659-20-032597	1	Equity (common or preferred stock)	
0001477932-20-001300	1	Equity (common or preferred stock)	
0001185185-20-000276	1	Equity (common or preferred stock)	
0001214659-20-002568	1	Equity (common or preferred stock)	
0001213900-20-006099	1	Equity (common or preferred stock)	
0001213900-20-006093	2	Other(describe)	Membership Interests
0001213900-20-006093	1	Equity (common or preferred stock)	
0001104659-20-032385	1	Debt	
0001104659-20-032293	1	Equity (common or preferred stock)	
0001493152-20-003788	1	Debt	
0001493152-20-003737	1	Equity (common or preferred stock)	
0001683168-20-000772	1	Equity (common or preferred stock)	
0001213900-20-005911	1	Equity (common or preferred stock)	
0001683168-20-000757	1	Equity (common or preferred stock)	
0001104659-20-031436	1	Equity (common or preferred stock)	
0001078782-20-000173	1	Equity (common or preferred stock)	
0001754259-20-000001	2	Security to be acquired upon exercise of option, warrant or other right to acquire security	
0001754259-20-000001	1	Equity (common or preferred stock)	
0001800402-20-000002	1	Equity (common or preferred stock)	
0001477932-20-001211	1	Equity (common or preferred stock)	
0001731122-20-000239	1	Equity (common or preferred stock)	
0001493152-20-003563	2	Option, warrant or other right to acquire another security	
0001493152-20-003563	1	Equity (common or preferred stock)	
0001493152-20-003544	1	Debt	
0001213900-20-005610	1	Equity (common or preferred stock)	
0001683168-20-000709	1	Equity (common or preferred stock)	
0001104659-20-030098	1	Equity (common or preferred stock)	
0001104659-20-030091	1	Equity (common or preferred stock)	
0001477932-20-001090	1	Equity (common or preferred stock)	
0001213900-20-005533	1	Equity (common or preferred stock)	
0001477932-20-001081	1	Equity (common or preferred stock)	
0001575705-20-000019	1	Equity (common or preferred stock)	
0001185185-20-000236	1	Equity (common or preferred stock)	
0001213900-20-005488	1	Equity (common or preferred stock)	
0001493152-20-003396	1	Equity (common or preferred stock)	
0001213900-20-005367	1	Equity (common or preferred stock)	
0001213900-20-005333	1	Other(describe)	Props Tokens
0001445866-20-000172	1	Equity (common or preferred stock)	
0001104659-20-028569	1	Equity (common or preferred stock)	
0001437749-20-004225	1	Other(describe)	LLC ownership interests
0001477932-20-001036	1	Equity (common or preferred stock)	
0001553350-20-000192	1	Equity (common or preferred stock)	
0001193125-20-058978	1	Equity (common or preferred stock)	
0001104659-20-027677	1	Debt	
0001104659-20-027318	1	Equity (common or preferred stock)	
0001640334-20-000425	1	Equity (common or preferred stock)	
0001640334-20-000425	2	Option, warrant or other right to acquire another security	
0001640334-20-000425	3	Security to be acquired upon exercise of option, warrant or other right to acquire security	
0001683168-20-000611	1	Equity (common or preferred stock)	
0001731122-20-000208	1	Equity (common or preferred stock)	
0001683168-20-000593	1	Equity (common or preferred stock)	
0001493152-20-003030	1	Equity (common or preferred stock)	
0001104659-20-025335	1	Equity (common or preferred stock)	
0001477932-20-000896	1	Equity (common or preferred stock)	
0001185185-20-000221	1	Equity (common or preferred stock)	
0001758533-20-000001	1	Equity (common or preferred stock)	
0001104659-20-024989	1	Equity (common or preferred stock)	
0001493152-20-002957	1	Equity (common or preferred stock)	
0001104659-20-024991	1	Equity (common or preferred stock)	
0001709179-20-000007	1	Equity (common or preferred stock)	
0001721868-20-000102	1	Equity (common or preferred stock)	
0001437749-20-003458	1	Equity (common or preferred stock)	
0001104659-20-024604	1	Debt	
0001683168-20-000575	1	Equity (common or preferred stock)	
0001683168-20-000573	1	Equity (common or preferred stock)	
0001794352-20-000005	1	Equity (common or preferred stock)	
0001493152-20-002904	1	Equity (common or preferred stock)	
0001213900-20-004534	1	Equity (common or preferred stock)	
0001445866-20-000149	1	Equity (common or preferred stock)	
0001683168-20-000556	1	Equity (common or preferred stock)	
0001794009-20-000003	1	Equity (common or preferred stock)	
0001683168-20-000549	1	Equity (common or preferred stock)	
0001683168-20-000547	1	Equity (common or preferred stock)	
0001213900-20-004288	1	Equity (common or preferred stock)	
0001213900-20-004288	2	Debt	
0001663577-20-000042	1	Equity (common or preferred stock)	
0001213900-20-004155	1	Equity (common or preferred stock)	
0001387131-20-001892	1	Equity (common or preferred stock)	
0001213900-20-004114	1	Equity (common or preferred stock)	
0001477932-20-000749	1	Equity (common or preferred stock)	
0001213900-20-004054	1	Equity (common or preferred stock)	
0001213900-20-004054	2	Debt	
0001594062-20-000010	1	Equity (common or preferred stock)	
0001766214-20-000003	1	Equity (common or preferred stock)	
0001721868-20-000078	1	Equity (common or preferred stock)	
0001010549-20-000016	1	Equity (common or preferred stock)	
0001683168-20-000505	1	Equity (common or preferred stock)	
0001104659-20-021527	1	Equity (common or preferred stock)	
0001104659-20-021419	1	Debt	
0001104659-20-021232	1	Equity (common or preferred stock)	
0001213900-20-003750	1	Equity (common or preferred stock)	
0001213900-20-003708	1	Equity (common or preferred stock)	
0001213900-20-003524	2	Other(describe)	Membership Interests
0001213900-20-003524	1	Equity (common or preferred stock)	
0001104659-20-020009	2	Security to be acquired upon exercise of option, warrant or other right to acquire security	
0001104659-20-020009	1	Equity (common or preferred stock)	
0001748909-20-000001	1	Equity (common or preferred stock)	
0001493152-20-002146	1	Equity (common or preferred stock)	
0001798647-20-000002	1	Equity (common or preferred stock)	
0001104659-20-019188	1	Debt	
0001654954-20-001347	1	Equity (common or preferred stock)	
0001213900-20-003322	1	Equity (common or preferred stock)	
0001683168-20-000443	1	Equity (common or preferred stock)	
0001493152-20-001924	1	Equity (common or preferred stock)	
0001104659-20-015145	1	Equity (common or preferred stock)	
0001104659-20-014938	1	Equity (common or preferred stock)	
0001493152-20-001870	1	Equity (common or preferred stock)	
0001731122-20-000110	1	Equity (common or preferred stock)	
0001683168-20-000422	1	Equity (common or preferred stock)	
0001104659-20-012846	1	Equity (common or preferred stock)	
0001213900-20-002986	1	Other(describe)	Props Tokens
0001213900-20-002978	1	Equity (common or preferred stock)	
0001104659-20-012603	1	Equity (common or preferred stock)	
0001104659-20-012594	1	Equity (common or preferred stock)	
0001768126-20-000002	1	Other(describe)	LLC Interests
0001477932-20-000512	1	Equity (common or preferred stock)	
0001104659-20-012084	1	Equity (common or preferred stock)	
0001683168-20-000386	1	Other(describe)	Series LLC Interests
0001683168-20-000375	1	Equity (common or preferred stock)	
0001213900-20-002776	1	Equity (common or preferred stock)	
0001213900-20-002776	2	Debt	
0001794352-20-000004	1	Equity (common or preferred stock)	
0001794352-20-000003	1	Equity (common or preferred stock)	
0001104659-20-011503	1	Equity (common or preferred stock)	
0001104659-20-011519	1	Equity (common or preferred stock)	
0001104659-20-010888	1	Equity (common or preferred stock)	
0001663577-20-000023	1	Equity (common or preferred stock)	
0001213900-20-002612	1	Equity (common or preferred stock)	
0001493152-20-001591	1	Debt	
0001477932-20-000483	1	Equity (common or preferred stock)	
0001104659-20-010479	1	Debt	
0001104659-20-010457	1	Equity (common or preferred stock)	
0001214659-20-000853	1	Equity (common or preferred stock)	
0001683168-20-000322	1	Equity (common or preferred stock)	
0001445866-20-000091	1	Equity (common or preferred stock)	
0001104659-20-009336	1	Equity (common or preferred stock)	
0001387131-20-000818	1	Equity (common or preferred stock)	
0001709247-20-000002	1	Equity (common or preferred stock)	
0001104659-20-008942	1	Equity (common or preferred stock)	
0001350455-20-000001	1	Equity (common or preferred stock)	
0001725129-20-000004	1	Other(describe)	Props Tokens
0001794009-20-000001	1	Equity (common or preferred stock)	
0001477932-20-000443	1	Debt	
0001477932-20-000440	1	Equity (common or preferred stock)	
0001185185-20-000088	1	Equity (common or preferred stock)	
0001019056-20-000046	4	Other(describe)	Units consisting of 1 share of common stock and 1 Ember Warrant exercisable to purchase Ember Tokens
0001019056-20-000046	3	Security to be acquired upon exercise of option, warrant or other right to acquire security	
0001019056-20-000046	1	Equity (common or preferred stock)	
0001019056-20-000046	2	Option, warrant or other right to acquire another security	
0001213900-20-002027	1	Equity (common or preferred stock)	
0001213900-20-002027	2	Debt	
0001683168-20-000281	1	Equity (common or preferred stock)	
0001709179-20-000005	1	Equity (common or preferred stock)	
0001264931-20-000007	1	Equity (common or preferred stock)	
0001794352-20-000002	1	Equity (common or preferred stock)	
0001104659-20-007010	1	Other(describe)	Limited Recourse Obligation (LRO), a limited debt obligation of the issuer
0001477932-20-000394	1	Equity (common or preferred stock)	
0001683168-20-000264	1	Equity (common or preferred stock)	
0001104659-20-006799	1	Equity (common or preferred stock)	
0001213900-20-001762	1	Equity (common or preferred stock)	
0001477932-20-000358	1	Equity (common or preferred stock)	
0001683168-20-000251	1	Equity (common or preferred stock)	
0001104659-20-006368	1	Equity (common or preferred stock)	
0001683168-20-000249	1	Equity (common or preferred stock)	
0001477932-20-000341	1	Equity (common or preferred stock)	
0001104659-20-005875	1	Equity (common or preferred stock)	
0001104659-20-005648	1	Equity (common or preferred stock)	
0001213900-20-001471	1	Equity (common or preferred stock)	
0001493152-20-000799	1	Equity (common or preferred stock)	
0001104659-20-004812	2	Option, warrant or other right to acquire another security	
0001104659-20-004812	1	Equity (common or preferred stock)	
0001104659-20-004812	3	Security to be acquired upon exercise of option, warrant or other right to acquire security	
0001654954-20-000546	1	Debt	
0001104659-20-004750	1	Other(describe)	Limited Recourse Obligation (LRO), a limited debt obligation of the issuer
0001104659-20-004401	1	Equity (common or preferred stock)	
0001104659-20-004401	2	Security to be acquired upon exercise of option, warrant or other right to acquire security	
0001683168-20-000147	1	Equity (common or preferred stock)	
0001213900-20-001111	1	Equity (common or preferred stock)	
0001445866-20-000052	1	Equity (common or preferred stock)	
0001445866-20-000050	1	Equity (common or preferred stock)	
0001654954-20-000422	1	Debt	
0001683168-20-000136	1	Equity (common or preferred stock)	
0001683168-20-000134	1	Equity (common or preferred stock)	
0001683168-20-000129	1	Equity (common or preferred stock)	
0001683168-20-000121	1	Equity (common or preferred stock)	
0001683168-20-000115	1	Equity (common or preferred stock)	
0001493152-20-000516	1	Equity (common or preferred stock)	
0001376474-20-000005	1	Equity (common or preferred stock)	
0001387131-20-000208	1	Equity (common or preferred stock)	
0001104659-20-003108	1	Equity (common or preferred stock)	
0001731122-20-000038	1	Equity (common or preferred stock)	
0001721868-20-000018	1	Equity (common or preferred stock)	
0001213900-20-000707	1	Equity (common or preferred stock)	
0001213900-20-000667	1	Equity (common or preferred stock)	
0001731122-20-000028	1	Equity (common or preferred stock)	
0001213900-20-000662	1	Equity (common or preferred stock)	
0001493152-20-000404	1	Equity (common or preferred stock)	
0001104659-20-002516	1	Equity (common or preferred stock)	
0001493152-20-000380	1	Equity (common or preferred stock)	
0001683168-20-000060	1	Equity (common or preferred stock)	
0001731122-20-000010	1	Equity (common or preferred stock)	
0001213900-20-000403	1	Equity (common or preferred stock)	
0001683168-20-000035	1	Equity (common or preferred stock)	
0001104659-20-001888	1	Equity (common or preferred stock)	
0001104659-20-001888	2	Option, warrant or other right to acquire another security	
0001104659-20-001888	3	Security to be acquired upon exercise of option, warrant or other right to acquire security	
0001683168-20-000031	1	Equity (common or preferred stock)	
0001104659-20-001850	1	Other(describe)	Limited Recourse Obligation (LRO), a limited debt obligation of the issuer
0001437749-20-000260	1	Other(describe)	LLC ownership interests
0001104659-20-001488	1	Equity (common or preferred stock)	
0001493152-20-000153	1	Equity (common or preferred stock)	
0001104659-20-000830	1	Equity (common or preferred stock)	
0001445866-20-000005	1	Equity (common or preferred stock)	
0001493152-20-000110	1	Equity (common or preferred stock)	
0001477932-19-007349	1	Equity (common or preferred stock)	
0001493152-19-019958	1	Equity (common or preferred stock)	
