ACCESSION_NUMBER	STREET1	STREET2	CITY	STATEORCOUNTRY	ZIPCODE	PHONENUMBER	CONNECTIONNAME	INDUSTRYGROUP	CASHEQUIVALENTS	INVESTMENTSECURITIES	TOTALINVESTMENTS	ACCOUNTSRECEIVABLE	LOANS	PROPERTYPLANTEQUIPMENT	PROPERTYANDEQUIPMENT	TOTALASSETS	ACCOUNTSPAYABLE	POLICYLIABILITIESANDACCRUALS	DEPOSITS	LONGTERMDEBT	TOTALLIABILITIES	TOTALSTOCKHOLDEREQUITY	TOTALLIABILITIESANDEQUITY	TOTALREVENUES	TOTALINTERESTINCOME	COSTANDEXPENSESAPPLTOREVENUES	TOTALINTERESTEXPENSES	DEPRECIATIONANDAMORTIZATION	NETINCOME	EARNINGSPERSHAREBASIC	EARNINGSPERSHAREDILUTED	NAMEAUDITOR	CERTIFYIFTRUE	CERTIFYIFNOTDISQUALIFIED	CERTIFYIFBADACTOR	JURISDICTIONSOFSECOFFEREDNONE	JURISDICTIONSOFSECOFFEREDSAME	IFUNREGSITEREDNONE	SECURITIESACTEXCEMPTION
0001493152-20-005490	3465 S GAYLORD CT.	STE. A509	ENGLEWOOD	CO	80113	855-933-3277	Kenneth Tapp, CEO	Other	5500.0	0.0		51252.0		0.0		56752.0	337712.0			0.0	337712.0	-280960.0	56752.0	18208.0		28553.0		0.0	-10345.0	0.0	0.0	BF Borgers CPA PC	true	true		true		true	
0001104659-20-041168	1275 KINNEAR AVE.		COLUMBUS	OH	43212	305-967-4765	Jeffrey S. Marks	Other	337825.0	0.0		0.0		0.0		337825.0	152939.0			0.0	152939.0	184886.0	337825.0	0.0		0.0		0.0	-479383.0	-0.01	-0.01	Artesian CPA, LLC	true	true			true		Section 4(a)(2) of the Securities Act / Regulation CF
0001575705-20-000032	1801 Century Park East, Suite 1201		Los Angeles	CA	90067	310-860-9975	David Ficksman	Other	1500.0	0.0		0.0		0.0		7500.0	1315707.0			0.0	1445695.0	-1445695.0	7500.0	0.0		0.0		0.0	-8632.0	0.0	0.0		true	true		true			These securities were sold in reliance upon the exemption provided by Section 4(a)(2) of the Securities Act of 1933, as amended for transactions not involving a public market.
0001758533-20-000003	401 N MICHIGAN AVE.	STUITE 1293	CHICAGO	IL	60611	847-456-4121	Kendall Almerico	Other	35733.0	0.0		37622.0		0.0		1109227.0	49194.0			0.0	49194.0	1060033.0	1109227.0	5108.0		10057.0		217.0	-83302.0	0.0	0.0	IndigoSpire CPA Group LLC	true	true	false	false	true	true	
0001758533-20-000002	10949 ESTEBAN DRIVE		FT. MYERS	FL	33912	2393133693	Kendall Almerico	Other	137871.0	0.0		15000.0		0.0		152871.0	42094.0			0.0	42094.0	110777.0	152871.0	0.0		97762.0		0.0	-97762.0	-0.01	-0.01	IndigoSpire CPA Group	true	true	false	false	false	false	Regulation D, Rule 506(C)
0001477932-20-001623	411 Eastgate road, Suite A		Henderson	NV	89001	702-572-8050	William R. Eilers, Esq	Other	220.0	0.0		1324.0		0.0		1544.0	156424.0			0.0	1496925.0	-1495381.0	1544.0	0.0		0.0		0.0	2797656.0	0.02	0.01	None	true	true	true		true	false	Rule 506 of Regulation D and Section 3(a)(10) of the Securities Act
0001477932-20-001592	1411 5th Street - Ste 505		Santa Monica	CA	90401	323-799-1342	Jillian Sidoti, Esq.	Other	100.0	0.0		0.0		0.0		55230.0	27130.0			0.0	27130.0	28100.0	55230.0	0.0		0.0		0.0	0.0	0.0	0.0	Alan T. Schiffman, CPA, PC	true	true	false	true		false	Such interests were issued as founders' interests without consideration under 4(2).
0001731122-20-000307	701 East Front Street, 2nd Floor		Coeur D'Alene	ID	83814	800-971-5988	Kevin Kim, Tae Kim	Other	179641.0	0.0		461034.0		0.0		640675.0	23891.0			0.0	23891.0	616784.0	640675.0	17419.0		25635.0		0.0	-8216.0	0.0	0.0	Armanino LLP	true	true	true	true			Membership Interests offered by Secured Investment High Yield Fund II, LLC, a Delaware limited liability company. Offering exempt from registration under Regulation D Rule 506(c).
0001477932-20-001579	4100B Wyoming Street		Nashville	TN	372019	952-905-4023	Jillian Sidoti	Other	14334.0	0.0		0.0		0.0		19334.0	5000.0			0.0	5000.0	14334.0	19334.0	0.0		25666.0		0.0	25666.0	0.0	0.0	Spiegel Accountancy	true	true	false	true		true	
0001683168-20-000978	564 STEVENS AVENUE		SOLANA BEACH	CA	92075	858-225-8998	Jeanne Campanelli	Other	428561.0	0.0		96376.0		191374.0		6794658.0	3434023.0			901878.0	15790042.0	-16224698.0	6794658.0	5760008.0		2691068.0		254230.0	-4447863.0	-0.4	-0.4	dbbmckennon	true	true			true		Regulation CF and Regulation D Rule 506(b) of the Securities Act
0001445866-20-000244	335 MADISON AVE, 16TH FLOOR		NEW YORK	NY	10017	201-479-4408	Michael Karnjanaprakorn	Other	0.0	0.0		0.0		0.0		237500.0	0.0			0.0	237500.0	0.0	237500.0	0.0		0.0		0.0	0.0	0.0	0.0	Jason M. Tyra, CPA, PLLC	true	true	false	false	true	true	
0001264931-20-000053	7951 S.W. 6TH STREET	SUITE  216	PLANTATION	FL	33324	3057477647	HAROLD H. MARTIN	Other	6420.0	0.0		19615.0		21273.0		776508.0	154063.0			181069.0	899527.0	-123019.0	776508.0	388585.0		442807.0		0.0	15001.0	0.0	0.0	N/A	true	true		true		true	
0001213900-20-007262	525 S. Hewitt Street		Los Angeles	CA	90013	323-939-6645	Gregory A. Sichenzia	Other	513926.0	0.0		570900.0		126407.0		1286678.0	2019500.0			746294.0	20609907.0	-23593719.0	1286678.0	2696433.0		2406139.0		32788.0	-8318040.0	-5.11	-5.11	M&K CPAS, PLLC	true	true			true		These securities were sold in reliance upon the exemption provided by Section 4(a)(2) of the Securities Act for transactions not involving a public offering.
0001493152-20-004593	3700 Campus Drive	Suite 206	Newport Beach	CA	92660	7149784425	Andrew Coldicutt, Esq.	Other	34727.0	0.0		0.0		0.0		347272.0	6430.0			35000.0	41430.0	6703.0	347272.0	0.0		0.0		0.0	-241153.0	-0.09	-0.09	n/a	true	true		true			Exempt from registration under Section 4(2) of the Securities Act , as Amended, and the Rules promulgated thereunder.
0001213900-20-007229	2202 N. West Shore Blvd	Suite 200	Tampa	FL	33607	515-490-9067	Philip Magri / Magri Law, LLC	Other	101687.0	0.0		0.0		73692.0		197274.0	302160.0			794340.0	1096500.0	-899226.0	197274.0	0.0		0.0		225492.0	-3015636.0	-0.1	-0.1	Fruci & Associates II, PLLC	true	true		true			Section 4(a)(2) for isolated issuances to investors and officers/directors due to the fact they were isolated and did not involve advertising or a public offering of securities and Section 3(a)(9) for lenders who held convertible debt.
0001562884-20-000004	2020 Pennsylvania Ave NW	#527	Washington	DC	20006	9052999299	William R. Eilers, Esq	Other	0.0	0.0		635620.0		0.0		635620.0	164108.0			1642118.0	1806226.0	-1170606.0	635620.0	8123.0		37928.0		17.0	-29822.0	0.0	0.0		true	true			true	true	
0001683168-20-000912	16620 Marquez Ave Pacific		Palisades	CA	90272	310-230-0240	Peter DiChiara	Other	19555.0	0.0		0.0		915654.0		1120209.0	244163.0			0.0	244163.0	876046.0	1120209.0	0.0		0.0		0.0	-111894.0	0.0	0.0		true	true			true		Section 4(a)(2)
0001493152-20-004545	497 BROOME STREET		NEW YORK	NY	10013	203-518-5172	JOSH GOLDSTEIN	Other	100.0	0.0		0.0		0.0		100.0	0.0			0.0	0.0	100.0	100.0	0.0		0.0		0.0	0.0	0.0	0.0	N/A	true	true			true		The foregoing issuances were pursuant to Section 4(a)(2) of the Securities Act of 1933, as amended, for transactions by an issuer not involving any public offering.
0001493152-20-004541	497 BROOME STREET		NEW YORK	NY	10013	203-518-5172	JOSH GOLDSTEIN	Other	100.0	0.0		0.0		0.0		100.0	0.0			0.0	0.0	100.0	100.0	0.0		0.0		0.0	0.0	0.0	0.0	N/A	true	true			true		The foregoing issuances were pursuant to Section 4(a)(2) of the Securities Act of 1933, as amended, for transactions by an issuer not involving any public offering.
0001104659-20-037099	20C Trolley Square		Wilmington	DE	19806	844-843-7296	William Eilers, Esq.	Other	56.0	0.0		65606.0		2007438.0		2073044.0	1223383.0			1425533.0	2648916.0	-575871.0	2073044.0	122452.0		18337.0		0.0	-514136.0	0.0	0.0		true	true	true	true			None
0001594062-20-000021	5910 PACIFIC CENTER BLVD., STE. 300		SAN DIEGO	CA	92121	800-268-0719	Tu Diep	Other	425698.0	1571805.0		294704.0		32531.0		2715344.0	370723.0			0.0	7452575.0	-4737241.0	2715344.0	654493.0		486379.0		1882.0	-2330694.0	-0.37	-0.37	Deloitte & Touche LLP	true	true	false	true	false	false	Sales to accredited investors and non-U.S. persons under Rule 506(b) of Regulation D and Regulation S of the Securities Act.
0001104659-20-036936	1115 W. SUNSET BLVD	Suite 801	LOS ANGELES	CA	90012	855-300-6426	Max Levine	Other	1000.0	0.0		0.0		0.0		514000.0	513000.0			0.0	513000.0	1000.0	514000.0	0.0		0.0		0.0	0.0	0.0	0.0	EisnerAmper LLP	true	true		true			John Chaffetz and Max Levine each purchased 50 shares of common stock at $10.00 per share for an aggregate purchase price of $1,000. Such issuance was exempt from the registration requirements of the Securities Act pursuant to Section 4(a)(2) thereof.
0001213900-20-007011	301 E. PINE ST, SUITE 850		ORLANDO	FL	32801	407-986-4234	James S. Byrd, Jr.	Other	298222.0	0.0		17321395.0		108920.0		19037852.0	1074522.0			6194806.0	14622778.0	4415074.0	19037852.0	2133734.0		-3379081.0		2939.0	-1248286.0	-0.1	-0.1	Rosenfield and Company PLLC	true	true			true	true	
0001213900-20-007003	9679 Myrtle Grove Lane		Easton	MD	21601	503-868-0400	David McElroy	Other	3834.0	0.0		244410.0		0.0		465557.0	41643.0			0.0	41643.0	423914.0	465557.0	11742.0		21921.0		0.0	-10179.0	-0.22	-0.22	Dbbmckennon	true	true		true			Section 4(a)(2) of the Securities Act.
0001104659-20-036120	561 East Green Street		Pasadena	CA	91101	626-244-8053	Andrew Stephenson, Esq.	Other	2047833.0	0.0		58500.0		277021.0		3156509.0	291712.0			0.0	349978.0	2806531.0	3156509.0	6000.0		0.0		48088.0	-3780979.0	-3.08	-3.08	Artesian CPA	true	true			true		4(a)(2)
0001640334-20-000563	SUITE 1000, 409 GRANVILLE STREET		Vancouver	A1	V6C 1T2	1-833-383-6500	Roop Mundi	Other	647450.0	0.0		10993.0		204885.0		863328.0	129139.0			0.0	129139.0	734189.0	863328.0	4688.0		1326.0		0.0	-907309.0	-0.04	-0.04	Crowe MacKay LLP	true	true	false			false	Regulation D Rule 506(c) offering to accredited investors only
0001683168-20-000867	564 STEVENS AVENUE		SOLANA BEACH	CA	92075	858-225-8998	Jeanne Campanelli	Other	428561.0	0.0		96376.0		191374.0		6794658.0	3434023.0			901878.0	15790042.0	-16224698.0	6794658.0	5760008.0		2691068.0		254230.0	-4447863.0	-0.4	-0.4	dbbmckennon	true	true			true		Regulation CF and Regulation D Rule 506(b) of the Securities Act
0001493152-20-004281	831 State Street, Suite 280		Santa Barbara	CA	93101	805-252-4938	Lynne Bolduc, Esq.	Other	0.0	0.0		0.0		0.0		0.0	0.0			14884.0	14884.0	-14884.0	0.0	0.0		0.0		0.0	-14884.0	0.0	0.0	dbbmckennon	true	true			true	true	
0001213900-20-006773	124 Main Street		Delhi	NY	13753	855-413-3544	Abby E. Brown, Esq.	Banking	2734.0	98462.0			181168.0		3446.0	296352.0	3912.0		253577.0	165.0	265179.0	31173.0	296352.0		10484.0		1760.0	845.0	2715.0	1.72	1.75	Baker Tilly Virchow Krause, LLP	true	true		true			Exempt offering under Regulation A pursuant to a qualified offering statement.
0001140361-20-006168	605 PALENCIA CLUB DRIVE		ST. AUGUSTINE	FL	32095	800-350-8061	Ira Levine	Other	0.0	0.0		0.0		0.0		0.0	0.0			0.0	0.0	0.0	0.0	0.0		0.0		0.0	0.0	0.0	0.0	N/A	true	true	false	true	false	true	
0001140361-20-006155	605 Palencia Club Drive		St. Augustine	FL	32095	800-350-8061	Ira Levine	Other	0.0	0.0		0.0		0.0		0.0	0.0			0.0	0.0	0.0	0.0	0.0		0.0		0.0	0.0	0.0	0.0	N/A	true	true	false	true	false	true	
0001010549-20-000033	125 GREENWICH AVENUE	3RD FLOOR	GREENWICH	CT	06830	203-622-6000	Vanessa Schoenthaler	Other	10398405.0	0.0		0.0		0.0		10648405.0	44507.0			0.0	44507.0	10603898.0	10648405.0	0.0		-184579.0		0.0	-184579.0	-3.48	-3.48	Citrin Cooperman & Company, LLP	true	true		true			Belpointe, LLC, purchased 100 shares of common stock for an aggregate purchase price of $10,000 in a private offering. Such issuance was exempt from the registartion requirements of the Securities Act of 1933 pursuant to Section 4(a)(2) thereof.
0001213900-20-006559	9679 Myrtle Grove Lane		Easton	MD	21601	503-868-0400	David McElroy	Other	3834.0	0.0		244410.0		0.0		465557.0	41643.0			0.0	41643.0	423914.0	465557.0	11742.0		21921.0		0.0	-10179.0	-0.22	-0.22	Dbbmckennon	true	true		true			Section 4(a)(2) of the Securities Act.
0001477932-20-001372	18909 NE 29th Avenue		Aventura	FL	33180	310-777-0255	Jillian Sidoti, Esq.	Other	19445.0	0.0		0.0		0.0		19445.0	19445.0			0.0	19445.0	0.0	19445.0	0.0		0.0		0.0	0.0	0.0	0.0	Kaufman Rosin	true	true	false	true		false	Such interests were issued as founders' interests without consideration under 4(2).
0001683168-20-000804	1140 HIGHLAND AVE #222		MANHATTAN BEACH	CA	90266	800-681-5988	Donnell Suares	Other	100.0	0.0		0.0		0.0		100.0	0.0			7999.0	7999.0	-6239.0	100.0	0.0		6239.0		0.0	-6239.0	0.0	0.0	J'on Dennis	true	true		true			Section 4(2) of the Securities Act of 1933.
0001213900-20-006350	525 S. Hewitt Street		Los Angeles	CA	90013	323-939-6645	Gregory A. Sichenzia	Other	513926.0	0.0		570900.0		126407.0		1286678.0	2019500.0			746294.0	20609907.0	-23593719.0	1286678.0	2696433.0		2406139.0		32788.0	-8318040.0	-5.11	-5.11	M&K CPAS, PLLC	true	true			true		These securities were sold in reliance upon the exemption provided by Section 4(a)(2) of the Securities Act for transactions not involving a public offering.
0001213900-20-006342	365 5th Ave South	Suite 201	Naples	FL	34102	239-666-3440	Dennis L. Smith	Other	459099.0	0.0		427478.0		11415628.0		15705934.0	1267781.0			20506900.0	27065673.0	-11359739.0	15705934.0	8854905.0		1752413.0		896005.0	-1805708.0	-0.12	-0.12	Somerset CPAs, P.C.	true	true			true		Section 4(a)(2) of the Securities Act of 1933 and Regulation D thereunder, for sale to accredited investors.
0001437749-20-005135	1450 NORTH BROADWAY		LEXINGTON	KY	40505	8599770124	ALAN K. MACDONALD	Other	5000.0	0.0		0.0		10088.0		15088.0	7505.0			0.0	7505.0	7583.0	15088.0	0.0		153043.0		112.0	-153160.0	-153160.0	-153160.0	DEAN DORTON ALLEN FORD, PLLC	true	true	false	false	true	false	4(a)(2) - initial capital contribution by Manager to found the Issuer.
0001104659-20-032685	333 WESTCHESTER AVENUE	SUITE W2100	WHITE PLAINS	NY	10604	914-372-7337	Ezra Levine	Other	0.0	0.0		0.0		0.0		0.0	0.0			0.0	0.0	0.0	0.0	0.0		0.0		0.0	-396.0	0.0	0.0	Jason M. Tyra, CPA, PLLC	true	true			true	true	
0001104659-20-032597	8687 MELROSE AVE	7TH FLOOR (GREEN BUILDING)	WEST HOLLYWOOD	CA	90069	800-317-2200	Jamie Ostrow	Other	1040327.0	307990.0		442186.0		3154.0		2644487.0	323653.0			0.0	685526.0	1958961.0	2644487.0	1881310.0		912327.0		1280.0	-1933791.0	-0.26	-0.26	dbbmckennon	true	true		true			Regulation CF
0001477932-20-001300	1910 South Stapley Dr.	Suite 221	Mesa	AZ	85204	888-693-8733	Shelly Befumo	Other	1098632.0	0.0		31394.0		174047.0		2208809.0	0.0			0.0	0.0	2208809.0	2208809.0	0.0		459110.0		0.0	-459110.0	-1.82	-1.82	dbbmckennon	true	true	false		true	false	Regulation Crowdfunding + Regulation D, * 4(a)(6) of the Securities Act of 1933, * 4(a)(2) of the Securities Act of 1933
0001185185-20-000276	13575 58TH STREET NORTH - #138		CLEARWATER	FL	33760	727-678-4420	Clifford J. Hunt, Esquire	Other	74714.0	0.0		11742.0		381225.0		760919.0	307543.0			550776.0	1964858.0	-1203939.0	760919.0	402156.0		383025.0		12723.0	-1289445.0	-0.04	-0.04	KWCO PC	true	true	false	true	false	true	
0001214659-20-002568	3802 SPECTRUM BLVD,	SUITE 112C	TAMPA	FL	33612	844-722-6333	Henry Nisser	Other	42606.0	0.0		205915.0		0.0		1500917.0	1104669.0			0.0	1184002.0	316915.0	1500917.0	0.0		0.0		0.0	-4862496.0	-0.08	-0.08	Squar Milner LLP	true	true			true		Private Placement under Section 4(a)(2) of the Securities Act of 1933, as amended, and Rule 506(b) of Regulation D promulgated thereunder.
0001213900-20-006099	335 Madison Ave, 16th Floor		New York	NY	10173	201-479-4408	Michael Karnjanaprakorn	Other	0.0	0.0		0.0		0.0		0.0	0.0			0.0	0.0	0.0	0.0	0.0		0.0		0.0	0.0	0.0	0.0	Artesian CPA, LLC	true	true			true	true	
0001213900-20-006093	701 East Front Street, 2nd Floor		Coeur D'Alene	ID	83814	800-971-5988	Kevin Kim, Tae Kim	Other	179641.0	0.0		461034.0		0.0		640675.0	23891.0			0.0	23891.0	616784.0	640675.0	17419.0		25635.0		0.0	-8216.0	0.0	0.0	Armanino LLP	true	true	true	true			Membership Interests offered by Secured Investment High Yield Fund II, LLC, a Delaware limited liability company. Offering exempt from registration under Regulation D Rule 506(c).
0001104659-20-032385	600 Peachtree Street	Suite 810	Atlanta	GA	30308	404-850-9225	Nick Bhargava	Other	20100.0	0.0		166973.0		0.0		210642.0	210642.0			0.0	210642.0	0.0	210642.0	0.0		0.0		0.0	0.0	0.0	0.0	N/A	true	true		true		true	
0001104659-20-032293	75 5th St NW	Suite 2290	Atlanta	GA	30308	1-404-806-9906	Andrew Stephenson	Other	331761.0	0.0		104081.0		1167147.0		3992125.0	403118.0			832250.0	3901071.0	91054.0	3992125.0	2108884.0		4145001.0		303054.0	-2143506.0	-1.11	-0.9	Cherry Bekaert LLP	true	true			true		Section 4(a)(2)
0001493152-20-003788	One Boca Commerce Center	551 NW 77 Street, Suite 212	Boca Raton	FL	33487	561-288-8467	LAURA ANTHONY	Other	5000.0	0.0		0.0		0.0		5000.0	5619.0			0.0	5619.0	-619.0	5000.0	0.0		5619.0		0.0	-5619.0	-56.19	-56.19	Salberg & Company, P.A.	true	true			true		The foregoing issuances were pursuant to Rule 506(b) of Regulation D and Section 4(2) of the Securities Act of 1933, as amended, for transactions by an issuer not involving any public offering.
0001493152-20-003737	4145 Wagon Trail Avenue		Las Vegas	NV	89118	646-286-9070	Spencer G. Feldman, Esq.	Other	1001671.0	0.0		290706.0		3536875.0		5764277.0	6215217.0			250000.0	6465217.0	-700940.0	5764277.0	2072485.0		1732993.0		159444.0	-895545.0	-0.01	-0.01	K.K. Mehta CPA Associates PLLC	true	true			true		Section 4(a)(2) of the Securities Act
0001683168-20-000772	707 W. Corsicana St.		Athens	TX	75751	903-264-7892	Craig S. Fischer	Other	131.0	0.0		0.0		186535.0		341666.0	589762.0			0.0	589762.0	-248096.0	341666.0	165000.0		0.0		0.0	69155.0	0.0	0.0		true	true		true		true	
0001213900-20-005911	1411 4th Avenue		Seattle	WA	98101	206-607-6080	Robin Sosnow, Esq.	Other	0.0	0.0		0.0		0.0		0.0	0.0			0.0	0.0	0.0	0.0	0.0		0.0		0.0	0.0	0.0	0.0	dbbmckennon LLC	true	true			true		Common Shares - Section 4(a)(2) of the Securities Act of 1933. Investor Shares - Rule 506(c) of Regulation D.
0001683168-20-000757	1140 HIGHLAND AVE #222		MANHATTAN BEACH	CA	90266	800-681-5988	Donnell Suares	Other	100.0	0.0		0.0		0.0		100.0	0.0			7999.0	7999.0	-6239.0	100.0	0.0		6239.0		0.0	-6239.0	0.0	0.0	J'on Dennis	true	true		true			Section 4(2) of the Securities Act of 1933.
0001104659-20-031436	561 East Green Street		Pasadena	CA	91101	626-244-8053	Andrew Stephenson, Esq.	Other	2047833.0	0.0		58500.0		277021.0		3156509.0	291712.0			0.0	349978.0	2806531.0	3156509.0	6000.0		0.0		48088.0	-3780979.0	-3.08	-3.08	Artesian CPA	true	true			true		4(a)(2)
0001078782-20-000173	3 WILDERNESS TRAIL		FRIENDSWOOD	TX	77646	281-380-3854	Frank J. Hariton	Other	1050.0	0.0		0.0		438803.0		439853.0	445963.0			0.0	445963.0	-6110.0	439853.0	0.0		0.0		0.0	-5218.0	0.0	0.0	Thayer ONeal Company LLC	true	true	false	true	false	true	
0001754259-20-000001	8400 EAST PRENTICE AVNUE	SUITE 1360	GREENWOOD VILLAGE	CO	80111	9202070100	Mark Thatcher	Other	36078.0	0.0		121050.0		0.0		734465.0	0.0			551337.0	551337.0	183128.0	734465.0	0.0		0.0		0.0	0.0	0.0	0.0		true	true	false	true	false	false	Regulation D, Rule 506(c), Regulation S and Section 4(2)
0001800402-20-000002	163 3rd St	#1D	Hoboken	NJ	07030	4102944932	LeMont Joyner	Other	500.0	0.0		0.0		0.0		500.0	500.0			0.0	500.0	0.0	500.0	0.0		0.0		0.0	0.0	0.0	0.0	David Morrison	true	true	false	true	false	true	
0001477932-20-001211	4100B Wyoming Street		Nashville	TN	372019	952-905-4023	Jillian Sidoti	Other	14334.0	0.0		0.0		0.0		19334.0	5000.0			0.0	5000.0	14334.0	19334.0	0.0		25666.0		0.0	25666.0	0.0	0.0	Spiegel Accountancy	true	true	false	true		true	
0001731122-20-000239	208 East 51st Street	Suite 170	New York	NY	10022	212-508-2130	Andrew Coldicutt, Esq	Other	20.0	0.0		1050.0		0.0		3321389.0	1759011.0			0.0	7651266.0	-4330237.0	3321389.0	0.0		0.0		0.0	-387985.0	0.0	0.0	N/A	true	true		true			Exempt from registration under Section 4(2) of the Securities Act , as Amended, and the Rules promulgated thereunder.
0001493152-20-003563	7745 Arjons Drive		San Diego	CA	92126	619-763-4901	Arden Anderson, Esq.	Other	3529942.0	0.0		79.0		0.0		4337843.0	24205.0			0.0	24205.0	4313649.0	4337843.0	0.0		0.0		0.0	-100663.0	-0.01	-0.01	N/A	true	true		true			Section 4(a)(2)
0001493152-20-003544	One Boca Commerce Center	551 NW 77 Street, Suite 212	Boca Raton	FL	33487	561-288-8467	LAURA ANTHONY	Other	5000.0	0.0		0.0		0.0		5000.0	5619.0			0.0	5619.0	-619.0	5000.0	0.0		5619.0		0.0	-5619.0	-56.19	-56.19	Salberg & Company, P.A.	true	true			true		The foregoing issuances were pursuant to Rule 506(b) of Regulation D and Section 4(2) of the Securities Act of 1933, as amended, for transactions by an issuer not involving any public offering.
0001213900-20-005610	525 S. Hewitt Street		Los Angeles	CA	90013	323-939-6645	Gregory A. Sichenzia	Other	513926.0	0.0		570900.0		126407.0		1286678.0	2019500.0			746294.0	20609907.0	-23593719.0	1286678.0	2696433.0		2406139.0		32788.0	-8318040.0	-5.11	-5.11	M&K CPAS, PLLC	true	true			true		These securities were sold in reliance upon the exemption provided by Section 4(a)(2) of the Securities Act for transactions not involving a public offering.
0001683168-20-000709	1825 CORPORATE BLVD. NW, SUITE 110	cell 561-401-1918	BOCA RATON	FL	33431	877-267-6278	Brian Higley, Esq.	Other	585.0	0.0		0.0		0.0		585.0	75065.0			0.0	75065.0	-74480.0	585.0	0.0		33945.0		0.0	-34968.0	0.0	0.0	Salberg & Company, P.A.	true	true		true			Exempt from registration under 4(a)(2)Rule 506(b) of Regulation D and Regulation A of the Securities Act
0001104659-20-030098	11 Dupont Circle NW	9th FL	WASHINGTON	DC	20036	202-584-0550	Bjorn Hall	Other	11175000.0	0.0		239000.0		0.0		48568000.0	80000.0			0.0	2097000.0	46471000.0	48568000.0	720000.0		165000.0		61000.0	491000.0	0.11	0.11	RSM US LLP (above values unaudited)	true	true		true		true	
0001104659-20-030091	11 Dupont Circle NW	9th FL	WASHINGTON	DC	20036	202-584-0550	Bjorn Hall	Other	15765000.0	0.0		28749000.0		0.0		49726000.0	64000.0			0.0	3218000.0	46508000.0	49726000.0	1562000.0		100000.0		0.0	1460000.0	0.35000000000000003	0.35000000000000003	RSM US LLP (above values unaudited)	true	true		true		true	
0001477932-20-001090	303 E. 4th St.		Los Angeles	CA	90013	323-994-1180	Peter Berkman, Esq.	Other	46164.0	0.0		0.0		101168.0		705739.0	0.0			399298.0	428447.0	277292.0	705739.0	481686.0		449473.0		38664.0	-470444.0	0.0	0.0	MaughanSullivan LLC	true	true	true	true		false	Regulation D, Rule 506 Form D filed March 4, 2019
0001213900-20-005533	16620 Marquez Ave Pacific		Palisades	CA	90272	310-230-0240	Peter DiChiara	Other	19555.0	0.0		0.0		915654.0		1120209.0	244163.0			0.0	244163.0	876046.0	1120209.0	0.0		0.0		0.0	-111894.0	0.0	0.0		true	true			true		Exempt from registration under the Securities Act of 1933 and Rules promulgated thereunder.
0001477932-20-001081	Verax Botanical Research Ctr @	Johns Hopkins Univ, 9601 Medical Ctr Dr.	Rockville	MD	20850	888-214-2584	John E. Dolkart, Jr., Esq.	Other	11374.0	0.0		15070.0		5604919.0		5762420.0	49457.0			0.0	2874365.0	2888055.0	5762420.0	124397.0		110834.0		4166.0	-388581.0	-0.01	-0.01	Daszkal Bolton, LLP	true	true	false		true	false	Exempt from registration under Section 4(a)(2) of the Securities Act of 1933 and Rules promulgated thereunder.
0001575705-20-000019	SUITE 1540 401 CONGRESS AVE		AUSTIN	TX	78701	512-855-7704	Jackson L. Morris, Esq.	Other	0.0	0.0		0.0		0.0		0.0	0.0			0.0	125000.0	-125000.0	0.0	1415640.0		852621.0		0.0	-7959.0	0.0	0.0		true	true		true			Section 4(a)(2) [so called Section 4(a)(2)( 1/2)] of the Securities Act in that the transfer did not involve a public offering or the payment of any fees or commissions.
0001185185-20-000236	13575 58TH STREET NORTH - #138		CLEARWATER	FL	33760	727-678-4420	Clifford J. Hunt, Esquire	Other	74714.0	0.0		11742.0		381225.0		760919.0	307543.0			550776.0	1964858.0	-1203939.0	760919.0	402156.0		383025.0		12723.0	-1289445.0	-0.04	-0.04	KWCO PC	true	true	false	true	false	true	
0001213900-20-005488	1411 4th Avenue		Seattle	WA	98101	206-607-6080	Robin Sosnow, Esq.	Other	0.0	0.0		0.0		0.0		0.0	0.0			0.0	0.0	0.0	0.0	0.0		0.0		0.0	0.0	0.0	0.0	dbbmckennon LLC	true	true			true		Common Shares - Section 4(a)(2) of the Securities Act of 1933. Investor Shares - Rule 506(c) of Regulation D.
0001493152-20-003396	497 BROOME STREET		NEW YORK	NY	10013	203-518-5172	JOSH GOLDSTEIN	Other	100.0	0.0		0.0		0.0		100.0	0.0			0.0	0.0	100.0	100.0	0.0		0.0		0.0	0.0	0.0	0.0	N/A	true	true			true		The foregoing issuances were pursuant to Section 4(a)(2) of the Securities Act of 1933, as amended, for transactions by an issuer not involving any public offering.
0001213900-20-005367	16620 Marquez Ave Pacific		Palisades	CA	90272	310-230-0240	Peter DiChiara	Other	19555.0	0.0		0.0		915654.0		1120209.0	244163.0			0.0	244163.0	876046.0	1120209.0	0.0		0.0		0.0	-111894.0	0.0	0.0		true	true			true		Exempt from registration under the Securities Act of 1933 and Rules promulgated thereunder.
0001213900-20-005333	YOUNOW, INC.	161 BOWERY, FL 6	NEW YORK	NY	10002	302-658-7581	Richard Baumann	Other	3366737.0	0.0		506202.0		121353.0		7412009.0	3036689.0			0.0	7414540.0	-2531.0	7412009.0	3144909.0		1846678.0		185654.0	11084707.0	0.0	0.0	Rosen Kuslansky, CPA, PC	true	true			true		Tokens: 4(a)(2) of the Securities Act of 1933; Grants to Advisers: 4(a)(2) in one-on-one transactions
0001445866-20-000172	2506 North Clark Street #235		Chicago	IL	60614	312-282-2900	Marty Tate	Other	144368.0	0.0		71567.0		145774.0		374853.0	100142.0			2304000.0	2404142.0	2029289.0	374853.0	182632.0		0.0		401062.0	-2187357.0	0.21	0.21	Indigo Spire	true	true	false	false	true	false	Regulation CF
0001104659-20-028569	1115 W. SUNSET BLVD	Suite 801	LOS ANGELES	CA	90012	855-300-6426	Max Levine	Other	1000.0	0.0		0.0		0.0		514000.0	513000.0			0.0	513000.0	1000.0	514000.0	0.0		0.0		0.0	0.0	0.0	0.0	EisnerAmper LLP	true	true		true			John Chaffetz and Max Levine each purchased 50 shares of common stock at $10.00 per share for an aggregate purchase price of $1,000. Such issuance was exempt from the registration requirements of the Securities Act pursuant to Section 4(a)(2) thereof.
0001437749-20-004225	1450 NORTH BROADWAY		LEXINGTON	KY	40505	8599770124	ALAN K. MACDONALD	Other	5000.0	0.0		0.0		10088.0		15088.0	7505.0			0.0	7505.0	7583.0	15088.0	0.0		153043.0		112.0	-153160.0	-153160.0	-153160.0	DEAN DORTON ALLEN FORD, PLLC	true	true	false	false	true	false	4(a)(2) - initial capital contribution by Manager to found the Issuer.
0001477932-20-001036	4275 Executive Sq. Ste. 200		La Jolla	CA	92037	619-452-1542	Jillian Sidoti	Other	500.0	0.0		31000.0		0.0		31500.0	31000.0			0.0	31000.0	500.0	31500.0	0.0		0.0		0.0	0.0	0.0	0.0	Alan T. Schiffman, CPA, PC	true	true	false	true		true	
0001553350-20-000192	7901 4TH ST. N	SUITE 4174	ST. PETERSBURG	FL	33702	305-517-7330	Amy K. Maliza	Other	0.0	0.0		0.0		0.0		1875.0	3667913.0			0.0	4257810.0	4255935.0	1875.0	0.0		0.0		79746.0	683331.0	-0.01	-0.01	MaloneBailey LLP	true	true		true			Rule 506(b)
0001193125-20-058978	333 W. Main Street		Clarion	PA	16214	814-226-6000	Edward C. Ned Hogan	Banking	9184822.0	23224065.0			133090142.0		2980142.0	175386527.0	1493911.0		151654760.0	0.0	158148671.0	17237856.0	175386527.0		7850444.0		2082023.0	480617.0	819220.0	0.49	0.49	S.R. Snodgrass, P.C.	true	true	false	true		true	
0001104659-20-027677	600 Peachtree Street	Suite 810	Atlanta	GA	30308	404-850-9225	Nick Bhargava	Other	20100.0	0.0		166973.0		0.0		210642.0	210642.0			0.0	210642.0	0.0	210642.0	0.0		0.0		0.0	0.0	0.0	0.0	N/A	true	true		true		true	
0001104659-20-027318	1115 W. SUNSET BLVD	Suite 801	LOS ANGELES	CA	90012	855-300-6426	Max Levine	Other	1000.0	0.0		0.0		0.0		514000.0	513000.0			0.0	513000.0	1000.0	514000.0	0.0		0.0		0.0	0.0	0.0	0.0	EisnerAmper LLP	true	true		true			John Chaffetz and Max Levine each purchased 50 shares of common stock at $10.00 per share for an aggregate purchase price of $1,000. Such issuance was exempt from the registration requirements of the Securities Act pursuant to Section 4(a)(2) thereof.
0001640334-20-000425	SUITE 1000, 409 GRANVILLE STREET		VANCOUVER	A1	V6C1T2	1-833-383-6500	Roop Mundi	Other	647450.0	0.0		10993.0		204885.0		863328.0	129139.0			0.0	129139.0	734189.0	863328.0	4688.0		1326.0		0.0	-907309.0	-0.04	-0.04	Crowe MacKay LLP	true	true	false	false	false	false	Regulation D Rule 506(c) offering to accredited investors only
0001683168-20-000611	11445 East Via Linda, Suite 2-496		Scottsdale	AZ	85259	480-410-6780	Donnell Suares, Esq.	Other	26354.0	0.0		148847.0		0.0		1484862.0	116470.0			448110.0	564580.0	920282.0	1484862.0	63729.0		488208.0		0.0	-638874.0	-0.02	-0.02		true	true			true		Sections 3(a)(10), 4(a)(1)
0001731122-20-000208	208 East 51st Street	Suite 170	New York	NY	10022	212-508-2130	Andrew Coldicutt, Esq	Other	20.0	0.0		1050.0		0.0		3321389.0	1759011.0			0.0	7651266.0	-4330237.0	3321389.0	0.0		0.0		0.0	-387985.0	0.0	0.0	N/A	true	true		true			Exempt from registration under Section 4(2) of the Securities Act , as Amended, and the Rules promulgated thereunder.
0001683168-20-000593	1140 HIGHLAND AVE #222		MANHATTAN BEACH	CA	90266	800-681-5988	Donnell Suares	Other	100.0	0.0		0.0		0.0		100.0	0.0			7999.0	7999.0	-6239.0	100.0	0.0		6239.0		0.0	-6239.0	0.0	0.0	J'on Dennis	true	true		true			Section 4(2) of the Securities Act of 1933.
0001493152-20-003030	497 BROOME STREET		NEW YORK	NY	10013	203-518-5172	JOSH GOLDSTEIN	Other	100.0	0.0		0.0		0.0		100.0	0.0			0.0	0.0	100.0	100.0	0.0		0.0		0.0	0.0	0.0	0.0	N/A	true	true			true		The foregoing issuances were pursuant to Section 4(a)(2) of the Securities Act of 1933, as amended, for transactions by an issuer not involving any public offering.
0001104659-20-025335	561 East Green Street		Pasadena	CA	91101	626-244-8053	Andrew Stephenson, Esq.	Other	2047833.0	0.0		58500.0		277021.0		3156509.0	291712.0			0.0	349978.0	2806531.0	3156509.0	6000.0		0.0		48088.0	-3780979.0	-3.08	-3.08	Artesian CPA	true	true			true		4(a)(2)
0001477932-20-000896	8500 Wilshire Blvd.	Suite 700B	Beverly Hills	CA	90211	424-313-7471	Jillian Sidoti	Other	15438.0	0.0		456692.0		321279.0		793409.0	698575.0			0.0	698575.0	94834.0	793409.0	0.0		73440.0		0.0	-73440.0	0.0	0.0	Alan T. Schiffman, CPA, PC	true	true	false	true		false	Section 4(a)(2)
0001185185-20-000221	13575 58TH STREET NORTH - #138		CLEARWATER	FL	33760	727-678-4420	Clifford J. Hunt, Esquire	Other	74714.0	0.0		11742.0		381225.0		760919.0	307543.0			550776.0	1964858.0	-1203939.0	760919.0	402156.0		383025.0		12723.0	-1289445.0	-0.04	-0.04	KWCO PC	true	true	false	true	false	true	
0001758533-20-000001	10949 ESTEBAN DRIVE		FT. MYERS	FL	33912	2393133693	Kendall Almerico	Other	137871.0	0.0		15000.0		0.0		152871.0	42094.0			0.0	42094.0	110777.0	152871.0	0.0		97762.0		0.0	-97762.0	-0.01	-0.01	IndigoSpire CPA Group	true	true	false	false	false	false	Regulation D, Rule 506(C)
0001104659-20-024989	11 Dupont Circle NW, 9th FL		WASHINGTON	DC	20036	202-584-0550	Bjorn Hall	Other	5000.0	0.0		0.0		0.0		5000.0	0.0			0.0	0.0	5000.0	5000.0	0.0		0.0		0.0	0.0	0.0	0.0	RSM US LLP	true	true		true			Rise Companies Corp. has purchased 500 common shares for a purchase price of $5,000 in a private offering. Such issuance was exempt from the registration requirements of the Securities Act pursuant to Section 4(a)(2) thereof.
0001493152-20-002957	497 BROOME STREET		NEW YORK	NY	10013	203-518-5172	JOSH GOLDSTEIN	Other	100.0	0.0		0.0		0.0		100.0	0.0			0.0	0.0	100.0	100.0	0.0		0.0		0.0	0.0	0.0	0.0	N/A	true	true			true		The foregoing issuances were pursuant to Section 4(a)(2) of the Securities Act of 1933, as amended, for transactions by an issuer not involving any public offering.
0001104659-20-024991	11 Dupont Circle NW, 9th FL		WASHINGTON	DC	20036	202-584-0550	Bjorn Hall	Other	5000.0	0.0		0.0		0.0		5000.0	0.0			0.0	0.0	5000.0	5000.0	0.0		0.0		0.0	0.0	0.0	0.0	RSM US LLP	true	true		true			Rise Companies Corp. has purchased 500 common shares for a purchase price of $5,000 in a private offering. Such issuance was exempt from the registration requirements of the Securities Act pursuant to Section 4(a)(2) thereof.
0001709179-20-000007	21001 Watertown RD	SUITE 103	Waukesha	WI	53186	414-699-1962	Shone Bagley Sr	Banking	455390.44	94000.0			3765.7400000000002		10803.0	583570.93	300.0		152911.14	3765.7400000000002	4065.7400000000002	579505.1900000001	583570.93		0.0		0.0	21000.0	152911.14	0.5	0.0		true	true	true	true	false	true	
0001721868-20-000102	13195 U.S. Highway 221 N		Marion	NC	28752	844-889-2837	Leonard Greene	Other	3249.0	0.0		0.0		0.0		3250900.0	37491.0			0.0	2092499.0	1158401.0	3250900.0	0.0		0.0		17241.0	-123559.0	0.0	0.0		true	true		true			Section 4(a)(2) of the Securities Act
0001437749-20-003458	1765 Townsend Ave.	Apt.5h	Bronx	NY	10453-7688	646-245-9580	Rafael A. Jones	Other	24000000.0	10000000.0		16000000.0		40000.0		24000000.0	16000000.0			8000000.0	24000000.0	0.0	24000000.0	16000000.0		8525000.0		24000000.0	163000.0	8.0	4.2	Rafael A. Jones	true	true	false	false	true	true	
0001104659-20-024604	600 Peachtree Street	Suite 810	Atlanta	GA	30308	404-850-9225	Nick Bhargava	Other	20100.0	0.0		166973.0		0.0		210642.0	210642.0			0.0	210642.0	0.0	210642.0	0.0		0.0		0.0	0.0	0.0	0.0	N/A	true	true		true		true	
0001683168-20-000575	1140 HIGHLAND AVE #222		MANHATTAN BEACH	CA	90266	800-681-5988	Donnell Suares	Other	100.0	0.0		0.0		0.0		100.0	0.0			7999.0	7999.0	-6239.0	100.0	0.0		6239.0		0.0	-6239.0	0.0	0.0	J'on Dennis	true	true		true			Section 4(2) of the Securities Act of 1933.
0001683168-20-000573	11445 East Via Linda, Suite 2-496		Scottsdale	AZ	85259	480-410-6780	Donnell Suares, Esq.	Other	26354.0	0.0		148847.0		0.0		1484862.0	116470.0			448110.0	564580.0	920282.0	1484862.0	63729.0		488208.0		0.0	-638874.0	-0.02	-0.02		true	true			true		Sections 3(a)(10), 4(a)(1)
0001794352-20-000005	73-1089 MAHILANI DRIVE		KAILUA KONA	HI	96740	8089607259	FRANKLIN OGELE	Other	10000.0	0.0		0.0		0.0		10000.0	33000.0			0.0	33000.0	-23000.0	10000.0	0.0		43000.0		0.0	-43000.0	0.0	0.0	AJSH & CO	true	true	false	false	false	true	
0001493152-20-002904	497 BROOME STREET		NEW YORK	NY	10013	203-518-5172	JOSH GOLDSTEIN	Other	100.0	0.0		0.0		0.0		100.0	0.0			0.0	0.0	100.0	100.0	0.0		0.0		0.0	0.0	0.0	0.0	N/A	true	true			true		The foregoing issuances were pursuant to Section 4(a)(2) of the Securities Act of 1933, as amended, for transactions by an issuer not involving any public offering.
0001213900-20-004534	16620 Marquez Ave Pacific		Palisades	CA	90272	310-230-0240	Peter DiChiara	Other	19555.0	0.0		0.0		915654.0		1120209.0	244163.0			0.0	244163.0	876046.0	1120209.0	0.0		0.0		0.0	-111894.0	0.0	0.0		true	true			true		Exempt from registration under the Securities Act of 1933 and Rules promulgated thereunder.
0001445866-20-000149	12411 POWAY ROAD		POWAY	CA	92064	760-916-7444	Jeffrey Turner	Other	76112.0	0.0		110114.0		186226.0		10172763.0	632213.0			497954.0	1130167.0	9042596.0	10172763.0	4895815.0		4175324.0		0.0	654805.0	0.01	0.01	NONE	true	true	false	true	false	false	Rule 144 and/or Section 4(a)(2) of the Securities Act of 1933
0001683168-20-000556	11445 East Via Linda, Suite 2-496		Scottsdale	AZ	85259	480-410-6780	Donnell Suares, Esq.	Other	26354.0	0.0		148847.0		0.0		1484862.0	116470.0			448110.0	564580.0	920282.0	1484862.0	63729.0		488208.0		0.0	-638874.0	-0.02	-0.02		true	true			true		Sections 3(a)(10), 4(a)(1)
0001794009-20-000003	121 E 35TH STREET		TULSA	OK	74106	918-671-9935	Joseph Francella	Other	34190.0	0.0		25453.0		658536.0		718179.0	808830.0			1051850.0	1860680.0	-1142501.0	718179.0	47294.0		359010.0		11917.0	-323633.0	0.0	0.0		true	true	false	true	false	true	
0001683168-20-000549	1825 CORPORATE BLVD. NW, SUITE 110	cell 561-401-1918	BOCA RATON	FL	33431	877-267-6278	Brian Higley, Esq.	Other	8983.0	0.0		0.0		0.0		8983.0	35236.0			0.0	52436.0	43453.0	8983.0	0.0		96236.0		0.0	-97686.0	0.0	0.0	Salberg & Company, P.A.	true	true		true			Exempt from registration under 4(a)(2)Rule 506(b) of Regulation D and Regulation A of the Securities Act
0001683168-20-000547	564 STEVENS AVENUE		SOLANA BEACH	CA	92075	858-225-8998	Jeanne Campanelli	Other	428561.0	0.0		96376.0		191374.0		6794658.0	3434023.0			901878.0	15790042.0	-16224698.0	6794658.0	5760008.0		2691068.0		254230.0	-4447863.0	-0.4	-0.4	dbbmckennon	true	true			true		Regulation CF and Regulation D Rule 506(b) of the Securities Act
0001213900-20-004288	301 E. PINE ST, SUITE 850		ORLANDO	FL	32801	407-986-4234	James S. Byrd, Jr.	Other	298222.0	0.0		17321395.0		108920.0		19037852.0	1074522.0			6194806.0	14622778.0	4415074.0	19037852.0	2133734.0		-3379081.0		2939.0	-1248286.0	-0.1	-0.1	Rosenfield and Company PLLC	true	true			true	true	
0001663577-20-000042	100 CHALLENGER ROAD	8TH FLOOR	RIDGEFIELD PARK	NJ	07660	646-201-5242	Max Khan	Other	481005.0	0.0		137376.0		3772.0		700526.0	26146.0			0.0	223526.0	477000.0	700526.0	137376.0		25205.0		3750.0	3311.0	0.0	0.0		true	true		true			Section 4a(2) and Rule 506 of Regulation D
0001213900-20-004155	16620 Marquez Ave Pacific		Palisades	CA	90272	310-230-0240	Peter DiChiara	Other	19555.0	0.0		0.0		915654.0		1120209.0	244163.0			0.0	244163.0	876046.0	1120209.0	0.0		0.0		0.0	-111894.0	0.0	0.0		true	true			true		Exempt from registration under the Securities Act of 1933 and Rules promulgated thereunder.
0001387131-20-001892	20 Clinton Street		New York	NY	10002	646-930-4503	Jesse Stein	Other	0.0	0.0		0.0		0.0		0.0	0.0			0.0	0.0	0.0	0.0	0.0		0.0		0.0	0.0	0.0	0.0	NA	true	true			true		28,208 Series #Reach Interests have been sold pursuant to Section 4(a)(2) of the Securities Act of 1933 and Regulation D promulgated thereunder.
0001213900-20-004114	16620 Marquez Ave Pacific		Palisades	CA	90272	310-230-0240	Peter DiChiara	Other	19555.0	0.0		0.0		915654.0		1120209.0	244163.0			0.0	244163.0	876046.0	1120209.0	0.0		0.0		0.0	-111894.0	0.0	0.0		true	true			true		Exempt from registration under the Securities Act of 1933 and Rules promulgated thereunder.
0001477932-20-000749	1411 5th Street - Ste 505		Santa Monica	CA	90401	323-799-1342	Jillian Sidoti, Esq.	Other	100.0	0.0		0.0		0.0		55230.0	27130.0			0.0	27130.0	28100.0	55230.0	0.0		0.0		0.0	0.0	0.0	0.0	Alan T. Schiffman, CPA, PC	true	true	false	true		false	Such interests were issued as founders' interests without consideration under 4(2).
0001213900-20-004054	301 E. PINE ST, SUITE 850		ORLANDO	FL	32801	407-986-4234	James S. Byrd, Jr.	Other	298222.0	0.0		17321395.0		108920.0		19037852.0	1074522.0			6194806.0	14622778.0	4415074.0	19037852.0	2133734.0		-3379081.0		2939.0	-1248286.0	-0.1	-0.1	Rosenfield and Company PLLC	true	true			true	true	
0001594062-20-000010	5910 Pacific Center Blvd., Ste. 300		San Diego	CA	92121	800-268-0719	Tu Diep	Other	425698.0	1571805.0		294704.0		32531.0		2715334.0	370723.0			0.0	7452575.0	-4737241.0	2715334.0	654493.0		486379.0		1882.0	-2330694.0	-0.37	-0.37	Deloitte & Touche LLP	true	true	false	true	false	true	
0001766214-20-000003	200 S. BISCAYNE BLVD.	SUITE #2790	MIAMI	FL	33131	253-221-5340	Devon Parks	Other	0.0	10000.0		0.0		0.0		2535.0	0.0			0.0	63494.0	-60959.0	2535.0	0.0		0.0		0.0	0.0	0.0	0.0	N/A	true	true	true	false	false	true	
0001721868-20-000078	13195 U.S. Highway 221 N		Marion	NC	28752	844-889-2837	Leonard Greene	Other	3249.0	0.0		0.0		0.0		3250900.0	37491.0			0.0	2092499.0	1158401.0	3250900.0	0.0		0.0		17241.0	-123559.0	0.0	0.0		true	true		true			Section 4(a)(2) of the Securities Act
0001010549-20-000016	125 GREENWICH AVENUE	3RD FLOOR	GREENWICH	CT	06830	203-622-6000	Vanessa Schoenthaler	Other	10398405.0	0.0		0.0		0.0		10648405.0	44507.0			0.0	44507.0	10603898.0	10648405.0	0.0		-184579.0		0.0	-184579.0	-3.48	-3.48	Citrin Cooperman & Company, LLP	true	true		true			Belpointe, LLC, purchased 100 shares of common stock for an aggregate purchase price of $10,000 in a private offering. Such issuance was exempt from the registartion requirements of the Securities Act of 1933 pursuant to Section 4(a)(2) thereof.
0001683168-20-000505	11445 East Via Linda, Suite 2-496		Scottsdale	AZ	85259	480-410-6780	John E. Lux, Esq.	Other	26354.0	0.0		148847.0		0.0		1484862.0	116470.0			448110.0	564580.0	920282.0	1484862.0	63729.0		488208.0		0.0	-638874.0	-0.02	-0.02		true	true			true		Sections 3(a)(10), 4(a)(1)
0001104659-20-021527	505 IRVING AVENUE	SUITE 3100 AB	SYRACUSE	NY	13210	607-227-4400	Jamie Ostrow	Other	3107794.0	0.0		116383.0		38292.0		9846764.0	145712.0			5304909.0	5947496.0	3899268.0	9846764.0	343449.0		208446.0		11331.0	-4840262.0	-0.06	-0.06	Dannible & McKee, LLP	true	true			true		Regulation D under the Securities Act
0001104659-20-021419	600 Peachtree Street	Suite 810	Atlanta	GA	30308	404-850-9225	Nick Bhargava	Other	20100.0	0.0		166973.0		0.0		210642.0	210642.0			0.0	210642.0	0.0	210642.0	0.0		0.0		0.0	0.0	0.0	0.0	N/A	true	true		true		true	
0001104659-20-021232	1980 Teasel Court		Woodbridge	VA	22192	703-986-3162	Govinda Giri	Other	117024.0	0.0		0.0		50920.0		172464.0	578401.0			0.0	1100636.0	-928172.0	172464.0	0.0		0.0		16899.0	-533657.0	-0.14	-0.14	Artesian CPA LLC	true	true		true			Private placement in reliance on Rule 506 under the Securities Act; the second offering of Class C Common Stock referred to above was sold under Regulation A of the Securities Act
0001213900-20-003750	9679 Myrtle Grove Lane		Easton	MD	21601	503-868-0400	Jeanne Campanelli	Other	4399.0	0.0		232668.0		0.0		415927.0	10984.0			0.0	10984.0	404943.0	415927.0	18322.0		46901.0		0.0	-28579.0	-0.08	-0.08	Dbbmckennon	true	true		true			Section 4(a)(2) of the Securities Act.
0001213900-20-003708	16620 Marquez Ave Pacific		Palisades	CA	90272	310-230-0240	Peter DiChiara	Other	19555.0	0.0		0.0		915654.0		1120209.0	244163.0			0.0	244163.0	876046.0	1120209.0	0.0		0.0		0.0	-111894.0	0.0	0.0		true	true			true		Exempt from registration under the Securities Act of 1933 and Rules promulgated thereunder.
0001213900-20-003524	701 East Front Street, 2nd Floor		Coeur D'Alene	ID	83814	800-971-5988	Kevin Kim, Tae Kim	Other	28000.0	0.0		0.0		0.0		28000.0	3000.0			0.0	3000.0	25000.0	28000.0	0.0		0.0		0.0	0.0	0.0	0.0	N/A	true	true	true	true			Membership Interests offered by Secured Investment High Yield Fund II, LLC, a Delaware limited liability company. Offering exempt from registration under Regulation D Rule 506(c).
0001104659-20-020009	10845 Griffith Peak Drive	Suite 200	Las Vegas	NV	89135	702-747-4000	Heidi Mortensen	Other	7764.0	0.0		0.0		0.0		7764.0	73725.0			0.0	73725.0	-65691.0	7764.0	0.0		0.0		0.0	-77160.0	0.0	0.0	BF Borgers CPA PC	true	true			true		Regulation CF
0001748909-20-000001	299 CAMINO GARDENS	SUITE 300	BOCA RATON	FL	33432	561-609-2537	Hamon Fytton	Other	12837.0	0.0		5028.0		0.0		17865.0	523.0			10000.0	10523.0	7342.0	17865.0	46085.0		32167.0		0.0	13895.0	0.08	0.08		true	true	false	false	true	true	
0001493152-20-002146	3465 S GAYLORD CT.	STE. A509	ENGLEWOOD	CO	80113	855-933-3277	Kenneth Tapp, CEO	Other	5500.0	0.0		51252.0		0.0		56752.0	337712.0			0.0	337712.0	-280960.0	56752.0	18208.0		28553.0		0.0	-10345.0	0.0	0.0	BF Borgers CPA PC	true	true		true		true	
0001798647-20-000002	5013 Woodiron Dr		Duluth	GA	30097	3364627417	Mark A Jones	Other	0.0	0.0		0.0		0.0		0.0	0.0			0.0	0.0	0.0	0.0	0.0		0.0		0.0	0.0	0.0	0.0	Pinnacle Accountancy Group of Utah	true	true	false	false	true	true	
0001104659-20-019188	600 Peachtree Street	Suite 810	Atlanta	GA	30308	404-850-9225	Nick Bhargava	Other	20100.0	0.0		166973.0		0.0		210642.0	210642.0			0.0	210642.0	0.0	210642.0	0.0		0.0		0.0	0.0	0.0	0.0	N/A	true	true		true		true	
0001654954-20-001347	4920 N. Post Trail		Tucson	AZ	85750	520-818-8582	Craig V. Butler, Esq	Other	12440.0	0.0		822.0		2226890.0		2538724.0	149009.0			0.0	759911.0	1778813.0	2538724.0	0.0		6186901.0		40756.0	-6290126.0	-0.06	-0.06	M&K CPAs, PLLC	true	true		true		true	
0001213900-20-003322	335 Madison Ave, 16th Floor		New York	NY	10173	201-479-4408	Michael Karnjanaprakorn	Other	0.0	0.0		0.0		0.0		0.0	0.0			0.0	0.0	0.0	0.0	0.0		0.0		0.0	0.0	0.0	0.0	Artesian CPA, LLC	true	true			true	true	
0001683168-20-000443	10855 N. 116th Street, Suite 115		SCOTTSDALE	AZ	85259	480-410-6780	John E. Lux, Esq.	Other	26354.0	0.0		148847.0		0.0		1484862.0	116470.0			448110.0	564580.0	920282.0	1484862.0	63729.0		488208.0		0.0	-638874.0	-0.02	-0.02		true	true			true		Sections 3(a)(10), 4(a)(1)
0001493152-20-001924	3700 Campus Drive	Suite 206	Newport Beach	CA	92660	7149784425	Andrew Coldicutt, Esq.	Other	0.0	0.0		0.0		0.0		0.0	11706.0			0.0	11706.0	-11706.0	0.0	0.0		0.0		0.0	-29886.0	-0.23	-0.23	n/a	true	true	false	true	false	false	Exempt from registration under Section 4(2) of the Securities Act , as Amended, and the Rules promulgated thereunder.
0001104659-20-015145	11 Dupont Circle NW	9th FL	WASHINGTON	DC	20036	202-584-0550	Bjorn Hall	Other	3006000.0	0.0		0.0		0.0		43963000.0	102000.0			0.0	1193000.0	42770000.0	43963000.0	0.0		82000.0		9000.0	-638000.0	-0.42	-0.42	RSM US LLP (above values unaudited)	true	true		true		true	
0001104659-20-014938	11 Dupont Circle NW	9th FL	WASHINGTON	DC	20036	202-584-0550	Bjorn Hall	Other	10168000.0	0.0		2791000.0		0.0		22102000.0	83000.0			0.0	1837000.0	20265000.0	22102000.0	0.0		79000.0		0.0	-818000.0	-1.3900000000000001	-1.3900000000000001	RSM US LLP (above values unaudited)	true	true		true		true	
0001493152-20-001870	4145 Wagon Trail Avenue		Las Vegas	NV	89118	646-286-9070	Spencer G. Feldman, Esq.	Other	1001671.0	0.0		290706.0		3536875.0		5764277.0	6215217.0			250000.0	6465217.0	-700940.0	5764277.0	2072485.0		1732993.0		159444.0	-895545.0	-0.01	-0.01	K.K. Mehta CPA Associates PLLC	true	true			true		Section 4(a)(2) of the Securities Act
0001731122-20-000110	208 East 51st Street	Suite 170	New York	NY	10022	212-508-2130	Andrew Coldicutt, Esq	Other	20.0	0.0		1050.0		0.0		3321389.0	1759011.0			0.0	7651266.0	-4330237.0	3321389.0	0.0		0.0		0.0	-387985.0	0.0	0.0	N/A	true	true		true			Exempt from registration under Section 4(2) of the Securities Act , as Amended, and the Rules promulgated thereunder.
0001683168-20-000422	707 W. Corsicana St.		Athens	TX	75751	903-264-7892	Craig S. Fischer	Other	131.0	0.0		0.0		186535.0		341666.0	589762.0			0.0	589762.0	-248096.0	341666.0	165000.0		0.0		0.0	69155.0	0.0	0.0		true	true		true		true	
0001104659-20-012846	5701 Old Harding Pike	Suite 200	Nashville	TN	37205	615-352-9519	David R. Clay	Other	602748.0	0.0		21039.0		181940.0		805727.0	114483.0			0.0	114483.0	691244.0	805727.0	0.0		967761.0		10367.0	-338191.0	-0.34	-0.34	Puryear & Noonan, CPAs	true	true			true		Rule 506(b) of the Securities Act of 1933, as amended
0001213900-20-002986	C/O YOUNOW, INC.	161 BOWERY, FL 6	NEW YORK	NY	10002	302-658-7581	Richard Baumann	Other	3366737.0	0.0		506202.0		121353.0		7412009.0	3036689.0			0.0	7414540.0	-2531.0	7412009.0	3144909.0		1846678.0		185654.0	11084707.0	0.0	0.0	Rosen Kuslansky, CPA, PC	true	true			true		Tokens: 4(a)(2) of the Securities Act of 1933; Grants to Advisers: 4(a)(2) in one-on-one transactions
0001213900-20-002978	16620 Marquez Ave Pacific		Palisades	CA	90272	310-230-0240	Peter DiChiara	Other	19555.0	0.0		0.0		915654.0		1120209.0	22841.0			0.0	213106.0	-907103.0	1120209.0	0.0		0.0		0.0	-193551.0	0.0	0.0		true	true			true		Exempt from registration under the Securities Act of 1933 and Rules promulgated thereunder.
0001104659-20-012603	11 Dupont Circle NW	9th FL	WASHINGTON	DC	20036	202-584-0550	Bjorn Hall	Other	11175000.0	0.0		239000.0		0.0		48568000.0	80000.0			0.0	2097000.0	46471000.0	48568000.0	720000.0		165000.0		61000.0	491000.0	0.11	0.11	RSM US LLP (above values unaudited)	true	true		true		true	
0001104659-20-012594	11 Dupont Circle NW	9th FL	WASHINGTON	DC	20036	202-584-0550	Bjorn Hall	Other	15765000.0	0.0		28749000.0		0.0		49726000.0	64000.0			0.0	3218000.0	46508000.0	49726000.0	1562000.0		100000.0		0.0	1460000.0	0.35000000000000003	0.35000000000000003	RSM US LLP (above values unaudited)	true	true		true		true	
0001768126-20-000002	250 LAFAYETTE STREET	3R	NEW YORK	NY	10012	3479528058	Max Niederste-Ostholt	Other	0.0	0.0		0.0		0.0		0.0	0.0			0.0	0.0	0.0	0.0	0.0		0.0		0.0	0.0	0.0	0.0	EisnerAmper LLP	true	true	false	true	false	true	
0001477932-20-000512	Verax Botanical Research Ctr @	Johns Hopkins Univ, 9601 Medical Ctr Dr.	Rockville	MD	20850	888-214-2584	Randall S. Goulding, Esq.	Other	11374.0	0.0		15070.0		5604919.0		5762420.0	49457.0			0.0	2874365.0	2888055.0	5762420.0	124397.0		110834.0		4166.0	-388581.0	-0.01	-0.01	Daszkal Bolton, LLP	true	true	false		true	false	Exempt from registration under Section 4(a)(2) of the Securities Act of 1933 and Rules promulgated thereunder.
0001104659-20-012084	8901 E. Mountain View Rd, Ste 150		Scottsdale	AZ	85258	480-295-7600	Thomas Poletti, Brian S. Korn	Other	6913176.0	0.0		2162389.0		170853001.0		172726013.0	21312953.0			122778843.0	165642447.0	3242858.0	172726013.0	43796783.0		36541624.0		3683569.0	1642007.0	0.07	0.06	Marcum LLP	true	true			true		"All securities issued pursuant to safe harbor of R. 506(b) of Reg D of Sec. Act of 1933, as amended, or other available exemptions such as Section 4(a)(2) or R. 701. All investors certified ""accredited investor"" status through income & net worth test."
0001683168-20-000386	250 W. FIRST ST., STE. 256		CLAREMONT	CA	91711	909-740-9175	Michael Behrens	Other	0.0	0.0		47407.0		206105.0		253512.0	55851.0			15606.0	71457.0	182055.0	253512.0	36888.0		70998.0		40286.0	-159165.0	0.0	0.0	IndigoSpire CPA Group, LLC	true	true		true			Issuer has relied on Rule 147A, promulgated under Section 28 of the Securities Act, for intrastate offerings in California, Rule 506(c) or Regulation A, respectively, for such offerings.
0001683168-20-000375	1140 HIGHLAND AVE #222		MANHATTAN BEACH	CA	90266	800-681-5988	John E. Lux, Esq.	Other	100.0	0.0		0.0		0.0		100.0	0.0			7999.0	7999.0	-6239.0	100.0	0.0		6239.0		0.0	-6239.0	0.0	0.0	J'on Dennis	true	true		true			Section 4(2) of the Securities Act of 1933.
0001213900-20-002776	301 E. PINE ST, SUITE 850		ORLANDO	FL	32801	407-986-4234	James S. Byrd, Jr.	Other	298222.0	0.0		17321395.0		108920.0		19037852.0	1074522.0			6194806.0	14622778.0	4415074.0	19037852.0	2133734.0		-3379081.0		2939.0	-1248286.0	-0.1	-0.1	Rosenfield and Company PLLC	true	true			true	true	
0001794352-20-000004	73-1089 MAHILANI DRIVE		KAILUA KONA	HI	96740	8089607259	FRANKLIN OGELE	Other	10000.0	0.0		0.0		0.0		10000.0	33000.0			0.0	33000.0	-23000.0	10000.0	0.0		43000.0		0.0	-43000.0	0.0	0.0	AJSH & CO	true	true	false	false	false	true	
0001794352-20-000003	73-1089 MAHILANI DRIVE		KAILUA KONA	HI	96740	8089607259	FRANKLIN OGELE	Other	10000.0	0.0		0.0		0.0		10000.0	33000.0			0.0	33000.0	-23000.0	10000.0	0.0		43000.0		0.0	-43000.0	0.0	0.0	AJSH & CO	true	true	false	false	false	true	
0001104659-20-011503	561 East Green Street		Pasadena	CA	91101	626-244-8053	Andrew Stephenson, Esq.	Other	2047833.0	0.0		58500.0		277021.0		3156509.0	291712.0			0.0	349978.0	2806531.0	3156509.0	6000.0		0.0		48088.0	-3780979.0	-3.08	-3.08	Artesian CPA	true	true			true	true	
0001104659-20-011519	8901 E. Mountain View Rd, Ste 150		Scottsdale	AZ	85258	480-295-7600	Thomas Poletti, Brian S. Korn	Other	6913176.0	0.0		2162389.0		170853001.0		172726013.0	21312953.0			122778843.0	165642447.0	3242858.0	172726013.0	43796783.0		36541624.0		3683569.0	1642007.0	0.07	0.06	Marcum LLP	true	true			true		"All securities issued pursuant to safe harbor of R. 506(b) of Reg D of Sec. Act of 1933, as amended, or other available exemptions such as Section 4(a)(2) or R. 701. All investors certified ""accredited investor"" status through income & net worth test."
0001104659-20-010888	3090 BRISTOL STREET	SUITE 550	COSTA MESA	CA	92626	855-742-4862	Gregory W. Preston, Esq.	Other	2116012.0	5463511.0		3882.0		12775963.0		20364540.0	164067.0			6054996.0	11891290.0	7152043.0	20364540.0	54302.0		72412.0		19094.0	-502040.0	-0.27	-0.27	Squar Milner LLP	true	true			true		Regulation D. Private offering of 12,200 total shares issued to independent directors in 2019 for services rendered.
0001663577-20-000023	100 CHALLENGER ROAD	8TH FLOOR	RIDGEFIELD PARK	NJ	07660	646-201-5242	Max Khan	Other	481005.0	0.0		137376.0		3772.0		700526.0	26146.0			0.0	223526.0	477000.0	700526.0	137376.0		25205.0		3750.0	3311.0	0.0	0.0		true	true		true			Section 4a(2) and Rule 506 of Regulation D
0001213900-20-002612	16620 Marquez Ave Pacific		Palisades	CA	90272	310-230-0240	Peter DiChiara	Other	19555.0	0.0		0.0		915654.0		1120209.0	22841.0			0.0	213106.0	-907103.0	1120209.0	0.0		0.0		0.0	-193551.0	0.0	0.0		true	true			true		Exempt from registration under the Securities Act of 1933 and Rules promulgated thereunder.
0001493152-20-001591	One Boca Commerce Center	551 NW 77 Street, Suite 212	Boca Raton	FL	33487	561-288-8467	LAURA ANTHONY	Other	5000.0	0.0		0.0		0.0		5000.0	5619.0			0.0	5619.0	-619.0	5000.0	0.0		5619.0		0.0	-5619.0	-56.19	-56.19	Salberg & Company, P.A.	true	true			true		The foregoing issuances were pursuant to Rule 506(b) of Regulation D and Section 4(2) of the Securities Act of 1933, as amended, for transactions by an issuer not involving any public offering.
0001477932-20-000483	Verax Botanical Research Ctr @	Johns Hopkins Univ, 9601 Medical Ctr Dr.	Rockville	MD	20850	888-214-2584	Randall S. Goulding, Esq.	Other	11374.0	0.0		15070.0		5604919.0		5762420.0	49457.0			0.0	2874365.0	2888055.0	5762420.0	124397.0		110834.0		4166.0	-388581.0	-0.01	-0.01	Daszkal Bolton, LLP	true	true	false		true	false	Exempt from registration under Section 4(a)(2) of the Securities Act of 1933 and Rules promulgated thereunder.
0001104659-20-010479	600 Peachtree Street	Suite 810	Atlanta	GA	30308	404-850-9225	Nick Bhargava	Other	20100.0	0.0		166973.0		0.0		210642.0	210642.0			0.0	210642.0	0.0	210642.0	0.0		0.0		0.0	0.0	0.0	0.0	N/A	true	true		true		true	
0001104659-20-010457	20C Trolley Square		Wilmington	DE	19806	844-843-7296	William Eilers, Esq.	Other	56.0	0.0		65550.0		2007438.0		2073044.0	1223383.0			1425533.0	2648916.0	-575871.0	2073044.0	122452.0		18337.0		0.0	-514136.0	0.0	0.0		true	true	true	true		true	
0001214659-20-000853	3802 SPECTRUM BLVD,	SUITE 112C	TAMPA	FL	33612	844-722-6333	Henry Nisser	Other	42606.0	0.0		205915.0		0.0		1500917.0	1104669.0			0.0	1184002.0	316915.0	1500917.0	0.0		0.0		0.0	-4862496.0	-0.08	-0.08	Squar Milner LLP	true	true			true		Private Placement under Section 4(a)(2) of the Securities Act of 1933, as amended, and Rule 506(b) of Regulation D promulgated thereunder.
0001683168-20-000322	320 Santana Drive #C		Cloverdale	CA	95425	770-866-6250	John Lux, Esq.	Other	164.0	0.0		0.0		12000.0		239244.0	33116.0			0.0	33116.0	206128.0	239244.0	21100.0		15458.0		3996.0	-37883.0	0.0	0.0		true	true		true		true	
0001445866-20-000091	12411 POWAY ROAD		POWAY	CA	92064	760-916-7444	Jeffrey Turner	Other	76112.0	0.0		110114.0		186226.0		10172763.0	632213.0			497954.0	1130167.0	9042596.0	10172763.0	4895815.0		4175324.0		0.0	654805.0	0.01	0.01	NONE	true	true	false	true	false	false	Rule 144 and/or Section 4(a)(2) of the Securities Act of 1933
0001104659-20-009336	11 DUPONT CIRCLE NW, 9TH FLOOR		WASHINGTON	DC	20036	202-584-0550	Bjorn Hall	Other	27771000.0	0.0		1652000.0		303000.0		49349000.0	3301000.0			6000000.0	11815000.0	37534000.0	49349000.0	9576000.0		15134000.0		589000.0	2612000.0	0.14	0.14	RSM US LLP (above values unaudited)	true	true		true		true	
0001387131-20-000818	20 Clinton Street		New York	NY	10002	646-930-4503	Jesse Stein	Other	0.0	0.0		0.0		0.0		0.0	0.0			0.0	0.0	0.0	0.0	0.0		0.0		0.0	0.0	0.0	0.0	NA	true	true			true	true	
0001709247-20-000002	24654 N LAKE PLEASANT PARKWAY, 103-321	103-321	PEORIA	AZ	85383	4807790599	Morris Anderson	Other	1000.0	0.0		0.0		8000.0		11000.0	0.0			15292.82	18000.0	0.0	11000.0	1916.0		7471.37		0.0	0.0	0.0	0.0		true	true	false	true	false	true	
0001104659-20-008942	1980 Teasel Court		Woodbridge	VA	22192	703-986-3162	Govinda Giri	Other	117024.0	0.0		0.0		50920.0		172464.0	578401.0			0.0	1100636.0	-928172.0	172464.0	0.0		0.0		16899.0	-533657.0	-0.14	-0.14	Artesian CPA LLC	true	true		true			Private placement in reliance on Rule 506 under the Securities Act; the second offering of Class C Common Stock referred to above was sold under Regulation A of the Securities Act
0001350455-20-000001	5401 OLD NATIONAL HIGHWAY #419	C/O MICHAEL L GILMORE	ATLANTA	GA	30349	601-582-1851	Michael Gilmore	Other	0.0	0.0		0.0		0.0		0.0	0.0			0.0	0.0	0.0	0.0	0.0		0.0		0.0	0.0	1.0	1.0	BF Borgers CPA PC	true	true	false	true	false	true	
0001725129-20-000004	C/O YOUNOW, INC.	161 BOWERY ST, FL 6	NEW YORK	NY	10002	302-658-7581	Richard Baumann	Other	3366737.0	0.0		506202.0		121353.0		7412009.0	3036689.0			0.0	7414540.0	-2531.0	7412009.0	3144909.0		1846678.0		185654.0	11084707.0	0.0	0.0	Rosen Kuslansky, CPA, PC	true	true	false	false	true	false	Tokens: 4(a)(2) of the Securities Act of 1933; Grants to Advisers: 4(a)(2) in one-on-one transactions
0001794009-20-000001	121 E 35TH STREET		TULSA	OK	74106	918-671-9935	Joseph Francella	Other	34190.0	0.0		25453.0		658536.0		718179.0	808830.0			1051850.0	1860680.0	-1142501.0	718179.0	47294.0		359010.0		11917.0	-323633.0	0.0	0.0		true	true	false	true	false	true	
0001477932-20-000443	818 Natchez Valley Trace		Grayson	GA	30017	410-627-1569	Wallace A. Glausi	Other	100.0	0.0		7500.0		0.0		7600.0	7500.0			0.0	7500.0	100.0	7600.0	0.0		0.0		0.0	0.0	0.0	0.0	Spiegel Accountancy Corp	true	true	true		true	false	Securities Act Rule 4(a)(2)
0001477932-20-000440	8500 Wilshire Blvd.	Suite 700B	Beverly Hills	CA	90211	424-313-7471	Jillian Sidoti	Other	15438.0	0.0		456692.0		321279.0		793409.0	698575.0			0.0	698575.0	94834.0	793409.0	0.0		73440.0		0.0	-73440.0	0.0	0.0	Spiegel Accountancy Corp.	true	true	false	true		false	Section 4(a)(2)
0001185185-20-000088	13575 58TH STREET NORTH - #138		CLEARWATER	FL	33760	727-678-4420	Clifford J. Hunt, Esquire	Other	74714.0	0.0		11742.0		381225.0		760919.0	307543.0			550776.0	1964858.0	-1203939.0	760919.0	402156.0		383025.0		12723.0	-1289445.0	-0.04	-0.04	KWCO PC	true	true	false	true	false	true	
0001019056-20-000046	120 WALL STREET	25TH FLOOR	NEW YORK	NY	10005	212-269-1400	Andrew Russell	Other	2915867.0	0.0		0.0		45370.0		9912708.0	83454.0			0.0	5744466.0	4168242.0	9912708.0	1787688.0		0.0		14855.0	-1644593.0	0.0	0.0	Friedman LLP	true	true		true			Securities Act Section 4(a)(2)
0001213900-20-002027	301 E. PINE ST, SUITE 850		ORLANDO	FL	32801	407-986-4234	James S. Byrd, Jr.	Other	298222.0	0.0		17321395.0		108920.0		19037852.0	1074522.0			6194806.0	14622778.0	4415074.0	19037852.0	2133734.0		-3379081.0		2939.0	-1248286.0	-0.1	-0.1	Rosenfield and Company PLLC	true	true			true	true	
0001683168-20-000281	14439 NW MILITARY HWY	#108-188	SAN ANTONIO	TX	78231	210-260-3125	John Lux	Other	0.0	0.0		7760.0		30835.0		1021922.0	23430.0			82223.0	143907.0	-230868.0	1021922.0	0.0		21553.0		6290.0	-43283.0	0.0	0.0		true	true		true			Section 4(a)2
0001709179-20-000005	3065 N 124th St	Suite 203	Brookfield	WI	53005	414-699-1962	Shone Bagley Sr	Banking	455390.44	94000.0			3765.7400000000002		10803.0	583570.93	300.0		152911.14	3765.7400000000002	4065.7400000000002	579505.1900000001	583570.93		0.0		0.0	21000.0	152911.14	0.5	0.0		true	true	true	true	false	true	
0001264931-20-000007	454 SOUTH YONGE STREET	SUITE 7C	ORMOND BEACH	FL	32174	305-747-7647	HAROLD H. MARTIN	Other	7989.0	0.0		30991.0		487388.0		827818.0	212918.0			275094.0	833382.0	-5564.0	827818.0	313344.0		314697.0		0.0	2908.0	0.0	0.0		true	true		true		true	
0001794352-20-000002	73-1089 MAHILANI DRIVE		KAILUA KONA	HI	96740	8089607259	FRANKLIN OGELE	Other	10000.0	0.0		0.0		0.0		10000.0	33000.0			0.0	33000.0	-23000.0	10000.0	0.0		43000.0		0.0	-43000.0	0.0	0.0	AJSH & CO	true	true	false	false	false	true	
0001104659-20-007010	75 Fifth Street, NW	Suite 2170	ATLANTA	GA	30308	404-850-9225	Nick Bhargava	Other	1069392.0	0.0		41067181.0		813104.0		43013583.0	35584837.0			0.0	45864289.0	-2850706.0	43013583.0	2889961.0		-423776.0		375365.0	-6100655.0	-2.0	-2.0	Hughes Pittman & Gupton LLP	true	true		true			Reg. A, Rule 506 of Reg. D, and Rule 506 of Reg. D, respectively. For all offerings made pursuant to Rule 506, issuer relies on preexisting relationships or investors that meet the definition of accredited investor in Rule 501 of Reg. D.
0001477932-20-000394	18909 NE 29th Avenue		Aventura	FL	33180	310-777-0255	Jillian Sidoti, Esq.	Other	19445.0	0.0		0.0		0.0		19445.0	19445.0			0.0	19445.0	0.0	19445.0	0.0		0.0		0.0	0.0	0.0	0.0	Kaufman Rosin	true	true	false	true		false	Such interests were issued as founders' interests without consideration under 4(2).
0001683168-20-000264	711 W. 17TH STREET	SUITE D-5	COSTA MESA	CA	92627	949-258-9842	Kristin M. Cano	Other	778.0	0.0		7600.0		8243.0		474865.0	118323.0			1456815.0	2593504.0	-2118639.0	474865.0	0.0		1096942.0		1150.0	-1134823.0	-0.05	-0.05	dbbmckennon	true	true		true			Section (4)(a)(2)
0001104659-20-006799	8901 E. Mountain View Rd, Ste 150		Scottsdale	AZ	85258	480-295-7600	Thomas Poletti, Brian S. Korn	Other	6913176.0	0.0		2162389.0		170853001.0		172726013.0	21312953.0			122778843.0	165642447.0	3242858.0	172726013.0	43796783.0		36541624.0		3683569.0	1642007.0	0.07	0.06	Marcum LLP	true	true			true		"All securities issued pursuant to safe harbor of R. 506(b) of Reg D of Sec. Act of 1933, as amended, or other available exemptions such as Section 4(a)(2) or R. 701. All investors certified ""accredited investor"" status through income & net worth test."
0001213900-20-001762	16620 Marquez Ave Pacific		Palisades	CA	90272	310-230-0240	Peter DiChiara	Other	19555.0	0.0		0.0		915654.0		1120209.0	22841.0			0.0	213106.0	-907103.0	1120209.0	0.0		0.0		0.0	-193551.0	0.0	0.0		true	true			true		Exempt from registration under the Securities Act of 1933 and Rules promulgated thereunder.
0001477932-20-000358	16 LAGOON CT.		SAN RAFAEL	CA	94903	415-335-6370	Jillian Sidoti	Other	0.0	0.0		0.0		0.0		0.0	0.0			0.0	0.0	0.0	0.0	0.0		0.0		0.0	0.0	0.0	0.0	CohnReznick	true	true	false	true		true	
0001683168-20-000251	228 North Pinellas Avenue		Tarpon Springs	FL	34689	727-743-6008	John E.Lux, Esq.	Other	10791.0	0.0		0.0		356827.0		833686.0	1808583.0			0.0	1808583.0	-974897.0	833686.0	7242.0		358871.0		35369.0	-380304.0	0.0	0.0	Brian K. White, CPA	true	true		true			Securities Act Section 4(2)
0001104659-20-006368	5701 Old Harding Pike	Suite 200	Nashville	TN	37205	615-352-9519	David R. Clay	Other	602748.0	0.0		21039.0		181940.0		805727.0	114483.0			0.0	114483.0	691244.0	805727.0	0.0		967761.0		10367.0	-338191.0	-0.34	-0.34	Puryear & Noonan, CPAs	true	true			true		Rule 506(b) of the Securities Act of 1933, as amended
0001683168-20-000249	228 North Pinellas Avenue		Tarpon Springs	FL	34689	727-743-6008	John E.Lux, Esq.	Other	10791.0	0.0		0.0		356827.0		833686.0	1808583.0			0.0	1808583.0	-974897.0	833686.0	7242.0		358871.0		35369.0	-380304.0	0.0	0.0	Brian K. White, CPA	true	true		true			Securities Act Section 4(2)
0001477932-20-000341	4100B Wyoming Street		Nashville	TN	372019	952-905-4023	Jillian Sidoti	Other	14334.0	0.0		0.0		0.0		19334.0	5000.0			0.0	5000.0	14334.0	19334.0	0.0		25666.0		0.0	25666.0	0.0	0.0	Spiegel Accountancy	true	true	false	true		true	
0001104659-20-005875	1980 Teasel Court		Woodbridge	VA	22192	703-986-3162	Govinda Giri	Other	117024.0	0.0		0.0		50920.0		172464.0	578401.0			0.0	1100636.0	-928172.0	172464.0	0.0		0.0		16899.0	-533657.0	-0.14	-0.14	Artesian CPA LLC	true	true		true			Private placement in reliance on Rule 506 under the Securities Act; the second offering of Class C Common Stock referred to above was sold under Regulation A of the Securities Act
0001104659-20-005648	11 Dupont Circle, NW, 9th Floor		Washington	DC	20036	202-584-0550	Bjorn Hall	Other	34232000.0	0.0		73953000.0		0.0		113709000.0	92000.0			0.0	4511000.0	109198000.0	113709000.0	4429000.0		516000.0		0.0	3913000.0	0.39	0.39	RSM US LLP (above values unaudited)	true	true		true		true	
0001213900-20-001471	525 S. Hewitt Street		Los Angeles	CA	90013	323-939-6645	Gregory A. Sichenzia	Other	513926.0	0.0		570900.0		126407.0		1286678.0	2019500.0			746294.0	20609907.0	-23593719.0	1286678.0	2696433.0		2406139.0		32788.0	-8318040.0	-5.11	-5.11	M&K CPAS, PLLC	true	true			true		These securities were sold in reliance upon the exemption provided by Section 4(a)(2) of the Securities Act for transactions not involving a public offering.
0001493152-20-000799	3990 Vitruvian Way, Suite 1152		Addison	TX	75001	972-803-5337	Arden Anderson, Esq.	Other	21867.0	0.0		0.0		124812.0		463886.0	6499.0			637170.0	1023865.0	-559979.0	463886.0	143032.0		73672.0		18480.0	-2171601.0	-0.1	-0.1	M&K CPAS, PLLC	true	true		true			Section 4(a)(2)
0001104659-20-004812	420 LEXINGTON AVENUE	SUITE 300	NEW YORK	NY	10170	2124792513	Mark Wishner	Other	869420.0	0.0		0.0		2250.0		1478085.0	378983.0			0.0	378983.0	1099102.0	1478085.0	0.0		0.0		0.0	-929519.0	-0.08	-0.08	Citrin Cooperman & Company, LLP	true	true		true			Private placements of units of common stock and warrants were conducted under Securities Act Rule 506(b) without general solicitation. Private placements of options to employees were conducted under Securities Act Rule 701.
0001654954-20-000546	625 Kenmoor Avenue SE, Suite 211		Grand Rapids	MI	49546	616-734-6099	Rhys James	Other	0.0	0.0		0.0		0.0		0.0	0.0			0.0	0.0	0.0	0.0	0.0		0.0		0.0	0.0	0.0	0.0	UHY LLP	true	true		false	false	false	Red Oak Capital Fund IV, LLC relied on the private placement exemption in Section(4)(a)(2) of the Securities Act for the issuance of LLC interests to its sole member. There was no public solicitation.
0001104659-20-004750	75 Fifth Street, NW	Suite 2170	ATLANTA	GA	30308	404-850-9225	Nick Bhargava	Other	1069392.0	0.0		41067181.0		813104.0		43013583.0	35584837.0			0.0	45864289.0	-2850706.0	43013583.0	2889961.0		-423776.0		375365.0	-6100655.0	-2.0	-2.0	Hughes Pittman & Gupton LLP	true	true		true			Reg. A, Rule 506 of Reg. D, and Rule 506 of Reg. D, respectively. For all offerings made pursuant to Rule 506, issuer relies on preexisting relationships or investors that meet the definition of accredited investor in Rule 501 of Reg. D.
0001104659-20-004401	10845 Griffith Peak Drive	Suite 200	Las Vegas	NV	89135	702-747-4000	Heidi Mortensen	Other	7764.0	0.0		0.0		0.0		7764.0	73725.0			0.0	73725.0	-65691.0	7764.0	0.0		0.0		0.0	-77160.0	0.0	0.0	BF Borgers CPA PC	true	true			true		Regulation CF
0001683168-20-000147	11445 E. VIA LINDA, UNIT 2-496		SCOTTSDALE	AZ	85259	480-776-0281	John E. Lux, Esq.	Other	26354.0	0.0		148847.0		0.0		1484862.0	116470.0			448110.0	564580.0	920282.0	1484862.0	63729.0		488208.0		0.0	-638874.0	-0.02	-0.02		true	true			true		Sections 3(a)(10), 4(a)(1)
0001213900-20-001111	335 Madison Ave, 3rd Floor		New York	NY	10017	201-479-4408	Michael Karnjanaprakorn	Other	0.0	0.0		0.0		0.0		237500.0	0.0			0.0	237500.0	0.0	237500.0	0.0		0.0		0.0	0.0	0.0	0.0	Jason M. Tyra, CPA, PLLC	true	true			true	true	
0001445866-20-000052	6672 SPENCER ST., STE. 800		LAS VEGAS	NV	89119	702-527-3536	Jeff Turner	Banking	1000.0	0.0			0.0		0.0	1000.0	349.0		0.0	0.0	349.0	651.0	1000.0		0.0		0.0	0.0	-19349.0	0.0	0.0	Pinnacle Accountancy Group of Utah, dba Heaton & Company, PLLC	true	true	false	false	false	true	
0001445866-20-000050	12411 POWAY ROAD		POWAY	CA	92064	760-916-7444	Jeffrey Turner	Other	76112.0	0.0		110114.0		186226.0		10172763.0	632213.0			497954.0	1130167.0	9042596.0	10172763.0	4895815.0		4175324.0		0.0	654805.0	0.01	0.01	NONE	true	true	false	true	false	false	Rule 144 and/or Section 4(a)(2) of the Securities Act of 1933
0001654954-20-000422	257 East Main Street, Suite 200		Barrington	IL	60010	847-277-9930	Gregory Kveton	Other	0.0	0.0		0.0		0.0		0.0	0.0			0.0	0.0	0.0	0.0	0.0		0.0		0.0	0.0	0.0	0.0	Cherry Bekaert LLP	true	true		false	false	false	All of our outstanding Class A Units were issued to affiliates, officers and employees of our manager upon formation of our company, and in reliance upon the private offering exemption under Section 4(a)(2) of the Securities Act.
0001683168-20-000136	1 BRIDGE PLAZA	2ND FLOOR	FORT LEE	NJ	07024	551-486-3980	Donnell E. Squares	Other	5774.0	0.0		3129.0		417094.0		598942.0	206583.0			1571391.0	2732750.0	-2133808.0	598942.0	21104.0		62.0		0.0	-263361.0	0.0	0.0		true	true		true		true	
0001683168-20-000134	1140 HIGHLAND AVE #222		MANHATTAN BEACH	CA	90266	800-681-5988	John E. Lux, Esq.	Other	100.0	0.0		0.0		0.0		100.0	0.0			7999.0	7999.0	-6239.0	100.0	0.0		6239.0		0.0	-6239.0	0.0	0.0	J'on Dennis	true	true		true			Section 4(2) of the Securities Act of 1933.
0001683168-20-000129	320 Santana Drive #C		Cloverdale	CA	95425	770-866-6250	John Lux, Esq.	Other	164.0	0.0		0.0		12000.0		239244.0	33116.0			0.0	33116.0	206128.0	239244.0	21100.0		15458.0		3996.0	-37883.0	0.0	0.0		true	true		true		true	
0001683168-20-000121	440 S. LASALLE STREET	SUITE 1110	CHICAGO	IL	60605	866-247-8326	Markley S. Roderick, Esq.	Other	5080396.0	4148901.0		1584893.0		222999.0		11218714.0	516067.0			0.0	516067.0	10702647.0	11218714.0	1150448.0		2330997.0		68336.0	-1248885.0	-0.85	-0.85	Richey May & Co.	true	true		true			SEC Rule 701 (restricted grants to officers and employees of the issuer)
0001683168-20-000115	711 W. 17TH STREET	SUITE D-5	COSTA MESA	CA	92627	949-258-9842	Kristin M. Cano	Other	778.0	0.0		7600.0		8243.0		511740.0	118323.0			1456815.0	2593504.0	-2081764.0	511740.0	0.0		1096942.0		1150.0	-1113988.0	-0.04	-0.04	dbbmckennon	true	true		true			Section (4)(a)(2)
0001493152-20-000516	662 N. Sepulveda Blvd., Suite 300		Los Angeles	CA	90049	310-648-8410	Andrew Stephenson	Other	313645.0	0.0		1050.0		70349.0		789239.0	2803456.0			0.0	6790698.0	-5920459.0	789239.0	8922869.0		7849948.0		36390.0	-1248762.0	-0.02	-0.02	MaughanSullivan LLC	true	true			true		Section 4(a)(2)
0001376474-20-000005	5535 BULL CREEK ROAD		TARENTUM	PA	15084	412-455-5299	Christopher Netelkos, VP, AS	Other	25001.0	0.0		6743.0		251774.0		283518.0	4776.0			0.0	4776.0	278742.0	283518.0	0.0		115706.0		932.0	-116638.0	-0.36	-0.36		true	true	false	false	true	false	Under the Pennsylvania Securities Act of 1972 - Small Issuer Exemption Section 203.187. In this instance, four individuals are shareholders.
0001387131-20-000208	20 Clinton Street		New York	NY	10002	646-930-4503	Jesse Stein	Other	0.0	0.0		0.0		0.0		0.0	0.0			0.0	0.0	0.0	0.0	0.0		0.0		0.0	0.0	0.0	0.0	NA	true	true			true	true	
0001104659-20-003108	11 Dupont Circle, NW, 9th Floor		Washington	DC	20036	202-584-0550	Bjorn Hall	Other	34232000.0	0.0		73953000.0		0.0		113709000.0	92000.0			0.0	4511000.0	109198000.0	113709000.0	4429000.0		516000.0		0.0	3913000.0	0.39	0.39	RSM US LLP (above values unaudited)	true	true		true		true	
0001731122-20-000038	208 East 51st Street	Suite 170	New York	NY	10022	212-508-2130	Andrew Coldicutt, Esq	Other	20.0	0.0		1050.0		0.0		3321389.0	1759011.0			0.0	7651266.0	-4330237.0	3321389.0	0.0		0.0		0.0	-387985.0	0.0	0.0	N/A	true	true		true			Exempt from registration under Section 4(2) of the Securities Act , as Amended, and the Rules promulgated thereunder.
0001721868-20-000018	13195 U.S. Highway 221 N		Marion	NC	28752	844-889-2837	Leonard Greene	Other	3249.0	0.0		0.0		0.0		3246001.0	37491.0			0.0	1868117.0	1382783.0	3246001.0	0.0		0.0		17241.0	-96725.0	0.0	0.0		true	true		true			Section 4(a)(2) of the Securities Act
0001213900-20-000707	335 Madison Ave, 3rd Floor		New York	NY	10017	201-479-4408	Michael Karnjanaprakorn	Other	0.0	0.0		0.0		0.0		0.0	0.0			0.0	0.0	0.0	0.0	0.0		0.0		0.0	0.0	0.0	0.0	Artesian CPA, LLC	true	true			true	true	
0001213900-20-000667	45 Wall Street	Suite 920	New York	NY	10005	650-862-5391	Eilers Law Group, P.A.	Other	782666.0	4752840.0		0.0		0.0		5536762.0	14819860.0			20719825.0	35539685.0	-30002923.0	5536762.0	0.0		874090.0		50000.0	-824090.0	-0.01	-0.01		true	true		true			Section 4(a)(2) and Section 3(a)(9) of the Securities Act
0001731122-20-000028	222-111 Research Drive		Saskatoon	A9	S7N3R2	888--352-0826	Andrew Coldicutt, Esq.	Other	1826.0	0.0		0.0		0.0		1826.0	1088556.0			0.0	7594094.0	-7592268.0	1826.0	0.0		0.0		0.0	-165752.0	0.0	0.0		true	true		true			Exempt from registration under Section 4(2) of the Securities Act , as Amended, and the Rules promulgated thereunder.
0001213900-20-000662	45 Wall Street	Suite 920	New York	NY	10005	650-862-5391	Eilers Law Group, P.A.	Other	782666.0	4752840.0		0.0		0.0		5536762.0	14819860.0			20719825.0	35539685.0	-30002923.0	5536762.0	0.0		874090.0		50000.0	-824090.0	-0.01	-0.01		true	true		true			Section 4(a)(2) and Section 3(a)(9) of the Securities Act
0001493152-20-000404	2990 REDHILL AVE		COSTA MESA	CA	92626	949-273-4990	Robert Newman	Other	179855.0	0.0		661425.0		75644.0		3850519.0	4086388.0			4762885.0	8849273.0	-4998754.0	3850519.0	455077.0		2682337.0		0.0	-2227260.0	0.0	0.0	Fruci & Associates II, PLLC	true	true		true			Regulation S and Section 4(a)(2)
0001104659-20-002516	121 New York Avenue		Trenton	NJ	08638	609-656-5100	Jamie Ostrow	Other	1859145.0	0.0		3842396.0		1279764.0		14254589.0	2423649.0			427474.0	6975050.0	7279539.0	14254589.0	11229215.0		4882702.0		88283.0	1809242.0	0.0	0.0	RSM US LLP	true	true			true		Regulation A under the Securities Act.
0001493152-20-000380	3990 Vitruvian Way, Suite 1152		Addison	TX	75001	972-803-5337	Arden Anderson, Esq.	Other	21867.0	0.0		0.0		124812.0		463886.0	6499.0			637170.0	1023865.0	-559979.0	463886.0	143032.0		73672.0		18480.0	-2171601.0	-0.1	-0.1	M&K CPAS, PLLC	true	true		true			Section 4(a)(2)
0001683168-20-000060	711 W. 17TH STREET	SUITE D-5	COSTA MESA	CA	92627	949-258-9842	Kristin M. Cano	Other	778.0	0.0		164653.0		8243.0		1043681.0	118323.0			1456815.0	2932138.0	-1888457.0	1043681.0	0.0		682285.0		0.0	-920681.0	-0.04	-0.04	dbbmckennon	true	true		true			Section (4)(a)(2)
0001731122-20-000010	2400 E. Colonial DR.	Ste 200	Orlando	FL	32801	407-447-5000	Kevin Kim Tae Kim	Other	160726.0	0.0		7595503.0		1465934.0		9222163.0	537035.0			0.0	537035.0	8685128.0	9222163.0	287150.0		92866.0		0.0	194284.0	0.0	0.0	Spiegel Accountancy Corp.	true	true		true		true	
0001213900-20-000403	1275 Glenlivet Drive, Suite 100		Allentown	PA	18106	610-217-3275	Peter DiChiara, Esq.	Other	26577.0	0.0		62978.0		73689.0		196684.0	80335.0			120793.0	201128.0	-4444.0	196684.0	159904.0		140172.0		0.0	19732.0	0.0	0.0		true	true		true			The transaction was exempt from the registration requirements of Section 5 of the Securities Act as it was a transaction not involving a public offering.
0001683168-20-000035	1 BRIDGE PLAZA	2ND FLOOR	FORT LEE	NJ	07024	551-486-3980	Donnell E. Squares	Other	5774.0	0.0		3129.0		417094.0		598942.0	206583.0			1571391.0	2732750.0	-2133808.0	598942.0	21104.0		62.0		0.0	-263361.0	0.0	0.0		true	true		true		true	
0001104659-20-001888	420 LEXINGTON AVENUE	SUITE 300	NEW YORK	NY	10170	2124792513	Mark Wishner	Other	869420.0	0.0		0.0		2250.0		1478085.0	378983.0			0.0	378983.0	1099102.0	1478085.0	0.0		0.0		0.0	-929519.0	-0.08	-0.08	Citrin Cooperman & Company, LLP	true	true		true			Private placements of units of common stock and warrants were conducted under Securities Act Rule 506(b) without general solicitation. Private placements of options to employees were conducted under Securities Act Rule 701.
0001683168-20-000031	6245 N. FEDERAL HIGHWAY	SUITE 400	FORT LAUDERDALE	FL	33308	561-654-5722	Milan Saha	Other	499.0	0.0		0.0		23920.0		50408.0	107752.0			1690132.0	2588246.0	-2537838.0	50408.0	14331.0		0.0		3680.0	-167383.0	0.0	0.0	None	true	true		true			Securities Act Section 4(2)
0001104659-20-001850	75 Fifth Street, NW	Suite 2170	ATLANTA	GA	30308	404-850-9225	Nick Bhargava	Other	1069392.0	0.0		41067181.0		813104.0		43013583.0	35584837.0			0.0	45864289.0	-2850706.0	43013583.0	2889961.0		-423776.0		375365.0	-6100655.0	-2.0	-2.0	Hughes Pittman & Gupton LLP	true	true		true			Reg. A, Rule 506 of Reg. D, and Rule 506 of Reg. D, respectively. For all offerings made pursuant to Rule 506, issuer relies on preexisting relationships or investors that meet the definition of accredited investor in Rule 501 of Reg. D.
0001437749-20-000260	1450 NORTH BROADWAY		LEXINGTON	KY	40505	8599770124	ALAN K. MACDONALD	Other	5000.0	0.0		0.0		10088.0		15088.0	7505.0			0.0	7505.0	7583.0	15088.0	0.0		153043.0		112.0	-153160.0	-153160.0	-153160.0	DEAN DORTON ALLEN FORD, PLLC	true	true	false	false	true	false	4(a)(2) - initial capital contribution by Manager to found the Issuer.
0001104659-20-001488	1980 Teasel Court		Woodbridge	VA	22192	703-986-3162	Govinda Giri	Other	117024.0	0.0		0.0		50920.0		172464.0	578401.0			0.0	1100636.0	-928172.0	172464.0	0.0		0.0		16899.0	-533657.0	-0.14	-0.14	Artesian CPA LLC	true	true		true			Private placement in reliance on Rule 506 under the Securities Act; the second offering of Class C Common Stock referred to above was sold under Regulation A of the Securities Act
0001493152-20-000153	4145 Wagon Trail Avenue		Las Vegas	NV	89118	646-286-9070	Spencer G. Feldman, Esq.	Other	1001468.0	0.0		290706.0		3536875.0		5582055.0	6215217.0			250000.0	6465217.0	-883162.0	5582055.0	2072485.0		1732993.0		159444.0	-895545.0	-0.01	-0.01	K.K. Mehta CPA Associates PLLC	true	true			true		Section 4(a)(2) of the Securities Act
0001104659-20-000830	8901 E. Mountain View Rd, Ste 150		Scottsdale	AZ	85258	480-295-7600	Thomas Poletti, Brian S. Korn	Other	6913176.0	0.0		2162389.0		170853001.0		172726013.0	21312953.0			122778843.0	165642447.0	3242858.0	172726013.0	43796783.0		36541624.0		3683569.0	1642007.0	0.07	0.06	Marcum LLP	true	true			true		"All securities issued pursuant to safe harbor of R. 506(b) of Reg D of Sec. Act of 1933, as amended, or other available exemptions such as Section 4(a)(2) or R. 701. All investors certified ""accredited investor"" status through income & net worth test."
0001445866-20-000005	6672 SPENCER ST., STE. 800		LAS VEGAS	NV	89119	702-527-3536	Jeff Turner	Banking	1000.0	0.0			0.0		0.0	1000.0	349.0		0.0	0.0	349.0	651.0	1000.0		0.0		0.0	0.0	-19349.0	0.0	0.0	Pinnacle Accountancy Group of Utah, dba Heaton & Company, PLLC	true	true	false	false	false	true	
0001493152-20-000110	2990 REDHILL AVE		COSTA MESA	CA	92626	949-273-4990	Robert Newman	Other	179855.0	0.0		661425.0		75644.0		3850519.0	4086388.0			4762885.0	8849273.0	-4998754.0	3850519.0	455077.0		2682337.0		0.0	-2227260.0	0.0	0.0	Fruci & Associates II, PLLC	true	true		true			Regulation S and Section 4(a)(2)
0001477932-19-007349	8500 Wilshire Blvd.	Suite 700B	Beverly Hills	CA	90211	424-313-7471	Jillian Sidoti	Other	15438.0	0.0		456692.0		321279.0		793409.0	698575.0			0.0	698575.0	94834.0	793409.0	0.0		73440.0		0.0	-73440.0	0.0	0.0	Spiegel Accountancy Corp.	true	true	false	true		false	Section 4(a)(2)
0001493152-19-019958	4145 Wagon Trail Avenue		Las Vegas	NV	89118	646-286-9070	Spencer G. Feldman, Esq.	Other	1001468.0	0.0		290706.0		3536875.0		5582055.0	6215217.0			250000.0	6465217.0	-883162.0	5582055.0	2072485.0		1732993.0		159444.0	-895545.0	-0.01	-0.01	K.K. Mehta CPA Associates PLLC	true	true			true		Section 4(a)(2) of the Securities Act
