ACCESSION_NUMBER	FORMINDICATION	ISSUERNAME	FISCALYEAREND	STREET1	STREET2	CITY	STATEORCOUNTRY	ZIPCODE	PHONENUMBER	REGARULE257
0001104659-20-040702	Annual Report		31-DEC-2019	11 DUPONT CIRCLE NW	9TH FL	WASHINGTON	DC	20036	202-584-0550	true
0001104659-20-040699	Annual Report		31-DEC-2019	11 DUPONT CIRCLE NW	9TH FL	WASHINGTON	DC	20036	202-584-0550	true
0001104659-20-040694	Annual Report		31-DEC-2019	11 DUPONT CIRCLE NW	9TH FL	WASHINGTON	DC	20036	202-584-0550	true
0001477932-20-001514		Keystone Investors - Urban Node Fund II, LP		236 Bucknell Avenue	Apt 11	Santa Monica	CA	90405	724-809-9710	
0001213900-20-007097		Carolina Complete Health Network, Inc.		4309 Emperor Boulevard	Suite 430	Durham	NC	27703	919-719-4161	
0001104659-20-036584		OrgHarvest, Inc.		5950 Berkshire Lane	Suite 1460	Dallas	TX	75225	214-380-9702	
0001664038-20-000005		Hemp Naturals, Inc.		1000 5th Street, Suite 200		Miami Beach	FL	33139	347-301-8431	
0001104659-20-030440	Annual Report		31-DEC-2018	23823 MALIBU ROAD, SUITE 50 #129		MALIBU	CA	90265	310-487-2028	true
0001213900-20-002126	Annual Report		31-DEC-2018	301 E. Pine Street, Suite: 850		Orlando	FL	32801	407-486-9234	true
0001493152-20-001030		OUR MicroLending, LLC		3191 Coral Way, Suite 101		Miami	FL	33145	305-854-8113	
0001493152-20-001028	Annual Report		31-DEC-2018	3191 Coral Way, Suite 101		MIAMI	FL	33145	305-854-8113	false
0001493152-20-001025	Annual Report		31-DEC-2017	3191 Coral Way, Suite 101		Miami	FL	33145	305-854-8113	false
0001765826-20-000007	Annual Report		31-AUG-2019	433 Estudillo Ave., Suite 206		San Leandro	CA	94577	925-876-8832	false
0001213900-20-001103		Property Income Trust, LLC		2407 Columbia Pike	Suite 200	ARLINGTON	VA	22204	703-920-2200	
