ACCESSION_NUMBER	EMP_ID	ISSUERNAME	JURISDICTIONORGANIZATION	YEARINCORPORATION	CIK	SICCODE	FULLTIMEEMPLOYEES	PARTTIMEEMPLOYEES
0001079974-16-001814	1	SANZ SOLUTIONS INC.	FL	2015	0001685831	7380	1	1
0001144204-16-141777	1	Rise Companies Corp.	DE	2014	0001640967	6500	44	0
0001681524-16-000010	1	North Lion Holding Corp	DE	2014	0001681524	7997	2	0
0001652577-16-000033	1	360 Sports, Inc.	DE	2015	0001652577	7997	2	3
0001477932-16-014321	1	TMPOS, INC.	GA	2016	0001692068	3578	1	2
0001477932-16-014304	1	McGraw Conglomerate Corp.	DE	2016	0001692780	3530	1	0
0001144204-16-141219	1	Keen Home Inc.	DE	2013	0001684813	3634	9	0
0001144204-16-141190	1	WORTHPOINT CORP	DE	2007	0001450158	7389	8	0
0001615774-16-009053	1	YayYo, Inc.	DE	2016	0001691077	7371	6	8
0001193125-16-802423	1	COTTONWOOD MULTIFAMILY REIT II, INC.	MD	2016	0001677881	6798	0	0
0001658959-16-000018	1	Teraphysics Corp	DE	2004	0001318588	3679	7	3
0001689536-16-000003	1	NANO STONE INC	DE	2016	0001689536	3281	7	0
0001144204-16-140938	1	RAYTON SOLAR, INC.	DE	2013	0001654124	3674	6	0
0001104659-16-163451	1	MogulREIT I, LLC	DE	2016	0001669664	6798	0	0
0001659173-16-000668	1	CapWest Income, LLC	NV	2016	0001683719	6500	0	0
0001437749-16-043675	1	Spotlight Capital Holdings, Inc	CO	1997	0001077319	7819	2	1
0001437749-16-043659	1	Spotlight Capital Holdings, Inc	CO	1997	0001077319	7819	2	1
0001144204-16-140697	1	Knightscope, Inc.	DE	2013	0001600983	3669	25	3
0001193125-16-800412	1	Adomani, Inc.	DE	2012	0001563568	3714	4	0
0001640170-16-000014	1	Western Gateway Region Rural Broadband Company, Inc.	AZ	2015	0001640170	7380	1	9
0001640170-16-000013	1	Finger Lakes Region Rural Broadband Company, Inc.	NY	2013	0001579586	7380	1	9
0001144204-16-140373	1	RAYTON SOLAR, INC.	DE	2013	0001654124	3674	6	0
0001213900-16-019521	1	New Media Trader, Inc.	DE	2014	0001685982	7310	5	2
0001415889-16-007597	1	Stocosil Inc.	DE	2014	0001645554	2834	0	4
0001579586-16-000026	1	Western Gateway Region Rural Broadband Company, Inc.	AZ	2015	0001640170	7380	1	9
0001579586-16-000025	1	Finger Lakes Region Rural Broadband Company, Inc.	NY	2013	0001579586	7380	1	9
0001144204-16-140081	1	Rock Fund VII-A, LLC	DE	2016	0001671793	6500	0	0
0001213900-16-019487	1	Fig Publishing, Inc.	DE	2015	0001658966	7372	2	0
0001654954-16-004922	1	Stocosil Inc.	DE	2014	0001645554	2834	0	4
0001640170-16-000010	1	Finger Lakes Region Rural Broadband Company, Inc.	NY	2013	0001579586	7380	1	9
0001640170-16-000009	1	Mid-Hudson Broadband Co	NY	2013	0001644516	7380	1	3
0001144204-16-139684	1	GROUNDFLOOR FINANCE INC.	GA	2013	0001588504	6199	15	0
0001640170-16-000008	1	Western Gateway Region Rural Broadband Company, Inc.	AZ	2015	0001640170	7380	1	9
0001587999-16-000019	1	Southern Tier Region Rural Broadband Company, Inc.	NY	2013	0001587999	7380	1	3
0001615774-16-008925	1	YayYo, Inc.	DE	2016	0001691077	7371	6	8
0001690824-16-000002	1	Global Pharma Labs, Inc.	DE	2016	0001690824	5047	0	2
0001193125-16-791732	1	ManeGain, Inc.	TX	2007	0001603860	3841	3	2
0001680579-16-000009	1	Equity One Net Invest Inc	OR	2014	0001680579	8742	0	0
0001437749-16-043199	1	Spotlight Capital Holdings, Inc	CO	1997	0001077319	7819	2	1
0001681524-16-000009	1	North Lion Holding Corp	DE	2014	0001681524	7997	2	0
0001688437-16-000018	1	Eve Fund 1, LLC.	WY	2016	0001688437	7812	0	0
0001144204-16-138702	1	Rock Fund VII-A, LLC	DE	2016	0001671793	6500	0	0
0001688437-16-000012	1	Eve Fund 1, LLC.	WY	2016	0001688437	7812	0	0
0001575872-16-000481	1	Blue Sky Group Holdings, Inc.	DE	2016	0001688647	6162	2	0
0001144204-16-138424	1	Knightscope, Inc.	DE	2013	0001600983	3669	25	3
0001213900-16-019233	1	DatChat, Inc.	NV	2014	0001648960	4822	3	0
0001567619-16-003328	1	Energy Hunter Resources, Inc.	DE	2016	0001679073	1311	7	0
0001587999-16-000017	1	Finger Lakes Region Rural Broadband Company, Inc.	NY	2013	0001579586	7380	1	9
0001587999-16-000016	1	Mid-Hudson Broadband Co	NY	2013	0001644516	7380	1	3
0001587999-16-000015	1	Southern Tier Region Rural Broadband Company, Inc.	NY	2013	0001587999	7380	1	3
0001640170-16-000007	1	Western Gateway Region Rural Broadband Company, Inc.	AZ	2015	0001640170	7380	1	9
0001144204-16-137846	1	GROUNDFLOOR FINANCE INC.	GA	2013	0001588504	6199	15	0
0001592766-16-000010	1	Samba Brazilian Gourmet Pizza Corp	NY	2015	0001592766	5810	0	5
0001567619-16-003299	1	Energy Hunter Resources, Inc.	DE	2016	0001679073	1311	7	0
0001642079-16-000030	1	ARC287BC CORP	NJ	2015	0001642079	3790	1	3
0001415889-16-007514	1	Stocosil Inc.	DE	2014	0001645554	2834	0	4
0001686327-16-000008	1	TAHAWI aerospace Corp	DE	2016	0001686327	3721	4	3
0001642079-16-000031	1	ARC287BC CORP	NJ	2015	0001642079	3790	1	3
0001684242-16-000004	1	Altys Group, Inc.	DE	2016	0001684242	3826	2	0
0001659173-16-000637	1	CapWest Income, LLC	NV	2016	0001683719	6500	0	0
0001214659-16-015073	1	Impact Housing REIT, LLC	DE	2016	0001683617	6513	0	0
0001567619-16-003292	1	Energy Hunter Resources, Inc.	DE	2016	0001679073	1311	7	0
0001615774-16-008635	1	Alzamend Neuro, Inc.	DE	2016	0001677077	2834	0	2
0001579586-16-000024	1	Finger Lakes Region Rural Broadband Company, Inc.	NY	2013	0001579586	7380	1	9
0001680579-16-000008	1	Equity One Net Invest Inc	OR	2014	0001680579	8742	0	0
0001690477-16-000002	1	Tensleep Financial Corp	CO	2001	0001690477	6199	1	1
0001579586-16-000023	1	Southern Tier Region Rural Broadband Company, Inc.	NY	2013	0001587999	7380	1	3
0001579586-16-000022	1	Mid-Hudson Broadband Co	NY	2013	0001644516	7380	1	3
0001579586-16-000021	1	Western Gateway Region Rural Broadband Company, Inc.	AZ	2015	0001640170	7380	1	9
0001144204-16-136763	1	RAYTON SOLAR, INC.	DE	2013	0001654124	3674	6	0
0001104659-16-159384	1	MogulREIT I, LLC	DE	2016	0001669664	6798	0	0
0001144204-16-136762	1	GROUNDFLOOR FINANCE INC.	GA	2013	0001588504	6199	15	0
0001680579-16-000006	1	Equity One Net Invest Inc	OR	2014	0001680579	8742	0	0
0001144204-16-136479	1	GROUNDFLOOR FINANCE INC.	GA	2013	0001588504	6199	15	0
0001677092-16-000008	1	Alliance Freight Lines Inc	DE	2016	0001677092	4210	2	3
0001688406-16-000011	1	Raven Fund 1	WY	2016	0001688406	7812	0	0
0001144204-16-136462	1	WORTHPOINT CORP	DE	2007	0001450158	7389	8	0
0001592766-16-000008	1	Samba Brazilian Gourmet Pizza Corp	NY	2016	0001592766	5810	0	5
0001688406-16-000009	1	Raven Fund 1	WY	2016	0001688406	7812	0	0
0001681524-16-000007	1	STOCK MARKET BAR & GRILL Corp	NY	2016	0001687710	5810	0	5
0001144204-16-136268	1	CapRocq Core REIT, Inc.	MD	2016	0001687237	6510	0	0
0001681524-16-000006	1	North Lion Holding Corp	DE	2014	0001681524	7997	2	0
0001477932-16-013794	1	ShiftPixy Inc.	WY	2015	0001675634	7361	2966	1138
0001376474-16-000913	1	FIRST PHOENIX INVESTMENTS, INC.	DE	2016	0001687306	6799	0	0
0001687263-16-000009	1	PHOENIX REALTY, INC.	DE	2016	0001687263	6500	0	0
0001214659-16-014876	1	YOBI CAPITAL FUND CORPORATION	DE	2015	0001658083	7389	1	12
0001477932-16-013714	1	ShiftPixy Inc.	WY	2015	0001675634	7361	2966	1138
0001687263-16-000008	1	PHOENIX REALTY, INC.	DE	2016	0001687263	6500	0	0
0001687263-16-000005	1	PHOENIX REALTY, INC.	DE	2016	0001687263	6500	0	0
0001677159-16-000009	1	Bofat Investment Inc	DE	2016	0001677159	3990	3	1
0001549212-16-000061	1	HempAmericana, Inc.	DE	2014	0001602929	3990	1	1
0001549212-16-000060	1	SW Innovative Holdings, Inc.	TX	2003	0001621388	7385	3	0
0001687530-16-000003	1	NITRO HOLDINGS INC	DE	2016	0001687530	7371	5	0
0001144204-16-135261	1	HOMEUNION HOLDINGS, INC.	DE	2013	0001639241	6531	100	2
0001437749-16-042310	1	Spotlight Capital Holdings, Inc	CO	1997	0001077319	7819	2	1
0001567619-16-003212	1	Energy Hunter Resources, Inc.	DE	2016	0001679073	1311	6	0
0001686327-16-000007	1	TAHAWI aerospace Corp	DE	2016	0001686327	3721	4	3
0001642079-16-000023	1	ARC287BC CORP	NJ	2015	0001642079	3790	1	3
0001687715-16-000001	1	HELiOS EXCHANGE, INC.	DE	2013	0001687715	1540	2	0
0001689536-16-000001	1	NANO STONE INC	DE	2016	0001689536	3281	7	0
0001658959-16-000017	1	Teraphysics Corp	DE	2004	0001318588	3679	7	3
0001214659-16-014687	1	YOBI CAPITAL FUND CORPORATION	DE	2015	0001658083	7389	1	12
0001640334-16-002008	1	YILOLIFE INC.	DE	2015	0001678097	8742	58	1
0001022183-16-000008	1	CB SCIENTIFIC, INC.	OR	1987	0001022183	8734	4	2
0001213900-16-018423	1	Legion Capital Corporation	FL	2015	0001661166	6799	10	1
0001615774-16-008242	1	Alzamend Neuro, Inc.	DE	2016	0001677077	2834	0	2
0001688406-16-000008	1	Raven Fund 1	WY	2016	0001688406	7812	0	0
0001415889-16-007382	1	Stocosil Inc.	DE	2014	0001645554	2834	0	4
0001689065-16-000003	2	Tridentine Corp	NC	2012	0001689065	2080	0	1
0001689065-16-000003	1	Tridentine Corp	NC	2012	0001689065	2080	0	1
0001144204-16-133218	1	GROUNDFLOOR FINANCE INC.	GA	2013	0001588504	6199	15	0
0001144204-16-133048	1	HOMEUNION HOLDINGS, INC.	DE	2013	0001639241	6531	100	2
0001144204-16-133001	1	Sagoon Inc.	DE	2006	0001639953	7374	14	7
0001144204-16-132981	1	Keen Home Inc.	DE	2013	0001684813	3634	9	0
0001477932-16-013327	1	ShiftPixy Inc.	WY	2015	0001675634	7361	2966	1138
0001022183-16-000007	1	CB SCIENTIFIC, INC.	OR	1987	0001022183	8734	4	2
0001677092-16-000007	1	Alliance Freight Lines Inc	DE	2016	0001677092	4210	2	3
0001193125-16-762608	1	ManeGain, Inc.	TX	2007	0001603860	3841	3	2
0001529026-16-000005	1	Empire The Musical Worldwide, LLC	NY	2011	0001529026	7990	0	0
0001144204-16-131843	1	Knightscope, Inc.	DE	2013	0001600983	3669	24	4
0001688361-16-000001	1	Dubuc Motors Inc.	DE	2016	0001688361	3711	2	0
0001681524-16-000005	1	North Lion Holding Corp	DE	2014	0001681524	7997	2	0
0001681343-16-000008	1	StreamNet, Inc.	NV	2016	0001681343	4841	1	0
0001654954-16-003352	1	HC Government Realty Trust, Inc.	MD	2016	0001670010	6512	0	0
0001688406-16-000005	1	Raven Fund 1	WY	2016	0001688406	7812	0	0
0001022183-16-000006	1	CB SCIENTIFIC, INC.	OR	1987	0001022183	8734	4	2
0001687306-16-000002	1	FIRST PHOENIX INVESTMENTS, INC.	DE	2016	0001687306	6799	0	0
0001686327-16-000006	1	TAHAWI aerospace Corp	DE	2016	0001686327	3721	4	3
0001640334-16-001874	1	YILOLIFE INC.	DE	2015	0001678097	8742	58	1
0001684245-16-000001	1	Game Time Hydration, Inc.	WY	2015	0001684245	2080	3	0
0001678727-16-000012	1	WEB DEBT SOLUTIONS, LLC	TX	2014	0001678727	6199	3	1
0001437749-16-040382	1	Spotlight Capital Holdings, Inc	CO	1997	0001077319	7819	2	1
0001688406-16-000001	1	Raven Fund 1	WY	2016	0001688406	7812	0	0
0001687530-16-000001	1	NITRO HOLDINGS INC	DE	2016	0001687530	7371	5	0
0001193125-16-747594	1	Mercer Island Investors Group, Inc.	WA	2016	0001687870	5812	0	2
0001587999-16-000014	1	Southern Tier Region Rural Broadband Company, Inc.	NY	2013	0001587999	7380	1	3
0001681343-16-000007	1	StreamNet, Inc.	NV	2016	0001681343	4841	1	0
0001684242-16-000003	1	Altys Group, Inc.	DE	2016	0001684242	3826	2	0
0001644516-16-000013	1	Mid-Hudson Broadband Co	NY	2013	0001644516	7380	1	3
0001477932-16-013112	1	Madyson Equity Group, LP	CO	2016	0001672461	1700	0	5
0001567619-16-003100	1	Energy Hunter Resources, Inc.	DE	2016	0001679073	1311	6	0
0001654954-16-003046	1	HC Government Realty Trust, Inc.	MD	2016	0001670010	6512	0	0
0001193125-16-743889	1	KeyStone Solutions, Inc.	DE	2016	0001670087	8742	29	0
0001640170-16-000005	1	Western Gateway Region Rural Broadband Company, Inc.	AZ	2015	0001640170	7380	1	9
0001529026-16-000003	1	Empire The Musical Worldwide, LLC	NY	2011	0001529026	7990	0	0
0001144204-16-128633	1	HOMEUNION HOLDINGS, INC.	DE	2013	0001639241	6531	100	2
0001144204-16-128583	1	GROUNDFLOOR FINANCE INC.	GA	2013	0001588504	6199	22	0
0001477932-16-012993	1	ShiftPixy Inc.	WY	2015	0001675634	7361	2966	1138
0001687263-16-000003	1	PHOENIX REALTY, INC.	DE	2016	0001687263	6500	0	0
0001144204-16-128152	1	GROUNDFLOOR FINANCE INC.	GA	2013	0001588504	6199	22	0
0001144204-16-128114	1	Ziyen Inc	WY	2016	0001680101	7374	0	0
0001445866-16-002740	1	Secured Real Estate Income Fund II, LLC	DE	2016	0001678107	6199	0	0
0001673239-16-000031	1	MAYFLOWER INVESTMENT GROUP INC	WY	2016	0001673239	6500	0	2
0001445866-16-002733	1	Secured Real Estate Fund II, LLC	DE	2016	0001678107	6199	0	0
0001144204-16-127547	1	GROUNDFLOOR FINANCE INC.	GA	2013	0001588504	6199	22	0
0001642079-16-000013	1	ARC287BC CORP	NJ	2015	0001642079	3790	1	3
0001677159-16-000008	1	Bofat Investment Inc	DE	2016	0001677159	7370	3	1
0001659173-16-000524	1	CapWest Income, LLC	NV	2016	0001683719	6500	0	0
0001079974-16-001602	1	SANZ SOLUTIONS INC.	FL	2015	0001685831	7380	1	1
0001010549-16-000727	1	JRD4256 ENTERPRISES LLC	TX	2016	0001672020	3949	5	0
0001654954-16-002674	1	VidAngel, Inc.	DE	2014	0001671941	7829	20	24
0001681343-16-000005	1	StreamNet, Inc.	NV	2016	0001681343	4841	1	0
0001671132-16-000008	1	HempTech Corp	NV	2014	0001671132	700	5	3
0001681343-16-000003	1	StreamNet, Inc.	NV	2016	0001681343	4841	1	0
0001681524-16-000003	1	North Lion Holding Corp	DE	2014	0001681524	7997	2	0
0001010549-16-000721	1	JRD4256 ENTERPRISES LLC	TX	2016	0001672020	3949	5	0
0001686327-16-000004	1	TAHAWI aerospace Corp	DE	2016	0001686327	3721	4	3
0001686327-16-000001	1	TAHAWI aerospace Corp	DE	2016	0001686327	3721	4	3
0001022183-16-000003	1	CB SCIENTIFIC, INC.	OR	1987	0001022183	8734	4	2
