ACCESSION_NUMBER	SECURITY_ID	SECURITIESISSUERNAME	SECURITIESISSUERTITLE	SECURITIESISSUEDTOTALAMOUNT	SECURITIESPRINCIPALHOLDERAMT	SECURITIESISSUEDAGGREGATEAMT	AGGREGATECONSIDERATIONBASIS
0001079974-16-001814	1	SAnz Solutions, Inc.	Common shares	30000000	0	3000 at par	
0001144204-16-141777	2	Rise Companies Corp.	Class A Common Stock	208000	0	0	
0001144204-16-141777	1	Rise Companies Corp.	Class A Common Stock	208000	0	0	
0001652577-16-000033	1	360 Sports, Inc.	Common A	23259893	0	360 Sports, Inc. issued shares based on sweat equity and consulting services.	
0001652577-16-000033	2	360 Sports, Inc.	Common A	23259893	0	360 Sports, Inc. issued shares based on sweat equity and consulting services.	
0001477932-16-014321	3	TMPOS, INC.	Common Stock	35000000	0	35,000,000 founder shares at $.0001 par value upon formation for total $3,500.	
0001477932-16-014321	1	TMPOS, INC.	Common Stock	35000000	0	35,000,000 founder shares at $.0001 par value upon formation for total $3,500.	
0001477932-16-014321	2	TMPOS, INC.	Common Stock	35000000	0	35,000,000 founder shares at $.0001 par value upon formation for total $3,500.	
0001477932-16-014304	1	McGraw Conglomerate Corporation	Common	20000000	0	$200 at $.00001 par value	
0001144204-16-141219	1	Keen Home Inc.	Convertible Notes	2810000	0	$2,810,000	
0001144204-16-141190	1	Worthpoint Corp	Convertible Debt	429500	0	$429,500	
0001615774-16-009053	1	YayYo, LLC	Common Stock	25000000	0	9375000	
0001193125-16-802423	1	Cottonwood Multifamily REIT II, Inc.	Common stock	1000	1000	10,000 paid in cash.	10,000 paid in cash.
0001658959-16-000018	1	Teraphysics Coroporation	Common Stock	3448750	0	$3,448,750 which includes the sale of shares in a Private Placement Reg D to accredited investors, services, warrants, accrued payroll, bonus, and conversion of preferred to common shares.	
0001689536-16-000003	1	Nano Stone Inc	Common	8800000	8800000	0	46,806
0001144204-16-140938	1	Rayton Solar Inc.	Common stock	34609291	0	$1,735,159	
0001104659-16-163451	1	MogulREIT I, LLC	Common shares	250	0	$2,500 (250 shares at $10.00 per common share)	
0001659173-16-000668	1	CapWest Income, LLC	Common Membership Interest Units	75000	0	75000	
0001144204-16-140697	1	Knightscope, Inc.	Series B Preferred Stock	2178215	0	4344289	
0001193125-16-800412	1	ADOMANI, Inc.	Founders' Stock	10217150	9010000	The Founders' stock was issued for an aggregate amount of $20,434.30 which represents $0.002 per share.	The Founders' stock was issued for an aggregate amount of $18,020.00 which represents $0.002 per share.
0001193125-16-800412	2	ADOMANI, Inc.	Founders' Stock	10217150	9010000	The Founders' stock was issued for an aggregate amount of $20,434.30 which represents $0.002 per share.	The Founders' stock was issued for an aggregate amount of $18,020.00 which represents $0.002 per share.
0001193125-16-800412	5	ADOMANI, Inc.	Founders' Stock	10217150	9010000	The Founders' stock was issued for an aggregate amount of $20,434.30 which represents $0.002 per share.	The Founders' stock was issued for an aggregate amount of $18,020.00 which represents $0.002 per share.
0001193125-16-800412	4	ADOMANI, Inc.	Founders' Stock	10217150	9010000	The Founders' stock was issued for an aggregate amount of $20,434.30 which represents $0.002 per share.	The Founders' stock was issued for an aggregate amount of $18,020.00 which represents $0.002 per share.
0001193125-16-800412	3	ADOMANI, Inc.	Founders' Stock	10217150	9010000	The Founders' stock was issued for an aggregate amount of $20,434.30 which represents $0.002 per share.	The Founders' stock was issued for an aggregate amount of $18,020.00 which represents $0.002 per share.
0001640170-16-000014	1	Western Gateway Region Rural Broadband Company, Inc.	common/voting	352943	0	3000000 based upon original project size issue to first shareholders/founders at par value.	
0001640170-16-000013	1	Finger Lakes Region Rural Broadband Company, Inc.	common/voting	588238	0	3000000, based upon original project size issue to first shareholders/founders at par value	
0001144204-16-140373	1	Rayton Solar Inc.	Common stock	34609291	0	$1,735,159	
0001213900-16-019521	1	New Media Trader, Inc.	Convertible Notes	1200000	0	$1200000	
0001415889-16-007597	2	Stocosil Inc.	Convertible notes	5	0	$750,000 based on the 409 A Valuation prepared by an independent third party on February 15, 2015.	
0001415889-16-007597	1	Stocosil Inc.	Convertible notes	5	0	$750,000 based on the 409 A Valuation prepared by an independent third party on February 15, 2015.	
0001579586-16-000026	1	Western Gateway Region Rural Broadband Company, Inc.	common/voting	352943	0	3000000 based upon original project size issue to first shareholders/founders at par value.	
0001579586-16-000025	1	Finger Lakes Region Rural Broadband Company, Inc.	common/voting	588238	0	3000000, based upon original project size issue to first shareholders/founders at par value	
0001213900-16-019487	1	Fig Publishing, Inc.	Common Stock	1000000	0	$493,470. The issuer's parent, Loose Tooth Industries, Inc., formed the issuer on October 8, 2015. Upon formation, one share was transferred to the parent, which was split into 1,000,000 shares when the issuer's charter was amended in December 2015. The parent has transferred assets to the issuer with a carrying value of $104,540 and has incurred expenses on the issuer's behalf of $388,930.   ADDITIONAL INFORMATION:   1. As of the date of this filing, the issuer was continuing to offer and sell up to $3 million of  the issuer's Fig Game Shares - PSY2 to qualified purchasers pursuant to an offering statement under Regulation A that was qualified by the Commission on September 29, 2016. 2. The issuer currently expects to offer up to approximately $14,250,000 of securities under Regulation A during the remainder of 2016 and during 2017, including up to $3 million of the issuer's Fig Game Shares - PSY2 (referred to above) and up to $1,250,000 of the securities to be offered in connection with this filing. 3. On November 7, 2016, the issuer issued 327 Fig Game Shares - PSY2 to accredited investors for an aggregate consideration of $159,500. 4. On November 29, 2016, Fig Small Batch, LLC, a limited liability company of which the issuer is the managing member, issued 29 Series Make Sail Units, each such unit representing a limited liability company interest in such limited liability company, to accredited investors and Fig Publishing, Inc. for an aggregate consideration of $29,000. Fig Publishing, Inc. purchased 8 Series Make Sail Units, for $8,000.	
0001654954-16-004922	2	Stocosil Inc.	Convertible notes	5	0	$750,000 based on the 409 A Valuation prepared by an independent third party on February 15, 2015.	
0001654954-16-004922	1	Stocosil Inc.	Convertible notes	5	0	$750,000 based on the 409 A Valuation prepared by an independent third party on February 15, 2015.	
0001640170-16-000010	1	Finger Lakes Region Rural Broadband Company, Inc.	common/voting	588238	0	3000000, based upon original project size issue to first shareholders/founders at par value	
0001144204-16-139684	1	Groundfloor Finance Inc.	LROs	15652940	0	LROs in the amount of $15,652,940 were issued and sold pursuant to Offering Circular File No. 024-10496 (as may be amended and supplemented from time to time).	
0001144204-16-139684	3	Groundfloor Finance Inc.	LROs	15652940	0	LROs in the amount of $15,652,940 were issued and sold pursuant to Offering Circular File No. 024-10496 (as may be amended and supplemented from time to time).	
0001144204-16-139684	2	Groundfloor Finance Inc.	LROs	15652940	0	LROs in the amount of $15,652,940 were issued and sold pursuant to Offering Circular File No. 024-10496 (as may be amended and supplemented from time to time).	
0001640170-16-000008	1	Western Gateway Region Rural Broadband Company, Inc.	common/voting	352943	0	3000000 based upon original project size issue to first shareholders/founders at par value.	
0001615774-16-008925	1	YayYo, LLC	Common Stock	25000000	0	9375000	
0001690824-16-000002	1	Global Pharma Labs, Inc.	Common Stock	50500000	50500000	.0001	0
0001688437-16-000018	1	Indie Crowd Funder, LLC.	Common Shares	875	875	$1.00 per common share.	same as above.
0001688437-16-000012	1	Indie Crowd Funder, LLC.	Common Shares	875	875	$1.00 per common share.	same as above.
0001575872-16-000481	1	Blue Sky Group Holdings, Inc.	Common Stock	202500	0	(202,500)	
0001144204-16-138424	1	Knightscope, Inc.	Series B Preferred Stock	2178215	0	4344289	
0001213900-16-019233	1	DatChat, Inc.	Common Stock	2075000	0	No cash consideration was paid. Shares issued in consideration of consulting services rendered. Based on $.20 per share.	
0001213900-16-019233	2	DatChat, Inc.	Common Stock	2075000	0	No cash consideration was paid. Shares issued in consideration of consulting services rendered. Based on $.20 per share.	
0001213900-16-019233	4	DatChat, Inc.	Common Stock	2075000	0	No cash consideration was paid. Shares issued in consideration of consulting services rendered. Based on $.20 per share.	
0001213900-16-019233	5	DatChat, Inc.	Common Stock	2075000	0	No cash consideration was paid. Shares issued in consideration of consulting services rendered. Based on $.20 per share.	
0001213900-16-019233	3	DatChat, Inc.	Common Stock	2075000	0	No cash consideration was paid. Shares issued in consideration of consulting services rendered. Based on $.20 per share.	
0001567619-16-003328	1	Energy Hunter Resources, Inc.	Common Stock	438596	0	In May 2016, 438,596 shares were issued in exchange for $250 and services rendered in connection with the formation of the entity to our founder, Gary C. Evans.	
0001567619-16-003328	2	Energy Hunter Resources, Inc.	Common Stock	438596	0	In May 2016, 438,596 shares were issued in exchange for $250 and services rendered in connection with the formation of the entity to our founder, Gary C. Evans.	
0001587999-16-000017	1	Finger Lakes Region Rural Broadband Company, Inc.	common/voting	588238	0	3000000, based upon original project size issue to first shareholders/founders at par value	
0001640170-16-000007	1	Western Gateway Region Rural Broadband Company, Inc.	common/voting	352943	0	3000000 based upon original project size issue to first shareholders/founders at par value.	
0001144204-16-137846	1	Groundfloor Finance Inc.	LROs	15892840	0	LROs were issued for aggregate principal amount of $15,892,840.  LROs in the amount of $1,329,000 were issued and sold pursuant to Offering Circular File No. 024-10488 and LROs in the amount of $14,563,840 were issued and sold pursuant to Offering Circular File No. 024-10496 (as may be amended and supplemented from time to time).	
0001144204-16-137846	3	Groundfloor Finance Inc.	LROs	15892840	0	LROs were issued for aggregate principal amount of $15,892,840.  LROs in the amount of $1,329,000 were issued and sold pursuant to Offering Circular File No. 024-10488 and LROs in the amount of $14,563,840 were issued and sold pursuant to Offering Circular File No. 024-10496 (as may be amended and supplemented from time to time).	
0001144204-16-137846	2	Groundfloor Finance Inc.	LROs	15892840	0	LROs were issued for aggregate principal amount of $15,892,840.  LROs in the amount of $1,329,000 were issued and sold pursuant to Offering Circular File No. 024-10488 and LROs in the amount of $14,563,840 were issued and sold pursuant to Offering Circular File No. 024-10496 (as may be amended and supplemented from time to time).	
0001567619-16-003299	2	Energy Hunter Resources, Inc.	Common Stock	438596	0	In May 2016, 438,596 shares were issued in exchange for $250 and services rendered in connection with the formation of the entity to our founder, Gary C. Evans.	
0001567619-16-003299	1	Energy Hunter Resources, Inc.	Common Stock	438596	0	In May 2016, 438,596 shares were issued in exchange for $250 and services rendered in connection with the formation of the entity to our founder, Gary C. Evans.	
0001415889-16-007514	1	Stocosil Inc.	Convertible notes	5	0	$750,000 based on the 409 A Valuation reported prepared by an independent third party on February 15, 2015.	
0001686327-16-000008	1	TAHAWI aerospace Corp	Common Stock	40000000	0	0	
0001415889-16-007514	2	Stocosil Inc.	Convertible notes	5	0	$750,000 based on the 409 A Valuation reported prepared by an independent third party on February 15, 2015.	
0001659173-16-000637	1	CapWest Income, LLC	Common Membership Interest Units	75000	0	75000	
0001567619-16-003292	2	Energy Hunter Resources, Inc.	Common Stock	438596	0	In May 2016, 438,596 shares were issued in exchange for $250 and services rendered in connection with the formation of the entity to our founder, Gary C. Evans.	
0001567619-16-003292	1	Energy Hunter Resources, Inc.	Common Stock	438596	0	In May 2016, 438,596 shares were issued in exchange for $250 and services rendered in connection with the formation of the entity to our founder, Gary C. Evans.	
0001615774-16-008635	1	Alzamend Neuro, Inc.	Common and Series A Convertible Preferred Stock	117960000	0	$9,310 for 93,100,000 shares of Common Stock at par value, $0.0001 per share; $1,000,000 for 23,500,000 shares of Common Stock at approximately $0.0426 per share; and $10,880 for 1,360,000 shares of Series A Convertible Preferred Stock at $0.008 per share.	
0001579586-16-000024	1	Finger Lakes Region Rural Broadband Company, Inc.	common/voting	588238	0	3000000, based upon original project size issue to first shareholders/founders at par value	
0001579586-16-000021	1	Western Gateway Region Rural Broadband Company, Inc.	common/voting	352943	0	3000000 based upon original project size issue to first shareholders/founders at par value.	
0001104659-16-159384	1	MogulREIT I, LLC	common shares	250	0	$2,500 (250 shares at $10.00 per common share)	
0001144204-16-136763	1	Rayton Solar Inc.	Common stock	34609291	0	$1,735,159	
0001144204-16-136762	1	Groundfloor Finance Inc.	LROs	15189260	0	LROs were issued for aggregate principal amount of $15,189,260.  LROs in the amount of $505,000 were issued and sold pursuant to Offering Circular File No. 024-10440, LROs in the amount of $1,329,000 were issued and sold pursuant to Offering Circular File No. 024-10488 and LROs in the amount of $13,355,260 were issued and sold pursuant to Offering Circular File No. 024-10496 (as may be amended and supplemented from time to time).	
0001144204-16-136762	4	Groundfloor Finance Inc.	LROs	15189260	0	LROs were issued for aggregate principal amount of $15,189,260.  LROs in the amount of $505,000 were issued and sold pursuant to Offering Circular File No. 024-10440, LROs in the amount of $1,329,000 were issued and sold pursuant to Offering Circular File No. 024-10488 and LROs in the amount of $13,355,260 were issued and sold pursuant to Offering Circular File No. 024-10496 (as may be amended and supplemented from time to time).	
0001144204-16-136762	3	Groundfloor Finance Inc.	LROs	15189260	0	LROs were issued for aggregate principal amount of $15,189,260.  LROs in the amount of $505,000 were issued and sold pursuant to Offering Circular File No. 024-10440, LROs in the amount of $1,329,000 were issued and sold pursuant to Offering Circular File No. 024-10488 and LROs in the amount of $13,355,260 were issued and sold pursuant to Offering Circular File No. 024-10496 (as may be amended and supplemented from time to time).	
0001144204-16-136762	2	Groundfloor Finance Inc.	LROs	15189260	0	LROs were issued for aggregate principal amount of $15,189,260.  LROs in the amount of $505,000 were issued and sold pursuant to Offering Circular File No. 024-10440, LROs in the amount of $1,329,000 were issued and sold pursuant to Offering Circular File No. 024-10488 and LROs in the amount of $13,355,260 were issued and sold pursuant to Offering Circular File No. 024-10496 (as may be amended and supplemented from time to time).	
0001144204-16-136479	1	Groundfloor Finance Inc.	LROs	15189260	0	LROs were issued for aggregate principal amount of $15,189,260.  LROs in the amount of $505,000 were issued and sold pursuant to Offering Circular File No. 024-10440, LROs in the amount of $1,329,000 were issued and sold pursuant to Offering Circular File No. 024-10488 and LROs in the amount of $13,355,260 were issued and sold pursuant to Offering Circular File No. 024-10496 (as may be amended and supplemented from time to time).	
0001144204-16-136479	4	Groundfloor Finance Inc.	LROs	15189260	0	LROs were issued for aggregate principal amount of $15,189,260.  LROs in the amount of $505,000 were issued and sold pursuant to Offering Circular File No. 024-10440, LROs in the amount of $1,329,000 were issued and sold pursuant to Offering Circular File No. 024-10488 and LROs in the amount of $13,355,260 were issued and sold pursuant to Offering Circular File No. 024-10496 (as may be amended and supplemented from time to time).	
0001144204-16-136479	3	Groundfloor Finance Inc.	LROs	15189260	0	LROs were issued for aggregate principal amount of $15,189,260.  LROs in the amount of $505,000 were issued and sold pursuant to Offering Circular File No. 024-10440, LROs in the amount of $1,329,000 were issued and sold pursuant to Offering Circular File No. 024-10488 and LROs in the amount of $13,355,260 were issued and sold pursuant to Offering Circular File No. 024-10496 (as may be amended and supplemented from time to time).	
0001144204-16-136479	2	Groundfloor Finance Inc.	LROs	15189260	0	LROs were issued for aggregate principal amount of $15,189,260.  LROs in the amount of $505,000 were issued and sold pursuant to Offering Circular File No. 024-10440, LROs in the amount of $1,329,000 were issued and sold pursuant to Offering Circular File No. 024-10488 and LROs in the amount of $13,355,260 were issued and sold pursuant to Offering Circular File No. 024-10496 (as may be amended and supplemented from time to time).	
0001688406-16-000011	1	Indie Crowd Funder, LLC.	Common Shares	875	875	$1.00 per common share.	same as above.
0001677092-16-000008	1	Alliance Fright Lines Inc	Common Stock	15000000	0	1500	
0001144204-16-136462	1	Worthpoint Corp	Convertible Debt	429500	0	$429,500	
0001688406-16-000009	1	Indie Crowd Funder, LLC.	Common Shares	875	875	$1.00 per common share.	same as above.
0001477932-16-013794	1	ShiftPixy, Inc.	Common Stock- Founder's Shares	25200000	0	$5,040 based upon a purchase price of $0.0002 per share as adjusted for split, with $0.0001 allocated to par value and $0.0001 allocated to premium.	
0001477932-16-013794	2	ShiftPixy, Inc.	Common Stock- Founder's Shares	25200000	0	$5,040 based upon a purchase price of $0.0002 per share as adjusted for split, with $0.0001 allocated to par value and $0.0001 allocated to premium.	
0001477932-16-013794	3	ShiftPixy, Inc.	Common Stock- Founder's Shares	25200000	0	$5,040 based upon a purchase price of $0.0002 per share as adjusted for split, with $0.0001 allocated to par value and $0.0001 allocated to premium.	
0001477932-16-013794	4	ShiftPixy, Inc.	Common Stock- Founder's Shares	25200000	0	$5,040 based upon a purchase price of $0.0002 per share as adjusted for split, with $0.0001 allocated to par value and $0.0001 allocated to premium.	
0001687263-16-000009	1	PHOENIX REALTY, INC.	COMMON STOCK	30000000	0	3000 @ $0.0001 PAR	
0001214659-16-014876	1	YOBI CAPITAL FUND CORPORATION	Class A Common Stock	188888	0	85000	
0001477932-16-013714	2	ShiftPixy, Inc.	Common Stock- Founder's Shares	25200000	0	$5,040 based upon a purchase price of $0.0002 per share as adjusted for split, with $0.0001 allocated to par value and $0.0001 allocated to premium.	
0001477932-16-013714	1	ShiftPixy, Inc.	Common Stock- Founder's Shares	25200000	0	$5,040 based upon a purchase price of $0.0002 per share as adjusted for split, with $0.0001 allocated to par value and $0.0001 allocated to premium.	
0001477932-16-013714	3	ShiftPixy, Inc.	Common Stock- Founder's Shares	25200000	0	$5,040 based upon a purchase price of $0.0002 per share as adjusted for split, with $0.0001 allocated to par value and $0.0001 allocated to premium.	
0001477932-16-013714	4	ShiftPixy, Inc.	Common Stock- Founder's Shares	25200000	0	$5,040 based upon a purchase price of $0.0002 per share as adjusted for split, with $0.0001 allocated to par value and $0.0001 allocated to premium.	
0001687263-16-000008	1	PHOENIX REALTY, INC.	COMMON STOCK	30000000	0	3000 @ $0.0001 PAR	
0001687263-16-000005	1	PHOENIX REALTY, INC.	COMMON STOCK	30000000	0	3000 @ $0.0001 PAR	
0001677159-16-000009	1	Bofat Investmnets Inc	Common Stock	15000000	0	1500	
0001549212-16-000061	1	HempAmericana, Inc.	Class A Common Shares	44601962	0	Approximately $2,164,120 based on various employment agreements, services rendered and loan repayments.	
0001687530-16-000003	1	Nitro Holdings Inc	Common Stock	20000000	0	1	
0001144204-16-135261	2	HOMEUNION HOLDINGS, INC.	Convertible Promissory Notes	16608500	0	$16,608,500 in cash proceeds.	
0001144204-16-135261	3	HOMEUNION HOLDINGS, INC.	Convertible Promissory Notes	16608500	0	$16,608,500 in cash proceeds.	
0001144204-16-135261	1	HOMEUNION HOLDINGS, INC.	Convertible Promissory Notes	16608500	0	$16,608,500 in cash proceeds.	
0001567619-16-003212	1	Energy Hunter Resources, Inc.	Common Stock	2500000	0	In May 2016, 2,500,000 shares were issued in exchange for $250 and services rendered in connection with the formation of the entity to our founder, Gary C. Evans.	
0001567619-16-003212	2	Energy Hunter Resources, Inc.	Common Stock	2500000	0	In May 2016, 2,500,000 shares were issued in exchange for $250 and services rendered in connection with the formation of the entity to our founder, Gary C. Evans.	
0001686327-16-000007	1	TAHAWI aerospace Corp	Common Stock	40000000	0	5000	
0001689536-16-000001	1	Nano Stone Inc	Common	8800000	8800000	0	46,806
0001658959-16-000017	1	Teraphysics Coroporation	Common Stock	3448750	0	$3,448,750 which includes the sale of shares in a Private Placement Reg D to accredited investors, services, warrants, accrued payroll, bonus, and conversion of preferred to common shares.	
0001214659-16-014687	1	YOBI CAPITAL FUND CORPORATION	Class A Common Stock	188888	0	85000	
0001640334-16-002008	2	YILOLIFE INC.	Class A Common Stock	133000	0	No consideration was as they were issued to employees of the company as part of an Equity Incentive Plan.	
0001640334-16-002008	1	YILOLIFE INC.	Class A Common Stock	133000	0	No consideration was as they were issued to employees of the company as part of an Equity Incentive Plan.	
0001213900-16-018423	1	Legion Capital Corporation	Class A Common	11571500	0	$1,571,500 - $1 per share sold	
0001615774-16-008242	1	Alzamend Neuro, Inc.	Common and Series A Convertible Preferred Stock	117960000	0	$9,310 for 93,100,000 shares of Common Stock at par value, $0.0001 per share; $1,000,000 for 23,500,000 shares of Common Stock at approximately $0.0426 per share; and $10,880 for 1,360,000 shares of Series A Convertible Preferred Stock at $0.008 per share.	
0001415889-16-007382	2	Stocosil Inc.	Convertible notes	5	0	$750000 based upon the 409 A Valuation report prepared by an independent third party on February 15, 2016	
0001688406-16-000008	1	Indie Crowd Funder, LLC.	Common Shares	875	875	$1.00 per common share.	same as above.
0001415889-16-007382	1	Stocosil Inc.	Convertible notes	5	0	$750000 based upon the 409 A Valuation report prepared by an independent third party on February 15, 2016	
0001144204-16-133218	3	Groundfloor Finance Inc.	LROs	15189260	0	LROs were issued for aggregate principal amount of $15,189,260.  LROs in the amount of $505,000 were issued and sold pursuant to Offering Circular File No. 024-10440, LROs in the amount of $1,329,000 were issued and sold pursuant to Offering Circular File No. 024-10488 and LROs in the amount of $13,355,260 were issued and sold pursuant to Offering Circular File No. 024-10496 (as may be amended and supplemented from time to time).	
0001144204-16-133218	2	Groundfloor Finance Inc.	LROs	15189260	0	LROs were issued for aggregate principal amount of $15,189,260.  LROs in the amount of $505,000 were issued and sold pursuant to Offering Circular File No. 024-10440, LROs in the amount of $1,329,000 were issued and sold pursuant to Offering Circular File No. 024-10488 and LROs in the amount of $13,355,260 were issued and sold pursuant to Offering Circular File No. 024-10496 (as may be amended and supplemented from time to time).	
0001144204-16-133218	1	Groundfloor Finance Inc.	LROs	15189260	0	LROs were issued for aggregate principal amount of $15,189,260.  LROs in the amount of $505,000 were issued and sold pursuant to Offering Circular File No. 024-10440, LROs in the amount of $1,329,000 were issued and sold pursuant to Offering Circular File No. 024-10488 and LROs in the amount of $13,355,260 were issued and sold pursuant to Offering Circular File No. 024-10496 (as may be amended and supplemented from time to time).	
0001144204-16-133218	4	Groundfloor Finance Inc.	LROs	15189260	0	LROs were issued for aggregate principal amount of $15,189,260.  LROs in the amount of $505,000 were issued and sold pursuant to Offering Circular File No. 024-10440, LROs in the amount of $1,329,000 were issued and sold pursuant to Offering Circular File No. 024-10488 and LROs in the amount of $13,355,260 were issued and sold pursuant to Offering Circular File No. 024-10496 (as may be amended and supplemented from time to time).	
0001144204-16-133048	2	HOMEUNION HOLDINGS, INC.	Convertible Promissory Notes	16608500	0	$16,608,500 in cash proceeds.	
0001144204-16-133048	1	HOMEUNION HOLDINGS, INC.	Convertible Promissory Notes	16608500	0	$16,608,500 in cash proceeds.	
0001144204-16-133048	3	HOMEUNION HOLDINGS, INC.	Convertible Promissory Notes	16608500	0	$16,608,500 in cash proceeds.	
0001144204-16-133001	2	Sagoon Inc.	Class C Common Stock	6300	0	$22,500 at $3.75 per share (not including stock issued to broker)	
0001144204-16-133001	1	Sagoon Inc.	Class C Common Stock	6300	0	$22,500 at $3.75 per share (not including stock issued to broker)	
0001144204-16-132981	1	Keen Home Inc.	Convertible Notes	2810000	0	$2,810,000	
0001477932-16-013327	1	ShiftPixy, Inc.	Common Stock- Founder's Shares	25200000	0	$5,040 based upon a purchase price of $0.0002 per share as adjusted for split, with $0.0001 allocated to par value and $0.0001 allocated to premium.	
0001477932-16-013327	2	ShiftPixy, Inc.	Common Stock- Founder's Shares	25200000	0	$5,040 based upon a purchase price of $0.0002 per share as adjusted for split, with $0.0001 allocated to par value and $0.0001 allocated to premium.	
0001477932-16-013327	3	ShiftPixy, Inc.	Common Stock- Founder's Shares	25200000	0	$5,040 based upon a purchase price of $0.0002 per share as adjusted for split, with $0.0001 allocated to par value and $0.0001 allocated to premium.	
0001477932-16-013327	4	ShiftPixy, Inc.	Common Stock- Founder's Shares	25200000	0	$5,040 based upon a purchase price of $0.0002 per share as adjusted for split, with $0.0001 allocated to par value and $0.0001 allocated to premium.	
0001677092-16-000007	1	Alliance Fright Lines Inc	Common Stock	15000000	0	1500	
0001529026-16-000005	1	Empire the Musical Worldwide, LLC	Membership Interests	51	0	$2,805,740	
0001144204-16-131843	1	Knightscope, Inc.	Series B Preferred Stock	2178215	0	4344289	
0001688361-16-000001	1	Dubuc Motors Inc	Class A Common Shares	26445000	0	26,445,000 x $0.000001 per share = $26.45	
0001688361-16-000001	2	Dubuc Motors Inc	Class A Common Shares	26445000	0	26,445,000 x $0.000001 per share = $26.45	
0001654954-16-003352	2	HC Government Realty Trust, Inc.	7.00 percent Series A Cumulative Convertible Preferred Stock	144500	0	Our company issued 144,500 shares of its 7.00% Series A Cumulative Convertible Preferred Stock for consideration of $25.00 per share, $3,612,500 in the aggregate. The consideration for which the securities were issued was determined by management.	
0001654954-16-003352	1	HC Government Realty Trust, Inc.	7.00 percent Series A Cumulative Convertible Preferred Stock	144500	0	Our company issued 144,500 shares of its 7.00% Series A Cumulative Convertible Preferred Stock for consideration of $25.00 per share, $3,612,500 in the aggregate. The consideration for which the securities were issued was determined by management.	
0001688406-16-000005	1	Indie Crowd Funder, LLC.	Common Shares	875	875	$1.00 per common share.	same as above.
0001686327-16-000006	1	TAHAWI aerospace Corp	Common Stock	40000000	0	5000	
0001640334-16-001874	1	YILOLIFE INC.	Class A Common Stock	133000	0	No consideration was as they were issued to employees of the company as part of an Equity Incentive Plan.	
0001640334-16-001874	2	YILOLIFE INC.	Class A Common Stock	133000	0	No consideration was as they were issued to employees of the company as part of an Equity Incentive Plan.	
0001688406-16-000001	1	Indie Crowd Funder, LLC.	Common Shares	875	875	$1.00 per common share.	same as above.
0001687530-16-000001	1	Nitro Holdings Inc	Common Stock	20000000	0	1	
0001193125-16-747594	1	Mercer Island Investors Group, Inc.	Common Stock	10	0	$0.10. Since these were founders shares, the offering price was the par value of $0.01 per share.	
0001567619-16-003100	1	Energy Hunter Resources, Inc.	Common Stock	2500000	0	In May 2016, 2,500,000 shares were issued in exchange for $250 and services rendered in connection with the formation of the entity to our founder, Gary C. Evans.	
0001567619-16-003100	2	Energy Hunter Resources, Inc.	Common Stock	2500000	0	In May 2016, 2,500,000 shares were issued in exchange for $250 and services rendered in connection with the formation of the entity to our founder, Gary C. Evans.	
0001654954-16-003046	2	HC Government Realty Trust, Inc.	7.00 percent Series A Cumulative Convertible Preferred Stock	144500	0	Our company issued 144,500 shares of its 7.00% Series A Cumulative Convertible Preferred Stock for consideration of $25.00 per share, $3,612,500 in the aggregate. The consideration for which the securities were issued was determined by management.	
0001654954-16-003046	1	HC Government Realty Trust, Inc.	7.00 percent Series A Cumulative Convertible Preferred Stock	144500	0	Our company issued 144,500 shares of its 7.00% Series A Cumulative Convertible Preferred Stock for consideration of $25.00 per share, $3,612,500 in the aggregate. The consideration for which the securities were issued was determined by management.	
0001193125-16-743889	2	KeyStone Solutions, Inc.	Subordinated Warrant to purchase up to 125,000 shares of Common Stock of KeyStone Solutions, Inc. issued to a single accredited investor.	62500	0	"On March 16, 2016, Keystone Solutions, Inc. (the ""Company"") entered into a Subordinated Note and Warrant Purchase Agreement pursuant to which the Company agreed to issue up to $1,000,000 in subordinated debt and warrants to purchase up to 125,000 shares of the Company's common stock.  The exercise price for the Subordinated Note Warrants is equal to $2.00 per share of common stock.  As of the date of this filing, subordinated notes with a face amount of $500,000 and subordinated note warrants to purchase 62,500 shares of the Company's common stock have been issued to one accredited investor, as set forth in more detail in the accompanying Offering Circular."	$0 - as set forth in the accompanying Offering Circular, on March 31, 2016 the existing stockholders of AOC Key Solutions, Inc. exchanged 100% of their outstanding shares of common stock in AOC Key Solutions for proportionate shares of KeyStone Solutions, Inc. common stock as part of the reorganization, as set forth in more detail in the accompanying Offering Circular.
0001193125-16-743889	1	KeyStone Solutions, Inc.	Subordinated Warrant to purchase up to 125,000 shares of Common Stock of KeyStone Solutions, Inc. issued to a single accredited investor.	62500	0	"On March 16, 2016, Keystone Solutions, Inc. (the ""Company"") entered into a Subordinated Note and Warrant Purchase Agreement pursuant to which the Company agreed to issue up to $1,000,000 in subordinated debt and warrants to purchase up to 125,000 shares of the Company's common stock.  The exercise price for the Subordinated Note Warrants is equal to $2.00 per share of common stock.  As of the date of this filing, subordinated notes with a face amount of $500,000 and subordinated note warrants to purchase 62,500 shares of the Company's common stock have been issued to one accredited investor, as set forth in more detail in the accompanying Offering Circular."	$0 - as set forth in the accompanying Offering Circular, on March 31, 2016 the existing stockholders of AOC Key Solutions, Inc. exchanged 100% of their outstanding shares of common stock in AOC Key Solutions for proportionate shares of KeyStone Solutions, Inc. common stock as part of the reorganization, as set forth in more detail in the accompanying Offering Circular.
0001640170-16-000005	1	Western Gateway Region Rural Broadband Company, Inc.	common/voting	352943	0	3000000 based upon original project size issue to first shareholders/founders at par value.	
0001144204-16-128633	3	HOMEUNION HOLDINGS, INC.	Convertible Promissory Notes	15608500	0	$15,608,500 in cash proceeds.	
0001144204-16-128633	2	HOMEUNION HOLDINGS, INC.	Convertible Promissory Notes	15608500	0	$15,608,500 in cash proceeds.	
0001144204-16-128633	1	HOMEUNION HOLDINGS, INC.	Convertible Promissory Notes	15608500	0	$15,608,500 in cash proceeds.	
0001144204-16-128583	3	Groundfloor Finance Inc.	LROs	14009060	0	LROs were issued for aggregate principal amount of $14,009,060.  LROs in the amount of $505,000 were issued and sold pursuant to Offering Circular File No. 024-10440, LROs in the amount of $1,329,000 were issued and sold pursuant to Offering Circular File No. 024-10488 and LROs in the amount of $12,175,060 were issued and sold pursuant to Offering Circular File No. 024-10496 (as may be amended and supplemented from time to time).	
0001144204-16-128583	2	Groundfloor Finance Inc.	LROs	14009060	0	LROs were issued for aggregate principal amount of $14,009,060.  LROs in the amount of $505,000 were issued and sold pursuant to Offering Circular File No. 024-10440, LROs in the amount of $1,329,000 were issued and sold pursuant to Offering Circular File No. 024-10488 and LROs in the amount of $12,175,060 were issued and sold pursuant to Offering Circular File No. 024-10496 (as may be amended and supplemented from time to time).	
0001144204-16-128583	1	Groundfloor Finance Inc.	LROs	14009060	0	LROs were issued for aggregate principal amount of $14,009,060.  LROs in the amount of $505,000 were issued and sold pursuant to Offering Circular File No. 024-10440, LROs in the amount of $1,329,000 were issued and sold pursuant to Offering Circular File No. 024-10488 and LROs in the amount of $12,175,060 were issued and sold pursuant to Offering Circular File No. 024-10496 (as may be amended and supplemented from time to time).	
0001477932-16-012993	3	ShiftPixy, Inc.	Common Stock- Founder's Shares	25200000	0	$5,040 based upon a purchase price of $0.0002 per share as adjusted for split, with $0.0001 allocated to par value and $0.0001 allocated to premium.	
0001477932-16-012993	2	ShiftPixy, Inc.	Common Stock- Founder's Shares	25200000	0	$5,040 based upon a purchase price of $0.0002 per share as adjusted for split, with $0.0001 allocated to par value and $0.0001 allocated to premium.	
0001477932-16-012993	1	ShiftPixy, Inc.	Common Stock- Founder's Shares	25200000	0	$5,040 based upon a purchase price of $0.0002 per share as adjusted for split, with $0.0001 allocated to par value and $0.0001 allocated to premium.	
0001687263-16-000003	1	PHOENIX REALTY, INC.	COMMON STOCK	30000000	0	3000 @ $0.0001 PAR	
0001477932-16-012993	4	ShiftPixy, Inc.	Common Stock- Founder's Shares	25200000	0	$5,040 based upon a purchase price of $0.0002 per share as adjusted for split, with $0.0001 allocated to par value and $0.0001 allocated to premium.	
0001144204-16-128152	2	Groundfloor Finance Inc.	LROs	13601140	0	LROs were issued for aggregate principal amount of $13,601,140.  LROs in the amount of $505,000 were issued and sold pursuant to Offering Circular File No. 024-10440, LROs in the amount of $1,329,000 were issued and sold pursuant to Offering Circular File No. 024-10488 and LROs in the amount of $11,767,140 were issued and sold pursuant to Offering Circular File No. 024-10496 (as may be amended and supplemented from time to time).	
0001144204-16-128152	1	Groundfloor Finance Inc.	LROs	13601140	0	LROs were issued for aggregate principal amount of $13,601,140.  LROs in the amount of $505,000 were issued and sold pursuant to Offering Circular File No. 024-10440, LROs in the amount of $1,329,000 were issued and sold pursuant to Offering Circular File No. 024-10488 and LROs in the amount of $11,767,140 were issued and sold pursuant to Offering Circular File No. 024-10496 (as may be amended and supplemented from time to time).	
0001144204-16-128152	3	Groundfloor Finance Inc.	LROs	13601140	0	LROs were issued for aggregate principal amount of $13,601,140.  LROs in the amount of $505,000 were issued and sold pursuant to Offering Circular File No. 024-10440, LROs in the amount of $1,329,000 were issued and sold pursuant to Offering Circular File No. 024-10488 and LROs in the amount of $11,767,140 were issued and sold pursuant to Offering Circular File No. 024-10496 (as may be amended and supplemented from time to time).	
0001445866-16-002740	1	Secured Real Estate Income Fund I, LLC	limited liability company interests	1480000	0	1480000	
0001673239-16-000031	1	MAYFLOWER INVESTMENT GROUP INC	COMMON	500000	500000	0.001 par value	0
0001673239-16-000031	2	MAYFLOWER INVESTMENT GROUP INC	COMMON	500000	500000	0.001 par value	0
0001445866-16-002733	1	Secured Real Estate Income Fund I, LLC	limited liability company interests	1480000	0	1,480,000	
0001144204-16-127547	1	Groundfloor Finance Inc.	LROs	13601140	0	LROs were issued for aggregate principal amount of $13,601,140.  LROs in the amount of $505,000 were issued and sold pursuant to Offering Circular File No. 024-10440, LROs in the amount of $1,329,000 were issued and sold pursuant to Offering Circular File No. 024-10488 and LROs in the amount of $11,767,140 were issued and sold pursuant to Offering Circular File No. 024-10496 (as may be amended and supplemented from time to time).	
0001144204-16-127547	3	Groundfloor Finance Inc.	LROs	13601140	0	LROs were issued for aggregate principal amount of $13,601,140.  LROs in the amount of $505,000 were issued and sold pursuant to Offering Circular File No. 024-10440, LROs in the amount of $1,329,000 were issued and sold pursuant to Offering Circular File No. 024-10488 and LROs in the amount of $11,767,140 were issued and sold pursuant to Offering Circular File No. 024-10496 (as may be amended and supplemented from time to time).	
0001144204-16-127547	2	Groundfloor Finance Inc.	LROs	13601140	0	LROs were issued for aggregate principal amount of $13,601,140.  LROs in the amount of $505,000 were issued and sold pursuant to Offering Circular File No. 024-10440, LROs in the amount of $1,329,000 were issued and sold pursuant to Offering Circular File No. 024-10488 and LROs in the amount of $11,767,140 were issued and sold pursuant to Offering Circular File No. 024-10496 (as may be amended and supplemented from time to time).	
0001677159-16-000008	1	Bofat Investemnts Inc	Common	15000000	0	1500	
0001659173-16-000524	1	CapWest Income, LLC	Common Membership Interest Units	75000	0	75000	
0001079974-16-001602	1	SAnz Solutions, Inc.	Common shares	30000000	0	3000 at par	
0001654954-16-002674	1	VidAngel, Inc.	Class A Common Stock	4592651	0	Class A Common Stock issued pursuant to conversion of the first tranche of convertible notes, or CNR1, for an aggregate price of $285,059.40 ($0.30 per share); and Class A Common Stock issued pursuant to conversion of the second tranche of convertible notes, CNR2, for an aggregate price of $1,634,400.11 (or $0.634 average price per share) and the remaining shares of Class A Common stock were sold for an aggregate price of $1,000,000 ($0.9383 per share). The price for these shares was determined by negotiation between the parties.	
0001654954-16-002674	2	VidAngel, Inc.	Class A Common Stock	4592651	0	Class A Common Stock issued pursuant to conversion of the first tranche of convertible notes, or CNR1, for an aggregate price of $285,059.40 ($0.30 per share); and Class A Common Stock issued pursuant to conversion of the second tranche of convertible notes, CNR2, for an aggregate price of $1,634,400.11 (or $0.634 average price per share) and the remaining shares of Class A Common stock were sold for an aggregate price of $1,000,000 ($0.9383 per share). The price for these shares was determined by negotiation between the parties.	
0001671132-16-000008	1	HempTech Corp.	Preferred Stock	273666	0	$82000 at $0.30 per share	
0001686327-16-000004	1	TAHAWI aerospace Corp	Common Stock	40000000	0	5000	
0001686327-16-000001	1	TAHAWI aerospace Corp	Common Stock	40000000	0	5000	
