ACCESSION_NUMBER	SO_ID	SECURITIESOFFEREDTYPES	SECURITIESOFFEREDOTHERDESC
0001079974-16-001814	1	Equity (common or preferred stock)	
0001144204-16-141777	1	Equity (common or preferred stock)	
0001681524-16-000010	1	Equity (common or preferred stock)	
0001652577-16-000033	1	Equity (common or preferred stock)	
0001477932-16-014321	1	Equity (common or preferred stock)	
0001477932-16-014304	1	Equity (common or preferred stock)	
0001144204-16-141219	1	Equity (common or preferred stock)	
0001144204-16-141190	1	Equity (common or preferred stock)	
0001615774-16-009053	1	Equity (common or preferred stock)	
0001193125-16-802423	1	Equity (common or preferred stock)	
0001658959-16-000018	1	Equity (common or preferred stock)	
0001689536-16-000003	1	Equity (common or preferred stock)	
0001144204-16-140938	1	Equity (common or preferred stock)	
0001104659-16-163451	1	Equity (common or preferred stock)	
0001659173-16-000668	1	Debt	
0001437749-16-043675	1	Equity (common or preferred stock)	
0001437749-16-043659	1	Equity (common or preferred stock)	
0001144204-16-140697	1	Equity (common or preferred stock)	
0001193125-16-800412	1	Equity (common or preferred stock)	
0001640170-16-000014	1	Equity (common or preferred stock)	
0001640170-16-000013	1	Equity (common or preferred stock)	
0001213900-16-019521	1	Equity (common or preferred stock)	
0001144204-16-140373	1	Equity (common or preferred stock)	
0001415889-16-007597	1	Equity (common or preferred stock)	
0001579586-16-000026	1	Equity (common or preferred stock)	
0001579586-16-000025	1	Equity (common or preferred stock)	
0001144204-16-140081	1	Other(describe)	Preferred Membership Interests
0001213900-16-019487	1	Equity (common or preferred stock)	
0001654954-16-004922	1	Equity (common or preferred stock)	
0001640170-16-000010	1	Equity (common or preferred stock)	
0001640170-16-000009	1	Equity (common or preferred stock)	
0001144204-16-139684	1	Other(describe)	Limited Recourse Obligation (LRO), a limited debt obligation of the issuer
0001640170-16-000008	1	Equity (common or preferred stock)	
0001587999-16-000019	1	Equity (common or preferred stock)	
0001615774-16-008925	1	Equity (common or preferred stock)	
0001690824-16-000002	1	Equity (common or preferred stock)	
0001193125-16-791732	1	Equity (common or preferred stock)	
0001680579-16-000009	1	Equity (common or preferred stock)	
0001437749-16-043199	1	Equity (common or preferred stock)	
0001681524-16-000009	1	Equity (common or preferred stock)	
0001688437-16-000018	1	Equity (common or preferred stock)	
0001144204-16-138702	1	Other(describe)	Preferred Membership Interests
0001688437-16-000012	1	Equity (common or preferred stock)	
0001575872-16-000481	1	Equity (common or preferred stock)	
0001144204-16-138424	1	Equity (common or preferred stock)	
0001213900-16-019233	1	Equity (common or preferred stock)	
0001567619-16-003328	1	Equity (common or preferred stock)	
0001587999-16-000017	1	Equity (common or preferred stock)	
0001587999-16-000016	1	Equity (common or preferred stock)	
0001587999-16-000015	1	Equity (common or preferred stock)	
0001640170-16-000007	1	Equity (common or preferred stock)	
0001144204-16-137846	1	Other(describe)	Limited Recourse Obligation (LRO), a limited debt obligation of the issuer
0001592766-16-000010	1	Equity (common or preferred stock)	
0001567619-16-003299	1	Equity (common or preferred stock)	
0001415889-16-007514	1	Equity (common or preferred stock)	
0001686327-16-000008	1	Equity (common or preferred stock)	
0001642079-16-000031	1	Equity (common or preferred stock)	
0001642079-16-000030	1	Equity (common or preferred stock)	
0001684242-16-000004	1	Equity (common or preferred stock)	
0001659173-16-000637	1	Debt	
0001214659-16-015073	1	Equity (common or preferred stock)	
0001567619-16-003292	1	Equity (common or preferred stock)	
0001615774-16-008635	1	Equity (common or preferred stock)	
0001579586-16-000024	1	Equity (common or preferred stock)	
0001680579-16-000008	1	Equity (common or preferred stock)	
0001690477-16-000002	2	Option, warrant or other right to acquire another security	
0001690477-16-000002	1	Equity (common or preferred stock)	
0001579586-16-000023	1	Equity (common or preferred stock)	
0001579586-16-000022	1	Equity (common or preferred stock)	
0001579586-16-000021	1	Equity (common or preferred stock)	
0001104659-16-159384	1	Equity (common or preferred stock)	
0001144204-16-136763	1	Equity (common or preferred stock)	
0001144204-16-136762	1	Other(describe)	Limited Recourse Obligation (LRO), a limited debt obligation of the issuer
0001680579-16-000006	1	Equity (common or preferred stock)	
0001144204-16-136479	1	Other(describe)	Limited Recourse Obligation (LRO), a limited debt obligation of the issuer
0001677092-16-000008	2	Debt	
0001677092-16-000008	1	Equity (common or preferred stock)	
0001688406-16-000011	1	Equity (common or preferred stock)	
0001592766-16-000008	1	Equity (common or preferred stock)	
0001144204-16-136462	1	Equity (common or preferred stock)	
0001688406-16-000009	1	Equity (common or preferred stock)	
0001681524-16-000007	1	Equity (common or preferred stock)	
0001144204-16-136268	1	Equity (common or preferred stock)	
0001681524-16-000006	1	Equity (common or preferred stock)	
0001477932-16-013794	1	Equity (common or preferred stock)	
0001376474-16-000913	1	Equity (common or preferred stock)	
0001687263-16-000009	1	Equity (common or preferred stock)	
0001214659-16-014876	1	Equity (common or preferred stock)	
0001477932-16-013714	1	Equity (common or preferred stock)	
0001687263-16-000008	1	Equity (common or preferred stock)	
0001687263-16-000005	1	Equity (common or preferred stock)	
0001677159-16-000009	1	Equity (common or preferred stock)	
0001549212-16-000061	1	Equity (common or preferred stock)	
0001549212-16-000060	1	Equity (common or preferred stock)	
0001687530-16-000003	1	Equity (common or preferred stock)	
0001144204-16-135261	1	Equity (common or preferred stock)	
0001437749-16-042310	1	Equity (common or preferred stock)	
0001567619-16-003212	1	Equity (common or preferred stock)	
0001686327-16-000007	1	Equity (common or preferred stock)	
0001642079-16-000023	1	Equity (common or preferred stock)	
0001687715-16-000001	1	Equity (common or preferred stock)	
0001689536-16-000001	1	Equity (common or preferred stock)	
0001658959-16-000017	1	Equity (common or preferred stock)	
0001214659-16-014687	1	Equity (common or preferred stock)	
0001640334-16-002008	1	Equity (common or preferred stock)	
0001022183-16-000008	1	Equity (common or preferred stock)	
0001213900-16-018423	1	Equity (common or preferred stock)	
0001615774-16-008242	1	Equity (common or preferred stock)	
0001415889-16-007382	1	Equity (common or preferred stock)	
0001688406-16-000008	1	Equity (common or preferred stock)	
0001689065-16-000003	1	Equity (common or preferred stock)	
0001144204-16-133218	1	Other(describe)	Limited Recourse Obligation (LRO), a limited debt obligation of the issuer
0001144204-16-133048	1	Equity (common or preferred stock)	
0001144204-16-133001	1	Equity (common or preferred stock)	
0001144204-16-132981	1	Equity (common or preferred stock)	
0001477932-16-013327	1	Equity (common or preferred stock)	
0001022183-16-000007	1	Equity (common or preferred stock)	
0001677092-16-000007	2	Debt	
0001677092-16-000007	1	Equity (common or preferred stock)	
0001193125-16-762608	1	Equity (common or preferred stock)	
0001529026-16-000005	1	Equity (common or preferred stock)	
0001144204-16-131843	1	Equity (common or preferred stock)	
0001688361-16-000001	1	Equity (common or preferred stock)	
0001681524-16-000005	1	Equity (common or preferred stock)	
0001681343-16-000008	1	Equity (common or preferred stock)	
0001654954-16-003352	1	Equity (common or preferred stock)	
0001688406-16-000005	1	Equity (common or preferred stock)	
0001022183-16-000006	1	Equity (common or preferred stock)	
0001687306-16-000002	1	Equity (common or preferred stock)	
0001686327-16-000006	1	Equity (common or preferred stock)	
0001640334-16-001874	1	Equity (common or preferred stock)	
0001684245-16-000001	1	Equity (common or preferred stock)	
0001678727-16-000012	1	Equity (common or preferred stock)	
0001437749-16-040382	1	Equity (common or preferred stock)	
0001688406-16-000001	1	Equity (common or preferred stock)	
0001687530-16-000001	1	Equity (common or preferred stock)	
0001193125-16-747594	1	Equity (common or preferred stock)	
0001587999-16-000014	1	Equity (common or preferred stock)	
0001681343-16-000007	1	Equity (common or preferred stock)	
0001684242-16-000003	1	Equity (common or preferred stock)	
0001644516-16-000013	1	Equity (common or preferred stock)	
0001477932-16-013112	1	Equity (common or preferred stock)	
0001567619-16-003100	1	Equity (common or preferred stock)	
0001654954-16-003046	1	Equity (common or preferred stock)	
0001193125-16-743889	1	Equity (common or preferred stock)	
0001193125-16-743889	2	Option, warrant or other right to acquire another security	
0001193125-16-743889	3	Security to be acquired upon exercise of option, warrant or other right to acquire security	
0001640170-16-000005	1	Equity (common or preferred stock)	
0001529026-16-000003	1	Equity (common or preferred stock)	
0001144204-16-128633	1	Equity (common or preferred stock)	
0001144204-16-128583	1	Other(describe)	Limited Recourse Obligation (LRO), a limited debt obligation of the issuer
0001477932-16-012993	1	Equity (common or preferred stock)	
0001687263-16-000003	1	Equity (common or preferred stock)	
0001144204-16-128152	1	Other(describe)	Limited Recourse Obligation (LRO), a limited debt obligation of the issuer
0001144204-16-128114	1	Equity (common or preferred stock)	
0001445866-16-002740	1	Equity (common or preferred stock)	
0001673239-16-000031	1	Equity (common or preferred stock)	
0001445866-16-002733	1	Equity (common or preferred stock)	
0001144204-16-127547	1	Other(describe)	Limited Recourse Obligation (LRO), a limited debt obligation of the issuer
0001677159-16-000008	1	Equity (common or preferred stock)	
0001642079-16-000013	1	Equity (common or preferred stock)	
0001659173-16-000524	1	Debt	
0001079974-16-001602	1	Equity (common or preferred stock)	
0001010549-16-000727	1	Other(describe)	Units of LLC Interest
0001654954-16-002674	1	Equity (common or preferred stock)	
0001681343-16-000005	1	Equity (common or preferred stock)	
0001671132-16-000008	1	Equity (common or preferred stock)	
0001681343-16-000003	1	Equity (common or preferred stock)	
0001681524-16-000003	1	Equity (common or preferred stock)	
0001010549-16-000721	1	Other(describe)	Units of LLC Interest
0001686327-16-000004	1	Equity (common or preferred stock)	
0001686327-16-000001	1	Equity (common or preferred stock)	
0001022183-16-000003	1	Equity (common or preferred stock)	
