ACCESSION_NUMBER	SIGN_ID	CIK	REGULATIONISSUERNAME1	REGULATIONISSUERNAME2	SIGNATUREBY	SIGNATURE_DATE	TITLE
0001673430-16-000014	1	0001673430	EPIC Medicor Corp	EPIC Medicor Corp	Ronald S. Tucker	28-DEC-2016	CEO & President
0001621388-16-000011	1	0001621388	SW Innovative Holdings, Inc.	SW Innovative Holdings, Inc.	/s/ Norman George	20-DEC-2016	President
0001174947-16-003530	1	0000763982	FIRST COLEBROOK BANCORP, INC.	FIRST COLEBROOK BANCORP, INC.	Loyd W. Dollins	20-DEC-2016	Chief Executive Officer & President
0001621388-16-000008	1	0001621388	SW Innovative Holdings, Inc.	SW Innovative Holdings, Inc.	/s/ Norman George	15-DEC-2016	President
0001193125-16-770046	1	0000842717	Blue Ridge Bankshares, Inc.	Blue Ridge Bankshares, Inc.	Amanda G. Story	16-NOV-2016	Chief Financial Officer
0000906318-16-000129	1	0001451432	First Sentry Bancshares, Inc.	First Sentry Bancshares, Inc.	Geoffrey S. Sheils	11-OCT-2016	President and Chief Executive Officer
