ACCESSION_NUMBER	STREET1	STREET2	CITY	STATEORCOUNTRY	ZIPCODE	PHONENUMBER	CONNECTIONNAME	INDUSTRYGROUP	CASHEQUIVALENTS	INVESTMENTSECURITIES	TOTALINVESTMENTS	ACCOUNTSRECEIVABLE	LOANS	PROPERTYPLANTEQUIPMENT	PROPERTYANDEQUIPMENT	TOTALASSETS	ACCOUNTSPAYABLE	POLICYLIABILITIESANDACCRUALS	DEPOSITS	LONGTERMDEBT	TOTALLIABILITIES	TOTALSTOCKHOLDEREQUITY	TOTALLIABILITIESANDEQUITY	TOTALREVENUES	TOTALINTERESTINCOME	COSTANDEXPENSESAPPLTOREVENUES	TOTALINTERESTEXPENSES	DEPRECIATIONANDAMORTIZATION	NETINCOME	EARNINGSPERSHAREBASIC	EARNINGSPERSHAREDILUTED	NAMEAUDITOR	CERTIFYIFTRUE	CERTIFYIFNOTDISQUALIFIED	CERTIFYIFBADACTOR	JURISDICTIONSOFSECOFFEREDNONE	JURISDICTIONSOFSECOFFEREDSAME	IFUNREGSITEREDNONE	SECURITIESACTEXCEMPTION
0001079974-16-001814	7950 NW 53RD ST SUITE 337		MIAMI LAKES	FL	33166	941-347-7380	Miguel Dotres	Other	2420.0	0.0		0.0		0.0		2420.0	2900.0			0.0	6000.0	-3580.0	2420.0	0.0		0.0		0.0	0.0	0.0	0.0	Anton Chia LLP	true	true	true	true			Section 4(a)(2) - an issuer not involved in any public offering. All securities sold to current directors only.
0001144204-16-141777	1601 CONNECTICUT AVENUE NW, STE 300		WASHINGTON	DC	20009	202-584-0550	Benjamin S. Miller	Other	24346000.0	2062000.0		2781000.0		39000.0		89564000.0	5898000.0			43627000.0	52619000.0	36945000.0	89564000.0	2328000.0		5999000.0		0.0	-3671000.0	-0.4	-0.4	Aronson LLC	true	true		true			These purchases of shares in private offerings were exempt from the registration requirements of the Securities Act pursuant to Section 4(a)(2) thereof.
0001681524-16-000010	16192 COASTAL HIGHWAY		LEWES	DE	19958	418-655-9734	Mr. Vincent DeBlois	Other	0.0	0.0		0.0		1500.0		1500.0	0.0			0.0	0.0	1500.0	1500.0	9733.0		42120.0		1000.0	0.0	0.0	0.0	None	true	true	false	false	true	true	
0001652577-16-000033	244 5TH AVENUE	SUITE R260	NEW YORK	NY	10001	9177191360	Robert Licopoli	Other	14497.460000000001	0.0		14997.460000000001		0.0		14497.460000000001	5300.0			0.0	5300.0	0.0	14497.460000000001	42932.0		26763.0		0.0	14292.0	0.0	0.0		true	true	false	false	true	false	The foregoing transactions were deemed to be exempt from the registration requirements of the Securities Act of 1933 by virtue of Section 4(2) thereof, as a transaction by an issuer not involving a public offering.
0001477932-16-014321	3235 Satellite Blvd.	Ste. 290	Duluth	GA	30096	678-820-8382	Michael T. Williams	Other	12319.0	0.0		0.0		0.0		12319.0	0.0			0.0	49289.0	-36979.0	12319.0	40470.0		79057.0		0.0	-38587.0	0.0	0.0	Artesian CPA	true	true	false	true		false	Section 4(2) of 1933 Act as limited number of investors, all accredited or sophisticated, no general advertising or solicitation and full access to all company information granted.
0001477932-16-014304	711 Berkshire Court		Downers Grove	IL	60516	888-525-0010	Randall S. Goulding, Esq.	Other	37.0	0.0		0.0		0.0		37.0	10716.0			0.0	10716.0	-10679.0	37.0	0.0		10516.0		0.0	-10679.0	-0.03	-0.03	Ankit Consulting Services	true	true	false	true		false	1933 Act Section 4(2) and Rule 506 thereunder
0001144204-16-141219	320 W 37TH ST	15TH FL	NEW YORK	NY	10018	844-576-0944	Fanni Koszeg	Other	99215.0	0.0		0.0		366295.0		544961.0	391415.0			0.0	3018953.0	-2473992.0	544961.0	839912.0		708285.0		38251.0	-1114003.0	-0.25	-0.25	Artesian CPA, LLC	true	true			true		Non-public offering to accredited investors
0001144204-16-141190	5 Concourse Pkwy	Suite 2850	ATLANTA	GA	30328	404-996-1474	John Hale	Other	58288.0	0.0		85994.0		3376.0		2691113.0	434275.0			483354.0	1599744.0	1091369.0	2691113.0	1404097.0		506201.0		132089.0	-204302.0	-0.06	-0.06	dbbmckennon	true	true			true		Rule 506 of Regulation D
0001615774-16-009053	433 NORTH CAMDEN DRIVE	SUITE 600	LOS ANGELES	CA	90210	310-926-2643	Joe Tagliaferro (CKR Law, LLP)	Other	160675.0	0.0		0.0		0.0		160675.0	0.0			0.0	3000.0	157675.0	160675.0	0.0		1017325.0		0.0	-1017325.0	-0.05	-0.05	AJ Robbins CPA, LLC	true	true	true	false	true	false	The issuance of the 9,375,000 exchange shares of Common Stock is exempted from registration under Section 4(a)(2) of the Securities;
0001193125-16-802423	6340 South 3000 East	Suite 500	Salt Lake	UT	84121	801-278-0700	Darryl Steinhause	Other	10000.0	0.0		0.0		0.0		10000.0	0.0			0.0	0.0	10000.0	10000.0	0.0		0.0		0.0	0.0	0.0	0.0	Ernst & Young LLP	true	true	true	false		false	Section 4(2) of the Securities Act
0001658959-16-000018	110 ALPHA PARK		CLEVELAND	OH	44143	440-573-0008	Louis S. Fisi	Other	436841.0	0.0		66341.0		0.0		1244973.0	1597379.0			3458763.0	5056142.0	-3811169.0	1244973.0	381812.0		0.0		0.0	-830834.0	-0.01	-0.01	Artesian CPA, LLC	true	true	false	false	true	false	Regulation D of the Securities Act of 1933
0001689536-16-000003	SANJAY MODY	2125 CENTER AVE, SUITE 414	FORT LEE	NJ	07024	2013678436	Andy Altahawi	Other	62194.0	0.0		1000.0		9070000.0		16948940.0	10000.0			55000.0	65000.0	16883940.0	16948940.0	0.0		46000.0		0.0	0.0	0.0	0.0	Ram Associate	true	true	false	true	false	false	Section 4(a)(2) - an issuer not involved in any public offering. All securities sold to current directors only.
0001144204-16-140938	920 Colorado Ave.		Santa Monica	CA	90401	310-458-5900	Sona Karakashian	Other	1106176.0	0.0		0.0		29353.0		1141052.0	81679.0			150000.0	231679.0	909373.0	1141052.0	0.0		0.0		5805.0	-1142303.0	0.0	0.0	dbbmckennon	true	true		true			Rayton Solar Inc. relied upon the exemption from registration contained in Rule 506(b), as such offers and sales were made only to accredited investors whose accredited status was verified.
0001104659-16-163451	10780 Santa Monica Blvd.	Suite 140	Los Angeles	CA	90025	310-907-7144	Lauren B. Prevost	Other	76.0	0.0		0.0		0.0		274659.0	280078.0			0.0	280078.0	-5419.0	274659.0	0.0		5419.0		0.0	-5419.0	0.0	0.0	CohnReznick LLP	true	true	false	false	true	false	Section 4(a)(2) of the Securities Act
0001659173-16-000668	2009 E. Windmill Lane		Las Vegas	NV	89123	702-240-0977	Bryan Clark, Esq.	Other	36492.0	0.0		0.0		0.0		36492.0	0.0			0.0	19395.0	17097.0	36492.0	0.0		32054.0		0.0	-32054.0	0.0	0.0	Hall & Company Certified Public Accountants & Consultants, Inc.	true	true			true		Section 4(a)(2) of the Securities Act; Rule 506 (b)
0001437749-16-043675	601 S FIGUEROA ST	SUITE 4050	LOS ANGELES	CA	90017	213-337-6784	Andre L. Ligon	Other	0.0	0.0		0.0		439160.0		439160.0	72960.0			300000.0	372960.0	66200.0	439160.0	0.0		110072.0		0.0	0.0	0.0	0.0		true	true	false	true	false	true	
0001437749-16-043659	601 S FIGUEROA ST	SUITE 4050	LOS ANGELES	CA	90017	213-337-6784	Andre L. Ligon	Other	0.0	0.0		0.0		439160.0		439160.0	72960.0			300000.0	372960.0	66200.0	439160.0	0.0		110072.0		0.0	0.0	0.0	0.0		true	true	false	true	false	true	
0001144204-16-140697	1070 TERRA BELLA AVENUE		MOUNTAIN VIEW	CA	94043	650-924-1025	Jeanne Campanelli	Other	4542353.0	0.0		32738.0		790509.0		6420485.0	94194.0			61625.0	940119.0	5480366.0	6420485.0	122509.0		47928.0		72054.0	-2559062.0	-0.25	-0.25	Artesian CPA, LLC	true	true			true		Rule 506(c)
0001193125-16-800412	620 NEWPORT CENTER DRIVE	SUITE 1100	NEWPORT BEACH	CA	92660	949-200-4613	Michael K. Menerey	Other	1737000.0	235000.0		631000.0		368000.0		29710000.0	181000.0			837000.0	47920000.0	-1821000.0	29710000.0	68000.0		50000.0		0.0	-9154000.0	-0.13	-0.13	Malone Bailey LLP	true	true	false	false		false	Exempt from registration under Rule 506(c) of the Securities Act.
0001640170-16-000014	1050 CONNECTICUT AVE., NW	SUITE 500	WASHINGTON	DC	20036	202-236-3427	Tony Ramos	Other	0.0	0.0		0.0		0.0		0.0	0.0			0.0	0.0	0.0	0.0	0.0		0.0		0.0	0.0	0.0	0.0	0	true	true	false	false	false	false	Regulation A, as amended
0001640170-16-000013	1050 CONNECTICUT AVE. NW	10TH FLOOR	WASHINGTON	DC	20036	202-321-7969	Tony Ramos	Other	0.0	0.0		0.0		0.0		0.0	0.0			0.0	0.0	0.0	0.0	0.0		0.0		0.0	0.0	0.0	0.0	0	true	true	false	false	false	false	Regulation A, as amended
0001213900-16-019521	31563 Lindero Canyon Road, Unit 2		Westlake Village	CA	91361	1310-902-0961	Mark Hiraide	Other	182800.0	0.0		25000.0		15311.0		223111.0	79292.0			479167.0	558459.0	-335348.0	223111.0	40000.0		-30000.0		1488.0	-844479.0	-0.18	-0.18	RBSM LLP	true	true		true			Section 4(a)(2); Rule 506 of Regulation D.
0001144204-16-140373	920 Colorado Ave.		Santa Monica	CA	90401	310-458-5900	Sona Karakashian	Other	1106176.0	0.0		0.0		29353.0		1141052.0	81679.0			150000.0	231679.0	909373.0	1141052.0	0.0		0.0		5805.0	-1142303.0	0.0	0.0	dbbmckennon	true	true		true			Rayton Solar Inc. relied upon the exemption from registration contained in Rule 506(b), as such offers and sales were made only to accredited investors whose accredited status was verified.
0001415889-16-007597	17870 CASTELTON STREET	SUITE 250	CITY OF INDUSTRY	CA	91748	626-964-5788	Pyng Soon	Other	115340.0	0.0		6441.0		0.0		122260.0	761715.0			1657000.0	2418715.0	-2296455.0	122260.0	0.0		2727130.0		0.0	-2727130.0	-0.61	-0.61	Malone Bailey LLP	true	true	false	false	true	false	Section 4(a)(2) and Rule 506(b) of Regulation D promulgated thereunder.
0001579586-16-000026	1050 CONNECTICUT AVE., NW	SUITE 500	WASHINGTON	DC	20036	202-236-3427	Tony Ramos	Other	0.0	0.0		0.0		0.0		0.0	0.0			0.0	0.0	0.0	0.0	0.0		0.0		0.0	0.0	0.0	0.0	0	true	true	false	false	true	false	Regulation A, as amended
0001579586-16-000025	1050 CONNECTICUT AVE. NW	10TH FLOOR	WASHINGTON	DC	20036	202-321-7969	Tony Ramos	Other	0.0	0.0		0.0		0.0		0.0	0.0			0.0	0.0	0.0	0.0	0.0		0.0		0.0	0.0	0.0	0.0	0	true	true	false	false	true	false	Regulation A, as amended
0001144204-16-140081	180 Newport Center Drive	Suite 230	Newport Beach	CA	92660	949-640-0600	Jeffrey S. Marks	Other	0.0	0.0		0.0		0.0		16801.0	19777.0			0.0	19777.0	-2976.0	16801.0	0.0		0.0		0.0	-2976.0	0.0	0.0	Artesian CPA, LLC	true	true		true		true	
0001213900-16-019487	599 THIRD STREET	SUITE 211	SAN FRANCISCO	CA	94107	415-689-5605	Justin Bailey	Other	7980.0	0.0		0.0		0.0		455216.0	0.0			0.0	8000.0	447216.0	455216.0	0.0		0.0		0.0	-733590.0	-0.73	-0.73	Marcum LLP	true	true		true			Shares to Loose Tooth Industries, Inc.: Section 4(a)(2); Fig Game Shares - PSY2: Regulation A and Rule 506(c), respectively; Series Make Sail Units: Rule 506(c).
0001654954-16-004922	17870 Castleton Street	Suite 250	City of Industry	CA	91748	626-964-5788	Pyng Soon	Other	115340.0	0.0		6441.0		0.0		122260.0	761715.0			1657000.0	2418715.0	-2296455.0	122260.0	0.0		2727130.0		0.0	-2727130.0	-0.61	-0.61	Malone Bailey LLP	true	true		false	true	false	Section 4(a)(2) and Rule 506(b) of Regulation D promulgated thereunder.
0001640170-16-000010	1050 CONNECTICUT AVE. NW	10TH FLOOR	WASHINGTON	DC	20036	202-321-7969	Tony Ramos	Other	0.0	0.0		0.0		0.0		0.0	0.0			0.0	0.0	0.0	0.0	0.0		0.0		0.0	0.0	0.0	0.0	0	true	true	false	false	true	false	Regulation A, as amended
0001640170-16-000009	1050 CONNECTICUT AVE., NW	SUITE 500	WASHINGTON	DC	20036	202-236-3427	Tony Ramos	Other	0.0	0.0		0.0		0.0		0.0	0.0			0.0	0.0	0.0	0.0	0.0		0.0		0.0	0.0	0.0	0.0	none	true	true	false	false	true	true	
0001144204-16-139684	75 Fifth Street, NW	Suite 214	ATLANTA	GA	30308	404-850-9225	Nick Bhargava	Other	2530968.0	0.0		4748208.0		36063.0		7562171.0	5119529.0			0.0	5217433.0	2344738.0	7562171.0	96652.0		2114770.0		47315.0	-2018118.0	-0.74	-0.74	Hughes Pittman and Gupton LLP	true	true		true			Regulation A, Rule 506 of Regulation D, Rule 506 of Regulation D, and Rule 506 of Regulation D, respectively.
0001640170-16-000008	1050 CONNECTICUT AVE., NW	SUITE 500	WASHINGTON	DC	20036	202-236-3427	Tony Ramos	Other	0.0	0.0		0.0		0.0		0.0	0.0			0.0	0.0	0.0	0.0	0.0		0.0		0.0	0.0	0.0	0.0	0	true	true	false	false	true	false	Regulation A, as amended
0001587999-16-000019	1050 CONNECTICUT AVE., NW	SUITE 500	WASHINGTON	DC	20036	202-2363427	Tony Ramos	Other	0.0	0.0		0.0		0.0		0.0	0.0			0.0	0.0	0.0	0.0	0.0		0.0		0.0	0.0	0.0	0.0		true	true	false	false	true	true	
0001615774-16-008925	433 NORTH CAMDEN DRIVE	SUITE 600	LOS ANGELES	CA	90210	310-926-2643	Joe Tagliaferro (CKR Law, LLP)	Other	160675.0	0.0		0.0		0.0		160675.0	0.0			0.0	3000.0	157675.0	160675.0	0.0		1017325.0		0.0	-1017325.0	-0.05	-0.05	AJ Robbins CPA, LLC	true	true	true	false	true	false	The issuance of the 9,375,000 exchange shares of Common Stock is exempted from registration under Section 4(a)(2) of the Securities;
0001690824-16-000002	433 Estudillo Ave., Suite 206		San Leandro	CA	94577	925-876-8832	Thomas DeNunzio	Other	0.0	0.0		0.0		0.0		0.0	5113.0			0.0	5113.0	5113.0	0.0	0.0		0.0		0.0	-30163.0	0.0	0.0	Malone Bailey, LLP	true	true			true		Section 4 (2) of the Act
0001193125-16-791732	12400 Highway 71	Suite 350-256	Austin	TX	78734	844-573-4769	Erik Romberg	Other	112.0	0.0		0.0		0.0		112.0	71623.0			358683.0	430306.0	-430194.0	112.0	0.0		0.0		0.0	-4611.0	0.0	0.0	Craig Denlinger, CPA	true	true	false	true		true	
0001680579-16-000009	942 WINDMERE DRIVE NW		SALEM	OR	97304	971-2731004	Philipp Bruns	Other	9910.0	0.0		0.0		0.0		10000.0	0.0			0.0	0.0	10000.0	10000.0	0.0		0.0		0.0	-1000.0	0.0	0.0		true	true	false	false	true	true	
0001437749-16-043199	601 S FIGUEROA ST	SUITE 4050	LOS ANGELES	CA	90017	213-337-6784	Andre L. Ligon	Other	0.0	0.0		0.0		439160.0		439160.0	72960.0			300000.0	372960.0	66200.0	439160.0	0.0		110072.0		0.0	0.0	0.0	0.0		true	true	false	true	false	true	
0001681524-16-000009	16192 COASTAL HIGHWAY		LEWES	DE	19958	418-655-9734	Mr. Vincent DeBlois	Other	0.0	0.0		0.0		1500.0		1500.0	0.0			0.0	0.0	1500.0	1500.0	9733.0		42120.0		1000.0	0.0	0.0	0.0	None	true	true	false	false	true	true	
0001688437-16-000018	1901 AVENUE OF THE STARS	2ND FLOOR C/O INDIE CROWD FUNDER	LOS ANGELES	CA	90067	3104611676	Gregory Parker	Other	0.0	0.0		0.0		0.0		0.0	0.0			0.0	1125.0	0.0	0.0	0.0		0.0		0.0	0.0	0.0	0.0	Jason Tyra	true	true	false	false	true	false	Regulation D
0001144204-16-138702	180 Newport Center Drive	Suite 230	Newport Beach	CA	92660	949-640-0600	Jeffrey S. Marks	Other	0.0	0.0		0.0		0.0		16801.0	19777.0			0.0	19777.0	-2976.0	16801.0	0.0		0.0		0.0	-2976.0	0.0	0.0	Artesian CPA, LLC	true	true		true		true	
0001688437-16-000012	1901 Avenue of the Stars	2nd Floor c/o Indie Crowd Funder	Los Angeles	CA	90067	3104611676	Gregory Parker	Other	0.0	0.0		0.0		0.0		0.0	0.0			0.0	1125.0	0.0	0.0	0.0		0.0		0.0	0.0	0.0	0.0	Jason Tyra	true	true	false	false	false	false	Regulation D
0001575872-16-000481	8017 Glenview Drive	SUITE A	North Richland Hills	TX	76180	8176163651	Chirag Patel	Other	70.0	0.0		0.0		0.0		70.0	5900.0			0.0	5900.0	-5830.0	70.0	0.0		0.0		0.0	0.0	0.0	0.0	MALONE BAILEY, LLP	true	true	false	true	false	false	As of October 20, 2016, we had 20,250,000 shares of common stock outstanding which are held by 2 shareholders; Item 403 of Regulation S-K under Rule 13d-3; we disclose that Chirag Patel currently is the beneficial owner 98.765% of the shares outstanding.
0001144204-16-138424	1070 TERRA BELLA AVENUE		MOUNTAIN VIEW	CA	94043	650-924-1025	Jeanne Campanelli	Other	4542353.0	0.0		32738.0		790509.0		6420485.0	94194.0			61625.0	940119.0	5480366.0	6420485.0	122509.0		47928.0		72054.0	-2559062.0	-0.25	-0.25	Artesian CPA, LLC	true	true			true		Rule 506(c)
0001213900-16-019233	65 Church Street, 2nd Floor		New Brunswick	NJ	08901	732-354-4766	Darin Myman	Other	126591.0	0.0		0.0		0.0		609702.0	12836.0			0.0	87487.0	522215.0	609702.0	0.0		0.0		26882.0	-571114.0	-0.04	-0.04	D. Brooks and Associates CPA's, P.A.	true	true		true			Section 4(a)(2) of the Securities Act of 1933 and Section 506 of Regulation D.
0001567619-16-003328	1048 TEXAN TRAIL		GRAPEVINE	TX	76051	469-440-8868	DEAN M. COLUCCI, DUANE MORRIS	Other	1834988.0	250000.0		0.0		1069888.0		3154876.0	112298.0			0.0	112298.0	3042578.0	3154876.0	0.0		108672.0		0.0	-108672.0	0.0	0.0	BDO USA, LLP	true	true	false	false	true	false	438,596 shares issued to founder under Section 4(a)(2); 561,403 shares issued to 11 accredited investors under Rule 506.
0001587999-16-000017	1050 CONNECTICUT AVE. NW	10TH FLOOR	WASHINGTON	DC	20036	202-321-7969	Tony Ramos	Other	0.0	0.0		0.0		0.0		0.0	0.0			0.0	0.0	0.0	0.0	0.0		0.0		0.0	0.0	0.0	0.0	0	true	true	false	false	true	false	Regulation A, as amended
0001587999-16-000016	1050 CONNECTICUT AVE., NW	SUITE 500	WASHINGTON	DC	20036	202-236-3427	Tony Ramos	Other	0.0	0.0		0.0		0.0		0.0	0.0			0.0	0.0	0.0	0.0	0.0		0.0		0.0	0.0	0.0	0.0	none	true	true	false	false	true	true	
0001587999-16-000015	1050 CONNECTICUT AVE., NW	SUITE 500	WASHINGTON	DC	20036	202-2363427	Tony Ramos	Other	0.0	0.0		0.0		0.0		0.0	0.0			0.0	0.0	0.0	0.0	0.0		0.0		0.0	0.0	0.0	0.0		true	true	false	false	true	true	
0001640170-16-000007	1050 CONNECTICUT AVE., NW	SUITE 500	WASHINGTON	DC	20036	202-236-3427	Tony Ramos	Other	0.0	0.0		0.0		0.0		0.0	0.0			0.0	0.0	0.0	0.0	0.0		0.0		0.0	0.0	0.0	0.0	0	true	true	false	false	true	false	Regulation A, as amended
0001144204-16-137846	75 Fifth Street, NW	Suite 214	ATLANTA	GA	30308	404-850-9225	Nick Bhargava	Other	2530968.0	0.0		4748208.0		36063.0		7562171.0	5119529.0			0.0	5217433.0	2344738.0	7562171.0	96652.0		2114770.0		47315.0	-2018118.0	-0.74	-0.74	Hughes Pittman and Gupton LLP	true	true		true			Regulation A, Rule 506 of Regulation D, Rule 506 of Regulation D, and Rule 506 of Regulation D, respectively.
0001592766-16-000010	C/O: ALTAVISTA CAPITAL MARKETS, LLC	ONE WORLD TRADE CENTER, SUITE 8500	NEW YORK CITY	NY	10007	800-547-7118	Ms. Claudia Martins Leite	Other	1000.0	0.0		0.0		0.0		1000.0	0.0			0.0	0.0	1000.0	1000.0	0.0		0.0		0.0	0.0	0.0	0.0	TBD	true	true	false	false	true	true	
0001567619-16-003299	1048 TEXAN TRAIL		GRAPEVINE	TX	76051	469-440-8868	DEAN M. COLUCCI, DUANE MORRIS	Other	1834988.0	250000.0		0.0		1069888.0		3154876.0	112298.0			0.0	112298.0	3042578.0	3154876.0	0.0		108672.0		0.0	-108672.0	0.0	0.0	BDO USA, LLP	true	true	false	false	true	false	438,596 shares issued to founder under Section 4(a)(2); 561,403 shares issued to 11 accredited investors under Rule 506.
0001415889-16-007514	17870 CASTELTON STREET	SUITE 250	CITY OF INDUSTRY	CA	91748	626-964-5788	Pyng Soon	Other	115340.0	0.0		6441.0		0.0		122260.0	761715.0			1657000.0	2418715.0	-2296455.0	122260.0	0.0		2727130.0		0.0	-2727130.0	-0.61	-0.61	Malone Bailey LLP	true	true	false	false	true	false	Section 4(a)(2) and Rule 506(b) of Regulation D promulgated thereunder.
0001686327-16-000008	205 D CHUBB AVE		LYNDHUSRT	NJ	07071	6466940051	Andy Altahawi	Other	5000.0	0.0		0.0		5500000.0		5505000.0	30000.0			0.0	30000.0	5475000.0	5505000.0	0.0		0.0		0.0	0.0	0.0	0.0	N/A	true	true	false	true	false	false	Section 4(a)(2) - an issuer not involved in any public offering. All securities sold to current directors only.
0001642079-16-000031	232 UNION BLVD		TOTOWA	NJ	07512	973-595-7775	WILSON X BEZERRA	Other	215.0	0.0		0.0		2000000.0		2000215.0	0.0			825000.0	825000.0	1715215.0	2000215.0	0.0		0.0		0.0	0.0	0.0	0.0	Mr. Parameswara K Ramachandran	true	true	false	true	false	true	
0001642079-16-000030	232 UNION BLVD		TOTOWA	NJ	07512	973-595-7775	WILSON X BEZERRA	Other	215.0	0.0		0.0		2000000.0		2000215.0	0.0			825000.0	825000.0	1715215.0	2000215.0	0.0		0.0		0.0	0.0	0.0	0.0	Mr. Parameswara K Ramachandran	true	true	false	true	false	true	
0001684242-16-000004	45 WESTBOURNE ROAD	BRYANSTON	JOHANNESBURG	T3	2191	0861-333038	Mr. Alain Michel	Other	1000.0	0.0		0.0		0.0		101000.0	0.0			0.0	0.0	101000.0	101000.0	0.0		0.0		0.0	0.0	0.0	0.0	None	true	true	false	false	true	true	
0001659173-16-000637	2009 E. Windmill Lane		Las Vegas	NV	89123	702-240-0977	Bryan Clark, Esq.	Other	36492.0	0.0		0.0		0.0		36492.0	0.0			0.0	19395.0	17097.0	36492.0	0.0		32054.0		0.0	-32054.0	0.0	0.0	Hall & Company Certified Public Accountants & Consultants, Inc.	true	true			true		Section 4(a)(2) of the Securities Act; Rule 506 (b)
0001214659-16-015073	1411 5TH STREET	SUITE 406	SANTA MONICA	CA	90401	310-566-1329	Markley S. Roderick, Esq.	Other	0.0	0.0		0.0		0.0		0.0	0.0			0.0	0.0	0.0	0.0	0.0		0.0		0.0	0.0	0.0	0.0	Artesian CPA, LLC	true	true		true		true	
0001567619-16-003292	1048 TEXAN TRAIL		GRAPEVINE	TX	76051	469-440-8868	DEAN M. COLUCCI, DUANE MORRIS	Other	1834988.0	250000.0		0.0		1069888.0		3154876.0	112298.0			0.0	112298.0	3042578.0	3154876.0	0.0		108672.0		0.0	-108672.0	0.0	0.0	BDO USA, LLP	true	true	false	false	true	false	438,596 shares issued to founder under Section 4(a)(2); 561,403 shares issued to 11 accredited investors under Rule 506.
0001615774-16-008635	50 W. BROADWAY	3RD FLOOR	SALT LAKE CITY	UT	84101	949-346-5822	Henry Nisser	Other	1141.0	0.0		0.0		0.0		30614.0	30720.0			0.0	30720.0	-106.0	30614.0	0.0		11576.0		0.0	-11576.0	-0.01	-0.01	Marcum LLP	true	true	false	false	true	false	Private Placement under Section 4(a)(2) of the Securities Act of 1933, as amended, and Rule 506(b) of Regulation D promulgated thereunder.
0001579586-16-000024	1050 CONNECTICUT AVE. NW	10TH FLOOR	WASHINGTON	DC	20036	202-321-7969	Tony Ramos	Other	0.0	0.0		0.0		0.0		0.0	0.0			0.0	0.0	0.0	0.0	0.0		0.0		0.0	0.0	0.0	0.0	0	true	true	false	false	true	false	Regulation A, as amended
0001680579-16-000008	942 WINDMERE DRIVE NW		SALEM	OR	97304	971-2731004	Philipp Bruns	Other	9910.0	0.0		0.0		0.0		10000.0	0.0			0.0	0.0	10000.0	10000.0	0.0		0.0		0.0	-1000.0	0.0	0.0		true	true	false	false	true	true	
0001690477-16-000002	1623 Tradewinds Lane		Newport Beach	CA	92660	9495487005	Ronald S Tucker	Other	0.0	500000.0		0.0		0.0		500000.0	120000.0			0.0	120000.0	380000.0	500000.0	0.0		0.0		0.0	0.0	0.0	0.0		true	true	false	true	false	true	
0001579586-16-000023	1050 CONNECTICUT AVE., NW	SUITE 500	WASHINGTON	DC	20036	202-2363427	Tony Ramos	Other	0.0	0.0		0.0		0.0		0.0	0.0			0.0	0.0	0.0	0.0	0.0		0.0		0.0	0.0	0.0	0.0		true	true	false	false	true	true	
0001579586-16-000022	1050 CONNECTICUT AVE., NW	SUITE 500	WASHINGTON	DC	20036	202-236-3427	Tony Ramos	Other	0.0	0.0		0.0		0.0		0.0	0.0			0.0	0.0	0.0	0.0	0.0		0.0		0.0	0.0	0.0	0.0	none	true	true	false	false	true	true	
0001579586-16-000021	1050 CONNECTICUT AVE., NW	SUITE 500	WASHINGTON	DC	20036	202-236-3427	Tony Ramos	Other	0.0	0.0		0.0		0.0		0.0	0.0			0.0	0.0	0.0	0.0	0.0		0.0		0.0	0.0	0.0	0.0	0	true	true	false	false	true	false	Regulation A, as amended
0001144204-16-136763	920 Colorado Ave.		Santa Monica	CA	90401	310-458-5900	Sona Karakashian	Other	1106176.0	0.0		0.0		29353.0		1141052.0	81679.0			150000.0	231679.0	909373.0	1141052.0	0.0		0.0		5805.0	-1142303.0	0.0	0.0	dbbmckennon	true	true		true			Rayton Solar Inc. relied upon the exemption from registration contained in Rule 506(b), as such offers and sales were made only to accredited investors whose accredited status was verified.
0001104659-16-159384	10780 Santa Monica Blvd.	Suite 140	Los Angeles	CA	90025	877-781-7153	Lauren B. Prevost	Other	76.0	0.0		0.0		0.0		274659.0	280078.0			0.0	280078.0	-5419.0	274659.0	0.0		5419.0		0.0	-5419.0	0.0	0.0	CohnReznick LLP	true	true	false	false	true	false	Section 4(a)(2) of the Securities Act
0001144204-16-136762	75 Fifth Street, NW	Suite 214	ATLANTA	GA	30308	404-850-9225	Nick Bhargava	Other	2530968.0	0.0		4748208.0		36063.0		7562171.0	5119529.0			0.0	5217433.0	2344738.0	7562171.0	96652.0		2114770.0		47315.0	-2018118.0	-0.74	-0.74	Hughes Pittman and Gupton LLP	true	true		true			Regulation A, Rule 506 of Regulation D, Rule 506 of Regulation D, and Rule 506 of Regulation D, respectively.
0001680579-16-000006	942 WINDMERE DRIVE NW		SALEM	OR	97304	971-2731004	Philipp Bruns	Other	9910.0	0.0		0.0		0.0		10000.0	0.0			0.0	0.0	10000.0	10000.0	0.0		0.0		0.0	-1000.0	0.0	0.0		true	true	false	false	true	true	
0001144204-16-136479	75 Fifth Street, NW	Suite 214	ATLANTA	GA	30308	404-850-9225	Nick Bhargava	Other	2530968.0	0.0		4748208.0		36063.0		7562171.0	5119529.0			0.0	5217433.0	2344738.0	7562171.0	96652.0		2114770.0		47315.0	-2018118.0	-0.74	-0.74	Hughes Pittman and Gupton LLP	true	true		true			Regulation A, Rule 506 of Regulation D, Rule 506 of Regulation D, and Rule 506 of Regulation D, respectively.
0001677092-16-000008	2195 ARTHUR AVENUE		ELK GROVE VILLAGE	IL	60007	8475615224	Andy Altahawi	Other	1500.0	0.0		0.0		0.0		1500.0	3500.0			0.0	3500.0	-2000.0	1500.0	0.0		3500.0		0.0	0.0	0.0	0.0	Unaudited	true	true	false	false	true	false	Section 4(a)(2) - an issuer not involved in any public offering. All securities sold to current directors only.
0001688406-16-000011	1901 AVENUE OF THE STARS	2ND FLOOR (CARE OF INDIE CROWD FUNDER)	LOS ANGELES	CA	90067	3104611676	Gregory Parker	Other	0.0	0.0		0.0		0.0		0.0	0.0			0.0	1125.0	0.0	0.0	0.0		0.0		0.0	0.0	0.0	0.0	Jason Tyra	true	true	false	false	false	false	Regulation D
0001144204-16-136462	5 Concourse Pkwy	Suite 2850	ATLANTA	GA	30328	404-996-1474	John Hale	Other	58288.0	0.0		85994.0		3376.0		2691113.0	434275.0			483354.0	1599744.0	1091369.0	2691113.0	1404097.0		506201.0		132089.0	-204302.0	-0.06	-0.06	dbbmckennon	true	true			true		Rule 506 of Regulation D
0001592766-16-000008	C/O: ALTAVISTA PRIVATE CLIENT, LLC	ONE WORLD TRADE CENTER, SUITE 8500	NEW YORK CITY	NY	10007	800-547-7118	Koorosh Rahimi	Other	1000.0	0.0		0.0		0.0		1000.0	0.0			0.0	0.0	1000.0	1000.0	0.0		0.0		0.0	0.0	0.0	0.0	TBD	true	true	false	false	true	true	
0001688406-16-000009	1901 AVENUE OF THE STARS	2ND FLOOR (CARE OF INDIE CROWD FUNDER)	LOS ANGELES	CA	90067	3104611676	Gregory Parker	Other	0.0	0.0		0.0		0.0		0.0	0.0			0.0	1125.0	0.0	0.0	0.0		0.0		0.0	0.0	0.0	0.0	Jason Tyra	true	true	false	false	false	false	Regulation D
0001681524-16-000007	Stock Market Bar & Grill Corporation	C/O: AltaVista Private Client, LLC	New York City	NY	10007	8005477118	Koorosh Rahimi	Other	1000.0	0.0		0.0		0.0		1000.0	0.0			0.0	0.0	1000.0	1000.0	0.0		0.0		0.0	0.0	0.0	0.0	None	true	true	false	false	true	true	
0001144204-16-136268	1 ALLIED DRIVE	SUITE 1500	LITTLE ROCK	AR	72202	501-372-6161	Thomas G. Voekler, Esq.	Other	100.0	0.0		0.0		0.0		74600.0	76472.0			0.0	76472.0	-1872.0	74600.0	0.0		1972.0		0.0	-1972.0	0.0	0.0	JPMS Cox, PLLC	true	true			true	true	
0001681524-16-000006	16192 COASTAL HIGHWAY		LEWES	DE	19958	418-655-9734	Mr. Vincent DeBlois	Other	0.0	0.0		0.0		1500.0		1500.0	0.0			0.0	0.0	1500.0	1500.0	9733.0		42120.0		1000.0	0.0	0.0	0.0	None	true	true	false	false	true	true	
0001477932-16-013794	1 Venture	SUITE 150	IRVINE	CA	92618	8887989100	Michael T. Williams, Esq.	Other	1608259.0	0.0		79038.0		257566.0		2491415.0	986301.0			0.0	986301.0	1505114.0	2491415.0	15607568.0		14743113.0		0.0	-375756.0	0.0	0.0	Prichett, Siler & Hardy, P.C.	true	true	true		true	false	Exempt from registration under Section 4(2) Securities Act and Rules promulgated thereunder.
0001376474-16-000913	245 PARK AVE, 39TH FL		NEW YORK	NY	10167	973-277-4239	FRANKLIN OGELE	Other	6500.0	0.0		0.0		0.0		6500.0	3500.0			0.0	3500.0	3000.0	6500.0	0.0		3500.0		0.0	-3500.0	0.0	0.0	N/A	true	true	false	true	false	true	
0001687263-16-000009	FRANKLIN OGELE		245 PARK AVE	NY	10167	212-803-8124	FRANKLIN OGELE, ESQ	Other	6500.0	0.0		0.0		0.0		6500.0	3500.0			0.0	3500.0	3000.0	6500.0	0.0		3500.0		0.0	-3500.0	0.0	0.0	N/A	true	true	false	true	false	false	section 4(a)(2). An issuer not involved in any public offering. All securities sold to current directors only.
0001214659-16-014876	Portal Building, Suite 310	9201 University Blvd	Charlotte	NC	28223	704-687-5062	CALLIE JONES	Other	10149.0	0.0		0.0		0.0		10149.0	109327.0			0.0	109327.0	-99178.0	10149.0	0.0		200902.0		0.0	200902.0	0.0	0.0	KCCW Accountancy Corp. | PCAOB registered	true	true		true			17 CFR 230.504
0001477932-16-013714	1 Venture	SUITE 150	IRVINE	CA	92618	8887989100	Michael T. Williams, Esq.	Other	1608259.0	0.0		79038.0		257566.0		2491415.0	986301.0			0.0	986301.0	1505114.0	2491415.0	15607568.0		14743113.0		0.0	-375756.0	0.0	0.0	Prichett, Siler & Hardy, P.C.	true	true	true		true	false	Exempt from registration under Section 4(2) Securities Act and Rules promulgated thereunder.
0001687263-16-000008	FRANKLIN OGELE		245 PARK AVE	NY	10167	212-803-8124	FRANKLIN OGELE, ESQ	Other	6500.0	0.0		0.0		0.0		6500.0	3500.0			0.0	3500.0	3000.0	6500.0	0.0		3500.0		0.0	-3500.0	0.0	0.0	N/A	true	true	false	true	false	false	section 4(a)(2). An issuer not involved in any public offering. All securities sold to current directors only.
0001687263-16-000005	FRANKLIN OGELE		245 PARK AVE	NY	10167	212-803-8124	FRANKLIN OGELE, ESQ	Other	6500.0	0.0		0.0		0.0		6500.0	3500.0			0.0	3500.0	3000.0	6500.0	0.0		3500.0		0.0	-3500.0	0.0	0.0	N/A	true	true	false	true	false	false	section 4(a)(2). An issuer not involved in any public offering. All securities sold to current directors only.
0001677159-16-000009	6740 GREENBRIAR CURVE		SHAKOPEE	MN	55379	7604436744	Andy Altahawi	Other	1500.0	0.0		0.0		0.0		1500.0	0.0			0.0	0.0	1500.0	1500.0	0.0		0.0		0.0	0.0	0.0	0.0	N/A	true	true	false	true	false	false	Section 4(a)(2) - an issuer not involved in any public offering. All securities sold to current directors only.
0001549212-16-000061	78 Reade Street	Suite 4FW	New York	NY	10007	212-349-7068	William Eilers	Other	28359.0	0.0		0.0		235.0		40098.0	480.0			500000.0	500480.0	-460382.0	40098.0	720.0		13606.0		0.0	-12886.0	0.0	0.0		true	true	false	true	false	false	Rule 3a4-1
0001549212-16-000060	6666 HARWIN DRIVE	SUITE 664	HOUSTON	TX	77036	713-268-1610	Norman George	Other	4584.0	52000.0		633.0		4619.0		61836.0	342242.0			0.0	342242.0	-280406.0	61836.0	38458.0		87421.0		974.0	-49937.0	0.0	0.0		true	true	false	false	true	true	
0001687530-16-000003	425 HUEHL RD, SUITE 4B		NORTHBROOK	IL	60062	7734954302	Andy Altahawi	Other	0.0	150000.0		0.0		0.0		150000.0	10000.0			0.0	10000.0	140000.0	150000.0	0.0		0.0		0.0	0.0	0.0	0.0	N/A	true	true	false	true	false	false	Section 4(a)(2) - an issuer not involved in any public offering. All securities sold to current directors only.
0001144204-16-135261	2010 MAIN STREET	SUITE 250	IRVINE	CA	92614	888-507-1650	Chiranjib Pal	Other	137000.0	0.0		359000.0		271000.0		4461000.0	1677000.0			0.0	12168000.0	-7707000.0	4461000.0	1007000.0		9991000.0		386000.0	-9440000.0	-6.16	-6.16	BDO USA, LLP	true	true			true		Section 506 of Regulation D, Section 701 of Regulation D, and Section 506 of Regulation D, respectively.
0001437749-16-042310	601 S FIGUEROA ST	SUITE 4050	LOS ANGELES	CA	90017	213-337-6784	Andre L. Ligon	Other	9850296.0	0.0		0.0		372960.0		10223256.0	72960.0			300000.0	372960.0	9850296.0	10223256.0	20072.0		0.0		0.0	0.0	0.0	0.0		true	true	false	true	false	true	
0001567619-16-003212	1048 TEXAN TRAIL		GRAPEVINE	TX	76051	469-440-8868	DEAN M. COLUCCI, DUANE MORRIS	Other	1834988.0	250000.0		0.0		1069888.0		3154876.0	112298.0			0.0	112298.0	3042578.0	3154876.0	0.0		108672.0		0.0	-108672.0	0.0	0.0	BDO USA, LLP	true	true	false	false	true	false	2,500,000 shares issued to founder under Section 4(a)(2); 3,200,000 shares issued to 11 accredited investors under Rule 506.
0001686327-16-000007	205 D CHUBB AVE		LYNDHUSRT	NJ	07071	6466940051	Andy Altahawi	Other	5000.0	0.0		0.0		5500000.0		5505000.0	30000.0			0.0	30000.0	5475000.0	5505000.0	0.0		0.0		0.0	0.0	0.0	0.0	N/A	true	true	false	true	false	false	Section 4(a)(2) - an issuer not involved in any public offering. All securities sold to current directors only.
0001642079-16-000023	232 UNION BLVD		TOTOWA	NJ	07512	973-595-7775	WILSON X BEZERRA	Other	215.0	0.0		0.0		2000000.0		2000215.0	0.0			825000.0	825000.0	1175215.0	2000215.0	0.0		0.0		0.0	0.0	0.0	0.0		true	true	false	true	false	true	
0001687715-16-000001	1 Gate Six Road	Suite 203	Sausalito	CA	94965	415-226-6170	Mr. Hewson Baltzell	Other	93336.17	0.0		0.0		34595.090000000004		129931.26000000001	41152.5			839374.53	888527.03	0.0	129931.26000000001	31561.32		683225.2000000001		0.0	0.0	0.0	0.0		true	true	false	false	true	true	
0001689536-16-000001	Sanjay Mody	2125 Center Ave, Suite 414	Fort Lee	NJ	07024	2013678436	Andy Altahawi	Other	62194.0	0.0		1000.0		9070000.0		16948940.0	10000.0			55000.0	65000.0	16883940.0	16948940.0	0.0		46000.0		0.0	0.0	0.0	0.0	Ram Associate	true	true	false	true	false	false	Section 4(a)(2) - an issuer not involved in any public offering. All securities sold to current directors only.
0001658959-16-000017	110 ALPHA PARK		CLEVELAND	OH	44143	440-573-0008	Louis S. Fisi	Other	436841.0	0.0		66341.0		0.0		1244973.0	1597379.0			3458763.0	5056142.0	-3811169.0	1244973.0	381812.0		0.0		0.0	-830834.0	-0.01	-0.01	Artesian CPA, LLC	true	true	false	false	true	false	Regulation D of the Securities Act of 1933
0001214659-16-014687	Portal Building, Suite 310	9201 University Blvd	Charlotte	NC	28223	704-687-5062	CALLIE JONES	Other	10149.0	0.0		0.0		0.0		10149.0	109327.0			0.0	109327.0	-99178.0	10149.0	0.0		200902.0		0.0	200902.0	0.0	0.0	KCCW Accountancy Corp. | PCAOB registered	true	true		true			17 CFR 230.504
0001640334-16-002008	201 S. 36th Street		Phoenix	AZ	85034	305-608-2362	W. Scott Lawler, Esq.	Other	56395.0	0.0		4896413.0		1129421.0		6083729.0	160848.0			45008.0	237532.0	5846197.0	6083729.0	3622005.0		2757281.0		0.0	864724.0	0.0	0.0	Metz & Associates, PLLC	true	true	false		true	false	Rule 506 of Regulation D. All shares were issued to the company's officers, directors and five (5) employees.
0001022183-16-000008	10901 ROOSEVELT BLVD	1000C	SAINT PETERSBURG	FL	33716	7203703554	Sam Talari	Other	0.0	0.0		45853.0		77306.0		123159.0	21137.0			444690.0	465827.0	-342668.0	123159.0	115431.0		104592.0		12590.0	-409772.0	0.0	0.0		true	true	false	true	false	true	
0001213900-16-018423	301 E. PINE ST	SUITE 850	ORLANDO	FL	32801	407-986-4234	James S. Byrd, Jr.	Other	994215.0	0.0		81689.0		3124.0		1079028.0	21563.0			124500.0	146063.0	932965.0	1079028.0	79841.0		430899.0		0.0	-351058.0	-0.03	-0.03	Patrick Heyn, PA, CPA	true	true		true			506(b)
0001615774-16-008242	50 W. BROADWAY	3RD FLOOR	SALT LAKE CITY	UT	84101	949-346-5822	Henry Nisser	Other	1141.0	0.0		0.0		0.0		30614.0	30720.0			0.0	30720.0	-106.0	30614.0	0.0		11576.0		0.0	-11576.0	-0.01	-0.01	Marcum LLP	true	true	false	false	true	false	Private Placement under Section 4(a)(2) of the Securities Act of 1933, as amended, and Rule 506(b) of Regulation D promulgated thereunder.
0001688406-16-000008	1901 AVENUE OF THE STARS	2ND FLOOR (CARE OF INDIE CROWD FUNDER)	LOS ANGELES	CA	90067	3104611676	Gregory Parker	Other	0.0	0.0		0.0		0.0		0.0	0.0			0.0	1125.0	0.0	0.0	0.0		0.0		0.0	0.0	0.0	0.0	Jason Tyra	true	true	false	false	false	false	Regulation D
0001415889-16-007382	17870 CASTELTON STREET	SUITE 250	CITY OF INDUSTRY	CA	91748	626-964-5788	Pyng Soon	Other	115340.0	0.0		6441.0		0.0		122260.0	761715.0			1657000.0	2418715.0	-2296455.0	122260.0	0.0		2727130.0		0.0	-2727130.0	-0.61	-0.61	Malone Bailey LLP	true	true	false	false	true	false	Section 4(a)(2) and Rule 506(b) of Regulation D promulgated thereunder
0001689065-16-000003	32 Goshen Road		Engelhard	NC	27824	2529254184	James Nesfield	Other	0.0	0.0		0.0		0.0		0.0	0.0			0.0	0.0	0.0	0.0	0.0		0.0		0.0	0.0	0.0	0.0		true	true	false	true	false	true	
0001144204-16-133218	75 Fifth Street, NW	Suite 214	ATLANTA	GA	30308	404-850-9225	Nick Bhargava	Other	2530968.0	0.0		4748208.0		36063.0		7562171.0	5119529.0			0.0	5217433.0	2344738.0	7562171.0	96652.0		2114770.0		47315.0	-2018118.0	-0.74	-0.74	Hughes Pittman and Gupton LLP	true	true		true			Regulation A, Rule 506 of Regulation D, Rule 506 of Regulation D, and Rule 506 of Regulation D, respectively.
0001144204-16-133048	2010 MAIN STREET	SUITE 250	IRVINE	CA	92614	888-507-1650	Chiranjib Pal	Other	137000.0	0.0		359000.0		271000.0		4461000.0	1677000.0			0.0	12168000.0	-7707000.0	4461000.0	1007000.0		9991000.0		386000.0	-9440000.0	-6.16	-6.16	BDO USA, LLP	true	true			true		Section 506 of Regulation D, Section 701 of Regulation D, and Section 506 of Regulation D, respectively.
0001144204-16-133001	1980 Teasel Court		Woodbridge	VA	22192	703-986-3162	Govinda Giri	Other	29273.0	0.0		0.0		0.0		51317.0	57823.0			0.0	688224.0	-636907.0	51317.0	0.0		0.0		0.0	-288880.0	-0.09	-0.09	Artesian CPA LLC	true	true		true			Private placement in reliance on Rule 506 under the Securities Act
0001144204-16-132981	320 W 37TH ST	15TH FL	NEW YORK	NY	10018	844-576-0944	Fanni Koszeg	Other	99215.0	0.0		0.0		366295.0		544961.0	391415.0			0.0	3018953.0	-2473992.0	544961.0	839912.0		708285.0		38251.0	-1114003.0	-0.25	-0.25	Artesian CPA, LLC	true	true			true		Non-public offering to accredited investors
0001477932-16-013327	1 Venture	SUITE 150	IRVINE	CA	92618	8887989100	Michael T. Williams, Esq.	Other	1608259.0	0.0		79038.0		257566.0		2491415.0	986301.0			0.0	986301.0	1505114.0	2491415.0	15607568.0		14743113.0		0.0	-375756.0	0.0	0.0	Prichett, Siler & Hardy, P.C.	true	true	true		true	false	Exempt from registration under Section 4(2) Securities Act and Rules promulgated thereunder.
0001022183-16-000007	10901 ROOSEVELT BLVD	1000C	SAINT PETERSBURG	FL	33716	7203703554	Sam Talari	Other	0.0	0.0		45853.0		77306.0		123159.0	21137.0			444690.0	465827.0	-342668.0	123159.0	115431.0		104592.0		12590.0	-409772.0	0.0	0.0		true	true	false	true	false	true	
0001677092-16-000007	2195 ARTHUR AVENUE		ELK GROVE VILLAGE	IL	60007	8475615224	Andy Altahawi	Other	1500.0	0.0		0.0		0.0		1500.0	3500.0			0.0	3500.0	-2000.0	1500.0	0.0		3500.0		0.0	0.0	0.0	0.0	Unaudited	true	true	false	false	true	false	Section 4(a)(2) - an issuer not involved in any public offering. All securities sold to current directors only.
0001193125-16-762608	12400 Highway 71	Suite 350-256	Austin	TX	78734	844-573-4769	Erik Romberg	Other	112.0	0.0		0.0		0.0		112.0	71623.0			358683.0	430306.0	-430194.0	112.0	0.0		0.0		0.0	-4611.0	0.0	0.0	Craig Denlinger, CPA	true	true	false	true		true	
0001529026-16-000005	230 WEST 41ST STREET	SUITE 1703	NEW YORK	NY	10036	917	Adam Freedman	Other	294362.0	0.0		45590.0		0.0		3218547.0	2807.0			0.0	412807.0	2805740.0	3218547.0	0.0		0.0		0.0	0.0	0.0	0.0		true	true	false	true	false	false	Rule 506 of Regulation D
0001144204-16-131843	1070 TERRA BELLA AVENUE		MOUNTAIN VIEW	CA	94043	650-924-1025	Jeanne Campanelli	Other	4542353.0	0.0		32738.0		790509.0		6420485.0	94194.0			61625.0	940119.0	5480366.0	6420485.0	122509.0		47928.0		72054.0	-2559062.0	-0.25	-0.25	Artesian CPA, LLC	true	true			true		Rule 506(c)
0001688361-16-000001	Mike Dubuc	1370 Willow Road	Menlo Park	CA	94025	514-264-1359	Alixe Cormick	Other	100.0	0.0		0.0		0.0		100.0	100750.0			0.0	100750.0	30.0	100.0	0.0		0.0		0.0	0.0	-0.03	-0.03	Davidson & Company LLP	true	true	false	true	false	false	Regulation S. All investors were located in Canada.
0001681524-16-000005	16192 COASTAL HIGHWAY		LEWES	DE	19958	418-655-9734	Mr. Vincent DeBlois	Other	0.0	0.0		0.0		1500.0		1500.0	0.0			0.0	0.0	1500.0	1500.0	9733.0		42120.0		1000.0	0.0	0.0	0.0	None	true	true	false	false	true	true	
0001681343-16-000008	STREAMNET, INC.	7582 LAS VEGAS BLVD.	LAS VEGAS	NV	89123	702-721-9915	Mr. Darryl Payne	Other	100.0	0.0		0.0		0.0		0.0	0.0			950.0	950.0	0.0	0.0	0.0		0.0		0.0	0.0	0.0	0.0	None	true	true	false	false	true	true	
0001654954-16-003352	1819 Main Street	Suite 212	Sarasota,	FL	34236	941-955-7900	T. Rhys James	Other	103572.0	0.0		43613.0		10385763.0		12476987.0	45813.0			9874971.0	9920784.0	2556203.0	12476987.0	76559.0		69268.0		0.0	-28087.0	-0.08	-0.04	Cherry Bekaert LLP	true	true		false	true	false	For the above issuances, our company relied on the private placement exemption found in Section 4(a)(2) of the Securities Act of 1933. There was no public solicitation with respect to this issuance.
0001688406-16-000005	1901 AVENUE OF THE STARS	2ND FLOOR (CARE OF INDIE CROWD FUNDER)	LOS ANGELES	CA	90067	3104611676	Gregory Parker	Other	0.0	0.0		0.0		0.0		0.0	0.0			0.0	1125.0	0.0	0.0	0.0		0.0		0.0	0.0	0.0	0.0	Jason Tyra	true	true	false	false	false	false	Regulation D
0001022183-16-000006	10901 ROOSEVELT BLVD	1000C	SAINT PETERSBURG	FL	33716	7203703554	Sam Talari	Other	0.0	0.0		45853.0		77306.0		123159.0	21137.0			444690.0	465827.0	-342668.0	123159.0	115431.0		104592.0		12590.0	-409772.0	0.0	0.0		true	true	false	true	false	true	
0001687306-16-000002	245 PARK AVE, 39TH FL		NEW YORK	NY	10167	973-277-4239	FRANKLIN OGELE	Other	6500.0	0.0		0.0		0.0		6500.0	3500.0			0.0	3500.0	3000.0	6500.0	0.0		3500.0		0.0	-3500.0	0.0	0.0	N/A	true	true	false	true	false	true	
0001686327-16-000006	205 D CHUBB AVE		LYNDHUSRT	NJ	07071	6466940051	Andy Altahawi	Other	5000.0	0.0		0.0		100000000.0		1000005000.0	30000.0			0.0	30000.0	99975000.0	1000005000.0	0.0		0.0		0.0	0.0	0.0	0.0	N/A	true	true	false	true	false	false	Section 4(a)(2) - an issuer not involved in any public offering. All securities sold to current directors only.
0001640334-16-001874	201 S. 36th Street		Phoenix	AZ	85034	305-608-2362	W. Scott Lawler, Esq.	Other	56395.0	0.0		4896413.0		1129421.0		6083729.0	160848.0			45008.0	237532.0	5846197.0	6083729.0	3622005.0		2757281.0		0.0	864724.0	0.0	0.0	Metz & Associates, PLLC	true	true	false		true	false	Rule 506 of Regulation D. All shares were issued to the company's officers, directors and five (5) employees.
0001684245-16-000001	Game Time Hydration, Inc.	15534 Seahorse Drive	Houston	TX	77062	718-213-3820	Ms. Tandrin Coleman	Other	1000.0	0.0		0.0		0.0		1000.0	0.0			0.0	0.0	1000.0	1000.0	0.0		0.0		0.0	0.0	0.0	0.0	TBD	true	true	false	false	true	true	
0001678727-16-000012	444 W. LAKE ST	SUITE 305	CHICAGO	IL	60606	6166499149	STEPHANIE	Other	12211000.6	11528000.0		3875000.3		10265000.4		63909000.1	8741000.1			1120000.0	11331000.0	0.0	63909000.1	324888000.9		16894000.2		0.0	298512000.2	0.0	0.0		true	true	false	true	false	true	
0001437749-16-040382	601 S FIGUEROA ST	SUITE 4050	LOS ANGELES	CA	90017	213-337-6784	Andre L. Ligon	Other	72960.0	0.0		0.0		0.0		72960.0	0.0			75000.0	75000.0	-2040.0	72960.0	0.0		0.0		0.0	-37027.0	0.0	0.0		true	true	false	true	false	true	
0001688406-16-000001	1901 Avenue of the Stars	2nd Floor (Care of Indie Crowd Funder)	Los Angeles	CA	90067	3104611676	Gregory Parker	Other	0.0	0.0		0.0		0.0		0.0	0.0			0.0	1125.0	0.0	0.0	0.0		0.0		0.0	0.0	0.0	0.0	Jason Tyra	true	true	false	false	true	false	Regulation D
0001687530-16-000001	425 Huehl Rd, Suite 4B		Northbrook	IL	60062	7734954302	Andy Altahawi	Other	0.0	150000.0		0.0		0.0		150000.0	10000.0			0.0	10000.0	140000.0	150000.0	0.0		0.0		0.0	0.0	0.0	0.0	N/A	true	true	false	true	false	false	Section 4(a)(2) - an issuer not involved in any public offering. All securities sold to current directors only.
0001193125-16-747594	8215 SE 59th Street		Mercer Island	WA	98040	206-550-9120	Andrew Bond	Other	0.0	0.0		0.0		0.0		0.0	0.0			0.0	0.0	0.0	0.0	0.0		0.0		0.0	0.0	0.0	0.0		true	true	false	true		false	Section 4(a)(2) of the Securities Act. The 10 shares issued were the initial shares issued by the Issuer to the two founders of the Issuer (who were also the Issuer's sole directors and executive officers)
0001587999-16-000014	1050 CONNECTICUT AVE., NW	SUITE 500	WASHINGTON	DC	20036	202-2363427	Tony Ramos	Other	0.0	0.0		0.0		0.0		0.0	0.0			0.0	0.0	0.0	0.0	0.0		0.0		0.0	0.0	0.0	0.0		true	true	false	false	true	true	
0001681343-16-000007	STREAMNET, INC.	7582 LAS VEGAS BLVD.	LAS VEGAS	NV	89123	702-721-9915	Mr. Darryl Payne	Other	100.0	0.0		0.0		0.0		0.0	0.0			950.0	950.0	0.0	0.0	0.0		0.0		0.0	0.0	0.0	0.0	None	true	true	false	false	true	true	
0001684242-16-000003	45 WESTBOURNE ROAD	BRYANSTON	JOHANNESBURG	T3	2191	0861-333038	Mr. Alain Michel	Other	1000.0	0.0		0.0		0.0		101000.0	0.0			0.0	0.0	101000.0	101000.0	0.0		0.0		0.0	0.0	0.0	0.0	None	true	true	false	false	true	true	
0001644516-16-000013	1050 CONNECTICUT AVE., NW	SUITE 500	WASHINGTON	DC	20036	202-236-3427	Tony Ramos	Other	0.0	0.0		0.0		0.0		0.0	0.0			0.0	0.0	0.0	0.0	0.0		0.0		0.0	0.0	0.0	0.0	none	true	true	false	false	true	true	
0001477932-16-013112	C/O MADYSON CAPITAL MANAGEMENT, LLC	3204 N. ACADEMY BLVD., SUITE 120	Colorado Springs	CO	80917	719-380-7484	Jillian Sidoti, Esq.	Other	0.0	0.0		0.0		0.0		0.0	0.0			0.0	0.0	0.0	0.0	0.0		0.0		0.0	0.0	0.0	0.0	Artesian CPA	true	true	false	true		true	
0001567619-16-003100	1048 TEXAN TRAIL		GRAPEVINE	TX	76051	469-440-8868	DEAN M. COLUCCI, DUANE MORRIS	Other	1834988.0	250000.0		0.0		1069888.0		3154876.0	112298.0			0.0	112298.0	3042578.0	3154876.0	0.0		108672.0		0.0	-108672.0	0.0	0.0	BDO USA, LLP	true	true	false	false	true	false	2,500,000 shares issued to founder under Section 4(a)(2); 3,200,000 shares issued to 11 accredited investors under Rule 506.
0001654954-16-003046	1819 Main Street	Suite 212	Sarasota	FL	34236	941-955-7900	T. Rhys James	Other	103572.0	0.0		43613.0		10385763.0		12476987.0	45813.0			9874971.0	9920784.0	2556203.0	12476987.0	76559.0		69268.0		0.0	-28087.0	-0.08	-0.04	Cherry Bekaert LLP	true	true			true		For the above issuances, our company relied on the private placement exemption found in Section 4(a)(2) of the Securities Act of 1933. There was no public solicitation with respect to this issuance.
0001193125-16-743889	14420 Albemarle Point Place		Chantilly	VA	20152	703-953-3838	Morris F. DeFeo, Jr.	Other	26181.0	0.0		3280721.0		113269.0		4199831.0	1767282.0			500000.0	2267282.0	1932549.0	4199831.0	4377176.0		4231164.0		31432.0	47547.0	0.01	0.01	Ericksen, Krentel & LaPorte, LLP	true	true	false	false		false	Section 4 (a)(2) of the Securities Act of 1933, as amended.
0001640170-16-000005	1050 CONNECTICUT AVE., NW	Suite 500	WASHINGTON	DC	20036	202-236-3427	Tony Ramos	Other	0.0	0.0		0.0		0.0		0.0	0.0			0.0	0.0	0.0	0.0	0.0		0.0		0.0	0.0	0.0	0.0	0	true	true	false	false	true	false	Regulation A, as amended
0001529026-16-000003	230 West 41st Street	Suite 1703	New York	NY	10036	917	Adam Freedman	Other	294362.0	0.0		45590.0		0.0		3218547.0	2807.0			0.0	412807.0	2805740.0	3218547.0	0.0		0.0		0.0	0.0	0.0	0.0		true	true	false	true	false	true	
0001144204-16-128633	2010 MAIN STREET	SUITE 250	IRVINE	CA	92614	888-507-1650	Chiranjib Pal	Other	137000.0	0.0		359000.0		271000.0		4461000.0	1677000.0			0.0	12168000.0	-7707000.0	4461000.0	1211000.0		10195000.0		386000.0	-9440000.0	-0.77	-0.77	BDO USA, LLP	true	true			true		Section 506 of Regulation D, Section 701 of Regulation D, and Section 506 of Regulation D, respectively.
0001144204-16-128583	75 Fifth Street, NW	Suite 2170	ATLANTA	GA	30308	404-850-9225	Nick Bhargava	Other	2530968.0	0.0		4748208.0		36063.0		7562171.0	5119529.0			0.0	5217433.0	2344738.0	7562171.0	96652.0		2114770.0		47315.0	-2018118.0	-0.74	-0.74	Hughes Pittman and Gupton LLP	true	true		true			Regulation A, Rule 506 of Regulation D, and Rule 506 of Regulation D, respectively.
0001687263-16-000003	FRANKLIN OGELE		245 PARK AVE	NY	10167	212-803-8124	FRANKLIN OGELE, ESQ	Other	6500.0	0.0		0.0		0.0		6500.0	3500.0			0.0	3500.0	3000.0	6500.0	0.0		3500.0		0.0	-3500.0	0.0	0.0	N/A	true	true	false	true	false	false	section 4(a)(2). An issuer not involved in any public offering. All securities sold to current directors only.
0001477932-16-012993	1 Venture	SUITE 150	IRVINE	CA	92618	8887989100	Michael T. Williams, Esq.	Other	1608259.0	0.0		79038.0		257566.0		2491415.0	986301.0			0.0	986301.0	1505114.0	2491415.0	15607568.0		14743113.0		0.0	-375576.0	0.0	0.0	Prichett, Siler & Hardy, P.C.	true	true	true		true	false	Exempt from registration under Section 4(2) Securities Act and Rules promulgated thereunder.
0001144204-16-128152	75 Fifth Street, NW	Suite 2170	ATLANTA	GA	30308	404-850-9225	Nick Bhargava	Other	2530968.0	0.0		4748208.0		36063.0		7562171.0	5119529.0			0.0	5217433.0	2344738.0	7562171.0	96652.0		2114770.0		47315.0	-2018118.0	-0.74	-0.74	Hughes Pittman and Gupton LLP	true	true		true			Regulation A, Rule 506 of Regulation D, and Rule 506 of Regulation D, respectively.
0001144204-16-128114	1623 Central Ave Ste 201		Cheyenne	WY	82001	619-748-0686	Alastair Caithness	Other	7303.18	0.0		0.0		0.0		7303.18	0.0			0.0	0.0	7303.18	7303.18	0.0		1496.82		0.0	-1496.82	0.0	0.0		true	true			true	true	
0001445866-16-002740	8315 E BROADWAY BLVD.		TUCSON	AZ	85710	888-444-2102	J Martin Tate	Banking	0.0	0.0			0.0		0.0	0.0	0.0		0.0	0.0	0.0	0.0	0.0		0.0		0.0	0.0	0.0	0.0	0.0	Vatsal Thakkar	true	true	true	false	true	false	506(b)
0001673239-16-000031	429 PLUMB LANE		RENO	NV	89509	561-210-7553	HAMON FRANCIS FYTTON	Other	0.0	0.0		0.0		0.0		0.0	268.0			0.0	269.0	-269.0	0.0	0.0		0.0		0.0	-5469.0	-0.08	-0.08		true	true	false	false	true	false	Section 4 (2) of the Act.
0001445866-16-002733	8315 E Broadway Blvd.		Tucson	AZ	85710	888-444-2102	J. Martin Tate	Banking	0.0	0.0			0.0		0.0	0.0	0.0		0.0	0.0	0.0	0.0	0.0		0.0		0.0	0.0	0.0	0.0	0.0	Vatsal Thakkar	true	true	true	false	true	false	506(b)
0001144204-16-127547	75 Fifth Street, NW	Suite 2170	ATLANTA	GA	30308	404-850-9225	Nick Bhargava	Other	2530968.0	0.0		4748208.0		36063.0		7562171.0	5119529.0			0.0	5217433.0	2344738.0	7562171.0	96652.0		2114770.0		47315.0	-2018118.0	-0.74	-0.74	Hughes Pittman and Gupton LLP	true	true		true			Regulation A, Rule 506 of Regulation D, and Rule 506 of Regulation D, respectively.
0001642079-16-000013	232 UNION BLVD		TOTOWA	NJ	07512	973-595-7775	WILSON X BEZERRA	Other	215.0	0.0		0.0		2000000.0		2000215.0	0.0			825000.0	825000.0	1175215.0	2000215.0	0.0		0.0		0.0	0.0	0.0	0.0		true	true	false	true	false	true	
0001677159-16-000008	6740 GREENBRIAR CURVE		SHAKOPEE	MN	55379	7604436744	Andy Altahawi	Other	1500.0	0.0		0.0		0.0		1500.0	0.0			0.0	0.0	1500.0	1500.0	0.0		30000.0		0.0	0.0	0.0	0.0	N/A	true	true	false	true	false	false	Section 4(a)(2) - an issuer not involved in any public offering. All securities sold to current directors only.
0001659173-16-000524	2009 E. Windmill Lane		Las Vegas	NV	89123	702-240-0977	Bryan Clark, Esq.	Other	74970.0	0.0		0.0		0.0		74970.0	0.0			0.0	25819.0	0.0	74970.0	0.0		25849.0		0.0	25849.0	0.0	0.0	Hall & Company Certified Public Accountants & Consultants, Inc.	true	true	true		true		Section 4(a)(2) of the Securities Act; Rule 506 (b)
0001079974-16-001602	7950 NW 53RD ST SUITE 337		MIAMI LAKES	FL	33166	941-347-7380	Miguel Dotres	Other	2420.0	0.0		0.0		0.0		2420.0	2900.0			0.0	6000.0	-3580.0	2420.0	0.0		0.0		0.0	0.0	0.0	0.0	Anton Chia LLP	true	true	true	true			Section 4(a)(2) - an issuer not involved in any public offering. All securities sold to current directors only.
0001010549-16-000727	2927 AVEMUE D		KATY	TX	77493	562-235-4402	Elton Norman	Other	0.0	0.0		0.0		0.0		0.0	0.0			0.0	0.0	0.0	0.0	0.0		0.0		0.0	0.0	0.0	0.0		true	true	true	false	true	true	
0001681343-16-000005	STREAMNET, INC.	7582 LAS VEGAS BLVD.	LAS VEGAS	NV	89123	702-721-9915	Mr. Darryl Payne	Other	100.0	0.0		0.0		0.0		0.0	0.0			950.0	950.0	0.0	0.0	0.0		0.0		0.0	0.0	0.0	0.0	None	true	true	false	false	true	true	
0001654954-16-002674	249 N. UNIVERSITY AVENUE		PROVO	UT	84601	760-933-8437	Pamela Catania, Esq.	Other	1480525.0	0.0		689.0		34510.0		2701060.0	35789.0			0.0	3506732.0	-805672.0	2701060.0	2405430.0		4635238.0		5795.0	-2219233.0	-0.12	-0.12	Tanner LLC	true	true		true			The Issuer relied on exemptions under Section 4(a)(2) and Rule 701 of the Securities Act of 1933, as amended, for these issuances of its Class A Common Stock and options, as applicable.  There was no public solicitation with respect to these issuances.
0001671132-16-000008	10901 ROOSEVELT BLVD	SUITE 1000C	SAINT PETERSBURG	FL	33716	727-474-1810	Sam Talari	Other	239.0	0.0		50100.0		822259.0		872598.0	26788.0			940581.0	1210369.0	337771.0	872598.0	50100.0		375270.0		0.0	-375270.0	-0.08	-0.08	Turner, Stone & Company, L.L.P.	true	true	false	true	false	false	Private placement under Rule 506(c) of Regulation D of the Securities Act of 1933, as amended
0001681343-16-000003	STREAMNET, INC.	7582 LAS VEGAS BLVD.	LAS VEGAS	NV	89123	702-721-9915	Mr. Darryl Payne	Other	100.0	0.0		0.0		0.0		0.0	0.0			950.0	950.0	0.0	0.0	0.0		0.0		0.0	0.0	0.0	0.0	None	true	true	false	false	true	true	
0001681524-16-000003	16192 COASTAL HIGHWAY		LEWES	DE	19958	418-655-9734	Mr. Vincent DeBlois	Other	0.0	0.0		0.0		1500.0		1500.0	0.0			0.0	0.0	1500.0	1500.0	9733.0		42120.0		1000.0	0.0	0.0	0.0	None	true	true	false	false	true	true	
0001010549-16-000721	2927 AVEMUE D		KATY	TX	77493	562-235-4402	Elton F. Norman, Esq.	Other	0.0	0.0		0.0		0.0		0.0	0.0			0.0	0.0	0.0	0.0	0.0		0.0		0.0	0.0	0.0	0.0		true	true	true	false	true	true	
0001686327-16-000004	205 D CHUBB AVE		LYNDHUSRT	NJ	07071	6466940051	Andy Altahawi	Other	5000.0	0.0		0.0		100000000.0		1000005000.0	30000.0			0.0	30000.0	99975000.0	1000005000.0	0.0		0.0		0.0	0.0	0.0	0.0	N/A	true	true	false	true	false	false	Section 4(a)(2) - an issuer not involved in any public offering. All securities sold to current directors only.
0001686327-16-000001	205 D Chubb Ave		Lyndhusrt	NJ	07071	6466940051	Andy Altahawi	Other	5000.0	0.0		0.0		100000000.0		1000005000.0	30000.0			0.0	30000.0	99975000.0	1000005000.0	0.0		0.0		0.0	0.0	0.0	0.0	N/A	true	true	false	true	false	false	Section 4(a)(2) - an issuer not involved in any public offering. All securities sold to current directors only.
0001022183-16-000003	10901 ROOSEVELT BLVD	1000c	SAINT PETERSBURG	FL	33716	7203703554	Sam Talari	Other	0.0	5219104.0		45853.0		77306.0		5342263.0	21137.0			444690.0	465827.0	4876437.0	5342263.0	115431.0		104592.0		12590.0	-409772.0	0.0	0.0		true	true	false	true	false	true	
