ACCESSION_NUMBER	INDICATETIER1TIER2OFFERING	FINANCIALSTATEMENTAUDITSTATUS	OFFERDELAYEDCONTINUOUSFLAG	OFFERINGYEARFLAG	OFFERINGAFTERQUALIFFLAG	OFFERINGBESTEFFORTSFLAG	SOLICITATIONPROPOSEDOFFERFLAG	RESALESECURITIESAFFILIATESFLAG	SECURITIESOFFERED	OUTSTANDINGSECURITIES	PRICEPERSECURITY	ISSUERAGGREGATEOFFERING	SECURITYHOLDERAGGEGATE	QUALIFICATIONOFFERINGAGGREGATE	CONCURRENTOFFERINGAGGREGATE	TOTALAGGREGATEOFFERING	UNDERWRITERSERVICEPROVIDERNAME	UNDERWRITERSFEES	SALECOMMISSIONSSVCPROVIDERNAME	SALECOMMISSIONSSVCEROVIDERFEE	FINDERSFEESSERVICEPROVIDERNAME	FINDERFEESFEE	AUDITORSERVICEPROVIDERNAME	AUDITORFEES	LEGALSERVICEPROVIDERNAME	LEGALFEES	PROMOTERSSERVICEPROVIDERNAME	PROMOTERSFEES	BLUESKYSERVICEPROVIDERNAME	BLUESKYFEES	BROKERDEALERCRDNUMBER	ESTIMATEDNETAMOUNT	CLARIFICATIONRESPONSES
0001079974-16-001814	Tier2	Audited	Y	N	N	Y	Y	N	25000000	45000000	0.1	0.01	0.1	0.0	1937500.0	1937500.1099999999							Anton Chia LLP	5000.0	EAD Law Group	5000.0						1917500.0	The above table does not include fees to be paid to for administrative and escrow agent services, FINRA filing fee, fees for EDGAR document conversion and filing, and website posting fees.
0001144204-16-141777	Tier2	Audited	Y	N	N	Y	N	N	2000000	0		0.0	0.0	0.0	0.0	0.0							Aronson LLC	150000.0	Goodwin Procter LLP	0.0							
0001681524-16-000010	Tier1	Unaudited	N	N	N	Y	N	N	10000000	0	0.3	0.3	0.0	0.0	0.0	0.3	Cost of Offering (Professional Fees)	75000.0							Legal Opinion of Counsel	2500.0			New York	1200.0		2921300.0	
0001652577-16-000033	Tier1	Unaudited	N	N	Y	Y	N	N	20000000	23259893	1.0	20000000.0	0.0	0.0	0.0	20000000.0																	
0001477932-16-014321	Tier2	Audited	Y	N	N	Y	N	N	2000000	41260000	0.15	300000.0	0.0	0.0	0.0	300000.0		0.0		0.0		0.0	Artesian CPA	4000.0	Williams Securities Law Firm, P.A.	55000.0		0.0		0.0		225000.0	An additional $16,000 in miscellaneous offering expenses for which no category is listed above.
0001477932-16-014304	Tier2	Audited	N	N	N	Y	N	N	30000000	20000000	0.5	0.0	0.0	0.0	0.0	0.0		0.0		0.0		0.0	Ankit Consulting Services	2000.0	Securities Counselors, Inc.	17500.0		0.0		0.0		14979750.0	
0001144204-16-141219	Tier2	Audited	Y	N	N	Y	Y	N	5031446	0		0.0	0.0	0.0	0.0	0.0																	
0001144204-16-141190	Tier2	Audited	N	N	N	Y	Y	N	429184	3204024	11.0	5000000.0	0.0	0.0	0.0	5000000.0	North Capital Private Securities	81750.0					dbbmckennon	40000.0	KHLK LLP	50000.0	CrowdFundX	100000.0			154559	4918250.0	"CrowdFundX is a marketing firm and not ""Promoters"""
0001615774-16-009053	Tier2	Audited	Y	N	N	Y	Y	N	6250000	25000000	8.0	50000000.0	0.0	0.0	0.0	50000000.0																	
0001193125-16-802423	Tier2	Audited	N	N	N	Y	N	N	5000000	1000	10.0	50000000.0	0.0	0.0	0.0	50000000.0	Orchard Securities, LLC, a portion of which	1500000.0	Orchard Securities, LLC, which it will reallow	350000.0			Ernst & Young LLP	75000.0	DLA Piper LLP (US)	250000.0			DLA Piper LLP (US) to file notices, but payments made to various states	20350.0	133378000	50000000.0	All organizational and offering costs, managing broker-dealer fees and selling commissions will be paid by our sponsor,Cottonwood Capital Property Management II, LLC.
0001658959-16-000018	Tier2	Audited	Y	N	N	Y	N	N	10000000	63449648	5.0	50000000.0	0.0	0.0	0.0	50000000.0	Boustead Securities, LLC	30000.0	Boustead Securities, LLC	3650000.0			Artesian CPA, LLC	16000.0	Cowden & Humphrey, Horwitz & Armstrong	66000.0	ASMX Capital	2118251.0	Mergent & ASMX Capital	9750.0		44080002.0	Net Proceeds Calculation of $44,080,002.00 includes Additional Expenses of: Escrow Fees to Issuer Direct Corporation (Estimated): $29,997 .00
0001689536-16-000003	Tier2	Audited	Y	N	N	Y	N	N	2640000	8800000	6.8	17952000.0	0.0	0.0	0.0	17952000.0																	
0001144204-16-140938	Tier2	Audited	Y	N	N	Y	Y	Y	32894736	137419968	1.52	47000000.0	3000000.0	0.0	0.0	50000000.0							dbbmckennon	15000.0	KHLK LLP;Mitchell Silberberg & Knupp LLP	90000.0						43025026.0	The above table does not include fees to be paid to Fund America Securities LLC for administration and escrow agent services, FINRA filing fee, fees for EDGAR document conversion and filing, website posting fees and marketing expenses.
0001104659-16-163451	Tier2	Audited	Y	Y	N	Y	N	N	5000000	250	10.0	50000000.0	0.0	0.0	0.0	50000000.0			North Capital Private Securities Corp. and Mogul Securities, LLC	500000.0			CohnReznick, LLP	10000.0	Morris, Manning & Martin, LLP	250000.0	Realty Mogul Sponsor, LLC and Realty Mogul, Co.	0.0			154559	48500000.0	Sales commissions will not be paid by the issuer. As such, the sales commissions do not reduce net proceeds to the issuer.
0001659173-16-000668	Tier2	Audited	N	N	Y	Y	N	N	40000000	0	10000.0	40000000.0	0.0	0.0	0.0	40000000.0			JumpStart Securities	15000.0			Hall & Company Certified Public Accountants & Consultants	2500.0	Bryan R. Clark, PC	5000.0			JumpStart Securities	5000.0	156214	40000000.0	
0001437749-16-043675	Tier1	Unaudited	Y	Y	Y	N	N	N	6666666	9382219	3.0	3.0	0.0	0.0	0.0	3.0																20000000.0	
0001437749-16-043659	Tier1	Unaudited	Y	Y	Y	N	N	N	6666666	9382219	3.0	3.0	0.0	0.0	0.0	3.0																20000000.0	
0001144204-16-140697	Tier2	Audited	N	N	N	Y	Y	N	6666666	0	3.0	20000000.0	0.0	0.0	0.0	20000000.0	SI Securities, LLC	1500000.0					Artesian CPA, LLC	16000.0	KHLK LLP / Wilson Sonsini Goodrich & Rosati	190000.0					170937	18294000.0	
0001193125-16-800412	Tier2	Audited	Y	N	Y	Y	N	Y	6000000	58542350		4.5	25000000.0	0.0	0.0	25000004.5	Boustead Securities LLC	1850000.0					MaloneBailey, LLP Rivers & Moorehead PLLC	66675.0	DLA Piper LLP (US)	250000.0					141391	21279825.0	The issuer also anticipates costs and fees relating to FINRA, NASDAQ application, transfer agent, escrow fees and roadshow.
0001640170-16-000014	Tier1	Unaudited	N	N	N	N	N	N	450000	450000	100.0	6000000.0	0.0	0.0	0.0	6000000.0		0.0		0.0		0.0		0.0		0.0		0.0		0.0	0	0.0	
0001640170-16-000013	Tier1	Unaudited	N	N	N	N	N	N	200000	200000	100.0	20000000.0	0.0	0.0	0.0	20000000.0		0.0	0	0.0	0	0.0		0.0		0.0		0.0		0.0	0	0.0	
0001144204-16-140373	Tier2	Audited	Y	N	N	Y	Y	Y	32894736	137419968	1.52	47000000.0	3000000.0	0.0	0.0	50000000.0							dbbmckennon	15000.0	KHLK LLP;Mitchell Silberberg & Knupp LLP	90000.0						43025026.0	The above table does not include fees to be paid to Fund America Securities LLC for administration and escrow agent services, FINRA filing fee, fees for EDGAR document conversion and filing, website posting fees and marketing expenses.
0001213900-16-019521	Tier2	Audited	Y	N	N	Y	N	N	4000000	0		12011600.0	0.0	0.0	0.0	12011600.0							RBSM LLP	15000.0	Mitchell Silberberg & Knupp LLP	70000.0			Mitchell Silberberg & Knupp LLP	5000.0		11760000.0	
0001415889-16-007597	Tier2	Audited	Y	N	N	Y	N	N	733340	4454545	15.0	11000100.0	0.0	0.0	0.0	11000100.0	Boustead Securities, Inc.	990009.0					Malone Bailey LLP	29000.0	Reed Smith LLP	123095.0						9686591.0	
0001579586-16-000026	Tier1	Unaudited	N	N	N	N	N	N	450000	450000	100.0	6000000.0	0.0	0.0	0.0	6000000.0		0.0		0.0		0.0		0.0		0.0		0.0		0.0	0	0.0	
0001579586-16-000025	Tier1	Unaudited	N	N	N	N	N	N	200000	200000	100.0	20000000.0	0.0	0.0	0.0	20000000.0		0.0	0	0.0	0	0.0		0.0		0.0		0.0		0.0	0	0.0	
0001144204-16-140081	Tier2	Audited	Y	N	N	Y	N	N	50000000	0	1.0	50000000.0	0.0	0.0	0.0	50000000.0							Artesian CPA, LLC	2500.0	Alliance Legal Partners, Inc. and KHLK LLP	25000.0							
0001213900-16-019487	Tier2	Audited	Y	N	N	Y	Y	N	1250	0	1000.0	1250000.0	0.0	0.0	13000000.0	14250000.0	None	0.0	None	0.0	None	0.0	Marcum LLP	5000.0	Ellenoff Grossman & Schole LLP	40000.0	None	0.0	Ellenoff Grossman & Schole LLP	5000.0	0	1200000.0	
0001654954-16-004922	Tier2	Audited	Y	N	N	Y	N	N	733340	4454545	15.0	11000100.0	0.0	0.0	0.0	11000100.0	Boustead Securities, Inc.	990009.0					Malone Bailey LLP	29000.0	Reed Smith LLP	123095.0						9686591.0	
0001640170-16-000010	Tier1	Unaudited	N	N	N	N	N	N	200000	200000	100.0	20000000.0	0.0	0.0	0.0	20000000.0		0.0	0	0.0	0	0.0		0.0		0.0		0.0		0.0	0	0.0	
0001640170-16-000009	Tier1	Unaudited	N	N	N	N	N	N	450000	450000	100.0	6000000.0	0.0	0.0	0.0	6000000.0																	
0001144204-16-139684	Tier1	Audited	Y	N	N	Y	N	N	1951920	0	10.0	1951920.0	0.0	15652940.0	2394280.0	19999140.0									Smith Anderson, et al., Robbins Ross, et al.	4500.0							"""Number of securities offered"" is the aggregate principal amount of LROs being offered under this post-qualification amendment (PQA)."
0001640170-16-000008	Tier1	Unaudited	N	N	N	N	N	N	450000	450000	100.0	6000000.0	0.0	0.0	0.0	6000000.0		0.0		0.0		0.0		0.0		0.0		0.0		0.0	0	0.0	
0001587999-16-000019	Tier1	Unaudited	N	N	N	N	N	N	450000	450000	100.0	6000000.0	0.0	0.0	0.0	6000000.0																	
0001615774-16-008925	Tier2	Audited	Y	N	N	Y	Y	N	6250000	25000000	8.0	50000000.0	0.0	0.0	0.0	50000000.0																	
0001690824-16-000002	Tier2	Audited	Y	N	N	Y	N	Y	40000000	50500000	1.0	30000000.0	10000000.0	0.0	0.0	40000000.0																	
0001193125-16-791732	Tier2	Audited	Y	N	N	Y	N	N	1000000	0	5.0	5000000.0	0.0	0.0	0.0	5000000.0							Craig Denlinger, CPA	3500.0	Andrews Kurth LLP	80000.0			n/a	10000.0		4872145.0	Technology Fees - $21,855; Escrow Fees - $12,500
0001680579-16-000009	Tier1	Unaudited	N	N	N	Y	N	N	2000000	3000000	1.0	2000000.0	0.0	0.0	0.0	2000000.0																	
0001437749-16-043199	Tier1	Unaudited	Y	Y	Y	N	N	N	6666666	9382219	3.0	3.0	0.0	0.0	0.0	3.0																20000000.0	
0001681524-16-000009	Tier1	Unaudited	N	N	N	Y	N	N	10000000	0	0.3	0.3	0.0	0.0	0.0	0.3	Cost of Offering (Professional Fees)	75000.0							Legal Opinion of Counsel	2500.0			New York	1200.0		2921300.0	
0001688437-16-000018	Tier2	Audited	Y	N	Y	Y	Y	N	30000000	70000000	1.0	30000000.0	0.0	0.0	0.0	30000000.0			Indie Crowd Funder, LLC.	0.0							Indie Crowd Funder, LLC.	1000000.0				29000000.0	
0001144204-16-138702	Tier2	Audited	Y	N	N	Y	N	N	50000000	0	1.0	50000000.0	0.0	0.0	0.0	50000000.0							Artesian CPA, LLC	2500.0	Alliance Legal Partners, Inc. and KHLK LLP	25000.0							
0001688437-16-000012	Tier2	Audited	Y	N	Y	Y	Y	N	30000000	30000000	1.0	30000000.0	0.0	0.0	0.0	30000000.0			Indie Crowd Funder, LLC.	0.0							Indie Crowd Funder, LLC.	1000000.0				29000000.0	
0001575872-16-000481	Tier2	Audited	Y	N	N	Y	Y	N	10000000	20250000	2.0	20000000.0	0.0	0.0	0.0	20000000.0							MALON BAILEY LLP	5000.0	The Bunker Law Group, PLLC.	450.0			The Bunker Law Group, PLLC	0.0		20000000.0	The above table does not include fees to be paid to Data Tracks fees for EDGAR document conversion and filing fees.
0001144204-16-138424	Tier2	Audited	N	N	N	Y	Y	N	6666666	0	3.0	20000000.0	0.0	0.0	0.0	20000000.0	SI Securities, LLC	1500000.0					Artesian CPA, LLC	16000.0	KHLK LLP / Wilson Sonsini Goodrich & Rosati	190000.0					170937	18294000.0	
0001213900-16-019233	Tier2	Audited	Y	N	N	Y	N	Y	25000000	19494750	2.0	41760500.0	8239500.0	0.0	0.0	50000000.0							D. Brooks and Associates, CPA's, P.A.	11700.0	Lucosky Brookman LLP	35000.0					0	41760500.0	
0001567619-16-003328	Tier2	Audited	N	N	Y	N	Y	N	4325000	1000000	10.0	43250000.0	0.0	0.0	0.0	43250000.0	FBR Capital Markets & Co.; Stifel Nicolaus & Company, Incorporated; Northland Capital Markets; Ladenburg Thalmann & Co., Inc.; Drexel Hamilton, LLC	3041500.0		0.0		0.0	BDO USA, LLP	25000.0	DUANE MORRIS LLP; THOMPSON & KNIGHT LLP	800000.0		0.0		0.0	25027	39050000.0	Reserve Engineer, Listing, and printing fees are also reflected in calculation of estimated net proceeds to the issuer.
0001587999-16-000017	Tier1	Unaudited	N	N	N	N	N	N	200000	200000	100.0	20000000.0	0.0	0.0	0.0	20000000.0		0.0	0	0.0	0	0.0		0.0		0.0		0.0		0.0	0	0.0	
0001587999-16-000016	Tier1	Unaudited	N	N	N	N	N	N	450000	450000	100.0	6000000.0	0.0	0.0	0.0	6000000.0																	
0001587999-16-000015	Tier1	Unaudited	N	N	N	N	N	N	450000	450000	100.0	6000000.0	0.0	0.0	0.0	6000000.0																	
0001640170-16-000007	Tier1	Unaudited	N	N	N	N	N	N	450000	450000	100.0	6000000.0	0.0	0.0	0.0	6000000.0		0.0		0.0		0.0		0.0		0.0		0.0		0.0	0	0.0	
0001144204-16-137846	Tier1	Audited	Y	N	N	Y	N	N	1324770	0	10.0	1324770.0	0.0	15892840.0	2268610.0	19486220.0									Smith Anderson, et al., Robbins Ross, et al.	4500.0							"""Number of securities offered"" is the aggregate principal amount of LROs being offered under this post-qualification amendment (PQA). ""The estimated portion of aggregate sales ..."" includes the 17 series of LROs covered by PQA Nos. 29 and 36."
0001592766-16-000010	Tier1	Unaudited	Y	N	N	Y	N	N	50000	0	100.0	100.0	0.0	0.0	0.0	100.0									Costs of Offering	25000.0			NY	1300.0		4973700.0	
0001567619-16-003299	Tier2	Audited	N	N	Y	N	Y	N	4325000	1000000	10.0	43250000.0	0.0	0.0	0.0	43250000.0	FBR Capital Markets & Co.; Stifel Nicolaus & Company, Incorporated; Northland Capital Markets; Ladenburg Thalmann & Co., Inc.; Drexel Hamilton, LLC	3041500.0		0.0		0.0	BDO USA, LLP	25000.0	DUANE MORRIS LLP; THOMPSON & KNIGHT LLP	800000.0		0.0		0.0	25027	39050000.0	Reserve Engineer, Listing, and printing fees are also reflected in calculation of estimated net proceeds to the issuer.
0001642079-16-000030	Tier2	Audited	N	N	N	N	Y	N	9800000	0	2.0	0.0	0.0	0.0	0.0	0.0																	
0001642079-16-000031	Tier2	Audited	N	N	N	N	Y	N	9800000	0	2.0	0.0	0.0	0.0	0.0	0.0																	
0001686327-16-000008	Tier1	Unaudited	Y	N	N	Y	N	N	10000000	14750000	2.0	20000000.0	0.0	0.0	0.0	20000000.0																	
0001415889-16-007514	Tier2	Audited	Y	N	N	Y	N	N	733340	4454545	15.0	11000100.0	0.0	0.0	0.0	11000100.0	Boustead Securities, Inc.	990009.0					Malone Bailey LLP	29000.0	Reed Smith LLP	123095.0						9686591.0	
0001684242-16-000004	Tier1	Unaudited	N	N	N	Y	N	N	12000	0	100.0	100.0	0.0	0.0	0.0	100.0									Cost of Offering	75000.0			New York	1300.0		1123700.0	
0001659173-16-000637	Tier2	Audited	N	N	Y	Y	N	N	40000000	0	10000.0	40000000.0	0.0	0.0	0.0	40000000.0			JumpStart Securities	15000.0			Hall & Company Certified Public Accountants & Consultants	2500.0	Bryan R. Clark, PC	5000.0			JumpStart Securities	5000.0	156214	40000000.0	
0001214659-16-015073	Tier2	Audited	Y	Y	N	Y	N	N	3500000	0	10.0	3500000.0	35000000.0	0.0	0.0	38500000.0							Artesian CPA, LLC	3500.0	Flaster/Greenberg P.C.	70000.0	Various Marketing Firms	221500.0	Flaster/Greenberg P.C.	5000.0			
0001567619-16-003292	Tier2	Audited	N	N	Y	N	Y	N	4325000	1000000	10.0	43250000.0	0.0	0.0	0.0	43250000.0	FBR Capital Markets & Co.; Stifel Nicolaus & Company, Incorporated; Northland Capital Markets; Ladenburg Thalmann & Co., Inc.; Drexel Hamilton, LLC	3041500.0		0.0		0.0	BDO USA, LLP	25000.0	DUANE MORRIS LLP; THOMPSON & KNIGHT LLP	800000.0		0.0		0.0	25027	39050000.0	Reserve Engineer, Listing, and printing fees are also reflected in calculation of estimated net proceeds to the issuer.
0001615774-16-008635	Tier2	Audited	Y	N	N	Y	Y	N	25000000	116600000	2.0	50000000.0	0.0	0.0	0.0	50000000.0			Sales Commissions	5000000.0			Marcum LLP	23000.0	Sichenzia Ross Ference Kesner LLP	100000.0						44877000.0	The above table excludes fees to be paid to Transfer Online, Inc. but includes $5,000,000 for sales commissions that will be payable if the Company uses such a service provider
0001579586-16-000024	Tier1	Unaudited	N	N	N	N	N	N	200000	200000	100.0	20000000.0	0.0	0.0	0.0	20000000.0		0.0	0	0.0	0	0.0		0.0		0.0		0.0		0.0	0	0.0	
0001680579-16-000008	Tier1	Unaudited	N	N	N	Y	N	N	2000000	3000000	1.0	2000000.0	0.0	0.0	0.0	2000000.0																	
0001690477-16-000002	Tier1	Unaudited	Y	N	N	Y	N	N	20000	0	25.0	500000.0	0.0	0.0	0.0	500000.0	None	0.0	None	0.0	None	0.0	None	0.0	Ronald S Tucker	35000.0	None	0.0	None	0.0	0	465000.0	
0001579586-16-000023	Tier1	Unaudited	N	N	N	N	N	N	450000	450000	100.0	6000000.0	0.0	0.0	0.0	6000000.0																	
0001579586-16-000022	Tier1	Unaudited	N	N	N	N	N	N	450000	450000	100.0	6000000.0	0.0	0.0	0.0	6000000.0																	
0001579586-16-000021	Tier1	Unaudited	N	N	N	N	N	N	450000	450000	100.0	6000000.0	0.0	0.0	0.0	6000000.0		0.0		0.0		0.0		0.0		0.0		0.0		0.0	0	0.0	
0001144204-16-136763	Tier2	Audited	Y	N	N	Y	Y	Y	32894736	137419968	1.52	47000000.0	3000000.0	0.0	0.0	50000000.0							dbbmckennon	15000.0	KHLK LLP;Mitchell Silberberg & Knupp LLP	90000.0						43025026.0	The above table does not include fees to be paid to Fund America Securities LLC for administration and escrow agent services, FINRA filing fee, fees for EDGAR document conversion and filing, website posting fees and marketing expenses.
0001104659-16-159384	Tier2	Audited	Y	Y	N	Y	N	N	5000000	250	10.0	50000000.0	0.0	0.0	0.0	50000000.0			North Capital Private Securities Corp. and Mogul Securities, LLC	165000.0			CohnReznick LLP	10000.0	Morris, Manning & Martin, LLP	250000.0	Realty Mogul Sponsor, LLC and Realty Mogul, Co.	0.0			154559	48500000.0	Sales commissions will not be paid by the issuer.  As such, the sales commissions do not reduce net proceeds to the issuer.
0001144204-16-136762	Tier1	Audited	Y	N	N	Y	N	N	2654860	0	10.0	2654860.0	0.0	15189260.0	1109440.0	18953560.0									Smith Anderson, et al., Robbins Ross, et al.	4500.0							"""Number of securities offered"" is the aggregate principal amount of LROs being offered under this post-qualification amendment (PQA)."
0001680579-16-000006	Tier1	Unaudited	N	N	N	Y	N	N	2000000	3000000	1.0	2000000.0	0.0	0.0	0.0	2000000.0																	
0001144204-16-136479	Tier1	Audited	Y	N	N	Y	N	N	2654860	0	10.0	2654860.0	0.0	15189260.0	1109440.0	18953560.0									Smith Anderson, et al., Robbins Ross, et al.	4500.0							"""Number of securities offered"" is the aggregate principal amount of LROs being offered under this post-qualification amendment (PQA)."
0001688406-16-000011	Tier2	Audited	Y	N	Y	Y	Y	N	50000000	50000000	1.0	50000000.0	0.0	0.0	0.0	50000000.0			Indie Crowd Funder, LLC.	0.0							Indie Crowd Funder, LLC.	1000000.0				49000000.0	
0001144204-16-136462	Tier2	Audited	N	N	N	Y	Y	N	429184	3204024	11.0	5000000.0	0.0	0.0	0.0	5000000.0	North Capital Private Securities	81750.0					dbbmckennon	40000.0	KHLK LLP	50000.0	CrowdFundX	100000.0			154559	4918250.0	"CrowdFundX is a marketing firm and not ""Promoters"""
0001592766-16-000008	Tier1	Unaudited	Y	N	N	Y	N	N	50000	0	100.0	100.0	0.0	0.0	0.0	100.0									Cost of Offering	20000.0			New York	1300.0		4978700.0	
0001677092-16-000008	Tier1	Unaudited	Y	N	N	Y	N	N	15000	0	1000.0	15000000.0	0.0	0.0	0.0	15000000.0																	
0001688406-16-000009	Tier2	Audited	Y	N	Y	Y	Y	N	50000000	50000000	1.0	50000000.0	0.0	0.0	0.0	50000000.0			Indie Crowd Funder, LLC.	0.0							Indie Crowd Funder, LLC.	1000000.0				49000000.0	
0001681524-16-000007	Tier1	Unaudited	Y	N	N	Y	N	N	50000	0	100.0	100.0	0.0	0.0	0.0	100.0									Legal	20000.0			New York	1300.0	4978700		
0001144204-16-136268	Tier2	Audited	Y	N	N	Y	Y	N	5000000	3	10.0	50000000.0	0.0	0.0	0.0	50000000.0			Boustead Securities, LLC	5000000.0			JPMS Cox, PLLC	38000.0	Kaplan Voekler Cunningham & Frank, PLC	163500.0			Kaplan Voekler Cunningham & Frank, PLC	75000.0	141391	44361500.0	
0001681524-16-000006	Tier1	Unaudited	N	N	N	Y	N	N	10000000	0	0.3	0.3	0.0	0.0	0.0	0.3	Cost of Offering (Professional Fees)	75000.0							Legal Opinion of Counsel	2500.0			New York	1200.0		2921300.0	
0001477932-16-013794	Tier2	Audited	Y	N	Y	Y	Y	N	6250000	26213800	8.0	50000000.0	0.0	0.0	0.0	50000000.0	W.R. Hambrecht & Co., LLC	3000000.0		0.0		0.0	Pritchett, Siler and Hardy, P.C.	13400.0	Williams Securities Law Firm, P.A.	12020.0		0.0	Williams Securities Law Firm, P.A.	0.0		46400000.0	Legal Fees: The principal of the firm purchased 100,000 founder's shares at par value $.0001. Except for an initial retainer of $12,000, no other legal fees paid.
0001376474-16-000913	Tier1	Unaudited	Y	N	Y	N	N	N	10000000	75000000	2.0	20000000.0	0.0	0.0	0.0	20000000.0																	
0001687263-16-000009	Tier1	Unaudited	Y	N	N	Y	N	N	10000000	75000000	2.0	20000000.0	0.0	0.0	0.0	20000000.0																	
0001214659-16-014876	Tier2	Audited	Y	N	N	Y	N	N	1000000	41911110	1.0	700000.0	300000.0	0.0	0.0	1000000.0							KCCW Accountancy Corp.	15000.0	Flaster Greenberg / BRUNSON CHANDLER & JONES	50000.0			Flaster Greenberg	10000.0		625000.0	
0001477932-16-013714	Tier2	Audited	Y	N	Y	Y	Y	N	6250000	26213800	8.0	50000000.0	0.0	0.0	0.0	50000000.0	W.R. Hambrecht & Co., LLC	3000000.0		0.0		0.0	Pritchett, Siler and Hardy, P.C.	13400.0	Williams Securities Law Firm, P.A.	12020.0		0.0	Williams Securities Law Firm, P.A.	0.0		46400000.0	Legal Fees: The principal of the firm purchased 100,000 founder's shares at par value $.0001. Except for an initial retainer of $12,000, no other legal fees paid.
0001687263-16-000008	Tier1	Unaudited	Y	N	N	Y	N	N	10000000	75000000	2.0	20000000.0	0.0	0.0	0.0	20000000.0																	
0001687263-16-000005	Tier1	Unaudited	Y	N	N	Y	N	N	10000000	75000000	2.0	20000000.0	0.0	0.0	0.0	20000000.0																	
0001677159-16-000009	Tier1	Unaudited	Y	N	N	Y	N	N	2500000	15000000	2.0	5000000.0	0.0	0.0	0.0	5000000.0																	
0001549212-16-000061	Tier1	Unaudited	Y	N	Y	Y	N	N	1000000000			0.0	0.0	0.0	0.0	0.0									Eilers Law Group, P.A.	15000.0						20000000.0	
0001549212-16-000060	Tier1	Unaudited	N	N	N	N	N	N	500000000		0.01	0.01	0.0	0.0	0.0	0.01									cost associated with offering	52500.0			New York	1200.0		436000.0	
0001687530-16-000003	Tier1	Unaudited	Y	N	N	Y	N	N	2000000	20000000	1.0	2000000.0	0.0	0.0	0.0	2000000.0																	
0001144204-16-135261	Tier2	Audited	N	N	N	N	Y	N	2272728	1533702	11.0	0.0	0.0	0.0	0.0	0.0	B. Riley & Co.	1750000.0					BDO USA, LLC	174000.0	Morgan, Lewis & Bockius LLP	200000.0					40355		
0001437749-16-042310	Tier1	Unaudited	Y	Y	Y	N	N	N	50000000	9382722	0.4	0.4	0.0	0.0	0.0	0.4																20000000.0	
0001567619-16-003212	Tier2	Audited	N	N	Y	N	Y	N	1	5700000		0.0	0.0	0.0	0.0	0.0	FBR Capital Markets & Co.	0.0					BDO USA, LLP	0.0	DUANE MORRIS LLP	0.0					25027		
0001686327-16-000007	Tier1	Unaudited	Y	N	N	Y	N	N	10000000	14750000	2.0	20000000.0	0.0	0.0	0.0	20000000.0																	
0001642079-16-000023	Tier1	Unaudited	N	N	N	N	Y	N	9800000	0	2.0	0.0	0.0	0.0	0.0	0.0																	
0001687715-16-000001	Tier1	Unaudited	Y	N	N	Y	N	N	50000	100	100.0	100.0	0.0	0.0	0.0	100.0	Cost of Offering (Legal, Doc Prep, SEC Filings, etc)	75000.0											State of New York	1300.0		4923700.0	
0001689536-16-000001	Tier2	Audited	Y	N	N	Y	N	N	2640000	8800000	6.8	17952000.0	0.0	0.0	0.0	17952000.0																	
0001658959-16-000017	Tier2	Audited	Y	N	N	Y	N	N	10000000	63449648	5.0	50000000.0	0.0	0.0	0.0	50000000.0	Boustead Securities, LLC	30000.0	Boustead Securities, LLC	3650000.0			Artesian CPA, LLC	16000.0	Cowden & Humphrey, Horwitz & Armstrong	66000.0	ASMX Capital	2118251.0	Mergent & ASMX Capital	9750.0		43873136.5	Net Proceeds Calculation of $43,873,136.50 includes Additional Expenses of: Escrow Fees to Jumpstart Securities, LLC (Estimated): $89,210 Technology Fees to FundAmerica, LLC (Estimated): $147,652.50
0001214659-16-014687	Tier2	Audited	Y	N	N	Y	N	N	1000000	41911110	1.0	700000.0	300000.0	0.0	0.0	1000000.0							KCCW Accountancy Corp.	15000.0	Flaster Greenberg / BRUNSON CHANDLER & JONES	50000.0			Flaster Greenberg	10000.0		625000.0	
0001640334-16-002008	Tier2	Audited	N	N	N	Y	N	N	5000000	180000000	3.2800000000000002	16400000.0	0.0	0.0	0.0	16400000.0		0.0		0.0		0.0	Metz & Associates PLLC	33000.0	Booth Udall Fuller, PLC	15000.0		0.0		0.0		15700000.0	The estimated net proceeds also reflect anticipated charges by StartEngine.com Crowdfunding, Inc., the anticipated portal, and FundAmerica Securities, LLC, the anticipated FINRA administrative agent for the offering.
0001022183-16-000008	Tier1	Unaudited	Y	N	N	Y	N	N	24000000	57105263	0.3	6000000.0	1200000.0	0.0	0.0	7200000.0																	
0001213900-16-018423	Tier2	Audited	Y	N	Y	Y	N	N	5000000	11571500		0.0	0.0	0.0	0.0	0.0	N/A	0.0	None Yet	500000.0	N/A	0.0	Patrick Heyn, PA	8500.0	James Byrd, PA	10000.0	N/A	0.0	N/A	0.0	0	4481500.0	We have not engaged any brokers or placement agents as of September 1, 2016, however, we anticipate appointing one or more placement agents or broker dealers to sell this offering.
0001615774-16-008242	Tier2	Audited	Y	N	N	Y	Y	N	25000000	116600000	2.0	50000000.0	0.0	0.0	0.0	50000000.0			Sales Commissions	5000000.0			Marcum LLP	23000.0	Sichenzia Ross Ference Kesner LLP	100000.0						44877000.0	The above table excludes fees to be paid to Transfer Online, Inc. but includes $5,000,000 for sales commissions that will be payable if the Company uses such a service provider
0001415889-16-007382	Tier2	Audited	Y	N	N	Y	N	N	733340	4454545	15.0	11000100.0	0.0	0.0	0.0	11000100.0	Boustead Securities, Inc.	990009.0					Malone Bailey LLP	29000.0	Reed Smith LLP	123095.0						9900090.0	
0001688406-16-000008	Tier2	Audited	Y	N	Y	Y	Y	N	50000000	50000000	1.0	50000000.0	0.0	0.0	0.0	50000000.0			Indie Crowd Funder, LLC.	0.0							Indie Crowd Funder, LLC.	1000000.0				49000000.0	
0001689065-16-000003	Tier1	Unaudited	N	N	N	Y	N	N	20000000	51000000	1.0	20000000.0	0.0	0.0	0.0	20000000.0		0.0		0.0		0.0		0.0		0.0		0.0		0.0		20000000.0	
0001144204-16-133218	Tier1	Audited	Y	N	N	Y	N	N	2654860	0	10.0	2654860.0	0.0	15189260.0	1109440.0	18953560.0									Smith Anderson, et al., Robbins Ross, et al.	4500.0							"""Number of securities offered"" is the aggregate principal amount of LROs being offered under this post-qualification amendment (PQA)."
0001144204-16-133048	Tier2	Audited	N	N	N	N	Y	N	2272728	1533702	11.0	0.0	0.0	0.0	0.0	0.0	B. Riley & Co.	1750000.0					BDO USA, LLC	174000.0	Morgan, Lewis & Bockius LLP	200000.0					40355		
0001144204-16-133001	Tier2	Audited	Y	N	N	Y	Y	N	869564	6300	23.0	19999972.0	0.0	0.0	0.0	19999972.0							Artesian CPA LLC	7200.0	KHLK LLP	15000.0							
0001144204-16-132981	Tier2	Audited	Y	N	N	Y	Y	N	4000000	0		0.0	0.0	0.0	0.0	0.0																	
0001477932-16-013327	Tier2	Audited	Y	N	Y	Y	Y	N	6250000	26213800	8.0	50000000.0	0.0	0.0	0.0	50000000.0	W.R. Hambrecht & Co., LLC	3000000.0		0.0		0.0	Pritchett, Siler and Hardy, P.C.	13400.0	Williams Securities Law Firm, P.A.	12020.0		0.0	Williams Securities Law Firm, P.A.	0.0		46400000.0	Legal Fees: The principal of the firm purchased 100,000 founder's shares at par value $.0001. Except for an initial retainer of $12,000, no other legal fees paid.
0001022183-16-000007	Tier1	Unaudited	Y	N	N	Y	N	N	24000000	57105263	0.3	6000000.0	1200000.0	0.0	0.0	7200000.0																	
0001677092-16-000007	Tier1	Unaudited	Y	N	N	Y	N	N	15000	0	1000.0	15000000.0	0.0	0.0	0.0	15000000.0																	
0001193125-16-762608	Tier2	Audited	Y	N	N	Y	N	N	1000000	0	5.0	5000000.0	0.0	0.0	0.0	5000000.0							Craig Denlinger, CPA	3500.0	Andrews Kurth LLP	60000.0			n/a	10000.0		4892145.0	Technology Fees - $21,855; Escrow Fees - $12,500
0001529026-16-000005	Tier1	Unaudited	N	N	N	Y	N	N	280	51	50000.0	14000000.0	0.0	0.0	0.0	14000000.0																	
0001144204-16-131843	Tier2	Audited	N	N	N	Y	Y	N	5500000	0		0.0	0.0	0.0	0.0	0.0	SI Securities, LLC	1500000.0					Artesian CPA, LLC	16000.0	KHLK LLP	40000.0					170937		
0001688361-16-000001	Tier2	Audited	N	N	N	N	Y	N	2500000	3625000	8.0	8.0	0.0	0.0	0.0	8.0							Davidson & Company LLP	5000.0	Venture Law Corporation	40000.0							Issuer has not engaged an underwriter to assist with selling its securities at this time, but may chose to do so at a later date. Management will not be compensated for their role in selling securities.
0001681524-16-000005	Tier1	Unaudited	N	N	N	Y	N	N	10000000	0	0.3	0.3	0.0	0.0	0.0	0.3	Cost of Offering (Professional Fees)	75000.0							Legal Opinion of Counsel	2500.0			New York	1200.0		2921300.0	
0001681343-16-000008	Tier1	Unaudited	Y	N	N	Y	N	N	20000000	0	0.5	0.5	0.0	0.0	0.0	0.5									Cost of Regulation A Offering	75000.0			New York	1350.0		9923650.0	
0001654954-16-003352	Tier2	Audited	Y	N	N	Y	Y	N	3000000	200000	10.0	30000000.0	0.0	0.0	0.0	30000000.0			Orchard Securities, LLC	1800000.0			Cherry Bekaert LLP	200000.0	KVCF	150000.0			KVCF	75000.0	155576	26475000.0	N/A
0001688406-16-000005	Tier2	Audited	Y	N	Y	Y	Y	N	50000000	50000000	1.0	50000000.0	0.0	0.0	0.0	50000000.0			Indie Crowd Funder, LLC.	0.0							Indie Crowd Funder, LLC.	1000000.0				49000000.0	
0001022183-16-000006	Tier1	Unaudited	Y	N	N	Y	N	N	24000000	57105263	0.3	6000000.0	1200000.0	0.0	0.0	7200000.0																	
0001687306-16-000002	Tier1	Unaudited	Y	N	Y	N	N	N	10000000	75000000	2.0	20000000.0	0.0	0.0	0.0	20000000.0																	
0001686327-16-000006	Tier1	Unaudited	Y	N	N	Y	N	N	10000000	14750000	2.0	20000000.0	0.0	0.0	0.0	20000000.0																	
0001640334-16-001874	Tier2	Audited	N	N	N	Y	N	N	5000000	180000000	3.2800000000000002	16400000.0	0.0	0.0	0.0	16400000.0		0.0		0.0		0.0	Metz & Associates PLLC	33000.0	Booth Udall Fuller, PLC	15000.0		0.0		0.0		15700000.0	The estimated net proceeds also reflect anticipated charges by StartEngine.com Crowdfunding, Inc., the anticipated portal, and FundAmerica Securities, LLC, the anticipated FINRA administrative agent for the offering.
0001684245-16-000001	Tier1	Unaudited	N	N	N	Y	N	N	33000	0	100.0	100.0	0.0	0.0	0.0	100.0	Cost of Offering	75000.0											New York State	1300.0		3223700.0	
0001678727-16-000012	Tier1	Unaudited	Y	Y	N	N	N	N	408163	0	49.0	0.0	0.0	0.0	0.0	0.0																	
0001437749-16-040382	Tier1	Unaudited	Y	Y	Y	N	N	N	50000000	9382722	0.4	0.4	0.0	0.0	0.0	0.4																20000000.0	
0001688406-16-000001	Tier2	Audited	Y	N	Y	Y	Y	N	50000000	50000000	1.0	50000000.0	0.0	0.0	0.0	50000000.0			Indie Crowd Funder, LLC.	0.0							Indie Crowd Funder, LLC.	1000000.0				49000000.0	
0001687530-16-000001	Tier1	Unaudited	Y	N	N	Y	N	N	2000000	20000000	1.0	2000000.0	0.0	0.0	0.0	2000000.0																	
0001193125-16-747594	Tier1	Unaudited	N	N	N	Y	N	N	840	10	5000.0	4200000.0	0.0	0.0	0.0	4200000.0									Davis Wright Tremaine LLP	100000.0						4000000.0	Roughly $100,000 of the gross proceeds will be used to cover the estimated legal fees of Davis Wright Tremaine LLP in connection with the acquisition of the assets of the Roanoke Inn, in addition to their legal fees in connection with the offering.
0001587999-16-000014	Tier1	Unaudited	N	N	N	N	N	N	450000	450000	100.0	6000000.0	0.0	0.0	0.0	6000000.0																	
0001681343-16-000007	Tier1	Unaudited	N	N	N	Y	N	N	20000000	0	0.5	0.5	0.0	0.0	0.0	0.5									Cost of Regulation A Offering	75000.0			New York	1350.0		9923650.0	
0001684242-16-000003	Tier1	Unaudited	N	N	N	Y	N	N	12000	0	100.0	100.0	0.0	0.0	0.0	100.0									Cost of Offering	75000.0			New York	1300.0		1123700.0	
0001644516-16-000013	Tier1	Unaudited	N	N	N	N	N	N	450000	450000	100.0	6000000.0	0.0	0.0	0.0	6000000.0																	
0001477932-16-013112	Tier2	Audited	Y	N	N	Y	N	N	50000	0	1000.0	50000000.0	0.0	0.0	0.0	50000000.0		0.0		0.0		0.0	Artesian CPA	2500.0	Trowbridge Sidoti	50000.0		0.0		0.0		50000000.0	
0001567619-16-003100	Tier2	Audited	N	N	Y	N	Y	N	1	5700000		0.0	0.0	0.0	0.0	0.0	FBR Capital Markets & Co.	0.0					BDO USA, LLP	0.0	DUANE MORRIS LLP	0.0					25027		
0001654954-16-003046	Tier2	Audited	Y	N	N	Y	Y	N	3000000	200000	10.0	30000000.0	0.0	0.0	0.0	30000000.0			Orchard Securities, LLC	1800000.0			Cherry Bekaert LLP	200000.0	KVCF	150000.0			KVCF	75000.0	155576	26475000.0	N/A
0001193125-16-743889	Tier2	Audited	Y	Y	N	Y	N	N	3000000	0	10.0	10.0	0.0	0.0	0.0	10.0	Moloney Securities Co., Inc. and The Benchmark Company, LLC	300000.0	Moloney Securities Co., Inc. and The Benchmark Company, LLC	1800000.0			Erickson, Krentel & LaPorte, LLP	50000.0	Crowell & Moring LLP	150000.0					38535	28200000.0	Offering is for a minimum of $3,000,000 and a maximum of $30,000,000.  Information for the sales commission and net proceeds of the offering set forth above assumes the maximum $30,000,000 is raised in the offering.
0001640170-16-000005	Tier1	Unaudited	N	N	N	N	N	N	450000	450000	100.0	6000000.0	0.0	0.0	0.0	6000000.0		0.0		0.0		0.0		0.0		0.0		0.0		0.0	0	0.0	
0001529026-16-000003	Tier1	Unaudited	N	N	N	Y	N	N	280		50000.0	14000000.0	0.0	0.0	0.0	14000000.0																	
0001144204-16-128633	Tier2	Audited	N	N	N	N	Y	N	3500000	12269674		0.0	0.0	0.0	0.0	0.0	B. Riley & Co., LLC	1225000.0					BDO USA, LLC	174000.0	Morgan, Lewis & Bockius LLP	200000.0					40355		
0001144204-16-128583	Tier1	Audited	Y	N	N	Y	N	N	1140990	0	10.0	1140990.0	0.0	14009060.0	1337650.0	16487700.0									Smith Anderson, et al., Robbins Ross, et al.	4500.0							"""Number of securities offered"" is the aggregate principal amount of LROs being offered under this post-qualification amendment (PQA). ""The estimated portion of aggregate sales ..."" includes the seven series of LROs covered by PQA No. 33."
0001477932-16-012993	Tier2	Audited	Y	N	Y	Y	N	N	6250000	26213800	8.0	50000000.0	0.0	0.0	0.0	50000000.0	W.R. Hambrecht & Co., LLC	3000000.0		0.0		0.0	Pritchett, Siler and Hardy, P.C.	13400.0	Williams Securities Law Firm, P.A.	12020.0		0.0	Williams Securities Law Firm, P.A.	0.0		0.0	Legal Fees: The principal of the firm purchased 200,000 founder's shares at par value $.0001. Except for an initial retainer of $12,000, no other legal fees paid.
0001687263-16-000003	Tier1	Unaudited	Y	N	N	Y	N	N	10000000	75000000	2.0	20000000.0	0.0	0.0	0.0	20000000.0																	
0001144204-16-128152	Tier1	Audited	Y	N	N	Y	N	N	499800	0	10.0	499800.0	0.0	13601140.0	2268020.0	16368960.0									Smith Anderson, et al., Robbins Ross, et al.	4500.0							"""Number of securities offered"" is the aggregate principal amount of LROs being offered under this post-qualification amendment (PQA). ""The estimated portion of aggregate sales ..."" includes the 11 series of LROs covered by PQA Nos. 30 and 32."
0001144204-16-128114	Tier1	Unaudited	N	N	N	Y	N	N	64000000	11000000	0.25	16000000.0	0.0	0.0	0.0	16000000.0																16000000.0	
0001445866-16-002740	Tier2	Audited	Y	Y	Y	Y	Y	N	5000000		10.0	50000000.0	0.0	0.0	0.0	50000000.0			Cambria Capital, LLC	4500000.0			Vatsal Thakkar, CPA	5000.0	Carman Lehnhof Israelsen	50000.0						45445000.0	
0001673239-16-000031	Tier1	Unaudited	Y	N	N	Y	N	N	5000000	500000	0.1	500000.0	0.0	0.0	0.0	500000.0																	
0001445866-16-002733	Tier2	Audited	Y	N	Y	Y	Y	N	5000000	0	10.0	50000000.0	0.0	0.0	0.0	50000000.0	Cambria Capital, LLC	4250000.0	Foliofn Investments, Inc.	250000.0			Vatsal Thakkar, CPA	5000.0	Carman Lehnhof Israelsen	50000.0						45445000.0	
0001144204-16-127547	Tier1	Audited	Y	N	N	Y	N	N	499800	0	10.0	499800.0	0.0	13601140.0	2268020.0	16368960.0									Smith Anderson	2000.0							"""Number of securities offered"" is the aggregate principal amount of LROs being offered under this post-qualification amendment (PQA). ""The estimated portion of aggregate sales ..."" includes the 11 series of LROs covered by PQA Nos. 30 and 32."
0001642079-16-000013	Tier1	Unaudited	N	N	N	N	Y	N	9800000	0	2.0	0.0	0.0	0.0	0.0	0.0																	
0001677159-16-000008	Tier1	Unaudited	Y	N	N	Y	N	N	2500000	15000000	2.0	5000000.0	0.0	0.0	0.0	5000000.0																	
0001659173-16-000524	Tier2	Audited	N	N	Y	Y	N	N	40000000	0	10000.0	40000000.0	0.0	0.0	0.0	40000000.0			JumpStart Securities	15000.0			Hall & Company Certified Public Accountants & Consultants	2500.0	Bryan R. Clark, PC	5000.0			JumpStart Securities	5000.0	156214	40000000.0	
0001079974-16-001602	Tier2	Audited	Y	N	N	Y	Y	N	25000000	45000000	0.1	0.01	0.1	0.0	1937500.0	1937500.1099999999							Anton Chia LLP	5000.0	EAD Law Group	5000.0						1917500.0	The above table does not include fees to be paid to for administrative and escrow agent services, FINRA filing fee, fees for EDGAR document conversion and filing, and website posting fees.
0001010549-16-000727	Tier1	Unaudited	N	N	N	N	N	N	10000000	11536200	2.0	2.0	0.0	0.0	0.0	2.0									Elton F. Norman, Esq	45000.0			Elton F. Norman, Esq.	5000.0		19850000.0	
0001654954-16-002674	Tier2	Audited	N	N	N	Y	Y	N	3750000	0	3.0	3.0	0.0	0.0	0.0	3.0	N/A	0.0	N/A	0.0	N/A	0.0	Tanner LLC	36000.0	Kaplan Voekler Cunningham and Frank, PLC	135000.0	N/A	0.0	Kaplan Voekler Cunningham and Frank, PLC	20500.0	000000000	10820000.0	Estimated net proceeds to the issuer if the Maximum Offering Amount is raised
0001681343-16-000005	Tier1	Unaudited	N	N	N	Y	N	N	20000000	0	0.5	0.5	0.0	0.0	0.0	0.5									Cost of Regulation A Offering	75000.0			New York	1350.0		9923650.0	
0001671132-16-000008	Tier2	Audited	Y	N	N	Y	N	N	20000000	52103058	2.0	20000000.0	0.0	0.0	0.0	20000000.0	None	0.0	None	0.0	None	0.0	Turner, Stone & Company	15000.0	Securus law	10000.0	Employees	745000.0	Securus law	5000.0		19225000.0	Including time spent by employees of the Company on the offering, for which no sales commissions will be paid but other compensation may be paid. The Company has not yet entered into a selling agreement with any broker-dealer firms.
0001681343-16-000003	Tier1	Unaudited	N	N	N	Y	N	N	20000000	0	0.5	0.5	0.0	0.0	0.0	0.5									Cost of Regulation A Offering	75000.0			New York	1350.0		9923650.0	
0001681524-16-000003	Tier1	Unaudited	N	N	N	Y	N	N	10000000	0	0.3	0.3	0.0	0.0	0.0	0.3	Cost of Offering (Professional Fees)	75000.0							Legal Opinion of Counsel	2500.0			New York	1200.0		2921300.0	
0001010549-16-000721	Tier1	Unaudited	N	N	N	N	N	N	10000000	11536200	2.0	2.0	0.0	0.0	0.0	2.0									Elton F. Norman, Esq.	45000.0			Elton F. Norman, Esq.	5000.0		19850000.0	
0001686327-16-000004	Tier1	Unaudited	Y	N	N	Y	N	N	10000000	14750000	2.0	20000000.0	0.0	0.0	0.0	20000000.0																	
0001686327-16-000001	Tier1	Unaudited	Y	N	N	Y	N	N	10000000	14750000	2.0	20000000.0	0.0	0.0	0.0	20000000.0																	
0001022183-16-000003	Tier1	Unaudited	Y	N	N	Y	N	N	30000000	57105263	0.3	6000000.0	3000000.0	0.0	0.0	9000000.0																	
