ACCESSION_NUMBER	SINFO_ID	COMMISSIONFILENUMBER	OFFERINGQUALIFICATIONDATE	OFFERINGCOMMENCEDATE	QUALIFIEDSECURITIESSOLD	OFFERINGSECURITIESSOLD	PORTIONSECURITIESSOLDISSUER	PORTIONSOLDSECURITYHOLDERS	PRICEPERSECURITY	AGGREGRATEOFFERINGPRICE	AGGREGRATEOFFERINGPRICEHOLDERS	UNDERWRITERFEES	SALESCOMMISSIONSFEE	FINDERSFEES	AUDITORFEES	LEGALFEES	PROMOTERSFEES	BLUESKYFEES	CRDNUMBERBROKERDEALER	ISSUERNETPROCEEDS	CLARIFICATIONRESPONSES
0001673430-16-000014	1	024-10584	08-AUG-2016	18-AUG-2016	50000	50000	1000000.0	0.0	20.0			0.0	0.0	0.0	0.0	0.0	0.0	0.0	0	1000000.0	
0001621388-16-000011	1	024-10544	20-MAY-2016	20-MAY-2016	1000000	0	0.0	0.0	0.01							450.0				0.0	
0001174947-16-003530	1	024-10542	22-JUL-2016	22-JUL-2016	250000	250000	5000000.0	0.0	20.0			0.0	209197.0	0.0	31019.0	162347.71	0.0	54115.91	41554	4543320.38	
0001621388-16-000008	1	024-10427	20-MAY-2016	20-MAY-2016	1000000	0	0.0	0.0	0.01							450.0				0.0	
0001193125-16-770046	1	024-10554	02-AUG-2016	03-AUG-2016	527644	423246	9628846.5	0.0	22.75						16000.0	200000.0					
0001654954-16-003167	1	024-10476	14-MAR-2016	14-MAR-2016	2150000	0			14.0	0.0	0.0	1505000.0	0.0	0.0	65000.0	225000.0	0.0	75000.0		28230000.0	
0000906318-16-000129	1	024-10581	09-SEP-2016	12-SEP-2016	123319	123319	4069527.0	0.0	33.0						7500.0	150000.0				0.0	The securities were issued to shareholders of Rock Branch Community Bank, Inc. by the issuer in connection with the merger of Rock Branch Community Bank, Inc. with and into a wholly owned subsidiary of the issuer.
