ACCESSION_NUMBER	ED_ID	TYPE	NAME	OUTSTANDING	CUSIP	PUBLICYTRADED
0001079974-16-001814	1	Debt Securities	NA	0	000000000	NA
0001079974-16-001814	1	Preferred	NA	0	000000000	NA
0001079974-16-001814	1	Common	Common	45000000	000000000	NA
0001144204-16-141777	1	Preferred	Series A Preferred Stock	11865046	000000N/A	N/A
0001144204-16-141777	4	Common	Class M Common Stock	0	000000N/A	N/A
0001144204-16-141777	3	Common	Class F Common Stock	10000000	000000N/A	N/A
0001144204-16-141777	1	Common	Class A Common Stock	2633275	000000N/A	N/A
0001144204-16-141777	2	Common	Class B Common Stock	0	000000N/A	N/A
0001144204-16-141777	1	Debt Securities	N/A	0	000000N/A	N/A
0001681524-16-000010	1	Preferred		0		
0001681524-16-000010	1	Common	Common Stock	20000000	None	Common Stock
0001681524-16-000010	1	Debt Securities		0		
0001652577-16-000033	1	Debt Securities		0		
0001652577-16-000033	1	Common	Class A	23259893	88557R102	none
0001652577-16-000033	1	Preferred		0		
0001652577-16-000033	2	Common	Class B	26000000	88557R201	none
0001477932-16-014321	1	Common	Common Equity	41260000	None	None
0001477932-16-014321	1	Debt Securities		0	None	None
0001477932-16-014321	1	Preferred		0	None	None
0001477932-16-014304	1	Preferred	Preferred Equity	0	None	None
0001477932-16-014304	1	Debt Securities	Debt Securities	0	None	None
0001477932-16-014304	1	Common	Common Equity	20000000	None	None
0001144204-16-141219	1	Debt Securities	Convertible Note	0	000000N/A	N/A
0001144204-16-141219	1	Common	Common Stock	5658670	000000N/A	N/A
0001144204-16-141219	1	Preferred	Series Seed Preferred Stock	2897691	000000N/A	N/A
0001144204-16-141190	1	Debt Securities	N/A	0	000000000	N/A
0001144204-16-141190	2	Preferred	Series A-1	4385141	000000000	N/A
0001144204-16-141190	1	Common	Common	3204024	000000000	N/A
0001144204-16-141190	1	Preferred	Series A	884550	000000000	N/A
0001615774-16-009053	1	Debt Securities	Debt Securities	0	000000000	
0001615774-16-009053	1	Preferred	Series A Preferred Stock	0	000000000	
0001615774-16-009053	1	Common	Common Equity	25000000	000000000	none
0001193125-16-802423	1	Debt Securities	N/A	0	000000000	N/A
0001193125-16-802423	1	Common	N/A	1000	000000000	N/A
0001193125-16-802423	1	Preferred	N/A	0	000000000	N/A
0001658959-16-000018	1	Preferred	Preferred Equity	426000	0	NONE
0001658959-16-000018	1	Debt Securities	None	0	0	None
0001658959-16-000018	1	Common	Common Stock	63449648	0	NONE
0001689536-16-000003	1	Common	Common	8800000	N/A	N/A
0001689536-16-000003	1	Preferred	N/A	0	N/A	N/A
0001689536-16-000003	1	Debt Securities	N/A	0	N/A	N/A
0001144204-16-140938	1	Debt Securities	N/A	0	000000N/A	N/A
0001144204-16-140938	1	Preferred	N/A	0	000000N/A	N/A
0001144204-16-140938	1	Common	Common Stock	137419968	000000N/A	N/A
0001104659-16-163451	1	Debt Securities		0		
0001104659-16-163451	1	Common	Common shares	250	N/A	N/A
0001104659-16-163451	1	Preferred		0		
0001659173-16-000668	1	Preferred	NA	0	000000000	NA
0001659173-16-000668	1	Debt Securities	NA	0	000000000	NA
0001659173-16-000668	1	Common	Common Equity	75000	000000000	NA
0001437749-16-043675	1	Preferred	Preferred Equity	4900000	N/A	N/A
0001437749-16-043675	1	Common	Common Equity	9382219	842205109	OTC-PINK
0001437749-16-043675	1	Debt Securities		0		
0001437749-16-043659	1	Preferred	Preferred Equity	4900000	N/A	N/A
0001437749-16-043659	1	Common	Common Equity	9382219	842205109	OTC-PINK
0001437749-16-043659	1	Debt Securities		0		
0001144204-16-140697	1	Common	Common Stock	10179000	000000N/A	N/A
0001144204-16-140697	1	Preferred	Series A Preferred Stock	8936015	000000N/A	N/A
0001144204-16-140697	2	Preferred	Series B Preferred Stock	4653583	000000N/A	N/A
0001144204-16-140697	1	Debt Securities	N/A	0	000000N/A	N/A
0001193125-16-800412	1	Common	Founders' Stock	39155000	000000000	N/A
0001193125-16-800412	2	Common	Class A Common Stock	15772000	000000000	N/A
0001193125-16-800412	1	Debt Securities	Convertible Promissory Notes	6817986	000000000	N/A
0001193125-16-800412	1	Preferred	Preferred Stock	0	000000000	N/A
0001193125-16-800412	3	Common	Class B Common Stock	3615350	000000000	N/A
0001640170-16-000014	1	Debt Securities	0	0	0	0
0001640170-16-000014	1	Preferred	0	0	0	0
0001640170-16-000014	1	Common	common voting	450000	0	0
0001640170-16-000013	1	Preferred	0	0	0	0
0001640170-16-000013	1	Debt Securities	0	0	0	0
0001640170-16-000013	1	Common	common voting	200000	0	0
0001144204-16-140373	1	Common	Common Stock	137419968	000000N/A	N/A
0001213900-16-019521	1	Preferred	Series A Preferred Stock	2138078	000000000	N/A
0001144204-16-140373	1	Debt Securities	N/A	0	000000N/A	N/A
0001213900-16-019521	1	Debt Securities	N/A	0	000000000	N/A
0001213900-16-019521	1	Common	Common Stock	5208956	000000000	N/A
0001144204-16-140373	1	Preferred	N/A	0	000000N/A	N/A
0001415889-16-007597	1	Preferred	n/a	0	n/a	n/a
0001415889-16-007597	1	Common	Common stock	4454545	n/a	n/a
0001415889-16-007597	1	Debt Securities	Convertible notes	1582000	n/a	n/a
0001579586-16-000026	1	Preferred	0	0	0	0
0001579586-16-000026	1	Debt Securities	0	0	0	0
0001579586-16-000026	1	Common	common voting	450000	0	0
0001579586-16-000025	1	Common	common voting	200000	0	0
0001579586-16-000025	1	Debt Securities	0	0	0	0
0001579586-16-000025	1	Preferred	0	0	0	0
0001144204-16-140081	1	Preferred	N/A	0	000000N/A	N/A
0001144204-16-140081	1	Common	N/A	0	000000N/A	N/A
0001144204-16-140081	1	Debt Securities	N/A	0	000000N/A	N/A
0001213900-16-019487	1	Common	-	1000000	000000000	-
0001213900-16-019487	1	Preferred	-	0	000000000	-
0001213900-16-019487	1	Debt Securities	-	0	000000000	-
0001654954-16-004922	1	Debt Securities	Convertible notes	1582000	000000000	n/a
0001654954-16-004922	1	Preferred		0		
0001654954-16-004922	1	Common	Common Stock	4454545	000000000	n/a
0001640170-16-000010	1	Preferred	0	0	0	0
0001640170-16-000010	1	Common	common voting	200000	0	0
0001640170-16-000010	1	Debt Securities	0	0	0	0
0001640170-16-000009	1	Common	common	450000	0	n/a
0001640170-16-000009	1	Debt Securities		0		
0001640170-16-000009	1	Preferred		0		
0001144204-16-139684	1	Debt Securities	N/A - excludes LROs	0	000000N/A	N/A
0001144204-16-139684	1	Preferred	Series Seed	568796	000000N/A	N/A
0001144204-16-139684	1	Common	Common Stock	1123750	000000N/A	N/A
0001144204-16-139684	2	Preferred	Series A Preferred Stock	747373	000000N/A	N/A
0001640170-16-000008	1	Debt Securities	0	0	0	0
0001640170-16-000008	1	Preferred	0	0	0	0
0001640170-16-000008	1	Common	common voting	450000	0	0
0001587999-16-000019	1	Debt Securities		0		
0001587999-16-000019	1	Common	common	450000	0	n/a
0001587999-16-000019	1	Preferred		0		
0001615774-16-008925	1	Debt Securities	Debt Securities	0	000000000	
0001615774-16-008925	1	Preferred	Series A Preferred Stock	0	000000000	
0001615774-16-008925	1	Common	Common Equity	25000000	000000000	none
0001690824-16-000002	1	Common	common Stock	50500000	000000000	none
0001690824-16-000002	1	Debt Securities	none	0	000000000	none
0001690824-16-000002	1	Preferred	Preferred Stock	0	000000000	none
0001193125-16-791732	1	Common	n/a	3441667	000000000	n/a
0001193125-16-791732	1	Debt Securities	n/a	0	000000000	n/a
0001193125-16-791732	1	Preferred	Series A Preferred Stock	0	000000000	n/a
0001680579-16-000009	1	Common	common stock	3000000	0000	N/A
0001680579-16-000009	1	Preferred		0		
0001680579-16-000009	1	Debt Securities		0		
0001437749-16-043199	1	Debt Securities		0		
0001437749-16-043199	1	Preferred	Preferred Equity	4900000	N/A	N/A
0001437749-16-043199	1	Common	Common Equity	9382219	842205109	OTC-PINK
0001681524-16-000009	1	Preferred		0		
0001681524-16-000009	1	Common	Common Stock	20000000	None	Common Stock
0001681524-16-000009	1	Debt Securities		0		
0001688437-16-000018	1	Preferred		0		
0001688437-16-000018	1	Debt Securities		0		
0001688437-16-000018	1	Common	Common Shares	30000000	N/A	N/A
0001144204-16-138702	1	Common	N/A	0	000000N/A	N/A
0001144204-16-138702	1	Debt Securities	N/A	0	000000N/A	N/A
0001144204-16-138702	1	Preferred	N/A	0	000000N/A	N/A
0001688437-16-000012	1	Preferred		0		
0001688437-16-000012	1	Common	Common Shares	30000000	N/A	N/A
0001688437-16-000012	1	Debt Securities		0		
0001575872-16-000481	1	Common	Common Stock	20250000	09605Q102	None
0001575872-16-000481	1	Debt Securities	None	0	000000000	None
0001575872-16-000481	1	Preferred	None	0	000000000	None
0001144204-16-138424	1	Preferred	Series A Preferred Stock	8936015	000000N/A	N/A
0001144204-16-138424	2	Preferred	Series B Preferred Stock	4653583	000000N/A	N/A
0001144204-16-138424	1	Common	Common Stock	10179000	000000N/A	N/A
0001144204-16-138424	1	Debt Securities	N/A	0	000000N/A	N/A
0001213900-16-019233	1	Common	Common Stock	19494750	000000000	None
0001213900-16-019233	1	Debt Securities	None	0	000000000	N/A
0001213900-16-019233	1	Preferred	Series A	1	000000000	None
0001567619-16-003328	1	Common	COMMON STOCK	1000000	292694106	N/A
0001567619-16-003328	1	Debt Securities	None	0	N/A	N/A
0001567619-16-003328	1	Preferred	None	0	N/A	N/A
0001587999-16-000017	1	Common	common voting	200000	0	0
0001587999-16-000017	1	Preferred	0	0	0	0
0001587999-16-000017	1	Debt Securities	0	0	0	0
0001587999-16-000016	1	Preferred		0		
0001587999-16-000016	1	Debt Securities		0		
0001587999-16-000016	1	Common	common	450000	0	n/a
0001587999-16-000015	1	Debt Securities		0		
0001587999-16-000015	1	Preferred		0		
0001587999-16-000015	1	Common	common	450000	0	n/a
0001640170-16-000007	1	Common	common voting	450000	0	0
0001640170-16-000007	1	Preferred	0	0	0	0
0001640170-16-000007	1	Debt Securities	0	0	0	0
0001144204-16-137846	1	Debt Securities	N/A - excludes LROs	0	000000N/A	N/A
0001144204-16-137846	2	Preferred	Series A Preferred Stock	747373	000000N/A	N/A
0001144204-16-137846	1	Preferred	Series Seed	568796	000000N/A	N/A
0001144204-16-137846	1	Common	Common Stock	1123750	000000N/A	N/A
0001592766-16-000010	1	Preferred	Preferred Stock	0	None	None
0001592766-16-000010	1	Common	Common Stock	1000000	None	Common Stock
0001592766-16-000010	1	Debt Securities	None	0	None	None
0001567619-16-003299	1	Common	COMMON STOCK	1000000	292694106	N/A
0001567619-16-003299	1	Debt Securities	None	0	N/A	N/A
0001567619-16-003299	1	Preferred	None	0	N/A	N/A
0001686327-16-000008	1	Common	Common Class A & B	40000000	N/A	N/A
0001686327-16-000008	1	Preferred	None	0		
0001642079-16-000031	1	Common	0	0	0	
0001686327-16-000008	1	Debt Securities	None	0		
0001642079-16-000030	1	Preferred	0	0		
0001642079-16-000031	1	Preferred	0	0		
0001642079-16-000030	1	Debt Securities	0	0		
0001642079-16-000031	1	Debt Securities	0	0		
0001415889-16-007514	1	Debt Securities	Convertible notes	1582000	n/a	n/a
0001415889-16-007514	1	Preferred	n/a	0	n/a	n/a
0001415889-16-007514	1	Common	Common stock	4454545	n/a	n/a
0001642079-16-000030	1	Common	0	0	0	
0001684242-16-000004	1	Preferred	Preferred Stock	0	None	Preferred Stock
0001684242-16-000004	1	Common	Common Stock	1000000	None	Common Stock
0001684242-16-000004	1	Debt Securities		0	None	
0001659173-16-000637	1	Preferred	NA	0	000000000	NA
0001659173-16-000637	1	Debt Securities	NA	0	000000000	NA
0001659173-16-000637	1	Common	Common Equity	75000	000000000	NA
0001214659-16-015073	1	Common	Common Shares	1000	00000NONE	NONE
0001214659-16-015073	1	Debt Securities	NONE	0	00000NONE	
0001214659-16-015073	1	Preferred	NONE	0	00000NONE	
0001567619-16-003292	1	Preferred	None	0	N/A	N/A
0001567619-16-003292	1	Common	COMMON STOCK	1000000	292694106	N/A
0001567619-16-003292	1	Debt Securities	None	0	N/A	N/A
0001615774-16-008635	1	Preferred	Series A Convertible Preferred	1360000	000000000	N/A
0001615774-16-008635	1	Common	Common Equity	116600000	000000000	N/A
0001615774-16-008635	1	Debt Securities	Debt Securities	0	000000000	N/A
0001579586-16-000024	1	Preferred	0	0	0	0
0001579586-16-000024	1	Debt Securities	0	0	0	0
0001579586-16-000024	1	Common	common voting	200000	0	0
0001680579-16-000008	1	Common	common stock	3000000	0000	N/A
0001680579-16-000008	1	Debt Securities		0		
0001680579-16-000008	1	Preferred		0		
0001690477-16-000002	1	Preferred	Preferred	0	None	None
0001690477-16-000002	1	Common	Common Stock	15000000	None	None
0001690477-16-000002	1	Debt Securities	None	0		
0001579586-16-000023	1	Preferred		0		
0001579586-16-000023	1	Common	common	450000	0	n/a
0001579586-16-000023	1	Debt Securities		0		
0001579586-16-000022	1	Preferred		0		
0001579586-16-000022	1	Debt Securities		0		
0001579586-16-000022	1	Common	common	450000	0	n/a
0001579586-16-000021	1	Common	common voting	450000	0	0
0001579586-16-000021	1	Preferred	0	0	0	0
0001579586-16-000021	1	Debt Securities	0	0	0	0
0001104659-16-159384	1	Preferred		0		
0001104659-16-159384	1	Debt Securities		0		
0001144204-16-136763	1	Common	Common Stock	137419968	000000N/A	N/A
0001144204-16-136763	1	Preferred	N/A	0	000000N/A	N/A
0001104659-16-159384	1	Common	common shares	250	N/A	N/A
0001144204-16-136763	1	Debt Securities	N/A	0	000000N/A	N/A
0001144204-16-136762	1	Preferred	Series Seed	568796	000000N/A	N/A
0001144204-16-136762	2	Preferred	Series A Preferred Stock	747373	000000N/A	N/A
0001144204-16-136762	1	Debt Securities	N/A - excludes LROs	0	000000N/A	N/A
0001144204-16-136762	1	Common	Common Stock	1123750	000000N/A	N/A
0001680579-16-000006	1	Debt Securities		0		
0001680579-16-000006	1	Preferred		0		
0001680579-16-000006	1	Common	common stock	3000000	0000	N/A
0001144204-16-136479	2	Preferred	Series A Preferred Stock	747373	000000N/A	N/A
0001144204-16-136479	1	Preferred	Series Seed	568796	000000N/A	N/A
0001144204-16-136479	1	Common	Common Stock	1123750	000000N/A	N/A
0001144204-16-136479	1	Debt Securities	N/A - excludes LROs	0	000000N/A	N/A
0001592766-16-000008	1	Preferred	Preferred Stock	0	None	
0001144204-16-136462	1	Common	Common	3204024	000000000	N/A
0001144204-16-136462	1	Preferred	Series A	884550	000000000	N/A
0001144204-16-136462	2	Preferred	Series A-1	4385141	000000000	N/A
0001677092-16-000008	1	Debt Securities	n/a	0		
0001688406-16-000011	1	Debt Securities		0		
0001592766-16-000008	1	Debt Securities		0	None	
0001144204-16-136462	1	Debt Securities	N/A	0	000000000	N/A
0001592766-16-000008	1	Common	Common Stock	1000000	0	Common Stock
0001688406-16-000011	1	Preferred		0		
0001688406-16-000011	1	Common	Common Shares	50000000	N/A	N/A
0001677092-16-000008	1	Common	Common	15000000	n/a	n/a
0001677092-16-000008	1	Preferred	n/a	0		
0001688406-16-000009	1	Preferred		0		
0001688406-16-000009	1	Common	Common Shares	50000000	N/A	N/A
0001688406-16-000009	1	Debt Securities		0		
0001681524-16-000007	1	Preferred	Preferred Stock	0	None	
0001681524-16-000007	1	Debt Securities		0	None	
0001681524-16-000007	1	Common	Common Stock	1000000	None	Common Stock
0001144204-16-136268	1	Common	Common Stock	3	000000000	N/A
0001144204-16-136268	1	Debt Securities	N/A	0	000000000	N/A
0001144204-16-136268	1	Preferred	Preferred Stock	0	000000000	N/A
0001681524-16-000006	1	Preferred		0		
0001681524-16-000006	1	Common	Common Stock	20000000	None	Common Stock
0001681524-16-000006	1	Debt Securities		0		
0001477932-16-013794	1	Preferred		0		
0001477932-16-013794	1	Common	Common Equity	26213800	82452L104	None
0001477932-16-013794	1	Debt Securities		0		
0001376474-16-000913	1	Preferred	N/A	0		
0001376474-16-000913	1	Debt Securities		0		
0001376474-16-000913	1	Common	COMMON CLASS A AND B	30000000	N/A	N/A
0001687263-16-000009	1	Common	COMMON CLASS A & B	30000000	N/A	N/A
0001687263-16-000009	1	Debt Securities	NONE	0	N/A	N/A
0001687263-16-000009	1	Preferred	NONE	0	N/A	N/A
0001214659-16-014876	1	Preferred	None	0	000000000	None
0001214659-16-014876	1	Common	Class A Common Stock	41911110	000000000	None
0001214659-16-014876	1	Debt Securities	None	0	000000000	None
0001477932-16-013714	1	Preferred		0		
0001477932-16-013714	1	Common	Common Equity	26213800	82452L104	None
0001477932-16-013714	1	Debt Securities		0		
0001687263-16-000008	1	Preferred	NONE	0	N/A	N/A
0001687263-16-000008	1	Debt Securities	NONE	0	N/A	N/A
0001687263-16-000008	1	Common	COMMON CLASS A & B	30000000	N/A	N/A
0001687263-16-000005	1	Common	COMMON CLASS A & B	30000000	N/A	N/A
0001687263-16-000005	1	Debt Securities	NONE	0	N/A	N/A
0001687263-16-000005	1	Preferred	NONE	0	N/A	N/A
0001677159-16-000009	1	Preferred	n/a	0	na	na
0001677159-16-000009	1	Common	common	15000000	n/a	n/a
0001677159-16-000009	1	Debt Securities	na	0	na	na
0001549212-16-000061	1	Common	Class A	151560840	423703107	OTCPinksheets
0001549212-16-000061	1	Preferred		0		
0001549212-16-000061	2	Common	Class B	108000000	N/A	N/A
0001549212-16-000061	1	Debt Securities		0		
0001549212-16-000060	1	Debt Securities		0		
0001549212-16-000060	1	Preferred	Preferred Stock	60000	None	None
0001549212-16-000060	1	Common	Common Stock	2970436	785014200	SWHI
0001687530-16-000003	1	Common	Common	20000000	n/a	N/A
0001687530-16-000003	1	Preferred	N/A	0	0	0
0001687530-16-000003	1	Debt Securities	N/A	0	0	0
0001144204-16-135261	1	Common	Common Stock	1533702	000000N/A	N/A
0001144204-16-135261	1	Debt Securities	Convertible Notes	16608500	000000N/A	N/A
0001144204-16-135261	1	Preferred	Preferred Stock	3816038	000000N/A	N/A
0001437749-16-042310	1	Common	Unrestricted Stock	470617781	N/A	OTC-PINK
0001437749-16-042310	1	Debt Securities	Convertible Stock	0		
0001437749-16-042310	1	Preferred	Membership Interest	4900000	N/A	N/A
0001567619-16-003212	1	Debt Securities	None	0	N/A	N/A
0001567619-16-003212	1	Preferred	None	0	N/A	N/A
0001567619-16-003212	1	Common	COMMON STOCK	5700000	N/A	N/A
0001686327-16-000007	1	Preferred	None	0		
0001686327-16-000007	1	Debt Securities	None	0		
0001686327-16-000007	1	Common	Common Class A & B	40000000	N/A	N/A
0001642079-16-000023	1	Common	0	0	0	
0001642079-16-000023	1	Preferred	0	0		
0001642079-16-000023	1	Debt Securities	0	0		
0001687715-16-000001	1	Debt Securities		0	None	
0001687715-16-000001	1	Preferred	Preferred Stock	0	None	Preferred Stock
0001687715-16-000001	1	Common	Common Stock	5307175	None	Common Stock
0001689536-16-000001	1	Preferred	N/A	0	N/A	N/A
0001689536-16-000001	1	Common	Common	8800000	N/A	N/A
0001689536-16-000001	1	Debt Securities	N/A	0	N/A	N/A
0001658959-16-000017	1	Preferred	Preferred Equity	426000	0	NONE
0001658959-16-000017	1	Debt Securities	None	0	0	None
0001658959-16-000017	1	Common	Common Stock	63449648	0	NONE
0001214659-16-014687	1	Debt Securities	None	0	000000000	None
0001214659-16-014687	1	Preferred	None	0	000000000	None
0001214659-16-014687	1	Common	Class A Common Stock	41911110	000000000	None
0001640334-16-002008	1	Preferred		0		
0001640334-16-002008	2	Common	Class B Common Stock	2000	N/A	N/A
0001640334-16-002008	1	Common	Class A Common Stock	180000000	N/A	N/A
0001640334-16-002008	1	Debt Securities		0		
0001022183-16-000008	1	Common	200,000,000	57105263	12506E 10	OTC MARKET CBSC
0001022183-16-000008	1	Preferred	50,000,000	10000000	12506E 10	None
0001022183-16-000008	1	Debt Securities	0	0		
0001213900-16-018423	1	Debt Securities	None	0	000000000	
0001213900-16-018423	1	Common	Class A Common	11571500	000000000	None
0001213900-16-018423	1	Preferred	None	0	000000000	
0001615774-16-008242	1	Common	Common Equity	116600000	000000000	N/A
0001615774-16-008242	1	Debt Securities	Debt Securities	0	000000000	N/A
0001615774-16-008242	1	Preferred	Series A Convertible Preferred	1360000	000000000	N/A
0001688406-16-000008	1	Debt Securities		0		
0001415889-16-007382	1	Common	Common stock	4454545	n/a	n/a
0001688406-16-000008	1	Preferred		0		
0001415889-16-007382	1	Preferred	n/a	0	n/a	n/a
0001688406-16-000008	1	Common	Common Shares	50000000	N/A	N/A
0001415889-16-007382	1	Debt Securities	Convertible notes	1582000	n/a	n/a
0001689065-16-000003	1	Debt Securities		0		
0001689065-16-000003	1	Preferred		0		
0001689065-16-000003	1	Common	Common	31000000	None	None
0001144204-16-133218	1	Common	Common Stock	1123750	000000N/A	N/A
0001144204-16-133218	1	Debt Securities	N/A - excludes LROs	0	000000N/A	N/A
0001144204-16-133218	2	Preferred	Series A Preferred Stock	747373	000000N/A	N/A
0001144204-16-133218	1	Preferred	Series Seed	568796	000000N/A	N/A
0001144204-16-133048	1	Debt Securities	Convertible Notes	16608500	000000N/A	N/A
0001144204-16-133048	1	Preferred	Preferred Stock	3816038	000000N/A	N/A
0001144204-16-133048	1	Common	Common Stock	1533702	000000N/A	N/A
0001144204-16-133001	3	Common	Class C Common	6300	000000N/A	N/A
0001144204-16-133001	1	Preferred	N/A	0	000000N/A	N/A
0001144204-16-133001	1	Common	Class A Common	2361000	000000N/A	N/A
0001144204-16-133001	2	Common	Class B Common	999880	000000N/A	N/A
0001144204-16-133001	1	Debt Securities	N/A	0	000000N/A	N/A
0001144204-16-132981	1	Common	Common Stock	5658670	000000N/A	N/A
0001144204-16-132981	1	Debt Securities	Convertible Note	0	000000N/A	N/A
0001144204-16-132981	1	Preferred	Series Seed Preferred Stock	2897691	000000N/A	N/A
0001477932-16-013327	1	Common	Common Equity	26213800	82452L104	None
0001477932-16-013327	1	Debt Securities		0		
0001477932-16-013327	1	Preferred		0		
0001022183-16-000007	1	Common	200,000,000	57105263	12506E 10	OTC MARKET CBSC
0001022183-16-000007	1	Preferred	50,000,000	10000000	12506E 10	None
0001022183-16-000007	1	Debt Securities	0	0		
0001677092-16-000007	1	Preferred	n/a	0		
0001677092-16-000007	1	Debt Securities	n/a	0		
0001677092-16-000007	1	Common	Common	15000000	n/a	n/a
0001193125-16-762608	1	Debt Securities	n/a	0	000000000	n/a
0001193125-16-762608	1	Preferred	Series A Preferred Stock	0	000000000	n/a
0001193125-16-762608	1	Common	n/a	3441667	000000000	n/a
0001529026-16-000005	1	Preferred		0		
0001529026-16-000005	1	Common	Membership Interests	51	n/a	n/a
0001529026-16-000005	1	Debt Securities		0		
0001144204-16-131843	2	Preferred	Series B Preferred Stock	4653583	000000N/A	N/A
0001144204-16-131843	1	Debt Securities	N/A	0	000000N/A	N/A
0001144204-16-131843	1	Common	Common Stock	10179000	000000N/A	N/A
0001144204-16-131843	1	Preferred	Series A Preferred Stock	8936015	000000N/A	N/A
0001688361-16-000001	1	Debt Securities	Not Applicable	0	0	Not Applicable
0001688361-16-000001	1	Preferred	Preferred Shares	0	00000	Not Applicable
0001688361-16-000001	1	Common	Class A Common Shares	26445000	00000	Not Applicable
0001688361-16-000001	2	Common	Class B Common Shares	3625000	00000	Not Applicable
0001681524-16-000005	1	Preferred		0		
0001681524-16-000005	1	Common	Common Stock	20000000	None	Common Stock
0001681524-16-000005	1	Debt Securities		0		
0001681343-16-000008	1	Common	Common Stock	20000000	None	Common Stock
0001681343-16-000008	1	Debt Securities		0		
0001681343-16-000008	1	Preferred		0		
0001654954-16-003352	1	Debt Securities	N/A	0	000000000	N/A
0001654954-16-003352	1	Preferred	Series A	144500	000000000	N/A
0001654954-16-003352	1	Common	Common Stock	200000	000000000	N/A
0001688406-16-000005	1	Common	Common Shares	50000000	N/A	N/A
0001688406-16-000005	1	Debt Securities		0		
0001688406-16-000005	1	Preferred		0		
0001022183-16-000006	1	Common	200,000,000	57105263	12506E 10	OTC MARKET CBSC
0001022183-16-000006	1	Preferred	50,000,000	10000000	12506E 10	None
0001022183-16-000006	1	Debt Securities	0	0		
0001687306-16-000002	1	Preferred	N/A	0		
0001687306-16-000002	1	Debt Securities		0		
0001687306-16-000002	1	Common	COMMON CLASS A AND B	30000000	N/A	N/A
0001686327-16-000006	1	Debt Securities	None	0		
0001686327-16-000006	1	Preferred	None	0		
0001686327-16-000006	1	Common	Common Class A & B	40000000	N/A	N/A
0001640334-16-001874	1	Debt Securities		0		
0001640334-16-001874	1	Preferred		0		
0001640334-16-001874	2	Common	Class B Common Stock	2000	N/A	N/A
0001640334-16-001874	1	Common	Class A Common Stock	180000000	N/A	N/A
0001684245-16-000001	1	Debt Securities		0	None	
0001684245-16-000001	1	Preferred	Preferred Stock	0	None	Preferred Stock
0001684245-16-000001	1	Common	Common Stock	2121875	None	Common Stock
0001678727-16-000012	1	Preferred		0		
0001678727-16-000012	1	Debt Securities		0		
0001678727-16-000012	1	Common		0		
0001437749-16-040382	1	Debt Securities		0		
0001437749-16-040382	1	Common	Common Equity	9382219	842205109	OTC-PINK
0001437749-16-040382	1	Preferred	Preferred Equity	4900000	N/A	N/A
0001688406-16-000001	1	Preferred		0		
0001688406-16-000001	1	Common	Common Shares	50000000	0	N/A
0001688406-16-000001	1	Debt Securities	https://www.edgarfiling.sec.go	0		
0001687530-16-000001	1	Preferred	N/A	0	0	0
0001687530-16-000001	1	Debt Securities	N/A	0	0	0
0001687530-16-000001	1	Common	Common	20000000	n/a	N/A
0001193125-16-747594	1	Preferred	N/A	0	000000000	N/A
0001193125-16-747594	1	Common	Common Stock	10	000000000	N/A
0001193125-16-747594	1	Debt Securities	N/A	0	000000000	N/A
0001587999-16-000014	1	Common	common	450000	0	n/a
0001587999-16-000014	1	Debt Securities		0		
0001587999-16-000014	1	Preferred		0		
0001681343-16-000007	1	Common	Common Stock	20000000	None	Common Stock
0001681343-16-000007	1	Preferred		0		
0001681343-16-000007	1	Debt Securities		0		
0001684242-16-000003	1	Common	Common Stock	1000000	None	Common Stock
0001684242-16-000003	1	Debt Securities		0	None	
0001684242-16-000003	1	Preferred	Preferred Stock	0	None	Preferred Stock
0001644516-16-000013	1	Common	common	450000	0	n/a
0001644516-16-000013	1	Preferred		0		
0001644516-16-000013	1	Debt Securities		0		
0001477932-16-013112	1	Debt Securities		0		
0001477932-16-013112	1	Common	General Partner Interests	0	None	None
0001477932-16-013112	1	Preferred		0		
0001567619-16-003100	1	Debt Securities	None	0	N/A	N/A
0001567619-16-003100	1	Common	COMMON STOCK	5700000	N/A	N/A
0001567619-16-003100	1	Preferred	None	0	N/A	N/A
0001654954-16-003046	1	Preferred	Series A	144500	000000000	N/A
0001654954-16-003046	1	Common	Common Stock	200000	000000000	N/A
0001654954-16-003046	1	Debt Securities	N/A	0	000000000	N/A
0001193125-16-743889	1	Debt Securities	N/A	0	000000000	N/A
0001193125-16-743889	1	Common	N/A	5000000	000000000	N/A
0001193125-16-743889	1	Preferred	Series A Preferred Stock	0	000000000	N/A
0001640170-16-000005	1	Debt Securities	0	0	0	0
0001640170-16-000005	1	Preferred	0	0	0	0
0001640170-16-000005	1	Common	common voting	450000	0	0
0001529026-16-000003	1	Debt Securities		0		
0001529026-16-000003	1	Preferred		0		
0001529026-16-000003	1	Common		0		
0001144204-16-128633	1	Common	Common Stock	12269674	000000N/A	N/A
0001144204-16-128633	1	Preferred	Preferred Stock	30528485	000000N/A	N/A
0001144204-16-128633	1	Debt Securities	Convertible Notes	15608500	000000N/A	N/A
0001144204-16-128583	2	Preferred	Series A Preferred Stock	747373	000000N/A	N/A
0001144204-16-128583	1	Common	Common Stock	1123750	000000N/A	N/A
0001144204-16-128583	1	Preferred	Series Seed	568796	000000N/A	N/A
0001144204-16-128583	1	Debt Securities	N/A - excludes LROs	0	000000N/A	N/A
0001687263-16-000003	1	Debt Securities	NONE	0	N/A	N/A
0001477932-16-012993	1	Debt Securities		0		
0001477932-16-012993	1	Preferred		0		
0001687263-16-000003	1	Preferred	NONE	0	N/A	N/A
0001477932-16-012993	1	Common	Common Equity	26213800	None	None
0001687263-16-000003	1	Common	COMMON CLASS A & B	30000000	N/A	N/A
0001144204-16-128152	1	Preferred	Series Seed	568796	000000N/A	N/A
0001144204-16-128152	1	Common	Common Stock	1123750	000000N/A	N/A
0001144204-16-128152	1	Debt Securities	N/A - excludes LROs	0	000000N/A	N/A
0001144204-16-128152	2	Preferred	Series A Preferred Stock	747373	000000N/A	N/A
0001144204-16-128114	1	Common	Common Stock	11000000	000000000	N/A
0001144204-16-128114	1	Debt Securities	N/A	0	000000000	N/A
0001144204-16-128114	1	Preferred	N/A	0	000000000	N/A
0001445866-16-002740	1	Debt Securities		0		
0001445866-16-002740	1	Preferred		0		
0001445866-16-002740	1	Common		0		
0001673239-16-000031	1	Debt Securities		0		
0001673239-16-000031	1	Preferred	Preferred	200000	000000000	NONE
0001673239-16-000031	1	Common	Common	5000000	000000000	NONE
0001445866-16-002733	1	Debt Securities	0	0		
0001445866-16-002733	1	Common	0	0		
0001445866-16-002733	1	Preferred	0	0		
0001144204-16-127547	2	Preferred	Series A Preferred Stock	747373	000000N/A	N/A
0001144204-16-127547	1	Debt Securities	N/A - excludes LROs	0	000000N/A	N/A
0001144204-16-127547	1	Preferred	Series Seed	568796	000000N/A	N/A
0001144204-16-127547	1	Common	Common Stock	1123750	000000N/A	N/A
0001642079-16-000013	1	Preferred	0	0		
0001642079-16-000013	1	Debt Securities	0	0		
0001677159-16-000008	1	Common	Common	15000000	N/A	N/A
0001642079-16-000013	1	Common	0	0	0	
0001677159-16-000008	1	Debt Securities	N/A	0	N/A	N/A
0001677159-16-000008	1	Preferred	N/A	0	0	N/A
0001659173-16-000524	1	Preferred	NA	0	000000000	NA
0001659173-16-000524	1	Common	Common Equity	75000	000000000	NA
0001659173-16-000524	1	Debt Securities	NA	0	000000000	NA
0001079974-16-001602	1	Preferred	NA	0	000000000	NA
0001079974-16-001602	1	Debt Securities	NA	0	000000000	NA
0001079974-16-001602	1	Common	Common	45000000	000000000	NA
0001010549-16-000727	1	Common		0		
0001010549-16-000727	1	Preferred		0		
0001010549-16-000727	1	Debt Securities		0		
0001654954-16-002674	1	Preferred	Class B	0	000000000	N/A
0001654954-16-002674	1	Debt Securities	N/A	0	000000000	N/A
0001681343-16-000005	1	Common	Common Stock	20000000	None	Common Stock
0001681343-16-000005	1	Preferred		0		
0001654954-16-002674	1	Common	Class A	18008908	000000000	N/A
0001681343-16-000005	1	Debt Securities		0		
0001671132-16-000008	1	Common	Common	52103058	42470P107	OTC Markets
0001671132-16-000008	1	Preferred		0		
0001671132-16-000008	1	Debt Securities		0		
0001681343-16-000003	1	Preferred		0		
0001681343-16-000003	1	Debt Securities		0		
0001681343-16-000003	1	Common	Common Stock	20000000	None	Common Stock
0001681524-16-000003	1	Debt Securities		0		
0001681524-16-000003	1	Preferred		0		
0001681524-16-000003	1	Common	Common Stock	20000000	None	Common Stock
0001010549-16-000721	1	Preferred		0		
0001010549-16-000721	1	Common		0		
0001010549-16-000721	1	Debt Securities		0		
0001686327-16-000004	1	Preferred	None	0		
0001686327-16-000004	1	Debt Securities	None	0		
0001686327-16-000004	1	Common	Common Class A & B	40000000	N/A	N/A
0001686327-16-000001	1	Common	Common Class A & B	40000000	N/A	N/A
0001686327-16-000001	1	Debt Securities	None	0		
0001686327-16-000001	1	Preferred	None	0		
0001022183-16-000003	1	Preferred	100,000,000	10000000	12506E 10	None
0001022183-16-000003	1	Common	1,000,000,000	57105263	12506E 10	OTC MARKET CBSC
0001022183-16-000003	1	Debt Securities	0	0		
