ACCESSION_NUMBER	FORMINDICATION	ISSUERNAME	FISCALYEAREND	STREET1	STREET2	CITY	STATEORCOUNTRY	ZIPCODE	PHONENUMBER	REGARULE257
0001673430-16-000014		EPIC Medicor Corp		109 E 17th Street, Suite 4375		Cheyenne	WY	82001	307-663-9874	
0001621388-16-000011		SW Innovative Holdings, Inc.		6666 HARWIN DRIVE	SUITE 664	HOUSTON	TX	77036	713-268-1610	
0001174947-16-003530		First Colebrook Bancorp, Inc.		132 MAIN STREET		COLEBROOK	NH	03576	603-237-7016	
0001621388-16-000008		SW Innovative Holdings, Inc.		6666 HARWIN DRIVE	SUITE 664	HOUSTON	TX	77036	7132681610	
0001193125-16-770046		Blue Ridge Bankshares, Inc.		17 W. Main Street		Luray	VA	22835	540-743-6521	
0001213900-16-017790	Annual Report		30-JUN-2016	116 SOUTH FRANKLIN STREET		ROCKY MOUNT	NC	27804	252-984-3800	true
0001571049-16-019194	Annual Report		30-JUN-2016	1985 Isaac Newton West	Suite 103	Reston	VA	20190	571-325-2966	true
0001654954-16-003167	Annual Report		30-JUN-2016	1100 Boulders Parkway	Suite 605	RICHMOND	VA	23225	866-842-7545	false
0000906318-16-000129		First Sentry Bancshares, Inc.		823 Eighth Street		Huntington	WV	25701	304-522-6400	
