ACCESSION_NUMBER	NID	SINFO_ID	NAME_TYPE	NAME
0001621388-16-000011	1	1	legalSpName	Alta-Vista Capital Markets
0001174947-16-003530	1	1	findersSpName	None
0001174947-16-003530	1	1	auditorSpName	Baker, Newman & Noyes, LLC/Berry Dunn
0001174947-16-003530	1	1	legalSpName	Gallagher, Callahan & Gartrell, P.C.
0001174947-16-003530	1	1	promoterSpName	None
0001174947-16-003530	1	1	underwrittenSpName	None
0001174947-16-003530	1	1	salesCommissionsSpName	FIG Partners, LLC
0001174947-16-003530	1	1	blueSkySpName	Gallagher, Callahan & Gartrell, P.C.
0001621388-16-000008	1	1	legalSpName	Alta-Vista Capital Markets
0001193125-16-770046	1	1	legalSpName	LeClairRyan, A Professional Corporation
0001193125-16-770046	1	1	auditorSpName	Brown, Edwards & Company, L.L.P.
0001654954-16-003167	1	1	underwrittenSpName	W.R. Hembrecht & Co.
0001654954-16-003167	1	1	salesCommissionsSpName	N/A
0001654954-16-003167	1	1	findersSpName	N/A
0001654954-16-003167	1	1	auditorSpName	Keiter, Artesian CPA
0001654954-16-003167	1	1	legalSpName	Kaplan Voekler Cunningham
0001654954-16-003167	1	1	promoterSpName	N/A
0001654954-16-003167	1	1	blueSkySpName	KVCF
0000906318-16-000129	2	1	auditorSpName	Stewart and Campbell CPAs PLLC
0000906318-16-000129	1	1	auditorSpName	Hess
0000906318-16-000129	1	1	legalSpName	Dinsmore & Shohl LLP
