ACCESSION_NUMBER	SO_ID	SECURITIESOFFEREDTYPES	SECURITIESOFFEREDOTHERDESC
0001776230-19-000009	1	Equity (common or preferred stock)	
0001477932-19-003791	1	Equity (common or preferred stock)	
0001445866-19-000759	1	Equity (common or preferred stock)	
0001445866-19-000754	1	Equity (common or preferred stock)	
0001144204-19-032963	1	Other(describe)	Limited Recourse Obligation (LRO), a limited debt obligation of the issuer
0001477932-19-003769	1	Equity (common or preferred stock)	
0001144204-19-032526	1	Equity (common or preferred stock)	
0001477932-19-003725	1	Equity (common or preferred stock)	
0001477932-19-003705	1	Equity (common or preferred stock)	
0001776230-19-000008	1	Equity (common or preferred stock)	
0001683168-19-002007	1	Equity (common or preferred stock)	
0001683168-19-002006	1	Other(describe)	Series LLC Interests
0001654954-19-007621	1	Debt	
0001754259-19-000001	1	Equity (common or preferred stock)	
0001193125-19-180476	1	Debt	
0001144204-19-032124	1	Equity (common or preferred stock)	
0001703429-19-000025	1	Equity (common or preferred stock)	
0001477932-19-003677	1	Equity (common or preferred stock)	
0001767703-19-000001	1	Equity (common or preferred stock)	
0001776230-19-000007	1	Equity (common or preferred stock)	
0000806171-19-000044	1	Equity (common or preferred stock)	
0001213900-19-011297	1	Equity (common or preferred stock)	
0000806171-19-000042	1	Equity (common or preferred stock)	
0001264931-19-000132	1	Equity (common or preferred stock)	
0001761911-19-000007	1	Equity (common or preferred stock)	
0001213900-19-011158	1	Equity (common or preferred stock)	
0001721469-19-000010	1	Equity (common or preferred stock)	
0001144204-19-031655	1	Equity (common or preferred stock)	
0001214659-19-004275	1	Equity (common or preferred stock)	
0001683168-19-001946	1	Equity (common or preferred stock)	
0001628279-19-000230	1	Debt	
0001144204-19-031395	1	Other(describe)	Limited Recourse Obligation (LRO), a limited debt obligation of the issuer
0001646269-19-000002	1	Equity (common or preferred stock)	
0001214659-19-004260	1	Equity (common or preferred stock)	
0001117768-19-000375	1	Equity (common or preferred stock)	
0001766570-19-000007	1	Equity (common or preferred stock)	
0001144204-19-031176	1	Equity (common or preferred stock)	
0001766214-19-000018	1	Equity (common or preferred stock)	
0001144204-19-030743	1	Equity (common or preferred stock)	
0001766214-19-000015	1	Equity (common or preferred stock)	
0001731122-19-000329	1	Debt	
0001078782-19-000507	1	Equity (common or preferred stock)	
0001594062-19-000050	3	Security to be acquired upon exercise of option, warrant or other right to acquire security	
0001594062-19-000050	2	Option, warrant or other right to acquire another security	
0001594062-19-000050	1	Equity (common or preferred stock)	
0001445866-19-000705	1	Equity (common or preferred stock)	
0001213900-19-010491	1	Equity (common or preferred stock)	
0001703429-19-000019	1	Equity (common or preferred stock)	
0001477932-19-003454	1	Equity (common or preferred stock)	
0001022183-19-000008	1	Equity (common or preferred stock)	
0001213900-19-010356	1	Equity (common or preferred stock)	
0001659173-19-000101	1	Debt	
0001144204-19-030288	1	Equity (common or preferred stock)	
0001193125-19-167925	1	Debt	
0001262463-19-000192	1	Equity (common or preferred stock)	
0001144204-19-029926	1	Equity (common or preferred stock)	
0001117768-19-000339	1	Equity (common or preferred stock)	
0001731122-19-000308	1	Equity (common or preferred stock)	
0001144204-19-029628	1	Equity (common or preferred stock)	
0001144204-19-029570	1	Other(describe)	Limited Recourse Obligation (LRO), a limited debt obligation of the issuer
0001144204-19-029564	1	Equity (common or preferred stock)	
0001144204-19-029517	1	Equity (common or preferred stock)	
0001731122-19-000298	1	Equity (common or preferred stock)	
0001493152-19-008526	1	Equity (common or preferred stock)	
0001262463-19-000185	1	Equity (common or preferred stock)	
0001493152-19-008506	1	Equity (common or preferred stock)	
0001493152-19-008506	3	Security to be acquired upon exercise of option, warrant or other right to acquire security	
0001493152-19-008506	2	Option, warrant or other right to acquire another security	
0001078782-19-000488	1	Equity (common or preferred stock)	
0001477932-19-003334	1	Equity (common or preferred stock)	
0001683168-19-001763	1	Other(describe)	Series LLC Interests
0001144204-19-029248	1	Equity (common or preferred stock)	
0001350455-19-000004	1	Equity (common or preferred stock)	
0001766914-19-000001	1	Equity (common or preferred stock)	
0001776230-19-000005	1	Equity (common or preferred stock)	
0001213900-19-009819	1	Equity (common or preferred stock)	
0001144204-19-028869	1	Equity (common or preferred stock)	
0001144204-19-028866	1	Equity (common or preferred stock)	
0001477932-19-003257	1	Equity (common or preferred stock)	
0001654954-19-006714	1	Equity (common or preferred stock)	
0001761911-19-000005	1	Equity (common or preferred stock)	
0001683168-19-001747	1	Equity (common or preferred stock)	
0001117768-19-000305	1	Equity (common or preferred stock)	
0001213900-19-009545	1	Equity (common or preferred stock)	
0001477932-19-003131	1	Equity (common or preferred stock)	
0001477932-19-003121	1	Equity (common or preferred stock)	
0001757108-19-000002	1	Equity (common or preferred stock)	
0001486452-19-000009	1	Equity (common or preferred stock)	
0001659173-19-000093	1	Debt	
0001683168-19-001682	1	Equity (common or preferred stock)	
0001766570-19-000006	1	Equity (common or preferred stock)	
0001477932-19-003065	1	Equity (common or preferred stock)	
0001144204-19-027383	1	Equity (common or preferred stock)	
0001683168-19-001648	1	Equity (common or preferred stock)	
0001213900-19-009164	1	Equity (common or preferred stock)	
0001144204-19-027172	1	Other(describe)	Limited Recourse Obligation (LRO), a limited debt obligation of the issuer
0001743305-19-000007	1	Equity (common or preferred stock)	
0001767235-19-000002	1	Equity (common or preferred stock)	
0001144204-19-026865	1	Equity (common or preferred stock)	
0001144204-19-026862	1	Equity (common or preferred stock)	
0001144204-19-026851	1	Equity (common or preferred stock)	
0001262463-19-000152	1	Equity (common or preferred stock)	
0001104659-19-029828	1	Debt	
0001445866-19-000601	1	Equity (common or preferred stock)	
0001493152-19-007578	1	Equity (common or preferred stock)	
0001213900-19-008902	1	Equity (common or preferred stock)	
0001144204-19-026592	1	Equity (common or preferred stock)	
0001144204-19-026408	1	Equity (common or preferred stock)	
0001144204-19-026406	1	Equity (common or preferred stock)	
0001062993-19-002274	1	Equity (common or preferred stock)	
0001144204-19-026265	1	Equity (common or preferred stock)	
0001761911-19-000004	1	Equity (common or preferred stock)	
0001742808-19-000003	1	Equity (common or preferred stock)	
0001062993-19-002139	1	Equity (common or preferred stock)	
0001214659-19-003389	1	Debt	
0001144204-19-025401	1	Equity (common or preferred stock)	
0001144204-19-025397	1	Equity (common or preferred stock)	
0001144204-19-025359	1	Equity (common or preferred stock)	
0001144204-19-025356	1	Equity (common or preferred stock)	
0001117768-19-000244	1	Equity (common or preferred stock)	
0001144204-19-024920	1	Equity (common or preferred stock)	
0001654954-19-005530	1	Equity (common or preferred stock)	
0001144204-19-024416	1	Other(describe)	Limited Recourse Obligation (LRO), a limited debt obligation of the issuer
0001022183-19-000007	1	Equity (common or preferred stock)	
0000806171-19-000033	1	Equity (common or preferred stock)	
0001477932-19-002375	1	Debt	
0001683168-19-001384	1	Equity (common or preferred stock)	
0001144204-19-024016	1	Equity (common or preferred stock)	
0001775196-19-000003	1	Equity (common or preferred stock)	
0001104659-19-027213	1	Equity (common or preferred stock)	
0001144204-19-023727	1	Other(describe)	Limited Recourse Obligation (LRO), a limited debt obligation of the issuer
0001688804-19-000009	1	Other(describe)	LLC Interests
0001688804-19-000008	1	Other(describe)	LLC Interests
0001213900-19-007764	1	Equity (common or preferred stock)	
0001144204-19-023448	1	Equity (common or preferred stock)	
0001493152-19-006322	1	Equity (common or preferred stock)	
0001445866-19-000505	1	Equity (common or preferred stock)	
0001683168-19-001320	1	Equity (common or preferred stock)	
0001493152-19-006265	1	Equity (common or preferred stock)	
0000806171-19-000031	1	Equity (common or preferred stock)	
0001193125-19-130175	1	Equity (common or preferred stock)	
0001391609-19-000091	1	Equity (common or preferred stock)	
0001213900-19-007449	1	Equity (common or preferred stock)	
0001213900-19-007421	1	Equity (common or preferred stock)	
0001144204-19-022185	1	Other(describe)	Limited Recourse Obligation (LRO), a limited debt obligation of the issuer
0001703429-19-000011	1	Equity (common or preferred stock)	
0001144204-19-021670	1	Debt	
0001104659-19-024104	1	Equity (common or preferred stock)	
0000715812-19-000014	1	Equity (common or preferred stock)	
0001766570-19-000004	1	Equity (common or preferred stock)	
0001493152-19-005903	1	Equity (common or preferred stock)	
0001477932-19-001946	1	Equity (common or preferred stock)	
0001144204-19-020690	1	Other(describe)	Limited Recourse Obligation (LRO), a limited debt obligation of the issuer
0001486452-19-000005	1	Equity (common or preferred stock)	
0001683168-19-001145	1	Equity (common or preferred stock)	
0001765320-19-000004	1	Equity (common or preferred stock)	
0001615774-19-006042	1	Equity (common or preferred stock)	
0001615774-19-006041	1	Equity (common or preferred stock)	
0001615774-19-006040	1	Equity (common or preferred stock)	
0001615774-19-006039	1	Equity (common or preferred stock)	
0001615774-19-006038	1	Equity (common or preferred stock)	
0001615774-19-006037	1	Equity (common or preferred stock)	
0001615774-19-006036	1	Equity (common or preferred stock)	
0001615774-19-006035	1	Equity (common or preferred stock)	
0001615774-19-006034	1	Equity (common or preferred stock)	
0001615774-19-006033	1	Equity (common or preferred stock)	
0001615774-19-006032	1	Equity (common or preferred stock)	
0001062993-19-001809	1	Equity (common or preferred stock)	
0001144204-19-020370	1	Equity (common or preferred stock)	
0001078782-19-000357	1	Equity (common or preferred stock)	
0001078782-19-000349	1	Equity (common or preferred stock)	
0001144204-19-020203	1	Equity (common or preferred stock)	
0001683168-19-001112	1	Other(describe)	Series LLC Interests
0001615774-19-005921	1	Equity (common or preferred stock)	
0001144204-19-020132	1	Equity (common or preferred stock)	
0001761911-19-000003	1	Equity (common or preferred stock)	
0001615774-19-005918	1	Equity (common or preferred stock)	
0001493152-19-005580	1	Equity (common or preferred stock)	
0001683168-19-001107	1	Equity (common or preferred stock)	
0001683168-19-001097	1	Equity (common or preferred stock)	
0001117768-19-000207	1	Equity (common or preferred stock)	
0001144204-19-019955	1	Equity (common or preferred stock)	
0001144204-19-019961	1	Other(describe)	Limited Recourse Obligation (LRO), a limited debt obligation of the issuer
0001477932-19-001807	1	Equity (common or preferred stock)	
0001144204-19-019812	1	Equity (common or preferred stock)	
0001144204-19-019806	1	Equity (common or preferred stock)	
0001144204-19-019744	1	Equity (common or preferred stock)	
0001144204-19-019703	1	Equity (common or preferred stock)	
0001078782-19-000331	1	Equity (common or preferred stock)	
0000806171-19-000028	1	Equity (common or preferred stock)	
0001144204-19-019539	1	Equity (common or preferred stock)	
0000715812-19-000012	1	Equity (common or preferred stock)	
0001144204-19-019471	1	Other(describe)	Limited Recourse Obligation (LRO), a limited debt obligation of the issuer
0001144204-19-019470	1	Other(describe)	Limited Recourse Obligation (LRO), a limited debt obligation of the issuer
0001144204-19-019468	1	Equity (common or preferred stock)	
0001144204-19-019402	1	Equity (common or preferred stock)	
0001144204-19-019405	1	Equity (common or preferred stock)	
0001477932-19-001651	1	Equity (common or preferred stock)	
0001104659-19-020748	1	Other(describe)	investment contracts
0001262463-19-000104	1	Equity (common or preferred stock)	
0001213900-19-006106	1	Equity (common or preferred stock)	
0001062993-19-001636	1	Equity (common or preferred stock)	
0001760319-19-000010	1	Equity (common or preferred stock)	
0001760319-19-000009	1	Equity (common or preferred stock)	
0001477932-19-001532	1	Equity (common or preferred stock)	
0001731302-19-000002	1	Debt	
0001214659-19-002606	1	Equity (common or preferred stock)	
0001144204-19-018635	1	Equity (common or preferred stock)	
0001144204-19-018519	1	Equity (common or preferred stock)	
0001144204-19-018173	1	Other(describe)	Limited Recourse Obligation (LRO), a limited debt obligation of the issuer
0000806171-19-000025	1	Equity (common or preferred stock)	
0001615774-19-005327	1	Equity (common or preferred stock)	
0001213900-19-005711	1	Equity (common or preferred stock)	
0001022183-19-000006	1	Equity (common or preferred stock)	
0001213900-19-005694	1	Equity (common or preferred stock)	
0001721868-19-000161	1	Equity (common or preferred stock)	
0001213900-19-005593	1	Equity (common or preferred stock)	
0001654954-19-003930	1	Equity (common or preferred stock)	
0001615774-19-005108	1	Equity (common or preferred stock)	
0001762205-19-000001	1	Equity (common or preferred stock)	
