ACCESSION_NUMBER	FORMINDICATION	ISSUERNAME	FISCALYEAREND	STREET1	STREET2	CITY	STATEORCOUNTRY	ZIPCODE	PHONENUMBER	REGARULE257
0001493152-19-009899	Annual Report		31-MAR-2019	11921 Freedom Drive	Suite 550	Reston	VA	20190-5667	703-904-4315	false
0001144204-19-032520	Annual Report		31-DEC-2018	16112 HART ST.		VAN NUYS	CA	91406	310-458-5900	true
0001683168-19-001981	Special Financial Report for the fiscal year		31-DEC-2018	250 W. FIRST ST., STE. 256		CLAREMONT	CA	91711	909-740-9175	true
0001477932-19-003639	Annual Report		31-DEC-2018	8500 Wilshire Blvd.	Suite 700B	Beverly Hills	CA	90211	424-313-7471	true
0001213900-19-010585	Special Financial Report for the fiscal year		31-DEC-2018	9679 MYRTLE GROVE LANE		EASTON	MD	21601	503-868-0400	true
0001010549-19-000142	Special Financial Report for the fiscal year		31-DEC-2018	125 Greenwich Avenue	3rd Floor	GREENWICH	CT	06830	2036226000	true
0001683168-19-001840	Special Financial Report for the fiscal year		31-DEC-2018	3980 RANCHERO DR		ANN ARBOR	MI	48108	734-922-4073	true
0001144204-19-029212	Special Financial Report for the fiscal year		31-DEC-2018	1601 Connecticut Ave. NW	Suite 300	Washington	DC	20009	202-584-0550	true
0001144204-19-029209	Special Financial Report for the fiscal year		31-DEC-2018	1601 Connecticut Ave. NW	Suite 300	Washington	DC	20009	202-584-0550	true
0001477932-19-003185	Annual Report		31-DEC-2018	2400 E. Colonial Dr.	Ste. 200	Orlando	FL	32803	407-447-5000	true
0001659173-19-000086	Annual Report		30-JUN-2018	2009 E WINDMILL LANE		LAS VEGAS	NV	89123	702-987-8603	false
0001493152-19-007931	Annual Report		31-DEC-2018	10990 Wilshire Blvd	Penthouse	Los Angeles	CA	90024	844-933-3287	true
0001437749-19-010474		ST RENATUS LLC		1000 Centre Avenue	Suite 120	Fort Collins	CO	80526	970-282-0156	
0001477932-19-002927	Annual Report		31-DEC-2018	318 Half Day Road, Suite 201		Buffalo Grove	IL	60089	224-602-9569	true
0001683168-19-001549	Annual Report		31-DEC-2018	523 US. HIGHWAY 41 SOUTH		INVERNESS	FL	34450	352-765-3850	false
0001477932-19-002373	Annual Report		31-DEC-2018	3355 Lenox Road NE, #750		Atlanta	GA	30326	844-738-8572	true
0001144204-19-024020	Annual Report		31-DEC-2018	c/o XTI Aircraft Company	2209 Green Oaks Lane	Greenwood Village	CO	80121	303-503-5660	true
0001703732-19-000003		Ithrive PH Inc		5415 W. Cedar Lane	Suite 102B	Bethesda	MD	20814	301-530-0800	
0001144204-19-023550	Annual Report		31-DEC-2018	3713 CHARLOE CT		CINCINNATI	OH	45227	5135499483	false
0001144204-19-023262	Annual Report		31-DEC-2018	8899 BEVERLY BLVD	SUITE 600	WEST HOLLYWOOD	CA	90048	888-246-7163	true
0001445866-19-000507	Annual Report		31-DEC-2018	2090 N. KOLB ROAD, STE 120.		TUCSON	UT	85715	888-444-2102	true
0001213900-19-007677	Annual Report		31-DEC-2018	9050 North Capital of Texas Highway	Suite 320	Austin	TX	78759	512-872-2898	false
0001193125-19-133582	Annual Report		31-DEC-2018	1133 Columbia Street #205		San Diego	CA	92101	619-456-0936	true
0001079973-19-000254	Annual Report		31-DEC-2018	100 TECHNOLOGY DRIVE	SUITE 315	SUITE 315	CO	80021	303-447-3100	false
0001193125-19-133301	Annual Report		31-DEC-2018	1133 Columbia Street #205		San Diego	CA	92101	619-456-0936	true
0001683168-19-001302	Annual Report		31-DEC-2018	440 S. LASALLE STREET	SUITE 1110	CHICAGO	IL	60605	866-247-8326	false
0001683168-19-001290	Annual Report		31-DEC-2018	440 S. LASALLE STREET	SUITE 1110	CHICAGO	IL	60605	866-247-8326	true
0001144204-19-022831	Annual Report		31-DEC-2018	10780 SANTA MONICA BLVD.	SUITE 140	LOS ANGELES	CA	90025	310-907-7129	true
0001213900-19-007543	Annual Report		31-DEC-2018	2407 Columbia Pike, Suite 200		Arlington	VA	22204	703-920-2200	false
0001144204-19-022711	Annual Report		31-DEC-2018	600 Peachtree Street NE	Ste. 810	ATLANTA	GA	30308	404-850-9225	true
0001688804-19-000007	Annual Report		31-DEC-2018	250 LAFAYETTE STREET	3R	NEW YORK	NY	10012	3479528058	true
0001654954-19-005068	Annual Report		31-DEC-2018	390 S. LIBERTY STREET, SUITE 100		WINSTON-SALEM	NC	27101	336-477-2535	true
0001477932-19-002209	Annual Report		31-DEC-2018	3355 Lenox Road NE, #750		Atlanta	GA	30326	844-738-8572	true
0001144204-19-022496	Annual Report		31-DEC-2018	1980 TEASEL COURT		WOODBRIDGE	VA	22192	703-762-6560	true
0001144204-19-022472	Annual Report		31-DEC-2018	2323 ROSS AVENUE	SUITE 200	DALLAS	TX	75201	214-269-9500	false
0001193125-19-129679	Annual Report		31-DEC-2018	6340 South 3000 East	Suite 500	Salt Lake	UT	84121	801-278-0700	false
0001213900-19-007479	Annual Report		31-DEC-2018	2407 Columbia Pike, Suite 200		Arlington	VA	22204	703-920-2200	false
0001214659-19-003054	Annual Report		31-DEC-2018	2323 BROADWAY		OAKLAND	CA	94612	800-449-6275	true
0001615774-19-006742	Annual Report		31-DEC-2018	11601 Wilshire Blvd., Suite 1100		LOS ANGELES	CA	90025	310-444-4321	false
0001654954-19-005047	Annual Report		31-DEC-2018	6 4 S 2600 W, Suite 5		Hurricane	UT	84737	435-767-1338	true
0001144204-19-022426	Annual Report		31-DEC-2018	16561 N 92ND STREET	SUITE 101	SCOTTSDALE	AZ	85260	888-880-7888	true
0001144204-19-022418	Annual Report		31-DEC-2018	1801 CENTURY PARK EAST 24TH FLOOR		LOS ANGELES	CA	90067	415-371-9632	true
0001213900-19-007471	Annual Report		31-DEC-2018	9430 Key West Ave.		Rockville	MD	20850	240-453-6339	false
0001477932-19-002196	Annual Report		31-DEC-2018	18909 NE 29TH AVENUE		Aventura	FL	33180	310-777-0255	true
0001558370-19-003638	Annual Report		31-DEC-2018	10780 SANTA MONICA BLVD	SUITE 140	LOS ANGELES	CA	90025	310-907-7129	true
0001144204-19-022405	Annual Report		31-DEC-2018	5272 Robert J Mathews Pkwy		El Dorado Hills	CA	95762	888-754-3311	true
0001683168-19-001258	Annual Report		31-DEC-2018	564 STEVENS AVENUE		SOLANA BEACH	CA	92075	858-225-8998	false
0001161697-19-000163	Annual Report		31-DEC-2018	401 East Jackson Street	Suite 3300	Tampa	FL	33602	813-448-1234	true
0001193125-19-129335	Annual Report		31-DEC-2018	4110 Campus Point Court		San Diego	CA	92130	888-299-4669	true
0001477932-19-002187	Annual Report		31-DEC-2018	9755 SW BARNES ROAD	SUITE 420	Portland	OR	97225	503-225-0300	true
0001703732-19-000002	Annual Report		31-DEC-2018	96 GENDER RD		CANAL WINCHESTER	OH	43110	614-400-3077	false
0001144204-19-022346	Annual Report		31-DEC-2018	121 NEW YORK AVENUE		TRENTON	NJ	08638	609-656-5100	true
0001640334-19-000723	Annual Report		31-DEC-2018	201 S. 36th Street		Phoenix	AZ	85034	305-608-2362	false
0001144204-19-022341	Annual Report		31-DEC-2018	315 S. COAST HWY 101	SUITE U38	ENCINITAS	CA	92024	7602665313	false
0001703732-19-000001	Annual Report		31-DEC-2018	5415 W. CEDAR LANE		BETHESDA	MD	20814	6104539079	false
0001520138-19-000124	Annual Report		31-DEC-2018	65 Church Street	Second Floor	New Brunswick	NJ	08901	732-354-4766	false
0001654954-19-005020	Annual Report		31-DEC-2018	295 W Center St.		PROVO	UT	84601	760-933-8437	true
0001213900-19-007413	Annual Report		31-DEC-2018	222 N. PERSON STREET, SUITE 010		RALEIGH	NC	27601	919-719-4161	false
0001079973-19-000249	Annual Report		31-DEC-2018	100 TECHNOLOGY DRIVE	SUITE 315	SUITE 315	CO	80021	303-447-3100	false
0001052918-19-000110	Annual Report		31-DEC-2018	2311 E. MAIN AVE. SUITE 200		SPOKANE	WA	99202	509-994-8577	true
0001493152-19-006137	Annual Report		31-DEC-2018	23501 Cinco Ranch Blvd.	Suite H120 - #325.	Katy	TX	77494	713-857-8142	true
0001683168-19-001238	Annual Report		31-DEC-2018	1825 NW CORPORATE BLVD., SUITE 110		BOCA RATON	FL	33431	877-267-6278	false
0001144204-19-022062	Annual Report		31-DEC-2018	1070 TERRA BELLA AVENUE		MOUNTAIN VIEW	CA	94043	650-924-1025	true
0001144204-19-022002	Annual Report		31-DEC-2018	2224 OLD MIDDLEFIELD WAY		MOUNTAIN VIEW	CA	94043	650-386-5761	false
0001193125-19-125999	Annual Report		31-DEC-2018	6340 South 3000 East	Suite 500	Salt Lake	UT	84121	801-278-0700	false
0001193125-19-126020	Annual Report		31-DEC-2018	6340 South 3000 East	Suite 500	Salt Lake	UT	84121	801-278-0700	false
0001144204-19-022007	Annual Report		31-DEC-2018	623 E FT UNION BLVD	STE 101	Salt Lake City	UT	84047	415-315-9916	true
0001144204-19-021994	Annual Report		31-DEC-2018	1601 Connecticut Ave., NW	Suite 300	WASHINGTON	DC	20009	202-584-0550	true
0001683168-19-001224	Annual Report		31-DEC-2018	999 18th Street	Suite 3000	Denver	CO	80202	7202625245	false
0001144204-19-021961	Annual Report		31-DEC-2018	425 NW 10th Ave	Suite 306	Portland	OR	97209	503-546-4049	true
0001144204-19-021938	Annual Report		31-DEC-2018	73 GREENTREE DRIVE, #558		DOVER	DE	19904	800-372-6095	true
0001213900-19-007296	Annual Report		31-DEC-2018	2299 Perimeter Park Drive, Suite 120		Atlanta	GA	30341	470-475-1035	false
0001615774-19-006532		ADiTx Therapeutics, Inc.		11161 Anderson Street	Suite 105-10014	Loma Linda	CA	92354	909-488-0844	
0001723028-19-000003	Annual Report		31-DEC-2018	3090 BRISTOL STREET	SUITE 550	COSTA MESA	CA	92626	855-742-4862	true
0001477932-19-002089	Annual Report		31-DEC-2018	8236 Remmet Avenue		Canoga Park	CA	91304	818-349-2870	true
0001144204-19-021571	Annual Report		31-DEC-2018	8687 MELROSE AVE	7TH FLOOR (GREEN BUILDING)	WEST HOLLYWOOD	CA	90069	800-317-2200	false
0001654954-19-004884	Annual Report		31-DEC-2018	625 KENMOOR AVENUE SE	SUITE 211	GRAND RAPIDS	MI	495546	16-734-6099	true
0001558370-19-003220	Annual Report		31-DEC-2018	10780 SANTA MONICA BLVD.	SUITE 140	LOS ANGELES	CA	90025	310-907-7144	true
0001213900-19-006977	Annual Report		31-DEC-2018	5910 Pacific Center Blvd, Suite 300		San Diego	CA	92121	858-352-0622	false
0001144204-19-020398	Annual Report		31-DEC-2018	1601 CONNECTICUT AVE NW	SUITE 300	WASHINGTON	DC	20009	202-584-0550	true
0001493152-19-005649		Appliqate Inc.		12465 South Fort Street		DRAPER	UT	84020	954-292-0033	
0001144204-19-020310	Annual Report		31-DEC-2018	1601 CONNECTICUT AVE NW	SUITE 300	WASHINGTON	DC	20009	202-584-0550	true
0001144204-19-020127	Annual Report		31-DEC-2018	1601 CONNECTICUT AVE NW	SUITE 300	WASHINGTON	DC	20009	202-584-0550	true
0001144204-19-020123	Annual Report		31-DEC-2018	1601 CONNECTICUT AVE NW	SUITE 300	WASHINGTON	DC	20009	202-584-0550	true
0001144204-19-019959	Annual Report		31-DEC-2018	1601 CONNECTICUT AVE NW	SUITE 300	WASHINGTON	DC	20009	202-584-0550	true
0001144204-19-019762	Annual Report		31-DEC-2018	11601 WILSHIRE BOULEVARD	SUITE 1690	LOS ANGELES	CA	90025	310-421-1030	true
0001144204-19-019757	Annual Report		31-DEC-2018	1601 CONNECTICUT AVE NW	SUITE 300	WASHINGTON	DC	20009	202-584-0550	true
0001144204-19-019765	Annual Report		31-DEC-2018	1601 CONNECTICUT AVE NW	SUITE 300	WASHINGTON	DC	20009	202-584-0550	true
0001144204-19-019147	Annual Report		31-DEC-2018	1601 CONNECTICUT AVE NW	SUITE 300	WASHINGTON	DC	20009	202-584-0550	true
0001144204-19-018728	Annual Report		31-DEC-2018	1601 CONNECTICUT AVE NW	SUITE 300	WASHINGTON	DC	20009	202-584-0550	true
0001144204-19-018726	Annual Report		31-DEC-2018	1601 CONNECTICUT AVE NW	SUITE 300	WASHINGTON	DC	20009	202-584-0550	true
0001213900-19-005991		Delhi Bank Corp.		124 Main Street		Delhi	NY	13753	855-413-3544	
0001022183-19-000004		CB SCIENTIFIC, INC.		10901 Roosevelt Blvd	Suite 1000c	Saint Petersburg	FL	33716	7274179338	
0001493152-19-004388		Glucose Biosensor Systems (Greater China) Holdings, Inc.		733 Third Avenue	15th Floor	New York	NY	10017	646-790-5756	
