ACCESSION_NUMBER	ED_ID	TYPE	NAME	OUTSTANDING	CUSIP	PUBLICYTRADED
0001776230-19-000009	1	Debt Securities		0		
0001776230-19-000009	1	Preferred	None	0		
0001776230-19-000009	1	Common	Common	1000000	NONE	NASD
0001477932-19-003791	1	Common	Common Stock	57385000	N/A	None
0001477932-19-003791	1	Preferred	None	0		
0001477932-19-003791	1	Debt Securities	None	0		
0001445866-19-000759	1	Common	Common Stock	16920357	000000000	n/a
0001445866-19-000759	1	Preferred	Series Seed Preferred Stock	3011469	000000000	n/a
0001445866-19-000759	1	Debt Securities	n/a	0	000000000	n/a
0001445866-19-000754	1	Debt Securities	0	0		
0001445866-19-000754	1	Preferred	Class B Units	100	0	0
0001445866-19-000754	1	Common	Class A Units	264775	0	0
0001144204-19-032963	2	Preferred	Series A Preferred Stock	747373	000000N/A	N/A
0001144204-19-032963	1	Common	Common Stock	1732585	000000N/A	N/A
0001144204-19-032963	1	Debt Securities	Convertible Promissory Notes	2050000	000000N/A	N/A
0001144204-19-032963	1	Preferred	Series Seed	568796	000000N/A	N/A
0001477932-19-003769	1	Common	Class B Interests	0		
0001477932-19-003769	1	Debt Securities	None	0		
0001477932-19-003769	1	Preferred	None	0		
0001144204-19-032526	1	Debt Securities	Convertible Promissory Notes	1009000	000000N/A	N/A
0001144204-19-032526	1	Common	Class A Common Stock	0	000000N/A	N/A
0001144204-19-032526	2	Common	Class B Common Stock	10179000	000000N/A	N/A
0001144204-19-032526	3	Common	Class B Common Stock Warrants	121913	000000N/A	N/A
0001144204-19-032526	1	Preferred	Series S Preferred Stock	440048	000000N/A	N/A
0001144204-19-032526	8	Preferred	Preferred Stock Warrant	2094135	000000N/A	N/A
0001144204-19-032526	3	Preferred	Series B Preferred Stock	4653583	000000N/A	N/A
0001144204-19-032526	4	Preferred	Series m Preferred Stock	5339215	000000N/A	N/A
0001144204-19-032526	5	Preferred	Series m-2 Preferred Stock	1660756	000000N/A	N/A
0001144204-19-032526	6	Preferred	Series m-3 Preferred Stock	16757	000000N/A	N/A
0001144204-19-032526	7	Preferred	Series m-4 Preferred Stock	1432786	000000N/A	N/A
0001144204-19-032526	2	Preferred	Series A Preferred Stock	8936015	000000N/A	N/A
0001477932-19-003725	1	Common	Common Equity	146616216	58403T107	OTC Markets
0001477932-19-003725	1	Debt Securities	Debt Securities	0	N/A	N/A
0001477932-19-003725	1	Preferred	Preferred Equity	4400000	N/A	N/A
0001477932-19-003705	1	Preferred	Class A Interests	0		
0001477932-19-003705	1	Debt Securities	Debt Securities	0		
0001477932-19-003705	1	Common	Class B interests	1000	None	None
0001776230-19-000008	1	Preferred		0		
0001776230-19-000008	1	Common	Common	1000000	none	nasd
0001776230-19-000008	1	Debt Securities		0		
0001683168-19-002007	1	Common	Common Stock	98250000	86845R207	OTCMarkets, Pink Open Market
0001683168-19-002007	1	Preferred	Series A Convertible Preferred	5000000	00000none	none
0001683168-19-002007	1	Debt Securities	none	0	00000none	none
0001683168-19-002006	1	Preferred	none	0	000000N/A	N/A
0001683168-19-002006	1	Debt Securities	none	0	000000N/A	N/A
0001683168-19-002006	7	Common	Series Kiano's Love	200	000000N/A	N/A
0001683168-19-002006	6	Common	Series Country Whirl '17	96	000000N/A	N/A
0001683168-19-002006	9	Common	Series Madarnas	28	000000N/A	N/A
0001683168-19-002006	8	Common	Series Kichiro	129	000000N/A	N/A
0001683168-19-002006	5	Common	Series Cairo Kiss	80	000000N/A	N/A
0001683168-19-002006	4	Common	Series Bullion	25	000000N/A	N/A
0001683168-19-002006	3	Common	Series Berengaria 17	150	000000N/A	N/A
0001683168-19-002006	2	Common	Series Bella Chica	30	000000N/A	N/A
0001683168-19-002006	1	Common	Series Amers	55	000000N/A	N/A
0001683168-19-002006	10	Common	Series Major Implications	20	000000N/A	N/A
0001654954-19-007621	1	Common	Common	1	000000000	None
0001654954-19-007621	1	Debt Securities	None	0	000000000	None
0001654954-19-007621	1	Preferred	None	0	000000000	None
0001754259-19-000001	1	Common	Common Shares	6000000	None	None
0001754259-19-000001	1	Debt Securities		0		
0001754259-19-000001	1	Preferred		0		
0001193125-19-180476	1	Common	Common Equity Class B	0	000000000	N/A
0001193125-19-180476	1	Preferred	Preferred Equity Class A	0	000000000	N/A
0001193125-19-180476	1	Debt Securities	Notes	34	000000000	N/A
0001144204-19-032124	1	Preferred	N/A	0	000000000	N/A
0001144204-19-032124	2	Common	Class B Common Stock	5400	000000000	N/A
0001144204-19-032124	1	Common	Class A Common Stock	11516986	000000000	N/A
0001144204-19-032124	1	Debt Securities	N/A	0	000000000	N/A
0001703429-19-000025	1	Debt Securities	None	0	000000000	OTC MarketPlace
0001703429-19-000025	1	Common	Common	329996002	45338P102	OTC Pink Market Tier
0001703429-19-000025	1	Preferred	Preferred	0	45338P102	OTC MarketPlace
0001477932-19-003677	1	Common	Interests in a Series LLC	0	None	
0001477932-19-003677	1	Preferred		0		
0001477932-19-003677	1	Debt Securities		0		
0001767703-19-000001	1	Preferred		0		
0001767703-19-000001	2	Common	Class B Common Stock	1000	N/A	N/A
0001767703-19-000001	1	Common	Class A Common Stock	7799000	N/A	N/A
0001767703-19-000001	1	Debt Securities		0		
0001776230-19-000007	1	Common	Common	1000000	none	nasd
0001776230-19-000007	1	Debt Securities		0		
0001776230-19-000007	1	Preferred		0		
0000806171-19-000044	1	Common	Common	85700000	00000none	none
0000806171-19-000044	1	Debt Securities	none	0	000000000	none
0000806171-19-000044	1	Preferred	none	0	000000000	none
0001213900-19-011297	1	Common	Common Stock	1000000	000000000	N/A
0001213900-19-011297	1	Debt Securities	N/A	0	000000000	N/A
0001213900-19-011297	1	Preferred	Series A Preferred Stock	0	000000000	N/A
0000806171-19-000042	1	Preferred	none	0	000000000	none
0000806171-19-000042	1	Common	Common	85700000	00000none	none
0000806171-19-000042	1	Debt Securities	none	0	000000000	none
0001264931-19-000132	1	Debt Securities	N/A	0	000000000	N/A
0001264931-19-000132	1	Preferred	N/A	0	000000000	N/A
0001264931-19-000132	1	Common	Common Stock	6158000	000000000	TBD
0001761911-19-000007	1	Preferred	None	0	N/A	N/A
0001761911-19-000007	1	Debt Securities	None	0	N/A	N/A
0001761911-19-000007	1	Common	Class A and B Common	58235000	N/A	N/A
0001213900-19-011158	1	Debt Securities	None	0	000000000	None
0001213900-19-011158	1	Common	Common	351034387	86678L103	OTCPink
0001213900-19-011158	1	Preferred	Preferred Series A	10000000	000000N/A	None
0001721469-19-000010	1	Preferred		0		
0001721469-19-000010	1	Common	COMMON	100	0	0
0001721469-19-000010	1	Debt Securities		0		
0001144204-19-031655	1	Common	Class B Common Stock	1600000	000000000	N/A
0001144204-19-031655	1	Preferred	N/A	0	000000000	N/A
0001144204-19-031655	1	Debt Securities	N/A	0	000000000	N/A
0001214659-19-004275	1	Common	NONE	0	00000NONE	NONE
0001214659-19-004275	1	Preferred	NONE	0	00000NONE	NONE
0001214659-19-004275	1	Debt Securities	NONE	0	00000NONE	NONE
0001683168-19-001946	1	Debt Securities	N/A	0	000000000	N/A
0001683168-19-001946	1	Preferred	Series C	1500000	000000000	N/A
0001683168-19-001946	1	Common	Common Stock	521859629	45074L109	OTCPinksheets
0001628279-19-000230	1	Common	Common	139189499	000000000	N/A
0001628279-19-000230	1	Preferred		0		
0001628279-19-000230	1	Debt Securities	Debt Payable by Assets	1736316	000000000	N/A
0001144204-19-031395	1	Debt Securities	Convertible Promissory Notes	2050000	000000N/A	N/A
0001144204-19-031395	1	Preferred	Series Seed	568796	000000N/A	N/A
0001144204-19-031395	2	Preferred	Series A Preferred Stock	747373	000000N/A	N/A
0001144204-19-031395	1	Common	Common Stock	1732585	000000N/A	N/A
0001646269-19-000002	1	Debt Securities		0		
0001646269-19-000002	1	Common	Common Stock	6508246	NA	NA
0001646269-19-000002	1	Preferred		0		
0001214659-19-004260	1	Preferred	NONE	0	00000NONE	NONE
0001214659-19-004260	1	Debt Securities	NONE	0	00000NONE	NONE
0001214659-19-004260	1	Common	NONE	0	00000NONE	NONE
0001117768-19-000375	1	Common	COMMON	90535416	51509W108	OTC Pinksheets
0001117768-19-000375	1	Debt Securities		0		
0001117768-19-000375	1	Preferred	Preferred A	5000000	51509W108	NONE
0001766570-19-000007	1	Common	Voting Shares	1000	none	none
0001766570-19-000007	1	Debt Securities		0		
0001766570-19-000007	1	Preferred		0		
0001144204-19-031176	1	Debt Securities	N/A	0	000000N/A	N/A
0001144204-19-031176	1	Preferred	N/A	0	000000N/A	N/A
0001144204-19-031176	1	Common	Common Stock	1503391	000000N/A	N/A
0001766214-19-000018	1	Debt Securities		0		
0001766214-19-000018	1	Preferred	Preferred Stock	0	000000000	
0001766214-19-000018	1	Common	Common Stock	323000000	000000000	Not Quoted
0001144204-19-030743	1	Preferred	Series A Preferred Stock	1657396	000000000	N/A
0001144204-19-030743	1	Debt Securities	None	0	000000000	N/A
0001144204-19-030743	1	Common	Common Stock	27974212	000000000	N/A
0001766214-19-000015	1	Common	Common Stock	323000000	000000000	Not Quoted
0001766214-19-000015	1	Preferred	Preferred Stock	0	000000000	
0001766214-19-000015	1	Debt Securities		0		
0001731122-19-000329	1	Common	Common Equity Membership Inter	100	000000000	N/A
0001731122-19-000329	1	Preferred	Preferred Equity	0	000000000	N/A
0001731122-19-000329	1	Debt Securities	Debt Securities Promissory Not	25	000000000	N/A
0001078782-19-000507	1	Preferred		0		
0001078782-19-000507	1	Debt Securities		0		
0001078782-19-000507	1	Common	Common Stock	10000000	90467W106	None
0001594062-19-000050	1	Debt Securities	n/a	0	n/a	n/a
0001594062-19-000050	1	Preferred	n/a	0	n/a	n/a
0001594062-19-000050	1	Common	Common	86046843	n/a	n/a
0001445866-19-000705	1	Common	Common Stock	16920357	000000000	n/a
0001445866-19-000705	1	Debt Securities	n/a	0	000000000	n/a
0001445866-19-000705	1	Preferred	Series Seed Preferred Stock	3011469	000000000	n/a
0001213900-19-010491	1	Debt Securities	N/A	0	000000N/A	N/A
0001213900-19-010491	1	Preferred	N/A	0	000000N/A	N/A
0001213900-19-010491	1	Common	Common Bits	25000	000000N/A	N/A
0001703429-19-000019	1	Debt Securities	None	0	000000000	OTC MarketPlace
0001703429-19-000019	1	Common	Common	329996002	45338P102	OTC Pink Market Tier
0001703429-19-000019	1	Preferred	Preferred	0	45338P102	OTC MarketPlace
0001477932-19-003454	1	Common	Common	462383968	05575C206	None
0001477932-19-003454	1	Preferred	None	0	None	None
0001477932-19-003454	1	Debt Securities	None	0	None	None
0001022183-19-000008	1	Preferred	100,000,000	1000000	12506E 10	None
0001022183-19-000008	1	Common	1,000,000,000	58593479	12506E 10	OTC Markets CBSC
0001022183-19-000008	1	Debt Securities	NONE	0		
0001213900-19-010356	1	Debt Securities	None	0	000000000	None
0001213900-19-010356	1	Common	Common	59700131	57161M106	OTC Markets
0001213900-19-010356	1	Preferred	Series A	200	000000000	None
0001659173-19-000101	1	Preferred	NA	0	000000000	NA
0001659173-19-000101	1	Debt Securities	NA	0	000000000	NA
0001659173-19-000101	1	Common	Common Equity	75000	000000000	NA
0001144204-19-030288	1	Common	Common Shares	10897053	000000N/A	N/A
0001144204-19-030288	1	Debt Securities	N/A	0	000000N/A	N/A
0001144204-19-030288	1	Preferred	N/A	0	000000N/A	N/A
0001193125-19-167925	1	Common	Common Equity Class B	0	000000000	N/A
0001193125-19-167925	1	Debt Securities	Notes	34	000000000	N/A
0001193125-19-167925	1	Preferred	Preferred Equity Class A	0	000000000	N/A
0001262463-19-000192	1	Debt Securities	N/A	0	000000N/A	N/A
0001262463-19-000192	1	Common	Common Stock	161199289	90187E204	OTC.QB
0001262463-19-000192	1	Preferred	Series A Preferred Stock	0	000000N/A	N/A
0001144204-19-029926	1	Common	Common Shares	10135786	000000000	N/A
0001144204-19-029926	1	Preferred	N/A	0	000000000	N/A
0001144204-19-029926	1	Debt Securities	N/A	0	000000000	N/A
0001117768-19-000339	1	Common	COMMON	70951016	51509W108	OTC Pinksheets
0001117768-19-000339	1	Debt Securities		0		
0001117768-19-000339	1	Preferred	Preferred A	5000000	51509W108	NONE
0001731122-19-000308	1	Preferred	Series A Convertible Preferred	10000000	000000N/A	N/A
0001731122-19-000308	1	Debt Securities	N/A	0	000000N/A	N/A
0001731122-19-000308	1	Common	Common Stock	268205058	70324A208	OTC PINK
0001144204-19-029628	1	Common	Common Stock	100000000	000000000	N/A
0001144204-19-029628	1	Debt Securities	N/A	0	000000000	N/A
0001144204-19-029628	1	Preferred	Non Voting Pref Series A	108505206	45113R208	OTC RWRDP
0001144204-19-029570	2	Preferred	Series A Preferred Stock	747373	000000N/A	N/A
0001144204-19-029570	1	Debt Securities	Convertible Promissory Notes	2050000	000000N/A	N/A
0001144204-19-029570	1	Common	Common Stock	1732585	000000N/A	N/A
0001144204-19-029570	1	Preferred	Series Seed	568796	000000N/A	N/A
0001144204-19-029564	1	Common	Class B Common Stock	1600000	000000000	N/A
0001144204-19-029564	1	Debt Securities	N/A	0	000000000	N/A
0001144204-19-029564	1	Preferred	N/A	0	000000000	N/A
0001144204-19-029517	1	Common	Class A Common Stock	11516986	000000000	N/A
0001144204-19-029517	1	Debt Securities	N/A	0	000000000	N/A
0001144204-19-029517	1	Preferred	N/A	0	000000000	N/A
0001144204-19-029517	2	Common	Class B Common Stock	5400	000000000	N/A
0001731122-19-000298	1	Common	Membership Interests	50000	000000000	N/A
0001731122-19-000298	1	Debt Securities	Membership Interests	0	000000000	N/A
0001731122-19-000298	1	Preferred	Membership Interests	0	000000000	N/A
0001493152-19-008526	1	Common	Common Stock	443354541	49374X201	OTC Markets
0001493152-19-008526	1	Preferred	Series A Preferred	3000000	000000000	N/A
0001493152-19-008526	1	Debt Securities	N/A	0	000000000	N/A
0001493152-19-008526	2	Preferred	Series B Preferred	20000000	000000000	N/A
0001262463-19-000185	1	Common	Common Stock	161199289	90187E204	OTC.QB
0001262463-19-000185	1	Preferred	Series A Preferred Stock	0	000000N/A	N/A
0001262463-19-000185	1	Debt Securities	N/A	0	000000N/A	N/A
0001493152-19-008506	2	Preferred	Series A-1 Fixed Rate Cumulati	45000	30258N303	N/A
0001493152-19-008506	1	Common	Common Stock	11807349	30258N105	Nasdaq Capital Market
0001493152-19-008506	1	Preferred	Series A Fixed Rate Cumulative	100000	30258N204	N/A
0001493152-19-008506	1	Debt Securities	N/A	0	000000000	N/A
0001078782-19-000488	1	Debt Securities	Debt	471980	None	None
0001078782-19-000488	1	Common	Common Stock	15399581	46265G107	OTC Pink
0001078782-19-000488	1	Preferred	Preferred Stock	0		
0001477932-19-003334	1	Preferred		0		
0001477932-19-003334	1	Debt Securities		0		
0001477932-19-003334	1	Common	Interests in a Series LLC	0	None	
0001683168-19-001763	1	Debt Securities	none	0	000000N/A	N/A
0001683168-19-001763	1	Common	Series Moonless Sky	200	000000N/A	N/A
0001683168-19-001763	2	Common	Series Sigesmund	61	000000N/A	N/A
0001683168-19-001763	3	Common	Series Swiss Minister	27	000000N/A	N/A
0001683168-19-001763	4	Common	Series Bullion	25	000000N/A	N/A
0001683168-19-001763	1	Preferred	none	0	000000N/A	N/A
0001683168-19-001763	6	Common	Series Soul Beam	62	000000N/A	N/A
0001683168-19-001763	7	Common	Series Amers	55	000000N/A	N/A
0001683168-19-001763	8	Common	Series Tavasco Road	72	000000N/A	N/A
0001683168-19-001763	9	Common	Series Takeo Squared	100	000000N/A	N/A
0001683168-19-001763	10	Common	Series Zestful	77	000000N/A	N/A
0001683168-19-001763	5	Common	Series Cairo Kiss	80	000000N/A	N/A
0001144204-19-029248	1	Common	Common Stock	2234550	000000N/A	N/A
0001144204-19-029248	1	Preferred	N/A	0	000000N/A	N/A
0001144204-19-029248	1	Debt Securities	N/A	0	000000N/A	N/A
0001350455-19-000004	1	Common	Class B Interests	0		
0001350455-19-000004	1	Preferred	None	0		
0001350455-19-000004	1	Debt Securities	None	0		
0001766914-19-000001	1	Debt Securities	NA	0	NA	NA
0001766914-19-000001	1	Preferred	NA	0	NA	NA
0001766914-19-000001	1	Common	Class A Units	9000000	NA	NA
0001776230-19-000005	1	Debt Securities		0		
0001776230-19-000005	1	Common	Common	2000000	none	none
0001776230-19-000005	1	Preferred		0		
0001213900-19-009819	1	Preferred	None	0	000000000	None
0001213900-19-009819	1	Debt Securities	None	0	000000000	None
0001213900-19-009819	1	Common	Common Stock	12530536	000000000	None
0001144204-19-028869	1	Preferred	N/A	0	000000000	N/A
0001144204-19-028869	1	Debt Securities	N/A	0	000000000	N/A
0001144204-19-028869	1	Common	Common Shares	4776517	000000000	N/A
0001144204-19-028866	1	Common	Common Shares	4593217	000000000	N/A
0001144204-19-028866	1	Debt Securities	N/A	0	000000000	N/A
0001144204-19-028866	1	Preferred	N/A	0	000000000	N/A
0001477932-19-003257	1	Common	Class B interests	1000	None	None
0001477932-19-003257	1	Debt Securities	Debt Securities	0		
0001477932-19-003257	1	Preferred	Class A Interests	0		
0001654954-19-006714	1	Common	Class A Common	279760526	25381C109	OTC.PK
0001654954-19-006714	2	Common	Class B Voting/Now Particip	1100000	000000000	N/A
0001654954-19-006714	1	Debt Securities	None	0	000000000	N/A
0001654954-19-006714	1	Preferred	None	0	000000000	N/A
0001761911-19-000005	1	Debt Securities	None	0	N/A	N/A
0001761911-19-000005	1	Common	Class A and B Common	58235000	N/A	N/A
0001761911-19-000005	1	Preferred	None	0	N/A	N/A
0001683168-19-001747	1	Preferred	Series A Convertible Preferred	5000000	00000none	none
0001683168-19-001747	1	Common	Common Stock	98250000	86845R207	OTCMarkets, Pink Open Market
0001683168-19-001747	1	Debt Securities	none	0	00000none	none
0001117768-19-000305	1	Preferred	Preferred A	5000000	51509W108	NONE
0001117768-19-000305	1	Debt Securities		0		
0001117768-19-000305	1	Common	COMMON	70951016	51509W108	OTC Pinksheets
0001213900-19-009545	1	Preferred	N/A	0	000000N/A	N/A
0001213900-19-009545	1	Common	Common Bits	25000	000000N/A	N/A
0001213900-19-009545	1	Debt Securities	N/A	0	000000N/A	N/A
0001477932-19-003131	1	Common	Common Stock	102969086	None	None
0001477932-19-003131	1	Debt Securities	None	0	None	None
0001477932-19-003131	1	Preferred	Series A Preferred Stock	0	None	None
0001477932-19-003121	1	Debt Securities	None	0	None	None
0001477932-19-003121	1	Common	Common Stock	102969086	None	None
0001477932-19-003121	1	Preferred	Series A Preferred Stock	0	None	None
0001757108-19-000002	1	Preferred	NA	0	NA	NA
0001757108-19-000002	1	Common	Class A Common Stock	23876318	NA	NA
0001757108-19-000002	1	Debt Securities	NA	0	NA	NA
0001757108-19-000002	2	Common	Class B Common Stock	50000000	NA	NA
0001486452-19-000009	1	Common	COMMON	3005266799	18717D206	OTC Markets (OTC Pink)
0001486452-19-000009	1	Preferred	SERIES A SUPER VOTING PREFERRD	2000000	N/A	N/A
0001486452-19-000009	1	Debt Securities	N/A	0		
0001659173-19-000093	1	Common	Common Equity	75000	000000000	NA
0001659173-19-000093	1	Preferred	NA	0	000000000	NA
0001659173-19-000093	1	Debt Securities	NA	0	000000000	NA
0001683168-19-001682	1	Common	Common Stock, $0.001 par value	81015000	68403M200	OTC Markets
0001683168-19-001682	1	Debt Securities	not applicable	0	000000000	none
0001683168-19-001682	1	Preferred	Series A Non-Convertible	16081530	000000000	none
0001766570-19-000006	1	Debt Securities		0		
0001766570-19-000006	1	Preferred		0		
0001766570-19-000006	1	Common	Voting Shares	1000	none	none
0001477932-19-003065	1	Preferred	None	0	None	None
0001477932-19-003065	1	Debt Securities	None	0	None	None
0001477932-19-003065	1	Common	Common	462383968	05575C206	None
0001144204-19-027383	6	Preferred	Series m-3 Preferred Stock	1449543	000000N/A	N/A
0001144204-19-027383	7	Preferred	Series m-4 Preferred Stock	0	000000N/A	N/A
0001144204-19-027383	8	Preferred	Preferred Stock Warrant	1856422	000000N/A	N/A
0001144204-19-027383	1	Debt Securities	Convertible Promissory Notes	430000	000000N/A	N/A
0001144204-19-027383	1	Common	Class A Common Stock	0	000000N/A	N/A
0001144204-19-027383	5	Preferred	Series m-2 Preferred Stock	1660756	000000N/A	N/A
0001144204-19-027383	4	Preferred	Series m Preferred Stock	5339215	000000N/A	N/A
0001144204-19-027383	3	Preferred	Series B Preferred Stock	4653583	000000N/A	N/A
0001144204-19-027383	2	Preferred	Series A Preferred Stock	8936015	000000N/A	N/A
0001144204-19-027383	2	Common	Class B Common Stock	10179000	000000N/A	N/A
0001144204-19-027383	3	Common	Class B Common Stock Warrants	121913	000000N/A	N/A
0001144204-19-027383	1	Preferred	Series S Preferred Stock	440048	000000N/A	N/A
0001683168-19-001648	1	Debt Securities	none	0	000000n/a	none
0001683168-19-001648	1	Preferred	none	0	000000n/a	none
0001683168-19-001648	1	Common	Common Stock	4801506953	34512L202	OTCMarkets, Pink Open Market
0001213900-19-009164	1	Debt Securities	None	0	000000000	None
0001213900-19-009164	1	Common	Common Stock	12527436	000000000	None
0001213900-19-009164	1	Preferred	None	0	000000000	None
0001144204-19-027172	1	Common	Common Stock	1732585	000000N/A	N/A
0001144204-19-027172	1	Preferred	Series Seed	568796	000000N/A	N/A
0001144204-19-027172	2	Preferred	Series A Preferred Stock	747373	000000N/A	N/A
0001144204-19-027172	1	Debt Securities	Convertible Promissory Notes	2050000	000000N/A	N/A
0001743305-19-000007	1	Preferred		0		
0001743305-19-000007	1	Common	Class A Units	100	N/A	N/A
0001743305-19-000007	1	Debt Securities		0		
0001767235-19-000002	1	Debt Securities		0		
0001767235-19-000002	1	Preferred		0		
0001767235-19-000002	1	Common		0		
0001144204-19-026865	1	Preferred	None	0	000000000	None
0001144204-19-026865	1	Common	Common Shares	500	000000000	None
0001144204-19-026865	1	Debt Securities	None	0	000000000	None
0001144204-19-026862	1	Debt Securities	None	0	000000000	None
0001144204-19-026862	1	Preferred	None	0	000000000	None
0001144204-19-026862	1	Common	Common Shares	500	000000000	None
0001144204-19-026851	1	Preferred	N/A	0	000000N/A	N/A
0001144204-19-026851	1	Common	Common Stock	1503391	000000N/A	N/A
0001144204-19-026851	1	Debt Securities	N/A	0	000000N/A	N/A
0001262463-19-000152	1	Common	Common Stock	161199289	90187E204	OTC.QB
0001262463-19-000152	1	Preferred	Series A Preferred Stock	0	000000N/A	N/A
0001262463-19-000152	1	Debt Securities	N/A	0	000000N/A	N/A
0001104659-19-029828	7	Preferred	Series A-7	19146	000000N/A	N/A
0001104659-19-029828	6	Preferred	Series A-6	83523	000000N/A	N/A
0001104659-19-029828	5	Preferred	Series A-5	94332	000000N/A	N/A
0001104659-19-029828	4	Preferred	Series A-4	1162059	000000N/A	N/A
0001104659-19-029828	3	Preferred	Series A-3	120238	000000N/A	N/A
0001104659-19-029828	1	Preferred	Series A-1	2638835	000000N/A	N/A
0001104659-19-029828	1	Common	Common Stock	9131646	000000N/A	N/A
0001104659-19-029828	1	Debt Securities	Stacks Tokens	756827880	000000N/A	N/A
0001104659-19-029828	2	Preferred	Series A-2	440365	000000N/A	N/A
0001445866-19-000601	1	Preferred	Series Seed Preferred Stock	3011469	000000000	n/a
0001445866-19-000601	1	Common	Common Stock	16920357	000000000	n/a
0001445866-19-000601	1	Debt Securities	n/a	0	000000000	n/a
0001493152-19-007578	1	Common	Membership Interests	100	000000000	NONE
0001493152-19-007578	1	Debt Securities	NONE	0	000000000	NONE
0001493152-19-007578	1	Preferred	None	0	000000000	NONE
0001213900-19-008902	1	Debt Securities	None	0	000000000	None
0001213900-19-008902	1	Preferred	None	0	000000000	None
0001213900-19-008902	1	Common	Common Stock	12527436	000000000	None
0001144204-19-026592	1	Common	common	281742840	000900475	None
0001144204-19-026592	1	Preferred	None	0	000000000	None
0001144204-19-026592	1	Debt Securities	None	0	000000000	None
0001144204-19-026408	1	Common	Common Shares	4776517	000000000	N/A
0001144204-19-026408	1	Preferred	N/A	0	000000000	N/A
0001144204-19-026408	1	Debt Securities	N/A	0	000000000	N/A
0001144204-19-026406	1	Common	Common Shares	4593217	000000000	N/A
0001144204-19-026406	1	Preferred	N/A	0	000000000	N/A
0001144204-19-026406	1	Debt Securities	N/A	0	000000000	N/A
0001062993-19-002274	1	Preferred	Preferred Stock	11111111	000000000	None
0001062993-19-002274	1	Common	Common Stock	60424575	21074G101	TSX Venture Exchange
0001062993-19-002274	1	Debt Securities	None	0	000000000	None
0001144204-19-026265	1	Common	Common Stock	2500	000000000	None
0001144204-19-026265	1	Debt Securities	None	0	000000000	None
0001144204-19-026265	1	Preferred	None	0	000000000	None
0001761911-19-000004	1	Common	Class A and B Common	58235000	N/A	N/A
0001761911-19-000004	1	Debt Securities	None	0	N/A	N/A
0001761911-19-000004	1	Preferred	None	0	N/A	N/A
0001742808-19-000003	1	Preferred		0		
0001742808-19-000003	1	Debt Securities		0		
0001742808-19-000003	1	Common	Common Shares	5000000	None	None
0001062993-19-002139	1	Common	Common Stock	60424575	21074G101	TSX Venture Exchange
0001062993-19-002139	1	Preferred	Preferred Stock	11111111	000000000	None
0001062993-19-002139	1	Debt Securities	None	0	000000000	None
0001214659-19-003389	1	Common	Common Equity	9259115	26140E501	NYSE American
0001214659-19-003389	1	Preferred	Series A Preferred Equity	1504	U23339507	N/A
0001214659-19-003389	1	Debt Securities	Debt Securities	1316097	000000000	N/A
0001214659-19-003389	2	Common	Options to Purchase Common Stk	360250	000000000	N/A
0001214659-19-003389	3	Common	Warrants to Acquire Common Stk	936381	000000000	N/A
0001214659-19-003389	2	Preferred	Series B Preferred Equity	125000	000000000	N/A
0001144204-19-025401	1	Preferred	N/A	0	000000000	N/A
0001144204-19-025401	1	Common	Common Shares	1788400	000000000	N/A
0001144204-19-025401	1	Debt Securities	N/A	0	000000000	N/A
0001144204-19-025397	1	Common	Common Shares	3362476	000000000	N/A
0001144204-19-025397	1	Debt Securities	N/A	0	000000000	N/A
0001144204-19-025397	1	Preferred	N/A	0	000000000	N/A
0001144204-19-025359	1	Common	Common Shares	500	000000000	None
0001144204-19-025359	1	Debt Securities	None	0	000000000	None
0001144204-19-025359	1	Preferred	None	0	000000000	None
0001144204-19-025356	1	Preferred	None	0	000000000	None
0001144204-19-025356	1	Debt Securities	None	0	000000000	None
0001144204-19-025356	1	Common	Common Shares	500	000000000	None
0001117768-19-000244	1	Common	COMMON	70916	51509W108	OTC Pinksheets
0001117768-19-000244	1	Debt Securities		0		
0001117768-19-000244	1	Preferred	Preferred A	5000000	51509W108	NONE
0001144204-19-024920	1	Debt Securities	N/A	0	000000000	N/A
0001144204-19-024920	1	Common	Common Stock	100000000	000000000	N/A
0001144204-19-024920	1	Preferred	Non Voting Pref Series A	108505206	45113R208	OTC RWRDP
0001654954-19-005530	1	Debt Securities	N/A	0	000000000	N/A
0001654954-19-005530	1	Preferred	Series A Preferred Stock	280000	000000000	N/A
0001654954-19-005530	1	Common	Common Stock	12895062	00056469P	Pink Open Market
0001144204-19-024416	1	Preferred	Series Seed	568796	000000N/A	N/A
0001144204-19-024416	1	Common	Common Stock	1732585	000000N/A	N/A
0001144204-19-024416	1	Debt Securities	Convertible Promissory Notes	2050000	000000N/A	N/A
0001144204-19-024416	2	Preferred	Series A Preferred Stock	747373	000000N/A	N/A
0001022183-19-000007	1	Common	1,000,000,000	58593479	12506E 10	OTC Markets CBSC
0001022183-19-000007	1	Debt Securities	NONE	0		
0001022183-19-000007	1	Preferred	100,000,000	1000000	12506E 10	None
0000806171-19-000033	1	Debt Securities	none	0	000000000	none
0000806171-19-000033	1	Common	Common	85700000	00000none	none
0000806171-19-000033	1	Preferred	none	0	000000000	none
0001477932-19-002375	1	Preferred	Preferred Membership Interests	0		
0001477932-19-002375	1	Debt Securities		0		
0001477932-19-002375	1	Common	Management Interests	100	None	None
0001683168-19-001384	1	Debt Securities	n/a	0	000000000	none
0001683168-19-001384	1	Preferred	n/a	0	000000000	none
0001683168-19-001384	1	Common	Class A Common Stock	295761699	02563X102	OTC Markets, Pink Open Market
0001144204-19-024016	1	Preferred	N/A	0	000000N/A	N/A
0001144204-19-024016	1	Common	Common Bits	25000	000000N/A	N/A
0001144204-19-024016	1	Debt Securities	N/A	0	000000N/A	N/A
0001775196-19-000003	2	Common	Class B Common Stock	11000000	0	Not trading
0001775196-19-000003	1	Common	Class A Common Stock	3930000	0	Not trading
0001775196-19-000003	1	Debt Securities		0		
0001775196-19-000003	1	Preferred		0		
0001104659-19-027213	1	Common	Common shares	1430396	N/A	N/A
0001104659-19-027213	1	Debt Securities		0		
0001104659-19-027213	1	Preferred		0		
0001144204-19-023727	2	Preferred	Series A Preferred Stock	747373	000000N/A	N/A
0001144204-19-023727	1	Common	Common Stock	1732585	000000N/A	N/A
0001144204-19-023727	1	Debt Securities	Convertible Promissory Notes	2050000	000000N/A	N/A
0001144204-19-023727	1	Preferred	Series Seed	568796	000000N/A	N/A
0001688804-19-000009	2	Common	Series #69BM1	2000	0	None
0001688804-19-000009	3	Common	Series #85FT1	2000	0	None
0001688804-19-000009	4	Common	Series #88LJ1	2000	0	None
0001688804-19-000009	5	Common	Series #55PS1	2000	0	None
0001688804-19-000009	6	Common	Series #95BL1	2000	0	None
0001688804-19-000009	1	Common	Series #77LE1	2000	0	None
0001688804-19-000009	1	Preferred		0		
0001688804-19-000009	1	Debt Securities		0		
0001688804-19-000009	10	Common	#98DV1	2000	0	None
0001688804-19-000009	8	Common	Series #89PS1	2000	0	None
0001688804-19-000009	9	Common	Series #83FB1	5000	0	None
0001688804-19-000009	7	Common	Series #90FM1	2000	0	None
0001688804-19-000008	1	Preferred		0		
0001688804-19-000008	10	Common	#98DV1	2000	0	None
0001688804-19-000008	9	Common	Series #83FB1	5000	0	None
0001688804-19-000008	8	Common	Series #89PS1	2000	0	None
0001688804-19-000008	7	Common	Series #90FM1	2000	0	None
0001688804-19-000008	6	Common	Series #95BL1	2000	0	None
0001688804-19-000008	4	Common	Series #88LJ1	2000	0	None
0001688804-19-000008	3	Common	Series #85FT1	2000	0	None
0001688804-19-000008	2	Common	Series #69BM1	2000	0	None
0001688804-19-000008	1	Common	Series #77LE1	2000	0	None
0001688804-19-000008	1	Debt Securities		0		
0001688804-19-000008	5	Common	Series #55PS1	2000	0	None
0001213900-19-007764	1	Common	Common Shares	1000000	000000000	n/a
0001213900-19-007764	1	Debt Securities	n/a	0	000000000	n/a
0001213900-19-007764	1	Preferred	Investor Shares	0	000000000	n/a
0001144204-19-023448	1	Debt Securities	N/A	0	000000000	N/A
0001144204-19-023448	1	Common	Class B Units	12500000	000000000	N/A
0001144204-19-023448	1	Preferred	N/A	0	000000000	N/A
0001493152-19-006322	1	Debt Securities	NA	0	000000000	NA
0001493152-19-006322	1	Common	Class A	6526792	000000000	NA
0001493152-19-006322	1	Preferred	NA	0	000000000	NA
0001493152-19-006322	2	Common	Class B	1975333	000000000	NA
0001445866-19-000505	1	Preferred	0	0		
0001445866-19-000505	1	Common	0	0		
0001445866-19-000505	1	Debt Securities	0	0		
0001683168-19-001320	1	Common	Class A Common Units	1384615	00000000.	none
0001683168-19-001320	1	Debt Securities	None	0	00000000.	none
0001683168-19-001320	1	Preferred	none	0	00000000.	none
0001493152-19-006265	1	Preferred	None	0	000000000	NONE
0001493152-19-006265	1	Debt Securities	NONE	0	000000000	NONE
0001493152-19-006265	1	Common	Membership Interests	16015	000000000	NONE
0000806171-19-000031	1	Common	Common	85700000	00000none	none
0000806171-19-000031	1	Debt Securities	none	0	000000000	none
0000806171-19-000031	1	Preferred	none	0	000000000	none
0001193125-19-130175	1	Preferred	N/A	0	000000000	None
0001193125-19-130175	1	Debt Securities	N/A	0	000000000	None
0001193125-19-130175	1	Common	Common LLC interests	0	000000000	None
0001391609-19-000091	1	Preferred	None	0	000000000	None
0001391609-19-000091	1	Debt Securities	None	0	000000000	None
0001391609-19-000091	1	Common	Common	79352543	57161M106	None
0001213900-19-007449	1	Preferred	None	0	000000000	None
0001213900-19-007449	1	Common	Common	8274272122	25600R309	None
0001213900-19-007449	1	Debt Securities	None	0	000000000	None
0001213900-19-007421	1	Common	Class P Common Stock	1505	000000000	N/A
0001213900-19-007421	1	Preferred	Class M Common Stock	1	000000000	N/A
0001213900-19-007421	1	Debt Securities	N/A	0	000000000	N/A
0001144204-19-022185	1	Preferred	Series Seed	568796	000000N/A	N/A
0001144204-19-022185	1	Common	Common Stock	1732585	000000N/A	N/A
0001144204-19-022185	1	Debt Securities	Convertible Promissory Notes	2050000	000000N/A	N/A
0001144204-19-022185	2	Preferred	Series A Preferred Stock	747373	000000N/A	N/A
0001703429-19-000011	1	Common	Common	324739783	45338P102	OTC Pink Market Tier
0001703429-19-000011	1	Preferred	Preferred	0	45338P102	OTC MarketPlace
0001703429-19-000011	1	Debt Securities	None	0	000000000	OTC MarketPlace
0001144204-19-021670	1	Preferred	Series A Preferred Equity	14488075	000000000	N/A
0001144204-19-021670	2	Preferred	Series B Preferred Equity	34785700	000000000	N/A
0001144204-19-021670	1	Common	Options to Purchase Common Stk	5771575	000000000	N/A
0001144204-19-021670	2	Debt Securities	StreetShares Pro Securities	28707305	000000000	N/A
0001144204-19-021670	1	Debt Securities	StreetShares Notes	827717	000000000	N/A
0001144204-19-021670	2	Common	Warrants to Acquire Common Stk	390196	000000000	N/A
0001104659-19-024104	1	Preferred		0		
0001104659-19-024104	1	Debt Securities		0		
0001104659-19-024104	1	Common	Common shares	1430396	N/A	N/A
0000715812-19-000014	1	Common	Common	66810	000000000	-
0000715812-19-000014	1	Debt Securities	-	0	000000000	-
0000715812-19-000014	1	Preferred	-	0	000000000	-
0001766570-19-000004	1	Preferred		0		
0001766570-19-000004	1	Debt Securities		0		
0001766570-19-000004	1	Common	Voting Shares	1000	none	none
0001493152-19-005903	1	Debt Securities	None	0	000000000	None
0001493152-19-005903	1	Preferred	None	0	000000000	None
0001493152-19-005903	1	Common	Common Stock	11150000	000000000	None
0001477932-19-001946	1	Preferred	Class A Interests	0		
0001477932-19-001946	1	Debt Securities	Debt Securities	0		
0001477932-19-001946	1	Common	Class B interests	1000	None	None
0001144204-19-020690	2	Preferred	Series A Preferred Stock	747373	000000N/A	N/A
0001144204-19-020690	1	Preferred	Series Seed	568796	000000N/A	N/A
0001144204-19-020690	1	Debt Securities	Convertible Promissory Notes	2050000	000000N/A	N/A
0001144204-19-020690	1	Common	Common Stock	1732585	000000N/A	N/A
0001486452-19-000005	1	Debt Securities	N/A	0		
0001486452-19-000005	1	Preferred	SERIES A SUPER VOTING PREFERRD	2000000	N/A	N/A
0001486452-19-000005	1	Common	COMMON	383528049	18717D206	OTC Markets (OTC Pink)
0001683168-19-001145	1	Common	Class A and B Common Stock	1390110900	0000000na	na
0001683168-19-001145	1	Debt Securities	none	0	0000000na	na
0001683168-19-001145	1	Preferred	none	0	0000000na	na
0001765320-19-000004	1	Preferred	SERIES A VOTING CONVERTIBLE	1000000	N/A	N/A
0001765320-19-000004	1	Debt Securities		0	N/A	
0001765320-19-000004	1	Common	COMMON	47115000	09183F10	N/A
0001615774-19-006042	1	Common	Common Stock	1	000000N/A	N/A
0001615774-19-006042	1	Debt Securities	N/A	0	000000N/A	N/A
0001615774-19-006042	1	Preferred	N/A	0	000000N/A	N/A
0001615774-19-006041	1	Common	Common Stock	1	000000N/A	N/A
0001615774-19-006041	1	Preferred	N/A	0	000000N/A	N/A
0001615774-19-006041	1	Debt Securities	N/A	0	000000N/A	N/A
0001615774-19-006040	1	Preferred	N/A	0	000000N/A	N/A
0001615774-19-006040	1	Common	Common Stock	1	000000N/A	N/A
0001615774-19-006040	1	Debt Securities	N/A	0	000000N/A	N/A
0001615774-19-006039	1	Debt Securities	N/A	0	000000N/A	N/A
0001615774-19-006039	1	Preferred	N/A	0	000000N/A	N/A
0001615774-19-006039	1	Common	Common Stock	1	000000N/A	N/A
0001615774-19-006038	1	Preferred	N/A	0	000000N/A	N/A
0001615774-19-006038	1	Common	Common Stock	1	000000N/A	N/A
0001615774-19-006038	1	Debt Securities	N/A	0	000000N/A	N/A
0001615774-19-006037	1	Debt Securities	N/A	0	000000N/A	N/A
0001615774-19-006037	1	Common	Common Stock	1	000000N/A	N/A
0001615774-19-006037	1	Preferred	N/A	0	000000N/A	N/A
0001615774-19-006036	1	Common	Common Stock	1	000000N/A	N/A
0001615774-19-006036	1	Preferred	N/A	0	000000N/A	N/A
0001615774-19-006036	1	Debt Securities	N/A	0	000000N/A	N/A
0001615774-19-006035	1	Preferred	N/A	0	000000N/A	N/A
0001615774-19-006035	1	Common	Common Stock	1	000000N/A	N/A
0001615774-19-006035	1	Debt Securities	N/A	0	000000N/A	N/A
0001615774-19-006034	1	Common	Common Stock	1	000000N/A	N/A
0001615774-19-006034	1	Debt Securities	N/A	0	000000N/A	N/A
0001615774-19-006034	1	Preferred	N/A	0	000000N/A	N/A
0001615774-19-006033	1	Debt Securities	N/A	0	000000N/A	N/A
0001615774-19-006033	1	Common	Common Stock	1	000000N/A	N/A
0001615774-19-006033	1	Preferred	N/A	0	000000N/A	N/A
0001615774-19-006032	1	Debt Securities	N/A	0	000000N/A	N/A
0001615774-19-006032	1	Preferred	N/A	0	000000N/A	N/A
0001615774-19-006032	1	Common	Common Stock	1	000000N/A	N/A
0001062993-19-001809	1	Debt Securities	None	0	000000000	None
0001062993-19-001809	1	Common	Common Stock	60424575	21074G101	TSX Venture Exchange
0001062993-19-001809	1	Preferred	Preferred Stock	11111111	000000000	None
0001144204-19-020370	1	Debt Securities	N/A	0	000000000	N/A
0001144204-19-020370	1	Common	Common Shares	5966627	000000000	N/A
0001144204-19-020370	1	Preferred	N/A	0	000000000	N/A
0001078782-19-000357	1	Debt Securities		0		
0001078782-19-000357	1	Preferred		0		
0001078782-19-000357	1	Common	Common Stock	10000000	90467W106	None
0001078782-19-000349	1	Debt Securities		0		
0001078782-19-000349	1	Preferred		0		
0001078782-19-000349	1	Common	Common Stock	10000000	90467W106	None
0001144204-19-020203	1	Preferred	None	0	000000000	None
0001144204-19-020203	1	Common	Common Stock	100	000000000	None
0001144204-19-020203	1	Debt Securities	None	0	000000000	None
0001683168-19-001112	1	Debt Securities	none	0	000000N/A	N/A
0001683168-19-001112	1	Common	Series Moonless Sky	200	000000N/A	N/A
0001683168-19-001112	1	Preferred	none	0	000000N/A	N/A
0001683168-19-001112	10	Common	Series Zestful	77	000000N/A	N/A
0001683168-19-001112	9	Common	Series Takeo Squared	100	000000N/A	N/A
0001683168-19-001112	8	Common	Series Tavasco Road	72	000000N/A	N/A
0001683168-19-001112	7	Common	Series Amers	55	000000N/A	N/A
0001683168-19-001112	6	Common	Series Soul Beam	62	000000N/A	N/A
0001683168-19-001112	5	Common	Series Cairo Kiss	80	000000N/A	N/A
0001683168-19-001112	4	Common	Series Bullion	25	000000N/A	N/A
0001683168-19-001112	3	Common	Series Swiss Minister	27	000000N/A	N/A
0001683168-19-001112	2	Common	Series Sigesmund	61	000000N/A	N/A
0001615774-19-005921	1	Debt Securities	N/A	0	000000N/A	N/A
0001615774-19-005921	1	Common	Common Stock	1	000000N/A	N/A
0001615774-19-005921	1	Preferred	N/A	0	000000N/A	N/A
0001144204-19-020132	1	Common	Common Stock	1503391	000000N/A	N/A
0001144204-19-020132	1	Preferred	N/A	0	000000N/A	N/A
0001144204-19-020132	1	Debt Securities	N/A	0	000000N/A	N/A
0001761911-19-000003	1	Preferred	None	0	N/A	N/A
0001761911-19-000003	1	Common	Class A and B Common	58235000	N/A	N/A
0001761911-19-000003	1	Debt Securities	None	0	N/A	N/A
0001615774-19-005918	1	Preferred	None	0	000000000	None
0001615774-19-005918	1	Common	Common Stock	11150000	000000000	None
0001615774-19-005918	1	Debt Securities	None	0	000000000	None
0001493152-19-005580	1	Common	Membership Interests	16015	000000000	NONE
0001493152-19-005580	1	Preferred	None	0	000000000	NONE
0001493152-19-005580	1	Debt Securities	NONE	0	000000000	NONE
0001683168-19-001107	1	Preferred	A, B, C	13	22547L107	na
0001683168-19-001107	1	Debt Securities	none	0	0000000na	na
0001683168-19-001107	1	Common	Common	2148512607	22547L107	OTC Pink
0001683168-19-001097	1	Debt Securities	none	0	0000000na	n/a
0001683168-19-001097	1	Preferred	none	0	0000000na	n/a
0001683168-19-001097	2	Common	Common Stock Class B	108000000	000000n/a	n/a
0001683168-19-001097	1	Common	Common Stock Class A	2459138840	423703107	OTC Pink Sheets
0001117768-19-000207	1	Common	COMMON	70916	51509W108	OTC Pinksheets
0001117768-19-000207	1	Preferred	Preferred A	5000000	51509W108	NONE
0001117768-19-000207	1	Debt Securities		0		
0001144204-19-019955	1	Preferred	Series Seed Preferred Stock	568796	000000N/A	N/A
0001144204-19-019955	2	Preferred	Series A Preferred Stock	747373	000000N/A	N/A
0001144204-19-019955	1	Common	Common Stock	1732585	000000N/A	N/A
0001144204-19-019955	1	Debt Securities	Convertible Promissory Notes	2050000	000000N/A	N/A
0001144204-19-019961	1	Debt Securities	Convertible Promissory Notes	2050000	000000N/A	N/A
0001144204-19-019961	2	Preferred	Series A Preferred Stock	747373	000000N/A	N/A
0001144204-19-019961	1	Preferred	Series Seed	568796	000000N/A	N/A
0001144204-19-019961	1	Common	Common Stock	1732585	000000N/A	N/A
0001477932-19-001807	1	Common	Common	462383968	05575C206	None
0001477932-19-001807	1	Debt Securities	None	0	None	None
0001477932-19-001807	1	Preferred	None	0	None	None
0001144204-19-019812	1	Preferred	NA	0	000000000	NA
0001144204-19-019812	1	Debt Securities	NA	0	000000000	NA
0001144204-19-019812	1	Common	Common Shares	6278158	000000000	NA
0001144204-19-019806	1	Preferred	N/A	0	000000000	N/A
0001144204-19-019806	1	Common	Common Shares	6010670	000000000	N/A
0001144204-19-019806	1	Debt Securities	N/A	0	000000000	N/A
0001144204-19-019744	1	Common	Class B Common Stock	18000000	000000N/A	N/A
0001144204-19-019744	1	Debt Securities	N/A	0	000000N/A	N/A
0001144204-19-019744	1	Preferred	N/A	0	000000N/A	N/A
0001144204-19-019703	1	Common	N/A	0	000000000	N/A
0001144204-19-019703	1	Debt Securities	N/A	0	000000000	N/A
0001144204-19-019703	1	Preferred	N/A	0	000000000	N/A
0001078782-19-000331	1	Preferred	Preferred Stock	0		
0001078782-19-000331	1	Debt Securities	Debt	75000	None	None
0001078782-19-000331	1	Common	Common Stock	15276724	46265G107	OTC Pink
0000806171-19-000028	1	Common	Common	85700000	00000none	none
0000806171-19-000028	1	Debt Securities	none	0	000000000	none
0000806171-19-000028	1	Preferred	none	0	000000000	none
0001144204-19-019539	1	Debt Securities	N/A	0	000000000	N/A
0001144204-19-019539	1	Preferred	N/A	0	000000000	N/A
0001144204-19-019539	1	Common	Class B Common Stock	1600000	000000000	N/A
0000715812-19-000012	1	Debt Securities	-	0	000000000	-
0000715812-19-000012	1	Preferred	-	0	000000000	-
0000715812-19-000012	1	Common	Common	66810	000000000	-
0001144204-19-019471	1	Debt Securities	Convertible Promissory Notes	2050000	000000N/A	N/A
0001144204-19-019471	1	Preferred	Series Seed	568796	000000N/A	N/A
0001144204-19-019471	2	Preferred	Series A Preferred Stock	747373	000000N/A	N/A
0001144204-19-019471	1	Common	Common Stock	1732585	000000N/A	N/A
0001144204-19-019470	1	Common	Common Stock	1732585	000000N/A	N/A
0001144204-19-019470	2	Preferred	Series A Preferred Stock	747373	000000N/A	N/A
0001144204-19-019470	1	Preferred	Series Seed	568796	000000N/A	N/A
0001144204-19-019470	1	Debt Securities	Convertible Promissory Notes	2050000	000000N/A	N/A
0001144204-19-019468	1	Common	Common Stock	1732585	000000N/A	N/A
0001144204-19-019468	2	Preferred	Series A Preferred Stock	747373	000000N/A	N/A
0001144204-19-019468	1	Preferred	Series Seed Preferred Stock	568796	000000N/A	N/A
0001144204-19-019468	1	Debt Securities	Convertible Promissory Notes	2050000	000000N/A	N/A
0001144204-19-019402	1	Common	Common Shares	500	000000000	None
0001144204-19-019402	1	Preferred	None	0	000000000	None
0001144204-19-019402	1	Debt Securities	None	0	000000000	None
0001144204-19-019405	1	Common	Common Shares	500	000000000	None
0001144204-19-019405	1	Preferred	None	0	000000000	None
0001144204-19-019405	1	Debt Securities	None	0	000000000	None
0001477932-19-001651	1	Common	Common Stock	1000000	None	None
0001477932-19-001651	1	Preferred	TCM Coin Series Preferred	0		
0001477932-19-001651	1	Debt Securities		0		
0001104659-19-020748	6	Preferred	Series A-6	83523	000000N/A	N/A
0001104659-19-020748	7	Preferred	Series A-7	19146	000000N/A	N/A
0001104659-19-020748	4	Preferred	Series A-4	1162059	000000N/A	N/A
0001104659-19-020748	3	Preferred	Series A-3	120238	000000N/A	N/A
0001104659-19-020748	1	Debt Securities		0		
0001104659-19-020748	1	Preferred	Series A-1	2638835	000000N/A	N/A
0001104659-19-020748	5	Preferred	Series A-5	94332	000000N/A	N/A
0001104659-19-020748	2	Preferred	Series A-2	440365	000000N/A	N/A
0001104659-19-020748	1	Common	Common Stock	9131646	000000N/A	N/A
0001262463-19-000104	1	Preferred	Series A Preferred Stock	0	000000N/A	N/A
0001262463-19-000104	1	Debt Securities	N/A	0	000000N/A	N/A
0001262463-19-000104	1	Common	Common Stock	161199289	90187E204	OTC.QB
0001213900-19-006106	1	Common	Common Stock	1559720	246694103	OTC Markets
0001213900-19-006106	1	Debt Securities	None	0	000000000	None
0001213900-19-006106	1	Preferred	Preferred Stock	0	000000000	None
0001062993-19-001636	1	Common	Common Stock	60424575	21074G101	TSX Venture Exchange
0001062993-19-001636	1	Debt Securities	None	0	000000000	None
0001062993-19-001636	1	Preferred	Preferred Stock	11111111	000000000	None
0001760319-19-000010	1	Debt Securities	0	0	0	0
0001760319-19-000010	1	Preferred	0	0	0	
0001760319-19-000010	1	Common	Common Stock	19700000	0	0
0001760319-19-000009	1	Common	Common Stock	19700000	0	0
0001760319-19-000009	1	Preferred	0	0	0	
0001760319-19-000009	1	Debt Securities	0	0	0	0
0001477932-19-001532	1	Common	Interests in a Series LLC	0	None	
0001477932-19-001532	1	Preferred		0		
0001477932-19-001532	1	Debt Securities		0		
0001731302-19-000002	1	Debt Securities		0		
0001731302-19-000002	1	Preferred		0		
0001731302-19-000002	1	Common		0		
0001214659-19-002606	1	Debt Securities	None	0	00000None	Not Applicable
0001214659-19-002606	1	Preferred	None	0	00000None	Not Applicable
0001214659-19-002606	1	Common	Common Stock	8120000	00000None	Not Applicable
0001144204-19-018635	1	Common	Class B Common Stock	18000000	000000N/A	N/A
0001144204-19-018635	1	Debt Securities	N/A	0	000000N/A	N/A
0001144204-19-018635	1	Preferred	N/A	0	000000N/A	N/A
0001144204-19-018519	1	Common	Class B Common Stock	18000000	000000N/A	N/A
0001144204-19-018519	1	Debt Securities	N/A	0	000000N/A	N/A
0001144204-19-018519	1	Preferred	N/A	0	000000N/A	N/A
0001144204-19-018173	1	Preferred	Series Seed	568796	000000N/A	N/A
0001144204-19-018173	1	Common	Common Stock	1136406	000000N/A	N/A
0001144204-19-018173	1	Debt Securities	Convertible Promissory Notes	2050000	000000N/A	N/A
0001144204-19-018173	2	Preferred	Series A Preferred Stock	747373	000000N/A	N/A
0000806171-19-000025	1	Debt Securities	none	0	000000000	none
0000806171-19-000025	1	Common	Common	85700000	00000none	none
0000806171-19-000025	1	Preferred	none	0	000000000	none
0001615774-19-005327	1	Common	Common Stock	11150000	000000000	None
0001615774-19-005327	1	Debt Securities	None	0	000000000	None
0001615774-19-005327	1	Preferred	None	0	000000000	None
0001213900-19-005711	1	Preferred	n/a	0	000000000	n/a
0001213900-19-005711	1	Debt Securities	n/a	0	000000000	n/a
0001213900-19-005711	1	Common	Series #KW	1	000000000	n/a
0001022183-19-000006	1	Common	1,000,000,000	58593479	12506E 10	OTC Markets CBSC
0001022183-19-000006	1	Debt Securities	NONE	0		
0001022183-19-000006	1	Preferred	100,000,000	1000000	12506E 10	None
0001213900-19-005694	1	Common	Common Stock	1000000	000000000	N/A
0001213900-19-005694	1	Debt Securities	N/A	0	000000000	N/A
0001213900-19-005694	1	Preferred	Series A Preferred Stock	0	000000000	N/A
0001721868-19-000161	1	Common	5000000000	4528205518	000682203	OTC Markets
0001721868-19-000161	1	Debt Securities	0	0	000000000	0
0001721868-19-000161	1	Preferred	30000000	30000000	0000000NA	NA
0001213900-19-005593	1	Preferred	Investor Shares	0	000000000	n/a
0001213900-19-005593	1	Common	Common Shares	1000000	000000000	n/a
0001213900-19-005593	1	Debt Securities	n/a	0	000000000	n/a
0001654954-19-003930	1	Preferred	None	0	000000000	N/A
0001654954-19-003930	1	Common	Class A Common	230667223	25381C109	OTC.PK
0001654954-19-003930	1	Debt Securities	None	0	000000000	N/A
0001654954-19-003930	2	Common	Class B Voting/Now Particip	1100000	000000000	N/A
0001615774-19-005108	1	Debt Securities	None	0	000000000	None
0001615774-19-005108	1	Common	Common Stock	11150000	000000000	None
0001615774-19-005108	1	Preferred	None	0	000000000	None
0001762205-19-000001	1	Common		0		
0001762205-19-000001	1	Preferred		0		
0001762205-19-000001	1	Debt Securities		0		
