ACCESSION_NUMBER	SI_ID	ISSUEDSECURITIESTITLE
0001493152-19-009899	1	Common Stock
0001144204-19-032520	1	Common Shares
0001683168-19-001981	1	Series LLC Interests (Qualified but not yet Issued under Reg. A)
0001477932-19-003639	1	Common Stock
0001213900-19-010585	1	Class A Common Stock
0001010549-19-000142	1	Common Stock
0001683168-19-001840	1	Common Stock
0001144204-19-029212	1	Common Shares
0001144204-19-029209	1	Common Shares
0001477932-19-003185	1	Class A Interests
0001659173-19-000086	1	Title of Securities: 5 year, 9.0% unsecured promissory notes
0001493152-19-007931	1	Class A Common Stock.
0001477932-19-002927	1	Common Stock
0001683168-19-001549	1	Class A Common Stock
0001477932-19-002373	1	Preferred Interests
0001144204-19-024020	1	Common Stock
0001144204-19-023550	1	Series C Membership Interests
0001144204-19-023262	1	Series A Preferred Stock, Series A-2 Preferred Stock, Series A-3 Preferred Stock
0001445866-19-000507	2	Class B Unit
0001445866-19-000507	1	Class A Unit
0001213900-19-007677	1	Common Stock
0001193125-19-133582	1	Class A Common Stock
0001079973-19-000254	1	Class A voting common stock and Class B nonvoting common stock
0001193125-19-133301	1	Class A Common Stock
0001683168-19-001302	1	Class A Interests
0001683168-19-001290	1	Series A Preferred Stock
0001144204-19-022831	1	Common Stock
0001213900-19-007543	1	Series A. Investor Shares
0001144204-19-022711	1	Limited Recourse Obligations (LROs); Common Stock
0001688804-19-000007	11	Series #06FS1 membership interests
0001688804-19-000007	12	Series #02AX1 membership interests
0001688804-19-000007	13	Series #99LE1 membership interests
0001688804-19-000007	14	Series #91MV1 membership interests
0001688804-19-000007	15	Series #92LD1 membership interests
0001688804-19-000007	16	Series #94DV1 membership interests
0001688804-19-000007	10	Series #93XJ1 membership interests
0001688804-19-000007	9	Series #98DV1 membership interests
0001688804-19-000007	8	Series #83FB1 membership interests
0001688804-19-000007	7	Series #90FM1 membership interests
0001688804-19-000007	6	Series #89PS1 membership interests
0001688804-19-000007	5	Series #95BL1 membership interests
0001688804-19-000007	4	Series #55PS1 membership interests
0001688804-19-000007	3	Series #88LJ1 membership interests
0001688804-19-000007	2	Series #85FT1 membership interests
0001688804-19-000007	1	Series #69BM1 membership interests
0001654954-19-005068	1	Common Stock
0001477932-19-002209	1	Preferred Interests
0001144204-19-022496	1	Class C Common Stock
0001144204-19-022472	1	Debentures
0001193125-19-129679	1	Unclassified Shares of Common Stock
0001213900-19-007479	1	Series A. Investor Shares
0001214659-19-003054	1	CNote Notes
0001615774-19-006742	1	Common Stock
0001654954-19-005047	1	Common Stock
0001144204-19-022426	1	Common Stock
0001144204-19-022418	1	Class A Common Stock
0001213900-19-007471	1	Series B Preferred Stock
0001477932-19-002196	1	Class A Interests
0001558370-19-003638	1	Common Stock
0001144204-19-022405	1	Class A Common Stock
0001683168-19-001258	1	Class B Common Stock, Class A Bonds
0001161697-19-000163	1	Common Shares
0001193125-19-129335	1	Limited Liability Company Interests
0001477932-19-002187	1	Senior Secured Demand Notes
0001703732-19-000002	1	Common Stock
0001144204-19-022346	1	Class A Preferred Stock
0001640334-19-000723	1	Class A Common Stock
0001144204-19-022341	1	Class A Common Stock
0001703732-19-000001	1	Class A Common
0001520138-19-000124	1	Common Stock
0001654954-19-005020	1	Common Stock
0001213900-19-007413	1	Class P Common Stock
0001079973-19-000249	1	Class A voting common stock and Class B nonvoting common stock
0001052918-19-000110	1	Series A Preferred Stock
0001493152-19-006137	1	11,698,500 SHARES OF COMMON STOCK; 1,000,000 SHARES OF PREFERRED STOCK
0001683168-19-001238	1	Class A Common Stock
0001144204-19-022062	1	Series m Preferred Stock
0001144204-19-022002	1	Series A Preferred Stock
0001193125-19-125999	1	Unclassified Shares of Common Stock
0001193125-19-126020	1	Unclassified Shares of Common Stock
0001144204-19-022007	1	Common Shares
0001144204-19-021994	1	Common Shares
0001683168-19-001224	1	Common Stock Class A
0001144204-19-021961	1	Common Bits
0001144204-19-021938	1	Series A Non-Voting Preferred Stock
0001213900-19-007296	1	Common Units
0001723028-19-000003	1	Common Stock
0001477932-19-002089	1	Common Stock
0001144204-19-021571	1	Common Shares and Series T Preferred Stock
0001654954-19-004884	1	Common Stock
0001558370-19-003220	1	Common Shares
0001213900-19-006977	1	Common stock, par value $0.0001
0001144204-19-020398	1	Common Shares
0001144204-19-020310	1	Common Shares
0001144204-19-020127	1	Common Shares
0001144204-19-020123	1	Common Shares
0001144204-19-019959	1	Common Shares
0001144204-19-019762	1	Common Stock
0001144204-19-019757	1	Common Shares
0001144204-19-019765	1	Common Shares
0001144204-19-019147	1	Common Shares
0001144204-19-018728	1	Common Shares
0001144204-19-018726	1	Common Shares
