ACCESSION_NUMBER	SECURITY_ID	SECURITIESISSUERNAME	SECURITIESISSUERTITLE	SECURITIESISSUEDTOTALAMOUNT	SECURITIESPRINCIPALHOLDERAMT	SECURITIESISSUEDAGGREGATEAMT	AGGREGATECONSIDERATIONBASIS
0001477932-19-003791	1	Verax Research Services, Inc.	Common Shares	57385000	0	0	
0001445866-19-000759	1	Apex Farms Corp.	Common Stock	16920357	0	$1,000 and Services and other non-cash consideration.	
0001445866-19-000759	2	Apex Farms Corp.	Common Stock	16920357	0	$1,000 and Services and other non-cash consideration.	
0001144204-19-032963	3	Groundfloor Finance Inc.	LROs	44816400	0	$44,816,400 were issued and sold pursuant to Offering Circular File No. 024-10753.	
0001144204-19-032963	2	Groundfloor Finance Inc.	LROs	44816400	0	$44,816,400 were issued and sold pursuant to Offering Circular File No. 024-10753.	
0001144204-19-032963	1	Groundfloor Finance Inc.	LROs	44816400	0	$44,816,400 were issued and sold pursuant to Offering Circular File No. 024-10753.	
0001144204-19-032526	1	Knightscope, Inc.	Series S Preferred Stock, Series m-3 Preferred Stock, Series m-3 Preferred Stock Warrants, and Class B Common Stock Warrant, Series m-4 Preferred Stock, Series S Preferred Stock Warrants	2185561	0	$3,579,037, cash purchase price paid for the shares of Series S Preferred Stock and the Series m-3 Preferred Stock. The preferred stock warrants were issued in connection with the purchase of the preferred stock shares or convertible promissory notes, and the common stock warrant was issued in connection with a bank credit facility. The shares of Series m-4 Preferred Stock were issued in exchange for outstanding shares of Series m-3 Preferred Stock at a ratio of 1 to 1.	
0001477932-19-003725	1	MedX Holdings, Inc.	Common Shares	24000000	0	$7,200. The price per share was determined pursuant to the debt conversion formula in the convertible note pursuant to which the shares were issued. The conversion formula is 50% of the lowest price per share for the 30 days prior to conversion.	
0001477932-19-003705	1	Cardone Equity Fund VI, LLC	Class B Interests	1000	0	1000	
0001683168-19-002007	1	Aureus, Inc.	Convertible debt	31050	0	31050	
0001683168-19-002006	1	My Racehorse CA LLC	Series: Amers; Bella Chica; Berengaria '17; Bullion; Cairo Kiss; Country Whirl '17; Kiana's Love; Kichiro; Madarnas; Major Implications; Martita Sangrita '17; Miss Puzzle; Moonless Sky; Night of Idiots; Nileist; Noble Goddess; Sauce On Side; Sigesmund;	2461	0	639060	
0001654954-19-007621	1	Red Oak Capital Fixed Income III, LLC	Limited Liability Company Interests	1	1	$100.00	At its formation, Red Oak Capital Fixed Income Fund III, LLC issued one limited liability company interest to Red Oak Capital GP, LLC, its sole member for a cash contribution of $100.00.
0001144204-19-032124	1	To The Stars Academy of Arts and Science Inc.	Class A Common Stock	274046	0	$1,370,230 at $5.00 per share.	
0001264931-19-000132	1	CBD Brands Inc	Common Stock, $0.001	6158000	0	5,000,000 founders shares at $0.001 (par value) equals $5,000. 1,158,000 shares at $0.25. Total equals $294,500	
0001761911-19-000007	2	Nowigence Inc	Class B Common	37827270	0	The Founders' Class B stock was issued for an aggregate amount of $102,000 which represents $0.002 per share.	
0001761911-19-000007	1	Nowigence Inc	Class B Common	37827270	0	The Founders' Class B stock was issued for an aggregate amount of $102,000 which represents $0.002 per share.	
0001721469-19-000010	1	RAD DIVERSIFIED REIT, INC.	COMMON STOCK	100	0	$10 PER SHARE x 100 SHARES = $1,000	
0001144204-19-031655	1	ERC HOMEBUILDERS 2, INC.	Class B Common Stock	16000000	0	$160 (determined at $0.00001 per share)	
0001683168-19-001946	1	Image Protect, Inc.	Common	521859629	0	165634	
0001628279-19-000230	1	YouNow, Inc.	Tokens	225590602	0	$20,793,952 Upon conversion of SAFT's and pursuant to adviser grants for services.	
0001628279-19-000230	3	YouNow, Inc.	Tokens	225590602	0	$20,793,952 Upon conversion of SAFT's and pursuant to adviser grants for services.	
0001628279-19-000230	2	YouNow, Inc.	Tokens	225590602	0	$20,793,952 Upon conversion of SAFT's and pursuant to adviser grants for services.	
0001144204-19-031395	1	Groundfloor Finance Inc.	LROs	44629750	0	$44,629,750 were issued and sold pursuant to Offering Circular File No. 024-10753.	
0001144204-19-031395	3	Groundfloor Finance Inc.	LROs	44629750	0	$44,629,750 were issued and sold pursuant to Offering Circular File No. 024-10753.	
0001144204-19-031395	2	Groundfloor Finance Inc.	LROs	44629750	0	$44,629,750 were issued and sold pursuant to Offering Circular File No. 024-10753.	
0001144204-19-031176	1	BRIX REIT, Inc.	Common Stock	11400	0	$57,000 at $5.00 per share	
0001766214-19-000018	1	EHedge Financial Holding Corp.	Common Stock	323000000	323000	Par Value	Par Value
0001144204-19-030743	2	CaliberCos Inc.	Common Stock	839448	30619	1438148	55,941
0001144204-19-030743	1	CaliberCos Inc.	Common Stock	839448	30619	1438148	55,941
0001766214-19-000015	1	EHedge Financial Holding Corp	Common Stock	323000000	323000	Par Value	Par Value
0001731122-19-000329	1	CF FUND II, LLC	Promissory Notes	3076306	0	$3,076,306 were issued and sold pursuant to Offering Circular File No. 024-10732 (as may be amended and supplemented from time to time)	
0001594062-19-000050	2	Juva Life, Inc. (California, USA)	Common Shares	86046843	0	$5,142,294 USD	
0001594062-19-000050	1	Juva Life, Inc. (California, USA)	Common Shares	86046843	0	$5,142,294 USD	
0001445866-19-000705	1	Apex Farms Corp.	Common Stock	16920357	0	$1,000 and Services and other non-cash consideration.	
0001445866-19-000705	2	Apex Farms Corp.	Common Stock	16920357	0	$1,000 and Services and other non-cash consideration.	
0001213900-19-010491	1	Building Bits Properties I, LLC	Common Bits	25000	0	25000	
0001213900-19-010356	1	The Marquie Group, Inc.	Common Stock	42000002	0	$41,000	
0001659173-19-000101	1	CapWest Income, LLC	Common Membership Interest Units	75000	0	75000	
0001262463-19-000192	1	Two Hands Corporation	Common Stock	160296854	0	$9,029,735	
0001144204-19-029628	1	iConsumer Corp.	Series A Non-Voting Preferred Stock	217525	0	$32,627.25, at $0.15 per share	
0001144204-19-029570	3	Groundfloor Finance Inc.	LROs	43129750	0	$43,129,750 were issued and sold pursuant to Offering Circular File No. 024-10753.	
0001144204-19-029570	2	Groundfloor Finance Inc.	LROs	43129750	0	$43,129,750 were issued and sold pursuant to Offering Circular File No. 024-10753.	
0001144204-19-029570	1	Groundfloor Finance Inc.	LROs	43129750	0	$43,129,750 were issued and sold pursuant to Offering Circular File No. 024-10753.	
0001144204-19-029564	1	ERC Homebuilders 1, Inc.	Class B Common Stock	16000000	0	$160 (determined at $0.00001 per share)	
0001144204-19-029517	1	To The Stars Academy of Arts and Science Inc.	Class A Common Stock	274046	0	$1,370,230 at $5.00 per share.	
0001731122-19-000298	1	Secured Investment High Yield Fund II, LLC	Membership Interests	1226997	0	$1,226,997 Book Value of the Membership Interests	
0001493152-19-008526	1	Kibush Capital Corp.	common stock	120000000	0	120,000	
0001262463-19-000185	1	Two Hands Corporation	Common Stock	160296854	0	$9,029,735	
0001493152-19-008506	1	FAT Brands, Inc.	Common Stock / Series A Fixed Rate Cumulative Preferred Stock / Series A-1 Fixed Rate Cumulative Preferred Stock	483978	0	Various	
0001078782-19-000488	1	iQSTEL Inc	Common Stock	14573857	0	0	
0001683168-19-001763	1	My Racehorse CA LLC	Series: Moonless Sky; Sigesmund; Swiss Minister; Bullion; Cairo Kiss; Soul Beam; Amers; Tavasco Road; Takeo Squared; Zestful; Berengaria '17; Country Whirl '17; Madarnas; Major Implications; Night of Idiots; Nileist; Noble Goddess; Sauce On Side	619	0	$354,690	
0001144204-19-029248	2	Monogram Orthopaedics, Inc.	Convertible Promissory Notes	1168000	0	$1,168,000	
0001144204-19-029248	1	Monogram Orthopaedics, Inc.	Convertible Promissory Notes	1168000	0	$1,168,000	
0001213900-19-009819	1	Emerald Health Pharmaceuticals Inc.	Common Stock	12530536	0	$13,028,672.50	
0001213900-19-009819	2	Emerald Health Pharmaceuticals Inc.	Common Stock	12530536	0	$13,028,672.50	
0001477932-19-003257	1	Cardone Equity Fund VI, LLC	Class B Interests	1000	0	1000	
0001761911-19-000005	1	Nowigence Inc	Class B Common	37827270	0	The Founders' Class B stock was issued for an aggregate amount of $102,000 which represents $0.002 per share.	
0001761911-19-000005	2	Nowigence Inc	Class B Common	37827270	0	The Founders' Class B stock was issued for an aggregate amount of $102,000 which represents $0.002 per share.	
0001683168-19-001747	1	Aureus, Inc.	Convertible debt	31050	0	31050	
0001213900-19-009545	1	Building Bits Properties I, LLC	Common Bits	25000	0	25000	
0001477932-19-003131	1	Med-X, Inc.	Common Stock	2055832	0	2,055,832 at $0.60 per share ($1,203,499)	
0001477932-19-003121	1	Med-X, Inc.	Common Stock	2055832	0	2,055,832 at $0.60 per share ($1,203,499)	
0001486452-19-000009	4	CLIKIA CORP	COMMON STOCK	15668800	0	$751320 in cash	Issued as performance bonus, valued at $60000 by Board of Directors
0001486452-19-000009	3	CLIKIA CORP	COMMON STOCK	15668800	0	$751320 in cash	Issued as performance bonus, valued at $60000 by Board of Directors
0001486452-19-000009	2	CLIKIA CORP	COMMON STOCK	15668800	0	$751320 in cash	Issued as performance bonus, valued at $60000 by Board of Directors
0001486452-19-000009	1	CLIKIA CORP	COMMON STOCK	15668800	0	$751320 in cash	Issued as performance bonus, valued at $60000 by Board of Directors
0001486452-19-000009	5	CLIKIA CORP	COMMON STOCK	15668800	0	$751320 in cash	Issued as performance bonus, valued at $60000 by Board of Directors
0001486452-19-000009	6	CLIKIA CORP	COMMON STOCK	15668800	0	$751320 in cash	Issued as performance bonus, valued at $60000 by Board of Directors
0001486452-19-000009	7	CLIKIA CORP	COMMON STOCK	15668800	0	$751320 in cash	Issued as performance bonus, valued at $60000 by Board of Directors
0001486452-19-000009	8	CLIKIA CORP	COMMON STOCK	15668800	0	$751320 in cash	Issued as performance bonus, valued at $60000 by Board of Directors
0001486452-19-000009	9	CLIKIA CORP	COMMON STOCK	15668800	0	$751320 in cash	Issued as performance bonus, valued at $60000 by Board of Directors
0001486452-19-000009	10	CLIKIA CORP	COMMON STOCK	15668800	0	$751320 in cash	Issued as performance bonus, valued at $60000 by Board of Directors
0001486452-19-000009	12	CLIKIA CORP	COMMON STOCK	15668800	0	$751320 in cash	Issued as performance bonus, valued at $60000 by Board of Directors
0001486452-19-000009	13	CLIKIA CORP	COMMON STOCK	15668800	0	$751320 in cash	Issued as performance bonus, valued at $60000 by Board of Directors
0001486452-19-000009	14	CLIKIA CORP	COMMON STOCK	15668800	0	$751320 in cash	Issued as performance bonus, valued at $60000 by Board of Directors
0001486452-19-000009	15	CLIKIA CORP	COMMON STOCK	15668800	0	$751320 in cash	Issued as performance bonus, valued at $60000 by Board of Directors
0001486452-19-000009	16	CLIKIA CORP	COMMON STOCK	15668800	0	$751320 in cash	Issued as performance bonus, valued at $60000 by Board of Directors
0001486452-19-000009	17	CLIKIA CORP	COMMON STOCK	15668800	0	$751320 in cash	Issued as performance bonus, valued at $60000 by Board of Directors
0001486452-19-000009	11	CLIKIA CORP	COMMON STOCK	15668800	0	$751320 in cash	Issued as performance bonus, valued at $60000 by Board of Directors
0001659173-19-000093	1	CapWest Income, LLC	Common Membership Interest Units	75000	0	75000	
0001683168-19-001682	1	CBD Life Sciences, Inc.	Common Stock, $0.001 par value	1458088	0	550146	
0001144204-19-027383	1	Knightscope, Inc.	Series S Preferred Stock, Series m-3 Preferred Stock, Series m-3 Preferred Stock Warrants, and Class B Common Stock Warrant	550975	0	$3,579,037, cash purchase price paid for the shares of Series S Preferred Stock and the Series m-3 Preferred Stock. The preferred stock warrants were issued in connection with the purchase of the preferred stock shares, and the common stock warrant was issued in connection with a bank credit facility.	
0001213900-19-009164	2	Emerald Health Pharmaceuticals Inc.	Common Stock	12527436	0	$13,013,172.50	
0001213900-19-009164	1	Emerald Health Pharmaceuticals Inc.	Common Stock	12527436	0	$13,013,172.50	
0001144204-19-027172	2	Groundfloor Finance Inc.	LROs	40959300	0	$40,959,300 were issued and sold pursuant to Offering Circular File No. 024-10753.	
0001144204-19-027172	1	Groundfloor Finance Inc.	LROs	40959300	0	$40,959,300 were issued and sold pursuant to Offering Circular File No. 024-10753.	
0001144204-19-027172	3	Groundfloor Finance Inc.	LROs	40959300	0	$40,959,300 were issued and sold pursuant to Offering Circular File No. 024-10753.	
0001743305-19-000007	1	Seed Equity Properties, LLC	Class A Units	100	0	$125,000	
0001144204-19-026865	1	Fundrise Income eREIT V, LLC	Common Shares	500	500	$5,000 ($10.00 per common share)	Same as above
0001144204-19-026862	1	Fundrise Growth eREIT V, LLC	Common Shares	500	500	$5,000 ($10.00 per common share)	Same as above
0001144204-19-026851	1	BRIX REIT, Inc.	Common Stock	11400	0	$57,000 at $5.00 per share	
0001262463-19-000152	1	Two Hands Corporation	Common Stock	160296854	0	$9,029,735	
0001104659-19-029828	1	Blockstack Token LLC	Stacks Tokens	756827880	0	47926345.75	
0001104659-19-029828	2	Blockstack Token LLC	Stacks Tokens	756827880	0	47926345.75	
0001445866-19-000601	2	Apex Farms Corp.	Common Stock	16920357	0	$1,000 and Services and other non-cash consideration.	
0001445866-19-000601	1	Apex Farms Corp.	Common Stock	16920357	0	$1,000 and Services and other non-cash consideration.	
0001493152-19-007578	1	Masterworks 002, LLC	Membership Interests	100	0	100% of the membership interests in Masterworks 002, LLC in return for a capital contribution of $100	
0001213900-19-008902	2	Emerald Health Pharmaceuticals Inc.	Common Stock	12527436	0	$13,013,172.50	
0001213900-19-008902	1	Emerald Health Pharmaceuticals Inc.	Common Stock	12527436	0	$13,013,172.50	
0001062993-19-002274	1	Contact Gold Corp.	Common Stock	9827589	0	$2,850,000.00 based on a per share price of $0.29.	
0001062993-19-002274	2	Contact Gold Corp.	Common Stock	9827589	0	$2,850,000.00 based on a per share price of $0.29.	
0001144204-19-026265	1	American Hospitality Properties REIT, Inc.	Common Stock	2500	0	25000	
0001761911-19-000004	1	Nowigence Inc	Class B Common	37827270	0	The Founders' Class B stock was issued for an aggregate amount of $102,000 which represents $0.002 per share.	
0001761911-19-000004	2	Nowigence Inc	Class B Common	37827270	0	The Founders' Class B stock was issued for an aggregate amount of $102,000 which represents $0.002 per share.	
0001062993-19-002139	1	Contact Gold Corp.	Common Stock	9827589	0	$2,850,000.00 based on a per share price of $0.29.	
0001062993-19-002139	2	Contact Gold Corp.	Common Stock	9827589	0	$2,850,000.00 based on a per share price of $0.29.	
0001214659-19-003389	1	DPW Holdings, Inc.	Common Stock	425000	0	$474,871 based on an average of $1.12 per share of Common Stock for services rendered by consultants.	
0001214659-19-003389	2	DPW Holdings, Inc.	Common Stock	425000	0	$474,871 based on an average of $1.12 per share of Common Stock for services rendered by consultants.	
0001214659-19-003389	3	DPW Holdings, Inc.	Common Stock	425000	0	$474,871 based on an average of $1.12 per share of Common Stock for services rendered by consultants.	
0001214659-19-003389	5	DPW Holdings, Inc.	Common Stock	425000	0	$474,871 based on an average of $1.12 per share of Common Stock for services rendered by consultants.	
0001214659-19-003389	6	DPW Holdings, Inc.	Common Stock	425000	0	$474,871 based on an average of $1.12 per share of Common Stock for services rendered by consultants.	
0001214659-19-003389	4	DPW Holdings, Inc.	Common Stock	425000	0	$474,871 based on an average of $1.12 per share of Common Stock for services rendered by consultants.	
0001144204-19-025359	1	Fundrise Growth eREIT 2019, LLC	Common Shares	500	500	$5,000 ($10.00 per common share)	Same as above
0001144204-19-025356	1	Fundrise Income eREIT 2019, LLC	Common Shares	500	500	$5,000 ($10.00 per common share)	Same as above
0001144204-19-024920	1	iConsumer Corp.	Series A Non-Voting Preferred Stock	217525	0	$32,627.25, at $0.15 per share	
0001654954-19-005530	1	Manufactured Housing Properties Inc.	Series A Cumulative Convertible Preferred Stock	280000	0	700000	
0001144204-19-024416	3	Groundfloor Finance Inc.	LROs	40959300	0	$40,959,300 were issued and sold pursuant to Offering Circular File No. 024-10753.	
0001144204-19-024416	2	Groundfloor Finance Inc.	LROs	40959300	0	$40,959,300 were issued and sold pursuant to Offering Circular File No. 024-10753.	
0001144204-19-024416	1	Groundfloor Finance Inc.	LROs	40959300	0	$40,959,300 were issued and sold pursuant to Offering Circular File No. 024-10753.	
0001144204-19-024016	1	Building Bits Properties I, LLC	Common Bits	25000	0	25000	
0001104659-19-027213	1	MogulREIT I, LLC	Common shares	1430396	0	$14,303,960 (1,430,396 shares at $10.00 per common share)	
0001144204-19-023727	1	Groundfloor Finance Inc.	LROs	42231910	0	$41,33142,231,910 were issued and sold pursuant to Offering Circular File No. 024-10753.	
0001144204-19-023727	2	Groundfloor Finance Inc.	LROs	42231910	0	$41,33142,231,910 were issued and sold pursuant to Offering Circular File No. 024-10753.	
0001144204-19-023727	3	Groundfloor Finance Inc.	LROs	42231910	0	$41,33142,231,910 were issued and sold pursuant to Offering Circular File No. 024-10753.	
0001688804-19-000009	1	RSE Collection, LLC	Series #77LE1, a series of RSE Collection, LLC	2000	0	Aggregate amount: $77,700 Basis of Computing: 2000 LLC Interests at $38.85 per Interest	
0001688804-19-000008	1	RSE Collection, LLC	Series #77LE1, a series of RSE Collection, LLC	2000	0	Aggregate amount: $77,700 Basis of Computing: 2000 LLC Interests at $38.85 per Interest	
0001144204-19-023448	1	School of Whales Commercial Real Estate Equity Fund, LLC	Class B Units	12500000	0	200	
0001445866-19-000505	2	Secured Real Estate Income Fund I, LLC	limited liability company interests	2183425	0	2183425	
0001445866-19-000505	1	Secured Real Estate Income Fund I, LLC	limited liability company interests	2183425	0	2183425	
0001683168-19-001320	1	Zabala Farms Group, LLC	Class A Common Units	164567	0	0	
0001493152-19-006265	1	Masterworks 001, LLC	Membership Interests	16015	0	16,015 membership interests were issued to Masterworks Gallery, LLC, a Delaware limited liability company which was issued for $100.	
0001391609-19-000091	1	The Marquie Group Inc	Common Stock	59922662	0	186480.00	
0001144204-19-022185	3	Groundfloor Finance Inc.	LROs	41331910	0	$41,331,910 were issued and sold pursuant to Offering Circular File No. 024-10753.	
0001144204-19-022185	2	Groundfloor Finance Inc.	LROs	41331910	0	$41,331,910 were issued and sold pursuant to Offering Circular File No. 024-10753.	
0001144204-19-022185	1	Groundfloor Finance Inc.	LROs	41331910	0	$41,331,910 were issued and sold pursuant to Offering Circular File No. 024-10753.	
0001144204-19-021670	1	StreetShares, Inc.	Debt securities	20000662	0	$20,000,662 for debt securities issued to accredited investors in 2018 calendar year.	
0001104659-19-024104	1	MogulREIT I, LLC	Common shares	1430396	0	$14,303,960 (1,430,396 shares at $10.00 per common share)	
0000715812-19-000014	1	Iroquois Valley Farmland REIT, PBC	Common	20032000	0	"$626 per share of common stock. The basis for computing the price per share is reflected in ""Determination of the Offering Price"" in the Offering Circular."	
0001493152-19-005903	1	Gulf Chronic Care Inc.	common stock	11450000	0	$145000	
0001477932-19-001946	1	Cardone Equity Fund VI, LLC	Class B Interests	1000	0	1000	
0001144204-19-020690	3	Groundfloor Finance Inc.	LROs	43506920	0	$43,506,920 were issued and sold pursuant to Offering Circular File No. 024-10753.	
0001144204-19-020690	2	Groundfloor Finance Inc.	LROs	43506920	0	$43,506,920 were issued and sold pursuant to Offering Circular File No. 024-10753.	
0001144204-19-020690	1	Groundfloor Finance Inc.	LROs	43506920	0	$43,506,920 were issued and sold pursuant to Offering Circular File No. 024-10753.	
0001486452-19-000005	2	CLIKIA CORP	COMMON STOCK	15668800	0	$751320 in cash	Issued as performance bonus, valued at $60000 by Board of Directors
0001486452-19-000005	3	CLIKIA CORP	COMMON STOCK	15668800	0	$751320 in cash	Issued as performance bonus, valued at $60000 by Board of Directors
0001486452-19-000005	4	CLIKIA CORP	COMMON STOCK	15668800	0	$751320 in cash	Issued as performance bonus, valued at $60000 by Board of Directors
0001486452-19-000005	5	CLIKIA CORP	COMMON STOCK	15668800	0	$751320 in cash	Issued as performance bonus, valued at $60000 by Board of Directors
0001486452-19-000005	6	CLIKIA CORP	COMMON STOCK	15668800	0	$751320 in cash	Issued as performance bonus, valued at $60000 by Board of Directors
0001486452-19-000005	7	CLIKIA CORP	COMMON STOCK	15668800	0	$751320 in cash	Issued as performance bonus, valued at $60000 by Board of Directors
0001486452-19-000005	8	CLIKIA CORP	COMMON STOCK	15668800	0	$751320 in cash	Issued as performance bonus, valued at $60000 by Board of Directors
0001486452-19-000005	9	CLIKIA CORP	COMMON STOCK	15668800	0	$751320 in cash	Issued as performance bonus, valued at $60000 by Board of Directors
0001486452-19-000005	10	CLIKIA CORP	COMMON STOCK	15668800	0	$751320 in cash	Issued as performance bonus, valued at $60000 by Board of Directors
0001486452-19-000005	11	CLIKIA CORP	COMMON STOCK	15668800	0	$751320 in cash	Issued as performance bonus, valued at $60000 by Board of Directors
0001486452-19-000005	12	CLIKIA CORP	COMMON STOCK	15668800	0	$751320 in cash	Issued as performance bonus, valued at $60000 by Board of Directors
0001486452-19-000005	13	CLIKIA CORP	COMMON STOCK	15668800	0	$751320 in cash	Issued as performance bonus, valued at $60000 by Board of Directors
0001486452-19-000005	14	CLIKIA CORP	COMMON STOCK	15668800	0	$751320 in cash	Issued as performance bonus, valued at $60000 by Board of Directors
0001486452-19-000005	15	CLIKIA CORP	COMMON STOCK	15668800	0	$751320 in cash	Issued as performance bonus, valued at $60000 by Board of Directors
0001486452-19-000005	16	CLIKIA CORP	COMMON STOCK	15668800	0	$751320 in cash	Issued as performance bonus, valued at $60000 by Board of Directors
0001486452-19-000005	17	CLIKIA CORP	COMMON STOCK	15668800	0	$751320 in cash	Issued as performance bonus, valued at $60000 by Board of Directors
0001486452-19-000005	1	CLIKIA CORP	COMMON STOCK	15668800	0	$751320 in cash	Issued as performance bonus, valued at $60000 by Board of Directors
0001683168-19-001145	1	Advance Green Energy, Inc.	Class A Common Stock, $0.0001 par value	66314100	0	663141	
0001765320-19-000004	1	BLACK BIRD POTENTIALS INC	COMMON STOCK	45000000	45000000	$400 BASED ON DETERMINATION OF BOARD OF DIRECTORS	$400 BASED ON DETERMINATION OF BOARD OF DIRECTORS
0001765320-19-000004	2	BLACK BIRD POTENTIALS INC	COMMON STOCK	45000000	45000000	$400 BASED ON DETERMINATION OF BOARD OF DIRECTORS	$400 BASED ON DETERMINATION OF BOARD OF DIRECTORS
0001765320-19-000004	3	BLACK BIRD POTENTIALS INC	COMMON STOCK	45000000	45000000	$400 BASED ON DETERMINATION OF BOARD OF DIRECTORS	$400 BASED ON DETERMINATION OF BOARD OF DIRECTORS
0001615774-19-006042	1	New England Cape Gods, Inc.	Common Stock	1	0	1.00	
0001615774-19-006041	1	CRL Team 12, Inc.	Common Stock	1	0	1.00	
0001615774-19-006040	1	Denver Moguls, Inc.	Common Stock	1	0	1.00	
0001615774-19-006039	1	Florida Mangoes Wild, Inc.	Common Stock	1	0	1.00	
0001615774-19-006038	1	Log Angeles Drive, Inc.	Common Stock	1	0	1.00	
0001615774-19-006037	1	Chicago Hogmollies, Inc.	Common Stock	1	0	1.00	
0001615774-19-006036	1	Atlanta Hot Wings, Inc.	Common Stock	1	0	1.00	
0001615774-19-006035	1	Sin City Bad Babies, Inc.	Common Stock	1	0	1.00	
0001615774-19-006034	1	Texas Holy Smokers, Inc.	Common Stock	1	0	1.00	
0001615774-19-006033	1	Seattle Emerald Haze, Inc.	Common Stock	1	0	1.00	
0001615774-19-006032	1	Philadelphia Powderkegs, Inc.	Common Stock	1	0	1.00	
0001062993-19-001809	2	Contact Gold Corp.	Common Stock	9827589	0	$2,850,000.00 based on a per share price of $0.29.	
0001062993-19-001809	1	Contact Gold Corp.	Common Stock	9827589	0	$2,850,000.00 based on a per share price of $0.29.	
0001144204-19-020203	1	HappyNest REIT, Inc.	Common Stock, par value $0.0001 per share	100	0	$1,000, or $10.00 per share	
0001683168-19-001112	1	My Racehorse CA LLC	Series: Moonless Sky; Sigesmund; Swiss Minister; Bullion; Cairo Kiss; Soul Beam; Amers; Tavasco Road; Takeo Squared; Zestful; Berengaria '17; Country Whirl '17; Madarnas; Major Implications; Night of Idiots; Nileist; Noble Goddess; Sauce On Side	619	0	$354,690	
0001615774-19-005921	1	New York Bodega Cats, Inc.	Common Stock	1	0	1.00	
0001144204-19-020132	1	BRIX REIT, Inc.	Common Stock	11400	0	$57,000 at $5.00 per share	
0001761911-19-000003	1	Nowigence Inc	Class B Common	37827270	0	The Founders' Class B stock was issued for an aggregate amount of $102,000 which represents $0.002 per share.	
0001761911-19-000003	2	Nowigence Inc	Class B Common	37827270	0	The Founders' Class B stock was issued for an aggregate amount of $102,000 which represents $0.002 per share.	
0001615774-19-005918	1	Gulf Chronic Care Inc.	common stock	11450000	0	$145000	
0001493152-19-005580	1	Masterworks 001, LLC	Membership Interests	16015	0	16,015 membership interests were issued to Masterworks Gallery, LLC, a Delaware limited liability company which was issued for $100.	
0001683168-19-001107	1	Crednology Holding Corp.	Common Stock, $0.001 par value	538008777	0	na	
0001144204-19-019955	1	Groundfloor Finance Inc.	Limited Recourse Obligations	1092030	0	Limited Recourse Obligations in the amount of $1,092,030 were issued and sold pursuant to Offering Circular File No. 024-10753 (as may be amended and supplemented from time to time).	
0001144204-19-019955	2	Groundfloor Finance Inc.	Limited Recourse Obligations	1092030	0	Limited Recourse Obligations in the amount of $1,092,030 were issued and sold pursuant to Offering Circular File No. 024-10753 (as may be amended and supplemented from time to time).	
0001144204-19-019955	3	Groundfloor Finance Inc.	Limited Recourse Obligations	1092030	0	Limited Recourse Obligations in the amount of $1,092,030 were issued and sold pursuant to Offering Circular File No. 024-10753 (as may be amended and supplemented from time to time).	
0001144204-19-019955	4	Groundfloor Finance Inc.	Limited Recourse Obligations	1092030	0	Limited Recourse Obligations in the amount of $1,092,030 were issued and sold pursuant to Offering Circular File No. 024-10753 (as may be amended and supplemented from time to time).	
0001144204-19-019961	1	Groundfloor Finance Inc.	LROs	41533630	0	$37,498,630 were issued and sold pursuant to Offering Circular File No. 024-10753. $4,055,000 were issued and sold pursuant to Offering Circular File No. 024-10758 (as may be amended and supplemented from time to time).	
0001144204-19-019961	2	Groundfloor Finance Inc.	LROs	41533630	0	$37,498,630 were issued and sold pursuant to Offering Circular File No. 024-10753. $4,055,000 were issued and sold pursuant to Offering Circular File No. 024-10758 (as may be amended and supplemented from time to time).	
0001144204-19-019961	3	Groundfloor Finance Inc.	LROs	41533630	0	$37,498,630 were issued and sold pursuant to Offering Circular File No. 024-10753. $4,055,000 were issued and sold pursuant to Offering Circular File No. 024-10758 (as may be amended and supplemented from time to time).	
0001144204-19-019744	1	GolfSuites 1, Inc.	Class B Common Shares	18000000	0	$180 (determined at $0.00001 per share)	
0001144204-19-019703	1	REITless Impact Opportunity Zone Strategies LLC	Common Shares	100	0	$1,000 shares @ $10.00 per share	
0001078782-19-000331	1	iQSTEL Inc	Common Stock	14451000	0	0	
0001144204-19-019539	1	ERC Homebuilders 1, Inc.	Class B Common Stock	16000000	0	$160 (determined at $0.00001 per share)	
0000715812-19-000012	1	Iroquois Valley Farmland REIT, PBC	Common	20032000	0	"$596 per share of common stock. The basis for computing the price per share is reflected in ""Determination of the Offering Price"" in the Offering Circular."	
0001144204-19-019471	3	Groundfloor Finance Inc.	LROs	41533630	0	$37,498,630 were issued and sold pursuant to Offering Circular File No. 024-10753. $4,055,000 were issued and sold pursuant to Offering Circular File No. 024-10758 (as may be amended and supplemented from time to time).	
0001144204-19-019471	2	Groundfloor Finance Inc.	LROs	41533630	0	$37,498,630 were issued and sold pursuant to Offering Circular File No. 024-10753. $4,055,000 were issued and sold pursuant to Offering Circular File No. 024-10758 (as may be amended and supplemented from time to time).	
0001144204-19-019471	1	Groundfloor Finance Inc.	LROs	41533630	0	$37,498,630 were issued and sold pursuant to Offering Circular File No. 024-10753. $4,055,000 were issued and sold pursuant to Offering Circular File No. 024-10758 (as may be amended and supplemented from time to time).	
0001144204-19-019470	1	Groundfloor Finance Inc.	LROs	41533630	0	$37,498,630 were issued and sold pursuant to Offering Circular File No. 024-10753. $4,055,000 were issued and sold pursuant to Offering Circular File No. 024-10758 (as may be amended and supplemented from time to time).	
0001144204-19-019470	3	Groundfloor Finance Inc.	LROs	41533630	0	$37,498,630 were issued and sold pursuant to Offering Circular File No. 024-10753. $4,055,000 were issued and sold pursuant to Offering Circular File No. 024-10758 (as may be amended and supplemented from time to time).	
0001144204-19-019470	2	Groundfloor Finance Inc.	LROs	41533630	0	$37,498,630 were issued and sold pursuant to Offering Circular File No. 024-10753. $4,055,000 were issued and sold pursuant to Offering Circular File No. 024-10758 (as may be amended and supplemented from time to time).	
0001144204-19-019468	4	Groundfloor Finance Inc.	Limited Recourse Obligations	1092030	0	Limited Recourse Obligations in the amount of $1,092,030 were issued and sold pursuant to Offering Circular File No. 024-10753 (as may be amended and supplemented from time to time).	
0001144204-19-019468	3	Groundfloor Finance Inc.	Limited Recourse Obligations	1092030	0	Limited Recourse Obligations in the amount of $1,092,030 were issued and sold pursuant to Offering Circular File No. 024-10753 (as may be amended and supplemented from time to time).	
0001144204-19-019468	2	Groundfloor Finance Inc.	Limited Recourse Obligations	1092030	0	Limited Recourse Obligations in the amount of $1,092,030 were issued and sold pursuant to Offering Circular File No. 024-10753 (as may be amended and supplemented from time to time).	
0001144204-19-019468	1	Groundfloor Finance Inc.	Limited Recourse Obligations	1092030	0	Limited Recourse Obligations in the amount of $1,092,030 were issued and sold pursuant to Offering Circular File No. 024-10753 (as may be amended and supplemented from time to time).	
0001144204-19-019402	1	Fundrise Income eREIT 2019, LLC	Common Shares	500	500	$5,000 ($10.00 per common share)	Same as above
0001144204-19-019405	1	Fundrise Growth eREIT 2019, LLC	Common Shares	500	500	$5,000 ($10.00 per common share)	Same as above
0001477932-19-001651	1	AW Blockchain Mining, Inc.	Common Stock	1000000	0	Cash - $14,257. Price and number of shares determined by Board of Directors	
0001104659-19-020748	1	Blockstack Token LLC	Stack Tokens	722527880	0	47948389.75	
0001262463-19-000104	1	Two Hands Corporation	Common Stock	160296854	0	$9,029,735	
0001213900-19-006106	1	Delhi Bank Corp.	Common Stock	21619	0	$653,417. Based on market price preceding the investment date.	
0001062993-19-001636	1	Contact Gold Corp.	Common Stock	9827589	0	$2,850,000.00 based on a per share price of $0.29.	
0001062993-19-001636	2	Contact Gold Corp.	Common Stock	9827589	0	$2,850,000.00 based on a per share price of $0.29.	
0001760319-19-000010	1	CANNABINOID BIOSCIENCES, INC	COMMON STOCK	7700000	0	56100	
0001760319-19-000009	1	CANNABINOID BIOSCIENCES, INC	COMMON STOCK	7700000	0	56100	
0001214659-19-002606	1	Littlefish Inc	Common Stock	8120000	0	40444 20,000 shares sold to an investor for $40,000. 1,000,000 hsares valued at 444 in exchange for a loan of $25,000	
0001144204-19-018635	1	GolfSuites 1, Inc.	Class B Common Shares	18000000	0	$180 (determined at $0.00001 per share)	
0001144204-19-018519	1	GolfSuites 1, Inc.	Class B Common Shares	18000000	0	$180 (determined at $0.00001 per share)	
0001144204-19-018173	1	Groundfloor Finance Inc.	LROs	39711130	0	$35,656,130 were issued and sold pursuant to Offering Circular File No. 024-10753. $4,055,000 were issued and sold pursuant to Offering Circular File No. 024-10758 (as may be amended and supplemented from time to time).	
0001144204-19-018173	2	Groundfloor Finance Inc.	LROs	39711130	0	$35,656,130 were issued and sold pursuant to Offering Circular File No. 024-10753. $4,055,000 were issued and sold pursuant to Offering Circular File No. 024-10758 (as may be amended and supplemented from time to time).	
0001144204-19-018173	3	Groundfloor Finance Inc.	LROs	39711130	0	$35,656,130 were issued and sold pursuant to Offering Circular File No. 024-10753. $4,055,000 were issued and sold pursuant to Offering Circular File No. 024-10758 (as may be amended and supplemented from time to time).	
0001615774-19-005327	1	Gulf Chronic Care Inc.	common stock	11450000	0	$145000	
0001615774-19-005108	1	Gulf Chronic Care Inc.	common stock	11450000	0	$145000	
