ACCESSION_NUMBER	STREET1	STREET2	CITY	STATEORCOUNTRY	ZIPCODE	PHONENUMBER	CONNECTIONNAME	INDUSTRYGROUP	CASHEQUIVALENTS	INVESTMENTSECURITIES	TOTALINVESTMENTS	ACCOUNTSRECEIVABLE	LOANS	PROPERTYPLANTEQUIPMENT	PROPERTYANDEQUIPMENT	TOTALASSETS	ACCOUNTSPAYABLE	POLICYLIABILITIESANDACCRUALS	DEPOSITS	LONGTERMDEBT	TOTALLIABILITIES	TOTALSTOCKHOLDEREQUITY	TOTALLIABILITIESANDEQUITY	TOTALREVENUES	TOTALINTERESTINCOME	COSTANDEXPENSESAPPLTOREVENUES	TOTALINTERESTEXPENSES	DEPRECIATIONANDAMORTIZATION	NETINCOME	EARNINGSPERSHAREBASIC	EARNINGSPERSHAREDILUTED	NAMEAUDITOR	CERTIFYIFTRUE	CERTIFYIFNOTDISQUALIFIED	CERTIFYIFBADACTOR	JURISDICTIONSOFSECOFFEREDNONE	JURISDICTIONSOFSECOFFEREDSAME	IFUNREGSITEREDNONE	SECURITIESACTEXCEMPTION
0001776230-19-000009	800 W EL CAMINO STE 180		MOUNTAIN VIEW	CA	94040	6509620888	Jeremy Tian	Other	331831000.0	38593000.0		51885000.0		4264000.0		905018000.0	209045000.0			4589000.0	213634000.0	691394000.0	905018000.0	317964000.0		5304460000.0		0.0	-206490000.0	-2.07	-2.07		true	true	true	false	true	true	
0001477932-19-003791	Verax Botanical Research Ctr @ Hopkins	Johns Hopkins Univ, 9601 Medical Ctr Dr.	Rockville	MD	20850	888-214-2584	Randall S. Goulding, Esq.	Other	345998.0	0.0		0.0		5605114.0		6045481.0	40624.0			0.0	3012331.0	3033150.0	6045481.0	46273.0		134006.0		0.0	-631900.0	-0.01	-0.01	DaszkalBolton, LLP	true	true	false	true		false	Exempt from registration under Section 4(a)(2) of the Securities Act of 1933 and Rules promulgated thereunder.
0001445866-19-000759	501 SILVERSIDE RD.	PMB #352	WILMINGTON	UT	19809	302-307-3668	Alexander M. Woods-Leo	Other	11290.0	0.0		0.0		3500.0		103790.0	5803.0			0.0	5803.0	97987.0	103790.0	8500.0		15599.0		0.0	-430908.0	-0.03	-0.03	M&K CPAS, PLLC	true	true	false	true	false	false	4(a)(2) for Common Stock and 4(a)(6), Regulation CF, for Series Seed Preferred Stock
0001445866-19-000754	2090 N. KOLB ROAD, STE 120.		TUCSON	AZ	85715	888-444-2102	J Martin Tate	Other	3113.0	0.0		2663721.0		0.0		2815883.0	43135.0			148253.0	209082.0	2606801.0	2815883.0	308977.0		118278.0		0.0	129650.0	129650.0	0.0	Summit, LLC	true	true	false	false	true	true	
0001144204-19-032963	75 Fifth Street, NW,	Suite 2170	ATLANTA	GA	30308	404-850-9225	Nick Bhargava	Other	1069392.0	0.0		41067181.0		813104.0		43013583.0	35584837.0			0.0	45864289.0	-2850706.0	43013583.0	2889961.0		-423776.0		375365.0	-6100655.0	-2.0	-2.0	Hughes Pittman & Gupton, LLP	true	true		true			Regulation A, Rule 506 of Regulation D, and Rule 506 of Regulation D, respectively.
0001477932-19-003769	C/O TULSA FOUNDERS, LLC	3355 Lenox Rd, NE, Suite 750	Atlanta	GA	30326	888-564-6562	Jillian Sidoti, Esq.	Other	0.0	0.0		15350.0		0.0		15350.0	15350.0			0.0	15350.0	0.0	15350.0	0.0		0.0		0.0	0.0	1.0	1.0	Artesian CPA	true	true	false	true		true	
0001144204-19-032526	1070 TERRA BELLA AVENUE		MOUNTAIN VIEW	CA	94043	650-924-1025	Mariya Pivtoraiko	Other	1358399.0	0.0		1178625.0		106265.0		6987497.0	1419409.0			0.0	3110651.0	-34880369.0	6987497.0	2938634.0		17309828.0		1207186.0	-13389827.0	-1.32	-1.32	Ernst & Young LLP	true	true			true		Section 4(a)(2) of the Securities Act, and Rule 506(b) and 506(c) of Regulation D under the Securities Act
0001477932-19-003725	1621 Central Avenue		Cheyenne	WY	82001	612-615-9334	Jonathan Leinwand	Other	203199.0	0.0		803096.0		403159.0		2451204.0	3219.0			0.0	282384.0	-2168820.0	2451204.0	273310.0		149647.0		0.0	28098.0	0.0	0.0		true	true	false	true		false	The shares were issued pursuant to Section 3(a)(9) of the Securities Act as they were the result of the conversion of a convertible note, and thus were the exchange of a security without any additional consideration.
0001477932-19-003705	18909 NE 29th Avenue		Aventura	FL	33180	310-777-0255	Jillian Sidoti, Esq.	Other	18000.0	0.0		0.0		0.0		18000.0	18000.0			0.0	18000.0	0.0	18000.0	0.0		0.0		0.0	0.0	0.0	0.0	Kaufman Rosin	true	true	false	true		false	Such interests were issued as founders' interests without consideration under 4(2).
0001776230-19-000008	800 W EL CAMINO STE 180		MOUNTAIN VIEW	CA	94040	6509620888	Jeremy Tian	Other	331831000.0	38593000.0		51885000.0		4264000.0		905018000.0	209045000.0			4589000.0	213634000.0	691394000.0	905018000.0	317964000.0		5304460000.0		0.0	-206490000.0	-2.07	-2.07		true	true	true	false	true	true	
0001683168-19-002007	1170 Peachtree Street	#1200	Atlanta	GA	30309	404-885-6045	John E. Lux, Esq.	Other	2290.0	0.0		43373.0		41487.0		93513.0	526187.0			0.0	526187.0	-516425.0	93513.0	0.0		8183.0		5635.0	0.0	0.0	0.0		true	true			true		Section 4(a)(1)
0001683168-19-002006	250 W. FIRST ST., STE. 256		CLAREMONT	CA	91711	909-740-9175	Michael Behrens	Other	0.0	0.0		47407.0		206105.0		253512.0	55851.0			15606.0	71457.0	182055.0	253512.0	36888.0		70998.0		40286.0	-159165.0	0.0	0.0	IndigoSpire CPA Group, LLC	true	true		true			Issuer relied on Rule 147A, promulgated under Section 28 of the Securities Act. For Series Cairo Kiss, interests were initially offered under Rule 506(c) and then, subsequently, Series Cairo Kiss Interests were offered under Rule 147A
0001654954-19-007621	625 Kenmoor Avenue SE, Suite 211		Grand Rapids	MI	49546	616-734-6099	Rhys James	Other	0.0	0.0		0.0		0.0		0.0	0.0			0.0	0.0	0.0	0.0	0.0		0.0		0.0	0.0	0.0	0.0	UHY LLP	true	true		false	true	false	Red Oak Capital Fixed Income Fund III, LLC relied on the private placement exemption in Section(4)(a)(2) of the Securities Act for the issuance of LLC interests to its sole member. There was no public solicitation.
0001754259-19-000001	8400 East Prentice Avnue	Suite 1360	Greenwood Village	CO	80111	9202070100	Mark Thatcher	Other	4307.0	0.0		0.0		0.0		581644.0	0.0			0.0	577337.0	4307.0	581644.0	0.0		35942.0		0.0	0.0	0.0	0.0		true	true	false	true	false	true	
0001193125-19-180476	1817 Olde Homestead Lane, Suite 101		Lancaster	PA	17601	717-398-0700	Kimberly Decker	Other	1318783.0	0.0		17702476.0		0.0		46563649.0	2829218.0			16714664.0	34415365.0	12148284.0	46563649.0	70274381.0		65775858.0		53907.0	2575448.0	0.0	0.0		true	true	false	true		true	
0001144204-19-032124	315 S. Coast Hwy 101	Suite U38	ENCINITAS	CA	92024	760-266-5313	Jamie Ostrow	Other	107041.0	0.0		41204.0		259124.0		905387.0	261130.0			0.0	1647938.0	-742551.0	905387.0	902048.0		514564.0		182534.0	-10660495.0	-0.15	-0.15	dbbmckennon	true	true		true			Regulation A
0001703429-19-000025	16950 NORTH BAY ROAD, SUITE 1803		Sunny Isles Beach	FL	33160	347-301-8431	Thomas DeNunzio	Other	98248.0	0.0		0.0		0.0		7345115.0	25806.0			0.0	1014704.0	6330411.0	7345115.0	0.0		0.0		0.0	0.0	0.0	0.0	Paritz & Co.	true	true		true		true	
0001477932-19-003677	16 LAGOON CT.		SAN RAFAEL	CA	94903	415-335-6370	Jillian Sidoti	Other	0.0	0.0		0.0		0.0		0.0	0.0			0.0	0.0	0.0	0.0	0.0		0.0		0.0	0.0	0.0	0.0	CohnReznick	true	true	false	true		true	
0001767703-19-000001	401 N Michigan Ave.	Stuite 1293	Chicago	IL	60611	847-456-4121	Kendall Almerico	Other	35733.0	0.0		37622.0		0.0		1109227.0	49194.0			0.0	49194.0	1060033.0	1109227.0	5108.0		10057.0		217.0	-83302.0	0.0	0.0	IndigoSpire CPA Group, LLC	true	true	false	false	true	true	
0001776230-19-000007	800 W EL CAMINO STE 180		MOUNTAIN VIEW	CA	94040	6509620888	Jeremy Tian	Other	331831000.0	38593000.0		51885000.0		4264000.0		905018000.0	209045000.0			4589000.0	213634000.0	691394000.0	905018000.0	317964000.0		5304460000.0		0.0	-206490000.0	-2.07	-2.07		true	true	true	false	true	true	
0000806171-19-000044	11705 Willake Street		Santa Fe Springs	CA	90670	323-489-8119	Joseph Collins	Other	0.0	0.0		0.0		0.0		870175.0	0.0			0.0	0.0	914389.0	870175.0	0.0		0.0		0.0	0.0	0.0	0.0	Ira Viener CPA	true	true		true		true	
0001213900-19-011297	228 Park Avenue South #67157		New York	NY	10003	844-736-7531	Paul Birkett	Other	0.0	0.0		0.0		0.0		0.0	0.0			0.0	0.0	0.0	0.0	0.0		0.0		0.0	0.0	0.0	0.0	Artesian CPA, LLC	true	true		true		true	
0000806171-19-000042	11705 Willake Street		Santa Fe Springs	CA	90670	323-489-8119	Joseph Collins	Other	0.0	0.0		0.0		0.0		870175.0	0.0			0.0	0.0	914389.0	870175.0	0.0		0.0		0.0	0.0	0.0	0.0	Ira Viener CPA	true	true		true		true	
0001264931-19-000132	725 N. Hwy A1A	Suite C-106	Jupiter	FL	33477	561-406-2469	Brian S. John	Other	103134.0	0.0		0.0		716.0		169313.0	8538.0			0.0	28538.0	140775.0	169313.0	0.0		73541.0		0.0	-73541.0	-0.01	0.0	M&K CPAs PLLC	true	true		true			Founders shares and private offering pursuant to Rule 506(b) of Regulation D under the Securities Act.
0001761911-19-000007	418 BROADWAY		ALBANY	NY	12207	1-518-396-5853	Andy Altahawi	Other	7326.0	0.0		0.0		652986.0		660312.0	30505.0			61051.0	91556.0	-632183.0	660312.0	49950.0		80726.0		107992.0	-316361.0	0.0	0.0	IndigoSpire CPA Group, LLC	true	true	false	false	true	false	Class A stock Exempt from registration under Rule 506(c) of the Securities Act. Class B stock under Section 4(a)(2).
0001213900-19-011158	2885 Sanford Ave SW #41437		Grandville	MI	49418	616-552-9653	William R. Eilers, Esq.	Other	1884.0	259281.0		14500.0		275665.0		275665.0	421823.0			295093.0	806916.0	-531251.0	275665.0	0.0		48895.0		67204.0	-114099.0	0.0	0.0		true	true			true	true	
0001721469-19-000010	1306 MONTE VISTA AVE., NO. 5		UPLAND	CA	91786	909-437-8390	Jack Jmaev - Attry for issuer	Other	998.0	0.0		0.0		0.0		998.0	0.0			0.0	0.0	998.0	998.0	0.0		2.0		0.0	-2.0	0.0	0.0	Kho & Patel	true	true	false	true	false	false	1933 ACT, SECT. 4(a)(2) - Sold 100 shares to promoter at formation.
0001144204-19-031655	2738 FALKENBURG ROAD SOUTH		RIVERVIEW	FL	33578	813-621-5000	Jamie Ostrow	Other	160.0	0.0		0.0		0.0		22062.0	0.0			0.0	269855.0	247793.0	22062.0	0.0		247953.0		0.0	-247953.0	0.0	0.0	IndigoSpires CPA Group, LLC	true	true			true		Section 4(a)(2) of the Securities Act
0001214659-19-004275	80 WEST SIERRA BOULEVARD	#141	SIERRA MADRE	CA	91024	626-355-1049	Benjamin Feldman, FGRB, PLLC	Other	276.0	0.0		0.0		0.0		276.0	1750.0			0.0	1750.0	-1474.0	276.0	0.0		14071.0		0.0	-14871.0	0.0	0.0	Cashuk, Wiseman, Goldberg, Birnbaum & Salem, LLP	true	true			true	true	
0001683168-19-001946	1401 N. El Camino Real	Suite 203	San Clemente	CA	92672	949-361-3959	William Eilers, Eilers Law	Other	19425.0	0.0		654686.0		0.0		708481.0	782213.0			235878.0	2180311.0	-2702268.0	708481.0	47538.0		123446.0		0.0	-124111.0	0.0	0.0		true	true		true			Rule 506 Reg. D
0001628279-19-000230	C/O YOUNOW, INC.	245 5TH AVE., 6TH FLOOR	NEW YORK	NY	10016	302-658-7581	Robert Rosenblum	Other	7181920.0	0.0		527981.0		153800.0		12054465.0	2026422.0			0.0	23465766.0	-11411301.0	12054465.0	12377332.0		7728860.0		73792.0	-13904786.0	0.0	0.0	Rosen Kuslansky, CPA, PC	true	true	false	true	false	false	Tokens: 4(a)(2) of the Securities Act of 1933; Grants to Advisers: 4(a)(2) in one-on-one transactions
0001144204-19-031395	75 Fifth Street, NW,	Suite 2170	ATLANTA	GA	30308	404-850-9225	Nick Bhargava	Other	1069392.0	0.0		41067181.0		813104.0		43013583.0	35584837.0			0.0	45864289.0	-2850706.0	43013583.0	2889961.0		-423776.0		375365.0	-6100655.0	-2.0	-2.0	Hughes Pittman & Gupton, LLP	true	true		true			Regulation A, Rule 506 of Regulation D, and Rule 506 of Regulation D, respectively.
0001646269-19-000002	96 GENDER RD		CANAL WINCHESTER	OH	43110	614-400-3077	Kendall Almerico	Other	724963.0	0.0		0.0		39679289.0		42607400.0	4356521.0			0.0	42948675.0	-1288732.0	42607400.0	17298075.0		11000824.0		2517435.0	-2499727.0	-0.39	-0.39	EY	true	true	false	false	false	true	
0001214659-19-004260	80 WEST SIERRA BOULEVARD	#141	SIERRA MADRE	CA	91024	626-355-1049	Benjamin Feldman, FGRB, PLLC	Other	276.0	0.0		0.0		0.0		276.0	1750.0			0.0	1750.0	-1474.0	276.0	0.0		14071.0		0.0	-14871.0	0.0	0.0	Cashuk, Wiseman, Goldberg, Birnbaum & Salem, LLP	true	true			true	true	
0001117768-19-000375	12411 Poway Road		Poway	CA	92064	760-916-7444	Matheau J. W. Stout, Esq.	Other	76112.0	0.0		110114.0		186226.0		10172763.0	632213.0			497954.0	1130167.0	9042596.0	10172763.0	4895815.0		4175324.0		0.0	654805.0	0.01	0.01	NONE	true	true	false	true		false	Rule 144 and/or Section 4(a)(2) of the Securities Act of 1933
0001766570-19-000007	2100 POWERS FERRY ROAD S.E.	SUITE 370	ATLANTA	GA	30339	8334264260	Kendall Almerico	Other	0.0	0.0		0.0		0.0		0.0	0.0			0.0	0.0	22250.0	0.0	0.0		0.0		0.0	-34013.0	0.0	0.0	Indigospire	true	true	false	false	true	true	
0001144204-19-031176	3090 BRISTOL STREET	SUITE 550	COSTA MESA	CA	92626	855-742-4862	Gregory W. Preston, Esq.	Other	872262.0	5708314.0		0.0		0.0		6637828.0	70808.0			0.0	219081.0	6382824.0	6637828.0	0.0		393505.0		0.0	-660102.0	-1.09	-1.09	Squar Milner LLP	true	true		true			Regulation D. Private offering of 200 shares of common stock at $5.00 per share to BrixInvest, LLC, the sponsor of the issuer. and 11,200 total shares issued to independent directors in 2018 for services rendered.
0001766214-19-000018	1001 4TH AVE	STE. 3200	SEATTLE	WA	98104	866-777-3433	Devon Parks	Other	6849.0	0.0		0.0		0.0		80096.0	67031.0			0.0	242904.0	323000.0	80096.0	4357.0		80442.0		0.0	67136.0	0.0	0.0		true	true	true	false	false	false	reg d
0001144204-19-030743	8901 E. Mountain View Rd, Ste 150		Scottsdale	AZ	85258	480-295-7600	Thomas Poletti, Brian S. Korn	Other	5954795.0	0.0		1439382.0		171943086.0		172134797.0	22154703.0			117489726.0	164671778.0	3621085.0	172134797.0	70672140.0		71593143.0		9025829.0	-2992701.0	-0.13	-0.13	Marcum LLP	true	true		true			"All securities issued pursuant to safe harbor of R. 506(b) of Reg D of Sec. Act of 1933, as amended, or other available exemptions such as Section 4(a)(2) or R. 701. All investors certified ""accredited investor"" status through income & net worth test."
0001766214-19-000015	1001 4TH AVE	STE. 3200	SEATTLE	WA	98104	866-777-3433	Devon Parks	Other	6849.0	0.0		4257.0		0.0		80096.0	67031.0			0.0	242904.0	323000.0	80096.0	4357.0		80442.0		0.0	67136.0	0.0	0.0		true	true	true	false	false	false	reg d
0001731122-19-000329	5000 W. Tilghman Street, Suite 249		Allentown	PA	18104-9109	484-712-7372	Jeffrey Cella	Other	336938.0	0.0		4722740.0		0.0		5059678.0	5026171.0			0.0	5026171.0	33507.0	5059678.0	208789.0		130282.0		0.0	78507.0	0.0	0.0	Spiegel Accountancy Corporation	true	true		true			Notes sold by CF FUND II, LLC were sold pursuant to Tier 1 of Regulation A of the Securities Act
0001078782-19-000507	87 N. RAYMOND AVE	SUITE 200	PASADENA	CA	91103	626-559-0222	Peter Herbert Koch	Other	31456.0	0.0		0.0		0.0		31456.0	0.0			0.0	0.0	31456.0	31456.0	0.0		0.0		0.0	0.0	0.0	0.0	AJ Robbins CPA LLC	true	true	false	true	false	true	
0001594062-19-000050	1500 - 885 West Georgia Street		Vancouver	A1	V6C 3E8	833-333-5882	Rebecca DiStefano	Other	1.0	0.0		0.0		0.0		1.0	0.0			0.0	0.0	1.0	1.0	0.0		0.0		0.0	0.0	0.0	0.0	Davidson & Company LLP	true	true	false	true	false	false	The Issuer relied on the exemptions from registration provided under Section 4(a)(2) and Regulation, Rule 506(b) for sales not involving any general solicitations and Regulation S for sales made to non-US persons.
0001445866-19-000705	501 SILVERSIDE RD.	PMB #352	WILMINGTON	UT	19809	302-307-3668	Alexander M. Woods-Leo	Other	11290.0	0.0		0.0		3500.0		103790.0	5803.0			0.0	5803.0	97987.0	103790.0	8500.0		15599.0		0.0	-430908.0	-0.03	-0.03	M&K CPAS, PLLC	true	true	false	true	false	false	4(a)(2) for Common Stock and 4(a)(6), Regulation CF, for Series Seed Preferred Stock
0001213900-19-010491	425 NW 10th Ave, Suite 306		Portland	OR	97209	503-546-4049	Andrew Stephenson	Other	5430.0	0.0		0.0		0.0		84762.0	9765.0			101500.0	111265.0	-26503.0	84762.0	0.0		0.0		0.0	-34439.0	-1.3800000000000001	-0.06	dbbmckennon	true	true			true		Section 4(a)(2)
0001703429-19-000019	16950 NORTH BAY ROAD, SUITE 1803		Sunny Isles Beach	FL	33160	347-301-8431	Thomas DeNunzio	Other	98248.0	0.0		0.0		0.0		7345115.0	25806.0			0.0	1014704.0	6330411.0	7345115.0	0.0		0.0		0.0	0.0	0.0	0.0	Paritz & Co.	true	true		true		true	
0001477932-19-003454	411 Eastgate road, Suite A		Henderson	NV	89001	702-572-8050	William R. Eilers, Esq	Other	220.0	0.0		1324.0		0.0		1544.0	156424.0			0.0	1496925.0	-1495381.0	1544.0	0.0		0.0		0.0	2797656.0	0.02	0.01		true	true	false		true	true	
0001022183-19-000008	10901 ROOSEVELT BLVD	SUITE 1000C	SAINT PETERSBURG	FL	33716	7274179338	sam Talari	Other	6820.0	40471.0		11678.0		3714.0		62683.0	175340.0			433549.0	1443898.0	1380715.0	62683.0	35695.0		265539.0		0.0	245653.0	0.0	0.0	Karin Rohret	true	true	false	true	false	true	
0001213900-19-010356	3225 McLeod Drive, Suite 100		Las Vegas	NV	89103	800-351-3021	William R. Eilers, Esq.	Other	127841.0	0.0		15950.0		19481.0		163272.0	681439.0			0.0	4531071.0	-4367799.0	163272.0	4469.0		404525.0		203415.0	-3734415.0	-0.11	-0.11	Michael T. Studer CPA P.C.	true	true	true	true			Regulation D of Rule 506 of the 1933 Securities Act and Sections 4(a)2 of the 1933 Securities Act.
0001659173-19-000101	2009 E. Windmill Lane		Las Vegas	NV	89123	702-240-0977	Bryan Clark, Esq.	Other	556374.0	9469272.0		54448.0		0.0		10080094.0	140315.0			10176000.0	10316315.0	-236221.0	10080094.0	191690.0		352833.0		0.0	-161143.0	0.0	0.0	Hall & Company Certified Public Accountants & Consultants, Inc.	true	true			true		Section 4(a)(2) of the Securities Act; Rule 506 (b)
0001144204-19-030288	11 Dupont Circle, NW, 9th Floor		Washington	DC	20036	202-584-0550	Bjorn Hall	Other	3125000.0	0.0		83952000.0		0.0		95565000.0	76000.0			0.0	5059000.0	90506000.0	95565000.0	8124000.0		867000.0		0.0	7257000.0	0.87	0.87	RSM US LLP	true	true		true		true	
0001193125-19-167925	1817 Olde Homestead Lane, Suite 101		Lancaster	PA	17601	717-398-0700	Kimberly Decker	Other	1318783.0	0.0		17702476.0		0.0		46563649.0	2829218.0			16714664.0	34415365.0	12148284.0	46563649.0	70274381.0		65775858.0		53907.0	2575448.0	0.0	0.0		true	true	false	true		true	
0001262463-19-000192	33 Davies		Toronto	A6	M4M 2A9	416-357-0399	Philip Magri, Esq.	Other	2729.0	0.0		0.0		2300.0		429774.0	70062.0			670134.0	740196.0	-310422.0	429774.0	390381.0		4527299.0		1138.0	-8096408.0	-0.18	-0.18	Sadler, Gibb & Associates, LLC	true	true		true			Section 4(a)(2)the issuances were isolated, did not involve a public offering of securities and Section 3(a)(9)it was with an existing securityholder, no commission or remuneration was paid or given directly or indirectly for soliciting such exchange.
0001144204-19-029926	11 Dupont Circle, NW	9th Floor	WASHINGTON	DC	20036	202-584-0550	Bjorn Hall	Other	1822000.0	0.0		19776000.0		0.0		85228000.0	109000.0			0.0	3132000.0	82096000.0	85228000.0	1250000.0		942000.0		0.0	308000.0	0.04	0.04	RSM US LLP	true	true		true		true	
0001117768-19-000339	12411 Poway Road		Poway	CA	92064	760-916-7444	Matheau J. W. Stout, Esq.	Other	49110.0	0.0		97427.0		295407.0		10773760.0	479436.0			96345.0	1567013.0	9206013.0	10773760.0	3997597.0		1079201.0		120721.0	182599.0	0.0	0.0	NONE	true	true	false	true		false	Rule 144 and/or Section 4(a)(2) of the Securities Act of 1933
0001731122-19-000308	131 Sunnyside Boulevard	Suite 100	Plainview	NY	11803	631-241-9404	Marc Adesso	Other	351.0	0.0		0.0		618027.0		2260249.0	1994482.0			200000.0	2194482.0	-65767.0	2260249.0	1149818.0		954374.0		0.0	195444.0	0.0	0.0	N/A	true	true		true			During the period ended April 30, 2018, 64,591,818 shares were issued to investors and 40,000,000 shares were issued to service providers. All such shares were issued under Section 4(a)(2) of the Securities Act.
0001144204-19-029628	73 Greentree Drive	#558	DOVER	DE	19904	888-546-7980	Jeanne Campanelli	Other	0.0	0.0		9363.0		0.0		24087.0	252209.0			376342.0	628551.0	-604465.0	24087.0	171132.0		282041.0		0.0	-424600.0	0.0	0.0	Wipfli, LLP	true	true		true			Regulation A
0001144204-19-029570	75 Fifth Street, NW,	Suite 2170	ATLANTA	GA	30308	404-850-9225	Nick Bhargava	Other	1069392.0	0.0		41067181.0		813104.0		43013583.0	35584837.0			0.0	45864289.0	-2850706.0	43013583.0	2889961.0		-423776.0		375365.0	-6100655.0	-2.0	-2.0	Hughes Pittman & Gupton, LLP	true	true		true			Regulation A, Rule 506 of Regulation D, and Rule 506 of Regulation D, respectively.
0001144204-19-029564	2738 FALKENBURG ROAD SOUTH		RIVERVIEW	FL	33578	813-621-5000	Jamie Ostrow	Other	160.0	0.0		0.0		0.0		12660.0	0.0			0.0	169875.0	-157375.0	12660.0	0.0		0.0		0.0	-157375.0	0.0	0.0	IndigoSpires CPA Group, LLC	true	true			true		Section 4(a)(2) of the Securities Act
0001144204-19-029517	315 S. Coast Hwy 101	Suite U38	ENCINITAS	CA	92024	760-266-5313	Jamie Ostrow	Other	107041.0	0.0		41204.0		259124.0		905387.0	261130.0			0.0	1647938.0	-742551.0	905387.0	902048.0		514564.0		182534.0	-10660495.0	-0.15	-0.15	dbbmckennon	true	true		true			Regulation A
0001731122-19-000298	701 E. FRONT AVENUE	FLOOR 2	COEUR D'ALENE	ID	83814	800-971-5988	Kevin Kim Geraci Law Firm	Other	25000.0	0.0		3000.0		0.0		28000.0	3000.0			0.0	3000.0	25000.0	28000.0	0.0		0.0		0.0	0.0	0.0	0.0	Armanino LLP	true	true		true			"Securities offered by Secured Investment High Yield Fund II, LLC (""SIHYF II"") were exempt under Regulation D of the Securities Act of 1933. SIHYF II is not offering any securities as part of this offering."
0001493152-19-008526	7 Sarah Crescent		Templestowe Victoria	C3	3106	61-398464288	Matheau J. W. Stout, Esq.	Other	2201.0	0.0		17253.0		105951.0		177725.0	869387.0			91166.0	3429855.0	443335.0	177725.0	34748.0		42365.0		0.0	-158856.0	0.0	0.0	ShineWing Australia	true	true		true			Between April 1, 2018 and June 30, 2018, the Company issued 120,000,000 shares of common stock due to conversions of note holders for principal totaling $120,000 into the Company's common stock under Section 4(a)(2) and/or Rule 144 of the Securities Act.
0001262463-19-000185	33 Davies		Toronto	A6	M4M 2A9	416-357-0399	Philip Magri, Esq.	Other	2729.0	0.0		0.0		2300.0		429774.0	70062.0			670134.0	740196.0	-310422.0	429774.0	390381.0		4527299.0		1138.0	-8096408.0	-0.18	-0.18	Sadler, Gibb & Associates, LLC	true	true		true			Section 4(a)(2)the issuances were isolated, did not involve a public offering of securities and Section 3(a)(9)it was with an existing securityholder, no commission or remuneration was paid or given directly or indirectly for soliciting such exchange.
0001493152-19-008506	9720 WILSHIRE BLVD.	SUITE 500	BEVERLY HILLS	CA	90212	310-319-1850	Allen Z. Sussman, Esq.	Other	653000.0	0.0		17570000.0		0.0		57960000.0	5491000.0			15400000.0	52221000.0	5739000.0	57960000.0	18367000.0		14131000.0		358000.0	-1798000.0	-0.16	-0.16	Hutchinson & Bloodgood LLP	true	true			true		Section 4(a)(2) of the Securities Act and Rule 506 promulgated under Regulation D under the Securities Act.
0001078782-19-000488	300 ARAGON AVENUE SUITE 375		CORAL GABLES	FL	33134	954-951-8191	Scott Doney	Other	4570.0	0.0		2101377.0		285107.0		2391054.0	3897914.0			90787.0	3988701.0	-1597647.0	2391054.0	13775361.0		15859172.0		20350.0	-2104161.0	-0.15	-0.15	Boyle CPA LLC	true	true	false	true	false	false	Section 4(a)(2) and/or Rule 506(b).
0001477932-19-003334	16 LAGOON CT.		SAN RAFAEL	CA	94903	415-335-6370	Jillian Sidoti	Other	0.0	0.0		0.0		0.0		0.0	0.0			0.0	0.0	0.0	0.0	0.0		0.0		0.0	0.0	0.0	0.0	CohnReznick	true	true	false	true		true	
0001683168-19-001763	250 W. FIRST ST., STE. 256		CLAREMONT	CA	91711	909-740-9175	Michael Behrens	Other	0.0	0.0		47407.0		206105.0		253512.0	55851.0			15606.0	71457.0	182055.0	253512.0	36888.0		70998.0		40286.0	-159165.0	0.0	0.0	IndigoSpire CPA Group, LLC	true	true		true			Issuer relied on Rule 147A, promulgated under Section 28 of the Securities Act. For Series Cairo Kiss, interests were initially offered under Rule 506(c) and then, subsequently, Series Cairo Kiss Interests were offered under Rule 147A
0001144204-19-029248	53 BRIDGE STREET UNIT 507		BROOKLYN	NY	11251	718-576-3205	Andrew Stephenson	Other	922108.0	0.0		0.0		0.0		1184254.0	2352.28			180000.0	2575280.0	1391026.0	1184254.0	0.0		0.0		30957.0	-712268.0	-0.28	-0.28	Fruci and Associates II, PLLC	true	true			true		Rule 506(c) of Regulation D and Section 4(a)(2), respectively
0001350455-19-000004	5401 OLD NATIONAL HIGHWAY #419	C/O MICHAEL L GILMORE	ATLANTA	GA	30349	601-582-1851	Michael Gilmore	Other	0.0	0.0		0.0		0.0		0.0	0.0			0.0	0.0	0.0	0.0	0.0		0.0		0.0	0.0	1.0	1.0	Michael Gilmore has filed, as allowed per Reg A, Tier 2, Interim financial statements; When resources allow, an audit will be filed by amendment.	true	true	false	true	false	true	
0001766914-19-000001	572 Breckenridge Way		Beavercreek	OH	45430	9374100041	Kendall Almerico	Other	222616.0	0.0		183954.0		0.0		406579.0	386492.0			0.0	386492.0	20087.0	406579.0	450.0		85567.0		0.0	-85117.0	-0.01	-0.01	Clark Schaefer Hackett	true	true	false	false	false	true	
0001776230-19-000005	800 W El Camino Ste 180		Mountain View	CA	94040	6509620888	Jeremy Tian	Other	331831000.0	385393000.0		51885000.0		4264000.0		905018000.0	209045000.0			4589000.0	213634000.0	-593831000.0	905018000.0	317964000.0		530446000.0		0.0	-206490000.0	-2.07	-2.07		true	true	true	false	true	true	
0001213900-19-009819	5910 Pacific Center Blvd	Ste 300	San Diego	CA	92121	800-268-0719	Lisa Sanford	Other	137706.0	0.0		416106.0		81003.0		1233586.0	11975056.0			0.0	11975056.0	-10741470.0	1233586.0	0.0		7661155.0		16310.0	-8399093.0	-0.84	-0.84	Deloitte & Touche LLP	true	true		true			Rule 506(b) of Regulation D and Rule 701 of the Securities Act.
0001144204-19-028869	1601 CONNECTICUT AVENUE NW	STE 300	WASHINGTON	DC	20009	202-584-0550	Benjamin S. Miller	Other	3692000.0	0.0		7141000.0		0.0		28454000.0	64000.0			0.0	958000.0	27496000.0	28454000.0	100000.0		123000.0		31000.0	-54000.0	-0.11	-0.11	RSM US LLP	true	true		true		true	
0001144204-19-028866	1601 CONNECTICUT AVENUE NW	STE 300	WASHINGTON	DC	20009	202-584-0550	Benjamin S. Miller	Other	6044000.0	0.0		13188000.0		0.0		26707000.0	69000.0			0.0	1275000.0	25432000.0	26707000.0	378000.0		128000.0		0.0	247000.0	0.52	0.52	RSM US LLP	true	true		true		true	
0001477932-19-003257	18909 NE 29th Avenue		Aventura	FL	33180	310-777-0255	Jillian Sidoti, Esq.	Other	18000.0	0.0		0.0		0.0		18000.0	18000.0			0.0	18000.0	0.0	18000.0	0.0		0.0		0.0	0.0	0.0	0.0	Kaufman Rosin	true	true	false	true		false	Such interests were issued as founders' interests without consideration under 4(2).
0001654954-19-006714	1500 West Georgia St., Suite 1300		Vancouver	A1	V6G-2Z4	604-200-0071	Brad J. Moynes, CEO	Other	480725.0	0.0		292410.0		0.0		773135.0	344102.0			6343.0	931237.0	-158102.0	773135.0	0.0		580581.0		0.0	-650672.0	-0.01	-0.01	WDM Chartered Professional Accountants	true	true		true		false	Section 4(a)(2), Regulation D  - See attached Exhibit 6.5 with all the securities issued since March 25, 2018 to current.
0001761911-19-000005	418 BROADWAY		ALBANY	NY	12207	1-518-396-5853	Andy Altahawi	Other	7326.0	0.0		0.0		652986.0		660312.0	30505.0			61051.0	91556.0	-632183.0	660312.0	49950.0		80726.0		107992.0	-316361.0	0.0	0.0	IndigoSpire CPA Group, LLC	true	true	false	false	true	false	Class A stock Exempt from registration under Rule 506(c) of the Securities Act. Class B stock under Section 4(a)(2).
0001683168-19-001747	1170 Peachtree Street	#1200	Atlanta	GA	30309	404-885-6045	John E. Lux, Esq.	Other	2290.0	0.0		43373.0		41487.0		93513.0	526187.0			0.0	526187.0	-516425.0	93513.0	0.0		8183.0		5635.0	0.0	0.0	0.0		true	true			true		Section 4(a)(1)
0001117768-19-000305	12411 Poway Road		Poway	CA	92064	760-916-7444	Matheau J. W. Stout, Esq.	Other	49110.0	0.0		97427.0		295407.0		10773760.0	479436.0			96345.0	1567013.0	9206013.0	10773760.0	3997597.0		1079201.0		120721.0	182599.0	0.0	0.0	NONE	true	true	false	true		false	Rule 144 and/or Section 4(a)(2) of the Securities Act of 1933
0001213900-19-009545	425 NW 10th Ave, Suite 306		Portland	OR	97209	503-546-4049	Andrew Stephenson	Other	5430.0	0.0		0.0		0.0		84762.0	9765.0			101500.0	111265.0	-26503.0	84762.0	0.0		0.0		0.0	-34439.0	-1.3800000000000001	-0.06	dbbmckennon	true	true			true		Section 4(a)(2)
0001477932-19-003131	8236 Remmet Ave.		Canoga Park	CA	91304	818-349-2870	Mark J. Richardson	Other	709723.0	0.0		70643.0		318852.0		1819090.0	926195.0			53021.0	1098590.0	720500.0	1819090.0	646917.0		451329.0		0.0	-3433277.0	-0.03	-0.03	MJF & Associates APC	true	true	false		true	false	Exempt offering under Section 3(b) and Regulation A+ (Tier 2) from May 1, 2018 until April 30, 2019. Private placement under Section 4(a)(2) from May 1, 2018 to April 30, 2019.
0001477932-19-003121	8236 Remmet Ave.		Canoga Park	CA	91304	818-349-2870	Mark J. Richardson	Other	709723.0	0.0		70643.0		318852.0		1819090.0	926195.0			53021.0	1098590.0	720500.0	1819090.0	646917.0		451329.0		0.0	-3433277.0	-0.03	-0.03	MJF & Associates APC	true	true	false		true	false	Exempt offering under Section 3(b) and Regulation A+ (Tier 2) from May 1, 2018 until April 30, 2019. Private placement under Section 4(a)(2) from May 1, 2018 to April 30, 2019.
0001757108-19-000002	36 Christopher Columbus Blvd		Jackson	NJ	08527	732-654-2600	Kendall Almerico	Other	387.0	0.0		2008.0		0.0		103984.0	0.0			0.0	23543.0	80441.0	103984.0	0.0		127195.0		0.0	-127195.0	0.01	0.01	Jason M Tyra CPA	true	true	false	false	false	true	
0001486452-19-000009	4221 92ND COURT		DES MOINES	IA	50322	515-331-6509	Eric Newlan	Other	7667.0	0.0		225000.0		72534.0		460799.0	913365.0			0.0	913365.0	-452566.0	460799.0	1994.0		351897.0		0.0	-349903.0	-0.11	-0.11	N/A	true	true	false	true	false	false	Regulation A, Sec.4(a)(2), Sec.4(a)(2), Sec.4(a)(2), Sec.4(a)(2), Sec.4(a)(2), Sec.4(a)(1), Sec.4(a)(2), Sec.4(a)(2), Sec.4(a)(2), Sec.4(a)(2), Sec.4(a)(2), Sec.4(a)(2), Sec.4(a)(2), Sec.4(a)(2)
0001659173-19-000093	2009 E. Windmill Lane		Las Vegas	NV	89123	702-240-0977	Bryan Clark, Esq.	Other	556374.0	9469272.0		54448.0		0.0		10080094.0	140315.0			10176000.0	10316315.0	-236221.0	10080094.0	191690.0		352833.0		0.0	-161143.0	0.0	0.0	Hall & Company Certified Public Accountants & Consultants, Inc.	true	true			true		Section 4(a)(2) of the Securities Act; Rule 506 (b)
0001683168-19-001682	11445 E. VIA LINDA, UNIT 2-496		SCOTTSDALE	AZ	85259	480-776-0281	John E. Lux, Esq.	Other	245.0	0.0		189000.0		0.0		189245.0	62895.0			101651.0	164546.0	24699.0	189245.0	528000.0		599447.0		75236.0	-2923140.0	-0.02	-0.02		true	true			true		Sections 3(a)(10), 4(a)(1), Rule 144
0001766570-19-000006	2100 POWERS FERRY ROAD S.E.	SUITE 370	ATLANTA	GA	30339	8334264260	Kendall Almerico	Other	0.0	0.0		0.0		0.0		0.0	0.0			0.0	0.0	22250.0	0.0	0.0		0.0		0.0	-34013.0	0.0	0.0	Indigospire	true	true	false	false	true	true	
0001477932-19-003065	411 Eastgate road, Suite A		Henderson	NV	89001	702-572-8050	William R. Eilers, Esq	Other	220.0	0.0		1324.0		0.0		1544.0	156424.0			0.0	1496925.0	-1495381.0	1544.0	0.0		0.0		0.0	2797656.0	0.02	0.01		true	true	false		true	true	
0001144204-19-027383	1070 TERRA BELLA AVENUE		MOUNTAIN VIEW	CA	94043	650-924-1025	Mariya Pivtoraiko	Other	1358399.0	0.0		1178625.0		106265.0		6987497.0	1419409.0			0.0	3110651.0	-34880369.0	6987497.0	2938634.0		17309828.0		1207186.0	-13389827.0	-1.32	-1.32	Ernst & Young LLP	true	true			true		Section 4(a)(2) of the Securities Act, and Rule 506(b) and 506(c) of Regulation D under the Securities Act
0001683168-19-001648	20 E. THOMAS ROAD, SUITE 2200		PHOENIX	AZ	85012	602-502-0602	John E. Lux, Esq.	Other	10721.0	0.0		0.0		721.0		21442.0	6227980.0			0.0	6227980.0	6206538.0	21442.0	58744.0		99170.0		0.0	-70492.0	0.0	0.0		true	true		true		true	
0001213900-19-009164	5910 Pacific Center Blvd	Ste 300	San Diego	CA	92121	800-268-0719	Lisa Sanford	Other	137706.0	0.0		416106.0		81003.0		1233586.0	11975056.0			0.0	11975056.0	-10741470.0	1233586.0	0.0		7661155.0		16310.0	-8399093.0	-0.84	-0.84	Deloitte & Touche LLP	true	true		true			Rule 506(b) of Regulation D and Rule 701 of the Securities Act.
0001144204-19-027172	75 Fifth Street, NW,	Suite 2170	ATLANTA	GA	30308	404-850-9225	Nick Bhargava	Other	1069392.0	0.0		41067181.0		813104.0		43013583.0	35584837.0			0.0	45864289.0	-2850706.0	43013583.0	2889961.0		-423776.0		375365.0	-6100655.0	-2.0	-2.0	Hughes Pittman & Gupton, LLP	true	true		true			Regulation A, Rule 506 of Regulation D, and Rule 506 of Regulation D, respectively.
0001743305-19-000007	1660 S. Albion St.	Suite 321	Denver	CO	80222	3039416001	N Nora Nye	Other	0.0	0.0		0.0		0.0		0.0	0.0			0.0	0.0	0.0	0.0	0.0		28602.5		0.0	-28602.5	-286.02	-286.02	N Nora Nye	true	true	false	true	false	false	Budding Equity Management, Inc. has purchased 100 Class A Units for a purchase price of $95,000 in a private offering. Such issuance was exempt from the registration requirements of the Securities Act pursuant to Section 4(a)(2) thereof.
0001767235-19-000002	5305 RIVER RD NORTH		Keizer	OR	97303	9713500986	Christian Franzke	Other	0.0	0.0		0.0		0.0		0.0	0.0			0.0	0.0	0.0	0.0	0.0		0.0		0.0	0.0	0.0	0.0	xxx	true	true	false	false	true	true	
0001144204-19-026865	1601 Connecticut Avenue NW	Suite 300	WASHINGTON	DC	20009	202-584-0550	Bjorn Hall	Other	5000.0	0.0		0.0		0.0		5000.0	0.0			0.0	0.0	5000.0	5000.0	0.0		0.0		0.0	0.0	0.0	0.0	RSM US LLP	true	true		true			Rise Companies Corp. has purchased 500 common shares for a purchase price of $5,000 in a private offering. Such issuance was exempt from the registration requirements of the Securities Act pursuant to Section 4(a)(2) thereof.
0001144204-19-026862	1601 Connecticut Avenue NW	Suite 300	WASHINGTON	DC	20009	202-584-0550	Bjorn Hall	Other	5000.0	0.0		0.0		0.0		5000.0	0.0			0.0	0.0	5000.0	5000.0	0.0		0.0		0.0	0.0	0.0	0.0	RSM US LLP	true	true		true			Rise Companies Corp. has purchased 500 common shares for a purchase price of $5,000 in a private offering. Such issuance was exempt from the registration requirements of the Securities Act pursuant to Section 4(a)(2) thereof.
0001144204-19-026851	3090 BRISTOL STREET	SUITE 550	COSTA MESA	CA	92626	855-742-4862	Gregory W. Preston, Esq.	Other	872262.0	5708314.0		0.0		0.0		6637828.0	70808.0			0.0	219081.0	6382824.0	6637828.0	0.0		393505.0		0.0	-660102.0	-1.09	-1.09	Squar Milner LLP	true	true		true			Regulation D. Private offering of 200 shares of common stock at $5.00 per share to BrixInvest, LLC, the sponsor of the issuer. and 11,200 total shares issued to independent directors in 2018 for services rendered.
0001262463-19-000152	33 Davies		Toronto	A6	M4M 2A9	416-357-0399	Philip Magri, Esq.	Other	2729.0	0.0		0.0		2300.0		429774.0	70062.0			670134.0	740196.0	-310422.0	429774.0	390381.0		4527299.0		1138.0	-8096408.0	-0.18	-0.18	Sadler, Gibb & Associates, LLC	true	true		true			Section 4(a)(2)the issuances were isolated, did not involve a public offering of securities and Section 3(a)(9)it was with an existing securityholder, no commission or remuneration was paid or given directly or indirectly for soliciting such exchange.
0001104659-19-029828	111 TOWN SQUARE PL	SUITE 1203	JERSEY CITY	NJ	07310	201-589-2204	ROBERT ROSENBLUM	Other	21126000.0	290000.0		0.0		95000.0		32035000.0	8524000.0			0.0	11044000.0	20991000.0	32035000.0	34537000.0		0.0		19000.0	9302000.0	0.0	0.0	WithumSmith&Brown, PC	true	true	false	true	false	false	Section 4(a) of the Securities Act and issued to accredited investors, Regulation S and issued to non-U.S. persons, or issued in compliance with Rule 701
0001445866-19-000601	501 SILVERSIDE RD.	PMB #352	WILMINGTON	DE	19809	302-307-3668	Alexander M. Woods-Leo	Other	11290.0	0.0		0.0		3500.0		103790.0	5803.0			0.0	5803.0	97987.0	103790.0	8500.0		15599.0		0.0	-430908.0	-0.03	-0.03	M&K CPAS, PLLC	true	true	false	true	false	false	4(a)(2) for Common Stock and 4(a)(6), Regulation CF, for Series Seed Preferred Stock
0001493152-19-007578	497 BROOME STREET		NEW YORK	NY	10013	203-518-5172	LAURA ANTHONY	Other	100.0	0.0		0.0		0.0		100.0	0.0			0.0	0.0	100.0	100.0	0.0		0.0		0.0	0.0	0.0	0.0	Mayer Hoffman McCann, P.C.	true	true			true		The foregoing issuances were pursuant to Section 4(a)(2) of the Securities Act of 1933, as amended, for transactions by an issuer not involving any public offering.
0001213900-19-008902	5910 Pacific Center Blvd	Ste 300	San Diego	CA	92121	800-268-0719	Lisa Sanford	Other	137706.0	0.0		416106.0		81003.0		1233586.0	11975056.0			0.0	11975056.0	-10741470.0	1233586.0	0.0		7661155.0		16310.0	-8399093.0	-0.84	-0.84	Deloitte & Touche LLP	true	true		true			Rule 506(b) of Regulation D and Rule 701 of the Securities Act.
0001144204-19-026592	20C Trolley Square		Wilmington	DE	19806	844-843-7296	William Eilers, Esq.	Other	469.0	0.0		35000.0		720371.0		858982.0	1456303.0			2380698.0	3837001.0	-2978019.0	858982.0	61011.0		542427.0		0.0	-489316.0	0.0	0.0		true	true	true	true		true	
0001144204-19-026408	1601 CONNECTICUT AVENUE NW	STE 300	WASHINGTON	DC	20009	202-584-0550	Benjamin S. Miller	Other	3692000.0	0.0		7141000.0		0.0		28454000.0	64000.0			0.0	958000.0	27496000.0	28454000.0	100000.0		123000.0		31000.0	-54000.0	-0.11	-0.11	RSM US LLP	true	true		true		true	
0001144204-19-026406	1601 CONNECTICUT AVENUE NW	STE 300	WASHINGTON	DC	20009	202-584-0550	Benjamin S. Miller	Other	6044000.0	0.0		13188000.0		0.0		26707000.0	69000.0			0.0	1275000.0	25432000.0	26707000.0	378000.0		128000.0		0.0	247000.0	0.52	0.52	RSM US LLP	true	true		true		true	
0001062993-19-002274	400 BURRARD ST., SUITE 1050		VANCOUVER	A1	V6C 3A6	604-449-3361	Kenneth Sam	Other	545164.0	0.0		27205.0		29800.0		42928649.0	885931.0			13732095.0	14653099.0	28275550.0	42928649.0	0.0		0.0		0.0	-11855092.0	-0.26	-0.26	Ernst & Young LLP	true	true	false	false	true	false	The securities issued in each of the foregoing issuances were pursuant to Section 4(a)(2) of the Securities Act of 1933, as amended.
0001144204-19-026265	5950 Berkshire Lane	Suite 850	Dallas	TX	75225	214-750-2976	Kenneth Betts	Other	25000.0	0.0		0.0		0.0		125000.0	109000.0			0.0	109000.0	16000.0	125000.0	0.0		9000.0		0.0	-9000.0	0.0	0.0	Moss Adams LLP	true	true			true		Regulation D--Sale to an accredited investor
0001761911-19-000004	418 BROADWAY		ALBANY	NY	12207	1-518-396-5853	Andy Altahawi	Other	7326.0	0.0		0.0		652986.0		660312.0	30505.0			61051.0	91556.0	-632183.0	660312.0	49950.0		80726.0		107992.0	-316361.0	0.0	0.0	IndigoSpire CPA Group, LLC	true	true	false	false	true	false	Class A stock Exempt from registration under Rule 506(c) of the Securities Act. Class B stock under Section 4(a)(2).
0001742808-19-000003	56 Pine Street	7TH FLOOR	Providence	RI	02903	4012725800	MARK THATCHER	Other	52733.0	0.0		88250.0		0.0		50173372.0	0.0			0.0	1790000.0	48383372.0	50173372.0	540333.0		21742.0		0.0	32707.0	10.03	8.36	UMBRA Technologies (US) Inc.	true	true	true	true	false	true	
0001062993-19-002139	400 BURRARD ST., SUITE 1050		VANCOUVER	A1	V6C 3A6	604-449-3361	Kenneth Sam	Other	545164.0	0.0		27205.0		29800.0		42928649.0	885931.0			13732095.0	14653099.0	28275550.0	42928649.0	0.0		0.0		0.0	-11855092.0	-0.26	-0.26	Ernst & Young LLP	true	true	false	false	true	false	The securities issued in each of the foregoing issuances were pursuant to Section 4(a)(2) of the Securities Act of 1933, as amended.
0001214659-19-003389	201 Shipyard Way	Suite E	Newport Beach	CA	92663	949-444-5464	Henry Nisser	Other	873662.0	178597.0		3284382.0		9313299.0		49425880.0	13065838.0			625718.0	31554924.0	17835106.0	49425880.0	27154219.0		21774658.0		2906905.0	-32535765.0	-11.22	-11.22	Marcum LLP	true	true		true			These securities were sold in reliance upon the exemption provided by Section 4(a)(2) of the Securities Act and the safe harbor of Rule 506 under Regulation D promulgated under the Securities Act.
0001144204-19-025401	1601 CONNECTICUT AVENUE NW	SUITE 300	WASHINGTON	DC	20009	202-584-0550	Benjamin S. Miller	Other	291000.0	0.0		0.0		0.0		16137000.0	173000.0			1089000.0	1598000.0	14539000.0	16137000.0	133000.0		484000.0		23000.0	-374000.0	-0.3	-0.3	RSM US LLP	true	true		true		true	
0001144204-19-025397	1601 CONNECTICUT AVENUE NW	SUITE 300	WASHINGTON	DC	20009	202-584-0550	Benjamin S. Miller	Other	2755000.0	0.0		4800000.0		0.0		33110000.0	193000.0			0.0	1150000.0	31960000.0	33110000.0	825000.0		751000.0		59000.0	15000.0	0.01	0.01	RSM US LLP	true	true		true		true	
0001144204-19-025359	1601 Connecticut Avenue NW	Suite 300	WASHINGTON	DC	20009	202-584-0550	Bjorn Hall	Other	5000.0	0.0		0.0		0.0		5000.0	0.0			0.0	0.0	5000.0	5000.0	0.0		0.0		0.0	0.0	0.0	0.0	RSM US LLP	true	true		true			Rise Companies Corp. has purchased 500 common shares for a purchase price of $5,000 in a private offering. Such issuance was exempt from the registration requirements of the Securities Act pursuant to Section 4(a)(2) thereof.
0001144204-19-025356	1601 Connecticut Avenue NW	Suite 300	WASHINGTON	DC	20009	202-584-0550	Bjorn Hall	Other	5000.0	0.0		0.0		0.0		5000.0	0.0			0.0	0.0	5000.0	5000.0	0.0		0.0		0.0	0.0	0.0	0.0	RSM US LLP	true	true		true			Rise Companies Corp. has purchased 500 common shares for a purchase price of $5,000 in a private offering. Such issuance was exempt from the registration requirements of the Securities Act pursuant to Section 4(a)(2) thereof.
0001117768-19-000244	12411 Poway Road		Poway	CA	92064	760-916-7444	Matheau J. W. Stout, Esq.	Other	49110.0	0.0		97427.0		295407.0		10773760.0	479436.0			96345.0	1567013.0	9206013.0	10773760.0	3997597.0		1079201.0		120721.0	182599.0	0.0	0.0	NONE	true	true	false	true		false	Rule 144 and/or Section 4(a)(2) of the Securities Act of 1933
0001144204-19-024920	73 Greentree Drive	#558	DOVER	DE	19904	888-546-7980	Jeanne Campanelli	Other	0.0	0.0		9363.0		0.0		24087.0	252209.0			376342.0	628551.0	-604465.0	24087.0	171132.0		282041.0		0.0	-424600.0	0.0	0.0	Wipfli, LLP	true	true		true			Regulation A
0001654954-19-005530	136 Main Street		Pineville	NC	28134	980-273-1702	Michael Z. Anise	Other	458271.0	0.0		12987.0		12022591.0		12593321.0	71091.0			12432026.0	13546351.0	-953030.0	12593321.0	2000312.0		676381.0		534290.0	-11296393.0	-0.13	-0.13	Liggett & Webb, P.A.	true	true	false	false	true	false	Rule 506 of Regulation D of the Securities Act of 1933, as amended
0001144204-19-024416	75 Fifth Street, NW,	Suite 2170	ATLANTA	GA	30308	404-850-9225	Nick Bhargava	Other	1069392.0	0.0		41067181.0		813104.0		43013583.0	35584837.0			0.0	45864289.0	-2850706.0	43013583.0	2889961.0		-423776.0		375365.0	-6100655.0	-2.0	-2.0	Hughes Pittman & Gupton, LLP	true	true		true			Regulation A, Rule 506 of Regulation D, and Rule 506 of Regulation D, respectively.
0001022183-19-000007	10901 ROOSEVELT BLVD	SUITE 1000C	SAINT PETERSBURG	FL	33716	7274179338	sam Talari	Other	6820.0	40471.0		11678.0		3714.0		62683.0	175340.0			433549.0	1443898.0	1380715.0	62683.0	35695.0		265539.0		0.0	245653.0	0.0	0.0	Karin Rohret	true	true	false	true	false	true	
0000806171-19-000033	11705 Willake Street		Santa Fe Springs	CA	90670	323-489-8119	Joseph Collins	Other	0.0	0.0		0.0		0.0		870175.0	0.0			0.0	0.0	914389.0	870175.0	0.0		0.0		0.0	0.0	0.0	0.0	Ira Viener CPA	true	true		true		true	
0001477932-19-002375	16000 TRADE ZONE AVENUE/UNIT 105		Upper Marlboro	MD	20774	3012184333ex221	Jillian Sidoti, Esq.	Other	66.0	0.0		0.0		0.0		66.0	0.0			0.0	0.0	66.0	66.0	0.0		0.0		0.0	0.0	0.0	0.0		true	true	false	true		true	
0001683168-19-001384	535 FIFTH AVE, 4TH FL.		NEW YORK	NY	10017	845-536-4861	Vince Sykes, Esq.	Other	23786.0	0.0		71448.0		36127.0		245691.0	258529.0			0.0	1155028.0	-909337.0	245691.0	748676.0		383703.0		10544.0	60265.0	0.0	0.0		true	true		true		true	
0001144204-19-024016	425 NW 10th Ave, Suite 306		Portland	OR	97209	503-546-4049	Andrew Stephenson	Other	5430.0	0.0		0.0		0.0		84762.0	9765.0			101500.0	111265.0	-26503.0	84762.0	0.0		0.0		0.0	-34439.0	-1.3800000000000001	-0.06	dbbmckennon	true	true			true		Section 4(a)(2)
0001775196-19-000003	7135 Collins Ave	No.624	Miami Beach	FL	33141	3058658193	Indrajith Andrew Weeraratne	Other	11330.0	0.0		0.0		0.0		11330.0	10133.0			0.0	10133.0	1197.0	11330.0	0.0		133.0		0.0	-133.0	0.0	0.0	Indrajith Andrew Weeraratne	true	true	false	true	false	true	
0001104659-19-027213	10780 Santa Monica Blvd.	Suite 140	Los Angeles	CA	90025	310-907-7144	Lauren B. Prevost	Other	928766.0	0.0		46698177.0		0.0		48190956.0	940672.0			0.0	1940672.0	46250284.0	48190956.0	3890391.0		828266.0		0.0	3062125.0	0.0	0.0	CohnReznick LLP	true	true	false	false	true	false	Section 4(a)(2) of the Securities Act
0001144204-19-023727	75 Fifth Street, NW,	Suite 2170	ATLANTA	GA	30308	404-850-9225	Nick Bhargava	Other	1069392.0	0.0		41067181.0		813104.0		43013583.0	35584837.0			0.0	45864289.0	-2850706.0	43013583.0	2889961.0		-423776.0		375365.0	-6100655.0	-2.0	-2.0	Hughes Pittman & Gupton, LLP	true	true		true			Regulation A, Rule 506 of Regulation D, and Rule 506 of Regulation D, respectively.
0001688804-19-000009	250 Lafayette Street	3R	NEW YORK	NY	10012	3479528058	Max Niederste-Ostholt	Other	56787.0	0.0		2306.0		5384780.0		5443873.0	1212.0			2568883.0	2660095.0	2783778.0	5443873.0	0.0		64654.0		0.0	-64654.0	0.0	0.0	EisnerAmper LLP	true	true	false	true	false	false	Rule 506(c) - sale to verified accredited investors of interests in Series #77LE1
0001688804-19-000008	250 Lafayette Street	3R	NEW YORK	NY	10012	3479528058	Max Niederste-Ostholt	Other	56787.0	0.0		2306.0		5384780.0		5443873.0	1212.0			2568883.0	2660095.0	2783778.0	5443873.0	0.0		64654.0		0.0	-64654.0	0.0	0.0	EisnerAmper LLP	true	true	false	true	false	false	Rule 506(c) - sale to verified accredited investors of interests in Series #77LE1
0001213900-19-007764	300 South Orange Ave, Suite 1000		Orlando	FL	32801	407-378-6868	Markley Roderick	Other	0.0	0.0		0.0		0.0		111420.0	6564.0			0.0	153359.0	-41939.0	111420.0	0.0		0.0		0.0	-40199.0	-0.04	-0.04	None	true	true		true		true	
0001144204-19-023448	2900 SW 28th Terrace	Suite 202	Miami	FL	33133	786-235-9130	James Dodrill	Other	200.0	0.0		0.0		0.0		200.0	0.0			0.0	0.0	200.0	200.0	0.0		0.0		0.0	0.0	0.0	0.0	Templeton & Company Certified Public Accountants and Consultants	true	true		true			4(2) - issuance to founder of issuer.
0001493152-19-006322	3003 32nd Avenue South		FARGO	ND	58103	701-239-8425	Randy Sparling	Other	3707191.0	0.0		2992643.0		467954032.0		489948161.0	12087121.0			361043897.0	375485380.0	57354397.0	489948161.0	60376411.0		53153889.0		11886276.0	5404215.0	0.35000000000000003	0.35000000000000003	Eide Bailly LLP	true	true		true		true	
0001445866-19-000505	2090 N. KOLB ROAD, STE 120.		TUCSON	AZ	85715	888-444-2102	J Martin Tate	Banking	0.0	0.0			81893.0		0.0	81893.0	20017.0		0.0	85051.0	105068.0	-23085.0	81893.0		0.0		0.0	0.0	23085.0	23085.0	0.0	dbbmckennon	true	true	false	false	true	false	506(b)
0001683168-19-001320	38625 Calistoga Drive, Suite #200		Murrieta	CA	92563	951-550-7641	Christopher A. Wilson	Other	0.0	193050.0		0.0		0.0		193050.0	0.0			0.0	0.0	193050.0	193050.0	0.0		0.0		0.0	-23738.0	-0.17	-0.17	BF Borgers CPA PC	true	true		true			Rule 506(b) and Section 4(2)
0001493152-19-006265	497 BROOME STREET		NEW YORK	NY	10013	203-518-5172	LAURA ANTHONY	Other	100.0	0.0		0.0		0.0		100.0	0.0			0.0	0.0	100.0	100.0	0.0		0.0		0.0	0.0	0.0	0.0	Mayer Hoffman McCann, P.C.	true	true			true		The foregoing issuances were pursuant to Section 4(a)(2) of the Securities Act of 1933, as amended, for transactions by an issuer not involving any public offering.
0000806171-19-000031	11705 Willake Street		Santa Fe Springs	CA	90670	323-489-8119	Joseph Collins	Other	0.0	0.0		0.0		0.0		870175.0	0.0			0.0	0.0	914389.0	870175.0	0.0		0.0		0.0	0.0	0.0	0.0	Ira Viener CPA	true	true		true		true	
0001193125-19-130175	4110 Campus Point Court		San Diego	CA	92130	858-299-4669	John Tishler	Other	0.0	0.0		0.0		0.0		540.0	0.0			0.0	150.0	390.0	540.0	0.0		0.0		0.0	532173.0	0.0	0.0	Mayer Hoffman McCann P.C.	true	true	false	true		true	
0001391609-19-000091	3225 Mcleod Drive	Suite 100	Las Vegas	NV	89103	800-351-3021	William R. Eilers, Esq.	Other	127841.0	0.0		15950.0		19481.0		163272.0	670239.0			0.0	4531071.0	4367799.0	163272.0	4469.0		404525.0		3334359.0	3734415.0	0.0	0.11	Michael T. Struder CPA P.C.	true	true		true			Regulation D of Rule 506 of the 1933 Securities Act and Sections 4(a)2 of the 1933 securities Act.
0001213900-19-007449	2885 Sanford Ave SW #41437		Grandville	MI	49418	616-552-9653	William R. Eilers, Esq.	Other	0.0	0.0		0.0		0.0		319741.0	638824.0			382264.0	1021088.0	-701347.0	319741.0	0.0		354362.0		131843.0	-430995.0	0.0	0.0	Michael T. Studer CPA P.C.	true	true	true		true	true	
0001213900-19-007421	222 N. Person Street, Suite 010		Raleigh	NC	27601	919-719-4161	Jeffrey W. Runge	Other	1120388.0	0.0		25000.0		3505.0		1248377.0	462116.0			4431755.0	4893871.0	-3645494.0	1248377.0	300000.0		2173904.0		0.0	-2018520.0	-1410.0	-705.0	Cherry Bekaert LLP	true	true		true		true	
0001144204-19-022185	75 Fifth Street, NW,	Suite 2170	ATLANTA	GA	30308	404-850-9225	Nick Bhargava	Other	1069392.0	0.0		41067181.0		813104.0		43013583.0	35584837.0			0.0	45864289.0	-2850706.0	43013583.0	2889961.0		-423776.0		375365.0	-6100655.0	-2.0	-2.0	Hughes Pittman & Gupton, LLP	true	true		true			Regulation A, Rule 506 of Regulation D, and Rule 506 of Regulation D, respectively.
0001703429-19-000011	16950 NORTH BAY ROAD, SUITE 1803		Sunny Isles Beach	FL	33160	347-301-8431	Thomas DeNunzio	Other	98248.0	0.0		0.0		0.0		7345115.0	25806.0			0.0	1014704.0	6330411.0	7345115.0	0.0		0.0		0.0	0.0	0.0	0.0	Paritz & Co.	true	true		true		true	
0001144204-19-021670	1900 Campus Commons Drive	Suite 200	Reston	VA	20191	800-560-1435	Mark Rockefeller	Other	16407136.0	10951701.0		23010.0		111716.0		30697364.0	149511.0			325000.0	16462160.0	-11237705.0	30697364.0	3078766.0		7606291.0		25370.0	-6559702.0	-0.61	-0.61	Baker Tilly Virchow Krause, LLP	true	true		true			"StreetShares, Inc. relied on the ""safe harbor"" provided in Rule 506(b) of Section 4(a)(2) of the Securities Act of 1933."
0001104659-19-024104	10780 Santa Monica Blvd.	Suite 140	Los Angeles	CA	90025	310-907-7144	Lauren B. Prevost	Other	928766.0	0.0		46698177.0		0.0		48190956.0	940672.0			0.0	1940672.0	46250284.0	48190956.0	3890391.0		828266.0		0.0	3062125.0	0.0	0.0	CohnReznick LLP	true	true	false	false	true	false	Section 4(a)(2) of the Securities Act
0000715812-19-000014	708 CHURCH STREET	SUITE 227	EVANSTON	IL	60201	847-859-6645	Timothy P. Fitzgerald	Other	878342.0	0.0		12711947.0		35836362.0		49707684.0	333450.0			18030703.0	18614153.0	31093531.0	49707684.0	1907675.0		1796509.0		175592.0	93878.0	1.61	1.55	Plante & Moran, PLLC	true	true		true			Rule 506(c) of Regulation D. The facts relied on were that all investors in the offering were accredited investors and the issuer took reasonable steps to verify that the investors were accredited investors.
0001766570-19-000004	2100 POWERS FERRY ROAD S.E.	SUITE 370	ATLANTA	GA	30339	8334264260	Kendall Almerico	Other	0.0	0.0		0.0		0.0		0.0	0.0			0.0	0.0	22250.0	0.0	0.0		0.0		0.0	-34013.0	0.0	0.0	Indigospire	true	true	false	false	true	true	
0001493152-19-005903	12465 South Fort St	suite 240	Draper	UT	84020	941-225-6699	John Brannelly, Attorney	Other	91810.0	0.0		0.0		0.0		91810.0	7705.0			0.0	68030.0	23780.0	91810.0	0.0		171220.0		0.0	171220.0	0.02	0.02	n/a	true	true			true		Jobs act, rule 506 and Regulation D
0001477932-19-001946	18909 NE 29th Avenue		Aventura	FL	33180	310-777-0255	Jillian Sidoti, Esq.	Other	18000.0	0.0		0.0		0.0		18000.0	18000.0			0.0	18000.0	0.0	18000.0	0.0		0.0		0.0	0.0	0.0	0.0	Kaufman Rosin	true	true	false	true		false	Such interests were issued as founders' interests without consideration under 4(2).
0001144204-19-020690	75 Fifth Street, NW,	Suite 2170	ATLANTA	GA	30308	404-850-9225	Nick Bhargava	Other	1069392.0	0.0		41067181.0		813104.0		43013583.0	35584837.0			0.0	45864289.0	-2850706.0	43013583.0	2889961.0		-423776.0		375365.0	-6100655.0	-2.0	-2.0	Hughes Pittman & Gupton, LLP	true	true		true			Regulation A, Rule 506 of Regulation D, and Rule 506 of Regulation D, respectively.
0001486452-19-000005	7117 FLORIDA BOULEVARD	SUITE 203	BATON ROUGE	LA	70806	800-584-3808	Eric Newlan	Other	7667.0	0.0		225000.0		72534.0		460799.0	913365.0			0.0	913365.0	-452566.0	460799.0	1994.0		351897.0		0.0	-349903.0	-0.11	-0.11	N/A	true	true	false	true	false	false	Regulation A, Sec.4(a)(2), Sec.4(a)(2), Sec.4(a)(2), Sec.4(a)(2), Sec.4(a)(2), Sec.4(a)(1), Sec.4(a)(2), Sec.4(a)(2), Sec.4(a)(2), Sec.4(a)(2), Sec.4(a)(2), Sec.4(a)(2), Sec.4(a)(2), Sec.4(a)(2)
0001683168-19-001145	523 US Highway 41 South		INVERNESS	FL	34450	352-765-3850	John E. Lux, Esq.	Other	40838.0	0.0		0.0		286003.0		326841.0	196122.0			242815.0	438937.0	-112096.0	326841.0	0.0		573586.0		7132.0	-610420.0	0.0	0.0	Assurance Dimensions	true	true		true			Exempt from registration under Section 4(2) Securities Act and Rules promulgated thereunder.
0001765320-19-000004	47123 MICHEL ROAD		RONAN	MT	59864	4062140589	Eric Newlan	Other	37662.0	0.0		5000.0		0.0		42662.0	0.0			0.0	0.0	42662.0	42662.0	0.0		138.0		0.0	-138.0	0.0	0.0	Cashuk, Wiseman, Goldberg, Birnbaum & Salem, LLP	true	true	false	true	false	false	SECTION 4(A)(2); SECTION 4(A)(2); RULE 506
0001615774-19-006042	450 Main Street Unit 1715		Park City	UT	84060	833-326-3342	Jeffrey S. Marks	Other	0.0	0.0		0.0		0.0		0.0	0.0			0.0	0.0	0.0	0.0	0.0		0.0		0.0	0.0	0.0	0.0	N/A	true	true	false	false	true	false	Section 4(a)(2) of the Securities Act
0001615774-19-006041	450 Main Street Unit 1715		Park City	UT	84060	833-326-3342	Jeffrey S. Marks	Other	0.0	0.0		0.0		0.0		0.0	0.0			0.0	0.0	0.0	0.0	0.0		0.0		0.0	0.0	0.0	0.0	N/A	true	true	false	false	true	false	Section 4(a)(2) of the Securities Act
0001615774-19-006040	450 Main Street Unit 1715		Park City	UT	84060	833-326-3342	Jeffrey S. Marks	Other	0.0	0.0		0.0		0.0		0.0	0.0			0.0	0.0	0.0	0.0	0.0		0.0		0.0	0.0	0.0	0.0	N/A	true	true	false	false	true	false	Section 4(a)(2) of the Securities Act
0001615774-19-006039	450 Main Street Unit 1715		Park City	UT	84060	833-326-3342	Jeffrey S. Marks	Other	0.0	0.0		0.0		0.0		0.0	0.0			0.0	0.0	0.0	0.0	0.0		0.0		0.0	0.0	0.0	0.0	N/A	true	true	false	false	true	false	Section 4(a)(2) of the Securities Act
0001615774-19-006038	450 Main Street Unit 1715		Park City	UT	84060	833-326-3342	Jeffrey S. Marks	Other	0.0	0.0		0.0		0.0		0.0	0.0			0.0	0.0	0.0	0.0	0.0		0.0		0.0	0.0	0.0	0.0	N/A	true	true	false	false	true	false	Section 4(a)(2) of the Securities Act
0001615774-19-006037	450 Main Street Unit 1715		Park City	UT	84060	833-326-3342	Jeffrey S. Marks	Other	0.0	0.0		0.0		0.0		0.0	0.0			0.0	0.0	0.0	0.0	0.0		0.0		0.0	0.0	0.0	0.0	N/A	true	true	false	false	true	false	Section 4(a)(2) of the Securities Act
0001615774-19-006036	450 Main Street Unit 1715		Park City	UT	84060	833-326-3342	Jeffrey S. Marks	Other	0.0	0.0		0.0		0.0		0.0	0.0			0.0	0.0	0.0	0.0	0.0		0.0		0.0	0.0	0.0	0.0	N/A	true	true	false	false	true	false	Section 4(a)(2) of the Securities Act
0001615774-19-006035	450 Main Street Unit 1715		Park City	UT	84060	833-326-3342	Jeffrey S. Marks	Other	0.0	0.0		0.0		0.0		0.0	0.0			0.0	0.0	0.0	0.0	0.0		0.0		0.0	0.0	0.0	0.0	N/A	true	true	false	false	true	false	Section 4(a)(2) of the Securities Act
0001615774-19-006034	450 Main Street	Unit 1715	Park City	UT	84060	833-326-3342	Jeffrey S. Marks	Other	0.0	0.0		0.0		0.0		0.0	0.0			0.0	0.0	0.0	0.0	0.0		0.0		0.0	0.0	0.0	0.0	N/A	true	true	false	false	true	false	Section 4(a)(2) of the Securities Act
0001615774-19-006033	450 Main Street Unit 1715		Park City	UT	84060	833-326-3342	Jeffrey S. Marks	Other	0.0	0.0		0.0		0.0		0.0	0.0			0.0	0.0	0.0	0.0	0.0		0.0		0.0	0.0	0.0	0.0	N/A	true	true	false	false	true	false	Section 4(a)(2) of the Securities Act
0001615774-19-006032	450 Main Street Unit 1715		Park City	UT	84060	833-326-3342	Jeffrey S. Marks	Other	0.0	0.0		0.0		0.0		0.0	0.0			0.0	0.0	0.0	0.0	0.0		0.0		0.0	0.0	0.0	0.0	N/A	true	true	false	false	true	false	Section 4(a)(2) of the Securities Act
0001062993-19-001809	400 BURRARD ST., SUITE 1050		VANCOUVER	A1	V6C 3A6	604-449-3361	Kenneth Sam	Other	545164.0	0.0		27205.0		29800.0		42928649.0	885931.0			13732095.0	14653099.0	28275550.0	42928649.0	0.0		0.0		0.0	-11855092.0	-0.26	-0.26	Ernst & Young LLP	true	true	false	false	true	false	The securities issued in each of the foregoing issuances were pursuant to Section 4(a)(2) of the Securities Act of 1933, as amended.
0001144204-19-020370	1601 CONNECTICUT AVENUE NW	STE 300	WASHINGTON	DC	20009	202-584-0550	Benjamin S. Miller	Other	327000.0	0.0		786000.0		0.0		48510000.0	91000.0			0.0	2157000.0	46353000.0	48510000.0	681000.0		572000.0		0.0	94000.0	0.02	0.02	RSM US LLP	true	true		true		true	
0001078782-19-000357	87 N. RAYMOND AVE	SUITE 200	PASADENA	CA	91103	626-559-0222	Peter Herbert Koch	Other	31456.0	0.0		0.0		0.0		31456.0	0.0			0.0	0.0	31456.0	31456.0	0.0		0.0		0.0	0.0	0.0	0.0	AJ Robbins CPA LLC	true	true	false	true	false	true	
0001078782-19-000349	87 N. RAYMOND AVE	SUITE 200	PASADENA	CA	91103	626-559-0222	Peter Herbert Koch	Other	31456.0	0.0		0.0		0.0		31456.0	0.0			0.0	0.0	31456.0	31456.0	0.0		0.0		0.0	0.0	0.0	0.0	AJ Robbins CPA LLC	true	true	false	true	false	true	
0001144204-19-020203	132 East 43rd Street	Suite 441	New York	NY	10017	718-384-0678	Jesse Prince	Other	0.0	1000.0		0.0		0.0		1000.0	0.0			0.0	0.0	1000.0	1000.0	0.0		0.0		0.0	0.0	0.0	0.0	RSM US LLP	true	true		true			Section 4(a)(2)
0001683168-19-001112	250 W. FIRST ST., STE. 256		CLAREMONT	CA	91711	909-740-9175	Michael Behrens	Other	0.0	0.0		58522.0		167599.0		226151.0	67749.0			25606.0	93355.0	132796.0	226151.0	11935.0		32226.0		14122.0	-67752.0	0.0	0.0	IndigoSpire CPA Group, LLC	true	true		true			Issuer relied on Rule 147A, promulgated under Section 28 of the Securities Act. For Series Cairo Kiss, interests were initially offered under Rule 506(c) and then, subsequently, Series Cairo Kiss Interests were offered under Rule 147A
0001615774-19-005921	450 Main Street Unit 1715		Park City	UT	84060	833-326-3342	Jeffrey S. Marks	Other	0.0	0.0		0.0		0.0		0.0	0.0			0.0	0.0	0.0	0.0	0.0		0.0		0.0	0.0	0.0	0.0	N/A	true	true	false	false	true	false	Section 4(a)(2) of the Securities Act
0001144204-19-020132	3090 BRISTOL STREET	SUITE 550	COSTA MESA	CA	92626	855-742-4862	Gregory W. Preston, Esq.	Other	872262.0	5708314.0		0.0		0.0		6637828.0	70808.0			0.0	219081.0	6382824.0	6637828.0	0.0		393505.0		0.0	-660102.0	-1.09	-1.09	Squar Milner LLP	true	true		true			Regulation D. Private offering of 200 shares of common stock at $5.00 per share to BrixInvest, LLC, the sponsor of the issuer. and 11,200 total shares issued to independent directors in 2018 for services rendered.
0001761911-19-000003	418 BROADWAY		ALBANY	NY	12207	1-518-396-5853	Andy Altahawi	Other	24784.0	574.0		18082.0		655204.0		698645.0	42400.0			70498.0	112898.0	585477.0	698645.0	174113.0		186454.0		107992.0	-303180.0	0.0	0.0	IndigoSpire CPA Group, LLC	true	true	false	false	true	false	Class A stock Exempt from registration under Rule 506(c) of the Securities Act. Class B stock under Section 4(a)(2).
0001615774-19-005918	12465 South Fort St	suite 240	Draper	UT	84020	941-225-6699	John Brannelly, Attorney	Other	91810.0	0.0		0.0		0.0		91810.0	7705.0			0.0	68030.0	23780.0	91810.0	0.0		171220.0		0.0	171220.0	0.02	0.02	n/a	true	true	false	false	true	false	Jobs act, rule 506 and Regulation D
0001493152-19-005580	SPRING PLACE, 6 ST JOHNS LANE	7th FLOOR	NEW YORK	NY	10013	203-518-5172	LAURA ANTHONY	Other	100.0	0.0		0.0		0.0		100.0	0.0			0.0	0.0	100.0	100.0	0.0		0.0		0.0	0.0	0.0	0.0	Mayer Hoffman McCann, P.C.	true	true			true		The foregoing issuances were pursuant to Section 4(a)(2) of the Securities Act of 1933, as amended, for transactions by an issuer not involving any public offering.
0001683168-19-001107	18351 Eddy Street	Suite B	Northridge	CA	91325	818-465-1295	John Lux	Other	55436.0	0.0		74691.0		374827.0		1185980.0	170731.0			355450.0	526181.0	659799.0	1185980.0	1229466.0		495684.0		75929.0	138169.0	0.0	0.0		true	true			true		0
0001683168-19-001097	78 READE STREET, SUITE 4FW		NEW YORK	NY	10007	212-349-7068	William Eilers	Other	80164.0	0.0		229425.0		2078740.0		2730829.0	3159083.0			1683.0	3160766.0	-429937.0	2730829.0	0.0		0.0		0.0	-1810816.0	0.0	0.0		true	true			true	true	
0001117768-19-000207	12411 Poway Road		Poway	CA	92064	760-916-7444	Matheau J. W. Stout, Esq.	Other	57335.0	0.0		98107.0		295557.0		10446644.0	449244.0			750053.0	1199297.0	9247347.0	10446644.0	2961579.0		3079502.0		120721.0	0.0	0.0	0.0	NONE	true	true	false	true		false	Rule 144 and/or Section 4(a)(2) of the Securities Act of 1933
0001144204-19-019955	600 Peachtree Street	Suite 810	ATLANTA	GA	30308	404-850-9225	Brian S. Korn, Esq.	Other	1069392.0	0.0		41067181.0		813104.0		43013583.0	35584837.0			0.0	45864289.0	-2850706.0	43013583.0	2889961.0		-423776.0		375365.0	-6100655.0	-2.0	-2.0	Hughes Pittman & Gupton, LLP	true	true		true			Regulation A, Rule 506 of Regulation D, and Rule 506 of Regulation D, respectively.
0001144204-19-019961	600 Peachtree Street	Suite 810	ATLANTA	GA	30308	404-850-9225	Nick Bhargava	Other	1069392.0	0.0		41067181.0		813104.0		43013583.0	35584837.0			0.0	45864289.0	-2850706.0	43013583.0	2889961.0		-423776.0		375365.0	-6100655.0	-2.0	-2.0	Hughes Pittman & Gupton, LLP	true	true		true			Regulation A, Rule 506 of Regulation D, and Rule 506 of Regulation D, respectively.
0001477932-19-001807	411 Eastgate road, Suite A		Henderson	NV	89001	702-572-8050	William R. Eilers, Esq	Other	220.0	0.0		1324.0		0.0		1544.0	156424.0			0.0	1496925.0	-1495381.0	1544.0	0.0		0.0		0.0	2797656.0	0.02	0.01		true	true	true		true	true	
0001144204-19-019812	1601 Connecticut Avenue NW	Suite 300	Washington	DC	20009	202-584-0550	Bjorn J. Hall	Other	6511000.0	0.0		2015000.0		0.0		54586000.0	71000.0			0.0	2339000.0	52247000.0	54586000.0	2380000.0		552000.0		0.0	1828000.0	0.41000000000000003	0.41000000000000003	RSM US LLP	true	true		true		true	
0001144204-19-019806	1601 Connecticut Avenue NW	Suite 300	Washington	DC	20009	202-584-0550	Bjorn J. Hall	Other	23086489.0	0.0		680000.0		0.0		52574000.0	75000.0			0.0	3298000.0	49276000.0	52574000.0	2542000.0		560000.0		0.0	1982000.0	0.46	0.46	RSM US LLP	true	true		true		true	
0001144204-19-019744	2738 FALKENBURG RD. S.		RIVERVIEW	FL	33578	813-621-5000	Jamie Ostrow	Other	180.0	0.0		0.0		0.0		3513.0	65655.0			0.0	65655.0	-62142.0	3513.0	0.0		0.0		0.0	0.0	0.0	0.0	IndigoSpires CPA Group, LLC	true	true			true		Section 4(a)(2) of the Securities Act
0001144204-19-019703	623 E FORT UNION BLVD, SUITE 101		SALT LAKE CITY	UT	84121	415-315-9916	Jeanne Campanelli	Other	0.0	0.0		0.0		0.0		0.0	20294.0			0.0	20294.0	-20294.0	0.0	0.0		20294.0		0.0	-20294.0	0.0	0.0	Jason M. Tyra, CPA, PLLC	true	true			true		Section 4(a)(2) of the Securities Act of 1933, as amended
0001078782-19-000331	300 ARAGON AVENUE SUITE 375		CORAL GABLES	FL	33134	954-951-8191	Scott Doney	Other	4570.0	0.0		2101377.0		285107.0		2391054.0	3897914.0			90787.0	3988701.0	-1597647.0	2391054.0	13775361.0		15859172.0		20350.0	-2104161.0	-0.15	-0.15	Boyle CPA LLC	true	true	false	true	false	false	Section 4(a)(2) and/or Rule 506(b).
0000806171-19-000028	11705 Willake Street		Santa Fe Springs	CA	90670	323-489-8119	Joseph Collins	Other	0.0	0.0		0.0		0.0		870175.0	0.0			0.0	0.0	914389.0	870175.0	0.0		0.0		0.0	0.0	0.0	0.0	Ira Viener CPA	true	true		true		true	
0001144204-19-019539	2738 FALKENBURG ROAD SOUTH		RIVERVIEW	FL	33578	813-621-5000	Jamie Ostrow	Other	160.0	0.0		0.0		0.0		12660.0	0.0			0.0	65655.0	-133590.0	12660.0	0.0		0.0		0.0	-133750.0	0.0	0.0	IndigoSpires CPA Group, LLC	true	true			true		Section 4(a)(2) of the Securities Act
0000715812-19-000012	708 CHURCH STREET	SUITE 227	EVANSTON	IL	60201	847-859-6645	Timothy P. Fitzgerald	Other	878342.0	0.0		12711947.0		35836362.0		49707684.0	333450.0			18030703.0	18614153.0	31093531.0	49707684.0	1907675.0		1796509.0		175592.0	93878.0	1.61	1.55	Plante & Moran, PLLC	true	true		true			Rule 506(c) of Regulation D. The facts relied on were that all investors in the offering were accredited investors and the issuer took reasonable steps to verify that the investors were accredited investors.
0001144204-19-019471	600 Peachtree Street	Suite 810	ATLANTA	GA	30308	404-850-9225	Nick Bhargava	Other	1069392.0	0.0		41067181.0		813104.0		43013583.0	35584837.0			0.0	45864289.0	-2850706.0	43013583.0	2889961.0		-423776.0		375365.0	-6100655.0	-2.0	-2.0	Hughes Pittman & Gupton, LLP	true	true		true			Regulation A, Rule 506 of Regulation D, and Rule 506 of Regulation D, respectively.
0001144204-19-019470	600 Peachtree Street	Suite 810	ATLANTA	GA	30308	404-850-9225	Nick Bhargava	Other	1069392.0	0.0		41067181.0		813104.0		43013583.0	35584837.0			0.0	45864289.0	-2850706.0	43013583.0	2889961.0		-423776.0		375365.0	-6100655.0	-2.0	-2.0	Hughes Pittman & Gupton LLP	true	true		true			Regulation A, Rule 506 of Regulation D, and Rule 506 of Regulation D, respectively.
0001144204-19-019468	600 Peachtree Street	Suite 810	ATLANTA	GA	30308	404-850-9225	Brian S. Korn, Esq.	Other	1069392.0	0.0		41067181.0		813104.0		43013583.0	35584837.0			0.0	45864289.0	-2850706.0	43013583.0	2889961.0		-423776.0		375365.0	-6100655.0	-2.0	-2.0	Hughes Pittman & Gupton, LLP	true	true		true			Regulation A, Rule 506 of Regulation D, and Rule 506 of Regulation D, respectively.
0001144204-19-019402	1601 Connecticut Avenue NW	Suite 300	WASHINGTON	DC	20009	202-584-0550	Bjorn Hall	Other	5000.0	0.0		0.0		0.0		5000.0	0.0			0.0	0.0	5000.0	5000.0	0.0		0.0		0.0	0.0	0.0	0.0	RSM US LLP	true	true		true			Rise Companies Corp. has purchased 500 common shares for a purchase price of $5,000 in a private offering. Such issuance was exempt from the registration requirements of the Securities Act pursuant to Section 4(a)(2) thereof.
0001144204-19-019405	1601 Connecticut Avenue NW	Suite 300	WASHINGTON	DC	20009	202-584-0550	Bjorn Hall	Other	5000.0	0.0		0.0		0.0		5000.0	0.0			0.0	0.0	5000.0	5000.0	0.0		0.0		0.0	0.0	0.0	0.0	RSM US LLP	true	true		true			Rise Companies Corp. has purchased 500 common shares for a purchase price of $5,000 in a private offering. Such issuance was exempt from the registration requirements of the Securities Act pursuant to Section 4(a)(2) thereof.
0001477932-19-001651	3820 Central Avenue		Cheyenne	WY	82001	307-222-7861	Anastasia Shishova	Other	0.0	0.0		0.0		14106.0		14106.0	0.0			0.0	0.0	14106.0	14106.0	0.0		0.0		0.0	-151.0	0.0	0.0	BF Borgers CPA PC	true	true	false		true	false	Exempt from registration under Rule 4(a)(2) of the Securities Act.
0001104659-19-020748	111 TOWN SQUARE PL	SUITE 1203	JERSEY CITY	NJ	07310	201-589-2204	ROBERT ROSENBLUM	Other	21126000.0	290000.0		0.0		95000.0		32035000.0	8524000.0			0.0	11044000.0	20991000.0	32035000.0	34537000.0		0.0		19000.0	9302000.0	0.0	0.0	WithumSmith&Brown, PC	true	true	false	true	false	false	Section 4(a) of the Securities Act, Regulation S and issued to accredited investors or issued in compliance with Rule 701
0001262463-19-000104	33 Davies		Toronto	A6	M4M 2A9	416-357-0399	Philip Magri, Esq.	Other	2729.0	0.0		0.0		2300.0		429774.0	70062.0			670134.0	740196.0	-310422.0	429774.0	390381.0		4527299.0		1138.0	-8096408.0	-0.18	-0.18	Sadler, Gibb & Associates, LLC	true	true		true			Section 4(a)(2)the issuances were isolated, did not involve a public offering of securities and Section 3(a)(9)it was with an existing securityholder, no commission or remuneration was paid or given directly or indirectly for soliciting such exchange.
0001213900-19-006106	124 Main Street		Delhi	NY	13753	855-413-3544	Abby E. Brown, Esq.	Banking	7680.0	99644.0			173681.0		3465.0	295203.0	3893.0		263369.0	186.0	267543.0	27660.0	295203.0		9511.0		1337.0	987.0	2408.0	1.56	1.56	Baker Tilly Virchow Krause, LLP	true	true		true			Exempt offering under Regulation A pursuant to a qualified offering statement dated March 15, 2018.
0001062993-19-001636	400 BURRARD ST., SUITE 1050		VANCOUVER	A1	V6C 3A6	604-449-3361	Kenneth Sam	Other	545164.0	0.0		27205.0		29800.0		42928649.0	885931.0			13732095.0	14653099.0	28275550.0	42928649.0	0.0		0.0		0.0	-11855092.0	-0.26	-0.26	Ernst & Young LLP	true	true	false	false	true	false	The securities issued in each of the foregoing issuances were pursuant to Section 4(a)(2) of the Securities Act of 1933, as amended.
0001760319-19-000010	3699 WILSHIRE BLVD	SUITE 610	LOS ANGELES	CA	90010	3108951839	Frank Igwealor	Other	1393.0	0.0		0.0		0.0		1393.0	2400.0			9038.0	11438.0	-10045.0	1393.0	0.0		30154.0		0.0	-30154.0	0.0	0.0	MICHAEL J HADZIPANAJOTIS, CPA	true	true	false	false	true	false	The issuance of the 7,700,000 exchange shares of Common Stock is exempted from registration under Section 4(a)(2) of Securities
0001760319-19-000009	3699 WILSHIRE BLVD	SUITE 610	LOS ANGELES	CA	90010	3108951839	Frank Igwealor	Other	1393.0	0.0		0.0		0.0		1393.0	2400.0			9038.0	11438.0	-10045.0	1393.0	0.0		30154.0		0.0	-30154.0	0.0	0.0	MICHAEL J HADZIPANAJOTIS, CPA	true	true	false	false	true	false	The issuance of the 7,700,000 exchange shares of Common Stock is exempted from registration under Section 4(a)(2) of Securities
0001477932-19-001532	16 LAGOON CT.		SAN RAFAEL	CA	94903	415-335-6370	Jillian Sidoti	Other	0.0	0.0		0.0		0.0		0.0	0.0			0.0	0.0	0.0	0.0	0.0		0.0		0.0	0.0	0.0	0.0	CohnReznick	true	true	false	true		true	
0001731302-19-000002	604 MARKET STREET		ST. AUGUSTINE	FL	32095	800-350-8061	Wallace Glausi or David Cramer	Other	0.0	0.0		0.0		0.0		0.0	0.0			0.0	0.0	0.0	0.0	0.0		0.0		0.0	0.0	0.0	0.0	Buckno Lisicky & Co.	true	true	false	true	false	true	
0001214659-19-002606	1924 East Maple Avene		El Segundo	CA	90245	310-877-8489	Scott M Manson	Other	6563.0	0.0		0.0		0.0		21563.0	2809.0			0.0	27809.0	6246.0	21563.0	0.0		46690.0		0.0	-46690.0	0.0	0.0	Spiegel Accountancy Corp.	true	true		true			Rule 504
0001144204-19-018635	2738 FALKENBURG RD. S.		RIVERVIEW	FL	33578	813-621-5000	Jamie Ostrow	Other	180.0	0.0		0.0		0.0		3513.0	65655.0			0.0	65655.0	-62142.0	3513.0	0.0		0.0		0.0	0.0	0.0	0.0	IndigoSpires CPA Group, LLC	true	true			true		Section 4(a)(2) of the Securities Act
0001144204-19-018519	2738 FALKENBURG RD. S.		RIVERVIEW	FL	33578	813-621-5000	Jamie Ostrow	Other	180.0	0.0		0.0		0.0		3513.0	65655.0			0.0	65655.0	-62142.0	3513.0	0.0		0.0		0.0	0.0	0.0	0.0	IndigoSpires CPA Group, LLC	true	true			true		Section 4(a)(2) of the Securities Act
0001144204-19-018173	75 Fifth Street, NW	Suite 2170	ATLANTA	GA	30308	404-850-9225	Nick Bhargava	Other	921594.0	0.0		20120085.0		433452.0		21507228.0	16872490.0			0.0	22787493.0	-1280265.0	21507228.0	804936.0		117587.0		102471.0	-1976473.0	-1.75	-1.75	Hughes Pittman and Gupton LLP	true	true		true			Regulation A, Rule 506 of Regulation D, and Rule 506 of Regulation D, respectively.
0000806171-19-000025	11705 Willake Street		Santa Fe Springs	CA	90670	323-489-8119	Joseph Collins	Other	0.0	0.0		0.0		0.0		870175.0	0.0			0.0	0.0	914389.0	870175.0	0.0		0.0		0.0	0.0	0.0	0.0	Ira Viener CPA	true	true		true		true	
0001615774-19-005327	12465 South Fort St	suite 240	Draper	UT	84020	941-225-6699	John Brannelly, Attorney	Other	91810.0	0.0		0.0		0.0		91810.0	7705.0			0.0	68030.0	23780.0	91810.0	0.0		171220.0		0.0	171220.0	0.02	0.02	MaloneBailey, LLP	true	true	false	false	true	false	Jobs act, rule 506 and Regulation D
0001213900-19-005711	335 Madison Ave, 3rd Floor		New York	NY	10017	201-479-4408	Michael Karnjanaprakorn	Other	0.0	0.0		0.0		0.0		0.0	0.0			0.0	0.0	0.0	0.0	0.0		0.0		0.0	0.0	0.0	0.0	Jason M. Tyra, CPA, PLLC	true	true			true	true	
0001022183-19-000006	10901 ROOSEVELT BLVD	SUITE 1000C	SAINT PETERSBURG	FL	33716	7274179338	sam Talari	Other	6820.0	40471.0		11678.0		3714.0		62683.0	175340.0			433549.0	1443898.0	1380715.0	62683.0	35695.0		265539.0		0.0	245653.0	0.0	0.0	Karin Rohret	true	true	false	true	false	true	
0001213900-19-005694	228 Park Avenue South #67157		New York	NY	10003	844-736-7531	Paul Birkett	Other	0.0	0.0		0.0		0.0		0.0	0.0			0.0	0.0	0.0	0.0	0.0		0.0		0.0	0.0	0.0	0.0	Artesian CPA, LLC	true	true		true		true	
0001721868-19-000161	24 FLAMINGO RUN		ROSLYN	NY	11576	515-637-4061	Steve Berman	Other	117285.0	0.0		4851862.0		0.0		8114147.0	2726056.0			2000000.0	4726056.0	3388091.0	8114147.0	4551116.0		2822199.0		0.0	1619050.0	0.0	0.0		true	true		true		true	
0001213900-19-005593	300 South Orange Ave, Suite 1000		Orlando	FL	32801	407-378-6868	Markley Roderick	Other	0.0	0.0		0.0		0.0		81533.0	83273.0			0.0	83273.0	1740.0	81533.0	0.0		0.0		0.0	0.0	0.0	0.0	NONE	true	true		true		true	
0001654954-19-003930	1500 West Georgia St., Suite 1300		Vancouver	A1	V6G-2Z4	604-200-0071	Brad J. Moynes, CEO	Other	480725.0	0.0		292410.0		0.0		773135.0	344102.0			6343.0	931237.0	-158102.0	773135.0	0.0		580581.0		0.0	-650672.0	-0.01	-0.01	WDM Chartered Professional Accountants	true	true		true		false	Section 4(a)(2), Regulation D  - See attached Exhibit 6.5 with all the securities issued since March 25, 2018 to current.
0001615774-19-005108	12465 South Fort St	suite 240	Draper	UT	84020	941-225-6699	John Brannelly, Attorney	Other	91810.0	0.0		0.0		0.0		91810.0	7705.0			0.0	68030.0	23780.0	91810.0	0.0		171220.0		0.0	171220.0	0.02	0.02	N/A	true	true	false	false	true	false	Jobs act, rule 506 and Regulation D
0001762205-19-000001	5305 River Rd North		Keizer	OR	97303	9712001355	Philipp Bruns	Other	1300.0	0.0		0.0		0.0		1300.0	0.0			0.0	0.0	1300.0	1300.0	0.0		1700.0		0.0	-1700.0	0.0	0.0		true	true	false	false	true	true	
