ACCESSION_NUMBER	SIGN_ID	CIK	REGULATIONISSUERNAME1	REGULATIONISSUERNAME2	SIGNATUREBY	SIGNATURE_DATE	TITLE
0001437749-19-010474	1	0001433959	ST RENATUS LLC	ST RENATUS LLC	Frank R. Ramirez	29-APR-2019	Director, Chairman of the Board and Chief Executive Officer
0001703732-19-000003	1	0001703732	Ithrive PH Inc	Ithrive PH Inc	Marc Issacson	03-MAY-2019	CEO
0001615774-19-006532	1	0001726711	ADiTx Therapeutics, Inc.	ADiTx Therapeutics, Inc.	/s/ Amro Albanna	29-APR-2019	Chief Executive Officer
0001493152-19-005649	1	0001669778	Appliqate, Inc	Appliqate, Inc	Una Taylor	18-APR-2019	President
0001213900-19-005991	1	0000927719	Delhi Bank Corp	Delhi Bank Corp	Peter V. Gioffe	08-APR-2019	Director, President and Chief Executive Officer
0001022183-19-000004	1	0001022183	CB SCIENTIFIC, INC.	CB SCIENTIFIC, INC.	John Verghese	02-APR-2019	CEO
0001493152-19-004388	1	0001725430	Glucose Biosensor Systems (Greater China) Holdings, Inc	Glucose Biosensor Systems (Greater China) Holdings, Inc	/s/ Harry Simeonidis	01-APR-2019	President
