ACCESSION_NUMBER	INFO_ID	ISSUERNAME	CIK	JURISDICTIONORGANIZATION
0001493152-19-009899	1	ASI Aviation, Inc.	0001669368	NV
0001144204-19-032520	1	Rayton Solar Inc.	0001654124	DE
0001683168-19-001981	1	My Racehorse CA LLC	0001744448	NV
0001477932-19-003639	1	Elegance Spirits, Inc.	0001745449	DE
0001213900-19-010585	1	Steward Realty Trust, Inc.	0001735770	MD
0001010549-19-000142	1	Belpointe REIT, Inc.	0001749817	MD
0001683168-19-001840	1	Coherix, Inc.	0001311874	DE
0001144204-19-029212	1	Fundrise Growth eREIT III	0001758744	DE
0001144204-19-029209	1	Fundrise Income eREIT III	0001758745	DE
0001477932-19-003185	1	Bridgewell Preferred Income Fund, LP	0001700976	FL
0001659173-19-000086	1	CapWest Income, LLC	0001683719	NV
0001493152-19-007931	1	HIGHTIMES HOLDING CORP.	0001714420	DE
0001477932-19-002927	1	BioLife4D Corporation	0001714919	DE
0001683168-19-001549	1	Advance Green Energy, Inc.	0001693966	FL
0001477932-19-002373	1	Tulsa Real Estate Fund, LLC	0001704303	GA
0001144204-19-024020	1	XTI Aircraft Co	0001638850	DE
0001144204-19-023550	1	Esoteric Brewing Company, LLC	0001737337	OH
0001144204-19-023262	1	Denim LA	0001668010	DE
0001445866-19-000507	1	Secured Real Estate Income Strategies, LLC	0001678107	DE
0001213900-19-007677	1	Multi-Housing Income REIT, Inc.	0001722266	MD
0001193125-19-133582	1	XY - The Persistent Co	0001577351	DC
0001079973-19-000254	1	Feel The World, Inc.	0001690455	DE
0001193125-19-133301	1	XY - The Persistent Co	0001577351	DC
0001683168-19-001302	1	American Homeowner Preservation 2015A, LLC	0001667307	DE
0001683168-19-001290	1	AHP Servicing LLC	0001746078	DE
0001144204-19-022831	1	MogulREIT II	0001699573	MD
0001213900-19-007543	1	Property Income Trust LLC	0001694046	DE
0001144204-19-022711	1	GROUNDFLOOR FINANCE INC.	0001588504	GA
0001688804-19-000007	1	RSE Collection, LLC	0001688804	DE
0001654954-19-005068	1	HC Government Realty Trust	0001670010	MD
0001477932-19-002209	1	Tulsa Real Estate Fund, LLC	0001704303	GA
0001144204-19-022496	1	Sagoon Inc.	0001639953	DE
0001144204-19-022472	1	Hall Structured Finance II, LLC	0001720014	TX
0001193125-19-129679	1	Cottonwood Multifamily Opportunity Fund, Inc.	0001680657	UT
0001213900-19-007479	1	Property Income Trust LLC	0001694046	DE
0001214659-19-003054	1	CNote Group, Inc.	0001683145	DE
0001615774-19-006742	1	NEURMEDIX, INC.	0001704466	DE
0001654954-19-005047	1	The Chosen, LLC	0001733443	UT
0001144204-19-022426	1	Electromedical Technologies, Inc.	0001715819	DE
0001144204-19-022418	1	Legion M Entertainment	0001674163	DE
0001213900-19-007471	1	20/20 GeneSystems, Inc.	0001139685	DE
0001477932-19-002196	1	CARDONE EQUITY FUND V, LLC	0001741665	DE
0001558370-19-003638	1	MogulREIT II, Inc.	0001699573	MD
0001144204-19-022405	1	SlideBelts Inc.	0001700895	DE
0001683168-19-001258	1	Hylete, Inc.	0001599738	DE
0001161697-19-000163	1	Generation Income Properties, Inc.	0001651721	MD
0001193125-19-129335	1	LunaDNA, LLC	0001741687	DE
0001477932-19-002187	1	Iron Bridge Mortgage Fund, LLC	0001462371	OR
0001703732-19-000002	1	BREWDOG USA INC.	0001646269	DE
0001144204-19-022346	1	TerraCycle US Inc.	0001714781	DE
0001640334-19-000723	1	YILOLIFE INC.	0001678097	DE
0001144204-19-022341	1	To The Stars Academy of Arts and Science Inc.	0001710274	DE
0001703732-19-000001	1	Ithrive PH Inc	0001703732	DE
0001520138-19-000124	1	DatChat, Inc.	0001648960	NV
0001654954-19-005020	1	VidAngel	0001671941	DE
0001213900-19-007413	1	Carolina Complete Health Network, Inc.	0001715363	DE
0001079973-19-000249	1	Feel The World, Inc.	0001690455	DE
0001052918-19-000110	1	HyperSciences, Inc.	0001646921	DE
0001493152-19-006137	1	CW PETROLEUM CORP	0001741220	WY
0001683168-19-001238	1	Smart Decision, Inc.	0001734669	WY
0001144204-19-022062	1	Knightscope, Inc.	0001600983	DE
0001144204-19-022002	1	NowRx	0001702206	DE
0001193125-19-125999	1	Cottonwood Multifamily REIT I, Inc.	0001646910	UT
0001193125-19-126020	1	Cottonwood Multifamily REIT II, Inc.	1677881	UT
0001144204-19-022007	1	REITless Impact Income Strategies LLC	0001742092	DE
0001144204-19-021994	1	Rise Companies Corp	0001640967	DE
0001683168-19-001224	1	Advanced Bio-Oil Technologies, Ltd.	0001706951	WY
0001144204-19-021961	1	Building Bits Properties I, LLC	0001709981	DE
0001144204-19-021938	1	iConsumer Corp.	0001652350	DE
0001213900-19-007296	1	UC Asset -LP	0001723517	DE
0001723028-19-000003	1	BRIX REIT, Inc.	0001723028	MD
0001477932-19-002089	1	MED-X, INC.	0001620704	NV
0001144204-19-021571	1	STARTENGINE CROWDFUNDING, INC.	0001661779	DE
0001654954-19-004884	1	Red Oak Capital Fund II	0001742521	DE
0001558370-19-003220	1	MogulREIT I, LLC	0001669664	DE
0001213900-19-006977	1	Emerald Health Pharmaceuticals Inc.	0001700800	DE
0001144204-19-020398	1	Fundrise Real Estate Investment Trust, LLC	0001645583	DE
0001144204-19-020310	1	Fundrise Midland Opportunistic REIT, LLC	0001661023	DE
0001144204-19-020127	1	Fundrise Income eREIT II, LLC	0001660998	DE
0001144204-19-020123	1	Fundrise Equity REIT, LLC	0001648956	DE
0001144204-19-019959	1	Fundrise Growth eREIT II, LLC	0001661000	DE
0001144204-19-019762	1	1st stREIT Office Inc.	0001700461	MD
0001144204-19-019757	1	Fundrise West Coast Opportunistic REIT, LLC	0001660919	DE
0001144204-19-019765	1	Fundrise East Coast Opportunistic REIT, LLC	0001660918	DE
0001144204-19-019147	1	Fundrise For-Sale Housing eFund - Los Angeles CA, LLC	0001660987	DE
0001144204-19-018728	1	Fundrise For-Sale Housing eFund - Washington DC, LLC	0001660983	DE
0001144204-19-018726	1	Fundrise National For-Sale Housing eFund, LLC	0001706656	DE
