ACCESSION_NUMBER	NID	SINFO_ID	NAME_TYPE	NAME
0001493152-19-009899	1	1	auditorSpName	Friedman LLP
0001493152-19-009899	1	1	legalSpName	BEVILACQUA PLLC
0001659173-19-000086	1	1	blueSkySpName	JumpStart Securities
0001659173-19-000086	1	1	salesCommissionsSpName	JumpStart Securities
0001659173-19-000086	1	1	legalSpName	Bryan R Clark PC
0001659173-19-000086	1	1	auditorSpName	Hall & Company
0001437749-19-010474	1	1	legalSpName	Fox Rothschild LLP
0001437749-19-010474	1	1	blueSkySpName	Fox Rothschild LLP
0001683168-19-001549	1	1	auditorSpName	Assurance Dimensions
0001683168-19-001549	1	1	legalSpName	John Lux
0001144204-19-023550	1	1	auditorSpName	Franz CPAs
0001144204-19-023550	1	1	legalSpName	Graydon Head
0001079973-19-000254	1	1	legalSpName	Jones & Keller
0001079973-19-000254	1	1	auditorSpName	Artesian CPA . PLEASE NOTE: These audit fees are non included in the total offering costs since this is an ongoing G&A expense.
0001079973-19-000254	2	1	legalSpName	Special Counsel Legal Services
0001079973-19-000254	3	1	legalSpName	Carmen Lehnhof Israelsen
0001079973-19-000254	1	1	blueSkySpName	None
0001683168-19-001302	1	1	blueSkySpName	Virtual Paralegal
0001683168-19-001302	1	1	legalSpName	Flaster Greenberg P.C.
0001683168-19-001302	1	1	auditorSpName	Richey May & Co.
0001144204-19-022472	1	1	salesCommissionsSpName	Titan Securities
0001144204-19-022472	1	1	blueSkySpName	Winston & Strawn LLP
0001144204-19-022472	1	1	promoterSpName	N/A
0001144204-19-022472	1	1	legalSpName	Winston & Strawn LLP
0001144204-19-022472	1	1	auditorSpName	KPMG LLP
0001144204-19-022472	1	1	findersSpName	N/A
0001144204-19-022472	3	1	salesCommissionsSpName	Center Street Securities
0001144204-19-022472	2	1	salesCommissionsSpName	Somerset Securities
0001144204-19-022472	1	1	underwrittenSpName	N/A
0001615774-19-006742	1	1	findersSpName	N/A
0001615774-19-006742	1	1	salesCommissionsSpName	NMS Capital Advisors LLC
0001615774-19-006742	1	1	promoterSpName	N/A
0001615774-19-006742	1	1	legalSpName	CKR Law LLP
0001615774-19-006742	1	1	underwrittenSpName	N/A
0001615774-19-006742	1	1	blueSkySpName	S2Filing
0001615774-19-006742	1	1	auditorSpName	EisnerAmper LLP
0001213900-19-007471	1	1	auditorSpName	DBBMCKENNON
0001213900-19-007471	1	1	legalSpName	BEVILACQUA PLLC
0001213900-19-007471	1	1	underwrittenSpName	SI SECURITIES, LLC
0001683168-19-001258	1	1	salesCommissionsSpName	WealthForge
0001683168-19-001258	1	1	auditorSpName	dbbmckennon
0001683168-19-001258	1	1	legalSpName	CrowdCheck Law LLP
0001683168-19-001258	1	1	blueSkySpName	Various States
0001683168-19-001258	1	2	salesCommissionsSpName	WealthForge
0001683168-19-001258	1	2	auditorSpName	dbbmckennon
0001683168-19-001258	1	2	legalSpName	CrowdCheck Law LLP
0001683168-19-001258	1	2	blueSkySpName	Various States
0001683168-19-001258	1	3	salesCommissionsSpName	WealthForge
0001683168-19-001258	1	3	auditorSpName	dbbmckennon
0001683168-19-001258	1	3	legalSpName	CrowdCheck Law LLP
0001683168-19-001258	1	3	blueSkySpName	Various States
0001703732-19-000002	1	1	salesCommissionsSpName	Keystone Capital Corporation
0001703732-19-000002	1	1	auditorSpName	Ernst Young
0001703732-19-000002	1	1	legalSpName	Kendall A. Almerico PA
0001640334-19-000723	1	1	blueSkySpName	Booth Udall Fuller, PLC
0001640334-19-000723	1	1	auditorSpName	Metz & Associates
0001640334-19-000723	1	1	legalSpName	Booth Udall Fuller, PLC
0001640334-19-000723	1	1	promoterSpName	N/A
0001640334-19-000723	1	1	findersSpName	N/A
0001640334-19-000723	1	1	salesCommissionsSpName	N/A
0001640334-19-000723	1	1	underwrittenSpName	N/A
0001144204-19-022341	1	1	blueSkySpName	State Filing Fees
0001144204-19-022341	1	1	legalSpName	CrowdCheck Law
0001144204-19-022341	1	1	auditorSpName	dbbmckennon
0001703732-19-000001	1	1	salesCommissionsSpName	Jumpstart Securities
0001703732-19-000001	1	1	auditorSpName	Indiegospire
0001703732-19-000001	2	1	legalSpName	PA
0001703732-19-000001	1	1	legalSpName	Kendall A. Almerico
0001079973-19-000249	1	1	auditorSpName	Artesian CPA . PLEASE NOTE: These audit fees are non included in the total offering costs since this is an ongoing G&A expense.
0001079973-19-000249	1	1	legalSpName	Jones & Keller
0001079973-19-000249	2	1	legalSpName	Special Counsel Legal Services
0001079973-19-000249	1	1	blueSkySpName	None
0001079973-19-000249	3	1	legalSpName	Carmen Lehnhof Israelsen
0001683168-19-001238	1	1	legalSpName	Business Legal Advisors, LLC
0001683168-19-001238	1	1	auditorSpName	Salberg & Company, P.A.
0001683168-19-001238	1	1	blueSkySpName	Various
0001144204-19-022002	1	1	underwrittenSpName	SI Securities, LLC
0001144204-19-022002	1	1	blueSkySpName	Various
0001144204-19-022002	1	1	promoterSpName	VStock Transfer
0001144204-19-022002	1	1	legalSpName	CrowdCheck Law LLP/Inventus
0001144204-19-022002	1	1	auditorSpName	Fruci & Associates II, PLLC
0001213900-19-007296	1	1	auditorSpName	Daszkal Bolton LLP
0001213900-19-007296	1	1	legalSpName	Reed Smith LLP
0001144204-19-021571	1	1	legalSpName	CrowdCheck Law LLP
0001144204-19-021571	1	1	auditorSpName	dbbMcKennon
0001144204-19-021571	1	1	blueSkySpName	Blue Sky Filings
0001213900-19-006977	1	1	blueSkySpName	Out of pocket fees for state notice filings
0001213900-19-006977	1	1	legalSpName	Greenberg Traurig, P.A.
0001213900-19-006977	1	1	auditorSpName	Deloitte & Touche LLP
0001213900-19-006977	1	1	findersSpName	N/A
0001213900-19-006977	1	1	salesCommissionsSpName	N/A
0001213900-19-006977	1	1	underwrittenSpName	N/A
0001213900-19-006977	1	1	promoterSpName	N/A
0001493152-19-005649	1	1	salesCommissionsSpName	Sales Commissions - Fee
0001493152-19-005649	1	1	findersSpName	Finders' Fees - Fees
0001493152-19-005649	1	1	auditorSpName	Accounting or Audit - Fees
0001493152-19-005649	1	1	blueSkySpName	Blue Sky Compliance - Fees
0001493152-19-005649	1	1	underwrittenSpName	Underwriters - Fees
0001493152-19-005649	1	1	legalSpName	Legal - Fees
0001493152-19-005649	1	1	promoterSpName	Promoters - Fees
0001213900-19-005991	1	1	auditorSpName	Baker Tilly Virchow Krause, LLP
0001213900-19-005991	1	1	legalSpName	Squire Patton Boggs (US) LLP
0001493152-19-004388	1	1	underwrittenSpName	Cuttone
0001493152-19-004388	1	1	auditorSpName	BDO
0001493152-19-004388	1	1	legalSpName	Hughes Hubbard Reed
