ACCESSION_NUMBER	INDICATETIER1TIER2OFFERING	FINANCIALSTATEMENTAUDITSTATUS	OFFERDELAYEDCONTINUOUSFLAG	OFFERINGYEARFLAG	OFFERINGAFTERQUALIFFLAG	OFFERINGBESTEFFORTSFLAG	SOLICITATIONPROPOSEDOFFERFLAG	RESALESECURITIESAFFILIATESFLAG	SECURITIESOFFERED	OUTSTANDINGSECURITIES	PRICEPERSECURITY	ISSUERAGGREGATEOFFERING	SECURITYHOLDERAGGEGATE	QUALIFICATIONOFFERINGAGGREGATE	CONCURRENTOFFERINGAGGREGATE	TOTALAGGREGATEOFFERING	UNDERWRITERSERVICEPROVIDERNAME	UNDERWRITERSFEES	SALECOMMISSIONSSVCPROVIDERNAME	SALECOMMISSIONSSVCEROVIDERFEE	FINDERSFEESSERVICEPROVIDERNAME	FINDERFEESFEE	AUDITORSERVICEPROVIDERNAME	AUDITORFEES	LEGALSERVICEPROVIDERNAME	LEGALFEES	PROMOTERSSERVICEPROVIDERNAME	PROMOTERSFEES	BLUESKYSERVICEPROVIDERNAME	BLUESKYFEES	BROKERDEALERCRDNUMBER	ESTIMATEDNETAMOUNT	CLARIFICATIONRESPONSES
0001776230-19-000009	Tier1	Unaudited	N	N	Y	Y	N	N	12000000		10.0	0.0	0.0	0.0	0.0	0.0																	
0001477932-19-003791	Tier2	Audited	Y	N	N	Y	N	N	8000000	57385000	6.25	50000000.0	0.0	0.0	0.0	50000000.0		0.0		0.0		0.0	DaszkalBolton, LLP	1500.0	Securities Counselors, Inc.	50000.0		0.0		0.0		49948500.0	
0001445866-19-000759	Tier2	Audited	Y	N	N	Y	Y	N	5000000	16920357	0.2	1000000.0	0.0	0.0	0.0	1000000.0							M&K CPAS, PLLC	12500.0	BEVILACQUA PLLC	63000.0						910000.0	
0001445866-19-000754	Tier2	Audited	Y	Y	N	Y	Y	N	47100000	2900000	10.0	47100000.0	0.0	0.0	0.0	47100000.0							Summit, LLC	15000.0	Carman Lehnhof Israelsen, Durham Jones & Pinnegar	15000.0					154559	47070000.0	
0001144204-19-032963	Tier2	Audited	Y	Y	N	Y	N	N	2882880	0	10.0	2882880.0	0.0	44816400.0	1235090.0	48934370.0									Smith Anderson; Robbins Ross	1000.0							
0001477932-19-003769	Tier2	Audited	Y	N	N	Y	N	N	50000	0	50.0	50000000.0	0.0	0.0	0.0	50000000.0		0.0		0.0		0.0	Artesian CPA	2500.0	Trowbridge Sidoti	50000.0		0.0		0.0		50000000.0	
0001144204-19-032526	Tier2	Audited	Y	N	N	Y	Y	N	6250000	440048	8.0	50000000.0	0.0	0.0	0.0	50000000.0							Ernst & Young LLP	20000.0	Wilson Sonsini Goodrich & Rosati P.C.	500000.0	Maxim Group LLC	3250000.0				46230000.0	
0001477932-19-003725	Tier1	Unaudited	Y	N	N	Y	N	N	500000000	146616216	0.005	2500000.0	0.0	0.0	0.0	2500000.0		0.0		0.0		0.0		0.0	Jonathan D. Leinwand, P.A.	13000.0		0.0		0.0		2500000.0	
0001477932-19-003705	Tier2	Audited	N	N	N	Y	N	N	50000	0	1000.0	50000000.0	0.0	0.0	0.0	50000000.0		0.0		0.0		0.0	Kaufman Rosin	10000.0	Trowbridge Sidoti	50000.0		0.0		0.0		50000000.0	
0001776230-19-000008	Tier1	Unaudited	N	N	Y	Y	N	N	12000000		10.0	0.0	0.0	0.0	0.0	0.0																	
0001683168-19-002007	Tier1	Unaudited	Y	N	N	Y	N	N	38000000	98250000	0.015000000000000001	570000.0	0.0	0.0	0.0	570000.0							Accountant and Misc other	42500.0	John E. Lux, Esq.	25000.0			Various	2500.0		500000.0	
0001683168-19-002006	Tier2	Audited	Y	Y	N	Y	N	N	3062	348		642270.0	0.0	0.0	0.0	642270.0							IndigoSpire CPA Group, LLC	0.0	Procopio, Cory, Hargreaves & Savitch, LLP	0.0						746700.0	Estimated net proceeds do not reflect offering expenses because such expenses will be paid by the Manager
0001654954-19-007621	Tier2	Audited	Y	Y	N	Y	N	N	50000	0	1000.0	50000000.0	0.0	0.0	0.0	50000000.0	Crescent Securities Group, Inc.	475000.0	Crescent Securities Group, Inc.	3725000.0			UHY LLP	10000.0	Kaplan, Voekler, Cunningham & Frank, PLC	100000.0			Kaplan, Voekler, Cunningham & Frank, PLC	75000.0	114993	45615000.0	
0001754259-19-000001	Tier1	Unaudited	Y	N	N	Y	N	Y	4000000	6000000	5.0	20000000.0	0.0	0.0	0.0	20000000.0	TBD	1250000.0	N/A	0.0	N/A	0.0	N/A	0.0	Simmons Associates, Ltd.	250000.0	TBD	0.0	Simmons Associates, Ltd.	0.0		18500000.0	
0001193125-19-180476	Tier1	Audited	Y	Y	N	Y	N	N	20000000	0	50000.0	11316560.0	0.0	8683440.0	0.0	20000000.0									Barley Snyder	50000.0			Barley Snyder	5500.0		19944500.0	
0001144204-19-032124	Tier2	Audited	Y	N	N	Y	Y	N	6000000	11516986	5.0	30000000.0	0.0	0.0	0.0	30000000.0							dbbmckennon	2000.0	CrowdCheck Law LLP	40000.0						27300000.0	
0001703429-19-000025	Tier2	Audited	Y	Y	Y	Y	N	N	100000000	329996002	0.9750000000000001	50000000.0	0.0	0.0	0.0	50000000.0																	
0001477932-19-003677	Tier2	Audited	N	N	N	Y	N	N	2000	0	62.5	125000.0	0.0	0.0	0.0	125000.0		0.0		0.0		0.0	CohnReznick	15000.0	Trowbridge Sidoti	50000.0		0.0		0.0		125000.0	
0001767703-19-000001	Tier2	Audited	Y	N	N	Y	N	N	700000	7799000	10.0	7000000.0	0.0	0.0	0.0	7000000.0			Cuttone & Co. LLC	350000.0			IndigoSpire CPA Group, LLC	3500.0	Kendall A. Almerico PA	130000.0					33038	6516500.0	
0001776230-19-000007	Tier1	Unaudited	N	N	Y	Y	N	N	12000000		10.0	0.0	0.0	0.0	0.0	0.0																	
0000806171-19-000044	Tier2	Audited	Y	N	N	Y	N	N	5000000	5000000	10.0	0.0	0.0	0.0	0.0	0.0																	
0001213900-19-011297	Tier2	Audited	N	Y	N	Y	N	N	5000000	0	10.0	50000000.0	0.0	0.0	0.0	50000000.0							Artesian CPA	2000.0	Flaster/Greenberg P.C.	30000.0							
0000806171-19-000042	Tier2	Audited	Y	N	N	Y	N	N	5000000	5000000	10.0	0.0	0.0	0.0	0.0	0.0																	
0001264931-19-000132	Tier2	Audited	Y	N	N	Y	N	N	2000000	6158000	1.0	2000000.0	0.0	0.0	0.0	2000000.0	N/A	0.0	N/A	0.0	N/A	0.0	M&K CPA's PLLC	4000.0	Law Offices of Harold H. Martin, P.A.	18000.0	N/A	0.0	TBD	5000.0	0	1973000.0	$2,000,000 less anticipated Fees.
0001761911-19-000007	Tier2	Audited	Y	N	N	Y	N	N	1000000	20407730	5.0	5000000.0	0.0	0.0	0.0	5000000.0							IndigoSpire CPA Group, LLC	16000.0	Global Quantitatives	65000.0						4900000.0	
0001213900-19-011158	Tier1	Unaudited	Y	Y	Y	Y	N	N	215000000	351034387	0.052500000000000005	3000000.0	0.0	0.0	0.0	3000000.0																3000000.0	
0001721469-19-000010	Tier2	Audited	Y	Y	N	Y	N	N	5000000	100	10.0	50000000.0	0.0	0.0	0.0	50000000.0							Kho & Patel	7000.0			RAD Management, LLC	585000.0				49080000.0	
0001144204-19-031655	Tier2	Audited	Y	N	N	Y	N	N	8333333	0	6.0	50000000.0	0.0	0.0	0.0	50000000.0			Sageworks Capital, LLC	518000.0			IndigoSpire CPA LLC	2500.0	CrowdCheck Law, LLC	50000.0			State Filing Fees	10000.0	162182	44500000.0	
0001214659-19-004275	Tier2	Audited	Y	N	N	Y	N	N	100000	0	500.0	50000000.0	0.0	0.0	0.0	50000000.0	Jumpstart Securities, LLC	975000.0					Cashuk, Wiseman, Goldberg, Birnbaum & Salem, LLP	2250.0	Benjamin Feldman, FGRB, PLLC	7500.0					156214	49016000.0	
0001683168-19-001946	Tier1	Unaudited	Y	N	Y	Y	N	N	3750000000	521859629	0.0008	3000000.0	0.0	1310000.0	0.0	4310000.0									Eilers Law Group, P.A.	15000.0						1000000.0	
0001628279-19-000230	Tier2	Audited	Y	Y	N	Y	Y	Y	178000000	225590602	0.1369	35000000.0	15000000.0	0.0	0.0	50000000.0							Rosen Kuslansky, CPA, PC	200000.0	Wilson Sonsini Goodrich & Rosati, PC	1400000.0							65,000 in fees to financial printer (Workiva)
0001144204-19-031395	Tier2	Audited	Y	Y	N	Y	N	N	1235090	0	10.0	1235090.0	0.0	44629750.0	2762890.0	48627730.0									Smith Anderson; Robbins Ross	1000.0							
0001646269-19-000002	Tier2	Audited	Y	N	N	Y	N	N	650000	6508246	60.0	39000000.0	0.0	0.0	0.0	39000000.0			Cuttone & Co. LLC	2445000.0			Ernst & Young LLP	25000.0	Kendall A. Almerico, P.A.	50000.0					33038	36480000.0	
0001214659-19-004260	Tier2	Audited	Y	N	N	Y	N	N	100000	0	500.0	50000000.0	0.0	0.0	0.0	50000000.0	Jumpstart Securities, LLC	975000.0					Cashuk, Wiseman, Goldberg, Birnbaum & Salem, LLP	2250.0	Benjamin Feldman, FGRB, PLLC	7500.0					156214	49016000.0	
0001117768-19-000375	Tier1	Unaudited	Y	N	N	Y	N	N	125000000	90535416	0.04	5000000.0	0.0	0.0	0.0	5000000.0		0.0		0.0		0.0		0.0	STOUT LAW GROUP, PA	25000.0		0.0		0.0		4975000.0	
0001766570-19-000007	Tier2	Audited	Y	N	N	Y	Y	N	70000	0	500.0	35000000.0	0.0	0.0	0.0	35000000.0			North Capital Private Securities Corporation	227500.0			Indiegospire	7500.0	Kendall A. Almerico	100000.0					154559	34655000.0	North Capital was also paid a $10,000 due diligence fee
0001144204-19-031176	Tier2	Audited	Y	Y	N	Y	Y	N	8031995	1503391	5.0	39424265.0	0.0	0.0	0.0	39424265.0							Squar Milner LLP	35000.0	Corporate Law Solutions, PC	90000.0	BrixInvest, LLC (sponsor)	1182728.0	Corporate Law Solutions, PC	10000.0		38106537.0	
0001766214-19-000018	Tier1	Unaudited	Y	N	Y	Y	N	Y	572000	0	25.0	0.0	0.0	0.0	0.0	0.0													KYCaaS	6500.0			
0001144204-19-030743	Tier2	Audited	N	N	Y	Y	N	N	1	27974212		50000000.0	0.0	0.0	0.0	50000000.0	N/A	0.0	N/A	0.0	N/A	0.0	Marcum LLP	700000.0	Manatt, Phelps & Phillips, LLP	400000.0	N/A	0.0	N/A	0.0	000000000		
0001766214-19-000015	Tier1	Unaudited	Y	N	Y	Y	N	Y	572000	0	25.0	0.0	0.0	0.0	0.0	0.0													KYCaas	65000.0		14185000.0	
0001731122-19-000329	Tier1	Audited	Y	Y	N	Y	N	N	375	0	50000.0	16923694.0	0.0	3076306.0	0.0	20000000.0							Spiegel Accountancy Corporation	15260.0	Buchalter, APC	5000.0			Buchalter, APC	3000.0			
0001078782-19-000507	Tier2	Audited	Y	N	Y	Y	N	Y	50000000	0		0.0	0.0	0.0	0.0	0.0							AJ Robbins CPA LLC	7500.0									
0001594062-19-000050	Tier2	Audited	Y	Y	N	Y	N	N	40000000	86046843	0.5	20000000.0	0.0	0.0	0.0	20000000.0	none	0.0	none	0.0	none	0.0	Davidson & Company LLP	25000.0	Greenburg Traurig and McMillan	150000.0	none	0.0	Various states	25000.0		19700000.0	Additional expenses not outlined above are estimated at $100,000
0001445866-19-000705	Tier2	Audited	Y	N	N	Y	Y	N	5000000	16920357	0.2	1000000.0	0.0	0.0	0.0	1000000.0							M&K CPAS, PLLC	12500.0	BEVILACQUA PLLC	63000.0						910000.0	
0001213900-19-010491	Tier2	Audited	Y	N	N	Y	N	N	50000000	25000	1.0	50000000.0	0.0	0.0	0.0	50000000.0							dbbmckennon	20500.0	CrowdCheck Law LLP (f/k/a KHLK LLP)	85000.0						49894500.0	
0001703429-19-000019	Tier2	Audited	Y	Y	Y	Y	N	N	50000000	329996002	1.0250000000000001	50000000.0	0.0	0.0	0.0	50000000.0																	
0001477932-19-003454	Tier1	Unaudited	Y	N	N	Y	N	N	540000000	462383968	0.007500000000000001	3600000.0	0.0	0.0	0.0	3600000.0		0.0		0.0		0.0		0.0		0.0		0.0		0.0		3600000.0	
0001022183-19-000008	Tier1	Unaudited	Y	N	N	Y	N	Y	24000000	58593479	0.05	1000000.0	200000.0	0.0	0.0	1200000.0		0.0		0.0		0.0		0.0		0.0		0.0		0.0		1000000.0	
0001213900-19-010356	Tier2	Audited	Y	Y	N	Y	N	N	5062500000	146136719	0.0405	10000000.0	0.0	0.0	0.0	10000000.0																10000000.0	
0001659173-19-000101	Tier2	Audited	Y	Y	Y	Y	N	N	40000000	0	10000.0	27778000.0	0.0	12222000.0	0.0	40000000.0			JumpStart Securities	15000.0			Hall & Company Certified Public Accountants & Consultants	71040.0	Bryan R. Clark, PC	153456.0			JumpStart Securities	5000.0	156214	40000000.0	
0001144204-19-030288	Tier2	Audited	Y	Y	N	Y	N	N	1973640	10897053	10.0	19736404.0	0.0	30263596.0	0.0	50000000.0							RSM US LLP	5000.0	Goodwin Procter LLP	40000.0						19691404.0	Minus expenses.
0001193125-19-167925	Tier1	Audited	Y	Y	N	Y	N	N	20000000	0	50000.0	20000000.0	0.0	0.0	0.0	20000000.0									Barley Snyder	50000.0			Barley Snyder	5500.0		19944500.0	
0001262463-19-000192	Tier2	Audited	Y	N	N	Y	N	N	200000000	161199289	0.05	10000000.0	0.0	0.0	0.0	10000000.0	N/A	0.0	N/A	0.0	N/A	0.0	Sadler, Gibb & Associates, LLC	1500.0	Magri Law, LLC	15000.0	N/A	0.0	N/A	0.0		9983500.0	
0001144204-19-029926	Tier2	Audited	Y	Y	N	Y	N	N	1318245	10135786	11.44	15080719.0	0.0	34919281.0	0.0	50000000.0							RSM US LP	5000.0	Goodwin Procter LLP	40000.0						15035719.0	Minus expenses.
0001117768-19-000339	Tier1	Unaudited	Y	N	N	Y	N	N	50000000	70951016	0.04	5000000.0	0.0	0.0	0.0	5000000.0		0.0		0.0		0.0		0.0	STOUT LAW GROUP, PA	25000.0		0.0		0.0		4975000.0	
0001731122-19-000308	Tier1	Unaudited	N	N	N	Y	N	N	350000000	268205058	0.01	3500000.0	0.0	0.0	0.0	3500000.0									Waller Lansden Dortch & Davis, LLP	30000.0			TBD	20000.0	000000000	3450000.0	
0001144204-19-029628	Tier2	Audited	Y	Y	N	Y	Y	N	100000000	108505206	0.15	15000000.0	0.0	0.0	0.0	15000000.0							Wipfli, LLP	2500.0	CrowdCheck Law LLP (fka KHLK LLP)	15000.0			Various	17500.0		14850000.0	Escrow processing and other fees estimated to be $135,000
0001144204-19-029570	Tier2	Audited	Y	Y	N	Y	N	N	2762890	0	10.0	2762890.0	0.0	43129750.0	2788940.0	48681580.0									Smith Anderson; Robbins Ross	1000.0							
0001144204-19-029564	Tier2	Audited	Y	N	N	Y	N	N	8333333	0	6.0	50000000.0	0.0	0.0	0.0	50000000.0			Sageworks Capital, LLC	518000.0			IndigoSpire CPA LLC	2500.0	CrowdCheck Law, LLC	50000.0			State Filing Fees	10000.0	162182	44500000.0	
0001144204-19-029517	Tier2	Audited	Y	N	N	Y	Y	N	6000000	11516986	5.0	30000000.0	0.0	0.0	0.0	30000000.0							dbbmckennon	2000.0	CrowdCheck Law LLP	40000.0						27300000.0	
0001731122-19-000298	Tier2	Audited	Y	Y	N	Y	N	N	50000	50000	1000.0	50000000.0	0.0	0.0	0.0	50000000.0							Armanino LLP	10000.0	Geraci Law Firm	53000.0							
0001493152-19-008526	Tier2	Audited	Y	N	N	Y	N	N	250000000	443354541	0.002	500000.0	0.0	0.0	0.0	500000.0									Stout Law Group	25000.0						475000.0	
0001262463-19-000185	Tier2	Audited	Y	N	N	Y	N	N	200000000	161199289	0.05	10000000.0	0.0	0.0	0.0	10000000.0	N/A	0.0	N/A	0.0	N/A	0.0	Sadler, Gibb & Associates, LLC	1500.0	Magri Law, LLC	15000.0	N/A	0.0	N/A	0.0		9983500.0	
0001493152-19-008506	Tier2	Audited	Y	N	N	Y	Y	N	1200000	0	25.0	30000000.0	0.0	0.0	0.0	30000000.0			TriPoint Global Equities LLC / Digital Offering, LLC	2250000.0			Hutchinson & Bloodgood LLP	25000.0	Loeb & Loeb LLP	50000.0					143174		
0001078782-19-000488	Tier2	Audited	Y	N	Y	Y	N	Y	2450000	15399581	6.0	12000000.0	2700000.0	0.0	0.0	14700000.0							Boyle CPA LLC	20000.0	The Doney Law Firm	5000.0			Various	25000.0		11950000.0	
0001477932-19-003334	Tier2	Audited	N	N	N	Y	N	N	2000	0	62.5	125000.0	0.0	0.0	0.0	125000.0		0.0		0.0		0.0	CohnReznick	15000.0	Trowbridge Sidoti	50000.0		0.0		0.0		125000.0	
0001683168-19-001763	Tier2	Audited	Y	Y	N	Y	N	N	760	0		96200.0	0.0	0.0	0.0	96200.0							IndigoSpire CPA Group, LLC	0.0	Procopio, Cory, Hargreaves & Savitch, LLP	0.0						96200.0	Estimated net proceeds do not reflect offering expenses because such expenses will be paid by the Manager as it relates to the Series Palace Foal and Series De Mystique '17
0001144204-19-029248	Tier2	Audited	Y	N	N	Y	N	N	5000000	0	4.0	20000000.0	0.0	0.0	0.0	20000000.0	SI Securities, LLC	1750000.0					Fruci & Associates II, PLLC	12000.0	CrowdCheck Law LLP	50000.0					170937	18175000.0	Sales Commissions estimate assumes the maximum amount of commissions payable to SI Securities, LLC for their services in this offering. The company also estimates it will incur $13,000 in Edgarization fees in addition to the fees above.
0001350455-19-000004	Tier2	Audited	Y	N	N	Y	N	N	50000	0	50.0	50000000.0	0.0	0.0	0.0	50000000.0		0.0		0.0		0.0	Michael Gilmore; To be filed by Amendment; auditor hired when resources are raised.	3000.0	Michael Gilmore; To be filed by Amendment; Attorney hired when resources are raised.	47000.0		0.0		0.0		50000000.0	
0001766914-19-000001	Tier2	Audited	N	N	N	Y	N	N	1000000	0	5.0	5000000.0	0.0	0.0	0.0	5000000.0			Cuttone & Company, LLC	250000.0			Clark Schaefer Hackett	30000.0	Kendall A. Almerico, P.A.	130000.0					33038	4520000.0	
0001776230-19-000005	Tier1	Unaudited	N	N	Y	Y	Y	Y	5000000	2000000	2.0	10000000.0	0.0	0.0	0.0	10000000.0																	
0001213900-19-009819	Tier2	Audited	Y	Y	N	Y	Y	N	6216803	12530536	6.0	37300820.0	0.0	12699180.0	0.0	50000000.0							Deloitte & Touche LLP	100000.0	Greenberg Traurig, P.A.	115000.0			States	35000.0		49515000.0	The expected fees in connection with this offering total $485,000. The expected fees include the $250,000 listed above as well as an additional $170,000 paid for previous legal fees and $65,000 for other associated fees.
0001144204-19-028869	Tier2	Audited	Y	Y	N	Y	N	N	164353	4776517	10.0	1643533.0	0.0	48356467.0	0.0	50000000.0							RSM US LLP	5000.0	Goodwin Procter LLP	40000.0						1598533.0	
0001144204-19-028866	Tier2	Audited	Y	Y	N	Y	N	N	344492	4593217	10.0	3444919.0	0.0	46555081.0	0.0	50000000.0							RSM US LLP	5000.0	Goodwin Procter LLP	40000.0						3399919.0	
0001477932-19-003257	Tier2	Audited	N	N	N	Y	N	N	50000	0	1000.0	50000000.0	0.0	0.0	0.0	50000000.0		0.0		0.0		0.0	Kaufman Rosin	10000.0	Trowbridge Sidoti	50000.0		0.0		0.0		50000000.0	
0001654954-19-006714	Tier1	Audited	N	N	N	Y	N	N	100000000	279760526	0.01	1000000.0	0.0	0.0	0.0	1000000.0							WDM Chartered Professional Accountants	10000.0	Procopio, Cory Hargreaves & Saviitch LLP	25000.0							
0001761911-19-000005	Tier2	Audited	Y	N	N	Y	N	N	1000000	20407730	5.0	5000000.0	0.0	0.0	0.0	5000000.0							IndigoSpire CPA Group, LLC	16000.0	Global Quantitatives	65000.0						4900000.0	
0001683168-19-001747	Tier1	Unaudited	Y	N	N	Y	N	N	38000000	98250000	0.015000000000000001	570000.0	0.0	0.0	0.0	570000.0							Accountant and Misc other	42500.0	John E. Lux, Esq.	25000.0			Various	2500.0		500000.0	
0001117768-19-000305	Tier1	Unaudited	Y	N	N	Y	N	N	50000000	70951016	0.1	5000000.0	0.0	0.0	0.0	5000000.0		0.0		0.0		0.0		0.0	STOUT LAW GROUP, PA	25000.0		0.0		0.0		4975000.0	
0001213900-19-009545	Tier2	Audited	Y	N	N	Y	N	N	50000000	25000	1.0	50000000.0	0.0	0.0	0.0	50000000.0							dbbmckennon	20500.0	CrowdCheck Law LLP (f/k/a KHLK LLP)	85000.0						49894500.0	
0001477932-19-003131	Tier2	Audited	Y	N	N	Y	N	Y	12500000	102969086	0.8	9200000.0	800000.0	0.0	0.0	10000000.0	NMS Capital Advisors, LLC	0.0	NMS Capital Advisors, LLC	800000.0		0.0	MJF & Associates APC	25000.0	Richardson & Associates	55000.0		0.0	MLS Blue Sky	30000.0		8362800.0	The selling commissions assume the maximum selling commission on all sales. Does not include escrow fees and fees charged by startengine.com for hosting the crowdfunding portal.
0001477932-19-003121	Tier2	Audited	Y	N	N	Y	N	Y	12500000	102969086	0.8	9200000.0	800000.0	0.0	0.0	10000000.0	NMS Capital Advisors, LLC	0.0	NMS Capital Advisors, LLC	800000.0		0.0	MJF & Associates APC	25000.0	Richardson & Associates	55000.0		0.0	MLS Blue Sky	30000.0		8362800.0	The selling commissions assume the maximum selling commission on all sales. Does not include escrow fees and fees charged by startengine.com for hosting the crowdfunding portal.
0001757108-19-000002	Tier2	Audited	N	N	N	Y	Y	N	5000000	23876318	10.0	50000000.0	0.0	0.0	0.0	50000000.0			Cuttone & Co., LLC	2500000.0			Jason M. Tyra, CPA, PLLC	3500.0	Kendall A. Almerico PA	125000.0					33038	46500000.0	
0001486452-19-000009	Tier1	Unaudited	Y	N	Y	Y	N	N	2875000000	3005266799	0.0001	287500.0	0.0	751320.0	0.0	1038820.0									Newlan & Newlan, Ltd.	3500.0			State Administrators	1500.0		1033820.0	
0001659173-19-000093	Tier2	Audited	Y	Y	Y	Y	N	N	40000000	0	10000.0	27778000.0	0.0	12222000.0	0.0	40000000.0			JumpStart Securities	15000.0			Hall & Company Certified Public Accountants & Consultants	71040.0	Bryan R. Clark, PC	153456.0			JumpStart Securities	5000.0	156214	40000000.0	
0001683168-19-001682	Tier1	Unaudited	Y	N	N	Y	N	N	100000000	76015000	0.1	10000000.0	0.0	0.0	0.0	10000000.0									John E. Lux, Esq.	30000.0			Various states	1400.0		9600000.0	
0001766570-19-000006	Tier2	Audited	N	N	N	Y	Y	N	70000	0	500.0	35000000.0	0.0	0.0	0.0	35000000.0			North Capital Private Securities Corporation	227500.0			Indiegospire	7500.0	Kendall A. Almerico	100000.0					154559	34655000.0	North Capital was also paid a $10,000 due diligence fee
0001477932-19-003065	Tier1	Unaudited	Y	N	N	Y	N	N	540000000	462383968	0.007500000000000001	3600000.0	0.0	0.0	0.0	3600000.0		0.0		0.0		0.0		0.0		0.0		0.0		0.0		3600000.0	
0001144204-19-027383	Tier2	Audited	Y	N	N	Y	Y	N	6250000	440048	8.0	50000000.0	0.0	0.0	0.0	50000000.0							Ernst & Young LLP	20000.0	Wilson Sonsini Goodrich & Rosati P.C.	500000.0	Maxim Group LLC	3250000.0				46230000.0	
0001683168-19-001648	Tier1	Unaudited	Y	N	N	Y	N	N	2000000000	4801506953	0.001	2000000.0	0.0	0.0	0.0	2000000.0									John E. Lux, Esq.	25000.0			Various	2500.0		1972500.0	
0001213900-19-009164	Tier2	Audited	Y	Y	N	Y	Y	N	6216803	12527436	6.0	37300820.0	0.0	12699180.0	0.0	50000000.0							Deloitte & Touche LLP	100000.0	Greenberg Traurig, P.A.	115000.0			States	35000.0		49515000.0	The expected fees in connection with this offering total $485,000. The expected fees include the $250,000 listed above as well as an additional $170,000 paid for previous legal fees and $65,000 for other associated fees.
0001144204-19-027172	Tier2	Audited	Y	Y	N	Y	N	N	5738710	0	10.0	5738710.0	0.0	40959300.0	945000.0	47643010.0									Smith Anderson; Robbins Ross	1000.0							
0001743305-19-000007	Tier2	Audited	Y	N	N	N	N	N	5000000	0	10.0	0.0	0.0	0.0	50000000.0	50000000.0									Kaplan & Associates	50000.0							
0001767235-19-000002	Tier2	Audited	N	N	N	Y	N	N	25000000	0	2.0	50000000.0	0.0	0.0	0.0	50000000.0																	
0001144204-19-026865	Tier2	Audited	Y	Y	N	Y	N	N	5000000	500	10.0	50000000.0	0.0	0.0	0.0	50000000.0							RSM US LLP	15000.0	Goodwin Procter LLP	312500.0	Rise Companies Corp	0.0				49500000.0	
0001144204-19-026862	Tier2	Audited	Y	Y	N	Y	N	N	5000000	500	10.0	50000000.0	0.0	0.0	0.0	50000000.0							RSM US LLP	15000.0	Goodwin Procter LLP	312500.0	Rise Companies Corp	0.0				49500000.0	
0001144204-19-026851	Tier2	Audited	Y	Y	N	Y	Y	N	8031995	1503391	5.0	40159975.0	0.0	0.0	0.0	40159975.0							Squar Milner LLP	35000.0	Corporate Law Solutions, PC	90000.0	BrixInvest, LLC (sponsor)	1500000.0	Corporate Law Solutions, PC	10000.0		38524975.0	
0001262463-19-000152	Tier2	Audited	Y	N	N	Y	N	N	200000000	161199289	0.05	10000000.0	0.0	0.0	0.0	10000000.0	N/A	0.0	N/A	0.0	N/A	0.0	Sadler, Gibb & Associates, LLC	1500.0	Magri Law, LLC	15000.0	N/A	0.0	N/A	0.0		9983500.0	
0001104659-19-029828	Tier2	Audited	Y	Y	N	Y	Y	N	295000000	756827880	0.3	50000000.0	0.0	0.0	0.0	50000000.0							WithumSmith&Brown, PC	250000.0	Wilson Sonsini Goodrich & Rosati, PC	1500000.0						35200000.0	Up to an additional $1050000 in fees for software, web development, investor verification, printing, advertising
0001445866-19-000601	Tier2	Audited	Y	N	N	Y	Y	N	5000000	16920357	0.2	1000000.0	0.0	0.0	0.0	1000000.0							M&K CPAS, PLLC	12500.0	BEVILACQUA PLLC	63000.0						910000.0	
0001493152-19-007578	Tier2	Audited	Y	N	N	Y	Y	N	343175	0	20.0	6863500.0	0.0	0.0	0.0	6863500.0	SDDCO Brokerage Advisors LLC	47300.0	SDDCO Brokerage Advisors LLC	205905.0	N/A	0.0	Mayer Hoffman McCann, P.C	15000.0	Anthony L.G., PLLC	20000.0	N/A	0.0	Anthony L.G., PLLC	9500.0	153563	6863500.0	Estimated Net Proceeds Calculation (above) of $6,863,500.00 does not include any offering fees as all fees in connection with the offering are to be paid by Masterworks Administrative Services, LLC.
0001213900-19-008902	Tier2	Audited	Y	Y	N	Y	Y	N	6216803	12527436	6.0	37300820.0	0.0	12699180.0	0.0	50000000.0							Deloitte & Touche LLP	100000.0	Greenberg Traurig, P.A.	115000.0			States	35000.0		49515000.0	The expected fees in connection with this offering total $485,000. The expected fees include the $250,000 listed above as well as an additional $170,000 paid for previous legal fees and $65,000 for other associated fees.
0001144204-19-026592	Tier1	Unaudited	Y	N	Y	Y	N	N	1000000000	281742840	0.045000000000000005	0.0	0.0	0.0	0.0	0.0									Eilers Law Group, P.A.	12500.0							
0001144204-19-026408	Tier2	Audited	Y	Y	N	Y	N	N	164353	4776517	10.0	1643533.0	0.0	48356467.0	0.0	50000000.0							RSM US LLP	5000.0	Goodwin Procter LLP	40000.0						1598533.0	
0001144204-19-026406	Tier2	Audited	Y	Y	N	Y	N	N	344492	4593217	10.0	3444919.0	0.0	46555081.0	0.0	50000000.0							RSM US LLP	5000.0	Goodwin Procter LLP	40000.0						3399919.0	
0001062993-19-002274	Tier2	Audited	Y	N	Y	Y	Y	N	20000000	60424575	0.2	4000000.0	0.0	0.0	0.0	4000000.0	Raymond James (USA) Ltd. And Cormark Securities (USA) Limited	183000.0					Ernst & Young LLP	60000.0	Dorsey & Whitney LLP	150000.0					25853	3017000.0	): Estimated offering expenses, other than underwriters commissions, are $800,000 and include legal, accounting, printing, advertising, marketing, state registration fees, and other expenses of this Offering.
0001144204-19-026265	Tier2	Audited	Y	N	N	Y	N	N	5000000	2500	10.0	50000000.0	0.0	0.0	0.0	50000000.0			JCC Advisors LLC	4750000.0			Moss Adams LLP	80000.0	Winston & Strawn LLP	200000.0					146776	43750000.0	
0001761911-19-000004	Tier2	Audited	Y	N	N	Y	N	N	1000000	20407730	5.0	5000000.0	0.0	0.0	0.0	5000000.0							IndigoSpire CPA Group, LLC	16000.0	Global Quantitatives	65000.0						4900000.0	
0001742808-19-000003	Tier1	Unaudited	Y	N	N	Y	N	N	1000000	5000000	20.0	20000000.0	0.0	0.0	0.0	20000000.0	TBD	1250000.0	N/A	0.0	N/A	0.0	N/A	0.0	Simmons Associates, Ltd.	750000.0	TBD	0.0	Simmons Associates, Ltd.	0.0		18000000.0	
0001062993-19-002139	Tier2	Audited	Y	N	Y	Y	Y	N	20000000	60424575	0.2	4000000.0	0.0	0.0	0.0	4000000.0	Raymond James (USA) Ltd. And Cormark Securities (USA) Limited	183000.0					Ernst & Young LLP	60000.0	Dorsey & Whitney LLP	150000.0					25853	3017000.0	):  Estimated offering expenses, other than underwriters commissions, are $800,000 and include legal, accounting, printing, advertising, marketing, state registration fees, and other expenses of this Offering.
0001214659-19-003389	Tier2	Audited	Y	Y	Y	Y	N	N	50000000	0	100.0	5000000.0	0.0	0.0	0.0	5000000.0			Sales Commissions	500000.0			Marcum LLP	10000.0	Sichenzia Ross Ference LLP	7500.0							The above table excludes fees to be paid to Transfer Online, Inc. but includes $5,000,000 for sales commissions that will be payable if the Company uses such a service provider
0001144204-19-025401	Tier2	Audited	Y	Y	N	Y	N	N	4241350	1788400	10.0	42413499.0	0.0	7586501.0	0.0	50000000.0							RSM US LLP	5000.0	Goodwin Procter LLP	40000.0						42368499.0	
0001144204-19-025397	Tier2	Audited	Y	Y	N	Y	N	N	3088731	3362476	10.34	31937481.38	0.0	18062518.62	0.0	50000000.0							RSM US LLP	5000.0	Goodwin Procter LLP	40000.0						31892481.0	
0001144204-19-025359	Tier2	Audited	Y	Y	N	Y	N	N	5000000	500	10.0	50000000.0	0.0	0.0	0.0	50000000.0							RSM US LLP	15000.0	Goodwin Procter LLP	312500.0	Rise Companies Corp	0.0				49500000.0	
0001144204-19-025356	Tier2	Audited	Y	Y	N	Y	N	N	5000000	500	10.0	50000000.0	0.0	0.0	0.0	50000000.0							RSM US LLP	15000.0	Goodwin Procter LLP	312500.0	Rise Companies Corp	0.0				49500000.0	
0001117768-19-000244	Tier1	Unaudited	N	N	N	N	N	N	50000000	70951016	0.1	5000000.0	0.0	0.0	0.0	5000000.0	Legal	25000.0		0.0		0.0		0.0		0.0		0.0		0.0		4975000.0	
0001144204-19-024920	Tier2	Audited	Y	Y	N	Y	Y	N	100000000	108505206	0.15	15000000.0	0.0	0.0	0.0	15000000.0							Wipfli, LLP	2500.0	CrowdCheck Law LLP (fka KHLK LLP)	15000.0			Various	17500.0		14850000.0	Escrow processing and other fees estimated to be $135,000
0001654954-19-005530	Tier2	Audited	Y	N	N	Y	N	N	1000000	0	10.0	10000000.0	0.0	0.0	0.0	10000000.0	Digital Offering LLC	730000.0					Liggett & Webb, P.A	10000.0	Bevilacqua PLLC	60000.0			Bevilacqua PLLC	5000.0	166401	9185000.0	
0001144204-19-024416	Tier2	Audited	Y	Y	N	Y	N	N	5738710	0	10.0	5738710.0	0.0	40959300.0	945000.0	47643010.0									Smith Anderson; Robbins Ross	1000.0							
0001022183-19-000007	Tier1	Unaudited	Y	N	N	Y	N	Y	24000000	58593479	0.05	1000000.0	200000.0	0.0	0.0	1200000.0		0.0		0.0		0.0		0.0		0.0		0.0		0.0		1000000.0	
0000806171-19-000033	Tier2	Audited	Y	N	N	Y	N	N	5000000	5000000	10.0	0.0	0.0	0.0	0.0	0.0																	
0001477932-19-002375	Tier1	Unaudited	N	N	N	Y	N	N	5000	0	1000.0	5000000.0	0.0	0.0	0.0	5000000.0		0.0		0.0		0.0		0.0	Trowbridge Sidoti	15000.0	Sherman Ragland	0.0		0.0		5000000.0	
0001683168-19-001384	Tier1	Unaudited	Y	N	Y	Y	N	N	2271299000	295761699	0.0008	1817039.0	0.0	0.0	0.0	1817039.0									Vince Sykes, Esq.	5000.0						1767039.0	
0001144204-19-024016	Tier2	Audited	Y	N	N	Y	N	N	50000000	25000	1.0	50000000.0	0.0	0.0	0.0	50000000.0							dbbmckennon	20500.0	CrowdCheck Law LLP (f/k/a KHLK LLP)	85000.0						49894500.0	
0001775196-19-000003	Tier1	Unaudited	N	N	N	Y	N	N	100000000	3930000	0.1	10000000.0	17630.0	0.0	0.0	10017630.0		0.0		0.0		0.0		0.0	Legal Fees	4000.0		0.0	State Fees	7000.0	0	10000000.0	
0001104659-19-027213	Tier2	Audited	Y	Y	N	Y	N	N	5000000	1682994	10.0	50000000.0	0.0	0.0	0.0	50000000.0			North Capital Private Securities Corp. and Mogul Securities, LLC	500000.0			CohnReznick, LLP	10000.0	Morris, Manning & Martin, LLP	250000.0	Realty Mogul Sponsor, LLC and Realty Mogul, Co.	0.0			154559	48500000.0	Sales commissions will not be paid by the issuer. As such, the sales commissions do not reduce net proceeds to the issuer.
0001144204-19-023727	Tier2	Audited	Y	Y	N	Y	N	N	3492920	0	10.0	3492920.0	0.0	42231910.0	945000.0	46669830.0									Smith Anderson; Robbins Ross	1000.0							
0001688804-19-000009	Tier2	Audited	Y	Y	N	Y	Y	N	3000	0	155.0	465000.0	0.0	0.0	0.0	465000.0							EisnerAmper LLP	0.0	Nixon Peabody LLP	0.0	Cuttone & Company, LLC	3418.0			33038	461582.0	
0001688804-19-000008	Tier2	Audited	Y	Y	N	Y	Y	N	3000	0	155.0	465000.0	0.0	0.0	0.0	465000.0							EisnerAmper LLP	0.0	Nixon Peabody LLP	0.0	Cuttone & Company, LLC	3418.0			33038	461582.0	
0001213900-19-007764	Tier2	Audited	Y	Y	N	Y	N	N	1500000	0	10.0	15000000.0	0.0	0.0	0.0	15000000.0							Artesian CPA	5000.0	Flaster Greenberg	115000.0					000000000	15000000.0	
0001144204-19-023448	Tier2	Audited	Y	N	N	N	N	N	1000000	0	50.0	50000000.0	0.0	0.0	0.0	50000000.0							Templeton & Company	10000.0	Law Office of James G Dodrill II, P.A.	55000.0						50000000.0	
0001493152-19-006322	Tier1	Audited	Y	Y	N	N	N	N	420000	8502125	13.950000000000001	5859000.0	0.0	8837275.0	0.0	14696275.0	NA	0.0	NA	0.0	NA	0.0	Eide Bailly LLP	12000.0	Felhaber Larson	30000.0	NA	0.0	Various	500.0		0.0	
0001445866-19-000505	Tier2	Audited	Y	Y	N	Y	Y	N	5000000		10.0	50000000.0	0.0	0.0	0.0	50000000.0			North Capital Private Securities Corp.	4500000.0			dbbmckennon	15000.0	Carman Lehnhof Israelsen, Durham Jones & Pinnegar	75000.0					154559	45410000.0	
0001683168-19-001320	Tier2	Audited	N	N	N	Y	N	N	1384615	1384615	1.3	18200000.0	0.0	0.0	0.0	18200000.0									Wilson Bradshaw & Cao, LLP	35000.0			Wilson Bradshaw & Cao, LLP	1000.0	0		
0001493152-19-006265	Tier2	Audited	Y	N	N	Y	Y	N	99825	0	20.0	1996500.0	0.0	0.0	0.0	1996500.0	SDDCO Brokerage Advisors LLC	47300.0	SDDCO Brokerage Advisors LLC	59895.0	N/A	0.0	Mayer Hoffman McCann, P.C	20000.0	Anthony L.G., PLLC	100000.0	N/A	0.0	Anthony L.G., PLLC	9500.0	153563	1996500.0	Estimated Net Proceeds Calculation (above) of $1,996,500 does not include any offering fees as all fees in connection with the offering are to be paid by Masterworks Administrative Services, LLC.
0000806171-19-000031	Tier2	Audited	Y	N	N	Y	N	N	5000000	5000000	10.0	0.0	0.0	0.0	0.0	0.0																	
0001193125-19-130175	Tier2	Audited	Y	Y	Y	Y	Y	N	714285714	0	0.07	50000000.0	0.0	0.0	0.0	50000000.0							Mayer Hoffman McCann P.C.	25000.0	Sheppad, Mullin, Richter & Hampton LLP	225000.0							
0001391609-19-000091	Tier2	Audited	Y	Y	N	Y	N	N	1250000000	79352543	0.044000000000000004	10000000.0	0.0	0.0	0.0	10000000.0																10000000.0	
0001213900-19-007449	Tier1	Unaudited	Y	Y	N	Y	N	N	300000000	8274272122	0.0505	3000000.0	0.0	0.0	0.0	3000000.0																3000000.0	
0001213900-19-007421	Tier2	Audited	Y	Y	N	Y	Y	N	20000	1505	750.0	15000000.0	0.0	0.0	0.0	15000000.0							Cherry Bekaert LLP	40500.0	K&L Gates LLP	700000.0			K&L Gates LLP	2500.0		13957000.0	The estimated net proceeds to the issuer reflects estimated fees of $300,000 for custodial and platform services.
0001144204-19-022185	Tier2	Audited	Y	Y	N	Y	N	N	1244770	0	10.0	1244770.0	0.0	41331910.0	2224880.0	44801560.0									Smith Anderson; Robbins Ross	1000.0							
0001703429-19-000011	Tier2	Audited	Y	Y	Y	Y	N	N	50000000	324739783	0.05	50000000.0	0.0	0.0	0.0	50000000.0																	
0001144204-19-021670	Tier2	Audited	Y	Y	N	Y	N	N	50000000	15910950	1.0	50000000.0	0.0	15910950.0	0.0	65910950.0							Baker Tilly Virchow Krause, LLP	5000.0	Manatt, Phelps & Phillips, LLP	50000.0			INTERNAL OUT-OF-POCKET EXPENSES(1)	50000.0		49895000.0	(1)The Issuer will provide for its own blue sky compliance through in-house counsel. (2) 15,910,950 For Jan. 1, 2018 thru Dec. 31, 2018.
0001104659-19-024104	Tier2	Audited	Y	Y	N	Y	N	N	5000000	1682994	10.0	50000000.0	0.0	0.0	0.0	50000000.0			North Capital Private Securities Corp. and Mogul Securities, LLC	500000.0			CohnReznick, LLP	10000.0	Morris, Manning & Martin, LLP	250000.0	Realty Mogul Sponsor, LLC and Realty Mogul, Co.	0.0			154559	48500000.0	Sales commissions will not be paid by the issuer. As such, the sales commissions do not reduce net proceeds to the issuer.
0000715812-19-000014	Tier2	Audited	Y	Y	N	Y	N	N	83472	66810	599.0	50000000.0	0.0	0.0	0.0	50000000.0							Plante & Moran, PLLC	80000.0	Stahl Cowen Crowley Addis LLC	150000.0							
0001766570-19-000004	Tier2	Audited	N	N	N	Y	Y	N	70000	0	500.0	35000000.0	0.0	0.0	0.0	35000000.0			North Capital Private Securities Corporation	227500.0			Indiegospire	7500.0	Kendall A. Almerico	100000.0					154559	34655000.0	North Capital was also paid a $10,000 due diligence fee
0001493152-19-005903	Tier2	Audited	Y	N	N	Y	N	N	5000000	0	1.0	5000000.0	0.0	0.0	0.0	5000000.0	None	0.0	None	0.0	None	0.0	MaloneBailey, LLP	0.0	BrannellyLaw, PLLC	0.0	None	0.0	None	0.0	0	0.0	(1) The company may use registered broker-dealers to sell shares in the offering. As of the date hereof, the Company has not entered into sales agreements with any broker-dealers. (2) To be provided by amendment.
0001477932-19-001946	Tier2	Audited	N	N	N	Y	N	N	50000	0	1000.0	50000000.0	0.0	0.0	0.0	50000000.0		0.0		0.0		0.0	Kaufman Rosin	10000.0	Trowbridge Sidoti	50000.0		0.0		0.0		50000000.0	
0001144204-19-020690	Tier2	Audited	Y	Y	N	Y	N	N	1279880	0	10.0	1279880.0	0.0	43506920.0	945000.0	45731800.0									Smith Anderson; Robbins Ross	1000.0							
0001486452-19-000005	Tier1	Unaudited	Y	N	Y	Y	N	N	1000000000	383528049	0.001	1000000.0	0.0	751320.0	0.0	1751320.0									Newlan & Newlan, Ltd.	3500.0			State Administrators	1500.0		995000.0	
0001683168-19-001145	Tier2	Audited	Y	N	Y	Y	N	N	200000000	1040110900	0.25	50000000.0	0.0	0.0	0.0	50000000.0							Assurance Dimensions	7500.0	John E. Lux, Esq.	75000.0			Various States	12500.0		46000000.0	
0001765320-19-000004	Tier2	Audited	Y	N	N	Y	N	N	50843000	49415000	0.05	2500000.0	24150.0	0.0	0.0	2524150.0		0.0		0.0		0.0	Cashuk, Wiseman, Goldberg, Birnbaum & Salem, LLP	2500.0	Newlan & Newlan, Ltd.	0.0		0.0	State Administrators	12500.0		2485000.0	
0001615774-19-006042	Tier2	Audited	N	N	Y	Y	N	N	95000	1	60.0	5700000.0	0.0	0.0	0.0	5700000.0									CrowdCheck Law/Alliance Legal Partners	12500.0			State Filing Fees	10000.0		5358000.0	
0001615774-19-006041	Tier2	Audited	N	N	Y	Y	N	N	95000	1	60.0	5700000.0	0.0	0.0	0.0	5700000.0									Crowdcheck Law/Alliance Legal Partners	12500.0			State Filing Fees	10000.0		5358000.0	
0001615774-19-006040	Tier2	Audited	N	N	Y	Y	N	N	95000	1	60.0	5700000.0	0.0	0.0	0.0	5700000.0									Crowdcheck Law/Alliance Legal Partners	12500.0			State Filing Fees	10000.0		5358000.0	
0001615774-19-006039	Tier2	Audited	N	N	Y	Y	N	N	95000	1	60.0	5700000.0	0.0	0.0	0.0	5700000.0									Crowdcheck Law/Alliance Legal Partners	12500.0			State Filing Fees	10000.0		5358000.0	
0001615774-19-006038	Tier2	Audited	N	N	Y	Y	N	N	95000	1	60.0	5700000.0	0.0	0.0	0.0	5700000.0									Crowdcheck Law/Alliance Legal Partners	12500.0			State Filing Fees	10000.0		5358000.0	
0001615774-19-006037	Tier2	Audited	N	N	Y	Y	N	N	95000	1	60.0	5700000.0	0.0	0.0	0.0	5700000.0									CrowdCheck Law/Alliance Legal Partners	12500.0			State Filing Fees	10000.0		5358000.0	
0001615774-19-006036	Tier2	Audited	N	N	Y	Y	N	N	95000	1	60.0	5700000.0	0.0	0.0	0.0	5700000.0									CrowdCheck Law/Alliance Legal Partners	12500.0			State Filing Fees	10000.0		5358000.0	
0001615774-19-006035	Tier2	Audited	N	N	Y	Y	N	N	95000	1	60.0	5700000.0	0.0	0.0	0.0	5700000.0									CrowdCheck Law/Alliance Legal Partners	12500.0			State Filing Fees	10000.0		5358000.0	
0001615774-19-006034	Tier2	Audited	N	N	Y	Y	N	N	95000	1	60.0	5700000.0	0.0	0.0	0.0	5700000.0									Crowdcheck Law/Alliance Legal Partners	12500.0			State Filing Fees	10000.0		5358000.0	
0001615774-19-006033	Tier2	Audited	N	N	Y	Y	N	N	95000	1	60.0	5700000.0	0.0	0.0	0.0	5700000.0									CrowdCheck Law/Alliance Legal Partners	12500.0			State Filing Fees	10000.0		5358000.0	
0001615774-19-006032	Tier2	Audited	N	N	Y	Y	N	N	95000	1	60.0	5700000.0	0.0	0.0	0.0	5700000.0									CrowdCheck Law/Alliance Legal Partners	12500.0			State Filing Fees	10000.0		5358000.0	
0001062993-19-001809	Tier2	Audited	Y	N	Y	Y	Y	N	2710000	60424575		0.0	0.0	0.0	0.0	0.0	Raymond James (USA) Ltd. And Cormark Securities (USA) Limited	318200.0					Ernst & Young LLP	60000.0	Dorsey & Whitney LLP	150000.0					25853		
0001144204-19-020370	Tier2	Audited	Y	Y	N	Y	N	N	2610044	5966627	10.0	26100435.0	0.0	23899565.0	0.0	50000000.0							RSM US LLP	5000.0	Goodwin Procter LLP	40000.0						26055435.0	
0001078782-19-000357	Tier2	Audited	Y	N	Y	Y	N	Y	50000000	0		0.0	0.0	0.0	0.0	0.0							AJ Robbins CPA LLC	7500.0									
0001078782-19-000349	Tier2	Audited	Y	N	Y	Y	N	Y	50000000	0		0.0	0.0	0.0	0.0	0.0							AJ Robbins CPA LLC	7500.0									
0001144204-19-020203	Tier2	Audited	Y	Y	N	Y	Y	N	5000000	100	10.0	50000000.0	0.0	0.0	0.0	50000000.0							RSM US LLP	25000.0	Herrick, Feinstein LLP	129000.0							
0001683168-19-001112	Tier2	Audited	Y	Y	N	Y	N	N	760	0		96200.0	0.0	0.0	0.0	96200.0							IndigoSpire CPA Group, LLC	0.0	Procopio, Cory, Hargreaves & Savitch, LLP	0.0						96200.0	Estimated net proceeds does not reflect offering expenses because such expenses will be paid by the Manager as it relates to the Series Palace Foal. and Series De Mystique '17
0001615774-19-005921	Tier2	Audited	N	N	Y	Y	N	N	95000	1	60.0	5700000.0	0.0	0.0	0.0	5700000.0									Crowdchecklaw/Alliance Legal Partners	12500.0			State Filing Fees	10000.0		5358000.0	
0001144204-19-020132	Tier2	Audited	Y	Y	N	Y	Y	N	8031995	1503391	5.0	40159975.0	0.0	0.0	0.0	40159975.0							Squar Milner LLP	35000.0	Corporate Law Solutions, PC	90000.0	BrixInvest, LLC (sponsor)	1500000.0	Corporate Law Solutions, PC	10000.0		38524975.0	
0001761911-19-000003	Tier2	Audited	Y	N	N	Y	N	N	1000000	20407730	5.0	5000000.0	0.0	0.0	0.0	5000000.0							IndigoSpire CPA Group, LLC	16000.0	Global Quantitatives	65000.0						4900000.0	
0001615774-19-005918	Tier2	Audited	Y	N	N	Y	N	N	5000000	0	1.0	5000000.0	0.0	0.0	0.0	5000000.0	None	0.0	None	0.0	None	0.0	MaloneBailey, LLP	0.0	BrannellyLaw, PLLC	0.0	None	0.0	None	0.0	0	0.0	(1) The company may use registered broker-dealers to sell shares in the offering. As of the date hereof, the Company has not entered into sales agreements with any broker-dealers. (2) To be provided by amendment.
0001493152-19-005580	Tier2	Audited	Y	N	N	Y	Y	N	99825	0	20.0	1996500.0	0.0	0.0	0.0	1996500.0	SDDCO Brokerage Advisors LLC	47300.0	SDDCO Brokerage Advisors LLC	59895.0	N/A	0.0	Mayer Hoffman McCann, P.C	20000.0	Anthony L.G., PLLC	100000.0	N/A	0.0	Anthony L.G., PLLC	9500.0	153563	1996500.0	Estimated Net Proceeds Calculation (above) of $1,996,500 does not include any offering fees as all fees in connection with the offering are to be paid by Masterworks Administrative Services, LLC.
0001683168-19-001107	Tier1	Unaudited	Y	N	Y	Y	N	N	1000000000	2148512607	0.005	5000000.0	0.0	0.0	0.0	5000000.0									John E. Lux, Esq.	30000.0						4970000.0	
0001683168-19-001097	Tier1	Unaudited	Y	N	Y	Y	N	N	1000000000	2459138840	0.0125	5000000.0	0.0	4488200.0	0.0	9488200.0									Eilers Law Group, P.A.	10000.0							
0001117768-19-000207	Tier1	Unaudited	N	N	N	N	N	N	50000000	70951016	0.1	5000000.0	0.0	0.0	0.0	5000000.0	Legal	25000.0		0.0		0.0		0.0		0.0		0.0		0.0		4975000.0	
0001144204-19-019955	Tier2	Audited	Y	Y	N	Y	N	N	472100	405500	15.0	945000.0	0.0	45526190.0	1823780.0	48294970.0	N/A	0.0	N/A	0.0	N/A	0.0	Hughes Pittman & Gupton, LLP	2000.0	Manatt, Phelps & Phillips, LLP; Robbins Ross Alloy Belinfante Littlefield LLC	101000.0	N/A	0.0	Internal out-of-pocket expenses	10000.0		4866000.0	
0001144204-19-019961	Tier2	Audited	Y	Y	N	Y	N	N	1795790	0	10.0	1795790.0	0.0	41553630.0	3986010.0	47335430.0									Smith Anderson; Robbins Ross	4500.0							
0001477932-19-001807	Tier1	Unaudited	N	N	N	Y	N	N	1800000000	462383968	0.007500000000000001	3600000.0	0.0	0.0	0.0	3600000.0		0.0		0.0		0.0		0.0		0.0		0.0		0.0		3600000.0	
0001144204-19-019812	Tier2	Audited	Y	Y	N	Y	Y	N	2313149	6278158	10.0	23131489.0	0.0	26868511.0	0.0	50000000.0							RSM US LLP	5000.0	Goodwin Procter LLP	40000.0						23086489.0	Minus expenses.
0001144204-19-019806	Tier2	Audited	Y	Y	N	Y	Y	N	2153912	6010670	10.82	23305326.0	0.0	26694674.0	0.0	50000000.0							RSM US LLP	5000.0	Goodwin Procter LLP	40000.0						23260326.0	Minus expenses.
0001144204-19-019744	Tier2	Audited	Y	N	N	Y	N	N	10000000	0	5.0	50000000.0	0.0	0.0	0.0	50000000.0			Sageworks Capital, LLC	518000.0			IndigoSpire CPA LLC	2500.0	CrowdCheck Law, LLC	50000.0			State Filing Fees	10000.0	162182	44500000.0	
0001144204-19-019703	Tier2	Audited	Y	N	N	Y	Y	N	5000000		10.0	50000000.0	0.0	0.0	0.0	50000000.0							Jason M. Tyra, CPA, PLLC	2500.0	CrowdCheck Law LLP	50000.0					154559		
0001078782-19-000331	Tier2	Audited	Y	N	Y	Y	N	Y	2450000	15276274	6.0	12000000.0	2700000.0	0.0	0.0	14700000.0							Boyle CPA LLC	20000.0	The Doney Law Firm	5000.0			Various	25000.0		11950000.0	
0000806171-19-000028	Tier2	Audited	Y	N	N	Y	N	N	5000000	5000000	10.0	0.0	0.0	0.0	0.0	0.0																	
0001144204-19-019539	Tier2	Audited	Y	N	N	Y	N	N	8333333	0	6.0	50000000.0	0.0	0.0	0.0	50000000.0			Sageworks Capital, LLC	518000.0			IndigoSpire CPA LLC	2500.0	CrowdCheck Law, LLC	50000.0			State Filing Fees	10000.0	162182	44500000.0	
0000715812-19-000012	Tier2	Audited	Y	Y	N	Y	N	N	83892	66810	596.0	50000000.0	0.0	0.0	0.0	50000000.0							Plante & Moran, PLLC	80000.0	Stahl Cowen Crowley Addis LLC	125000.0							
0001144204-19-019471	Tier2	Audited	Y	Y	N	Y	N	N	1795790	0	10.0	1795790.0	0.0	41553630.0	3986010.0	47335430.0									Smith Anderson; Robbins Ross	4500.0							
0001144204-19-019470	Tier2	Audited	Y	Y	N	Y	N	N	1795790	0	10.0	1795790.0	0.0	41553630.0	3986010.0	47335430.0									Smith Anderson; Robbins Ross	4500.0							
0001144204-19-019468	Tier2	Audited	Y	Y	N	Y	N	N	472100	405500	15.0	945000.0	0.0	45526190.0	1823780.0	48294970.0	N/A	0.0	N/A	0.0	N/A	0.0	Hughes Pittman & Gupton, LLP	2000.0	Manatt, Phelps & Phillips, LLP; Robbins Ross Alloy Belinfante Littlefield LLC	101000.0	N/A	0.0	Internal out-of-pocket expenses	10000.0		4866000.0	
0001144204-19-019402	Tier2	Audited	Y	Y	N	Y	N	N	5000000	500	10.0	50000000.0	0.0	0.0	0.0	50000000.0							RSM US LLP	15000.0	Goodwin Procter LLP	312500.0	Rise Companies Corp	0.0				49500000.0	
0001144204-19-019405	Tier2	Audited	Y	Y	N	Y	N	N	5000000	500	10.0	50000000.0	0.0	0.0	0.0	50000000.0							RSM US LLP	15000.0	Goodwin Procter LLP	312500.0	Rise Companies Corp	0.0				49500000.0	
0001477932-19-001651	Tier2	Audited	Y	N	Y	Y	N	N	50000000	0	1.0	50000000.0	0.0	0.0	0.0	50000000.0		0.0		0.0		0.0		0.0	Nathaniel Reinking	2500.0		0.0		0.0		50000000.0	
0001104659-19-020748	Tier2	Audited	Y	Y	N	Y	N	N	295000000	0	0.3	50000000.0	0.0	0.0	0.0	50000000.0							WithumSmith&Brown, PC	250000.0	Wilson Sonsini Goodrich & Rosati, PC	1500000.0						36000000.0	Up to estimated 30000-50000 in fees to financial printer (Merrill
0001262463-19-000104	Tier2	Audited	Y	N	N	Y	N	N	200000000	161199289	0.05	10000000.0	0.0	0.0	0.0	10000000.0	N/A	0.0	N/A	0.0	N/A	0.0	Sadler, Gibb & Associates, LLC	1500.0	Magri Law, LLC	15000.0	N/A	0.0	N/A	0.0		9983500.0	
0001213900-19-006106	Tier1	Audited	Y	Y	Y	N	N	N	149196	1559720	32.0	4774272.0	0.0	653417.0	0.0	5427689.0	None	0.0	None	0.0	None	0.0	Baker Tilly Virchow Krause, LLP	5000.0	Squire Patton Boggs (US) LLP	15000.0	None	0.0	None	0.0		4754272.0	Delhi Bank Corp. is offering its stockholders shares of its common stock through a Dividend Reinvestment and Optional Cash Purchase Plan. Actual price of shares purchased under the Plan depends on the price of the shares on the dividend investment date.
0001062993-19-001636	Tier2	Audited	Y	N	Y	Y	Y	N	2710000	60424575		0.0	0.0	0.0	0.0	0.0	Raymond James (USA) Ltd. And Cormark Securities (USA) Limited	318200.0					Ernst & Young LLP	60000.0	Dorsey & Whitney LLP	150000.0					25853		
0001760319-19-000010	Tier2	Audited	Y	N	N	Y	Y	N	5000000	19700000	10.0	50000000.0	0.0	0.0	0.0	50000000.0		0.0		0.0		0.0		0.0		0.0		0.0		0.0	0	0.0	
0001760319-19-000009	Tier2	Audited	Y	N	N	Y	Y	N	5000000	19700000	10.0	50000000.0	0.0	0.0	0.0	50000000.0		0.0		0.0		0.0		0.0		0.0		0.0		0.0	0	0.0	
0001477932-19-001532	Tier2	Audited	N	N	N	Y	N	N	2000	0	62.5	125000.0	0.0	0.0	0.0	125000.0		0.0		0.0		0.0	CohnReznick	15000.0	Trowbridge Sidoti	50000.0		0.0		0.0		125000.0	
0001731302-19-000002	Tier2	Audited	N	Y	N	Y	N	N	1000			50000000.0	0.0	0.0	0.0	50000000.0							Buckno Lisicky & Company	25000.0	Gordon Rees Scully Mansukhani, LLP	25000.0							
0001214659-19-002606	Tier2	Audited	N	N	N	Y	Y	N	4750000	8120000	2.5	20375000.0	0.0	0.0	0.0	20375000.0							Spiegel Accountancy Corp	5000.0	Scott M Manson	20000.0							
0001144204-19-018635	Tier2	Audited	Y	N	N	Y	N	N	10000000	0	5.0	50000000.0	0.0	0.0	0.0	50000000.0			Sageworks Capital, LLC	518000.0			IndigoSpire CPA LLC	2500.0	CrowdCheck Law, LLC	50000.0			State Filing Fees	10000.0	162182	44500000.0	
0001144204-19-018519	Tier2	Audited	Y	N	N	Y	N	N	10000000	0	5.0	50000000.0	0.0	0.0	0.0	50000000.0			Sageworks Capital, LLC	518000.0			IndigoSpire CPA LLC	2500.0	CrowdCheck Law, LLC	50000.0			State Filing Fees	10000.0	162182	44500000.0	
0001144204-19-018173	Tier2	Audited	Y	Y	N	Y	N	N	3813430	0	10.0	3813430.0	0.0	39711130.0	3663850.0	47188410.0									Smith Anderson; Robbins Ross	4500.0							
0000806171-19-000025	Tier2	Audited	Y	N	N	Y	N	N	5000000	5000000	10.0	0.0	0.0	0.0	0.0	0.0																	
0001615774-19-005327	Tier2	Audited	Y	N	N	Y	N	N	5000000	0	1.0	5000000.0	0.0	0.0	0.0	5000000.0	None	0.0	None	0.0	None	0.0	MaloneBailey, LLP	0.0	BrannellyLaw, PLLC	0.0	None	0.0	None	0.0	0	0.0	(1) The company may use registered broker-dealers to sell shares in the offering. As of the date hereof, the Company has not entered into sales agreements with any broker-dealers. (2) To be provided by amendment.
0001213900-19-005711	Tier2	Audited	Y	N	N	N	N	N	10000	1	25.0	250000.0	0.0	0.0	0.0	250000.0							JASON M. TYRA, CPA, PLLC	2500.0	BEVILACQUA PLLC	60000.0	NORTH CAPITAL PRIVATE SECURITIES CORPORATION	2450.0			154559	247550.0	
0001022183-19-000006	Tier1	Unaudited	Y	N	N	Y	N	Y	24000000	58593479	0.05	1000000.0	200000.0	0.0	0.0	1200000.0		0.0		0.0		0.0		0.0		0.0		0.0		0.0		1000000.0	
0001213900-19-005694	Tier2	Audited	N	Y	N	Y	N	N	5000000	0	10.0	50000000.0	0.0	0.0	0.0	50000000.0							Artesian CPA	2000.0	Flaster/Greenberg P.C.	30000.0							
0001721868-19-000161	Tier1	Unaudited	Y	N	N	Y	N	N	450000000	4505705518	0.0024000000000000002	1080000.0	0.0	0.0	0.0	1080000.0									Stout Law Group, PA	25000.0							
0001213900-19-005593	Tier2	Audited	Y	Y	N	Y	N	N	1500000	0	10.0	15000000.0	0.0	0.0	0.0	15000000.0							Artesian CPA	5000.0	Flaster Greenberg	115000.0					000000000	15000000.0	
0001654954-19-003930	Tier1	Audited	N	N	N	Y	N	N	100000000	230667223	0.01	1000000.0	0.0	0.0	0.0	1000000.0					Sloan Holdings Ltd.	30000.0	WDM Chartered Professional Accountants	10000.0	Procopio, Cory Hargreaves & Saviitch LLP	10000.0							
0001615774-19-005108	Tier2	Audited	Y	N	N	Y	N	N	5000000	0	1.0	5000000.0	0.0	0.0	0.0	5000000.0	None	0.0	None	0.0	None	0.0	MaloneBailey, LLP	0.0	BrannellyLaw, PLLC	0.0	None	0.0	None	0.0	0	0.0	(1) The company may use registered broker-dealers to sell shares in the offering. As of the date hereof, the Company has not entered into sales agreements with any broker-dealers. (2) To be provided by amendment.
0001762205-19-000001	Tier1	Unaudited	N	N	N	Y	N	N	5000000		1.0	5000000.0	0.0	0.0	0.0	5000000.0																	
