ACCESSION_NUMBER	SINFO_ID	COMMISSIONFILENUMBER	OFFERINGQUALIFICATIONDATE	OFFERINGCOMMENCEDATE	QUALIFIEDSECURITIESSOLD	OFFERINGSECURITIESSOLD	PORTIONSECURITIESSOLDISSUER	PORTIONSOLDSECURITYHOLDERS	PRICEPERSECURITY	AGGREGRATEOFFERINGPRICE	AGGREGRATEOFFERINGPRICEHOLDERS	UNDERWRITERFEES	SALESCOMMISSIONSFEE	FINDERSFEES	AUDITORFEES	LEGALFEES	PROMOTERSFEES	BLUESKYFEES	CRDNUMBERBROKERDEALER	ISSUERNETPROCEEDS	CLARIFICATIONRESPONSES
0001477932-20-005664	1	024-11066	28-OCT-2019	28-OCT-2019	40000000	2500500			5000.0	2500500.0	0.0	0.0	0.0	0.0	0.0	0.0	0.0	0.0		0.0	
0001477932-20-005658	1	024-11066	28-OCT-2019	28-OCT-2019	40000000	2500500			5000.0	2500500.0	0.0	0.0	0.0	0.0	0.0	0.0	0.0	0.0		0.0	
0001575705-20-000197	1	024-11183	04-JUN-2020	04-JUN-2020	100000000	100000000	5000000.0	0.0	0.05			0.0	0.0	0.0	0.0	20000.0	0.0	2585.0	0	4977415.0	
0001213900-20-025370	1	024-10782	02-FEB-2018	02-FEB-2018	1000000	228194			50.0	11409700.0	0.0				21000.0	50000.0		12000.0		11326700.0	
0001683168-20-002993	1	024-10909	19-DEC-2018	19-DEC-2018	1832533	0			3.0	0.0	0.0	0.0	0.0	0.0	10000.0	25000.0	0.0	0.0		0.0	
0001104659-20-097383	1	024-11112	26-MAR-2020	26-MAR-2020	1748252	152455			17.16	17.16	0.0										
0001683168-20-002400	1	024-11119	30-MAR-2020	30-MAR-2020	10000000	3508			5.0	50000000.0	0.0				5000.0	890.0	1400.0	190.0		10060.0	Business Legal Advisors, LLC was engaged post-qualification and the initial qualified Form 1-A did not include audited financial statements.
0001437749-20-015855	1	024-11130	30-MAR-2020	11-MAY-2020	275000	8750			50.0	8750.0	0.0	0.0	0.0	0.0	0.0	0.0	2750.0	0.0	154559	272250.0	
0001213900-20-018730	1	024-11092	31-MAR-2020	31-MAR-2020	600000000	15000000	75000.0	0.0	0.005			0.0	0.0	0.0	1500.0	15000.0	0.0	0.0		58500.0	The Registrant hereby withdraws its Offering Statement on Form 1-A originally qualified on December 16, 2019 and the Post-Qualification Amendment to such Form 1-A qualified on March 31, 2020.
0001493152-20-013681	1	024-10994	23-MAY-2019	23-MAY-2019	5859000	4088076	4088076.0	0.0	14.9			0.0	0.0	0.0	8406.0	51745.0	0.0	1274.0		0.0	The Offering Statement related to a distribution reinvestment plan whereby holders received shares in lieu of cash payment of distributions otherwise due them.
0001767876-20-000035	1	024-11126	27-MAR-2020	27-MAR-2020	1820	0			25.0	0.0	0.0				5200.0	60000.0	4858.0		154559	0.0	
0001493152-20-013276	1	024-11159	10-JAN-2020	10-JAN-2020	5688400	0			20.0	5688400.0	0.0	68592.0	170652.0	0.0	0.0	5000.0	0.0	5000.0	153563	5688400.0	
0001493152-20-012735	1	024-10786	17-JUL-2018	17-JUL-2018	5000000	267350			1.0	5000000.0	0.0				10000.0	20000.0			0	267350.0	
