ACCESSION_NUMBER	INFO_ID	ISSUERNAME	CIK	JURISDICTIONORGANIZATION
0001477932-20-005664	1	KULA VENTURES LTD.	0001785031	NV
0001477932-20-005658	1	KULA VENTURES LTD.	0001785031	NV
0000950123-20-009977	1	Gladstone Companies, Inc.	0001805586	DE
0001477932-20-005462	1	Verax Research Services, Inc.	0001763987	DE
0001477932-20-005441	1	Insitu Biologics, Inc.	0001723443	DE
0001213900-20-025370	1	Tulsa Real Estate Fund, LLC	0001704303	GA
0001683168-20-003029	1	Global Cancer Technology, Inc.	0001743261	NV
0001683168-20-002993	1	Global Cancer Technology, Inc.	0001743261	NV
0001104659-20-100819	1	Red Mountain Ventures Limited Partnership	0001712949	A1
0001214659-20-007534	1	Alzamend Neuro, Inc.	0001677077	DE
0001104659-20-097383	1	Miso Robotics, Inc.	0001710670	DE
0001640334-20-002184	1	INFUZED BRANDS INC.	0001793154	A1
0001654954-20-009257	1	GK Investment Holdings, LLC	0001656108	DE
0001214659-20-006873	1	Opening Night Enterprises, LLC	0001707175	CA
0001671132-20-000002	1	Nuvus Gro Corp	0001671132	NV
0001683168-20-002400	1	Atomic Studios, Inc.	0001788475	WY
0001437749-20-015855	1	Commonwealth Thoroughbreds LLC	0001789339	DE
0001104659-20-086536	1	Nico Echo Park, Benefit Corp	0001781961	MD
0001493152-20-013793	1	Elegance Brands, Inc.	0001745449	DE
0001213900-20-017882	1	Money With Meaning Fund, LLC	0001743113	DE
0001767876-20-000035	1	Otis Collection LLC	0001795168	DE
0001493152-20-013535	1	Mystic Holdings, Inc.	0001790320	NV
0001493152-20-013276	1	Masterworks 006, LLC	0001800977	DE
0001104659-20-082321	1	Sagoon Inc.	0001639953	DE
0001493152-20-012735	1	ASI Aviation, Inc.	0001669368	NV
0001104659-20-081638	1	American Hospitality Properties REIT	0001759214	DE
0001213900-20-016773	1	20/20 GeneSystems, Inc.	0001139685	DE
