ACCESSION_NUMBER	ED_ID	TYPE	NAME	OUTSTANDING	CUSIP	PUBLICYTRADED
0001104659-20-110489	1	Common	Common Stock	4836935	000000N/A	N/A
0001104659-20-110489	1	Preferred	Series A Preferred	4897559	000000N/A	N/A
0001104659-20-110489	1	Debt Securities	N/A	0	000000N/A	N/A
0001104659-20-110374	1	Preferred	N/A	0	000000N/A	N/A
0001104659-20-110374	1	Common	N/A	0	000000N/A	N/A
0001104659-20-110374	1	Debt Securities	N/A	0	000000N/A	N/A
0001104659-20-110299	1	Preferred	N/A	0	000000N/A	N/A
0001104659-20-110299	1	Debt Securities	N/A	0	000000N/A	N/A
0001104659-20-110299	1	Common	Common Stock	878154	000000N/A	N/A
0001104659-20-110273	1	Common	N/A	0	000000000	N/A
0001104659-20-110273	1	Preferred	N/A	0	000000000	N/A
0001104659-20-110273	1	Debt Securities	N/A	0	000000000	N/A
0001213900-20-029117	1	Debt Securities	0	0	000000000	NA
0001213900-20-029117	2	Preferred	100,000	99740	000000000	NA
0001213900-20-029117	1	Common	15,000,000,000	1231714834	75972U307	OTC Markets
0001213900-20-029117	1	Preferred	10,000,000	5000000	000000000	NA
0001818411-20-000009	1	Debt Securities		0		
0001818411-20-000009	1	Preferred	Preferred Stock	1000000	0	0
0001818411-20-000009	1	Common		0		
0001213900-20-029067	1	Debt Securities	-	0	000000000	-
0001213900-20-029067	1	Common	-	1000	000000000	-
0001213900-20-029067	1	Preferred	Fig Game Shares (10 series)	2289	000000000	-
0001104659-20-110040	1	Common	Common	45329200	000000000	NA
0001104659-20-110040	1	Preferred	Series Seed Preferred	66666	000000000	NA
0001104659-20-110040	2	Preferred	Series Seed-B Preferred	41667	000000000	NA
0001104659-20-110040	1	Debt Securities	NA	0	000000000	NA
0001493152-20-018527	1	Debt Securities	Senior Secured Conv. Note	1	000000000	No
0001493152-20-018527	1	Preferred	Series A	1000	000000000	None
0001493152-20-018527	1	Common	Common	56830129	98139Q100	OTCQB
0001376474-20-000236	2	Common	Class B	250000		
0001376474-20-000236	1	Common	Class A	2000000		
0001376474-20-000236	1	Preferred		0		
0001376474-20-000236	1	Debt Securities		0		
0001688804-20-000008	10	Common	#98DV1	2000	0	None
0001688804-20-000008	9	Common	Series #83FB1	5000	0	None
0001688804-20-000008	8	Common	Series #89PS1	2000	0	None
0001688804-20-000008	7	Common	Series #90FM1	2000	0	None
0001688804-20-000008	6	Common	Series #95BL1	2000	0	None
0001688804-20-000008	1	Debt Securities		0		
0001688804-20-000008	4	Common	Series #88LJ1	2000	0	None
0001688804-20-000008	3	Common	Series #85FT1	2000	0	None
0001688804-20-000008	2	Common	Series #69BM1	2000	0	None
0001688804-20-000008	1	Common	Series #77LE1	2000	0	None
0001688804-20-000008	1	Preferred		0		
0001688804-20-000008	5	Common	Series #55PS1	2000	0	None
0001768126-20-000027	1	Debt Securities		0		
0001768126-20-000027	1	Preferred		0		
0001768126-20-000027	10	Common	Series #70RLEX	1000	0	None
0001768126-20-000027	9	Common	Series #SMURF	2000	0	None
0001768126-20-000027	8	Common	Series #BIRKINBLEU	1000	0	None
0001768126-20-000027	7	Common	Series #FROST	200	0	None
0001768126-20-000027	6	Common	Series #TWOCITIES	200	0	None
0001768126-20-000027	5	Common	Series #POTTER	3000	0	None
0001768126-20-000027	4	Common	Series #10COBB	1000	0	None
0001768126-20-000027	2	Common	Series #71MAYS	2000	0	None
0001768126-20-000027	3	Common	Series #RLEXPEPSI	2000	0	None
0001768126-20-000027	1	Common	Series #52MANTLE	1000	0	None
0001477932-20-005625	1	Preferred	Preferred Equity	80000	None	None
0001477932-20-005625	1	Common	Common Equity	43616345	761127109	OTC Pink
0001477932-20-005625	1	Debt Securities	Debt Securities	90293	None	None
0001213900-20-028739	1	Preferred	Fig Game Shares (10 series)	2289	000000000	-
0001213900-20-028739	1	Common	-	1000	000000000	-
0001213900-20-028739	1	Debt Securities	-	0	000000000	-
0001493152-20-018386	1	Debt Securities	None	0	000000000	NONE
0001493152-20-018386	1	Preferred	None	0	000000000	NONE
0001493152-20-018386	1	Common	Membership Interests	1000	000000000	NONE
0001213900-20-028461	1	Preferred	Series B	1	000000000	N/A
0001213900-20-028461	1	Debt Securities	N/A	0	000000000	N/A
0001213900-20-028461	1	Common	Common	18599999	000000000	N/A
0001731122-20-000984	1	Common	Equity	170912128	23248E301	none
0001731122-20-000984	1	Debt Securities	Debt Securities	0	000000000	none
0001731122-20-000984	1	Preferred	Preferred Stock	0	000000000	none
0001104659-20-108685	1	Preferred	N/A	0	000000000	N/A
0001104659-20-108685	1	Common	N/A	0	000000000	N/A
0001104659-20-108685	1	Debt Securities	N/A	0	000000000	N/A
0001104659-20-108485	1	Common	Common Stock	12432150	000000000	N/A
0001104659-20-108485	1	Debt Securities	N/A	270000	000000000	N/A
0001104659-20-108485	1	Preferred	Series Seed Preferred Stock	940000	000000000	N/A
0001104659-20-108279	1	Common	Common Stock	100	000000N/A	N/A
0001104659-20-108279	1	Debt Securities	N/A	0	000000N/A	N/A
0001104659-20-108279	1	Preferred	N/A	0	000000N/A	N/A
0001818411-20-000005	1	Preferred	Preferred	1000000	0	none
0001818411-20-000005	1	Debt Securities		0		
0001818411-20-000005	1	Common	Common Stock	0		
0001062993-20-004615	1	Common	Common Stock	96971973	21074G101	TSX Venture Exchange
0001062993-20-004615	1	Debt Securities	None	0	000000000	None
0001062993-20-004615	1	Preferred	Preferred Stock	11111111	000000000	None
0001104659-20-107876	1	Preferred	None	0	000000000	None
0001104659-20-107876	1	Debt Securities	None	0	000000000	None
0001104659-20-107876	1	Common	Common Shares	4278034	000000000	None
0001683168-20-003230	1	Preferred	Series A Non-Convertible	66081530	000000000	none
0001683168-20-003230	1	Common	Common Stock, $0.0001 par valu	1209541280	68403M200	OTC Markets
0001683168-20-003230	1	Debt Securities	not applicable	0	000000000	none
0001213900-20-028004	1	Common	Common Stock	19447596	10488W109	OTCQB
0001213900-20-028004	1	Debt Securities	n/a	0	000000000	n/a
0001213900-20-028004	1	Preferred	Preferred Stock	0	000000000	n/a
0001683168-20-003222	1	Preferred	none	0	000000N/A	N/A
0001683168-20-003222	1	Common	See Part II for full listing	70631	000000N/A	N/A
0001683168-20-003222	1	Debt Securities	none	0	000000N/A	N/A
0001161697-20-000408	1	Preferred	Preferred Equity	28020	000000000	None
0001161697-20-000408	1	Common	Common Equity	993910	35087R201	OTC Market Pink
0001161697-20-000408	1	Debt Securities	Debt Securities	0	000000000	None
0001477932-20-005529	1	Common	Common	100	None	None
0001477932-20-005529	1	Preferred		0		
0001477932-20-005529	1	Debt Securities		0		
0001062993-20-004592	1	Preferred	Preferred Stock	11111111	000000000	None
0001062993-20-004592	1	Common	Common Stock	96971973	21074G101	TSX Venture Exchange
0001062993-20-004592	1	Debt Securities	None	0	000000000	None
0001214659-20-008021	1	Preferred	Series A Preferred	1000	00000None	N/A
0001214659-20-008021	1	Common	Common	18435000	13766W106	OTCQB Venture Market
0001214659-20-008021	1	Debt Securities	Promissory Notes	11	00000None	N/A
0001104659-20-107101	1	Common	N/A	0	000000000	N/A
0001104659-20-107101	1	Debt Securities	N/A	0	000000000	N/A
0001104659-20-107101	1	Preferred	N/A	0	000000000	N/A
0001213900-20-027542	1	Debt Securities	None	0	000000000	n/a
0001213900-20-027542	1	Common	Common Stock	2005558634	373253Y10	OTC Pink Sheets
0001213900-20-027542	1	Preferred	Preference Series AA	1000	000000000	n/a
0001477932-20-005492	1	Common	Class B Interests	1000	None	None
0001477932-20-005492	1	Preferred	Class A Interests	0		
0001477932-20-005492	1	Debt Securities	Debt Securities	0		
0001731122-20-000962	1	Common	Common Equity	100	000000000	N/A
0001731122-20-000962	1	Debt Securities	Debt Securities	40	000000000	N/A
0001731122-20-000962	1	Preferred	Preferred Equity	0	000000000	N/A
0001104659-20-106581	1	Debt Securities	N/A	0	000000000	N/A
0001104659-20-106581	1	Preferred	N/A	0	000000000	N/A
0001104659-20-106581	1	Common	Limited Partnership Interest	1	000000N/A	N/A
0001104659-20-106485	4	Common	Warrants	4422000	000000N/A	N/A
0001104659-20-106485	5	Common	Exchangeable Units	75000000	000000N/A	N/A
0001104659-20-106485	1	Preferred	N/A	0	000000N/A	N/A
0001104659-20-106485	3	Common	Options	14095140	000000N/A	N/A
0001104659-20-106485	1	Common	Super Voting Shares	1500000	000000N/A	N/A
0001104659-20-106485	1	Debt Securities	N/A	0	000000N/A	N/A
0001104659-20-106485	2	Common	Subordinate Voting Shares	106622799	000000N/A	N/A
0001420506-20-001022	1	Preferred	N/A	0	0000000NA	N/A
0001420506-20-001022	1	Common	Common Stock	100000000	0000000NA	N/A
0001420506-20-001022	1	Debt Securities	N/A	0	0000000NA	N/A
0001104659-20-106442	2	Preferred	Series A Preferred Stock	8936015	000000N/A	N/A
0001104659-20-106442	3	Common	Class B Common Stock Warrants	121913	000000N/A	N/A
0001104659-20-106442	4	Preferred	Series m Preferred Stock	5339215	000000N/A	N/A
0001104659-20-106442	5	Preferred	Series m-2 Preferred Stock	1660756	000000N/A	N/A
0001104659-20-106442	6	Preferred	Series m-3 Preferred Stock	16757	000000N/A	N/A
0001104659-20-106442	7	Preferred	Series m-4 Preferred Stock	1432786	000000N/A	N/A
0001104659-20-106442	8	Preferred	Preferred Stock Warrant	4021872	000000N/A	N/A
0001104659-20-106442	2	Common	Class B Common Stock	10189000	000000N/A	N/A
0001104659-20-106442	1	Common	Class A Common Stock	0	000000N/A	N/A
0001104659-20-106442	3	Preferred	Series B Preferred Stock	4653583	000000N/A	N/A
0001104659-20-106442	1	Preferred	Series S Preferred Stock	3462246	000000N/A	N/A
0001104659-20-106442	1	Debt Securities	Convertible Promissory Notes	3757250	000000N/A	N/A
0001104659-20-106416	1	Debt Securities	NA	0	0000000NA	NA
0001104659-20-106416	2	Preferred	Series Seed Preferred	11651963	0000000NA	NA
0001104659-20-106416	1	Common	Common	11466966	0000000NA	NA
0001104659-20-106416	1	Preferred	Series A Preferred	0	0000000NA	NA
0001213900-20-027296	1	Common	NA	0	000000000	NA
0001213900-20-027296	1	Preferred	NA	0	000000000	NA
0001213900-20-027296	1	Debt Securities	NA	0	000000000	NA
0001683168-20-003187	1	Preferred	PREFERRED STOCK SERIES B	1000000	000000000	None
0001683168-20-003187	1	Debt Securities	None	0	000000000	None
0001683168-20-003187	1	Common	Common Stock	62014392	74255T202	None
0001640334-20-002366	1	Debt Securities		0		
0001640334-20-002366	1	Common	Common Shares	69670613	26142Q106	n/a
0001640334-20-002366	1	Preferred		0		
0001493152-20-017983	1	Common	Membership Interests	1000	000000000	NONE
0001493152-20-017983	1	Debt Securities	None	0	000000000	NONE
0001493152-20-017983	1	Preferred	None	0	000000000	NONE
0001104659-20-106144	1	Preferred	Options (Series B Common Stock	481098	000000000	N/A
0001104659-20-106144	2	Common	Series B Common Stock	624791	000000000	N/A
0001104659-20-106144	3	Common	Series C Common Stock	879677	000000000	N/A
0001104659-20-106144	1	Common	Series A Common Stock	2530319	000000000	N/A
0001104659-20-106144	1	Debt Securities	N/A	0	000000000	N/A
0001393905-20-000280	1	Debt Securities		0		
0001393905-20-000280	2	Common	Class B	0	na	
0001393905-20-000280	1	Preferred		0		
0001393905-20-000280	1	Common	Class A	10000	na	na
0001445866-20-001349	3	Common	Class A Common Stock Warrants	200000	n/a	n/a
0001445866-20-001349	1	Debt Securities	Stock Options	413418	n/a	n/a
0001445866-20-001349	1	Preferred		0		
0001445866-20-001349	4	Common	Class B Common Stock Warrants	7000	n/a	n/a
0001445866-20-001349	2	Common	Class B NonVoting Common Stock	944474	n/a	n/a
0001445866-20-001349	1	Common	Class A Voting Common Stock	3526250	n/a	n/a
0001104659-20-105990	1	Preferred	N/A	0	000000000	N/A
0001104659-20-105990	1	Debt Securities	N/A	0	000000000	N/A
0001104659-20-105990	1	Common	N/A	0	000000000	N/A
0001785982-20-000849	1	Preferred	None	0	000000000	None
0001785982-20-000849	1	Common	Common	8772041	000000000	0
0001785982-20-000849	1	Debt Securities	None	0	000000000	None
0001104659-20-105727	1	Common	Common Stock	12432150	000000000	N/A
0001104659-20-105727	1	Debt Securities	N/A	270000	000000000	N/A
0001104659-20-105727	1	Preferred	Series Seed Preferred Stock	940000	000000000	N/A
0001104659-20-105700	1	Preferred	N/A	0	000000N/A	N/A
0001104659-20-105700	1	Common	N/A	0	000000N/A	N/A
0001104659-20-105700	1	Debt Securities	N/A	0	000000N/A	N/A
0001709098-20-000012	1	Debt Securities		0		
0001709098-20-000012	1	Preferred		0		
0001709098-20-000012	1	Common	Common Stock	2000	NA	NA
0001213900-20-026891	1	Preferred	10,000,000	5000000	000000000	NA
0001213900-20-026891	2	Preferred	100,000	99740	000000000	NA
0001213900-20-026891	1	Common	15,000,000,000	1231714834	75972U307	OTC Markets
0001213900-20-026891	1	Debt Securities	0	0	000000000	NA
0001798647-20-000005	1	Preferred		0		
0001798647-20-000005	1	Common	Common	1500000	NA	NA
0001798647-20-000005	1	Debt Securities		0		
0001104659-20-105299	1	Debt Securities	N/A	0	000000000	N/A
0001104659-20-105299	1	Preferred	N/A	0	000000000	N/A
0001104659-20-105299	1	Common	Common Shares	16292000	000000000	N/A
0001768126-20-000021	1	Debt Securities		0		
0001768126-20-000021	1	Common	Series #52MANTLE	1000	0	None
0001768126-20-000021	2	Common	Series #71MAYS	2000	0	None
0001768126-20-000021	3	Common	Series #RLEXPEPSI	2000	0	None
0001768126-20-000021	4	Common	Series #10COBB	1000	0	None
0001768126-20-000021	5	Common	Series #POTTER	3000	0	None
0001768126-20-000021	6	Common	Series #TWOCITIES	200	0	None
0001768126-20-000021	7	Common	Series #FROST	200	0	None
0001768126-20-000021	8	Common	Series #BIRKINBLEU	1000	0	None
0001768126-20-000021	9	Common	Series #SMURF	2000	0	None
0001768126-20-000021	10	Common	Series #70RLEX	1000	0	None
0001768126-20-000021	1	Preferred		0		
0001493152-20-017839	1	Debt Securities	Convertible Debentures	0	000000000	None
0001493152-20-017839	1	Common	Common Stock	70000000	000000000	None
0001493152-20-017839	1	Preferred	None	0	000000000	None
0001477932-20-005415	1	Debt Securities	Debt Securities	90293	None	None
0001477932-20-005415	1	Preferred	Preferred Equity	80000	None	None
0001477932-20-005415	1	Common	Common Equity	43616345	761127109	OTC Pink
0001213900-20-026620	1	Debt Securities	None	0	000000000	n/a
0001213900-20-026620	1	Common	Common Stock	2005558634	373253Y10	OTC Pink Sheets
0001213900-20-026620	1	Preferred	Preference Series AA	1000	000000000	n/a
0001767876-20-000042	1	Debt Securities	N/A	0	000000000	N/A
0001767876-20-000042	1	Preferred	NONE	0	000000000	NONE
0001767876-20-000042	1	Common	NONE	0	000000000	NONE
0001213900-20-026505	1	Preferred	Preference Series AA	1000	000000000	n/a
0001213900-20-026505	1	Common	Common Stock	2005558634	373253Y10	OTC Pink Sheets
0001213900-20-026505	1	Debt Securities	None	0	000000000	n/a
0001010549-20-000207	1	Common	Common Stock	541891	080695109	OTCQX
0001010549-20-000207	1	Preferred	None	0	000000000	None
0001010549-20-000207	1	Debt Securities	None	0	000000000	None
0001493152-20-017725	1	Common	Common Stock	100	000000000	None
0001493152-20-017725	1	Debt Securities	None	0	000000000	None
0001493152-20-017725	1	Preferred	None	0	000000000	None
0001420506-20-001009	1	Debt Securities	N/A	0	000000N/A	N/A
0001420506-20-001009	1	Common	Common stock	100000000	000000N/A	N/A
0001420506-20-001009	1	Preferred	N/A	0	000000N/A	N/A
0001104659-20-104584	1	Debt Securities	N/A	0	000000N/A	N/A
0001104659-20-104584	2	Common	Subordinate Voting Shares	106622799	000000N/A	N/A
0001104659-20-104584	4	Common	Warrants	4422000	000000N/A	N/A
0001104659-20-104584	3	Common	Options	14095140	000000N/A	N/A
0001104659-20-104584	1	Common	Super Voting Shares	1500000	000000N/A	N/A
0001104659-20-104584	5	Common	Exchangeable Units	75000000	000000N/A	N/A
0001104659-20-104584	1	Preferred	N/A	0	000000N/A	N/A
0001104659-20-104557	1	Debt Securities	N/A	0	000000000	N/A
0001104659-20-104557	1	Common	N/A	0	000000000	N/A
0001104659-20-104557	1	Preferred	N/A	0	000000000	N/A
0001213900-20-026322	1	Common	Common Stock	13403300	25460P104	CSE; OTCQB
0001213900-20-026322	1	Debt Securities	None	0	000000000	None
0001213900-20-026322	1	Preferred	None	0	000000000	None
0001104659-20-104521	2	Preferred	Series Seed Preferred	11651963	0000000NA	NA
0001104659-20-104521	1	Preferred	Series A Preferred	0	0000000NA	NA
0001104659-20-104521	1	Common	Common	11466966	0000000NA	NA
0001104659-20-104521	1	Debt Securities	NA	0	0000000NA	NA
0001493152-20-017677	1	Common	Membership Interests	1000	000000000	NONE
0001493152-20-017677	1	Debt Securities	None	0	000000000	NONE
0001493152-20-017677	1	Preferred	None	0	000000000	NONE
0001493152-20-017649	1	Debt Securities	Convertible Notes	11110000	000000000	N/A
0001493152-20-017649	1	Common	Common	3840053	13470W103	OTCQB
0001493152-20-017649	1	Preferred	Series A Preferred	20	000000000	N/A
0001493152-20-017649	2	Preferred	Series B Preferred	0	000000000	N/A
0001493152-20-017649	3	Preferred	Series C Preferred	0	000000000	N/A
0001477932-20-005366	1	Debt Securities		0		
0001477932-20-005366	2	Preferred	Preferred Equity B	36667	N/A	N/A
0001477932-20-005366	1	Preferred	Preferred Equity A	3	N/A	N/A
0001477932-20-005366	1	Common	Common Equity	9363610	N/A	N/A
0001104659-20-104344	1	Preferred	N/A	0	000000000	N/A
0001104659-20-104344	1	Common	Common Stock	599323	33622A106	N/A
0001104659-20-104344	1	Debt Securities	N/A	0	000000000	N/A
0001683168-20-003102	4	Preferred	Series D Preferred	425000	000000000	N/A
0001683168-20-003102	3	Preferred	Series C Preferred	138886	000000000	N/A
0001683168-20-003102	2	Preferred	Series B Preferred	9938	000000000	N/A
0001683168-20-003102	1	Preferred	Series A Preferred	688	000000000	N/A
0001683168-20-003102	1	Common	Common Stock	497399177	94703Q105	OTC Markets
0001683168-20-003102	1	Debt Securities	None	0	000000000	N/A
0001683168-20-003102	5	Preferred	Series E Preferred	1000000	000000000	N/A
0001493152-20-017547	1	Preferred	Series A	1000	000000000	None
0001493152-20-017547	1	Common	Common	56830129	98139Q100	OTCQB
0001493152-20-017547	1	Debt Securities	Senior Secured Conv. Note	1	000000000	No
0001104659-20-103878	1	Preferred	Preferred shares	0	000000N/A	N/A
0001104659-20-103878	2	Common	Common stock	0	000000N/A	N/A
0001104659-20-103878	1	Common	Class F Shares	3000000	000000N/A	N/A
0001104659-20-103878	1	Debt Securities	N/A	0	000000N/A	N/A
0001477932-20-005349	1	Debt Securities		0	000000000	N/A
0001477932-20-005349	1	Preferred	Preferred	10068087	000000000	N/A
0001477932-20-005349	1	Common	Common	5270682	000000000	N/A
0001213900-20-025772	1	Common	-	1000	000000000	-
0001213900-20-025772	1	Preferred	Fig Game Shares (10 series)	2289	000000000	-
0001213900-20-025772	1	Debt Securities	-	0	000000000	-
0001751158-20-000063	1	Common	Common Shares	792925	000000000	N/A
0001751158-20-000063	1	Preferred	N/A	0	000000000	N/A
0001751158-20-000063	1	Debt Securities	N/A	0	000000000	N/A
0001731122-20-000940	1	Debt Securities	Debt Securities	0	000000000	none
0001731122-20-000940	1	Common	Equity	170912128	23248E301	none
0001731122-20-000940	1	Preferred	Preferred Stock	0	000000000	none
0001104659-20-102732	1	Debt Securities	N/A	0	000000000	N/A
0001104659-20-102732	1	Common	Common Shares	3601436	000000000	N/A
0001104659-20-102732	1	Preferred	N/A	0	000000000	N/A
0001213900-20-025476	1	Common	Common Stock	2005558634	373253Y10	OTC Pink Sheets
0001213900-20-025476	1	Debt Securities	None	0	000000000	n/a
0001213900-20-025476	1	Preferred	Preference Series AA	1000	000000000	n/a
0001493152-20-017339	1	Preferred	None	0	000000000	NONE
0001493152-20-017339	1	Common	Membership Interests	1000	000000000	NONE
0001493152-20-017339	1	Debt Securities	None	0	000000000	NONE
0001683168-20-003056	1	Common	Common Stock	12917838	000000000	N/A
0001683168-20-003056	1	Preferred	N/A	0	000000000	N/A
0001683168-20-003056	1	Debt Securities	N/A	0	000000000	N/A
0001104659-20-102344	1	Common	Common Shares	4277652	000000000	None
0001104659-20-102344	1	Debt Securities	None	0	000000000	None
0001104659-20-102344	1	Preferred	None	0	000000000	None
0001420506-20-001003	1	Preferred	N/A	0	0000000NA	N/A
0001420506-20-001003	1	Debt Securities	N/A	0	0000000NA	N/A
0001420506-20-001003	1	Common	Common Stock	100000000	0000000NA	N/A
0001140361-20-019771	1	Common	N/A	100	N/A	N/A
0001140361-20-019771	1	Debt Securities		0		
0001140361-20-019771	1	Preferred		0		
0001193125-20-239106	1	Preferred	Preferred Equity	0	0	NONE
0001193125-20-239106	1	Debt Securities	Debt Securities	0	0	NONE
0001193125-20-239106	1	Common	Common Equity	100	0	NONE
0001104659-20-102231	1	Common	Class A Common Stock	27782994	000000N/A	N/A
0001104659-20-102231	1	Preferred	Class B Warrants	591852	000000N/A	N/A
0001104659-20-102231	2	Common	Class B Common Stock	20000000	000000N/A	N/A
0001104659-20-102231	1	Debt Securities	N/A	0	000000N/A	N/A
0001019056-20-000495	1	Debt Securities	N/A	0	000000000	N/A
0001019056-20-000495	1	Preferred	Perferred Stock	0	000000000	N/A
0001019056-20-000495	1	Common	Common Stock	251690000	74349G109	N/A
0001683168-20-003011	1	Preferred	none	0	0000000na	n/a
0001683168-20-003011	2	Common	Common Stock Class B	108000000	000000n/a	n/a
0001683168-20-003011	1	Common	Common Stock Class A	2459138840	423703107	OTC Pink Sheets
0001683168-20-003011	1	Debt Securities	none	0	0000000na	n/a
0001493152-20-017206	1	Common	Membership Interests	1000	000000000	NONE
0001493152-20-017206	1	Debt Securities	None	0	000000000	NONE
0001493152-20-017206	1	Preferred	None	0	000000000	NONE
0001493152-20-017205	1	Debt Securities	None	0	000000000	NONE
0001493152-20-017205	1	Preferred	None	0	000000000	NONE
0001493152-20-017205	1	Common	Membership Interests	1000	000000000	NONE
0001654954-20-009770	1	Debt Securities	N/A	0	000000000	N/A
0001654954-20-009770	1	Common	Common Unit	13900000	000000000	N/A
0001654954-20-009770	1	Preferred	Class A Units	11193300	000000000	N/A
0001477932-20-005280	2	Debt Securities	Senior Secured Demand Notes	24862215	000000000	N/A
0001477932-20-005280	1	Common	N/A	0	000000000	N/A
0001477932-20-005280	1	Preferred	10 Percent Pref Particip	21389839	000000000	N/A
0001477932-20-005280	1	Debt Securities	7 Percent Secured Notes	23446138	000000000	N/A
0001104659-20-101814	1	Debt Securities	N/A	270000	000000000	N/A
0001104659-20-101814	1	Common	Common Stock	12432150	000000000	N/A
0001104659-20-101814	1	Preferred	Series Seed Preferred Stock	940000	000000000	N/A
0001213900-20-025002	1	Preferred	Series B	1	000000000	N/A
0001213900-20-025002	1	Common	Common	18599999	000000000	N/A
0001213900-20-025002	1	Debt Securities	N/A	0	000000000	N/A
0001104659-20-101751	2	Common	options and warrants	1050000	000000000	N/A
0001104659-20-101751	1	Preferred	N/A	0	000000000	N/A
0001104659-20-101751	3	Common	w warrants	8714121	000000000	N/A
0001104659-20-101751	1	Debt Securities	convertible promissory notes	2606330	000000000	N/A
0001104659-20-101751	1	Common	common stock	13975691	809171101	N/A
0001683168-20-002977	1	Debt Securities	none	0	000000000	none
0001683168-20-002977	1	Common	Common Stock Class A	0	000000000	None
0001683168-20-002977	1	Preferred	Convertible Preferred Stock Cl	28500000	000000000	none
0001214659-20-007607	1	Common	Investor Owner Share	250	00000None	None
0001214659-20-007607	1	Preferred	None	0	00000None	None
0001214659-20-007607	1	Debt Securities	Promissory Note	1	00000None	None
0001104659-20-101562	1	Preferred	N/A	0	000000000	N/A
0001104659-20-101562	2	Common	Class B Common Stock	5400	000000000	N/A
0001104659-20-101562	1	Common	Class A Common Stock	12209267	000000000	N/A
0001104659-20-101562	1	Debt Securities	N/A	0	000000000	N/A
0001493152-20-017101	1	Common	Common Stock	38457361	000000000	N/A
0001493152-20-017101	1	Debt Securities	0	0	000000000	N/A
0001493152-20-017101	1	Preferred	0	0	000000000	N/A
0001104659-20-101441	1	Preferred	N/A	0	000000N/A	N/A
0001104659-20-101441	3	Common	Proportionate Voting Shares	0	000000N/A	N/A
0001104659-20-101441	1	Common	Super Voting Shares	1500000	000000N/A	N/A
0001104659-20-101441	2	Common	Subordinate Voting Shares	106622799	000000N/A	N/A
0001104659-20-101441	5	Common	Warrants	4422000	000000N/A	N/A
0001104659-20-101441	6	Common	Exchangeable Units	75000000	000000N/A	N/A
0001104659-20-101441	4	Common	Options	14095140	000000N/A	N/A
0001104659-20-101441	1	Debt Securities	N/A	0	000000N/A	N/A
0001104659-20-101428	1	Debt Securities	N/A	0	000000N/A	N/A
0001104659-20-101428	1	Common	Common Stock	100	000000N/A	N/A
0001104659-20-101428	1	Preferred	N/A	0	000000N/A	N/A
0001140361-20-019553	1	Preferred		0		
0001140361-20-019553	1	Common	N/A	100	N/A	N/A
0001140361-20-019553	1	Debt Securities		0		
0001654954-20-009692	1	Common	Common	1	000000000	none
0001654954-20-009692	1	Preferred	none	0	000000000	none
0001654954-20-009692	1	Debt Securities	000000000	0	000000000	000000000
0001010549-20-000201	1	Debt Securities	None	0	000000000	None
0001010549-20-000201	1	Common	Common Stock	500000	080695109	OTCQX
0001010549-20-000201	1	Preferred	None	0	000000000	None
0001062993-20-004254	1	Common	Common Stock	96971973	21074G101	TSX Venture Exchange
0001062993-20-004254	1	Debt Securities	None	0	000000000	None
0001062993-20-004254	1	Preferred	Preferred Stock	11111111	000000000	None
0001493152-20-017002	1	Debt Securities	Convertible & Oher Debt	1237750	90353Y208	OTCQB Markets
0001493152-20-017002	1	Preferred	N/A	0	90353Y208	OTCQB Markets
0001493152-20-017002	1	Common	Common Stock	8862967	90353Y208	OTCQB Markets
0001104659-20-100710	1	Preferred	N/A	0	000000000	N/A
0001104659-20-100710	1	Common	Class B Units	12500000	000000000	N/A
0001104659-20-100710	1	Debt Securities	N/A	0	000000000	N/A
0001104659-20-100488	1	Preferred	Preferred Stock	11973733	000000000	N/A
0001104659-20-100488	1	Debt Securities	Convertible Notes	1895845	000000000	N/A
0001104659-20-100488	1	Common	Common Stock	5500000	000000000	N/A
0001104659-20-100355	1	Debt Securities	N/A	0	000000000	N/A
0001104659-20-100355	1	Common	N/A	0	000000000	N/A
0001104659-20-100355	1	Preferred	N/A	0	000000000	N/A
0001822911-20-000001	1	Preferred		0		
0001822911-20-000001	1	Debt Securities		0		
0001822911-20-000001	1	Common	series LLC units	0		
0001646269-20-000012	1	Preferred		0		
0001646269-20-000012	1	Common	Common Stock	6508246	NA	NA
0001646269-20-000012	1	Debt Securities		0		
0001785982-20-000819	1	Preferred		0		
0001785982-20-000819	1	Debt Securities		0		
0001785982-20-000819	1	Common	Common	8772041	0	0
0001104659-20-100256	1	Preferred	Series A Preferred	4897559	000000N/A	N/A
0001104659-20-100256	1	Common	Common Stock	4836935	000000N/A	N/A
0001104659-20-100256	1	Debt Securities	N/A	0	000000N/A	N/A
0001493152-20-016936	1	Debt Securities	None	0	000000000	None
0001493152-20-016936	1	Preferred	None	0	000000000	None
0001493152-20-016936	1	Common	Common Stock	100	000000000	None
0001214659-20-007531	2	Common	Class D Common Stock	12225048	000000000	N/A
0001214659-20-007531	1	Common	Class A Common Stock	4871129	000000000	N/A
0001214659-20-007531	1	Preferred	N/A	0	000000000	N/A
0001214659-20-007531	1	Debt Securities	N/A	0	000000000	N/A
0001193125-20-234635	1	Debt Securities	Debt Securities	0	0	NONE
0001193125-20-234635	1	Common	Common Equity	100	0	NONE
0001193125-20-234635	1	Preferred	Preferred Equity	0	0	NONE
0001654954-20-009597	1	Debt Securities		0		
0001654954-20-009597	1	Preferred	Series A & B Preferred	33588693	000000000	None
0001654954-20-009597	1	Common	Common Stock	857562371	87265T103	OTC
0001213900-20-024047	1	Debt Securities	-	0	000000000	-
0001213900-20-024047	1	Common	-	1000	000000000	-
0001213900-20-024047	1	Preferred	Fig Game Shares (10 series)	2289	000000000	-
0001213900-20-023993	3	Preferred	Class C Preferred Stock	15565108	000000N/A	N/A
0001213900-20-023993	2	Preferred	Class B Preferred Stock	0	000000N/A	N/A
0001213900-20-023993	1	Preferred	Class A Preferred Stock	0	000000N/A	N/A
0001213900-20-023993	1	Debt Securities	N/A	0	000000N/A	N/A
0001213900-20-023993	1	Common	Common Stock	268883223	13765M109	OTCMarkets
0001683168-20-002868	2	Preferred	Series E	47840	000000n/a	none
0001683168-20-002868	1	Debt Securities	none	0	000000n/a	none
0001683168-20-002868	1	Preferred	Series B	214244	000000n/a	None
0001683168-20-002868	1	Common	Common	1613281	538142308	Nasdaq Capital Market
0001214659-20-007497	1	Debt Securities	N/A	0	000000N/A	N/A
0001214659-20-007497	1	Common	Common Units	500	000000N/A	N/A
0001214659-20-007497	1	Preferred	N/A	0	000000N/A	N/A
0001214659-20-007494	3	Common	Warrants	1155000	000000000	N/A
0001214659-20-007494	1	Preferred	Preferred Stock	10985512	000000000	N/A
0001214659-20-007494	1	Debt Securities	Notes	6209657	000000000	N/A
0001214659-20-007494	2	Common	Options	1514699	000000000	N/A
0001214659-20-007494	1	Common	Common Stock	6489474	000000000	N/A
0001214659-20-007491	1	Common	Class A Common Stock	4871129	000000000	N/A
0001214659-20-007491	1	Debt Securities	N/A	0	000000000	N/A
0001214659-20-007491	2	Common	Class D Common Stock	12225048	000000000	N/A
0001214659-20-007491	1	Preferred	N/A	0	000000000	N/A
0001104659-20-098680	1	Common	Class A Common Stock	27782994	000000N/A	N/A
0001104659-20-098680	2	Common	Class B Common Stock	20000000	000000N/A	N/A
0001104659-20-098680	1	Preferred	Class B Warrants	591852	000000N/A	N/A
0001104659-20-098680	1	Debt Securities	N/A	0	000000N/A	N/A
0001213900-20-023800	1	Common	-	1000	000000000	-
0001213900-20-023800	1	Debt Securities	-	0	000000000	-
0001213900-20-023800	1	Preferred	Fig Game Shares (10 series)	2289	000000000	-
0001683168-20-002863	1	Common	COMMON STOCK	3156273	18717D305	OVER THE COUNTER - OTC MARKETS INC.
0001683168-20-002863	1	Debt Securities	CONVERITBLE PROMISSORY NOTE	276000	000000N/A	N/A
0001683168-20-002863	1	Preferred	SERIES A SUPER VOTING	2000000	000000N/A	N/A
0001140361-20-019075	1	Common	N/A	100	N/A	N/A
0001140361-20-019075	1	Debt Securities		0		
0001140361-20-019075	1	Preferred		0		
0001445866-20-001282	1	Preferred		0		
0001445866-20-001282	1	Common	Class A Common Stock	6007811	n/a	n/a
0001445866-20-001282	1	Debt Securities	Stock Options	277437	n/a	n/a
0001445866-20-001282	2	Common	Class B Common Stock	0	n/a	n/a
0001214659-20-007474	1	Preferred	Series A Preferred	1000	00000None	N/A
0001214659-20-007474	1	Debt Securities	Promissory Notes	11	00000None	N/A
0001214659-20-007474	1	Common	Common	18435000	13766W106	OTCQB Venture Market
0001104659-20-098342	1	Common	Class A Common Stock	8000000	000000N/A	N/A
0001104659-20-098342	1	Debt Securities	N/A	0	000000N/A	N/A
0001104659-20-098342	1	Preferred	Class B Common Stock	2200000	000000N/A	N/A
0001213900-20-023540	1	Preferred	Fig Game Shares (10 series)	2289	000000000	-
0001213900-20-023540	1	Common	-	1000	000000000	-
0001213900-20-023540	1	Debt Securities	-	0	000000000	-
0001104659-20-098093	1	Common	Limited Partnership Interest	1	000000N/A	N/A
0001104659-20-098093	1	Debt Securities	N/A	0	000000000	N/A
0001104659-20-098093	1	Preferred	N/A	0	000000000	N/A
0001477932-20-005161	1	Debt Securities		0	000000000	N/A
0001477932-20-005161	1	Preferred	Preferred	10068087	000000000	N/A
0001477932-20-005161	1	Common	Common	5270682	000000000	N/A
0001104659-20-097992	1	Common	Common Stock	415492	000000000	None
0001104659-20-097992	1	Preferred	None	0	000000000	None
0001104659-20-097992	1	Debt Securities	None	0	000000000	None
0001214659-20-007439	1	Debt Securities	N/A	0	000000N/A	N/A
0001214659-20-007439	1	Preferred	N/A	0	000000N/A	N/A
0001214659-20-007439	1	Common	Common Units	500	000000N/A	N/A
0001477932-20-005139	1	Debt Securities		0		
0001477932-20-005139	1	Common		0		
0001477932-20-005139	1	Preferred		0		
0001493152-20-016543	1	Common	Membership Interests	1000	000000000	NONE
0001493152-20-016543	1	Debt Securities	None	0	000000000	NONE
0001493152-20-016543	1	Preferred	None	0	000000000	NONE
0001104659-20-097511	1	Debt Securities	N/A	0	000000000	N/A
0001104659-20-097511	1	Preferred	N/A	0	000000000	N/A
0001104659-20-097511	1	Common	N/A	0	000000000	N/A
0001493152-20-016496	1	Common	Common Stock	2460817	000000000	0
0001493152-20-016496	1	Debt Securities	N/A	0	000000000	0
0001493152-20-016496	1	Preferred	N/A	0	000000000	0
0001794352-20-000007	1	Debt Securities		0		
0001794352-20-000007	1	Preferred		0		
0001794352-20-000007	1	Common		0		
0001794352-20-000006	1	Common	COMMON STOCK	95000000	N/A	N/A
0001794352-20-000006	1	Debt Securities	N/A	0	N/A	N/A
0001794352-20-000006	1	Preferred	PREFERRED STOCK	0	N/A	N/A
0001640334-20-002201	1	Debt Securities		0		
0001640334-20-002201	1	Preferred		0		
0001640334-20-002201	1	Common	Common Shares	69670613	26142Q106	n/a
0001010549-20-000183	1	Common	Common Stock	469595	080695109	OTCQX
0001010549-20-000183	1	Preferred	None	0	000000000	None
0001010549-20-000183	1	Debt Securities	None	0	000000000	None
0001213900-20-022911	1	Common	Common Stock	2005558634	373253Y10	OTC Pink Sheets
0001213900-20-022911	1	Debt Securities	None	0	000000000	n/a
0001213900-20-022911	1	Preferred	Preference Series AA	1000	000000000	n/a
0001140361-20-018720	1	Common	N/A	100	N/A	N/A
0001140361-20-018720	1	Debt Securities		0		
0001140361-20-018720	1	Preferred		0		
0001477932-20-005062	1	Common	Common	100	None	None
0001477932-20-005062	1	Debt Securities		0		
0001477932-20-005062	1	Preferred		0		
0001062993-20-004064	1	Common	Common Shares	40049997	N/A	N/A
0001062993-20-004064	1	Debt Securities		0		
0001062993-20-004064	1	Preferred		0		
0001171520-20-000379	1	Common	Common Stock	100000000	0000000NA	N/A
0001171520-20-000379	1	Preferred	N/A	0	0000000NA	N/A
0001171520-20-000379	1	Debt Securities	N/A	0	0000000NA	N/A
0001477932-20-005022	1	Common	Common Equity	53530576	761127109	OTC Pink
0001477932-20-005022	1	Debt Securities	Debt Securities	90293	None	None
0001477932-20-005022	1	Preferred	Preferred Equity	80000	None	None
0001663577-20-000285	1	Common	Common Stock	92113150	53222D201	OTCPink
0001663577-20-000285	1	Debt Securities	N/A	0	000000000	N/A
0001663577-20-000285	1	Preferred	N/A	0	000000000	N/A
0001104659-20-096138	1	Preferred	Class B Warrants	591852	000000N/A	N/A
0001104659-20-096138	2	Common	Class B Common Stock	20000000	000000N/A	N/A
0001104659-20-096138	1	Common	Class A Common Stock	27782994	000000N/A	N/A
0001104659-20-096138	1	Debt Securities	N/A	0	000000N/A	N/A
0001104659-20-095967	1	Common	Common Shares	7226963	000000000	N/A
0001104659-20-095967	1	Debt Securities	N/A	0	000000000	N/A
0001104659-20-095967	1	Preferred	N/A	0	000000000	N/A
0001213900-20-022381	3	Preferred	Series E Preferred Stock	1537213	000000N/A	There is no trading market for these securities.
0001213900-20-022381	1	Preferred	Series C Preferred Stock	1000	000000N/A	There is no trading market for these securities.
0001213900-20-022381	5	Preferred	Series L Preferred Stock	1405	000000N/A	There is no trading market for these securities.
0001213900-20-022381	2	Preferred	Series D-1 Preferred Stock	38500000	000000N/A	There is no trading market for these securities.
0001213900-20-022381	6	Debt Securities	Convertible Notes	3364938	000000N/A	There is no trading market for these securities.
0001213900-20-022381	5	Debt Securities	Series K Preferred Stock	2896	000000N/A	There is no trading market for these securities.
0001213900-20-022381	4	Debt Securities	Series I Preferred Stock	797	000000N/A	There is no trading market for these securities.
0001213900-20-022381	3	Debt Securities	Series G Preferred Stock	430	000000N/A	There is no trading market for these securities.
0001213900-20-022381	2	Debt Securities	Series F Preferred Stock	1678	000000N/A	There is no trading market for these securities.
0001213900-20-022381	1	Debt Securities	Series M Preferred Stock	34200	000000N/A	There is no trading market for these securities.
0001213900-20-022381	4	Preferred	Series J Preferred Stock	349	000000N/A	There is no trading market for these securities.
0001213900-20-022381	1	Common	Common Stock	8563384	686228404	OTC - Pink Current
0001520138-20-000390	1	Preferred	Series A preferred stock	2000000	000000000	None
0001520138-20-000390	2	Preferred	Series B preferred stock	2541500	000000000	None
0001520138-20-000390	1	Common	Common stock	1524999511	865040109	OTCQB
0001520138-20-000390	1	Debt Securities	Convertible notes	3210502	000000000	None
0001104659-20-095640	1	Preferred	N/A	0	000000000	N/A
0001104659-20-095640	1	Common	N/A	0	000000000	N/A
0001104659-20-095640	1	Debt Securities	N/A	0	000000000	N/A
0001445866-20-001202	2	Common	Class B Common Stock	0	n/a	n/a
0001445866-20-001202	1	Common	Class A Common Stock	6007811	n/a	n/a
0001445866-20-001202	1	Debt Securities	Stock Options	277437	n/a	n/a
0001445866-20-001202	1	Preferred		0		
0001683168-20-002722	1	Common	Common Stock	62014392	74255T202	None
0001683168-20-002722	1	Preferred	PREFERRED STOCK SERIES B	1000000	000000000	None
0001683168-20-002722	1	Debt Securities	None	0	000000000	None
0001445866-20-001186	1	Preferred		0		
0001445866-20-001186	2	Common	Class B Common Stock	0	n/a	n/a
0001445866-20-001186	1	Common	Class A Common Stock	6007811	n/a	n/a
0001445866-20-001186	2	Debt Securities	Stock Options	277437	n/a	n/a
0001445866-20-001186	1	Debt Securities		0		
0001104659-20-094819	1	Common	N/A	0	000000000	N/A
0001104659-20-094819	1	Debt Securities	N/A	0	000000000	N/A
0001104659-20-094819	1	Preferred	N/A	0	000000000	N/A
0001104659-20-094590	1	Common	Common Stock	6728268	000000N/A	N/A
0001104659-20-094590	1	Preferred	N/A	0	000000N/A	N/A
0001104659-20-094590	1	Debt Securities	N/A	0	000000N/A	N/A
0001683168-20-002667	1	Debt Securities	Convertible Notes	2912466	000000N/A	N/A
0001683168-20-002667	1	Preferred	Series Seed-1 Preferred Shares	88105	000000N/A	N/A
0001683168-20-002667	1	Common	Common Shares	1129130	000000N/A	N/A
0001399306-20-000021	1	Preferred	Preferred Series A And B	401000	000000N/A	N/A
0001399306-20-000021	1	Common	Common Stock	10343330	10756L106	OTC Markets
0001399306-20-000021	1	Debt Securities	Debt Securities	0	000000000	0
0001683168-20-002663	1	Common	COMMON STOCK	3156273	18717D305	OVER THE COUNTER - OTC MARKETS INC.
0001683168-20-002663	1	Debt Securities	CONVERITBLE PROMISSORY NOTE	276000	000000N/A	N/A
0001683168-20-002663	1	Preferred	SERIES A SUPER VOTING	2000000	000000N/A	N/A
0001520138-20-000370	1	Common	Common stock	1524999511	865040109	OTCQB
0001520138-20-000370	2	Preferred	Series B preferred stock	2541500	000000000	None
0001520138-20-000370	1	Preferred	Series A preferred stock	2000000	000000000	None
0001520138-20-000370	1	Debt Securities	Convertible notes	3210502	000000000	None
0001214659-20-006994	2	Common	Class D Common Stock	12225048	000000000	N/A
0001214659-20-006994	1	Debt Securities	N/A	0	000000000	N/A
0001214659-20-006994	1	Common	Class A Common Stock	4871129	000000000	N/A
0001214659-20-006994	1	Preferred	N/A	0	000000000	N/A
0001683168-20-002631	1	Debt Securities	none	0	000000n/a	n/a
0001683168-20-002631	1	Preferred	Preferred Stock	0	000000n/a	n/a
0001683168-20-002631	1	Common	Common Stock	183753333	000000n/a	OTC Bulletin
0001493152-20-015287	1	Common	Membership Interests	1000	000000000	NONE
0001493152-20-015287	1	Debt Securities	None	0	000000000	NONE
0001493152-20-015287	1	Preferred	None	0	000000000	NONE
0001663577-20-000260	1	Debt Securities	None	0	000000000	None
0001663577-20-000260	1	Preferred	Preferred Stock	10000000	13767H108	OTC Pink
0001663577-20-000260	1	Common	Common Stock	100099277	13767H108	OTC Pink
0001104659-20-092740	1	Debt Securities	convertible promissory notes	2606330	000000000	N/A
0001104659-20-092740	1	Common	common stock	13975691	809171101	N/A
0001104659-20-092740	1	Preferred	N/A	0	000000000	N/A
0001104659-20-092740	3	Common	w warrants	8714121	000000000	N/A
0001104659-20-092740	2	Common	options and warrants	1050000	000000000	N/A
0001104659-20-092693	1	Debt Securities	N/A	0	000000N/A	N/A
0001104659-20-092693	1	Common	Class A Common Stock	8000000	000000N/A	N/A
0001104659-20-092693	1	Preferred	Class B Common Stock	2200000	000000N/A	N/A
0001477932-20-004677	1	Preferred	Series A Preferred Stock	10000	None	None
0001477932-20-004677	1	Debt Securities	None	0	None	None
0001477932-20-004677	1	Common	Common Stock	113841230	None	None
0001062993-20-003782	1	Common	Common Stock	84471973	21074G101	TSX Venture Exchange
0001062993-20-003782	1	Preferred	Preferred Stock	11111111	000000000	None
0001062993-20-003782	1	Debt Securities	None	0	000000000	None
0001477932-20-004651	1	Preferred	Series A Preferred Stock	10000	None	None
0001477932-20-004651	1	Debt Securities	None	0	None	None
0001477932-20-004651	1	Common	Common Stock	113841230	None	None
0001767876-20-000039	1	Debt Securities	N/A	0	000000000	N/A
0001767876-20-000039	1	Common	NONE	0	000000000	NONE
0001767876-20-000039	1	Preferred	NONE	0	000000000	NONE
0001731122-20-000812	1	Debt Securities	Debt Securities	0	000000000	None
0001731122-20-000812	1	Common	Equity	170912128	23248E301	none
0001731122-20-000812	1	Preferred	Preferred Stock	0	000000000	none
0001477932-20-004599	1	Common	Common	5270682	000000000	N/A
0001477932-20-004599	1	Preferred	Preferred	10068087	000000000	N/A
0001477932-20-004599	1	Debt Securities		0	000000000	N/A
0001213900-20-020689	1	Debt Securities	-	0	000000000	-
0001213900-20-020689	1	Common	-	1000	000000000	-
0001213900-20-020689	1	Preferred	Fig Game Shares (10 series)	2188	000000000	-
0001213900-20-020739	1	Debt Securities	-	0	000000000	-
0001213900-20-020739	1	Preferred	Fig Game Shares (10 series)	2188	000000000	-
0001213900-20-020739	1	Common	-	1000	000000000	-
0001213900-20-020951	2	Common	Class B Voting Common Stock	1687500	000000000	N/A
0001214659-20-006877	1	Common	NONE	0	00000NONE	NONE
0001213900-20-020969	1	Common	Voting Common Stock	48942592	000000000	n/a
0001213900-20-020969	2	Common	Non-Voting Common Stock	659543	000000000	n/a
0001213900-20-020969	1	Preferred	Series A Preferred Stock	2596255	000000000	n/a
0001640334-20-002003	1	Common	Common Shares	69670613	26142Q106	n/a
0001640334-20-002003	1	Preferred		0		
0001640334-20-002003	1	Debt Securities		0		
0001213900-20-020969	1	Debt Securities	n/a	0	000000000	n/a
0001768126-20-000018	1	Preferred		0		
0001493152-20-014993	1	Common	Membership Interests	1000	000000000	NONE
0001213900-20-020951	1	Debt Securities	N/A	0	000000000	N/A
0001214659-20-006877	1	Debt Securities	NONE	0	00000NONE	NONE
0001493152-20-014993	1	Debt Securities	None	0	000000000	NONE
0001768126-20-000018	1	Debt Securities		0		
0001104659-20-092110	1	Common	Common	11466966	0000000NA	NA
0001104659-20-092110	1	Preferred	Series A Preferred	0	0000000NA	NA
0001104659-20-092110	2	Preferred	Series Seed Preferred	11651963	0000000NA	NA
0001104659-20-092110	1	Debt Securities	NA	0	0000000NA	NA
0001493152-20-014993	1	Preferred	None	0	000000000	NONE
0001768126-20-000018	1	Common	Series #52MANTLE	1000	0	None
0001768126-20-000018	2	Common	Series #71MAYS	2000	0	None
0001768126-20-000018	3	Common	Series #RLEXPEPSI	2000	0	None
0001768126-20-000018	4	Common	Series #10COBB	1000	0	None
0001768126-20-000018	5	Common	Series #POTTER	3000	0	None
0001768126-20-000018	6	Common	Series #TWOCITIES	200	0	None
0001768126-20-000018	7	Common	Series #FROST	200	0	None
0001768126-20-000018	8	Common	Series #BIRKINBLEU	1000	0	None
0001768126-20-000018	9	Common	Series #SMURF	2000	0	None
0001768126-20-000018	10	Common	Series #70RLEX	1000	0	None
0001213900-20-020951	1	Common	Class A Voting Common Stock	1074993	000000000	N/A
0001214659-20-006877	1	Preferred	NONE	0	00000NONE	NONE
0001213900-20-020951	1	Preferred	Preferred Stock	0	000000000	N/A
0001683168-20-002535	1	Common	See Part II for full listing	55928	000000N/A	N/A
0001683168-20-002535	1	Preferred	none	0	000000N/A	N/A
0001683168-20-002535	1	Debt Securities	none	0	000000N/A	N/A
0001062993-20-003723	1	Debt Securities	None	0	000000000	None
0001062993-20-003723	1	Common	Common Stock	84471973	21074G101	TSX Venture Exchange
0001062993-20-003723	1	Preferred	Preferred Stock	11111111	000000000	None
0001213900-20-020477	1	Common	Common	27904200	55068Y108	OTCQB
0001213900-20-020477	1	Debt Securities	Promissory Note	101167	00000None	No
0001213900-20-020477	1	Preferred	Series B Common Stock	500000	00000None	None
0001062993-20-003720	1	Common	Common Shares	40049997	N/A	N/A
0001062993-20-003720	1	Debt Securities		0		
0001062993-20-003720	1	Preferred		0		
0001104659-20-090886	1	Debt Securities	N/A	0	000000N/A	N/A
0001104659-20-090886	1	Preferred	N/A	0	000000N/A	N/A
0001104659-20-090886	1	Common	Common Stock	6728268	000000N/A	N/A
0001104659-20-090811	2	Common	Class B	1637243	000000000	N/A
0001104659-20-090811	1	Preferred	N/A	0	000000000	N/A
0001104659-20-090811	1	Debt Securities	N/A	0	000000000	N/A
0001104659-20-090811	1	Common	Class A	1193586	000000000	N/A
0001683168-20-002510	1	Preferred	Series Seed-1 Preferred Shares	88105	000000N/A	N/A
0001683168-20-002510	1	Common	Common Shares	1129130	000000N/A	N/A
0001683168-20-002510	1	Debt Securities	Convertible Notes	2912466	000000N/A	N/A
0001477932-20-004550	1	Preferred		0		
0001477932-20-004550	1	Common		0		
0001477932-20-004550	1	Debt Securities		0		
0001493152-20-014646	1	Common	Common Stock	38457361	000000000	N/A
0001493152-20-014646	1	Debt Securities	0	0	000000000	N/A
0001493152-20-014646	1	Preferred	0	0	000000000	N/A
0001104659-20-090261	1	Common	Common Stock	7116479	000000000	NA
0001104659-20-090261	4	Preferred	Series B-1 Preferred Stock	6870229	000000000	NA
0001104659-20-090261	1	Preferred	Series Seed Preferred Stock	13241627	000000000	NA
0001104659-20-090261	2	Preferred	Series A Preferred Stock	8276928	000000000	NA
0001104659-20-090261	5	Preferred	Series C Preferred Stock	8209586	000000000	NA
0001104659-20-090261	1	Debt Securities	NA	0	000000000	NA
0001104659-20-090261	6	Preferred	Series D Preferred Stock	6585394	000000000	NA
0001104659-20-090261	3	Preferred	Series B Preferred Stock	13358810	000000000	NA
0001477932-20-004532	1	Preferred	Class A Interests	0		
0001477932-20-004532	1	Common	Class B Interests	1000	None	None
0001477932-20-004532	1	Debt Securities	Debt Securities	0		
0001493152-20-014515	1	Debt Securities	None	0	000000000	NONE
0001493152-20-014515	1	Preferred	None	0	000000000	NONE
0001493152-20-014515	1	Common	Membership Interests	1000	000000000	NONE
0001493152-20-014517	1	Debt Securities	None	0	000000000	NONE
0001493152-20-014517	1	Common	Membership Interests	1000	000000000	NONE
0001493152-20-014517	1	Preferred	None	0	000000000	NONE
0001731122-20-000784	1	Debt Securities	Debt Securities	40	000000000	N/A
0001731122-20-000784	1	Common	Common Equity	100	000000000	N/A
0001731122-20-000784	1	Preferred	Preferred Equity	0	000000000	N/A
0001663577-20-000245	1	Debt Securities	None	0	000000000	None
0001663577-20-000245	1	Common	Common Stock	104425830	96773L106	OTC Pink
0001663577-20-000245	1	Preferred	Preferred Stock	0	000000000	None
0001104659-20-089509	1	Common	Common Shares	9283120	000000000	NA
0001104659-20-089509	1	Preferred	NA	0	000000000	NA
0001104659-20-089509	1	Debt Securities	NA	0	000000000	NA
0001104659-20-089272	1	Common	N/A	0	000000000	N/A
0001104659-20-089272	1	Debt Securities	N/A	0	000000000	N/A
0001104659-20-089272	1	Preferred	N/A	0	000000000	N/A
0001376474-20-000173	1	Preferred		0		
0001376474-20-000173	1	Debt Securities		0		
0001376474-20-000173	1	Common	Class A	2000000	-	-
0001376474-20-000173	2	Common	Class B	250000	-	-
0001104659-20-089220	1	Preferred	N/A	0	000000000	N/A
0001104659-20-089220	2	Common	Class B Common Stock	5400	000000000	N/A
0001104659-20-089220	1	Debt Securities	N/A	0	000000000	N/A
0001104659-20-089220	1	Common	Class A Common Stock	12209267	000000000	N/A
0001493152-20-014400	1	Preferred	Series A Preferred	20	000000000	N/A
0001493152-20-014400	1	Common	Common	3840053	13470W103	OTCMarkets.com
0001493152-20-014400	1	Debt Securities	Convertible Notes	1110000	000000000	N/A
0001493152-20-014400	2	Preferred	Series B Preferred	0	000000000	N/A
0001493152-20-014400	3	Preferred	Series C Preferred	0	000000000	N/A
0001683168-20-002446	1	Common	See Part II for full listing	61264	000000N/A	N/A
0001683168-20-002446	1	Preferred	none	0	000000N/A	N/A
0001683168-20-002446	1	Debt Securities	none	0	000000N/A	N/A
0001213900-20-019666	1	Preferred	Class A Investor Shares	0	000000000	n/a
0001213900-20-019666	1	Debt Securities	None	0	000000000	n/a
0001213900-20-019666	1	Common	Common Shares	10000	000000000	n/a
0001213900-20-019664	1	Preferred	Class A Investor Shares	0	000000n/a	n/a
0001213900-20-019664	1	Common	Common Shares	1000000	000000n/a	n/a
0001213900-20-019664	1	Debt Securities	None	0	000000n/a	n/a
0001751158-20-000047	1	Preferred	N/A	0	000000000	N/A
0001751158-20-000047	1	Debt Securities	N/A	0	000000000	N/A
0001751158-20-000047	1	Common	Common Shares	789275	000000000	N/A
0001104659-20-088975	1	Debt Securities	N/A	0	000000N/A	N/A
0001104659-20-088975	1	Common	Common Stock	100	000000N/A	N/A
0001104659-20-088975	1	Preferred	N/A	0	000000N/A	N/A
0001493152-20-014306	1	Debt Securities	None	0	000000000	NONE
0001493152-20-014306	1	Preferred	None	0	000000000	NONE
0001493152-20-014306	1	Common	Membership Interests	1000	000000000	NONE
0001213900-20-019569	1	Preferred	Preference Series AA	1000	000000000	n/a
0001213900-20-019569	1	Common	Common Stock	2005558634	373253Y10	OTC Pink Sheets
0001213900-20-019569	1	Debt Securities	None	0	000000000	n/a
0001493152-20-014244	1	Debt Securities	None	0	000000000	N/A
0001493152-20-014244	2	Preferred	Class C Preferred	75	000000000	N/A
0001493152-20-014244	1	Preferred	Class B Preferred	10000	000000000	N/A
0001493152-20-014244	1	Common	Common	1197471830	53838A104	OTC
0001213900-20-019292	5	Preferred	Series L Preferred Stock	1405	000000N/A	There is no trading market for these securities.
0001213900-20-019292	4	Preferred	Series J Preferred Stock	349	000000N/A	There is no trading market for these securities.
0001213900-20-019292	3	Preferred	Series E Preferred Stock	1537213	000000N/A	There is no trading market for these securities.
0001213900-20-019292	1	Common	Common Stock	8563384	686228404	OTC - Pink Current
0001213900-20-019292	1	Preferred	Series C Preferred Stock	1000	000000N/A	There is no trading market for these securities.
0001213900-20-019292	2	Preferred	Series D-1 Preferred Stock	38500000	000000N/A	There is no trading market for these securities.
0001213900-20-019292	6	Debt Securities	Convertible Notes	3364938	000000N/A	There is no trading market for these securities.
0001213900-20-019292	5	Debt Securities	Series K Preferred Stock	2896	000000N/A	There is no trading market for these securities.
0001213900-20-019292	4	Debt Securities	Series I Preferred Stock	797	000000N/A	There is no trading market for these securities.
0001213900-20-019292	3	Debt Securities	Series G Preferred Stock	430	000000N/A	There is no trading market for these securities.
0001213900-20-019292	2	Debt Securities	Series F Preferred Stock	1678	000000N/A	There is no trading market for these securities.
0001213900-20-019292	1	Debt Securities	Series M Preferred Stock	34200	000000N/A	There is no trading market for these securities.
0001646269-20-000011	1	Common	Common Stock	6508246	NA	NA
0001646269-20-000011	1	Preferred		0		
0001646269-20-000011	1	Debt Securities		0		
0001654954-20-008137	1	Preferred	none	0	000000000	none
0001654954-20-008137	1	Common	common	1	000000000	none
0001654954-20-008137	1	Debt Securities	none	0	000000000	none
0001493152-20-014170	1	Common	Membership Interests	1000	000000000	NONE
0001493152-20-014170	1	Preferred	None	0	000000000	NONE
0001493152-20-014170	1	Debt Securities	None	0	000000000	NONE
0001493152-20-014168	1	Debt Securities	None	0	000000000	NONE
0001493152-20-014168	1	Common	Membership Interests	1000	000000000	NONE
0001493152-20-014168	1	Preferred	None	0	000000000	NONE
0001140361-20-016943	1	Common	N/A	100	N/A	N/A
0001140361-20-016943	1	Preferred		0		
0001140361-20-016943	1	Debt Securities		0		
0001731122-20-000772	1	Preferred	Series A /B Preferred Stock	100051	000000000	None
0001731122-20-000772	1	Common	Common Stock, $.001 par value	1471416841	399844109	OTC Markets
0001731122-20-000772	1	Debt Securities	Debt Securities	5123047	000000000	Convertible and Other Notes payable.
0001104659-20-087478	1	Common	Class A Common Stock	8000000	000000N/A	N/A
0001104659-20-087478	1	Debt Securities	N/A	0	000000N/A	N/A
0001104659-20-087478	1	Preferred	Class B Common Stock	2200000	000000N/A	N/A
0001214659-20-006574	1	Common	Class A Common Stock	4871129	000000000	N/A
0001214659-20-006574	2	Common	Class D Common Stock	12225048	000000000	N/A
0001214659-20-006574	1	Debt Securities	N/A	0	000000000	N/A
0001214659-20-006574	1	Preferred	N/A	0	000000000	N/A
0001751158-20-000045	1	Common	Common Shares	789275	000000000	N/A
0001751158-20-000045	1	Preferred	N/A	0	000000000	N/A
0001751158-20-000045	1	Debt Securities	N/A	0	000000000	N/A
0001140361-20-016842	1	Preferred		0		
0001140361-20-016842	1	Debt Securities		0		
0001140361-20-016842	1	Common	N/A	100	N/A	N/A
0001553350-20-000664	1	Common	Common Shares	93462483	29880V105	OTC
0001553350-20-000664	1	Debt Securities	Convertible Notes	508500	000000N/A	N/A
0001553350-20-000664	1	Preferred	N/A	0	000000N/A	N/A
0001445866-20-001044	1	Common	Class A Voting Common Stock	3526250	n/a	n/a
0001445866-20-001044	2	Common	Class B NonVoting Common Stock	944474	n/a	n/a
0001445866-20-001044	1	Preferred		0		
0001445866-20-001044	1	Debt Securities	Class A Common Stock Warrants	200000	n/a	n/a
0001445866-20-001044	2	Debt Securities	Class B Common Stock Warrants	7000	n/a	n/a
0001445866-20-001044	3	Debt Securities	Stock Options	413418	n/a	n/a
0001683168-20-002379	1	Common	Common Shares	1129130	000000N/A	N/A
0001683168-20-002379	1	Preferred	Series Seed-1 Preferred Shares	88105	000000N/A	N/A
0001683168-20-002379	1	Debt Securities	Convertible Notes	2912466	000000N/A	N/A
0001213900-20-018572	1	Debt Securities	0	0	000000000	NA
0001213900-20-018572	1	Preferred	10,000,000	5000000	000000000	NA
0001213900-20-018572	2	Preferred	100,000	99740	000000000	NA
0001213900-20-018572	1	Common	15,000,000,000	337892560	75972U307	OTC Markets
0001493152-20-013975	1	Debt Securities	None	0	000000000	None
0001493152-20-013975	1	Preferred	None	0	000000000	None
0001493152-20-013975	1	Common	Common Stock	100	000000000	None
0001815794-20-000006	1	Common	COMMON	4000000	00000000	NONE
0001815794-20-000006	1	Preferred	SERIES A Preferred	1000000	00000000	npne
0001815794-20-000006	1	Debt Securities	NONE	0	00000000	
0001104659-20-086479	1	Common	Common Stock	6728268	000000N/A	N/A
0001104659-20-086479	1	Preferred	N/A	0	000000N/A	N/A
0001104659-20-086479	1	Debt Securities	N/A	0	000000N/A	N/A
0001477932-20-004269	1	Debt Securities	None	0	None	None
0001477932-20-004269	1	Common	Common Stock	113841230	None	None
0001477932-20-004269	1	Preferred	Series A Preferred Stock	10000	None	None
0001171520-20-000317	1	Preferred	Preferred Equity	0	000000000	n/a
0001171520-20-000317	1	Common	Common Stock	32500000	000000000	n/a
0001171520-20-000317	1	Debt Securities	Debt Securities	0	000000000	n/a
0001683168-20-002364	1	Common	Common Stock	48062508	000000N/A	N/A
0001683168-20-002364	1	Debt Securities	N/A	0	000000n/a	n/a
0001683168-20-002364	1	Preferred	N/A	0	000000n/a	n/a
0001213900-20-018489	1	Common	Common	18599999	000000000	N/A
0001213900-20-018489	1	Preferred	Series B	1	000000000	N/A
0001213900-20-018489	1	Debt Securities	N/A	0	000000000	N/A
0001104659-20-086230	1	Preferred	N/A	0	000000000	N/A
0001104659-20-086230	1	Debt Securities	N/A	0	000000000	N/A
0001104659-20-086230	1	Common	N/A	0	000000000	N/A
0001683168-20-002357	1	Debt Securities	na	0	000000000	na
0001683168-20-002357	1	Preferred	Preferred Stock	100000000	0000000na	na
0001683168-20-002357	1	Common	Common Stock	652365852	0000000na	na
0001493152-20-013891	2	Preferred	Class C Preferred	75	000000000	N/A
0001493152-20-013891	1	Preferred	Class B Preferred	10000	000000000	N/A
0001493152-20-013891	1	Common	Common	1197471830	53838A104	OTC
0001493152-20-013891	1	Debt Securities	None	0	000000000	N/A
0001493152-20-013889	1	Debt Securities	None	0	00000None	None
0001493152-20-013889	1	Common	Class A, Class B Common Stock	132718340	00000None	None
0001493152-20-013889	1	Preferred	None	0	00000None	None
0001104659-20-085940	1	Debt Securities	None	0	000000000	None
0001104659-20-085940	1	Common	Common Stock	415492	000000000	None
0001104659-20-085940	1	Preferred	None	0	000000000	None
0001214659-20-006484	1	Common	Investor Owner Share	250	00000None	None
0001214659-20-006484	1	Preferred	None	0	00000None	None
0001214659-20-006484	1	Debt Securities	Promissory Note	1	00000None	None
0001104659-20-085668	1	Common	common stock	13975691	809171101	N/A
0001104659-20-085668	2	Common	options and warrants	1050000	000000000	N/A
0001104659-20-085668	3	Common	w warrants	8437621	000000000	N/A
0001104659-20-085668	1	Preferred	N/A	0	000000000	N/A
0001104659-20-085668	1	Debt Securities	convertible promissory notes	2432830	000000000	N/A
0001477932-20-004153	1	Common	Common	100	None	None
0001477932-20-004153	1	Debt Securities		0		
0001477932-20-004153	1	Preferred		0		
0001104659-20-085331	1	Common	Common Stock	12432150	000000000	N/A
0001104659-20-085331	1	Debt Securities	N/A	270000	000000000	N/A
0001104659-20-085331	1	Preferred	Series Seed Preferred Stock	940000	000000000	N/A
0001575705-20-000138	1	Preferred	Series A Preferred Stock	3000000	000000000	None
0001575705-20-000138	1	Common	Common Stock	5000001	000000000	None
0001575705-20-000138	1	Debt Securities	Debt Securities	0	000000000	None
0001213900-20-018128	1	Common	Class A Voting Common Stock	1074993	000000000	N/A
0001213900-20-018128	1	Preferred	Preferred Stock	0	000000000	N/A
0001213900-20-018128	2	Common	Class B Voting Common Stock	1687500	000000000	N/A
0001213900-20-018128	1	Debt Securities	N/A	0	000000000	N/A
0001663577-20-000227	1	Debt Securities	None	0	000000000	None
0001663577-20-000227	1	Preferred	Preferred Stock	10000000	13767H108	OTC Pink
0001663577-20-000227	1	Common	Common Stock	100099277	13767H108	OTC Pink
0001477932-20-004107	1	Common	Management Interests	100	None	None
0001477932-20-004107	1	Preferred	Preferred Membership Interests	0		
0001477932-20-004107	1	Debt Securities		0		
0001213900-20-018057	1	Preferred	Class A Investor Shares	0	000000000	n/a
0001213900-20-018057	1	Common	Common Shares	10000	000000000	n/a
0001213900-20-018057	1	Debt Securities	None	0	000000000	n/a
0001213900-20-018055	1	Preferred	Class A Investor Shares	0	000000n/a	n/a
0001213900-20-018055	1	Common	Common Shares	1000000	000000n/a	n/a
0001213900-20-018055	1	Debt Securities	None	0	000000n/a	n/a
0001654954-20-007832	1	Preferred	none	0	000000000	none
0001654954-20-007832	1	Debt Securities	000000000	0	000000000	000000000
0001654954-20-007832	1	Common	Common	1	000000000	none
0001104659-20-084955	1	Preferred	N/A	0	000000000	N/A
0001104659-20-084955	1	Common	COMMON	150100000	25386D102	OTC
0001104659-20-084955	1	Debt Securities	N/A	0	000000000	N/A
0001731122-20-000753	1	Debt Securities	Debt Securities	5123047	000000000	Convertible and Other Notes payable.
0001731122-20-000753	1	Common	Common Stock, $.001 par value	1471416841	399844109	OTC Markets
0001731122-20-000753	1	Preferred	Series A /B Preferred Stock	100051	000000000	None
0001171520-20-000307	1	Debt Securities	N/A	0	000000N/A	N/A
0001171520-20-000307	1	Common	Common stock	100000000	000000N/A	N/A
0001171520-20-000307	1	Preferred	N/A	0	000000N/A	N/A
0001213900-20-017980	1	Preferred	None	0	000000000	N/A
0001213900-20-017980	1	Debt Securities	Debt Payable by Assets	837034	000000000	N/A
0001213900-20-017980	1	Common	Common	92854286	000000000	N/A
0001214659-20-006410	1	Common	Common	18435000	13766W106	OTCQB Venture Market
0001214659-20-006410	1	Preferred	Series A Preferred	1000	00000None	N/A
0001214659-20-006410	1	Debt Securities	Promissory Notes	3	00000None	N/A
0001477932-20-004096	1	Debt Securities	None	0		
0001477932-20-004096	1	Preferred	None	0		
0001477932-20-004096	2	Common	Non-Voting Common Stock	349314	None	None
0001477932-20-004096	1	Common	Voting Common Stock	10200000	None	None
0001493152-20-013601	1	Debt Securities	N/A	0	000000000	N/A
0001493152-20-013601	1	Common	Limited Partnership Interests.	0	000000000	N/A
0001493152-20-013601	1	Preferred	N/A	0	000000000	N/A
0001213900-20-017884	1	Preferred	N/A	0	000000000	N/A
0001213900-20-017884	1	Debt Securities	N/A	0	000000000	N/A
0001213900-20-017884	1	Common	Common stock	446644556	001789383	OTC Pink Sheets Open Market
0001062993-20-003385	1	Preferred		0		
0001062993-20-003385	1	Debt Securities		0		
0001062993-20-003385	1	Common	Common Shares	40049997	N/A	N/A
0001640334-20-001810	1	Common	Common Shares	28295783	163599202	Canadian and Frankfurt Stock Exchange, OTC
0001640334-20-001810	1	Debt Securities	None	0	N/A	N/A
0001640334-20-001810	1	Preferred	N/A	0	N/A	N/A
0001493152-20-013548	1	Preferred	None	0	000000000	N/A
0001493152-20-013548	1	Debt Securities	None	0	000000000	N/A
0001493152-20-013548	1	Common	Common Stock	10267350	000000000	N/A
0001493152-20-013538	1	Debt Securities	Convertible Notes	1110000	000000000	N/A
0001493152-20-013538	1	Common	Common	3840053	13470W103	OTCMarkets.com
0001493152-20-013538	1	Preferred	Series A Preferred	20	000000000	N/A
0001493152-20-013538	2	Preferred	Series B Preferred	0	000000000	N/A
0001493152-20-013538	3	Preferred	Series C Preferred	0	000000000	N/A
0001104659-20-084478	1	Debt Securities	Convertible Promissory Notes	3757250	000000N/A	N/A
0001104659-20-084478	8	Preferred	Preferred Stock Warrant	4021872	000000N/A	N/A
0001104659-20-084478	1	Common	Class A Common Stock	0	000000N/A	N/A
0001104659-20-084478	2	Common	Class B Common Stock	10189000	000000N/A	N/A
0001104659-20-084478	3	Common	Class B Common Stock Warrants	121913	000000N/A	N/A
0001104659-20-084478	7	Preferred	Series m-4 Preferred Stock	1432786	000000N/A	N/A
0001104659-20-084478	2	Preferred	Series A Preferred Stock	8936015	000000N/A	N/A
0001104659-20-084478	3	Preferred	Series B Preferred Stock	4653583	000000N/A	N/A
0001104659-20-084478	4	Preferred	Series m Preferred Stock	5339215	000000N/A	N/A
0001104659-20-084478	5	Preferred	Series m-2 Preferred Stock	1660756	000000N/A	N/A
0001104659-20-084478	6	Preferred	Series m-3 Preferred Stock	16757	000000N/A	N/A
0001104659-20-084478	1	Preferred	Series S Preferred Stock	1780449	000000N/A	N/A
0001213900-20-017714	1	Common	Common Stock	2005558634	373253Y10	OTC Pink Sheets
0001213900-20-017714	1	Preferred	Preference Series AA	1000	000000000	n/a
0001213900-20-017714	1	Debt Securities	None	0	000000000	n/a
0001214659-20-006333	1	Common	Class A Common Stock	4871129	000000000	N/A
0001214659-20-006333	1	Preferred	N/A	0	000000000	N/A
0001214659-20-006333	2	Common	Class D Common Stock	12225048	000000000	N/A
0001214659-20-006333	1	Debt Securities	N/A	0	000000000	N/A
0001477932-20-004046	2	Common	Series B Voting Units	10000	N/A	N/A
0001477932-20-004046	4	Common	Series A 2019 Eco-Tree Units	1769864	N/A	N/A
0001477932-20-004046	3	Common	Series A 2018 COP Units	240296	N/A	N/A
0001477932-20-004046	1	Preferred	None	0		
0001477932-20-004046	1	Debt Securities	None	0		
0001477932-20-004046	1	Common	Series A 2016 Units	200000	N/A	N/A
0001104659-20-083904	1	Debt Securities	N/A	0	000000000	N/A
0001104659-20-083904	1	Common	N/A	0	000000000	N/A
0001104659-20-083904	1	Preferred	N/A	0	000000000	N/A
0001758533-20-000007	1	Common	Class A Common	1000	N/A	N/A
0001758533-20-000007	1	Debt Securities	N/A	0	N/A	N/A
0001758533-20-000007	2	Common	Class B Common	42690046	N/A	N/A
0001758533-20-000007	1	Preferred	Preferred	0	N/A	N/A
0001654954-20-007736	1	Common	Common Stock	110722685	948508106	OTCQB-tier of OTC Markets
0001654954-20-007736	1	Debt Securities	None	0		
0001654954-20-007736	1	Preferred	Preferred Stock	0		N/A
0001493152-20-013319	1	Common	Common	43907003	98139Q100	OTCQB
0001493152-20-013319	1	Debt Securities	Senior Secured Conv. Note	1	000000000	No
0001493152-20-013319	1	Preferred	Series A and Series B	1000	000000000	None
0001683168-20-002269	1	Common	See Part II for full listing	55928	000000N/A	N/A
0001683168-20-002269	1	Preferred	none	0	000000N/A	N/A
0001683168-20-002269	1	Debt Securities	none	0	000000N/A	N/A
0001104659-20-083533	1	Common	Common Shares	8568222	000000000	N/A
0001104659-20-083533	1	Preferred	N/A	0	000000000	N/A
0001104659-20-083533	1	Debt Securities	N/A	0	000000000	N/A
0001553350-20-000617	1	Debt Securities	Convertible Notes	508500	000000N/A	N/A
0001553350-20-000617	1	Common	Common Shares	93462483	29880V105	OTC
0001553350-20-000617	1	Preferred	N/A	0	000000N/A	N/A
0001493152-20-013196	1	Common	Membership Interests	1000	000000000	NONE
0001493152-20-013196	1	Preferred	None	0	000000000	NONE
0001493152-20-013196	1	Debt Securities	None	0	000000000	NONE
0001493152-20-013191	1	Preferred	None	0	000000000	NONE
0001493152-20-013191	1	Debt Securities	None	0	000000000	NONE
0001493152-20-013191	1	Common	Membership Interests	1000	000000000	NONE
0001493152-20-013186	1	Debt Securities	None	0	000000000	NONE
0001493152-20-013186	1	Preferred	None	0	000000000	NONE
0001493152-20-013186	1	Common	Membership Interests	1000	000000000	NONE
0001477932-20-003903	1	Common	Common Equity	6751909	N/A	N/A
0001477932-20-003903	1	Preferred	Preferred Equity A	3	N/A	N/A
0001477932-20-003903	2	Preferred	Preferred Equity B	36667	N/A	N/A
0001477932-20-003903	1	Debt Securities		0		
0001104659-20-082847	1	Common	N/A	0	000000N/A	N/A
0001104659-20-082847	1	Debt Securities	N/A	0	000000N/A	N/A
0001104659-20-082847	1	Preferred	N/A	0	000000N/A	N/A
0001768126-20-000016	8	Common	Series #BIRKINBLEU	1000	0	None
0001768126-20-000016	5	Common	Series #POTTER	3000	0	None
0001768126-20-000016	6	Common	Series #TWOCITIES	200	0	None
0001768126-20-000016	7	Common	Series #FROST	200	0	None
0001768126-20-000016	4	Common	Series #10COBB	1000	0	None
0001768126-20-000016	3	Common	Series #RLEXPEPSI	2000	0	None
0001768126-20-000016	2	Common	Series #71MAYS	2000	0	None
0001768126-20-000016	1	Common	Series #52MANTLE	1000	0	None
0001768126-20-000016	9	Common	Series #SMURF	2000	0	None
0001768126-20-000016	10	Common	Series #70RLEX	1000	0	None
0001768126-20-000016	1	Preferred		0		
0001768126-20-000016	1	Debt Securities		0		
0001683168-20-002240	1	Common	Common Stock Class A	2459138840	423703107	OTC Pink Sheets
0001683168-20-002240	1	Preferred	none	0	0000000na	n/a
0001683168-20-002240	2	Common	Common Stock Class B	108000000	000000n/a	n/a
0001683168-20-002240	1	Debt Securities	none	0	0000000na	n/a
0001575705-20-000128	1	Preferred	Series A-1 Preferred Stock	3000000	000000000	None
0001575705-20-000128	1	Debt Securities	Debt Securities	0	000000000	None
0001575705-20-000128	1	Common	Common Stock	699991000	989574108	Over-the-Counter
0001213900-20-017229	1	Debt Securities	None	0	000000000	None
0001213900-20-017229	1	Common	Common Stock	15441324	000000000	None
0001213900-20-017229	1	Preferred	None	0	000000000	None
0001683168-20-002236	1	Preferred	None	0	000000000	N/A
0001683168-20-002236	1	Common	Common Stock	71774	000000000	N/A
0001683168-20-002236	1	Debt Securities	None	0	000000000	N/A
0001104659-20-082696	4	Preferred	Series B-1 Preferred Stock	6870229	000000000	NA
0001104659-20-082696	1	Debt Securities	NA	0	000000000	NA
0001104659-20-082696	1	Preferred	Series Seed Preferred Stock	13241627	000000000	NA
0001104659-20-082696	6	Preferred	Series D Preferred Stock	6585394	000000000	NA
0001104659-20-082696	5	Preferred	Series C Preferred Stock	8209586	000000000	NA
0001104659-20-082696	1	Common	Common Stock	7116479	000000000	NA
0001104659-20-082696	3	Preferred	Series B Preferred Stock	13358810	000000000	NA
0001104659-20-082696	2	Preferred	Series A Preferred Stock	8276928	000000000	NA
0001767876-20-000031	1	Debt Securities	N/A	0	000000000	N/A
0001767876-20-000031	1	Preferred	NONE	0	000000000	NONE
0001767876-20-000031	1	Common	NONE	0	000000000	NONE
0001477932-20-003870	2	Preferred	Series B	250000	None	None
0001477932-20-003870	1	Preferred	Series A	1200000	None	None
0001477932-20-003870	1	Debt Securities		0		
0001477932-20-003870	1	Common	Common Equity	9508017	16551322	OTCQB
0001663577-20-000213	1	Common	Common Stock	100099277	13767H108	OTC Pink
0001663577-20-000213	1	Debt Securities	None	0	000000000	None
0001663577-20-000213	1	Preferred	Preferred Stock	10000000	13767H108	OTC Pink
0001104659-20-082617	1	Preferred	N/A	0	000000000	N/A
0001104659-20-082617	1	Common	N/A	0	000000000	N/A
0001104659-20-082617	1	Debt Securities	N/A	0	000000000	N/A
0001810542-20-000007	1	Common	A	21500000	N/A	N/A
0001810542-20-000007	1	Preferred		0	N/A	N/A
0001810542-20-000007	1	Debt Securities		0		
0001810542-20-000007	2	Common	B	5000000	0	N/A
0001493152-20-012920	1	Debt Securities	None	0	000000000	NONE
0001493152-20-012920	1	Common	Membership Interests	1000	000000000	NONE
0001493152-20-012920	1	Preferred	None	0	000000000	NONE
0001104659-20-082202	1	Common	Common Shares	6309844	000000000	N/A
0001104659-20-082202	1	Debt Securities	N/A	0	000000000	N/A
0001104659-20-082202	1	Preferred	N/A	0	000000000	N/A
0001104659-20-082178	1	Common	Common Shares	5761681	000000000	None
0001104659-20-082178	1	Debt Securities	None	0	000000000	None
0001104659-20-082178	1	Preferred	None	0	000000000	None
0001213900-20-016962	1	Debt Securities	n/a	0	000000000	n/a
0001213900-20-016962	2	Preferred	Series A-1 Preferred Stock	651465	000000000	n/a
0001213900-20-016962	1	Preferred	Series A Preferred Stock	846368	000000000	n/a
0001213900-20-016962	1	Common	Common Stock	4725633	000000000	n/a
0001213900-20-016962	4	Preferred	Series B Preferred Stock	1471487	000000000	n/a
0001213900-20-016962	5	Preferred	Series C Preferred Stock	268451	000000000	n/a
0001213900-20-016962	3	Preferred	Series A-2 Preferred Stock	442402	000000000	n/a
0001213900-20-016949	1	Debt Securities	0	0	000000000	n/a
0001213900-20-016949	1	Common	0	0	000000000	n/a
0001213900-20-016949	1	Preferred	0	0	000000000	n/a
0001477932-20-003802	1	Common	Common Stock	5000000	None	None
0001477932-20-003802	1	Preferred		0		
0001477932-20-003802	1	Debt Securities		0		
0001493152-20-012760	1	Debt Securities	None	0	000000000	NONE
0001493152-20-012760	1	Preferred	None	0	000000000	NONE
0001493152-20-012760	1	Common	Membership Interests	1000	000000000	NONE
0001493152-20-012765	1	Debt Securities	None	0	000000000	NONE
0001493152-20-012765	1	Preferred	None	0	000000000	NONE
0001493152-20-012765	1	Common	Membership Interests	1000	000000000	NONE
0001493152-20-012776	1	Common	Limited Partnership Interests.	0	000000000	N/A
0001493152-20-012776	1	Debt Securities	N/A	0	000000000	N/A
0001493152-20-012776	1	Preferred	N/A	0	000000000	N/A
0001654954-20-007433	1	Common	common	1	000000000	none
0001654954-20-007433	1	Preferred	none	0	000000000	none
0001654954-20-007433	1	Debt Securities	none	0	000000000	none
0001493152-20-012751	1	Common	Membership Interests	1000	000000000	NONE
0001493152-20-012751	1	Debt Securities	None	0	000000000	NONE
0001493152-20-012751	1	Preferred	None	0	000000000	NONE
0001213900-20-016847	1	Preferred	Series A Preferred	0	000000000	None
0001213900-20-016847	1	Debt Securities	None	0	000000000	No
0001213900-20-016847	1	Common	Common	100000000	428371108	OTCPinksheets
0001104659-20-081534	1	Common	N/A	0	000000000	N/A
0001104659-20-081534	1	Debt Securities	N/A	0	000000000	N/A
0001104659-20-081534	1	Preferred	N/A	0	000000000	N/A
0001350455-20-000009	1	Preferred	None	0		
0001350455-20-000009	1	Common	None: Class B sold After Offer	0		
0001350455-20-000009	1	Debt Securities	None	0		
0001213900-20-016710	1	Common	Common Shares	10000	000000000	n/a
0001213900-20-016710	1	Debt Securities	None	0	000000000	n/a
0001213900-20-016710	1	Preferred	Class A Investor Shares	0	000000000	n/a
0001493152-20-012582	1	Common	Membership Interests	1000	000000000	NONE
0001493152-20-012582	1	Preferred	None	0	000000000	NONE
0001493152-20-012582	1	Debt Securities	None	0	000000000	NONE
0001683168-20-002162	1	Common	Common Stock	183753333	000000n/a	OTC Bulletin
0001683168-20-002162	1	Debt Securities	none	0	000000n/a	n/a
0001683168-20-002162	1	Preferred	Preferred Stock	0	000000n/a	n/a
0001654954-20-007288	1	Debt Securities		0		
0001654954-20-007288	1	Preferred	Series A & B Preferred	3588693	000000000	None
0001654954-20-007288	1	Common	Common Stock	737324774	87265T103	OTC
0001213900-20-016546	1	Debt Securities	N/A	0	000000000	N/A
0001213900-20-016546	1	Preferred	Preferred Stock	0	000000000	N/A
0001213900-20-016546	2	Common	Class B Voting Common Stock	1687500	000000000	N/A
0001213900-20-016546	1	Common	Class A Voting Common Stock	1074993	000000000	N/A
0001213900-20-016522	1	Debt Securities	None	0	000000n/a	n/a
0001213900-20-016522	1	Preferred	Class A Investor Shares	0	000000n/a	n/a
0001213900-20-016522	1	Common	Common Shares	1000000	000000n/a	n/a
0001410578-20-000112	1	Debt Securities	N/A	0	000000000	N/A
0001410578-20-000112	1	Common	N/A	0	000000000	N/A
0001410578-20-000112	1	Preferred	N/A	0	000000000	N/A
0001214659-20-006032	1	Common	Common Units	500	000000N/A	N/A
0001214659-20-006032	1	Preferred	N/A	0	000000N/A	N/A
0001214659-20-006032	1	Debt Securities	N/A	0	000000N/A	N/A
0001214659-20-005994	1	Debt Securities	N/A	0	000000N/A	N/A
0001214659-20-005994	1	Common	Common Units	500	000000N/A	N/A
0001214659-20-005994	1	Preferred	N/A	0	000000N/A	N/A
0001104659-20-079645	1	Debt Securities	N/A	0	000000N/A	N/A
0001104659-20-079645	1	Preferred	Class B Common Stock	2200000	000000N/A	N/A
0001104659-20-079645	1	Common	Class A Common Stock	8000000	000000N/A	N/A
0001663577-20-000191	1	Common	Common Stock	104425830	96773L106	OTC Pink
0001663577-20-000191	1	Preferred	Preferred Stock	0	000000000	None
0001663577-20-000191	1	Debt Securities	None	0	000000000	None
0001815794-20-000003	1	Debt Securities	NONE	0	00000000	
0001815794-20-000003	1	Common	COMMON	4000000	00000000	NONE
0001815794-20-000003	1	Preferred	SERIES A Preferred	1000000	00000000	npne
0001214659-20-005972	1	Common	Common Units	500	000000N/A	N/A
0001214659-20-005972	1	Preferred	N/A	0	000000N/A	N/A
0001214659-20-005972	1	Debt Securities	N/A	0	000000N/A	N/A
0001104659-20-079203	1	Preferred	N/A	0	000000000	N/A
0001104659-20-079203	1	Debt Securities	N/A	0	000000000	N/A
0001104659-20-079203	1	Common	Common Shares	11156034	000000000	N/A
0001493152-20-012320	1	Preferred	None.	0	000000000	None.
0001493152-20-012320	1	Common	Common Stock, $.001 par value	105420423	070490206	CSE
0001493152-20-012320	1	Debt Securities	Debt Securities	961788	000000000	Convertible and Other Notes payable.
0001104659-20-079191	1	Common	Common Shares	9283120	000000000	NA
0001104659-20-079191	1	Debt Securities	NA	0	000000000	NA
0001104659-20-079191	1	Preferred	NA	0	000000000	NA
