ACCESSION_NUMBER	NID	SINFO_ID	NAME_TYPE	NAME
0001575705-20-000197	1	1	underwrittenSpName	n/a
0001575705-20-000197	1	1	salesCommissionsSpName	n/a
0001575705-20-000197	1	1	blueSkySpName	n/a
0001575705-20-000197	1	1	promoterSpName	n/a
0001575705-20-000197	1	1	legalSpName	Troy Gould
0001575705-20-000197	1	1	auditorSpName	n/a
0001575705-20-000197	1	1	findersSpName	n/a
0001213900-20-025370	1	1	auditorSpName	ARTESIAN CPA, LLC
0001213900-20-025370	1	1	legalSpName	TROWBRIDGE SIDOTI
0001213900-20-025370	1	1	blueSkySpName	BEVILACQUA PLLC
0001683168-20-002993	1	1	legalSpName	Pearson Butler, PLLC
0001683168-20-002993	1	1	blueSkySpName	N/A
0001683168-20-002993	1	1	promoterSpName	N/A
0001683168-20-002993	1	1	auditorSpName	Ankit Consulting Services, Inc.
0001683168-20-002993	1	1	underwrittenSpName	N/A
0001683168-20-002993	1	1	salesCommissionsSpName	N/A
0001683168-20-002993	1	1	findersSpName	N/A
0001683168-20-002400	1	1	promoterSpName	ANI, Inc.
0001683168-20-002400	1	1	auditorSpName	Dennis, Duncan & Covington
0001683168-20-002400	1	1	legalSpName	Business Legal Advisors, LLC
0001683168-20-002400	1	1	blueSkySpName	Koreconx
0001437749-20-015855	1	1	underwrittenSpName	NA
0001437749-20-015855	1	1	blueSkySpName	NA
0001437749-20-015855	1	1	promoterSpName	NORTH CAPITAL PRIVATE SECURITIES CORPORATION
0001437749-20-015855	1	1	legalSpName	FROST BROWN TODD LLC
0001437749-20-015855	2	1	auditorSpName	PLLC
0001437749-20-015855	1	1	auditorSpName	DEAN DORTON ALLEN FORD
0001437749-20-015855	1	1	salesCommissionsSpName	NA
0001437749-20-015855	1	1	findersSpName	NA
0001213900-20-018730	1	1	promoterSpName	N/A
0001213900-20-018730	1	1	legalSpName	Magri Law, LLC
0001213900-20-018730	1	1	auditorSpName	Fruci & Associates II, PLLC
0001213900-20-018730	1	1	findersSpName	N/A
0001213900-20-018730	1	1	salesCommissionsSpName	N/A
0001213900-20-018730	1	1	underwrittenSpName	N/A
0001213900-20-018730	1	1	blueSkySpName	Magri Law, LLC
0001493152-20-013681	1	1	promoterSpName	N/A
0001493152-20-013681	1	1	blueSkySpName	Felhaber Larson
0001493152-20-013681	1	1	legalSpName	Felhaber Larson
0001493152-20-013681	1	1	auditorSpName	Eide Bailly
0001493152-20-013681	1	1	findersSpName	N/A
0001493152-20-013681	1	1	salesCommissionsSpName	N/A
0001493152-20-013681	1	1	underwrittenSpName	N/A
0001767876-20-000035	1	1	promoterSpName	North Capital Private Securities Corporation
0001767876-20-000035	1	1	auditorSpName	Artesian CPA LLC
0001767876-20-000035	1	1	legalSpName	CrowdCheck Law LLP
0001493152-20-013276	1	1	legalSpName	Anthony L.G., PLLC
0001493152-20-013276	1	1	blueSkySpName	Anthony L.G., PLLC
0001493152-20-013276	1	1	promoterSpName	N/A
0001493152-20-013276	1	1	findersSpName	N/A
0001493152-20-013276	1	1	underwrittenSpName	Independent Brokerage Solutions LLC
0001493152-20-013276	1	1	salesCommissionsSpName	Independent Brokerage Solutions LLC
0001493152-20-013276	1	1	auditorSpName	N/A
0001493152-20-012735	1	1	legalSpName	BEVILACQUA PLLC
0001493152-20-012735	1	1	auditorSpName	Friedman LLP
