ACCESSION_NUMBER	SO_ID	SECURITIESOFFEREDTYPES	SECURITIESOFFEREDOTHERDESC
0001104659-20-110489	1	Equity (common or preferred stock)	
0001104659-20-110374	1	Other(describe)	LLC Interests
0001104659-20-110299	1	Equity (common or preferred stock)	
0001104659-20-110273	1	Debt	
0001213900-20-029117	1	Equity (common or preferred stock)	
0001818411-20-000009	1	Equity (common or preferred stock)	
0001213900-20-029067	1	Equity (common or preferred stock)	
0001104659-20-110040	1	Equity (common or preferred stock)	
0001493152-20-018527	1	Equity (common or preferred stock)	
0001376474-20-000236	1	Equity (common or preferred stock)	
0001688804-20-000008	1	Other(describe)	LLC Interests
0001768126-20-000027	1	Other(describe)	LLC Interests
0001477932-20-005625	1	Equity (common or preferred stock)	
0001213900-20-028739	1	Equity (common or preferred stock)	
0001493152-20-018386	1	Equity (common or preferred stock)	
0001213900-20-028461	1	Equity (common or preferred stock)	
0001213900-20-028461	2	Option, warrant or other right to acquire another security	
0001731122-20-000984	1	Equity (common or preferred stock)	
0001104659-20-108685	1	Debt	
0001104659-20-108485	1	Equity (common or preferred stock)	
0001104659-20-108279	1	Equity (common or preferred stock)	
0001818411-20-000005	1	Equity (common or preferred stock)	
0001062993-20-004615	2	Security to be acquired upon exercise of option, warrant or other right to acquire security	
0001062993-20-004615	1	Equity (common or preferred stock)	
0001062993-20-004615	3	Other(describe)	67,500,000 Units and an over-allotment option of 15% (10,125,000 Units), each Unit consisting of one share of common stock and one-half of one warrant, each exercisable at C$0.27 per share. Broker Warrants equal to 6% of Units sold.
0001104659-20-107876	1	Equity (common or preferred stock)	
0001683168-20-003230	1	Equity (common or preferred stock)	
0001213900-20-028004	2	Option, warrant or other right to acquire another security	
0001213900-20-028004	1	Equity (common or preferred stock)	
0001683168-20-003222	1	Other(describe)	Series LLC Interests
0001161697-20-000408	1	Equity (common or preferred stock)	
0001477932-20-005529	1	Debt	
0001062993-20-004592	2	Security to be acquired upon exercise of option, warrant or other right to acquire security	
0001062993-20-004592	1	Equity (common or preferred stock)	
0001062993-20-004592	3	Other(describe)	Units consisting of one share of common stock and one-half of one warrant, each exercisable at C$0.27 per share. All amounts ($) are in canadian dollars.
0001214659-20-008021	2	Option, warrant or other right to acquire another security	
0001214659-20-008021	1	Equity (common or preferred stock)	
0001104659-20-107101	1	Debt	
0001213900-20-027542	1	Equity (common or preferred stock)	
0001477932-20-005492	1	Equity (common or preferred stock)	
0001731122-20-000962	1	Debt	
0001104659-20-106581	1	Equity (common or preferred stock)	
0001104659-20-106485	1	Equity (common or preferred stock)	
0001420506-20-001022	1	Equity (common or preferred stock)	
0001104659-20-106442	1	Equity (common or preferred stock)	
0001104659-20-106416	1	Equity (common or preferred stock)	
0001213900-20-027296	1	Equity (common or preferred stock)	
0001683168-20-003187	1	Equity (common or preferred stock)	
0001640334-20-002366	3	Option, warrant or other right to acquire another security	
0001640334-20-002366	2	Debt	
0001640334-20-002366	1	Equity (common or preferred stock)	
0001493152-20-017983	1	Equity (common or preferred stock)	
0001104659-20-106144	1	Equity (common or preferred stock)	
0001393905-20-000280	1	Equity (common or preferred stock)	
0001445866-20-001349	1	Equity (common or preferred stock)	
0001104659-20-105990	1	Debt	
0001785982-20-000849	1	Equity (common or preferred stock)	
0001104659-20-105727	1	Equity (common or preferred stock)	
0001104659-20-105700	1	Other(describe)	LLC Interests
0001709098-20-000012	1	Equity (common or preferred stock)	
0001213900-20-026891	1	Equity (common or preferred stock)	
0001798647-20-000005	1	Equity (common or preferred stock)	
0001104659-20-105299	1	Equity (common or preferred stock)	
0001768126-20-000021	1	Other(describe)	LLC Interests
0001493152-20-017839	1	Equity (common or preferred stock)	
0001477932-20-005415	1	Equity (common or preferred stock)	
0001213900-20-026620	1	Equity (common or preferred stock)	
0001767876-20-000042	1	Equity (common or preferred stock)	
0001213900-20-026505	1	Equity (common or preferred stock)	
0001010549-20-000207	1	Equity (common or preferred stock)	
0001493152-20-017725	1	Debt	
0001420506-20-001009	1	Equity (common or preferred stock)	
0001104659-20-104584	1	Equity (common or preferred stock)	
0001104659-20-104557	1	Debt	
0001213900-20-026322	3	Security to be acquired upon exercise of option, warrant or other right to acquire security	
0001213900-20-026322	2	Option, warrant or other right to acquire another security	
0001213900-20-026322	1	Equity (common or preferred stock)	
0001104659-20-104521	1	Equity (common or preferred stock)	
0001493152-20-017677	1	Equity (common or preferred stock)	
0001493152-20-017649	1	Equity (common or preferred stock)	
0001477932-20-005366	1	Equity (common or preferred stock)	
0001104659-20-104344	1	Equity (common or preferred stock)	
0001683168-20-003102	1	Equity (common or preferred stock)	
0001493152-20-017547	1	Equity (common or preferred stock)	
0001104659-20-103878	1	Equity (common or preferred stock)	
0001477932-20-005349	1	Equity (common or preferred stock)	
0001213900-20-025772	1	Equity (common or preferred stock)	
0001751158-20-000063	1	Equity (common or preferred stock)	
0001731122-20-000940	1	Equity (common or preferred stock)	
0001104659-20-102732	1	Equity (common or preferred stock)	
0001213900-20-025476	1	Equity (common or preferred stock)	
0001493152-20-017339	1	Equity (common or preferred stock)	
0001683168-20-003056	1	Equity (common or preferred stock)	
0001104659-20-102344	1	Equity (common or preferred stock)	
0001420506-20-001003	1	Equity (common or preferred stock)	
0001140361-20-019771	1	Debt	
0001193125-20-239106	1	Debt	
0001104659-20-102231	1	Equity (common or preferred stock)	
0001019056-20-000495	3	Other(describe)	Units consisting of 1 share of common stock and 1 Ember Warrant exercisable to purchase Ember Tokens
0001019056-20-000495	1	Equity (common or preferred stock)	
0001019056-20-000495	2	Option, warrant or other right to acquire another security	
0001683168-20-003011	1	Equity (common or preferred stock)	
0001493152-20-017206	1	Equity (common or preferred stock)	
0001493152-20-017205	1	Equity (common or preferred stock)	
0001654954-20-009770	1	Equity (common or preferred stock)	
0001477932-20-005280	1	Debt	
0001104659-20-101814	1	Equity (common or preferred stock)	
0001213900-20-025002	1	Equity (common or preferred stock)	
0001213900-20-025002	2	Option, warrant or other right to acquire another security	
0001104659-20-101751	1	Equity (common or preferred stock)	
0001683168-20-002977	1	Equity (common or preferred stock)	
0001214659-20-007607	1	Equity (common or preferred stock)	
0001104659-20-101562	1	Equity (common or preferred stock)	
0001493152-20-017101	1	Equity (common or preferred stock)	
0001104659-20-101441	1	Equity (common or preferred stock)	
0001104659-20-101428	1	Equity (common or preferred stock)	
0001140361-20-019553	1	Debt	
0001654954-20-009692	1	Debt	
0001010549-20-000201	1	Equity (common or preferred stock)	
0001062993-20-004254	3	Other(describe)	Units consisting of one share of common stock and one-half of one warrant, each exercisable at C$0.27 per share. All amounts ($) are in canadian dollars.
0001062993-20-004254	2	Security to be acquired upon exercise of option, warrant or other right to acquire security	
0001062993-20-004254	1	Equity (common or preferred stock)	
0001493152-20-017002	1	Equity (common or preferred stock)	
0001104659-20-100710	1	Equity (common or preferred stock)	
0001104659-20-100488	1	Equity (common or preferred stock)	
0001104659-20-100355	1	Debt	
0001822911-20-000001	1	Equity (common or preferred stock)	
0001646269-20-000012	1	Equity (common or preferred stock)	
0001785982-20-000819	1	Equity (common or preferred stock)	
0001104659-20-100256	1	Equity (common or preferred stock)	
0001493152-20-016936	1	Debt	
0001214659-20-007531	1	Equity (common or preferred stock)	
0001193125-20-234635	1	Debt	
0001654954-20-009597	1	Equity (common or preferred stock)	
0001213900-20-024047	1	Equity (common or preferred stock)	
0001213900-20-023993	1	Equity (common or preferred stock)	
0001683168-20-002868	1	Debt	
0001214659-20-007497	1	Other(describe)	Tokens/Coins
0001214659-20-007494	1	Debt	
0001214659-20-007491	1	Equity (common or preferred stock)	
0001104659-20-098680	1	Equity (common or preferred stock)	
0001213900-20-023800	1	Equity (common or preferred stock)	
0001683168-20-002863	1	Equity (common or preferred stock)	
0001140361-20-019075	1	Debt	
0001445866-20-001282	1	Equity (common or preferred stock)	
0001214659-20-007474	2	Option, warrant or other right to acquire another security	
0001214659-20-007474	1	Equity (common or preferred stock)	
0001104659-20-098342	1	Equity (common or preferred stock)	
0001213900-20-023540	1	Equity (common or preferred stock)	
0001104659-20-098093	1	Equity (common or preferred stock)	
0001477932-20-005161	1	Equity (common or preferred stock)	
0001104659-20-097992	1	Equity (common or preferred stock)	
0001214659-20-007439	1	Other(describe)	Tokens/Coins
0001477932-20-005139	1	Equity (common or preferred stock)	
0001493152-20-016543	1	Equity (common or preferred stock)	
0001104659-20-097511	1	Debt	
0001493152-20-016496	1	Equity (common or preferred stock)	
0001794352-20-000007	1	Equity (common or preferred stock)	
0001794352-20-000006	1	Equity (common or preferred stock)	
0001640334-20-002201	3	Option, warrant or other right to acquire another security	
0001640334-20-002201	2	Debt	
0001640334-20-002201	1	Equity (common or preferred stock)	
0001010549-20-000183	1	Equity (common or preferred stock)	
0001213900-20-022911	1	Equity (common or preferred stock)	
0001140361-20-018720	1	Debt	
0001477932-20-005062	1	Debt	
0001062993-20-004064	1	Equity (common or preferred stock)	
0001171520-20-000379	1	Equity (common or preferred stock)	
0001477932-20-005022	1	Equity (common or preferred stock)	
0001663577-20-000285	1	Equity (common or preferred stock)	
0001104659-20-096138	1	Equity (common or preferred stock)	
0001104659-20-095967	1	Equity (common or preferred stock)	
0001213900-20-022381	1	Equity (common or preferred stock)	
0001520138-20-000390	1	Equity (common or preferred stock)	
0001104659-20-095640	1	Debt	
0001445866-20-001202	1	Equity (common or preferred stock)	
0001683168-20-002722	1	Equity (common or preferred stock)	
0001445866-20-001186	1	Equity (common or preferred stock)	
0001104659-20-094819	1	Debt	
0001104659-20-094590	1	Equity (common or preferred stock)	
0001683168-20-002667	1	Equity (common or preferred stock)	
0001399306-20-000021	1	Equity (common or preferred stock)	
0001683168-20-002663	1	Equity (common or preferred stock)	
0001520138-20-000370	1	Equity (common or preferred stock)	
0001214659-20-006994	1	Equity (common or preferred stock)	
0001683168-20-002631	1	Equity (common or preferred stock)	
0001493152-20-015287	1	Equity (common or preferred stock)	
0001663577-20-000260	1	Equity (common or preferred stock)	
0001104659-20-092740	1	Equity (common or preferred stock)	
0001104659-20-092693	1	Equity (common or preferred stock)	
0001477932-20-004677	1	Equity (common or preferred stock)	
0001062993-20-003782	3	Other(describe)	Warrants
0001062993-20-003782	2	Security to be acquired upon exercise of option, warrant or other right to acquire security	
0001062993-20-003782	1	Equity (common or preferred stock)	
0001477932-20-004651	1	Equity (common or preferred stock)	
0001767876-20-000039	1	Equity (common or preferred stock)	
0001731122-20-000812	1	Equity (common or preferred stock)	
0001477932-20-004599	1	Equity (common or preferred stock)	
0001213900-20-020689	1	Equity (common or preferred stock)	
0001213900-20-020739	1	Equity (common or preferred stock)	
0001640334-20-002003	3	Option, warrant or other right to acquire another security	
0001640334-20-002003	2	Debt	
0001640334-20-002003	1	Equity (common or preferred stock)	
0001213900-20-020969	3	Security to be acquired upon exercise of option, warrant or other right to acquire security	
0001213900-20-020969	2	Option, warrant or other right to acquire another security	
0001213900-20-020951	1	Equity (common or preferred stock)	
0001214659-20-006877	1	Equity (common or preferred stock)	
0001493152-20-014993	1	Equity (common or preferred stock)	
0001768126-20-000018	1	Other(describe)	LLC Interests
0001104659-20-092110	1	Equity (common or preferred stock)	
0001213900-20-020969	1	Equity (common or preferred stock)	
0001683168-20-002535	1	Other(describe)	Series LLC Interests
0001062993-20-003723	3	Other(describe)	Warrants
0001062993-20-003723	2	Security to be acquired upon exercise of option, warrant or other right to acquire security	
0001062993-20-003723	1	Equity (common or preferred stock)	
0001213900-20-020477	1	Equity (common or preferred stock)	
0001062993-20-003720	1	Equity (common or preferred stock)	
0001104659-20-090886	1	Equity (common or preferred stock)	
0001104659-20-090811	1	Equity (common or preferred stock)	
0001683168-20-002510	1	Equity (common or preferred stock)	
0001477932-20-004550	1	Equity (common or preferred stock)	
0001493152-20-014646	1	Equity (common or preferred stock)	
0001104659-20-090261	1	Equity (common or preferred stock)	
0001477932-20-004532	1	Equity (common or preferred stock)	
0001493152-20-014515	1	Equity (common or preferred stock)	
0001493152-20-014517	1	Equity (common or preferred stock)	
0001731122-20-000784	1	Debt	
0001663577-20-000245	1	Equity (common or preferred stock)	
0001104659-20-089509	1	Equity (common or preferred stock)	
0001104659-20-089272	1	Debt	
0001376474-20-000173	1	Equity (common or preferred stock)	
0001104659-20-089220	1	Equity (common or preferred stock)	
0001493152-20-014400	1	Equity (common or preferred stock)	
0001683168-20-002446	1	Other(describe)	Series LLC Interests
0001213900-20-019666	1	Equity (common or preferred stock)	
0001213900-20-019664	1	Equity (common or preferred stock)	
0001751158-20-000047	1	Equity (common or preferred stock)	
0001104659-20-088975	1	Equity (common or preferred stock)	
0001493152-20-014306	1	Equity (common or preferred stock)	
0001213900-20-019569	1	Equity (common or preferred stock)	
0001493152-20-014244	1	Equity (common or preferred stock)	
0001213900-20-019292	1	Equity (common or preferred stock)	
0001646269-20-000011	1	Equity (common or preferred stock)	
0001654954-20-008137	1	Debt	
0001493152-20-014170	1	Equity (common or preferred stock)	
0001493152-20-014168	1	Equity (common or preferred stock)	
0001140361-20-016943	1	Debt	
0001731122-20-000772	1	Equity (common or preferred stock)	
0001104659-20-087478	1	Equity (common or preferred stock)	
0001214659-20-006574	1	Equity (common or preferred stock)	
0001751158-20-000045	1	Equity (common or preferred stock)	
0001140361-20-016842	1	Debt	
0001553350-20-000664	1	Equity (common or preferred stock)	
0001445866-20-001044	1	Equity (common or preferred stock)	
0001683168-20-002379	1	Equity (common or preferred stock)	
0001213900-20-018572	1	Equity (common or preferred stock)	
0001493152-20-013975	1	Debt	
0001815794-20-000006	1	Equity (common or preferred stock)	
0001104659-20-086479	1	Equity (common or preferred stock)	
0001477932-20-004269	1	Equity (common or preferred stock)	
0001171520-20-000317	1	Equity (common or preferred stock)	
0001683168-20-002364	1	Equity (common or preferred stock)	
0001213900-20-018489	1	Equity (common or preferred stock)	
0001213900-20-018489	2	Option, warrant or other right to acquire another security	
0001104659-20-086230	1	Debt	
0001683168-20-002357	1	Equity (common or preferred stock)	
0001493152-20-013891	1	Equity (common or preferred stock)	
0001493152-20-013889	1	Equity (common or preferred stock)	
0001104659-20-085940	1	Equity (common or preferred stock)	
0001214659-20-006484	1	Equity (common or preferred stock)	
0001104659-20-085668	1	Equity (common or preferred stock)	
0001477932-20-004153	1	Debt	
0001104659-20-085331	1	Equity (common or preferred stock)	
0001575705-20-000138	1	Equity (common or preferred stock)	
0001213900-20-018128	1	Equity (common or preferred stock)	
0001663577-20-000227	1	Equity (common or preferred stock)	
0001477932-20-004107	1	Debt	
0001213900-20-018057	1	Equity (common or preferred stock)	
0001213900-20-018055	1	Equity (common or preferred stock)	
0001654954-20-007832	1	Debt	
0001104659-20-084955	1	Equity (common or preferred stock)	
0001731122-20-000753	1	Equity (common or preferred stock)	
0001171520-20-000307	1	Equity (common or preferred stock)	
0001213900-20-017980	1	Other(describe)	Props Tokens
0001214659-20-006410	2	Option, warrant or other right to acquire another security	
0001214659-20-006410	1	Equity (common or preferred stock)	
0001477932-20-004096	1	Equity (common or preferred stock)	
0001493152-20-013601	1	Equity (common or preferred stock)	
0001213900-20-017884	1	Equity (common or preferred stock)	
0001062993-20-003385	1	Equity (common or preferred stock)	
0001640334-20-001810	2	Option, warrant or other right to acquire another security	
0001640334-20-001810	1	Equity (common or preferred stock)	
0001640334-20-001810	3	Security to be acquired upon exercise of option, warrant or other right to acquire security	
0001493152-20-013548	1	Equity (common or preferred stock)	
0001493152-20-013538	1	Equity (common or preferred stock)	
0001104659-20-084478	1	Equity (common or preferred stock)	
0001213900-20-017714	1	Equity (common or preferred stock)	
0001214659-20-006333	1	Equity (common or preferred stock)	
0001477932-20-004046	1	Equity (common or preferred stock)	
0001104659-20-083904	1	Debt	
0001758533-20-000007	1	Equity (common or preferred stock)	
0001654954-20-007736	1	Equity (common or preferred stock)	
0001493152-20-013319	1	Equity (common or preferred stock)	
0001683168-20-002269	1	Other(describe)	Series LLC Interests
0001104659-20-083533	1	Equity (common or preferred stock)	
0001553350-20-000617	1	Equity (common or preferred stock)	
0001493152-20-013196	1	Equity (common or preferred stock)	
0001493152-20-013191	1	Equity (common or preferred stock)	
0001493152-20-013186	1	Equity (common or preferred stock)	
0001477932-20-003903	1	Equity (common or preferred stock)	
0001104659-20-082847	1	Equity (common or preferred stock)	
0001768126-20-000016	1	Other(describe)	LLC Interests
0001683168-20-002240	1	Equity (common or preferred stock)	
0001575705-20-000128	1	Equity (common or preferred stock)	
0001213900-20-017229	1	Equity (common or preferred stock)	
0001683168-20-002236	1	Equity (common or preferred stock)	
0001104659-20-082696	1	Equity (common or preferred stock)	
0001767876-20-000031	1	Equity (common or preferred stock)	
0001477932-20-003870	1	Equity (common or preferred stock)	
0001663577-20-000213	1	Equity (common or preferred stock)	
0001104659-20-082617	1	Debt	
0001810542-20-000007	1	Equity (common or preferred stock)	
0001493152-20-012920	1	Equity (common or preferred stock)	
0001104659-20-082202	1	Equity (common or preferred stock)	
0001104659-20-082178	1	Equity (common or preferred stock)	
0001213900-20-016962	1	Equity (common or preferred stock)	
0001213900-20-016949	1	Equity (common or preferred stock)	
0001477932-20-003802	1	Equity (common or preferred stock)	
0001493152-20-012760	1	Equity (common or preferred stock)	
0001493152-20-012765	1	Equity (common or preferred stock)	
0001493152-20-012776	1	Equity (common or preferred stock)	
0001654954-20-007433	1	Debt	
0001493152-20-012751	1	Equity (common or preferred stock)	
0001213900-20-016847	1	Equity (common or preferred stock)	
0001104659-20-081534	1	Debt	
0001350455-20-000009	1	Equity (common or preferred stock)	
0001213900-20-016710	1	Equity (common or preferred stock)	
0001493152-20-012582	1	Equity (common or preferred stock)	
0001683168-20-002162	1	Equity (common or preferred stock)	
0001654954-20-007288	1	Equity (common or preferred stock)	
0001213900-20-016546	1	Equity (common or preferred stock)	
0001213900-20-016522	1	Equity (common or preferred stock)	
0001410578-20-000112	1	Debt	
0001214659-20-006032	1	Other(describe)	Tokens/Coins
0001214659-20-005994	1	Other(describe)	Tokens/Coins
0001104659-20-079645	1	Equity (common or preferred stock)	
0001663577-20-000191	1	Equity (common or preferred stock)	
0001815794-20-000003	1	Equity (common or preferred stock)	
0001214659-20-005972	1	Other(describe)	Tokens/Coins
0001104659-20-079203	1	Equity (common or preferred stock)	
0001493152-20-012320	1	Equity (common or preferred stock)	
0001104659-20-079191	1	Equity (common or preferred stock)	
