ACCESSION_NUMBER	INDICATETIER1TIER2OFFERING	FINANCIALSTATEMENTAUDITSTATUS	OFFERDELAYEDCONTINUOUSFLAG	OFFERINGYEARFLAG	OFFERINGAFTERQUALIFFLAG	OFFERINGBESTEFFORTSFLAG	SOLICITATIONPROPOSEDOFFERFLAG	RESALESECURITIESAFFILIATESFLAG	SECURITIESOFFERED	OUTSTANDINGSECURITIES	PRICEPERSECURITY	ISSUERAGGREGATEOFFERING	SECURITYHOLDERAGGEGATE	QUALIFICATIONOFFERINGAGGREGATE	CONCURRENTOFFERINGAGGREGATE	TOTALAGGREGATEOFFERING	UNDERWRITERSERVICEPROVIDERNAME	UNDERWRITERSFEES	SALECOMMISSIONSSVCPROVIDERNAME	SALECOMMISSIONSSVCEROVIDERFEE	FINDERSFEESSERVICEPROVIDERNAME	FINDERFEESFEE	AUDITORSERVICEPROVIDERNAME	AUDITORFEES	LEGALSERVICEPROVIDERNAME	LEGALFEES	PROMOTERSSERVICEPROVIDERNAME	PROMOTERSFEES	BLUESKYSERVICEPROVIDERNAME	BLUESKYFEES	BROKERDEALERCRDNUMBER	ESTIMATEDNETAMOUNT	CLARIFICATIONRESPONSES
0001104659-20-110489	Tier2	Audited	Y	Y	N	Y	N	N	4784689	0	6.2700000000000005	30000000.0	0.0	0.0	0.0	30000000.0	StartEngine Primary, LLC	1050000.0					Fruci & Associates II, PLLC	15000.0	CrowdCheck Law. LLP	50000.0					291773	28872000.0	The Company estimates an additional $3,000 in Edgarization fees will be incurred. The Company estimates it will spend approximately $10,000 on blue sky filings in relation to this offering, but will not engage a service provider for blue sky compliance.
0001104659-20-110374	Tier2	Audited	Y	N	N	Y	N	N	49428	0	34.0	766500.0	0.0	0.0	0.0	766500.0							Jason M. Tyra, CPA, PLLC	500.0	Nelson Mullins Riley & Scarborough LLP	5000.0	Dalmore Group	0.0			154559	231201.0	Three additional series are being offered. Price per security represents average price per security of the three series. Amounts set forth above represent the total for the three series (at maximum), including the value received for any asset contributed.
0001104659-20-110299	Tier2	Audited	Y	Y	N	Y	N	N	200000	878154	70.0	14490000.0	0.0	0.0	0.0	14490000.0			StartEngine Primary LLC	490000.0			Fruci & Associates II	17500.0	Alliance Legal Partners, Inc.	55000.0					291773	11936500.0	Company assumes additional $1,491,500 in potential expenses to support this offering (including state fees, edgarization, escrow, FINRA fees, stock transfer agent and marketing expenses).
0001104659-20-110273	Tier2	Audited	Y	N	N	Y	N	N	5496290	0	10.0	5496290.0	0.0	16541660.0	3444490.0	25482440.0									Manatt, Phelps & Phillips, LLP	1000.0							"The response to ""Number of securities offered"" above represents the aggregate principal amount of LROs being offered by the issuer. and includes any PQAs that are filed but not yet qualified."
0001213900-20-029117	Tier1	Unaudited	N	N	N	Y	N	N	10000000000	1231714834	0.00030000000000000003	3000000.0	0.0	0.0	0.0	3000000.0									Stout Law Group, PA	25000.0							
0001818411-20-000009	Tier1	Unaudited	N	N	N	N	N	N	25000000	0	1.0	0.0	0.0	0.0	0.0	0.0																	
0001213900-20-029067	Tier2	Audited	Y	N	N	Y	Y	N	10000	0	1000.0	10000000.0	0.0	0.0	0.0	10000000.0	None	0.0	Dalmore Group, LLC	50000.0	None	0.0	Lear & Pannepacker, LLP, Marcum LLP	46000.0	Ellenoff Grossman & Schole LLP	45000.0	None	0.0	Ellenoff Grossman & Schole LLP	5000.0	136352	10000000.0	Total estimated offering expenses are $201,000. Dalmore Group, LLC will be paid fees, including a sales commission that could range from $0 to $200,000. We estimate total Dalmore fees of $75,000.
0001104659-20-110040	Tier2	Audited	Y	N	N	Y	Y	Y	12618056	45329200	0.36	3357500.24	592500.04	0.0	0.0	3950000.2800000003	StartEngine Primary, LLC	291500.0					dbbmckennon	55000.0	Inspire Business Law Group, PC	30000.0					291773	3650000.0	Up to $592,500.00 will go to a selling stockholder. Company assumes an additional $50,000 in potential expenses to support this offering (including state fees, EDGARization, escrow, FINRA fee, and stock transfer agent).
0001493152-20-018527	Tier2	Audited	Y	N	N	Y	N	N	40000000	56830129	0.1	12000000.0	0.0	0.0	0.0	12000000.0	None	0.0	Dalmore Group, LLC	370000.0	None	0.0	Haynie & Company	15000.0	McMurdo Law Group, LLC	15000.0	None	0.0	OTC Markets	0.0	136352	11600000.0	
0001376474-20-000236	Tier2	Audited	Y	N	N	Y	Y	N	1000000	250000	5.0	5000000.0	0.0	0.0	0.0	5000000.0		0.0		0.0		0.0	Mosel & Ginn, PLLC	6000.0	Keramidas Law Firm	10000.0		0.0		0.0		4800000.0	
0001688804-20-000008	Tier2	Audited	Y	Y	N	Y	Y	N	176076	0	91.02	16026480.0	0.0	0.0	0.0	16026480.0							EisnerAmper LLP	0.0	Duane Morris LLP	0.0	Dalmore Group, LLC	155955.0			136352	15870525.0	
0001768126-20-000027	Tier2	Audited	Y	Y	N	Y	Y	N	213500	0	18.48	3944750.0	0.0	0.0	0.0	3944750.0							EisnerAmper LLP	0.0	Duane Morris LLP	0.0	Dalmore Group, LLC	39447.0			136352	3905303.0	
0001477932-20-005625	Tier1	Unaudited	N	N	Y	Y	N	N	53846155	43616345	0.065	3500000.0	0.0	0.0	0.0	3500000.0		0.0		0.0		0.0		0.0		0.0		0.0		0.0		0.0	
0001213900-20-028739	Tier2	Audited	Y	N	N	Y	Y	N	13763	1237	1000.0	13763000.0	0.0	0.0	0.0	13763000.0	None	0.0	Dalmore Group, LLC	50000.0	None	0.0	Lear & Pannepacker, LLP, Marcum LLP	46000.0	Ellenoff Grossman & Schole LLP	45000.0	None	0.0	Ellenoff Grossman & Schole LLP	5000.0	136352	13763000.0	Total estimated offering expenses are $201,000. Dalmore Group, LLC will be paid fees, including a sales commission that could range from $0 to $275,260. We estimate total Dalmore fees of $75,000.
0001493152-20-018386	Tier2	Audited	Y	Y	N	Y	Y	N	82500	0	20.0	1650000.0	0.0	0.0	0.0	1650000.0	Independent Brokerage Solutions LLC	24932.0	Independent Brokerage Solutions LLC	49500.0	N/A	0.0	N/A	0.0	Anthony L.G., PLLC	5000.0	N/A	0.0	N/A	5000.0	153563	1650000.0	Estimated Net Proceeds Calculation (above) of $1,650,000 does not include any offering fees as all fees in connection with the offering are to be paid by Masterworks Administrative Services, LLC.
0001213900-20-028461	Tier2	Audited	Y	N	Y	Y	N	N	10000000	18599999	3.0	50000000.0	0.0	0.0	0.0	50000000.0			Dalmore Group, LLC	300000.0			D. Brooks and Associates CPAs, P.A.	7000.0	Eilers Law Group	150000.0	Peter Scalise, III	500000.0	Eilers Law Group	10000.0		49533000.0	
0001731122-20-000984	Tier2	Audited	N	N	Y	Y	N	N	75000000	170912128	1.01	1.01	0.0	0.0	0.0	1.01							Jack Shama CPA MA	500.0	Fuller Law Practice	500.0							
0001104659-20-108685	Tier2	Audited	Y	N	N	Y	N	N	5496290	0	10.0	5496290.0	0.0	16541660.0	3444490.0	25482440.0									Manatt, Phelps & Phillips, LLP	1000.0							"The response to ""Number of securities offered"" above represents the aggregate principal amount of LROs being offered by the issuer. and includes any PQAs that are filed but not yet qualified."
0001104659-20-108485	Tier2	Audited	Y	Y	N	Y	N	N	6060606	940000	1.6500000000000001	10000000.0	0.0	0.0	0.0	10000000.0	SI Securities, LLC	750000.0					Liggett & Webb P.A.	30000.0	CrowdCheck Law LLP	40000.0					170937	9013217.0	Underwriting fees estimate assumes the maximum amount of commissions payable to SI Securities, LLC for their services in this offering.
0001104659-20-108279	Tier2	Audited	Y	Y	N	Y	Y	N	5000000	100	10.0	50000000.0	0.0	0.0	0.0	50000000.0	None	0.0	North Capital Private Securities Corporation	495000.0	None	0.0	Squar Milner LLP	4000.0	Corporate Law Solutions, PC	70000.0	Escalate Wealth, LLC	1500000.0	Corporate Law Solutions, PC	10000.0	154559	47921000.0	
0001818411-20-000005	Tier1	Unaudited	N	N	N	N	N	N	25000000	0	1.0	0.0	0.0	0.0	0.0	0.0																	
0001062993-20-004615	Tier2	Audited	Y	Y	Y	Y	Y	N	125145000	96971973	0.2	28355400.0	0.0	0.0	0.0	28355400.0	Cormark Securities Inc. and Cormark Securities (USA) Limited	931500.0		0.0		0.0	Ernst & Young LLP	75000.0	Dorsey & Whitney LLP	455000.0		0.0		0.0		26892900.0	Calculations assume full exercise of Over-Allotment Option and full exercise of warrants at $0.27 per share in accordance with Rule 251(a). All amounts in Canadian dollars.
0001104659-20-107876	Tier2	Audited	Y	Y	N	Y	N	N	3778465	4278034	10.0	37784656.0	0.0	12215344.0	0.0	50000000.0							RSM US LLP	7500.0	Goodwin Procter LLP	40000.0						37737156.0	
0001683168-20-003230	Tier1	Unaudited	Y	N	N	Y	N	N	3500000000	1209541280	0.0002	700000.0	0.0	0.0	0.0	700000.0									Business Legal Advisors, LLC	1000.0			Business Legal Advisors, LLC	2500.0		680000.0	
0001213900-20-028004	Tier2	Audited	Y	N	N	Y	N	N	800000	19447596	12.5	10000000.0	0.0	0.0	0.0	10000000.0			Dalmore Group, LLC	100000.0			Sadler, Gibb & Associates, LLC	25000.0	Sichenzia Ross Ference LLP	50000.0					136352	9825000.0	Assumes sale of maximum offering.
0001683168-20-003222	Tier2	Audited	Y	Y	N	Y	N	N	11820	0		694380.0	0.0	0.0	0.0	694380.0			Dalmore Group, LLC	69438.0			IndigoSpire CPA Group, LLC	0.0	Procopio, Cory, Hargreaves & Savitch, LLP	0.0					136352	694380.0	Estimated net proceeds do not reflect offering expenses because such expenses will be paid by the Manager.
0001161697-20-000408	Tier2	Audited	N	Y	N	Y	N	N	7500000	993910	2.0	15000000.0	0.0	0.0	0.0	15000000.0	N/A	0.0	Dalmore Group, LLC.	175000.0	N/A	0.0	L J Soldinger Associates, LLC / Fruci & Associates II, PLLC	9000.0	Frederick M. Lehrer, P.A.	20000.0	N/A	0.0	N/A	0.0	136352	14796000.0	
0001477932-20-005529	Tier2	Audited	Y	N	N	Y	N	N	100000	0	500.0	50000000.0	0.0	0.0	0.0	50000000.0		0.0		0.0		0.0	Alan T. Schiffman, CPA, PC	5000.0	Wallace A. Glausi	75000.0		0.0	Wallace A. Glausi	20000.0		49900000.0	
0001062993-20-004592	Tier2	Audited	Y	Y	Y	Y	Y	N	75000000	96971973	0.2	15000000.0	0.0	0.0	0.0	15000000.0	Cormark Securities Inc. and Cormark Securities (USA) Limited	900000.0		0.0		0.0	Ernst & Young LLP	75000.0	Dorsey & Whitney LLP	455000.0		0.0		0.0		13519000.0	Estimated offering expenses, other than underwriters commissions, are $ and include legal, accounting, printing, advertising, marketing, state registration fees, and other expenses of this Offering. All dollar ($) amounts are in canadian dollars.
0001214659-20-008021	Tier2	Audited	Y	N	N	Y	N	N	4800000	18435000	0.75	900000.0	0.0	0.0	0.0	900000.0																0.0	
0001104659-20-107101	Tier2	Audited	Y	N	N	Y	N	N	8736870	0	10.0	8736870.0	0.0	18332340.0	1653810.0	28723020.0									Manatt, Phelps & Phillips, LLP	1000.0							"The response to ""Number of securities offered"" above represents the aggregate principal amount of LROs being offered by the issuer. and includes any PQAs that are filed but not yet qualified."
0001213900-20-027542	Tier1	Unaudited	Y	N	Y	Y	N	N	14545454545	2005558634	0.0005	3564700.0	0.0	0.0	0.0	3564700.0									Eilers Law Group, P.A.	10000.0							
0001477932-20-005492	Tier2	Audited	N	N	N	Y	N	N	50000	0	1000.0	50000000.0	0.0	0.0	0.0	50000000.0		0.0		0.0		0.0	IndigoSpire CPA Group	2500.0	Trowbridge Sidoti	50000.0	Ivan Oberon, Ryan Garland	0.0		0.0		50000000.0	
0001731122-20-000962	Tier1	Audited	Y	Y	N	Y	N	N	360	40	50000.0	15049694.0	0.0	1874000.0	0.0	16923694.0							Spiegel Accountancy Corporation	18000.0	Buchalter, APC	10000.0			Blue Sky Filing Fee	3000.0			
0001104659-20-106581	Tier2	Audited	Y	N	N	Y	N	N	10000000	1	5.0	50000000.0	0.0	0.0	0.0	50000000.0			Castle Placement, LLC	1375000.0			PKF LLP	5200.0	CrowdCheck Law, LLC	50000.0			State Filing Fees	10000.0	189511	46000000.0	Estimated net proceeds excludes blue sky filing and service fees, and other costs and expenses related to the offering, including, but not limited to, marketing expenses, transaction fees, escrow fees and platform fees.
0001104659-20-106485	Tier2	Audited	Y	Y	N	Y	N	N	28571400	106622799	1.75	50000000.0	0.0	0.0	0.0	50000000.0			The Dalmore Group, LLC	525000.0			MNP LLP	250000.0	Dickinson Wright, PLLC	100000.0			Dickinson Wright, PLLC	20000.0	136352	49105000.0	
0001420506-20-001022	Tier2	Audited	Y	N	N	Y	N	N	50000000	100000000	0.1	5000000.0	0.0	0.0	0.0	5000000.0																5000000.0	
0001104659-20-106442	Tier2	Audited	Y	Y	N	Y	N	N	3000000	3462246	10.0	30000000.0	0.0	23639560.0	0.0	53639560.0	StartEngine Primary	1950000.0					Ernst & Young LLP	60000.0	CrowdCheck Law LLP/Wilson, Sonsini, Goodrich & Rosati	30000.0					291773	27910000.0	
0001104659-20-106416	Tier2	Audited	Y	N	N	Y	N	N	5434782	0	0.92	5000000.0	0.0	0.0	0.0	5000000.0	SI Securities, LLC	425000.0					Fruci & Associates II, PLLC	8000.0	CrowdCheck Law, LLP	50000.0					170937	4510000.0	Sales Commissions estimate assumes the maximum amount of commissions payable to SI Securities, LLC for their services in this offering. Estimated $7,000 in Edgarization fees.
0001213900-20-027296	Tier2	Audited	Y	Y	N	Y	N	N	45500	0	10.0	455000.0	0.0	0.0	0.0	455000.0			Dalmore Group, LLC.	4550.0			Artesian CPA, LLC	5500.0	Bevilacqua PLLC	50000.0			Bevilacqua PLLC	15000.0	154559	441350.0	
0001683168-20-003187	Tier1	Unaudited	Y	N	Y	Y	N	N	100000000	62014392	0.1	10000000.0	0.0	0.0	0.0	10000000.0									Donnell E. Suares	40000.0			Various States	2500.0		9900000.0	
0001640334-20-002366	Tier2	Audited	Y	Y	N	Y	N	N	105000000	0		0.0	0.0	0.0	0.0	0.0		0.0	Dalmore Group, LLC	25000.0		0.0	Dale Matheson Carr-Hilton Labonte LLP Chartered Professional Accounts	10000.0	Greenberg Traurig PA & DLA Piper	120000.0	CDMG	0.0	Various States	28000.0		0.0	
0001493152-20-017983	Tier2	Audited	Y	Y	N	Y	Y	N	83250	0	20.0	1665000.0	0.0	0.0	0.0	1665000.0	Independent Brokerage Solutions LLC	25158.0	Independent Brokerage Solutions LLC	49950.0	N/A	0.0	N/A	0.0	Anthony L.G., PLLC	5000.0	N/A	0.0	N/A	5000.0	153563	1665000.0	Estimated Net Proceeds Calculation (above) of $1,665,000 does not include any offering fees as all fees in connection with the offering are to be paid by Masterworks Administrative Services, LLC and affiliates.
0001104659-20-106144	Tier2	Audited	N	Y	N	Y	Y	N	1241535	879677	8.86	9999998.0	0.0	0.0	0.0	9999998.0			StartEngine Primary LLC	350000.0			Fruci & Associates II, PLLC	23000.0	Alliance Legal Partners, Inc	55000.0					291773	8750499.0	Company assumes additional $821,500 in potential expenses to support this offering (including state fees, edgarization, escrow, FINRA fees, stock transfer agent and marketing expenses).
0001393905-20-000280	Tier2	Audited	N	N	N	Y	N	N	5000000	0	10.0	0.0	0.0	10.0	0.0	10.0																	
0001445866-20-001349	Tier2	Audited	Y	Y	N	Y	N	N	895140		8.0937	7000000.0	0.0	0.0	0.0	7000000.0			StartEngine Primary LLC	490000.0			BAS Partners	15000.0	Alliance Legal Partners, Inc.	65000.0					291773	6584745.0	Company assumes additional $170,250 in potential expenses to support this offering (including state fees, edgarization, escrow, FINRA fee, and stock transfer agent).
0001104659-20-105990	Tier2	Audited	Y	N	N	Y	N	N	7212460	0	10.0	7212460.0	0.0	16541660.0	3444490.0	27198610.0									Manatt, Phelps & Phillips, LLP	1000.0							"The response to ""Number of securities offered"" above represents the aggregate principal amount of LROs being offered by the issuer. and includes any PQAs that are filed but not yet qualified."
0001785982-20-000849	Tier1	Unaudited	N	N	N	Y	N	N	900000	8772041	1.0	1.0	0.0	0.0	0.0	1.0	The BeBop Channel Corporation	0.0	The BeBop Channel Corporation	0.0	The BeBop Channel Corporation	0.0	The BeBop Channel Corporation	200.0	The BeBop Channel Corporation	359.0	The BeBop Channel Corporation	0.0	The BeBop Channel Corporation	1200.0			Fees approximating $1,750.00 paid from operating expenses: Blue Sky $1,200 New York, $0.00 GA; $200 financials; $350 legal
0001104659-20-105727	Tier2	Audited	Y	Y	N	Y	N	N	6060606	940000	1.6500000000000001	10000000.0	0.0	0.0	0.0	10000000.0	SI Securities, LLC	750000.0					Liggett & Webb P.A.	30000.0	CrowdCheck Law LLP	40000.0					170937	9013217.0	Underwriting fees estimate assumes the maximum amount of commissions payable to SI Securities, LLC for their services in this offering.
0001104659-20-105700	Tier2	Audited	Y	N	N	Y	N	N	1091	0	25.5	505000.0	0.0	0.0	0.0	505000.0							Jason M. Tyra, CPA, PLLC	500.0	Nelson Mullins Riley & Scarborough LLP	5000.0	Dalmore Group	0.0			154559	222240.0	Two additional series are being offered. Price per security represents average price per security of the two series. Amounts set forth above represent the total for the two series. The Manager is absorbing offering expenses.
0001709098-20-000012	Tier1	Unaudited	N	N	N	Y	N	N	1000	0	1000.0	1000000.0	0.0	0.0	0.0	1000000.0		0.0		0.0		0.0		0.0		0.0		0.0		0.0		1000000.0	
0001213900-20-026891	Tier1	Unaudited	N	N	N	Y	N	N	10000000000	1231714834	0.00030000000000000003	3000000.0	0.0	0.0	0.0	3000000.0									Stout Law Group, PA	25000.0							
0001798647-20-000005	Tier2	Audited	N	N	N	N	N	N	8000000	1500000	2.0	0.0	0.0	0.0	0.0	0.0																	
0001104659-20-105299	Tier2	Audited	Y	Y	N	Y	Y	N	5000000	16292000	2.0	10000000.0	0.0	0.0	0.0	10000000.0			DALMORE GROUP LLC	125000.0			DeCoria, Maichel & Teague PS	20000.0	CROWDCHECK LAW LLP	60000.0					136352	9469000.0	
0001768126-20-000021	Tier2	Audited	Y	Y	N	Y	Y	N	183300	0	19.7	3610750.0	0.0	0.0	0.0	3610750.0							EisnerAmper LLP	0.0	Duane Morris LLP	0.0	Dalmore Group, LLC	36108.0			136352	3574643.0	
0001493152-20-017839	Tier2	Audited	Y	N	N	Y	Y	N	50000000	70000000	1.0	50000000.0	0.0	0.0	0.0	50000000.0							K.K. Mehta CPA Associates PLLC	36000.0	Olshan Frome Wolosky LLP	100000.0						49775000.0	Additional anticipated fees of $89,000 include marketing and advertising of the offering, media expenses, promotional expenses, EDGAR document conversion and filing, website posting and transfer and registrar.
0001477932-20-005415	Tier1	Unaudited	N	N	Y	Y	N	N	53846155	43616345	0.065	3500000.0	0.0	0.0	0.0	3500000.0		0.0		0.0		0.0		0.0		0.0		0.0		0.0		0.0	
0001213900-20-026620	Tier1	Unaudited	Y	N	Y	Y	N	N	14545454545	2005558634	0.0005	3564700.0	0.0	0.0	0.0	3564700.0									Eilers Law Group, P.A.	10000.0							
0001767876-20-000042	Tier2	Audited	Y	Y	N	Y	Y	N	118650	31753	22.7012	2693500.0	0.0	0.0	0.0	2693500.0							Artesian CPA, LLC	10000.0	Bevilacqua PLLC	50000.0	North Capital Private Securities Corporation	36399.0	Bevilacqua PLLC	17000.0	154559	2580101.0	
0001213900-20-026505	Tier1	Unaudited	Y	N	Y	Y	N	N	14545454545	2005558634	0.0005	3564700.0	0.0	0.0	0.0	3564700.0									Eilers Law Group, P.A.	10000.0							
0001010549-20-000207	Tier2	Audited	Y	Y	N	Y	N	N	60596	541891	100.0	6059600.0	0.0	43940400.0	0.0	50000000.0							Citrin Cooperman & Company, LLP	0.0	Sugar Felsenthal Grais & Helsinger LLP	0.0						5984600.0	
0001493152-20-017725	Tier2	Audited	Y	Y	N	Y	N	N	5000000	0	10.0	50000000.0	0.0	0.0	0.0	50000000.0	N/A	0.0	N/A	0.0	N/A	0.0	Salberg & Company, P.A.	10000.0	Anthony L.G., PLLC	75000.0	N/A	0.0	Anthony L.G., PLLC	15000.0		49820000.0	Estimated Net Proceeds Calculation of $49,820,000 excludes $80,000 worth of Worthy Community Bonds offered under the Worthy Community Bond Rewards Program as rewards for eligible referrals (not for cash).
0001420506-20-001009	Tier2	Audited	N	N	N	N	N	N	50000000	100000000	0.1	0.0	0.0	0.0	0.0	0.0																	
0001104659-20-104584	Tier2	Audited	Y	Y	N	Y	N	N	28571400	106622799	1.75	50000000.0	0.0	0.0	0.0	50000000.0			The Dalmore Group, LLC	525000.0			MNP LLP	250000.0	Dickinson Wright, PLLC	100000.0			Dickinson Wright, PLLC	20000.0	136352	49105000.0	
0001104659-20-104557	Tier2	Audited	Y	N	N	Y	N	N	5496290	0	10.0	5496290.0	0.0	16541660.0	3444490.0	25482440.0									Manatt, Phelps & Phillips, LLP	1000.0							"The response to ""Number of securities offered"" above represents the aggregate principal amount of LROs being offered by the issuer. and includes any PQAs that are filed but not yet qualified."
0001213900-20-026322	Tier1	Audited	Y	N	N	Y	N	N	2019048	13403300	0.8	1649200.0	0.0	2021147.0	0.0	3670347.0					Registered Canadian broker	31920.0	Davidson & Company LLP	15000.0	Tollefsen Business Law PC	30000.0						1551000.0	Canadian broker will also receive warrants to purchase 7% of the shares sold in this offering exercisable at $.80 per share.
0001104659-20-104521	Tier2	Audited	Y	N	N	Y	N	N	5434782	0	0.92	5000000.0	0.0	0.0	0.0	5000000.0	SI Securities, LLC	425000.0					Fruci & Associates II, PLLC	8000.0	CrowdCheck Law, LLP	50000.0					170937	4510000.0	Sales Commissions estimate assumes the maximum amount of commissions payable to SI Securities, LLC for their services in this offering. Estimated $7,000 in Edgarization fees.
0001493152-20-017677	Tier2	Audited	Y	Y	N	Y	Y	N	60500	0	20.0	1210000.0	0.0	0.0	0.0	1210000.0	Independent Brokerage Solutions LLC	18283.0	Independent Brokerage Solutions LLC	36300.0	N/A	0.0	N/A	0.0	Anthony L.G., PLLC	5000.0	N/A	0.0	N/A	5000.0	153563	1210000.0	Estimated Net Proceeds Calculation (above) of $1,210,000 does not include any offering fees as all fees in connection with the offering are to be paid by Masterworks Administrative Services, LLC.
0001493152-20-017649	Tier2	Audited	N	N	N	Y	N	N	10000000	3840053	0.5	5000000.0	0.0	0.0	0.0	5000000.0	N/A	0.0	N/A	0.0	N/A	0.0	BMKR, LLP	5000.0	Austin Legal Group, APC	40000.0					0	4955000.0	The Company has not identified a selling agent; however, it may appoint one or more placement agents to sell this offering.
0001477932-20-005366	Tier2	Audited	Y	N	Y	Y	N	N	166666666	26999912	0.015000000000000001	2315000.0	0.0	0.0	0.0	2315000.0		0.0	Spencer Clarke	125000.0		0.0	Weinberg & Company, P.C.	30000.0	Joe Emas, Esq.	6000.0	Sycamore Finance	60000.0		0.0		2315000.0	
0001104659-20-104344	Tier2	Audited	Y	Y	N	Y	Y	N	4579575	599323	9.86	45154615.0	0.0	4845385.0	0.0	50000000.0							RSM US LLP	7000.0	Goodwin Procter LLP	40000.0	Tryperion Partners, LLC	0.0				45107615.0	
0001683168-20-003102	Tier1	Unaudited	Y	N	N	Y	N	N	500000000	497399177	0.01	5000000.0	0.0	0.0	0.0	5000000.0									Law Office of Andrew Coldicutt	25000.0			various states	10000.0		4950000.0	
0001493152-20-017547	Tier2	Audited	Y	N	N	Y	N	N	40000000	56830129	0.1	12000000.0	0.0	0.0	0.0	12000000.0	None	0.0	None	0.0	None	0.0	Haynie & Company	15000.0	McMurdo Law Group, LLC	15000.0	None	0.0	OTC Markets	0.0		11970000.0	
0001104659-20-103878	Tier2	Audited	Y	Y	N	Y	N	N	5000000			0.0	0.0	0.0	0.0	0.0			StartEngine Capital, LLC	0.0			Artesian CPA	5000.0	CrowdCheck Law, LLP, Vintage	25000.0							
0001477932-20-005349	Tier2	Audited	N	N	N	Y	N	N	20000000	5270682	2.5	50000000.0	0.0	0.0	0.0	50000000.0		0.0		0.0		0.0	BF Borgers CPA PC	10000.0		0.0		0.0		0.0		46000000.0	
0001213900-20-025772	Tier2	Audited	Y	N	N	Y	Y	N	13763	1237	1000.0	13763000.0	0.0	0.0	0.0	13763000.0	None	0.0	OpenDeal Broker LLC	0.0	None	0.0	Lear & Pannepacker, LLP, Marcum LLP	46000.0	Ellenoff Grossman & Schole LLP	45000.0	None	0.0	Ellenoff Grossman & Schole LLP	5000.0	297797	13763000.0	Total estimated aggregate offering expenses are $126,000.
0001751158-20-000063	Tier2	Audited	Y	Y	N	Y	Y	N	4757124	792925	10.0	47571240.0	0.0	0.0	0.0	47571240.0			North Capital Private Securities	300000.0			Moore, Colson & Company, P.C.	35000.0	King & Spalding, LLP	400000.0					154559	47571240.0	Fee will not be charged to the Issuer and will be paid by Sponsor. As such the fees do not reduce net proceeds to the issuer.
0001731122-20-000940	Tier2	Audited	N	N	Y	Y	N	N	75000000	170912128	1.01	1.01	0.0	0.0	0.0	1.01							Jack Shama CPA MA	500.0	Fuller Law Practice	500.0							
0001104659-20-102732	Tier2	Audited	N	N	N	N	N	N	4324126	3601435	10.92	47219452.0	0.0	2780548.0	0.0	50000000.0							RSM US LLP	10500.0	Goodwin Procter LLP	0.0						0.0	Shares to be qualified will be exchanged for shares of Fundrise National For-Sale Housing eFund, LLC and Fundrise For-Sale Housing - Washington DC, LLC at an exchange ratio based on the NAV of each entity in effect at qualification of this Offering Statem
0001213900-20-025476	Tier1	Unaudited	Y	N	Y	Y	N	N	14545454545	2005558634	0.0005	3564700.0	0.0	0.0	0.0	3564700.0									Eilers Law Group, P.A.	10000.0							
0001493152-20-017339	Tier2	Audited	Y	Y	N	Y	Y	N	27500	0	20.0	550000.0	0.0	0.0	0.0	550000.0	Independent Brokerage Solutions LLC	8311.0	Independent Brokerage Solutions LLC	16500.0	N/A	0.0	N/A	0.0	Anthony L.G., PLLC	5000.0	N/A	0.0	N/A	5000.0	153563	550000.0	Estimated Net Proceeds Calculation (above) of $550,000 does not include any offering fees as all fees in connection with the offering are to be paid by Masterworks Administrative Services, LLC.
0001683168-20-003056	Tier2	Audited	Y	Y	N	Y	Y	Y	4543788	12917838	2.0	7000000.0	2087576.0	0.0	0.0	9087576.0			Dalmore Group LLC	210000.0			Ankit	20000.0	Pearson Butler	10000.0					136352	6370000.0	
0001104659-20-102344	Tier2	Audited	Y	Y	N	Y	N	N	2813202	4277652	10.0	28132020.0	0.0	21867980.0	0.0	50000000.0							RSM US LLP	7500.0	Goodwin Procter LLP	40000.0						28084520.0	
0001420506-20-001003	Tier2	Audited	Y	N	N	Y	N	N	50000000	100000000	0.1	5000000.0	0.0	0.0	0.0	5000000.0																5000000.0	
0001140361-20-019771	Tier2	Audited	N	Y	N	Y	N	N	50000000	0	50000.0	50000.0	0.0	0.0	0.0	50000.0		0.0		0.0		0.0	Albertjohn DePalantino & Company PC	10000.0	Levine Garfinkel & Eckersley	25000.0		0.0		0.0		49950000.0	
0001193125-20-239106	Tier2	Audited	Y	Y	N	Y	N	N	2000000	0	25.0	50000000.0	0.0	0.0	0.0	50000000.0	Timbrel Capital	1500000.0	Timbrel Capital	3000000.0			PricewaterhouseCoopers LLP	65000.0	Proskauer Rose LLP	150000.0					298131	45100000.0	
0001104659-20-102231	Tier2	Audited	N	Y	N	Y	Y	N	9090909	24928678	0.55	5000000.0	0.0	0.0	0.0	5000000.0			StartEngine Primary LLC	200000.0			Artesian CPA, LLC	22500.0	Alliance Legal Partners, Inc. / KF Law	100000.0					291773	4696875.0	Estimated net proceeds excludes blue sky filing and service fees, and other costs and expenses related to the offering, including, but not limited to, marketing expenses, transaction fees, escrow fees and platform fees.
0001019056-20-000495	Tier2	Audited	Y	N	N	Y	N	N	49750000	304880000	1.0	49750000.0	0.0	0.0	0.0	49750000.0							Friedman LLP	145000.0	Gusrae Kaplan Nusbaum PLLC	225776.0						48255000.0	Estimated net proceeds assumes sale of Max Amount, offering expenses of $500,000, administrative fees of $995,000.
0001683168-20-003011	Tier1	Unaudited	Y	N	Y	Y	N	N	9000000000	2754078840		9000000.0	0.0	4488200.0	0.0	13488200.0									Eilers Law Group, P.A.	10000.0							
0001493152-20-017206	Tier2	Audited	Y	Y	N	Y	Y	N	30250	0	20.0	605000.0	0.0	0.0	0.0	605000.0	Independent Brokerage Solutions LLC	9196.0	Independent Brokerage Solutions LLC	18150.0	N/A	0.0	N/A	0.0	Anthony L.G., PLLC	5000.0	N/A	0.0	N/A	5000.0	153563	605000.0	Estimated Net Proceeds Calculation (above) of $605,000 does not include any offering fees as all fees in connection with the offering are to be paid by Masterworks Administrative Services, LLC.
0001493152-20-017205	Tier2	Audited	Y	Y	N	Y	Y	N	38500	0	20.0	770000.0	0.0	0.0	0.0	770000.0	Independent Brokerage Solutions LLC	11704.0	Independent Brokerage Solutions LLC	23100.0	N/A	0.0	N/A	0.0	Anthony L.G., PLLC	5000.0	N/A	0.0	N/A	5000.0	153563	770000.0	Estimated Net Proceeds Calculation (above) of $770,000 does not include any offering fees as all fees in connection with the offering are to be paid by Masterworks Administrative Services, LLC.
0001654954-20-009770	Tier2	Audited	Y	N	N	Y	Y	N	2857143	0	7.0	20000001.0	0.0	0.0	0.0	20000001.0							Tanner LLC	16000.0	Kaplan, Voekler Cunningham & Frank, PLC	95000.0			KVCF and State Regulators	37500.0		19851501.0	
0001477932-20-005280	Tier2	Audited	Y	Y	N	Y	N	N	34700000	24862215	1.0	34700000.0	0.0	0.0	0.0	34700000.0		0.0		0.0		0.0	Armanino LLP	240000.0	Buchalter Ater Wynne, LLP	200000.0		0.0	Buchalter Ater Wynne, LLP	35000.0		34225000.0	
0001104659-20-101814	Tier2	Audited	Y	Y	N	Y	N	N	6060606	940000	1.6500000000000001	10000000.0	0.0	0.0	0.0	10000000.0	SI Securities, LLC	750000.0					Liggett & Webb P.A.	30000.0	CrowdCheck Law LLP	40000.0					170937	9013217.0	Underwriting fees estimate assumes the maximum amount of commissions payable to SI Securities, LLC for their services in this offering.
0001213900-20-025002	Tier2	Audited	Y	N	Y	Y	N	N	15000000	18599999	3.0	50000000.0	0.0	0.0	0.0	50000000.0							D. Brooks and Associates CPAs, P.A.	7000.0	Eilers Law Group	150000.0	Peter Scalise, III	500000.0	Eilers Law Group	10000.0		49333000.0	
0001104659-20-101751	Tier2	Audited	N	N	Y	N	N	N	1000000	13975691	5.5	5500000.0	0.0	0.0	0.0	5500000.0	The Benchmark Company, LLC	550000.0					Citrin Cooperman & Company, LLP	75000.0	Greenberg Traurig, LLP	350000.0					22982		
0001683168-20-002977	Tier2	Audited	N	Y	N	Y	N	N	50000000	388620	0.5	25000000.0	0.0	0.0	0.0	25000000.0							Salberg & Company, P.A.	5000.0	Pete Wilke, Esq.	8500.0						25000000.0	Audit and Legal fees are estimates based on the number of hours anticipated including responding to SEC Staff comments
0001214659-20-007607	Tier2	Audited	Y	Y	N	Y	N	N	50000	250	1000.0	50000000.0	0.0	0.0	0.0	50000000.0							Wegner CPAs	11500.0	The Sustainable Economies Law Center	0.0			To Be Determined	5000.0		50000000.0	All fees to be paid out of existing funding.
0001104659-20-101562	Tier2	Audited	Y	Y	N	Y	N	N	6000000	12209267	5.0	30000000.0	0.0	0.0	0.0	30000000.0			Digital Offering LLC	2100000.0			dbbmckennon	2000.0	CrowdCheck Law LLP	25000.0					166401	27700000.0	
0001493152-20-017101	Tier2	Audited	Y	Y	N	Y	N	Y	3448276	38457361	5.8	17880118.0	2119883.0	0.0	0.0	20000001.0			Dalmore Group, LLC	200000.0			dbbmckennon	15000.0	CrowdCheck Law, LLP	60000.0			State filing fees	12000.0	136352	17593118.0	
0001104659-20-101441	Tier2	Audited	Y	Y	N	Y	N	N	571428	0	87.5	50000000.0	0.0	0.0	0.0	50000000.0			The Dalmore Group, LLC	525000.0			MNP LLP	250000.0	Dickinson Wright, PLLC	100000.0			Dickinson Wright, PLLC	20000.0	136352	49105000.0	
0001104659-20-101428	Tier2	Audited	Y	Y	N	Y	Y	N	5000000	100	10.0	50000000.0	0.0	0.0	0.0	50000000.0	None	0.0	North Capital Private Securities Corporation	495000.0	None	0.0	Squar Milner LLP	4000.0	Corporate Law Solutions, PC	70000.0	Escalate Wealth, LLC	1500000.0	Corporate Law Solutions, PC	10000.0	154559	47921000.0	
0001140361-20-019553	Tier2	Audited	N	Y	N	Y	N	N	50000000	0	50000.0	50000.0	0.0	0.0	0.0	50000.0		0.0		0.0		0.0	Albertjohn DePalantino & Company PC	10000.0	Levine Garfinkel & Eckersley	25000.0		0.0		0.0		49950000.0	
0001654954-20-009692	Tier2	Audited	Y	Y	N	Y	N	N	0	0	1000.0	50000000.0	0.0	0.0	0.0	50000000.0	Crescent Securities Group, Inc.	3750000.0					UHY LLP	10000.0	Kaplan Voekler Cunningham & Frank PLC	75000.0			Kaplan Voekler Cunningham & Frank PLC	75000.0	114993	46090000.0	
0001010549-20-000201	Tier2	Audited	Y	Y	N	Y	N	N	91464	500000	100.0	9146400.0	0.0	50000000.0	0.0	59146400.0							Citrin Cooperman & Company, LLP	10000.0	Sugar Felsenthal Grais & Helsinger LLP	0.0						9071400.0	
0001062993-20-004254	Tier2	Audited	Y	Y	Y	Y	Y	N	75000000	96971973	0.2	15000000.0	0.0	0.0	0.0	15000000.0	Cormark Securities Inc. and Cormark Securities (USA) Limited	900000.0		0.0		0.0	Ernst & Young LLP	75000.0	Dorsey & Whitney LLP	455000.0		0.0		0.0		13519000.0	Estimated offering expenses, other than underwriters commissions, are $ and include legal, accounting, printing, advertising, marketing, state registration fees, and other expenses of this Offering. All dollar ($) amounts are in canadian dollars.
0001493152-20-017002	Tier2	Audited	Y	N	N	N	N	N	2000000	8862967	3.5	7000000.0	0.0	0.0	0.0	7000000.0	N/A	0.0	N/A	0.0	N/A	0.0	Weinberg & Co.	40000.0	Culhane Meadows PLLC	100000.0	N/A	0.0	N/A	0.0	1	6860000.0	
0001104659-20-100710	Tier2	Audited	Y	N	N	N	N	N	1000000	0	50.0	50000000.0	0.0	0.0	0.0	50000000.0	Dalmore Group, LLC	500000.0					Templeton & Company, LLP	10000.0	Law Office of James G Dodrill II, P.A.	55000.0						49500000.0	
0001104659-20-100488	Tier2	Audited	Y	Y	N	Y	N	N	1	0		10000000.0	0.0	0.0	0.0	10000000.0	SI Securities, LLC	850000.0					Artesian CPA LLC	42000.0	CrowdCheck Law LLP (f/k/a KHLK LLP)	60000.0					170937	9078000.0	Sales Commissions estimate assumes the maximum amount of commissions payable to SI Securities, LLC for their services in this offering.
0001104659-20-100355	Tier2	Audited	Y	N	N	Y	N	N	5569050	0	10.0	5569050.0	0.0	13710500.0	1155520.0	20435070.0									Manatt, Phelps & Phillips, LLP	1000.0							"The response to ""Number of securities offered"" above represents the aggregate principal amount of LROs being offered by the issuer. and includes any PQAs that are filed but not yet qualified."
0001822911-20-000001	Tier2	Audited	N	Y	Y	Y	N	N	1200	0	50.0	60000.0	0.0	0.0	0.0	60000.0							Artesian CPA, LLC	5500.0	Threshold Counsel, PC	20000.0							Christopher E. Gatewood, chris@threshold.cc
0001646269-20-000012	Tier2	Audited	Y	N	N	Y	Y	N	650000	6508246	60.0	39000000.0	0.0	0.0	0.0	39000000.0			Dalmore Group LLC	2445000.0			Ernst & Young LLP	25000.0	Kendall A. Almerico, P.A.	50000.0					33038	36480000.0	
0001785982-20-000819	Tier1	Unaudited	N	N	N	Y	N	N	900000	8817950	1.0	1.0	1.0	0.0	0.0	2.0	The BeBop Channel Corporation	0.0	The BeBop Channel Corporation	0.0	The BeBop Channel Corporation	0.0	The BeBop Channel Corporation	200.0	The BeBop Channel Corporation	359.0	The BeBop Channel Corporation	0.0	The BeBop Channel Corporation	1200.0			Fees approximating $1,750.00 paid from operating expenses: Blue Sky $1,200 New York, $0.00 GA; $200 financials; $350 legal
0001104659-20-100256	Tier2	Audited	Y	Y	N	Y	N	N	4784689	0	6.2700000000000005	30000000.0	0.0	0.0	0.0	30000000.0	StartEngine Primary, LLC	2100000.0					Fruci & Associates II, PLLC	15000.0	CrowdCheck Law. LLP	50000.0					291773	27822000.0	The Company estimates an additional $3,000 in Edgarization fees will be incurred. The Company estimates it will spend approximately $10,000 on blue sky filings in relation to this offering, but will not engage a service provider for blue sky compliance.
0001493152-20-016936	Tier2	Audited	Y	Y	N	Y	N	N	5000000	0	10.0	50000000.0	0.0	0.0	0.0	50000000.0	N/A	0.0	N/A	0.0	N/A	0.0	Salberg & Company, P.A.	10000.0	Anthony L.G., PLLC	75000.0	N/A	0.0	Anthony L.G., PLLC	15000.0		49820000.0	Estimated Net Proceeds Calculation of $49,820,000 excludes $80,000 worth of Worthy Community Bonds offered under the Worthy Community Bond Rewards Program as rewards for eligible referrals (not for cash).
0001214659-20-007531	Tier2	Audited	Y	Y	N	Y	N	N	3033981	17082467	8.24	25000000.0	0.0	0.0	0.0	25000000.0			JumpStart Broker/Dealer	5000000.0											156214	23750000.0	
0001193125-20-234635	Tier2	Audited	Y	Y	N	Y	N	N	2000000	0	25.0	50000000.0	0.0	0.0	0.0	50000000.0	Timbrel Capital	1500000.0	Timbrel Capital	3000000.0			PricewaterhouseCoopers LLP	65000.0	Proskauer Rose LLP	150000.0					298131	45100000.0	
0001654954-20-009597	Tier2	Audited	N	N	N	Y	N	N	10000000		5.0	5.0	0.0	0.0	0.0	5.0																	
0001213900-20-024047	Tier2	Audited	Y	N	N	Y	Y	N	10000	0	1000.0	10000000.0	0.0	0.0	0.0	10000000.0	None	0.0	OpenDeal Broker LLC	0.0	None	0.0	Lear & Pannepacker, LLP, Marcum LLP	46000.0	Ellenoff Grossman & Schole LLP	45000.0	None	0.0	Ellenoff Grossman & Schole LLP	5000.0	297797	10000000.0	Total estimated aggregate offering expenses are $126,000.
0001213900-20-023993	Tier1	Unaudited	Y	N	Y	Y	N	N	164326786	268883223	0.0385	5000000.0	1284581.0	0.0	0.0	6284581.0	N/A	0.0	N/A	0.0	N/A	0.0	N/A	0.0	Eilers Law Group, P.A	25000.0	N/A	0.0	N/A	25000.0			
0001683168-20-002868	Tier2	Audited	Y	N	Y	Y	N	N	50000	0	1000.0	50000000.0	0.0	0.0	0.0	50000000.0																	
0001214659-20-007497	Tier2	Audited	Y	N	N	Y	N	N	2030000000	0	1.0	50000000.0	0.0	0.0	0.0	50000000.0	Unknown	1500000.0					Turner Stone and Company LLP	30000.0	CrowdCheck Law LLP	130000.0	Unknown	1000000.0	Unknown	25000.0		46675000.0	Legal fees include fees paid to previous counsel of the issuer. Net proceeds reflects the inclusion of additional fees not listed above (but described on the 2nd page to the Offering Circular).
0001214659-20-007494	Tier2	Audited	Y	Y	Y	N	N	N	47166890	6290657	0.01	47166890.0	0.0	2833110.0	0.0	50000000.0							dbbmckennon	0.0	Winston & Strawn LLP	20000.0			Winston & Strawn LLP	0.0		47166890.0	Blue Sky Compliance fees included in Legal.
0001214659-20-007491	Tier2	Audited	Y	Y	N	Y	N	N	3033981	17082467	8.24	25000000.0	0.0	0.0	0.0	25000000.0			JumpStart Broker/Dealer	5000000.0											156214	23750000.0	
0001104659-20-098680	Tier2	Audited	N	Y	N	Y	Y	N	9090909	24928678	0.55	5000000.0	0.0	0.0	0.0	5000000.0			StartEngine Primary LLC	200000.0			Artesian CPA, LLC	22500.0	Alliance Legal Partners, Inc. / KF Law	100000.0					291773	4696875.0	Estimated net proceeds excludes blue sky filing and service fees, and other costs and expenses related to the offering, including, but not limited to, marketing expenses, transaction fees, escrow fees and platform fees.
0001213900-20-023800	Tier2	Audited	Y	N	N	Y	Y	N	13763	1237	1000.0	13763000.0	0.0	0.0	0.0	13763000.0	None	0.0	OpenDeal Broker LLC	0.0	None	0.0	Lear & Pannepacker, LLP, Marcum LLP	46000.0	Ellenoff Grossman & Schole LLP	45000.0	None	0.0	Ellenoff Grossman & Schole LLP	5000.0	297797	13763000.0	Total estimated aggregate offering expenses are $126,000.
0001683168-20-002863	Tier1	Unaudited	Y	N	Y	Y	N	N	5000000	3156273	1.375	6875000.0	0.0	0.0	0.0	6875000.0									NEWLAN & NEWLAN, LTD	7000.0			NEW YORK, COLORADO	500.0		68676500.0	
0001140361-20-019075	Tier2	Audited	N	Y	N	Y	N	N	50000000	0	50000.0	50000.0	0.0	0.0	0.0	50000.0		0.0		0.0		0.0	Albertjohn DePalantino & Company PC	10000.0	Levine Garfinkel & Eckersley	25000.0		0.0		0.0		49950000.0	
0001445866-20-001282	Tier2	Audited	N	Y	N	Y	N	N	1605996		4.67	7499996.65	0.0	0.0	0.0	7499996.65	StartEngine Primary LLC	525000.0					dbbMcKennon	15000.0	Alliance Legal Partners, Inc.	60000.0						7050372.0	Estimated net proceeds excludes blue sky filing and service fees, and other costs and expenses related to the offering, including, but not limited to, marketing expenses, transaction fees, escrow fees and platform fees.
0001214659-20-007474	Tier2	Audited	Y	N	N	Y	N	N	4800000	18435000	0.75	900000.0	0.0	0.0	0.0	900000.0																0.0	
0001104659-20-098342	Tier2	Audited	N	N	N	Y	Y	N	1610305	440214	6.21	10000000.0	0.0	0.0	0.0	10000000.0			StartEngine Primary LLC	700000.0			IndigoSpire CPAs & Advisors,	15000.0	Alliance Legal Partners, Inc.	60000.0					291773	9925000.0	Estimated net proceeds excludes blue sky filing and service fees, and other costs and expenses related to the offering, including, but not limited to, marketing expenses, transaction fees, escrow fees and platform fees. Aggregate offering price excludes
0001213900-20-023540	Tier2	Audited	Y	N	N	Y	Y	N	13763	1237	1000.0	13763000.0	0.0	0.0	0.0	13763000.0	None	0.0	OpenDeal Broker LLC	0.0	None	0.0	Lear & Pannepacker, LLP, Marcum LLP	46000.0	Ellenoff Grossman & Schole LLP	45000.0	None	0.0	Ellenoff Grossman & Schole LLP	5000.0	297797	13763000.0	Total estimated aggregate offering expenses are $126,000.
0001104659-20-098093	Tier2	Audited	Y	N	N	Y	N	N	10000000	1	5.0	50000000.0	0.0	0.0	0.0	50000000.0			Castle Placement, LLC	1375000.0			PKF LLP	5200.0	CrowdCheck Law, LLC	50000.0			State Filing Fees	10000.0	189511	46000000.0	Estimated net proceeds excludes blue sky filing and service fees, and other costs and expenses related to the offering, including, but not limited to, marketing expenses, transaction fees, escrow fees and platform fees.
0001477932-20-005161	Tier2	Audited	N	N	N	Y	N	N	20000000	5270682	2.5	50000000.0	0.0	0.0	0.0	50000000.0		0.0		0.0		0.0	BF Borgers CPA PC	10000.0		0.0		0.0		0.0		46000000.0	
0001104659-20-097992	Tier2	Audited	Y	N	N	Y	N	N	5000000	2500	10.0	50000000.0	0.0	0.0	0.0	50000000.0			JCC Advisors LLC	4750000.0			J.F. Bodden, P.C.	80000.0	Winston & Strawn LLP	200000.0					146776	43750000.0	
0001214659-20-007439	Tier2	Audited	Y	N	N	Y	N	N	2030000000	0	1.0	50000000.0	0.0	0.0	0.0	50000000.0	Unknown	1500000.0					Turner Stone and Company LLP	30000.0	Freeborn & Peters LLP; CrowdCheck Law LLP	130000.0	Unknown	1000000.0	Freeborn & Peters LLP	25000.0		46675000.0	Net proceeds reflects the inclusion of additional fees not listed above (but described on the 2nd page to the Offering Circular).
0001477932-20-005139	Tier2	Audited	N	N	N	Y	N	N	50000	0	1000.0	50000000.0	0.0	0.0	0.0	50000000.0		0.0		0.0		0.0	Spiegel Accountancy Corp.	0.0	Crowdfunding Lawyers LLP	50000.0		0.0		0.0		50000000.0	
0001493152-20-016543	Tier2	Audited	Y	Y	N	Y	Y	N	82500	0	20.0	1650000.0	0.0	0.0	0.0	1650000.0	Independent Brokerage Solutions LLC	25080.0	Independent Brokerage Solutions LLC	49500.0	N/A	0.0	N/A	0.0	Anthony L.G., PLLC	5000.0	N/A	0.0	N/A	5000.0	153563	1650000.0	Estimated Net Proceeds Calculation (above) of $1,650,000 does not include any offering fees as all fees in connection with the offering are to be paid by Masterworks Administrative Services, LLC.
0001104659-20-097511	Tier2	Audited	Y	N	N	Y	N	N	5569050	0	10.0	5569050.0	0.0	13710500.0	1155520.0	20435070.0									Manatt, Phelps & Phillips, LLP	1000.0							"The response to ""Number of securities offered"" above represents the aggregate principal amount of LROs being offered by the issuer. and includes any PQAs that are filed but not yet qualified."
0001493152-20-016496	Tier2	Audited	Y	Y	N	Y	N	N	4118069	2460817	9.84	40521796.0	0.0	0.0	0.0	40521796.0							CohnReznick LLP	10000.0	Morris, Manning & Martin, LLP	250000.0	Realty Mogul Sponsor, LLC and Realty Mogul, Co	0.0				40261796.0	
0001794352-20-000007	Tier2	Audited	N	N	N	Y	N	N	5000000	100000000	5.0	25000000.0	0.0	25000000.0	0.0	50000000.0	UNKNOWN YET	0.0	UNKNOWN YET	2500000.0			AJSH & CO	7500.0	FRANKLIN OGELE, ESQ	30000.0			UNKNOWN YET	12500.0			
0001794352-20-000006	Tier2	Audited	N	N	N	Y	N	N	5000000	95000000	5.0	25000000.0	0.0	0.0	0.0	25000000.0	UNKNOWN YET	0.0	UNKNOWN YET	2500000.0			AJSH & CO	7500.0	FRANKLIN OGELE, ESQ	30000.0			UNKNOWN YET	12500.0			
0001640334-20-002201	Tier2	Audited	Y	Y	Y	Y	N	N	105000000	0		0.0	0.0	0.0	0.0	0.0		0.0	Dalmore Group, LLC	25000.0		0.0	Dale Matheson Carr-Hilton Labonte LLP Chartered Professional Accounts	10000.0	Greenberg Traurig PA & DLA Piper	120000.0	CDMG	0.0	Various States	28000.0		0.0	
0001010549-20-000183	Tier2	Audited	Y	Y	N	Y	N	N	88067	469595	100.0	8806700.0	0.0	50000000.0	0.0	58806700.0							Citrin Cooperman & Company, LLP	10000.0	Sugar Felsenthal Grais & Helsinger LLP	0.0						8731700.0	
0001213900-20-022911	Tier1	Unaudited	Y	N	Y	Y	N	N	14545454545	2005558634	0.0005	8000000.0	0.0	0.0	0.0	8000000.0									Eilers Law Group, P.A.	10000.0							
0001140361-20-018720	Tier2	Audited	N	Y	N	Y	N	N	50000000	0	50000.0	50000.0	0.0	0.0	0.0	50000.0		0.0		0.0		0.0	Albertjohn DePalantino & Company PC	10000.0	Levine Garfinkel & Eckersley	25000.0		0.0		0.0		49950000.0	
0001477932-20-005062	Tier2	Audited	Y	N	N	Y	N	N	100000	0	500.0	50000000.0	0.0	0.0	0.0	50000000.0		0.0		0.0		0.0	Alan T. Schiffman, CPA, PC	5000.0	Wallace A. Glausi	75000.0		0.0	Wallace A. Glausi	20000.0		49900000.0	
0001062993-20-004064	Tier2	Audited	N	N	N	Y	N	N	10000000	40049997	1.0	10000000.0	0.0	0.0	0.0	10000000.0			TBD	150000.0			DMCL LLP	30000.0	See Note	75000.0			Dalmore Group LLC	25000.0		9700000.0	The Company has appointed Dalmore Group as broker dealer.
0001171520-20-000379	Tier2	Audited	Y	N	N	Y	N	N	50000000	100000000	0.1	5000000.0	0.0	0.0	0.0	5000000.0																5000000.0	
0001477932-20-005022	Tier1	Unaudited	N	N	Y	Y	N	N	35000000	42085576	0.1	3500000.0	0.0	0.0	0.0	3500000.0		0.0		0.0		0.0		0.0		0.0		0.0		0.0		0.0	
0001663577-20-000285	Tier1	Unaudited	Y	N	Y	Y	N	Y	20000000	92113150	0.5	7500000.0	2500000.0	0.0	0.0	10000000.0									The Doney Law Firm	5000.0							
0001104659-20-096138	Tier2	Audited	N	Y	N	Y	Y	N	9090909	24928678	0.55	5000000.0	0.0	0.0	0.0	5000000.0			StartEngine Primary LLC	200000.0			Artesian CPA, LLC	22500.0	Alliance Legal Partners, Inc. / KF Law	100000.0					291773	4696875.0	Estimated net proceeds excludes blue sky filing and service fees, and other costs and expenses related to the offering, including, but not limited to, marketing expenses, transaction fees, escrow fees and platform fees.
0001104659-20-095967	Tier2	Audited	Y	Y	N	Y	N	N	2012726	7226963	10.02	20167514.0	0.0	29832486.0	0.0	50000000.0							RSM US LLP	7500.0	Goodwin Procter LLP	40000.0						20120014.0	
0001213900-20-022381	Tier2	Audited	Y	N	N	N	N	N	794599	38839	25.0	19015500.0	849475.0	0.0	0.0	19864975.0			Dalmore Group, LLC	190155.0			Liggett &Webb, P.A and M&K CPAS, PLLC	5000.0	Sichenzia Ross Ference LLP	100000.0					136352	16400000.0	Assumes sale of maximum offering.
0001520138-20-000390	Tier2	Audited	Y	N	Y	Y	N	N	11998800	1524999511	0.5	6000000.0	0.0	0.0	0.0	6000000.0	None	0.0	None	0.0	None	0.0	L&L CPAs, PA	1000.0	Eilers Law Group, P.A.	12500.0	None	0.0	Eilers Law Group, P.A.	10000.0		5976500.0	
0001104659-20-095640	Tier2	Audited	Y	N	N	Y	N	N	6567240	0	10.0	3915240.0	0.0	11330500.0	5567240.0	20812980.0									Manatt, Phelps & Phillips, LLP	1000.0							"The response to ""Number of securities offered"" above represents the aggregate principal amount of LROs being offered by the issuer. and includes any PQAs that are filed but not yet qualified."
0001445866-20-001202	Tier2	Audited	N	Y	N	Y	N	N	1605996		4.67	7499996.65	0.0	0.0	0.0	7499996.65	StartEngine Primary LLC	525000.0					dbbMcKennon	15000.0	Alliance Legal Partners, Inc.	60000.0						7050372.0	Estimated net proceeds excludes blue sky filing and service fees, and other costs and expenses related to the offering, including, but not limited to, marketing expenses, transaction fees, escrow fees and platform fees.
0001683168-20-002722	Tier1	Unaudited	Y	N	Y	Y	N	N	100000000	62014392	0.1	10000000.0	0.0	0.0	0.0	10000000.0									Donnell E. Suares	40000.0			Various States	2500.0		9900000.0	
0001445866-20-001186	Tier2	Audited	N	Y	N	Y	N	N	1605996		4.67	7499996.65	0.0	0.0	0.0	7499996.65	StartEngine Primary LLC	525000.0					dbbMcKennon	15000.0	Alliance Legal Partners, Inc.	60000.0						7050372.0	Estimated net proceeds excludes blue sky filing and service fees, and other costs and expenses related to the offering, including, but not limited to, marketing expenses, transaction fees, escrow fees and platform fees.
0001104659-20-094819	Tier2	Audited	Y	N	N	Y	N	N	6567240	0	10.0	6567240.0	0.0	9331370.0	1583030.0	17481640.0									Manatt, Phelps & Phillips, LLP	1000.0							"The response to ""Number of securities offered"" above represents the aggregate principal amount of LROs being offered by the issuer. and includes any PQAs that are filed but not yet qualified."
0001104659-20-094590	Tier2	Audited	N	N	N	Y	Y	N	2000000	6728268	6.0	12000000.0	0.0	0.0	0.0	12000000.0			StartEngine Primary LLC	840000.0			Jason M. Tyra, CPA PLLC	15000.0	Alliance Legal Partners, Inc.	60000.0					291773	11085000.0	Estimated net proceeds excludes blue sky filing and service fees, and other costs and expenses related to the offering, including, but not limited to, marketing expenses, transaction fees, escrow fees and platform fees.
0001683168-20-002667	Tier2	Audited	Y	Y	N	Y	Y	Y	638888	1129130	45.0	21249978.75	3749996.25	0.0	0.0	24999975.0	StartEngine Primary	900000.0					Bennett & Company, PC	11000.0	CrowdCheck Law LLP	50000.0					291773	19006229.49	Company assumes additional $539,000 in potential expenses to support this offering (including state fees, edgarization, escrow, FINRA fee, and stock transfer agent).
0001399306-20-000021	Tier2	Audited	Y	N	Y	Y	N	N	198019802	10343330	0.0505	10000000.0	0.0	0.0	0.0	10000000.0	N/A	0.0	N/A	0.0	N/A	0.0			Eilers Law Group, P.A.	15000.0	N/A	0.0	None	10000.0		9750000.0	
0001683168-20-002663	Tier1	Unaudited	Y	N	Y	Y	N	N	5000000	3156273	1.375	6875000.0	0.0	0.0	0.0	6875000.0									NEWLAN & NEWLAN, LTD	7000.0			NEW YORK, COLORADO	500.0		68676500.0	
0001520138-20-000370	Tier2	Audited	Y	N	Y	Y	N	N	11998800	1524999511	0.5	6000000.0	0.0	0.0	0.0	6000000.0	None	0.0	None	0.0	None	0.0	L&L CPAs, PA	1000.0	Eilers Law Group, P.A.	12500.0	None	0.0	Eilers Law Group, P.A.	10000.0		5976500.0	
0001214659-20-006994	Tier2	Audited	Y	Y	N	Y	N	N	3033981	17082467	8.24	25000000.0	0.0	0.0	0.0	25000000.0			JumpStart Broker/Dealer	5000000.0											156214	23750000.0	
0001683168-20-002631	Tier1	Unaudited	N	N	N	Y	N	N	500000000	183753333	0.001	5000000.0	0.0	0.0	0.0	5000000.0									Byron Thomas	1500.0						4998500.0	
0001493152-20-015287	Tier2	Audited	Y	Y	N	Y	Y	N	165000	0	20.0	3300000.0	0.0	0.0	0.0	3300000.0	Independent Brokerage Solutions LLC	50160.0	Independent Brokerage Solutions LLC	99000.0	N/A	0.0	N/A	0.0	Anthony L.G., PLLC	5000.0	N/A	0.0	N/A	5000.0	153563	3300000.0	Estimated Net Proceeds Calculation (above) of $3,300,000 does not include any offering fees as all fees in connection with the offering are to be paid by Masterworks Administrative Services, LLC.
0001663577-20-000260	Tier2	Audited	Y	N	Y	Y	N	N	43000000	100099277	0.25	10000000.0	750000.0	0.0	0.0	10750000.0									The Doney Law Firm	7500.0			None	5000.0			
0001104659-20-092740	Tier2	Audited	N	N	Y	N	N	N	1000000	13975691	5.5	5500000.0	0.0	0.0	0.0	5500000.0	The Benchmark Company, LLC	550000.0					Citrin Cooperman & Company, LLP	75000.0	Greenberg Traurig, LLP	350000.0					22982		
0001104659-20-092693	Tier2	Audited	N	N	N	Y	Y	N	1610305	440214	6.21	10000000.0	0.0	0.0	0.0	10000000.0			StartEngine Primary LLC	700000.0			IndigoSpire CPAs & Advisors,	15000.0	Alliance Legal Partners, Inc.	60000.0					291773	9925000.0	Estimated net proceeds excludes blue sky filing and service fees, and other costs and expenses related to the offering, including, but not limited to, marketing expenses, transaction fees, escrow fees and platform fees.
0001477932-20-004677	Tier2	Audited	Y	N	N	Y	N	Y	12500000	113841230	0.8	9200000.0	800000.0	0.0	0.0	10000000.0	NMS Capital Advisors, LLC	0.0	NMS Capital Advisors, LLC	800000.0		0.0	Prager Metis, CPA's LLP	25000.0	Richardson & Associates	55000.0		0.0	MLS Blue Sky	30000.0		8362800.0	The selling commissions assume the maximum selling commission on all sales. Does not include escrow fees and fees charged by startengine.com for hosting the crowdfunding portal.
0001062993-20-003782	Tier2	Audited	Y	Y	Y	Y	Y	N	10000000	84471973	0.15	22644100.0	0.0	0.0	0.0	22644100.0	Cormark Securities Inc. and Cormark Securities (USA) Limited	773716.0					Ernst & Young LLP	56000.0	Dorsey & Whitney LLP	348000.0			Dorsey & Whitney	3000.0		11700000.0	Estimated offering expenses, other than underwriters commissions, are $ and include legal, accounting, printing, advertising, marketing, state registration fees, and other expenses of this Offering.
0001477932-20-004651	Tier2	Audited	Y	N	N	Y	N	Y	12500000	113841230	0.8	9200000.0	800000.0	0.0	0.0	10000000.0	NMS Capital Advisors, LLC	0.0	NMS Capital Advisors, LLC	800000.0		0.0	Prager Metis, CPA's LLP	25000.0	Richardson & Associates	55000.0		0.0	MLS Blue Sky	30000.0		8362800.0	The selling commissions assume the maximum selling commission on all sales. Does not include escrow fees and fees charged by startengine.com for hosting the crowdfunding portal.
0001767876-20-000039	Tier2	Audited	Y	Y	N	Y	Y	N	93400	20274	26.804100000000002	2503500.0	0.0	0.0	0.0	2503500.0							Artesian CPA, LLC	10000.0	Bevilacqua PLLC	50000.0	North Capital Private Securities Corporation	34534.0	Bevilacqua PLLC	17000.0	154559	2391966.0	
0001731122-20-000812	Tier2	Audited	N	N	Y	Y	N	N	75000000	170912128	1.01	1.01	0.0	0.0	0.0	1.01							Jack Shama CPA MA	500.0	Fuller Law Practice	500.0							
0001477932-20-004599	Tier2	Audited	N	N	N	Y	N	N	20000000	5270682	2.5	50000000.0	0.0	0.0	0.0	50000000.0		0.0		0.0		0.0	BF Borgers CPA PC	10000.0		0.0		0.0		0.0		46000000.0	
0001213900-20-020689	Tier2	Audited	Y	N	N	Y	Y	N	13864	1136	1000.0	13864000.0	0.0	0.0	0.0	13864000.0	None	0.0	OpenDeal Broker LLC	0.0	None	0.0	Lear & Pannepacker, LLP, Marcum LLP	46000.0	Ellenoff Grossman & Schole LLP	45000.0	None	0.0	Ellenoff Grossman & Schole LLP	5000.0	297797	13864000.0	Total estimated aggregate offering expenses are $106,000.
0001213900-20-020739	Tier2	Audited	Y	N	N	Y	Y	N	13864	1136	1000.0	13864000.0	0.0	0.0	0.0	13864000.0	None	0.0	OpenDeal Broker LLC	0.0	None	0.0	Lear & Pannepacker, LLP, Marcum LLP	46000.0	Ellenoff Grossman & Schole LLP	45000.0	None	0.0	Ellenoff Grossman & Schole LLP	5000.0	297797	13864000.0	Total estimated aggregate offering expenses are $106,000.
0001768126-20-000018	Tier2	Audited	Y	Y	N	Y	Y	N	188000	0	22.7	4267550.0	0.0	0.0	0.0	4267550.0							EisnerAmper LLP	0.0	Duane Morris LLP	0.0	Dalmore Group, LLC	42676.0			136352	4224875.0	
0001493152-20-014993	Tier2	Audited	Y	Y	N	Y	Y	N	99000	0	20.0	1980000.0	0.0	0.0	0.0	1980000.0	Independent Brokerage Solutions LLC	30096.0	Independent Brokerage Solutions LLC	59400.0	N/A	0.0	N/A	0.0	Anthony L.G., PLLC	5000.0	N/A	0.0	N/A	5000.0	153563	1980000.0	Estimated Net Proceeds Calculation (above) of $1,980,000 does not include any offering fees as all fees in connection with the offering are to be paid by Masterworks Administrative Services, LLC.
0001214659-20-006877	Tier2	Audited	Y	Y	N	Y	N	N	100000	0	500.0	50000000.0	0.0	0.0	0.0	50000000.0			Jumpstart Securities, LLC	975000.0			Cashuk, Wiseman, Goldberg, Birnbaum & Salem, LLP	2250.0	Ryan J. Lewis, Esq.	9420.0					156214	49013330.0	
0001213900-20-020951	Tier2	Audited	Y	Y	N	Y	N	N	996380	1074993	5.5200000000000005	5000016.0	0.0	0.0	0.0	5000016.0	StartEngine Primary LLC	175001.0					Artesian CPA, LLC	9450.0	CrowdCheck Law LLP	60000.0					291773	4755565.0	Underwriting fees estimate assumes the maximum amount of commissions payable to StartEngine Primary LLC for their services in this offering.
0001213900-20-020969	Tier2	Audited	Y	Y	N	Y	N	N	27500000	659543	1.0	17875000.0	0.0	0.0	0.0	17875000.0			Dalmore Group, LLC	110000.0			Dbbmckennon	10000.0	CrowdCheck Law, LLP	60000.0			State filing fees	12000.0	136352	17683000.0	
0001640334-20-002003	Tier2	Audited	Y	Y	Y	Y	N	N	105000000	0		0.0	0.0	0.0	0.0	0.0		0.0	Dalmore Group, LLC	25000.0		0.0	Dale Matheson Carr-Hilton Labonte LLP Chartered Professional Accounts	10000.0	Greenberg Traurig PA & DLA Piper	120000.0	CDMG	0.0	Various States	28000.0		0.0	
0001104659-20-092110	Tier2	Audited	Y	N	N	Y	N	N	5434782	0	0.92	5000000.0	0.0	0.0	0.0	5000000.0	SI Securities, LLC	425000.0					Fruci & Associates II, PLLC	8000.0	CrowdCheck Law, LLP	50000.0					170937	4510000.0	Sales Commissions estimate assumes the maximum amount of commissions payable to SI Securities, LLC for their services in this offering. Estimated $7,000 in Edgarization fees.
0001683168-20-002535	Tier2	Audited	Y	Y	N	Y	N	N	44307	34178		9780510.0	0.0	0.0	0.0	9780510.0							IndigoSpire CPA Group, LLC	0.0	Procopio, Cory, Hargreaves & Savitch, LLP	0.0						9780510.0	Estimated net proceeds do not reflect offering expenses because such expenses will be paid by the Manager.
0001062993-20-003723	Tier2	Audited	Y	Y	Y	Y	Y	N	10000000	84471973		0.0	0.0	0.0	0.0	0.0	Cormark Securities Inc. and Cormark Securities (USA) Limited	50000.0					Ernst & Young LLP	10000.0	Dorsey & Whitney LLP	50000.0							Estimated offering expenses, other than underwriters commissions, are $ and include legal, accounting, printing, advertising, marketing, state registration fees, and other expenses of this Offering.
0001213900-20-020477	Tier2	Audited	Y	N	N	Y	N	Y	3980000	27904200	5.0	49750000.0	7322500.0	0.0	0.0	57072500.0							BF Borgers CPA PC	15000.0	McMurdo Law Group, LLC	18000.0						49450000.0	
0001062993-20-003720	Tier2	Audited	N	N	N	Y	N	N	10000000	40049997	1.0	10000000.0	0.0	0.0	0.0	10000000.0			TBD	150000.0			DMCL LLP	30000.0	See Note	75000.0			Dalmore Group LLC	25000.0		9700000.0	The Company has appointed Dalmore Group as broker dealer.
0001104659-20-090886	Tier2	Audited	N	N	N	Y	Y	N	2000000	6728268	6.0	12000000.0	0.0	0.0	0.0	12000000.0			StartEngine Primary LLC	840000.0			Jason M. Tyra, CPA PLLC	15000.0	Alliance Legal Partners, Inc.	60000.0					291773	11085000.0	Estimated net proceeds excludes blue sky filing and service fees, and other costs and expenses related to the offering, including, but not limited to, marketing expenses, transaction fees, escrow fees and platform fees.
0001104659-20-090811	Tier2	Audited	Y	Y	N	Y	N	N	3939075	1199863	14.280000000000001	45000000.0	0.0	0.0	0.0	45000000.0							Artesian CPA, LLC	21000.0	CrowdCheck Law LLP	25000.0			State filing fees	10000.0		44944000.0	
0001683168-20-002510	Tier2	Audited	Y	Y	N	Y	Y	Y	638888	1129130	45.0	21249978.75	3749996.25	0.0	0.0	24999975.0	StartEngine Primary	900000.0					Bennett & Company, PC	11000.0	CrowdCheck Law LLP	50000.0					291773	19006229.49	Company assumes additional $539,000 in potential expenses to support this offering (including state fees, edgarization, escrow, FINRA fee, and stock transfer agent).
0001477932-20-004550	Tier2	Audited	N	N	N	Y	N	N	50000	0	1000.0	50000000.0	0.0	0.0	0.0	50000000.0		0.0		0.0		0.0	Spiegel Accountancy Corp.	0.0	Crowdfunding Lawyers LLP	50000.0		0.0		0.0		50000000.0	
0001493152-20-014646	Tier2	Audited	Y	Y	N	Y	N	Y	3448276	38457361	5.8	17880118.0	2119883.0	0.0	0.0	20000001.0			Dalmore Group, LLC	200000.0			dbbmckennon	15000.0	CrowdCheck Law, LLP	60000.0			State filing fees	12000.0	136352	17593118.0	
0001104659-20-090261	Tier2	Audited	Y	Y	N	Y	N	N	10000000	0	1.75	17500000.0	0.0	0.0	0.0	17500000.0	Dalmore Group LLC	175000.0					Squar Milner LLP	3000.0	CrowdCheck Law LLP	25000.0					136352	15000000.0	
0001477932-20-004532	Tier2	Audited	N	N	N	Y	N	N	50000	0	1000.0	50000000.0	0.0	0.0	0.0	50000000.0		0.0		0.0		0.0	IndigoSpire CPA Group	2500.0	Trowbridge Sidoti	50000.0	Ivan Oberon, Ryan Garland	0.0		0.0		50000000.0	
0001493152-20-014515	Tier2	Audited	Y	Y	N	Y	Y	N	82500	0	20.0	1650000.0	0.0	0.0	0.0	1650000.0	Independent Brokerage Solutions LLC	25080.0	Independent Brokerage Solutions LLC	49500.0	N/A	0.0	N/A	0.0	Anthony L.G., PLLC	5000.0	N/A	0.0	N/A	5000.0	153563	1650000.0	Estimated Net Proceeds Calculation (above) of $1,650,000 does not include any offering fees as all fees in connection with the offering are to be paid by Masterworks Administrative Services, LLC.
0001493152-20-014517	Tier2	Audited	Y	Y	N	Y	Y	N	82500	0	20.0	1650000.0	0.0	0.0	0.0	1650000.0	Independent Brokerage Solutions LLC	25080.0	Independent Brokerage Solutions LLC	49500.0	N/A	0.0	N/A	0.0	Anthony L.G., PLLC	5000.0	N/A	0.0	N/A	5000.0	153563	1650000.0	Estimated Net Proceeds Calculation (above) of $1,650,000 does not include any offering fees as all fees in connection with the offering are to be paid by Masterworks Administrative Services, LLC.
0001731122-20-000784	Tier1	Audited	Y	Y	N	Y	N	N	360	40	50000.0	15049694.0	0.0	1874000.0	0.0	16923694.0							Spiegel Accountancy Corporation	18000.0	Buchalter, APC	10000.0			Blue Sky Filing Fee	3000.0			
0001663577-20-000245	Tier2	Audited	Y	N	Y	Y	N	N	2500000	104425830	4.0	5000000.0	0.0	0.0	0.0	5000000.0									The Doney Law Firm	7500.0			None	5000.0			
0001104659-20-089509	Tier2	Audited	Y	Y	N	Y	N	N	2695531	8837829	10.0	26955318.0	0.0	23044682.0	0.0	50000000.0							RSM US LLP	7500.0	Goodwin Procter LLP	40000.0						26907818.0	Minus expenses.
0001104659-20-089272	Tier2	Audited	Y	N	N	Y	N	N	6567240	0	10.0	3915240.0	0.0	11330500.0	5567240.0	20812980.0									Manatt, Phelps & Phillips, LLP	1000.0							"The response to ""Number of securities offered"" above represents the aggregate principal amount of LROs being offered by the issuer. and includes any PQAs that are filed but not yet qualified."
0001376474-20-000173	Tier2	Audited	Y	N	N	Y	Y	N	1000000	250000	5.0	5000000.0	0.0	0.0	0.0	5000000.0		0.0		0.0		0.0	Mosel & Ginn, PLLC	6000.0	Keramidas Law Firm	10000.0		0.0		0.0		4800000.0	
0001104659-20-089220	Tier2	Audited	Y	Y	N	Y	N	N	6000000	12209267	5.0	30000000.0	0.0	0.0	0.0	30000000.0							dbbmckennon	2000.0	CrowdCheck Law LLP	25000.0					166401	27700000.0	
0001493152-20-014400	Tier2	Audited	N	N	Y	Y	N	N	5000000	3840053	1.25	6250000.0	0.0	0.0	0.0	6250000.0	N/A	0.0	N/A	0.0	N/A	0.0	BMKR, LLP	5000.0	Austin Legal Group, APC	30000.0					0	6215000.0	The Company has not identified a selling agent; however, it anticipates appointing one or more placement agents to sell this offering.
0001683168-20-002446	Tier2	Audited	Y	Y	N	Y	N	N	69942	56521		10140050.0	0.0	0.0	0.0	10140050.0							IndigoSpire CPA Group, LLC	0.0	Procopio, Cory, Hargreaves & Savitch, LLP	0.0					136352	10140050.0	Estimated net proceeds do not reflect offering expenses because such expenses will be paid by the Manager.
0001213900-20-019666	Tier2	Audited	Y	Y	N	Y	N	N	50000000	0	1.0	50000000.0	0.0	0.0	0.0	50000000.0							Mahoney Sabol & Company, LLP	15000.0	Lex Nova Law LLC	60000.0			Virtual Paralegal Services	5000.0			
0001213900-20-019664	Tier2	Audited	Y	Y	N	Y	N	N	50000000	0	1.0	50000000.0	0.0	0.0	0.0	50000000.0							Mahoney Sabol & Company, LLP	15000.0	Lex Nova Law LLC	45000.0			Virtual Paralegal Services	5000.0			
0001751158-20-000047	Tier2	Audited	Y	Y	N	Y	Y	N	4760774	789275	10.0	47607740.0	0.0	0.0	0.0	47607740.0			North Capital Private Securities	300000.0			Moore, Colson & Company, P.C.	35000.0	King & Spalding, LLP	400000.0					154559	47607740.0	Fee will not be charged to the Issuer and will be paid by Sponsor. As such the fees do not reduce net proceeds to the issuer.
0001104659-20-088975	Tier2	Audited	Y	Y	N	Y	Y	N	5000000	100	10.0	50000000.0	0.0	0.0	0.0	50000000.0	None	0.0	North Capital Private Securities Corporation	495000.0	None	0.0	Squar Milner LLP	4000.0	Corporate Law Solutions, PC	70000.0	Escalate Wealth, LLC	1500000.0	Corporate Law Solutions, PC	10000.0	154559	47921000.0	
0001493152-20-014306	Tier2	Audited	Y	Y	N	Y	Y	N	192500	0	20.0	3850000.0	0.0	0.0	0.0	3850000.0	Independent Brokerage Solutions LLC	58520.0	Independent Brokerage Solutions LLC	115500.0	N/A	0.0	N/A	0.0	Anthony L.G., PLLC	5000.0	N/A	0.0	N/A	5000.0	153563	3850000.0	Estimated Net Proceeds Calculation (above) of $3,850,000 does not include any offering fees as all fees in connection with the offering are to be paid by Masterworks Administrative Services, LLC.
0001213900-20-019569	Tier1	Unaudited	Y	N	Y	Y	N	N	14545454545	2005558634	0.0005	8000000.0	0.0	0.0	0.0	8000000.0									Eilers Law Group, P.A.	10000.0							
0001493152-20-014244	Tier1	Unaudited	Y	N	Y	Y	N	N	1333333334	1197471830	0.015000000000000001	2000000.0	0.0	0.0	0.0	2000000.0	n.a.	0.0	n.a.	0.0	n.a.	0.0	Blue Chip Accounting	5000.0	Eilers Law Group, P.A.	30000.0	n.a.	0.0	n.a.	10000.0		1955000.0	
0001213900-20-019292	Tier2	Audited	Y	N	N	N	N	N	794599	38839	25.0	19015500.0	849475.0	0.0	0.0	19864975.0			Dalmore Group, LLC	190155.0			Liggett &Webb, P.A and M&K CPAS, PLLC	5000.0	Sichenzia Ross Ference LLP	100000.0					136352	16400000.0	Assumes sale of maximum offering.
0001646269-20-000011	Tier2	Audited	Y	N	N	Y	Y	N	650000	6508246	60.0	39000000.0	0.0	0.0	0.0	39000000.0			Cuttone & Co. LLC	2445000.0			Ernst & Young LLP	25000.0	Kendall A. Almerico, P.A.	50000.0					33038	36480000.0	
0001654954-20-008137	Tier2	Audited	Y	Y	N	Y	N	N	0	0	1000.0	50000000.0	0.0	0.0	0.0	50000000.0	Crescent Securities Group, Inc.	475000.0	Crescent Securities Group, Inc.	3500000.0			UHY LLP	10000.0	Kaplan Voekler Cunningham & Frank PLC	75000.0			Kaplan Voekler Cunningham & Frank PLC	75000.0	114993	45865000.0	
0001493152-20-014170	Tier2	Audited	Y	Y	N	Y	Y	N	82500	0	20.0	1650000.0	0.0	0.0	0.0	1650000.0	Independent Brokerage Solutions LLC	25080.0	Independent Brokerage Solutions LLC	49500.0	N/A	0.0	N/A	0.0	Anthony L.G., PLLC	5000.0	N/A	0.0	N/A	5000.0	153563	1650000.0	Estimated Net Proceeds Calculation (above) of $1,650,000 does not include any offering fees as all fees in connection with the offering are to be paid by Masterworks Administrative Services, LLC.
0001493152-20-014168	Tier2	Audited	Y	Y	N	Y	Y	N	82500	0	20.0	1650000.0	0.0	0.0	0.0	1650000.0	Independent Brokerage Solutions LLC	25080.0	Independent Brokerage Solutions LLC	49500.0	N/A	0.0	N/A	0.0	Anthony L.G., PLLC	5000.0	N/A	0.0	N/A	5000.0	153563	1650000.0	Estimated Net Proceeds Calculation (above) of $1,650,000 does not include any offering fees as all fees in connection with the offering are to be paid by Masterworks Administrative Services, LLC.
0001140361-20-016943	Tier2	Audited	N	Y	N	Y	N	N	50000000	0	50000.0	50000.0	0.0	0.0	0.0	50000.0		0.0		0.0		0.0	Albertjohn DePalantino & Company PC	10000.0	Levine Garfinkel & Eckersley	25000.0		0.0		0.0		49950000.0	
0001731122-20-000772	Tier1	Unaudited	Y	N	N	Y	N	N	6000000000	1471416841	0.0005	3000000.0	0.0	0.0	0.0	3000000.0									Andrew Coldicutt, Esq.	15000.0			Various States	3000.0		2970000.0	
0001104659-20-087478	Tier2	Audited	N	N	N	Y	Y	N	1610305	440214	6.21	10000000.0	0.0	0.0	0.0	10000000.0			StartEngine Primary LLC	700000.0			IndigoSpire CPAs & Advisors,	15000.0	Alliance Legal Partners, Inc.	60000.0					291773	9925000.0	Estimated net proceeds excludes blue sky filing and service fees, and other costs and expenses related to the offering, including, but not limited to, marketing expenses, transaction fees, escrow fees and platform fees.
0001214659-20-006574	Tier2	Audited	Y	Y	N	Y	N	N	3033981	17082467	8.24	25000000.0	0.0	0.0	0.0	25000000.0			JumpStart Broker/Dealer	5000000.0											156214	23750000.0	
0001751158-20-000045	Tier2	Audited	Y	Y	N	Y	Y	N	4760774	789275	10.0	47607740.0	0.0	0.0	0.0	47607740.0			North Capital Private Securities	300000.0			Moore, Colson & Company, P.C.	35000.0	King & Spalding, LLP	400000.0					154559	47607740.0	Fee will not be charged to the Issuer and will be paid by Sponsor. As such the fees do not reduce net proceeds to the issuer.
0001140361-20-016842	Tier2	Audited	N	Y	N	Y	N	N	50000000	0	50000.0	50000.0	0.0	0.0	0.0	50000.0		0.0		0.0		0.0	Albertjohn DePalantino & Company PC	10000.0	Levine Garfinkel & Eckersley	25000.0		0.0		0.0		49950000.0	
0001553350-20-000664	Tier2	Audited	N	N	N	Y	N	N	20000000	93462483	1.0	20000000.0	0.0	0.0	0.0	20000000.0			Outsourced services	100000.0	Outsourced services	50000.0	MaloneBailey LLP	50000.0	di Santo Law PLLC	50000.0						18850000.0	
0001445866-20-001044	Tier2	Audited	Y	Y	N	Y	N	N	895140		7.82	7000000.0	0.0	0.0	0.0	7000000.0			StartEngine Primary LLC	490000.0			BAS Partners	15000.0	Alliance Legal Partners, Inc.	65000.0					291773	6430000.0	Estimated net proceeds excludes blue sky filing and service fees, and other costs and expenses related to the offering, including, but not limited to, marketing expenses, transaction fees, escrow fees and platform fees.
0001683168-20-002379	Tier2	Audited	Y	Y	N	Y	Y	Y	638888	1129130	45.0	21249978.75	3749996.25	0.0	0.0	24999975.0	StartEngine Primary	900000.0					Bennett & Company, PC	11000.0	CrowdCheck Law LLP	50000.0					291773	19006229.49	Company assumes additional $539,000 in potential expenses to support this offering (including state fees, edgarization, escrow, FINRA fee, and stock transfer agent).
0001213900-20-018572	Tier1	Unaudited	N	N	N	Y	N	N	10000000000	337892560	0.00030000000000000003	3000000.0	0.0	0.0	0.0	3000000.0									Stout Law Group, PA	25000.0							
0001493152-20-013975	Tier2	Audited	Y	Y	N	Y	N	N	5000000	0	10.0	50000000.0	0.0	0.0	0.0	50000000.0	N/A	0.0	N/A	0.0	N/A	0.0	Salberg & Company, P.A.	10000.0	Anthony L.G., PLLC	75000.0	N/A	0.0	Anthony L.G., PLLC	15000.0		49900000.0	
0001815794-20-000006	Tier1	Unaudited	Y	N	N	Y	N	N	4000000	4000000	0.5	2000000.0	0.0	0.0	0.0	2000000.0																	
0001104659-20-086479	Tier2	Audited	N	N	N	Y	Y	N	2000000	6728268	6.0	12000000.0	0.0	0.0	0.0	12000000.0			StartEngine Primary LLC	840000.0			Jason M. Tyra, CPA PLLC	15000.0	Alliance Legal Partners, Inc.	60000.0					291773	11085000.0	Estimated net proceeds excludes blue sky filing and service fees, and other costs and expenses related to the offering, including, but not limited to, marketing expenses, transaction fees, escrow fees and platform fees.
0001477932-20-004269	Tier2	Audited	Y	N	N	Y	N	Y	12500000	113841230	0.8	9200000.0	800000.0	0.0	0.0	10000000.0	NMS Capital Advisors, LLC	0.0	NMS Capital Advisors, LLC	800000.0		0.0	Prager Metis, CPA's LLP	25000.0	Richardson & Associates	55000.0		0.0	MLS Blue Sky	30000.0		8362800.0	The selling commissions assume the maximum selling commission on all sales. Does not include escrow fees and fees charged by startengine.com for hosting the crowdfunding portal.
0001171520-20-000317	Tier2	Audited	Y	Y	Y	Y	Y	N	50000000	32500000	1.0	50000000.0	0.0	0.0	0.0	50000000.0			Dalmore Partners LLC	1500000.0			McGovern Hurley LLP	9300.0	FisherBroyles LLP	165000.0			Dalmore Partners LLC, FINRA fees	63000.0	136352	48437000.0	Estimated net proceeds to the issuer were calculated after deducting only sales commissions of $1,500,000 and blue sky compliance/FINRA fees of $63,000.
0001683168-20-002364	Tier2	Audited	Y	Y	N	Y	Y	N	25000000	48062508	2.0	50000000.0	0.0	0.0	0.0	50000000.0							Haynie & Company	8000.0	Business Legal Advisors, LLC	8000.0						486886000.0	
0001213900-20-018489	Tier2	Audited	Y	N	Y	Y	N	N	12600000	18599999	3.0	30000000.0	7800000.0	0.0	0.0	37800000.0							D. Brooks and Associates CPAs, P.A.	7000.0	Eilers Law Group	150000.0	Issuance, Inc.	3000000.0	Eilers Law Group	10000.0		34633000.0	
0001104659-20-086230	Tier2	Audited	Y	N	N	Y	N	N	6567240	0	10.0	6567240.0	0.0	9331370.0	1583030.0	17481640.0									Manatt, Phelps & Phillips, LLP	1000.0							"The response to ""Number of securities offered"" above represents the aggregate principal amount of LROs being offered by the issuer. and includes any PQAs that are filed but not yet qualified."
0001683168-20-002357	Tier1	Unaudited	Y	N	N	N	N	N	100000000	666065852	0.03	3000000.0	0.0	0.0	0.0	3000000.0	various	85000.0					Accountant	30000.0	Donnell S	30000.0			Various states	5000.0		2850000.0	
0001493152-20-013891	Tier1	Unaudited	Y	N	Y	Y	N	N	1333333334	1197471830	0.015000000000000001	2000000.0	0.0	0.0	0.0	2000000.0	n.a.	0.0	n.a.	0.0	n.a.	0.0	Blue Chip Accounting	5000.0	Eilers Law Group, P.A.	30000.0	n.a.	0.0	n.a.	10000.0		1955000.0	
0001493152-20-013889	Tier2	Audited	Y	N	N	Y	Y	N	15681660	41318340	0.5	13721453.0	0.0	0.0	36153547.0	49875000.0	Dalmore Group	10000.0	Dalmore Group	78408.3	None.	0.0	Alan T. Schiffman, CPA, PC	5000.0	Michelman & Robinson LLP	100000.0	None	0.0	Colonial Stock Transfer	67920.0	136352	13721453.0	Estimated net proceeds to issuer includes exercise of all underlying warrants
0001104659-20-085940	Tier2	Audited	Y	N	N	Y	N	N	5000000	2500	10.0	50000000.0	0.0	0.0	0.0	50000000.0			JCC Advisors LLC	4750000.0			J.F. Bodden, P.C.	80000.0	Winston & Strawn LLP	200000.0					146776	43750000.0	
0001214659-20-006484	Tier2	Audited	Y	Y	N	Y	N	N	50000	250	1000.0	50000000.0	0.0	0.0	0.0	50000000.0							Wegner CPAs	11500.0	The Sustainable Economies Law Center	0.0			To Be Determined	5000.0		50000000.0	All fees to be paid out of existing funding.
0001104659-20-085668	Tier2	Audited	N	N	N	N	N	N	1	13975691	5.5	5500000.0	0.0	0.0	0.0	5500000.0							Citrin Cooperman & Company, LLP	0.0	Kaufman & Associates, LLC and Greenberg Traurig, LLP	0.0							
0001477932-20-004153	Tier2	Audited	Y	N	N	Y	N	N	100000	0	500.0	50000000.0	0.0	0.0	0.0	50000000.0		0.0		0.0		0.0	Alan T. Schiffman, CPA, PC	5000.0	Wallace A. Glausi	75000.0		0.0	Wallace A. Glausi	20000.0		49900000.0	
0001104659-20-085331	Tier2	Audited	Y	Y	N	Y	N	N	6060606	940000	1.6500000000000001	10000000.0	0.0	0.0	0.0	10000000.0	SI Securities, LLC	750000.0					Liggett & Webb P.A.	30000.0	CrowdCheck Law LLP	40000.0					170937	9013217.0	Underwriting fees estimate assumes the maximum amount of commissions payable to SI Securities, LLC for their services in this offering.
0001575705-20-000138	Tier1	Unaudited	Y	N	Y	Y	N	N	1000000	5000001	3.0	3000000.0	0.0	0.0	0.0	3000000.0	None	0.0	None	0.0	None	0.0	None	100.0	Jackson L. Morris	100.0	None	0.0	Jackson L. Morris	100.0		100.0	
0001213900-20-018128	Tier2	Audited	Y	Y	N	Y	N	N	996380	1074993	5.5200000000000005	5000016.0	0.0	0.0	0.0	5000016.0	StartEngine Primary LLC	175001.0					Artesian CPA, LLC	9450.0	CrowdCheck Law LLP	60000.0					291773	4755565.0	Underwriting fees estimate assumes the maximum amount of commissions payable to StartEngine Primary LLC for their services in this offering.
0001663577-20-000227	Tier2	Audited	Y	N	Y	Y	N	N	43000000	100099277	0.25	10000000.0	750000.0	0.0	0.0	10750000.0									The Doney Law Firm	7500.0			None	5000.0			
0001477932-20-004107	Tier1	Unaudited	N	N	N	Y	N	N	5000	0	1000.0	5000000.0	0.0	0.0	0.0	5000000.0		0.0		0.0		0.0		0.0	Trowbridge Sidoti	15000.0	Sherman Ragland	0.0		0.0		5000000.0	
0001213900-20-018057	Tier2	Audited	Y	Y	N	Y	N	N	50000000	0	1.0	50000000.0	0.0	0.0	0.0	50000000.0							Mahoney Sabol & Company, LLP	15000.0	Lex Nova Law LLC	60000.0			Virtual Paralegal Services	5000.0			
0001213900-20-018055	Tier2	Audited	Y	Y	N	Y	N	N	50000000	0	1.0	50000000.0	0.0	0.0	0.0	50000000.0							Mahoney Sabol & Company, LLP	15000.0	Lex Nova Law LLC	45000.0			Virtual Paralegal Services	5000.0			
0001654954-20-007832	Tier2	Audited	Y	Y	N	Y	N	N	0	0	0.0	0.0	0.0	0.0	0.0	0.0																	
0001104659-20-084955	Tier2	Audited	Y	N	Y	Y	N	N	20000000	150100000	0.27	5400000.0	0.0	0.0	0.0	5400000.0							MaloneBailey LLP	2500.0					Newlan & Newlan, Ltd.	5000.0		5392500.0	
0001731122-20-000753	Tier1	Unaudited	Y	N	N	Y	N	N	6000000000	1471416841	0.0005	3000000.0	0.0	0.0	0.0	3000000.0									Andrew Coldicutt, Esq.	15000.0			Various States	3000.0		2970000.0	
0001171520-20-000307	Tier2	Audited	N	N	N	N	N	N	50000000	100000000	0.1	0.0	0.0	0.0	0.0	0.0																	
0001213900-20-017980	Tier2	Audited	Y	Y	N	Y	Y	Y	180000000	286879351	0.1369	35000000.0	15000000.0	0.0	0.0	50000000.0							Rosen Kuslansky, CPA, PC	260000.0	Ellenoff Grossman & Schole LLP, Wilson Sonsini Goodrich & Rosati, PC	2085000.0							
0001214659-20-006410	Tier2	Audited	Y	N	N	Y	N	N	4800000	18435000	0.75	900000.0	0.0	0.0	0.0	900000.0																0.0	
0001477932-20-004096	Tier2	Audited	Y	Y	N	Y	N	N	3965493	223498	12.0	47585920.0	0.0	0.0	2414080.0	50000000.0		0.0	Sageworks Capital, LLC	500000.0		0.0	IndigoSpire	2500.0	Trowbridge Sidoti	40000.0	Steve Morris	0.0		0.0		49500000.0	
0001493152-20-013601	Tier2	Audited	N	N	N	Y	N	N	40000	0	1000.0	40000000.0	0.0	0.0	0.0	40000000.0			Emerson Equity	3600000.0			dbbmckennon	30000.0	FitzGerald Yap Kreditor LLP	125000.0							Emerson Equity's fees include a 1% as dealer manager fee, a 1% wholesale fee, 6% for sales commissions, and up to 1% for a marketing and due diligence reallowance for expenses incurred by the selling group on behalf of the Fund.
0001213900-20-017884	Tier1	Unaudited	N	N	N	Y	N	N	100000000	446644556	0.03	3000000.0	0.0	0.0	0.0	3000000.0									McMurdo Law Group, LLC	30000.0						2700000.0	
0001062993-20-003385	Tier2	Audited	N	N	N	Y	N	N	10000000	40049997	1.0	10000000.0	0.0	0.0	0.0	10000000.0			TBD	150000.0			DMCL LLP	30000.0	See Note	75000.0			Dalmore Group LLC	25000.0		9700000.0	The Company has appointed Dalmore Group as broker dealer.
0001640334-20-001810	Tier2	Audited	Y	Y	N	Y	N	N	120000000	29695106	0.5	0.5	0.0	0.0	0.0	0.5	None	0.0	Dalmore Group LLC	700000.0	None	0.0	Davidson & Company LLP	50000.0	Cassels Brock & Blackwell LLP	250000.0	None	0.0	Various States	25000.0	136362	49000000.0	"40,000,000 units to be sold at USD$0.50 per unit; each Unit is comprised of one common share in the capital of the Company, with no par value (a ""Common Share""), and of one Common Share purchase warrant exercisable at USD $0.75 per Warrant"
0001493152-20-013548	Tier2	Audited	Y	Y	N	Y	N	N	5000000	10267350	1.0	5000000.0	0.0	0.0	0.0	5000000.0							Friedman LLP	10000.0	Bevilacqua PLLC	20000.0			Bevilacqua PLLC	2500.0		4967500.0	Up to $500,000 may be paid in commissions if the maximum amount is sold and a registered broker-dealer is engaged as a placement agent. The Issuer will amend this Form 1-A to reflect the engagement of, and the fees payable to, any such broker-dealer.
0001493152-20-013538	Tier2	Audited	N	N	Y	Y	N	N	5000000	3840053	1.25	6250000.0	0.0	0.0	0.0	6250000.0	N/A	0.0	N/A	0.0	N/A	0.0	BMKR, LLP	5000.0	Austin Legal Group, APC	30000.0					0	6215000.0	The Company has not identified a selling agent; however, it anticipates appointing one or more placement agents to sell this offering.
0001104659-20-084478	Tier2	Audited	Y	Y	N	Y	N	N	3000000	1780449	10.0	30000000.0	0.0	10730512.0	0.0	40730512.0	StartEngine Primary	1950000.0					Ernst & Young LLP	60000.0	CrowdCheck Law LLP/Wilson, Sonsini, Goodrich & Rosati	30000.0					291773	27910000.0	
0001213900-20-017714	Tier1	Unaudited	Y	N	Y	Y	N	N	14545454545	2005558634	0.0005	8000000.0	0.0	0.0	0.0	8000000.0									Eilers Law Group, P.A.	10000.0							
0001214659-20-006333	Tier2	Audited	Y	Y	N	Y	N	N	3033981	17082467	8.24	25000000.0	0.0	0.0	0.0	25000000.0			JumpStart Broker/Dealer	5000000.0											156214	23750000.0	
0001477932-20-004046	Tier2	Audited	N	N	N	Y	N	N	7000000	1769864	1.5	10500000.0	0.0	0.0	0.0	10500000.0		0.0	Vanderbilt Securities, LLC	630000.0		0.0	dbbmckennon	20000.0	Befumo & Schaeffer PLLC	20000.0		0.0		0.0		9870000.0	
0001104659-20-083904	Tier2	Audited	Y	N	N	Y	N	N	6567240	0	10.0	6567240.0	0.0	9331370.0	1583030.0	17481640.0									Manatt, Phelps & Phillips, LLP	1000.0							"The response to ""Number of securities offered"" above represents the aggregate principal amount of LROs being offered by the issuer. and includes any PQAs that are filed but not yet qualified."
0001758533-20-000007	Tier2	Audited	Y	N	N	Y	Y	N	3200000	42690046	0.75	2400000.0	0.0	0.0	0.0	2400000.0			Dalmore Group LLC	120000.0			IndigoSpire CPA LLC	5500.0	Kendall A. Almerico, P.A.	130000.0					136352	2080000.0	
0001654954-20-007736	Tier2	Audited	Y	N	Y	Y	N	N	40000000	111922685		40000000.0	0.0	0.0	0.0	40000000.0	N/A	0.0	N/A	0.0	N/A	0.0	M&K CPAs, PLLC	76320.0	Law Offices of Craig V. Butler	30000.0	N/A	0.0	Yes	500.0		40000000.0	
0001493152-20-013319	Tier2	Audited	Y	N	N	Y	N	N	30000000	47037772	0.1	9000000.0	0.0	0.0	0.0	9000000.0	None	0.0	None	0.0	None	0.0	Haynie & Company	15000.0	McMurdo Law Group, LLC	15000.0	None	0.0	OTC Markets	0.0		8970000.0	
0001683168-20-002269	Tier2	Audited	Y	Y	N	Y	N	N	44307	34178		9780510.0	0.0	0.0	0.0	9780510.0							IndigoSpire CPA Group, LLC	0.0	Procopio, Cory, Hargreaves & Savitch, LLP	0.0					136352	9780510.0	Estimated net proceeds do not reflect offering expenses because such expenses will be paid by the Manager.
0001104659-20-083533	Tier2	Audited	Y	Y	N	Y	N	N	1841372	8568222	11.51	21194201.0	0.0	28805799.0	0.0	50000000.0							RSM US LLP	7500.0	Goodwin Procter LLP	40000.0						21146701.0	Minus expenses
0001553350-20-000617	Tier2	Audited	N	N	N	Y	N	N	20000000	93462483	1.0	20000000.0	0.0	0.0	0.0	20000000.0			Outsourced services	100000.0	Outsourced services	50000.0	MaloneBailey LLP	50000.0	di Santo Law PLLC	50000.0						18850000.0	
0001493152-20-013196	Tier2	Audited	Y	Y	N	Y	Y	N	82500	0	20.0	1650000.0	0.0	0.0	0.0	1650000.0	Independent Brokerage Solutions LLC	25080.0	Independent Brokerage Solutions LLC	49500.0	N/A	0.0	N/A	0.0	Anthony L.G., PLLC	5000.0	N/A	0.0	N/A	5000.0	153563	1650000.0	Estimated Net Proceeds Calculation (above) of $1,650,000 does not include any offering fees as all fees in connection with the offering are to be paid by Masterworks Administrative Services, LLC.
0001493152-20-013191	Tier2	Audited	Y	Y	N	Y	Y	N	82500	0	20.0	1650000.0	0.0	0.0	0.0	1650000.0	Independent Brokerage Solutions LLC	25080.0	Independent Brokerage Solutions LLC	49500.0	N/A	0.0	N/A	0.0	Anthony L.G., PLLC	5000.0	N/A	0.0	N/A	5000.0	153563	1650000.0	Estimated Net Proceeds Calculation (above) of $1,650,000 does not include any offering fees as all fees in connection with the offering are to be paid by Masterworks Administrative Services, LLC.
0001493152-20-013186	Tier2	Audited	Y	Y	N	Y	Y	N	82500	0	20.0	1650000.0	0.0	0.0	0.0	1650000.0	Independent Brokerage Solutions LLC	25080.0	Independent Brokerage Solutions LLC	49500.0	N/A	0.0	N/A	0.0	Anthony L.G., PLLC	5000.0	N/A	0.0	N/A	5000.0	153563	1650000.0	Estimated Net Proceeds Calculation (above) of $1,650,000 does not include any offering fees as all fees in connection with the offering are to be paid by Masterworks Administrative Services, LLC.
0001477932-20-003903	Tier2	Audited	Y	N	Y	Y	N	N	2500000	10425241	0.11	2440000.0	0.0	0.0	0.0	2440000.0		0.0	Spencer Clarke	125000.0		0.0	Weinberg & Company, P.C.	30000.0	Joe Emas, Esq.	6000.0	Sycamore Finance	60000.0		0.0		215000.0	
0001104659-20-082847	Tier2	Audited	Y	N	N	Y	N	N	131164	0	36.33	3370000.0	0.0	0.0	0.0	3370000.0							Jason M. Tyra, CPA, PLLC	4000.0	Nelson Mullins Riley & Scarborough LLP	75000.0	North Capital Private Securities Corporation	2500.0			154559	3330300.0	Six separate series are being offered - the price per security is the average of the per unit price of the six series. Aggregate price is based upon the maximum offering of each series. Offering expenses are being absorbed by the Manager.
0001768126-20-000016	Tier2	Audited	Y	Y	N	Y	Y	N	162450	0	19.2	3119550.0	0.0	0.0	0.0	3119550.0							EisnerAmper LLP	0.0	Duane Morris LLP	0.0	Dalmore Group, LLC	31196.0			136352	3088355.0	
0001683168-20-002240	Tier1	Unaudited	Y	N	Y	Y	N	N	9000000000	2754078840		9000000.0	0.0	4488200.0	0.0	13488200.0									Eilers Law Group, P.A.	10000.0							
0001575705-20-000128	Tier1	Unaudited	Y	N	N	Y	N	N	70000000	699991000	0.18	12600000.0	0.0	0.0	0.0	12600000.0	None	0.0	None	0.0	None	0.0	None	0.0	Jackson L. Morris	0.0	None	0.0	Jackson L. Morris	0.0		0.0	to be added by amendment
0001213900-20-017229	Tier2	Audited	Y	Y	N	Y	Y	N	6216803	15441324	6.0	37300820.0	0.0	12699180.0	0.0	50000000.0			Dalmore Group, LLC	373000.0			Deloitte & Touche LLP	150000.0	Greenberg Traurig, P.A.	350000.0			States	35000.0	136352	48427000.0	
0001683168-20-002236	Tier2	Audited	Y	Y	N	Y	N	N	72416	71774	595.0	43087726.0	0.0	6912274.0	0.0	50000000.0	N/A	0.0	N/A	0.0	N/A	0.0	Plante & Moran, PLLC	85000.0	Gundzik Gundzik Heeger LLP	50000.0	N/A	0.0	N/A	20000.0			
0001104659-20-082696	Tier2	Audited	Y	Y	N	Y	N	N	10000000	0	1.75	17500000.0	0.0	0.0	0.0	17500000.0	Dalmore Group LLC	175000.0					Squar Milner LLP	3000.0	CrowdCheck Law LLP	25000.0					136352	15000000.0	
0001767876-20-000031	Tier2	Audited	Y	Y	N	Y	Y	N	49750	20263	36.5427	1818000.0	0.0	0.0	0.0	1818000.0							Artesian CPA, LLC	10000.0	Bevilacqua PLLC	50000.0	North Capital Private Securities Corporation	27817.0	Bevilacqua PLLC	17000.0	154559	1713183.0	
0001477932-20-003870	Tier2	Audited	Y	N	N	Y	Y	N	178571429	200000000	0.28	0.28	0.0	0.0	0.0	0.28		0.0		0.0		0.0	Friedman LLP and Raich Ende Malter & Co. LLP	25000.0	Brunson, Chandler & Jones PLLC	10000.0		0.0		0.0		49965000.0	
0001663577-20-000213	Tier2	Audited	Y	N	Y	Y	N	N	43000000	100099277	0.25	10000000.0	750000.0	0.0	0.0	10750000.0									The Doney Law Firm	7500.0			None	5000.0			
0001104659-20-082617	Tier2	Audited	Y	N	N	Y	N	N	5218320	0	10.0	5218320.0	0.0	9331370.0	3879590.0	18429280.0									Manatt, Phelps & Phillips, LLP	1000.0							"The response to ""Number of securities offered"" above represents the aggregate principal amount of LROs being offered by the issuer."
0001810542-20-000007	Tier2	Audited	N	N	N	Y	N	N	50000000	21500000	0.05	2500000.0	0.0	0.0	0.0	2500000.0					Finders Fee	250000.0	Audit	500.0	Legal	500.0						2249000.0	
0001493152-20-012920	Tier2	Audited	Y	Y	N	Y	Y	N	110300	0	20.0	2206000.0	0.0	0.0	0.0	2206000.0	Independent Brokerage Solutions LLC	28314.0	Independent Brokerage Solutions LLC	66180.0	N/A	0.0	N/A	0.0	Anthony L.G., PLLC	5000.0	N/A	0.0	N/A	5000.0	153563	2206000.0	Estimated Net Proceeds Calculation (above) of $2,206,000 does not include any offering fees as all fees in connection with the offering are to be paid by Masterworks Administrative Services, LLC.
0001104659-20-082202	Tier2	Audited	Y	Y	N	Y	N	N	3159264	6309844	10.02	31655824.0	0.0	18344176.0	0.0	50000000.0							RSM US LLP	7500.0	Goodwin Procter LLP	40000.0						31608324.0	
0001104659-20-082178	Tier2	Audited	Y	Y	N	Y	N	N	3738997	5761681	10.06	37614310.0	0.0	12385690.0	0.0	50000000.0							RSM US LLP	7500.0	Goodwin Procter LLP	40000.0						37566810.0	Minus expenses
0001213900-20-016962	Tier2	Audited	Y	N	N	Y	N	N	268451	0	4.4	14700000.0	0.0	0.0	0.0	14700000.0	SI Securities, LLC	1145700.0					dbbmckennon	5000.0	Bevilacqua PLLC	50000.0			Bevilacqua PLLC	12000.0	170937	13195700.0	
0001213900-20-016949	Tier2	Audited	Y	Y	N	Y	N	N	200000000	0	0.25	50000000.0	0.0	0.0	0.0	50000000.0							Mayer Hoffman McCann P.C.	25000.0	Sheppard, Mullin, Richter & Hampton, LLP	150000.0							
0001477932-20-003802	Tier2	Audited	N	N	N	Y	N	N	11400000	5000000	2.5	47025000.0	0.0	0.0	0.0	47025000.0		0.0	Dalmore Group, LLC	498750.0		0.0	Alan T. Schiffman, CPA, PC	5000.0	Trowbridge Sidoti	50000.0		0.0		0.0		46555000.0	
0001493152-20-012760	Tier2	Audited	Y	Y	N	Y	Y	N	133100	0	20.0	2662000.0	0.0	0.0	0.0	2662000.0	Independent Brokerage Solutions LLC	33133.0	Independent Brokerage Solutions LLC	79860.0	N/A	0.0	N/A	0.0	Anthony L.G., PLLC	5000.0	N/A	0.0	N/A	5000.0	153563	2662000.0	Estimated Net Proceeds Calculation (above) of $2,662,000 does not include any offering fees as all fees in connection with the offering are to be paid by Masterworks Administrative Services, LLC.
0001493152-20-012765	Tier2	Audited	Y	Y	N	Y	Y	N	75900	0	20.0	1518000.0	0.0	0.0	0.0	1518000.0	Independent Brokerage Solutions LLC	21043.0	Independent Brokerage Solutions LLC	45540.0	N/A	0.0	N/A	0.0	Anthony L.G., PLLC	5000.0	N/A	0.0	N/A	5000.0	153563	1518000.0	Estimated Net Proceeds Calculation (above) of $1,518,000 does not include any offering fees as all fees in connection with the offering are to be paid by Masterworks Administrative Services, LLC.
0001493152-20-012776	Tier2	Audited	N	N	N	Y	N	N	40000	0	1000.0	40000000.0	0.0	0.0	0.0	40000000.0			Emerson Equity	3600000.0			dbbmckennon	30000.0	FitzGerald Yap Kreditor LLP	125000.0							Emerson Equity's fees include a 1% as dealer manager fee, a 1% wholesale fee, 6% for sales commissions, and up to 1% for a marketing and due diligence reallowance for expenses incurred by the selling group on behalf of the Fund.
0001654954-20-007433	Tier2	Audited	Y	Y	N	Y	N	N	0	0	0.0	0.0	0.0	0.0	0.0	0.0																	
0001493152-20-012751	Tier2	Audited	Y	Y	N	Y	Y	N	88000	0	20.0	1760000.0	0.0	0.0	0.0	1760000.0	Independent Brokerage Solutions LLC	26045.0	Independent Brokerage Solutions LLC	52800.0	N/A	0.0	N/A	0.0	Anthony L.G., PLLC	5000.0	N/A	0.0	N/A	5000.0	153563	1760000.0	Estimated Net Proceeds Calculation (above) of $1,760,000 does not include any offering fees as all fees in connection with the offering are to be paid by Masterworks Administrative Services, LLC.
0001213900-20-016847	Tier2	Audited	Y	N	N	Y	N	N	29999000	100000000	0.2	5000000.0	999800.0	0.0	0.0	5999800.0							MICHAEL GILLESPIE & ASSOCIATES, PLLC	7750.0	McMurdo Law Group, LLC	10000.0						5000000.0	
0001104659-20-081534	Tier2	Audited	Y	N	N	Y	N	N	4114750	0	10.0	4114750.0	0.0	6000000.0	2965190.0	13079940.0									Manatt, Phelps & Phillips, LLP	1000.0							"The response to ""Number of securities offered"" above represents the aggregate principal amount of LROs being offered by the issuer."
0001350455-20-000009	Tier2	Audited	Y	N	N	Y	N	N	1000000	1000000	50.0	50000000.0	0.0	0.0	0.0	50000000.0		0.0		0.0		0.0	BF Borgers CPA PC -- Certified Public Accountants	6795.0	Lerman Law Associates, PC	5500.0		0.0		0.0		50000000.0	Michael Gilmore will issue 1,000,000 Class A Interests of which none have been sold, which leaves 1,000,000 outstanding for sell to the general public once qualified. Class B Interests will be sold After Offering. Issuer Gilmore is still seeking auditors.
0001213900-20-016710	Tier2	Audited	Y	Y	N	Y	N	N	50000000	0	1.0	50000000.0	0.0	0.0	0.0	50000000.0							Mahoney Sabol & Company, LLP	15000.0	Lex Nova Law LLC	60000.0			Virtual Paralegal Services	5000.0			
0001493152-20-012582	Tier2	Audited	Y	Y	N	Y	Y	N	88000	0	20.0	1760000.0	0.0	0.0	0.0	1760000.0	SDDCO Brokerage Advisors LLC	26045.0	SDDCO Brokerage Advisors LLC	52800.0	N/A	0.0	N/A	0.0	Anthony L.G., PLLC	5000.0	N/A	0.0	N/A	5000.0	153563	1760000.0	Estimated Net Proceeds Calculation (above) of $1,760,000 does not include any offering fees as all fees in connection with the offering are to be paid by Masterworks Administrative Services, LLC.
0001683168-20-002162	Tier1	Unaudited	N	N	N	Y	N	N	500000000	183753333	0.001	5000000.0	0.0	0.0	0.0	5000000.0									Byron Thomas	1500.0						4998500.0	
0001654954-20-007288	Tier2	Audited	N	N	N	Y	N	N	10000000		5.0	5.0	0.0	0.0	0.0	5.0																	
0001213900-20-016546	Tier2	Audited	Y	Y	N	Y	N	N	996380	1074993	5.5200000000000005	5000016.0	0.0	0.0	0.0	5000016.0	StartEngine Primary LLC	175001.0					Artesian CPA, LLC	9450.0	CrowdCheck Law LLP	60000.0					291773	4755565.0	Underwriting fees estimate assumes the maximum amount of commissions payable to StartEngine Primary LLC for their services in this offering.
0001213900-20-016522	Tier2	Audited	Y	Y	N	Y	N	N	50000000	0	1.0	50000000.0	0.0	0.0	0.0	50000000.0							Mahoney Sabol & Company, LLP	15000.0	Lex Nova Law LLC	45000.0			Virtual Paralegal Services	5000.0			
0001410578-20-000112	Tier2	Audited	Y	N	N	Y	N	N	1583030	0	10.0	1583030.0	0.0	6000000.0	2956190.0	10539220.0									Manatt, Phelps & Phillips, LLP	1000.0							"The response to ""Number of securities offered"" above represents the aggregate principal amount of LROs being offered by the issuer."
0001214659-20-006032	Tier2	Audited	Y	N	N	Y	N	N	2030000000	0	1.0	50000000.0	0.0	0.0	0.0	50000000.0	Unknown	1500000.0					Turner Stone and Company LLP	30000.0	Freeborn & Peters LLP	130000.0	Unknown	1000000.0	Freeborn & Peters LLP	25000.0		46675000.0	Net proceeds reflects the inclusion of additional fees not listed above (but described on the 2nd page to the Offering Circular).
0001214659-20-005994	Tier2	Audited	Y	N	N	Y	N	N	2030000000	0	1.0	50000000.0	0.0	0.0	0.0	50000000.0	Unknown	1500000.0					Turner Stone and Company LLP	30000.0	Freeborn & Peters LLP	130000.0	Unknown	1000000.0	Freeborn & Peters LLP	25000.0		46675000.0	Net proceeds reflects the inclusion of additional fees not listed above (but described on the 2nd page to the Offering Circular).
0001104659-20-079645	Tier2	Audited	N	N	N	Y	Y	N	1610305	440214	6.21	10000000.0	0.0	0.0	0.0	10000000.0			StartEngine Primary LLC	700000.0			IndigoSpire CPAs & Advisors,	15000.0	Alliance Legal Partners, Inc.	60000.0					291773	6668496.0	Underwriter fees include, in addition to the 5.5% of the gross amount of the funds raised to be deducted from the proceeds of the offering, a 3.5% commission to be paid directly by the investors.
0001663577-20-000191	Tier2	Audited	Y	N	Y	Y	N	N	2500000	104425830	4.0	5000000.0	0.0	0.0	0.0	5000000.0									The Doney Law Firm	7500.0			None	5000.0			
0001815794-20-000003	Tier1	Unaudited	Y	N	N	Y	N	N	4000000	4000000	0.5	2000000.0	0.0	0.0	0.0	2000000.0																	
0001214659-20-005972	Tier2	Audited	Y	N	N	Y	N	N	2030000000	0	1.0	50000000.0	0.0	0.0	0.0	50000000.0	Unknown	1500000.0					Turner Stone and Company LLP	30000.0	Freeborn & Peters LLP	130000.0	Unknown	1000000.0	Freeborn & Peters LLP	25000.0		46675000.0	Net proceeds reflects the inclusion of additional fees not listed above (but described on the 2nd page to the Offering Circular).
0001104659-20-079203	Tier2	Audited	Y	Y	N	Y	N	N	2634217	11156034	12.94	34086763.0	0.0	15913237.0	0.0	50000000.0							RSM US LP	7500.0	Goodwin Procter LLP	40000.0						34039263.0	Minus expenses.
0001493152-20-012320	Tier2	Audited	Y	N	Y	Y	N	N	100000000	105420423	0.01	1000000.0	0.0	0.0	0.0	1000000.0									Andrew Coldicutt, Esq	18000.0			Various States	3000.0			
0001104659-20-079191	Tier2	Audited	Y	Y	N	Y	N	N	2462602	9283120	10.0	24626022.0	0.0	25373978.0	0.0	50000000.0							RSM US LLP	7500.0	Goodwin Procter LLP	40000.0						24578522.0	Minus expenses.
