ACCESSION_NUMBER	SI_ID	ISSUEDSECURITIESTITLE
0001477932-20-005664	1	Unsecured Promissory Notes
0001477932-20-005658	1	Unsecured Promissory Notes
0000950123-20-009977	1	7.0% Senior Secured Bonds
0001477932-20-005462	1	Common Stock
0001477932-20-005441	1	Class A Common Stock
0001213900-20-025370	1	Class A Interests
0001683168-20-003029	1	Common Stock
0001683168-20-002993	1	Common Stock
0001104659-20-100819	1	Class D USD$ Series Limited Partnership Units
0001214659-20-007534	1	Common Stock
0001104659-20-097383	1	Series C Preferred Stock
0001640334-20-002184	1	Units Consisting of One Common Share and One-Half of One Share Purchase Warrant
0001654954-20-009257	1	7% unsecured bonds
0001214659-20-006873	1	N/A - Common Equity
0001671132-20-000002	1	Common
0001683168-20-002400	1	Class A Common Stock
0001437749-20-015855	2	SERIES OL2018
0001437749-20-015855	1	SERIES TF2019
0001104659-20-086536	2	Class NL Common Stock
0001104659-20-086536	1	Class L Common Stock
0001493152-20-013793	1	Class A Common Stock, par value $0.0001 per share
0001213900-20-017882	1	Class A Units
0001767876-20-000035	1	No securities issued pursuant to Regulation A as of filing
0001493152-20-013535	1	Common Stock
0001493152-20-013276	1	Class A ordinary shares
0001104659-20-082321	1	Class C Common Stock
0001493152-20-012735	1	Common Stock
0001104659-20-081638	1	Common Stock
0001213900-20-016773	1	Series B Preferred Stock and Series C Preferred Stock
