ACCESSION_NUMBER	SECURITY_ID	SECURITIESISSUERNAME	SECURITIESISSUERTITLE	SECURITIESISSUEDTOTALAMOUNT	SECURITIESPRINCIPALHOLDERAMT	SECURITIESISSUEDAGGREGATEAMT	AGGREGATECONSIDERATIONBASIS
0001104659-20-110489	1	Monogram Orthopaedics, Inc.	Series A Preferred Stock	3608917	3608917	$14,568,568 at $4.00 per share.	XX
0001104659-20-110299	1	Flower Turbines, Inc.	Common Stock	106493	0	1,062,150 (106,215 shares at $10.00 per share + 278 bonus shares)	
0001104659-20-110299	2	Flower Turbines, Inc.	Common Stock	106493	0	1,062,150 (106,215 shares at $10.00 per share + 278 bonus shares)	
0001213900-20-029117	1	Renewable Energy and Power, Inc.	Common Stock	1847361580	0	$1,216,790, - $656,058 of principal, interest and fees in conversion; $470,048 in settlement of liability under 3(a)(10); and $90,684 in fair market value (binomial model) for warrants exercised. As share sales for settlement under 3(a)(10) are finalized and funds remitted to original creditors additional consideration for the shares issued will be recognized.	
0001213900-20-029067	1	Fig Publishing, Inc.	Fig Game Shares - Chorus	372	0	$372,000	
0001213900-20-029067	2	Fig Publishing, Inc.	Fig Game Shares - Chorus	372	0	$372,000	
0001104659-20-110040	1	TriplePulse, Inc.	Common Stock	3119045	0	$1,066,396.85 for 2,962,213 shares @ $0.36 per share and 156,832 bonus shares @ $0.00 per share.	
0001493152-20-018527	1	Worksport Ltd.	Common stock	30000	0	$250,000	
0001688804-20-000008	1	RSE Collection, LLC	Series #77LE1, a series of RSE Collection, LLC	2000	0	Aggregate amount: $77,700 Basis of Computing: 2000 LLC Interests at $38.85 per Interest	
0001477932-20-005625	1	Resgreen Group International, Inc.	Common Stock	42777629	0	$178,500; at $0.004	N/A
0001213900-20-028739	2	Fig Publishing, Inc.	Fig Game Shares - Chorus	372	0	$372,000	
0001213900-20-028739	1	Fig Publishing, Inc.	Fig Game Shares - Chorus	372	0	$372,000	
0001493152-20-018386	1	Masterworks 025, LLC	Membership Interests	1000	0	100% of the membership interests in Masterworks 025, LLC were issued to Masterworks Gallery, LLC in return for a capital contribution of $100	
0001213900-20-028461	1	The3rdBevCo, Inc.	Common and Series B Preferred	18599999	0	$0.00	
0001731122-20-000984	1	Cyber Apps World, Inc.	convertible promissory notes	248500	0	248500 cash	
0001104659-20-108485	1	The Good Earth Organics, Inc.	Common Stock and Series Seed Preferred Stock	422150	0	$422,150 at $1.00 per share	
0001104659-20-108485	2	The Good Earth Organics, Inc.	Common Stock and Series Seed Preferred Stock	422150	0	$422,150 at $1.00 per share	
0001104659-20-108279	1	Escalate Wealth REIT I, Inc.	Common Stock	100	0	100 shares at $10.00 per share	
0001062993-20-004615	1	Contact Gold Corp.	Units, consisting of one share of Common Stock and one Warrant, exercisable to acquire one share of common stock at C$0.15 per share for 24 months	12500000	0	C$1,250,000 based on 12,500,000 units at C$0.10 per unit.	
0001062993-20-004615	2	Contact Gold Corp.	Units, consisting of one share of Common Stock and one Warrant, exercisable to acquire one share of common stock at C$0.15 per share for 24 months	12500000	0	C$1,250,000 based on 12,500,000 units at C$0.10 per unit.	
0001683168-20-003230	2	CBD Life Sciences, Inc.	Common Stock, $0.0001 par value	1101186280	0	550146 206000	
0001683168-20-003230	1	CBD Life Sciences, Inc.	Common Stock, $0.0001 par value	1101186280	0	550146 206000	
0001213900-20-028004	5	Brain Scientific Inc.	Common stock	75000	0	For advisory services.	0
0001213900-20-028004	7	Brain Scientific Inc.	Common stock	75000	0	For advisory services.	0
0001213900-20-028004	4	Brain Scientific Inc.	Common stock	75000	0	For advisory services.	0
0001213900-20-028004	3	Brain Scientific Inc.	Common stock	75000	0	For advisory services.	0
0001213900-20-028004	2	Brain Scientific Inc.	Common stock	75000	0	For advisory services.	0
0001213900-20-028004	1	Brain Scientific Inc.	Common stock	75000	0	For advisory services.	0
0001213900-20-028004	6	Brain Scientific Inc.	Common stock	75000	0	For advisory services.	0
0001683168-20-003222	1	My Racehorse CA LLC	See Exhibit 16.1	61121	0	8930410	
0001477932-20-005529	1	LB 1 LLC	Common Membership Interest	100	0	$100.00 Founding Capital Contribution	
0001062993-20-004592	1	Contact Gold Corp.	Units, consisting of one share of Common Stock and one Warrant, exercisable to acquire one share of common stock at C$0.15 per share for 24 months	12500000	0	C$1,250,000 based on 12,500,000 units at C$0.10 per unit.	
0001062993-20-004592	2	Contact Gold Corp.	Units, consisting of one share of Common Stock and one Warrant, exercisable to acquire one share of common stock at C$0.15 per share for 24 months	12500000	0	C$1,250,000 based on 12,500,000 units at C$0.10 per unit.	
0001214659-20-008021	1	CannAssist International Corp.	Common Stock; Series A Preferred Stock; Promissory Notes	1026011	1000	Aggregate consideration for which the securities were issued was $2,984,000, and the basis for computing the amount thereof is as follows: The Company granted 175,000 shares of common stock for services. The shares were valued at $0.25 for total non-cash expense of $43,750. The Company sold 850,000 shares of common stock to six investors for total cash proceeds of $150,000 as part of a series of private placements. The Company issued 1,000 shares of its Series A Preferred Stock to Mark Palumbo, an officer and sole director of the Company. Based on the rights of the designation the shares of preferred stock were valued at 60% of the value of the total common stock outstanding. The shares of common stock have a current fair value of $0.25 per share resulting in total non-cash expense of $2,765,250. The Company issued 10 Convertible Promissory Note to 10 investors for aggregate proceeds of $29,500. The maturity date of the notes are 6 months from the date of issuance and there is no interest on the notes. At maturity, the unpaid principal will convert into shares of the common stock of the Company at a conversion price of $0.25 per share. As an inducement to enter into the notes, a total of 40,836 common stock purchase warrants were issued which enable the holders thereof to purchase 1 share of the common stock of the Company per warrant exercised at an exercise price of $0.50 per share. The Company issued 1 Promissory Note to 1 investor for aggregate proceeds of $10,000. The maturity date of the note is 24 months from the date of issuance. The interest rate on the note is 12% per annum.	The Company issued 1,000 shares of its Series A Preferred Stock to Mark Palumbo, an officer and sole director of the Company. Based on the rights of the designation the shares of preferred stock were valued at 60% of the value of the total common stock outstanding. The shares of common stock have a current fair value of $0.25 per share resulting in total non-cash expense of $2,765,250.
0001477932-20-005492	1	Paradyme Equities, LLC	Class B Interests	1000	0	1000	
0001731122-20-000962	1	CF FUND II, LLC	Promissory Notes	1874000	0	$1,874,000 were issued and sold pursuant to Offering Circular File No. 024-10732 (as may be amended and supplemented from time to time)	
0001420506-20-001022	1	Fast Casual Concepts, Inc.	Common stock	100000000	0	0	
0001104659-20-106442	4	Knightscope, Inc.	Series S Preferred Stock	2962535	0	$23,639,560.00	
0001104659-20-106442	1	Knightscope, Inc.	Series S Preferred Stock	2962535	0	$23,639,560.00	
0001104659-20-106442	2	Knightscope, Inc.	Series S Preferred Stock	2962535	0	$23,639,560.00	
0001104659-20-106442	3	Knightscope, Inc.	Series S Preferred Stock	2962535	0	$23,639,560.00	
0001104659-20-106416	1	Gatsby Digital, Inc.	Series Seed Preferred Stock	1673928	0	$670,000 ($0.40 per share)	
0001104659-20-106416	2	Gatsby Digital, Inc.	Series Seed Preferred Stock	1673928	0	$670,000 ($0.40 per share)	
0001640334-20-002366	1	Draganfly Inc.	Common Shares	1868050	0	USD $1,868,050 at C$0.50 per share.	
0001493152-20-017983	1	Masterworks 027, LLC	Membership Interests	1000	0	100% of the membership interests in Masterworks 027, LLC were issued to Masterworks Gallery, LLC in return for a capital contribution of $100	
0001104659-20-106144	1	Waverly Labs Inc.	Series C Common Stock	333290	0	280,333 Series C Shares at $3.80 per share for an aggregate of $1,065,265, plus 52,957 bonus shares issued to certain investors.	
0001445866-20-001349	1	XCraft Enterprises, Inc.	Class B Non-Voting Common Stock	300076	0	$1,068,271 (300,076 shares at $3.56 per share)	
0001785982-20-000849	1	The BeBop Channel Corporation	Common	8772041	8772041	Founders and Founders Team 6,300,000 Million Shares purchased at 0.0001 per share Capital Contributions $630.00 Harlem Initiative Investors 15,750 shares purchased at $0.10 per share Capital Contributions $1,575.00 2020 investors 47,591 shares purchased or converted by CEO Veres at $1.00 per share Capital Contributions $47,591.00 ($40,000.00 excluding conversions of $7,591.00) 1,200 shares purchased at $1.00 per share Capital Contributions $1,200.00 Filmmakers 2,407,500 shares granted to filmmakers Capital Contributions $0.00	
0001104659-20-105727	2	The Good Earth Organics, Inc.	Common Stock and Series Seed Preferred Stock	422150	0	$422,150 at $1.00 per share	
0001104659-20-105727	1	The Good Earth Organics, Inc.	Common Stock and Series Seed Preferred Stock	422150	0	$422,150 at $1.00 per share	
0001709098-20-000012	1	Saya International Corporation	Common Stock	1157	0	1,157 shares of common stock issued at $1.00 per share for an aggregate consideration of $1,157.00.	
0001213900-20-026891	1	Renewable Energy and Power, Inc.	Common Stock	1847361580	0	$1,216,790, - $656,058 of principal, interest and fees in conversion; $470,048 in settlement of liability under 3(a)(10); and $90,684 in fair market value (binomial model) for warrants exercised. As share sales for settlement under 3(a)(10) are finalized and funds remitted to original creditors additional consideration for the shares issued will be recognized.	
0001104659-20-105299	1	Veritransfer Inc.	Common Stock	3590000	0	$907,500, including 3,550,000 at $0.25/share and 40,000 at $0.50/share	
0001104659-20-105299	2	Veritransfer Inc.	Common Stock	3590000	0	$907,500, including 3,550,000 at $0.25/share and 40,000 at $0.50/share	
0001493152-20-017839	1	Mystic Holdings, Inc.	Combined First and Second Private Placement of 8pc Convertible Debentures: 1. 8pc Convertible Debentures with a C$0.30 conversion price effective May 31, 2019 and 2. 8pc Convertible Debentures with a C$0.80 conversion price effective August 31, 2019	16500000	0	$7800000 in cash proceeds	
0001477932-20-005415	1	Resgreen Group International, Inc.	Common Stock	42777629	0	$178,500; at $0.004	N/A
0001493152-20-017725	1	Worthy Community Bonds, Inc.	Common Stock	100	0	$5,000 (100 shares of common stock at $50.00 per share)	
0001213900-20-026322	1	Direct Communication Solutions, Inc.	Common stock options	1045000	0	$0.00 (compensatory equity incentive grants)	
0001213900-20-026322	2	Direct Communication Solutions, Inc.	Common stock options	1045000	0	$0.00 (compensatory equity incentive grants)	
0001104659-20-104521	1	Gatsby Digital, Inc.	Series Seed Preferred Stock	1673928	0	$670,000 ($0.40 per share)	
0001104659-20-104521	2	Gatsby Digital, Inc.	Series Seed Preferred Stock	1673928	0	$670,000 ($0.40 per share)	
0001493152-20-017677	1	Masterworks 024, LLC	Membership Interests	1000	0	100% of the membership interests in Masterworks 024, LLC were issued to Masterworks Gallery, LLC in return for a capital contribution of $100	
0001493152-20-017649	1	Can B Corp.	Common Stock	1804236	0	$1,838,100 plus services and as incentive shares issued in conjunction with issuance of convertible debt.	
0001493152-20-017649	2	Can B Corp.	Common Stock	1804236	0	$1,838,100 plus services and as incentive shares issued in conjunction with issuance of convertible debt.	
0001493152-20-017649	3	Can B Corp.	Common Stock	1804236	0	$1,838,100 plus services and as incentive shares issued in conjunction with issuance of convertible debt.	
0001104659-20-104344	1	1st stREIT Office Inc.	Common Stock	7500	7500	$75000 ($10 per share of common stock)	Same as above
0001683168-20-003102	1	Wearable Health Solutions, Inc.	Common Stock	402500000	0	$40,250	
0001493152-20-017547	1	Worksport Ltd.	Common stock	30000	0	$250,000	
0001104659-20-103878	1	FUTURE LABS VI, INC.	Class F Stock	3000000	0	313,536.50	
0001477932-20-005349	1	MjLink.com, Inc.	Common	5270682	0	$527,068; $0.10 per share	
0001477932-20-005349	2	MjLink.com, Inc.	Common	5270682	0	$527,068; $0.10 per share	
0001213900-20-025772	1	Fig Publishing, Inc.	Fig Game Shares - Chorus	372	0	$372,000	
0001213900-20-025772	2	Fig Publishing, Inc.	Fig Game Shares - Chorus	372	0	$372,000	
0001751158-20-000063	1	Jamestown Invest 1, LLC	Common Shares	550100	550100	$5,501,000 (10.00 per common share)	Same as above
0001731122-20-000940	1	Cyber Apps World, Inc.	convertible promissory notes	248500	0	248500 cash	
0001493152-20-017339	1	Masterworks 023, LLC	Membership Interests	1000	0	100% of the membership interests in Masterworks 023, LLC were issued to Masterworks Gallery, LLC in return for a capital contribution of $100	
0001683168-20-003056	1	Global Cancer Technology, Inc.	Common Stock	1336438	0	740750	
0001420506-20-001003	1	Fast Casual Concepts, Inc.	Common stock	100000000	0	0	
0001104659-20-102231	1	Solutions Vending International, Inc.	Convertible Promissory Notes	30000	0	$30,000	
0001104659-20-102231	2	Solutions Vending International, Inc.	Convertible Promissory Notes	30000	0	$30,000	
0001019056-20-000495	1	Prometheum, Inc.	Common Stock and Ember Warrants	16400000	0	$4.1 million cash.	
0001493152-20-017206	1	Masterworks 022, LLC	Membership Interests	1000	0	100% of the membership interests in Masterworks 022, LLC were issued to Masterworks Gallery, LLC in return for a capital contribution of $100	
0001493152-20-017205	1	Masterworks 020, LLC	Membership Interests	1000	0	100% of the membership interests in Masterworks 020, LLC were issued to Masterworks Gallery, LLC in return for a capital contribution of $100	
0001477932-20-005280	3	Iron Bridge Mortgage Fund, LLC	10 percent Preferred, Particip LLC Ownership Interests (Equity)	110000	0	August 2019-July 2020 = $110,000	
0001477932-20-005280	2	Iron Bridge Mortgage Fund, LLC	10 percent Preferred, Particip LLC Ownership Interests (Equity)	110000	0	August 2019-July 2020 = $110,000	
0001477932-20-005280	1	Iron Bridge Mortgage Fund, LLC	10 percent Preferred, Particip LLC Ownership Interests (Equity)	110000	0	August 2019-July 2020 = $110,000	
0001104659-20-101814	1	The Good Earth Organics, Inc.	Common Stock and Series Seed Preferred Stock	422150	0	$422,150 at $1.00 per share	
0001104659-20-101814	2	The Good Earth Organics, Inc.	Common Stock and Series Seed Preferred Stock	422150	0	$422,150 at $1.00 per share	
0001213900-20-025002	1	The3rdBevCo, Inc.	Common and Series B Preferred	18599999	0	$0.00	
0001104659-20-101751	4	Scopus Biopharma Inc.	units comprised of shares of common stock and warrants	150169	0	$450,507 in connection with the sale of each unit, consisting of one share of common stock and two warrants, for $3.00 per unit.	
0001104659-20-101751	3	Scopus Biopharma Inc.	units comprised of shares of common stock and warrants	150169	0	$450,507 in connection with the sale of each unit, consisting of one share of common stock and two warrants, for $3.00 per unit.	
0001104659-20-101751	2	Scopus Biopharma Inc.	units comprised of shares of common stock and warrants	150169	0	$450,507 in connection with the sale of each unit, consisting of one share of common stock and two warrants, for $3.00 per unit.	
0001104659-20-101751	1	Scopus Biopharma Inc.	units comprised of shares of common stock and warrants	150169	0	$450,507 in connection with the sale of each unit, consisting of one share of common stock and two warrants, for $3.00 per unit.	
0001104659-20-101751	5	Scopus Biopharma Inc.	units comprised of shares of common stock and warrants	150169	0	$450,507 in connection with the sale of each unit, consisting of one share of common stock and two warrants, for $3.00 per unit.	
0001683168-20-002977	1	Advanced Bio-Oil Technologies Ltd.	Convertible Preferred Stock Class A	28500000	0	$28,500.00 - $0.001/share; paid for in full by the Founders and initial Management, also founding shareholders.	
0001214659-20-007607	2	East Bay Permanent Real Estate Cooperative, Inc.	Investor Owner Shares	250	0	The securities were issued for aggregate consideration of $250,000, with each share priced at $1,000. However, some investors are paying in installments and have not completed their payments yet, thus the total consideration collected to date is $235,770	
0001214659-20-007607	1	East Bay Permanent Real Estate Cooperative, Inc.	Investor Owner Shares	250	0	The securities were issued for aggregate consideration of $250,000, with each share priced at $1,000. However, some investors are paying in installments and have not completed their payments yet, thus the total consideration collected to date is $235,770	
0001104659-20-101562	1	To The Stars Academy of Arts and Science Inc.	Class A Common Stock	161762	0	808,810 at $5.00 per share.	
0001493152-20-017101	1	Quara Devices Inc.	Shares of Common Stock and Options exercisable for shares of Common Stock	45090140	0	$907,036, representing 20,357,361 shares issued at $0.0001 per share and 18,100,000 shares issued at $0.05 per share (including per share value of services for grants of shares). No consideration was received in connection with the issuance of Options.	
0001104659-20-101428	1	Escalate Wealth REIT I, Inc.	Common Stock	100	0	100 shares at $10.00 per share	
0001654954-20-009692	1	Red Oak Capital Intermediate Income Fund, LLC	limited liability company interests	1	1	100	At its formation, Red Oak Capital Intermediate Income Fund, LLC issued one limited liability company interest to Red Oak Capital Participation Fund GP, LLC, its sole member for a cash contribution of $100.00.
0001062993-20-004254	1	Contact Gold Corp.	Units, consisting of one share of Common Stock and one Warrant, exercisable to acquire one share of common stock at C$0.15 per share for 24 months	12500000	0	C$1,250,000 based on 12,500,000 units at C$0.10 per unit.	
0001062993-20-004254	2	Contact Gold Corp.	Units, consisting of one share of Common Stock and one Warrant, exercisable to acquire one share of common stock at C$0.15 per share for 24 months	12500000	0	C$1,250,000 based on 12,500,000 units at C$0.10 per unit.	
0001104659-20-100710	1	School of Whales Commercial Real Estate Equity Fund, LLC	Class B Units	12500000	0	200	
0001104659-20-100488	1	Virtuix Holdings Inc.	Convertible Promissory Notes	1895845	0	1,895,845 at par	
0001785982-20-000819	1	The BeBop Channel Corporation	Common	8817950	8817950	Founders and Founders Team 6,300,000 Million Shares purchased at 0.0001 per share Capital Contributions $630.00 Harlem Initiative Investors 15,750 shares purchased at $0.10 per share Capital Contributions $1,575.00 2020 investors 47,591 shares purchased or converted by CEO Veres at $1.00 per share Capital Contributions $47,591.00 ($40,000.00 excluding conversions of $7,591.00) 1,500 shares purchased at $1.00 per share Capital Contributions $1,500.00 Filmmakers 2,407,500 shares granted to filmmakers Capital Contributions $0.00	
0001104659-20-100256	1	Monogram Orthopaedics, Inc.	Series A Preferred Stock	3608917	3608917	$14,568,568 at $4.00 per share.	XX
0001493152-20-016936	1	Worthy Community Bonds, Inc.	Common Stock	100	0	$5,000 (100 shares of common stock at $50.00 per share)	
0001214659-20-007531	1	Atlis Motor Vehicles, Inc	Class A Common Stock	342355	0	178212.63	
0001654954-20-009597	1	TPT Global Tech, Inc.	Common Stock	720608467	0	$0.0001 through $0.0497	0
0001213900-20-024047	2	Fig Publishing, Inc.	Fig Game Shares - Chorus	372	0	$372,000	
0001213900-20-024047	1	Fig Publishing, Inc.	Fig Game Shares - Chorus	372	0	$372,000	
0001213900-20-023993	1	Cannabis Strategic Ventures	Common Stock	97708233	0	0	
0001214659-20-007497	1	CERES COIN LLC	Private Investment Agreements (PIAs)	230000	0	230000 cash	
0001214659-20-007494	5	CNote Group, Inc.	Common stock, par value $0.00001 per share	470724	0	$30,701 (aggregate amount of the consideration payable for the exercise of options under the option agreements)	
0001214659-20-007494	4	CNote Group, Inc.	Common stock, par value $0.00001 per share	470724	0	$30,701 (aggregate amount of the consideration payable for the exercise of options under the option agreements)	
0001214659-20-007494	3	CNote Group, Inc.	Common stock, par value $0.00001 per share	470724	0	$30,701 (aggregate amount of the consideration payable for the exercise of options under the option agreements)	
0001214659-20-007494	2	CNote Group, Inc.	Common stock, par value $0.00001 per share	470724	0	$30,701 (aggregate amount of the consideration payable for the exercise of options under the option agreements)	
0001214659-20-007494	1	CNote Group, Inc.	Common stock, par value $0.00001 per share	470724	0	$30,701 (aggregate amount of the consideration payable for the exercise of options under the option agreements)	
0001214659-20-007494	6	CNote Group, Inc.	Common stock, par value $0.00001 per share	470724	0	$30,701 (aggregate amount of the consideration payable for the exercise of options under the option agreements)	
0001214659-20-007491	1	Atlis Motor Vehicles, Inc	Class A Common Stock	342355	0	178212.63	
0001104659-20-098680	1	Solutions Vending International, Inc.	Convertible Promissory Notes	30000	0	$30,000	
0001104659-20-098680	2	Solutions Vending International, Inc.	Convertible Promissory Notes	30000	0	$30,000	
0001213900-20-023800	2	Fig Publishing, Inc.	Fig Game Shares - Chorus	372	0	$372,000	
0001213900-20-023800	1	Fig Publishing, Inc.	Fig Game Shares - Chorus	372	0	$372,000	
0001683168-20-002863	2	CLIKIA CORP.	COMMON STOCK	13200	0	ISSUED PURSUANT TO SETTLEMENT AGREEMENT AND STIPULATION CONVERSION FOR $2100	SAME AS (c)(1)
0001683168-20-002863	3	CLIKIA CORP.	COMMON STOCK	13200	0	ISSUED PURSUANT TO SETTLEMENT AGREEMENT AND STIPULATION CONVERSION FOR $2100	SAME AS (c)(1)
0001683168-20-002863	4	CLIKIA CORP.	COMMON STOCK	13200	0	ISSUED PURSUANT TO SETTLEMENT AGREEMENT AND STIPULATION CONVERSION FOR $2100	SAME AS (c)(1)
0001683168-20-002863	1	CLIKIA CORP.	COMMON STOCK	13200	0	ISSUED PURSUANT TO SETTLEMENT AGREEMENT AND STIPULATION CONVERSION FOR $2100	SAME AS (c)(1)
0001445866-20-001282	2	Parallel Flight Technologies, Inc.	Class A Common Stock	796859	0	$1,070,000 (at $1.40 per share)	
0001445866-20-001282	1	Parallel Flight Technologies, Inc.	Class A Common Stock	796859	0	$1,070,000 (at $1.40 per share)	
0001214659-20-007474	1	CannAssist International Corp.	Common Stock; Series A Preferred Stock; Promissory Notes	1026011	1000	Aggregate consideration for which the securities were issued was $2,984,000, and the basis for computing the amount thereof is as follows: The Company granted 175,000 shares of common stock for services. The shares were valued at $0.25 for total non-cash expense of $43,750. The Company sold 850,000 shares of common stock to six investors for total cash proceeds of $150,000 as part of a series of private placements. The Company issued 1,000 shares of its Series A Preferred Stock to Mark Palumbo, an officer and sole director of the Company. Based on the rights of the designation the shares of preferred stock were valued at 60% of the value of the total common stock outstanding. The shares of common stock have a current fair value of $0.25 per share resulting in total non-cash expense of $2,765,250. The Company issued 10 Convertible Promissory Note to 10 investors for aggregate proceeds of $29,500. The maturity date of the notes are 6 months from the date of issuance and there is no interest on the notes. At maturity, the unpaid principal will convert into shares of the common stock of the Company at a conversion price of $0.25 per share. As an inducement to enter into the notes, a total of 40,836 common stock purchase warrants were issued which enable the holders thereof to purchase 1 share of the common stock of the Company per warrant exercised at an exercise price of $0.50 per share. The Company issued 1 Promissory Note to 1 investor for aggregate proceeds of $10,000. The maturity date of the note is 24 months from the date of issuance. The interest rate on the note is 12% per annum.	The Company issued 1,000 shares of its Series A Preferred Stock to Mark Palumbo, an officer and sole director of the Company. Based on the rights of the designation the shares of preferred stock were valued at 60% of the value of the total common stock outstanding. The shares of common stock have a current fair value of $0.25 per share resulting in total non-cash expense of $2,765,250.
0001104659-20-098342	2	Fisher Wallace Laboratories Inc.	Class A Common Stock	6000000	0	Assets of predecessor entity.	
0001104659-20-098342	1	Fisher Wallace Laboratories Inc.	Class A Common Stock	6000000	0	Assets of predecessor entity.	
0001213900-20-023540	2	Fig Publishing, Inc.	Fig Game Shares - Chorus	372	0	$372,000	
0001213900-20-023540	1	Fig Publishing, Inc.	Fig Game Shares - Chorus	372	0	$372,000	
0001477932-20-005161	1	MjLink.com, Inc.	Common	35478993	0		
0001477932-20-005161	2	MjLink.com, Inc.	Common	35478993	0		
0001104659-20-097992	1	American Hospitality Properties REIT, Inc.	Common Stock	2500	0	25000	
0001214659-20-007439	1	CERES COIN LLC	Private Investment Agreements (PIAs)	230000	0	230000 cash	
0001493152-20-016543	1	Masterworks 026, LLC	Membership Interests	1000	0	100% of the membership interests in Masterworks 026, LLC were issued to Masterworks Gallery, LLC in return for a capital contribution of $100	
0001493152-20-016496	1	MogulREIT II, Inc.	Common Stock	938639	0	9478204.00	
0001640334-20-002201	1	Draganfly Inc.	Common Shares	1868050	0	USD $1,868,050 at C$0.50 per share.	
0001477932-20-005062	1	LB 1 LLC	Common Membership Interest	100	0	$100.00 Founding Capital Contribution	
0001062993-20-004064	1	Shackelford Pharma Inc.	Common Shares	800000	0	$40,000 CAN, issued at $0.05	
0001171520-20-000379	1	Fast Casual Concepts, Inc.	Common stock	100000000	0	0	
0001477932-20-005022	1	Resgreen Group International, Inc.	Common Stock	42777629	0	$178,500; at $0.004	N/A
0001663577-20-000285	1	LifeQuest World Corp.	Common Stock	77000000	0	7700	
0001104659-20-096138	1	Solutions Vending International, Inc.	Convertible Promissory Notes	30000	0	$30,000	
0001104659-20-096138	2	Solutions Vending International, Inc.	Convertible Promissory Notes	30000	0	$30,000	
0001213900-20-022381	6	OriginClear, Inc.	Series K Preferred Stock	2433	0	$2,432,917 (total proceeds received from sale of Series K)	
0001213900-20-022381	5	OriginClear, Inc.	Series K Preferred Stock	2433	0	$2,432,917 (total proceeds received from sale of Series K)	
0001213900-20-022381	4	OriginClear, Inc.	Series K Preferred Stock	2433	0	$2,432,917 (total proceeds received from sale of Series K)	
0001213900-20-022381	3	OriginClear, Inc.	Series K Preferred Stock	2433	0	$2,432,917 (total proceeds received from sale of Series K)	
0001213900-20-022381	2	OriginClear, Inc.	Series K Preferred Stock	2433	0	$2,432,917 (total proceeds received from sale of Series K)	
0001213900-20-022381	1	OriginClear, Inc.	Series K Preferred Stock	2433	0	$2,432,917 (total proceeds received from sale of Series K)	
0001520138-20-000390	10	Sugarmade, Inc.	Common	1000000	0	29000	
0001520138-20-000390	11	Sugarmade, Inc.	Common	1000000	0	29000	
0001520138-20-000390	9	Sugarmade, Inc.	Common	1000000	0	29000	
0001520138-20-000390	8	Sugarmade, Inc.	Common	1000000	0	29000	
0001520138-20-000390	7	Sugarmade, Inc.	Common	1000000	0	29000	
0001520138-20-000390	6	Sugarmade, Inc.	Common	1000000	0	29000	
0001520138-20-000390	5	Sugarmade, Inc.	Common	1000000	0	29000	
0001520138-20-000390	4	Sugarmade, Inc.	Common	1000000	0	29000	
0001520138-20-000390	3	Sugarmade, Inc.	Common	1000000	0	29000	
0001520138-20-000390	1	Sugarmade, Inc.	Common	1000000	0	29000	
0001520138-20-000390	2	Sugarmade, Inc.	Common	1000000	0	29000	
0001445866-20-001202	1	Parallel Flight Technologies, Inc.	Class A Common Stock	796859	0	$1,070,000 (at $1.40 per share)	
0001445866-20-001202	2	Parallel Flight Technologies, Inc.	Class A Common Stock	796859	0	$1,070,000 (at $1.40 per share)	
0001445866-20-001186	1	Parallel Flight Technologies, Inc.	Class A Common Stock	796859	0	$1,070,000 (at $1.40 per share)	
0001445866-20-001186	2	Parallel Flight Technologies, Inc.	Class A Common Stock	796859	0	$1,070,000 (at $1.40 per share)	
0001104659-20-094590	2	StorEn Technologies Inc.	Common Stock	267977	0	$1,052,843.40 at $4.20	
0001104659-20-094590	1	StorEn Technologies Inc.	Common Stock	267977	0	$1,052,843.40 at $4.20	
0001104659-20-094590	3	StorEn Technologies Inc.	Common Stock	267977	0	$1,052,843.40 at $4.20	
0001683168-20-002667	1	LiquidPiston, Inc.	Series Seed-1 Preferred Stock	88105	0	$1,063,591 principal and interest	
0001683168-20-002667	3	LiquidPiston, Inc.	Series Seed-1 Preferred Stock	88105	0	$1,063,591 principal and interest	
0001683168-20-002667	2	LiquidPiston, Inc.	Series Seed-1 Preferred Stock	88105	0	$1,063,591 principal and interest	
0001683168-20-002663	1	CLIKIA CORP.	COMMON STOCK	13200	0	ISSUED PURSUANT TO SETTLEMENT AGREEMENT AND STIPULATION CONVERSION FOR $2100	SAME AS (c)(1)
0001683168-20-002663	2	CLIKIA CORP.	COMMON STOCK	13200	0	ISSUED PURSUANT TO SETTLEMENT AGREEMENT AND STIPULATION CONVERSION FOR $2100	SAME AS (c)(1)
0001683168-20-002663	3	CLIKIA CORP.	COMMON STOCK	13200	0	ISSUED PURSUANT TO SETTLEMENT AGREEMENT AND STIPULATION CONVERSION FOR $2100	SAME AS (c)(1)
0001683168-20-002663	4	CLIKIA CORP.	COMMON STOCK	13200	0	ISSUED PURSUANT TO SETTLEMENT AGREEMENT AND STIPULATION CONVERSION FOR $2100	SAME AS (c)(1)
0001520138-20-000370	1	Sugarmade, Inc.	Common	1000000	0	29000	
0001520138-20-000370	2	Sugarmade, Inc.	Common	1000000	0	29000	
0001520138-20-000370	3	Sugarmade, Inc.	Common	1000000	0	29000	
0001520138-20-000370	4	Sugarmade, Inc.	Common	1000000	0	29000	
0001520138-20-000370	5	Sugarmade, Inc.	Common	1000000	0	29000	
0001520138-20-000370	6	Sugarmade, Inc.	Common	1000000	0	29000	
0001520138-20-000370	7	Sugarmade, Inc.	Common	1000000	0	29000	
0001520138-20-000370	11	Sugarmade, Inc.	Common	1000000	0	29000	
0001520138-20-000370	8	Sugarmade, Inc.	Common	1000000	0	29000	
0001520138-20-000370	9	Sugarmade, Inc.	Common	1000000	0	29000	
0001520138-20-000370	10	Sugarmade, Inc.	Common	1000000	0	29000	
0001214659-20-006994	1	Atlis Motor Vehicles, Inc	Class A Common Stock	342355	0	178212.63	
0001493152-20-015287	1	Masterworks 021, LLC	Membership Interests	1000	0	100% of the membership interests in Masterworks 021, LLC were issued to Masterworks Gallery, LLC in return for a capital contribution of $100	
0001663577-20-000260	1	Cannagistics Inc.	Common Stock	40000000	0	N/A	
0001104659-20-092740	5	Scopus Biopharma Inc.	units comprised of shares of common stock and warrants	150169	0	$450,507 in connection with the sale of each unit, consisting of one share of common stock and two warrants, for $3.00 per unit.	
0001104659-20-092740	4	Scopus Biopharma Inc.	units comprised of shares of common stock and warrants	150169	0	$450,507 in connection with the sale of each unit, consisting of one share of common stock and two warrants, for $3.00 per unit.	
0001104659-20-092740	3	Scopus Biopharma Inc.	units comprised of shares of common stock and warrants	150169	0	$450,507 in connection with the sale of each unit, consisting of one share of common stock and two warrants, for $3.00 per unit.	
0001104659-20-092740	2	Scopus Biopharma Inc.	units comprised of shares of common stock and warrants	150169	0	$450,507 in connection with the sale of each unit, consisting of one share of common stock and two warrants, for $3.00 per unit.	
0001104659-20-092740	1	Scopus Biopharma Inc.	units comprised of shares of common stock and warrants	150169	0	$450,507 in connection with the sale of each unit, consisting of one share of common stock and two warrants, for $3.00 per unit.	
0001104659-20-092693	2	Fisher Wallace Laboratories Inc.	Class A Common Stock	6000000	0	Assets of predecessor entity.	
0001104659-20-092693	1	Fisher Wallace Laboratories Inc.	Class A Common Stock	6000000	0	Assets of predecessor entity.	
0001477932-20-004677	1	Med-X, Inc.	Common Stock	6636986	114203	4,293,947 at $0.60 per share ($2,576,368), 1,426,372 at $0.80 per share ($1,141,098)	$91,362
0001062993-20-003782	2	Contact Gold Corp.	Units, consisting of one share of Common Stock and one Warrant, exercisable to acquire one share of common stock at C$0.27 per share for 24 months	12500000	0	$12,896,000 based on 75,000,000 Units and 11,250,00 Over-Allotment Units at C$.20 per Unit (US$0.15)	
0001062993-20-003782	1	Contact Gold Corp.	Units, consisting of one share of Common Stock and one Warrant, exercisable to acquire one share of common stock at C$0.27 per share for 24 months	12500000	0	$12,896,000 based on 75,000,000 Units and 11,250,00 Over-Allotment Units at C$.20 per Unit (US$0.15)	
0001477932-20-004651	1	Med-X, Inc.	Common Stock	6636986	114203	4,293,947 at $0.60 per share ($2,576,368), 1,426,372 at $0.80 per share ($1,141,098)	$91,362
0001731122-20-000812	1	Cyber Apps World, Inc.	convertible promissory notes	248500	0	248500 cash	
0001213900-20-020689	2	Fig Publishing, Inc.	Fig Game Shares - Chorus	372	0	$372,000	
0001213900-20-020689	1	Fig Publishing, Inc.	Fig Game Shares - Chorus	372	0	$372,000	
0001213900-20-020739	2	Fig Publishing, Inc.	Fig Game Shares - Chorus	372	0	$372,000	
0001213900-20-020739	1	Fig Publishing, Inc.	Fig Game Shares - Chorus	372	0	$372,000	
0001213900-20-020969	2	Crush Capital Inc. (formerly known as Trojan Horse Media Group LLC)	Preferred Units	475000	0	$475,000, representing Preferred Units issued at $1.00 per share. Subsequent to issuance, the Company converted to a Delaware corporation and converted each Preferred Unit into 5.4658 shares of Series A Preferred Stock.	
0001213900-20-020969	3	Crush Capital Inc. (formerly known as Trojan Horse Media Group LLC)	Preferred Units	475000	0	$475,000, representing Preferred Units issued at $1.00 per share. Subsequent to issuance, the Company converted to a Delaware corporation and converted each Preferred Unit into 5.4658 shares of Series A Preferred Stock.	
0001213900-20-020969	1	Crush Capital Inc. (formerly known as Trojan Horse Media Group LLC)	Preferred Units	475000	0	$475,000, representing Preferred Units issued at $1.00 per share. Subsequent to issuance, the Company converted to a Delaware corporation and converted each Preferred Unit into 5.4658 shares of Series A Preferred Stock.	
0001213900-20-020951	1	Called Higher Studios, Inc.	Class A Voting Common Stock	1074993	0	$1,006,248 at $1.00 per share.	
0001493152-20-014993	1	Masterworks 019, LLC	Membership Interests	1000	0	100% of the membership interests in Masterworks 019, LLC were issued to Masterworks Gallery, LLC in return for a capital contribution of $100	
0001640334-20-002003	1	Draganfly Inc.	Common Shares	1868050	0	USD $1,868,050 at C$0.50 per share.	
0001104659-20-092110	1	Gatsby Digital, Inc.	Series Seed Preferred Stock	1673928	0	$670,000 ($0.40 per share)	
0001104659-20-092110	2	Gatsby Digital, Inc.	Series Seed Preferred Stock	1673928	0	$670,000 ($0.40 per share)	
0001683168-20-002535	1	My Racehorse CA LLC	See Exhibit 16.1	55049	0	7200999.00	
0001062993-20-003723	1	Contact Gold Corp.	Units, consisting of one share of Common Stock and one Warrant, exercisable to acquire one share of common stock at C$0.15 per share for 24 months	12500000	0	C$1,250,000 based on a per share price of C$0.10 per Unit.	
0001062993-20-003723	2	Contact Gold Corp.	Units, consisting of one share of Common Stock and one Warrant, exercisable to acquire one share of common stock at C$0.15 per share for 24 months	12500000	0	C$1,250,000 based on a per share price of C$0.10 per Unit.	
0001062993-20-003720	1	Shackelford Pharma Inc.	Common Shares	800000	0	$40,000 CAN, issued at $0.05	
0001104659-20-090886	3	StorEn Technologies Inc.	Common Stock	267977	0	$1,052,843.40 at $4.20	
0001104659-20-090886	2	StorEn Technologies Inc.	Common Stock	267977	0	$1,052,843.40 at $4.20	
0001104659-20-090886	1	StorEn Technologies Inc.	Common Stock	267977	0	$1,052,843.40 at $4.20	
0001104659-20-090811	1	Legion M Entertainment, Inc.	Class A Common Stock	311611	0	$2,452,430 at $10.00 per share; $706,819 at $10.65 per share	
0001683168-20-002510	3	LiquidPiston, Inc.	Series Seed-1 Preferred Stock	88105	0	$1,063,591 principal and interest	
0001683168-20-002510	2	LiquidPiston, Inc.	Series Seed-1 Preferred Stock	88105	0	$1,063,591 principal and interest	
0001683168-20-002510	1	LiquidPiston, Inc.	Series Seed-1 Preferred Stock	88105	0	$1,063,591 principal and interest	
0001493152-20-014646	1	Quara Devices Inc.	Shares of Common Stock and Options exercisable for shares of Common Stock	45090140	0	$907,036, representing 20,357,361 shares issued at $0.0001 per share and 18,100,000 shares issued at $0.05 per share (including per share value of services for grants of shares). No consideration was received in connection with the issuance of Options.	
0001104659-20-090261	1	Winc, Inc.	Series D Preferred Stock	6585394	0	9309112.96	
0001477932-20-004532	1	Paradyme Equities, LLC	Class B Interests	1000	0	1000	
0001493152-20-014515	1	Masterworks 024, LLC	Membership Interests	1000	0	100% of the membership interests in Masterworks 024, LLC were issued to Masterworks Gallery, LLC in return for a capital contribution of $100	
0001493152-20-014517	1	Masterworks 025, LLC	Membership Interests	1000	0	100% of the membership interests in Masterworks 025, LLC were issued to Masterworks Gallery, LLC in return for a capital contribution of $100	
0001731122-20-000784	1	CF FUND II, LLC	Promissory Notes	1874000	0	$1,874,000 were issued and sold pursuant to Offering Circular File No. 024-10732 (as may be amended and supplemented from time to time)	
0001663577-20-000245	1	Wikisoft Corp.	Common Stock	129107	0	192830	
0001104659-20-089220	1	To The Stars Academy of Arts and Science Inc.	Class A Common Stock	161762	0	808,810 at $5.00 per share.	
0001493152-20-014400	1	Can B Corp.	Common Stock	1804236	0	$1,838,100 plus services and as incentive shares issued in conjunction with issuance of convertible debt.	
0001493152-20-014400	3	Can B Corp.	Common Stock	1804236	0	$1,838,100 plus services and as incentive shares issued in conjunction with issuance of convertible debt.	
0001493152-20-014400	2	Can B Corp.	Common Stock	1804236	0	$1,838,100 plus services and as incentive shares issued in conjunction with issuance of convertible debt.	
0001683168-20-002446	1	My Racehorse CA LLC	See Exhibit 16.1	55422	0	7587447	
0001751158-20-000047	1	Jamestown Invest 1, LLC	Common Shares	550100	550100	$5,501,000 (10.00 per common share)	Same as above
0001104659-20-088975	1	Escalate Wealth REIT I, Inc.	Common Stock	100	0	100 shares at $10.00 per share	
0001493152-20-014306	1	Masterworks 017, LLC	Membership Interests	1000	0	100% of the membership interests in Masterworks 017, LLC were issued to Masterworks Gallery, LLC in return for a capital contribution of $100	
0001213900-20-019292	3	OriginClear, Inc.	Series K Preferred Stock	2808	0	$2,807,917 (total proceeds received from sale of Series K)	
0001213900-20-019292	1	OriginClear, Inc.	Series K Preferred Stock	2808	0	$2,807,917 (total proceeds received from sale of Series K)	
0001213900-20-019292	2	OriginClear, Inc.	Series K Preferred Stock	2808	0	$2,807,917 (total proceeds received from sale of Series K)	
0001213900-20-019292	6	OriginClear, Inc.	Series K Preferred Stock	2808	0	$2,807,917 (total proceeds received from sale of Series K)	
0001213900-20-019292	4	OriginClear, Inc.	Series K Preferred Stock	2808	0	$2,807,917 (total proceeds received from sale of Series K)	
0001213900-20-019292	5	OriginClear, Inc.	Series K Preferred Stock	2808	0	$2,807,917 (total proceeds received from sale of Series K)	
0001654954-20-008137	1	Red Oak Capital Fund V, LLC	limited liability company interests	1	1	$100.00	At its formation, Red Oak Capital Fund V, LLC issued one limited liability company interest to Red Oak Capital GP, LLC, its sole member for a cash contribution of $100.00.
0001493152-20-014170	1	Masterworks 023, LLC	Membership Interests	1000	0	100% of the membership interests in Masterworks 023, LLC were issued to Masterworks Gallery, LLC in return for a capital contribution of $100	
0001493152-20-014168	1	Masterworks 022, LLC	Membership Interests	1000	0	100% of the membership interests in Masterworks 022, LLC were issued to Masterworks Gallery, LLC in return for a capital contribution of $100	
0001731122-20-000772	1	Grow Solutions Holdings, Inc	Common Stock	56485092	0	$242,886.00	
0001104659-20-087478	1	Fisher Wallace Laboratories Inc.	Class A Common Stock	6000000	0	Assets of predecessor entity.	
0001104659-20-087478	2	Fisher Wallace Laboratories Inc.	Class A Common Stock	6000000	0	Assets of predecessor entity.	
0001214659-20-006574	1	Atlis Motor Vehicles, Inc	Class A Common Stock	342355	0	178212.63	
0001751158-20-000045	1	Jamestown Invest 1, LLC	Common Shares	550100	550100	$5,501,000 (10.00 per common share)	Same as above
0001553350-20-000664	1	Energy and Water Development Corp	Common Shares	5548550	0	420,000 shares issued as payment of services, 4,,917,350 shares issued for conversion of debt and 211,200 shares issued as a sale to investors	
0001445866-20-001044	1	XCraft Enterprises, Inc.	Class B Non-Voting Common Stock	300076	0	$1,068,271 (300,076 shares at $3.56 per share)	
0001683168-20-002379	3	LiquidPiston, Inc.	Series Seed-1 Preferred Stock	88105	0	$1,063,591 principal and interest	
0001683168-20-002379	1	LiquidPiston, Inc.	Series Seed-1 Preferred Stock	88105	0	$1,063,591 principal and interest	
0001683168-20-002379	2	LiquidPiston, Inc.	Series Seed-1 Preferred Stock	88105	0	$1,063,591 principal and interest	
0001213900-20-018572	1	Renewable Energy and Power, Inc.	Common Stock	297237407	0	$365,081, - $263,942 of principal and interest in conversion; $94,048 in settlement of liability under 3(a)(10); and $70,917 in fair market value (binomial model) for warrants exercised.	
0001493152-20-013975	1	Worthy Community Bonds, Inc.	Common Stock	100	0	$5,000 (100 shares of common stock at $50.00 per share)	
0001104659-20-086479	3	StorEn Technologies Inc.	Common Stock	267977	0	$1,061,810 at $4.20	
0001104659-20-086479	2	StorEn Technologies Inc.	Common Stock	267977	0	$1,061,810 at $4.20	
0001104659-20-086479	1	StorEn Technologies Inc.	Common Stock	267977	0	$1,061,810 at $4.20	
0001477932-20-004269	1	Med-X, Inc.	Common Stock	6636986	114203	4,293,947 at $0.60 per share ($2,576,368), 1,426,372 at $0.80 per share ($1,141,098)	$91,362
0001171520-20-000317	1	GEAR Capital Inc.	Common stock	10000000	0	10.00 ($0.000001 per share)	
0001171520-20-000317	2	GEAR Capital Inc.	Common stock	10000000	0	10.00 ($0.000001 per share)	
0001683168-20-002364	1	GRASS QOZF, INC.	Common Stock	48062508	48062508	$3,222,993	N/A
0001213900-20-018489	1	The3rdBevCo, Inc.	Common and Series B Preferred	18599999	0	$0.00	
0001683168-20-002357	1	Zicix Corporation	Common Stock, $0.001 par value	13000000	0	0	
0001493152-20-013889	1	Elegance Brands, Inc.	Class B Common Stock	91400000	0	201,887 paid in cash	
0001104659-20-085940	1	American Hospitality Properties REIT, Inc.	Common Stock	2500	0	25000	
0001214659-20-006484	2	East Bay Permanent Real Estate Cooperative, Inc.	Investor Owner Shares	250	0	The securities were issued for aggregate consideration of $250,000, with each share priced at $1,000. However, some investors are paying in installments and have not completed their payments yet, thus the total consideration collected to date is $235,770	
0001214659-20-006484	1	East Bay Permanent Real Estate Cooperative, Inc.	Investor Owner Shares	250	0	The securities were issued for aggregate consideration of $250,000, with each share priced at $1,000. However, some investors are paying in installments and have not completed their payments yet, thus the total consideration collected to date is $235,770	
0001104659-20-085668	2	Scopus Biopharma Inc.	units comprised of shares of common stock and warrants	150169	0	$450,507 in connection with the sale of each unit, consisting of one share of common stock and two warrants, for $3.00 per unit.	
0001104659-20-085668	5	Scopus Biopharma Inc.	units comprised of shares of common stock and warrants	150169	0	$450,507 in connection with the sale of each unit, consisting of one share of common stock and two warrants, for $3.00 per unit.	
0001104659-20-085668	4	Scopus Biopharma Inc.	units comprised of shares of common stock and warrants	150169	0	$450,507 in connection with the sale of each unit, consisting of one share of common stock and two warrants, for $3.00 per unit.	
0001104659-20-085668	1	Scopus Biopharma Inc.	units comprised of shares of common stock and warrants	150169	0	$450,507 in connection with the sale of each unit, consisting of one share of common stock and two warrants, for $3.00 per unit.	
0001104659-20-085668	3	Scopus Biopharma Inc.	units comprised of shares of common stock and warrants	150169	0	$450,507 in connection with the sale of each unit, consisting of one share of common stock and two warrants, for $3.00 per unit.	
0001477932-20-004153	1	LB 1 LLC	Common Membership Interest	100	0	$100.00 Founding Capital Contribution	
0001104659-20-085331	2	The Good Earth Organics, Inc.	Common Stock and Series Seed Preferred Stock	422150	0	$422,150 at $1.00 per share	
0001104659-20-085331	1	The Good Earth Organics, Inc.	Common Stock and Series Seed Preferred Stock	422150	0	$422,150 at $1.00 per share	
0001575705-20-000138	1	10sion Energy Incorporated	Common Stock	5000001	0	$5,000.01 issued at par value of $0.001	
0001213900-20-018128	1	Called Higher Studios, Inc.	Class A Voting Common Stock	1074993	0	$1,006,248 at $1.00 per share.	
0001663577-20-000227	1	Cannagistics Inc.	Common Stock	40000000	0	N/A	
0001654954-20-007832	1	Red Oak Capital Intermediate Income Fund, LLC		1	1		
0001104659-20-084955	3	DIGITAL DEVELOPMENT PARTNERS, INC.	COMMON STOCK	18221906	0	$894,454 of debt cancelled.	
0001104659-20-084955	2	DIGITAL DEVELOPMENT PARTNERS, INC.	COMMON STOCK	18221906	0	$894,454 of debt cancelled.	
0001104659-20-084955	1	DIGITAL DEVELOPMENT PARTNERS, INC.	COMMON STOCK	18221906	0	$894,454 of debt cancelled.	
0001104659-20-084955	4	DIGITAL DEVELOPMENT PARTNERS, INC.	COMMON STOCK	18221906	0	$894,454 of debt cancelled.	
0001731122-20-000753	1	Grow Solutions Holdings, Inc	Common Stock	56485092	0	$242,886.00	
0001213900-20-017980	2	YouNow, Inc.	Tokens	95609143	0	Upon conversion of SAFTs and DPAs; pursuant to adviser grants for services; pursuant to these offerings; and in a Regulation D offering for $1,880,000 of cash and other consideration (at a price of $0.07 per token).	
0001213900-20-017980	1	YouNow, Inc.	Tokens	95609143	0	Upon conversion of SAFTs and DPAs; pursuant to adviser grants for services; pursuant to these offerings; and in a Regulation D offering for $1,880,000 of cash and other consideration (at a price of $0.07 per token).	
0001213900-20-017980	3	YouNow, Inc.	Tokens	95609143	0	Upon conversion of SAFTs and DPAs; pursuant to adviser grants for services; pursuant to these offerings; and in a Regulation D offering for $1,880,000 of cash and other consideration (at a price of $0.07 per token).	
0001214659-20-006410	1	CannAssist International Corp.	Common Stock; Series A Preferred Stock; Promissory Notes	1026003	1000	Aggregate consideration for which the securities were issued was $2,984,000, and the basis for computing the amount thereof is as follows: The Company granted 175,000 shares of common stock for services. The shares were valued at $0.25 for total non-cash expense of $43,750. The Company sold 850,000 shares of common stock to six investors for total cash proceeds of $150,000 as part of a series of private placements. The Company issued 1,000 shares of its Series A Preferred Stock to Mark Palumbo, an officer and director of the Company. Based on the rights of the designation the shares of preferred stock were valued at 60% of the value of the total common stock outstanding. The shares of common stock have a current fair value of $0.25 per share resulting in total non-cash expense of $2,765,250. The Company issued 2 Convertible Promissory Note to 2 investors for aggregate proceeds of $15,000. The maturity date of the notes are 6 months from the date of issuance and there is no interest on the notes. At maturity, the unpaid principal will convert into shares of the common stock of the Company at a conversion price of $0.25 per share. As an inducement to enter into the notes, a total of 16,000 common stock purchase warrants were issued which enable the holders thereof to purchase 1 share of the common stock of the Company per warrant exercised at an exercise price of $0.50 per share. The Company issued 1 Promissory Note to 1 investor for aggregate proceeds of $10,000. The maturity date of the note is 24 months from the date of issuance. The interest rate on the note is 12% per annum.	The Company issued 1,000 shares of its Series A Preferred Stock to Mark Palumbo, an officer and director of the Company. Based on the rights of the designation the shares of preferred stock were valued at 60% of the value of the total common stock outstanding. The shares of common stock have a current fair value of $0.25 per share resulting in total non-cash expense of $2,765,250.
0001213900-20-017884	1	Exxe Group Inc.	Common Stock	446644556	0	668806	
0001062993-20-003385	1	Shackelford Pharma Inc.	Common Shares	800000	0	$40,000 CAN, issued at $0.05	
0001640334-20-001810	1	Chemesis International Inc.	Convertible debt	1100000	0	$1,100,000, $1/ convertible debt unit convertible into shares at USD$1/ share	
0001493152-20-013538	3	Can B Corp.	Common Stock	1804236	0	$1,838,100 plus services and as incentive shares issued in conjunction with issuance of convertible debt.	
0001493152-20-013538	2	Can B Corp.	Common Stock	1804236	0	$1,838,100 plus services and as incentive shares issued in conjunction with issuance of convertible debt.	
0001493152-20-013538	1	Can B Corp.	Common Stock	1804236	0	$1,838,100 plus services and as incentive shares issued in conjunction with issuance of convertible debt.	
0001104659-20-084478	4	Knightscope, Inc.	Series S Preferred Stock,	1341314	0	$10,730,512	
0001104659-20-084478	3	Knightscope, Inc.	Series S Preferred Stock,	1341314	0	$10,730,512	
0001104659-20-084478	2	Knightscope, Inc.	Series S Preferred Stock,	1341314	0	$10,730,512	
0001104659-20-084478	1	Knightscope, Inc.	Series S Preferred Stock,	1341314	0	$10,730,512	
0001214659-20-006333	1	Atlis Motor Vehicles, Inc	Class A Common Stock	342355	0	178212.63	
0001477932-20-004046	1	World Tree USA, LLC	Series A 2019 Eco-Tree Units	1769864	0	$2,177,738	
0001758533-20-000007	1	Evolution Development Group, Inc.	Class B Common Stock	200000	0	$250,000 at $1.25 per share	
0001654954-20-007736	1	WEED, Inc.	Common Stock	2357000	0	2185000	N/A
0001493152-20-013319	1	Worksport Ltd.	Common stock	30000	0	$250,000	
0001683168-20-002269	1	My Racehorse CA LLC	See Exhibit 16.1	55049	0	7200999.00	
0001553350-20-000617	1	Energy and Water Development Corp	Common Shares	5548550	0	420,000 shares issued as payment of services, 4,,917,350 shares issued for conversion of debt and 211,200 shares issued as a sale to investors	
0001493152-20-013196	1	Masterworks 021, LLC	Membership Interests	1000	0	100% of the membership interests in Masterworks 021, LLC were issued to Masterworks Gallery, LLC in return for a capital contribution of $100	
0001493152-20-013191	1	Masterworks 020, LLC	Membership Interests	1000	0	100% of the membership interests in Masterworks 020, LLC were issued to Masterworks Gallery, LLC in return for a capital contribution of $100	
0001493152-20-013186	1	Masterworks 019, LLC	Membership Interests	1000	0	100% of the membership interests in Masterworks 019, LLC were issued to Masterworks Gallery, LLC in return for a capital contribution of $100	
0001575705-20-000128	1	Zimmerman BioPharma Holding, Inc.	Series A-1 Preferred Stock	3000000	3000000	$1.00. The shares were first transferred by the issuer's chief executive officer to the corporation's secretary to hold the shares as an accommodation pending negotiation of final terms for the acquisition of Zimmerman Bioparmaceuticals, Inc. Upon completion of negotiations, the corporation's secretary transferred the shares to the stockholders of Zimmerman Biopharmaceuticals, Inc. and a designee as consideration for the stockholders' transfer of all the equity securities of Zimmerman Bioparmaceuticals, Inc. to the issuer.	Series A-1 Preferred Stock was issued in 2016 for acquisition valued at $1.00
0001213900-20-017229	2	Emerald Health Pharmaceuticals Inc.	Common Stock	2910788	0	$9,964,728 for 1,660,788 shares issued under this offering at $6.00 per share and $2,500,000 for 1,250,000 shares issued to Emerald Health Sciences at $2.00 per share upon conversion of unpaid principal balance under loan agreement	
0001213900-20-017229	1	Emerald Health Pharmaceuticals Inc.	Common Stock	2910788	0	$9,964,728 for 1,660,788 shares issued under this offering at $6.00 per share and $2,500,000 for 1,250,000 shares issued to Emerald Health Sciences at $2.00 per share upon conversion of unpaid principal balance under loan agreement	
0001683168-20-002236	2	Iroquois Valley Farms LLC	Debt Securities	1130000	0	$1,130,000 cash	
0001683168-20-002236	1	Iroquois Valley Farms LLC	Debt Securities	1130000	0	$1,130,000 cash	
0001104659-20-082696	1	Winc, Inc.	Series D Preferred Stock	6585394	0	9309112.96	
0001663577-20-000213	1	Cannagistics Inc.	Common Stock	40000000	0	N/A	
0001493152-20-012920	1	Masterworks 015, LLC	Membership Interests	1000	0	100% of the membership interests in Masterworks 015, LLC were issued to Masterworks Gallery, LLC in return for a capital contribution of $100	
0001213900-20-016962	1	20/20 GeneSystems, Inc.	Series B Preferred Stock	1471487	0	$5,194,349 ($3.53/share)	
0001493152-20-012760	1	Masterworks 018, LLC	Membership Interests	1000	0	100% of the membership interests in Masterworks 018, LLC were issued to Masterworks Gallery, LLC in return for a capital contribution of $100	
0001493152-20-012765	1	Masterworks 013, LLC	Membership Interests	1000	0	100% of the membership interests in Masterworks 013, LLC were issued to Masterworks Gallery, LLC in return for a capital contribution of $100	
0001654954-20-007433	1	Red Oak Capital Fund V, LLC		1	1		
0001493152-20-012751	1	Masterworks 016, LLC	Membership Interests	1000	0	100% of the membership interests in Masterworks 016, LLC were issued to Masterworks Gallery, LLC in return for a capital contribution of $100	
0001493152-20-012582	1	Masterworks 016, LLC	Membership Interests	1000	0	100% of the membership interests in Masterworks 016, LLC were issued to Masterworks Gallery, LLC in return for a capital contribution of $100	
0001654954-20-007288	1	TPT Global Tech, Inc.	Common Stock	720608467	0	$0.0001 through $0.0497	0
0001213900-20-016546	1	Called Higher Studios, Inc.	Class A Voting Common Stock	1074993	0	$1,006,248 at $1.00 per share.	
0001214659-20-006032	1	CERES COIN LLC	Private Investment Agreements (PIAs)	230000	0	230000 cash	
0001214659-20-005994	1	CERES COIN LLC	Private Investment Agreements (PIAs)	230000	0	230000 cash	
0001104659-20-079645	1	Fisher Wallace Laboratories Inc.	Class A Common Stock	6000000	0	Assets of predecessor entity.	
0001104659-20-079645	2	Fisher Wallace Laboratories Inc.	Class A Common Stock	6000000	0	Assets of predecessor entity.	
0001663577-20-000191	1	Wikisoft Corp.	Common Stock	129107	0	192830	
0001214659-20-005972	1	CERES COIN LLC	Private Investment Agreements (PIAs)	230000	0	230000 cash	
0001493152-20-012320	1	BacTech Environmental Corporation	Common Stock	4266667	0	$64,000	
