ACCESSION_NUMBER	FORMINDICATION	ISSUERNAME	FISCALYEAREND	STREET1	STREET2	CITY	STATEORCOUNTRY	ZIPCODE	PHONENUMBER	REGARULE257
0001477932-20-005664	Annual Report		31-MAY-2020	6350 W. Cheyenne Ave		Las Vegas	NV	89108	877-843-5852	false
0001477932-20-005658	Annual Report		31-MAY-2020	6350 W. Cheyenne Ave.		Las Vegas	NV	89108	877-843-5852	false
0000950123-20-009977	Annual Report		30-JUN-2020	1521 WESTBRANCH DRIVE	SUITE 100	MCLEAN	VA	22102	703-287-5800	true
0001575705-20-000197		Clickstream Corporation		3210 Rickey Court		Thousand Oaks	CA	91362	805-341-2631	
0001477932-20-005462	Annual Report		29-FEB-2020	Verax Botanical Research Center	9601 Medical Center Way	Rockville	MD	20850	888-214-2584	true
0001477932-20-005441	Annual Report		31-DEC-2019	2155 WOODLANE DRIVE	SUITE 102	Woodbury	MN	55125	651-419-8504	true
0001213900-20-025370	Annual Report		31-DEC-2019	3015 R.N. Martin Street		East Point	GA	30344	844-738-8572	false
0001683168-20-003029	Annual Report		31-DEC-2019	16776 BERNARDO CENTER DRIVE	#203	SAN DIEGO	CA	92128	619-818-2411	true
0001683168-20-002993	Annual Report		31-DEC-2018	16776 BERNARDO CENTER DRIVE	#203	SAN DIEGO	CA	92128	619-818-2411	false
0001104659-20-100819	Annual Report		30-APR-2020	1938-C COLUMBIA AVENUE, BOX 670		ROSLAND	A1	V0G 1Y0	250-362-7384	true
0001214659-20-007534	Annual Report		30-APR-2020	3802 SPECTRUM BLVD	SUITE 112C	TAMPA	FL	33612	844-722-6333	true
0001104659-20-097383	Annual Report		31-DEC-2019	561 East Green Street		Pasadena	CA	91101	626-244-8053	false
0001640334-20-002184	Special Financial Report for the fiscal year		31-MAR-2020	409 GRANVILLE STREET	SUITE 1000	VANCOUVER	A1	V6C 1T2	1-833-383-6500	true
0001654954-20-009257	Annual Report		31-DEC-2019	257 East Main Street	Suite 200	Barrington	IL	60010	8472779930	true
0001214659-20-006873	Annual Report		31-DEC-2019	80 West Sierra Madre Blvd., #141		Sierra Madre	CA	91024	626-355-1049	true
0001671132-20-000002	Annual Report		31-MAR-2020	10901 ROOSEVELT BLVD	SUITE 1000C	SAINT PETERSBURG	FL	33716	727-474-1810	true
0001683168-20-002400	Special Financial Report for the fiscal year		31-DEC-2019	1140 HIGHLAND AVE #222		MANHATTAN BEACH	CA	90266	800-681-5988	false
0001437749-20-015855	Special Financial Report for the fiscal year		31-DEC-2019	1450 NORTH BROADWAY		LEXINGTON	KY	40505	8599770124	false
0001213900-20-018730		REMSLEEP HOLDINGS, INC.		2202 N. West Shore Blvd	Suite 200	TAMPA	FL	33607	813-367-3855	
0001104659-20-086536	Special Financial Report for the fiscal year		31-DEC-2019	1115 W. SUNSET BLVD	Suite 801	LOS ANGELES	CA	90012	855-300-6426	true
0001493152-20-013793	Annual Report		31-DEC-2019	9100 Wilshire Blvd., Suite 362W,		Beverly Hills	CA	90212	424-313-7417	true
0001493152-20-013681		DAKOTA REAL ESTATE INVESTMENT TRUST		3003 32nd Avenue South		Fargo	ND	58103	701-239-6879	
0001213900-20-017882	Annual Report		31-DEC-2019	300 S. Orange Avenue	Suite 1000	Orlando	FL	32801	407-378-6868	true
0001767876-20-000035	Special Financial Report for the fiscal year		31-DEC-2019	335 Madison Ave, 16th Floor		New York	NY	10017	201-479-4408	false
0001493152-20-013535	Special Financial Report for the fiscal year		31-DEC-2019	4145	Wagon Trail Avenue	Las Vegas	NV	89118	646-286-9070	true
0001493152-20-013276	Special Financial Report for the fiscal year		31-DEC-2019	497 BROOME STREET		NEW YORK	NY	10023	203-518-5172	false
0001104659-20-082321	Annual Report		31-DEC-2019	1980 TEASEL CT		WOODBRIDGE	VA	22192	703-762-6560	true
0001493152-20-012735	Annual Report		31-MAR-2020	11921 Freedom Drive, Suite 550		Reston	VA	20190-5667	703-904-4315	false
0001104659-20-081638	Annual Report		31-DEC-2019	5950 BERKSHIRE LANE	SUITE 850	DALLAS	TX	75225	214-750-2967	true
0001213900-20-016773	Annual Report		31-DEC-2019	9430 Key West Ave., Rockville, MD 20850		ROCKVILLE	MD	20850	240-453-6339	true
