ACCESSION_NUMBER	INDICATETIER1TIER2OFFERING	FINANCIALSTATEMENTAUDITSTATUS	OFFERDELAYEDCONTINUOUSFLAG	OFFERINGYEARFLAG	OFFERINGAFTERQUALIFFLAG	OFFERINGBESTEFFORTSFLAG	SOLICITATIONPROPOSEDOFFERFLAG	RESALESECURITIESAFFILIATESFLAG	SECURITIESOFFERED	OUTSTANDINGSECURITIES	PRICEPERSECURITY	ISSUERAGGREGATEOFFERING	SECURITYHOLDERAGGEGATE	QUALIFICATIONOFFERINGAGGREGATE	CONCURRENTOFFERINGAGGREGATE	TOTALAGGREGATEOFFERING	UNDERWRITERSERVICEPROVIDERNAME	UNDERWRITERSFEES	SALECOMMISSIONSSVCPROVIDERNAME	SALECOMMISSIONSSVCEROVIDERFEE	FINDERSFEESSERVICEPROVIDERNAME	FINDERFEESFEE	AUDITORSERVICEPROVIDERNAME	AUDITORFEES	LEGALSERVICEPROVIDERNAME	LEGALFEES	PROMOTERSSERVICEPROVIDERNAME	PROMOTERSFEES	BLUESKYSERVICEPROVIDERNAME	BLUESKYFEES	BROKERDEALERCRDNUMBER	ESTIMATEDNETAMOUNT	CLARIFICATIONRESPONSES
0001742808-18-000004	Tier1	Unaudited	Y	N	N	Y	N	N	1000000	5000000	20.0	20000000.0	0.0	0.0	0.0	20000000.0	TBD	1250000.0	N/A	0.0	N/A	0.0	N/A	0.0	Simmons Associates, Ltd.	750000.0	TBD	0.0	Simmons Associates, Ltd.	0.0	0	18000000.0	
0001683168-18-003825	Tier2	Audited	Y	N	N	Y	N	N	5000000	0	10.0	50000000.0	0.0	0.0	0.0	50000000.0			TBD	5000000.0			dbbMcKennon	17023.0	Law Offices of Kristin M. Cano	120000.0						45000000.0	
0001683168-18-003823	Tier1	Unaudited	Y	N	Y	Y	N	N	600000000	250859629	0.005	3000000.0	0.0	940000.0	0.0	3940000.0									Eilers Law Group, P.A.	15000.0						1000000.0	
0001214659-18-007828	Tier1	Unaudited	Y	N	N	Y	N	N	3400000	20870000	1.0	0.0	3400000.0	0.0	0.0	3400000.0																0.0	
0001264931-18-000164	Tier1	Unaudited	Y	N	N	Y	N	N	27200000	38792516	0.075	1875000.0	165000.0	0.0	0.0	2040000.0	N/A	0.0	N/A	0.0	N/A	0.0	N/A	0.0	N/A	0.0	N/A	0.0	N/A	0.0			
0001731302-18-000003	Tier2	Audited	N	Y	N	Y	N	N	1000			50000000.0	0.0	0.0	0.0	50000000.0							Buckno Lisicky & Company	25000.0	Gordon Rees Scully Mansukhani, LLP	25000.0							
0001144204-18-066432	Tier2	Audited	Y	Y	N	Y	Y	N	5000000	100	10.0	50000000.0	0.0	0.0	0.0	50000000.0							RSM US LLP	25000.0	Herrick, Feinstein LLP	129000.0							
0001144204-18-066424	Tier2	Audited	Y	Y	N	Y	N	N	1157550	9382167	11.23	1299296.0	0.0	37000704.0	0.0	38300000.0									Goodwin Procter LLP	40000.0						12959296.0	Minus expenses.
0001437749-18-022624	Tier1	Unaudited	N	N	N	N	N	N	200000	1874176	70.0	14000000.0	0.0	0.0	0.0	14000000.0									Fox Rothschild LLP	225000.0						0.0	The issuer's units will be issued to members of Apollonia, LLC in connection with issuer's acquisition of Apollonia pursuant t an agreement and plan of merger.
0001683168-18-003792	Tier1	Unaudited	Y	N	Y	Y	N	N	3000000000	2323678976	0.00030000000000000003	900000.0	0.0	0.0	0.0	900000.0									John E. Lux, Esq.	25000.0			Various States	2500.0		872500.0	
0001144204-18-066150	Tier2	Audited	Y	Y	N	Y	N	N	1652000	0	10.0	1652000.0	0.0	37785380.0	7170890.0	46608270.0									Smith Anderson; Robbins Ross	4500.0							
0001493152-18-017880	Tier2	Audited	Y	N	N	Y	N	N	24055596	27297960	1.0	17000000.0	7055596.0	0.0	0.0	24055596.0	None	0.0	Various broker-dealers	455000.0	None	0.0	KBL, LLP	15000.0	Hateley & Hampton	60000.0	None	0.0			0	16943000.0	None
0001144204-18-066054	Tier2	Audited	Y	Y	N	Y	N	N	5000000	500	10.0	50000000.0	0.0	0.0	0.0	50000000.0							RSM US LLP	15000.0	Goodwin Procter LLP	312500.0	Rise Companies Corp	0.0				49500000.0	
0001144204-18-066048	Tier2	Audited	Y	Y	N	Y	N	N	5000000	500	10.0	50000000.0	0.0	0.0	0.0	50000000.0							RSM US LLP	15000.0	Goodwin Procter LLP	312500.0	Rise Companies Corp	0.0				49500000.0	
0001213900-18-017698	Tier2	Audited	Y	Y	N	Y	Y	N	5000000	0	10.0	50000000.0	0.0	0.0	0.0	50000000.0							dbbmckennon	5000.0	CrowdCheck Law LLP (f/k/a KHLK LLP)/Law Office of John F. Woods	125000.0	Solve Branding/Detroit Lives LLC	185000.0	Various	10000.0		49675000.0	"Service Providers listed under ""Promoters"" provide marketing and video services, respectively."
0001755037-18-000010	Tier1	Unaudited	Y	N	N	Y	N	N	4000000	80700000	5.0	0.0	0.0	0.0	0.0	0.0																	
0001683168-18-003756	Tier2	Audited	Y	N	N	Y	Y	N	2500000	13091200	6.0	15000000.0	0.0	0.0	0.0	15000000.0							UHY LLP, George Johnson & Company, MRPR Group PC	325000.0	CrowdCheck Law LLP	95000.0	Equity Track, GlobalOne, Colonial Stock Transfer	80000.0				14500000.0	
0001144204-18-065375	Tier2	Audited	Y	N	N	Y	Y	N	2000000	6995641	5.0	10000000.0	0.0	0.0	0.0	10000000.0							dbbmckennon	37500.0	Alliance Legal Partners, Inc.	62500.0			CrowdCheck, Inc.	10000.0		9654542.0	
0001688804-18-000028	Tier2	Audited	Y	Y	N	Y	Y	N	5000	0	79.5	397500.0	0.0	0.0	0.0	397500.0							EisnerAmper LLP	0.0	Nixon Peabody LLP	0.0	Cuttone & Company, LLC	2534.0			33038	394966.0	
0001644516-18-000005	Tier1	Unaudited	Y	Y	N	N	N	N	13333000			14000000.0	6000000.0	0.0	0.0	20000000.0																	
0001644516-18-000004	Tier1	Unaudited	N	N	N	N	N	N	450000	450000	1.5	6000000.0	0.0	0.0	0.0	6000000.0																	
0001640170-18-000006	Tier1	Unaudited	N	N	N	N	N	N	200000	200000	100.0	20000000.0	0.0	0.0	0.0	20000000.0		0.0	0	0.0	0	0.0		0.0		0.0		0.0		0.0	0	0.0	
0001640170-18-000005	Tier1	Unaudited	N	N	N	N	N	N	13333333	13333333	1.5	14000000.0	6000000.0	0.0	0.0	20000000.0																	
0001477932-18-006070	Tier2	Audited	N	N	N	Y	Y	N	50000000	12391000	10.0	50000000.0	0.0	0.0	0.0	50000000.0		0.0		0.0		0.0	Spiegel Accountancy Corp.	5000.0	Trowbridge Sidoti LLP	50000.0		0.0		0.0		50000000.0	
0001477932-18-006062	Tier2	Audited	N	N	N	Y	Y	N	50000000	12391000	10.0	50000000.0	0.0	0.0	0.0	50000000.0		0.0		0.0		0.0	Spiegel Accountancy Corp.	5000.0	Trowbridge Sidoti LLP	50000.0		0.0		0.0		50000000.0	
0001104659-18-073649	Tier2	Audited	N	Y	N	Y	N	N	2500000	0	2.25	5625000.0	0.0	0.0	0.0	5625000.0							WithumSmith Brown PC	30000.0	Fox Rothschild LLP	175000.0			Fox Rothschild LLP	10000.0		5410000.0	
0001731122-18-000187	Tier1	Unaudited	N	N	N	Y	N	N	350000000	268205058	0.01	3500000.0	0.0	0.0	0.0	3500000.0									Waller Lansden Dortch & Davis, LLP	30000.0			TBD	20000.0	000000000	3450000.0	
0001144204-18-064974	Tier2	Audited	Y	Y	N	Y	Y	N	5000000	1395024	5.0	50000000.0	0.0	0.0	0.0	50000000.0							Squar Milner LLP	5000.0	Corporate Law Solutions, PC	90000.0	BrixInvest, LLC (sponsor)	1500000.0	Corporate Law Solutions, PC	10000.0		48395000.0	
0001683168-18-003723	Tier1	Unaudited	Y	N	Y	Y	N	N	4000000000	450874858	0.0005	2000000.0	0.0	0.0	0.0	2000000.0									John E. Lux, Esq.	25000.0			Various States	2500.0		1800000.0	
0001760319-18-000004	Tier2	Audited	Y	N	N	Y	Y	N	5000000	16700000	10.0	50000000.0	0.0	0.0	0.0	50000000.0																	
0001683168-18-003709	Tier2	Audited	Y	N	N	Y	N	N	1832533	11551200	3.0	4000000.0	1497600.0	0.0	0.0	5497600.0							Ankit Consulting Inc.	20000.0	Pearson, Butler, & Carson PLLC	25000.0						3955000.0	
0001144204-18-064611	Tier2	Audited	Y	Y	N	Y	N	N	2899040	0	10.0	2899040.0	0.0	38748460.0	5774430.0	47421930.0									Smith Anderson; Robbins Ross	4500.0							
0001144204-18-064599	Tier2	Audited	Y	Y	N	Y	N	N	2899040	0	10.0	2899040.0	0.0	38749460.0	5774430.0	47422930.0									Smith Anderson; Robbins Ross	4500.0							
0001736865-18-000015	Tier1	Unaudited	Y	N	Y	Y	N	N	250000000		0.025	6250000.0	0.0	0.0	0.0	6250000.0									John E. Lux, Esq.	25000.0			John E. Lux, Esq.	2500.0		6250000.0	
0001144204-18-064536	Tier2	Audited	Y	Y	N	Y	Y	N	5000000	1395024	5.0	50000000.0	0.0	0.0	0.0	50000000.0							Squar Milner LLP	5000.0	Corporate Law Solutions, PC	90000.0	BrixInvest, LLC (sponsor)	1500000.0	Corporate Law Solutions, PC	10000.0		48395000.0	
0001477932-18-005969	Tier2	Audited	N	N	N	Y	Y	N	50000000	12391000	10.0	50000000.0	0.0	0.0	0.0	50000000.0		0.0		0.0		0.0	Spiegel Accountancy Corp.	5000.0	Trowbridge Sidoti LLP	50000.0		0.0		0.0		50000000.0	
0001736865-18-000009	Tier1	Unaudited	Y	N	Y	Y	N	N	250000000		0.025	6250000.0	0.0	0.0	0.0	6250000.0									John E. Lux, Esq.	25000.0			John E. Lux, Esq.	2500.0		6250000.0	
0001640334-18-002360	Tier2	Audited	N	N	N	Y	N	N	1000000000	207050000	0.005	5000000.0	0.0	0.0	0.0	5000000.0		0.0		0.0		0.0	HAYNIE & COMPANY	20000.0		0.0		0.0		0.0		4980000.0	
0001445866-18-001353	Tier2	Audited	Y	N	N	Y	N	N	5000000	10000000	2.5	12500000.0	0.0	0.0	0.0	12500000.0							Jason M. Tyra, CPA	10000.0	Carman Lehnhof Israelsen, LLP	30000.0						12460000.0	
0001736865-18-000004	Tier1	Unaudited	Y	N	N	Y	N	N	250000000	371908026	0.015000000000000001	3750000.0	0.0	0.0	0.0	3750000.0									John E. Lux, Esq.	25000.0			John E. Lux, Esq.	2500.0		3722500.0	
0001376474-18-000155	Tier1	Unaudited	N	N	N	N	N	N	1000000	2020000	2.25	2250000.0	0.0	100000.0	0.0	2350000.0													Christopher Netelkos	125.0			
0001750063-18-000008	Tier2	Audited	Y	Y	N	Y	N	N	250000	0	1.0	250000.0	0.0	0.0	0.0	250000.0							PMB Helin Donovan, LLP	5000.0	Stokesbary PLLC	15000.0						230000.0	
0001760319-18-000002	Tier2	Audited	Y	N	N	Y	Y	N	5000000	16700000	10.0	50000000.0	0.0	0.0	0.0	50000000.0																	
0001193125-18-346293	Tier2	Audited	Y	Y	N	Y	Y	N	7397697	2958833		8.0	44178387.9	5219309.1	16966248.0	66363953.0							PKF, LLC	73379.0	Stradling Yocca Carlson & Rauth, P.C.	125000.0	XY - The Persistent Company	10999.0				44178387.9	All fees will be updated in a subsequent amendment to this Form 1-A.
0001749817-18-000013	Tier2	Audited	Y	N	N	Y	N	N	500000	100	100.0	50000000.0	0.0	0.0	0.0	50000000.0							Citrin Cooperman & Company, LLP	10000.0	Winston & Strawn LLP	90000.0						49900000.0	
0001579586-18-000010	Tier1	Unaudited	N	N	N	N	N	N	13333333	13333333	1.5	14000000.0	6000000.0	0.0	0.0	20000000.0																	
0001579586-18-000009	Tier1	Unaudited	N	N	N	N	N	N	200000	200000	100.0	20000000.0	0.0	0.0	0.0	20000000.0		0.0	0	0.0	0	0.0		0.0		0.0		0.0		0.0	0	0.0	
0001144204-18-063436	Tier2	Audited	Y	N	N	Y	N	N	1000000	7430310	10.0	10000000.0	0.0	0.0	0.0	10000000.0							dbbmckennon	22000.0	CrowdCheck Law	35000.0			State filing fees	10000.0		9600000.0	There will be two class of securities sold.  The information included is for the common shares.
0001749817-18-000009	Tier2	Audited	Y	N	N	Y	N	N	500000	100	100.0	50000000.0	0.0	0.0	0.0	50000000.0							Citrin Cooperman & Company, LLP	10000.0	Winston & Strawn LLP	90000.0						49900000.0	
0001078782-18-001394	Tier2	Audited	Y	N	Y	Y	Y	Y	5315000	5915000	1.5	7500000.0	472500.0	0.0	0.0	7972500.0							Thayer ONeal Company LLC	7500.0	Frank J Hariton	1000.0						6937500.0	The estimated net proceeds reflects estimated fees paid to brokers who assist in finding buyers.
0001587999-18-000011	Tier1	Unaudited	N	N	N	N	N	N	450000	450000	1.5	6000000.0	0.0	0.0	0.0	6000000.0																	
0001587999-18-000010	Tier1	Unaudited	Y	Y	N	N	N	N	13333000			14000000.0	6000000.0	0.0	0.0	20000000.0																	
0001683168-18-003614	Tier1	Unaudited	Y	N	Y	Y	N	N	600000000	250859629	0.005	3000000.0	0.0	940000.0	0.0	3940000.0									Eilers Law Group, P.A.	15000.0						1000000.0	
0001144204-18-062934	Tier2	Audited	Y	N	N	Y	Y	Y	227500	49932	100.0	21581758.0	3418242.0	0.0	0.0	25000000.0			Strategic Capital Investments	1500000.0			RSM US LLP	75000.0	CrowdCheck Law, LLP	35000.0					38924	20036892.0	
0001193125-18-340286	Tier2	Audited	Y	Y	N	Y	Y	N	714285714	0	0.07	50000000.0	0.0	0.0	0.0	50000000.0							Mayer Hoffman McCann P.C.	25000.0	Sheppard, Mullin, Richter & Hampton LLP	225000.0							
0001640334-18-002298	Tier2	Audited	N	N	N	Y	N	N	1000000000	207050000	0.005	5000000.0	0.0	0.0	0.0	5000000.0		0.0		0.0		0.0	HAYNIE & COMPANY	20000.0		0.0		0.0		0.0		4980000.0	
0001193125-18-335397	Tier2	Audited	Y	Y	N	Y	N	N	3268642	1376603	10.0	32686418.0	0.0	17313582.0	0.0	50000000.0	Orchard Securities	0.0	Orchard Securities	0.0			Ernst & Young	0.0	DLA Piper LLP (US)	0.0					133378	32686418.0	All organizational and offering costs, managing broker dealer fees and selling commissions will be paid by the sponsor without reimbursement by the Company.
0001553350-18-001301	Tier2	Audited	Y	Y	N	Y	N	N	5000000	159800	10.0	50000000.0	0.0	0.0	0.0	50000000.0							Salberg & Company, P.A./D'Arelli Pruzansky, P.A.	12000.0	Pearlman Law Group LLP	30000.0			Internal out-of-pocket expenses	10000.0		49950000.0	
0001144204-18-061412	Tier2	Audited	Y	Y	N	Y	N	N	2727021	0	10.0	2727021.0	0.0	35629280.0	5433880.0	43790181.0									Smith Anderson; Robbins Ross	4500.0							
0001683168-18-003558	Tier2	Audited	Y	N	Y	Y	N	N	527500000	68400000	0.01	5000000.0	275000.0	27500.0	0.0	5302500.0							Salberg & Company, P.A.	6500.0	John E. Lux, Esq.	25000.0			Various	2500.0			
0001144204-18-061407	Tier2	Audited	Y	Y	N	Y	N	N	2727021	0	10.0	2727021.0	0.0	35629280.0	5433880.0	43790181.0									Smith Anderson; Robbins Ross	4500.0							
0001683168-18-003553	Tier1	Unaudited	Y	N	Y	Y	N	N	4000000000	450874858	0.0005	2000000.0	0.0	0.0	0.0	2000000.0									John E. Lux, Esq.	25000.0			Various States	2500.0		1800000.0	
0001493152-18-016661	Tier2	Audited	Y	N	N	Y	Y	N	34939	0	20.0	698780.0	0.0	0.0	0.0	698780.0	N/A	0.0	N/A	0.0	N/A	0.0	Mayer Hoffman McCann, P.C	20000.0	Anthony L.G., PLLC	100000.0	N/A	0.0	Anthony L.G., PLLC	9500.0	000000000	698780.0	Estimated Net Proceeds Calculation (above) of $698,780 does not include any offering fees as all fees in connection with the offering are to be paid by Masterworks Administrative Services, LLC.
0001144204-18-061261	Tier2	Audited	Y	N	N	Y	N	N	13513513	59573702	0.37	5000000.0	0.0	0.0	0.0	5000000.0	WealthForge Securities, LLC	260000.0					Fruci & Associates II, PLLC	17500.0	CrowdCheck Law LLP (f/k/a KHLK, LLP)	50000.0					152550	4672500.0	Sales Commissions estimate assumes the maximum amount of fees payable to WealthForge Securities, LLC for their services in this offering.
0001628279-18-000303	Tier2	Audited	Y	N	N	Y	N	N	3000000	1898056	5.0	15000000.0	0.0	0.0	0.0	15000000.0	Boustead Securities, LLC	1200000.0			N/A	0.0	GBH CPAs, PC and Marcum LLP	35000.0	Schiff Hardin	90000.0						13675000.0	Underwriter fees include reimbursement for certain diligence, travel and legal expenses.
0001264931-18-000142	Tier1	Unaudited	Y	N	N	Y	N	N	207000000	37727321	0.01	2000000.0	70000.0	0.0	0.0	2070000.0	NONE	0.0	TO BE DETERMINED	0.0	N/A	0.0	N/A	0.0	LAW OFFICES OF HAROLD H. MARTIN	18000.0	N/A	0.0	TO BE DETERMINED	0.0		2000000.0	
0001096906-18-000659	Tier1	Unaudited	Y	N	Y	Y	N	N	100000000	1305258238	0.005	3000000.0	0.0	0.0	0.0	3000000.0		0.0		0.0	none	25000.0	none	15000.0	John E. Lux, Esq.:	17000.0	GPL LLC	50000.0	none	2500.0		2700000.0	
0001683168-18-003518	Tier2	Audited	Y	Y	N	Y	N	N	510	0	120.0	61200.0	0.0	0.0	0.0	61200.0							IndigoSpire CPA Group, LLC	0.0	Procopio, Cory, Hargreaves & Savitch, LLP	0.0						61200.0	Estimated net proceeds does not reflect offering expenses because such expenses will be paid by the Manager as it relates to the Series Palace Foal.
0001010549-18-000450	Tier1	Unaudited	Y	N	N	Y	N	N	250000000	371908026	0.015000000000000001	3750000.0	0.0	0.0	0.0	3750000.0									John E. Lux, Esq.	25000.0			John E. Lux, Esq.	2500.0		3722500.0	
0001144204-18-060939	Tier2	Audited	Y	N	Y	Y	N	N	5000000	0	10.0	50000000.0	0.0	0.0	0.0	50000000.0	To be provided by amendment	1500000.0	To be provided by amendment	3500000.0			Brian Soto, CPA	25000.0	Kaplan, Voekler, Cunningham & Frank, PLC	125000.0			Kaplan, Voekler, Cunningham & Frank, PLC	25000.0		44000000.0	We expect to engage Co-Managing Broker Dealers to lead a syndicate of Selected Dealers.
0001683168-18-003491	Tier2	Audited	Y	N	N	Y	N	N	653000000	353533444	0.01	6000000.0	530000.0	0.0	0.0	6530000.0									John E. Lux, Esq.	26000.0			John E. Lux	2500.0		5250000.0	
0001683168-18-003486	Tier1	Unaudited	Y	N	Y	Y	N	Y	127970516	27970516	0.005	5000000.0	1376626.0	0.0	0.0	6376626.0									John E. Lux, Esq.	10000.0						4600000.0	
0001193125-18-329416	Tier2	Audited	Y	Y	N	Y	Y	N	714285714	0	0.07	50000000.0	0.0	0.0	0.0	50000000.0							Mayer Hoffman McCann P.C.	25000.0	Sheppard, Mullin, Richter & Hampton LLP	225000.0							
0001746998-18-000006	Tier2	Audited	N	N	N	Y	N	N	15625000	0	3.2	0.0	0.0	0.0	0.0	0.0																	
0001688804-18-000023	Tier2	Audited	Y	Y	N	Y	Y	N	5000	0	119.5	597500.0	0.0	0.0	0.0	597500.0							EisnerAmper LLP	0.0	Nixon Peabody LLP	0.0	Cuttone & Company, LLC	4392.0			33038	593108.0	
0001144204-18-060365	Tier2	Audited	Y	N	N	Y	N	N	2083334	8250000	12.0	25000000.0	0.0	0.0	0.0	25000000.0	Cuttone & Co., LLC	1400000.0					BDO East Coast Partnership	100000.0	Hughes Hubbard & Reed LLP	250000.0					33038	22850000.0	Based on maximum offering of $25,000,000 and includes sales commissions, audit, legal and miscellaneous other expenses totaling $2,500,000.
0001437749-18-020959	Tier1	Unaudited	N	N	N	N	N	N	200000	1874176	70.0	14000000.0	0.0	0.0	0.0	14000000.0									Fox Rothschild LLP	225000.0						0.0	The issuer's units will be issued to members of Apollonia, LLC in connection with issuer's acquisition of Apollonia pursuant t an agreement and plan of merger.
0001683168-18-003450	Tier2	Audited	Y	N	N	Y	N	N	5000000	0	10.0	50000000.0	0.0	0.0	0.0	50000000.0			TBD	5000000.0			dbbMcKennon	17023.0	Law Offices of Kristin M. Cano	120000.0						45000000.0	
0001683168-18-003406	Tier2	Audited	Y	N	N	Y	N	N	653000000	353533444	0.01	6000000.0	530000.0	0.0	0.0	6530000.0									John E. Lux, Esq.	26000.0			John E. Lux	2500.0		5250000.0	
0001213900-18-015533	Tier2	Audited	Y	N	N	Y	N	N	25000000	200000000	0.08	2000000.0	0.0	0.0	0.0	2000000.0							SADLER, GIBB & ASSOCIATES, LLC	5000.0	BEVILACQUA PLLC	7500.0						1953000.0	
0001144204-18-058911	Tier2	Audited	Y	Y	N	Y	N	N	1879680	0	10.0	1879680.0	0.0	37946200.0	6760630.0	46586510.0									Smith Anderson; Robbins Ross	4500.0							
0001683168-18-003315	Tier1	Unaudited	Y	N	N	Y	N	N	100000000	501082694	0.015000000000000001	1500000.0	0.0	0.0	0.0	1500000.0									John E. Lux, Esq.	25000.0			Various States	2500.0		1470000.0	
0001477932-18-005333	Tier2	Audited	N	N	N	Y	Y	N	50000000	12391000	10.0	50000000.0	0.0	0.0	0.0	50000000.0		0.0		0.0		0.0	Spiegel Accountancy Corp.	5000.0	Trowbridge Sidoti LLP	50000.0		0.0		0.0		50000000.0	
0001683168-18-003301	Tier2	Audited	Y	N	Y	Y	N	N	527500000	68400000	0.01	5000000.0	275000.0	27500.0	0.0	5302500.0							Salberg & Company, P.A.	6500.0	John E. Lux, Esq.	25000.0			Various	2500.0			
0001144204-18-058039	Tier2	Audited	Y	N	N	Y	N	N	2083334	8250000	12.0	25000000.0	0.0	0.0	0.0	25000000.0	Cuttone & Co., LLC	1750000.0					BDO East Coast Partnership	100000.0	Hughes Hubbard & Reed LLP	250000.0					33038	22500000.0	Based on maximum offering of $25,000,000 and includes sales commissions, audit, legal and miscellaneous other expenses totaling $2,500,000.
0001683168-18-003280	Tier2	Audited	Y	N	N	Y	N	N	1832533	11551200	3.0	4000000.0	1497600.0	0.0	0.0	5497600.0							Ankit Consulting Inc.	20000.0	Pearson, Butler, & Carson PLLC	25000.0						3955000.0	
0001683168-18-003268	Tier2	Audited	Y	N	N	Y	N	N	653000000	353533444	0.01	6000000.0	530000.0	0.0	0.0	6530000.0									John E. Lux, Esq.	26000.0			John E. Lux	2500.0		5250000.0	
0001654954-18-012065	Tier2	Audited	Y	N	N	Y	N	N	3000000	1107041	10.0	32000000.0	0.0	0.0	0.0	32000000.0			Bousteal Securities, LLC	1800000.0			Cherry Bekaert LLP	200000.0	KVCF	150000.0			KVCF	75000.0	141391	27915521.0	N/A
0001628279-18-000286	Tier2	Audited	Y	N	N	Y	N	N	3000000	1898056	5.0	15000000.0	0.0	0.0	0.0	15000000.0	Boustead Securities, LLC	1200000.0			N/A	0.0	GBH CPAs, PC and Marcum LLP	35000.0	Schiff Hardin	90000.0						13675000.0	Underwriter fees include reimbursement for certain diligence, travel and legal expenses.
0000715812-18-000011	Tier2	Audited	Y	Y	N	Y	N	N	79872	57431	626.0	626.0	0.0	0.0	0.0	626.0							Plante & Moran PLLC	80000.0	Stahl Cowen Crowley Addis LLC	60000.0							
0001193125-18-317737	Tier2	Audited	Y	Y	N	Y	Y	N	714285714	0	0.07	50000000.0	0.0	0.0	0.0	50000000.0							Mayer Hoffman McCann P.C.	25000.0	Sheppard, Mullin, Richter & Hampton LLP	225000.0							
0001683168-18-003223	Tier2	Audited	Y	N	N	Y	Y	N	2500000	13091200	6.0	15000000.0	0.0	0.0	0.0	15000000.0							UHY LLP, George Johnson & Company, MRPR Group PC	325000.0	CrowdCheck Law LLP	95000.0	Equity Track, GlobalOne, Colonial Stock Transfer	80000.0				14500000.0	
0001144204-18-057056	Tier2	Audited	Y	N	N	Y	N	N	13513513	59573702	0.37	5000000.0	0.0	0.0	0.0	5000000.0	WealthForge Securities, LLC	260000.0					Fruci & Associates II, PLLC	17500.0	CrowdCheck Law LLP (f/k/a KHLK, LLP)	50000.0					152550	4672500.0	Sales Commissions estimate assumes the maximum amount of fees payable to WealthForge Securities, LLC for their services in this offering.
0001078782-18-001224	Tier2	Audited	Y	N	Y	Y	Y	Y	5315000	5915000	1.5	7500000.0	472500.0	0.0	0.0	7972500.0							Thayer ONeal Company LLC	7500.0	Frank J Hariton	1000.0						6937500.0	The estimated net proceeds reflects estimated fees paid to brokers who assist in finding buyers.
0001144204-18-056794	Tier2	Audited	Y	N	N	Y	N	N	2000000	2534713	5.0	0.0	0.0	0.0	0.0	0.0							RBSM LLP (only relates to fees in connection with this offering)	95000.0	Sullivan & Worcester LLP	50000.0						9750000.0	
0001144204-18-056733	Tier2	Audited	Y	Y	N	Y	N	N	5625780	0	10.0	5625780.0	0.0	35076800.0	4004250.0	44706830.0									Smith Anderson; Robbins Ross	4500.0							
0001144204-18-056705	Tier2	Audited	Y	Y	N	Y	N	N	2847500	0	10.0	2847500.0	0.0	34620010.0	4461040.0	41928550.0									Smith Anderson; Robbins Ross	4500.0							
0001144204-18-056591	Tier2	Audited	Y	N	N	Y	N	N	1000000	7430310	10.0	10000000.0	0.0	0.0	0.0	10000000.0							ddmckennon	22000.0	CrowdCheck Law	35000.0			State filing fees	10000.0		9600000.0	There will be two class of securities sold.  The information included is for the common shares.
0001144204-18-055998	Tier2	Audited	Y	Y	N	Y	N	N	5625780	0	10.0	5625780.0	0.0	35076800.0	4004250.0	44706830.0									Smith Anderson; Robbins Ross	4500.0							
0001755037-18-000005	Tier1	Unaudited	Y	N	N	Y	N	N	4000000	90700000	5.0	0.0	0.0	0.0	0.0	0.0	None	0.0															
0001683168-18-003170	Tier2	Audited	Y	Y	N	Y	N	N	5000000	0	10.0	50000000.0	0.0	0.0	0.0	50000000.0							Artesian CPA, LLC	2000.0	Flaster/Greenberg P.C.	50000.0						49948000.0	
0001144204-18-055637	Tier2	Audited	Y	N	Y	Y	N	N	5000000	0	10.0	50000000.0	0.0	0.0	0.0	50000000.0	To be provided by amendment	1500000.0	To be provided by amendment	3500000.0			Brian Soto, CPA	25000.0	Kaplan, Voekler, Cunningham & Frank, PLC	125000.0			Kaplan, Voekler, Cunningham & Frank, PLC	25000.0		44000000.0	We expect to engage Co-Managing Broker Dealers to lead a syndicate of Selected Dealers.
0001683168-18-003162	Tier1	Unaudited	Y	N	N	Y	N	N	100000000	501082694	0.015000000000000001	1500000.0	0.0	0.0	0.0	1500000.0									John E. Lux, Esq.	25000.0			Various States	2500.0		1470000.0	
0001683168-18-003156	Tier2	Audited	Y	N	N	Y	N	N	2875000	10536004	6.0	17250000.0	0.0	0.0	0.0	17250000.0	Boustead Securities, LLC	1207500.0					GBH CPAs, PC	17000.0	Schiff Hardin LLP	170000.0						15667500.0	
0001096906-18-000593	Tier1	Unaudited	Y	N	Y	Y	N	N	5000000000	1255256897	0.05	5000000.0	0.0	0.0	0.0	5000000.0		0.0		0.0	none	25000.0	none	15000.0	John E. Lux, Esq.:	17000.0	GPL LLC	50000.0	none	2500.0		4500000.0	
0001751930-18-000006	Tier2	Audited	N	N	N	Y	N	N	625000		16.0	0.0	0.0	0.0	0.0	0.0	Sageworks Capital, Inc	10000.0					Artesian CPA, LLC	4500.0	CrowdCheck	5000.0	TBD	120500.0					
0001688804-18-000020	Tier2	Audited	Y	Y	N	Y	Y	N	5750	0	50.0	287500.0	0.0	0.0	0.0	287500.0							EisnerAmper LLP	0.0	Nixon Peabody LLP	0.0	Cuttone & Company, LLC	1941.0			33038	285559.0	
0001749442-18-000003	Tier1	Unaudited	Y	N	Y	Y	N	N	4000000	0		0.0	0.0	0.0	0.0	0.0																	
0001683168-18-003130	Tier2	Audited	Y	N	Y	Y	N	N	200000000	1362786900	0.25	50000000.0	0.0	0.0	0.0	50000000.0			various	3912500.0					John E. Lux, Esq.	75000.0			Various States	12500.0		46000000.0	
0001683168-18-003127	Tier2	Audited	Y	N	N	Y	N	N	653000000	353533444	0.01	6000000.0	530000.0	0.0	0.0	6530000.0									John E. Lux, Esq.	26000.0			John E. Lux	2500.0		5250000.0	
0001096906-18-000573	Tier1	Unaudited	Y	N	Y	Y	N	N	5000000000	1255256897	0.05	5000000.0	0.0	0.0	0.0	5000000.0		0.0	None	400000.0	None	25000.0	None	15000.0	John E. Lux, Esq.:	17000.0	None	50000.0	Blue Sky Compliance	2500.0		4500000.0	
0001213900-18-014225	Tier2	Audited	Y	Y	N	Y	N	N	5000000	0	10.0	50000000.0	0.0	0.0	0.0	50000000.0							Artesian CPAs	5000.0	Flaster/Greenberg P.C.	50000.0							
0001477932-18-004976	Tier2	Audited	N	N	N	Y	N	N	50000	0	1000.0	50000000.0	0.0	0.0	0.0	50000000.0		0.0		0.0		0.0	EisnerAmper	2000.0	Trowbridge Sidoti	50000.0		0.0		0.0		50000000.0	
0001683168-18-003116	Tier1	Unaudited	Y	N	N	Y	N	N	20000000000	4587922087	0.0001	2000000.0	0.0	0.0	0.0	2000000.0									John E. Lux, Esq.	25000.0			John E. Lux, Esq.	2000.0		1973000.0	
0001213900-18-014206	Tier2	Audited	Y	Y	N	Y	N	N	5000000	0	10.0	50000000.0	0.0	0.0	0.0	50000000.0							Artesian CPAs	5000.0	Flaster/Greenberg P.C.	50000.0							
0001144204-18-054691	Tier2	Audited	Y	Y	N	Y	N	N	2847500	0	10.0	2847500.0	0.0	34620010.0	4461040.0	41928550.0									Smith Anderson; Robbins Ross	4500.0							
0001493152-18-014682	Tier2	Audited	Y	N	N	Y	Y	N	34939	0	20.0	698780.0	0.0	0.0	0.0	698780.0	N/A	0.0	N/A	0.0	N/A	0.0	Mayer Hoffman McCann, P.C	20000.0	Legal and Compliance, LLC	100000.0	N/A	0.0	Legal and Compliance, LLC	9500.0	000000000	698780.0	Estimated Net Proceeds Calculation (above) of $698,780 does not include any offering fees as all fees in connection with the offering are to be paid by Masterworks Administrative Services, LLC.
0001144204-18-054618	Tier2	Audited	Y	N	N	Y	N	N	2083334	8250000	12.0	25000000.0	0.0	0.0	0.0	25000000.0	Cuttone & Co., LLC	1750000.0					BDO East Coast Partnership	100000.0	Hughes Hubbard & Reed LLP	250000.0					33038	22500000.0	Based on maximum offering of $25,000,000 and includes sales commissions, audit, legal and miscellaneous other expenses totaling $2,500,000.
0001144204-18-054558	Tier2	Audited	Y	N	N	Y	Y	N	5000000	100	10.0	50000000.0	0.0	0.0	0.0	50000000.0							Jason M. Tyra, CPA, PLLC	2500.0	CrowdCheck Law LLP (f/k/a KHLK LLP)	50000.0					154559		
0001104659-18-062925	Tier1	Audited	Y	N	N	Y	N	N	491640	8588914	15.5	7773870.0	0.0	0.0	0.0	7773870.0			Gardner Financial, Pierce Financial and Capitol Financial	621910.0			Eide Bailly	12000.0	Felhaber Larson	30000.0			Various States	5000.0		7102110.0	Shares includes both Class A and B. DRIP participants pay no commissions and pay $13.95 per share. Thus commissions paid and net proceeds will be less based on level of DRIP purchases.
0001493152-18-014652	Tier2	Audited	Y	N	N	Y	N	N	24055596	27297960	1.0	17000000.0	7055596.0	0.0	0.0	24055596.0	None	0.0	Various broker-dealers	455000.0	None	0.0	KBL, LLP	5000.0	Hateley & Hampton	45000.0	None	0.0				16943000.0	None
0001214659-18-006571	Tier2	Audited	Y	N	N	Y	N	N	100000	0	500.0	50000000.0	0.0	0.0	0.0	50000000.0	Jumpstart Securities, LLC	975000.0					Cashuk, Wiseman, Goldberg, Birnbaum & Salem, LLP	1500.0	Benjamin Feldman, FGRB, PLLC	7500.0					156214	49016000.0	
0001144204-18-054420	Tier2	Audited	N	N	N	Y	Y	N	300480	558879	8.88	2500000.0	0.0	0.0	0.0	2500000.0									CrowdCheck Law LLP	10000.0			State filing fees	5000.0		2475000.0	Certain investors are able to invest for some securities at a price of $8.32 per share.
0001628279-18-000267	Tier2	Audited	Y	N	N	Y	N	N	3000000	1898056	5.0	15000000.0	0.0	0.0	0.0	15000000.0	Boustead Securities, LLC	1200000.0			N/A	0.0	GBH CPAs, PC and Marcum LLP	35000.0	Schiff Hardin	90000.0						13675000.0	Underwriter fees include reimbursement for certain diligence, travel and legal expenses.
0001144204-18-054371	Tier2	Audited	Y	Y	N	Y	Y	N	604808	108290122	0.09	0.0	0.0	0.0	0.0	0.0									CrowdCheck Law LLP	6000.0							
0001144204-18-054287	Tier2	Audited	Y	N	Y	Y	N	N	5000000	0	10.0	50000000.0	0.0	0.0	0.0	50000000.0	To be provided by amendment	1500000.0	To be provided by amendment	3500000.0			Brian Soto, CPA	25000.0	Kaplan, Voekler, Cunningham & Frank, PLC	125000.0			Kaplan, Voekler, Cunningham & Frank, PLC	25000.0		44000000.0	We expect to engage Co-Managing Broker Dealers to lead a syndicate of Selected Dealers.
0001144204-18-054259	Tier2	Audited	Y	N	N	Y	N	N	13513513	59573702	0.37	5000000.0	0.0	0.0	0.0	5000000.0	WealthForge Securities, LLC	260000.0					Fruci & Associates II, PLLC	17500.0	CrowdCheck Law LLP (f/k/a KHLK, LLP)	50000.0					152550	4672500.0	Sales Commissions estimate assumes the maximum amount of fees payable to WealthForge Securities, LLC for their services in this offering.
0001144204-18-054073	Tier2	Audited	Y	Y	N	Y	N	N	4016720	977100	10.0	40167200.0	0.0	9832800.0	0.0	50000000.0									Goodwin Procter LLP	40000.0						40127200.0	
0001213900-18-013997	Tier2	Audited	Y	N	N	Y	N	N	4922000	24645294	5.0	23000000.0	0.0	0.0	0.0	23000000.0			Boustead Securities, Inc.	0.0	N/A	0.0	Grassi & Co., CPAs, P.C.	0.0	Duane Morris LLP	0.0	N/A	0.0			141391		Assumes sale of up to 4,600,000 shares. See Part II for a description of the warrants, and underlying shares, to be qualified in this Offering Statement. The issuer also anticipates other costs and fees relating the offering.
0001683168-18-003061	Tier2	Audited	Y	N	N	Y	N	N	1832533	11551200	3.0	4000000.0	1497600.0	0.0	0.0	5497600.0							Ankit Consulting Inc.	20000.0	Pearson, Butler, & Carson PLLC	25000.0						3955000.0	
0001688804-18-000019	Tier2	Audited	Y	Y	N	Y	Y	N	5750	0	50.0	287500.0	0.0	0.0	0.0	287500.0							EisnerAmper LLP	0.0	Nixon Peabody LLP	0.0	Cuttone & Company, LLC	1941.0			33038	285559.0	
0001587999-18-000003	Tier1	Unaudited	Y	Y	N	N	N	N	13333000			14000000.0	6000000.0	0.0	0.0	20000000.0																	
0001144204-18-053684	Tier2	Audited	Y	N	N	Y	Y	N	50000000	5000	1.0	50000000.0	0.0	0.0	0.0	50000000.0							dbbmckennon	11000.0	CrowdCheck Law LLP (f/k/a KHLK LLP)	85000.0						49904000.0	
0001683168-18-003041	Tier2	Audited	Y	N	N	Y	N	N	2875000	10536004	6.0	17250000.0	0.0	0.0	0.0	17250000.0	Boustead Securities, LLC	1207500.0					GBH CPAs, PC	17000.0	Schiff Hardin LLP	170000.0						15667500.0	
0001477932-18-004848	Tier2	Audited	N	N	N	Y	N	N	50000	0	1000.0	50000000.0	0.0	0.0	0.0	50000000.0		0.0		0.0		0.0	EisnerAmper	2000.0	Trowbridge Sidoti	50000.0		0.0		0.0		50000000.0	
0001264931-18-000114	Tier1	Unaudited	Y	N	N	N	Y	Y	257000000	37727321	0.01	2000000.0	570000.0	0.0	0.0	2570000.0	NONE	0.0	TO BE DETERMINED	0.0	N/A	0.0	N/A	0.0	LAW OFFICES OF HAROLD H. MARTIN	16000.0	N/A	0.0	TO BE DETERMINED	1000.0		1800000.0	
0001213900-18-013820	Tier2	Audited	N	N	N	Y	N	N	81670	0		11500000.0	0.0	0.0	0.0	11500000.0	N/A	0.0	Bequia Securities LLC	105000.0	N/A	0.0	Moss Adams LLP, SD Mayer & Assoc., LLP	76500.0	Cutting Edge Counsel	65000.0	N/A	0.0	Cutting Edge Counsel	5000.0	285783	11248500.0	TechSoup auditor, Moss Adams LLP, determined that its FY 2016 audit would not comply with the independence qualifications for that year. A re-audit by SD Mayer & Associates was completed for FY 2016 and Moss Adams LLP resumed auditing again for FY 2017.
0001193125-18-297560	Tier2	Audited	Y	Y	N	Y	Y	N	7397697	1461747	8.0	44178387.9	5219309.1	830045.0	0.0	50227742.0							PKF, LLC	73379.0	Stradling Yocca Carlson & Rauth, P.C.	125000.0	XY - the Findables Company	10999.0				44178387.9	All fees will be updated in a subsequent amendment to this Form 1-A.
0001751930-18-000001	Tier2	Audited	Y	N	N	Y	N	N	625000	0	16.0	0.0	0.0	0.0	0.0	0.0	Sageworks Capital LLC	10000.0					Artesian CPA LLC	3500.0	CrowdCheck Law LLP	5000.0	TBD	121500.0					
0001144204-18-053370	Tier2	Audited	Y	Y	N	Y	N	N	1846040	0	10.0	1846040.0	0.0	34082650.0	4082060.0	40010750.0									Smith Anderson; Robbins Ross	4500.0							
0001477932-18-004798	Tier1	Unaudited	N	N	N	Y	N	N	600	200	25000.0	15000000.0	0.0	5000000.0	0.0	20000000.0		0.0		0.0		0.0		0.0	Trowbridge Sidoti	10000.0	Kevin Amolsch	0.0	Colorado and Minnesota	0.0		20000000.0	
0001445866-18-001097	Tier2	Audited	Y	Y	Y	Y	N	N	5000000	0	10.0	50000000.0	0.0	0.0	0.0	50000000.0			North Capital Private Securities	750000.0			Summit LLC	1100.0	Carman Lehnhof Israelsen, LP	100000.0					154559	49148900.0	Assumed maximum offering
0001587999-18-000002	Tier1	Unaudited	Y	Y	N	N	N	N	13333000			14000000.0	6000000.0	0.0	0.0	20000000.0																	
0001587999-18-000001	Tier1	Unaudited	Y	Y	N	N	N	N	13333000			14000000.0	6000000.0	0.0	0.0	20000000.0																	
0001144204-18-053069	Tier2	Audited	Y	N	N	Y	Y	N	5000000	100	10.0	50000000.0	0.0	0.0	0.0	50000000.0							Jason M. Tyra, CPA, PLLC	2500.0	CrowdCheck Law LLP (f/k/a KHLK LLP)	50000.0					154559		
0001659173-18-000302	Tier2	Audited	N	N	Y	Y	N	N	40000000	0	10000.0	40000000.0	0.0	0.0	0.0	40000000.0			JumpStart Securities	15000.0			Hall & Company Certified Public Accountants & Consultants	71040.0	Bryan R. Clark, PC	143394.0			JumpStart Securities	5000.0	156214	40000000.0	
0001754936-18-000002	Tier2	Audited	Y	N	N	Y	N	N	100000000	0	0.5	50000000.0	0.0	0.0	0.0	50000000.0					TBD	1500000.0	Rose, Snyder & Jacobs	6500.0	Aaron Krowne PLLC	25000.0	TBD	1500000.0	Aaron Krowne PLLC	10000.0		46958500.0	
0001683168-18-002998	Tier2	Audited	Y	N	N	Y	N	N	5000000	0	10.0	50000000.0	0.0	0.0	0.0	50000000.0			TBD	5000000.0			dbbMcKennon	17023.0	Law Offices of Kristin M. Cano	120000.0						45000000.0	
0001683168-18-002993	Tier1	Unaudited	Y	N	N	Y	N	N	100000000	501082694	0.015000000000000001	1500000.0	0.0	0.0	0.0	1500000.0									John E. Lux, Esq.	25000.0			Various States	2500.0		1470000.0	
0001683168-18-002972	Tier2	Audited	Y	Y	N	Y	N	N	5000000	0	10.0	50000000.0	0.0	0.0	0.0	50000000.0							Artesian CPA, LLC	2000.0	Flaster/Greenberg P.C.	50000.0						49948000.0	
0001683168-18-002961	Tier2	Audited	Y	N	N	Y	N	N	653000000	360533444	0.01	6000000.0	530000.0	0.0	0.0	6530000.0									John E. Lux, Esq.	26000.0			John E. Lux	2500.0		5250000.0	
0001144204-18-052619	Tier2	Audited	Y	Y	N	Y	N	N	4016720	977100	10.0	40167200.0	0.0	9832800.0	0.0	50000000.0									Goodwin Procter LLP	40000.0						40127200.0	
0001493152-18-014113	Tier2	Audited	Y	Y	N	Y	Y	N	714285714	0	0.07	50000000.0	0.0	0.0	0.0	50000000.0							Mayer Hoffman McCann P.C.	25000.0	Sheppard, Mullin, Richter & Hampton LLP	225000.0							
0001213900-18-013526	Tier2	Audited	Y	Y	N	Y	Y	N	20000	1505	750.0	15000000.0	0.0	0.0	0.0	15000000.0							Cherry Bekaert LLP	40500.0	Smith, Anderson, Blount, Dorsett, Mitchell & Jernigan, L.L.P.	700000.0			Smith, Anderson, Blount, Dorsett, Mitchell & Jernigan, L.L.P.	2500.0		13957000.0	The estimated net proceeds to the issuer reflects estimated fees of $300,000 for custodial and platform services.
0001493152-18-014065	Tier1	Unaudited	Y	N	Y	Y	N	Y	30000000	183753333	0.1	1000000.0	2000000.0	0.0	0.0	3000000.0	0	0.0	0	0.0	0	0.0	0	0.0	0	0.0	0	0.0	0	0.0	0	3000000.0	
0001144204-18-052422	Tier2	Audited	N	N	N	Y	Y	N	300480	558879	8.88	2500000.0	0.0	0.0	0.0	2500000.0									CrowdCheck Law LLP	10000.0			State filing fees	5000.0		2475000.0	Certain investors are able to invest for some securities at a price of $8.32 per share.
0001683168-18-002936	Tier1	Unaudited	Y	N	N	Y	N	N	2000000000	4587922087	0.001	2000000.0	0.0	0.0	0.0	2000000.0									John E. Lux, Esq.	25000.0			John E. Lux, Esq.	2000.0		1973000.0	
0001213900-18-013399	Tier2	Audited	Y	N	N	Y	Y	N	1500000	16350308	4.0	6000000.0	0.0	0.0	434000.0	6434000.0	Craft Capital Management	510000.0							Sheppard, Mullin, Richter & Hampton, LLP	75000.0					171350	5415000.0	
0001659173-18-000294	Tier2	Audited	N	N	Y	Y	N	N	40000000	0	10000.0	40000000.0	0.0	0.0	0.0	40000000.0			JumpStart Securities	15000.0			Hall & Company Certified Public Accountants & Consultants	2500.0	Bryan R. Clark, PC	5000.0			JumpStart Securities	5000.0	156214	40000000.0	
0001445866-18-001010	Tier2	Audited	Y	N	N	Y	N	N	5000000	10000000	2.5	12500000.0	0.0	0.0	0.0	12500000.0							Jason M. Tyra, CPA	10000.0	Carman Lehnhof Israelsen, LLP	30000.0						12460000.0	
0001144204-18-051659	Tier2	Audited	Y	Y	N	Y	N	N	627570	0	10.0	627570.0	0.0	31529110.0	1525510.0	33682190.0									Smith Anderson; Robbins Ross	4500.0							
