ACCESSION_NUMBER	ED_ID	TYPE	NAME	OUTSTANDING	CUSIP	PUBLICYTRADED
0001742808-18-000004	1	Common	Common Shares	5000000	None	None
0001742808-18-000004	1	Debt Securities		0		
0001742808-18-000004	1	Preferred		0		
0001683168-18-003825	1	Preferred	Class E	25000000	000000000	N/A
0001683168-18-003825	1	Common	Class A	0	000000000	N/A
0001683168-18-003825	1	Debt Securities	None	0	000000000	N/A
0001683168-18-003823	1	Preferred	Series C	1500000	000000000	N/A
0001683168-18-003823	1	Common	Common Stock	250859629	45074L109	OTCPinksheets
0001683168-18-003823	1	Debt Securities	N/A	0	000000000	N/A
0001214659-18-007828	1	Common	Common	20870000	000000000	N/A
0001214659-18-007828	1	Debt Securities	N/A	0	000000000	N/A
0001214659-18-007828	1	Preferred	N/A	0	000000000	N/A
0001264931-18-000164	1	Common	COMMON EQUITY	38792516	092646102	OTC MARKETS
0001264931-18-000164	1	Preferred	PREFERRED EQUITY	60000	000000000	N/A
0001264931-18-000164	1	Debt Securities	NONE	0	000000000	N/A
0001731302-18-000003	1	Preferred		0		
0001731302-18-000003	1	Common		0		
0001731302-18-000003	1	Debt Securities		0		
0001144204-18-066432	1	Debt Securities	None	0	000000000	None
0001144204-18-066432	1	Preferred	None	0	000000000	None
0001144204-18-066432	1	Common	Common Stock	100	000000000	None
0001144204-18-066424	1	Common	Common Shares	9382167	000000000	N/A
0001144204-18-066424	1	Preferred	N/A	0	000000000	N/A
0001144204-18-066424	1	Debt Securities	N/A	0	000000000	N/A
0001437749-18-022624	1	Debt Securities		0		
0001437749-18-022624	1	Preferred		0		
0001437749-18-022624	1	Common	Common units	1874176	n/a	n/a
0001683168-18-003792	1	Preferred	Series B preferred stock	1000000	0000000na	na
0001683168-18-003792	1	Common	Common Stock	2323678976	786239103	OTCMarkets, Pink Open Market
0001683168-18-003792	1	Debt Securities	none	0	0000000na	na
0001144204-18-066150	2	Preferred	Series A Preferred Stock	747373	000000N/A	N/A
0001144204-18-066150	1	Preferred	Series Seed	568796	000000N/A	N/A
0001144204-18-066150	1	Common	Common Stock	1136406	000000N/A	N/A
0001144204-18-066150	1	Debt Securities	Convertible Promissory Notes	2050000	000000N/A	N/A
0001493152-18-017880	1	Preferred	Preferred Equity	50000	000000000	None
0001493152-18-017880	1	Common	Common Equity	27297960	89416R101	None
0001493152-18-017880	1	Debt Securities	None	0	000000000	0
0001144204-18-066054	1	Preferred	None	0	000000000	None
0001144204-18-066054	1	Common	Common Shares	500	000000000	None
0001144204-18-066054	1	Debt Securities	None	0	000000000	None
0001144204-18-066048	1	Preferred	None	0	000000000	None
0001144204-18-066048	1	Debt Securities	None	0	000000000	None
0001144204-18-066048	1	Common	Common Shares	500	000000000	None
0001213900-18-017698	1	Common	Class B Common Stock	50729	000000000	N/A
0001213900-18-017698	1	Debt Securities	N/A	0	000000000	N/A
0001213900-18-017698	1	Preferred	N/A	0	000000000	N/A
0001755037-18-000010	1	Preferred	none	0	00000none	none
0001755037-18-000010	1	Common	Common	80700000	00000none	none
0001755037-18-000010	1	Debt Securities	none	0	00000none	none
0001683168-18-003756	1	Common	Common Equity	13091200	000000N/A	N/A
0001683168-18-003756	1	Debt Securities	Debt Securities	0	000000N/A	N/A
0001683168-18-003756	1	Preferred	Preferred Equity	0	000000N/A	N/A
0001144204-18-065375	1	Preferred	N/A	0	000000N/A	N/A
0001144204-18-065375	2	Common	GAB Tokens	106354	000000N/A	N/A
0001144204-18-065375	1	Common	Class A Common Stock	6995641	000000N/A	N/A
0001144204-18-065375	1	Debt Securities	N/A	0	000000N/A	N/A
0001688804-18-000028	5	Common	Series #55PS1	2000	0	None
0001688804-18-000028	1	Debt Securities		0		
0001688804-18-000028	1	Preferred		0		
0001688804-18-000028	10	Common	#98DV1	2000	0	None
0001688804-18-000028	9	Common	Series #83FB1	5000	0	None
0001688804-18-000028	8	Common	Series #89PS1	2000	0	None
0001688804-18-000028	7	Common	Series #90FM1	2000	0	None
0001688804-18-000028	6	Common	Series #95BL1	2000	0	None
0001688804-18-000028	4	Common	Series #88LJ1	2000	0	None
0001688804-18-000028	3	Common	Series #85FT1	2000	0	None
0001688804-18-000028	2	Common	Series #69BM1	2000	0	None
0001688804-18-000028	1	Common	Series #77LE1	2000	0	None
0001644516-18-000005	1	Common	Common/voting	13333000	none	none
0001644516-18-000005	1	Preferred		0		
0001644516-18-000005	1	Debt Securities		0		
0001644516-18-000004	1	Debt Securities		0		
0001644516-18-000004	1	Preferred		0		
0001644516-18-000004	1	Common	common	4000000	0	n/a
0001640170-18-000006	1	Common	common voting	200000	0	0
0001640170-18-000006	1	Debt Securities	0	0	0	0
0001640170-18-000006	1	Preferred	0	0	0	0
0001640170-18-000005	1	Debt Securities		0		
0001640170-18-000005	1	Preferred		0		
0001640170-18-000005	1	Common	common/voting	13333333	0	0
0001477932-18-006070	1	Debt Securities	None	0		
0001477932-18-006070	1	Preferred	None	0		
0001477932-18-006070	1	Common	Common Stock	12391000	None	None
0001477932-18-006062	1	Debt Securities	None	0		
0001477932-18-006062	1	Preferred	None	0		
0001477932-18-006062	1	Common	Common Stock	12391000	None	None
0001104659-18-073649	1	Debt Securities		0		
0001104659-18-073649	1	Common	Class A Common Stock	2000000	N/A	N/A
0001104659-18-073649	1	Preferred		0		
0001731122-18-000187	1	Common	Common Stock	268205058	70324A208	OTC PINK
0001731122-18-000187	1	Preferred	Series A Convertible Preferred	10000000	000000N/A	N/A
0001731122-18-000187	1	Debt Securities	N/A	0	000000N/A	N/A
0001144204-18-064974	1	Debt Securities	N/A	0	000000N/A	N/A
0001144204-18-064974	1	Preferred	N/A	0	000000N/A	N/A
0001144204-18-064974	1	Common	Common Stock	1395024	000000N/A	N/A
0001683168-18-003723	1	Common	Common Stock	847209888	36830V101	None
0001683168-18-003723	1	Debt Securities	None	0	000000000	None
0001683168-18-003723	1	Preferred	None	0	000000000	None
0001760319-18-000004	1	Debt Securities	0	0	0	0
0001760319-18-000004	1	Preferred	0	0	0	0
0001760319-18-000004	1	Common	Common Stock	16700000	000	0000000
0001683168-18-003709	1	Preferred	None	0	000000N/A	N/A
0001683168-18-003709	1	Common	Common Stock	11551200	000000N/A	N/A
0001683168-18-003709	1	Debt Securities	Convertible Promissory Notes	202500	000000N/A	None
0001144204-18-064611	1	Common	Common Stock	1136406	000000N/A	N/A
0001144204-18-064611	1	Debt Securities	Convertible Promissory Notes	2050000	000000N/A	N/A
0001144204-18-064611	2	Preferred	Series A Preferred Stock	747373	000000N/A	N/A
0001144204-18-064611	1	Preferred	Series Seed	568796	000000N/A	N/A
0001144204-18-064599	1	Debt Securities	Convertible Promissory Notes	2050000	000000N/A	N/A
0001144204-18-064599	2	Preferred	Series A Preferred Stock	747373	000000N/A	N/A
0001144204-18-064599	1	Preferred	Series Seed	568796	000000N/A	N/A
0001144204-18-064599	1	Common	Common Stock	1136406	000000N/A	N/A
0001736865-18-000015	1	Debt Securities		0		
0001736865-18-000015	1	Preferred		0		
0001736865-18-000015	1	Common	Common Stock	95208026	38089W103	OTC Markets, Pink Open Market
0001144204-18-064536	1	Preferred	N/A	0	000000N/A	N/A
0001144204-18-064536	1	Debt Securities	N/A	0	000000N/A	N/A
0001144204-18-064536	1	Common	Common Stock	1395024	000000N/A	N/A
0001477932-18-005969	1	Debt Securities	None	0		
0001477932-18-005969	1	Preferred	None	0		
0001477932-18-005969	1	Common	Common Stock	12391000	None	None
0001736865-18-000009	1	Common	Common Stock	95208026	38089W103	OTC Markets, Pink Open Market
0001736865-18-000009	1	Preferred		0		
0001736865-18-000009	1	Debt Securities		0		
0001640334-18-002360	1	Preferred	Series C Preferred Stock	5996000	N/A	N/A
0001640334-18-002360	1	Debt Securities		0		
0001640334-18-002360	1	Common	Common Stock	207050000	92904T100	OTC Markets
0001445866-18-001353	1	Debt Securities		0		
0001445866-18-001353	1	Preferred		0		
0001445866-18-001353	1	Common	N/A	1000000	N/A	N/A
0001736865-18-000004	1	Common	Common Stock	95208026	38089W103	OTC Markets, Pink Open Market
0001736865-18-000004	1	Preferred		0		
0001736865-18-000004	1	Debt Securities		0		
0001376474-18-000155	1	Debt Securities		0		
0001376474-18-000155	1	Preferred		0		
0001376474-18-000155	1	Common	2020000	0		
0001750063-18-000008	1	Debt Securities		0		
0001750063-18-000008	2	Common	Class F Common Stock	100	none	none
0001750063-18-000008	1	Preferred		0		
0001750063-18-000008	1	Common	Class P Common Stock	564000	none	none
0001760319-18-000002	1	Preferred	0	0	0	0
0001760319-18-000002	1	Debt Securities	0	0	0	0
0001760319-18-000002	1	Common	Common Stock	16700000	000	0000000
0001193125-18-346293	1	Common	Class B common stock	32292150	000000000	n/a
0001193125-18-346293	2	Debt Securities	Debt Securities	0	000000000	n/a
0001193125-18-346293	1	Debt Securities	Preferred Equity	0	000000000	n/a
0001193125-18-346293	1	Preferred	Class A common stock	2958833	000000000	n/a
0001749817-18-000013	1	Preferred	None	0	000000000	None
0001749817-18-000013	1	Common	Common Stock	100	000000000	None
0001749817-18-000013	1	Debt Securities	None	0	000000000	None
0001579586-18-000010	1	Preferred		0		
0001579586-18-000010	1	Debt Securities		0		
0001579586-18-000010	1	Common	common/voting	13333333	0	0
0001579586-18-000009	1	Common	common voting	200000	0	0
0001579586-18-000009	1	Debt Securities	0	0	0	0
0001579586-18-000009	1	Preferred	0	0	0	0
0001144204-18-063436	1	Preferred	Series Seed	3500000	000000N/A	N/A
0001144204-18-063436	1	Common	Common Stock	7430310	000000N/A	N/A
0001144204-18-063436	1	Debt Securities	Series A	3254261	000000N/A	N/A
0001749817-18-000009	1	Debt Securities	None	0	000000000	None
0001749817-18-000009	1	Preferred	None	0	000000000	None
0001749817-18-000009	1	Common	Common Stock	100	000000000	None
0001078782-18-001394	1	Preferred	Preferred Stock	1000000	None	None
0001078782-18-001394	1	Debt Securities	None	0		
0001078782-18-001394	1	Common	Common Stock	5915000	None	None
0001587999-18-000011	1	Common	common	4000000	0	n/a
0001587999-18-000011	1	Debt Securities		0		
0001587999-18-000011	1	Preferred		0		
0001587999-18-000010	1	Preferred		0		
0001587999-18-000010	1	Debt Securities		0		
0001587999-18-000010	1	Common	Common/voting	13333000	none	none
0001683168-18-003614	1	Common	Common Stock	250859629	45074L109	OTCPinksheets
0001683168-18-003614	1	Debt Securities	N/A	0	000000000	N/A
0001683168-18-003614	1	Preferred	Series C	1500000	000000000	N/A
0001144204-18-062934	1	Common	None	500000	000000N/A	N/A
0001144204-18-062934	1	Preferred	Class A	49932	000000N/A	N/A
0001144204-18-062934	1	Debt Securities	None	0	000000N/A	N/A
0001193125-18-340286	1	Debt Securities	N/A	0	000000000	None
0001193125-18-340286	1	Preferred	N/A	0	000000000	None
0001193125-18-340286	1	Common	Common LLC interests	0	000000000	None
0001640334-18-002298	1	Debt Securities		0		
0001640334-18-002298	1	Preferred	Series C Preferred Stock	5996000	N/A	N/A
0001640334-18-002298	1	Common	Common Stock	207050000	92904T100	OTC Markets
0001193125-18-335397	1	Common	Common Stock	364578	000000000	N/A
0001193125-18-335397	1	Preferred	N/A	0	N/A	N/A
0001193125-18-335397	1	Debt Securities	N/A	0	N/A	N/A
0001553350-18-001301	1	Preferred	Series Seed Preferred Stock	0	000000N/A	None
0001553350-18-001301	3	Common	Warrants	0	000000N/A	None
0001553350-18-001301	1	Common	Common Stock	1000000	000000N/A	None
0001553350-18-001301	1	Debt Securities	Convertible Note	0	000000N/A	None
0001553350-18-001301	2	Common	Options	0	000000N/A	None
0001144204-18-061412	1	Preferred	Series Seed	568796	000000N/A	N/A
0001144204-18-061412	1	Common	Common Stock	1136406	000000N/A	N/A
0001144204-18-061412	1	Debt Securities	Convertible Promissory Notes	2050000	000000N/A	N/A
0001144204-18-061412	2	Preferred	Series A Preferred Stock	747373	000000N/A	N/A
0001683168-18-003558	1	Preferred	none	0	000000000	n/a
0001683168-18-003558	1	Debt Securities	none	0	000000000	n/a
0001683168-18-003558	1	Common	Class A, $0.0001 par value	68400000	001734669	SDEC to be requested
0001144204-18-061407	1	Preferred	Series Seed	568796	000000N/A	N/A
0001144204-18-061407	1	Common	Common Stock	1136406	000000N/A	N/A
0001144204-18-061407	1	Debt Securities	Convertible Promissory Notes	2050000	000000N/A	N/A
0001144204-18-061407	2	Preferred	Series A Preferred Stock	747373	000000N/A	N/A
0001683168-18-003553	1	Common	Common Stock	847209888	36830V101	None
0001683168-18-003553	1	Debt Securities	None	0	000000000	None
0001683168-18-003553	1	Preferred	None	0	000000000	None
0001493152-18-016661	1	Preferred	None	0	000000000	NONE
0001493152-18-016661	1	Debt Securities	NONE	0	000000000	NONE
0001493152-18-016661	1	Common	Membership Interests	16015	000000000	NONE
0001144204-18-061261	2	Common	Class B Common Stock	1500000	000000n/a	N/A
0001144204-18-061261	1	Preferred	N/A	0	000000N/A	N/A
0001144204-18-061261	1	Common	Class A Common Stock	59573702	000000n/a	N/A
0001144204-18-061261	1	Debt Securities	N/A	0	000000N/A	N/A
0001628279-18-000303	1	Preferred	Series A	416666	000000000	NA
0001628279-18-000303	1	Common	Common	1898056	000000000	NA
0001628279-18-000303	2	Preferred	Series B	2118100	000000000	NA
0001628279-18-000303	1	Debt Securities	Convertible Bridge Notes	10400000	000000000	NA
0001264931-18-000142	1	Debt Securities	N/A	0	000000000	N/A
0001264931-18-000142	1	Common	COMMON	37727321	90916J409	OTC MARKETS
0001264931-18-000142	1	Preferred	CLASS A	22950000	000000000	N/A
0001096906-18-000659	1	Preferred	Preferred Equity	600000	91134Y103	none
0001096906-18-000659	1	Common	Common Stock	1305258238	0	OTC Markets, Pink Open Market
0001096906-18-000659	1	Debt Securities	None	0		
0001683168-18-003518	2	Common	Series Sigesmund	54	000000N/A	N/A
0001683168-18-003518	1	Common	Series Moonless Sky	199	000000N/A	N/A
0001683168-18-003518	10	Common	Series Zestful	67	000000N/A	N/A
0001683168-18-003518	9	Common	Series Takeo Squared	100	000000N/A	N/A
0001683168-18-003518	8	Common	Series Tavasco Road	33	000000N/A	N/A
0001683168-18-003518	1	Preferred	none	0	000000N/A	N/A
0001683168-18-003518	6	Common	Series Soul Beam	62	000000N/A	N/A
0001683168-18-003518	5	Common	Series Cairo Kiss	16	000000N/A	N/A
0001683168-18-003518	4	Common	Series Bullion	25	000000N/A	N/A
0001683168-18-003518	3	Common	Series Swiss Minister	27	000000N/A	N/A
0001683168-18-003518	1	Debt Securities	none	0	000000N/A	N/A
0001683168-18-003518	7	Common	Series Amers	36	000000N/A	N/A
0001010549-18-000450	1	Preferred		0		
0001010549-18-000450	1	Common	Common Stock	95208026	38089W103	OTC Markets, Pink Open Market
0001010549-18-000450	1	Debt Securities		0		
0001144204-18-060939	4	Preferred	Series REG A Non-Voting Pref	0	000000000	None
0001144204-18-060939	3	Preferred	Series A Plus Non-Voting Prefd	215000	000000000	None
0001144204-18-060939	2	Preferred	Series A Non-Voting Preferred	249500	000000000	None
0001144204-18-060939	1	Preferred	Original Non-Voting Preferred	2163800	000000000	None
0001144204-18-060939	5	Common	Class AA Common	0	000000000	None
0001144204-18-060939	5	Preferred	Series AA Non-Voting Preferred	0	000000000	None
0001144204-18-060939	3	Common	Class A Plus Common	73500	000000000	None
0001144204-18-060939	2	Common	Class A Common	95800	000000000	None
0001144204-18-060939	1	Debt Securities	None	0	000000000	None
0001144204-18-060939	1	Common	Original Common	552100	000000000	None
0001144204-18-060939	4	Common	Class REG A Common	0	000000000	None
0001683168-18-003491	1	Common	Common Stock	353533444	11777J304	None
0001683168-18-003491	2	Preferred	Preferred Equity Series B	40000000	00000None	None
0001683168-18-003491	1	Preferred	Preferred Equity Series A	2000000	00000None	None
0001683168-18-003491	1	Debt Securities	None	0	00000None	None
0001683168-18-003486	1	Common	Common Stock	4066148	00062459P	OTC Markets, Pink Open Market
0001683168-18-003486	1	Preferred	Series A	17855171	000000000	none
0001683168-18-003486	1	Debt Securities	N/A	0	000000000	N/A
0001193125-18-329416	1	Debt Securities	N/A	0	000000000	None
0001193125-18-329416	1	Preferred	N/A	0	000000000	None
0001193125-18-329416	1	Common	Common LLC interests	0	000000000	None
0001746998-18-000006	1	Common	Class B	78125000	PERDIN009	ITC
0001746998-18-000006	1	Preferred		0		
0001746998-18-000006	1	Debt Securities		0		
0001688804-18-000023	1	Debt Securities		0		
0001688804-18-000023	1	Preferred		0		
0001688804-18-000023	1	Common	Series #77LE1	2000	0	None
0001688804-18-000023	2	Common	Series #69BM1	2000	0	None
0001688804-18-000023	3	Common	Series #85FT1	2000	0	None
0001688804-18-000023	10	Common	#98DV1	2000	0	None
0001688804-18-000023	5	Common	Series #55PS1	2000	0	None
0001688804-18-000023	6	Common	Series #95BL1	2000	0	None
0001688804-18-000023	7	Common	Series #90FM1	2000	0	None
0001688804-18-000023	8	Common	Series #89PS1	2000	0	None
0001688804-18-000023	9	Common	Series #83FB1	5000	0	None
0001688804-18-000023	4	Common	Series #88LJ1	2000	0	None
0001144204-18-060365	1	Debt Securities	Convertible Notes	7036075	0000000NA	0000000NA
0001144204-18-060365	1	Common	Common Stock	8250000	0000000NA	0000000NA
0001144204-18-060365	1	Preferred	Series A Preferred	1222506	0000000NA	0000000NA
0001437749-18-020959	1	Common	Common units	1874176	n/a	n/a
0001437749-18-020959	1	Preferred		0		
0001437749-18-020959	1	Debt Securities		0		
0001683168-18-003450	1	Debt Securities	None	0	000000000	N/A
0001683168-18-003450	1	Preferred	Class E	25000000	000000000	N/A
0001683168-18-003450	1	Common	Class A	0	000000000	N/A
0001683168-18-003406	1	Common	Common Stock	353533444	11777J304	None
0001683168-18-003406	1	Preferred	Preferred Equity Series A	2000000	00000None	None
0001683168-18-003406	2	Preferred	Preferred Equity Series B	40000000	00000None	None
0001683168-18-003406	1	Debt Securities	None	0	00000None	None
0001213900-18-015533	1	Debt Securities	n/a	0	000000000	n/a
0001213900-18-015533	1	Common	Common Stock	200000000	000000000	n/a
0001213900-18-015533	1	Preferred	n/a	0	000000000	n/a
0001144204-18-058911	1	Debt Securities	Convertible Promissory Notes	2050000	000000N/A	N/A
0001144204-18-058911	1	Common	Common Stock	1136406	000000N/A	N/A
0001144204-18-058911	1	Preferred	Series Seed	568796	000000N/A	N/A
0001144204-18-058911	2	Preferred	Series A Preferred Stock	747373	000000N/A	N/A
0001683168-18-003315	1	Debt Securities	none	0	000000000	none
0001683168-18-003315	1	Common	Common Stock, $0.001 par value	501082694	552681108	OTCMarkets, Pink Open Market
0001683168-18-003315	1	Preferred	none	0	000000000	none
0001477932-18-005333	1	Preferred	None	0		
0001477932-18-005333	1	Common	Common Stock	12391000	None	None
0001477932-18-005333	1	Debt Securities	None	0		
0001683168-18-003301	1	Debt Securities	none	0	000000000	n/a
0001683168-18-003301	1	Preferred	none	0	000000000	n/a
0001683168-18-003301	1	Common	Class A, $0.0001 par value	68400000	001734669	SDEC to be requested
0001144204-18-058039	1	Preferred	Series A Preferred	1222506	0000000NA	0000000NA
0001144204-18-058039	1	Debt Securities	Convertible Notes	7036075	0000000NA	0000000NA
0001144204-18-058039	1	Common	Common Stock	8250000	0000000NA	0000000NA
0001683168-18-003280	1	Debt Securities	Convertible Promissory Notes	202500	000000N/A	None
0001683168-18-003280	1	Common	Common Stock	11551200	000000N/A	N/A
0001683168-18-003280	1	Preferred	None	0	000000N/A	N/A
0001683168-18-003268	2	Preferred	Preferred Equity Series B	40000000	00000None	None
0001683168-18-003268	1	Preferred	Preferred Equity Series A	2000000	00000None	None
0001683168-18-003268	1	Debt Securities	None	0	00000None	None
0001683168-18-003268	1	Common	Common Stock	353533444	11777J304	None
0001654954-18-012065	1	Preferred	Series A	144500	000000000	N/A
0001654954-18-012065	1	Debt Securities	N/A	0	000000000	N/A
0001654954-18-012065	1	Common	Common Stock	1107041	40417L106	N/A
0001628279-18-000286	2	Preferred	Series B	2118100	000000000	NA
0001628279-18-000286	1	Preferred	Series A	416666	000000000	NA
0001628279-18-000286	1	Common	Common	1898056	000000000	NA
0001628279-18-000286	1	Debt Securities	Convertible Bridge Notes	10400000	000000000	NA
0000715812-18-000011	1	Preferred	-	0	00000000-	-
0000715812-18-000011	1	Debt Securities	-	0	00000000-	-
0000715812-18-000011	1	Common	Common	57431	00000000-	-
0001193125-18-317737	1	Preferred	N/A	0	000000000	None
0001193125-18-317737	1	Common	Common LLC interests	0	000000000	None
0001193125-18-317737	1	Debt Securities	N/A	0	000000000	None
0001683168-18-003223	1	Common	Common Equity	13091200	000000N/A	N/A
0001683168-18-003223	1	Debt Securities	Debt Securities	0	000000N/A	N/A
0001683168-18-003223	1	Preferred	Preferred Equity	0	000000N/A	N/A
0001144204-18-057056	2	Common	Class B Common Stock	1500000	000000n/a	N/A
0001144204-18-057056	1	Debt Securities	N/A	0	000000N/A	N/A
0001144204-18-057056	1	Preferred	N/A	0	000000N/A	N/A
0001144204-18-057056	1	Common	Class A Common Stock	59573702	000000n/a	N/A
0001078782-18-001224	1	Debt Securities	None	0		
0001078782-18-001224	1	Common	Common Stock	5915000	None	None
0001078782-18-001224	1	Preferred	Preferred Stock	1000000	None	None
0001144204-18-056794	1	Preferred	Preferred Stock	0	000000N/A	N/A
0001144204-18-056794	1	Common	Common Stock	2534713	61972D107	N/A
0001144204-18-056794	1	Debt Securities	Promissory Notes	3527878	000000N/A	N/A
0001144204-18-056733	1	Debt Securities	Convertible Promissory Notes	2050000	000000N/A	N/A
0001144204-18-056733	1	Preferred	Series Seed	568796	000000N/A	N/A
0001144204-18-056733	2	Preferred	Series A Preferred Stock	747373	000000N/A	N/A
0001144204-18-056733	1	Common	Common Stock	1136406	000000N/A	N/A
0001144204-18-056705	2	Preferred	Series A Preferred Stock	747373	000000N/A	N/A
0001144204-18-056705	1	Preferred	Series Seed	568796	000000N/A	N/A
0001144204-18-056705	1	Debt Securities	Convertible Promissory Notes	2050000	000000N/A	N/A
0001144204-18-056705	1	Common	Common Stock	1136406	000000N/A	N/A
0001144204-18-056591	1	Preferred	Series Seed	3500000	000000N/A	N/A
0001144204-18-056591	1	Common	Common Stock	7430310	000000N/A	N/A
0001144204-18-056591	1	Debt Securities	Series A	3254261	000000N/A	N/A
0001144204-18-055998	1	Debt Securities	Convertible Promissory Notes	2050000	000000N/A	N/A
0001144204-18-055998	2	Preferred	Series A Preferred Stock	747373	000000N/A	N/A
0001144204-18-055998	1	Preferred	Series Seed	568796	000000N/A	N/A
0001144204-18-055998	1	Common	Common Stock	1136406	000000N/A	N/A
0001755037-18-000005	1	Preferred	none	0	00000none	none
0001755037-18-000005	1	Debt Securities	none	0	00000none	none
0001755037-18-000005	1	Common	common	90700000	00000none	None
0001683168-18-003170	1	Debt Securities	N/A	0	000000000	N/A
0001683168-18-003170	1	Common	Common Stock	82306	000000000	N/A
0001683168-18-003170	1	Preferred	Series A Preferred Stock	0	000000000	N/A
0001144204-18-055637	4	Preferred	Series REG A Non-Voting Pref	0	000000000	None
0001144204-18-055637	3	Preferred	Series A Plus Non-Voting Prefd	215000	000000000	None
0001144204-18-055637	2	Preferred	Series A Non-Voting Preferred	249500	000000000	None
0001144204-18-055637	1	Preferred	Original Non-Voting Preferred	2163800	000000000	None
0001144204-18-055637	5	Common	Class AA Common	0	000000000	None
0001144204-18-055637	4	Common	Class REG A Common	0	000000000	None
0001144204-18-055637	3	Common	Class A Plus Common	73500	000000000	None
0001144204-18-055637	2	Common	Class A Common	95800	000000000	None
0001144204-18-055637	1	Common	Original Common	552100	000000000	None
0001144204-18-055637	5	Preferred	Series AA Non-Voting Preferred	0	000000000	None
0001144204-18-055637	1	Debt Securities	None	0	000000000	None
0001683168-18-003162	1	Debt Securities	none	0	000000000	none
0001683168-18-003162	1	Preferred	none	0	000000000	none
0001683168-18-003162	1	Common	Common Stock, $0.001 par value	501082694	552681108	OTCMarkets, Pink Open Market
0001683168-18-003156	1	Common	Common Equity	10536004	000000N/A	N/A
0001683168-18-003156	1	Preferred	None	0	000000N/A	N/A
0001683168-18-003156	1	Debt Securities	Convertible notes payable	386825	000000N/A	N/A
0001096906-18-000593	1	Debt Securities	None	0		
0001096906-18-000593	1	Common	Common Stock	1255256897	517815304	OTC Markets, Pink Open Market
0001096906-18-000593	1	Preferred	Preferred Equity	600000	517815304	none
0001751930-18-000006	1	Common	Class C Common	500000	0.00	none
0001751930-18-000006	1	Preferred	Series A Preferred	1250	0.00	none
0001751930-18-000006	1	Debt Securities	none	0		
0001688804-18-000020	1	Common	Series #77LE1	2000	0	None
0001688804-18-000020	2	Common	Series #69BM1	2000	0	None
0001688804-18-000020	3	Common	Series #85FT1	2000	0	None
0001688804-18-000020	4	Common	Series #88LJ1	2000	0	None
0001688804-18-000020	5	Common	Series #55PS1	2000	0	None
0001688804-18-000020	6	Common	Series #95BL1	2000	0	None
0001688804-18-000020	7	Common	Series #90FM1	2000	0	None
0001688804-18-000020	8	Common	Series #89PS1	2000	0	None
0001688804-18-000020	9	Common	Series #83FB1	5000	0	None
0001688804-18-000020	10	Common	#98DV1	2000	0	None
0001688804-18-000020	1	Preferred		0		
0001688804-18-000020	1	Debt Securities		0		
0001749442-18-000003	1	Preferred		0		
0001749442-18-000003	1	Common	Texas Gulf Atlantic Com StockA	0		
0001749442-18-000003	1	Debt Securities		0		
0001683168-18-003130	1	Common	Class A Common Stock	1362786900	0000000na	na
0001683168-18-003130	1	Preferred	none	0	0000000na	na
0001683168-18-003130	1	Debt Securities	none	0	0000000na	na
0001683168-18-003127	1	Common	Common Stock	353533444	11777J304	None
0001683168-18-003127	1	Debt Securities	None	0	00000None	None
0001683168-18-003127	1	Preferred	Preferred Equity Series A	2000000	00000None	None
0001683168-18-003127	2	Preferred	Preferred Equity Series B	40000000	00000None	None
0001096906-18-000573	1	Common		0		
0001096906-18-000573	1	Debt Securities		0		
0001096906-18-000573	1	Preferred		0		
0001213900-18-014225	1	Preferred	None	0	000000000	None
0001213900-18-014225	1	Common	Common Shares	1000000	000000000	None
0001213900-18-014225	1	Debt Securities	None	0	000000000	None
0001477932-18-004976	1	Debt Securities	Debt Securities	0		
0001477932-18-004976	1	Preferred	Class A Interests	0		
0001477932-18-004976	1	Common	Class B Interests	1000	None	None
0001683168-18-003116	1	Preferred	none	0	000000n/a	N/A
0001683168-18-003116	1	Debt Securities	none	0	000000n/a	N/A
0001683168-18-003116	1	Common	Common Stock	4587922087	83082Y102	OTC Pink Open Market
0001213900-18-014206	1	Preferred	None	0	000000000	None
0001213900-18-014206	1	Common	Common Shares	1000000	000000000	None
0001213900-18-014206	1	Debt Securities	None	0	000000000	None
0001144204-18-054691	1	Debt Securities	Convertible Promissory Notes	2050000	000000N/A	N/A
0001144204-18-054691	1	Common	Common Stock	1136406	000000N/A	N/A
0001144204-18-054691	1	Preferred	Series Seed	568796	000000N/A	N/A
0001144204-18-054691	2	Preferred	Series A Preferred Stock	747373	000000N/A	N/A
0001493152-18-014682	1	Debt Securities	NONE	0	000000000	NONE
0001493152-18-014682	1	Preferred	None	0	000000000	NONE
0001493152-18-014682	1	Common	Membership Interests	16015	000000000	NONE
0001144204-18-054618	1	Preferred	Series A Preferred	1222506	0000000NA	0000000NA
0001144204-18-054618	1	Common	Common Stock	8250000	0000000NA	0000000NA
0001144204-18-054618	1	Debt Securities	Convertible Notes	7036075	0000000NA	0000000NA
0001144204-18-054558	1	Preferred	N/A	0	000000000	N/A
0001144204-18-054558	1	Common	Common Shares	100	000000000	N/A
0001144204-18-054558	1	Debt Securities	N/A	0	000000000	N/A
0001104659-18-062925	1	Preferred		0		
0001104659-18-062925	1	Debt Securities		0		
0001104659-18-062925	2	Common	Class B	1735984	N/A	N/A
0001104659-18-062925	1	Common	Class A	6305856	N/A	N/A
0001493152-18-014652	1	Common	Common Equity	27297960	89416R101	None
0001493152-18-014652	1	Debt Securities	None	0	000000000	0
0001493152-18-014652	1	Preferred	Preferred Equity	50000	000000000	None
0001214659-18-006571	1	Preferred	NONE	0	00000NONE	NONE
0001214659-18-006571	1	Common	NONE	0	00000NONE	NONE
0001214659-18-006571	1	Debt Securities	NONE	0	00000NONE	NONE
0001144204-18-054420	1	Preferred	N/A	0	000000000	N/A
0001144204-18-054420	2	Common	Class B	1637243	000000000	N/A
0001144204-18-054420	1	Common	Class A	558879	000000000	N/A
0001144204-18-054420	1	Debt Securities	N/A	0	000000000	N/A
0001628279-18-000267	1	Debt Securities	Convertible Bridge Notes	10400000	000000000	NA
0001628279-18-000267	2	Preferred	Series B	2118100	000000000	NA
0001628279-18-000267	1	Preferred	Series A	416666	000000000	NA
0001628279-18-000267	1	Common	Common	1898056	000000000	NA
0001144204-18-054371	1	Common	Common Stock	100000000	000000000	N/A
0001144204-18-054371	1	Debt Securities	N/A	0	000000000	N/A
0001144204-18-054371	1	Preferred	Non Voting Pref Series A	108290122	45113R208	OTC RWRDP
0001144204-18-054287	1	Common	Original Common	552100	000000000	None
0001144204-18-054287	2	Preferred	Series A Non-Voting Preferred	249500	000000000	None
0001144204-18-054287	1	Preferred	Original Non-Voting Preferred	2163800	000000000	None
0001144204-18-054287	5	Common	Class AA Common	0	000000000	None
0001144204-18-054287	4	Common	Class REG A Common	0	000000000	None
0001144204-18-054287	4	Preferred	Series REG A Non-Voting Pref	0	000000000	None
0001144204-18-054287	2	Common	Class A Common	95800	000000000	None
0001144204-18-054287	1	Debt Securities	None	0	000000000	None
0001144204-18-054287	3	Preferred	Series A Plus Non-Voting Prefd	215000	000000000	None
0001144204-18-054287	5	Preferred	Series AA Non-Voting Preferred	0	000000000	None
0001144204-18-054287	3	Common	Class A Plus Common	73500	000000000	None
0001144204-18-054259	2	Common	Class B Common Stock	1500000	000000n/a	N/A
0001144204-18-054259	1	Preferred	N/A	0	000000N/A	N/A
0001144204-18-054259	1	Debt Securities	N/A	0	000000N/A	N/A
0001144204-18-054259	1	Common	Class A Common Stock	59573702	000000n/a	N/A
0001144204-18-054073	1	Debt Securities	N/A	0	000000000	N/A
0001144204-18-054073	1	Preferred	N/A	0	000000000	N/A
0001144204-18-054073	1	Common	Common Shares	977100	000000000	N/A
0001213900-18-013997	1	Common	Common Stock	24645294	53952P101	N/A
0001213900-18-013997	1	Debt Securities	Convertible Notes	1448965	000000000	N/A
0001213900-18-013997	1	Preferred	Preferred Equity	0	000000000	N/A
0001683168-18-003061	1	Preferred	None	0	000000N/A	N/A
0001683168-18-003061	1	Common	Common Stock	11551200	000000N/A	N/A
0001683168-18-003061	1	Debt Securities	Convertible Promissory Notes	202500	000000N/A	None
0001688804-18-000019	5	Common	Series #55PS1	2000	0	None
0001688804-18-000019	6	Common	Series #95BL1	2000	0	None
0001688804-18-000019	7	Common	Series #90FM1	2000	0	None
0001688804-18-000019	8	Common	Series #89PS1	2000	0	None
0001688804-18-000019	9	Common	Series #83FB1	5000	0	None
0001688804-18-000019	10	Common	#98DV1	2000	0	None
0001688804-18-000019	1	Preferred		0		
0001688804-18-000019	4	Common	Series #88LJ1	2000	0	None
0001688804-18-000019	3	Common	Series #85FT1	2000	0	None
0001688804-18-000019	1	Common	Series #77LE1	2000	0	None
0001688804-18-000019	2	Common	Series #69BM1	2000	0	None
0001688804-18-000019	1	Debt Securities		0		
0001587999-18-000003	1	Debt Securities		0		
0001587999-18-000003	1	Preferred		0		
0001587999-18-000003	1	Common	Common/voting	13333000	none	none
0001144204-18-053684	1	Preferred	N/A	0	000000N/A	N/A
0001144204-18-053684	1	Common	Common Bits	25000	000000N/A	N/A
0001144204-18-053684	1	Debt Securities	N/A	0	000000N/A	N/A
0001683168-18-003041	1	Preferred	None	0	000000N/A	N/A
0001683168-18-003041	1	Debt Securities	Convertible notes payable	386825	000000N/A	N/A
0001683168-18-003041	1	Common	Common Equity	10536004	000000N/A	N/A
0001477932-18-004848	1	Common	Class B Interests	1000	None	None
0001477932-18-004848	1	Preferred	Class A Interests	0		
0001477932-18-004848	1	Debt Securities	Debt Securities	0		
0001264931-18-000114	1	Common	COMMON	37727321	90916J409	OTC MARKETS
0001264931-18-000114	1	Preferred	CLASS A	22950000	000000000	N/A
0001264931-18-000114	1	Debt Securities	NONE	0	000000000	N/A
0001213900-18-013820	1	Common	N/A	0	000000000	N/A
0001213900-18-013820	1	Preferred	N/A	0	000000000	N/A
0001213900-18-013820	1	Debt Securities	N/A	0	000000000	N/A
0001193125-18-297560	1	Common	Class B common stock	32315700	000000000	n/a
0001193125-18-297560	1	Preferred	Preferred Equity	0	000000000	n/a
0001193125-18-297560	2	Common	Class A common stock	1461747	000000000	n/a
0001193125-18-297560	1	Debt Securities	Debt Securities	0	000000000	n/a
0001751930-18-000001	1	Preferred	Series A Preferred	1250	0	none
0001751930-18-000001	1	Debt Securities		0		
0001751930-18-000001	1	Common	Class C	500000	0	none
0001144204-18-053370	1	Debt Securities	Convertible Promissory Notes	2050000	000000N/A	N/A
0001144204-18-053370	2	Preferred	Series A Preferred Stock	747373	000000N/A	N/A
0001144204-18-053370	1	Preferred	Series Seed	568796	000000N/A	N/A
0001144204-18-053370	1	Common	Common Stock	1136406	000000N/A	N/A
0001477932-18-004798	1	Common		0		
0001477932-18-004798	1	Debt Securities	Unsecured Promissory Notes	200	None	None
0001477932-18-004798	1	Preferred		0		
0001445866-18-001097	1	Preferred	0	0		
0001445866-18-001097	1	Debt Securities	0	0		
0001445866-18-001097	1	Common	Common	1000	0	n/a
0001587999-18-000002	1	Preferred		0		
0001587999-18-000002	1	Common	Common/voting	13333000	none	none
0001587999-18-000002	1	Debt Securities		0		
0001587999-18-000001	1	Common	Common/voting	13333000	none	none
0001587999-18-000001	1	Debt Securities		0		
0001587999-18-000001	1	Preferred		0		
0001144204-18-053069	1	Preferred	N/A	0	000000000	N/A
0001144204-18-053069	1	Common	Common Shares	100	000000000	N/A
0001144204-18-053069	1	Debt Securities	N/A	0	000000000	N/A
0001659173-18-000302	1	Debt Securities	NA	0	000000000	NA
0001659173-18-000302	1	Common	Common Equity	75000	000000000	NA
0001659173-18-000302	1	Preferred	NA	0	000000000	NA
0001754936-18-000002	1	Common	Class A Common Stock	20000000	none	none
0001754936-18-000002	1	Preferred	Simple Agreement Future Tokens	1200000	none	none
0001754936-18-000002	2	Common	Class F Common Stock	75000000	none	none
0001754936-18-000002	1	Debt Securities	none	0		
0001683168-18-002998	1	Debt Securities	None	0	000000000	N/A
0001683168-18-002998	1	Preferred	Class E	25000000	000000000	N/A
0001683168-18-002998	1	Common	Class A	0	000000000	N/A
0001683168-18-002993	1	Debt Securities	none	0	000000000	none
0001683168-18-002993	1	Preferred	none	0	000000000	none
0001683168-18-002993	1	Common	Common Stock, $0.001 par value	501082694	552681108	OTCMarkets, Pink Open Market
0001683168-18-002972	1	Preferred	Series A Preferred Stock	0	000000000	N/A
0001683168-18-002972	1	Common	Common Stock	82306	000000000	N/A
0001683168-18-002972	1	Debt Securities	N/A	0	000000000	N/A
0001683168-18-002961	2	Preferred	Preferred Equity Series B	40000000	00000None	None
0001683168-18-002961	1	Debt Securities	None	0	00000None	None
0001683168-18-002961	1	Preferred	Preferred Equity Series A	2000000	00000None	None
0001683168-18-002961	1	Common	Common Stock	360533444	11777J304	None
0001144204-18-052619	1	Common	Common Shares	977100	000000000	N/A
0001144204-18-052619	1	Debt Securities	N/A	0	000000000	N/A
0001144204-18-052619	1	Preferred	N/A	0	000000000	N/A
0001493152-18-014113	1	Preferred	N/A	0	000000000	None
0001493152-18-014113	1	Common	Common LLC interests	0	000000000	None
0001493152-18-014113	1	Debt Securities	0	0	000000000	None
0001213900-18-013526	1	Preferred	Class M Common Stock	1	000000000	N/A
0001213900-18-013526	1	Common	Class P Common Stock	1505	000000000	N/A
0001213900-18-013526	1	Debt Securities	N/A	0	000000000	N/A
0001493152-18-014065	1	Common	Class A Common	183753333	833619109	OTC
0001493152-18-014065	1	Preferred	Preferred A and B	0	000000000	0
0001493152-18-014065	1	Debt Securities	0	0	000000000	0
0001144204-18-052422	1	Common	Class A	558879	000000000	N/A
0001144204-18-052422	1	Debt Securities	N/A	0	000000000	N/A
0001144204-18-052422	2	Common	Class B	1637243	000000000	N/A
0001144204-18-052422	1	Preferred	N/A	0	000000000	N/A
0001683168-18-002936	1	Common	Common Stock	4587922087	83082Y102	OTC Pink Open Market
0001683168-18-002936	1	Debt Securities	none	0	000000n/a	N/A
0001683168-18-002936	1	Preferred	none	0	000000n/a	N/A
0001213900-18-013399	1	Common	Common Stock	16350308	000000000	None
0001213900-18-013399	1	Preferred	Membership Units	0	000000000	None
0001213900-18-013399	1	Debt Securities	Corporate Notes	2184341	000000000	None
0001659173-18-000294	1	Preferred	NA	0	000000000	NA
0001659173-18-000294	1	Debt Securities	NA	0	000000000	NA
0001659173-18-000294	1	Common	Common Equity	75000	000000000	NA
0001445866-18-001010	1	Debt Securities		0		
0001445866-18-001010	1	Preferred		0		
0001445866-18-001010	1	Common	N/A	1000000	N/A	N/A
0001144204-18-051659	1	Common	Common Stock	1136406	000000N/A	N/A
0001144204-18-051659	1	Debt Securities	Convertible Promissory Notes	2050000	000000N/A	N/A
0001144204-18-051659	2	Preferred	Series A Preferred Stock	747373	000000N/A	N/A
0001144204-18-051659	1	Preferred	Series Seed	568796	000000N/A	N/A
