ACCESSION_NUMBER	SINFO_ID	COMMISSIONFILENUMBER	OFFERINGQUALIFICATIONDATE	OFFERINGCOMMENCEDATE	QUALIFIEDSECURITIESSOLD	OFFERINGSECURITIESSOLD	PORTIONSECURITIESSOLDISSUER	PORTIONSOLDSECURITYHOLDERS	PRICEPERSECURITY	AGGREGRATEOFFERINGPRICE	AGGREGRATEOFFERINGPRICEHOLDERS	UNDERWRITERFEES	SALESCOMMISSIONSFEE	FINDERSFEES	AUDITORFEES	LEGALFEES	PROMOTERSFEES	BLUESKYFEES	CRDNUMBERBROKERDEALER	ISSUERNETPROCEEDS	CLARIFICATIONRESPONSES
0001144204-18-066496	1	024-10722																			
0001698370-18-000002	1	024-10679	21-NOV-2018	23-NOV-2018	14285715	14285715			0.7000000000000001	10000000.0	0.0	800000.0	55764.0		13056.0	80033.0			141391	7934140.0	Amounts are in CDN dollars. Underwriters also received warrants to purchase 6% of the securities issued in this offering at $1.05 per share. Underwriters' warrants and underlying shares (857,143 shares) are also being qualified in this offering.
0001062993-18-004847	1	024-10461	21-JUL-2016	29-JUN-2015	62500000	1798796	863422.0800000001	0.0	0.48						25000.0	20000.0		55000.0		763422.08	
0000927089-18-000421	1	024-10870	05-SEP-2018	10-SEP-2018	425339	425339	14248856.5	0.0	33.5			0.0	0.0	0.0	10000.0	175000.0				0.0	Shares issued in merger, in exchange for shares of acquired company. No cash proceeds were received by issuer. Price per security is the closing price of issuer's stock on last trading day before date of joint proxy statement/offering circular.
0001144204-18-052079	1	024-10447	01-JUN-2016	16-AUG-2016	6000000	4398030	4398030.0	0.0	7.5			0.0	0.0	0.0	25000.0	85000.0	0.0	0.0	None	4398030.0	Offering completed on February 7, 2017
0001213900-18-013275	1	024-10655	17-MAR-2017	17-MAR-2017	12011600	87958	87958.0	0.0	3.0029000000000003							85000.0		15000.0	N/A	87958.0	N/A
