ACCESSION_NUMBER	STREET1	STREET2	CITY	STATEORCOUNTRY	ZIPCODE	PHONENUMBER	CONNECTIONNAME	INDUSTRYGROUP	CASHEQUIVALENTS	INVESTMENTSECURITIES	TOTALINVESTMENTS	ACCOUNTSRECEIVABLE	LOANS	PROPERTYPLANTEQUIPMENT	PROPERTYANDEQUIPMENT	TOTALASSETS	ACCOUNTSPAYABLE	POLICYLIABILITIESANDACCRUALS	DEPOSITS	LONGTERMDEBT	TOTALLIABILITIES	TOTALSTOCKHOLDEREQUITY	TOTALLIABILITIESANDEQUITY	TOTALREVENUES	TOTALINTERESTINCOME	COSTANDEXPENSESAPPLTOREVENUES	TOTALINTERESTEXPENSES	DEPRECIATIONANDAMORTIZATION	NETINCOME	EARNINGSPERSHAREBASIC	EARNINGSPERSHAREDILUTED	NAMEAUDITOR	CERTIFYIFTRUE	CERTIFYIFNOTDISQUALIFIED	CERTIFYIFBADACTOR	JURISDICTIONSOFSECOFFEREDNONE	JURISDICTIONSOFSECOFFEREDSAME	IFUNREGSITEREDNONE	SECURITIESACTEXCEMPTION
0001742808-18-000004	56 PINE STREET	7TH FLOOR	PROVIDENCE	RI	02903	7194400333	Mark Thatcher	Other	52733.0	0.0		88250.0		4525.0		50173372.0	0.0			0.0	1790000.0	48383372.0	50173372.0	540333.0		21742.0		0.0	32707.0	10.03	8.36	N/A	true	true	false	true	false	true	
0001683168-18-003825	711 W. 17TH STREET	SUITE D-5	COSTA MESA	CA	92627	949-258-9842	Kristin M. Cano	Other	89913.0	0.0		0.0		5658.0		665023.0	0.0			0.0	1067664.0	-402641.0	665023.0	0.0		0.0		0.0	-476495.0	-0.02	-0.02	dbbMcKennon	true	true		true			Section (4)(a)(2)
0001683168-18-003823	1401 N. El Camino Real	Suite 203	San Clemente	CA	92672	949-361-3959	William Eilers, Eilers Law	Other	10299.0	0.0		354217.0		0.0		398886.0	413588.0			272648.0	2213685.0	-1814799.0	398886.0	64045.0		12819.0		0.0	-51001.0	0.0	0.0		true	true		true			Rule 506 Reg. D.
0001214659-18-007828	170 S. William Dillard Dr,. Ste. 1-100		Gilbert	AZ	85233	480-878-4230	John Hudnall	Other	257217.0	0.0		347482.0		2429286.0		3033985.0	995105.0			445000.0	1440105.0	1593880.0	3033985.0	6145893.0		4765298.0		0.0	1380595.0	0.14	0.14		true	true		true			The referenced shares of common stock were issued in reliance on the exemption from registration under Section 4(a)(2) and Rule 504 of Regulation D of the Securities Act.
0001264931-18-000164	555 NE 34th STREET	SUITE  1207	MIAMI	FL	33137	305-219-4323	BRETT VERONA	Other	90757.0	0.0		2000.0		0.0		92757.0	332409.0			0.0	1561681.0	-1468924.0	92757.0	358819.0		265809.0		0.0	1625130.0	0.0	0.0		true	true		true			SECTION 4(A)(2) OF SECURITIES ACT.
0001731302-18-000003	604 Market Street		St. Augustine	FL	32095	800-350-8061	Wallace Glausi	Other	0.0	0.0		0.0		0.0		0.0	0.0			0.0	0.0	0.0	0.0	0.0		0.0		0.0	0.0	0.0	0.0	Buckno Lisicky & Company	true	true	false	true	false	true	
0001144204-18-066432	1 N. 4th Place	Suite 27L	Brooklyn	NY	11249	718-384-0678	Jesse Prince	Other	0.0	1000.0		0.0		0.0		1000.0	0.0			0.0	0.0	1000.0	1000.0	0.0		0.0		0.0	0.0	0.0	0.0	RSM US LLP	true	true		true			Section 4(a)(2)
0001144204-18-066424	1601 Connecticut Avenue, NW	Suite 300	WASHINGTON	DC	20009	202-584-0550	Benjamin S. Miller	Other	10878000.0	0.0		104000.0		0.0		71142000.0	58000.0			0.0	2703000.0	68439000.0	71142000.0	506000.0		382000.0		0.0	124000.0	0.02	0.02	RSM US LLP	true	true		true		true	
0001437749-18-022624	1000 CENTRE AVE, SUITE 120		FORT COLLINS	CO	80526	970-282-0156	Brett Hanson	Other	394589.0	0.0		7285507.0		2097030.0		19523045.0	4545599.0			13735139.0	18280738.0	-9486655.0	19523045.0	211849.0		4962001.0		3120484.0	-18036764.0	-10.0	-9.99	EKS&H LLLP	true	true	false	true	false	false	Private placement per Reg. D/Rule 506.
0001683168-18-003792	5020 Campus Drive		Newport Beach	CA	92660	949-296-7004	John E. Lux, Esq.	Other	1560.0	0.0		0.0		0.0		5829656.0	958406.0			1848038.0	2806444.0	3023212.0	5829656.0	943.0		403655.0		0.0	-470527.0	0.0	0.0		true	true		true			Exempt from registration under Section 3(a)(10) of the Securities Act and Rules promulgated thereunder.
0001144204-18-066150	75 Fifth Street, NW	Suite 2170	ATLANTA	GA	30308	404-850-9225	Nick Bhargava	Other	921594.0	0.0		20120085.0		433452.0		21507228.0	16872490.0			0.0	22787493.0	-1280265.0	21507228.0	804936.0		117587.0		102471.0	-1976473.0	-1.75	-1.75	Hughes Pittman and Gupton LLP	true	true		true			Regulation A, Rule 506 of Regulation D, and Rule 506 of Regulation D, respectively.
0001493152-18-017880	14205 SE 36th Street	Suite 100	Bellevue	WA	98006	425-818-0560	Gary Blum, Esq.	Other	708.0	0.0		28753.0		0.0		36415.0	492352.0			0.0	1630106.0	-1608781.0	36415.0	192692.0		174578.0		0.0	-194422.0	-0.01	-0.01	KBL, LLP	true	true		true			Section 4(a)(2)
0001144204-18-066054	1601 Connecticut Avenue NW	Suite 300	WASHINGTON	DC	20009	202-584-0550	Benjamin S. Miller	Other	5000.0	0.0		0.0		0.0		5000.0	0.0			0.0	0.0	5000.0	5000.0	0.0		0.0		0.0	0.0	0.0	0.0	RSM US LLP	true	true		true			Rise Companies Corp. has purchased 500 common shares for a purchase price of $5,000 in a private offering. Such issuance was exempt from the registration requirements of the Securities Act pursuant to Section 4(a)(2) thereof.
0001144204-18-066048	1601 Connecticut Avenue NW	Suite 300	WASHINGTON	DC	20009	202-584-0550	Benjamin S. Miller	Other	5000.0	0.0		0.0		0.0		5000.0	0.0			0.0	0.0	5000.0	5000.0	0.0		0.0		0.0	0.0	0.0	0.0	RSM US LLP	true	true		true			Rise Companies Corp. has purchased 500 common shares for a purchase price of $5,000 in a private offering. Such issuance was exempt from the registration requirements of the Securities Act pursuant to Section 4(a)(2) thereof.
0001213900-18-017698	9679 Myrtle Grove Lane		Easton	MD	21601	503-868-0400	Jeanne Campanelli	Other	73911.0	0.0		190755.0		0.0		479756.0	6132.0			0.0	6132.0	473624.0	479756.0	8101.0		25060.0		0.0	16959.0	0.5700000000000001	0.5700000000000001	dbbmckennon	true	true		true			Section 4(a)(2) of the Securities Act.
0001755037-18-000010	11705 WILLAKE STREET		SANTA FE SPRINGS	CA	90670	323-489-8119	Joseph Collins	Other	17465.25	0.0		69461.99		0.0		2033689.33	21500.0			0.0	21500.0	2012189.33	2033689.33	0.0		0.0		0.0	0.0	0.0	0.0		true	true		true		true	
0001683168-18-003756	3980 RANCHERO DR		ANN ARBOR	MI	48108	734-922-4073	Jeanne Campanelli	Other	694790.0	0.0		3502562.0		120579.0		6498376.0	7874246.0			13428544.0	25486185.0	-18987809.0	6498376.0	5740643.0		1327618.0		65133.0	95043.0	0.01	0.01	none	true	true		true			Section 4(a)(2) of the Securities Act.
0001144204-18-065375	700 North State Street		Clark Summit	PA	18411	650-477-5525	Jeffrey Marks	Other	637291.0	0.0		0.0		0.0		776569.0	2662.0			0.0	50958.0	725611.0	776569.0	93260.0		49843.0		0.0	-201704.0	-0.02	-0.02	dbbmckennon	true	true		true			Regulation CF
0001688804-18-000028	250 Lafayette Street	3R	NEW YORK	NY	10012	3479528058	Max Niederste-Ostholt	Other	9905.0	0.0		1059.0		1309958.0		1320922.0	106704.0			337798.0	444502.0	876420.0	1320922.0	0.0		27461.0		0.0	-27461.0	0.0	0.0	EisnerAmper LLP	true	true	false	true	false	false	Rule 506(c) - sale to verified accredited investors of interests in Series #77LE1
0001644516-18-000005	2426 L'ENFANT SQUARE, SE	SUITE 700	WASHINGTON	DC	20020	202-2363427	Tony Ramos	Other	0.0	0.0		0.0		0.0		0.0	0.0			0.0	0.0	0.0	0.0	0.0		0.0		0.0	0.0	0.0	0.0		true	true	false	false	true	true	
0001644516-18-000004	2426 L'ENFANT SQUARE, SE	SUITE 700	WASHINGTON	DC	20020	202-236-3427	Tony Ramos	Other	0.0	0.0		0.0		0.0		0.0	0.0			0.0	0.0	0.0	0.0	0.0		0.0		0.0	0.0	0.0	0.0	none	true	true	false	false	true	true	
0001640170-18-000006	2426 L'ENFANT SQUARE SE	SUITE 100	WASHINGTON	DC	20020	202-236-3427	Tony Ramos	Other	0.0	0.0		0.0		0.0		0.0	0.0			0.0	0.0	0.0	0.0	0.0		0.0		0.0	0.0	0.0	0.0	0	true	true	false	false	true	false	Regulation A, as amended
0001640170-18-000005	2426 L'ENFANT SQUARE SE	SUITE 100	WASHINGTON	DC	20020	202-236-3427	Tony Ramos	Other	0.0	0.0		0.0		0.0		0.0	0.0			0.0	0.0	0.0	0.0	0.0		0.0		0.0	0.0	0.0	0.0		true	true	false	false	true	true	
0001477932-18-006070	8500 Wilshire Blvd.	Suite 700B	Beverly Hills	CA	90211	424-313-7471	Jillian Sidoti	Other	73492.0	0.0		60510.0		25000.0		159002.0	149800.0			0.0	149800.0	9202.0	159002.0	0.0		1548.0		0.0	-1548.0	0.0	0.0	Spiegel Accountancy Corp.	true	true	false	true		false	Section 4(a)(2)
0001477932-18-006062	8500 Wilshire Blvd.	Suite 700B	Beverly Hills	CA	90211	424-313-7471	Jillian Sidoti	Other	73492.0	0.0		60510.0		25000.0		159002.0	149800.0			0.0	149800.0	9202.0	159002.0	0.0		1548.0		0.0	-1548.0	0.0	0.0	Spiegel Accountancy Corp.	true	true	false	true		false	Section 4(a)(2)
0001104659-18-073649	1 N. Church Street	3rd Floor	West Chester	PA	19380	929-273-1572	Kristen Howell, Fox Rothschild	Other	62000.0	0.0		4060.0		174100.0		240250.0	0.0			210272.0	210272.0	29978.0	240250.0	0.0		0.0		0.0	-140012.0	-71.9	-71.9	WithumSmith Brown PC	true	true	false	true	false	false	Section 4(a)(2); private issuance of restricted equity to accredited investor
0001731122-18-000187	131 Sunnyside Boulevard	Suite 100	Plainview	NY	11803	631-241-9404	Marc Adesso	Other	351.0	0.0		0.0		618027.0		2260249.0	1994482.0			200000.0	2194482.0	-65767.0	2260249.0	1149818.0		954374.0		0.0	195444.0	0.0	0.0	N/A	true	true		true			During the period ended April 30, 2018, 64,591,818 shares were issued to investors and 40,000,000 shares were issued to service providers. All such shares were issued under Section 4(a)(2) of the Securities Act.
0001144204-18-064974	3090 BRISTOL STREET	SUITE 550	COSTA MESA	CA	92626	855-742-4862	Gregory W. Preston, Esq.	Other	484055.0	5770297.0		38897.0		0.0		6293249.0	219487.0			3396184.0	3615671.0	2677578.0	6293249.0	0.0		214235.0		0.0	-214235.0	-1.61	-1.61	Squar Milner LLP	true	true		true			Regulation D. Private offering of 200 shares of common stock at $5.00 per share to BrixInvest, LLC, the sponsor of the issuer.
0001683168-18-003723	1 Bridge Plaza	2nd Floor	Fort Lee	NJ	07024	551-486-3980	John E. Lux, Esq.	Other	8460.0	0.0		0.0		219685.0		228145.0	1475462.0			0.0	1475462.0	-1247317.0	228145.0	8107.0		331820.0		0.0	323717.0	0.0	0.0		true	true		true		true	
0001760319-18-000004	3699 WILSHIRE BLVD.	SUITE 610	LOS ANGELES	CA	90010	3108951839	frank i igwealor	Other	200.0	0.0		0.0		200.0		200.0	1600.0			3791.0	5391.0	-5191.0	200.0	0.0		-4198.0		0.0	-4198.0	0.0	0.0	MICHAEL J HADZIPANAJOTIS, CPA	true	true	true	false	true	false	The issuance of the 4,700,000 exchange shares of Common Stock is exempted from registration under Section 4(a)(2) of Securities
0001683168-18-003709	16776 BERNARDO CENTER DRIVE, SUITE 203		SAN DIEGO	CA	92128	619-818-2411	Ronald N. Vance	Other	32223.0	0.0		32223.0		0.0		33271.0	322677.0			0.0	322677.0	-289406.0	33271.0	0.0		0.0		0.0	-185556.0	0.02	0.02	Ankit Consulting Inc.	true	true	true	true			See Exhibit 15.2 filed herewith
0001144204-18-064611	75 Fifth Street, NW	Suite 2170	ATLANTA	GA	30308	404-850-9225	Nick Bhargava	Other	921594.0	0.0		20120085.0		433452.0		21507228.0	16872490.0			0.0	22787493.0	-1280265.0	21507228.0	804936.0		117587.0		102471.0	-1976473.0	-1.75	-1.75	Hughes Pittman and Gupton LLP	true	true		true			Regulation A, Rule 506 of Regulation D, and Rule 506 of Regulation D, respectively.
0001144204-18-064599	75 Fifth Street, NW	Suite 2170	ATLANTA	GA	30308	404-850-9225	Nick Bhargava	Other	921594.0	0.0		20120085.0		433452.0		21507228.0	16872490.0			0.0	22787493.0	-1280265.0	21507228.0	804936.0		117587.0		102471.0	-1976473.0	-1.75	-1.75	Hughes Pittman and Gupton LLP	true	true		true			Regulation A, Rule 506 of Regulation D, and Rule 506 of Regulation D, respectively.
0001736865-18-000015	900 RR 620 SO. #C101-143		AUSTIN	TX	78734	623-826-5206	John E. Lux, Esq.	Other	0.0	0.0		0.0		0.0		0.0	11454.0			25000.0	36454.0	-36454.0	0.0	0.0		0.0		0.0	-35643.0	0.0	0.0		true	true	false	true	false	true	
0001144204-18-064536	3090 BRISTOL STREET	SUITE 550	COSTA MESA	CA	92626	855-742-4862	Gregory W. Preston, Esq.	Other	484055.0	5770297.0		38897.0		0.0		6293249.0	219487.0			3396184.0	3615671.0	2677578.0	6293249.0	0.0		214235.0		0.0	-214235.0	-1.61	-1.61	Squar Milner LLP	true	true		true			Regulation D. Private offering of 200 shares of common stock at $5.00 per share to BrixInvest, LLC, the sponsor of the issuer.
0001477932-18-005969	8500 Wilshire Blvd.	Suite 700B	Beverly Hills	CA	90211	424-313-7471	Jillian Sidoti	Other	73492.0	0.0		60510.0		25000.0		159002.0	149800.0			0.0	149800.0	9202.0	159002.0	0.0		1548.0		0.0	-1548.0	0.0	0.0	Spiegel Accountancy Corp.	true	true	false	true		false	Section 4(a)(2)
0001736865-18-000009	900 RR 620 SO. #C101-143		AUSTIN	TX	78734	623-826-5206	John E. Lux, Esq.	Other	0.0	0.0		0.0		0.0		0.0	11454.0			25000.0	36454.0	-36454.0	0.0	0.0		0.0		0.0	-35643.0	0.0	0.0		true	true	false	true	false	true	
0001640334-18-002360	3511 Del Paso Rd., Ste. 160 PMB 208		Sacramento	CA	95835	213-260-0321	Todd Higley	Other	107217.0	0.0		0.0		94591.0		201808.0	0.0			0.0	0.0	201808.0	201808.0	0.0		0.0		0.0	-33192.0	0.0	0.0	HAYNIE & COMPANY	true	true	false	true		false	Section 4(a)(2)
0001445866-18-001353	206 W COLLEGE AVENUE		FRIENDSVILLE	TN	37737	866-646-6230	Mike Reppe	Other	22015.0	0.0		28400.0		85000.0		135415.0	400000.0			0.0	400000.0	-264586.0	135415.0	0.0		64586.0		0.0	-264586.0	0.0	0.0	Jason M. Tyra, CPA PLLC	true	true	false	true	false	true	
0001736865-18-000004	900 RR 620 SO. #C101-143		AUSTIN	TX	78734	623-826-5206	John E. Lux, Esq.	Other	17984.0	0.0		12599.0		60646.0		9281432.0	3203541.0			0.0	3853541.0	5387891.0	9281432.0	30510.0		472539.0		0.0	-451595.0	0.0	0.0		true	true	false	true	false	false	Section 4(2) of the Securities Act of 1933, securities issued in connection with corporate acquisition.
0001376474-18-000155	1030 WEST WHITE HORSE PIKE		EGG HARBOR CITY	NJ	08215	609-965-6555	Christopher Netelkos	Other	51500.0	1050.0		0.0		97800.0		150350.0	350.0			50000.0	50350.0	100000.0	150350.0	0.0		0.0		0.0	0.0	0.0	0.0		true	true	false	true	false	true	
0001750063-18-000008	901 CRYSTAL FALLS PKWY, STE 207		LEANDER	TX	78641	512-826-7355	Andrew R. Stokesbary	Other	1213932.0	0.0		721903.0		1111235.0		3280276.0	2132211.0			586672.0	2718883.0	561393.0	3280276.0	7347385.0		2635069.0		79413.0	418171.0	0.42	0.42	PMB Helin Donovan, LLP	true	true	false	true	false	false	Exempt under Securities Act Section 4(a)(2): 500,100 shares issued to an officer/director without involving any public offering. Exempt under Rule 701: 64,000 shares issued to employees pursuant to a written compensatory benefit plan.
0001760319-18-000002	3699 Wilshire Blvd.	Suite 610	Los Angeles	CA	90010	3108951839	frank i igwealor	Other	200.0	0.0		0.0		200.0		200.0	1600.0			3791.0	5391.0	-5191.0	200.0	0.0		-4198.0		0.0	-4198.0	0.0	0.0	MICHAEL J HADZIPANAJOTIS, CPA	true	true	true	false	true	false	The issuance of the 4,700,000 exchange shares of Common Stock is exempted from registration under Section 4(a)(2) of Securities
0001193125-18-346293	1133 Columbia Street #205		San Diego	CA	92101	619-431-1567	Amit Singh, Esq.	Other	1310234.0	22724788.0		0.0		79261.0		25133512.0	1331095.0			308230.0	2917904.0	0.0	25133512.0	15012910.0		1451095.0		10891.0	5544184.0	0.16	0.1	PKF, LLP	true	true	false	true		false	The Company relied on Rule 701 and Rule 506 promulgated under the Securities Act of 1933, as amended, in connection with the issuance of options and warrants to purchase common stock.
0001749817-18-000013	125 GREENWICH AVENUE	3RD FLOOR	GREENWICH	CT	06830	203-622-6000	Kenneth Betts	Other	10000.0	0.0		0.0		0.0		10000.0	0.0			0.0	0.0	10000.0	10000.0	0.0		0.0		0.0	0.0	0.0	0.0	Citrin Cooperman & Company, LLP	true	true	false	true	false	true	
0001579586-18-000010	2426 L'ENFANT SQUARE SE	SUITE 100	WASHINGTON	DC	20020	202-236-3427	Tony Ramos	Other	0.0	0.0		0.0		0.0		0.0	0.0			0.0	0.0	0.0	0.0	0.0		0.0		0.0	0.0	0.0	0.0		true	true	false	false	true	true	
0001579586-18-000009	2426 L'ENFANT SQUARE SE	SUITE 100	WASHINGTON	DC	20020	202-236-3427	Tony Ramos	Other	0.0	0.0		0.0		0.0		0.0	0.0			0.0	0.0	0.0	0.0	0.0		0.0		0.0	0.0	0.0	0.0	0	true	true	false	false	true	false	Regulation A, as amended
0001144204-18-063436	750  N. SAN VICENTE BLVD	SUITE 800	WEST HOLLYWOOD	CA	90069	800-317-2200	Jamie Ostrow	Other	954599.0	1566192.0		159100.0		7005.0		2956855.0	562461.0			0.0	781886.0	2174969.0	2956855.0	2046948.0		729108.0		2517.0	-2280174.0	-0.35000000000000003	-0.35000000000000003	dbbmckennon	true	true		true		true	
0001749817-18-000009	125 GREENWICH AVENUE	3RD FLOOR	GREENWICH	CT	06830	203-622-6000	Kenneth Betts	Other	10000.0	0.0		0.0		0.0		10000.0	0.0			0.0	0.0	10000.0	10000.0	0.0		0.0		0.0	0.0	0.0	0.0	Citrin Cooperman & Company, LLP	true	true	false	true	false	true	
0001078782-18-001394	19901 SOUTHWEST FREEWAY, #205		SUGAR LAND	TX	77479	855-262-4561	Frank J. Hariton	Other	4319.0	0.0		0.0		0.0		14295.0	15567.0			16251.0	31818.0	-17523.0	14295.0	0.0		0.0		0.0	-17838.0	0.0	0.0	Thayer ONeal Company LLC	true	true	false	false	true	false	Foregoing issuances of securities were executed upon exemption from registration provided by Section 4(2) under the Securities Act of 1933, as amended.
0001587999-18-000011	2426 L'ENFANT SQUARE, SE	SUITE 700	WASHINGTON	DC	20020	202-236-3427	Tony Ramos	Other	0.0	0.0		0.0		0.0		0.0	0.0			0.0	0.0	0.0	0.0	0.0		0.0		0.0	0.0	0.0	0.0	none	true	true	false	false	true	true	
0001587999-18-000010	2426 L'ENFANT SQUARE, SE	SUITE 700	WASHINGTON	DC	20020	202-2363427	Tony Ramos	Other	0.0	0.0		0.0		0.0		0.0	0.0			0.0	0.0	0.0	0.0	0.0		0.0		0.0	0.0	0.0	0.0		true	true	false	false	true	true	
0001683168-18-003614	1401 N. El Camino Real	Suite 203	San Clemente	CA	92672	949-361-3959	William Eilers, Eilers Law	Other	10299.0	0.0		354217.0		0.0		398886.0	413588.0			272648.0	2213685.0	-1814799.0	398886.0	64045.0		12819.0		0.0	-51001.0	0.0	0.0		true	true		true			Rule 506 Reg. D.
0001144204-18-062934	121 New York Avenue		Trenton	NJ	08638	609-656-5100	Jamie Ostrow	Other	1020009.0	0.0		4845791.0		1283574.0		12176124.0	1687925.0			459635.0	8139531.0	4036593.0	12176124.0	9453499.0		5183352.0		82489.0	602698.0	0.0	0.0	RSM US LLP	true	true			true		Regulation A under the Securities Act.
0001193125-18-340286	415 South Cedros Avenue, Suite 260		Solana Beach	CA	92075	858-299-4669	John Tishler	Other	0.0	0.0		0.0		0.0		0.0	0.0			0.0	0.0	0.0	0.0	0.0		0.0		0.0	0.0	0.0	0.0	Mayer Hoffman McCann P.C.	true	true	false	true		true	
0001640334-18-002298	3511 Del Paso Rd., Ste. 160 PMB 208		Sacramento	CA	95835	213-260-0321	Todd Higley	Other	107217.0	0.0		0.0		94591.0		201808.0	0.0			0.0	0.0	201808.0	201808.0	0.0		0.0		0.0	-33192.0	0.0	0.0	HAYNIE & COMPANY	true	true	false	true		false	Section 4(a)(2)
0001193125-18-335397	6340 SOUTH 3000 EAST	Suite 500	SALT LAKE CITY	UT	84121	801-278-0700	Laura Sirianni	Other	3623660.0	0.0		0.0		0.0		3623660.0	724.0			0.0	724.0	3622936.0	3623660.0	0.0		21799.0		0.0	-21799.0	-0.07	-0.07	Ernst & Young LLP	true	true	true	false		true	
0001553350-18-001301	4400 North Federal Highway	Suite 210-12	Boca Raton	FL	33431	561-948-0108	Charles B. Pearlman, Esq.	Other	764977.0	0.0		300000.0		0.0		1064977.0	1066510.0			0.0	1066510.0	-1533.0	1064977.0	17000.0		0.0		0.0	-74898.0	-0.07	-0.07	Salberg & Company, P.A.	true	true			true	true	
0001144204-18-061412	75 Fifth Street, NW	Suite 2170	ATLANTA	GA	30308	404-850-9225	Nick Bhargava	Other	921594.0	0.0		20120085.0		433452.0		21507228.0	16872490.0			0.0	22787493.0	-1280265.0	21507228.0	804936.0		117587.0		102471.0	-1976473.0	-1.75	-1.75	Hughes Pittman and Gupton LLP	true	true		true			Regulation A, Rule 506 of Regulation D, and Rule 506 of Regulation D, respectively.
0001683168-18-003558	1825 CORPORATE BLVD. NW, SUITE 110	cel 561-401-1918	BOCA RATON	FL	33431	877-267-6278	Frederick C. Bauman	Other	4009.0	0.0		0.0		0.0		4009.0	12741.0			0.0	12741.0	-8732.0	4009.0	0.0		12066.0		0.0	-12107.0	0.0	0.0	Salberg & Company, P.A.	true	true		true			Exempt from registration under 4(2) Securities Act and Rules promulgated thereunder.
0001144204-18-061407	75 Fifth Street, NW	Suite 2170	ATLANTA	GA	30308	404-850-9225	Nick Bhargava	Other	921594.0	0.0		20120085.0		433452.0		21507228.0	16872490.0			0.0	22787493.0	-1280265.0	21507228.0	804936.0		117587.0		102471.0	-1976473.0	-1.75	-1.75	Hughes Pittman and Gupton LLP	true	true		true			Regulation A, Rule 506 of Regulation D, and Rule 506 of Regulation D, respectively.
0001683168-18-003553	1 Bridge Plaza	2nd Floor	Fort Lee	NJ	07024	551-486-3980	John E. Lux, Esq.	Other	8460.0	0.0		0.0		219685.0		228145.0	1475462.0			0.0	1475462.0	-1247317.0	228145.0	8107.0		331820.0		0.0	323717.0	0.0	0.0		true	true		true		true	
0001493152-18-016661	SPRING PLACE, 6 ST JOHNS LANE	7th FLOOR	NEW YORK	NY	10013	203-518-5172	LAURA ANTHONY	Other	100.0	0.0		0.0		0.0		100.0	0.0			0.0	0.0	100.0	100.0	0.0		0.0		0.0	0.0	0.0	0.0	Mayer Hoffman McCann, P.C.	true	true		true			The foregoing issuances were pursuant to Section 4(a)(2) of the Securities Act of 1933, as amended, for transactions by an issuer not involving any public offering.
0001144204-18-061261	4818 GOLDEN FOOTHILL PKWY	UNIT #9	SACRAMENTO	CA	95762	1-888-754-3311	Andrew Stephenson	Other	1916746.0	0.0		100261.0		268205.0		7542697.0	1500891.0			1453953.0	5290373.0	2252324.0	7542697.0	5061614.0		2336677.0		35520.0	-227448.0	0.0	0.0	Fruci & Associates II, PLLC	true	true			true		Regulation Crowdfunding and Section 4(a)(2) of the Securities Act
0001628279-18-000303	5304 ASHBROOK DRIVE		HOUSTON	TX	77081	832-661-3453	Cavas Pavri	Other	1420984.0	0.0		0.0		280877.0		1968408.0	1728642.0			0.0	16575508.0	-14607100.0	1968408.0	0.0		0.0		60293.0	-3916753.0	-2.49	-2.49	GBH CPAs, PC and Marcum LLP	true	true	false	false	true	false	4(a)(2) and Regulation D of the Securities Act of 1933; sold only to accredited investors
0001264931-18-000142	322 MALL BLVD	#149	MONROEVILLE	PA	15146	724-600-4720	HAROLD H. MARTIN	Other	40089.0	0.0		1049.0		484911.0		835455.0	40801.0			495000.0	1014765.0	-179310.0	835455.0	662391.0		773012.0		92510.0	-176758.0	-1.3800000000000001	-1.3800000000000001		true	true			true	true	
0001096906-18-000659	9480 SOUTH EASTERN AVENUE, SUITE 208		LAS VEGAS	NV	89123	702-768-8109	John E. Lux, Esq.	Other	14138.0	0.0		370766.0		41501.0		400342.0	1452220.0			0.0	1452220.0	-1051877.0	400342.0	613523.0		491309.0		0.0	288753.0	0.78	0.78		true	true	false	true	false	false	The private offering exemption of Section 4(2) of the Securities Act of 1933
0001683168-18-003518	250 W. FIRST ST., STE. 256		CLAREMONT	CA	91711	909-740-9175	Michael Behrens	Other	0.0	0.0		31056.0		176644.0		207700.0	31275.0			10000.0	41275.0	166425.0	207700.0	11935.0		31550.0		0.0	-50050.0	0.0	0.0	IndigoSpire CPA Group, LLC	true	true		true			Issuer relied on Rule 147A, promulgated under Section 28 of the Securities Act. For Series Cairo Kiss, interests were initially offered under Rule 506(c) and then, subsequently, Series Cairo Kiss Interests were offered under Rule 147A
0001010549-18-000450	900 RR 620 SO. #C101-143		AUSTIN	TX	78734	623-826-5206	John E. Lux, Esq.	Other	17984.0	0.0		12599.0		60646.0		9281432.0	3203541.0			0.0	3853541.0	5387891.0	9281432.0	30510.0		472539.0		0.0	-451595.0	0.0	0.0		true	true	false	true	false	false	Section 4(2) of the Securities Act of 1933, securities issued in connection with corporate acquisition.
0001144204-18-060939	ATTN: MICHAEL SCILLIA	18946 N. DALE MABRY HWY, SUITE 102	LUTZ	FL	33548	954-254-0044	Thomas G. Voekler, Esq.	Other	1459185.0	0.0		230400.0		1453902.0		9989702.0	2460160.0			872000.0	3332160.0	6657541.0	9989702.0	638856.0		1152444.0		350175.0	-2939953.0	-4.09	-4.09	Brian Soto, CPA	true	true			true		All securities relied on exemption in Section (4) (a) (1) of Securities Act of 1933 as shares were issued to our founders not in connection with any offerings, whom are Qualified Purchasers or Institutional Buyers.
0001683168-18-003491	4522 West Village Drive	Suite 215	Tampa	FL	33624	813-961-3051	John E. Lux, Esq.	Other	6428.0	0.0		0.0		64756.0		278741.0	220842.0			20000.0	240842.0	37899.0	278741.0	171092.0		6377.0		0.0	-176745.0	0.0	0.0	M. Vail & Associates, pc	true	true			true		Exempt from registration under Section 4(2) Securities Act and Rules promulgated thereunder.
0001683168-18-003486	2598 East Sunrise Blvd.	Suite 2104	Ft. Lauderdale	FL	33304	954-332-6600	John E. Lux, Esq.	Other	3245.0	0.0		0.0		0.0		1029220.0	23957.0			0.0	228897.0	800323.0	1029220.0	3204.0		0.0		0.0	-67163.0	-0.02	0.0	None	true	true		true			Securities Act of 1933, Section 4(2), sales to persons associated with company officers and directors, prior investors and shareholders, noteholders and to the Company's President.
0001193125-18-329416	415 South Cedros Avenue, Suite 260		Solana Beach	CA	92075	858-299-4669	John Tishler	Other	0.0	0.0		0.0		0.0		0.0	0.0			0.0	0.0	0.0	0.0	0.0		0.0		0.0	0.0	0.0	0.0	Mayer Hoffman McCann P.C.	true	true	false	true		true	
0001746998-18-000006	2401 Prior Avenue North		Roseville	MN	55113	9522121705	PERCY POONIWALA	Other	1535000.0	325000.0		350000.0		48967638.0		50988300.0	54000.0			25041064.0	36041064.0	10310753.0	50988300.0	14561999.0		8369556.0		1264967.0	2263240.0	0.8200000000000001	0.67	Sattar & Co	true	true	false	true	false	true	
0001688804-18-000023	350 Lafayette Street	3R	NEW YORK	NY	10012	3479528058	Max Niederste-Ostholt	Other	9905.0	0.0		1059.0		1309958.0		1320922.0	106704.0			337798.0	444502.0	876420.0	1320922.0	0.0		27461.0		0.0	-27461.0	0.0	0.0	EisnerAmper LLP	true	true	false	true	false	false	Rule 506(c) - sale to verified accredited investors of interests in Series #77LE1
0001144204-18-060365	733 Third Avenue	Floor 15	New York	NY	10017	646-790-5756	Gary Simon	Other	418420.0	0.0		0.0		0.0		2495923.0	5559617.0			0.0	5559617.0	-3063694.0	2495923.0	564.0		5057339.0		0.0	-5056775.0	-0.61	-0.61	BDO East Coast Partnership	true	true			true		Regulation S
0001437749-18-020959	1000 Centre Ave, Suite 120		Fort Collins	CO	80526	970-282-0156	Brett Hanson	Other	394589.0	0.0		7285507.0		2097030.0		19523045.0	4545599.0			13735139.0	18280738.0	-9486655.0	19523045.0	211849.0		4962001.0		3120484.0	-18036764.0	-10.0	-9.99	EKS&H LLLP	true	true	false	true	false	true	
0001683168-18-003450	711 W. 17TH STREET	SUITE D-5	COSTA MESA	CA	92627	949-258-9842	Kristin M. Cano	Other	89913.0	0.0		0.0		5658.0		665023.0	0.0			0.0	1067664.0	-402641.0	665023.0	0.0		0.0		0.0	-476495.0	-0.02	-0.02	dbbMcKennon	true	true		true			Section (4)(a)(2)
0001683168-18-003406	4522 West Village Drive	Suite 215	Tampa	FL	33624	813-961-3051	John E. Lux, Esq.	Other	6428.0	0.0		0.0		64756.0		278741.0	220842.0			20000.0	240842.0	37899.0	278741.0	171092.0		6377.0		0.0	-176745.0	0.0	0.0	M. Vail & Associates, pc	true	true			true		Exempt from registration under Section 4(2) Securities Act and Rules promulgated thereunder.
0001213900-18-015533	6930 Carroll Avenue	Suite 432	Takoma Park	MD	20912	301-452-8111	Neal Holtz	Other	5083.0	0.0		0.0		4191.0		14274.0	11803.0			5720.0	115930.0	-101656.0	14274.0	0.0		41573.0		2220.0	-41874.0	0.0	0.0	SADLER, GIBB & ASSOCIATES, LLC	true	true		true			4(a)(2)
0001144204-18-058911	75 Fifth Street, NW	Suite 2170	ATLANTA	GA	30308	404-850-9225	Nick Bhargava	Other	921594.0	0.0		20120085.0		433452.0		21507228.0	16872490.0			0.0	22787493.0	-1280265.0	21507228.0	804936.0		117587.0		102471.0	-1976473.0	-1.75	-1.75	Hughes Pittman and Gupton LLP	true	true		true			Regulation A, Rule 506 of Regulation D, and Rule 506 of Regulation D, respectively.
0001683168-18-003315	33865 MARIANA UNIT C		DANA POINT	CA	92629	310-986-6373	John E. Lux, Esq.	Other	12915.0	0.0		4537.0		0.0		17452.0	3393.0			96545.0	99938.0	-82486.0	17452.0	51283.0		0.0		27.0	-522113.0	0.0	0.0		true	true		true			Exempt from registration under Section 4(2) Securities Act and Rules promulgated thereunder.
0001477932-18-005333	8500 Wilshire Blvd.	Suite 700B	Beverly Hills	CA	90211	424-313-7471	Jillian Sidoti	Other	73492.0	0.0		60510.0		25000.0		159002.0	149800.0			0.0	149800.0	9202.0	159002.0	0.0		1548.0		0.0	-1548.0	0.0	0.0	Spiegel Accountancy Corp.	true	true	false	true		false	Section 4(a)(2)
0001683168-18-003301	1825 CORPORATE BLVD. NW, SUITE 110	cel 561-401-1918	BOCA RATON	FL	33431	877-267-6278	Frederick C. Bauman	Other	4009.0	0.0		0.0		0.0		4009.0	12741.0			0.0	12741.0	-8732.0	4009.0	0.0		12066.0		0.0	-12107.0	0.0	0.0	Salberg & Company, P.A.	true	true		true			Exempt from registration under 4(2) Securities Act and Rules promulgated thereunder.
0001144204-18-058039	733 Third Avenue	Floor 15	New York	NY	10017	646-790-5756	Gary Simon	Other	418420.0	0.0		0.0		0.0		2495923.0	5559617.0			0.0	5559617.0	-3063694.0	2495923.0	564.0		5057339.0		0.0	-5056775.0	-0.61	-0.61	BDO East Coast Partnership	true	true			true		Regulation S
0001683168-18-003280	16776 BERNARDO CENTER DRIVE, SUITE 203		SAN DIEGO	CA	92128	619-818-2411	Ronald N. Vance	Other	32223.0	0.0		32223.0		0.0		33271.0	322677.0			0.0	322677.0	-289406.0	33271.0	0.0		0.0		0.0	-185556.0	0.02	0.02	Ankit Consulting Inc.	true	true	true	true			See Exhibit 15.2 filed herewith
0001683168-18-003268	4522 West Village Drive	Suite 215	Tampa	FL	33624	813-961-3051	John E. Lux, Esq.	Other	6428.0	0.0		0.0		64756.0		278741.0	220842.0			20000.0	240842.0	37899.0	278741.0	171092.0		6377.0		0.0	-176745.0	0.0	0.0	M. Vail & Associates, pc	true	true			true		Exempt from registration under Section 4(2) Securities Act and Rules promulgated thereunder.
0001654954-18-012065	1819 Main Street	Suite 212	Sarasota	FL	34236	9419557900	T. Rhys James	Other	3568853.0	0.0		756913.0		60790197.0		71349995.0	1298602.0			4916173.0	59101189.0	12248806.0	71349995.0	3775761.0		1886223.0		1423466.0	-920892.0	-0.86	-0.86	N/A	true	true		false	false	true	
0001628279-18-000286	5304 ASHBROOK DRIVE		HOUSTON	TX	77081	832-661-3453	Cavas Pavri	Other	1420984.0	0.0		0.0		280877.0		1968408.0	1728642.0			0.0	16575508.0	-14607100.0	1968408.0	0.0		0.0		60293.0	-3916753.0	-2.49	-2.49	GBH CPAs, PC and Marcum LLP	true	true	false	false	true	false	4(a)(2) and Regulation D of the Securities Act of 1933; sold only to accredited investors
0000715812-18-000011	708 CHURCH STREET	SUITE 234	EVANSTON	IL	60201	847-859-6645	Timothy P. Fitzgerald	Other	458373.0	0.0		8273228.0		33968364.0		42806531.0	307656.0			16474268.0	16781924.0	26024607.0	42806531.0	1598834.0		1238655.0		143006.0	217173.0	4.4	4.18	Plante & Moran, PLLC	true	true		true			Rule 506(c) of Regulation D.  The facts relied on were that all investors in the offering were accredited investors and the issuer took reasonable steps to verify that the investors were accredited investors.
0001193125-18-317737	415 South Cedros Avenue, Suite 260		Solana Beach	CA	92075	858-299-4669	John Tishler	Other	0.0	0.0		0.0		0.0		0.0	0.0			0.0	0.0	0.0	0.0	0.0		0.0		0.0	0.0	0.0	0.0	Mayer Hoffman McCann P.C.	true	true	false	true		true	
0001683168-18-003223	3980 RANCHERO DR		ANN ARBOR	MI	48108	734-922-4073	Jeanne Campanelli	Other	694790.0	0.0		3502562.0		120579.0		6498376.0	7874246.0			13428544.0	25486185.0	-18987809.0	6498376.0	5740643.0		1327618.0		65133.0	95043.0	0.01	0.01	none	true	true		true			Section 4(a)(2) of the Securities Act.
0001144204-18-057056	4818 GOLDEN FOOTHILL PKWY	UNIT #9	SACRAMENTO	CA	95762	1-888-754-3311	Andrew Stephenson	Other	1916746.0	0.0		100261.0		268205.0		7542697.0	1500891.0			1453953.0	5290373.0	2252324.0	7542697.0	5061614.0		2336677.0		35520.0	-227448.0	0.0	0.0	Fruci & Associates II, PLLC	true	true			true		Regulation Crowdfunding and Section 4(a)(2) of the Securities Act
0001078782-18-001224	19901 Southwest Freeway, #205		Sugar Land	TX	77479	855-262-4561	Frank J. Hariton	Other	4319.0	0.0		0.0		0.0		14295.0	15567.0			16251.0	31818.0	-17523.0	14295.0	0.0		0.0		0.0	-17838.0	0.0	0.0	Thayer ONeal Company LLC	true	true	false	false	true	false	Foregoing issuances of securities were executed upon exemption from registration provided by Section 4(2) under the Securities Act of 1933,  as  amended.
0001144204-18-056794	60 South Market Street		San Jose	CA	95113	408-370-1248	Michael Faro	Other	74376.0	0.0		75505.0		5960.0		1784941.0	5360973.0			1964564.0	10537840.0	-8752899.0	1784941.0	1603131.0		1484738.0		78212.0	-3716433.0	-1.47	-1.47	RBSM LLP	true	true		true			Convertible Notes: Section 4(2) and Rule 506(b) - solely accredited investors  Shares: No cash payment but covered in any event by Regulation S.
0001144204-18-056733	75 Fifth Street, NW	Suite 2170	ATLANTA	GA	30308	404-850-9225	Nick Bhargava	Other	921594.0	0.0		20120085.0		433452.0		21507228.0	16872490.0			0.0	22787493.0	-1280265.0	21507228.0	804936.0		117587.0		102471.0	-1976473.0	-1.75	-1.75	Hughes Pittman and Gupton LLP	true	true		true			Regulation A, Rule 506 of Regulation D, and Rule 506 of Regulation D, respectively.
0001144204-18-056705	75 Fifth Street, NW	Suite 2170	ATLANTA	GA	30308	404-850-9225	Nick Bhargava	Other	921594.0	0.0		20120085.0		433452.0		21507228.0	16872490.0			0.0	22787493.0	-1280265.0	21507228.0	804936.0		117587.0		102471.0	-1976473.0	-1.75	-1.75	Hughes Pittman and Gupton LLP	true	true		true			Regulation A, Rule 506 of Regulation D, and Rule 506 of Regulation D, respectively.
0001144204-18-056591	750  N. SAN VICENTE BLVD	SUITE 800	WEST HOLLYWOOD	CA	90069	800-317-2200	Jamie Ostrow	Other	954599.0	1566192.0		159100.0		7005.0		2956855.0	562461.0			0.0	781886.0	2174969.0	2956855.0	2046948.0		729108.0		2517.0	-2280174.0	-0.35000000000000003	-0.35000000000000003	dbbmckennon	true	true		true		true	
0001144204-18-055998	75 Fifth Street, NW	Suite 2170	ATLANTA	GA	30308	404-850-9225	Nick Bhargava	Other	921594.0	0.0		20120085.0		433452.0		21507228.0	16872490.0			0.0	22787493.0	-1280265.0	21507228.0	804936.0		117587.0		102471.0	-1976473.0	-1.75	-1.75	Hughes Pittman and Gupton LLP	true	true		true			Regulation A, Rule 506 of Regulation D, and Rule 506 of Regulation D, respectively.
0001755037-18-000005	11705 WIllake Street		Santa Fe Springs	CA	60670	3234898119	Joseph Collins	Other	17465.25	899802.52		69461.99		1046959.57		2033689.33	0.0			0.0	21500.0	2012189.33	2033689.33	0.0		0.0		0.0	0.0	0.0	0.0		true	true		true		true	
0001683168-18-003170	440 S. LASALLE STREET	SUITE 1110	CHICAGO	IL	60605	866-247-8326	Markley S. Roderick, Esq.	Other	591598.0	0.0		0.0		208010.0		799608.0	218254.0			200000.0	418254.0	381354.0	799608.0	495192.0		132405.0		0.0	-565412.0	0.0	0.0	Artesian CPA, LLC	true	true		true			SEC Rule 701 (restricted grants to officers and employees of the issuer)
0001144204-18-055637	ATTN: MICHAEL SCILLIA	18946 N. DALE MABRY HWY, SUITE 102	LUTZ	FL	33548	954-254-0044	Thomas G. Voekler, Esq.	Other	1459185.0	0.0		230400.0		1453902.0		9989702.0	2460160.0			872000.0	3332160.0	6657541.0	9989702.0	638856.0		1152444.0		350175.0	-2939953.0	-4.09	-4.09	Brian Soto, CPA	true	true			true		All securities relied on exemption in Section (4) (a) (1) of Securities Act of 1933 as shares were issued to our founders not in connection with any offerings, whom are Qualified Purchasers or Institutional Buyers.
0001683168-18-003162	33865 MARIANA UNIT C		DANA POINT	CA	92629	310-986-6373	John E. Lux, Esq.	Other	12915.0	0.0		4537.0		0.0		17452.0	3393.0			96545.0	99938.0	-82486.0	17452.0	51283.0		0.0		27.0	-522113.0	0.0	0.0		true	true		true			Exempt from registration under Section 4(2) Securities Act and Rules promulgated thereunder.
0001683168-18-003156	2100 WEST LOOP SOUTH	SUITE 900	HOUSTON	TX	77027	800-946-9185	Matthew Lourie	Other	380687.0	0.0		0.0		0.0		915032.0	84006.0			1015165.0	1099171.0	-184139.0	915032.0	0.0		0.0		0.0	-567182.0	-0.05	-0.05	GBH CPAs, PC	true	true			true		Section 4 (a)(2) of the Securities Act of 1933
0001096906-18-000593	9480 SOUTH EASTERN AVENUE, SUITE 208		LAS VEGAS	NV	89123	702-768-8109	John E. Lux, Esq.	Other	218441.0	0.0		262295.0		41501.0		624437.0	301489.0			0.0	1540425.0	-915988.0	624437.0	1342561.0		1022305.0		0.0	406542.0	0.0	0.0		true	true	false	true	false	false	The private offering exemption of Section 4(2) of the Securities Act of 1933
0001751930-18-000006	99 MONROE AVE NW; SUITE 200		GRAND RAPIDS	MI	49503	6165027296	Kim Lavine	Other	0.0	0.0		0.0		0.0		0.0	0.0			0.0	0.0	0.0	0.0	0.0		0.0		0.0	0.0	0.0	0.0	Artesian CPA, LLC	true	true	false	false	true	true	
0001688804-18-000020	41 W. 25TH STREET	8TH FLOOR	NEW YORK	NY	10010	3479528058	Max Niederste-Ostholt	Other	9905.0	0.0		1059.0		1309958.0		1320922.0	106704.0			337798.0	444502.0	876420.0	1320922.0	0.0		27461.0		0.0	-27461.0	0.0	0.0	EisnerAmper LLP	true	true	false	true	false	false	Rule 506(c) - sale to verified accredited investors of interests in Series #77LE1
0001749442-18-000003	7940 North Glen Drive	Suitee 4081	Irving	TX	75063	214-242-8961	thomas h johnson	Other	564.0	0.0		0.0		0.0		564.0	0.0			0.0	0.0	0.0	564.0	24284.0		24549.0		0.0	-265.0	0.0	0.0		true	true	false	false	true	true	
0001683168-18-003130	523 S. HIGHWAY 41		INVERNESS	FL	34450	352-765-3850	John E. Lux, Esq.	Other	15240.0	0.0		0.0		284211.0		299451.0	50623.0			386696.0	437319.0	-137868.0	299451.0	0.0		371018.0		3450.0	-387192.0	0.0	0.0	Assurance Dimensions	true	true		true			Exempt from registration under Section 4(2) Securities Act and Rules promulgated thereunder.
0001683168-18-003127	4522 West Village Drive	Suite 215	Tampa	FL	33624	813-961-3051	John E. Lux, Esq.	Other	6428.0	0.0		0.0		64756.0		278741.0	220842.0			20000.0	240842.0	37899.0	278741.0	171092.0		6377.0		0.0	-176745.0	0.0	0.0	M. Vail & Associates, pc	true	true			true		Exempt from registration under Section 4(2) Securities Act and Rules promulgated thereunder.
0001096906-18-000573	9480 SOUTH EASTERN AVENUE, SUITE 208		LAS VEGAS	NV	89123	702-768-8109	Wanda Witoslawski	Other	218441.0	0.0		262295.0		41501.0		624437.0	301489.0			0.0	1540425.0	-915988.0	624437.0	1342561.0		1022305.0		0.0	406542.0	0.0	0.0		true	true	false	true	false	true	
0001213900-18-014225	600 W. Broadway	Suite 1420	San Diego	CA	92101	858-430-8528	Mark Roderick, Esq.	Other	0.0	0.0		35000.0		0.0		35000.0	37000.0			0.0	37000.0	-2000.0	35000.0	0.0		0.0		0.0	0.0	0.0	0.0	Artesian CPAs	true	true		true			17 CFR 230.506(c)
0001477932-18-004976	18909 NE 29th Avenue		Aventura	FL	33180	310-777-0255	Jillian Sidoti, Esq.	Other	18000.0	0.0		0.0		0.0		18000.0	18000.0			0.0	18000.0	0.0	18000.0	0.0		0.0		0.0	0.0	0.0	0.0	EisnerAmper	true	true	false	true		false	Such interests were issued as founders' interests without consideration under 4(2).
0001683168-18-003116	300 Spectrum Center Drive	Suite 400	Irvine	CA	92618	855-759-4400	John E. Lux, Esq.	Other	2504.0	0.0		0.0		0.0		2504.0	124247.0			80514.0	2142039.0	-2139535.0	2504.0	0.0		8756.0		26172.0	-187187.0	0.0	0.0	None	true	true		true			Exempt from registration under Section 4(2) Securities Act and Rules promulgated thereunder.
0001213900-18-014206	600 W. Broadway	Suite 1420	San Diego	CA	92101	858-430-8528	Mark Roderick, Esq.	Other	0.0	0.0		35000.0		0.0		35000.0	37000.0			0.0	37000.0	-2000.0	35000.0	0.0		0.0		0.0	0.0	0.0	0.0	Artesian CPAs	true	true		true			17 CFR 230.506(c)
0001144204-18-054691	75 Fifth Street, NW	Suite 2170	ATLANTA	GA	30308	404-850-9225	Nick Bhargava	Other	921594.0	0.0		20120085.0		433452.0		21507228.0	16872490.0			0.0	22787493.0	-1280265.0	21507228.0	804936.0		117587.0		102471.0	-1976473.0	-1.75	-1.75	Hughes Pittman and Gupton LLP	true	true		true			Regulation A, Rule 506 of Regulation D, and Rule 506 of Regulation D, respectively.
0001493152-18-014682	SPRING PLACE, 6 ST JOHNS LANE	7th FLOOR	NEW YORK	NY	10013	203-518-5172	LAURA ANTHONY	Other	100.0	0.0		0.0		0.0		100.0	0.0			0.0	0.0	100.0	100.0	0.0		0.0		0.0	0.0	0.0	0.0	Mayer Hoffman McCann, P.C.	true	true		true			The foregoing issuances were pursuant to Section 4(a)(2) of the Securities Act of 1933, as amended, for transactions by an issuer not involving any public offering.
0001144204-18-054618	733 Third Avenue	Floor 15	New York	NY	10017	646-790-5756	Gary Simon	Other	418420.0	0.0		0.0		0.0		2495923.0	5559617.0			0.0	5559617.0	-3063694.0	2495923.0	564.0		5057339.0		0.0	-5056775.0	-0.61	-0.61	BDO East Coast Partnership	true	true			true		Regulation S
0001144204-18-054558	623 E. Fort Union Blvd	Suite 101	Salt Lake City	UT	84121	415-315-9916	Jeanne Campanelli	Other	0.0	0.0		0.0		0.0		0.0	40322.0			0.0	40322.0	-40322.0	0.0	0.0		40322.0		0.0	-40322.0	0.0	0.0	Jason M. Tyra, CPA, PLLC	true	true			true		Section 4(a)(2) of the Securities Act.
0001104659-18-062925	3003 32nd Avenue South		Fargo	ND	58103	701-239-8425	Randy Sparling	Other	3345762.0	0.0		2298107.0		472935633.0		493677504.0	7402033.0			370541460.0	378473067.0	115204437.0	493677504.0	30656357.0		26321958.0		6083352.0	1859849.0	0.23	0.23	Eide Bailly LLP	true	true	false	false	true	false	Rule 230.251(a)(1) under Section 3(b) of the Securities Act.
0001493152-18-014652	14205 SE 36th Street	Suite 100	Bellevue	WA	98006	425-818-0560	Gary Blum, Esq.	Other	10211.0	0.0		8001.0		0.0		18212.0	410713.0			1015042.0	1425755.0	-1407633.0	18212.0	89786.0		93269.0		0.0	-146718.0	-0.01	-0.01	KBL, LLP	true	true		true			Section 4(a)(2)
0001214659-18-006571	80 WEST SIERRA BOULEVARD	#141	SIERRA MADRE	CA	91024	626-355-1049	Benjamin Feldman, FGRB, PLLC	Other	4136.0	0.0		0.0		0.0		4136.0	6227.0			0.0	6227.0	4136.0	4136.0	0.0		5101.0		0.0	6227.0	0.0	0.0	Cashuk, Wiseman, Goldberg, Birnbaum & Salem, LLP	true	true			true	true	
0001144204-18-054420	1801 CENTURY PARK EAST 24TH FLOOR		LOS ANGELES	CA	90067	510-459-7894	Jamie Ostrow	Other	220173.0	0.0		255120.0		23579.0		962455.0	167034.0			0.0	182141.0	780314.0	962455.0	18676.0		13018.0		4840.0	-1096866.0	-0.52	-0.52	Artesian CPA, LLC	true	true		true			Regulation CF under Section 4(a)(6) and Regulation A
0001628279-18-000267	5304 ASHBROOK DRIVE		HOUSTON	TX	77081	832-661-3453	Cavas Pavri	Other	1420984.0	0.0		0.0		280877.0		1968408.0	1728642.0			0.0	16575508.0	-14607100.0	1968408.0	0.0		0.0		60293.0	-3916753.0	-2.49	-2.49	GBH CPAs, PC and Marcum LLP	true	true	false	false	true	false	4(a)(2) and Regulation D of the Securities Act of 1933; sold only to accredited investors
0001144204-18-054371	73 Greentree Drive	#558	DOVER	DE	19904	888-546-7980	Jeanne Campanelli	Other	0.0	0.0		31252.0		0.0		59748.0	209849.0			461473.0	671322.0	-611574.0	59748.0	416435.0		116377.0		0.0	-196256.0	-0.02	-0.02	Wipfli, LLP	true	true		true			Rule 506(c) of Regulation D.
0001144204-18-054287	ATTN: MICHAEL SCILLIA	18946 N. DALE MABRY HWY, SUITE 102	LUTZ	FL	33548	954-254-0044	Thomas G. Voekler, Esq.	Other	1459185.0	0.0		230400.0		1453902.0		9989702.0	2460160.0			872000.0	3332160.0	6657541.0	9989702.0	638856.0		1152444.0		350175.0	-2939953.0	-4.09	-4.09	Brian Soto, CPA	true	true			true		All securities relied on exemption in Section (4) (a) (1) of Securities Act of 1933 as shares were issued to our founders not in connection with any offerings, whom are Qualified Purchasers or Institutional Buyers.
0001144204-18-054259	4818 GOLDEN FOOTHILL PKWY	UNIT #9	SACRAMENTO	CA	95762	1-888-754-3311	Andrew Stephenson	Other	1916746.0	0.0		100261.0		268205.0		7542697.0	1500891.0			1453953.0	5290373.0	22523241.0	7542697.0	5061614.0		2336677.0		35520.0	-227448.0	0.0	0.0	Fruci & Associates II, PLLC	true	true			true		Regulation Crowdfunding and Section 4(a)(2) of the Securities Act
0001144204-18-054073	1601 CONNECTICUT AVENUE NW	SUITE 300	WASHINGTON	DC	20009	202-584-0550	Benjamin S. Miller	Other	550000.0	0.0		0.0		0.0		5203000.0	71000.0			0.0	1495000.0	3708000.0	5203000.0	86000.0		162000.0		7000.0	-83000.0	-1.72	-1.72	RSM US LLP- for the 12/31/17 financial statements	true	true		true			Fundrise, LP, an affiliate of our sponsor, has purchased 9,500 common shares for a purchase price of $95,000 in a private offering. Such issuance was exempt from the registration requirements of the Securities Act pursuant to Section 4(a)(2) thereof.
0001213900-18-013997	601 N. State Road 7		Plantation	FL	33317	954-895-0352	Samer Salahel-Din Tawfik	Other	193149.0	0.0		86574.0		284910.0		13814271.0	192624.0			0.0	1937304.0	11876967.0	13814271.0	6022591.0		6232054.0		8574.0	-1940420.0	-0.08	-0.08	Grassi & Co., CPAs, P.C.	true	true			true		Rule 506 and Rule 701 of the Securities Act
0001683168-18-003061	16776 BERNARDO CENTER DRIVE, SUITE 203		SAN DIEGO	CA	92128	619-818-2411	Ronald N. Vance	Other	32223.0	0.0		32223.0		0.0		33271.0	322677.0			0.0	322677.0	-289406.0	33271.0	0.0		0.0		0.0	-185556.0	0.02	0.02	Ankit Consulting Inc.	true	true	true	true			See Exhibit 15.2 filed herewith
0001688804-18-000019	41 W. 25TH STREET	8TH FLOOR	NEW YORK	NY	10010	3479528058	Max Niederste-Ostholt	Other	9905.0	0.0		1059.0		1309958.0		1320922.0	106704.0			337798.0	444502.0	876420.0	1320922.0	0.0		27461.0		0.0	-27461.0	0.0	0.0	EisnerAmper LLP	true	true	false	true	false	false	Rule 506(c) - sale to verified accredited investors of interests in Series #77LE1
0001587999-18-000003	2426 L'ENFANT SQUARE, SE	SUITE 700	WASHINGTON	DC	20020	202-2363427	Tony Ramos	Other	0.0	0.0		0.0		0.0		0.0	0.0			0.0	0.0	0.0	0.0	0.0		0.0		0.0	0.0	0.0	0.0		true	true	false	false	true	true	
0001144204-18-053684	425 NW 10th Ave	Suite 306	Portland	OR	97209	503-546-4049	Andrew Stephenson	Other	278.0	0.0		0.0		0.0		278.0	0.0			0.0	0.0	278.0	278.0	0.0		0.0		0.0	-7658.0	-0.31	-0.31	dbbmckennon	true	true			true		Section 4(a)(2)
0001683168-18-003041	2100 WEST LOOP SOUTH	SUITE 900	HOUSTON	TX	77027	800-946-9185	Matthew Lourie	Other	380687.0	0.0		0.0		0.0		915032.0	84006.0			1015165.0	1099171.0	-184139.0	915032.0	0.0		0.0		0.0	-567182.0	-0.05	-0.05	GBH CPAs, PC	true	true			true		Section 4 (a)(2) of the Securities Act of 1933
0001477932-18-004848	18909 NE 29th Avenue		Aventura	FL	33180	310-777-0255	Jillian Sidoti, Esq.	Other	18000.0	0.0		0.0		0.0		18000.0	18000.0			0.0	18000.0	0.0	18000.0	0.0		0.0		0.0	0.0	0.0	0.0	EisnerAmper	true	true	false	true		false	Such interests were issued as founders' interests without consideration under 4(2).
0001264931-18-000114	322 MALL BLVD	#149	MONROEVILLE	PA	15146	724-600-4720	HAROLD H. MARTIN	Other	40089.0	0.0		1049.0		484911.0		835455.0	40801.0			495000.0	1014765.0	-179310.0	835455.0	662391.0		773012.0		92510.0	-176758.0	0.0	0.0	N/A	true	true			true	true	
0001213900-18-013820	435 Brannan Street, Suite 100		San Francisco	CA	94107	415-633-9300	Kim Arnone, Esq.	Other	5861145.0	0.0		3443467.0		585065.0		10824495.0	3105598.0			0.0	3105598.0	7718897.0	10824495.0	33533166.0		31984410.0		464671.0	1084085.0	0.0	0.0	Moss Adams LLP	true	true	true		true	true	
0001193125-18-297560	1133 Columbia Street #205		San Diego	CA	92101	619-431-1567	Amit Singh, Esq.	Other	1310234.0	22724788.0		0.0		79261.0		25133512.0	1331095.0			308230.0	2917904.0	0.0	25133512.0	15012910.0		1451095.0		10891.0	5544184.0	0.16	0.1	PKF, LLP	true	true	false	true		false	The Company relied on Rule 701 and Rule 506 promulgated under the Securities Act of 1933, as amended, in connection with the issuance of options and warrants to purchase common stock.
0001751930-18-000001	99 Monroe Ave NW; Suite 200		Grand Rapids	MI	49503	6165027296	Kim Lavine	Other	0.0	0.0		0.0		0.0		0.0	0.0			0.0	0.0	0.0	0.0	0.0		0.0		0.0	0.0	0.0	0.0	Artesian CPA LLC	true	true	false	false	true	false	Shares were issued to Founders under Section 4(a)(2) of the Securities Act
0001144204-18-053370	75 Fifth Street, NW	Suite 2170	ATLANTA	GA	30308	404-850-9225	Nick Bhargava	Other	921594.0	0.0		20120085.0		433452.0		21507228.0	16872490.0			0.0	22787493.0	-1280265.0	21507228.0	804936.0		117587.0		102471.0	-1976473.0	-1.75	-1.75	Hughes Pittman and Gupton LLP	true	true		true			Regulation A, Rule 506 of Regulation D, and Rule 506 of Regulation D, respectively.
0001477932-18-004798	10200 W. 44th Ave.	Suite 220	Wheat Ridge	CO	80033	303-835-4445	Jillian Sidoti	Other	1335.0	3685231.0		0.0		0.0		3686566.0	3642524.0			0.0	3642524.0	44042.0	3686566.0	94055.0		67357.0		0.0	26698.0	0.0	0.0		true	true	false	true		true	
0001445866-18-001097	2090 N. Kolb Road Suite 120		Tucson	AZ	85715	949-873-4098	Martin Tate	Other	0.0	0.0		0.0		0.0		0.0	0.0			0.0	0.0	0.0	0.0	0.0		0.0		0.0	0.0	0.0	0.0	Summit LLC	true	true	false	false	true	true	
0001587999-18-000002	2426 L'ENFANT SQUARE, SE	SUITE 700	WASHINGTON	DC	20020	202-2363427	Tony Ramos	Other	0.0	0.0		0.0		0.0		0.0	0.0			0.0	0.0	0.0	0.0	0.0		0.0		0.0	0.0	0.0	0.0		true	true	false	false	true	true	
0001587999-18-000001	2426 L'ENFANT SQUARE, SE	SUITE 700	WASHINGTON	DC	20020	202-2363427	Tony Ramos	Other	0.0	0.0		0.0		0.0		0.0	0.0			0.0	0.0	0.0	0.0	0.0		0.0		0.0	0.0	0.0	0.0		true	true	false	false	true	true	
0001144204-18-053069	623 E. Fort Union Blvd	Suite 101	Salt Lake City	UT	84121	415-315-9916	Jeanne Campanelli	Other	0.0	0.0		0.0		0.0		0.0	40322.0			0.0	40322.0	-40322.0	0.0	0.0		40322.0		0.0	-40322.0	0.0	0.0	Jason M. Tyra, CPA, PLLC	true	true			true		Section 4(a)(2) of the Securities Act.
0001659173-18-000302	2009 E. Windmill Lane		Las Vegas	NV	89123	702-240-0977	Bryan Clark, Esq.	Other	1752957.0	10310272.0		105285.0		0.0		12168514.0	136975.0			12254000.0	12390975.0	-222461.0	12168514.0	537252.0		631101.0		0.0	-93849.0	0.0	0.0	Hall & Company Certified Public Accountants & Consultants, Inc.	true	true			true		Section 4(a)(2) of the Securities Act; Rule 506 (b)
0001754936-18-000002	7083 Hollywood Blvd.	ConnectX c/o WeWork	Hollywood	CA	90046	310-702-8686	Lance Parker	Other	0.0	0.0		0.0		0.0		0.0	11307.0			0.0	11307.0	-11307.0	0.0	0.0		0.0		0.0	-11307.0	0.0	0.0	Rose, Snyder, Jacobs	true	true	false	false	true	false	Regulation S
0001683168-18-002998	711 W. 17TH STREET	SUITE D-5	COSTA MESA	CA	92627	949-258-9842	Kristin M. Cano	Other	89913.0	0.0		0.0		5658.0		665023.0	0.0			0.0	1067664.0	-402641.0	665023.0	0.0		0.0		0.0	-476495.0	-0.02	-0.02	dbbMcKennon	true	true		true			Section (4)(a)(2)
0001683168-18-002993	33865 MARIANA UNIT C		DANA POINT	CA	92629	310-986-6373	John E. Lux, Esq.	Other	12915.0	0.0		4537.0		0.0		17452.0	3393.0			96545.0	99938.0	-82486.0	17452.0	51283.0		0.0		27.0	-522113.0	0.0	0.0		true	true		true			Exempt from registration under Section 4(2) Securities Act and Rules promulgated thereunder.
0001683168-18-002972	440 S. LASALLE STREET	SUITE 1110	CHICAGO	IL	60605	866-247-8326	Markley S. Roderick, Esq.	Other	591598.0	0.0		0.0		208010.0		799608.0	218254.0			200000.0	418254.0	381354.0	799608.0	495192.0		132405.0		0.0	-565412.0	0.0	0.0	Artesian CPA, LLC	true	true		true			SEC Rule 701 (restricted grants to officers and employees of the issuer)
0001683168-18-002961	4522 West Village Drive	Suite 215	Tampa	FL	33624	813-961-3051	John E. Lux, Esq.	Other	6428.0	0.0		0.0		64756.0		278741.0	220842.0			20000.0	240842.0	37899.0	278741.0	171092.0		6377.0		0.0	-176745.0	0.0	0.0	M. Vail & Associates, pc	true	true			true		Exempt from registration under Section 4(2) Securities Act and Rules promulgated thereunder.
0001144204-18-052619	1601 CONNECTICUT AVENUE NW	SUITE 300	WASHINGTON	DC	20009	202-584-0550	Benjamin S. Miller	Other	550000.0	0.0		0.0		0.0		5203000.0	71000.0			0.0	1495000.0	3708000.0	5203000.0	86000.0		162000.0		7000.0	-83000.0	-1.72	-1.72	RSM US LLP	true	true		true			Fundrise, LP, an affiliate of our sponsor, has purchased 9,500 common shares for a purchase price of $95,000 in a private offering. Such issuance was exempt from the registration requirements of the Securities Act pursuant to Section 4(a)(2) thereof.
0001493152-18-014113	415 South Cedros Avenue	Suite 260	Solana Beach	CA	92075	858-299-4669	John Tishler	Other	0.0	0.0		0.0		0.0		0.0	0.0			0.0	0.0	0.0	0.0	0.0		0.0		0.0	0.0	0.0	0.0	Mayer Hoffman McCann P.C.	true	true		true		true	
0001213900-18-013526	222 N. PERSON STREET, SUITE 010		RALEIGH	NC	27601	919-719-4161	Vincent T. Morgus	Other	1134069.0	0.0		75000.0		4218.0		1233262.0	593800.0			3455147.0	4048947.0	-2815685.0	1233262.0	150000.0		1322696.0		0.0	-1227453.0	-905.0	-429.0	Cherry Bekaert LLP	true	true		true			Rule 506 of Regulation D
0001493152-18-014065	3000 F DANVILLE BLVD SUITE 145		ALAMO	CA	94507	925-575-4433	Alexander Kuhne	Other	835427.0	28300.0		0.0		0.0		863727.0	480200.0			40300.0	520500.0	343227.0	863727.0	1112000.0		935726.0		0.0	176274.0	0.0	0.0		true	true		true			In the preceding 12 monthsone year, Issuer's President sold Class A Common Shares on the open market pursuant to Rule 144, complying with all applicable requirements.
0001144204-18-052422	1801 CENTURY PARK EAST 24TH FLOOR		LOS ANGELES	CA	90067	510-459-7894	Jamie Ostrow	Other	220173.0	0.0		255120.0		23579.0		962455.0	167034.0			0.0	182141.0	780314.0	962455.0	18676.0		13018.0		4840.0	-1096866.0	-0.52	-0.52	Artesian CPA, LLC	true	true		true			Regulation CF under Section 4(a)(6) and Regulation A
0001683168-18-002936	300 Spectrum Center Drive	Suite 400	Irvine	CA	92618	855-759-4400	John E. Lux, Esq.	Other	3.0	0.0		0.0		0.0		3.0	87802.0			114340.0	1952351.0	-1952348.0	3.0	0.0		74248.0		0.0	-351099.0	0.0	0.0	None	true	true		true			Exempt from registration under Section 4(2) Securities Act and Rules promulgated thereunder.
0001213900-18-013399	301 E. PINE ST	SUITE 850	ORLANDO	FL	32801	407-968-4234	James S. Byrd, Jr.	Other	1042228.0	0.0		13743514.0		357016.0		17139049.0	4484712.0			2147000.0	7125935.0	10013114.0	17139049.0	1297499.0		1821085.0		0.0	-1320972.0	-0.09	-0.09	Soles, Heyn & Company LLP	true	true			true		506 (B) Corporate Notes were sold to accredited and no more than 35 non-accredited investors
0001659173-18-000294	2009 E. Windmill Lane		Las Vegas	NV	89123	702-240-0977	Bryan Clark, Esq.	Other	36492.0	0.0		0.0		0.0		36492.0	0.0			0.0	19395.0	17097.0	36492.0	0.0		32054.0		0.0	-32054.0	0.0	0.0	Hall & Company Certified Public Accountants & Consultants, Inc.	true	true			true		Section 4(a)(2) of the Securities Act; Rule 506 (b)
0001445866-18-001010	206 W COLLEGE AVENUE		FRIENDSVILLE	TN	37737	866-646-6230	Mike Reppe	Other	22015.0	0.0		28400.0		85000.0		135415.0	400000.0			0.0	400000.0	-264586.0	135415.0	0.0		64586.0		0.0	-264586.0	0.0	0.0	Jason M. Tyra, CPA PLLC	true	true	false	true	false	true	
0001144204-18-051659	75 Fifth Street, NW	Suite 2170	ATLANTA	GA	30308	404-850-9225	Nick Bhargava	Other	921594.0	0.0		20120085.0		433452.0		21507228.0	16872490.0			0.0	22787493.0	-1280265.0	21507228.0	804936.0		117587.0		102471.0	-1976473.0	-1.75	-1.75	Hughes Pittman and Gupton LLP	true	true		true			Regulation A, Rule 506 of Regulation D, and Rule 506 of Regulation D, respectively.
