ACCESSION_NUMBER	SIGN_ID	CIK	REGULATIONISSUERNAME1	REGULATIONISSUERNAME2	SIGNATUREBY	SIGNATURE_DATE	TITLE
0001144204-18-066496	1	0001704419	Sondors, Inc.	Sondors, Inc.	Storm Sondors	26-DEC-2018	Chief Executive Officer
0001062993-18-004847	1	0001643584	Green Leaf Investment Fund Inc.	Green Leaf Investment Fund Inc.	/s/ Douglas DiSanti	29-NOV-2018	Chairman & CEO
0000927089-18-000421	1	0001493006	CENTURY NEXT FINANCIAL Corp	CENTURY NEXT FINANCIAL Corp	/s/Mark A. Taylor	19-NOV-2018	Executive Vice President and Chief Financial Officer
0001144204-18-052079	1	0001509302	THE VICTORY BANCORP, INC.	THE VICTORY BANCORP, INC.	/s/ Joseph W. Major	27-SEP-2018	Chairman and Chief Executive Officer
0001213900-18-013275	1	0001685982	New Media Trader, Inc.	New Media Trader, Inc.	/s/ SAMUEL MICHIE	30-SEP-2018	President
