ACCESSION_NUMBER	SECURITY_ID	SECURITIESISSUERNAME	SECURITIESISSUERTITLE	SECURITIESISSUEDTOTALAMOUNT	SECURITIESPRINCIPALHOLDERAMT	SECURITIESISSUEDAGGREGATEAMT	AGGREGATECONSIDERATIONBASIS
0001683168-18-003825	1	American Diversified Energy LLC	Convertible Promissory Notes	710000	0	0	
0001683168-18-003823	1	Image Protect, Inc.	Common	8140000	0	165634	
0001214659-18-007828	1	Aviation Mining Solution, Inc.	Common Stock	20870000	17500000	$2,087, $0.0001 per share	$1,750, $0.0001 per share
0001264931-18-000164	1	VICTORY MARINE HOLDINGS CORP	COMMON STOCK: $.001 PER SHARES; CONVERTIBLE PREFERRED STOCK: $.001	23770000	0	20,000,000 SHARES OF COMMON STOCK WERE ISSUED FOR SHARE EXCHANGE WITH FAIR VALUE OF $30,000. 500,000 SHARES OF COMMON STOCK AND 60,000 SHARES OF PREFERRED STOCK WERE ISSUED FOR SERVICES WITH THE FAIR VALUE OF $90,750. 2,770,000 SHARES OF COMMON STOCK WERE ISSUED UNDER THE REG A WITH CASH PROCEEDS OF $279,000 INCLUDING 200,000 SHARES FOR SERVICES WITH THE FAIR VALUE OF $56,000. 500,000 SHARES OF COMMON STOCK WERE ISSUED FOR CONVERTIBLE NOTE CONVERSION IN THE AMOUNT OF $50,000.	
0001144204-18-066432	1	HappyNest REIT, Inc.	Common Stock, par value $0.0001 per share	100	0	$1,000, or $10.00 per share	
0001437749-18-022624	1	St. Renatus, LLC	Convertible Promissory Notes	8565222	8565222	$8,565,222 cash	$8,565,222 cash
0001683168-18-003792	1	Saddle Ranch Media, Inc.	Common Stock, $0.0001 par value	403149000	0	0	
0001144204-18-066150	2	Groundfloor Finance Inc.	LROs	37785380	0	$33,731,010 were issued and sold pursuant to Offering Circular File No. 024-10753. $4,054,370 were issued and sold pursuant to Offering Circular File No. 024-10758 (as may be amended and supplemented from time to time).	
0001144204-18-066150	1	Groundfloor Finance Inc.	LROs	37785380	0	$33,731,010 were issued and sold pursuant to Offering Circular File No. 024-10753. $4,054,370 were issued and sold pursuant to Offering Circular File No. 024-10758 (as may be amended and supplemented from time to time).	
0001144204-18-066150	3	Groundfloor Finance Inc.	LROs	37785380	0	$33,731,010 were issued and sold pursuant to Offering Circular File No. 024-10753. $4,054,370 were issued and sold pursuant to Offering Circular File No. 024-10758 (as may be amended and supplemented from time to time).	
0001493152-18-017880	1	TraqIQ, Inc.	(i) Common stock, $0.0001 par value; (ii) Preferred stock, $0.0001 par value	6000000	650000	(i) The issuer issued 24,000,000  shares under a Share Exchange Agreement to the shareholders of OmniM2M, Inc. and Ci2i Services, Inc. valued at $1,384,200. This was based on the price paid for the 650,000 shares, which was $0.2307 per share.   (ii) The 50,000 Series A preferred were issued for $10,000 determined by the Board of Directors.	The aggregate consideration was $150,000  and based on arms-length negotiations and amount seller had paid.
0001144204-18-066054	1	Fundrise Income eREIT III, LLC	Common Shares	500	500	$5,000 ($10.00 per common share)	Same as above
0001144204-18-066048	1	Fundrise Growth eREIT III, LLC	Common Shares	500	500	$5,000 ($10.00 per common share)	Same as above
0001213900-18-017698	1	Steward Realty Trust, Inc.	Class B Common Stock	50729	0	$507,293 cash investment ($10 per share)	
0001683168-18-003756	1	Coherix, Inc.	Common Stock	2035063	0	$4,170,720 at $3.44 per share; $1,754,768 at $5.00 per share; $151,500 at $3.75 per share; $108,033 at $0.25 per share	
0001144204-18-065375	1	GAB AI Inc.	GAB Tokens	106354	0	$425,416 (106,354 shares at $4.00 per GAB Token)	
0001688804-18-000028	1	RSE Collection, LLC	Series #77LE1, a series of RSE Collection, LLC	2000	0	Aggregate amount: $77,700 Basis of Computing: 2000 LLC Interests at $38.85 per Interest	
0001640170-18-000006	1	Finger Lakes Region Rural Broadband Company, Inc.	common/voting	588238	0	3000000, based upon original project size issue to first shareholders/founders at par value	
0001477932-18-006070	1	Elegance Spirits, Inc.	Common Stock	12391000	0	$11,000 paid in cash.	
0001477932-18-006062	1	Elegance Spirits, Inc.	Common Stock	12391000	0	$11,000 paid in cash.	
0001104659-18-073649	2	Rentalist, LLC	Units	2333	0	$250,000; negotiated.	
0001104659-18-073649	1	Rentalist, LLC	Units	2333	0	$250,000; negotiated.	
0001144204-18-064974	1	BRIX REIT, Inc. (formerly, Brix Student Housing REIT, Inc.).	Common Stock	200	0	$1,000 at $5.00 per share	
0001760319-18-000004	1	CANNABINOID BIOSCIENCES, INC	COMMON STOCK	4700000	0	26100	
0001683168-18-003709	1	Global Cancer Technology, Inc.	Common Stock	711700	0	207,525 (Common Stock) based on cash payments or negotiated exchange for services	
0001683168-18-003709	2	Global Cancer Technology, Inc.	Common Stock	711700	0	207,525 (Common Stock) based on cash payments or negotiated exchange for services	
0001144204-18-064611	3	Groundfloor Finance Inc.	LROs	38749460	0	$34,695,090 were issued and sold pursuant to Offering Circular File No. 024-10753. $4,045,370 were issued and sold pursuant to Offering Circular File No. 024-10758 (as may be amended and supplemented from time to time).	
0001144204-18-064611	2	Groundfloor Finance Inc.	LROs	38749460	0	$34,695,090 were issued and sold pursuant to Offering Circular File No. 024-10753. $4,045,370 were issued and sold pursuant to Offering Circular File No. 024-10758 (as may be amended and supplemented from time to time).	
0001144204-18-064611	1	Groundfloor Finance Inc.	LROs	38749460	0	$34,695,090 were issued and sold pursuant to Offering Circular File No. 024-10753. $4,045,370 were issued and sold pursuant to Offering Circular File No. 024-10758 (as may be amended and supplemented from time to time).	
0001144204-18-064599	1	Groundfloor Finance Inc.	LROs	38749460	0	$34,695,090 were issued and sold pursuant to Offering Circular File No. 024-10753. $4,054,370 were issued and sold pursuant to Offering Circular File No. 024-10758 (as may be amended and supplemented from time to time).	
0001144204-18-064599	3	Groundfloor Finance Inc.	LROs	38749460	0	$34,695,090 were issued and sold pursuant to Offering Circular File No. 024-10753. $4,054,370 were issued and sold pursuant to Offering Circular File No. 024-10758 (as may be amended and supplemented from time to time).	
0001144204-18-064599	2	Groundfloor Finance Inc.	LROs	38749460	0	$34,695,090 were issued and sold pursuant to Offering Circular File No. 024-10753. $4,054,370 were issued and sold pursuant to Offering Circular File No. 024-10758 (as may be amended and supplemented from time to time).	
0001144204-18-064536	1	BRIX REIT, Inc. (formerly, Brix Student Housing REIT, Inc.).	Common Stock	200	0	$1,000 at $5.00 per share	
0001477932-18-005969	1	Elegance Spirits, Inc.	Common Stock	12391000	0	$11,000 paid in cash.	
0001640334-18-002360	2	Vortex Brands, Inc.	Common Stock	117000000	0	234000	No consideration received. Securities issued as a result of reverse merger with Blockchain Energy
0001640334-18-002360	1	Vortex Brands, Inc.	Common Stock	117000000	0	234000	No consideration received. Securities issued as a result of reverse merger with Blockchain Energy
0001736865-18-000004	1	Golden Developing Solutions, Inc.	Common Stock	170454545	0	5113636	
0001736865-18-000004	2	Golden Developing Solutions, Inc.	Common Stock	170454545	0	5113636	
0001750063-18-000008	2	Fifteen Five Partners PBC	Class F Common Stock	100	100	$561,393 in the form of 1,000,000 shares of Fifteen Five Corporation Stock, with the value determined by the book value of such stock as computed in the company's most recently-completed independent audit. (Note this consideration was paid for the simultaneous issuance of two classes of stock, 100 shares of Class F Common Stock described here, and 500,000 shares of Class P Common Stock described below.)	see above
0001750063-18-000008	1	Fifteen Five Partners PBC	Class F Common Stock	100	100	$561,393 in the form of 1,000,000 shares of Fifteen Five Corporation Stock, with the value determined by the book value of such stock as computed in the company's most recently-completed independent audit. (Note this consideration was paid for the simultaneous issuance of two classes of stock, 100 shares of Class F Common Stock described here, and 500,000 shares of Class P Common Stock described below.)	see above
0001760319-18-000002	1	CANNABINOID BIOSCIENCES, INC	COMMON STOCK	4700000	0	26100	
0001193125-18-346293	2	XY - The Persistent Company	Options to purchase shares of the Company's Class A Common Stock	21372699	0	n/a	
0001193125-18-346293	1	XY - The Persistent Company	Options to purchase shares of the Company's Class A Common Stock	21372699	0	n/a	
0001579586-18-000009	1	Finger Lakes Region Rural Broadband Company, Inc.	common/voting	588238	0	3000000, based upon original project size issue to first shareholders/founders at par value	
0001078782-18-001394	1	NDN BV Inc	Common Stock	5915000	5500000	0	0
0001683168-18-003614	1	Image Protect, Inc.	Common	8140000	0	165634	
0001144204-18-062934	1	TerraCycle US Inc.	Preferred Stock	15750	6750	$1,575,000 based on $100/share  (the amounts are still in escrow)	$675,000 based on $100/share  (the amounts are still in escrow)
0001640334-18-002298	2	Vortex Brands, Inc.	Common Stock	117000000	0	234000	No consideration received. Securities issued as a result of reverse merger with Blockchain Energy
0001640334-18-002298	1	Vortex Brands, Inc.	Common Stock	117000000	0	234000	No consideration received. Securities issued as a result of reverse merger with Blockchain Energy
0001144204-18-061412	3	Groundfloor Finance Inc.	LROs	37981880	0	$33,933,510 were issued and sold pursuant to Offering Circular File No. 024-10753. $4,054,370 were issued and sold pursuant to Offering Circular File No. 024-10758 (as may be amended and supplemented from time to time).	
0001144204-18-061412	1	Groundfloor Finance Inc.	LROs	37981880	0	$33,933,510 were issued and sold pursuant to Offering Circular File No. 024-10753. $4,054,370 were issued and sold pursuant to Offering Circular File No. 024-10758 (as may be amended and supplemented from time to time).	
0001144204-18-061412	2	Groundfloor Finance Inc.	LROs	37981880	0	$33,933,510 were issued and sold pursuant to Offering Circular File No. 024-10753. $4,054,370 were issued and sold pursuant to Offering Circular File No. 024-10758 (as may be amended and supplemented from time to time).	
0001683168-18-003558	1	Smart Decision, Inc.	Common Stock, $0.0001 par value	68400000	0	$6840 based on $0.0001 par value, for employment compensation and for cash.	
0001144204-18-061407	1	Groundfloor Finance Inc.	LROs	37987880	0	$33,933,510 were issued and sold pursuant to Offering Circular File No. 024-10753. $4,054,370 were issued and sold pursuant to Offering Circular File No. 024-10758 (as may be amended and supplemented from time to time).	
0001144204-18-061407	3	Groundfloor Finance Inc.	LROs	37987880	0	$33,933,510 were issued and sold pursuant to Offering Circular File No. 024-10753. $4,054,370 were issued and sold pursuant to Offering Circular File No. 024-10758 (as may be amended and supplemented from time to time).	
0001144204-18-061407	2	Groundfloor Finance Inc.	LROs	37987880	0	$33,933,510 were issued and sold pursuant to Offering Circular File No. 024-10753. $4,054,370 were issued and sold pursuant to Offering Circular File No. 024-10758 (as may be amended and supplemented from time to time).	
0001493152-18-016661	1	Masterworks 001, LLC	Membership Interests	16015	0	16,015 membership interests were issued to Masterworks Gallery, LLC, a Delaware limited liability company which was issued for $100.	
0001144204-18-061261	3	SlideBelts Inc.	Simple Agreement for Future Equity (SAFEs)	1069982	0	$1,069,982	
0001144204-18-061261	2	SlideBelts Inc.	Simple Agreement for Future Equity (SAFEs)	1069982	0	$1,069,982	
0001144204-18-061261	1	SlideBelts Inc.	Simple Agreement for Future Equity (SAFEs)	1069982	0	$1,069,982	
0001628279-18-000303	1	Soliton, Inc.	Convertible 8.25 Percent Bridge Notes	5000000	0	5,000,000	$21,000 (7% of proceeds)
0001628279-18-000303	3	Soliton, Inc.	Convertible 8.25 Percent Bridge Notes	5000000	0	5,000,000	$21,000 (7% of proceeds)
0001628279-18-000303	4	Soliton, Inc.	Convertible 8.25 Percent Bridge Notes	5000000	0	5,000,000	$21,000 (7% of proceeds)
0001628279-18-000303	2	Soliton, Inc.	Convertible 8.25 Percent Bridge Notes	5000000	0	5,000,000	$21,000 (7% of proceeds)
0001096906-18-000659	1	United Rail, Inc.	Common Stock	1255256897	0	0	
0001683168-18-003518	1	My Racehorse CA LLC	Series Moonless Sky; Series Sigesmund; Series Swiss Minister; Series Bullion; Series Cairo Kiss; Series Soul Beam; Series Amers; Series Tavasco Road; Series Takeo Squared; Series Zestful.	619	0	$162,980	
0001010549-18-000450	2	Golden Developing Solutions, Inc.	Common Stock	170454545	0	5113636	
0001010549-18-000450	1	Golden Developing Solutions, Inc.	Common Stock	170454545	0	5113636	
0001144204-18-060939	2	Smart Rx Systems, Inc.	Series A Plus Non-Voting Preferred	215000	0	In October and November of 2017, our Company issued 215,000 shares of its Series A+ Non-Voting Preferred Stock for consideration of $10 per share, aggregating $2,150,000. Stated value for redemption of such securities is $15 per share. The consideration for which the securities were issued was determined by the board of directors of the Company.	
0001144204-18-060939	3	Smart Rx Systems, Inc.	Series A Plus Non-Voting Preferred	215000	0	In October and November of 2017, our Company issued 215,000 shares of its Series A+ Non-Voting Preferred Stock for consideration of $10 per share, aggregating $2,150,000. Stated value for redemption of such securities is $15 per share. The consideration for which the securities were issued was determined by the board of directors of the Company.	
0001144204-18-060939	1	Smart Rx Systems, Inc.	Series A Plus Non-Voting Preferred	215000	0	In October and November of 2017, our Company issued 215,000 shares of its Series A+ Non-Voting Preferred Stock for consideration of $10 per share, aggregating $2,150,000. Stated value for redemption of such securities is $15 per share. The consideration for which the securities were issued was determined by the board of directors of the Company.	
0001683168-18-003491	3	B2Digital, Incorporated	Common Stock, $0.00001 par value	244375	0	For compensation 22,438	
0001683168-18-003491	2	B2Digital, Incorporated	Common Stock, $0.00001 par value	244375	0	For compensation 22,438	
0001683168-18-003491	1	B2Digital, Incorporated	Common Stock, $0.00001 par value	244375	0	For compensation 22,438	
0001683168-18-003491	4	B2Digital, Incorporated	Common Stock, $0.00001 par value	244375	0	For compensation 22,438	
0001683168-18-003486	1	The Movie Studio, Inc.	Common Stock	22470	0	204220	
0001688804-18-000023	1	RSE Collection, LLC	Series #77LE1, a series of RSE Collection, LLC	2000	0	Aggregate amount: $77,700 Basis of Computing: 2000 LLC Interests at $38.85 per Interest	
0001144204-18-060365	2	Glucose Biosensor Systems (Greater China) Holdings, Inc.	Series A Convertible Preferred Stock $0.01 par value	1222506	0	$8,715,793	
0001144204-18-060365	1	Glucose Biosensor Systems (Greater China) Holdings, Inc.	Series A Convertible Preferred Stock $0.01 par value	1222506	0	$8,715,793	
0001683168-18-003450	1	American Diversified Energy LLC	Convertible Promissory Notes	710000	0	0	
0001683168-18-003406	4	B2Digital, Incorporated	Common Stock, $0.00001 par value	244375	0	For compensation 22,438	
0001683168-18-003406	3	B2Digital, Incorporated	Common Stock, $0.00001 par value	244375	0	For compensation 22,438	
0001683168-18-003406	2	B2Digital, Incorporated	Common Stock, $0.00001 par value	244375	0	For compensation 22,438	
0001683168-18-003406	1	B2Digital, Incorporated	Common Stock, $0.00001 par value	244375	0	For compensation 22,438	
0001213900-18-015533	1	Greenmo Inc.	Common Stock	200000000	0	193,860,000 shares issued for $19,386 ($0.001 per share) and 6,140,000 shares issued for services	
0001144204-18-058911	2	Groundfloor Finance Inc.	LROs	37946200	0	$1,078,900 were issued and sold pursuant to Offering Circular File No. 024-10496. $25,883,560 were issued and sold pursuant to Offering Circular File No. 024-10753. $4,054,370 were issued and sold pursuant to Offering Circular File No. 024-10758 (as may be amended and supplemented from time to time).	
0001144204-18-058911	1	Groundfloor Finance Inc.	LROs	37946200	0	$1,078,900 were issued and sold pursuant to Offering Circular File No. 024-10496. $25,883,560 were issued and sold pursuant to Offering Circular File No. 024-10753. $4,054,370 were issued and sold pursuant to Offering Circular File No. 024-10758 (as may be amended and supplemented from time to time).	
0001144204-18-058911	3	Groundfloor Finance Inc.	LROs	37946200	0	$1,078,900 were issued and sold pursuant to Offering Circular File No. 024-10496. $25,883,560 were issued and sold pursuant to Offering Circular File No. 024-10753. $4,054,370 were issued and sold pursuant to Offering Circular File No. 024-10758 (as may be amended and supplemented from time to time).	
0001683168-18-003315	1	MC Endeavors, Inc.	Common Stock, $0.001 par value	58200000	0	340800	
0001477932-18-005333	1	Elegance Spirits, Inc.	Common Stock	12391000	0	$11,000 paid in cash.	
0001683168-18-003301	1	Smart Decision, Inc.	Common Stock, $0.0001 par value	68400000	0	$6840 based on $0.0001 par value, for employment compensation and for cash.	
0001144204-18-058039	2	Glucose Biosensor Systems (Greater China) Holdings, Inc.	Series A Convertible Preferred Stock $0.01 par value	1222506	0	$8,715,793	
0001144204-18-058039	1	Glucose Biosensor Systems (Greater China) Holdings, Inc.	Series A Convertible Preferred Stock $0.01 par value	1222506	0	$8,715,793	
0001683168-18-003280	1	Global Cancer Technology, Inc.	Common Stock	711700	0	207,525 (Common Stock) based on cash payments or negotiated exchange for services	
0001683168-18-003280	2	Global Cancer Technology, Inc.	Common Stock	711700	0	207,525 (Common Stock) based on cash payments or negotiated exchange for services	
0001683168-18-003268	3	B2Digital, Incorporated	Common Stock, $0.00001 par value	244375	0	For compensation 22,438	
0001683168-18-003268	4	B2Digital, Incorporated	Common Stock, $0.00001 par value	244375	0	For compensation 22,438	
0001683168-18-003268	2	B2Digital, Incorporated	Common Stock, $0.00001 par value	244375	0	For compensation 22,438	
0001683168-18-003268	1	B2Digital, Incorporated	Common Stock, $0.00001 par value	244375	0	For compensation 22,438	
0001654954-18-012065	1	HC Government Realty Trust, Inc.	Common Stock				
0001628279-18-000286	1	Soliton, Inc.	Convertible 8.25 Percent Bridge Notes	5000000	0	5,000,000	$21,000 (7% of proceeds)
0001628279-18-000286	2	Soliton, Inc.	Convertible 8.25 Percent Bridge Notes	5000000	0	5,000,000	$21,000 (7% of proceeds)
0001628279-18-000286	3	Soliton, Inc.	Convertible 8.25 Percent Bridge Notes	5000000	0	5,000,000	$21,000 (7% of proceeds)
0001628279-18-000286	4	Soliton, Inc.	Convertible 8.25 Percent Bridge Notes	5000000	0	5,000,000	$21,000 (7% of proceeds)
0000715812-18-000011	1	Iroquois Valley Farmland REIT, PBC	Common	20032000	0	"$626 per share of common stock.  The basis for computing the price per share is reflected in ""Determination of the Offering Price"" in the Offering Circular."	
0001683168-18-003223	1	Coherix, Inc.	Common Stock	2035063	0	$4,170,720 at $3.44 per share; $1,754,768 at $5.00 per share; $151,500 at $3.75 per share; $108,033 at $0.25 per share	
0001144204-18-057056	3	SlideBelts Inc.	Simple Agreement for Future Equity (SAFEs)	1069982	0	$1,069,982	
0001144204-18-057056	1	SlideBelts Inc.	Simple Agreement for Future Equity (SAFEs)	1069982	0	$1,069,982	
0001144204-18-057056	2	SlideBelts Inc.	Simple Agreement for Future Equity (SAFEs)	1069982	0	$1,069,982	
0001078782-18-001224	1	NDN BV Inc	Common Stock	5915000	5500000	0	0
0001144204-18-056794	1	Mota Group, Inc	Convertible Notes in the amount of $130,000. 12,100 shares for no cash consideration	130000	0	$130,000	
0001144204-18-056733	1	Groundfloor Finance Inc.	LROs	35076800	0	$1,078,900 were issued and sold pursuant to Offering Circular File No. 024-10496. $25,883,560 were issued and sold pursuant to Offering Circular File No. 024-10753. $4,054,370 were issued and sold pursuant to Offering Circular File No. 024-10758 (as may be amended and supplemented from time to time).	
0001144204-18-056733	3	Groundfloor Finance Inc.	LROs	35076800	0	$1,078,900 were issued and sold pursuant to Offering Circular File No. 024-10496. $25,883,560 were issued and sold pursuant to Offering Circular File No. 024-10753. $4,054,370 were issued and sold pursuant to Offering Circular File No. 024-10758 (as may be amended and supplemented from time to time).	
0001144204-18-056733	2	Groundfloor Finance Inc.	LROs	35076800	0	$1,078,900 were issued and sold pursuant to Offering Circular File No. 024-10496. $25,883,560 were issued and sold pursuant to Offering Circular File No. 024-10753. $4,054,370 were issued and sold pursuant to Offering Circular File No. 024-10758 (as may be amended and supplemented from time to time).	
0001144204-18-056705	1	Groundfloor Finance Inc.	LROs	34620010	0	$1,078,900 were issued and sold pursuant to Offering Circular File No. 024-10496. $25,883,460 were issued and sold pursuant to Offering Circular File No. 024-10753. $4,054,370 were issued and sold pursuant to Offering Circular File No. 024-10758 (as may be amended and supplemented from time to time).	
0001144204-18-056705	2	Groundfloor Finance Inc.	LROs	34620010	0	$1,078,900 were issued and sold pursuant to Offering Circular File No. 024-10496. $25,883,460 were issued and sold pursuant to Offering Circular File No. 024-10753. $4,054,370 were issued and sold pursuant to Offering Circular File No. 024-10758 (as may be amended and supplemented from time to time).	
0001144204-18-056705	3	Groundfloor Finance Inc.	LROs	34620010	0	$1,078,900 were issued and sold pursuant to Offering Circular File No. 024-10496. $25,883,460 were issued and sold pursuant to Offering Circular File No. 024-10753. $4,054,370 were issued and sold pursuant to Offering Circular File No. 024-10758 (as may be amended and supplemented from time to time).	
0001144204-18-055998	3	Groundfloor Finance Inc.	LROs	35076800	0	$1,078,900 were issued and sold pursuant to Offering Circular File No. 024-10496. $25,883,560 were issued and sold pursuant to Offering Circular File No. 024-10753. $4,054,370 were issued and sold pursuant to Offering Circular File No. 024-10758 (as may be amended and supplemented from time to time).	
0001144204-18-055998	1	Groundfloor Finance Inc.	LROs	35076800	0	$1,078,900 were issued and sold pursuant to Offering Circular File No. 024-10496. $25,883,560 were issued and sold pursuant to Offering Circular File No. 024-10753. $4,054,370 were issued and sold pursuant to Offering Circular File No. 024-10758 (as may be amended and supplemented from time to time).	
0001144204-18-055998	2	Groundfloor Finance Inc.	LROs	35076800	0	$1,078,900 were issued and sold pursuant to Offering Circular File No. 024-10496. $25,883,560 were issued and sold pursuant to Offering Circular File No. 024-10753. $4,054,370 were issued and sold pursuant to Offering Circular File No. 024-10758 (as may be amended and supplemented from time to time).	
0001683168-18-003170	1	AHP Servicing LLC	Common Stock	2306	0	0	
0001144204-18-055637	2	Smart Rx Systems, Inc.	Series A Plus Non-Voting Preferred	215000	0	In October and November of 2017, our Company issued 215,000 shares of its Series A+ Non-Voting Preferred Stock for consideration of $10 per share, aggregating $2,150,000. Stated value for redemption of such securities is $15 per share. The consideration for which the securities were issued was determined by the board of directors of the Company.	
0001144204-18-055637	3	Smart Rx Systems, Inc.	Series A Plus Non-Voting Preferred	215000	0	In October and November of 2017, our Company issued 215,000 shares of its Series A+ Non-Voting Preferred Stock for consideration of $10 per share, aggregating $2,150,000. Stated value for redemption of such securities is $15 per share. The consideration for which the securities were issued was determined by the board of directors of the Company.	
0001144204-18-055637	1	Smart Rx Systems, Inc.	Series A Plus Non-Voting Preferred	215000	0	In October and November of 2017, our Company issued 215,000 shares of its Series A+ Non-Voting Preferred Stock for consideration of $10 per share, aggregating $2,150,000. Stated value for redemption of such securities is $15 per share. The consideration for which the securities were issued was determined by the board of directors of the Company.	
0001683168-18-003162	1	MC Endeavors, Inc.	Common Stock, $0.001 par value	58200000	0	340800	
0001683168-18-003156	2	CNS Pharmaceuticals, Inc.	Common Stock	327004	0	$490,500; common stock sold for $1.50 per share	
0001683168-18-003156	1	CNS Pharmaceuticals, Inc.	Common Stock	327004	0	$490,500; common stock sold for $1.50 per share	
0001096906-18-000593	1	United Rail, Inc.	Common Stock	1255256897	0	0	
0001688804-18-000020	1	RSE Collection, LLC	Series #77LE1, a series of RSE Collection, LLC	2000	0	Aggregate amount: $77,700 Basis of Computing: 2000 LLC Interests at $38.85 per Interest	
0001683168-18-003130	1	Advance Green Energy, Inc.	Class A Common Stock, $0.0001 par value	33863900	0	338639	
0001683168-18-003127	3	B2Digital, Incorporated	Common Stock, $0.00001 par value	244375	0	For compensation 22,438	
0001683168-18-003127	4	B2Digital, Incorporated	Common Stock, $0.00001 par value	244375	0	For compensation 22,438	
0001683168-18-003127	2	B2Digital, Incorporated	Common Stock, $0.00001 par value	244375	0	For compensation 22,438	
0001683168-18-003127	1	B2Digital, Incorporated	Common Stock, $0.00001 par value	244375	0	For compensation 22,438	
0001213900-18-014225	1	DiversyFund Park Blvd, LLC	Preferred Units	1498000	0	1498000	
0001213900-18-014225	2	DiversyFund Park Blvd, LLC	Preferred Units	1498000	0	1498000	
0001213900-18-014225	3	DiversyFund Park Blvd, LLC	Preferred Units	1498000	0	1498000	
0001477932-18-004976	1	Cardone Equity Fund V, LLC	Class B Interests	1000	0	1000	
0001683168-18-003116	1	Sky440, Inc.	Common Stock, $0.0001 par value	100000000	0	Price per share was 0.00005	
0001213900-18-014206	1	DiversyFund Park Blvd, LLC	Preferred Units	1498000	0	1498000	
0001213900-18-014206	2	DiversyFund Park Blvd, LLC	Preferred Units	1498000	0	1498000	
0001213900-18-014206	3	DiversyFund Park Blvd, LLC	Preferred Units	1498000	0	1498000	
0001144204-18-054691	2	Groundfloor Finance Inc.	LROs	34620010	0	$1,078,900 were issued and sold pursuant to Offering Circular File No. 024-10496. $25,883,460 were issued and sold pursuant to Offering Circular File No. 024-10753. $4,054,370 were issued and sold pursuant to Offering Circular File No. 024-10758 (as may be amended and supplemented from time to time).	
0001144204-18-054691	1	Groundfloor Finance Inc.	LROs	34620010	0	$1,078,900 were issued and sold pursuant to Offering Circular File No. 024-10496. $25,883,460 were issued and sold pursuant to Offering Circular File No. 024-10753. $4,054,370 were issued and sold pursuant to Offering Circular File No. 024-10758 (as may be amended and supplemented from time to time).	
0001144204-18-054691	3	Groundfloor Finance Inc.	LROs	34620010	0	$1,078,900 were issued and sold pursuant to Offering Circular File No. 024-10496. $25,883,460 were issued and sold pursuant to Offering Circular File No. 024-10753. $4,054,370 were issued and sold pursuant to Offering Circular File No. 024-10758 (as may be amended and supplemented from time to time).	
0001493152-18-014682	1	Masterworks 001, LLC	Membership Interests	16015	0	16,015 membership interests were issued to Masterworks Gallery, LLC, a Delaware limited liability company which was issued for $100.	
0001144204-18-054618	2	Glucose Biosensor Systems (Greater China) Holdings, Inc.	Series A Convertible Preferred Stock $0.01 par value	1222506	0	$8,715,793	
0001144204-18-054618	1	Glucose Biosensor Systems (Greater China) Holdings, Inc.	Series A Convertible Preferred Stock $0.01 par value	1222506	0	$8,715,793	
0001144204-18-054558	1	REITless Impact Income Strategies LLC	Common Shares	100	0	$1,000 (100 shares at $10.00 per common share)	
0001104659-18-062925	1	Dakota Real Estate Investment Trust	Class A and Class B Shares	840730	0	Shares were issued under dividend reinvestment plan to existing shareholders of Dakota REIT in lieu of payment of $3,764,273 in dividends and                     Shares were issued for $14.90 per share for an aggregate payment of $8,344,344.	
0001493152-18-014652	1	TraqIQ, Inc.	(i) Common stock, $0.0001 par value; (ii) Preferred stock, $0.0001 par value	6000000	650000	(i) The issuer issued 24,000,000  shares under a Share Exchange Agreement to the shareholders of OmniM2M, Inc. and Ci2i Services, Inc. valued at $1,384,200. This was based on the price paid for the 650,000 shares, which was $0.2307 per share.   (ii) The 50,000 Series A preferred were issued for $10,000 determined by the Board of Directors.	The aggregate consideration was $150,000  and based on arms-length negotiations and amount seller had paid.
0001144204-18-054420	1	Legion M Entertainment, Inc.	Class A Common Stock	212079	0	$774,482 at $7.47 per share and $901,888 at $8.32 per share	
0001628279-18-000267	1	Soliton, Inc.	Convertible 8.25 Percent Bridge Notes	5000000	0	5,000,000	$21,000 (7% of proceeds)
0001628279-18-000267	2	Soliton, Inc.	Convertible 8.25 Percent Bridge Notes	5000000	0	5,000,000	$21,000 (7% of proceeds)
0001628279-18-000267	4	Soliton, Inc.	Convertible 8.25 Percent Bridge Notes	5000000	0	5,000,000	$21,000 (7% of proceeds)
0001628279-18-000267	3	Soliton, Inc.	Convertible 8.25 Percent Bridge Notes	5000000	0	5,000,000	$21,000 (7% of proceeds)
0001144204-18-054371	1	iConsumer Corp.	8 percent Convertible Promissory Notes due 2020	164000	0	164000	
0001144204-18-054287	3	Smart Rx Systems, Inc.	Series A Plus Non-Voting Preferred	215000	0	In October and November of 2017, our Company issued 215,000 shares of its Series A+ Non-Voting Preferred Stock for consideration of $10 per share, aggregating $2,150,000. Stated value for redemption of such securities is $15 per share. The consideration for which the securities were issued was determined by the board of directors of the Company.	
0001144204-18-054287	2	Smart Rx Systems, Inc.	Series A Plus Non-Voting Preferred	215000	0	In October and November of 2017, our Company issued 215,000 shares of its Series A+ Non-Voting Preferred Stock for consideration of $10 per share, aggregating $2,150,000. Stated value for redemption of such securities is $15 per share. The consideration for which the securities were issued was determined by the board of directors of the Company.	
0001144204-18-054287	1	Smart Rx Systems, Inc.	Series A Plus Non-Voting Preferred	215000	0	In October and November of 2017, our Company issued 215,000 shares of its Series A+ Non-Voting Preferred Stock for consideration of $10 per share, aggregating $2,150,000. Stated value for redemption of such securities is $15 per share. The consideration for which the securities were issued was determined by the board of directors of the Company.	
0001144204-18-054259	3	SlideBelts Inc.	Simple Agreement for Future Equity (SAFEs)	1069982	0	$1,069,982	
0001144204-18-054259	2	SlideBelts Inc.	Simple Agreement for Future Equity (SAFEs)	1069982	0	$1,069,982	
0001144204-18-054259	1	SlideBelts Inc.	Simple Agreement for Future Equity (SAFEs)	1069982	0	$1,069,982	
0001144204-18-054073	1	Fundrise National For-Sale Housing eFund, LLC	Common Shares	9500	9500	$95,000 ($10.00 per common share)	same as above
0001213900-18-013997	3	LMP Automotive Holdings, Inc.	Convertible Promissory Notes	1448965	1448965	$1,448,965 aggregate principal amount	N/A
0001213900-18-013997	4	LMP Automotive Holdings, Inc.	Convertible Promissory Notes	1448965	1448965	$1,448,965 aggregate principal amount	N/A
0001213900-18-013997	1	LMP Automotive Holdings, Inc.	Convertible Promissory Notes	1448965	1448965	$1,448,965 aggregate principal amount	N/A
0001213900-18-013997	2	LMP Automotive Holdings, Inc.	Convertible Promissory Notes	1448965	1448965	$1,448,965 aggregate principal amount	N/A
0001683168-18-003061	2	Global Cancer Technology, Inc.	Common Stock	711700	0	207,525 (Common Stock) based on cash payments or negotiated exchange for services	
0001683168-18-003061	1	Global Cancer Technology, Inc.	Common Stock	711700	0	207,525 (Common Stock) based on cash payments or negotiated exchange for services	
0001688804-18-000019	1	RSE Collection, LLC	Series #77LE1, a series of RSE Collection, LLC	2000	0	Aggregate amount: $77,700 Basis of Computing: 2000 LLC Interests at $38.85 per Interest	
0001144204-18-053684	1	Building Bits Properties I, LLC	Common Bits	25000	0	25000	
0001683168-18-003041	2	CNS Pharmaceuticals, Inc.	Common Stock	327004	0	$490,500; common stock sold for $1.50 per share	
0001683168-18-003041	1	CNS Pharmaceuticals, Inc.	Common Stock	327004	0	$490,500; common stock sold for $1.50 per share	
0001477932-18-004848	1	Cardone Equity Fund V, LLC	Class B Interests	1000	0	1000	
0001193125-18-297560	2	XY - the Findables Company	Options to purchase shares of the Company's Class A Common Stock	21192650	0	N/A	
0001193125-18-297560	1	XY - the Findables Company	Options to purchase shares of the Company's Class A Common Stock	21192650	0	N/A	
0001751930-18-000001	2	Heugenis Inc	Class C Common	500000	0	Sweat Equity	
0001751930-18-000001	1	Heugenis Inc	Class C Common	500000	0	Sweat Equity	
0001144204-18-053370	1	Groundfloor Finance Inc.	LROs	34082650	0	$2,008,600 were issued and sold pursuant to Offering Circular File No. 024-10496. $25,833,560 were issued and sold pursuant to Offering Circular File No. 024-10753. $4,054,370 were issued and sold pursuant to Offering Circular File No. 024-10758 (as may be amended and supplemented from time to time).	
0001144204-18-053370	3	Groundfloor Finance Inc.	LROs	34082650	0	$2,008,600 were issued and sold pursuant to Offering Circular File No. 024-10496. $25,833,560 were issued and sold pursuant to Offering Circular File No. 024-10753. $4,054,370 were issued and sold pursuant to Offering Circular File No. 024-10758 (as may be amended and supplemented from time to time).	
0001144204-18-053370	2	Groundfloor Finance Inc.	LROs	34082650	0	$2,008,600 were issued and sold pursuant to Offering Circular File No. 024-10496. $25,833,560 were issued and sold pursuant to Offering Circular File No. 024-10753. $4,054,370 were issued and sold pursuant to Offering Circular File No. 024-10758 (as may be amended and supplemented from time to time).	
0001144204-18-053069	1	REITless Impact Income Strategies LLC	Common Shares	100	0	$1,000 (100 shares at $10.00 per common share)	
0001659173-18-000302	1	CapWest Income, LLC	Common Membership Interest Units	75000	0	75000	
0001754936-18-000002	2	ConnectX, Inc.	SAFT Telstar Units	200000	0	200000	
0001754936-18-000002	1	ConnectX, Inc.	SAFT Telstar Units	200000	0	200000	
0001683168-18-002998	1	American Diversified Energy LLC	Convertible Promissory Notes	710000	0	0	
0001683168-18-002993	1	MC Endeavors, Inc.	Common Stock, $0.001 par value	58200000	0	340800	
0001683168-18-002972	1	AHP Servicing LLC	Common Stock	2306	0	0	
0001683168-18-002961	2	B2Digital, Incorporated	Common Stock, $0.00001 par value	244375	0	For compensation 22,438	
0001683168-18-002961	1	B2Digital, Incorporated	Common Stock, $0.00001 par value	244375	0	For compensation 22,438	
0001683168-18-002961	3	B2Digital, Incorporated	Common Stock, $0.00001 par value	244375	0	For compensation 22,438	
0001144204-18-052619	1	Fundrise National For-Sale Housing eFund, LLC	Common Shares	9500	9500	$95,000 ($10.00 per common share)	same as above
0001213900-18-013526	1	Carolina Complete Health Network, Inc.	Class P Common Stock, $0.01 par value per share	1505	0	$1,128,750, based on a purchase price of $750.00 per share	
0001493152-18-014065	1	Social Detention, Inc.	Class A Common Stock	183753333	3947248	None	None were issued during the preceding one year.
0001144204-18-052422	1	Legion M Entertainment, Inc.	Class A Common Stock	212079	0	$774,482 at $7.47 per share and $901,888 at $8.32 per share	
0001683168-18-002936	1	Sky440, Inc.	Common Stock, $0.0001 par value	100000000	0	Price per share was 0.00005	
0001213900-18-013399	1	Legion Capital Corp.	Corporate Notes	1181000	0	$1,181,000 - face amount of Notes	
0001659173-18-000294	1	CapWest Income, LLC	Common Membership Interest Units	75000	0	75000	
0001144204-18-051659	3	Groundfloor Finance Inc.	LROs	31529110	0	$5,650,470 were issued and sold pursuant to Offering Circular File No. 024-10496. $21,824,270 were issued and sold pursuant to Offering Circular File No. 024-10753. $4,054,370 were issued and sold pursuant to Offering Circular File No. 024-10758 (as may be amended and supplemented from time to time).	
0001144204-18-051659	2	Groundfloor Finance Inc.	LROs	31529110	0	$5,650,470 were issued and sold pursuant to Offering Circular File No. 024-10496. $21,824,270 were issued and sold pursuant to Offering Circular File No. 024-10753. $4,054,370 were issued and sold pursuant to Offering Circular File No. 024-10758 (as may be amended and supplemented from time to time).	
0001144204-18-051659	1	Groundfloor Finance Inc.	LROs	31529110	0	$5,650,470 were issued and sold pursuant to Offering Circular File No. 024-10496. $21,824,270 were issued and sold pursuant to Offering Circular File No. 024-10753. $4,054,370 were issued and sold pursuant to Offering Circular File No. 024-10758 (as may be amended and supplemented from time to time).	
