ACCESSION_NUMBER	FORMINDICATION	ISSUERNAME	FISCALYEAREND	STREET1	STREET2	CITY	STATEORCOUNTRY	ZIPCODE	PHONENUMBER	REGARULE257
0001144204-18-066496		Sondors, Inc.		23823 MALIBU ROAD, SUITE 50#129		MALIBU	CA	90265	310-991-5986	
0001698370-18-000002	Annual Report		31-MAR-2018	100 KALAMALKA LAKE ROAD	UNIT 32	VERNON	A1	V1T 9G1	778-389-9933	false
0001144204-18-064187	Annual Report		31-DEC-2017	23823 MALIBU ROAD, SUITE 50#129		MALIBU	CA	90265	310-487-4889	true
0001062993-18-004847		Green Leaf Investment Fund Inc.		340 W. 42nd Street, FL 2		New York	NY	10036	631-991-5461	
0000927089-18-000421		CENTURY NEXT FINANCIAL Corp		505 North Vienna Street		Ruston	LA	71270	318-255-3733	
0001065949-18-000151	Annual Report		30-JUN-2018	11693 SAN VICENTE BOULEVARD, SUITE 445		LOS ANGELES	CA	90049	310-923-2827	true
0001144204-18-056208	Annual Report		30-JUN-2018	1900 Campus Commons Drive, Suite 200		Reston	VA	20191	571-325-2966	true
0001144204-18-052079		The Victory Bancorp, Inc.		548 North Lewis Road		Limerick	PA	19468	610-948-9000	
0001213900-18-013275		NEW MEDIA TRADER, INC.		31563 Lindero Canyon Road, Unit 2		Westlake Village	CA	91361	310-902-0961	
