ACCESSION_NUMBER	EMP_ID	ISSUERNAME	JURISDICTIONORGANIZATION	YEARINCORPORATION	CIK	SICCODE	FULLTIMEEMPLOYEES	PARTTIMEEMPLOYEES
0001742808-18-000004	1	UMBRA Technologies (US) Inc.	DE	2015	0001742808	7374	27	0
0001683168-18-003825	1	American Diversified Energy LLC	DE	2016	0001689500	4931	0	1
0001683168-18-003823	1	Image Protect, Inc.	DE	1994	0001110648	7372	4	1
0001214659-18-007828	1	Aviation Mining Solutions, Inc.	DE	2018	0001753760	3728	10	1
0001264931-18-000164	1	VICTORY MARINE HOLDINGS CORP	NV	1954	0000895287	3612	1	0
0001731302-18-000003	1	DLP Positive Fixed Returns Fund LLC	DE	2017	0001731302	6500	0	0
0001144204-18-066432	1	HappyNest REIT, Inc.	MD	2018	0001732217	6798	1	0
0001144204-18-066424	1	FUNDRISE EQUITY REIT, LLC	DE	2015	0001648956	6798	0	0
0001437749-18-022624	1	ST RENATUS LLC	DE	2006	0001433959	5122	16	0
0001683168-18-003792	1	SADDLE RANCH MEDIA, INC.	UT	1988	0000841533	7380	10	0
0001144204-18-066150	1	GROUNDFLOOR FINANCE INC.	GA	2013	0001588504	6199	45	0
0001493152-18-017880	1	TraqIQ, Inc.	CA	2009	0001514056	7371	4	0
0001144204-18-066054	1	Fundrise Income eREIT III, LLC	DE	2018	0001758745	6798	0	0
0001144204-18-066048	1	Fundrise Growth eREIT III, LLC	DE	2018	0001758744	6798	0	0
0001213900-18-017698	1	Steward Realty Trust, Inc.	MD	2017	0001735770	6798	0	0
0001755037-18-000010	1	PunchFlix Inc.	DE	2018	0001755037	7822	1	0
0001683168-18-003756	1	Coherix, Inc.	DE	2003	0001311874	3823	50	3
0001144204-18-065375	1	GAB AI INC.	DE	2016	0001709244	8600	1	0
0001688804-18-000028	1	RSE Collection, LLC	DE	2016	0001688804	3711	0	0
0001644516-18-000005	1	Southern Tier Region Rural Broadband Company, Inc.	NY	2013	0001587999	7380	1	5
0001644516-18-000004	1	Mid-Hudson Broadband Co	NY	2013	0001644516	7380	1	3
0001640170-18-000006	1	Finger Lakes Region Rural Broadband Company, Inc.	NY	2013	0001579586	7380	1	9
0001640170-18-000005	1	Western Gateway Region Rural Broadband Company, Inc.	DE	2013	0001640170	7380	1	7
0001477932-18-006070	1	Elegance Spirits, Inc.	DE	2017	0001745449	2080	4	0
0001477932-18-006062	1	Elegance Spirits, Inc.	DE	2017	0001745449	2080	4	0
0001104659-18-073649	1	Rentalist, Inc.	DE	2018	0001746876	7359	1	1
0001731122-18-000187	1	Patient Access Solutions Inc.	NV	2006	0001393570	3576	9	0
0001144204-18-064974	1	BRIX REIT, Inc.	MD	2017	0001723028	6798	0	0
0001683168-18-003723	1	GD Entertainment & Technology, Inc.	NJ	1991	0001727535	7374	1	0
0001760319-18-000004	1	CANNABINOID BIOSCIENCES, INC.	CA	2014	0001760319	2834	5	3
0001683168-18-003709	1	Global Cancer Technology, Inc.	NV	2017	0001743261	3841	1	0
0001144204-18-064611	1	GROUNDFLOOR FINANCE INC.	GA	2013	0001588504	6199	25	0
0001144204-18-064599	1	GROUNDFLOOR FINANCE INC.	GA	2013	0001588504	6199	25	0
0001736865-18-000015	1	Golden Developing Solutions, Inc.	NV	1998	0001736865	7389	1	0
0001144204-18-064536	1	BRIX REIT, Inc.	MD	2017	0001723028	6798	0	0
0001477932-18-005969	1	Elegance Spirits, Inc.	DE	2017	0001745449	2080	4	0
0001736865-18-000009	1	Golden Developing Solutions, Inc.	NV	1998	0001736865	7389	1	0
0001640334-18-002360	1	VORTEX BRANDS CO.	CO	2005	0001373467	7389	0	0
0001445866-18-001353	1	MINMAX SPACES	WY	2018	0001748865	5110	0	0
0001736865-18-000004	1	Golden Developing Solutions, Inc.	NV	1998	0001736865	7389	3	0
0001376474-18-000155	1	First Jersey Cannabis Corp	WY	2018	0001753267	7380	1	3
0001750063-18-000008	1	Fifteen Five Partners PBC	DE	2018	0001750063	8200	40	216
0001760319-18-000002	1	CANNABINOID BIOSCIENCES, INC.	CA	2014	0001760319	2834	5	3
0001193125-18-346293	1	XY - The Persistent Company	DC	2016	0001577351	3670	15	1
0001749817-18-000013	1	Belpointe REIT, Inc.	MD	2018	0001749817	6798	0	0
0001579586-18-000010	1	Western Gateway Region Rural Broadband Company, Inc.	DE	2013	0001640170	7380	1	7
0001579586-18-000009	1	Finger Lakes Region Rural Broadband Company, Inc.	NY	2013	0001579586	7380	1	9
0001144204-18-063436	1	StartEngine Crowdfunding, Inc.	DE	2014	0001661779	7370	31	0
0001749817-18-000009	1	Belpointe REIT, Inc.	MD	2018	0001749817	6798	0	0
0001078782-18-001394	1	NDN BV INC	WY	2018	0001757790	2082	1	1
0001587999-18-000011	1	Mid-Hudson Broadband Co	NY	2013	0001644516	7380	1	3
0001587999-18-000010	1	Southern Tier Region Rural Broadband Company, Inc.	NY	2013	0001587999	7380	1	5
0001683168-18-003614	1	Image Protect, Inc.	DE	1994	0001110648	7372	4	1
0001144204-18-062934	1	TerraCycle US Inc.	DE	2017	0001714781	4953	41	0
0001193125-18-340286	1	LunaDNA, LLC	DE	2018	0001741687	7374	6	1
0001640334-18-002298	1	VORTEX BRANDS CO.	CO	2005	0001373467	7389	0	0
0001193125-18-335397	1	Cottonwood Multifamily Opportunity Fund, Inc.	MD	2016	0001680657	6798	0	0
0001553350-18-001301	1	WORTHY PEER CAPITAL, INC.	DE	2016	0001699834	6199	0	0
0001144204-18-061412	1	GROUNDFLOOR FINANCE INC.	GA	2013	0001588504	6199	25	0
0001683168-18-003558	1	Smart Decision, Inc.	WY	2017	0001734669	7373	2	2
0001144204-18-061407	1	GROUNDFLOOR FINANCE INC.	GA	2013	0001588504	6199	25	0
0001683168-18-003553	1	GD Entertainment & Technology, Inc.	NJ	1991	0001727535	7374	1	0
0001493152-18-016661	1	Masterworks 001, LLC	DE	2018	0001738134	7380	0	0
0001144204-18-061261	1	SlideBelts Inc.	DE	2013	0001700895	2300	37	3
0001628279-18-000303	1	Soliton, Inc.	DE	2012	0001548187	3845	6	2
0001264931-18-000142	1	UNIQUE FOODS Corp	DE	2003	0001387636	5812	6	2
0001096906-18-000659	1	LAS VEGAS RAILWAY EXPRESS, INC.	NV	2009	0001405227	4100	12	0
0001683168-18-003518	1	My Racehorse CA LLC	NV	2016	0001744448	7948	0	0
0001010549-18-000450	1	Golden Developing Solutions, Inc.	NV	1998	0001736865	7389	3	0
0001144204-18-060939	1	SMART RX SYSTEMS INC	FL	2013	0001672227	5912	18	4
0001683168-18-003491	1	B2Digital, Incorporated	DE	1991	0000725929	7990	1	0
0001683168-18-003486	1	The Movie Studio, Inc.	DE	1961	0001109067	7812	1	0
0001193125-18-329416	1	LunaDNA, LLC	DE	2018	0001741687	7374	6	1
0001746998-18-000006	1	Perdin Inc.	WY	2018	0001746998	7000	143	97
0001688804-18-000023	1	RSE Collection, LLC	DE	2016	0001688804	3711	0	0
0001144204-18-060365	1	Glucose Biosensor Systems (Greater China) Holdings, Inc.	DE	2016	0001725430	3829	1	2
0001437749-18-020959	1	ST RENATUS LLC	DE	2006	0001433959	5122	16	0
0001683168-18-003450	1	American Diversified Energy LLC	DE	2016	0001689500	4931	0	1
0001683168-18-003406	1	B2Digital, Incorporated	DE	1991	0000725929	7990	1	0
0001213900-18-015533	1	Greenmo Inc.	NV	2014	0001623541	4812	0	0
0001144204-18-058911	1	GROUNDFLOOR FINANCE INC.	GA	2013	0001588504	6199	25	0
0001683168-18-003315	1	MC Endeavors, Inc.	NV	2001	0001157509	7370	3	4
0001477932-18-005333	1	Elegance Spirits, Inc.	DE	2017	0001745449	2080	4	0
0001683168-18-003301	1	Smart Decision, Inc.	WY	2017	0001734669	7373	2	2
0001144204-18-058039	1	Glucose Biosensor Systems (Greater China) Holdings, Inc.	DE	2016	0001725430	3829	1	2
0001683168-18-003280	1	Global Cancer Technology, Inc.	NV	2017	0001743261	3841	1	0
0001683168-18-003268	1	B2Digital, Incorporated	DE	1991	0000725929	7990	1	0
0001654954-18-012065	1	HC Government Realty Trust, Inc.	MD	2016	0001670010	6512	0	0
0001628279-18-000286	1	Soliton, Inc.	DE	2012	0001548187	3845	6	2
0000715812-18-000011	1	Iroquois Valley Farmland REIT, PBC	DE	2016	0001706350	6798	5	0
0001193125-18-317737	1	LunaDNA, LLC	DE	2018	0001741687	7374	6	1
0001683168-18-003223	1	Coherix, Inc.	DE	2003	0001311874	3823	50	3
0001144204-18-057056	1	SlideBelts Inc.	DE	2013	0001700895	2300	37	3
0001078782-18-001224	1	NDN BV INC	WY	2018	0001757790	2082	1	1
0001144204-18-056794	1	Mota Group, Inc.	DE	2003	0001672750	3721	19	2
0001144204-18-056733	1	GROUNDFLOOR FINANCE INC.	GA	2013	0001588504	6199	25	0
0001144204-18-056705	1	GROUNDFLOOR FINANCE INC.	GA	2013	0001588504	6199	25	0
0001144204-18-056591	1	StartEngine Crowdfunding, Inc.	DE	2014	0001661779	7370	31	0
0001144204-18-055998	1	GROUNDFLOOR FINANCE INC.	GA	2013	0001588504	6199	25	0
0001755037-18-000005	1	PunchFlix, Inc	DE	2018	0001755037	4841	1	0
0001683168-18-003170	1	AHP Servicing LLC	DE	2017	0001746078	6162	17	0
0001144204-18-055637	1	SMART RX SYSTEMS INC	FL	2013	0001672227	5912	18	4
0001683168-18-003162	1	MC Endeavors, Inc.	NV	2001	0001157509	7370	3	4
0001683168-18-003156	1	CNS Pharmaceuticals, Inc.	NV	2017	0001729427	2834	0	4
0001096906-18-000593	1	LAS VEGAS RAILWAY EXPRESS, INC.	NV	2009	0001405227	4100	12	0
0001751930-18-000006	1	Heugenis Inc	MI	2018	0001751930	5900	1	1
0001688804-18-000020	1	RSE Collection, LLC	DE	2016	0001688804	3711	0	0
0001749442-18-000003	1	Texas Gulf Atlantic Services Corp	TX	2014	0001749442	4941	1	1
0001683168-18-003130	1	Advance Green Energy, Inc.	FL	2016	0001693966	1311	2	0
0001683168-18-003127	1	B2Digital, Incorporated	DE	1991	0000725929	7990	1	0
0001096906-18-000573	1	UNITED RAIL, INC.	NV	2009	0001405227	4100	12	0
0001213900-18-014225	1	DF Growth REIT, LLC	DE	2018	0001750695	6500	0	0
0001477932-18-004976	1	CARDONE EQUITY FUND V, LLC	CA	2018	0001741665	6500	0	3
0001683168-18-003116	1	Sky440, Inc.	DE	2001	0001661264	8742	1	1
0001213900-18-014206	1	DF Growth REIT, LLC	DE	2018	0001750695	6500	0	0
0001144204-18-054691	1	GROUNDFLOOR FINANCE INC.	GA	2013	0001588504	6199	25	0
0001493152-18-014682	1	Masterworks 001, LLC	DE	2018	0001738134	7380	0	0
0001144204-18-054618	1	Glucose Biosensor Systems (Greater China) Holdings, Inc.	DE	2016	0001725430	3829	1	2
0001144204-18-054558	1	Reitless Impact Income Strategies LLC	DE	2018	0001742092	6798	0	0
0001104659-18-062925	1	DAKOTA REAL ESTATE INVESTMENT TRUST	ND	1997	0001074922	6798	0	0
0001493152-18-014652	1	TraqIQ, Inc.	CA	2009	0001514056	7371	4	0
0001214659-18-006571	1	Opening Night Enterprises, LLC	CA	2016	0001707175	7812	0	0
0001144204-18-054420	1	Legion M Entertainment, Inc.	DE	2016	0001674163	7812	5	5
0001628279-18-000267	1	Soliton, Inc.	DE	2012	0001548187	3845	6	2
0001144204-18-054371	1	iConsumer Corp.	DE	2010	0001652350	7200	0	0
0001144204-18-054287	1	SMART RX SYSTEMS INC	FL	2013	0001672227	5912	18	4
0001144204-18-054259	1	SlideBelts Inc.	DE	2013	0001700895	2300	37	3
0001144204-18-054073	1	Fundrise National For-Sale Housing eFund, LLC	DE	2017	0001706656	6500	0	0
0001213900-18-013997	1	LMP Automotive Holdings, Inc.	DE	2017	0001731727	5500	24	0
0001683168-18-003061	1	Global Cancer Technology, Inc.	NV	2017	0001743261	3841	1	0
0001688804-18-000019	1	RSE Collection, LLC	DE	2016	0001688804	3711	0	0
0001587999-18-000003	1	Southern Tier Region Rural Broadband Company, Inc.	NY	2013	0001587999	7380	1	5
0001144204-18-053684	1	Building Bits Properties I, LLC	DE	2017	0001709981	6510	2	0
0001683168-18-003041	1	CNS Pharmaceuticals, Inc.	NV	2017	0001729427	2834	0	4
0001477932-18-004848	1	CARDONE EQUITY FUND V, LLC	CA	2018	0001741665	6500	0	3
0001264931-18-000114	1	UNIQUE FOODS Corp	DE	2003	0001387636	5812	6	2
0001213900-18-013820	1	TechSoup Global, A California 501(c)(3) Nonprofit Public Benefit Corporation	CA	1988	0001714680	7372	197	12
0001193125-18-297560	1	XY - the Findables Company	DE	2016	0001577351	3670	15	1
0001751930-18-000001	1	Heugenis Inc	MI	2018	0001751930	5900	1	1
0001144204-18-053370	1	GROUNDFLOOR FINANCE INC.	GA	2013	0001588504	6199	25	0
0001477932-18-004798	1	PFG FUND III, LLC	CO	2013	0001594139	6500	0	1
0001445866-18-001097	1	QuantmRE, Inc	DE	2018	0001754801	6162	0	0
0001587999-18-000002	1	Southern Tier Region Rural Broadband Company, Inc.	NY	2013	0001587999	7380	1	5
0001587999-18-000001	1	Southern Tier Region Rural Broadband Company, Inc.	NY	2013	0001587999	7380	1	5
0001144204-18-053069	1	Reitless Impact Income Strategies LLC	DE	2018	0001742092	6798	0	0
0001659173-18-000302	1	CapWest Income, LLC	NV	2016	0001683719	6500	0	0
0001754936-18-000002	1	ConnectX, Inc.	DE	2014	0001754936	3572	5	11
0001683168-18-002998	1	American Diversified Energy LLC	DE	2016	0001689500	4931	0	1
0001683168-18-002993	1	MC Endeavors, Inc.	NV	2001	0001157509	7370	3	4
0001683168-18-002972	1	AHP Servicing LLC	DE	2017	0001746078	6162	17	0
0001683168-18-002961	1	B2Digital, Incorporated	DE	1991	0000725929	7990	1	0
0001144204-18-052619	1	Fundrise National For-Sale Housing eFund, LLC	DE	2017	0001706656	6500	0	0
0001493152-18-014113	1	LunaDNA, LLC	DE	2018	0001741687	7374	6	1
0001213900-18-013526	1	Carolina Complete Health Network, Inc.	DE	2016	0001715363	6324	0	0
0001493152-18-014065	1	SOCIAL DETENTION INC.	CA	2015	0001726286	3990	1	0
0001144204-18-052422	1	Legion M Entertainment, Inc.	DE	2016	0001674163	7812	5	5
0001683168-18-002936	1	Sky440, Inc.	DE	2001	0001661264	8742	1	1
0001213900-18-013399	1	Legion Capital Corp	FL	2015	0001661166	6282	15	6
0001659173-18-000294	1	CapWest Income, LLC	NV	2016	0001683719	6500	0	0
0001445866-18-001010	1	MINMAX SPACES	WY	2018	0001748865	5110	0	0
0001144204-18-051659	1	GROUNDFLOOR FINANCE INC.	GA	2013	0001588504	6199	25	0
