ACCESSION_NUMBER	SO_ID	SECURITIESOFFEREDTYPES	SECURITIESOFFEREDOTHERDESC
0001742808-18-000004	1	Equity (common or preferred stock)	
0001683168-18-003825	1	Equity (common or preferred stock)	
0001683168-18-003823	1	Equity (common or preferred stock)	
0001214659-18-007828	1	Equity (common or preferred stock)	
0001264931-18-000164	1	Equity (common or preferred stock)	
0001731302-18-000003	1	Debt	
0001144204-18-066432	1	Equity (common or preferred stock)	
0001144204-18-066424	1	Equity (common or preferred stock)	
0001437749-18-022624	1	Equity (common or preferred stock)	
0001683168-18-003792	1	Equity (common or preferred stock)	
0001144204-18-066150	1	Other(describe)	Limited Recourse Obligation (LRO), a limited debt obligation of the issuer
0001493152-18-017880	1	Equity (common or preferred stock)	
0001144204-18-066054	1	Equity (common or preferred stock)	
0001144204-18-066048	1	Equity (common or preferred stock)	
0001213900-18-017698	1	Equity (common or preferred stock)	
0001755037-18-000010	1	Equity (common or preferred stock)	
0001683168-18-003756	1	Equity (common or preferred stock)	
0001144204-18-065375	1	Equity (common or preferred stock)	
0001688804-18-000028	1	Other(describe)	LLC Interests
0001644516-18-000005	1	Equity (common or preferred stock)	
0001644516-18-000004	1	Equity (common or preferred stock)	
0001640170-18-000006	1	Equity (common or preferred stock)	
0001640170-18-000005	1	Equity (common or preferred stock)	
0001477932-18-006070	1	Equity (common or preferred stock)	
0001477932-18-006062	1	Equity (common or preferred stock)	
0001104659-18-073649	1	Equity (common or preferred stock)	
0001731122-18-000187	1	Equity (common or preferred stock)	
0001144204-18-064974	1	Equity (common or preferred stock)	
0001683168-18-003723	1	Equity (common or preferred stock)	
0001760319-18-000004	1	Equity (common or preferred stock)	
0001683168-18-003709	1	Equity (common or preferred stock)	
0001144204-18-064611	1	Other(describe)	Limited Recourse Obligation (LRO), a limited debt obligation of the issuer
0001144204-18-064599	1	Other(describe)	Limited Recourse Obligation (LRO), a limited debt obligation of the issuer
0001736865-18-000015	1	Equity (common or preferred stock)	
0001144204-18-064536	1	Equity (common or preferred stock)	
0001477932-18-005969	1	Equity (common or preferred stock)	
0001736865-18-000009	1	Equity (common or preferred stock)	
0001640334-18-002360	1	Equity (common or preferred stock)	
0001445866-18-001353	1	Equity (common or preferred stock)	
0001736865-18-000004	1	Equity (common or preferred stock)	
0001376474-18-000155	1	Equity (common or preferred stock)	
0001750063-18-000008	1	Equity (common or preferred stock)	
0001760319-18-000002	1	Equity (common or preferred stock)	
0001193125-18-346293	1	Equity (common or preferred stock)	
0001749817-18-000013	1	Equity (common or preferred stock)	
0001579586-18-000010	1	Equity (common or preferred stock)	
0001579586-18-000009	1	Equity (common or preferred stock)	
0001144204-18-063436	1	Equity (common or preferred stock)	
0001749817-18-000009	1	Equity (common or preferred stock)	
0001078782-18-001394	1	Equity (common or preferred stock)	
0001587999-18-000011	1	Equity (common or preferred stock)	
0001587999-18-000010	1	Equity (common or preferred stock)	
0001683168-18-003614	1	Equity (common or preferred stock)	
0001144204-18-062934	1	Equity (common or preferred stock)	
0001193125-18-340286	1	Equity (common or preferred stock)	
0001640334-18-002298	1	Equity (common or preferred stock)	
0001193125-18-335397	1	Equity (common or preferred stock)	
0001553350-18-001301	1	Debt	
0001144204-18-061412	1	Other(describe)	Limited Recourse Obligation (LRO), a limited debt obligation of the issuer
0001683168-18-003558	1	Equity (common or preferred stock)	
0001144204-18-061407	1	Other(describe)	Limited Recourse Obligation (LRO), a limited debt obligation of the issuer
0001683168-18-003553	1	Equity (common or preferred stock)	
0001493152-18-016661	1	Equity (common or preferred stock)	
0001144204-18-061261	1	Equity (common or preferred stock)	
0001628279-18-000303	1	Equity (common or preferred stock)	
0001264931-18-000142	1	Equity (common or preferred stock)	
0001096906-18-000659	1	Equity (common or preferred stock)	
0001683168-18-003518	1	Other(describe)	Series LLC Interests
0001010549-18-000450	1	Equity (common or preferred stock)	
0001144204-18-060939	1	Equity (common or preferred stock)	
0001683168-18-003491	1	Equity (common or preferred stock)	
0001683168-18-003486	1	Equity (common or preferred stock)	
0001193125-18-329416	1	Equity (common or preferred stock)	
0001746998-18-000006	1	Equity (common or preferred stock)	
0001688804-18-000023	1	Other(describe)	LLC Interests
0001144204-18-060365	1	Equity (common or preferred stock)	
0001437749-18-020959	1	Equity (common or preferred stock)	
0001683168-18-003450	1	Equity (common or preferred stock)	
0001683168-18-003406	1	Equity (common or preferred stock)	
0001213900-18-015533	1	Equity (common or preferred stock)	
0001144204-18-058911	1	Other(describe)	Limited Recourse Obligation (LRO), a limited debt obligation of the issuer
0001683168-18-003315	1	Equity (common or preferred stock)	
0001477932-18-005333	1	Equity (common or preferred stock)	
0001683168-18-003301	1	Equity (common or preferred stock)	
0001144204-18-058039	1	Equity (common or preferred stock)	
0001683168-18-003280	1	Equity (common or preferred stock)	
0001683168-18-003268	1	Equity (common or preferred stock)	
0001654954-18-012065	1	Equity (common or preferred stock)	
0001628279-18-000286	1	Equity (common or preferred stock)	
0000715812-18-000011	1	Equity (common or preferred stock)	
0001193125-18-317737	1	Equity (common or preferred stock)	
0001683168-18-003223	1	Equity (common or preferred stock)	
0001144204-18-057056	1	Equity (common or preferred stock)	
0001078782-18-001224	1	Equity (common or preferred stock)	
0001144204-18-056794	1	Equity (common or preferred stock)	
0001144204-18-056733	1	Other(describe)	Limited Recourse Obligation (LRO), a limited debt obligation of the issuer
0001144204-18-056705	1	Other(describe)	Limited Recourse Obligation (LRO), a limited debt obligation of the issuer
0001144204-18-056591	1	Equity (common or preferred stock)	
0001144204-18-055998	1	Other(describe)	Limited Recourse Obligation (LRO), a limited debt obligation of the issuer
0001755037-18-000005	1	Equity (common or preferred stock)	
0001683168-18-003170	1	Equity (common or preferred stock)	
0001144204-18-055637	1	Equity (common or preferred stock)	
0001683168-18-003162	1	Equity (common or preferred stock)	
0001683168-18-003156	1	Equity (common or preferred stock)	
0001683168-18-003156	2	Security to be acquired upon exercise of option, warrant or other right to acquire security	
0001096906-18-000593	1	Equity (common or preferred stock)	
0001751930-18-000006	1	Equity (common or preferred stock)	
0001688804-18-000020	1	Other(describe)	LLC Interests
0001749442-18-000003	1	Equity (common or preferred stock)	
0001683168-18-003130	1	Equity (common or preferred stock)	
0001683168-18-003127	1	Equity (common or preferred stock)	
0001096906-18-000573	1	Equity (common or preferred stock)	
0001213900-18-014225	1	Equity (common or preferred stock)	
0001477932-18-004976	1	Equity (common or preferred stock)	
0001683168-18-003116	1	Equity (common or preferred stock)	
0001213900-18-014206	1	Equity (common or preferred stock)	
0001144204-18-054691	1	Other(describe)	Limited Recourse Obligation (LRO), a limited debt obligation of the issuer
0001493152-18-014682	1	Equity (common or preferred stock)	
0001144204-18-054618	1	Equity (common or preferred stock)	
0001144204-18-054558	1	Equity (common or preferred stock)	
0001104659-18-062925	1	Equity (common or preferred stock)	
0001493152-18-014652	1	Equity (common or preferred stock)	
0001214659-18-006571	1	Equity (common or preferred stock)	
0001144204-18-054420	1	Equity (common or preferred stock)	
0001628279-18-000267	1	Equity (common or preferred stock)	
0001144204-18-054371	1	Equity (common or preferred stock)	
0001144204-18-054287	1	Equity (common or preferred stock)	
0001144204-18-054259	1	Equity (common or preferred stock)	
0001144204-18-054073	1	Equity (common or preferred stock)	
0001213900-18-013997	1	Equity (common or preferred stock)	
0001213900-18-013997	2	Option, warrant or other right to acquire another security	
0001683168-18-003061	1	Equity (common or preferred stock)	
0001688804-18-000019	1	Other(describe)	LLC Interests
0001587999-18-000003	1	Equity (common or preferred stock)	
0001144204-18-053684	1	Equity (common or preferred stock)	
0001683168-18-003041	1	Equity (common or preferred stock)	
0001683168-18-003041	2	Security to be acquired upon exercise of option, warrant or other right to acquire security	
0001477932-18-004848	1	Equity (common or preferred stock)	
0001264931-18-000114	1	Equity (common or preferred stock)	
0001213900-18-013820	1	Debt	
0001193125-18-297560	1	Equity (common or preferred stock)	
0001751930-18-000001	1	Equity (common or preferred stock)	
0001144204-18-053370	1	Other(describe)	Limited Recourse Obligation (LRO), a limited debt obligation of the issuer
0001477932-18-004798	1	Equity (common or preferred stock)	
0001445866-18-001097	1	Equity (common or preferred stock)	
0001587999-18-000002	1	Equity (common or preferred stock)	
0001587999-18-000001	1	Equity (common or preferred stock)	
0001144204-18-053069	1	Equity (common or preferred stock)	
0001659173-18-000302	1	Debt	
0001754936-18-000002	1	Other(describe)	investment contracts
0001683168-18-002998	1	Equity (common or preferred stock)	
0001683168-18-002993	1	Equity (common or preferred stock)	
0001683168-18-002972	1	Equity (common or preferred stock)	
0001683168-18-002961	1	Equity (common or preferred stock)	
0001144204-18-052619	1	Equity (common or preferred stock)	
0001493152-18-014113	1	Equity (common or preferred stock)	
0001213900-18-013526	1	Equity (common or preferred stock)	
0001493152-18-014065	1	Equity (common or preferred stock)	
0001144204-18-052422	1	Equity (common or preferred stock)	
0001683168-18-002936	1	Equity (common or preferred stock)	
0001213900-18-013399	1	Equity (common or preferred stock)	
0001659173-18-000294	1	Debt	
0001445866-18-001010	1	Equity (common or preferred stock)	
0001144204-18-051659	1	Other(describe)	Limited Recourse Obligation (LRO), a limited debt obligation of the issuer
