ACCESSION_NUMBER	NID	SINFO_ID	NAME_TYPE	NAME
0001698370-18-000002	1	1	underwrittenSpName	Boustead Securities LLC
0001698370-18-000002	1	1	salesCommissionsSpName	Fintech Clearing LLC/ Flashfunder
0001698370-18-000002	2	1	legalSpName	Horwitz Armstrong LLP
0001698370-18-000002	1	1	legalSpName	Venture Law Corporation
0001698370-18-000002	1	1	auditorSpName	Davidson & Company LLP
0001062993-18-004847	1	1	legalSpName	Hoban Law Group
0001062993-18-004847	2	1	auditorSpName	LLC
0001062993-18-004847	1	1	auditorSpName	ThayerOneal Company
0001062993-18-004847	1	1	blueSkySpName	V Financial Group
0000927089-18-000421	1	1	auditorSpName	Heard McElroy & Vestal LLC
0000927089-18-000421	1	1	findersSpName	None
0000927089-18-000421	1	1	salesCommissionsSpName	None
0000927089-18-000421	1	1	underwrittenSpName	None
0000927089-18-000421	1	1	legalSpName	Silver Freedman Taff & Tiernan LLP
0001144204-18-052079	1	1	findersSpName	None
0001144204-18-052079	1	1	promoterSpName	None
0001144204-18-052079	1	1	underwrittenSpName	None
0001144204-18-052079	1	1	salesCommissionsSpName	None
0001144204-18-052079	1	1	blueSkySpName	None
0001144204-18-052079	1	1	auditorSpName	BDO USA, LLP
0001144204-18-052079	1	1	legalSpName	Kilpatrick Townsend & Stockton LLP
0001213900-18-013275	1	1	blueSkySpName	Mitchell Silberberg & Knupp LLP
0001213900-18-013275	1	1	legalSpName	Mitchell Silberberg & Knupp LLP
