ACCESSION_NUMBER	NID	SINFO_ID	NAME_TYPE	NAME
0001144204-15-073653	1	1	auditorSpName	Hughes Pittman & Gupton, LLP
0001144204-15-073653	1	1	blueSkySpName	N/A
0001144204-15-073653	1	1	legalSpName	Smith Anderson, et al. Robbins Ross, et al.
0001389049-15-000003	1	1	findersSpName	None
0001389049-15-000003	1	1	salesCommissionsSpName	None
0001389049-15-000003	1	1	underwrittenSpName	None
0001389049-15-000003	1	1	auditorSpName	None
0001389049-15-000003	1	1	promoterSpName	None
0001389049-15-000003	1	1	blueSkySpName	None
0001389049-15-000003	1	1	legalSpName	None
0001144204-15-065207	2	1	auditorSpName	LLP
0001144204-15-065207	1	1	auditorSpName	Hughes Pittman & Gupton
0001144204-15-065207	1	1	legalSpName	Smith Anderson
0001144204-15-065207	1	1	blueSkySpName	N/A
0001144204-15-065207	3	1	legalSpName	et al.
0001144204-15-065207	2	1	legalSpName	et al. Robbins Ross
0001144204-15-063139	1	1	promoterSpName	None
0001144204-15-063139	1	1	legalSpName	Kilpatrick Townsend & Stockton LLP
0001144204-15-063139	2	1	auditorSpName	Grandey & Allen L.L.P.
0001144204-15-063139	1	1	auditorSpName	Stovall
0001144204-15-063139	1	1	blueSkySpName	None
0001144204-15-063139	1	1	salesCommissionsSpName	None
0001144204-15-063139	1	1	findersSpName	None
0001144204-15-063139	1	1	underwrittenSpName	None
0001617216-15-000020	2	1	legalSpName	ESQ
0001617216-15-000020	1	1	legalSpName	Law Office of Gang Zhou
