ACCESSION_NUMBER	SECURITY_ID	SECURITIESISSUERNAME	SECURITIESISSUERTITLE	SECURITIESISSUEDTOTALAMOUNT	SECURITIESPRINCIPALHOLDERAMT	SECURITIESISSUEDAGGREGATEAMT	AGGREGATECONSIDERATIONBASIS
0001019687-15-004688	2	Great Coin, Inc.	Common Stock	20000000	20000000	$20,000; $0.001 par value	N/A
0001019687-15-004688	1	Great Coin, Inc.	Common Stock	20000000	20000000	$20,000; $0.001 par value	N/A
0001019687-15-004682	1	Sprinter Football Club, Inc.	Class A Common Stock	100000000	0	$5,000.00 - paid for by the Founder (2,000.00 in cash and $3,000.00 paid directly to Sturzman & Klotz for legal services).	
0001213900-15-009847	3	AWA Group LP	Class A Common Units	2001378	0	0	N/A
0001213900-15-009847	2	AWA Group LP	Class A Common Units	2001378	0	0	N/A
0001213900-15-009847	1	AWA Group LP	Class A Common Units	2001378	0	0	N/A
0001650352-15-000010	1	Media Assets Group, Inc.	Common Stock	500000	2000000	$10000	Equity Purchase Agreement
0001144204-15-073299	1	Fundrise Equity REIT, LLC	Common Shares	100	100	$1,000 ($10.00 per common share)	same as above
0001214659-15-008545	1	Luna Azul Development Fund, LLC	9 Percent Preferred Profit Participating Class A Units	4	0	$112,500	
0001477932-15-007747	1	GK Investment Holdings, LLC	Class A & Class B units	246779460	0	None	
0001571049-15-010176	5	StreetShares, Inc.	Common Stock	10253914	401929	10,253,914 total shares issued, 401,929 (vested) shares sold to officers, directors, and principal security holders of the Issuer, approximately $20,096 (vested) Total Consideration (Total Shares x Price per Share less fees and expenses).	none
0001571049-15-010176	6	StreetShares, Inc.	Common Stock	10253914	401929	10,253,914 total shares issued, 401,929 (vested) shares sold to officers, directors, and principal security holders of the Issuer, approximately $20,096 (vested) Total Consideration (Total Shares x Price per Share less fees and expenses).	none
0001571049-15-010176	4	StreetShares, Inc.	Common Stock	10253914	401929	10,253,914 total shares issued, 401,929 (vested) shares sold to officers, directors, and principal security holders of the Issuer, approximately $20,096 (vested) Total Consideration (Total Shares x Price per Share less fees and expenses).	none
0001571049-15-010176	3	StreetShares, Inc.	Common Stock	10253914	401929	10,253,914 total shares issued, 401,929 (vested) shares sold to officers, directors, and principal security holders of the Issuer, approximately $20,096 (vested) Total Consideration (Total Shares x Price per Share less fees and expenses).	none
0001571049-15-010176	2	StreetShares, Inc.	Common Stock	10253914	401929	10,253,914 total shares issued, 401,929 (vested) shares sold to officers, directors, and principal security holders of the Issuer, approximately $20,096 (vested) Total Consideration (Total Shares x Price per Share less fees and expenses).	none
0001571049-15-010176	1	StreetShares, Inc.	Common Stock	10253914	401929	10,253,914 total shares issued, 401,929 (vested) shares sold to officers, directors, and principal security holders of the Issuer, approximately $20,096 (vested) Total Consideration (Total Shares x Price per Share less fees and expenses).	none
0001144204-15-071953	1	Hamilton National Income Trust, Inc.	Common Stock	20000	0	$200,000 (20,000 shares @ $10 per share)	
0001477932-15-007705	1	Med-X, Inc.	Common Stock	1574850	0	$787,425 at $0.50 per share	
0001213900-15-009585	1	Fig Publishing, Inc.	Common Stock	1000000	0	$242,161. The issuer's parent, Loose Tooth Industries, Inc., formed the issuer, has taken its ownership interest in the issuer in the form of 1,000,000 shares of common stock, and as of September 30, 2015 had made a net transfer to the issuer in the foregoing amount, as described in the issuer's financial statements.	
0001615774-15-003669	1	Advanced Predictive Analytics, Inc.	Common	200000	0	$100000.00	
0001354488-15-005575	1	Allegiancy, LLC (to be converted into Allegiancy, Inc.)	Class B Units (to be converted into common stock of Allegiancy, Inc.)	128600	0	"The Class B Units issued to TriStone Realty Management, LLC (""TriStone"") were issued in connection with a negotiated joint venture transaction in which TriStone contributed its assets to Allegiancy Houston, LLC, a subsidiary of the issuer in which the issuer owns a 70% economic interest, in consideration, in part, for the issuance of the 128,600 Class B Units to TriStone.  The issuer and TriStone valued the aggregate Class B Units issued to TriStone at $1,284,881.50, or approximately $9.91 per Class B Unit. The Class B Units received by Tristone will be converted into common stock of Allegiancy, Inc. upon the conversion of Allegiancy, LLC into Allegiancy, Inc."	
0001144204-15-071410	1	Aperion Biologics, Inc.	Convertible Promissory Notes, convertible into Series D and Series E Preferred Stock of the Company	1270000	0	$1,165,000 cash and satisfaction of account payable $105,000.	
0001144204-15-071410	2	Aperion Biologics, Inc.	Convertible Promissory Notes, convertible into Series D and Series E Preferred Stock of the Company	1270000	0	$1,165,000 cash and satisfaction of account payable $105,000.	
0001144204-15-071410	3	Aperion Biologics, Inc.	Convertible Promissory Notes, convertible into Series D and Series E Preferred Stock of the Company	1270000	0	$1,165,000 cash and satisfaction of account payable $105,000.	
0001144204-15-071315	3	Aperion Biologics, Inc.	Convertible Promissory Notes, convertible into Series D and Series E Preferred Stock of the Company	1270000	0	$1,165,000 cash and satisfaction of account payable $105,000.	
0001144204-15-071315	2	Aperion Biologics, Inc.	Convertible Promissory Notes, convertible into Series D and Series E Preferred Stock of the Company	1270000	0	$1,165,000 cash and satisfaction of account payable $105,000.	
0001144204-15-071315	1	Aperion Biologics, Inc.	Convertible Promissory Notes, convertible into Series D and Series E Preferred Stock of the Company	1270000	0	$1,165,000 cash and satisfaction of account payable $105,000.	
0001144204-15-071012	1	Fundrise Equity REIT, LLC	Common Shares	100	100	$1,000 ($10.00 per common share)	same as above
0001144204-15-070928	1	Aperion Biologics, Inc.	Convertible Promissory Notes, convertible into Series D and Series E Preferred Stock of the Company	1270000	0	$1,165,000 cash and satisfaction of account payable $105,000.	
0001144204-15-070928	2	Aperion Biologics, Inc.	Convertible Promissory Notes, convertible into Series D and Series E Preferred Stock of the Company	1270000	0	$1,165,000 cash and satisfaction of account payable $105,000.	
0001144204-15-070928	3	Aperion Biologics, Inc.	Convertible Promissory Notes, convertible into Series D and Series E Preferred Stock of the Company	1270000	0	$1,165,000 cash and satisfaction of account payable $105,000.	
0001144204-15-070680	2	Aperion Biologics, Inc.	Convertible Promissory Notes, convertible into Series D and Series E Preferred Stock of the Company	1270000	0	$1,165,000 cash and satisfaction of account payable $105,000.	
0001144204-15-070680	1	Aperion Biologics, Inc.	Convertible Promissory Notes, convertible into Series D and Series E Preferred Stock of the Company	1270000	0	$1,165,000 cash and satisfaction of account payable $105,000.	
0001144204-15-070680	3	Aperion Biologics, Inc.	Convertible Promissory Notes, convertible into Series D and Series E Preferred Stock of the Company	1270000	0	$1,165,000 cash and satisfaction of account payable $105,000.	
0001644600-15-000033	1	XTI Aircraft Co	Convertible Notes	800000	0	800000	
0001644600-15-000030	1	XTI Aircraft Co	Convertible Notes	800000	0	800000	
0001354488-15-005493	1	Stack-It Storage, Inc.	Common Stock	14716667	0	$232,500 (Shares issued for cash at prices of between $0.012 and $0.025)	
0001644600-15-000027	1	XTI Aircraft Co	Convertible Notes	800000	0	800000	
0001571049-15-009859	1	StreetShares, Inc.	Common Stock	10253914	401929	10,253,914 total shares issued, 401,929 (vested) shares sold to officers, directors, and principal security holders of the Issuer, approximately $20,096 (vested) Total Consideration (Total Shares x Price per Share less fees and expenses).	none
0001571049-15-009859	2	StreetShares, Inc.	Common Stock	10253914	401929	10,253,914 total shares issued, 401,929 (vested) shares sold to officers, directors, and principal security holders of the Issuer, approximately $20,096 (vested) Total Consideration (Total Shares x Price per Share less fees and expenses).	none
0001571049-15-009859	6	StreetShares, Inc.	Common Stock	10253914	401929	10,253,914 total shares issued, 401,929 (vested) shares sold to officers, directors, and principal security holders of the Issuer, approximately $20,096 (vested) Total Consideration (Total Shares x Price per Share less fees and expenses).	none
0001571049-15-009859	5	StreetShares, Inc.	Common Stock	10253914	401929	10,253,914 total shares issued, 401,929 (vested) shares sold to officers, directors, and principal security holders of the Issuer, approximately $20,096 (vested) Total Consideration (Total Shares x Price per Share less fees and expenses).	none
0001571049-15-009859	4	StreetShares, Inc.	Common Stock	10253914	401929	10,253,914 total shares issued, 401,929 (vested) shares sold to officers, directors, and principal security holders of the Issuer, approximately $20,096 (vested) Total Consideration (Total Shares x Price per Share less fees and expenses).	none
0001571049-15-009859	3	StreetShares, Inc.	Common Stock	10253914	401929	10,253,914 total shares issued, 401,929 (vested) shares sold to officers, directors, and principal security holders of the Issuer, approximately $20,096 (vested) Total Consideration (Total Shares x Price per Share less fees and expenses).	none
0001144204-15-069912	2	Groundfloor Finance Inc.	Limited Recourse Obligations	1628000	0	Limited Recourse Obligations were issued for aggregate principal amount of $1,628,000.	
0001144204-15-069912	1	Groundfloor Finance Inc.	Limited Recourse Obligations	1628000	0	Limited Recourse Obligations were issued for aggregate principal amount of $1,628,000.	
0001144204-15-069912	4	Groundfloor Finance Inc.	Limited Recourse Obligations	1628000	0	Limited Recourse Obligations were issued for aggregate principal amount of $1,628,000.	
0001144204-15-069912	3	Groundfloor Finance Inc.	Limited Recourse Obligations	1628000	0	Limited Recourse Obligations were issued for aggregate principal amount of $1,628,000.	
0001571049-15-009828	4	StreetShares, Inc.	Common Stock	10253914	401929	10,253,914 total shares issued, 401,929 (vested) shares sold to officers, directors, and principal security holders of the Issuer, approximately $20,096 (vested) Total Consideration (Total Shares x Price per Share less fees and expenses).	none
0001571049-15-009828	3	StreetShares, Inc.	Common Stock	10253914	401929	10,253,914 total shares issued, 401,929 (vested) shares sold to officers, directors, and principal security holders of the Issuer, approximately $20,096 (vested) Total Consideration (Total Shares x Price per Share less fees and expenses).	none
0001571049-15-009828	6	StreetShares, Inc.	Common Stock	10253914	401929	10,253,914 total shares issued, 401,929 (vested) shares sold to officers, directors, and principal security holders of the Issuer, approximately $20,096 (vested) Total Consideration (Total Shares x Price per Share less fees and expenses).	none
0001571049-15-009828	5	StreetShares, Inc.	Common Stock	10253914	401929	10,253,914 total shares issued, 401,929 (vested) shares sold to officers, directors, and principal security holders of the Issuer, approximately $20,096 (vested) Total Consideration (Total Shares x Price per Share less fees and expenses).	none
0001571049-15-009828	1	StreetShares, Inc.	Common Stock	10253914	401929	10,253,914 total shares issued, 401,929 (vested) shares sold to officers, directors, and principal security holders of the Issuer, approximately $20,096 (vested) Total Consideration (Total Shares x Price per Share less fees and expenses).	none
0001571049-15-009828	2	StreetShares, Inc.	Common Stock	10253914	401929	10,253,914 total shares issued, 401,929 (vested) shares sold to officers, directors, and principal security holders of the Issuer, approximately $20,096 (vested) Total Consideration (Total Shares x Price per Share less fees and expenses).	none
0001650352-15-000009	1	Media Assets Group, Inc.	Common Stock	500000	2000000	$10000	Equity Purchase Agreement
0001571049-15-009806	1	StreetShares, Inc.	Common Stock	10253914	401929	10,253,914 total shares issued, 401,929 (vested) shares sold to officers, directors, and principal security holders of the Issuer, approximately $20,096 (vested) Total Consideration (Total Shares x Price per Share less fees and expenses).	none
0001571049-15-009806	2	StreetShares, Inc.	Common Stock	10253914	401929	10,253,914 total shares issued, 401,929 (vested) shares sold to officers, directors, and principal security holders of the Issuer, approximately $20,096 (vested) Total Consideration (Total Shares x Price per Share less fees and expenses).	none
0001571049-15-009806	4	StreetShares, Inc.	Common Stock	10253914	401929	10,253,914 total shares issued, 401,929 (vested) shares sold to officers, directors, and principal security holders of the Issuer, approximately $20,096 (vested) Total Consideration (Total Shares x Price per Share less fees and expenses).	none
0001571049-15-009806	5	StreetShares, Inc.	Common Stock	10253914	401929	10,253,914 total shares issued, 401,929 (vested) shares sold to officers, directors, and principal security holders of the Issuer, approximately $20,096 (vested) Total Consideration (Total Shares x Price per Share less fees and expenses).	none
0001571049-15-009806	6	StreetShares, Inc.	Common Stock	10253914	401929	10,253,914 total shares issued, 401,929 (vested) shares sold to officers, directors, and principal security holders of the Issuer, approximately $20,096 (vested) Total Consideration (Total Shares x Price per Share less fees and expenses).	none
0001571049-15-009806	3	StreetShares, Inc.	Common Stock	10253914	401929	10,253,914 total shares issued, 401,929 (vested) shares sold to officers, directors, and principal security holders of the Issuer, approximately $20,096 (vested) Total Consideration (Total Shares x Price per Share less fees and expenses).	none
0001477932-15-007483	1	Med-X, Inc.	Common Stock	675400	0	$932,425 at $0.50 per share	
0001193125-15-390777	1	Sun Dental Holdings, LLC	Investment Class A Units	280000	0	700000	
0001144204-15-068048	1	Groundfloor Finance Inc.	Limited Recourse Obligations	1051000	0	Limited Recourse Obligations were issued for aggregate principal amount of $1,051,000.	
0001144204-15-068048	4	Groundfloor Finance Inc.	Limited Recourse Obligations	1051000	0	Limited Recourse Obligations were issued for aggregate principal amount of $1,051,000.	
0001144204-15-068048	3	Groundfloor Finance Inc.	Limited Recourse Obligations	1051000	0	Limited Recourse Obligations were issued for aggregate principal amount of $1,051,000.	
0001144204-15-068048	2	Groundfloor Finance Inc.	Limited Recourse Obligations	1051000	0	Limited Recourse Obligations were issued for aggregate principal amount of $1,051,000.	
0001104659-15-081207	1	First Light Bancorp	Common Stock	61686	0	$315,424.80 for warrants@ $5.40 (58,412 shares); $20,004.14 for Bonus payment to Tom Austerman @ $6.11 (3,274 shares). $315,424.80 + $20,004.14 = $335,428.94. 58,412 shares + 3,274 shares = 61,686 shares	
0001144204-15-067757	1	Aperion Biologics, Inc.	Convertible Promissory Notes, convertible into Series D and Series E Preferred Stock of the Company	1245000	0	$1,140,000 cash and satisfaction of account payable $105,000.	
0001144204-15-067757	3	Aperion Biologics, Inc.	Convertible Promissory Notes, convertible into Series D and Series E Preferred Stock of the Company	1245000	0	$1,140,000 cash and satisfaction of account payable $105,000.	
0001144204-15-067757	2	Aperion Biologics, Inc.	Convertible Promissory Notes, convertible into Series D and Series E Preferred Stock of the Company	1245000	0	$1,140,000 cash and satisfaction of account payable $105,000.	
0001582586-15-000023	1	Weed Real Estate, Inc.	common stock	62500000	62500000	.0001 par value	0
0001582586-15-000022	1	Weed Real Estate, Inc.	common stock	62500000	62500000	.0001 par value	0
0001214659-15-007920	1	Elio Motors, Inc.	Convertible Subordinated Secured Notes due September 30, 2022	3768960	0	$3768960	
0001144204-15-066934	2	Groundfloor Finance Inc.	Limited Recourse Obligations	1051000	0	Limited Recourse Obligations were issued for aggregate principal amount of $1,051,000.	
0001144204-15-066934	1	Groundfloor Finance Inc.	Limited Recourse Obligations	1051000	0	Limited Recourse Obligations were issued for aggregate principal amount of $1,051,000.	
0001144204-15-066934	3	Groundfloor Finance Inc.	Limited Recourse Obligations	1051000	0	Limited Recourse Obligations were issued for aggregate principal amount of $1,051,000.	
0001144204-15-066743	1	Fundrise Real Estate Investment Trust, LLC	Common Shares	100	100	$1,000 ($10.00 per common share)	same as above
0001214659-15-007851	1	Luna Azul Development Fund, LLC	9 Percent Preferred Profit Participating Class A Units	4	0	$112,500	
0001214659-15-007845	1	Elio Motors, Inc.	Convertible Subordinated Secured Notes due September 30, 2022	3768960	0	$3768960	
0001161697-15-000501	1	Generation Income Properties, Inc.	Common Stock	1000000	0	$10,000 at $0.01 per share	
0001650352-15-000007	1	Media Assets Group, Inc.	Common Stock	500000	2000000	$10000	Equity Purchase Agreement
0001144204-15-064076	3	Aperion Biologics, Inc.	Convertible Promissory Notes, convertible into Series D and Series E Preferred Stock of the Company	1205000	0	$1,100,000 cash and satisfaction of account payable $105,000.	
0001144204-15-064076	2	Aperion Biologics, Inc.	Convertible Promissory Notes, convertible into Series D and Series E Preferred Stock of the Company	1205000	0	$1,100,000 cash and satisfaction of account payable $105,000.	
0001144204-15-064076	1	Aperion Biologics, Inc.	Convertible Promissory Notes, convertible into Series D and Series E Preferred Stock of the Company	1205000	0	$1,100,000 cash and satisfaction of account payable $105,000.	
0001019687-15-003979	1	Great Coin, Inc.	Common Stock	20000000	20000000	$20,000; $0.001 par value	N/A
0001019687-15-003979	2	Great Coin, Inc.	Common Stock	20000000	20000000	$20,000; $0.001 par value	N/A
0001214659-15-007625	1	Elio Motors, Inc.	Convertible Subordinated Secured Notes due September 30, 2022	3768960	0	$3768960	
0001144204-15-062545	1	Fundrise Real Estate Investment Trust, LLC	Common Shares	100	100	$1,000 ($10.00 per common share)	same as above
0001354488-15-004717	1	Allegiancy, LLC (to be converted into Allegiancy, Inc.)	Class B Units (to be converted into Common Stock of Allegiancy, Inc.)	128600	0	"The Class B Units issued to TriStone Realty Management, LLC (""TriStone"") were issued in connection with a negotiated joint venture transaction in which TriStone contributed its assets to Allegiancy Houston, LLC, a subsidiary of the issuer in which the issuer owns a 70% economic interest, in consideration, in part, for the issuance of the 128,600 Class B Units to TriStone.  The issuer and TriStone valued the aggregate Class B Units issued to TriStone at $1,284,881.50, or approximately $9.91 per Class B Unit. The Class B Units received by Tristone will be converted into common stock of Allegiancy, Inc. upon the conversion of Allegiancy, LLC into Allegiancy, Inc."	
0001144204-15-060614	3	Aperion Biologics, Inc.	Convertible Promissory Notes, convertible into Series D and Series E Preferred Stock of the Company	1205000	0	$1,100,000 cash and satisfaction of account payable $105,000.	
0001144204-15-060614	1	Aperion Biologics, Inc.	Convertible Promissory Notes, convertible into Series D and Series E Preferred Stock of the Company	1205000	0	$1,100,000 cash and satisfaction of account payable $105,000.	
0001144204-15-060614	2	Aperion Biologics, Inc.	Convertible Promissory Notes, convertible into Series D and Series E Preferred Stock of the Company	1205000	0	$1,100,000 cash and satisfaction of account payable $105,000.	
0001144204-15-060455	1	Groundfloor Finance Inc.	Limited Recourse Obligations	415000	0	Limited Recourse Obligations were issued for aggregate principal amount of $415,000.	
0001144204-15-060455	2	Groundfloor Finance Inc.	Limited Recourse Obligations	415000	0	Limited Recourse Obligations were issued for aggregate principal amount of $415,000.	
0001214659-15-007182	1	Elio Motors, Inc.	Convertible Subordinated Secured Notes due September 30, 2022	3768960	0	$3768960	
0001647636-15-000007	1	ralliBox, Inc.	Common	12000000	0	$240,000 Subscription Agreement	
0001644516-15-000009	1	Mid-Hudson Region Rural Broadband Company, Inc.	common/voting	588238	0	58823 to shareholders for services. For the full list of shareholders and an explanation of services, please see pp. 14-23 of the Second Amended Offering Statement that has been uploaded this day with this Form 1-A.	
0001477932-15-006399	1	Med-X, Inc.	Common Stock	1574850	0	$787,425 at $0.50 per share	
0001104659-15-070380	1	First Light Bancorp	Common Stock	61686	0	$315,424.80 for warrants@ $5.40 (58,412 shares); $20,004.14 for Bonus payment to Tom Austerman @ $6.11 (3,274 shares). $315,424.80 + $20,004.14 = $335,428.94. 58,412 shares + 3,274 shares = 61,686 shares	
0001644516-15-000006	1	Mid-Hudson Region Rural Broadband Company, Inc.	common/voting	588238	0	58823 to shareholders for services. For the full list of shareholders and an explanation of services, please see pp. 14-23 of the Second Amended Offering Statement that has been uploaded this day with this Form 1-A.	
0001644516-15-000005	1	Mid-Hudson Region Rural Broadband Company, Inc.	common/voting	588238	0	58823 to shareholders for services. For the full list of shareholders and an explanation of services, please see pp. 14-23 of the Second Amended Offering Statement that has been uploaded this day with this Form 1-A.	
0001144204-15-058488	2	Groundfloor Finance Inc.	Limited Recourse Obligations	355000	0	Limited Recourse Obligations were issued for aggregate principal amount of $355,000.	
0001144204-15-058488	1	Groundfloor Finance Inc.	Limited Recourse Obligations	355000	0	Limited Recourse Obligations were issued for aggregate principal amount of $355,000.	
0001193125-15-337847	1	Sun Dental Holdings, LLC	Investment Class A Units	280000	0	700000	
0001650352-15-000004	1	Media Assets Group, Inc.	Common Stock	2000000	0	$10000	
