ACCESSION_NUMBER	SINFO_ID	COMMISSIONFILENUMBER	OFFERINGQUALIFICATIONDATE	OFFERINGCOMMENCEDATE	QUALIFIEDSECURITIESSOLD	OFFERINGSECURITIESSOLD	PORTIONSECURITIESSOLDISSUER	PORTIONSOLDSECURITYHOLDERS	PRICEPERSECURITY	AGGREGRATEOFFERINGPRICE	AGGREGRATEOFFERINGPRICEHOLDERS	UNDERWRITERFEES	SALESCOMMISSIONSFEE	FINDERSFEES	AUDITORFEES	LEGALFEES	PROMOTERSFEES	BLUESKYFEES	CRDNUMBERBROKERDEALER	ISSUERNETPROCEEDS	CLARIFICATIONRESPONSES
0001144204-15-073653	1	024-10488	29-OCT-2015	30-OCT-2015	1453000	1303000	1953000.0	0.0	10.0						4000.0	16000.0		3000.0		1303000.0	"""Amount of securities qualified to be sold in the offering"" and ""Amount of securities sold in the offering"" above represent the aggregate principal amount of LROs qualified and sold, respectively. Expenses were not financed with proceeds of the offering."
0001389049-15-000003	1	024-10416	28-JAN-2015	30-JAN-2015	60000	60000	1500000.0	1500000.0	25.0			0.0	0.0	0.0	0.0	0.0	0.0	0.0		1500000.0	
0001144204-15-065207	1	024-10440	31-AUG-2015	02-SEP-2015	545000	505000	505000.0	0.0	10.0						30000.0	508000.0		6000.0		505000.0	"""Amount of securities qualified to be sold in the offering"" and ""Amount of securities sold in the offering"" above represent the aggregate principal amount of LROs qualified and sold, respectively. Expenses were not financed with proceeds of the offering."
0001144204-15-063139	1	024-10471	16-SEP-2015	18-SEP-2015	13039124	0	0.0	0.0	0.0			0.0	0.0	0.0	25000.0	175000.0	0.0	0.0		0.0	Offering terminated on October 14, 2015
0001617216-15-000020	1	024-10437	16-JUN-2015	17-JUN-2015	380000000	380000000	38000.0	0.0	0.0							5000.0				31006.0	
