ACCESSION_NUMBER	SIGN_ID	CIK	REGULATIONISSUERNAME1	REGULATIONISSUERNAME2	SIGNATUREBY	SIGNATURE_DATE	TITLE
0001144204-15-073653	1	0001588504	GROUNDFLOOR FINANCE INC.	GROUNDFLOOR FINANCE INC.	/s/ Nick Bhargava	31-DEC-2015	Executive Vice President, Secretary
0001389049-15-000003	1	0001389049	RX HEALTHCARE SYSTEMS LTD	RX HEALTHCARE SYSTEMS LTD	Ronald S. Tucker	13-NOV-2015	CEO - President
0001144204-15-065207	1	0001588504	GROUNDFLOOR FINANCE INC.	GROUNDFLOOR FINANCE INC.	/s/ Nick Bhargava	13-NOV-2015	Executive Vice President, Secretary
0001144204-15-063139	1	0001437958	COASTAL FINANCIAL CORP	COASTAL FINANCIAL CORP	/s/ Eric Sprink	05-NOV-2015	President and Chief Executive Officer
0001617216-15-000020	1	0001617216	Lemont Inc	Lemont Inc	Wanjun Xie	02-NOV-2015	President
