ACCESSION_NUMBER	FORMINDICATION	ISSUERNAME	FISCALYEAREND	STREET1	STREET2	CITY	STATEORCOUNTRY	ZIPCODE	PHONENUMBER	REGARULE257
0001144204-15-073653		Groundfloor Finance Inc.		75 Fifth Street, NW	Suite 214	ATLANTA	GA	30308	678-701-1194	
0001389049-15-000003		RX HEALTHCARE SYSTEMS LTD		109 E. 7th Street	Suite 4375	Cheyenne	WY	82001	307-663-9874	
0001144204-15-065207		Groundfloor Finance Inc.		75 Fifth Street, NW	Suite 214	ATLANTA	GA	30308	678-701-1194	
0001144204-15-063139		COASTAL FINANCIAL CORP		5415 Evergreen Way		Everett	WA	98203	425-257-9000	
0001617216-15-000020		Lemont Inc		6112 228th street		Bayside	NY	11364	6465086285	
