ACCESSION_NUMBER	INDICATETIER1TIER2OFFERING	FINANCIALSTATEMENTAUDITSTATUS	OFFERDELAYEDCONTINUOUSFLAG	OFFERINGYEARFLAG	OFFERINGAFTERQUALIFFLAG	OFFERINGBESTEFFORTSFLAG	SOLICITATIONPROPOSEDOFFERFLAG	RESALESECURITIESAFFILIATESFLAG	SECURITIESOFFERED	OUTSTANDINGSECURITIES	PRICEPERSECURITY	ISSUERAGGREGATEOFFERING	SECURITYHOLDERAGGEGATE	QUALIFICATIONOFFERINGAGGREGATE	CONCURRENTOFFERINGAGGREGATE	TOTALAGGREGATEOFFERING	UNDERWRITERSERVICEPROVIDERNAME	UNDERWRITERSFEES	SALECOMMISSIONSSVCPROVIDERNAME	SALECOMMISSIONSSVCEROVIDERFEE	FINDERSFEESSERVICEPROVIDERNAME	FINDERFEESFEE	AUDITORSERVICEPROVIDERNAME	AUDITORFEES	LEGALSERVICEPROVIDERNAME	LEGALFEES	PROMOTERSSERVICEPROVIDERNAME	PROMOTERSFEES	BLUESKYSERVICEPROVIDERNAME	BLUESKYFEES	BROKERDEALERCRDNUMBER	ESTIMATEDNETAMOUNT	CLARIFICATIONRESPONSES
0001019687-15-004688	Tier2	Audited	Y	Y	Y	Y	N	N	20000000	5000000	1.5	37500000.0	12500000.0	0.0	0.0	50000000.0	none	0.0														37500000.0	
0001019687-15-004682	Tier1	Unaudited	Y	Y	N	Y	N	N	60000000	0	1.0	10000.0	0.0	0.0	0.0	10000.0	N/A	0.0	N/A	0.0	N/A	0.0	N/A	0.0	N/A	0.0	N/A	0.0	N/A	0.0		0.0	Please see explanatory statements immediately following this form.
0001213900-15-009847	Tier2	Audited	Y	N	Y	Y	N	N	3303571	2001378	17.0	50000000.0	0.0	0.0	0.0	50000000.0	To be determined	750000.0	To be determined	2550000.0	N/A	0.0	RSM US LLP	65000.0	Maslon LLP	125000.0			N/A	0.0		47450000.0	The foregoing (i)assumes the maximum amount of Class A Common Units sold in the Offering, and (ii)the offering price of $17.00 per unit is the midpoint of the lowest offering price ($14.00) and highest offering price ($20.00) of units sold in the Offering
0001650352-15-000010	Tier2	Audited	Y	N	Y	Y	N	Y	200000000	200000000	0.1	19500000.0	300000.0	200000.0	0.0	20000000.0							Rick Toussaint	1000.0	Jehu Hand	500.0						19498500.0	
0001144204-15-073299	Tier2	Audited	Y	Y	N	Y	N	N	5000000	100	10.0	50000000.0	0.0	0.0	0.0	50000000.0							RSM US LLP (formerly McGladrey LLP)	15000.0	Goodwin Procter LLP	275000.0	Rise Companies Corp	0.0				49500000.0	
0001214659-15-008545	Tier2	Audited	N	N	N	Y	N	N	200	4	25000.0	5000000.0	0.0	0.0	0.0	5000000.0	n/a	0.0	n/a	0.0	n/a	0.0	n/a	4000.0	n/a	1000.0	n/a	0.0	n/a	0.0		4970000.0	Estimated net proceeds reflect deduction of $25,000 as estimate of filing, printing and marketing expenses.
0001656615-15-000005	Tier1	Unaudited	N	N	N	Y	N	N	19000000	25000000	0.28	0.28	0.0	0.0	0.0	0.28																	
0001144204-15-072908	Tier1	Audited	N	N	N	N	N	N	74856	418686	266.0	19911696.0	0.0	0.0	0.0	19911696.0							BKD, LLP	15000.0	Jones Walker LLP	25000.0					0	0.0	Issuer is issuing securities as consideration for the merger of Covenant Financial Corporation with and into Issuer.  Therefore, the net cash proceeds to the Issuer is 0.
0001477932-15-007747	Tier2	Audited	Y	N	N	Y	N	N	50000	0	1000.0	0.0	0.0	0.0	0.0	0.0	JCC Advisors, LLC	1000000.0	JCC Advisors, LLC	2500000.0			Eide Bailly LLP	75000.0	Kaplan Voekler Cunningham & Frank PLC	200000.0	GK Development, Inc.	1000000.0	Kaplan Voekler Cunningham & Frank PLC	75000.0		44150000.0	
0001144204-15-072553	Tier2	Audited	N	N	Y	Y	N	N	5000000	0		50000000.0	0.0	0.0	0.0	50000000.0							RSM US LLP	150000.0	Sutherland Asbill & Brennan LLP	125000.0							
0001571049-15-010176	Tier2	Audited	Y	Y	Y	N	N	N	50000000			50000000.0	0.0	0.0	0.0	50000000.0							Baker Tilly Virchow Krause, LLP	75000.0	Manatt, Phelps & Phillips, LLP	200000.0			INTERNAL OUT-OF-POCKET EXPENSES(1)	50000.0		49500000.0	(1) The Issuer will provide for its own blue sky compliance through in-house counsel.
0001606811-15-000025	Tier1	Unaudited	N	N	N	Y	N	N	100000	0	100.0	100.0	0.0	0.0	0.0	100.0			TBD FINRA Broker Dealer	1000000.0					Legal Costs	110000.0			NY	1200.0		8890000.0	
0001144204-15-072056	Tier2	Audited	N	N	Y	Y	N	N	5000000	0		50000000.0	0.0	0.0	0.0	50000000.0							RSM US LLP	150000.0	Sutherland Asbill & Brennan LLP	125000.0							
0001144204-15-071953	Tier2	Audited	Y	Y	N	Y	N	N	5000000	20000	10.0	50000000.0	0.0	0.0	0.0	50000000.0																50000000.0	Not Applicable
0001477932-15-007705	Tier2	Audited	Y	N	N	Y	N	N	25000000	91574850	0.6	15000000.0	0.0	0.0	0.0	15000000.0	None	0.0	None	0.0	None	0.0	MJF & Associates APC	15000.0	Richardson & Associates	35000.0	Employees	745000.0	Richardson & Associates	5000.0		13000000.0	Including time spent by employees of the Company on the offering, for which no sales commissions will be paid but other compensation may be paid. The Company has not yet entered into a selling agreement with any broker-dealer firms.
0001213900-15-009585	Tier2	Audited	N	N	N	Y	Y	N	30000	0	500.0	500.0	0.0	0.0	0.0	500.0	None	0.0	None	0.0	None	0.0	Marcum LLP	37500.0	Ellenoff Grossman & Schole LLP	275000.0	None	0.0	Ellenoff Grossman & Schole LLP	25000.0	0	15000000.0	The amount of estimated net proceeds to the issuer set forth above does not reflect any reductions for offering expenses because all offering expenses will be paid by the issuer's parent, Loose Tooth Industries, Inc.
0001615774-15-003669	Tier2	Audited	N	N	Y	Y	N	N	1000	0	10000.0	10000000.0	0.0	0.0	0.0	10000000.0	to be added	200000.0	to be added	800000.0	Unaccountable Fees	200000.0	LJ Soldinger and Associates	35000.0	Flangas, Dalacas Law Group	35000.0	NA	0.0	to be added	20000.0	16944	8710000.0	Unaccountabe fees associated with the offering are listed under finders fee. There are no finders fee.
0001354488-15-005575	Tier2	Audited	Y	N	N	Y	Y	N	2150000	1378700	14.0	30100000.0	0.0	0.0	0.0	30100000.0	W.R. Hambrecht Co., LLC	1505000.0	N/A	0.0	N/A	0.0	Keiter, Artesian CPA	65000.0	Kaplan, Voekler, Cunningham and Frank, PLC and Wyrick Robbins Yates & Ponton LLP	225000.0	N/A	0.0	KVCF and State Regulators	75000.0		28230000.0	N/A
0001010549-15-000393	Tier2	Audited	Y	N	N	Y	N	N	50000000	125000000	1.0	50000000.0	0.0	0.0	0.0	50000000.0																	
0001660948-15-000001	Tier1	Unaudited	N	N	N	Y	N	N	1000000	0	10.0	10.0	0.0	0.0	0.0	10.0			TBD FINRA Broker Dealer	1000000.0					Legal Opnion Letter / Offering Drafting	52000.0			New York	1300.0		8946700.0	
0001144204-15-071410	Tier2	Audited	N	N	N	Y	Y	N	3100000	4123456	8.0	24800000.0	0.0	0.0	0.0	24800000.0	WR Hambrecht & Co LLC	1364000.0					Marcum LLP	70000.0	Morgan Lewis & Bockius LLP	400000.0					45040		
0001144204-15-071315	Tier2	Audited	N	N	N	Y	Y	N	3100000	4123456	8.0	24800000.0	0.0	0.0	0.0	24800000.0	WR Hambrecht & Co LLC	1364000.0					Marcum LLP	70000.0	Morgan Lewis & Bockius LLP	400000.0					45040		
0001657737-15-000003	Tier1	Unaudited	N	N	N	Y	N	N	200000	0	100.0	100.0	0.0	0.0	0.0	100.0			TBD FINRA Broker Dealer	2000000.0					Approx Offering Costs	50000.0			New York	1200.0		17948800.0	
0001144204-15-071012	Tier2	Audited	Y	Y	N	Y	N	N	5000000	100	10.0	50000000.0	0.0	0.0	0.0	50000000.0							RSM US LLP (formerly McGladrey LLP)	15000.0	Goodwin Procter LLP	275000.0	Rise Companies Corp	0.0				49500000.0	
0001144204-15-070928	Tier2	Audited	N	N	N	Y	Y	N	3100000	4123456	8.0	24800000.0	0.0	0.0	0.0	24800000.0	WR Hambrecht & Co LLC	1364000.0					Marcum LLP	70000.0	Morgan Lewis & Bockius LLP	400000.0					45040		
0001144204-15-070680	Tier2	Audited	N	N	N	Y	Y	N	2500000	4123456	8.0	20000000.0	0.0	0.0	0.0	20000000.0	WR Hambrecht & Co LLC	1100000.0					Marcum LLP	70000.0	Morgan Lewis & Bockius LLP	400000.0					45040		
0001376474-15-000494	Tier2	Audited	Y	N	N	Y	N	N	6000000	32653224	0.08	480000.0	0.0	0.0	0.0	480000.0		0.0		0.0		0.0		0.0		0.0		0.0		0.0		480000.0	
0001376474-15-000493	Tier2	Audited	Y	N	N	Y	N	N	6000000	32653224	0.08	480000.0	0.0	0.0	0.0	480000.0		0.0		0.0		0.0		0.0		0.0		0.0		0.0		480000.0	
0001376474-15-000491	Tier2	Audited	Y	N	N	Y	N	N	6000000	32653224	0.08	480000.0	0.0	0.0	0.0	480000.0		0.0		0.0		0.0		0.0		0.0		0.0		0.0		480000.0	
0001644600-15-000033	Tier2	Audited	Y	N	N	Y	Y	N	20000000	35869565	1.0	20000000.0	0.0	0.0	0.0	20000000.0							EKS&H LLLP	7500.0	KHLK LLP	30000.0							
0001644600-15-000030	Tier2	Audited	Y	N	N	Y	Y	N	20000000	35869565	1.0	20000000.0	0.0	0.0	0.0	20000000.0							EKS&H LLLP	7500.0	KHLK LLP	30000.0							
0001354488-15-005493	Tier2	Audited	Y	N	N	Y	Y	N	10000000	19898015	0.7000000000000001	7000000.0	0.0	0.0	0.0	7000000.0			(1)	0.0			Malone Bailey LLP (2)	0.0	Schiff Hardin LLP (2)	0.0							(1) The company may use registered broker-dealers to sell shares in the offering.  As of the date hereof, the Company has not entered into sales agreements with any broker-dealers.  (2) To be provided by amendment.
0001644600-15-000027	Tier2	Audited	Y	N	N	Y	Y	N	20000000	35869565	1.0	20000000.0	0.0	0.0	0.0	20000000.0							EKS&H LLLP	7500.0	KHLK LLP	30000.0							
0001606811-15-000023	Tier1	Unaudited	N	N	N	Y	N	N	100000	0	100.0	100.0	0.0	0.0	0.0	100.0			TBD FINRA Broker Dealer	1000000.0					Legal Costs	110000.0			NY	1200.0		8890000.0	
0001144204-15-070169	Tier1	Audited	N	N	N	N	N	N	74856	418686	266.0	19911696.0	0.0	0.0	0.0	19911696.0							BKD, LLP	15000.0	Jones Walker LLP	25000.0					0	0.0	Issuer is issuing securities as consideration for the merger of Covenant Financial Corporation with and into Issuer.  Therefore, the net cash proceeds to the Issuer is 0.
0001571049-15-009859	Tier2	Audited	Y	Y	Y	N	N	N	50000000			50000000.0	0.0	0.0	0.0	50000000.0							Baker Tilly Virchow Krause, LLP	75000.0	Manatt, Phelps & Phillips, LLP	200000.0			INTERNAL OUT-OF-POCKET EXPENSES(1)	50000.0		49500000.0	(1) The Issuer will provide for its own blue sky compliance through in-house counsel.
0001144204-15-069912	Tier1	Audited	N	N	N	Y	N	N	999500	0	10.0	999500.0	0.0	0.0	0.0	999500.0							Hughes Pittman & Gupton, LLP	2500.0	Smith Anderson, et al. Robbins Ross, et al.	10000.0			N/A	3000.0			"The response to ""Number of securities offered"" above represents the aggregate principal amount of Limited Recourse Obligations being offered by the issuer."
0001656615-15-000004	Tier1	Unaudited	N	N	N	Y	N	N	19000000	25000000	0.28	0.28	0.0	0.0	0.0	0.28																	
0001571049-15-009828	Tier2	Audited	Y	Y	Y	N	N	N	50000000			50000000.0	0.0	0.0	0.0	50000000.0							Baker Tilly Virchow Krause, LLP	75000.0	Manatt, Phelps & Phillips, LLP	200000.0			INTERNAL OUT-OF-POCKET EXPENSES(1)	50000.0		49500000.0	(1) The Issuer will provide for its own blue sky compliance through in-house counsel.
0001144204-15-069638	Tier1	Audited	N	N	N	N	N	N	74856	418686	266.0	19911696.0	0.0	0.0	0.0	19911696.0							BKD, LLP	15000.0	Jones Walker LLP	25000.0					0	0.0	Issuer is issuing securities as consideration for the merger of Covenant Financial Corporation with and into Issuer.  Therefore, the net cash proceeds to the Issuer is 0.
0001650352-15-000009	Tier2	Audited	Y	N	Y	Y	N	Y	200000000	200000000	0.1	19500000.0	300000.0	200000.0	0.0	20000000.0							Rick Toussaint	1000.0	Jehu Hand	500.0						19498500.0	
0001571049-15-009806	Tier2	Audited	Y	Y	Y	N	N	N	50000000			50000000.0	0.0	0.0	0.0	50000000.0							Baker Tilly Virchow Krause, LLP	75000.0	Manatt, Phelps & Phillips, LLP	200000.0			INTERNAL OUT-OF-POCKET EXPENSES(1)	50000.0		49500000.0	(1) The Issuer will provide for its own blue sky compliance through in-house counsel.
0001477932-15-007483	Tier2	Audited	Y	N	N	Y	N	N	25000000	91574850	0.6	15000000.0	0.0	0.0	0.0	15000000.0	None	0.0	None	0.0	None	0.0	MJF & Associates	15000.0	Richardson & Associates	35000.0	Employees	745000.0	Richardson & Associates	5000.0		13000000.0	Including time spent by employees of the Company on the offering, for which no sales commissions will be paid but other compensation may be paid. The Company has not yet entered into a selling agreement with any broker-dealer firms.
0001193125-15-390777	Tier2	Audited	N	N	N	Y	Y	N	20000000	0		20000000.0	0.0	20000000.0	0.0	40000000.0	VRA Partners, LLC	950000.0					Warren Averett, LLC	380000.0	Shumaker, Loop & Kendrick, LLP	330000.0					142780	18340000.0	The above table does not include fees to be paid for administrative and escrow agent services, financial printing and EDGAR services, FINRA filing fee and website posting fees.C75
0001144204-15-068048	Tier1	Audited	N	N	N	Y	N	N	999500	0	10.0	999500.0	0.0	0.0	0.0	999500.0							Hughes Pittman & Gupton, LLP	2500.0	Smith Anderson, et al. Robbins Ross, et al.	8000.0			N/A	3000.0			"The response to ""Number of securities offered"" above represents the aggregate principal amount of Limited Recourse Obligations being offered by the issuer."
0001104659-15-081207	Tier1	Audited	N	N	N	Y	N	N	1538462	1527772	6.5	10000003.0	0.0	0.0	0.0	10000003.0							BKD LLP	25000.0	SmithAmundsen LLC	70000.0			SmithAmundsen LLC	5000.0		9900003.0	
0001656615-15-000002	Tier1	Unaudited	N	N	N	Y	N	N	19000000	25000000	0.28	0.28	0.0	0.0	0.0	0.28																	
0001144204-15-067757	Tier2	Audited	N	N	N	Y	Y	N	2500000	4123456	8.0	20000000.0	0.0	0.0	0.0	20000000.0	WR Hambrecht & Co LLC	1100000.0					Marcum LLP	70000.0	Morgan Lewis & Bockius LLP	300000.0			Morgan Lewis & Bockius LLP	15000.0	45040		
0001582586-15-000023	Tier2	Audited	Y	N	N	Y	N	Y	62500000	64500000	2.0	1250000.0	375000.0	0.0	0.0	1625000.0																	
0001582586-15-000022	Tier2	Audited	Y	N	N	Y	N	Y	62500000	64500000	2.0	1250000.0	375000.0	0.0	0.0	1625000.0																	
0001615923-15-000016	Tier1	Unaudited	N	N	N	Y	N	N	10000	0	100.0	100.0	0.0	0.0	0.0	100.0			TBD FINRA Broker Dealer	100000.0					Legal Costs	30000.0			NY / CA	5000.0		865000.0	
0001615923-15-000015	Tier1	Unaudited	N	N	N	Y	N	N	10000	0	100.0	100.0	0.0	0.0	0.0	100.0			TBD FINRA Broker Dealer	100000.0					Legal Costs	30000.0			NY / CA	5000.0		865000.0	
0001615923-15-000014	Tier1	Unaudited	N	N	N	Y	N	N	10000	0	100.0	100.0	0.0	0.0	0.0	100.0			TBD FINRA Broker Dealer	100000.0					Legal Costs	30000.0			NY / CA	5000.0		865000.0	
0001214659-15-007920	Tier2	Audited	Y	N	N	Y	Y	N	2508000	25077500	12.0	30096000.0	0.0	0.0	0.0	30096000.0							Holthouse Carlin & Van Trigt LLP	25000.0	Dill Dill Carr Stonbraker & Hutchings, P.C.	100000.0			Dill Dill Carr Stonbraker & Hutchings, P.C.	10000.0		27320000.0	The above table does not include fees to be paid to FundAmerica Securities LLC for administrative and escrow agent services, FINRA filing fee, fees for EDGAR document conversion and filing, and website posting fees.
0001144204-15-066934	Tier1	Audited	N	N	N	Y	N	N	999500	0	10.0	999500.0	0.0	0.0	0.0	999500.0							Hughes Pittman & Gupton, LLP	2000.0	Smith Anderson, et al. Robbins Ross, et al.	5800.0			N/A	3000.0			"The response to ""Number of securities offered"" above represents the aggregate principal amount of Limited Recourse Obligations being offered by the issuer."
0001144204-15-066743	Tier2	Audited	Y	Y	N	Y	N	N	5000000	100	10.0	50000000.0	0.0	0.0	0.0	50000000.0							RSM US LLP (formerly McGladrey, LLP)	20000.0	Goodwin Procter LLP	275000.0	Rise Companies Corp	0.0				49500000.0	
0001214659-15-007851	Tier2	Audited	N	N	N	Y	N	N	200	4	25000.0	5000000.0	0.0	0.0	0.0	5000000.0	n/a	0.0	n/a	0.0	n/a	0.0	n/a	4000.0	n/a	1000.0	n/a	0.0	n/a	0.0		4970000.0	Estimated net proceeds reflect deduction of $25,000 as estimate of filing, printing and marketing expenses.
0001214659-15-007845	Tier2	Audited	Y	N	N	Y	Y	N	2508000	25077500	12.0	30096000.0	0.0	0.0	0.0	30096000.0							Holthouse Carlin & Van Trigt LLP	25000.0	Dill Dill Carr Stonbraker & Hutchings, P.C.	100000.0			Dill Dill Carr Stonbraker & Hutchings, P.C.	10000.0		27320000.0	The above table does not include fees to be paid to FundAmerica Securities LLC for administrative and escrow agent services, FINRA filing fee, fees for EDGAR document conversion and filing, and website posting fees.
0001161697-15-000501	Tier2	Audited	Y	N	N	Y	N	N	4000000	1000000	5.0	20000000.0	0.0	0.0	0.0	20000000.0	N/A	0.0	N/A	0.0	N/A	0.0	Malone Bailey, LLP	4000.0	Everett & Everett PLLC and Alston & Bird LLP (tax)	235000.0	N/A	0.0	N/A	0.0			
0001650352-15-000007	Tier2	Audited	Y	N	Y	Y	N	Y	200000000	200000000	0.1	19500000.0	300000.0	200000.0	0.0	20000000.0							Rick Toussaint	1000.0	Jehu Hand	500.0						19498500.0	
0001144204-15-064076	Tier2	Audited	N	N	N	Y	Y	N	2500000	4123456	8.0	20000000.0	0.0	0.0	0.0	20000000.0	WR Hambrecht & Co LLC	1100000.0					Marcum LLP	70000.0	Morgan Lewis & Bockius LLP	300000.0			Morgan Lewis & Bockius LLP	15000.0	45040		
0001019687-15-003979	Tier2	Audited	Y	Y	Y	Y	N	N	20000000	5000000	1.5	37500000.0	12500000.0	0.0	0.0	50000000.0	none	0.0														37500000.0	
0001214659-15-007625	Tier2	Audited	Y	N	N	Y	Y	N	2508000	25077500	12.0	30096000.0	0.0	0.0	0.0	30096000.0							Holthouse Carlin & Van Trigt LLP	25000.0	Dill Dill Carr Stonbraker & Hutchings, P.C.	100000.0			Dill Dill Carr Stonbraker & Hutchings, P.C.	10000.0		27320000.0	The above table does not include fees to be paid to FundAmerica Securities LLC for administrative and escrow agent services, FINRA filing fee, fees for EDGAR document conversion and filing, and website posting fees.
0001657737-15-000001	Tier1	Unaudited	N	N	N	Y	N	N	200000	0	100.0	100.0	0.0	0.0	0.0	100.0			TBD FINRA Broker Dealer	2000000.0					Approx Offering Costs	50000.0			New York	1200.0		17948800.0	
0001647299-15-000007	Tier1	Unaudited	N	N	N	Y	N	N	200000	0	1000.0	100.0	0.0	0.0	0.0	100.0			TBD FINRA Broker Dealer	2000000.0					Approx Offering Costs	50000.0			New York	1200.0		17948800.0	
0001144204-15-062545	Tier2	Audited	Y	Y	N	Y	N	N	5000000	100	10.0	50000000.0	0.0	0.0	0.0	50000000.0							RSM US LLP (formerly McGladrey, LLP)	20000.0	Goodwin Procter LLP	275000.0	Rise Companies Corp	0.0				49500000.0	
0001615923-15-000012	Tier1	Unaudited	N	N	N	Y	N	N	10000	0	100.0	100.0	0.0	0.0	0.0	100.0			TBD FINRA Broker Dealer	100000.0					Legal Costs	30000.0			NY / CA	5000.0		865000.0	
0001606811-15-000021	Tier1	Unaudited	N	N	N	Y	N	N	100000	0	100.0	100.0	0.0	0.0	0.0	100.0			TBD FINRA Broker Dealer	1000000.0					Legal Costs	110000.0						8890000.0	
0001010549-15-000308	Tier2	Audited	Y	N	N	Y	N	N	50000000	125000000	1.0	50000000.0	0.0	0.0	0.0	50000000.0																	
0001354488-15-004717	Tier2	Audited	Y	N	N	Y	Y	N	2150000	1378700	14.0	30100000.0	0.0	0.0	0.0	30100000.0	W.R. Hambrecht Co., LLC	1505000.0	N/A	0.0	N/A	0.0	Keiter, Artesian CPA	65000.0	Kaplan, Voekler, Cunningham and Frank, PLC and Wyrick Robbins Yates & Ponton LLP	225000.0	N/A	0.0	KVCF and State Regulators	75000.0		28230000.0	N/A
0001144204-15-060614	Tier2	Audited	N	N	N	Y	Y	N	2500000	5837062	8.0	20000000.0	0.0	0.0	0.0	20000000.0	WR Hambrecht & Co LLC	1100000.0					Marcum LLP	70000.0	Morgan Lewis & Bockius LLP	300000.0			Morgan Lewis & Bockius LLP	15000.0	45040		
0001376474-15-000406	Tier2	Audited	Y	N	N	Y	N	N	6000000	32653224	0.08	480000.0	0.0	0.0	0.0	480000.0		0.0		0.0		0.0		0.0		0.0		0.0		0.0		480000.0	
0001642572-15-000002	Tier1	Unaudited	N	N	N	Y	N	N	200000	0	100.0	100.0	0.0	0.0	0.0	100.0	Costs of Offering	200000.0	TBD FINRA Broker Dealer	2000000.0									CA / NY	41400.0		17758600.0	
0001144204-15-060455	Tier1	Audited	N	N	N	Y	N	N	1453000	0	10.0	1453000.0	0.0	0.0	0.0	1453000.0							Hughes Pittman & Gupton, LLP	4000.0	Smith Anderson, et al. Robbins Ross, et al.	16000.0			N/A	3000.0			"The response to ""Number of securities offered"" above represents the aggregate principal amount of Limited Recourse Obligations being offered by the issuer."
0001214659-15-007182	Tier2	Audited	Y	N	N	Y	Y	N	2508000	25077500	12.0	30096000.0	0.0	0.0	0.0	30096000.0							Holthouse Carlin & Van Trigt LLP	25000.0	Dill Dill Carr Stonbraker & Hutchings, P.C.	100000.0			Dill Dill Carr Stonbraker & Hutchings, P.C.	10000.0		27320000.0	The above table does not include fees to be paid to FundAmerica Securities LLC for administrative and escrow agent services, FINRA filing fee, fees for EDGAR document conversion and filing, and website posting fees.
0001606811-15-000016	Tier1	Unaudited	N	N	N	Y	N	N	100000	0	100.0	100.0	0.0	0.0	0.0	100.0			TBD FINRA Broker Dealer	1000000.0					Legal Costs	110000.0						8890000.0	
0001647636-15-000007	Tier2	Audited	N	N	N	Y	Y	N	3000000	12000000	1.0	3000000.0	0.0	0.0	0.0	3000000.0							Stayner, Bates, and Jensen	3000.0	Irvine Legal	1000.0						2996000.0	
0001644516-15-000009	Tier1	Unaudited	N	N	N	N	N	N	200000	99773	100.0	20000000.0	0.0	0.0	0.0	20000000.0		0.0		0.0		0.0		0.0		0.0		0.0		0.0	0	0.0	
0001477932-15-006399	Tier2	Audited	Y	N	N	Y	N	N	25000000	91574850	0.6	15000000.0	0.0	0.0	0.0	15000000.0	None	0.0	None	0.0	None	0.0	MJF & Associates APC	15000.0	Richardson & Associates	35000.0	Employees	745000.0	Richardson & Associates	5000.0		13000000.0	Including time spent by employees of the Company on the offering, for which no sales commissions will be paid but other compensation may be paid. The Company has not yet entered into a selling agreement with any broker-dealer firms.
0001615923-15-000004	Tier1	Unaudited	N	N	N	Y	N	N	10000	0	100.0	100.0	0.0	0.0	0.0	100.0			TBD FINRA Broker Dealer	100000.0					Legal Costs	30000.0			NY / CA	5000.0		865000.0	
0001606811-15-000014	Tier1	Unaudited	N	N	N	Y	N	N	100000	0	100.0	100.0	0.0	0.0	0.0	100.0			TBD FINRA Broker Dealer	1000000.0					Legal Costs	110000.0						8890000.0	
0001104659-15-070380	Tier1	Audited	N	N	N	Y	N	N	1538462	1527772	6.5	10000003.0	0.0	0.0	0.0	10000003.0							BKD LLP	25000.0	SmithAmundsen LLC	70000.0			SmithAmundsen LLC	5000.0		9900003.0	
0001644516-15-000006	Tier1	Unaudited	N	N	N	N	N	N	200000	99773	100.0	20000000.0	0.0	0.0	0.0	20000000.0		0.0		0.0		0.0		0.0		0.0		0.0		0.0	0	0.0	
0001644516-15-000005	Tier1	Unaudited	N	N	N	N	N	N	200000	99773	100.0	20000000.0	0.0	0.0	0.0	20000000.0		0.0		0.0		0.0		0.0		0.0		0.0		0.0	0	0.0	
0001144204-15-058488	Tier1	Audited	N	N	N	Y	N	N	443000	0	10.0	443000.0	0.0	0.0	0.0	443000.0							Hughes Pittman & Gupton, LLP	3000.0	Smith Anderson, et al. Robbins Ross, et al.	10800.0							"The response to ""Number of securities offered"" above represents the aggregate principal amount of Limited Recourse Obligations being offered by the issuer."
0001193125-15-337847	Tier2	Audited	N	N	N	Y	N	N	20000000	0		20000000.0	0.0	20000000.0	0.0	40000000.0	VRA Partners, LLC	950000.0					Warren Averett, LLC	380000.0	Shumaker, Loop & Kendrick, LLP	330000.0					142780	18340000.0	The above table does not include fees to be paid for administrative and escrow agent services, financial printing and EDGAR services, FINRA filing fee and website posting fees.C75
0000860676-15-000005	Tier1	Audited	Y	Y	Y	N	N	N	165000	1644699		4950000.0	0.0	0.0	0.0	4950000.0							Crowe Horwath LLP	10000.0	Underberg & Kessler LLP	15000.0							
0001144204-15-057969	Tier2	Audited	Y	N	N	Y	N	N	5000000	0	10.0	50000000.0	0.0	0.0	0.0	50000000.0	TBD Underwriter	500000.0	TBD	2000000.0			Keiter Stephens	65000.0	Kaplan Voekler Cunningham & Frank, PLC and TBD Underwriters Counsel	225000.0			Kaplan Voekler Cunningham & Frank, PLC	75000.0		47135000.0	
0001650352-15-000004	Tier2	Audited	Y	N	Y	Y	N	Y	200000000	500000000		48800000.0	1000000.0	200000.0	0.0	50000000.0							Rick Toussaint	1000.0	Jehu Hand	500.0						48798500.0	
