ACCESSION_NUMBER	ED_ID	TYPE	NAME	OUTSTANDING	CUSIP	PUBLICYTRADED
0001019687-15-004688	2	Common	G-Coin	5000000	000000000	n/a
0001019687-15-004688	1	Debt Securities	none	0	000000000	
0001019687-15-004688	1	Common	Class A Common stock	20000000	000000000	n/a
0001019687-15-004688	1	Preferred	Preferred stock	0	000000000	
0001019687-15-004682	1	Debt Securities	None	0	000000000	
0001019687-15-004682	1	Preferred	None	0	000000000	
0001019687-15-004682	1	Common	Class A Common Stock	100000000	000000000	None
0001213900-15-009847	1	Preferred	Class B Units	0	000000000	None
0001213900-15-009847	1	Common	Class A Common Units	2001378	000000000	None
0001213900-15-009847	1	Debt Securities	Class M Units	1050000	000000000	None
0001650352-15-000010	1	Common	Common Stock	200000000	n/a	n/a
0001650352-15-000010	1	Preferred		0		
0001650352-15-000010	1	Debt Securities		0		
0001144204-15-073299	1	Preferred	N/A	0	000000000	N/A
0001144204-15-073299	1	Debt Securities	N/A	0	000000000	N/A
0001144204-15-073299	1	Common	Common Shares	100	000000000	N/A
0001214659-15-008545	1	Debt Securities	None	0	000000000	None
0001214659-15-008545	1	Preferred	None	0	000000000	None
0001214659-15-008545	1	Common	Class A Units	4	000000000	None
0001656615-15-000005	1	Common	Common Stock	25000000	n/a	n/a
0001656615-15-000005	1	Debt Securities	n/a	0	n/a	n/a
0001656615-15-000005	1	Preferred	n/a	0	n/a	n/a
0001144204-15-072908	1	Preferred	N/A	0	000000000	N/A
0001144204-15-072908	1	Common	Common Stock	418686	000000000	N/A
0001144204-15-072908	1	Debt Securities	N/A	0	000000000	N/A
0001477932-15-007747	1	Debt Securities	None	0		
0001477932-15-007747	1	Preferred	None	0		
0001477932-15-007747	1	Common	Class A Units	123389730	None	None
0001477932-15-007747	2	Common	Class B Units	123389730	None	None
0001144204-15-072553	1	Common	N/A	0	000000000	N/A
0001144204-15-072553	1	Preferred	N/A	0	000000000	N/A
0001144204-15-072553	1	Debt Securities	N/A	0	000000000	N/A
0001571049-15-010176	1	Debt Securities	Convertible Note	2449500	000000000	N/A
0001571049-15-010176	1	Common	Common Stock	10030396	000000000	N/A
0001571049-15-010176	2	Common	Options to Purchase Common Stk	1140695	000000000	N/A
0001571049-15-010176	3	Common	Warrants to Acquire Common Stk	390196	000000000	N/A
0001571049-15-010176	1	Preferred	Series Seed Preferred Equity	4735924	000000000	N/A
0001571049-15-010176	2	Debt Securities	Member Payment Dependent Notes	1740737	000000000	N/A
0001606811-15-000025	1	Debt Securities	None	0	None	None
0001606811-15-000025	1	Common	Common Stock	6500000	None	Common Stock
0001606811-15-000025	1	Preferred	Preferred Stock	0	None	Preferred Stock
0001144204-15-072056	1	Common	N/A	0	000000000	N/A
0001144204-15-072056	1	Preferred	N/A	0	000000000	N/A
0001144204-15-072056	1	Debt Securities	N/A	0	000000000	N/A
0001144204-15-071953	1	Debt Securities	Not Applicable	0	000000000	N/A
0001144204-15-071953	1	Common	Common Stock	20000	000000000	N/A
0001144204-15-071953	1	Preferred	Not Applicable	0	000000000	N/A
0001213900-15-009585	1	Common	-	1000000	000000000	-
0001213900-15-009585	1	Preferred	-	0	000000000	-
0001477932-15-007705	1	Debt Securities		0		
0001477932-15-007705	1	Preferred		0		
0001477932-15-007705	1	Common	Common Stock	91574850	None	None
0001213900-15-009585	1	Debt Securities	-	0	000000000	-
0001615774-15-003669	1	Preferred	Preferred Stock	2005000	000000000	none
0001615774-15-003669	2	Common	Common Stock Warrants	650000	000000000	none
0001615774-15-003669	1	Common	Common Stock	12234000	000000000	none
0001615774-15-003669	1	Debt Securities	Convertible Notes	150000	000000000	none
0001354488-15-005575	1	Common	Class B Units	1378700	000000000	NONE
0001354488-15-005575	1	Debt Securities	N/A	0	000000000	
0001354488-15-005575	1	Preferred	Class A Units	499997	01748M106	NONE
0001010549-15-000393	1	Debt Securities		0		
0001010549-15-000393	1	Common		0		
0001010549-15-000393	1	Preferred		0		
0001660948-15-000001	1	Common	Common Stock	8300000	None	Common Stock
0001660948-15-000001	1	Preferred	Preferred Stock	0	None	None
0001144204-15-071410	1	Preferred	N/A	0	000000000	N/A
0001144204-15-071410	1	Debt Securities	N/A	0	000000000	N/A
0001144204-15-071410	1	Common	N/A	4123456	US03753V1	N/A
0001660948-15-000001	1	Debt Securities		0	None	
0001144204-15-071315	1	Common	N/A	4123456	US03753V1	N/A
0001144204-15-071315	1	Preferred	N/A	0	000000000	N/A
0001144204-15-071315	1	Debt Securities	N/A	0	000000000	N/A
0001657737-15-000003	1	Debt Securities		0	None	
0001657737-15-000003	1	Preferred	Preferred Stock	0	None	Preferred Stock
0001657737-15-000003	1	Common	Common Stock	36000000	None	Common Stock
0001144204-15-071012	1	Common	Common Shares	100	000000000	N/A
0001144204-15-071012	1	Preferred	N/A	0	000000000	N/A
0001144204-15-071012	1	Debt Securities	N/A	0	000000000	N/A
0001144204-15-070928	1	Debt Securities	N/A	0	000000000	N/A
0001144204-15-070928	1	Preferred	N/A	0	000000000	N/A
0001144204-15-070928	1	Common	N/A	4123456	US03753V1	N/A
0001144204-15-070680	1	Common	N/A	4123456	US03753V1	N/A
0001144204-15-070680	1	Preferred	N/A	0	000000000	N/A
0001144204-15-070680	1	Debt Securities	N/A	0	000000000	N/A
0001376474-15-000494	1	Preferred		0		
0001376474-15-000494	1	Debt Securities		0		
0001376474-15-000494	1	Common	Common Shares	32653224	126037100	Canadian Securities Exchange
0001376474-15-000493	1	Debt Securities		0		
0001376474-15-000493	1	Preferred		0		
0001376474-15-000493	1	Common	Common Shares	32653224	126037100	Canadian Securities Exchange
0001376474-15-000491	1	Common	Common Shares	32653224	126037100	Canadian Securities Exchange
0001376474-15-000491	1	Preferred		0		
0001376474-15-000491	1	Debt Securities		0		
0001644600-15-000033	1	Preferred	N/A	0	N/A	N/A
0001644600-15-000033	1	Debt Securities	N/A	0	N/A	N/A
0001644600-15-000033	1	Common	Common Stock	35869565	N/A	N/A
0001644600-15-000030	1	Debt Securities	N/A	0	N/A	N/A
0001644600-15-000030	1	Preferred	N/A	0	N/A	N/A
0001644600-15-000030	1	Common	Common Stock	35869565	N/A	N/A
0001354488-15-005493	1	Common	Common Stock	19898015	85235G102	OTC Pink Market
0001354488-15-005493	1	Preferred	N/A	0	000000000	N/A
0001354488-15-005493	1	Debt Securities	N/A	0	000000000	N/A
0001644600-15-000027	1	Preferred	N/A	0	N/A	N/A
0001644600-15-000027	1	Debt Securities	N/A	0	N/A	N/A
0001644600-15-000027	1	Common	Common Stock	35869565	N/A	N/A
0001606811-15-000023	1	Debt Securities	None	0	None	None
0001606811-15-000023	1	Preferred	Preferred Stock	0	None	Preferred Stock
0001606811-15-000023	1	Common	Common Stock	6500000	None	Common Stock
0001144204-15-070169	1	Common	Common Stock	418686	000000000	N/A
0001144204-15-070169	1	Debt Securities	N/A	0	000000000	N/A
0001144204-15-070169	1	Preferred	N/A	0	000000000	N/A
0001571049-15-009859	3	Common	Warrants to Acquire Common Stk	390196	000000000	N/A
0001571049-15-009859	2	Common	Options to Purchase Common Stk	1140695	000000000	N/A
0001571049-15-009859	1	Common	Common Stock	10030396	000000000	N/A
0001571049-15-009859	1	Preferred	Series Seed Preferred Equity	4735924	000000000	N/A
0001571049-15-009859	2	Debt Securities	Member Payment Dependent Notes	1740737	000000000	N/A
0001571049-15-009859	1	Debt Securities	Convertible Note	2449500	000000000	N/A
0001144204-15-069912	2	Preferred	Series A Preferred Stock	747373	000000N/A	N/A
0001144204-15-069912	1	Preferred	Series Seed	568796	000000N/A	N/A
0001144204-15-069912	1	Debt Securities	N/A	0	000000N/A	N/A
0001144204-15-069912	1	Common	Common Stock	1123750	000000N/A	N/A
0001656615-15-000004	1	Common	Common Stock	25000000	n/a	n/a
0001656615-15-000004	1	Debt Securities	n/a	0	n/a	n/a
0001656615-15-000004	1	Preferred	n/a	0	n/a	n/a
0001571049-15-009828	1	Debt Securities	Convertible Note	2449500	000000000	N/A
0001571049-15-009828	1	Common	Common Stock	10030396	000000000	N/A
0001571049-15-009828	2	Debt Securities	Member Payment Dependent Notes	1740737	000000000	N/A
0001571049-15-009828	2	Common	Options to Purchase Common Stk	1140695	000000000	N/A
0001571049-15-009828	3	Common	Warrants to Acquire Common Stk	390196	000000000	N/A
0001571049-15-009828	1	Preferred	Series Seed Preferred Equity	4735924	000000000	N/A
0001144204-15-069638	1	Preferred	N/A	0	000000000	N/A
0001144204-15-069638	1	Common	Common Stock	418686	000000000	N/A
0001144204-15-069638	1	Debt Securities	N/A	0	000000000	N/A
0001650352-15-000009	1	Debt Securities		0		
0001650352-15-000009	1	Common	Common Stock	200000000	n/a	n/a
0001650352-15-000009	1	Preferred		0		
0001571049-15-009806	1	Preferred	Series Seed Preferred Equity	4735924	000000000	N/A
0001571049-15-009806	2	Common	Options to Purchase Common Stk	1140695	000000000	N/A
0001571049-15-009806	1	Debt Securities	Convertible Note	2449500	000000000	N/A
0001571049-15-009806	3	Common	Warrants to Acquire Common Stk	390196	000000000	N/A
0001571049-15-009806	1	Common	Common Stock	10030396	000000000	N/A
0001571049-15-009806	2	Debt Securities	Member Payment Dependent Notes	1740737	000000000	N/A
0001477932-15-007483	1	Debt Securities		0		
0001477932-15-007483	1	Preferred		0		
0001477932-15-007483	1	Common	Common Stock	91574850	None	None
0001193125-15-390777	1	Common	Investment Class A	19380000	000000000	n/a
0001193125-15-390777	1	Preferred	N/A	0	000000000	N/A
0001193125-15-390777	3	Common	Management Units	200000	000000000	n/a
0001193125-15-390777	2	Common	Investment Class B	700000	000000000	n/a
0001193125-15-390777	1	Debt Securities	N/A	0	000000000	N/A
0001144204-15-068048	1	Debt Securities	N/A	0	000000N/A	N/A
0001144204-15-068048	2	Preferred	Series A Preferred Stock	708110	000000N/A	N/A
0001144204-15-068048	1	Preferred	Series Seed	568796	000000N/A	N/A
0001144204-15-068048	1	Common	Common Stock	1123750	000000N/A	N/A
0001104659-15-081207	1	Debt Securities		0		
0001104659-15-081207	1	Preferred	Preferred Stock	0	N/A	N/A
0001104659-15-081207	1	Common	Common Stock	1527772	N/A	N/A
0001656615-15-000002	1	Debt Securities	n/a	0	n/a	n/a
0001656615-15-000002	1	Common	Common Stock	25000000	n/a	n/a
0001656615-15-000002	1	Preferred	n/a	0	n/a	n/a
0001144204-15-067757	1	Preferred	N/A	0	000000000	N/A
0001144204-15-067757	1	Debt Securities	N/A	0	000000000	N/A
0001144204-15-067757	1	Common	N/A	4123456	US03753V1	N/A
0001582586-15-000023	1	Debt Securities	none	0	000000000	0
0001582586-15-000023	1	Common	common stock	64500000	000000000	none
0001582586-15-000023	1	Preferred	preferred stock	2000000	000000000	none
0001582586-15-000022	1	Common	common stock	64500000	000000000	none
0001582586-15-000022	1	Preferred	preferred stock	2000000	000000000	none
0001582586-15-000022	1	Debt Securities	none	0	000000000	0
0001615923-15-000016	1	Common	Common Stock	60821429	None	Common Stock
0001615923-15-000016	1	Debt Securities	None	0	None	None
0001615923-15-000016	1	Preferred	Preferred Stock	0	None	Preferred Stock
0001615923-15-000015	1	Debt Securities	None	0	None	None
0001615923-15-000015	1	Common	Common Stock	60821429	None	Common Stock
0001615923-15-000015	1	Preferred	Preferred Stock	0	None	Preferred Stock
0001615923-15-000014	1	Preferred	Preferred Stock	0	None	Preferred Stock
0001615923-15-000014	1	Common	Common Stock	60821429	None	Common Stock
0001615923-15-000014	1	Debt Securities	None	0	None	None
0001214659-15-007920	1	Debt Securities	Conv Sub Notes due 9/30/22	3768960	000000000	none
0001214659-15-007920	1	Common	Common Stock	25077500	000000000	None
0001214659-15-007920	1	Preferred	None	0	000000000	None
0001144204-15-066934	1	Debt Securities	Promissory Notes	9	000000N/A	N/A
0001144204-15-066934	1	Preferred	Series Seed	568796	000000N/A	N/A
0001144204-15-066934	1	Common	Common Stock	1123750	000000N/A	N/A
0001144204-15-066743	1	Debt Securities	N/A	0	000000N/A	N/A
0001144204-15-066743	1	Preferred	N/A	0	000000N/A	N/A
0001144204-15-066743	1	Common	Common Shares	100	000000N/A	N/A
0001214659-15-007851	1	Preferred	None	0	000000000	None
0001214659-15-007851	1	Debt Securities	None	0	000000000	None
0001214659-15-007851	1	Common	Class A Units	4	000000000	None
0001214659-15-007845	1	Preferred	None	0	000000000	None
0001214659-15-007845	1	Debt Securities	Conv Sub Notes due 9/30/22	3768960	000000000	none
0001214659-15-007845	1	Common	Common Stock	25077500	000000000	None
0001161697-15-000501	1	Preferred	Preferred Equity	0	000000000	None
0001161697-15-000501	1	Common	Common Equity	1000000	000000000	None
0001161697-15-000501	1	Debt Securities	Debt Securities	0	000000000	None
0001650352-15-000007	1	Preferred		0		
0001650352-15-000007	1	Debt Securities		0		
0001650352-15-000007	1	Common	Common Stock	200000000	n/a	n/a
0001144204-15-064076	1	Debt Securities	N/A	0	000000000	N/A
0001144204-15-064076	1	Preferred	N/A	0	000000000	N/A
0001144204-15-064076	1	Common	N/A	4123456	US03753V1	N/A
0001019687-15-003979	1	Preferred	Preferred stock	0	000000000	
0001019687-15-003979	2	Common	G-Coin	5000000	000000000	n/a
0001019687-15-003979	1	Common	Class A Common stock	20000000	000000000	n/a
0001019687-15-003979	1	Debt Securities	none	0	000000000	
0001214659-15-007625	1	Common	Common Stock	25077500	000000000	None
0001214659-15-007625	1	Preferred	None	0	000000000	None
0001214659-15-007625	1	Debt Securities	Conv Sub Notes due 9/30/22	3768960	000000000	none
0001657737-15-000001	1	Preferred	Preferred Stock	0	None	Preferred Stock
0001657737-15-000001	1	Debt Securities		0	None	
0001657737-15-000001	1	Common	Common Stock	36000000	None	Common Stock
0001647299-15-000007	1	Debt Securities		0	None	
0001647299-15-000007	1	Preferred	Preferred Stock	0	None	Preferred Stock
0001647299-15-000007	1	Common	Common Stock	38000000	None	Common Stock
0001144204-15-062545	1	Common	Common Shares	100	000000N/A	N/A
0001144204-15-062545	1	Debt Securities	N/A	0	000000N/A	N/A
0001144204-15-062545	1	Preferred	N/A	0	000000N/A	N/A
0001615923-15-000012	1	Common	Common Stock	60821429	None	Common Stock
0001615923-15-000012	1	Preferred	Preferred Stock	0	None	Preferred Stock
0001615923-15-000012	1	Debt Securities	None	0	None	None
0001606811-15-000021	1	Debt Securities	None	0	None	None
0001606811-15-000021	1	Common	Common Stock	100000	None	Common Stock
0001606811-15-000021	1	Preferred	Preferred Stock	0	None	Preferred Stock
0001010549-15-000308	1	Common		0		
0001010549-15-000308	1	Preferred		0		
0001010549-15-000308	1	Debt Securities		0		
0001354488-15-004717	1	Debt Securities	N/A	0	000000000	
0001354488-15-004717	1	Common	Class B Units	1378700	000000000	NONE
0001354488-15-004717	1	Preferred	Class A Units	499997	01748M106	NONE
0001144204-15-060614	1	Debt Securities	N/A	0	000000000	N/A
0001144204-15-060614	1	Common	N/A	5837062	US03753V1	N/A
0001144204-15-060614	1	Preferred	N/A	0	000000000	N/A
0001376474-15-000406	1	Preferred		0		
0001376474-15-000406	1	Debt Securities		0		
0001376474-15-000406	1	Common	Common Shares	32653224	126037100	Canadian Securities Exchange
0001642572-15-000002	1	Debt Securities	Series B Preferred Stock	0	None	Series B Preferred Stock
0001642572-15-000002	1	Preferred	Series A Preferred Stock	0	None	Series A Preferred Stock
0001642572-15-000002	1	Common	Common Stock	58000	None	Common Stock
0001144204-15-060455	1	Preferred	Series Seed	568796	000000N/A	N/A
0001144204-15-060455	1	Common	Common Stock	1123750	000000N/A	N/A
0001144204-15-060455	1	Debt Securities	N/A	0	000000N/A	N/A
0001214659-15-007182	1	Debt Securities	Conv Sub Notes due 9/30/22	3768960	000000000	none
0001214659-15-007182	1	Common	Common Stock	25077500	000000000	None
0001214659-15-007182	1	Preferred	None	0	000000000	None
0001606811-15-000016	1	Debt Securities	None	0	None	None
0001606811-15-000016	1	Common	Common Stock	100000	None	Common Stock
0001606811-15-000016	1	Preferred	Preferred Stock	0	None	Preferred Stock
0001647636-15-000007	1	Preferred		0		
0001647636-15-000007	1	Common	Common	12000000	None	None
0001647636-15-000007	1	Debt Securities		0		
0001644516-15-000009	1	Common	common voting	200000	0	0
0001644516-15-000009	1	Preferred	0	0	0	0
0001644516-15-000009	1	Debt Securities	0	0	0	0
0001477932-15-006399	1	Debt Securities		0		
0001477932-15-006399	1	Common	Common Stock	91574850	None	None
0001477932-15-006399	1	Preferred		0		
0001615923-15-000004	1	Common	Common Stock	60821429	None	Common Stock
0001615923-15-000004	1	Preferred	Preferred Stock	0	None	Preferred Stock
0001615923-15-000004	1	Debt Securities	None	0	None	None
0001606811-15-000014	1	Debt Securities	None	0	None	None
0001606811-15-000014	1	Preferred	Preferred Stock	0	None	Preferred Stock
0001606811-15-000014	1	Common	Common Stock	100000	None	Common Stock
0001104659-15-070380	1	Debt Securities		0		
0001104659-15-070380	1	Common	Common Stock	1527772	N/A	N/A
0001104659-15-070380	1	Preferred	Preferred Stock	0	N/A	N/A
0001644516-15-000006	1	Debt Securities	0	0	0	0
0001644516-15-000006	1	Common	common voting	200000	0	0
0001644516-15-000006	1	Preferred	0	0	0	0
0001644516-15-000005	1	Preferred	0	0	0	0
0001644516-15-000005	1	Common	common voting	200000	0	0
0001644516-15-000005	1	Debt Securities	0	0	0	0
0001144204-15-058488	1	Common	Common Stock	1123750	000000N/A	N/A
0001144204-15-058488	1	Debt Securities	N/A	0	000000N/A	N/A
0001144204-15-058488	1	Preferred	Series Seed	568796	000000N/A	N/A
0001193125-15-337847	1	Debt Securities	N/A	0	000000000	N/A
0001193125-15-337847	3	Common	Management Units	200000	000000000	n/a
0001193125-15-337847	1	Preferred	N/A	0	000000000	N/A
0001193125-15-337847	2	Common	Investment Class B	700000	000000000	n/a
0001193125-15-337847	1	Common	Investment Class A	19380000	000000000	n/a
0000860676-15-000005	1	Preferred		0		
0000860676-15-000005	1	Debt Securities		0		
0000860676-15-000005	1	Common	Common Stock	1644699	0	OTC
0001144204-15-057969	1	Debt Securities	N/A	0	000000000	N/A
0001144204-15-057969	1	Preferred	N/A	0	000000000	N/A
0001144204-15-057969	1	Common	Common Stock	0	000000000	N/A
0001650352-15-000004	1	Preferred		0		
0001650352-15-000004	1	Common	Common Stock	200000000	n/a	n/a
0001650352-15-000004	1	Debt Securities		0		
