ACCESSION_NUMBER	STREET1	STREET2	CITY	STATEORCOUNTRY	ZIPCODE	PHONENUMBER	CONNECTIONNAME	INDUSTRYGROUP	CASHEQUIVALENTS	INVESTMENTSECURITIES	TOTALINVESTMENTS	ACCOUNTSRECEIVABLE	LOANS	PROPERTYPLANTEQUIPMENT	PROPERTYANDEQUIPMENT	TOTALASSETS	ACCOUNTSPAYABLE	POLICYLIABILITIESANDACCRUALS	DEPOSITS	LONGTERMDEBT	TOTALLIABILITIES	TOTALSTOCKHOLDEREQUITY	TOTALLIABILITIESANDEQUITY	TOTALREVENUES	TOTALINTERESTINCOME	COSTANDEXPENSESAPPLTOREVENUES	TOTALINTERESTEXPENSES	DEPRECIATIONANDAMORTIZATION	NETINCOME	EARNINGSPERSHAREBASIC	EARNINGSPERSHAREDILUTED	NAMEAUDITOR	CERTIFYIFTRUE	CERTIFYIFNOTDISQUALIFIED	CERTIFYIFBADACTOR	JURISDICTIONSOFSECOFFEREDNONE	JURISDICTIONSOFSECOFFEREDSAME	IFUNREGSITEREDNONE	SECURITIESACTEXCEMPTION
0001019687-15-004688	2 Park Plaza, Suite 400		Irvine	CA	92614	949-769-3550	Christopher L. Tinen	Other	100.0	0.0		4158.0		0.0		9304.0	56500.0			0.0	56500.0	47196.0	9304.0	0.0		67196.0		0.0	-67196.0	0.0	0.0	dbbMcKennon	true	true			true		Rule 506(b)
0001019687-15-004682	2344 CORTE DE LA JARA		PLEASANTON	CA	94566	760-579-9885	Peter Allen Schuh	Other	1980.0	0.0		0.0		0.0		1980.0	0.0			0.0	0.0	1980.0	1980.0	0.0		3020.0		0.0	-3020.0	0.0	0.0	none	true	true		true			Section 4(2) of the Securities Act of 1933 relating to transactions not involving a public offering.
0001213900-15-009847	116 South Franklin Street		Rocky Mount	NC	27804	252-984-3800	William M. Mower	Other	100000.0	0.0		0.0		0.0		100000.0	0.0			0.0	0.0	100000.0	100000.0	0.0		0.0		0.0	0.0	0.0	0.0	RSM US LLP	true	true			true		The foregoing transactions were deemed to be exempt from the registration requirements of the Securities Act of 1933 by virtue of Section 4(2) thereof, as a transaction by an issuer not involving a public offering.
0001650352-15-000010	PO BOX 48899A		LOS ANGELES	CA	90048	404-819-4866	John Berner	Other	8430.0	0.0		0.0		0.0		8430.0	0.0			0.0	0.0	8430.0	8430.0	0.0		1570.0		0.0	-1570.0	0.0	0.0	Rick Toussaint	true	true	false	true	false	false	Rule 506
0001144204-15-073299	1519 CONNECTICUT AVENUE NW	STE 200	WASHINGTON	DC	20036	202-584-0550	Benjamin S. Miller	Other	1000.0	0.0		0.0		0.0		1000.0	0.0			0.0	0.0	1000.0	1000.0	0.0		0.0		0.0	0.0	0.0	0.0	RSM US LLP (formerly McGladrey LLP)	true	true		true			Rise Companies Corp. has purchased 100 common shares for a purchase price of $1,000 in a private offering. Such issuance was exempt from the registration requirements of the Securities Act pursuant to Section 4(a)(2) thereof.
0001214659-15-008545	17865 BALLINGER WAY NE		SEATTLE	WA	98155	206-310-9034	Mark Roth	Other	3000.0	0.0		0.0		0.0		89703.0	16393.0			0.0	16393.0	73310.0	89703.0	0.0		45643.0		0.0	-45643.0	0.0	0.0	Haskell & White LLP	true	true		true			Section 4.2 of Securities Act of 1933
0001656615-15-000005	70 MAIN STREET	SUITE 500	PETERBOROUGH	NH	03458	800-892-3058	Akhil Garland	Other	250.0	0.0		0.0		0.0		250.0	0.0			0.0	0.0	250.0	250.0	0.0		0.0		0.0	0.0	0.0	0.0	n/a	true	true	false	true	false	true	
0001144204-15-072908	212 CATCHINGS AVENUE		INDIANOLA	MS	38751	662-887-3363	James H. Clayton	Banking	32412000.0	345508000.0			410359000.0		13084000.0	825862000.0	1726000.0		742536000.0	3575000.0	755197000.0	70665000.0	825862000.0		14210000.0		1833000.0	386000.0	4487000.0	10.72	10.72	BKD, LLP	true	true		true		true	
0001477932-15-007747	257 East Main Street, Suite 200		Barrington	IL	60010	847-277-9930	Matt Leiter	Other	1000.0	0.0		0.0		0.0		1000.0	0.0			0.0	0.0	1000.0	1000.0	0.0		0.0		0.0	0.0	0.0	0.0	Eide Bailly LLP	true	true	false	true	false	false	All of our outstanding Class A Units and Class B Units were issued to affiliates, officers and employees of our manager upon formation of our company, and in reliance upon the private offering exemption under Section 4(a)(2) of the Securities Act.
0001144204-15-072553	ONE MARITIME PLAZA, SUITE 825		SAN FRANCISCO	CA	94111	415-236-1993	Steven Boehm & Harry Pangas	Other	55200.0	0.0		0.0		0.0		158818.0	0.0			0.0	68756.0	90062.0	158818.0	1290402.0		535994.0		0.0	754408.0	754408.0	754408.0	RSM US LLP	true	true			true	true	
0001571049-15-010176	1985 Isaac Newton Square West	Suite 103	Reston	VA	20190	571-325-2966	Brian S. Korn, Esq.	Other	1542482.0	2003686.0		8931.0		54516.0		4167339.0	15359.0			2063855.0	4862357.0	0.0	4167339.0	94574.0		-2019606.0		0.0	-1931295.0	-0.2	-0.12	Baker Tilly Virchow Krause, LLP	true	true		true			All securities were issued pursuant to the safe harbor of Rule 506(b) of Regulation D pursuant to the Securities Act of 1933, as amended or its predecessor.
0001606811-15-000025	StepOne Personal Health, Inc.	509 Sough Wall Avenue	Joplin	MO	64801	650-454-0865	Dr. Craig Brandman	Other	52255.0	0.0		0.0		350000.0		402255.0	0.0			0.0	0.0	402255.0	402255.0	6250.0		0.0		0.0	6250.0	0.62	0.62	None	true	true	false	false	true	true	
0001144204-15-072056	ONE MARITIME PLAZA, SUITE 825		SAN FRANCISCO	CA	94111	415-236-1993	Steven Boehm & Harry Pangas	Other	55200.0	0.0		0.0		0.0		158818.0	0.0			0.0	68756.0	90062.0	158818.0	1290402.0		535994.0		0.0	754408.0	754408.0	754408.0	RSM US LLP	true	true	false	false	true	true	
0001144204-15-071953	c/o The Lightstone Group	1985 Cedar Bridge Avenue, Suite 1	Lakewood	NJ	08701	732-367-0129	John D. Hogoboom	Other	200000.0	0.0		0.0		0.0		300000.0	100000.0			0.0	100000.0	200000.0	300000.0	0.0		0.0		0.0	0.0	0.0	0.0	EisnerAmper LLP	true	true		true			Section 4(a)(2). Represents initial capitalization of issuer by sole stockholder.
0001213900-15-009585	715 BRYANT STREET	SUITE 202	SAN FRANCISCO	CA	94107	415-689-5789	Justin Bailey	Other	0.0	0.0		0.0		9780.0		120960.0	266565.0			0.0	267729.0	-146769.0	120960.0	0.0		0.0		543.0	-388930.0	0.0	0.0	Marcum LLP	true	true		true			Fig Publishing, Inc. relied upon the exemption from the registration requirements of the Securities Act set forth in Section 4(a)(2) of such Act.
0001477932-15-007705	8236 REMMET AVE.		CANOGA PARK	CA	91304	818-349-2870	Mark J. Richardson	Other	177428.0	0.0		0.0		191080.0		369838.0	946.0			0.0	946.0	368892.0	369838.0	0.0		0.0		0.0	-138304.0	0.0	0.0	MJF & Associates APC	true	true	false	true	false	false	Private placement under Rule 506(c) of Regulation D of the Securities Act of 1933, as amended.
0001615774-15-003669	3405 COLONY PLAZA		NEWPORT BEACH	CA	92660	954-803-5191	George D. Pursglove	Other	1062.0	0.0		200.0		319500.0		320762.0	173883.0			254198.0	428081.0	-107319.0	320762.0	0.0		0.0		200000.0	-403983.0	-0.03	-0.03	LJ Soldinger & Associates	true	true	false	true	false	false	Form D Rule 506(b) This exemption allows the Company to raise money from an unlimited number of accredited investors and up to 35 non-accredited investors.
0001354488-15-005575	1100 Boulders Parkway	Suite 605	Richmond	VA	23225	866-842-7545	Stevens M. Sadler	Other	1897015.0	0.0		71762.0		47145.0		6483051.0	228319.0			0.0	228319.0	6254732.0	6483051.0	3337908.0		1291932.0		72586.0	-302204.0	-0.16	-0.14	Keiter, Stephens, Hurst, Gary and Shreaves, P.C.	true	true			true		The Company relied on the private placement exemption found in Section 4(a)(2) of the Securities Act of 1933, or the Securities Act, for the issuance of its Class B Units to TriStone.  There was no public solicitation with respect to this issuance.
0001010549-15-000393	1123 EAST REDONDO BLVD.	SUITE 200	INGLEWOOD	CA	90302	909-486-4742	Joseph Collins	Other	24.0	0.0		0.0		1300000.0		1302047.0	21000.0			0.0	21000.0	1280574.0	1302047.0	34490.0		137641.0		168683.0	271834.0	0.0	0.0	Daniel R. Leonard	true	true	false	false	true	true	
0001144204-15-071410	11969 STARCREST DR		SAN ANTONIO	TX	78247	210-858-7056	Daniel R. Lee	Other	258564.0	0.0		0.0		50079.0		402196.0	2908158.0			1180000.0	15587398.0	0.0	402196.0	27000.0		12946.0		11374.0	-1860802.0	-0.46	-0.46	Marcum LLP	true	true			true		Section 506 of Regulation D and Section 701 of Regulation D.
0001660948-15-000001	19821 Hamilton Avenue		Torrance	CA	90502	800-625-2699	Mr. Eric Vaugh Meyers	Other	0.0	0.0		0.0		0.0		0.0	0.0			0.0	0.0	0.0	0.0	0.0		0.0		0.0	0.0	0.0	0.0	None	true	true	false	false	true	true	
0001144204-15-071315	11969 STARCREST DR		SAN ANTONIO	TX	78247	210-858-7056	Daniel R. Lee	Other	258564.0	0.0		0.0		50079.0		402196.0	2908158.0			1180000.0	15587398.0	0.0	402196.0	27000.0		12946.0		11374.0	-1860802.0	-0.46	-0.46	Marcum LLP	true	true			true		Section 506 of Regulation D and Section 701 of Regulation D.
0001657737-15-000003	20511 ABBEY DRIVE		FRANKFORT	IL	60423	612-964-7334	Mr. Geoff Thompson	Other	1000.0	0.0		0.0		0.0		1000.0	0.0			0.0	0.0	1000.0	1000.0	0.0		0.0		0.0	0.0	0.0	0.0		true	true	false	false	true	true	
0001144204-15-071012	1519 CONNECTICUT AVENUE NW	STE 200	WASHINGTON	DC	20036	202-584-0550	Benjamin S. Miller	Other	1000.0	0.0		0.0		0.0		1000.0	0.0			0.0	0.0	1000.0	1000.0	0.0		0.0		0.0	0.0	0.0	0.0	RSM US LLP (formerly McGladrey LLP)	true	true		true			Rise Companies Corp. has purchased 100 common shares for a purchase price of $1,000 in a private offering. Such issuance was exempt from the registration requirements of the Securities Act pursuant to Section 4(a)(2) thereof.
0001144204-15-070928	11969 STARCREST DR		SAN ANTONIO	TX	78247	210-858-7056	Daniel R. Lee	Other	258564.0	0.0		0.0		50079.0		402196.0	2908158.0			1180000.0	15587398.0	0.0	402196.0	27000.0		12946.0		11374.0	-1860802.0	-0.46	-0.46	Marcum LLP	true	true			true		Section 506 of Regulation D and Section 701 of Regulation D.
0001144204-15-070680	11969 STARCREST DR		SAN ANTONIO	TX	78247	210-858-7056	Daniel R. Lee	Other	258564.0	0.0		0.0		50079.0		402196.0	2908158.0			1180000.0	15587398.0	0.0	402196.0	27000.0		12946.0		11374.0	-1860802.0	-0.46	-0.46	Marcum LLP	true	true			true		Section 506 of Regulation D and Section 701 of Regulation D.
0001376474-15-000494	31 STRANRAER PLACE SW		CALGARY	A0	T3H 1H5	403-457-2697	Jan Alston	Other	11782.0	0.0		29336.0		489649.0		530767.0	67616.0			217530.0	619287.0	0.0	530767.0	0.0		87999.0		0.0	-103535.0	0.0	0.0	MNP LLP	true	true	false	true	false	true	
0001376474-15-000493	31 STRANRAER PLACE SW		CALGARY	A0	T3H 1H5	403-457-2697	Jan Alston	Other	11782.0	0.0		29336.0		489649.0		530767.0	67616.0			217530.0	619287.0	0.0	530767.0	0.0		87999.0		0.0	-103535.0	0.0	0.0	MNP LLP	true	true	false	true	false	true	
0001376474-15-000491	31 STRANRAER PLACE SW		CALGARY	A0	T3H 1H5	403-457-2697	Jan Alston	Other	11782.0	0.0		29336.0		489649.0		530767.0	67616.0			217530.0	619287.0	0.0	530767.0	0.0		87999.0		0.0	-103535.0	0.0	0.0	MNP LLP	true	true	false	true	false	true	
0001644600-15-000033	13000 CONTROL TOWER RD., SUITE 217		ENGLEWOOD	CO	80112	3035035660	Sara Hanks	Other	34031.0	0.0		0.0		0.0		163374.0	1171191.0			0.0	1171191.0	0.0	163374.0	0.0		865783.0		0.0	-865783.0	0.0	0.0	EKS&H LLLP	true	true	false	true	false	false	Section 4(a)(2) Private placement to accredited investors.
0001644600-15-000030	13000 CONTROL TOWER RD., SUITE 217		ENGLEWOOD	CO	80112	3035035660	Sara Hanks	Other	34031.0	0.0		0.0		0.0		163374.0	1171191.0			0.0	1171191.0	0.0	163374.0	0.0		865783.0		0.0	-865783.0	0.0	0.0	EKS&H LLLP	true	true	false	true	false	false	Section 4(a)(2) Private placement to accredited investors.
0001354488-15-005493	11011 RICHMOND AVENUE	SUITE 525	HOUSTON	TX	77042	713-479-7050	D. Hughes Watler, Jr.	Other	394487.0	0.0		122429.0		567940.0		1110360.0	1004584.0			137295.0	1402459.0	0.0	1110360.0	272624.0		499760.0		147798.0	-1497987.0	-0.29	-0.29	Malone Bailey LLP	true	true			true		The issuances were made to accredited investors pursuant to Section 4(a)(2) of the Securities Act, or pursuant to Regulation D of the Securities Act.
0001644600-15-000027	13000 CONTROL TOWER RD., SUITE 217		ENGLEWOOD	CO	80112	3035035660	Sara Hanks	Other	34031.0	0.0		0.0		0.0		163374.0	1171191.0			0.0	1171191.0	0.0	163374.0	0.0		865783.0		0.0	-865783.0	0.0	0.0	EKS&H LLLP	true	true	false	true	false	false	Section 4(a)(2) Private placement to accredited investors.
0001606811-15-000023	StepOne Personal Health, Inc.	509 Sough Wall Avenue	Joplin	MO	64801	650-454-0865	Dr. Craig Brandman	Other	52255.0	0.0		0.0		350000.0		402255.0	0.0			0.0	0.0	402255.0	402255.0	6250.0		0.0		0.0	6250.0	0.62	0.62	None	true	true	false	false	true	true	
0001144204-15-070169	212 CATCHINGS AVENUE		INDIANOLA	MS	38751	662-887-3363	James H. Clayton	Banking	32412000.0	345508000.0			410359000.0		13084000.0	825862000.0	1726000.0		742536000.0	3575000.0	755197000.0	70665000.0	825862000.0		14210000.0		1833000.0	386000.0	4487000.0	10.72	10.72	BKD, LLP	true	true		true		true	
0001571049-15-009859	1985 Isaac Newton Square West	Suite 103	Reston	VA	20190	571-325-2966	Brian S. Korn, Esq.	Other	1542482.0	2003686.0		8931.0		54516.0		4167339.0	15359.0			2063855.0	4862357.0	0.0	4167339.0	94574.0		-2019606.0		0.0	-1931295.0	-0.2	-0.12	Baker Tilly Virchow Krause, LLP	true	true		true			All securities were issued pursuant to the safe harbor of Rule 506(b) of Regulation D pursuant to the Securities Act of 1933, as amended or its predecessor.
0001144204-15-069912	75 Fifth Street, NW	Suite 214	ATLANTA	GA	30308	404-850-9225	Nick Bhargava	Other	713481.0	0.0		762067.0		3449.0		1570256.0	706418.0			0.0	1479004.0	91252.0	1570256.0	16224.0		5243.0		18392.0	-948266.0	-0.84	-0.84	Hughes Pittman and Gupton LLP	true	true		true			Regulation A, Rule 506 of Regulation D, Rule 506 of Regulation D, and Rule 506 of Regulation D, respectively.
0001656615-15-000004	70 MAIN STREET	SUITE 500	PETERBOROUGH	NH	03458	800-892-3058	Akhil Garland	Other	250.0	0.0		0.0		0.0		250.0	0.0			0.0	0.0	250.0	250.0	0.0		0.0		0.0	0.0	0.0	0.0	n/a	true	true	false	true	false	true	
0001571049-15-009828	1985 Isaac Newton Square West	Suite 103	Reston	VA	20190	571-325-2966	Brian S. Korn, Esq.	Other	1542482.0	2003686.0		8931.0		54516.0		4167339.0	15359.0			2063855.0	4862357.0	0.0	4167339.0	94574.0		-2019606.0		0.0	-1931295.0	-0.2	-0.12	Baker Tilly Virchow Krause, LLP	true	true		true			All securities were issued pursuant to the safe harbor of Rule 506(b) of Regulation D pursuant to the Securities Act of 1933, as amended or its predecessor.
0001144204-15-069638	212 CATCHINGS AVENUE		INDIANOLA	MS	38751	662-887-3363	James H. Clayton	Banking	32412000.0	345508000.0			410359000.0		13084000.0	825862000.0	1726000.0		742536000.0	3575000.0	755197000.0	70665000.0	825862000.0		14210000.0		1833000.0	386000.0	4487000.0	10.72	10.72	BKD, LLP	true	true		true		true	
0001650352-15-000009	PO BOX 48899A		LOS ANGELES	CA	90048	404-819-4866	John Berner	Other	8430.0	0.0		0.0		0.0		8430.0	0.0			0.0	0.0	8430.0	8430.0	0.0		1570.0		0.0	-1570.0	0.0	0.0	Rick Toussaint	true	true	false	true	false	false	Rule 506
0001571049-15-009806	1985 Isaac Newton Square West	Suite 103	Reston	VA	20190	571-325-2966	Brian S. Korn, Esq.	Other	1542482.0	2003686.0		8931.0		54516.0		4167339.0	15359.0			2063855.0	4862357.0	0.0	4167339.0	94574.0		-2019606.0		0.0	-1931295.0	-0.2	-0.12	Baker Tilly Virchow Krause, LLP	true	true		true			All securities were issued pursuant to the safe harbor of Rule 506(b) of Regulation D pursuant to the Securities Act of 1933, as amended or its predecessor.
0001477932-15-007483	8236 REMMET AVE.		CANOGA PARK	CA	91304	818-349-2870	Mark J. Richardson	Other	177428.0	0.0		0.0		191080.0		369838.0	946.0			0.0	946.0	368892.0	369838.0	0.0		0.0		0.0	-138304.0	0.0	0.0	MJF & Associates APC	true	true	false	true	false	false	Private placement under Rule 506(c) of Regulation D of the Securities Act of 1933, as amended.
0001193125-15-390777	1800 9th Avenue N.		St Petersburg	FL	33713	866-561-1997	Darrell C. Smith, Esquire	Other	827936.0	0.0		2442618.0		2940686.0		10402111.0	2685468.0			3106867.0	9096116.0	1305955.0	10402111.0	9028569.0		9433396.0		441190.0	-999189.0	0.0	0.0	Warren Averett, LLC	true	true	false	false		false	Section 4(2); Rule 506 of Regulation D; private offering to two accredited investors with no general solicitation
0001144204-15-068048	75 Fifth Street, NW	Suite 214	ATLANTA	GA	30308	404-850-9225	Nick Bhargava	Other	713481.0	0.0		762067.0		3449.0		1570256.0	706418.0			0.0	1479004.0	91252.0	1570256.0	16224.0		5243.0		18392.0	-948266.0	-0.84	-0.84	Hughes Pittman and Gupton LLP	true	true		true			Regulation A, Rule 506 of Regulation D, Rule 506 of Regulation D, and Rule 506 of Regulation D, respectively.
0001104659-15-081207	20 NW 4th Street, Suite 101		Evansville	IN	47708	812-492-1800	John Tanselle, SmithAmundsen	Banking	8200503.0	19759618.0			79950390.0		452340.0	113079330.0	413793.0		89786857.0	3000000.0	103700650.0	9378680.0	113079330.0		1953943.0		342424.0	73044.0	63119.0	0.04	0.04	BKD, LLP	true	true	false	true	false	false	Section 4(2) of the Securities Act, based upon the isolated nature of the sales listed in Section (c) (1) above.
0001656615-15-000002	70 Main Street	Suite 500	Peterborough	NH	03458	800-892-3058	Akhil Garland	Other	0.0	0.0		0.0		0.0		0.0	0.0			0.0	0.0	0.0	0.0	0.0		0.0		0.0	0.0	0.0	0.0	n/a	true	true	false	true	false	true	
0001144204-15-067757	11969 STARCREST DR		SAN ANTONIO	TX	78247	210-858-7056	Daniel R. Lee	Other	258564.0	0.0		0.0		50079.0		402196.0	2908158.0			1180000.0	15587398.0	0.0	402196.0	27000.0		12946.0		11374.0	-1860802.0	-0.46	-0.46	Marcum LLP	true	true			true		Section 506 of Regulation D and Section 701 of Regulation D.
0001582586-15-000023	340 W. 42ND STREET, FL 2, P.O. BOX 2455		NEW YORK	NY	10036	631-991-5461	Thomas DeNunzio	Other	0.0	0.0		0.0		0.0		0.0	3365.0			0.0	3365.0	3365.0	0.0	0.0		0.0		0.0	-25439.0	0.0	62019231.0	Scrudato & Co., PA	true	true					Section 4 (2) of the Act.
0001582586-15-000022	340 W. 42ND STREET, FL 2, P.O. BOX 2455		NEW YORK	NY	10036	631-991-5461	Thomas DeNunzio	Other	0.0	0.0		0.0		0.0		0.0	3365.0			0.0	3365.0	3365.0	0.0	0.0		0.0		0.0	-25439.0	0.0	62019231.0	Scrudato & Co., PA	true	true					Section 4 (2) of the Act.
0001615923-15-000016	1020 HOLLYWOOD WAY	SUITE 120	BURBANK	CA	91505	818-568-6747	Mr. Dean Zanetos	Other	9952.32	0.0		0.0		1212.59		11164.91	14822.87			0.0	14822.87	0.0	11164.91	13.08		17.990000000000002		0.0	0.0	0.0	0.0	None	true	true	false	false	true	true	
0001615923-15-000015	1020 HOLLYWOOD WAY	SUITE 120	BURBANK	CA	91505	818-568-6747	Mr. Dean Zanetos	Other	9952.32	0.0		0.0		1212.59		11164.91	14822.87			0.0	14822.87	0.0	11164.91	13.08		17.990000000000002		0.0	0.0	0.0	0.0	None	true	true	false	false	true	true	
0001615923-15-000014	1020 HOLLYWOOD WAY	SUITE 120	BURBANK	CA	91505	818-568-6747	Mr. Dean Zanetos	Other	9952.32	0.0		0.0		1212.59		11164.91	14822.87			0.0	14822.87	0.0	11164.91	13.08		17.990000000000002		0.0	0.0	0.0	0.0	None	true	true	false	false	true	true	
0001214659-15-007920	2942 N 24TH ST	SUITE 114-700	PHOENIX	AZ	85016	480-500-6800-5	Fay M. Matsukage	Other	148916.0	0.0		0.0		18045489.0		32085303.0	5397653.0			58626671.0	70803257.0	0.0	32085303.0	0.0		4772722.0		561737.0	-8837148.0	0.0	0.0	Holthouse Carlin & Van Trigt LLP	true	true		true			Elio Motors, Inc. relied upon the exemption from registration contained in Rule 506(c), as such offers and sales were made only to accredited investors whose accredited status was verified.
0001144204-15-066934	75 Fifth Street, NW	Suite 214	Atlanta	GA	30308	404-850-9225	Nick Bhargava	Other	713481.0	0.0		762067.0		3449.0		1570256.0	706418.0			0.0	1479004.0	91252.0	1570256.0	16224.0		5243.0		18392.0	-948266.0	-0.84	-0.84	Hughes Pittman and Gupton LLP	true	true		true			Regulation A, Rule 506 of Regulation D, and Rule 506 of Regulation D, respectively.
0001144204-15-066743	1519 Connecticut Avenue, NW, Suite 200		Washington	DC	20036	202-584-0550	Benjamin S. Miller	Other	0.0	0.0		1000.0		0.0		1000.0	0.0			0.0	0.0	1000.0	1000.0	0.0		0.0		0.0	0.0	0.0	0.0	RSM US LLP (formerly McGladrey, LLP)	true	true		true			Rise Companies Corp. has purchased 100 common shares for a purchase price of $1,000 in a private offering. Such issuance was exempt from the registration requirements of the Securities Act pursuant to Section 4(a)(2) thereof.
0001214659-15-007851	17865 BALLINGER WAY NE		SEATTLE	WA	98155	206-310-9034	Mark Roth	Other	3000.0	0.0		0.0		0.0		89703.0	16393.0			0.0	16393.0	73310.0	89703.0	0.0		45643.0		0.0	-45643.0	0.0	0.0	Haskell & White LLP	true	true		true			Section 4.2 of Securities Act of 1933
0001214659-15-007845	2942 N 24TH ST	SUITE 114-700	PHOENIX	AZ	85016	480-500-6800-5	Fay M. Matsukage	Other	148916.0	0.0		0.0		18045489.0		32085303.0	5397653.0			58626671.0	70803257.0	0.0	32085303.0	0.0		4772722.0		561737.0	-8837148.0	0.0	0.0	Holthouse Carlin & Van Trigt LLP	true	true		true			Elio Motors, Inc. relied upon the exemption from registration contained in Rule 506(c), as such offers and sales were made only to accredited investors whose accredited status was verified.
0001161697-15-000501	1000 North Ashley Drive	Suite 610	Tampa	FL	33602	813-282-6000	Dan Mirman	Other	0.0	0.0		0.0		0.0		14000.0	746.0			0.0	4746.0	9254.0	14000.0	0.0		746.0		0.0	-746.0	0.0	0.0	MaloneBailey LLP	true	true		true			N/A
0001650352-15-000007	PO BOX 48899A		LOS ANGELES	CA	90048	404-819-4866	John Berner	Other	8430.0	0.0		0.0		0.0		8430.0	0.0			0.0	0.0	8430.0	8430.0	0.0		1570.0		0.0	-1570.0	0.0	0.0	Rick Toussaint	true	true	false	true	false	false	Rule 506
0001144204-15-064076	11969 STARCREST DR		SAN ANTONIO	TX	78247	210-858-7056	Daniel R. Lee	Other	258564.0	0.0		0.0		50079.0		402196.0	2908158.0			1180000.0	15587398.0	0.0	402196.0	27000.0		12946.0		11374.0	-1860802.0	-0.46	-0.46	Marcum LLP	true	true			true		Section 506 of Regulation D and Section 701 of Regulation D.
0001019687-15-003979	2 Park Plaza, Suite 400		Irvine	CA	92614	949-582-5933	Christopher L. Tinen	Other	100.0	0.0		4158.0		0.0		9304.0	56500.0			0.0	56500.0	47196.0	9304.0	0.0		67196.0		0.0	-67196.0	0.0	0.0	dbbMcKennon	true	true		true			Rule 506(b)
0001214659-15-007625	2942 N 24TH ST	SUITE 114-700	PHOENIX	AZ	85016	480-500-6800-5	Fay M. Matsukage	Other	148916.0	0.0		0.0		18045489.0		32085303.0	5397653.0			58626671.0	70803257.0	0.0	32085303.0	0.0		4772722.0		561737.0	-8837148.0	0.0	0.0	Holthouse Carlin & Van Trigt LLP	true	true		true			Elio Motors, Inc. relied upon the exemption from registration contained in Rule 506(c), as such offers and sales were made only to accredited investors whose accredited status was verified.
0001657737-15-000001	20511 Abbey Drive		Frankfort	IL	60423	612-964-7334	Mr. Geoff Thompson	Other	1000.0	0.0		0.0		0.0		1000.0	0.0			0.0	0.0	1000.0	1000.0	0.0		0.0		0.0	0.0	0.0	0.0		true	true	false	false	true	true	
0001647299-15-000007	ACCELERA INNOVATIONS FUND I, INC	215 CYPRESS WAY EAST, UNIT C-2	NAPLES	FL	34110	612-964-7334	Mr. Geoff Thompson	Other	1000.0	0.0		0.0		0.0		1000.0	0.0			0.0	0.0	1000.0	1000.0	0.0		0.0		0.0	0.0	0.0	0.0		true	true	false	false	true	true	
0001144204-15-062545	1519 Connecticut Avenue, NW, Suite 200		Washington	DC	20036	202-584-0550	Benjamin S. Miller	Other	0.0	0.0		1000.0		0.0		1000.0	0.0			0.0	0.0	1000.0	1000.0	0.0		0.0		0.0	0.0	0.0	0.0	RSM US LLP (formerly McGladrey, LLP)	true	true		true			Rise Companies Corp. has purchased 100 common shares for a purchase price of $1,000 in a private offering. Such issuance was exempt from the registration requirements of the Securities Act pursuant to Section 4(a)(2) thereof.
0001615923-15-000012	1020 HOLLYWOOD WAY	SUITE 120	BURBANK	CA	91505	818-568-6747	Mr. Dean Zanetos	Other	9952.32	0.0		0.0		1212.59		11164.91	14822.87			0.0	14822.87	0.0	11164.91	13.08		17.990000000000002		0.0	0.0	0.0	0.0	None	true	true	false	false	true	true	
0001606811-15-000021	StepOne Personal Health, Inc.	509 Sough Wall Avenue	Joplin	MO	64801	650-454-0865	Dr. Craig Brandman	Other	52255.0	0.0		0.0		350000.0		402255.0	0.0			0.0	0.0	402255.0	402255.0	6250.0		0.0		0.0	6250.0	0.62	0.62	None	true	true	false	false	true	true	
0001010549-15-000308	1123 East Redondo Blvd.	Suite 200	Inglewood	CA	90302	909-486-4742	Joseph Collins	Other	24.0	0.0		0.0		1300000.0		1302047.0	21000.0			0.0	21000.0	1280574.0	1302047.0	34490.0		137641.0		168683.0	271834.0	0.0	0.0	Daniel R. Leonard	true	true	false	false	true	true	
0001354488-15-004717	10710 Midlothian Turnpike	Suite 202	Richmond	VA	23235	866-842-7545	Stevens M. Sadler	Other	1897015.0	0.0		71762.0		47145.0		6483051.0	228319.0			0.0	228319.0	6254732.0	6483051.0	3337908.0		1291932.0		72586.0	-302204.0	-0.16	-0.14	Keiter, Stephens, Hurst, Gary and Shreaves, P.C.	true	true			true		The Company relied on the private placement exemption found in Section 4(a)(2) of the Securities Act of 1933, or the Securities Act, for the issuance of its Class B Units to TriStone.  There was no public solicitation with respect to this issuance.
0001144204-15-060614	11969 STARCREST DR		SAN ANTONIO	TX	78247	210-858-7056	Daniel R. Lee	Other	258564.0	0.0		0.0		50079.0		402196.0	2908158.0			1180000.0	15587398.0	0.0	402196.0	27000.0		12946.0		11374.0	-1860802.0	-0.46	-0.46	Marcum LLP	true	true			true		Section 506 of Regulation D and Section 701 of Regulation D.
0001376474-15-000406	31 Stranraer Place SW		Calgary	A0	T3H 1H5	403-457-2697	Jan Alston	Other	11782.0	0.0		29336.0		489649.0		530767.0	67616.0			217530.0	619287.0	0.0	530767.0	0.0		87999.0		0.0	-103535.0	0.0	0.0	MNP LLP	true	true	false	true	false	true	
0001642572-15-000002	600 North Rosemead Blvd.	Suite 100	Pasadena	CA	91107	626-435-7866	Mr. Fernando Periera	Other	0.0	0.0		0.0		0.0		0.0	0.0			0.0	0.0	0.0	0.0	0.0		0.0		0.0	0.0	0.0	0.0		true	true	false	false	true	true	
0001144204-15-060455	75 Fifth Street, NW	Suite 214	Atlanta	GA	30308	404-850-9225	Nick Bhargava	Other	713481.0	0.0		762067.0		3449.0		1570256.0	706418.0			0.0	1479004.0	91252.0	1570256.0	16224.0		5243.0		18392.0	-948266.0	-0.84	-0.84	Hughes Pittman and Gupton LLP	true	true		true			Regulation A and Rule 506 of Regulation D, respectively.
0001214659-15-007182	2942 N 24TH ST	SUITE 114-700	PHOENIX	AZ	85016	480-500-6800-5	Fay M. Matsukage	Other	148916.0	0.0		0.0		18045489.0		32085303.0	5397653.0			58626671.0	70803257.0	0.0	32085303.0	0.0		4772722.0		561737.0	-8837148.0	0.0	0.0	Holthouse Carlin & Van Trigt LLP	true	true		true			Elio Motors, Inc. relied upon the exemption from registration contained in Rule 506(c), as such offers and sales were made only to accredited investors whose accredited status was verified.
0001606811-15-000016	StepOne Personal Health, Inc.	509 Sough Wall Avenue	Joplin	MO	64801	650-454-0865	Dr. Craig Brandman	Other	52255.0	0.0		0.0		350000.0		402255.0	0.0			0.0	0.0	402255.0	402255.0	6250.0		0.0		0.0	6250.0	0.62	0.62	None	true	true	false	false	true	true	
0001647636-15-000007	547 22ND ST		OGDEN	UT	84403	720-391-2043	Kyle Mercer	Other	0.0	0.0		0.0		0.0		0.0	0.0			0.0	0.0	0.0	0.0	0.0		0.0		0.0	0.0	0.0	0.0	Stayner, Bates, and Jensen	true	true	false	true	false	false	Stock issued to founders in exchange for Subscription Agreement.
0001644516-15-000009	1050 CONNECTICUT AVE., NW	10TH FLOOR	WASHINGTON	DC	20036	202-321-7969	Tony Ramos	Other	0.0	0.0		0.0		0.0		0.0	0.0			0.0	0.0	0.0	0.0	0.0		0.0		0.0	0.0	0.0	0.0	0	true	true	false	false	true	false	Regulation A, as amended
0001477932-15-006399	8236 REMMET AVE.		CANOGA PARK	CA	91304	818-349-2870	Mark J. Richardson	Other	177428.0	0.0		0.0		191080.0		369838.0	946.0			0.0	946.0	368892.0	369838.0	0.0		0.0		0.0	-138304.0	0.0	0.0	MJF & Associates APC	true	true	false	true	false	false	Private placement under Rule 506(c) of Regulation D of the Securities Act of 1933, as amended.
0001615923-15-000004	1020 HOLLYWOOD WAY	SUITE 120	BURBANK	CA	91505	818-568-6747	Mr. Dean Zanetos	Other	9952.32	0.0		0.0		1212.59		11164.91	14822.87			0.0	14822.87	0.0	11164.91	13.08		17.990000000000002		0.0	0.0	0.0	0.0	None	true	true	false	false	true	true	
0001606811-15-000014	StepOne Personal Health, Inc.	509 Sough Wall Avenue	Joplin	MO	64801	650-454-0865	Dr. Craig Brandman	Other	52255.0	0.0		0.0		350000.0		402255.0	0.0			0.0	0.0	402255.0	402255.0	6250.0		0.0		0.0	6250.0	0.62	0.62	None	true	true	false	false	true	true	
0001104659-15-070380	20 NW 4th Street, Suite 101		Evansville	IN	47708	812-492-1800	John Tanselle, SmithAmundsen	Banking	8200503.0	19759618.0			79950390.0		452340.0	113079330.0	413793.0		89786857.0	3000000.0	103700650.0	9378680.0	113079330.0		1953943.0		342424.0	73044.0	63119.0	0.04	0.04	BKD, LLP	true	true	false	true	false	false	Section 4(2) of the Securities Act, based upon the isolated nature of the sales listed in Section (c) (1) above.
0001644516-15-000006	1050 CONNECTICUT AVE., NW	10TH FLOOR	WASHINGTON	DC	20036	202-321-7969	Tony Ramos	Other	0.0	0.0		0.0		0.0		0.0	0.0			0.0	0.0	0.0	0.0	0.0		0.0		0.0	0.0	0.0	0.0	0	true	true	false	false	true	false	Regulation A, as amended
0001644516-15-000005	1050 CONNECTICUT AVE., NW	10TH FLOOR	WASHINGTON	DC	20036	202-321-7969	Tony Ramos	Other	0.0	0.0		0.0		0.0		0.0	0.0			0.0	0.0	0.0	0.0	0.0		0.0		0.0	0.0	0.0	0.0	0	true	true	false	false	true	false	Regulation A, as amended
0001144204-15-058488	75 Fifth Street, NW	Suite 214	Atlanta	GA	30308	404-850-9225	Nick Bhargava	Other	713481.0	0.0		762067.0		3449.0		1570256.0	706418.0			0.0	1479004.0	91252.0	1570256.0	16224.0		5243.0		18392.0	-948266.0	-0.84	-0.84	Hughes Pittman and Gupton LLP	true	true	false	true	false	false	Regulation A and Rule 506 of Regulation D, respectively.
0001193125-15-337847	1800 9th Avenue N.		St Petersburg	FL	33713	866-561-1997	Darrell C. Smith, Esquire	Other	827936.0	0.0		2442618.0		2940686.0		10402111.0	2685468.0			3106867.0	9096116.0	1305955.0	10402111.0	9028569.0		9433396.0		441190.0	-999189.0	0.0	0.0	Warren Averett, LLC	true	true	false	false		false	Section 4(2); Rule 506 of Regulation D; private offering to two accredited investors with no general solicitation
0000860676-15-000005	One Steuben Square		Hornell	NY	14843-1699	607-324-5010	Christine C. Lachnicht, Esq.	Banking	17331.0	264702.0			187983.0		6779.0	492842.0	4971.0		417624.0	0.0	445747.0	47095.0	492842.0		8599.0		546.0	0.0	2488.0	1.52	1.51	Crowe Horwath LLP	true	true	false	false	true	true	
0001144204-15-057969	11 S. 12th Street	Suite 401	Richmond	VA	23219	804-344-4435	Thomas G. Voekler, Esq.	Other	100.0	0.0		0.0		0.0		100.0	0.0			0.0	0.0	100.0	100.0	0.0		0.0		0.0	0.0	0.0	0.0	Keiter, Stephens, Hurst, Gary and Shreaves, PC	true	true			true	true	
0001650352-15-000004	PO Box 48899A		Los Angeles	CA	90048	404-819-4866	John Berner	Other	8430.0	0.0		0.0		0.0		8430.0	0.0			0.0	0.0	8430.0	8430.0	0.0		1570.0		0.0	-1570.0	0.0	0.0	Rick Toussaint	true	true	true	true	false	false	Rule 506
