ACCESSION_NUMBER	SO_ID	SECURITIESOFFEREDTYPES	SECURITIESOFFEREDOTHERDESC
0001019687-15-004688	1	Equity (common or preferred stock)	
0001019687-15-004682	1	Equity (common or preferred stock)	
0001213900-15-009847	1	Equity (common or preferred stock)	
0001213900-15-009847	2	Option, warrant or other right to acquire another security	
0001650352-15-000010	1	Equity (common or preferred stock)	
0001144204-15-073299	1	Equity (common or preferred stock)	
0001214659-15-008545	1	Other(describe)	Class A Units of Limited Liability Company Membership Interest
0001656615-15-000005	1	Equity (common or preferred stock)	
0001144204-15-072908	1	Equity (common or preferred stock)	
0001477932-15-007747	1	Debt	
0001144204-15-072553	1	Equity (common or preferred stock)	
0001571049-15-010176	1	Debt	
0001606811-15-000025	1	Equity (common or preferred stock)	
0001144204-15-072056	1	Equity (common or preferred stock)	
0001144204-15-071953	1	Equity (common or preferred stock)	
0001213900-15-009585	1	Equity (common or preferred stock)	
0001477932-15-007705	1	Equity (common or preferred stock)	
0001615774-15-003669	1	Debt	
0001354488-15-005575	2	Option, warrant or other right to acquire another security	
0001354488-15-005575	1	Equity (common or preferred stock)	
0001010549-15-000393	1	Equity (common or preferred stock)	
0001144204-15-071410	1	Equity (common or preferred stock)	
0001660948-15-000001	1	Equity (common or preferred stock)	
0001144204-15-071315	1	Equity (common or preferred stock)	
0001657737-15-000003	1	Equity (common or preferred stock)	
0001144204-15-071012	1	Equity (common or preferred stock)	
0001144204-15-070928	1	Equity (common or preferred stock)	
0001144204-15-070680	1	Equity (common or preferred stock)	
0001376474-15-000494	2	Option, warrant or other right to acquire another security	
0001376474-15-000494	1	Equity (common or preferred stock)	
0001376474-15-000493	1	Equity (common or preferred stock)	
0001376474-15-000493	2	Option, warrant or other right to acquire another security	
0001376474-15-000491	1	Equity (common or preferred stock)	
0001376474-15-000491	2	Option, warrant or other right to acquire another security	
0001644600-15-000033	1	Equity (common or preferred stock)	
0001644600-15-000030	1	Equity (common or preferred stock)	
0001354488-15-005493	1	Equity (common or preferred stock)	
0001644600-15-000027	1	Equity (common or preferred stock)	
0001606811-15-000023	1	Equity (common or preferred stock)	
0001144204-15-070169	1	Equity (common or preferred stock)	
0001571049-15-009859	1	Debt	
0001144204-15-069912	1	Other(describe)	Limited Recourse Obligation, a limited debt obligation of the issuer
0001656615-15-000004	1	Equity (common or preferred stock)	
0001571049-15-009828	1	Debt	
0001144204-15-069638	1	Equity (common or preferred stock)	
0001650352-15-000009	1	Equity (common or preferred stock)	
0001571049-15-009806	1	Debt	
0001477932-15-007483	1	Equity (common or preferred stock)	
0001193125-15-390777	1	Equity (common or preferred stock)	
0001144204-15-068048	1	Other(describe)	Limited Recourse Obligation, a limited debt obligation of the issuer
0001104659-15-081207	1	Equity (common or preferred stock)	
0001656615-15-000002	1	Equity (common or preferred stock)	
0001144204-15-067757	1	Equity (common or preferred stock)	
0001582586-15-000023	1	Equity (common or preferred stock)	
0001582586-15-000022	1	Equity (common or preferred stock)	
0001615923-15-000016	1	Equity (common or preferred stock)	
0001615923-15-000015	1	Equity (common or preferred stock)	
0001615923-15-000014	1	Equity (common or preferred stock)	
0001214659-15-007920	1	Equity (common or preferred stock)	
0001144204-15-066934	1	Other(describe)	Limited Recourse Obligation, a limited debt obligation of the issuer
0001144204-15-066743	1	Equity (common or preferred stock)	
0001214659-15-007851	1	Other(describe)	Class A Units of Limited Liability Company Membership Interest
0001214659-15-007845	1	Equity (common or preferred stock)	
0001161697-15-000501	1	Equity (common or preferred stock)	
0001650352-15-000007	1	Equity (common or preferred stock)	
0001144204-15-064076	1	Equity (common or preferred stock)	
0001019687-15-003979	1	Equity (common or preferred stock)	
0001214659-15-007625	1	Equity (common or preferred stock)	
0001657737-15-000001	1	Equity (common or preferred stock)	
0001647299-15-000007	1	Equity (common or preferred stock)	
0001144204-15-062545	1	Equity (common or preferred stock)	
0001615923-15-000012	1	Equity (common or preferred stock)	
0001606811-15-000021	1	Equity (common or preferred stock)	
0001010549-15-000308	1	Equity (common or preferred stock)	
0001354488-15-004717	2	Option, warrant or other right to acquire another security	
0001354488-15-004717	1	Equity (common or preferred stock)	
0001144204-15-060614	1	Equity (common or preferred stock)	
0001376474-15-000406	2	Option, warrant or other right to acquire another security	
0001376474-15-000406	1	Equity (common or preferred stock)	
0001642572-15-000002	1	Equity (common or preferred stock)	
0001144204-15-060455	1	Other(describe)	Limited Recourse Obligation, a limited debt obligation of the issuer
0001214659-15-007182	1	Equity (common or preferred stock)	
0001606811-15-000016	1	Equity (common or preferred stock)	
0001647636-15-000007	1	Equity (common or preferred stock)	
0001644516-15-000009	1	Equity (common or preferred stock)	
0001477932-15-006399	1	Equity (common or preferred stock)	
0001615923-15-000004	1	Equity (common or preferred stock)	
0001606811-15-000014	1	Equity (common or preferred stock)	
0001104659-15-070380	1	Equity (common or preferred stock)	
0001644516-15-000006	1	Equity (common or preferred stock)	
0001644516-15-000005	1	Equity (common or preferred stock)	
0001144204-15-058488	1	Other(describe)	Limited Recourse Obligation, a limited debt obligation of the issuer
0001193125-15-337847	1	Equity (common or preferred stock)	
0000860676-15-000005	1	Equity (common or preferred stock)	
0001144204-15-057969	1	Equity (common or preferred stock)	
0001650352-15-000004	1	Equity (common or preferred stock)	
