ACCESSION_NUMBER	SIGN_ID	CIK	REGULATIONISSUERNAME1	REGULATIONISSUERNAME2	SIGNATUREBY	SIGNATURE_DATE	TITLE
0001718873-18-000001	1	0001718873	Stone Bancshares, Inc.	Stone Bancshares, Inc.	Stephen Ragland	16-MAR-2018	CFO
0001104659-18-017640	1	0000832090	Delmar Bancorp	Delmar Bancorp	/s/ John W. Breda	15-MAR-2018	President and CEO
0001549679-18-000003	1	0001549679	UNATION, Inc.	UNATION, Inc.	John Bartoletta	26-JAN-2018	Chief Executive Officer and Director
0001654954-18-000566	1	0001652350	iConsumer Corp.	iConsumer Corp.	/s/ Robert N. Grosshandler	19-JAN-2018	Chief Executive Officer, Chief Financial Officer, Chief Accounting Officer and Sole Director
0001144204-18-001878	1	0001588504	GROUNDFLOOR FINANCE INC.	GROUNDFLOOR FINANCE INC.	/s/ Nick Bhargava	11-JAN-2018	Executive Vice President, Secretary
0001549212-18-000002	1	0001621388	SW Innovative Holdings, Inc.	SW Innovative Holdings, Inc.	/s/ Norman George	09-JAN-2018	President
0001477932-18-000059	1	0001603860	ManeGain, Inc.	ManeGain, Inc.	Jeffrey Fry	29-DEC-2017	Chief Executive Officer
