ACCESSION_NUMBER	STREET1	STREET2	CITY	STATEORCOUNTRY	ZIPCODE	PHONENUMBER	CONNECTIONNAME	INDUSTRYGROUP	CASHEQUIVALENTS	INVESTMENTSECURITIES	TOTALINVESTMENTS	ACCOUNTSRECEIVABLE	LOANS	PROPERTYPLANTEQUIPMENT	PROPERTYANDEQUIPMENT	TOTALASSETS	ACCOUNTSPAYABLE	POLICYLIABILITIESANDACCRUALS	DEPOSITS	LONGTERMDEBT	TOTALLIABILITIES	TOTALSTOCKHOLDEREQUITY	TOTALLIABILITIESANDEQUITY	TOTALREVENUES	TOTALINTERESTINCOME	COSTANDEXPENSESAPPLTOREVENUES	TOTALINTERESTEXPENSES	DEPRECIATIONANDAMORTIZATION	NETINCOME	EARNINGSPERSHAREBASIC	EARNINGSPERSHAREDILUTED	NAMEAUDITOR	CERTIFYIFTRUE	CERTIFYIFNOTDISQUALIFIED	CERTIFYIFBADACTOR	JURISDICTIONSOFSECOFFEREDNONE	JURISDICTIONSOFSECOFFEREDSAME	IFUNREGSITEREDNONE	SECURITIESACTEXCEMPTION
0001615774-18-002234	11161 Anderson Street	Suite 105-10014	Loma Linda	CA	92354	909-488-0844	Richard Friedman	Other	25000.0	0.0		0.0		0.0		25000.0	8566.0			0.0	84900.0	59900.0	25000.0	0.0		212986.0		0.0	212896.0	0.03	0.03	dbbmckennon	true	true	true	false	true	false	Private Placement under 506(b) or 4(a)(2) of the Securities Act.
0001144204-18-018271	75 Fifth Street, NW	Suite 2170	ATLANTA	GA	30308	404-850-9225	Brian S. Korn, Esq.	Other	921594.0	0.0		20120085.0		433452.0		21507228.0	16872490.0			0.0	22787493.0	-1280265.0	21507228.0	804936.0		117587.0		102471.0	-1976473.0	-1.75	-1.75	Hughes Pittman and Gupton LLP	true	true		true			Regulation A, Rule 506 of Regulation D, and Rule 506 of Regulation D, respectively.
0001144204-18-018189	1900 Market Street		Philadelphia	PA	19103	650-477-5525	Jeffrey Marks	Other	12593.0	0.0		0.0		0.0		13527.0	1000.0			0.0	25482.0	-11955.0	13527.0	26182.0		3995.0		0.0	-23142.0	0.0	0.0	dbbMcKennon	true	true		true			Regulation CF
0001144204-18-018048	4030 Skyron Drive	Suite F	Doylestown	PA	18902	610-829-1039	Marc Adesso, Esq.	Other	759955.0	0.0		1595956.0		1006063.0		4205919.0	1329730.0			2823013.0	4328486.0	-122567.0	4205919.0	11571468.0		8226062.0		157765.0	440215.0	0.15	0.15	Marcum LLP	true	true			true		Issued as consideration for the acquisition of S.R.M. Entertainment Limited and Ferguson Containers, Inc. under Section 4(a)(2) of the Securities Act of 1933, as amended.
0001144204-18-018024	75 Fifth Street, NW	Suite 2170	ATLANTA	GA	30308	404-850-9225	Nick Bhargava	Other	1354170.0	0.0		20598786.0		481047.0		22434003.0	18908689.0			1699259.0	25658127.0	-3224124.0	22434003.0	17477180.0		251431.0		231111.0	-4085485.0	-1.67	-1.67	Hughes Pittman & Gupton, LLP	true	true		true			Regulation A, Rule 506 of Regulation D, Rule 506 of Regulation D, and Regulation A, respectively.
0000939798-18-000014	212 E HILLSBORO BLVD	SUITE 1661	DEERFIELD BEACH	FL	33441	786-765-0750	Gary R Henrie	Other	22162.0	0.0		0.0		31137.0		112780.0	5000.0			0.0	5000.0	107780.0	112780.0	282938.0		230332.0		0.0	51331.0	0.0	0.0	Mac Accounting Group, LLP	true	true	false	true	false	true	
0001683168-18-000803	116 LAKEWOOD DRIVE		THOMASVILLE	GA	31792	229-224-8636	John Lux	Other	24.0	0.0		154296.0		3485575.0		3639895.0	0.0			2542500.0	3423124.0	216770.0	3639895.0	223914.0		1012470.0		82536.0	-871093.0	0.0	0.0		true	true		true			Section 4(2) Securities Act and Rules promulgated thereunder.
0001144204-18-017744	75 Fifth Street, NW	Suite 2170	ATLANTA	GA	30308	404-850-9225	Brian S. Korn, Esq.	Other	921594.0	0.0		20120085.0		433452.0		21507228.0	16872490.0			0.0	22787493.0	-1280265.0	21507228.0	804936.0		117587.0		102471.0	-1976473.0	-1.75	-1.75	Hughes Pittman and Gupton LLP	true	true		true			Regulation A, Rule 506 of Regulation D, and Rule 506 of Regulation D, respectively.
0001144204-18-017684	2224 Old Middlefield Way		MOUNTAIN VIEW	CA	94043	650-386-5761	Jeanne Campanelli	Other	391723.0	0.0		172543.0		136446.0		954831.0	105609.0			2072731.0	2188261.0	-1233430.0	954831.0	994588.0		823073.0		2677.0	-364505.0	-0.09	-0.09	Fruci & Associates II, PLLC	true	true			true		Regulation D for SAFE agreements and KISS notes, Regulation Crowdfunding for Crowd Notes, Section 4(a)(2) for Common Stock.
0001161697-18-000153	401 East Jackson Street	Suite 3300	Tampa	FL	33602	813-448-1234	Dan Mirman	Other	692582.0	0.0		0.0		0.0		692582.0	84732.0			0.0	84732.0	607850.0	692582.0	0.0		151121.0		0.0	-151121.0	0.0	-0.14	MaloneBailey LLP	true	true		true			N/A
0001144204-18-017487	2224 Old Middlefield Way		MOUNTAIN VIEW	CA	94043	650-386-5761	Jeanne Campanelli	Other	391723.0	0.0		172543.0		136446.0		954831.0	105609.0			2072731.0	2188261.0	-1233430.0	954831.0	994588.0		823073.0		2677.0	-364505.0	-0.09	-0.09	Fruci & Associates II, PLLC	true	true			true		Regulation D for SAFE agreements and KISS notes, Regulation Crowdfunding for Crowd Notes, Section 4(a)(2) for Common Stock.
0001615774-18-002139	433 NORTH CAMDEN DRIVE	SUITE 600	Beverly Hills	CA	90210	310-926-2643	Joe Tagliaferro (CKR Law, LLP)	Other	308738.0	0.0		0.0		2036342.0		2358486.0	131453.0			552588.0	1685245.0	673241.0	2358486.0	235690.0		213111.0		0.0	-4100301.0	-0.16	-0.16	AJ Robbins CPA, LLC	true	true	true	false	true	false	Exempted from registration under Section 4(a)(2) of the Securities;
0001144204-18-017238	4030 Skyron Drive	Suite F	Doylestown	PA	18902	610-829-1039	Marc Adesso, Esq.	Other	759955.0	0.0		1595956.0		1006063.0		4205919.0	1329730.0			2823013.0	4328486.0	-122567.0	4205919.0	11571468.0		8226062.0		157765.0	440215.0	0.15	0.15	Marcum LLP	true	true			true		Issued as consideration for the acquisition of S.R.M. Entertainment Limited and Ferguson Containers, Inc. under Section 4(a)(2) of the Securities Act of 1933, as amended.
0001213900-18-003513	2299 Perimeter Park Drive	Suite 120	Atlanta	GA	30341	470-475-1035	Larry Xianghong Wu	Other	351298.0	0.0		201750.0		4725.0		7337066.0	40887.0			0.0	40887.0	7296179.0	7337066.0	318430.0		96480.0		919.0	221031.0	0.05	0.05	Daszkal Bolton LLP	true	true		true			Section 4(a)(2) and Rule 506(b) of Regulation D promulgated thereunder and/or Regulation S.  The limited partner interests were offered and sold outside the U.S. solely to accredited investors who were non-U.S. persons
0001730055-18-000008	150 E PALMETTO PARK ROAD, SUITE 800		BOCA RATON	FL	33432	561-465-7580	Stephen Watkins	Other	18000000.0	2000000.0		0.0		0.0		20000000.0	0.0			0.0	0.0	20000000.0	20000000.0	1440000.0		0.0		0.0	13400.0	0.0	0.0		true	true	false	true	false	true	
0001144204-18-017097	73 Greentree Drive	#558	DOVER	DE	19904	800-372-6095	Jeanne Campanelli	Other	0.0	0.0		4294.8		0.0		4294.8	212642.30000000002			183613.30000000002	396255.60000000003	-391960.8	4294.8	0.0		0.0		0.0	-589131.97	0.0	0.0	Wipfli, LLP	true	true		true			Rule 506(c) of Regulation D for the 8 percent Convertible Promissory Notes due 2020. Regulation A for Series A Non Voting Preferred Stock.
0001213900-18-003496	5820 Nancy Ridge Drive		SAN DIEGO	CA	92121	800-268-0719	Jill Broadfoot	Other	76162.0	0.0		0.0		0.0		87412.0	746100.0			0.0	1413970.0	-1326558.0	87412.0	0.0		1318784.0		0.0	-1327558.0	-0.13	-0.13	Deloitte & Touche LLP	true	true		true			Rule 506(b) of Regulation D and  Rule 701 of the Securities Act.
0001615774-18-002116	433 NORTH CAMDEN DRIVE	SUITE 600	Beverly Hills	CA	90210	310-926-2643	Joe Tagliaferro (CKR Law, LLP)	Other	308738.0	0.0		0.0		2036342.0		2358486.0	131453.0			552588.0	1685245.0	673241.0	2358486.0	235690.0		213111.0		0.0	-4100301.0	-0.16	-0.16	AJ Robbins CPA, LLC	true	true	true	false	true	false	Exempted from registration under Section 4(a)(2) of the Securities;
0001493152-18-003914	2200 Space Park Drive, Suite 310		HOUSTON	TX	77058	732-669-1200	LAURA ANTHONY	Other	230976.0	0.0		263233.0		1674878.0		9080945.0	1899099.0			193292.0	5593562.0	3487383.0	9080945.0	3890822.0		3444776.0		167872.0	-6993155.0	-1.0	-1.0	Marcum LLP	true	true			true		The foregoing issuances were pursuant to Rule 506 of Regulation D, Section 4(2) and Rule 701 of the Securities Act of 1933, as amended, for transactions by an issuer not involving any public offering.
0001264931-18-000025	12777 JEFFERSON BLVD.	SUITE 310	PLAYA VISTA	CA	90066	888-983-0054	MARC J ADESSO	Other	23539.0	0.0		0.0		0.0		146419.0	0.0			0.0	1839818.0	-1693399.0	146419.0	39642.0		-99980.0		0.0	-2692470.0	-0.55	0.0		true	true		true			Section 4(a)(2) of the Securities Act.
0001493152-18-003880	Hologram USA Theater	6656 Hollywood Blvd.	Los Angeles	CA	90028	877-733-1830	Spencer G. Feldman, Esq.	Other	51000.0	0.0		0.0		229000.0		1057000.0	2781000.0			0.0	4087000.0	-3303000.0	1057000.0	706000.0		572000.0		145000.0	-647000.0	-0.02	-0.02	RBSM LLP	true	true			true		Rule 506(b) of Regulation D under the Securities Act
0001722266-18-000003	9050 N. CAPITAL OF TEXAS HIGHWAY	SUITE 320	AUSTIN	TX	78759	512-872-2898	Terrence Griffiths	Other	0.0	2500.0		0.0		0.0		2500.0	17500.0			0.0	17500.0	0.0	2500.0	0.0		15000.0		0.0	0.0	0.0	0.0	CohnReznick, LLP	true	true	false	true	false	true	
0001615774-18-002086	433 NORTH CAMDEN DRIVE	SUITE 600	Beverly Hills	CA	90210	310-926-2643	Joe Tagliaferro (CKR Law, LLP)	Other	308738.0	0.0		0.0		2036342.0		2358486.0	131453.0			552588.0	1685245.0	673241.0	2358486.0	235690.0		213111.0		0.0	-4100301.0	-0.16	-0.16	AJ Robbins CPA, LLC	true	true	true	false	true	false	Exempted from registration under Section 4(a)(2) of the Securities;
0001683168-18-000747	1825 CORPORATE BLVD. NW, SUITE 110		BOCA RATON	FL	33431	877-267-6278	John E. Lux, Esq.	Other	4009.0	0.0		0.0		0.0		4009.0	12741.0			0.0	12741.0	-8732.0	4009.0	0.0		12066.0		0.0	-12107.0	0.0	0.0	Salberg & Company, P.A.	true	true		true			Exempt from registration under 4(2) Securities Act and Rules promulgated thereunder.
0001615774-18-002058	5000 W. Tilghman Street, Suite 249		Allentown	PA	18104-9109	484-712-7372	Melissa L. Lucar - Geraci Law	Other	1000.0	0.0		0.0		0.0		1000.0	0.0			0.0	0.0	1000.0	1000.0	0.0		0.0		0.0	0.0	0.0	0.0	Spiegel Accountancy Corporation	true	true	false	true	false	false	Notes Payable offered by Conquest Funding, Inc., a Pennsylvania corporation. Offering exempt from registration under Regulation D Rule 506(b).
0001144204-18-016453	3090 BRISTOL STREET	SUITE 550	COSTA MESA	CA	92626	855-742-4862	Gregory W. Preston, Esq.	Other	1000.0	0.0		0.0		0.0		1000.0	0.0			0.0	0.0	1000.0	1000.0	0.0		0.0		0.0	0.0	0.0	0.0	Squar Milner LLP	true	true		true			"Regulation D.  Private offering of 200 shares of common stock at $5.00 per share to BrixInvest, LLC (formerly, ""Rich Uncles LLC""), the sponsor of the issuer."
0001144204-18-016451	75 Fifth Street, NW	Suite 2170	ATLANTA	GA	30308	404-850-9225	Nick Bhargava	Other	1354170.0	0.0		20598786.0		481047.0		22434003.0	18908689.0			1699259.0	25658127.0	-3224124.0	22434003.0	17477180.0		251431.0		231111.0	-4085485.0	-1.67	-1.67	Hughes Pittman & Gupton, LLP	true	true		true			Regulation A, Rule 506 of Regulation D, Rule 506 of Regulation D, and Regulation A, respectively.
0001144204-18-016256	1729 21st Street		Santa Monica	CA	90404	310-458-5900	Bryan N. Wasser	Other	675157.0	0.0		0.0		631824.0		1400584.0	33894.0			0.0	351465.0	1049119.0	1400584.0	0.0		0.0		6331.0	-2582838.0	0.02	0.02	dbbmckennon	true	true		true		true	
0001193125-18-090428	1817 Olde Homestead Lane, Suite 101		Lancaster	PA	17601	717-398-0700	Kimberly Decker	Other	1268197.0	0.0		11024549.0		0.0		42266991.0	2692232.0			9096403.0	32367861.0	9899130.0	42266991.0	45469232.0		7266788.0		39747.0	2085278.0	0.0	0.0		true	true	false	true		true	
0001144204-18-016051	75 Fifth Street, NW	Suite 2170	ATLANTA	GA	30308	404-850-9225	Nick Bhargava	Other	921594.0	0.0		20120085.0		433452.0		21507228.0	16872490.0			0.0	22787493.0	-1280265.0	21507228.0	804936.0		117587.0		102471.0	-1976473.0	-1.75	-1.75	Hughes Pittman and Gupton LLP	true	true		true			Regulation A, Rule 506 of Regulation D, Rule 506 of Regulation D, and Regulation A, respectively.
0001539497-18-000471	29 Court Dr.		Shrewsbury	NJ	07702	732-977-2192	Gregory Shinnick	Other	0.0	0.0		0.0		0.0		0.0	400.0			0.0	400.0	-400.0	0.0	0.0		579.0		0.0	-579.0	0.0	0.0	PKF O'Connor Davies LLP	true	true		true			"Section 4(a)(2) of the Securities Act of 1933 (Securities Act) as amended by the JOBS Act ""transactions by an issuer not involving any public offering""."
0001376474-18-000054	961 Hillsboro Mile		Hillsboro Beach	FL	33062	561-718-4816	Steven E. Wallace, Esq.	Banking	1000.0	0.0			0.0		0.0	1000.0	0.0		1000.0	0.0	0.0	1000.0	1000.0		0.0		0.0	0.0	0.0	0.0	0.0	----	true	true	false	false	true	true	
0001376474-18-000052	ONE STEUBEN SQUARE		HORNELL	NY	14843-1699	607-324-5010	Brian S. Roth	Banking	10438000.0	177440000.0			314016000.0		6441000.0	526670000.0	4747000.0		428504000.0	2062000.0	471313000.0	55357000.0	526670000.0		19233000.0		1360000.0	530000.0	5404000.0	3.25	3.25	Crowe Horwath LLP	true	true	false	true	false	true	
0001683168-18-000729	30 N. Gould Street	Suite 5187	Sheridan	WY	82801	650-654-4800	John E. Lux, Esq.	Other	35756.0	0.0		82055.0		1206051.0		1325216.0	419070.0			0.0	718182.0	607034.0	1325216.0	140281.0		57443.0		3477.0	-17443.0	0.0	0.0		true	true		true		true	
0001477932-18-001351	48-51 Oceania Street		BAYSIDE	NY	11364	917-582-0011	PAUL CHEN	Other	16000.0	0.0		0.0		0.0		16000.0	2851.0			0.0	2851.0	13149.0	16000.0	0.0		2000.0		0.0	-2000.0	0.0	0.0	PARITZ & COMPANY, P. A.	true	true	false		true	false	All securities issued pursuant to the exemption provided by Regulation D under the Securities Act of 1933, as amended.
0001683168-18-000722	535 FIFTH AVE, 4TH FL.		NEW YORK	NY	10017	845-536-4861	John E. Lux, Esq.	Other	1872.0	0.0		0.0		15138.0		17011.0	2360513.0			0.0	2360516.0	-2343505.0	17011.0	0.0		705238.0		0.0	-705238.0	-0.01	-0.01		true	true		true		true	
0001193125-18-087667	1133 Columbia Street #205		San Diego	CA	92101	619-431-1567	Amit Singh, Esq.	Other	67931.0	0.0		17898.0		54438.0		497510.0	779846.0			1112077.0	2284766.0	0.0	497510.0	441694.0		424583.0		10412.0	0.0	0.0	0.0	PKF, LLP	true	true	false	true		false	The Company relied on Rule 701 and Rule 506 promulgated under the Securities Act of 1933, as amended, in connection with the issuance of options and warrants to purchase common stock.
0001703732-18-000003	5415 W. CEDAR LANE		BETHESDA	MD	20814	6104539079	Kendall Almerico	Other	40500.0	0.0		0.0		0.0		40500.0	269935.54			4242174.46	4512110.0	-4471610.0	40500.0	0.0		586602.63		228312.91	-814915.54	0.03	0.03	IndigoSpire CPA Group, LLC	true	true	true	false	true	true	
0001213900-18-003107	5820 Nancy Ridge Drive		SAN DIEGO	CA	92121	800-268-0719	Jill Broadfoot	Other	76162.0	0.0		0.0		0.0		87412.0	746100.0			0.0	1413970.0	-1326558.0	87412.0	0.0		1318784.0		0.0	-1327558.0	-0.13	-0.13	Deloitte & Touche LLP	true	true		true			Rule 506(b) of Regulation D and  Rule 701 of the Securities Act.
0001214659-18-002200	23901 CALABASAS ROAD	SUITE 2010	CALABASAS	CA	93102	818-737-8000	Markley S. Roderick, Esq.	Other	0.0	0.0		20000.0		0.0		193253.0	201950.0			0.0	201950.0	-8697.0	193253.0	0.0		0.0		0.0	-8697.0	0.0	0.0	Artesian CPA, LLC	true	true		true		true	
0001213900-18-003035	301 E. PINE ST, SUITE 850		ORLANDO	FL	32801	407-986-4234	James S. Byrd, Jr.	Other	2549162.0	0.0		8432353.0		198370.0		11179885.0	942991.0			2022000.0	2964991.0	8214894.0	11179885.0	1271297.0		2702830.0		7360.0	-1438893.0	-0.11	-0.11	Soles, Heyn & Company LLP	true	true		true			506(b) and Regulation A+
0001549212-18-000012	6666 HARWIN DRIVE	SUITE 664	HOUSTON	TX	77036	7132681610	Norman George	Other	45672.0	0.0		0.0		3336.0		101008.0	281096.0			0.0	281096.0	-180088.0	101008.0	36905.0		291353.0		1026.0	-255474.0	0.0	0.0		true	true	false	false	true	false	Regulation A provides that shares sold by an issuer pursuant to that regulation are exempt from registration under Section 5 of the Act.
0001683168-18-000681	2598 East Sunrise Blvd.	Suite 2104	Ft. Lauderdale	FL	33304	954-332-6600	John E. Lux, Esq.	Other	19197.0	0.0		111528.0		0.0		1096200.0	928304.0			1089490.0	2017794.0	-921594.0	1096200.0	6813.0		81190.0		0.0	-74377.0	0.0	0.0	None	true	true		true			Securities Act of 1933, Section 4(2), sales to persons associated with company officers and directors, prior investors and shareholders, noteholders and to the Company's President.
0001213900-18-003023	124 Main Street		Delhi	NY	13753	855-413-3544	Abby E. Brown, Esq.	Banking	3658.0	127001.0			169741.0		3676.0	314450.0	3608.0		280954.0	205.0	288055.0	26395.0	314450.0		8853.0		1162.0	1018.0	1568.0	1.02	1.02	Baker Tilly Virchow Krause, LLP	true	true		true			Exempt offering under Regulation A pursuant to a qualified offering statement dated March 16, 2017.
0001144204-18-014696	11601 Wilshire Boulevard	Suite 1690	Los Angeles	CA	90025	310-421-1030	Jeffrey Karsh	Other	1060552.0	0.0		1363672.0		26946195.0		29984220.0	804987.0			24108644.0	25527089.0	4457131.0	29984220.0	3494724.0		2164760.0		1205386.0	107958.0	-52.02	-52.02	RSM US LLP	true	true		true			Section 4(a)(2). Represents initial capitalization of issuer by sole stockholder.
0001144204-18-014641	2224 Old Middlefield Way		MOUNTAIN VIEW	CA	94043	650-386-5761	Jeanne Campanelli	Other	391723.0	0.0		172543.0		136446.0		954831.0	105609.0			2072731.0	2188261.0	-1233430.0	954831.0	994588.0		823073.0		2677.0	-364505.0	-0.09	-0.09	Fruci & Associates II, PLLC	true	true			true		Regulation D for SAFE agreements and KISS notes, Regulation Crowdfunding for Crowd Notes.
0001733775-18-000005	150 E PALMETTO PARK ROAD, SUITE 800		BOCA RATON	FL	33432	561-465-7580	Stephen Watkins	Other	2969.0	0.0		0.0		12500000.0		12502969.0	0.0			0.0	0.0	12500000.0	12502969.0	0.0		0.0		0.0	0.0	0.0	0.0		true	true	false	true	false	true	
0001193125-18-080991	13455 Noel Road	Suite 100	Dallas	TX	75240	972-450-6000	Chris Williams	Other	6126.0	0.0		100757.0		6638.0		5149083.0	1101070.0			3935037.0	5036107.0	112976.0	5149083.0	3213626.0		3653935.0		4853.0	-630472.0	-0.23	-0.23	Chapman, Hext & Co., P.C.	true	true	false	false		false	17 CFR 230.506(c)
0001493152-18-003300	Hologram USA Theater	6656 Hollywood Blvd.	Los Angeles	CA	90028	877-733-1830	Spencer G. Feldman, Esq.	Other	51000.0	0.0		0.0		229000.0		1057000.0	2781000.0			0.0	4087000.0	-3303000.0	1057000.0	706000.0		572000.0		145000.0	-647000.0	-0.02	-0.02	RBSM LLP	true	true			true		Rule 506(b) of Regulation D under the Securities Act
0001213900-18-002910	2407 Columbia Pike, Suite 200		Arlington	VA	22204	703-920-2200	Markley S. Roderick, Esq.	Other	0.0	0.0		0.0		0.0		80984.0	89048.0			0.0	89048.0	-8064.0	80984.0	0.0		0.0		0.0	-5050.0	0.0	0.0	Artesian CPA, LLC	true	true		true		true	
0001144204-18-014276	75 Fifth Street, NW	Suite 2170	ATLANTA	GA	30308	404-850-9225	Nick Bhargava	Other	921594.0	0.0		20120085.0		433452.0		21507228.0	16872490.0			0.0	22787493.0	-1280265.0	21507228.0	804936.0		117587.0		102471.0	-1976473.0	-1.75	-1.75	Hughes Pittman and Gupton LLP	true	true		true			Regulation A, Rule 506 of Regulation D, Rule 506 of Regulation D, and Regulation A, respectively.
0001730055-18-000007	150 E PALMETTO PARK ROAD, SUITE 800		BOCA RATON	FL	33432	561-465-7580	Stephen Watkins	Other	7.0	0.0		0.0		0.0		30007.0	0.0			30000.0	30000.0	334.0	30007.0	2712.0		2685.0		0.0	27.0	27.0	27.0		true	true	false	true	false	true	
0001437749-18-004432	6165 GREENWICH DRIVE	SUITE 150	SAN DIEGO	CA	92122	310-444-4321	Joe Tagliaferro, Esq.	Other	19697.0	0.0		0.0		8486.0		108125.0	268763.0			0.0	277969.0	-169844.0	108125.0	0.0		571314.0		0.0	-571314.0	-0.01	-0.01	EisnerAmper LLP	true	true	true	false	true	true	
0001683168-18-000635	564 STEVENS AVENUE		SOLANA BEACH	CA	92075	858-225-8998	Jeanne Campanelli	Other	1105593.0	0.0		27937.0		352870.0		3071248.0	840352.0			2546548.0	4228385.0	-1157137.0	3071248.0	3965211.0		1845265.0		94477.0	-1253338.0	-0.14	-0.14	dbbmckennon	true	true			true		Regulation Crowdfunding and Regulation A of the Securities Act.
0001213900-18-002777	9430 Key West Avenue	Suite 100	Rockville	MD	20850	240-453-6339	Louis A. Bevilacqua, Esq.	Other	393790.0	0.0		21832.0		10476.0		781469.0	704055.0			0.0	705555.0	75914.0	781469.0	131750.0		102340.0		6352.0	-708447.0	-0.15	-0.15	dbbmckennon LLC	true	true			true		With respect to the issuance of 327,388 shares noted in the first item, Section 4(a)(6) of the Securities Act and Regulation Crowdfunding promulgated thereunder.  With respect to all other issuances, Section 4(a)(2) of the Securities Act.
0001733775-18-000003	150 E PALMETTO PARK ROAD, SUITE 800		BOCA RATON	FL	33432	561-465-7580	Stephen Watkins	Other	7.0	0.0		0.0		0.0		30007.0	0.0			30000.0	30000.0	334.0	30007.0	2712.0		2685.0		0.0	27.0	27.0	27.0		true	true	false	true	false	true	
0001445866-18-000233	30 N GOULD STREET STE R,		SHERIDAN	WY	82801	307-275-8228	Melandrew Santos	Other	557.0	0.0		0.0		0.0		557.0	0.0			0.0	0.0	557.0	557.0	0.0		2548.0		0.0	-2548.0	0.0	0.0		true	true	false	false	true	true	
0001486452-18-000001	7117 FLORIDA BOULEVARD	SUITE 203	BATON ROUGE	LA	70806	800-584-3808	Eric Newlan	Other	4530.0	0.0		0.0		1284.0		386412.0	172013.0			0.0	1010297.0	-623885.0	386412.0	1049.0		536288.0		0.0	-535239.0	0.0	0.0		true	true	false	true	false	false	Sec.4(a)(2), Sec.4(a)(2), Sec.4(a)(2), Sec.4(a)(1), Sec.4(a)(2), Sec.3(a)(10), Sec.4(a)(1), Sec.4(a)(2), Sec.4(a)(2), Sec.4(a)(2), Sec.4(a)(2), Sec.4(a)(2), Sec.4(a)(2), Sec.4(a)(2) and Regulation A, respectively
0001144204-18-013698	73 Greentree Drive	#558	DOVER	DE	19904	800-372-6095	Jeanne Campanelli	Other	0.0	0.0		4294.8		0.0		4294.8	212642.30000000002			183613.30000000002	396255.60000000003	-391960.8	4294.8	0.0		0.0		0.0	-589131.97	0.0	0.0	Wipfli, LLP	true	true		true			Rule 506(c) of Regulation D for the 8 percent Convertible Promissory Notes due 2020. Regulation A for Series A Non Voting Preferred Stock.
0001445866-18-000232	30 N GOULD STREET STE R,		SHERIDAN	WY	82801	307-275-8228	Melandrew Santos	Other	557.0	0.0		0.0		0.0		557.0	0.0			0.0	0.0	557.0	557.0	0.0		2548.0		0.0	-2548.0	0.0	0.0		true	true	false	false	true	true	
0001733775-18-000001	150 E Palmetto Park Road, Suite 800		Boca Raton	FL	33432	561-465-7580	Stephen Watkins	Other	2969.0	0.0		0.0		12500000.0		12502969.0	0.0			0.0	0.0	12500000.0	12502969.0	0.0		0.0		0.0	0.0	0.0	0.0		true	true	false	true	false	true	
0001654954-18-002281	4 S 2600 W, Suite 5		Hurricane	UT	84737	435-635-7262	Rhys James	Other	194354.0	0.0		0.0		0.0		225000.0	38663.0			0.0	38663.0	186337.0	225000.0	0.0		-13663.0		0.0	-13663.0	0.0	0.0	Tanner LLC	true	true		false	true	false	The Company relied on the private placement exemption in Section 4(a)(2) of the Securities Act of 1933, or the Securities Act, for the issuance of its common units to the Original Members. There was no public solicitation with respect to this issuance.
0001713757-18-000003	4663 South Enterprise Street		BOISE	ID	83705	6123860606	William Rieser	Other	10449.0	0.0		0.0		0.0		10449.0	55.0			0.0	55.0	10394.0	10449.0	0.0		0.0		0.0	-7306.0	0.0	0.0		true	true	false	true	false	false	4 2 sold to friends and business associates without public solicitation
0001213900-18-002620	222 N. Person Street	Suite 010	Raleigh	NC	27601	919-719-4161	Vincent T. Morgus	Other	959.0	0.0		104031.0		0.0		119170.0	477276.0			1171060.0	1662317.0	-1543147.0	119170.0	143953.0		607510.0		0.0	-474885.0	-474885.0	-474885.0	Cherry Bekaert LLP	true	true		true			Rule 506 of Regulation D
0001730055-18-000005	150 E Palmetto Park Road, Suite 800		Boca Raton	FL	33432	561-465-7580	Stephen Watkins	Other	7.0	0.0		0.0		0.0		30007.0	0.0			30000.0	30000.0	334.0	30007.0	2712.0		2685.0		0.0	27.0	27.0	27.0		true	true	false	true	false	true	
0001477932-18-001137	109 E. 17th Street	Suite 4634	Cheyenne	WY	82001	702-706-7011	Harold H. Martin, Esq.	Other	2787.0	0.0		0.0		0.0		2787.0	45823.0			0.0	271724.0	-268937.0	2787.0	0.0		207190.0		0.0	-215113.0	0.0	0.0	none	true	true	false		true	false	Section 4(2) of the Securities Act.
0001683168-18-000588	1 Bridge Plaza	2nd Floor	Fort Lee	NJ	07024	551-486-3980	John E. Lux, Esq.	Other	2542.0	1282475.0		92256.0		1973380.0		3350563.0	1328291.0			0.0	1328291.0	2022272.0	3350563.0	0.0		0.0		0.0	0.0	0.0	0.0		true	true		true		true	
0001683168-18-000585	800 Silks Run Way, Unit #1330		Hallandale Beach	FL	33009	954-332-6600	John E. Lux, Esq.	Other	12261.0	0.0		109364.0		174033.0		1048621.0	976461.0			1164490.0	2140951.0	-1092330.0	1048621.0	21076.0		347121.0		0.0	-326046.0	0.0	0.0	None	true	true		true			Securities Act of 1933, Section 4(2), sales to persons associated with company officers and directors, prior investors and shareholders, noteholders and to the Company's President.
0001214659-18-001775	80 WEST SIERRA BOULEVARD	#141	SIERRA MADRE	CA	91024	6263551049	Ryan Lewis	Other	446.0	0.0		0.0		0.0		446.0	1475.0			0.0	1475.0	-1029.0	446.0	0.0		8229.0		0.0	-9029.0	0.0	0.0	Cashuk, Wiseman, Goldberg, Birnbaum & Salem, LLP	true	true			true	true	
0001213900-18-002530	5820 Nancy Ridge Drive		SAN DIEGO	CA	92121	800-268-0719	Jill Broadfoot	Other	76162.0	0.0		0.0		0.0		87412.0	746100.0			0.0	1413970.0	-1326558.0	87412.0	0.0		1318784.0		0.0	-1327558.0	-0.13	-0.13	Deloitte & Touche LLP	true	true		true			Rule 506(b) of Regulation D and  Rule 701 of the Securities Act.
0001065949-18-000045	11693 SAN VICENTE BOULEVARD, SUITE 445		LOS ANGELES	CA	90049	310-923-2827	Mark J. Richardson, Esq.	Other	20893.0	0.0		0.0		1138710.0		1269993.0	1413765.0			0.0	1847689.0	-577696.0	1269993.0	0.0		0.0		0.0	-326033.0	-0.03	-0.03	dbbmckennon	true	true	false	true	false	false	Exempt offering under Regulation A+ (Tier 2) of the Securities Act of 1933, as amended, from March 22, 2017 until January 25, 2018
0001477932-18-001088	1444 Wazee Street	Suite 350	Denver	CO	80202	800-718-2891	David Crandall, Hogan Lovells	Other	0.0	0.0		0.0		0.0		0.0	0.0			0.0	0.0	0.0	0.0	0.0		0.0		0.0	0.0	0.0	0.0	Hein & Associates LLP	true	true	false		true	false	Exempt from registration under Rule 4(a)(2) of the Securities Act; private placement to founding entity.
0001683168-18-000548	535 FIFTH AVE, 4TH FL.		NEW YORK	NY	10017	845-536-4861	John E. Lux, Esq.	Other	1872.0	0.0		0.0		15138.0		17011.0	2360513.0			0.0	2360516.0	-2343505.0	17011.0	0.0		705238.0		0.0	-705238.0	-0.01	-0.01		true	true		true		true	
0001144204-18-012342	75 Fifth Street, NW	Suite 2170	ATLANTA	GA	30308	404-850-9225	Nick Bhargava	Other	921594.0	0.0		20120085.0		433452.0		21507228.0	16872490.0			0.0	22787493.0	-1280265.0	21507228.0	804936.0		117587.0		102471.0	-1976473.0	-1.75	-1.75	Hughes Pittman and Gupton LLP	true	true		true			Regulation A, Rule 506 of Regulation D, and Rule 506 of Regulation D, respectively.
0001144204-18-012325	4030 Skyron Drive,	Suite F	Doylestown	PA	18902	610-829-1039	Marc Adesso, Esq.	Other	759955.0	0.0		1595956.0		1006063.0		4205919.0	1329730.0			2823013.0	4328486.0	-122567.0	4205919.0	11571468.0		8226062.0		157765.0	440215.0	0.15	0.15	Marcum LLP	true	true			true		Issued as consideration for the acquisition of S.R.M. Entertainment Limited and Ferguson Containers, Inc. under Section 4(a)(2) of the Securities Act of 1933, as amended.
0001686327-18-000002	16500 COLLINS AVE SUITE 1652		SUNNY ISLES BEACH	FL	33160	6466940051	Andy Altahawi	Other	5000.0	0.0		0.0		5500000.0		5505000.0	30000.0			0.0	30000.0	5475000.0	5505000.0	0.0		0.0		0.0	0.0	0.0	0.0	N/A	true	true	false	true	false	false	Section 4(a)(2) - an issuer not involved in any public offering. All securities sold to current directors only.
0001213900-18-002414	10990 Wilshire Blvd.	Penthouse	Los Angeles	CA	90024	844-933-3287	Stephen A. Weiss, Esq.	Other	94000.0	1000000.0		679000.0		728000.0		3547000.0	3083000.0			24008000.0	46760000.0	-43213000.0	3547000.0	12463000.0		8667000.0		176000.0	-15955000.0	-1.56	-1.19	RBSM, LLP	true	true			true		4(2) Private Placements to accredited investors only.
0001079973-18-000129	8085 S. CHESTER STREET, SUITE 108		CENTENNIAL	CO	80112	855-422-8283	Todd Kannegieter	Other	144530.0	0.0		1918434.0		277403.0		2527477.0	2157864.0			445000.0	3022426.0	-494949.0	2527477.0	8897092.0		-6624066.0		0.0	-2298828.0	-0.04	-0.04	N/A	true	true	false	true	false	false	Regulation S, Rule 903
0001477932-18-001050	7343 W. Sand Lake Road	Unit 311	Orlando	FL	32819	321-246-2050	Jillian Sidoti	Other	100.0	0.0		100.0		0.0		100.0	100.0			0.0	100.0	0.0	100.0	0.0		0.0		0.0	0.0	0.0	0.0	Spiegel Accountancy	true	true	false	true		true	
0001493152-18-002621	11921 Freedom Drive	Suite 550	Reston	VA	20190-5667	703-904-4315	Louis A. Bevilacqua, Esq.,	Other	18363.0	0.0		0.0		0.0		43613.0	0.0			0.0	21860.0	21753.0	43613.0	45000.0		30130.0		0.0	14870.0	0.0	0.0	Friedman LLP	true	true			true	true	
0001213900-18-002290	301 E. PINE ST, SUITE 850		ORLANDO	FL	32801	407-986-4234	James S. Byrd, Jr.	Other	2549162.0	0.0		8432353.0		198370.0		11179885.0	942991.0			2022000.0	2964991.0	8214894.0	11179885.0	1271297.0		2702830.0		7360.0	-1438893.0	-0.11	-0.11	Soles, Heyn & Company LLP	true	true		true			506(b) and Regulation A+
0001144204-18-010683	75 Fifth Street, NW	Suite 2170	ATLANTA	GA	30308	404-850-9225	Nick Bhargava	Other	921594.0	0.0		20120085.0		433452.0		21507228.0	16872490.0			0.0	22787493.0	-1280265.0	21507228.0	804936.0		117587.0		102471.0	-1976473.0	-1.75	-1.75	Hughes Pittman and Gupton LLP	true	true		true			Regulation A, Rule 506 of Regulation D, and Rule 506 of Regulation D, respectively.
0001144204-18-010669	11 Cypress Point		Amarillo	TX	79124-4910	619-616-3149	Carlos Arreola	Other	64348.0	0.0		0.0		0.0		64348.0	2583.0			0.0	2583.0	61765.0	64348.0	0.0		171815.0		0.0	-171815.0	0.0	0.0		true	true			true	true	
0001683168-18-000512	116 LAKEWOOD DRIVE		THOMASVILLE	GA	31792	229-224-8636	John Lux	Other	24.0	0.0		154296.0		3485575.0		3639895.0	0.0			2542500.0	3423124.0	216770.0	3639895.0	223914.0		1012470.0		82536.0	-871093.0	0.0	0.0		true	true	true	true			Section 4(2) Securities Act and Rules promulgated thereunder.
0001477932-18-001008	1444 Wazee Street	Suite 350	Denver	CO	80202	800-718-2891	David Crandall, Hogan Lovells	Other	0.0	0.0		0.0		0.0		0.0	0.0			0.0	0.0	0.0	0.0	0.0		0.0		0.0	0.0	0.0	0.0	Hein & Associates LLP	true	true	false		true	false	Exempt from registration under Rule 4(a)(2) of the Securities Act; private placement to founding entity.
0001213900-18-002246	222 N. Person Street	Suite 010	Raleigh	NC	27601	919-719-4161	Vincent T. Morgus	Other	959.0	0.0		104031.0		0.0		119170.0	477276.0			1171060.0	1662317.0	-1543147.0	119170.0	143953.0		607510.0		0.0	-474885.0	-474885.0	-474885.0	Cherry Bekaert LLP	true	true		true			Rule 506 of Regulation D
0001683168-18-000503	800 Silks Run Way, Unit #1330		Hallandale Beach	FL	33009	954-332-6600	John E. Lux, Esq.	Other	12261.0	0.0		109364.0		174033.0		1048621.0	976461.0			1164490.0	2140951.0	-1092330.0	1048621.0	21076.0		347121.0		0.0	-326046.0	0.0	0.0	None	true	true		true			Securities Act of 1933, Section 4(2), sales to persons associated with company officers and directors, prior investors and shareholders, noteholders and to the Company's President.
0001493152-18-002503	13 Summit Square Center - #195		Langhorne	PA	19047-2811	267-560-7183	Lazarus Rothstein, Esq.	Other	639957.0	0.0		0.0		0.0		641790.0	3000.0			0.0	12550.0	638790.0	641790.0	0.0		112373.0		0.0	-112373.0	0.0	0.0		true	true		true			Section 4(a)(2) of the Securities Act of 1933, as amended for transactions by an issuer not involving any public offering.
0001477932-18-000986	1624 Market St #202-90862		Denver	CO	80202	661-418-7842	ANASTASIA SHISHOVA	Other	489196.0	0.0		0.0		504261.0		993457.0	44775.0			177270.0	222045.0	771412.0	993457.0	0.0		626772.0		0.0	-626772.0	-0.02	0.0	Benjamin & Young, LLP	true	true	false		true	false	Exempt from registration under Rule 4(a)(2) of the Securities Act.
0001387131-18-000740	40 Wall Street	60th Floor	New York	NY	10005	212-293-8500	Shaya Berger	Other	1000.0	0.0		0.0		0.0		1000.0	0.0			0.0	0.0	1000.0	1000.0	0.0		0.0		0.0	0.0	0.0	0.0	Roth & Company LLP	true	true		true			Reliance Real Estate Advisors, LLC has purchased 100 common shares for a purchase price of $1,000 in a private offering. Such issuance was exempt from registration requirements of the Securities Act pursuant to Section 4(a)(2) therof.
0001493152-18-002472	7970 S. KYRENE ROAD		TEMPE	AZ	85284	480-968-1488	LAURA ANTHONY	Other	4283216.0	0.0		3725431.0		746289.0		14749739.0	604598.0			122777.0	4704060.0	10045679.0	14749739.0	9460852.0		3280412.0		117108.0	2049979.0	0.26	0.23	Friedman LLP	true	true			true		Section 4(a)(2) of the Securities Act of 1933, as amended for transactions by an issuer not involving any public offering.
0001144204-18-010039	60 South Market Street		San Jose	CA	95113	408-370-1248	Michael Faro	Other	35064.0	0.0		206611.0		7982.0		2331773.0	3989705.0			2084649.0	9096282.0	-6764509.0	2331773.0	4440863.0		3040515.0		2846.0	-4710373.0	-2.2800000000000002	-2.2800000000000002	RBSM LLP	true	true		true			Convertible Notes: Section 4(2) and Rule 506(b) - solely accredited investors  Shares: No cash payment but covered in any event by Regulation S.
0001493152-18-002460	59 WEST 100 SOUTH	SECOND FLOOR	SALT LAKE CITY	UT	84101	801-575-8073	Brian Lebrecht	Other	528755.0	0.0		111283.0		2048343.0		5047806.0	2057904.0			641073.0	10947823.0	-14280065.0	5047806.0	4620201.0		6107797.0		118789.0	-1882808.0	-5.38	-5.38	Sadler Gibb & Associates, LLC	true	true		true			Rule 4(a)(2), Rule 506(b)
0001615774-18-001334	5000 W. Tilghman Street, Suite 249		Allentown	PA	18104-9109	484-712-7372	Melissa L. Lucar - Geraci Law	Other	1000.0	0.0		0.0		0.0		1000.0	0.0			0.0	0.0	1000.0	1000.0	0.0		0.0		0.0	0.0	0.0	0.0	Spiegel Accountancy Corporation	true	true	false	true	false	false	Notes Payable offered by Conquest Funding, Inc., a Pennsylvania corporation. Offering exempt from registration under Regulation D Rule 506(b).
0001264931-18-000019	4640 ADMIRALTY WAY	SUITE 500	MARINA DEL REY	CA	90292	310-496-5744	AUSTIN LEGAL GROUP	Other	9870.0	0.0		0.0		0.0		410978.0	0.0			0.0	984907.0	-573929.0	410978.0	26802.0		-5546.0		723.0	-806657.0	0.0	0.0		true	true		true			Section 4(a)(2) of the Securities Act.
0001646269-18-000005	96 GENDER RD		CANAL WINCHESTER	OH	43110	614-400-3077	Kendall Almerico	Other	396672.0	0.0		0.0		28649553.0		29705928.0	27830673.0			0.0	27830673.0	1875255.0	29705928.0	1497677.0		1772841.0		345425.0	-2305649.0	-0.36	-0.36	Ernst & Young LLP	true	true	true	false	false	false	Regulation A, Tier II
0001688804-18-000004	41 W. 25TH STREET	8TH FLOOR	NEW YORK	NY	10010	3479528058	Max Niederste-Ostholt	Other	289.0	0.0		0.0		481601.0		481890.0	21003.0			389571.0	410574.0	71316.0	481890.0	0.0		9853.0		0.0	-9853.0	0.0	0.0	EisnerAmper LLP	true	true	false	true	false	false	Rule 506(c) - sale to verified accredited investors of interests in Series #77LE1
0001144204-18-009634	2224 Old Middlefield Way		MOUNTAIN VIEW	CA	94043	650-386-5761	Jeanne Campanelli	Other	391723.0	0.0		172543.0		136446.0		954831.0	105609.0			2072731.0	2188261.0	-1233430.0	954831.0	994588.0		823073.0		2677.0	-364505.0	-0.09	-0.09	Fruci & Associates II, PLLC	true	true			true		Regulation D for SAFE agreements and KISS notes, Regulation Crowdfunding for Crowd Notes.
0001697746-18-000004	2906 E CALEY AVENUE		CENTENNIAL	CO	80121	7203642476	Tim Spiel	Other	113.0	0.0		0.0		3230.0		3343.0	75000.0			0.0	75000.0	0.0	3343.0	0.0		71770.0		570.0	-71770.0	-0.01	-0.01		true	true	false	true	false	true	
0001646269-18-000004	96 GENDER RD		CANAL WINCHESTER	OH	43110	614-400-3077	Kendall Almerico	Other	396672.0	0.0		0.0		28649553.0		29705928.0	27830673.0			0.0	27830673.0	1875255.0	29705928.0	1497677.0		1772841.0		345425.0	-2305649.0	-0.36	-0.36	Ernst & Young LLP	true	true	true	false	true	false	Regulation A, Tier II
0001193125-18-046775	13455 Noel Road	Suite 100	Dallas	TX	75240	972-450-6000	Chris Williams	Other	6126.0	0.0		100757.0		6638.0		5149083.0	1101070.0			3935037.0	5036107.0	112976.0	5149083.0	3213626.0		3653935.0		4853.0	-630472.0	-0.23	-0.23	Chapman, Hext & Co., P.C.	true	true	false	false		false	17 CFR 230.506(c)
0001703732-18-000002	5415 W. CEDAR LANE		BETHESDA	MD	20814	6104539079	Kendall Almerico	Other	40500.0	0.0		0.0		0.0		40500.0	269935.54			4242174.46	4512110.0	-4471610.0	40500.0	0.0		586602.63		228312.91	-814915.54	0.03	0.03	IndigoSpire CPA Group, LLC	true	true	true	false	true	true	
0001493152-18-002155	2200 Space Park Drive	Suite 310	HOUSTON	TX	77058	732-669-1200	LAURA ANTHONY	Other	230976.0	0.0		263233.0		1674878.0		9080945.0	1899099.0			193292.0	5593562.0	3487383.0	9080945.0	3890822.0		3444776.0		167872.0	-6993155.0	-1.0	-1.0	Marcum LLP	true	true			true		The foregoing issuances were pursuant to Rule 506 of Regulation D, Section 4(2) and Rule 701 of the Securities Act of 1933, as amended, for transactions by an issuer not involving any public offering.
0001697746-18-000001	2906 E Caley Avenue		Centennial	CO	80121	7203642476	Tim Spiel	Other	113.0	0.0		0.0		3230.0		3343.0	75000.0			0.0	75000.0	0.0	3343.0	0.0		71770.0		570.0	-71770.0	-0.01	-0.01		true	true	false	true	false	true	
0001144204-18-008607	1105 Green Grove Road		Neptune	NJ	07753	732-918-8004	LAURA ANTHONY	Other	14264.0	301.0		806504.0		1845510.0		5859863.0	1340773.0			2437144.0	4933032.0	926831.0	5859863.0	4939995.0		4816798.0		101385.0	157662.0	0.0	0.0	Sadler, Gibb & Associates, LLC	true	true		true			The foregoing issuances were pursuant to Section 4(2) of the Securities Act of 1933, as amended, for transactions by an issuer not involving any public offering.
0001104659-18-009383	96 Spring St.	6th Floor	New York	NY	10012	646-780-5451	Stephane De Baets	Other	5356885.0	0.0		687077.0		96699926.0		106481347.0	4403672.0			119374832.0	126366415.0	-19885068.0	106481347.0	34933207.0		16822604.0		3786012.0	162963.0	0.0	0.0	Grant Thornton LLP	true	true	false	false	true	false	Section 4(a)(2) of the Securities Act as a transaction by an issuer not involving a public offering
0001477932-18-000818	1444 Wazee Street	Suite 350	Denver	CO	80202	800-718-2891	David Crandall, Hogan Lovells	Other	0.0	0.0		0.0		0.0		0.0	0.0			0.0	0.0	0.0	0.0	0.0		0.0		0.0	0.0	0.0	0.0	Hein & Associates LLP	true	true	false		true	false	Exempt from registration under Rule 4(a)(2) of the Securities Act; private placement to founding entity.
0001213900-18-001618	10990 Wilshire Blvd.	Penthouse	Los Angeles	CA	90024	844-933-3287	Stephen A. Weiss, Esq.	Other	94000.0	1000000.0		679000.0		728000.0		3547000.0	3083000.0			24008000.0	46760000.0	-43213000.0	3547000.0	12463000.0		8667000.0		176000.0	-15955000.0	-1.56	-1.19	RBSM, LLP	true	true			true		4(2) Private Placements to accredited investors only.
0001437749-18-002246	601 S. FIGUEROA ST	SUITE 4050	LOS ANGELES	CA	90017	213-337-6784	Andre L. Ligon	Other	0.0	0.0		0.0		439160.0		439160.0	300000.0			222960.0	522960.0	83800.0	439160.0	0.0		0.0		0.0	0.0	0.0	0.0		true	true	false	true	false	true	
0001724115-18-000003	688 MERIDIAN AVE, STE 700		MIAMI BEACH	FL	33139	9492753697	Andy Altahawi/Adamson Brothers	Other	22500.0	0.0		0.0		0.0		22500.0	814.0			25000.0	25814.0	-3314.0	22500.0	0.0		0.0		0.0	0.0	0.0	0.0	IndigoSpire CPA Group, LLC	true	true	false	true	false	false	Section 4(a)(2) - an issuer not involved in any public offering. All securities sold to current directors, and or Exempt from registration of the securities act.
0001104659-18-008137	96 Spring St.	6th Floor	New York	NY	10012	646-780-5451	Stephane De Baets	Other	5356885.0	0.0		687077.0		96699926.0		106481347.0	4403672.0			119374832.0	126366415.0	-19885068.0	106481347.0	34933207.0		16822604.0		3786012.0	162963.0	0.0	0.0	Grant Thornton LLP	true	true	false	false	true	false	Section 4(a)(2) of the Securities Act as a transaction by an issuer not involving a public offering
0001213900-18-001539	2299 Perimeter Park Drive	Suite 120	Atlanta	GA	30341	470-475-1035	Larry Xianghong Wu	Other	351298.0	0.0		201750.0		4725.0		7337066.0	40887.0			0.0	40887.0	7296179.0	7337066.0	318430.0		96480.0		919.0	221031.0	0.05	0.05	Daszkal Bolton LLP	true	true		true			Section 4(a)(2) and Rule 506(b) of Regulation D promulgated thereunder and/or Regulation S.  The limited partner interests were offered and sold outside the U.S. solely to accredited investors who were non-U.S. persons
0001549212-18-000007	6666 HARWIN DRIVE	SUITE 664	HOUSTON	TX	77036	7132681610	Norman George	Other	45672.0	52000.0		0.0		3336.0		101008.0	281096.0			0.0	281096.0	-180088.0	101008.0	36905.0		291353.0		1026.0	-255474.0	0.0	0.0		true	true	false	false	true	true	
0001213900-18-001500	10990 Wilshire Blvd.	Penthouse	Los Angeles	CA	90024	844-933-3287	Stephen A. Weiss, Esq.	Other	94000.0	1000000.0		679000.0		728000.0		3547000.0	3083000.0			24008000.0	46760000.0	-43213000.0	3547000.0	12463000.0		8667000.0		176000.0	-15955000.0	-1.56	-1.19	RBSM, LLP	true	true			true		4(2) Private Placements to accredited investors only.
0001493152-18-001671	59 WEST 100 SOUTH	SECOND FLOOR	SALT LAKE CITY	UT	84101	801-575-8073	Brian Lebrecht	Other	528755.0	0.0		111283.0		2048343.0		5047806.0	2057904.0			641073.0	10947823.0	-14280065.0	5047806.0	4620201.0		6107797.0		118789.0	-1882808.0	-5.38	-5.38	Sadler Gibb & Associates, LLC	true	true		true			Rule 4(a)(2), Rule 506(b)
0001193125-18-036459	13455 Noel Road	Suite 100	Dallas	TX	75240	972-450-6000	Chris Williams	Other	6126.0	0.0		100757.0		6638.0		5149083.0	1101070.0			3935037.0	5036107.0	112976.0	5149083.0	3213626.0		3653935.0		4853.0	-630472.0	-0.23	-0.23	Chapman, Hext & Co., P.C.	true	true	false	false		false	17 CFR 230.506(c)
0001193125-18-036079	9755 SW BARNES ROAD, Suite 420		Portland	OR	97225	503-225-0300	Gregory E. Struxness	Other	953030.0	0.0		1031322.0		3386111.0		73748589.0	0.0			0.0	54008733.0	19739856.0	73748589.0	5867798.0		4456838.0		0.0	1412332.0	0.07	0.07	Armanino LLP	true	true	false	true		false	All securities issued pursuant to the exemption provided by Rule 506(b) of Regulation D under the Securities Act of 1933, as amended.
0001395005-18-000007	1320 CENTRAL PARK BLVD	SUITE 200	FREDERICKSBURG	VA	22401	540-736-3069	SPENCER PAYNE	Other	1115.0	0.0		0.0		0.0		6115.0	12854.0			52613.0	65467.0	59352.0	6115.0	0.0		69603.0		0.0	-69603.0	0.0	0.0		true	true	false	true	false	false	Section 4(a)(2)
0001549212-18-000005	78 READE STREET	SUITE 4FW	NEW YORK	NY	10007	212-349-7068	William Eilers	Other	54973.0	0.0		0.0		218235.0		535608.0	3268341.0			256883.0	3525224.0	-2989616.0	535608.0	0.0		296440.0		0.0	-296440.0	0.0	0.0		true	true	false	true	false	false	Section 4(2) and Section 3(a)(10)
0001144204-18-006258	75 Fifth Street, NW	Suite 2170	ATLANTA	GA	30308	404-850-9225	Brian S. Korn, Esq.	Other	921594.0	0.0		20120085.0		433452.0		21507228.0	16872490.0			0.0	22787493.0	-1280265.0	21507228.0	804936.0		117587.0		102471.0	-1976473.0	-1.75	-1.75	Hughes Pittman and Gupton LLP	true	true		true			Regulation A, Rule 506 of Regulation D, and Rule 506 of Regulation D, respectively.
0001213900-18-001376	4502 Starkey Road	Suite 109	Roanoke	VA	24018	844-704-0525	Adrian Rich & Anthony Epps	Other	1192813.0	0.0		0.0		619271.0		5663876.0	1765172.0			3820531.0	9762613.0	-4098737.0	5663876.0	0.0		0.0		49573.0	-7357904.0	2.94	2.94	Marcum LLP	true	true			true		The foregoing issuances were pursuant to Rule 701 or Section 4(a)(2) of the Securities Act of 1933, as amended.
0001387131-18-000474	40 Wall Street	60th Floor	New York	NY	10005	212-293-8500	Shaya Berger	Other	1000.0	0.0		0.0		0.0		1000.0	0.0			0.0	0.0	1000.0	1000.0	0.0		0.0		0.0	0.0	0.0	0.0	Roth & Company LLP	true	true		true			Reliance Real Estate Advisors, LLC has purchased 100 common shares for a purchase price of $1,000 in a private offering. Such issuance was exempt from registration requirements of the Securities Act pursuant to Section 4(a)(2) therof.
0001722266-18-000002	9050 N. CAPITAL OF TEXAS HIGHWAY	SUITE 320	AUSTIN	TX	78759	512-872-2898	Terrence Griffiths	Other	0.0	0.0		0.0		0.0		0.0	0.0			0.0	0.0	0.0	0.0	0.0		0.0		0.0	0.0	0.0	0.0	Cohn Reznick	true	true	false	true	false	true	
0001493152-18-001482	342 N. Canon Drive		Beverly Hills	CA	90210	877-733-1830	Spencer G. Feldman, Esq.	Other	51000.0	0.0		0.0		229000.0		1057000.0	2781000.0			0.0	4087000.0	-3303000.0	1057000.0	706000.0		572000.0		145000.0	-647000.0	-0.02	-0.02	RBSM LLP	true	true			true		Rule 506(b) of Regulation D under the Securities Act
0001079973-18-000089	8085 S. CHESTER STREET, SUITE 108		CENTENNIAL	CO	80112	855-422-8283	Todd Kannegieter	Other	144530.0	0.0		1918434.0		277403.0		2527477.0	2157864.0			445000.0	3022426.0	-494949.0	2527477.0	8897092.0		-6624066.0		0.0	-2298828.0	-0.04	-0.04	N/A	true	true	false	true	false	false	Regulation S, Rule 903
0001264931-18-000014	10219 SE LENNARD ROAD		PORT ST. LUCIE	FL	34952	772-335-5550	AUSTIN LEGAL GROUP	Other	1284.0	0.0		0.0		0.0		133784.0	395256.0			0.0	786766.0	-652982.0	133784.0	1400.0		16100.0		20921.0	-537078.0	0.0	0.0		true	true		true			Section 4(a)(2) of the Securities Act.
0001683168-18-000304	535 FIFTH AVE, 4TH FL.		NEW YORK	NY	10017	845-536-4861	John E. Lux, Esq.	Other	1872.0	0.0		0.0		15138.0		17011.0	2360513.0			0.0	2360516.0	-2343505.0	17011.0	0.0		705238.0		0.0	-705238.0	-0.01	-0.01		true	true		true		true	
0001144204-18-005580	75 Fifth Street, NW	Suite 2170	ATLANTA	GA	30308	404-850-9225	Nick Bhargava	Other	921594.0	0.0		20120085.0		433452.0		21507228.0	16872490.0			0.0	22787493.0	-1280265.0	21507228.0	804936.0		117587.0		102471.0	-1976473.0	-1.75	-1.75	Hughes Pittman and Gupton LLP	true	true		true			Regulation A, Rule 506 of Regulation D, and Rule 506 of Regulation D, respectively.
0001213900-18-001255	4502 Starkey Road	Suite 109	Roanoke	VA	24018	844-704-0525	Adrian Rich & Anthony Epps	Other	1192813.0	0.0		0.0		619271.0		5663876.0	1765172.0			3820531.0	9762613.0	-4098737.0	5663876.0	0.0		0.0		49573.0	-7357904.0	2.94	2.94	Marcum LLP	true	true			true		The foregoing issuances were pursuant to Rule 701 or Section 4(a)(2) of the Securities Act of 1933, as amended.
0001493152-18-001428	13 Summit Square Center - #195		Langhorne	PA	19047-2811	267-560-7183	Lazarus Rothstein, Esq.	Other	639957.0	0.0		0.0		0.0		641790.0	3000.0			0.0	12550.0	638790.0	641790.0	0.0		112373.0		0.0	-112373.0	0.0	0.0		true	true		true			Section 4(a)(2) of the Securities Act of 1933, as amended for transactions by an issuer not involving any public offering.
0001658959-18-000007	110 ALPHA PARK		CLEVELAND	OH	44143	440-573-0008	Geoffrey Ashburne	Other	508.0	0.0		110354.0		2784.0		1340811.0	1908382.0			3585718.0	5494101.0	-4153290.0	1340811.0	307752.0		1360437.0		226.0	-1028556.0	-0.02	-0.02	Artesian CPA, LLC	true	true	false	false	true	true	
0001658959-18-000005	110 ALPHA PARK		CLEVELAND	OH	44143	440-573-0008	Geoffrey Ashburne	Other	508.0	0.0		110354.0		2784.0		1340811.0	1908382.0			3585718.0	5494101.0	-4153290.0	1340811.0	307752.0		1360437.0		226.0	-1028556.0	-0.02	-0.02	Artesian CPA, LLC	true	true	false	false	true	true	
0001213900-18-001199	222 N. Person Street	Suite 010	Raleigh	NC	27601	919-719-4161	Vincent T. Morgus	Other	959.0	0.0		104031.0		0.0		119170.0	477276.0			1171060.0	1662317.0	-1543147.0	119170.0	143953.0		607510.0		0.0	-474885.0	-474885.0	-474885.0	Cherry Bekaert LLP	true	true		true			Rule 506 of Regulation D
0001658959-18-000004	110 ALPHA PARK		CLEVELAND	OH	44143	440-573-0008	Geoffrey Ashburne	Other	508.0	0.0		110354.0		2784.0		1340811.0	1908382.0			3585718.0	5494101.0	-4153290.0	1340811.0	307752.0		1360437.0		226.0	-1028556.0	-0.02	-0.02	Artesian CPA, LLC	true	true	false	false	true	true	
0001213900-18-001197	301 E. PINE ST, SUITE 850		ORLANDO	FL	32801	407-986-4234	James S. Byrd, Jr.	Other	2549162.27	0.0		8432352.55		198370.33000000002		11179885.15	532991.31			2432000.0	2964991.31	8214893.84	11179885.15	1271297.01		2702830.05		7360.01	-1438893.05	-0.11	-0.11	Soles, Heyn & Company LLP	true	true		true			506(b) and Regulation A+
0000939798-18-000004	212 E Hillsboro Blvd	Suite 1661	Deerfield Beach	FL	33441	786-765-0750	Gary R Henrie	Other	22162.0	0.0		0.0		31137.0		112780.0	5000.0			0.0	5000.0	107780.0	112780.0	282938.0		230332.0		0.0	51331.0	0.0	0.0	Mac Accounting Group, LLP	true	true	false	true	false	true	
0001437749-18-001497	6165 GREENWICH DRIVE	SUITE 150	SAN DIEGO	CA	92122	310-444-4321	Joe Tagliaferro, Esq.	Other	19697.0	0.0		0.0		8486.0		108125.0	268763.0			0.0	277969.0	-169844.0	108125.0	0.0		571314.0		0.0	-571314.0	-0.01	-0.01	EisnerAmper LLP	true	true	true	false	true	true	
0001144204-18-005207	60 South Market Street		San Jose	CA	95113	408-370-1248	Michael Faro	Other	35064.0	0.0		206611.0		7982.0		2331773.0	3989705.0			2084649.0	9096282.0	-6764509.0	2331773.0	4440863.0		3040515.0		2846.0	-4710373.0	-2.2800000000000002	-2.2800000000000002	RBSM LLP	true	true		true			Convertible Notes: Section 4(2) and Rule 506(b) - solely accredited investors  Shares: No cash payment but covered in any event by Regulation S.
0001104659-18-005778	319 South Sheridan Boulevard		Lakewood	CO	80226	303-209-8600	Christian E. Otteson	Banking	3748505.0	38297094.0			114671262.0		1512316.0	167633892.0	357085.0		134775383.0	7400000.0	143496068.0	24137824.0	167633892.0		4548515.0		1056227.0	89217.0	788326.0	0.29	0.29	Eide Bailly LLP	true	true	false	true	false	false	Rule 701 under the Securities Act of 1933, as amended.
0001658959-18-000003	110 ALPHA PARK		CLEVELAND	OH	44143	440-573-0008	Geoffrey Ashburne	Other	508.0	0.0		110354.0		2784.0		1340811.0	1908382.0			3585718.0	5494101.0	-4153290.0	1340811.0	307752.0		1360437.0		226.0	-1028556.0	-0.02	-0.02	Artesian CPA, LLC	true	true	false	false	true	true	
0001654954-18-000873	55 5th Avenue	Suite 1702	New York	NY	10003	347-491-4011	Teresa Goody	Other	259249.0	0.0		30000.0		0.0		401332.0	0.0			0.0	0.0	401332.0	401332.0	0.0		51167.0		0.0	-51167.0	0.0	0.0	Rosenberg Rich Baker Berman & Company	true	true	false	false	false	false	Issuances in non-public transactions exempt from registration under the private offering exemption of Section 4(a)(2) of the Securities Act.
0001722266-18-000001	9050 N. CAPITAL OF TEXAS HIGHWAY	SUITE 320	AUSTIN	TX	78759	512-872-2898	Terrence Griffiths	Other	0.0	0.0		0.0		0.0		0.0	0.0			0.0	0.0	0.0	0.0	0.0		0.0		0.0	0.0	0.0	0.0	Cohn Reznick	true	true	false	true	false	true	
0001144204-18-004542	1900 Market Street		Philadelphia	PA	19103	650-477-5525	Jeffrey Marks	Other	12593.0	0.0		0.0		0.0		13527.0	1000.0			0.0	25482.0	-11955.0	13527.0	26182.0		3995.0		0.0	-23142.0	0.0	0.0	dbbMcKennon	true	true		true			Regulation CF
0001477932-18-000550	C/O TULSA FOUNDERS, LLC	2221 PEACHTREE ROAD NE, SUITE D380	Atlanta	GA	30309	888-564-6562	Jillian Sidoti, Esq.	Other	0.0	0.0		15350.0		0.0		15350.0	15350.0			0.0	15350.0	0.0	15350.0	0.0		0.0		0.0	0.0	1.0	1.0	Artesian CPA	true	true	false	true		true	
0001213900-18-000990	10990 Wilshire Blvd.	Penthouse	Los Angeles	CA	90024	844-933-3287	Stephen A. Weiss, Esq.	Other	94000.0	1000000.0		679000.0		728000.0		3547000.0	3083000.0			24008000.0	46760000.0	-43213000.0	3547000.0	12463000.0		8667000.0		176000.0	-15955000.0	-1.56	-1.19	RBSM, LLP	true	true			true		4(2) Private Placements to accredited investors only.
0001213900-18-000963	Mizner Park, 433 Plaza Real, Ste. 335		Boca Raton	FL	33432	561-886-3232	Hamid Hashemi	Other	4653481.0	0.0		4080789.0		164439145.0		177448239.0	20288567.0			172712556.0	271369405.0	-93921166.0	177448239.0	124815697.0		132214347.0		16019403.0	-34223126.0	0.0	0.0	Crowe Horwath LLP	true	true			true		Private Placements for LLC Membership Units were conducted under Rule 506(b) to accredited investors without general solicitation.
0001387131-18-000278	48 Wall Street	Suite 1100	New York	NY	10005	212-203-7229	Jarvis J. Lagman	Other	42003.0	1185205.0		18538.0		0.0		1245746.0	1986609.0			0.0	1986609.0	-740863.0	1245746.0	0.0		-242124.0		0.0	-240543.0	0.01	0.01		true	true	false	true	false	false	12,500,000 common stock shares were issued to Franky Yason, an officer and director of the Company, at par value per share. These shares were issued in reliance on the exemption from registration under Section 4(a)2 of the Securities Act.
0001654954-18-000778	73 Greentree Drive	#558	Dover	DE	19904	800-372-6095	Jeanne Campanelli	Other	0.0	0.0		4294.8		0.0		4294.8	212642.30000000002			183613.30000000002	396255.60000000003	-391960.8	4294.8	0.0		0.0		0.0	-589131.97	0.0	0.0	Wipfli, LLP	true	true		true		false	Rule 506(c) of Regulation D for the 8 percent Convertible Promissory Notes due 2020. Regulation A for Series A NonVoting Preferred Stock.
0001415889-18-000133	55 5TH AVENUE	SUITE 1702	NEW YORK	NY	10003	347-491-4011	Teresa Goody	Other	259249.0	0.0		30000.0		0.0		401332.0	0.0			0.0	0.0	401332.0	401332.0	0.0		51167.0		0.0	-51167.0	0.0	0.0	Rosenberg Rich Baker Berman & Company	true	true	false	false	true	false	Issuances in non-public transactions exempt from registration under the private offering exemption of Section 4(a)(2) of the Securities Act.
0001213900-18-000900	10990 Wilshire Blvd.	Penthouse	Los Angeles	CA	90024	844-933-3287	Stephen A. Weiss, Esq.	Other	94000.0	1000000.0		679000.0		728000.0		3547000.0	3083000.0			24008000.0	46760000.0	-43213000.0	3547000.0	12463000.0		8667000.0		176000.0	-15955000.0	-1.56	-1.19	RBSM, LLP	true	true			true		4(2) Private Placements to accredited investors only.
0001213900-18-000895	301 E. PINE ST, SUITE 850		ORLANDO	FL	32801	407-986-4234	James S. Byrd, Jr.	Other	2549162.27	0.0		8432352.55		198370.33000000002		11179885.15	532991.31			2432000.0	2964991.31	8214893.84	11179885.15	1271297.01		2702830.05		7360.01	-1438893.05	-0.11	-0.11	Soles, Heyn & Company LLP	true	true		true			506(b) and Regulation A+
0001144204-18-003566	75 Fifth Street, NW	Suite 2170	ATLANTA	GA	30308	404-850-9225	Nick Bhargava	Other	921594.0	0.0		20120085.0		433452.0		21507228.0	16872490.0			0.0	22787493.0	-1280265.0	21507228.0	804936.0		117587.0		102471.0	-1976473.0	-1.75	-1.75	Hughes Pittman and Gupton LLP	true	true		true			Regulation A, Rule 506 of Regulation D, and Rule 506 of Regulation D, respectively.
0001477932-18-000457	8541 E. Anderson Dr.	Suite 100	Scottsdale	AZ	85255	480-861-4500	Michael Williams	Other	0.0	0.0		0.0		0.0		0.0	55320.0			0.0	55320.0	-55320.0	0.0	0.0		0.0		0.0	-55830.0	0.0	0.0	Artesian CPA	true	true	false	true		false	Section 4(2) of 1933 Act
0001646269-18-000001	96 Gender Rd		Canal Winchester	OH	43110	614-400-3077	Kendall Almerico	Other	396672.0	0.0		0.0		28649553.0		29705928.0	27830673.0			0.0	27830673.0	1875255.0	29705928.0	1497677.0		1685060.0		345425.0	-2305649.0	-0.36	-0.36	Ernst Young	true	true	true	false	false	true	
0001477932-18-000441	1444 Wazee Street	Suite 350	Denver	CO	80202	800-718-2891	David Crandall, Hogan Lovells	Other	0.0	0.0		0.0		0.0		0.0	0.0			0.0	0.0	0.0	0.0	0.0		0.0		0.0	0.0	0.0	0.0	Hein & Associates LLP	true	true	false		true	false	Exempt from registration under Rule 4(a)(2) of the Securities Act; private placement to founding entity.
0001144204-18-003243	16561 N 92ND STREET	SUITE 101	SCOTTSDALE	AZ	85260	888-880-7888	Jamie Ostrow	Other	98318.0	0.0		31040.0		824066.0		1432266.0	462915.0			1073949.0	1961076.0	-528810.0	1432266.0	664499.0		105530.0		16407.0	-179261.0	0.0	0.0	Holthouse Carlin & Van Trigt LLP	true	true			true		Section 4(a)(2) of the Securities Act
0001144204-18-003117	75 Fifth Street, NW	Suite 2170	ATLANTA	GA	30308	404-850-9225	Brian S. Korn, Esq.	Other	921594.0	0.0		20120085.0		433452.0		21507228.0	16872490.0			0.0	22787493.0	-1280265.0	21507228.0	804936.0		117587.0		102471.0	-1976473.0	-1.75	-1.75	Hughes Pittman and Gupton LLP	true	true		true			Regulation A, Rule 506 of Regulation D, and Rule 506 of Regulation D, respectively.
0001477932-18-000412	C/O TULSA FOUNDERS, LLC	2221 PEACHTREE ROAD NE, SUITE D380	Atlanta	GA	30309	888-564-6562	Jillian Sidoti, Esq.	Other	0.0	0.0		15350.0		0.0		15350.0	15350.0			0.0	15350.0	0.0	15350.0	0.0		0.0		0.0	0.0	1.0	1.0	Artesian CPA	true	true	false	true		true	
0001193125-18-015840	13455 Noel Road	Suite 100	Dallas	TX	75240	972-450-6000	Chris Williams	Other	6126.0	0.0		100757.0		6638.0		5149083.0	1101070.0			3935037.0	5036107.0	112976.0	5149083.0	3213626.0		3653935.0		4853.0	-630472.0	-0.23	-0.23	Chapman, Hext & Co., P.C.	true	true	false	false		false	17 CFR 230.506(c)
0001477932-18-000410	318 Half Day Road	Suite 201	Buffalo Grove	IL	60089	224-602-9569	Jillian Sidoti, Esq.	Other	600427.0	0.0		0.0		0.0		600427.0	602579.0			0.0	602579.0	-2152.0	600427.0	0.0		1831.0		0.0	-1831.0	0.0	0.0	IndigoSpire	true	true	false		true	true	
0001654954-18-000597	55 5th Avenue	Suite 1702	New York	NY	10003	347-491-4011	Teresa Goody	Other	259249.0	0.0		30000.0		0.0		401332.0	0.0			0.0	0.0	401332.0	401332.0	0.0		51167.0		0.0	-51167.0	0.0	0.0	Rosenberg Rich Baker Berman & Company	true	true		false	true	false	Issuances in non-public transactions exempt from registration under the private offering exemption of Section 4(a)(2) of the Securities Act.
0001104659-18-003066	96 Spring St.	6th Floor	New York	NY	10012	646-780-5451	Stephane De Baets	Other	5356885.0	0.0		687077.0		96699926.0		106481347.0	4403672.0			119374832.0	126366415.0	-19885068.0	106481347.0	34933207.0		16822604.0		3786012.0	162963.0	0.0	0.0	Grant Thornton LLP	true	true	false	false	true	false	Section 4(a)(2) of the Securities Act as a transaction by an issuer not involving a public offering
0001144204-18-002814	2224 Old Middlefield Way		MOUNTAIN VIEW	CA	94043	650-386-5761	Jeanne Campanelli	Other	391723.0	0.0		172543.0		136446.0		954831.0	105609.0			2072731.0	2188261.0	-1233430.0	954831.0	994588.0		823073.0		2677.0	-364505.0	-0.09	-0.09	Fruci & Associates II, PLLC	true	true			true		Regulation D for SAFE agreements and KISS notes, Regulation Crowdfunding for Crowd Notes.
0001104659-18-003025	2245 Northwood Drive		Salisbury	MD	21801	410-548-1100	Noel Gruber	Banking	35648107.0	47814584.0			442257901.0		7595944.0	537464850.0	624109.0		442100815.0	46476786.0	489201710.0	48263140.0	537464850.0		11309735.0		1417829.0	400370.0	2165486.0	0.26	0.26	TGM Group LLC	true	true	false	true	false	true	
0001686327-18-000001	16500 COLLINS AVE SUITE 1652		SUNNY ISLES BEACH	FL	33160	6466940051	Andy Altahawi	Other	0.0	0.0		0.0		0.0		0.0	45000.0			0.0	45000.0	-45000.0	0.0	0.0		0.0		0.0	0.0	0.0	0.0	N/A	true	true	false	true	false	false	Section 4(a)(2) - an issuer not involved in any public offering. All securities sold to current directors only.
0001683168-18-000181	116 LAKEWOOD DRIVE		THOMASVILLE	GA	31792	229-224-8636	John Lux	Other	5866.0	0.0		1296.0		3523086.0		3620248.0	579350.0			2542500.0	3121850.0	498398.0	3620248.0	109444.0		344473.0		20634.0	-255623.0	0.0	0.0		true	true	true	true			Section 4(2) Securities Act and Rules promulgated thereunder.
0001663577-18-000027	2120 March Rd		Roseville	CA	95747	912-226-2802	Paul Bianchi	Other	384159.0	0.0		2570690.0		1521310.0		6048385.0	3011472.0			5284019.0	10157279.0	-4108894.0	6048385.0	21243798.0		17619506.0		66326.0	-1215200.0	0.0	0.0		true	true	true		true		Section 4(a)(2) of the Securities Act of 1933, as amended
0001144204-18-002617	75 Fifth Street, NW	Suite 2170	ATLANTA	GA	30308	404-850-9225	Nick Bhargava	Other	921594.0	0.0		20120085.0		433452.0		21507228.0	16872490.0			0.0	22787493.0	-1280265.0	21507228.0	804936.0		117587.0		102471.0	-1976473.0	-1.75	-1.75	Hughes Pittman and Gupton LLP	true	true		true			Regulation A, Rule 506 of Regulation D, and Rule 506 of Regulation D, respectively.
0001437749-18-000769	601 FIGUEROA ST	SUITE 4050	LOS ANGELES	CA	90017	213-337-6784	Andre L. Ligon	Other	0.0	0.0		0.0		439160.0		439160.0	300000.0			222960.0	522960.0	83800.0	439160.0	0.0		0.0		0.0	0.0	0.0	0.0		true	true	false	true	false	true	
0001683168-18-000156	535 FIFTH AVE, 4TH FL.		NEW YORK	NY	10017	845-536-4861	John E. Lux, Esq.	Other	1872.0	0.0		0.0		15138.0		17011.0	2360513.0			0.0	2360516.0	-2343505.0	17011.0	0.0		705238.0		0.0	-705238.0	-0.01	-0.01		true	true		true		true	
0001477932-18-000266	15 Warren Street	Suite 25	Hackensack	NJ	07601	929-462-9777	Jillian Sidoti	Other	34974.0	0.0		35000.0		0.0		69974.0	70000.0			0.0	70000.0	-26.0	69974.0	0.0		26.0		0.0	-26.0	0.0	0.0	IndigoSpire CPA Group, LLC	true	true	false		true	false	Section 4(2), 10 shares of our Common Stock were sold to our CEO.
0001144204-18-002137	16561 N 92ND STREET	SUITE 101	SCOTTSDALE	AZ	85260	888-880-7888	Jamie Ostrow	Other	98318.0	0.0		31040.0		824066.0		1432266.0	462915.0			1073949.0	1961076.0	-528810.0	1432266.0	664499.0		105530.0		16407.0	-179261.0	0.0	0.0	Holthouse Carlin & Van Trigt LLP	true	true			true		Section 4(a)(2) of the Securities Act
0001144204-18-002062	3090 BRISTOL STREET		COSTA MESA	CA	92626	855-742-4862	Gregory W. Preston, Esq.	Other	1000.0	0.0		0.0		0.0		1000.0	0.0			0.0	0.0	1000.0	1000.0	0.0		0.0		0.0	0.0	0.0	0.0	Anton & Chia LLP	true	true		true			Regulation D.  Private offering of 100 shares of common stock at $10.00 per share to Rich Uncles LLC, the sponsor of the issuer.
0001477932-18-000158	48-51 Oceania Street		BAYSIDE	NY	11364	917-582-0011	PAUL CHEN	Other	0.0	0.0		0.0		0.0		0.0	851.0			0.0	851.0	-851.0	0.0	0.0		9851.0		0.0	-9851.0	0.0	0.0	PARITZ & COMPANY, P. A.	true	true	false		true	false	All securities issued pursuant to the exemption provided by Regulation D under the Securities Act of 1933, as amended.
0001104659-18-001704	96 Spring St.	6th Floor	New York	NY	10012	646-780-5451	Stephane De Baets	Other	5356885.0	0.0		687077.0		96699926.0		106481347.0	4403672.0			119374832.0	126366415.0	-19885068.0	106481347.0	34933207.0		16822604.0		3786012.0	162963.0	0.0	0.0	Grant Thornton LLP	true	true	false	false	true	false	Section 4(a)(2) of the Securities Act as a transaction by an issuer not involving a public offering
0001213900-18-000362	Mizner Park, 433 Plaza Real, Ste. 335		Boca Raton	FL	33432	561-886-3232	Hamid Hashemi	Other	4653481.0	0.0		4080789.0		164439145.0		177448239.0	20288567.0			172712556.0	271369405.0	-93921166.0	177448239.0	124815697.0		132214347.0		16019403.0	-34223126.0	0.0	0.0	Crowe Horwath LLP	true	true			true		Private Placements for LLC Membership Units were conducted under Rule 506(b) to accredited investors without general solicitation.
0001144204-18-001666	121 New York Avenue		Trenton	NJ	08638	609-656-5100	Sara Hanks	Other	2918541.0	0.0		3628334.0		967539.0		7862127.0	1112889.0			497901.0	5132290.0	2729836.0	7862127.0	6502734.0		5440849.0		30257.0	647219.0	0.0	0.0	Keiter	true	true			true		Section 4(a)(2) of the Securities Act as transactions by an issuer not involving any public offering.
0001213900-18-000311	4502 Starkey Road	Suite 109	Roanoke	VA	24018	844-704-0525	Adrian Rich & Anthony Epps	Other	1192813.0	0.0		0.0		619271.0		5663876.0	1765172.0			3820531.0	9762613.0	-4098737.0	5663876.0	0.0		0.0		49573.0	-7357904.0	-1.47	-1.47	Marcum LLP	true	true			true		The foregoing issuances were pursuant to Rule 701 or Section 4(a)(2) of the Securities Act of 1933, as amended.
0001724115-18-000001	688 Meridian Ave, STE 700		MIAMI BEACH	FL	33139	9492753697	Andy Altahawi/Adamson Brothers	Other	22500.0	0.0		0.0		0.0		22500.0	814.0			25000.0	25814.0	-3314.0	22500.0	0.0		0.0		0.0	0.0	0.0	0.0	IndigoSpire CPA Group, LLC	true	true	false	true	false	false	Section 4(a)(2) - an issuer not involved in any public offering. All securities sold to current directors, and or Exempt from registration of the securities act.
0001264931-18-000007	10219 SE LENNARD ROAD		PORT ST. LUCIE	FL	34952	772-335-5550	AUSTIN LEGAL GROUP	Other	1284.0	0.0		0.0		0.0		133784.0	395256.0			0.0	786766.0	-652982.0	133784.0	1400.0		16100.0		20921.0	-537078.0	0.0	0.0		true	true		true			Section 4(a)(2) of the Securities Act.
0001477932-18-000118	496 Delaney Ave	Ste 408	Orlando	FL	32801	866-500-4500	Jillian Sidoti	Other	10000.0	0.0		0.0		0.0		10000.0	0.0			0.0	0.0	10000.0	10000.0	0.0		0.0		0.0	0.0	0.0	0.0	Spiegel Accountancy Corp.	true	true	false	true		true	
0001104659-18-001441	2245 Northwood Drive		Salisbury	MD	21801	410-548-1100	Noel Gruber	Banking	35648107.0	47814584.0			442257901.0		7595944.0	537464850.0	624109.0		442100815.0	46476786.0	489201710.0	48263140.0	537464850.0		11309735.0		1417829.0	400370.0	2165486.0	0.26	0.26	TGM Group LLC	true	true	false	true	false	true	
0001477932-18-000088	318 Half Day Road	Suite 201	Buffalo Grove	IL	60089	224-602-9569	Jillian Sidoti, Esq.	Other	600427.0	0.0		0.0		0.0		600427.0	602579.0			0.0	602579.0	-2152.0	600427.0	0.0		1831.0		0.0	-1831.0	0.0	0.0	IndigoSpire	true	true	false		true	true	
0001144204-18-001138	121 New York Avenue		Trenton	NJ	08638	609-656-5100	Sara Hanks	Other	2918541.0	0.0		3628334.0		967539.0		7862127.0	1112889.0			497901.0	5132290.0	2729836.0	7862127.0	6502734.0		5440849.0		30257.0	647219.0	0.0	0.0	Keiter	true	true			true		Section 4(a)(2) of the Securities Act as transactions by an issuer not involving any public offering.
0001493152-18-000256	13 Summit Square Center - #195		Langhorne	PA	19047-2811	267-566-2980	Lazarus Rothstein, Esq.	Other	639957.0	0.0		0.0		0.0		641790.0	3000.0			0.0	12550.0	638790.0	641790.0	0.0		112373.0		0.0	-112373.0	0.0	0.0		true	true		true			Section 4(a)(2) of the Securities Act of 1933, as amended for transactions by an issuer not involving any public offering.
0001144204-18-001069	75 Fifth Street, NW	Suite 2170	ATLANTA	GA	30308	404-850-9225	Brian S. Korn, Esq.	Other	921594.0	0.0		20120085.0		433452.0		21507228.0	16872490.0			0.0	22787493.0	-1280265.0	21507228.0	804936.0		117587.0		102471.0	-1976473.0	-1.75	-1.75	Hughes Pittman and Gupton LLP	true	true		true			Regulation A, Rule 506 of Regulation D, and Rule 506 of Regulation D, respectively.
0001654954-18-000109	55 5th Avenue	Suite 1702	New York	NY	10003	37-491-4011	Teresa Goody	Other	259249.0	0.0		30000.0		0.0		401332.0	0.0			0.0	0.0	401332.0	401332.0	0.0		51167.0		0.0	-51167.0	0.0	0.0	Rosenberg Rich Baker Berman & Company	true	true		false	true	false	Issuances in non-public transactions exempt from registration under the private offering exemption of Section 4(a)(2) of the Securities Act.
0001477932-18-000057	763 Linden Ave.	Suite 2	Rochester	NY	14625	941-544-4148	David Olund	Other	170.0	0.0		0.0		0.0		170.0	23325.0			0.0	23325.0	-23155.0	170.0	0.0		6231.0		0.0	-6231.0	0.0	0.0	Freed Maxick	true	true	false	true		false	Section 4(a)2
0001477932-18-000041	318 Half Day Road	Suite 201	Buffalo Grove	IL	60089	224-602-9569	Jillian Sidoti, Esq.	Other	600427.0	0.0		0.0		0.0		600427.0	602579.0			0.0	602579.0	-2152.0	600427.0	0.0		1831.0		0.0	-1831.0	0.0	0.0	IndigoSpire	true	true	false		true	true	
0001144204-18-000367	11 Cypress Point		Amarillo	TX	79124-4910	619-616-3149	Carlos Arreola	Other	64348.0	0.0		0.0		0.0		64348.0	2583.0			0.0	2583.0	61765.0	64348.0	0.0		171815.0		0.0	-171815.0	0.0	0.0		true	true			true	true	
0001144204-18-000317	11 Cypress Point		Amarillo	TX	79124-4910	619-616-3149	Carlos Arreola	Other	64348.0	0.0		0.0		0.0		64348.0	2583.0			0.0	2583.0	61765.0	64348.0	0.0		171815.0		0.0	-171815.0	0.0	0.0		true	true			true	true	
0001206774-18-000006	234 West 34th Avenue	9th Floor	NEW YORK	NY	10122	646-383-3636	Carl George	Other	35000.0	0.0		0.0		1900000.0		1900000.0	150000.0			0.0	150000.0	1750000.0	1900000.0	0.0		0.0		0.0	0.0	0.0	0.0	Atesian CPA	true	true			true	true	
0001214659-18-000011	1270 SE Monmouth Cutoff Road		dallas	OR	97338	650-299-1979	Fay Matsukage	Other	50000.0	0.0		0.0		97348.0		147348.0	100000.0			0.0	100000.0	47348.0	147348.0	0.0		231909.0		6052.0	-237961.0	-0.01	-0.01	BF Borgers CPA PC	true	true			true		Section 4(a)(2)
0001703732-18-000001	5415 W. CEDAR LANE		BETHESDA	MD	20814	6104539079	Kendall Almerico	Other	40500.0	0.0		0.0		0.0		40500.0	269935.54			4242174.46	4512110.0	-4471610.0	40500.0	0.0		586602.63		228312.91	-814915.54	0.03	0.03	IndigoSpire CPA Group, LLC	true	true	true	false	true	true	
0001144204-18-000003	75 Fifth Street, NW	Suite 2170	ATLANTA	GA	30308	404-850-9225	Nick Bhargava	Other	921594.0	0.0		20120085.0		433452.0		21507228.0	16872490.0			0.0	22787493.0	-1280265.0	21507228.0	804936.0		117587.0		102471.0	-1976473.0	-1.75	-1.75	Hughes Pittman and Gupton LLP	true	true		true			Regulation A, Rule 506 of Regulation D, and Rule 506 of Regulation D, respectively.
