ACCESSION_NUMBER	SO_ID	SECURITIESOFFEREDTYPES	SECURITIESOFFEREDOTHERDESC
0001615774-18-002234	1	Equity (common or preferred stock)	
0001615774-18-002234	2	Option, warrant or other right to acquire another security	
0001144204-18-018271	1	Equity (common or preferred stock)	
0001144204-18-018189	1	Equity (common or preferred stock)	
0001144204-18-018024	1	Other(describe)	Limited Recourse Obligation (LRO), a limited debt obligation of the issuer
0000939798-18-000014	1	Equity (common or preferred stock)	
0001144204-18-018048	1	Equity (common or preferred stock)	
0001683168-18-000803	1	Equity (common or preferred stock)	
0001144204-18-017744	1	Equity (common or preferred stock)	
0001161697-18-000153	1	Equity (common or preferred stock)	
0001144204-18-017684	1	Equity (common or preferred stock)	
0001144204-18-017487	1	Equity (common or preferred stock)	
0001615774-18-002139	1	Equity (common or preferred stock)	
0001144204-18-017238	1	Equity (common or preferred stock)	
0001213900-18-003513	1	Other(describe)	common units representing limited partner interests
0001730055-18-000008	1	Equity (common or preferred stock)	
0001144204-18-017097	1	Equity (common or preferred stock)	
0001213900-18-003496	1	Equity (common or preferred stock)	
0001615774-18-002116	1	Equity (common or preferred stock)	
0001493152-18-003914	1	Equity (common or preferred stock)	
0001264931-18-000025	2	Debt	
0001264931-18-000025	1	Equity (common or preferred stock)	
0001493152-18-003880	1	Equity (common or preferred stock)	
0001722266-18-000003	1	Equity (common or preferred stock)	
0001615774-18-002086	1	Equity (common or preferred stock)	
0001683168-18-000747	1	Equity (common or preferred stock)	
0001615774-18-002058	1	Debt	
0001144204-18-016453	1	Equity (common or preferred stock)	
0001144204-18-016451	1	Other(describe)	Limited Recourse Obligation (LRO), a limited debt obligation of the issuer
0001144204-18-016256	1	Equity (common or preferred stock)	
0001193125-18-090428	1	Debt	
0001144204-18-016051	1	Other(describe)	Limited Recourse Obligation (LRO), a limited debt obligation of the issuer
0001539497-18-000471	1	Equity (common or preferred stock)	
0001376474-18-000054	1	Debt	
0001376474-18-000052	1	Equity (common or preferred stock)	
0001683168-18-000729	1	Equity (common or preferred stock)	
0001477932-18-001351	1	Equity (common or preferred stock)	
0001683168-18-000722	1	Equity (common or preferred stock)	
0001193125-18-087667	1	Equity (common or preferred stock)	
0001703732-18-000003	1	Equity (common or preferred stock)	
0001213900-18-003107	1	Equity (common or preferred stock)	
0001214659-18-002200	1	Equity (common or preferred stock)	
0001213900-18-003035	1	Equity (common or preferred stock)	
0001549212-18-000012	1	Equity (common or preferred stock)	
0001683168-18-000681	1	Equity (common or preferred stock)	
0001213900-18-003023	1	Equity (common or preferred stock)	
0001144204-18-014696	1	Equity (common or preferred stock)	
0001144204-18-014641	1	Equity (common or preferred stock)	
0001733775-18-000005	1	Equity (common or preferred stock)	
0001193125-18-080991	1	Equity (common or preferred stock)	
0001493152-18-003300	1	Equity (common or preferred stock)	
0001213900-18-002910	1	Equity (common or preferred stock)	
0001144204-18-014276	1	Other(describe)	Limited Recourse Obligation (LRO), a limited debt obligation of the issuer
0001730055-18-000007	1	Equity (common or preferred stock)	
0001437749-18-004432	1	Equity (common or preferred stock)	
0001683168-18-000635	1	Debt	
0001213900-18-002777	1	Equity (common or preferred stock)	
0001733775-18-000003	1	Equity (common or preferred stock)	
0001445866-18-000233	1	Equity (common or preferred stock)	
0001486452-18-000001	1	Equity (common or preferred stock)	
0001144204-18-013698	1	Equity (common or preferred stock)	
0001445866-18-000232	1	Equity (common or preferred stock)	
0001733775-18-000001	1	Equity (common or preferred stock)	
0001654954-18-002281	1	Equity (common or preferred stock)	
0001713757-18-000003	1	Equity (common or preferred stock)	
0001213900-18-002620	1	Equity (common or preferred stock)	
0001730055-18-000005	1	Equity (common or preferred stock)	
0001477932-18-001137	1	Equity (common or preferred stock)	
0001477932-18-001137	2	Security to be acquired upon exercise of option, warrant or other right to acquire security	
0001683168-18-000588	1	Equity (common or preferred stock)	
0001683168-18-000585	1	Equity (common or preferred stock)	
0001214659-18-001775	1	Equity (common or preferred stock)	
0001213900-18-002530	1	Equity (common or preferred stock)	
0001065949-18-000045	1	Equity (common or preferred stock)	
0001477932-18-001088	1	Equity (common or preferred stock)	
0001683168-18-000548	1	Equity (common or preferred stock)	
0001144204-18-012342	1	Other(describe)	Limited Recourse Obligation (LRO), a limited debt obligation of the issuer
0001144204-18-012325	1	Equity (common or preferred stock)	
0001686327-18-000002	1	Equity (common or preferred stock)	
0001213900-18-002414	1	Equity (common or preferred stock)	
0001079973-18-000129	1	Equity (common or preferred stock)	
0001477932-18-001050	1	Equity (common or preferred stock)	
0001493152-18-002621	1	Equity (common or preferred stock)	
0001213900-18-002290	1	Equity (common or preferred stock)	
0001144204-18-010683	1	Other(describe)	Limited Recourse Obligation (LRO), a limited debt obligation of the issuer
0001144204-18-010669	1	Equity (common or preferred stock)	
0001683168-18-000512	1	Equity (common or preferred stock)	
0001477932-18-001008	1	Equity (common or preferred stock)	
0001213900-18-002246	1	Equity (common or preferred stock)	
0001683168-18-000503	1	Equity (common or preferred stock)	
0001493152-18-002503	1	Equity (common or preferred stock)	
0001477932-18-000986	1	Equity (common or preferred stock)	
0001387131-18-000740	1	Equity (common or preferred stock)	
0001493152-18-002472	1	Equity (common or preferred stock)	
0001144204-18-010039	1	Equity (common or preferred stock)	
0001493152-18-002460	1	Equity (common or preferred stock)	
0001615774-18-001334	1	Debt	
0001264931-18-000019	1	Equity (common or preferred stock)	
0001646269-18-000005	1	Equity (common or preferred stock)	
0001688804-18-000004	1	Other(describe)	LLC Interests
0001144204-18-009634	1	Equity (common or preferred stock)	
0001697746-18-000004	1	Equity (common or preferred stock)	
0001646269-18-000004	1	Equity (common or preferred stock)	
0001193125-18-046775	1	Equity (common or preferred stock)	
0001703732-18-000002	1	Equity (common or preferred stock)	
0001493152-18-002155	1	Equity (common or preferred stock)	
0001697746-18-000001	1	Equity (common or preferred stock)	
0001144204-18-008607	1	Equity (common or preferred stock)	
0001104659-18-009383	1	Equity (common or preferred stock)	
0001477932-18-000818	1	Equity (common or preferred stock)	
0001213900-18-001618	1	Equity (common or preferred stock)	
0001437749-18-002246	1	Equity (common or preferred stock)	
0001724115-18-000003	1	Equity (common or preferred stock)	
0001213900-18-001539	1	Other(describe)	common units representing limited partner interests
0001104659-18-008137	1	Equity (common or preferred stock)	
0001549212-18-000007	1	Equity (common or preferred stock)	
0001213900-18-001500	1	Equity (common or preferred stock)	
0001493152-18-001671	1	Equity (common or preferred stock)	
0001193125-18-036459	1	Equity (common or preferred stock)	
0001193125-18-036079	1	Equity (common or preferred stock)	
0001395005-18-000007	1	Equity (common or preferred stock)	
0001549212-18-000005	1	Equity (common or preferred stock)	
0001144204-18-006258	1	Equity (common or preferred stock)	
0001213900-18-001376	1	Equity (common or preferred stock)	
0001387131-18-000474	1	Equity (common or preferred stock)	
0001722266-18-000002	1	Equity (common or preferred stock)	
0001079973-18-000089	1	Equity (common or preferred stock)	
0001493152-18-001482	1	Equity (common or preferred stock)	
0001264931-18-000014	1	Equity (common or preferred stock)	
0001683168-18-000304	1	Equity (common or preferred stock)	
0001144204-18-005580	1	Other(describe)	Limited Recourse Obligation (LRO), a limited debt obligation of the issuer
0001213900-18-001255	1	Equity (common or preferred stock)	
0001493152-18-001428	1	Equity (common or preferred stock)	
0001658959-18-000007	1	Equity (common or preferred stock)	
0001658959-18-000005	1	Equity (common or preferred stock)	
0001213900-18-001199	1	Equity (common or preferred stock)	
0001658959-18-000004	1	Equity (common or preferred stock)	
0001213900-18-001197	1	Equity (common or preferred stock)	
0000939798-18-000004	1	Equity (common or preferred stock)	
0001437749-18-001497	1	Equity (common or preferred stock)	
0001144204-18-005207	1	Equity (common or preferred stock)	
0001104659-18-005778	1	Equity (common or preferred stock)	
0001658959-18-000003	1	Equity (common or preferred stock)	
0001654954-18-000873	1	Equity (common or preferred stock)	
0001722266-18-000001	1	Equity (common or preferred stock)	
0001144204-18-004542	1	Equity (common or preferred stock)	
0001477932-18-000550	1	Equity (common or preferred stock)	
0001213900-18-000990	1	Equity (common or preferred stock)	
0001213900-18-000963	1	Equity (common or preferred stock)	
0001387131-18-000278	1	Equity (common or preferred stock)	
0001654954-18-000778	1	Equity (common or preferred stock)	
0001415889-18-000133	1	Equity (common or preferred stock)	
0001213900-18-000900	1	Equity (common or preferred stock)	
0001213900-18-000895	1	Equity (common or preferred stock)	
0001144204-18-003566	1	Other(describe)	Limited Recourse Obligation (LRO), a limited debt obligation of the issuer
0001477932-18-000457	1	Equity (common or preferred stock)	
0001646269-18-000001	1	Equity (common or preferred stock)	
0001477932-18-000441	1	Equity (common or preferred stock)	
0001144204-18-003243	1	Equity (common or preferred stock)	
0001144204-18-003117	1	Equity (common or preferred stock)	
0001477932-18-000412	1	Equity (common or preferred stock)	
0001193125-18-015840	1	Equity (common or preferred stock)	
0001477932-18-000410	1	Equity (common or preferred stock)	
0001654954-18-000597	1	Equity (common or preferred stock)	
0001104659-18-003066	1	Equity (common or preferred stock)	
0001144204-18-002814	1	Equity (common or preferred stock)	
0001104659-18-003025	1	Equity (common or preferred stock)	
0001686327-18-000001	1	Equity (common or preferred stock)	
0001683168-18-000181	1	Equity (common or preferred stock)	
0001663577-18-000027	1	Equity (common or preferred stock)	
0001144204-18-002617	1	Other(describe)	Limited Recourse Obligation (LRO), a limited debt obligation of the issuer
0001437749-18-000769	1	Equity (common or preferred stock)	
0001683168-18-000156	1	Equity (common or preferred stock)	
0001477932-18-000266	1	Equity (common or preferred stock)	
0001144204-18-002137	1	Equity (common or preferred stock)	
0001144204-18-002062	1	Equity (common or preferred stock)	
0001477932-18-000158	1	Equity (common or preferred stock)	
0001104659-18-001704	1	Equity (common or preferred stock)	
0001213900-18-000362	1	Equity (common or preferred stock)	
0001144204-18-001666	1	Equity (common or preferred stock)	
0001213900-18-000311	1	Equity (common or preferred stock)	
0001724115-18-000001	1	Equity (common or preferred stock)	
0001264931-18-000007	1	Equity (common or preferred stock)	
0001477932-18-000118	1	Equity (common or preferred stock)	
0001104659-18-001441	1	Equity (common or preferred stock)	
0001477932-18-000088	1	Equity (common or preferred stock)	
0001144204-18-001138	1	Equity (common or preferred stock)	
0001493152-18-000256	1	Equity (common or preferred stock)	
0001144204-18-001069	1	Equity (common or preferred stock)	
0001654954-18-000109	1	Equity (common or preferred stock)	
0001477932-18-000057	1	Equity (common or preferred stock)	
0001477932-18-000041	1	Equity (common or preferred stock)	
0001144204-18-000367	1	Equity (common or preferred stock)	
0001206774-18-000006	1	Equity (common or preferred stock)	
0001144204-18-000317	1	Equity (common or preferred stock)	
0001214659-18-000011	1	Other(describe)	limited partnership units
0001703732-18-000001	1	Equity (common or preferred stock)	
0001144204-18-000003	1	Other(describe)	Limited Recourse Obligation (LRO), a limited debt obligation of the issuer
