ACCESSION_NUMBER	INDICATETIER1TIER2OFFERING	FINANCIALSTATEMENTAUDITSTATUS	OFFERDELAYEDCONTINUOUSFLAG	OFFERINGYEARFLAG	OFFERINGAFTERQUALIFFLAG	OFFERINGBESTEFFORTSFLAG	SOLICITATIONPROPOSEDOFFERFLAG	RESALESECURITIESAFFILIATESFLAG	SECURITIESOFFERED	OUTSTANDINGSECURITIES	PRICEPERSECURITY	ISSUERAGGREGATEOFFERING	SECURITYHOLDERAGGEGATE	QUALIFICATIONOFFERINGAGGREGATE	CONCURRENTOFFERINGAGGREGATE	TOTALAGGREGATEOFFERING	UNDERWRITERSERVICEPROVIDERNAME	UNDERWRITERSFEES	SALECOMMISSIONSSVCPROVIDERNAME	SALECOMMISSIONSSVCEROVIDERFEE	FINDERSFEESSERVICEPROVIDERNAME	FINDERFEESFEE	AUDITORSERVICEPROVIDERNAME	AUDITORFEES	LEGALSERVICEPROVIDERNAME	LEGALFEES	PROMOTERSSERVICEPROVIDERNAME	PROMOTERSFEES	BLUESKYSERVICEPROVIDERNAME	BLUESKYFEES	BROKERDEALERCRDNUMBER	ESTIMATEDNETAMOUNT	CLARIFICATIONRESPONSES
0001615774-18-002234	Tier2	Audited	Y	N	N	Y	Y	N	1666666	0	6.0	10000000.0	0.0	0.0	0.0	10000000.0			Network 1 Financial Securities, Inc.	1300000.0											13577	8700000.0	
0001144204-18-018271	Tier2	Audited	Y	Y	N	Y	N	N	530000	1136406	10.0	5300000.0	0.0	0.0	0.0	5300000.0	N/A	0.0	N/A	0.0	N/A	0.0	Hughes Pittman & Gupton, LLP	2000.0	Manatt, Phelps & Phillips, LLP; Robbins Ross Alloy Belinfante Littlefield LLC	101000.0	N/A	0.0	Internal out-of-pocket expenses	10000.0		4887000.0	Reflects 500K shares offered for cash comp & 30K bonus shares for no cash comp, $5M for paid securities and $300K of implied value attrib. to bonus shares; & est. net proceeds include paid securities only. Issuer to provide blue sky comp.
0001144204-18-018189	Tier2	Audited	Y	N	N	Y	Y	N	2000000	0	5.0	10000000.0	0.0	0.0	0.0	10000000.0							dbbmckennon	22500.0	Alliance Legal Partners, Inc.	62500.0			CrowdCheck, Inc.	10000.0		9669542.0	
0001144204-18-018024	Tier2	Audited	Y	Y	N	Y	N	N	1580330	0	10.0	1580330.0	0.0	22434500.0	3696520.0	27711350.0							Hughes Pittman & Gupton, LLP	45600.0	Smith Anderson; Robbins Ross	4500.0							
0000939798-18-000014	Tier2	Audited	Y	N	N	Y	N	N	5000000	73000000	10.0	0.0	0.0	0.0	0.0	0.0		0.0		0.0		0.0	Mac Accounting Group, LLP	30000.0	Gary R. Henrie, Attorney at Law	20000.0		0.0		0.0		49935000.0	
0001144204-18-018048	Tier2	Audited	N	N	Y	Y	N	N	2000000	3000000	5.0	10000000.0	0.0	0.0	0.0	10000000.0			Alexander Capital, L.P.	800000.0			Marcum LLP	50000.0	Waller Lansden Dortch & Davis, LLP	100000.0					40077	8855000.0	
0001683168-18-000803	Tier1	Unaudited	Y	N	Y	Y	N	N	20000000	487793986	1.0	17457500.0	2542500.0	0.0	0.0	20000000.0									John E. Lux, Esq.	22000.0			Various States	2500.0		14600000.0	
0001144204-18-017744	Tier2	Audited	Y	Y	N	Y	N	N	530000	1136406	10.0	5300000.0	0.0	0.0	0.0	5300000.0	N/A	0.0	N/A	0.0	N/A	0.0	Hughes Pittman & Gupton, LLP	2000.0	Manatt, Phelps & Phillips, LLP; Robbins Ross Alloy Belinfante Littlefield LLC	101000.0	N/A	0.0	Internal out-of-pocket expenses	10000.0		4887000.0	Reflects 500K shares offered for cash comp & 30K bonus shares for no cash comp, $5M for paid securities and $300K of implied value attrib. to bonus shares; & est. net proceeds include paid securities only. Issuer to provide blue sky comp.
0001144204-18-017684	Tier2	Audited	Y	N	N	Y	Y	N	3500000	0	2.0	7000000.0	0.0	0.0	0.0	7000000.0	SI Securities, LLC	525000.0					Fruci & Associates II, PLLC	13750.0	CrowdCheck Law LLP (fka KHLK LLP)	50000.0					170937	6400000.0	
0001161697-18-000153	Tier2	Audited	Y	Y	N	Y	N	N	3208633	1791367	5.0	20000000.0	0.0	0.0	0.0	20000000.0	N/A	0.0	N/A	0.0	N/A	0.0	Malone Bailey, LLP	4000.0	Everett & Everett PLLC and Alston & Bird LLP (tax)	235000.0	N/A	0.0	N/A	0.0			
0001144204-18-017487	Tier2	Audited	Y	N	N	Y	Y	N	3500000	0	2.0	7000000.0	0.0	0.0	0.0	7000000.0	SI Securities, LLC	525000.0					Fruci & Associates II, PLLC	13750.0	CrowdCheck Law LLP (fka KHLK LLP)	50000.0					170937	6400000.0	
0001615774-18-002139	Tier2	Audited	Y	N	N	Y	Y	N	6250000	25770551	8.0	50000000.0	0.0	0.0	0.0	50000000.0																	
0001144204-18-017238	Tier2	Audited	N	N	Y	Y	N	N	2000000	3000000	5.0	10000000.0	0.0	0.0	0.0	10000000.0			Alexander Capital, L.P.	800000.0			Marcum LLP	50000.0	Waller Lansden Dortch & Davis, LLP	100000.0					40077	8855000.0	
0001213900-18-003513	Tier2	Audited	Y	N	N	Y	N	N	3000000	4872654	2.0	2.0	0.0	0.0	0.0	2.0							Daszkal Bolton LLP	25000.0	Reed Smith LLP	150000.0						5800000.0	
0001730055-18-000008	Tier1	Unaudited	N	Y	N	N	N	N	2000000		10.0	10.0	0.0	0.0	0.0	10.0																	
0001144204-18-017097	Tier2	Audited	Y	Y	N	Y	Y	N	100000000	107216246	0.15	15000000.0	0.0	150000.0	0.0	15150000.0							Wipfli, LLP	2500.0	CrowdCheck Law LLP (fka KHLK LLP)	15000.0			Various	17500.0		14850000.0	Escrow processing and other fees estimated to be $135,000x
0001213900-18-003496	Tier2	Audited	Y	N	N	Y	Y	N	10000000	10000000	5.0	50000000.0	0.0	0.0	0.0	50000000.0							Deloitte & Touche LLP	55000.0	Morrison & Foerster LLP	135000.0						49750000.0	The expected fees in connection with this offering total $250,000.  The expected fees include the $190,000 listed above as well as an additional $60,000 for other associated fees.
0001615774-18-002116	Tier2	Audited	Y	N	N	Y	Y	N	6250000	25770551	8.0	50000000.0	0.0	0.0	0.0	50000000.0																	
0001493152-18-003914	Tier2	Audited	Y	N	N	Y	Y	N	3076920	7733651	3.25	9999990.0	0.0	0.0	0.0	9999990.0	TriPoint Global Equities, LLC/Cambria Capital, LLC	60000.0	TriPoint Global Equities, LLC/Cambria Capital, LLC	750000.0	N/A	0.0	Marcum LLP	250000.0	Legal and Compliance, LLC	100000.0	CrowdfundX	145000.0	Legal and Compliance, LLC	17000.0	143174	8677990.0	Net Proceeds Calculation of $8,677,990 includes Additional Estimated Expenses of: Escrow Agent Fees: $2,500; and Financial Printer Fees: $3,500. CrowdfundX is also receiving 52,307 shares of common stock of Muscle Maker at a value of $3.25 per share.
0001264931-18-000025	Tier1	Unaudited	Y	N	N	Y	N	N	70000000	83918118	0.04	2600000.0	200000.0	0.0	0.0	2800000.0	None	0.0	None	0.0	None	0.0	None	0.0	WALLER LANSDEN DORTCH & DAVIS LLP	15000.0	None	0.0	None	0.0			
0001493152-18-003880	Tier2	Audited	Y	N	N	Y	Y	N	6250000	38750000	8.0	50000000.0	0.0	0.0	0.0	50000000.0							RBSM LLP	125000.0	Olshan Frome Wolosky LLP	200000.0						49600000.0	Additional anticipated fees of $75,000 include marketing and advertising of the Offering, media expenses, promotional expenses, EDGAR document conversion and filing, website posting and transfer and registrar fees.
0001722266-18-000003	Tier2	Audited	Y	N	N	Y	Y	N	5000000	0	10.0	50000000.0	0.0	0.0	0.0	50000000.0		0.0		0.0		0.0	CohnReznick, LLP	15000.0	Riveles Wahab, LLP	25000.0	various	50000.0		0.0			Fees are estimated. Have not settled on advertiser/promoter service providers yet.
0001615774-18-002086	Tier2	Audited	Y	N	N	Y	Y	N	6250000	25770551	8.0	50000000.0	0.0	0.0	0.0	50000000.0																	
0001683168-18-000747	Tier2	Audited	Y	N	Y	Y	N	N	527500000	68400000	0.01	5000000.0	275000.0	27500.0	0.0	5302500.0							Salberg & Company, P.A.	6500.0	John E. Lux, Esq.	25000.0			Various	2500.0			
0001615774-18-002058	Tier1	Audited	Y	Y	N	Y	N	N	400	0	50000.0	20000000.0	0.0	0.0	0.0	20000000.0							Spiegel Accountancy Corporation	7000.0	Geraci Law Firm	30000.0			Geraci Law Firm	20000.0			
0001144204-18-016453	Tier2	Audited	Y	Y	N	Y	Y	N	5000000	100	5.0	50000000.0	0.0	0.0	0.0	50000000.0	None	0.0	None	0.0	None	0.0	Squar Milner LLP	5000.0	Corporate Law Solutions, PC	90000.0	Rich Uncles LLC (sponsor)	1500000.0	Corporate Law Solutions, PC	10000.0		48395000.0	
0001144204-18-016451	Tier2	Audited	Y	Y	N	Y	N	N	1580330	0	10.0	1580330.0	0.0	22434500.0	3696520.0	27711350.0							Hughes Pittman & Gupton, LLP	45600.0	Smith Anderson; Robbins Ross	4500.0							
0001144204-18-016256	Tier2	Audited	Y	N	N	Y	Y	Y	32894736	142192781	1.52	50000000.0	0.0	0.0	0.0	50000000.0							dbbmckennon	15000.0	KHLK LLP;Mitchell Silberberg & Knupp LLP	90000.0						46025026.0	The above table does not include fees to be paid to Fund America Securities LLC for administration and escrow agent services, FINRA filing fee, fees for EDGAR document conversion and filing, website posting fees and marketing expenses.
0001193125-18-090428	Tier1	Audited	Y	Y	N	Y	N	N	20000000	0	50000.0	20000000.0	0.0	0.0	0.0	20000000.0									Acuity Advisors & CPAs Barley Snyder	50000.0			Barley Snyder	5500.0		19944500.0	
0001144204-18-016051	Tier2	Audited	Y	Y	N	Y	N	N	1580330	0	10.0	1580330.0	0.0	22434500.0	3696520.0	27711350.0									Smith Anderson; Robbins Ross	1500.0							"""The estimated portion of aggregate sales ..."" includes the 8 series of LROs covered by PQA No. 4."
0001539497-18-000471	Tier2	Audited	N	N	N	Y	N	N	10000000	40000000	5.0	50000000.0	0.0	0.0	0.0	50000000.0							PKF O'Connor Davies LLP	5000.0									
0001376474-18-000054	Tier2	Audited	N	N	N	Y	Y	N	3500	3500	10000.0	0.0	0.0	0.0	0.0	0.0									The Wallace Law Group PL	0.0						33500000.0	Estimated offering costs of $1,500,000.00
0001376474-18-000052	Tier1	Audited	Y	Y	Y	Y	N	N	165000	1772972		0.0	0.0	429135.0	0.0	429135.0							Crowe Horwath LLP	3000.0	Underberg & Kessler LLP	3000.0			Underberg & Kessler LLP	500.0			
0001683168-18-000729	Tier1	Unaudited	Y	N	Y	Y	N	N	5000000000	3053024472	0.001	5000000.0	0.0	0.0	0.0	5000000.0									John E. Lux, Esq.	25000.0			Various	2500.0		4650000.0	
0001477932-18-001351	Tier2	Audited	Y	N	N	Y	N	N	15000000	25000000	0.01	150000.0	0.0	0.0	0.0	150000.0		0.0		0.0		0.0	Paritz & Company P.A.	4000.0	JMS Law Group, PLLC	10000.0		0.0		0.0		130000.0	
0001683168-18-000722	Tier1	Unaudited	Y	N	Y	Y	N	N	3000000000	54011699	0.001	3000000.0	0.0	0.0	0.0	3000000.0									John E. Lux, Esq.	20000.0						2700000.0	
0001193125-18-087667	Tier2	Audited	Y	Y	N	Y	Y	N	7397697	1397697	8.0	42962112.9	5219309.1	1216275.0	0.0	49397697.0							PKF, LLC	73379.0	Stradling Yocca Carlson & Rauth, P.C.	125000.0	XY - the Findables Company	10999.0				44178387.9	All fees will be updated in a subsequent amendment to this Form 1-A.
0001703732-18-000003	Tier2	Audited	Y	N	N	Y	N	N	8333333	10328788	3.0	25000000.0	0.0	0.0	0.0	25000000.0			Jumpstart Securities LLC	1250000.0					DiMuroGinsberg PC	75000.0					156214	23450000.0	Estimated net proceeds include deduction of additional $225,000 of offering related expenses not itemized above
0001213900-18-003107	Tier2	Audited	Y	N	N	Y	Y	N	10000000	10000000	5.0	50000000.0	0.0	0.0	0.0	50000000.0							Deloitte & Touche LLP	55000.0	Morrison & Foerster LLP	135000.0						49750000.0	The expected fees in connection with this offering total $250,000.  The expected fees include the $190,000 listed above as well as an additional $60,000 for other associated fees.
0001214659-18-002200	Tier2	Audited	Y	Y	N	Y	N	N	3500000	0	10.0	35000000.0	0.0	0.0	0.0	35000000.0							Artesian CPA, LLC	3500.0	Flaster/Greenberg P.C.	70000.0	Various Marketing Firms	221500.0	Flaster/Greenberg P.C.	5000.0			
0001213900-18-003035	Tier2	Audited	Y	N	N	Y	N	N	5000000		2.0	10000000.0	0.0	0.0	0.0	10000000.0	N/A	0.0	None Yet	1000000.0	N/A	0.0	Soles, Heyn & Company, LLP	8500.0	James Byrd, PA	15000.0	N/A	0.0	N/A	0.0	0	8976500.0	We have not engaged any brokers or placement agents as of January 15, 2018, however, we anticipate appointing one or more placement agents or broker dealers to sell this offering.
0001549212-18-000012	Tier1	Unaudited	Y	N	N	N	N	N	500000000	392062103	0.001	0.0	0.0	0.0	0.0	0.0													NEW YORK	0.0		500000.0	
0001683168-18-000681	Tier1	Unaudited	Y	N	Y	Y	N	Y	2450625172	586350894	0.005	10000000.0	2253515.0	0.0	0.0	12253515.0									John E. Lux, Esq.	10000.0						9600000.0	
0001213900-18-003023	Tier1	Audited	Y	N	N	N	N	N	170815	1530768	28.75	4910931.25	0.0	576069.0	0.0	5487000.25	None	0.0	None	0.0	None	0.0	Baker Tilly Virchow Krause, LLP	5000.0	Squire Patton Boggs (US) LLP	15000.0	None	0.0	None	0.0		4890931.25	Delhi Bank Corp. is offering its stockholders shares of its common stock through a Dividend Reinvestment and Optional Cash Purchase Plan. Actual price of shares purchased under the Plan depends on the price of the shares on the dividend investment date.
0001144204-18-014696	Tier2	Audited	Y	Y	N	Y	Y	N	5000000	119710	10.0	50000000.0	0.0	0.0	0.0	50000000.0							RSM US LLP	0.0	Goodwin Procter LLP	0.0	Tryperion Partners, LLC	0.0				0.0	
0001144204-18-014641	Tier2	Audited	Y	N	N	Y	Y	N	3500000	0	2.0	7000000.0	0.0	0.0	0.0	7000000.0	SI Securities, LLC	525000.0					Fruci & Associates II, PLLC	13750.0	CrowdCheck Law LLP (fka KHLK LLP)	50000.0					170937	6400000.0	
0001733775-18-000005	Tier1	Unaudited	N	Y	N	N	N	N	1		10.0	4000000.0	0.0	0.0	0.0	4000000.0																	
0001193125-18-080991	Tier2	Audited	Y	N	N	Y	N	N	2000000	267300	10.0	20000000.0	0.0	0.0	0.0	20000000.0			Lanier Securities, LLC	1400000.0			Chapman, Hext & Co., P.C.	75000.0	Winstead PC	75000.0					285277	18450000.0	
0001493152-18-003300	Tier2	Audited	Y	N	N	Y	Y	N	6250000	38750000	8.0	50000000.0	0.0	0.0	0.0	50000000.0							RBSM LLP	125000.0	Olshan Frome Wolosky LLP	200000.0						49600000.0	Additional anticipated fees of $75,000 include marketing and advertising of the Offering, media expenses, promotional expenses, EDGAR document conversion and filing, website posting and transfer and registrar fees.
0001213900-18-002910	Tier2	Audited	Y	Y	N	Y	N	N	2000000	200	25.0	50000000.0	0.0	0.0	0.0	50000000.0							Artesian CPA, LLC	3500.0	Flaster/Greenberg P.C.	70000.0			Flaster/Greenberg P.C.	5000.0		49215000.0	
0001144204-18-014276	Tier2	Audited	Y	Y	N	Y	N	N	1020570	0	10.0	1020570.0	0.0	21309230.0	3383640.0	25713440.0									Smith Anderson; Robbins Ross	1500.0							
0001730055-18-000007	Tier1	Unaudited	N	Y	N	N	N	N	2000000	0	10.0	20000000.0	0.0	0.0	0.0	20000000.0																	
0001437749-18-004432	Tier2	Audited	N	N	N	Y	N	N	8333333	43334000	6.0	49999998.0	0.0	0.0	0.0	49999998.0			WEST PARK CAPITAL, INC.	2750000.0							VC Media Partners, LLC	3000000.0				44249998.0	Assuming sale of maximum shares
0001683168-18-000635	Tier2	Audited	Y	N	N	Y	Y	N	5000	0	1000.0	5000000.0	0.0	0.0	0.0	5000000.0			WealthForge	100000.0			dbbmckennon	5000.0	CrowdCheck Law LLP (f/k/a KHLK, LLP)	32000.0			Various States	12000.0	152550	4405000.0	Sales commissions estimate assumes all securities would be sold through the WealthForge sales network.
0001213900-18-002777	Tier2	Audited	Y	N	N	Y	Y	N	3191490	0		0.0	0.0	0.0	0.0	0.0																	
0001733775-18-000003	Tier1	Unaudited	N	Y	N	N	N	N	2000000	0	10.0	20000000.0	0.0	0.0	0.0	20000000.0																	
0001445866-18-000233	Tier1	Unaudited	N	N	N	Y	N	N	23500000	7000000	0.8	18800000.0	0.0	0.0	0.0	18800000.0																	
0001486452-18-000001	Tier1	Unaudited	Y	N	Y	Y	N	N	1000000000	627814672	0.0008	1000000.0	0.0	0.0	0.0	1000000.0		0.0		0.0		0.0		0.0	Newlan & Newlan, Ltd.	10000.0		0.0	Newlan & Newlan, Ltd.	15000.0		975000.0	
0001144204-18-013698	Tier2	Audited	Y	Y	N	Y	Y	N	100000000	107216246	0.15	15000000.0	0.0	150000.0	0.0	15150000.0							Wipfli, LLP	2500.0	CrowdCheck Law LLP (fka KHLK LLP)	15000.0			Various	17500.0		14850000.0	Escrow processing and other fees estimated to be $135,000x
0001445866-18-000232	Tier1	Unaudited	N	N	N	Y	N	N	23500000	7000000	0.8	18800000.0	0.0	0.0	0.0	18800000.0																	
0001733775-18-000001	Tier1	Unaudited	N	Y	N	N	N	N	1		10.0	4000000.0	0.0	0.0	0.0	4000000.0																	
0001654954-18-002281	Tier2	Audited	N	N	N	Y	Y	N	1300000	0	10.0	13000000.0	0.0	0.0	0.0	13000000.0							Tanner LLC	16000.0	Kaplan, Voekler Cunningham & Frank, PLC	95000.0			KVCF and State Regulators	37500.0			
0001713757-18-000003	Tier1	Unaudited	Y	N	Y	Y	N	N	1500000	16627175	2.0	3000000.0	0.0	0.0	0.0	3000000.0									E Dowling	10000.0			New York State	1800.0		2980000.0	other expenses such as printing and mailing to total $20,000
0001213900-18-002620	Tier2	Audited	Y	Y	N	Y	Y	N	20000	1505	750.0	15000000.0	0.0	0.0	0.0	15000000.0							Cherry Bekaert LLP	27000.0	Smith, Anderson, Blount, Dorsett, Mitchell & Jernigan, L.L.P.	500000.0			Smith, Anderson, Blount, Dorsett, Mitchell & Jernigan, L.L.P.	2500.0		14170500.0	The estimated net proceeds to the issuer reflects estimated fees of $300,000 for custodial and platform services.
0001730055-18-000005	Tier1	Unaudited	N	Y	N	N	N	N	2000000	0	10.0	20000000.0	0.0	0.0	0.0	20000000.0																	
0001477932-18-001137	Tier1	Unaudited	Y	N	N	Y	N	N	37038000	227259485	0.02	540000.0	126684.0	0.0	0.0	666684.0		0.0	(TBD)	0.0		0.0		0.0	Harold H. Martin	25000.0		0.0		0.0		540000.0	
0001683168-18-000588	Tier1	Unaudited	Y	N	Y	Y	N	N	4000000000	450874858	0.005	20000000.0	0.0	0.0	0.0	20000000.0									John E. Lux, Esq.	25000.0			Various States	2500.0		18000000.0	
0001683168-18-000585	Tier1	Unaudited	Y	N	Y	Y	N	Y	4609403893	609403893	0.02	10000000.0	2611633.0	0.0	0.0	12611633.0									John E. Lux, Esq.	10000.0						7600000.0	
0001214659-18-001775	Tier2	Audited	Y	N	N	Y	N	N	100000	0	500.0	50000000.0	0.0	0.0	0.0	50000000.0			Opening Night Capital, LLC	3500000.0											165034	46500000.0	Opening Night Capital, LLC is a licensed broker dealer but is not underwriting any of the Interests that are being sold. It will take a 7% commission on the Interests actually sold, but it receives no compensation if no Interests are sold.
0001213900-18-002530	Tier2	Audited	Y	N	N	Y	Y	N	10000000	10000000	5.0	50000000.0	0.0	0.0	0.0	50000000.0							Deloitte & Touche LLP	55000.0	Morrison & Foerster LLP	135000.0						49750000.0	The expected fees in connection with this offering total $250,000.  The expected fees include the $190,000 listed above as well as an additional $60,000 for other associated fees.
0001065949-18-000045	Tier2	Audited	Y	Y	N	Y	N	N	3906872	10093128	5.0	19534360.0	0.0	465640.0	0.0	20000000.0	None	0.0	None	0.0	None	0.0	dbmckennon	25000.0	Richardson & Associates	50000.0	None	0.0	Richardson & Associates	20000.0	156214	17800000.0	* Promoters - Table does not reflect estimate posting, service and escrow fees to be paid to StartEngine, JumpStart and FundAmerica, which are not promoters, estimated to be $2,105,000.
0001477932-18-001088	Tier2	Audited	Y	N	Y	Y	N	N	6666666	0	7.5	50000000.0	0.0	0.0	0.0	50000000.0	Maxim Group LLC	3500000.0		0.0		0.0	Hein & Associates LLP	125000.0	Hogan Lovells US LLP	150000.0		0.0		0.0	120708	46500000.0	Assumes sale of $50,000,000. The issuer also anticipates costs and fees relating to FINRA, transfer agent, escrow fees and roadshow.
0001144204-18-012342	Tier2	Audited	Y	Y	N	Y	N	N	1032620	0	10.0	1032620.0	0.0	17520360.0	6773950.0	25326930.0									Smith Anderson; Robbins Ross	4500.0							
0001683168-18-000548	Tier1	Unaudited	Y	N	Y	Y	N	N	3000000000	54011699	0.001	3000000.0	0.0	0.0	0.0	3000000.0									John E. ux, Esq.	20000.0						2700000.0	
0001144204-18-012325	Tier2	Audited	N	N	Y	Y	N	N	1			0.0	0.0	0.0	0.0	0.0																	
0001686327-18-000002	Tier1	Unaudited	Y	N	N	Y	N	N	10000000	14750000	2.0	20000000.0	0.0	0.0	0.0	20000000.0																	
0001213900-18-002414	Tier2	Audited	Y	N	N	Y	N	N	4545454	20486870	11.0	50000000.0	0.0	0.0	0.0	50000000.0							RBSM, LLP	50000.0	CKR Law, LLP	125000.0							Placement Agent and Sales Commission to be determined prior to Qualification.
0001079973-18-000129	Tier1	Unaudited	N	N	Y	Y	Y	N	11153889	55769447		7919261.0	0.0	0.0	0.0	7919261.0		0.0		0.0		0.0	Saturna Group Chartered Professional Accountants LLP	4000.0	Burns Figa & Will PC and Farthoogian & Co.	75000.0		0.0		0.0			
0001477932-18-001050	Tier2	Audited	Y	N	N	Y	N	N	10000000	0	10.0	50000000.0	0.0	0.0	0.0	50000000.0		0.0		0.0		0.0	Spiegel Accountancy	2500.0	Trowbridge Sidoti	50000.0		0.0		0.0		49500000.0	
0001493152-18-002621	Tier2	Audited	Y	N	N	Y	N	N	5000000	10000000	1.0	5000000.0	0.0	0.0	0.0	5000000.0							Friedman LLP	14000.0	Bevilacqua PLLC	20000.0			Bevilacqua PLLC	2500.0		4967500.0	
0001213900-18-002290	Tier2	Audited	Y	N	N	Y	N	N	5000000		2.0	10000000.0	0.0	0.0	0.0	10000000.0	N/A	0.0	None Yet	1000000.0	N/A	0.0	Soles, Heyn & Company, LLP	8500.0	James Byrd, PA	15000.0	N/A	0.0	N/A	0.0	0	8976500.0	We have not engaged any brokers or placement agents as of January 15, 2018, however, we anticipate appointing one or more placement agents or broker dealers to sell this offering.
0001144204-18-010683	Tier2	Audited	Y	Y	N	Y	N	N	1032620	0	10.0	1032620.0	0.0	17520360.0	6773950.0	25326930.0									Smith Anderson; Robbins Ross	4500.0							
0001144204-18-010669	Tier1	Unaudited	N	N	N	Y	N	N	5000000	9124967	3.0	13800000.0	1200000.0	0.0	0.0	15000000.0																13800000.0	
0001683168-18-000512	Tier1	Unaudited	Y	N	Y	Y	N	N	20000000	487793986	1.0	17457500.0	2542500.0	0.0	0.0	20000000.0									John E. Lux, Esq.	22000.0			Various States	2500.0		14600000.0	
0001477932-18-001008	Tier2	Audited	Y	N	Y	Y	N	N	6666666	0	7.5	50000000.0	0.0	0.0	0.0	50000000.0	Maxim Group LLC	3500000.0		0.0		0.0	Hein & Associates LLP	125000.0	Hogan Lovells US LLP	150000.0		0.0		0.0	120708	46500000.0	Assumes sale of $50,000,000. The issuer also anticipates costs and fees relating to FINRA, transfer agent, escrow fees and roadshow.
0001213900-18-002246	Tier2	Audited	Y	Y	N	Y	Y	N	20000	1505	750.0	15000000.0	0.0	0.0	0.0	15000000.0							Cherry Bekaert LLP	27000.0	Smith, Anderson, Blount, Dorsett, Mitchell & Jernigan, L.L.P.	500000.0			Smith, Anderson, Blount, Dorsett, Mitchell & Jernigan, L.L.P.	2500.0		14170500.0	The estimated net proceeds to the issuer reflects estimated fees of $300,000 for custodial and platform services.
0001683168-18-000503	Tier2	Audited	Y	N	Y	Y	N	Y	4609403893	609403893	0.02	8000000.0	1014473.0	0.0	0.0	9014473.0									John E. Lux, Esq.	10000.0						7600000.0	
0001493152-18-002503	Tier1	Unaudited	Y	N	N	Y	N	N	700000	14488614	5.0	3500000.0	0.0	0.0	0.0	3500000.0	N/A	0.0	N/A	0.0	N/A	0.0	N/A	0.0	Legal & Compliance, LLC	22500.0	N/A	0.0	Legal & Compliance, LLC	2500.0		3475000.0	
0001477932-18-000986	Tier2	Audited	Y	N	N	Y	N	N	4000000	18681321	1.0	2000000.0	0.0	0.0	0.0	2000000.0		0.0		0.0		0.0	Benjamin & Young, LLP	5000.0	Nathaniel Reinking	2500.0		0.0		0.0		1992500.0	
0001387131-18-000740	Tier2	Audited	Y	Y	N	Y	N	N	2500000	100	10.0	25000000.0	0.0	0.0	0.0	25000000.0							Roth & Company LLP	65000.0	Gulkowitz Berger LLP	50000.0			NA	30000.0	0	24500000.0	
0001493152-18-002472	Tier2	Audited	Y	N	N	Y	Y	N	1428571	7927589	7.0	10000000.0	0.0	0.0	0.0	10000000.0	Boustead Securities, LLC	150000.0	Boustead Securities, LLC	700000.0	N/A	0.0	Friedman LLP/Semple, Marchal & Cooper, LLP	30000.0	Legal & Compliance, LLC	40000.0	N/A	0.0	Legal & Compliance, LLC	7500.0	141391	9072500.0	Net Proceeds Calculation of $9,072,500 includes Additional Estimated Expenses of: Cash Management Fee: $25,000; Technology Fees: $35,000; NASDAQ Fees: $75,000; Financial Printer Fees: $5,000; and Other Offering Deposit Account Fees & Costs $2,000
0001144204-18-010039	Tier2	Audited	Y	N	N	Y	N	N	2000000	2044443	5.0	0.0	0.0	0.0	0.0	0.0							RBSM LLP (only relates to fees in connection with this offering)	95000.0	Sullivan & Worcester LLP	50000.0						9750000.0	
0001493152-18-002460	Tier2	Audited	Y	N	N	Y	N	N	2400000		5.0	12000000.0	0.0	0.0	0.0	12000000.0			Self	840000.0			Sadler Gibb & Associates, LLC	160000.0	Clyde Snow & Sessions	25000.0	Self	840000.0				10320000.0	Promoter expense represents solicitation and marketing expenses.
0001615774-18-001334	Tier1	Audited	Y	Y	N	Y	N	N	400	0	50000.0	20000000.0	0.0	0.0	0.0	20000000.0							Spiegel Accountancy Corporation	7000.0	Geraci Law Firm	30000.0			Geraci Law Firm	20000.0			
0001264931-18-000019	Tier1	Unaudited	Y	N	Y	Y	N	N	115000000	467086221	0.03	5000000.0	750000.0	0.0	0.0	5750000.0	None	0.0	None	0.0	None	0.0	None	0.0	AUSTIN LEGAL GROUP	15000.0	None	0.0	TBD	3000.0			
0001646269-18-000005	Tier2	Audited	Y	N	N	Y	N	N	800000	6464239	50.0	40000000.0	0.0	0.0	0.0	40000000.0			Keystone Capital Corporation	2525000.0			Ernst Young	25000.0	Kendall A. Almerico P.A.	50000.0					10722	37475000.0	
0001688804-18-000004	Tier2	Audited	Y	Y	N	Y	Y	N	2000	0	247.5	495000.0	0.0	0.0	0.0	495000.0							EisnerAmper LLP	0.0	Nixon Peabody LLP	0.0	Cuttone & Company, LLC	3638.0			33038	491362.0	Values in this section represent values for Series #93XJ1 only
0001144204-18-009634	Tier2	Audited	Y	N	N	Y	Y	N	3500000	0	2.0	7000000.0	0.0	0.0	0.0	7000000.0	SI Securities, LLC	525000.0					Fruci & Associates II, PLLC	13750.0	CrowdCheck Law LLP (fka KHLK LLP)	50000.0					170937	6400000.0	
0001697746-18-000004	Tier1	Unaudited	Y	N	N	Y	N	N	1400000	4987000	10.0	14000000.0	0.0	0.0	0.0	14000000.0									Fortis Law Partners	15000.0			Fortis Law Partners	10000.0			
0001646269-18-000004	Tier2	Audited	N	N	N	Y	Y	N	800000	6315789	50.0	40000000.0	0.0	0.0	0.0	40000000.0			Keystone Capital Corporation	2525000.0			Ernst & Young	25000.0	Kendall Almerico	50000.0					10722	37475000.0	
0001193125-18-046775	Tier2	Audited	Y	N	N	Y	N	N	2000000	267300	10.0	20000000.0	0.0	0.0	0.0	20000000.0			Lanier Securities, LLC	1400000.0			Chapman, Hext & Co., P.C.	75000.0	Winstead PC	75000.0					285277	18450000.0	
0001703732-18-000002	Tier2	Audited	Y	N	N	Y	N	N	8333333	10328788	3.0	25000000.0	0.0	0.0	0.0	25000000.0			Jumpstart Securities LLC	1250000.0					DiMuroGinsberg PC	75000.0					156214	23450000.0	Estimated net proceeds include deduction of additional $225,000 of offering related expenses not itemized above
0001493152-18-002155	Tier2	Audited	Y	N	N	Y	Y	N	3076920	7733651	3.25	9999990.0	0.0	0.0	0.0	9999990.0	TriPoint Global Equities, LLC/Cambria Capital, LLC	60000.0	TriPoint Global Equities, LLC/Cambria Capital, LLC	750000.0	N/A	0.0	Marcum LLP	250000.0	Legal and Compliance, LLC	100000.0	CrowdfundX	145000.0	Legal and Compliance, LLC	17000.0	143174	8677990.0	Net Proceeds Calculation of $8,677,990 includes Additional Estimated Expenses of: Escrow Agent Fees: $2,500; and Financial Printer Fees: $3,500. CrowdfundX is also receiving 52,307 shares of common stock of Muscle Maker at a value of $3.25 per share.
0001697746-18-000001	Tier1	Unaudited	Y	N	N	Y	N	N	1400000	4987000	10.0	14000000.0	0.0	0.0	0.0	14000000.0									Fortis Law Partners	15000.0			Fortis Law Partners	10000.0			
0001144204-18-008607	Tier2	Audited	N	N	Y	Y	N	N	55555555	40715540	0.55	50000000.0	0.0	0.0	0.0	50000000.0							Sadler, Gibb & Associates, LLC	50000.0	Legal and Compliance, LLC	75000.0			Legal and Compliance, LLC	15000.0		49860000.0	
0001104659-18-009383	Tier2	Audited	N	N	N	Y	Y	N	1675000	100	20.0	33500000.0	0.0	0.0	0.0	33500000.0			Maxim Group LLC	0.0			Grant Thornton LLP	0.0	Clifford Chance US LLP; Ellenoff Grossman & Schole LLP	0.0	ICR Services Inc.	0.0				33500000.0	
0001477932-18-000818	Tier2	Audited	Y	N	Y	Y	N	N	6666666	0	7.5	50000000.0	0.0	0.0	0.0	50000000.0	Maxim Group LLC	3500000.0		0.0		0.0	Hein & Associates LLP	125000.0	Hogan Lovells US LLP	150000.0		0.0		0.0	120708	46500000.0	Assumes sale of $50,000,000. The issuer also anticipates costs and fees relating to FINRA, transfer agent, escrow fees and roadshow.
0001213900-18-001618	Tier2	Audited	Y	N	N	Y	N	N	4545454	20486870	11.0	50000000.0	0.0	0.0	0.0	50000000.0							RBSM, LLP	50000.0	CKR Law, LLP	125000.0							Placement Agent and Sales Commission to be determined prior to Qualification.
0001437749-18-002246	Tier1	Unaudited	Y	Y	Y	N	N	N	20000000	9382219	1.0	0.0	0.0	0.0	1.0	1.0																20000000.0	
0001724115-18-000003	Tier2	Audited	N	N	N	Y	N	N	8750000	32500000	4.0	35000000.0	0.0	0.0	0.0	35000000.0																	
0001104659-18-008137	Tier2	Audited	N	N	N	Y	Y	N	1675000	100	20.0	33500000.0	0.0	0.0	0.0	33500000.0			Maxim Group LLC	0.0			Grant Thornton LLP	0.0	Clifford Chance US LLP; Ellenoff Grossman & Schole LLP	0.0	ICR Services Inc.	0.0				33500000.0	
0001213900-18-001539	Tier2	Audited	Y	N	N	Y	N	N	6000000	4872654	2.0	2.0	0.0	0.0	0.0	2.0							Daszkal Bolton LLP	25000.0	Reed Smith LLP	100000.0						11800000.0	
0001549212-18-000007	Tier1	Unaudited	N	N	N	N	N	N	500000000		0.001	0.0	0.0	0.0	0.0	0.0													NEW YORK	0.0		500000.0	
0001213900-18-001500	Tier2	Audited	Y	N	N	Y	N	N	4545454	20486870	11.0	50000000.0	0.0	0.0	0.0	50000000.0							RBSM, LLP	50000.0	CKR Law, LLP	125000.0							Placement Agent and Sales Commission to be determined prior to Qualification.
0001493152-18-001671	Tier2	Audited	Y	N	N	Y	N	N	2400000		5.0	12000000.0	0.0	0.0	0.0	12000000.0			Self	840000.0			Sadler Gibb & Associates, LLC	160000.0	Clyde Snow & Sessions	25000.0	Self	840000.0				10320000.0	Promoter expense represents solicitation and marketing expenses.
0001193125-18-036459	Tier2	Audited	Y	N	N	Y	N	N	2000000	267300	10.0	20000000.0	0.0	0.0	0.0	20000000.0			Lanier Securities, LLC	1400000.0			Chapman, Hext & Co., P.C.	75000.0	Winstead PC	75000.0					285277	18450000.0	
0001193125-18-036079	Tier2	Audited	Y	Y	N	Y	N	N	50000000	0	1.0	50000000.0	0.0	0.0	0.0	50000000.0							Armanino LLP	60500.0	Ater Wynne LLP	165000.0			Ater Wynne LLP	15000.0		4975500.0	
0001395005-18-000007	Tier1	Unaudited	Y	N	Y	Y	N	N	2000000000	12400263104	0.01	0.0	0.0	0.0	0.0	0.0									John E. Lux, Esq.	7500.0						19987500.0	
0001549212-18-000005	Tier1	Unaudited	Y	N	Y	Y	N	N	4000000000	1257318840	0.005	18888998.0	0.0	1111002.0	0.0	20000000.0									Eilers Law Group, P.A.	15000.0						20000000.0	
0001144204-18-006258	Tier2	Audited	Y	Y	N	Y	N	N	530000	1136406	10.0	5300000.0	0.0	0.0	0.0	5300000.0	N/A	0.0	N/A	0.0	N/A	0.0	Hughes Pittman & Gupton, LLP	2000.0	Manatt, Phelps & Phillips, LLP; Robbins Ross Alloy Belinfante Littlefield LLC	101000.0	N/A	0.0	Internal out-of-pocket expenses	10000.0		4887000.0	Reflects 500K shares offered for cash comp & 30K bonus shares for no cash comp, $5M for paid securities and $300K of implied value attrib. to bonus shares; & est. net proceeds include paid securities only. Issuer to provide blue sky comp.
0001213900-18-001376	Tier2	Audited	Y	N	Y	Y	N	N	2666667	2731023		32000000.0	0.0	0.0	0.0	32000000.0	W.R. Hambrecht & Co., LLC	2080000.0					Marcum LLP	150000.0	Dorsey & Whitney LLP	350000.0							
0001387131-18-000474	Tier2	Audited	Y	Y	N	Y	N	N	2500000	100	10.0	25000000.0	0.0	0.0	0.0	25000000.0							Roth & Company LLP	65000.0	Gulkowitz Berger LLP	50000.0			NA	30000.0	0	24500000.0	
0001722266-18-000002	Tier2	Audited	Y	N	N	Y	Y	N	5000000	0	10.0	50000000.0	0.0	0.0	0.0	50000000.0		0.0		0.0		0.0	Cohn Reznick	15000.0	Riveles Wahab	25000.0	various	50000.0		0.0			Fees are estimated. Have not settled on advertiser/promoter service providers yet.
0001493152-18-001482	Tier2	Audited	Y	N	N	Y	Y	N	6250000	38750000	8.0	50000000.0	0.0	0.0	0.0	50000000.0			NMS Capital Advisors, LLC	3750000.0			RBSM LLP	125000.0	Olshan Frome Wolosky LLP	200000.0					140356	44800000.0	Assumes sale of $50,000,000 of shares.
0001079973-18-000089	Tier1	Unaudited	N	N	Y	Y	Y	N	11153889	55769447		7919261.0	0.0	0.0	0.0	7919261.0		0.0		0.0		0.0	Saturna Group Chartered Professional Accountants LLP	4000.0	Burns Figa & Will PC and Farthoogian & Co.	75000.0		0.0		0.0			
0001264931-18-000014	Tier1	Unaudited	Y	N	Y	Y	N	N	100000000	886836343	0.01	1000000.0	0.0	0.0	0.0	1000000.0	None	0.0	None	0.0	None	0.0	None	0.0	Austin Legal Group	15000.0	None	0.0	TBD	4000.0			
0001683168-18-000304	Tier1	Unaudited	Y	N	Y	Y	N	N	3000000000	54011699	0.001	3000000.0	0.0	0.0	0.0	3000000.0									John E. ux, Esq.	20000.0						2700000.0	
0001144204-18-005580	Tier2	Audited	Y	Y	N	Y	N	N	1171700	0	10.0	1171700.0	0.0	17635970.0	1686680.0	20494350.0									Smith Anderson; Robbins Ross	4500.0							
0001213900-18-001255	Tier2	Audited	Y	N	Y	Y	N	N	2666667	2731023		32000000.0	0.0	0.0	0.0	32000000.0	W.R. Hambrecht & Co., LLC	2080000.0					Marcum LLP	150000.0	Dorsey & Whitney LLP	350000.0							
0001493152-18-001428	Tier1	Unaudited	Y	N	N	Y	N	N	700000	14488614	5.0	3500000.0	0.0	0.0	0.0	3500000.0	N/A	0.0	N/A	0.0	N/A	0.0	N/A	0.0	Legal & Compliance, LLC	22500.0	N/A	0.0	Legal & Compliance, LLC	2500.0		3475000.0	
0001658959-18-000007	Tier2	Audited	Y	N	N	Y	N	N	5000000	65672294	5.0	25000000.0	0.0	0.0	0.0	25000000.0	TBD	30000.0	TBD	1825000.0			Artesian CPA, LLC	16000.0	Cowden & Humphrey, Horwitz & Armstrong	66000.0	ASMX Capital	1115650.0	Mergent & ASMX Capital	9750.0		21908303.0	Net Proceeds Calculation of $21,908,303.00 includes Additional Expenses of: Technology Fees to Issuer Direct (Estimated): $29,297.00
0001658959-18-000005	Tier2	Audited	Y	N	N	Y	N	N	5000000	65672294	5.0	25000000.0	0.0	0.0	0.0	25000000.0	TBD	30000.0	TBD	1825000.0			Artesian CPA, LLC	16000.0	Cowden & Humphrey, Horwitz & Armstrong	66000.0	ASMX Capital	1115650.0	Mergent & ASMX Capital	9750.0		21908303.0	Net Proceeds Calculation of $21,908,303.00 includes Additional Expenses of: Technology Fees to Issuer Direct (Estimated): $29,297.00
0001213900-18-001199	Tier2	Audited	Y	Y	N	Y	Y	N	20000	1505	750.0	15000000.0	0.0	0.0	0.0	15000000.0							Cherry Bekaert LLP	27000.0	Smith, Anderson, Blount, Dorsett, Mitchell & Jernigan, L.L.P.	500000.0			Smith, Anderson, Blount, Dorsett, Mitchell & Jernigan, L.L.P.	2500.0		14170500.0	The estimated net proceeds to the issuer reflects estimated fees of $300,000 for custodial and platform services.
0001658959-18-000004	Tier2	Audited	Y	N	N	Y	N	N	5000000	65672294	5.0	25000000.0	0.0	0.0	0.0	25000000.0	TBD	30000.0	TBD	1825000.0			Artesian CPA, LLC	16000.0	Cowden & Humphrey, Horwitz & Armstrong	66000.0	ASMX Capital	1115650.0	Mergent & ASMX Capital	9750.0		21908303.0	Net Proceeds Calculation of $21,908,303.00 includes Additional Expenses of: Technology Fees to Issuer Direct (Estimated): $29,297.00
0001213900-18-001197	Tier2	Audited	Y	N	N	Y	N	N	5000000		2.0	10000000.0	0.0	0.0	0.0	10000000.0	N/A	0.0	None Yet	1000000.0	N/A	0.0	Soles, Heyn & Company, LLP	8500.0	James Byrd, PA	15000.0	N/A	0.0	N/A	0.0	0	8976500.0	We have not engaged any brokers or placement agents as of January 15, 2018, however, we anticipate appointing one or more placement agents or broker dealers to sell this offering.
0000939798-18-000004	Tier2	Audited	Y	N	N	Y	N	N	5000000	73000000	10.0	0.0	0.0	0.0	0.0	0.0		0.0		0.0		0.0	Mac Accounting Group, LLP	30000.0	Gary R. Henrie, Attorney at Law	20000.0		0.0		0.0		49935000.0	
0001437749-18-001497	Tier2	Audited	N	N	N	Y	N	N	8333333	43334000	6.0	49999998.0	0.0	0.0	0.0	49999998.0			WEST PARK CAPITAL, INC.	2750000.0							VC Media Partners, LLC	3000000.0				44249998.0	Assuming sale of maximum shares
0001144204-18-005207	Tier2	Audited	Y	N	N	Y	N	N	2000000	2044443	5.0	0.0	0.0	0.0	0.0	0.0							RBSM LLP (only relates to fees in connection with this offering)	95000.0	Sullivan & Worcester LLP	50000.0						9750000.0	
0001104659-18-005778	Tier1	Audited	N	N	N	Y	N	N	1365656	2731313	7.25	9901006.0	0.0	0.0	0.0	9901006.0							Fortner, Bayens, Levkulich & Garrison, P.C.; Eide Bailly LLP	5000.0	Shapiro Bieging Barber Otteson LLP	35000.0						9851006.0	Expect to spend another $10,000 in fees to our transfer agent to assist with the collection of subscription agreements
0001658959-18-000003	Tier2	Audited	Y	N	N	Y	N	N	5000000	65672294	5.0	25000000.0	0.0	0.0	0.0	25000000.0	TBD	30000.0	TBD	1825000.0			Artesian CPA, LLC	16000.0	Cowden & Humphrey, Horwitz & Armstrong	66000.0	ASMX Capital	1115650.0	Mergent & ASMX Capital	9750.0		21908303.0	Net Proceeds Calculation of $21,908,303.00 includes Additional Expenses of: Technology Fees to Issuer Direct (Estimated): $29,297.00
0001654954-18-000873	Tier2	Audited	Y	N	N	Y	N	N	4000000	111076211		10000000.0	0.0	0.0	0.0	10000000.0							Rosenberg Rich Baker Berman & Company	10000.0	CrowdCheck Law LLP (formerly KHLK, LLP)	40000.0			Various States	10000.0	162182	9000000.0	8,000 fee plus 50 basis points on aggregate raise (max $10,000,000 raise would be $50,000 fee)
0001722266-18-000001	Tier2	Audited	Y	N	N	Y	Y	N	5000000	0	10.0	50000000.0	0.0	0.0	0.0	50000000.0		0.0		0.0		0.0	Cohn Reznick	15000.0	Riveles Wahab	25000.0	various	50000.0		0.0			Fees are estimated. Have not settled on advertiser/promoter service providers yet.
0001144204-18-004542	Tier2	Audited	Y	N	N	Y	Y	N	2000000	0	5.0	10000000.0	0.0	0.0	0.0	10000000.0							dbbmckennon	22500.0	Alliance Legal Partners, Inc.	62500.0			CrowdCheck, Inc.	10000.0		9669542.0	
0001477932-18-000550	Tier2	Audited	Y	N	N	Y	N	N	50000	0	50.0	50000000.0	0.0	0.0	0.0	50000000.0		0.0		0.0		0.0	Artesian CPA	2500.0	Trowbridge Sidoti	50000.0		0.0		0.0		50000000.0	
0001213900-18-000990	Tier2	Audited	Y	N	N	Y	N	N	4545454	20454564	11.0	50000000.0	0.0	0.0	0.0	50000000.0							RBSM, LLP	50000.0	CKR Law, LLP	125000.0							Placement Agent and Sales Commission to be determined prior to Qualification.
0001213900-18-000963	Tier2	Audited	Y	N	N	Y	Y	N	2165000	0	18.5	40052500.0	0.0	0.0	0.0	40052500.0			TriPoint Global Equities, LLC, Roth Capital Partners, LLC and Telsey Advisory Group, LLC	2903806.25			Crowe Horwath LLP	500000.0	Fried, Frank, Harris, Shriver & Jacobson LLP	650000.0					143174	35948693.75	
0001387131-18-000278	Tier1	Unaudited	Y	N	N	Y	N	N	2971768	20000000	6.73	19999998.6	0.0	0.0	0.0	19999998.6																19999998.6	
0001654954-18-000778	Tier2	Audited	Y	Y	N	Y	Y	N	100000000	107216246	0.15	15000000.0	0.0	150000.0	0.0	15150000.0		0.0		0.0		0.0	Wipfli, LLP	2500.0	CrowdCheck Law LLP (fka KHLK LLP)	15000.0		0.0	various	17500.0		14850000.0	Escrow processing and other fees estimated to be $135,000x
0001415889-18-000133	Tier2	Audited	Y	N	N	Y	N	N	4000000	111076211		10000000.0	0.0	0.0	0.0	10000000.0							Rosenberg Rich Baker Berman & Company	10000.0	CrowdCheck Law LLP (formerly KHLK, LLP)	40000.0			Various States	10000.0	162182	9000000.0	8,000 fee plus 50 basis points on aggregate raise (max $10,000,000 raise would be $50,0000 fee)
0001213900-18-000900	Tier2	Audited	Y	N	N	Y	N	N	4545454	20454564	11.0	50000000.0	0.0	0.0	0.0	50000000.0							RBSM, LLP	50000.0	CKR Law, LLP	125000.0							Placement Agent and Sales Commission to be determined prior to Qualification.
0001213900-18-000895	Tier2	Audited	Y	N	N	Y	N	N	5000000		2.0	10000000.0	0.0	0.0	0.0	10000000.0	N/A	0.0	None Yet	1000000.0	N/A	0.0	Soles, Heyn & Company, LLP	8500.0	James Byrd, PA	15000.0	N/A	0.0	N/A	0.0	0	8976500.0	We have not engaged any brokers or placement agents as of January 15, 2018, however, we anticipate appointing one or more placement agents or broker dealers to sell this offering.
0001144204-18-003566	Tier2	Audited	Y	Y	N	Y	N	N	2466660	0	10.0	2466660.0	0.0	17066190.0	0.0	19532850.0									Smith Anderson; Robbins Ross	4500.0							
0001477932-18-000457	Tier2	Audited	Y	N	N	Y	N	N	2500000	25000000	3.0	7500000.0	0.0	0.0	0.0	7500000.0		0.0		0.0		0.0	Artesian CPA	7500.0	Williams Securities Law Firm, PA	50000.0		0.0		0.0		7350000.0	An additional $92,500.00 in miscellaneous offering expenses for which no category is listed above.
0001646269-18-000001	Tier2	Audited	Y	N	N	Y	N	N	1000000	6464239	50.0	50000000.0	0.0	0.0	0.0	50000000.0			Keystone Capital Corporation	3325000.0			Ernst Young	25000.0	Kendall A. Almerico P.A.	50000.0					10722	46600000.0	
0001477932-18-000441	Tier2	Audited	Y	N	Y	Y	N	N	6666666	0	7.5	50000000.0	0.0	0.0	0.0	50000000.0	Maxim Group LLC	3500000.0		0.0		0.0	Hein & Associates LLP	125000.0	Hogan Lovells US LLP	150000.0		0.0		0.0	120708	46500000.0	Assumes sale of $50,000,000. The issuer also anticipates costs and fees relating to FINRA, transfer agent, escrow fees and roadshow.
0001144204-18-003243	Tier2	Audited	Y	N	N	Y	Y	N	7042254	15000000	0.71	5000000.0	0.0	0.0	0.0	5000000.0	Fintech Clearing LLC	400000.0					Holthouse Carlin & Van Trigt LLP	30000.0	CrowdCheck Law LLP (f/k/a KHLK LLP)	40000.0			State notice fees (estimated)	10000.0	134742	4380000.0	
0001144204-18-003117	Tier2	Audited	Y	Y	N	Y	N	N	500000	1136406	10.0	5000000.0	0.0	0.0	0.0	5000000.0	N/A	0.0	N/A	0.0	N/A	0.0	Hughes Pittman & Gupton, LLP	2000.0	Manatt, Phelps & Phillips, LLP; Robbins Ross Alloy Belinfante Littlefield LLC	101000.0	N/A	0.0	Internal out-of-pocket expenses	10000.0		4887000.0	The Issuer will provide for its own blue sky compliance.
0001477932-18-000412	Tier2	Audited	Y	N	N	Y	N	N	50000	0	50.0	50000000.0	0.0	0.0	0.0	50000000.0		0.0		0.0		0.0	Artesian CPA	2500.0	Trowbridge Sidoti	50000.0		0.0		0.0		50000000.0	
0001193125-18-015840	Tier2	Audited	Y	N	N	Y	N	N	2000000	267300	10.0	20000000.0	0.0	0.0	0.0	20000000.0			Lanier Securities, LLC	1400000.0			Chapman, Hext & Co., P.C.	75000.0	Winstead PC	75000.0					285277	18450000.0	
0001477932-18-000410	Tier2	Audited	Y	Y	N	Y	N	N	500000	0	10.0	50000000.0	0.0	0.0	0.0	50000000.0		0.0	Sageworks Capital, LLC	500000.0		0.0	IndigoSpire	2500.0	Trowbridge Sidoti	40000.0	Steve Morris	0.0		0.0		49500000.0	
0001654954-18-000597	Tier2	Audited	Y	N	N	Y	N	N	4000000	111076211		10000000.0	0.0	0.0	0.0	10000000.0							Rosenberg Rich Baker Berman & Company	10000.0	CrowdCheck Law LLP (formerly KHLK, LLP)	40000.0			Various States	9000000.0	162182	9000000.0	8,000 fee plus 50 basis points on aggregate raise (max $10,000,000 raise would be $50,0000 fee)
0001104659-18-003066	Tier2	Audited	N	N	N	Y	Y	N	1675000	100	20.0	33500000.0	0.0	0.0	0.0	33500000.0			Maxim Group LLC	0.0			Grant Thornton LLP	0.0	Clifford Chance US LLP; Ellenoff Grossman & Schole LLP	0.0	ICR Services Inc.	0.0				33500000.0	
0001144204-18-002814	Tier2	Audited	Y	N	N	Y	Y	N	3500000	0	2.0	7000000.0	0.0	0.0	0.0	7000000.0	SI Securities, LLC	525000.0					Fruci & Associates II, PLLC	13750.0	CrowdCheck Law LLP (fka KHLK LLP)	50000.0					170937	6400000.0	
0001104659-18-003025	Tier1	Audited	Y	N	N	N	N	N	1764937	8219576	7.140000000000001	12601650.0	0.0	0.0	0.0	12601650.0	None	0.0	None	0.0	None	0.0	TGM Group LLC	25000.0	Buckley Sandler LLP	150000.0	None	0.0	None	0.0		0.0	Shares of issuer's common stock will be issued to shareholders of Liberty Bell Bank in connection with issuer's acquisition of Liberty Bell Bank pursuant to an Agreement of Merger.
0001686327-18-000001	Tier2	Audited	Y	N	N	Y	N	N	10000000	14750000	4.0	50000000.0	0.0	0.0	0.0	50000000.0																	
0001683168-18-000181	Tier1	Unaudited	Y	N	Y	Y	N	N	20000000	487693986	1.0	17457500.0	2542500.0	0.0	0.0	20000000.0									John E. Lux, Esq.	22000.0			Various States	2500.0		14600000.0	
0001663577-18-000027	Tier1	Unaudited	Y	N	Y	Y	N	N	20000000	40000001	1.0	15401820.0	4598180.0	0.0	0.0	20000000.0	N/A	0.0	N/A	0.0	N/A	0.0	N/A	5000.0	The Doney Law Firm	10000.0	N/A	0.0	The Doney Law Firm	20000.0		15366820.0	
0001144204-18-002617	Tier2	Audited	Y	Y	N	Y	N	N	2466660	0	10.0	2466660.0	0.0	17066190.0	0.0	19532850.0									Smith Anderson; Robbins Ross	4500.0							
0001437749-18-000769	Tier1	Unaudited	Y	Y	Y	N	N	N	20000000	9382219	3.0	0.0	0.0	0.0	3.0	3.0																20000000.0	Twenty Million US Dollars
0001683168-18-000156	Tier1	Unaudited	Y	N	Y	N	N	N	3000000000	54011699	0.001	3000000.0	0.0	0.0	0.0	3000000.0									John E. ux, Esq.	20000.0						2700000.0	
0001477932-18-000266	Tier2	Audited	Y	N	N	Y	N	N	10000000	0	4.0	38600000.0	0.0	0.0	0.0	38600000.0		0.0	Alexander Capital, LP	2800000.0		0.0	IndigoSpire	2500.0	Trowbridge Sidoti	50000.0		0.0		0.0		37100000.0	
0001144204-18-002137	Tier2	Audited	Y	N	N	Y	Y	N	7042254	15000000	0.71	5000000.0	0.0	0.0	0.0	5000000.0	Fintech Clearing LLC	400000.0					Holthouse Carlin & Van Trigt LLP	30000.0	CrowdCheck Law LLP (f/k/a KHLK LLP)	40000.0			State notice fees (estimated)	10000.0	134742	4380000.0	
0001144204-18-002062	Tier2	Audited	Y	Y	N	Y	Y	N	5000000	100	10.0	50000000.0	0.0	0.0	0.0	50000000.0	None	0.0	None	0.0	None	0.0	Anton & Chia LLP	5000.0	Corporate Law Solutions, PC	90000.0	Rich Uncles LLC (sponsor)	1500000.0	Corporate Law Solutions, PC	10000.0		48395000.0	
0001477932-18-000158	Tier2	Audited	Y	N	N	Y	N	N	15000000	25000000	0.01	150000.0	0.0	0.0	0.0	150000.0		0.0		0.0		0.0	Paritz & Company P.A.	4000.0	JMS Law Group, PLLC	10000.0		0.0		0.0		130000.0	
0001104659-18-001704	Tier2	Audited	N	N	N	Y	Y	N	1675000	100	20.0	33500000.0	0.0	0.0	0.0	33500000.0			Maxim Group LLC	0.0			Grant Thornton LLP	0.0	Clifford Chance US LLP; Ellenoff Grossman & Schole LLP	0.0	ICR Services Inc.	0.0				33500000.0	
0001213900-18-000362	Tier2	Audited	Y	N	N	Y	Y	N	2165000	0	18.5	40052500.0	0.0	0.0	0.0	40052500.0			TriPoint Global Equities, LLC, Roth Capital Partners, LLC and Telsey Advisory Group, LLC	2903806.25					Fried, Frank, Harris, Shriver & Jacobson LLP	650000.0					143174		
0001144204-18-001666	Tier2	Audited	Y	N	N	Y	Y	Y	250000	34182	100.0	21581758.0	3418242.0	0.0	0.0	25000000.0			Strategic Capital Investments	1500000.0			KEITER	150000.0	CrowdCheck Law, LLP / COOLEY	100000.0					38924	20036892.0	
0001724115-18-000001	Tier2	Audited	N	N	N	Y	N	N	8750000	32500000	4.0	35000000.0	0.0	0.0	0.0	35000000.0																	
0001213900-18-000311	Tier2	Audited	Y	N	Y	Y	N	N	6400000	5442786		32000000.0	0.0	0.0	0.0	32000000.0	W.R. Hambrecht & Co., LLC	2080000.0					Marcum LLP	150000.0	Dorsey & Whitney LLP	350000.0							
0001264931-18-000007	Tier1	Unaudited	Y	N	Y	Y	N	N	100000000	886836343	0.0135	1500000.0	0.0	0.0	0.0	1500000.0	None	0.0	None	0.0	None	0.0	None	0.0	Austin Legal Group	15000.0	None	0.0	TBD	4000.0			
0001477932-18-000118	Tier2	Audited	Y	N	N	Y	N	N	50000	0	1000.0	50000000.0	0.0	0.0	0.0	50000000.0		0.0		0.0		0.0	Spiegel Accountancy Corp.	2500.0	Trowbridge Taylor Sidoti	50000.0	John Parrett	0.0		0.0		0.0	
0001104659-18-001441	Tier1	Audited	Y	N	N	N	N	N	1764937	8219576	7.140000000000001	12601650.0	0.0	0.0	0.0	12601650.0	None	0.0	None	0.0	None	0.0	TGM Group LLC	25000.0	Buckley Sandler LLP	150000.0	None	0.0	None	0.0		0.0	Shares of issuer's common stock will be issued to shareholders of Liberty Bell Bank in connection with issuer's acquisition of Liberty Bell Bank pursuant to an Agreement of Merger.
0001477932-18-000088	Tier2	Audited	Y	N	N	Y	N	N	500000	0	10.0	50000000.0	0.0	0.0	0.0	50000000.0		0.0	Sageworks Capital, LLC	500000.0		0.0	IndigoSpire	2500.0	Trowbridge Sidoti	40000.0	Steve Morris	0.0		0.0		49500000.0	
0001144204-18-001138	Tier2	Audited	Y	N	N	Y	Y	Y	250000	34182	100.0	21581758.0	3418242.0	0.0	0.0	25000000.0			Strategic Capital Investments	1500000.0			KEITER	150000.0	CrowdCheck Law, LLP / COOLEY	100000.0					38924	20036892.0	
0001493152-18-000256	Tier1	Unaudited	Y	N	N	Y	N	N	700000	14488614	5.0	3500000.0	0.0	0.0	0.0	3500000.0	N/A	0.0	N/A	0.0	N/A	0.0	N/A	0.0	Legal & Compliance, LLC	22500.0	N/A	0.0	Legal & Compliance, LLC	2500.0		3475000.0	
0001144204-18-001069	Tier2	Audited	Y	Y	N	Y	N	N	500000	1132406	10.0	5000000.0	0.0	0.0	0.0	5000000.0	N/A	0.0	N/A	0.0	N/A	0.0	Hughes Pittman & Gupton, LLP	2000.0	Manatt, Phelps & Phillips, LLP; Robbins Ross Alloy Belinfante Littlefield LLC	101000.0	N/A	0.0	Internal out-of-pocket expenses	10000.0		4887000.0	The Issuer will provide for its own blue sky compliance.
0001654954-18-000109	Tier2	Audited	Y	N	N	Y	N	N	4000000	111076211		10000000.0	0.0	0.0	0.0	10000000.0							Rosenberg Rich Baker Berman & Company	10000.0	CrowdCheck Law LLP (formerly KHLK, LLP)	40000.0			Various States	10000.0	162182	9000000.0	8,000 fee plus 50 basis points on aggregate raise (max $10,000,000 raise would be $50,0000 fee)
0001477932-18-000057	Tier2	Audited	Y	N	N	Y	N	N	2500000	22500000	0.4	1000000.0	0.0	0.0	0.0	1000000.0		0.0		0.0		0.0	Freed Maxick	6500.0	Michael Williams Esq.	36000.0		0.0		0.0		950000.0	An additional $7,500.00 in miscellaneous offering expenses is added for which no category is listed above.
0001477932-18-000041	Tier2	Audited	Y	N	N	Y	N	N	500000	0	10.0	50000000.0	0.0	0.0	0.0	50000000.0		0.0	Sageworks Capital, LLC	500000.0		0.0	IndigoSpire	2500.0	Trowbridge Sidoti	40000.0	Steve Morris	0.0		0.0		49500000.0	
0001144204-18-000367	Tier1	Unaudited	N	N	N	Y	N	N	5000000	38624940	3.0	13800000.0	1200000.0	0.0	0.0	15000000.0																13800000.0	
0001206774-18-000006	Tier2	Audited	Y	N	N	Y	Y	N	2000000	10082565	8.0	16000000.0	0.0	0.0	0.0	16000000.0																	
0001144204-18-000317	Tier1	Unaudited	N	N	N	Y	N	N	5000000	38624940	3.0	13800000.0	1200000.0	0.0	0.0	15000000.0																13800000.0	
0001214659-18-000011	Tier2	Audited	Y	N	N	Y	N	N	5000000	14000000	7.0	35000000.0	0.0	0.0	0.0	35000000.0			To be determined	3500000.0			BF Borgers CPA PC & Artesian CPA, LLC	9320.0	Doida Law Group LLC & Adam S. Tracy	16250.0			Doida Law Group LLC	10000.0		31477000.0	
0001703732-18-000001	Tier2	Audited	Y	N	N	Y	N	N	8333333	10328788	3.0	25000000.0	0.0	0.0	0.0	25000000.0			Jumpstart Securities LLC	1250000.0					DiMuroGinsberg PC	75000.0					156214	23450000.0	Estimated net proceeds include deduction of additional $225,000 of offering related expenses not itemized above
0001144204-18-000003	Tier2	Audited	Y	Y	N	Y	N	N	1407030	0	10.0	1407030.0	0.0	15974160.0	246020.0	17627210.0							Hughes Pittman & Gupton, LLP	38000.0	Smith Anderson; Robbins Ross	20000.0			N/A	10000.0			"The response to ""Number of securities offered"" above represents the aggregate principal amount of LROs being offered by the issuer."
