ACCESSION_NUMBER	SECURITY_ID	SECURITIESISSUERNAME	SECURITIESISSUERTITLE	SECURITIESISSUEDTOTALAMOUNT	SECURITIESPRINCIPALHOLDERAMT	SECURITIESISSUEDAGGREGATEAMT	AGGREGATECONSIDERATIONBASIS
0001615774-18-002234	1	ADiTx Therapeutics, Inc.	Founders Shares, Shares of Common Stock	7231250	0	Founders shares issued at $0.001 per share at $7,100 in the aggregate; 131,250 shares of Common Stock issued for gross proceeds of $262,500.	
0001144204-18-018271	4	Groundfloor Finance Inc.	Limited Recourse Obligations	1092030	0	Limited Recourse Obligations in the amount of $1,092,030 were issued and sold pursuant to Offering Circular File No. 024-10753 (as may be amended and supplemented from time to time).	
0001144204-18-018271	3	Groundfloor Finance Inc.	Limited Recourse Obligations	1092030	0	Limited Recourse Obligations in the amount of $1,092,030 were issued and sold pursuant to Offering Circular File No. 024-10753 (as may be amended and supplemented from time to time).	
0001144204-18-018271	2	Groundfloor Finance Inc.	Limited Recourse Obligations	1092030	0	Limited Recourse Obligations in the amount of $1,092,030 were issued and sold pursuant to Offering Circular File No. 024-10753 (as may be amended and supplemented from time to time).	
0001144204-18-018271	1	Groundfloor Finance Inc.	Limited Recourse Obligations	1092030	0	Limited Recourse Obligations in the amount of $1,092,030 were issued and sold pursuant to Offering Circular File No. 024-10753 (as may be amended and supplemented from time to time).	
0001144204-18-018189	1	GAB AI Inc.	Common Stock	995641	0	$1,070,000 (995,641 shares)	
0001144204-18-018024	4	Groundfloor Finance Inc.	LROs	19353050	0	LROs in the amount of $13,929,860 were issued and sold pursuant to Offering Circular File No. 024-10496 and $5,423,190 were issued and sold pursuant to Offering Circular File No. 024-10753 (as may be amended and supplemented from time to time).	
0001144204-18-018024	3	Groundfloor Finance Inc.	LROs	19353050	0	LROs in the amount of $13,929,860 were issued and sold pursuant to Offering Circular File No. 024-10496 and $5,423,190 were issued and sold pursuant to Offering Circular File No. 024-10753 (as may be amended and supplemented from time to time).	
0001144204-18-018024	2	Groundfloor Finance Inc.	LROs	19353050	0	LROs in the amount of $13,929,860 were issued and sold pursuant to Offering Circular File No. 024-10496 and $5,423,190 were issued and sold pursuant to Offering Circular File No. 024-10753 (as may be amended and supplemented from time to time).	
0001144204-18-018024	1	Groundfloor Finance Inc.	LROs	19353050	0	LROs in the amount of $13,929,860 were issued and sold pursuant to Offering Circular File No. 024-10496 and $5,423,190 were issued and sold pursuant to Offering Circular File No. 024-10753 (as may be amended and supplemented from time to time).	
0001144204-18-018048	1	Xspand Products Lab, Inc.	Common Stock	3000000	0	0, issued as consideration for the acquisition of S.R.M. Entertainment Limited and Ferguson Containers, Inc.	
0001683168-18-000803	1	GlobalTech Holdings, Inc.	Common Stock, $0.0001 par value	51413629	0	$56,000 total cash was received. $45,000 was received as seed capital for ongoing operations with 4,094,000 shares issued. 10,743,869 shares were issued for consultants. 34,033,260 additional shares were issued for $11,000 between Langmere LLC returning their shares and the company officers receiving shares in lieu of cash compensation, 2,542,500 to pay note.	
0001144204-18-017744	4	Groundfloor Finance Inc.	Limited Recourse Obligations	1092030	0	Limited Recourse Obligations in the amount of $1,092,030 were issued and sold pursuant to Offering Circular File No. 024-10753 (as may be amended and supplemented from time to time).	
0001144204-18-017744	3	Groundfloor Finance Inc.	Limited Recourse Obligations	1092030	0	Limited Recourse Obligations in the amount of $1,092,030 were issued and sold pursuant to Offering Circular File No. 024-10753 (as may be amended and supplemented from time to time).	
0001144204-18-017744	2	Groundfloor Finance Inc.	Limited Recourse Obligations	1092030	0	Limited Recourse Obligations in the amount of $1,092,030 were issued and sold pursuant to Offering Circular File No. 024-10753 (as may be amended and supplemented from time to time).	
0001144204-18-017744	1	Groundfloor Finance Inc.	Limited Recourse Obligations	1092030	0	Limited Recourse Obligations in the amount of $1,092,030 were issued and sold pursuant to Offering Circular File No. 024-10753 (as may be amended and supplemented from time to time).	
0001144204-18-017684	3	NowRx, Inc.	SAFE Agreements	802500	0	$802,500	
0001144204-18-017684	2	NowRx, Inc.	SAFE Agreements	802500	0	$802,500	
0001144204-18-017684	1	NowRx, Inc.	SAFE Agreements	802500	0	$802,500	
0001161697-18-000153	1	Generation Income Properties, Inc.	Common Stock	1000000	0	$10,000 at $0.01 per share	
0001144204-18-017684	4	NowRx, Inc.	SAFE Agreements	802500	0	$802,500	
0001144204-18-017487	2	NowRx, Inc.	SAFE Agreements	802500	0	$802,500	
0001144204-18-017487	1	NowRx, Inc.	SAFE Agreements	802500	0	$802,500	
0001144204-18-017487	4	NowRx, Inc.	SAFE Agreements	802500	0	$802,500	
0001144204-18-017487	3	NowRx, Inc.	SAFE Agreements	802500	0	$802,500	
0001615774-18-002139	1	YayYo, LLC	Common Stock	25770551	0	6257225	
0001144204-18-017238	1	Xspand Products Lab, Inc.	Common Stock	3000000	0	0, issued as consideration for the acquisition of S.R.M. Entertainment Limited and Ferguson Containers, Inc.	
0001213900-18-003513	1	UC Asset LP	Limited partner interests	2650000	0	$2,650,000 representing capital contributed and based upon the general partner's determination	
0001144204-18-017097	1	iConsumer Corp.	8 percent Convertible Promissory Notes due 2020	148500	0	$148,500	
0001144204-18-017097	2	iConsumer Corp.	8 percent Convertible Promissory Notes due 2020	148500	0	$148,500	
0001213900-18-003496	1	Emerald Health Pharmaceuticals Inc.	Common Stock	10000000	0	$1,000	
0001213900-18-003496	2	Emerald Health Pharmaceuticals Inc.	Common Stock	10000000	0	$1,000	
0001615774-18-002116	1	YayYo, LLC	Common Stock	25770551	0	6257225	
0001493152-18-003914	2	Muscle Maker, Inc	Common Stock	5403550	0	5,199,369 shares issued at average price of $1.15 per share ($6,014,571 cash proceeds) and 204,181 shares issued for services rendered at average value of $7.77 per share.	
0001493152-18-003914	1	Muscle Maker, Inc	Common Stock	5403550	0	5,199,369 shares issued at average price of $1.15 per share ($6,014,571 cash proceeds) and 204,181 shares issued for services rendered at average value of $7.77 per share.	
0001493152-18-003914	3	Muscle Maker, Inc	Common Stock	5403550	0	5,199,369 shares issued at average price of $1.15 per share ($6,014,571 cash proceeds) and 204,181 shares issued for services rendered at average value of $7.77 per share.	
0001264931-18-000025	1	American Premium Water Corporation	Common Stock: $.0001 per share; Series A Preferred Stock: $.001	125000	0	$5,000 basis - preferred stock conversion, no strike price or basis	
0001493152-18-003880	1	Hologram USA Networks Inc.	Convertible Promissory Note	3000000	0	$3,000,000 in cash proceeds	
0001615774-18-002086	1	YayYo, LLC	Common Stock	25770551	0	6257225	
0001683168-18-000747	1	Smart Decision, Inc.	Common Stock, $0.0001 par value	68400000	0	$6840 based on $0.0001 par value, for employment compensation and for cash.	
0001615774-18-002058	1	Conquest Funding, Inc., a Pennsylvania Corporation	Notes Payable	1350000	0	$1,350,000.00; Book Value of Notes	
0001144204-18-016453	1	Brix Student Housing REIT, Inc. (formerly, RW Holdings Student Housing REIT, Inc.).	Common Stock	200	0	$1,000 at $5.00 per share	
0001144204-18-016451	2	Groundfloor Finance Inc.	LROs	19353050	0	LROs in the amount of $13,929,860 were issued and sold pursuant to Offering Circular File No. 024-10496 and $5,423,190 were issued and sold pursuant to Offering Circular File No. 024-10753 (as may be amended and supplemented from time to time).	
0001144204-18-016451	4	Groundfloor Finance Inc.	LROs	19353050	0	LROs in the amount of $13,929,860 were issued and sold pursuant to Offering Circular File No. 024-10496 and $5,423,190 were issued and sold pursuant to Offering Circular File No. 024-10753 (as may be amended and supplemented from time to time).	
0001144204-18-016451	1	Groundfloor Finance Inc.	LROs	19353050	0	LROs in the amount of $13,929,860 were issued and sold pursuant to Offering Circular File No. 024-10496 and $5,423,190 were issued and sold pursuant to Offering Circular File No. 024-10753 (as may be amended and supplemented from time to time).	
0001144204-18-016451	3	Groundfloor Finance Inc.	LROs	19353050	0	LROs in the amount of $13,929,860 were issued and sold pursuant to Offering Circular File No. 024-10496 and $5,423,190 were issued and sold pursuant to Offering Circular File No. 024-10753 (as may be amended and supplemented from time to time).	
0001144204-18-016051	2	Groundfloor Finance Inc.	LROs	19353050	0	LROs in the amount of $13,929,860 were issued and sold pursuant to Offering Circular File No. 024-10496 and $5,423,190 were issued and sold pursuant to Offering Circular File No. 024-10753 (as may be amended and supplemented from time to time).	
0001144204-18-016051	1	Groundfloor Finance Inc.	LROs	19353050	0	LROs in the amount of $13,929,860 were issued and sold pursuant to Offering Circular File No. 024-10496 and $5,423,190 were issued and sold pursuant to Offering Circular File No. 024-10753 (as may be amended and supplemented from time to time).	
0001144204-18-016051	4	Groundfloor Finance Inc.	LROs	19353050	0	LROs in the amount of $13,929,860 were issued and sold pursuant to Offering Circular File No. 024-10496 and $5,423,190 were issued and sold pursuant to Offering Circular File No. 024-10753 (as may be amended and supplemented from time to time).	
0001144204-18-016051	3	Groundfloor Finance Inc.	LROs	19353050	0	LROs in the amount of $13,929,860 were issued and sold pursuant to Offering Circular File No. 024-10496 and $5,423,190 were issued and sold pursuant to Offering Circular File No. 024-10753 (as may be amended and supplemented from time to time).	
0001539497-18-000471	1	Vermundi Inc.	Common Stock	40000000	0	48,179	
0001477932-18-001351	1	ARMADA NANO TECHNOLOGIES GROUP, INC.	Common Stock	25000000	0	$25000 ($.001/share)	
0001193125-18-087667	2	XY - the Findables Company	Options to purchase shares of the Company's Class A Common Stock	21215250	0	N/A	
0001193125-18-087667	1	XY - the Findables Company	Options to purchase shares of the Company's Class A Common Stock	21215250	0	N/A	
0001213900-18-003107	1	Emerald Health Pharmaceuticals Inc.	Common Stock	10000000	0	$1,000	
0001213900-18-003107	2	Emerald Health Pharmaceuticals Inc.	Common Stock	10000000	0	$1,000	
0001213900-18-003035	1	Legion Capital Corporation	Class A Common	13697171	0	$1,799,500 - $1 per share sold  $ 2,372,088.75 - 1.25 per share sold	
0001549212-18-000012	1	SW Innovative Holdings, Inc.	Common	389250000	0	$299250	
0001683168-18-000681	1	The Movie Studio, Inc.	Common Stock	440755939	0	93810	
0001213900-18-003023	1	Delhi Bank Corp.	Common Stock	20466	0	$576,069. Based on market price preceding the investment date.	
0001144204-18-014696	1	1st stREIT Office Inc.	Common Stock	7500	7500	$75000 ($10 per share of common stock)	Same as above
0001144204-18-014641	1	NowRx, Inc.	SAFE Agreements	195000	0	$195,000	
0001144204-18-014641	2	NowRx, Inc.	SAFE Agreements	195000	0	$195,000	
0001144204-18-014641	3	NowRx, Inc.	SAFE Agreements	195000	0	$195,000	
0001193125-18-080991	1	Institute for Wealth Holdings, Inc.	Series D Convertible Preferred Stock	267300	0	The aggregate consideration received for the 267,300 unregistered shares of Series D Convertible Preferred Stock issued by the Issuer was $2,517,630. The shares were sold or exchanged for $10.00 a share, except for 76,637 shares that were subject (i) a 7% discount for clients of Registered Investment Advisers or  (ii) a 15% discount for clients of broker-dealers.	
0001493152-18-003300	1	Hologram USA Networks Inc.	Convertible Promissory Note	3000000	0	$3,000,000 in cash proceeds	
0001144204-18-014276	2	Groundfloor Finance Inc.	LROs	18418510	0	LROs in the amount of $13,929,860 were issued and sold pursuant to Offering Circular File No. 024-10496 and $4,488,650 were issued and sold pursuant to Offering Circular File No. 024-10753 (as may be amended and supplemented from time to time).	
0001144204-18-014276	4	Groundfloor Finance Inc.	LROs	18418510	0	LROs in the amount of $13,929,860 were issued and sold pursuant to Offering Circular File No. 024-10496 and $4,488,650 were issued and sold pursuant to Offering Circular File No. 024-10753 (as may be amended and supplemented from time to time).	
0001144204-18-014276	1	Groundfloor Finance Inc.	LROs	18418510	0	LROs in the amount of $13,929,860 were issued and sold pursuant to Offering Circular File No. 024-10496 and $4,488,650 were issued and sold pursuant to Offering Circular File No. 024-10753 (as may be amended and supplemented from time to time).	
0001144204-18-014276	3	Groundfloor Finance Inc.	LROs	18418510	0	LROs in the amount of $13,929,860 were issued and sold pursuant to Offering Circular File No. 024-10496 and $4,488,650 were issued and sold pursuant to Offering Circular File No. 024-10753 (as may be amended and supplemented from time to time).	
0001683168-18-000635	1	Hylete, Inc.	Class B Common Stock	1297042	0	1371303	
0001213900-18-002777	1	20/20 GeneSystems, Inc.	Series A-2 Preferred Stock	327388	0	$1,067,285 ($3.26/share)	
0001213900-18-002777	2	20/20 GeneSystems, Inc.	Series A-2 Preferred Stock	327388	0	$1,067,285 ($3.26/share)	
0001213900-18-002777	5	20/20 GeneSystems, Inc.	Series A-2 Preferred Stock	327388	0	$1,067,285 ($3.26/share)	
0001213900-18-002777	4	20/20 GeneSystems, Inc.	Series A-2 Preferred Stock	327388	0	$1,067,285 ($3.26/share)	
0001213900-18-002777	3	20/20 GeneSystems, Inc.	Series A-2 Preferred Stock	327388	0	$1,067,285 ($3.26/share)	
0001486452-18-000001	11	Clikia Corp.	Common Stock	125000000	75000000	$13,976 - historical basis of predecessor	None
0001486452-18-000001	12	Clikia Corp.	Common Stock	125000000	75000000	$13,976 - historical basis of predecessor	None
0001486452-18-000001	13	Clikia Corp.	Common Stock	125000000	75000000	$13,976 - historical basis of predecessor	None
0001486452-18-000001	14	Clikia Corp.	Common Stock	125000000	75000000	$13,976 - historical basis of predecessor	None
0001486452-18-000001	15	Clikia Corp.	Common Stock	125000000	75000000	$13,976 - historical basis of predecessor	None
0001486452-18-000001	1	Clikia Corp.	Common Stock	125000000	75000000	$13,976 - historical basis of predecessor	None
0001486452-18-000001	2	Clikia Corp.	Common Stock	125000000	75000000	$13,976 - historical basis of predecessor	None
0001486452-18-000001	3	Clikia Corp.	Common Stock	125000000	75000000	$13,976 - historical basis of predecessor	None
0001486452-18-000001	4	Clikia Corp.	Common Stock	125000000	75000000	$13,976 - historical basis of predecessor	None
0001486452-18-000001	5	Clikia Corp.	Common Stock	125000000	75000000	$13,976 - historical basis of predecessor	None
0001486452-18-000001	6	Clikia Corp.	Common Stock	125000000	75000000	$13,976 - historical basis of predecessor	None
0001486452-18-000001	7	Clikia Corp.	Common Stock	125000000	75000000	$13,976 - historical basis of predecessor	None
0001486452-18-000001	8	Clikia Corp.	Common Stock	125000000	75000000	$13,976 - historical basis of predecessor	None
0001486452-18-000001	9	Clikia Corp.	Common Stock	125000000	75000000	$13,976 - historical basis of predecessor	None
0001486452-18-000001	10	Clikia Corp.	Common Stock	125000000	75000000	$13,976 - historical basis of predecessor	None
0001144204-18-013698	1	iConsumer Corp.	8 percent Convertible Promissory Notes due 2020	148500	0	$148,500	
0001144204-18-013698	2	iConsumer Corp.	8 percent Convertible Promissory Notes due 2020	148500	0	$148,500	
0001654954-18-002281	1	Dallas Jenkins, Derral Eves, Ricky Ray Butler, Earl Seals and Matthew Faraci	Common Units	1300000	200000	"At its formation, The Chosen, LLC issued one million three hundred thousand (1,300,000) common units of its membership interests, collectively, to Dallas Jenkins, Derral Eves, Ricky Ray Butler, Earl Seals and Matthew Faraci (the ""Original Members"") for an aggregate cash contribution of $200,000.00.  The Original Members subsequently transferred their membership interests in The Chosen, LLC to The Chosen Productions, LLC."	200000
0001713757-18-000003	1	Ultimate Holdings Corp	common	16000	0	16000 at one dollar per share	
0001213900-18-002620	1	Carolina Complete Health Network, Inc.	Class P Common Stock, $0.01 par value per share	1505	0	$1,128,750, based on a purchase price of $750.00 per share	
0001477932-18-001137	1	Medical Cannabis Payment Solutions	Common Stock, $.0001 par value; warrants	26250000	20000000	4,000,000 shares to two investors for a total of $100,000. $22,250,000 shares issued for services valued at $0.01 per share 4,000,000 warrants issued for services with varying exercise prices.	200000
0001683168-18-000585	1	The Movie Studio, Inc.	Common Stock	946421140	0	956942	
0001213900-18-002530	1	Emerald Health Pharmaceuticals Inc.	Common Stock	10000000	0	$1,000	
0001213900-18-002530	2	Emerald Health Pharmaceuticals Inc.	Common Stock	10000000	0	$1,000	
0001065949-18-000045	1	HYGEN INDUSTRIES, INC.	COMMON STOCK	93128	0	$465,640	
0001477932-18-001088	1	Royalty Flow Inc.	Class B Common Stock	100	0	In May 2017, 100 shares were issued in exchange for services rendered in connection with the formation of the entity to our controlling stockholders, Royalty Exchange, Inc.	
0001144204-18-012342	3	Groundfloor Finance Inc.	LROs	17520360	0	LROs in the amount of $14,563,920 were issued and sold pursuant to Offering Circular File No. 024-10496 and $2,956,440 were issued and sold pursuant to Offering Circular File No. 024-10753 (as may be amended and supplemented from time to time).	
0001144204-18-012342	2	Groundfloor Finance Inc.	LROs	17520360	0	LROs in the amount of $14,563,920 were issued and sold pursuant to Offering Circular File No. 024-10496 and $2,956,440 were issued and sold pursuant to Offering Circular File No. 024-10753 (as may be amended and supplemented from time to time).	
0001144204-18-012342	1	Groundfloor Finance Inc.	LROs	17520360	0	LROs in the amount of $14,563,920 were issued and sold pursuant to Offering Circular File No. 024-10496 and $2,956,440 were issued and sold pursuant to Offering Circular File No. 024-10753 (as may be amended and supplemented from time to time).	
0001144204-18-012325	1	Xspand Products Lab, Inc.	Common Stock	3000000	0	0, issued as consideration for the acquisition of S.R.M. Entertainment Limited and Ferguson Containers, Inc.	
0001686327-18-000002	1	TAHAWI aerospace Corp	Common Stock	40000000	0	0	
0001213900-18-002414	1	Hightimes Holding Corp.	Convertible Notes and Class A Common Stock	51888886	0	$13,000,000 senior secured note to ExWorks Capital Fund I, LP; $28,500,000 of convertible notes to former stockholders of Trans-High Corporation; $375,000 for Bio Cup Note; and 20,486,870 shares of Class A Common Stock (after giving effect to a 1.9308657-for-one forward stock split) for $10,013,886.	
0001079973-18-000129	1	VirtualArmour International Inc.	Common Shares	3750000	0	Securities issued upon exercise of warrants for a total of $290,662.50.	
0001213900-18-002290	1	Legion Capital Corporation	Class A Common	13697171	0	$1,799,500 - $1 per share sold  $ 2,372,088.75 - 1.25 per share sold	
0001144204-18-010683	3	Groundfloor Finance Inc.	LROs	17520360	0	LROs in the amount of $14,563,920 were issued and sold pursuant to Offering Circular File No. 024-10496 and $2,956,440 were issued and sold pursuant to Offering Circular File No. 024-10753 (as may be amended and supplemented from time to time).	
0001144204-18-010683	2	Groundfloor Finance Inc.	LROs	17520360	0	LROs in the amount of $14,563,920 were issued and sold pursuant to Offering Circular File No. 024-10496 and $2,956,440 were issued and sold pursuant to Offering Circular File No. 024-10753 (as may be amended and supplemented from time to time).	
0001144204-18-010683	1	Groundfloor Finance Inc.	LROs	17520360	0	LROs in the amount of $14,563,920 were issued and sold pursuant to Offering Circular File No. 024-10496 and $2,956,440 were issued and sold pursuant to Offering Circular File No. 024-10753 (as may be amended and supplemented from time to time).	
0001683168-18-000512	1	GlobalTech Holdings, Inc.	Common Stock, $0.0001 par value	51413629	0	$56,000 total cash was received. $45,000 was received as seed capital for ongoing operations with 4,094,000 shares issued. 10,743,869 shares were issued for consultants. 34,033,260 additional shares were issued for $11,000 between Langmere LLC returning their shares and the company officers receiving shares in lieu of cash compensation, 2,542,500 to pay note.	
0001477932-18-001008	1	Royalty Flow Inc.	Class B Common Stock	100	0	In May 2017, 100 shares were issued in exchange for services rendered in connection with the formation of the entity to our controlling stockholders, Royalty Exchange, Inc.	
0001213900-18-002246	1	Carolina Complete Health Network, Inc.	Class P Common Stock, $0.01 par value per share	1505	0	$1,128,750, based on a purchase price of $750.00 per share	
0001683168-18-000503	1	The Movie Studio, Inc.	Common Stock	946421140	0	956942	
0001493152-18-002503	1	BRIGHTWAYS CORPORATION	Common Stock	18000	0	90,000	
0001477932-18-000986	1	Buscar Co	Common Stock	100000	0	Price determined by Board of Directors	
0001387131-18-000740	1	NA	NA	100	0	NA	
0001493152-18-002472	2	VIRTRA, INC.	Series A Preferred Stock (See attached for additional issuances)	25000	0	$2,500. 25,000 shares of Series A Preferred Stock were sold at a purchase price of $0.10 per share.	Aggregate value of options issued was $167,475.04 (an average of $3.26). Options were issued as compensation to certain officers and directors of the Company.
0001493152-18-002472	1	VIRTRA, INC.	Series A Preferred Stock (See attached for additional issuances)	25000	0	$2,500. 25,000 shares of Series A Preferred Stock were sold at a purchase price of $0.10 per share.	Aggregate value of options issued was $167,475.04 (an average of $3.26). Options were issued as compensation to certain officers and directors of the Company.
0001144204-18-010039	1	Mota Group, Inc	Convertible Notes in the amount of $130,000. 12,100 shares for no cash consideration	130000	0	$130,000	
0001493152-18-002460	3	Sack Lunch Productions, Inc.	Common Stock	82803	0	80,100 Preferred C & D Shares	
0001493152-18-002460	4	Sack Lunch Productions, Inc.	Common Stock	82803	0	80,100 Preferred C & D Shares	
0001493152-18-002460	1	Sack Lunch Productions, Inc.	Common Stock	82803	0	80,100 Preferred C & D Shares	
0001493152-18-002460	2	Sack Lunch Productions, Inc.	Common Stock	82803	0	80,100 Preferred C & D Shares	
0001615774-18-001334	1	Conquest Funding, Inc., a Pennsylvania Corporation	Notes Payable	1350000	0	$1,350,000.00; Book Value of Notes	
0001264931-18-000019	1	VIADERMA, INC.	Common Stock: $ .0001 per share; Convertible Preferred Stock: $.001 per share	455349	128040	30,000,000 shares of Preferred Stock to an Officer for 3 years services with fair value of $630,000; 4,500,000 shares  of Common  Stock issued to a consultant  for marketing services with fair value of $119,250; 168,267,118 shares of Common  Stock issued for convertible debt conversion with varying conversion prices.	44,000,000 shares of Common Stock assigned as part of Plan of Exchange.
0001646269-18-000005	1	BrewDog USA Inc.	Common Stock	7064513	0	$7064513	
0001688804-18-000004	1	RSE Collection, LLC	Series #77LE1, a series of RSE Collection, LLC	2000	0	Aggregate amount: $77,700 Basis of Computing: 2000 LLC Interests at $38.85 per Interest	
0001144204-18-009634	1	NowRx, Inc.	SAFE Agreements	195000	0	$195,000	
0001144204-18-009634	3	NowRx, Inc.	SAFE Agreements	195000	0	$195,000	
0001144204-18-009634	2	NowRx, Inc.	SAFE Agreements	195000	0	$195,000	
0001646269-18-000004	1	BrewDog USA Inc	Common Stock	7064513	0	$7064513	
0001193125-18-046775	1	Institute for Wealth Holdings, Inc.	Series D Convertible Preferred Stock	267300	0	The aggregate consideration received for the 267,300 unregistered shares of Series D Convertible Preferred Stock issued by the Issuer was $2,517,630. The shares were sold or exchanged for $10.00 a share, except for 76,637 shares that were subject (i) a 7% discount for clients of Registered Investment Advisers or  (ii) a 15% discount for clients of broker-dealers.	
0001493152-18-002155	3	Muscle Maker, Inc	Common Stock	5403550	0	5,199,369 shares issued at average price of $1.15 per share ($6,014,571 cash proceeds) and 204,181 shares issued for services rendered at average value of $7.77 per share.	
0001493152-18-002155	2	Muscle Maker, Inc	Common Stock	5403550	0	5,199,369 shares issued at average price of $1.15 per share ($6,014,571 cash proceeds) and 204,181 shares issued for services rendered at average value of $7.77 per share.	
0001493152-18-002155	1	Muscle Maker, Inc	Common Stock	5403550	0	5,199,369 shares issued at average price of $1.15 per share ($6,014,571 cash proceeds) and 204,181 shares issued for services rendered at average value of $7.77 per share.	
0001144204-18-008607	1	Sterling Consolidated Corp.	Options to Purchase Common Stock	10800000	0	issued for services rendered at average value of $.03 per option	
0001104659-18-009383	1	Aspen REIT, Inc.	Common Stock	100	0	$1,000 for 100 shares of common stock, par value $0.01 per share	
0001477932-18-000818	1	Royalty Flow Inc.	Class B Common Stock	100	0	In May 2017, 100 shares were issued in exchange for services rendered in connection with the formation of the entity to our controlling stockholders, Royalty Exchange, Inc.	
0001213900-18-001618	1	Hightimes Holding Corp.	Convertible Notes and Class A Common Stock	51888886	0	$13,000,000 senior secured note to ExWorks Capital Fund I, LP; $28,500,000 of convertible notes to former stockholders of Trans-High Corporation; $375,000 for Bio Cup Note; and 20,486,870 shares of Class A Common Stock (after giving effect to a 1.9308657-for-one forward stock split) for $10,013,886.	
0001724115-18-000003	1	Lykuid Inc	Common stock	32500000	0	25,000	
0001213900-18-001539	1	UC Asset LP	Limited partner interests	2650000	0	$2,650,000 representing capital contributed and based upon the general partner's determination	
0001104659-18-008137	1	Aspen REIT, Inc.	Common Stock	100	0	$1,000 for 100 shares of common stock, par value $0.01 per share	
0001213900-18-001500	1	Hightimes Holding Corp.	Convertible Notes and Class A Common Stock	51888886	0	$13,000,000 senior secured note to ExWorks Capital Fund I, LP; $28,500,000 of convertible notes to former stockholders of Trans-High Corporation; $375,000 for Bio Cup Note; and 20,486,870 shares of Class A Common Stock (after giving effect to a 1.9308657-for-one forward stock split) for $10,013,886.	
0001493152-18-001671	1	Sack Lunch Productions, Inc.	Common Stock	82803	0	80,100 Preferred C & D Shares	
0001493152-18-001671	2	Sack Lunch Productions, Inc.	Common Stock	82803	0	80,100 Preferred C & D Shares	
0001493152-18-001671	3	Sack Lunch Productions, Inc.	Common Stock	82803	0	80,100 Preferred C & D Shares	
0001493152-18-001671	4	Sack Lunch Productions, Inc.	Common Stock	82803	0	80,100 Preferred C & D Shares	
0001193125-18-036459	1	Institute for Wealth Holdings, Inc.	Series D Convertible Preferred Stock	267300	0	The aggregate consideration received for the 267,300 unregistered shares of Series D Convertible Preferred Stock issued by the Issuer was $2,517,630. The shares were sold or exchanged for $10.00 a share, except for 76,637 shares that were subject (i) a 7% discount for clients of Registered Investment Advisers or  (ii) a 15% discount for clients of broker-dealers.	
0001193125-18-036079	1	Iron Bridge Mortgage Fund, LLC	10 percent Preferred, Particip LLC Ownership Interests (Equity)	2520582	0	October 2016 - September 2017: Equity = $2,520,582	
0001193125-18-036079	2	Iron Bridge Mortgage Fund, LLC	10 percent Preferred, Particip LLC Ownership Interests (Equity)	2520582	0	October 2016 - September 2017: Equity = $2,520,582	
0001395005-18-000007	1	BitFrontier Capital Holdings, Inc.	Series C Convertible Preferred Stock	340000	0	Approximately $17,000.00 from Stock Purchase Agreements.	
0001549212-18-000005	1	HempAmericana, Inc.	Class A Common Shares	389538000	0	$400,000.00	
0001144204-18-006258	4	Groundfloor Finance Inc.	Limited Recourse Obligations	1092030	0	Limited Recourse Obligations in the amount of $1,092,030 were issued and sold pursuant to Offering Circular File No. 024-10753 (as may be amended and supplemented from time to time).	
0001144204-18-006258	3	Groundfloor Finance Inc.	Limited Recourse Obligations	1092030	0	Limited Recourse Obligations in the amount of $1,092,030 were issued and sold pursuant to Offering Circular File No. 024-10753 (as may be amended and supplemented from time to time).	
0001144204-18-006258	2	Groundfloor Finance Inc.	Limited Recourse Obligations	1092030	0	Limited Recourse Obligations in the amount of $1,092,030 were issued and sold pursuant to Offering Circular File No. 024-10753 (as may be amended and supplemented from time to time).	
0001144204-18-006258	1	Groundfloor Finance Inc.	Limited Recourse Obligations	1092030	0	Limited Recourse Obligations in the amount of $1,092,030 were issued and sold pursuant to Offering Circular File No. 024-10753 (as may be amended and supplemented from time to time).	
0001387131-18-000474	1	NA	NA	100	0	NA	
0001213900-18-001376	7	PogoTec, Inc.	Common Stock	10305	0	$104,904.90 based on a per share price of $5.09 (as adjusted to $10.18 per share to reflect a 1 for 2 reverse stock split effected on January 22, 2018).	
0001213900-18-001376	6	PogoTec, Inc.	Common Stock	10305	0	$104,904.90 based on a per share price of $5.09 (as adjusted to $10.18 per share to reflect a 1 for 2 reverse stock split effected on January 22, 2018).	
0001213900-18-001376	5	PogoTec, Inc.	Common Stock	10305	0	$104,904.90 based on a per share price of $5.09 (as adjusted to $10.18 per share to reflect a 1 for 2 reverse stock split effected on January 22, 2018).	
0001213900-18-001376	4	PogoTec, Inc.	Common Stock	10305	0	$104,904.90 based on a per share price of $5.09 (as adjusted to $10.18 per share to reflect a 1 for 2 reverse stock split effected on January 22, 2018).	
0001213900-18-001376	3	PogoTec, Inc.	Common Stock	10305	0	$104,904.90 based on a per share price of $5.09 (as adjusted to $10.18 per share to reflect a 1 for 2 reverse stock split effected on January 22, 2018).	
0001213900-18-001376	2	PogoTec, Inc.	Common Stock	10305	0	$104,904.90 based on a per share price of $5.09 (as adjusted to $10.18 per share to reflect a 1 for 2 reverse stock split effected on January 22, 2018).	
0001213900-18-001376	1	PogoTec, Inc.	Common Stock	10305	0	$104,904.90 based on a per share price of $5.09 (as adjusted to $10.18 per share to reflect a 1 for 2 reverse stock split effected on January 22, 2018).	
0001079973-18-000089	1	VirtualArmour International Inc.	Common Shares	3750000	0	Securities issued upon exercise of warrants for a total of $290,662.50.	
0001493152-18-001482	1	Hologram USA Networks Inc.	Convertible Promissory Note	3000000	0	$3,000,000 in cash proceeds	
0001264931-18-000014	1	WATER TECHNOLOGIES INTERNATIONAL, INC.	Common Stock, $.00001; Preferred B Stock,$.00001; Preferred C Stock,$.00001; Preferred D Stock, $.00001	182473	0	150,000 shares of Preferred B Stock to one investor for $10,000 cash; 130,000 shares of Preferred C Stock to one investor for $20,000 cash; 422,541,066 shares issued for convertible debt conversion with varying conversion prices.	
0001144204-18-005580	3	Groundfloor Finance Inc.	LROs	17635970	0	LROs in the amount of $15,763,960 were issued and sold pursuant to Offering Circular File No. 024-10496 and $1,872,010 were issued and sold pursuant to Offering Circular File No. 024-10753 (as may be amended and supplemented from time to time).	
0001144204-18-005580	2	Groundfloor Finance Inc.	LROs	17635970	0	LROs in the amount of $15,763,960 were issued and sold pursuant to Offering Circular File No. 024-10496 and $1,872,010 were issued and sold pursuant to Offering Circular File No. 024-10753 (as may be amended and supplemented from time to time).	
0001144204-18-005580	1	Groundfloor Finance Inc.	LROs	17635970	0	LROs in the amount of $15,763,960 were issued and sold pursuant to Offering Circular File No. 024-10496 and $1,872,010 were issued and sold pursuant to Offering Circular File No. 024-10753 (as may be amended and supplemented from time to time).	
0001213900-18-001255	1	PogoTec, Inc.	Common Stock	10305	0	$104,904.90 based on a per share price of $5.09 (as adjusted to $10.18 per share to reflect a 1 for 2 reverse stock split effected on January 22, 2018).	
0001213900-18-001255	2	PogoTec, Inc.	Common Stock	10305	0	$104,904.90 based on a per share price of $5.09 (as adjusted to $10.18 per share to reflect a 1 for 2 reverse stock split effected on January 22, 2018).	
0001213900-18-001255	3	PogoTec, Inc.	Common Stock	10305	0	$104,904.90 based on a per share price of $5.09 (as adjusted to $10.18 per share to reflect a 1 for 2 reverse stock split effected on January 22, 2018).	
0001213900-18-001255	5	PogoTec, Inc.	Common Stock	10305	0	$104,904.90 based on a per share price of $5.09 (as adjusted to $10.18 per share to reflect a 1 for 2 reverse stock split effected on January 22, 2018).	
0001213900-18-001255	4	PogoTec, Inc.	Common Stock	10305	0	$104,904.90 based on a per share price of $5.09 (as adjusted to $10.18 per share to reflect a 1 for 2 reverse stock split effected on January 22, 2018).	
0001213900-18-001255	6	PogoTec, Inc.	Common Stock	10305	0	$104,904.90 based on a per share price of $5.09 (as adjusted to $10.18 per share to reflect a 1 for 2 reverse stock split effected on January 22, 2018).	
0001213900-18-001255	7	PogoTec, Inc.	Common Stock	10305	0	$104,904.90 based on a per share price of $5.09 (as adjusted to $10.18 per share to reflect a 1 for 2 reverse stock split effected on January 22, 2018).	
0001493152-18-001428	1	BRIGHTWAYS CORPORATION	Common Stock	18000	0	90,000	
0001213900-18-001199	1	Carolina Complete Health Network, Inc.	Class P Common Stock, $0.01 par value per share	1505	0	$1,128,750, based on a purchase price of $750.00 per share	
0001213900-18-001197	1	Legion Capital Corporation	Class A Common	13697171	0	$1,799,500 - $1 per share sold  $ 2,372,088.75 - 1.25 per share sold	
0001144204-18-005207	1	Mota Group, Inc	Convertible Notes in the amount of $130,000. 12,100 shares for no cash consideration	130000	0	$130,000	
0001104659-18-005778	1	Solera National Bancorp, Inc.	Common Stock	8250	0	Represents the exercise of options to purchase 5,500 shares of common stock, total consideration paid of $21,685; and the vesting of 2,750 shares of restricted stock, total consideration of $0.	
0001654954-18-000873	1	Bitzumi, Inc.	Common Stock	111076211	0	452499	
0001144204-18-004542	1	GAB AI Inc.	Common Stock	995641	0	$1,070,000 (995,641 shares)	
0001213900-18-000990	1	Hightimes Holding Corp.	Convertible Notes and Class A Common Stock	50166525	0	$11,500,000 senior secured note to ExWorks Capital Fund I, LP; $28,500,000 of convertible notes to former stockholders of Trans-High Corporation; $375,000 for Bio Cup Note; and 20,454,564 shares of Class A Common Stock (after giving effect to a 1.9308657-for-one forward stock split) for $9,791,525.	
0001213900-18-000963	1	iPic-Gold Class Entertainment, LLC	LLC Membership Units	882518	0	$16,000,000, or 882,518 units at $18.13 each.	
0001387131-18-000278	1	Finn Power Energy Corp.	Common	12500000	12500000	$1,250 or $0.0001 per share	N/A
0001654954-18-000778	2	iConsumer Corp.	8 percent Convertible Promissory Notes due 2020	148500	0	$148,500	
0001654954-18-000778	1	iConsumer Corp.	8 percent Convertible Promissory Notes due 2020	148500	0	$148,500	
0001415889-18-000133	1	Bitzumi, Inc.	Common Stock	111076211	0	452499	
0001213900-18-000900	1	Hightimes Holding Corp.	Convertible Notes and Class A Common Stock	50166525	0	$11,500,000 senior secured note to ExWorks Capital Fund I, LP; $28,500,000 of convertible notes to former stockholders of Trans-High Corporation; $375,000 for Bio Cup Note; and 20,454,564 shares of Class A Common Stock (after giving effect to a 1.9308657-for-one forward stock split) for $9,791,525.	
0001213900-18-000895	1	Legion Capital Corporation	Class A Common	13697171	0	$1,799,500 - $1 per share sold  $ 2,372,088.75 - 1.25 per share sold	
0001144204-18-003566	2	Groundfloor Finance Inc.	LROs	17066190	0	LROs in the amount of $15,974,160 were issued and sold pursuant to Offering Circular File No. 024-10496 and $1,092,030 were issued and sold pursuant to Offering Circular File No. 024-10753 (as may be amended and supplemented from time to time).	
0001144204-18-003566	3	Groundfloor Finance Inc.	LROs	17066190	0	LROs in the amount of $15,974,160 were issued and sold pursuant to Offering Circular File No. 024-10496 and $1,092,030 were issued and sold pursuant to Offering Circular File No. 024-10753 (as may be amended and supplemented from time to time).	
0001144204-18-003566	1	Groundfloor Finance Inc.	LROs	17066190	0	LROs in the amount of $15,974,160 were issued and sold pursuant to Offering Circular File No. 024-10496 and $1,092,030 were issued and sold pursuant to Offering Circular File No. 024-10753 (as may be amended and supplemented from time to time).	
0001477932-18-000457	1	Engenavis, Inc.	Common Stock	6120537	0	Total of $100,549.13 paid in cash. 5,495,537 shares (Founder's round) at $0.0001 par value for $549.13 in cash. Remaining 625,000 shares (First round) at $0.16 per share for $100,000 in cash.	
0001477932-18-000441	1	Royalty Flow Inc.	Class B Common Stock	100	0	In May 2017, 100 shares were issued in exchange for services rendered in connection with the formation of the entity to our controlling stockholders, Royalty Exchange, Inc.	
0001144204-18-003243	1	Electromedical Technologies, Inc.	Common Stock	15000000	0	The shares were issued to the founder upon conversion from the prior entity, Electro Medical Technologies LLC	
0001144204-18-003243	2	Electromedical Technologies, Inc.	Common Stock	15000000	0	The shares were issued to the founder upon conversion from the prior entity, Electro Medical Technologies LLC	
0001144204-18-003117	4	Groundfloor Finance Inc.	Limited Recourse Obligations	1092030	0	Limited Recourse Obligations in the amount of $1,092,030 were issued and sold pursuant to Offering Circular File No. 024-10753 (as may be amended and supplemented from time to time).	
0001144204-18-003117	1	Groundfloor Finance Inc.	Limited Recourse Obligations	1092030	0	Limited Recourse Obligations in the amount of $1,092,030 were issued and sold pursuant to Offering Circular File No. 024-10753 (as may be amended and supplemented from time to time).	
0001144204-18-003117	3	Groundfloor Finance Inc.	Limited Recourse Obligations	1092030	0	Limited Recourse Obligations in the amount of $1,092,030 were issued and sold pursuant to Offering Circular File No. 024-10753 (as may be amended and supplemented from time to time).	
0001144204-18-003117	2	Groundfloor Finance Inc.	Limited Recourse Obligations	1092030	0	Limited Recourse Obligations in the amount of $1,092,030 were issued and sold pursuant to Offering Circular File No. 024-10753 (as may be amended and supplemented from time to time).	
0001193125-18-015840	1	Institute for Wealth Holdings, Inc.	Series D Convertible Preferred Stock	267300	0	The aggregate consideration received for the 267,300 unregistered shares of Series D Convertible Preferred Stock issued by the Issuer was $2,517,630. The shares were sold or exchanged for $10.00 a share, except for 76,637 shares that were subject (i) a 7% discount for clients of Registered Investment Advisers or  (ii) a 15% discount for clients of broker-dealers.	
0001654954-18-000597	1	Bitzumi, Inc.	Common Stock	111076211	0	452499	
0001104659-18-003066	1	Aspen REIT, Inc.	Common Stock	100	0	$1,000 for 100 shares of common stock, par value $0.01 per share	
0001144204-18-002814	3	NowRx, Inc.	SAFE Agreements	195000	0	$195,000	
0001144204-18-002814	1	NowRx, Inc.	SAFE Agreements	195000	0	$195,000	
0001144204-18-002814	2	NowRx, Inc.	SAFE Agreements	195000	0	$195,000	
0001686327-18-000001	1	TAHAWI aerospace Corp	Common Stock	37250000	0	0	
0001683168-18-000181	1	GlobalTech Holdings, Inc.	Common Stock, $0.0001 par value	51413629	0	$56,000 total cash was received. $45,000 was received as seed capital for ongoing operations with 4,094,000 shares issued. 10,743,869 shares were issued for consultants. 34,033,260 additional shares were issued for $11,000 between Langmere LLC returning their shares and the company officers receiving shares in lieu of cash compensation, 2,542,500 to pay note.	
0001663577-18-000027	1	Syntrol Corp.	common stock	38756409	0	pursuant to agreement and plan of reorganization to acquire Syntrol Plumbing, Heating & Air, Inc.	
0001144204-18-002617	3	Groundfloor Finance Inc.	LROs	17066190	0	LROs in the amount of $15,974,160 were issued and sold pursuant to Offering Circular File No. 024-10496 and $1,092,030 were issued and sold pursuant to Offering Circular File No. 024-10753 (as may be amended and supplemented from time to time).	
0001144204-18-002617	1	Groundfloor Finance Inc.	LROs	17066190	0	LROs in the amount of $15,974,160 were issued and sold pursuant to Offering Circular File No. 024-10496 and $1,092,030 were issued and sold pursuant to Offering Circular File No. 024-10753 (as may be amended and supplemented from time to time).	
0001144204-18-002617	2	Groundfloor Finance Inc.	LROs	17066190	0	LROs in the amount of $15,974,160 were issued and sold pursuant to Offering Circular File No. 024-10496 and $1,092,030 were issued and sold pursuant to Offering Circular File No. 024-10753 (as may be amended and supplemented from time to time).	
0001144204-18-002137	1	Electromedical Technologies, Inc.	Common Stock	15000000	0	The shares were issued to the founder upon conversion from the prior entity, Electro Medical Technologies LLC	
0001144204-18-002137	2	Electromedical Technologies, Inc.	Common Stock	15000000	0	The shares were issued to the founder upon conversion from the prior entity, Electro Medical Technologies LLC	
0001144204-18-002062	1	RW Holdings Student Housing REIT, Inc.	Common Stock	100	0	$1,000 at $10.00 per share	
0001477932-18-000158	1	ARMADA NANO TECHNOLOGIES GROUP, INC.	Common Stock	25000000	0	$25000 ($.001/share)	
0001104659-18-001704	1	Aspen REIT, Inc.	Common Stock	100	0	$1,000 for 100 shares of common stock, par value $0.01 per share	
0001213900-18-000362	1	iPic-Gold Class Entertainment, LLC	LLC Membership Units	882518	0	$16,000,000, or 882,518 units at $18.13 each.	
0001144204-18-001666	1	TerraCycle US Inc.	Common Stock	500000	0	$50, based on par value of 0.0001/share	$3.42, based on par value of 0.0001/share
0001144204-18-001666	2	TerraCycle US Inc.	Common Stock	500000	0	$50, based on par value of 0.0001/share	$3.42, based on par value of 0.0001/share
0001724115-18-000001	1	Lykuid Inc	Common stock	32500000	0	25,000	
0001213900-18-000311	1	PogoTec, Inc.	Common Stock	20610	0	$104,904.90 based on a per share price of $5.09.	
0001213900-18-000311	2	PogoTec, Inc.	Common Stock	20610	0	$104,904.90 based on a per share price of $5.09.	
0001213900-18-000311	3	PogoTec, Inc.	Common Stock	20610	0	$104,904.90 based on a per share price of $5.09.	
0001213900-18-000311	4	PogoTec, Inc.	Common Stock	20610	0	$104,904.90 based on a per share price of $5.09.	
0001213900-18-000311	5	PogoTec, Inc.	Common Stock	20610	0	$104,904.90 based on a per share price of $5.09.	
0001213900-18-000311	7	PogoTec, Inc.	Common Stock	20610	0	$104,904.90 based on a per share price of $5.09.	
0001213900-18-000311	6	PogoTec, Inc.	Common Stock	20610	0	$104,904.90 based on a per share price of $5.09.	
0001264931-18-000007	1	WATER TECHNOLOGIES INTERNATIONAL, INC.	Common Stock, $.00001; Preferred B Stock,$.00001; Preferred C Stock,$.00001; Preferred D Stock, $.00001	182473	0	150,000 shares of Preferred B Stock to one investor for $10,000 cash; 130,000 shares of Preferred C Stock to one investor for $20,000 cash; 422,541,066 shares issued for convertible debt conversion with varying conversion prices.	
0001144204-18-001138	1	TerraCycle US Inc.	Common Stock	500000	0	$50, based on par value of 0.0001/share	$3.42, based on par value of 0.0001/share
0001144204-18-001138	2	TerraCycle US Inc.	Common Stock	500000	0	$50, based on par value of 0.0001/share	$3.42, based on par value of 0.0001/share
0001493152-18-000256	1	BRIGHTWAYS CORPORATION	Common Stock	18000	0	90,000	
0001144204-18-001069	4	Groundfloor Finance Inc.	Limited Recourse Obligations	585860	0	Limited Recourse Obligations in the amount of $585,860 will be issued and sold pursuant to Offering Circular File No. 024-10753 (as may be amended and supplemented from time to time).	
0001144204-18-001069	3	Groundfloor Finance Inc.	Limited Recourse Obligations	585860	0	Limited Recourse Obligations in the amount of $585,860 will be issued and sold pursuant to Offering Circular File No. 024-10753 (as may be amended and supplemented from time to time).	
0001144204-18-001069	2	Groundfloor Finance Inc.	Limited Recourse Obligations	585860	0	Limited Recourse Obligations in the amount of $585,860 will be issued and sold pursuant to Offering Circular File No. 024-10753 (as may be amended and supplemented from time to time).	
0001144204-18-001069	1	Groundfloor Finance Inc.	Limited Recourse Obligations	585860	0	Limited Recourse Obligations in the amount of $585,860 will be issued and sold pursuant to Offering Circular File No. 024-10753 (as may be amended and supplemented from time to time).	
0001654954-18-000109	1	Bitzumi, Inc.	Common Stock	111076211	0	452499	
0001477932-18-000057	1	Aspyron Inc	Common Stock	22500000	0	$225.00 at $.00001 per share	
0001477932-18-000057	2	Aspyron Inc	Common Stock	22500000	0	$225.00 at $.00001 per share	
0001214659-18-000011	1	American Gas and Technology LP	Limited Partnership Units	3264750	0	264970	
0001144204-18-000003	3	Groundfloor Finance Inc.	LROs	15974160	0	LROs in the amount of $15,974,160 were issued and sold pursuant to Offering Circular File No. 024-10496 (as may be amended and supplemented from time to time).	
0001144204-18-000003	2	Groundfloor Finance Inc.	LROs	15974160	0	LROs in the amount of $15,974,160 were issued and sold pursuant to Offering Circular File No. 024-10496 (as may be amended and supplemented from time to time).	
0001144204-18-000003	1	Groundfloor Finance Inc.	LROs	15974160	0	LROs in the amount of $15,974,160 were issued and sold pursuant to Offering Circular File No. 024-10496 (as may be amended and supplemented from time to time).	
