ACCESSION_NUMBER	SINFO_ID	COMMISSIONFILENUMBER	OFFERINGQUALIFICATIONDATE	OFFERINGCOMMENCEDATE	QUALIFIEDSECURITIESSOLD	OFFERINGSECURITIESSOLD	PORTIONSECURITIESSOLDISSUER	PORTIONSOLDSECURITYHOLDERS	PRICEPERSECURITY	AGGREGRATEOFFERINGPRICE	AGGREGRATEOFFERINGPRICEHOLDERS	UNDERWRITERFEES	SALESCOMMISSIONSFEE	FINDERSFEES	AUDITORFEES	LEGALFEES	PROMOTERSFEES	BLUESKYFEES	CRDNUMBERBROKERDEALER	ISSUERNETPROCEEDS	CLARIFICATIONRESPONSES
0001718873-18-000001	1	024-10757	21-DEC-2017	27-DEC-2017	1000000	897631	12566834.0	0.0	14.0						5551.0	41483.0		2000.0		12517800.0	
0001104659-18-017640	1	024-10765	23-JAN-2018	23-JAN-2018	1764937	1753183	12517726.0	0.0	7.140000000000001						8000.0	554000.0				0.0	Shares were issued in connection with merger, in exchange for shares of acquired company.
0001549679-18-000003	1	024-10552	30-JUN-2017	30-JUN-2017	25000000	0	0.0	0.0	1.2						10000.0	53000.0				0.0	No securities were sold in the offering
0001213900-18-000725	1	024-10507	29-SEP-2016	29-SEP-2016	10500	4279			500.0	3147500.0	0.0				58232.0	546685.0		25450.0		2517133.0	Four series of Fig Game Shares preferred stock were offered and sold pursuant to a single offering statement, originally qualified on 9/29/16 and subsequently amended and re-qualified to offer the additional series at $500 or $1000 per share.
0001654954-18-000566	1	024-10480	13-FEB-2017	13-FEB-2017	94573561	7250458	174862.0	0.0	0.045000000000000005						5000.0	10000.0				154862.0	Price/share amended during course of offering from $.045/share to $.09/share; number of securities sold includes shares issued to members with no cash payment. Form 1-Z/A filed to clarify that issuer does not intend to terminate Regulation A reporting.
0001144204-18-001878	1	024-10496	15-DEC-2015	15-DEC-2015	46207698	34936550	34936550.0	0.0	10.0						50000.0	266500.0		25000.0			Expenses were not financed with proceeds of the offering.
0001549212-18-000002	1	024-10641	28-DEC-2016	28-DEC-2016	500000	286000	0.0	0.0	0.001												
0001477932-18-000059	1	024-10612	08-MAR-2017	10-MAR-2017	1000000	0	0.0	0.0	5.0			0.0	0.0	0.0	0.0	0.0	0.0	0.0		0.0	
