ACCESSION_NUMBER	FORMINDICATION	ISSUERNAME	FISCALYEAREND	STREET1	STREET2	CITY	STATEORCOUNTRY	ZIPCODE	PHONENUMBER	REGARULE257
0001615774-18-002169	Annual Report		31-DEC-2017	433 NORTH CAMDEN DRIVE	SUITE 600	BEVERLY HILLS	CA	90210	310-926-2643	true
0001144204-18-017383	Special Financial Report for the fiscal year		31-DEC-2017	75 FIFTH STREET, NW	SUITE 2170	ATLANTA	GA	30308	404-850-9225	true
0001477932-18-001397	Special Financial Report for the fiscal year		30-SEP-2017	1444 Wazee Street	Suite 350	Denver	CO	80202	800-718-2891	true
0001718873-18-000001		Stone Bancshares, Inc.		802 East Main Street		Mountain View	AR	72560	8702697311	
0001104659-18-017640		Delmar Bancorp		2245 Northwood Drive		Salisbury	MD	21801	410-548-1100	
0001214659-18-000695	Annual Report		30-APR-2017	50 W. BROADWAY	3RD FLOOR	SALT LAKE CITY	UT	84101	949-346-5822	true
0001549679-18-000003		UNATION, Inc.		12802 Tampa Oaks Blvd, Suite 405		Tampa	FL	33637	813-349-2020	
0001213900-18-000725	Annual Report		30-SEP-2017	599 Third St., Suite 211		San Francisco	CA	94107	415-689-5789	false
0001654954-18-000566		iConsumer Corp.		73 Greentree Drive, #558		Dover	DE	19904	800-372-6095	
0001144204-18-001878		GROUNDFLOOR FINANCE INC.		75 Fifth Street NW	Suite 2170	ATLANTA	GA	30308	404-850-9225	
0001549212-18-000002		SW Innovative Holdings, Inc.		6666 HARWIN DRIVE	SUITE 664	HOUSTON	TX	77036	7132681610	
0001477932-18-000059		ManeGain, Inc		12400 Highway 71 W	Ste 350-256	Austin	TX	78734	844-573-4769	
