ACCESSION_NUMBER	NID	SINFO_ID	NAME_TYPE	NAME
0001718873-18-000001	3	1	legalSpName	Harper
0001718873-18-000001	4	1	blueSkySpName	Pruniski & Calhoun
0001718873-18-000001	1	1	auditorSpName	S.F. Fiser & Co.
0001718873-18-000001	2	1	auditorSpName	BKD
0001718873-18-000001	1	1	legalSpName	Hilburn
0001718873-18-000001	2	1	legalSpName	Calhoon
0001718873-18-000001	5	1	blueSkySpName	Ltd.
0001718873-18-000001	4	1	legalSpName	Pruniski & Calhoun
0001718873-18-000001	5	1	legalSpName	Ltd.
0001718873-18-000001	1	1	blueSkySpName	Hilburn
0001718873-18-000001	2	1	blueSkySpName	Calhoon
0001718873-18-000001	3	1	blueSkySpName	Harper
0001104659-18-017640	1	1	legalSpName	Buckley Sandler LLP
0001104659-18-017640	1	1	auditorSpName	TGM Group LLC
0001549679-18-000003	1	1	auditorSpName	Kristina Helferty
0001549679-18-000003	1	1	legalSpName	KHLK LLP
0001549679-18-000003	2	1	auditorSpName	CPA
0001213900-18-000725	1	1	auditorSpName	Marcum LLP
0001213900-18-000725	1	1	legalSpName	Ellenoff Grossman & Schole LLP
0001213900-18-000725	1	1	blueSkySpName	Ellenoff Grossman & Schole LLP
0001654954-18-000566	1	1	legalSpName	McGuire Woods
0001654954-18-000566	1	1	auditorSpName	Wipfli LLP
0001654954-18-000566	2	1	legalSpName	CrowdCheck Law
0001144204-18-001878	1	1	legalSpName	Smith Anderson; Robbins Ross
0001144204-18-001878	1	1	auditorSpName	Hughes Pittman & Gupton, LLP
0001144204-18-001878	1	1	blueSkySpName	Internal out-of-pocket expenses
