ACCESSION_NUMBER	ED_ID	TYPE	NAME	OUTSTANDING	CUSIP	PUBLICYTRADED
0001615774-18-002234	2	Common	None	0	000000000	None
0001615774-18-002234	1	Common	Common Stock	7231250	000000000	None
0001615774-18-002234	1	Debt Securities	None	0	000000000	None
0001615774-18-002234	1	Preferred	None	0	000000000	None
0001144204-18-018271	1	Common	Common Stock	1136406	000000N/A	N/A
0001144204-18-018271	1	Debt Securities	Convertible Promissory Notes	2050000	000000N/A	N/A
0001144204-18-018271	1	Preferred	Series Seed Preferred Stock	568796	000000N/A	N/A
0001144204-18-018271	2	Preferred	Series A Preferred Stock	747373	000000N/A	N/A
0001144204-18-018189	2	Common	GAB Tokens	0	000000N/A	N/A
0001144204-18-018189	1	Debt Securities	N/A	0	000000N/A	N/A
0001144204-18-018189	1	Preferred	N/A	0	000000N/A	N/A
0001144204-18-018189	1	Common	Class A Common Stock	9995641	000000N/A	N/A
0001144204-18-018024	2	Preferred	Series A Preferred Stock	747373	000000N/A	N/A
0001144204-18-018024	1	Preferred	Series Seed	568796	000000N/A	N/A
0001144204-18-018024	1	Common	Common Stock	1444551	000000N/A	N/A
0000939798-18-000014	1	Preferred		0		
0000939798-18-000014	1	Common	common stock	73000000	none	none
0001144204-18-018048	1	Debt Securities	NA	0	000000000	NA
0001144204-18-018024	1	Debt Securities	Convertible Promissory Notes	2050000	000000N/A	N/A
0001144204-18-018048	1	Common	NA	3000000	000000000	NA
0001144204-18-018048	1	Preferred	NA	0	000000000	NA
0000939798-18-000014	1	Debt Securities		0		
0001683168-18-000803	1	Common	Common Stock	487793986	37948L209	OTCMarkets, Pink Open Market
0001683168-18-000803	1	Debt Securities	N/A	0	000000000	N/A
0001683168-18-000803	1	Preferred	N/A	0	000000000	N/A
0001144204-18-017744	1	Preferred	Series Seed Preferred Stock	568796	000000N/A	N/A
0001144204-18-017744	1	Common	Common Stock	1136406	000000N/A	N/A
0001144204-18-017744	1	Debt Securities	Convertible Promissory Notes	2050000	000000N/A	N/A
0001144204-18-017744	2	Preferred	Series A Preferred Stock	747373	000000N/A	N/A
0001144204-18-017684	3	Debt Securities	SAFE Agreements	1830000	000000N/A	N/A
0001144204-18-017684	1	Common	Common Stock	8500000	000000N/A	N/A
0001161697-18-000153	1	Preferred	Preferred Equity	0	000000000	None
0001144204-18-017684	2	Debt Securities	Crowd Notes	248642	000000N/A	N/A
0001144204-18-017684	1	Debt Securities	KISS Notes	1514000	000000N/A	N/A
0001161697-18-000153	1	Common	Common Equity	1000000	000000000	None
0001144204-18-017684	1	Preferred	N/A	0	000000N/A	N/A
0001161697-18-000153	1	Debt Securities	Debt Securities	0	000000000	None
0001144204-18-017487	1	Preferred	N/A	0	000000N/A	N/A
0001144204-18-017487	2	Debt Securities	Crowd Notes	248642	000000N/A	N/A
0001144204-18-017487	1	Debt Securities	KISS Notes	1514000	000000N/A	N/A
0001144204-18-017487	1	Common	Common Stock	8500000	000000N/A	N/A
0001144204-18-017487	3	Debt Securities	SAFE Agreements	1830000	000000N/A	N/A
0001615774-18-002139	1	Debt Securities	Debt Securities	909889	000000000	none
0001615774-18-002139	1	Preferred	Series A Preferred Stock	0	000000000	none
0001615774-18-002139	1	Common	Common Equity	25770551	000000000	none
0001144204-18-017238	1	Common	NA	3000000	000000000	NA
0001144204-18-017238	1	Preferred	NA	0	000000000	NA
0001144204-18-017238	1	Debt Securities	NA	0	000000000	NA
0001213900-18-003513	1	Preferred	-	0	000000000	-
0001213900-18-003513	1	Debt Securities	-	0	000000000	-
0001213900-18-003513	1	Common	Common Units	4872654	000000000	-
0001730055-18-000008	1	Preferred		0		
0001730055-18-000008	1	Common		0		
0001730055-18-000008	1	Debt Securities		0		
0001144204-18-017097	1	Preferred	Non Voting Pref Series A	107216246	45113R208	OTC RWRDP
0001144204-18-017097	1	Common	Common Stock	100000000	000000000	N/A
0001144204-18-017097	1	Debt Securities	N/A	0	000000000	N/A
0001213900-18-003496	1	Common	Common Stock	10000000	000000000	None
0001213900-18-003496	1	Debt Securities	None	0	000000000	None
0001213900-18-003496	1	Preferred	None	0	000000000	None
0001615774-18-002116	1	Preferred	Series A Preferred Stock	0	000000000	none
0001615774-18-002116	1	Debt Securities	Debt Securities	909889	000000000	none
0001615774-18-002116	1	Common	Common Equity	25770551	000000000	none
0001493152-18-003914	1	Common	Common Stock	7733651	627333107	None
0001493152-18-003914	1	Preferred	Preferred Stock	0	000000000	None
0001493152-18-003914	1	Debt Securities	Convertible Notes	2366800	000000000	None
0001264931-18-000025	1	Preferred	PREFERRED EQUITY	19370440	000000000	N/A
0001264931-18-000025	1	Debt Securities	N/A	0	000000000	N/A
0001264931-18-000025	1	Common	COMMON EQUITY	83918118	029098209	OTC MARKETS (PINK SHEETS)
0001493152-18-003880	1	Debt Securities	Convertible Note	3000000	000000000	None
0001493152-18-003880	1	Preferred	None	0	000000000	None
0001493152-18-003880	1	Common	Common Stock	38750000	000000000	None
0001722266-18-000003	1	Common	0	0	0	0
0001722266-18-000003	1	Preferred	0	0	0	0
0001722266-18-000003	1	Debt Securities	0	0	0	0
0001615774-18-002086	1	Common	Common Equity	25770551	000000000	none
0001615774-18-002086	1	Debt Securities	Debt Securities	909889	000000000	none
0001615774-18-002086	1	Preferred	Series A Preferred Stock	0	000000000	none
0001683168-18-000747	1	Common	Class A, $0.0001 par value	68400000	0000000na	SDEC to be requested
0001683168-18-000747	1	Preferred	none	0	000000000	n/a
0001683168-18-000747	1	Debt Securities	none	0	000000000	n/a
0001615774-18-002058	1	Debt Securities	Debt Securities	0	000000000	N/A
0001615774-18-002058	1	Preferred	Preferred Equity	0	000000000	N/A
0001615774-18-002058	1	Common	Common Equity Membership Inter	100	000000000	N/A
0001144204-18-016453	1	Debt Securities	N/A	0	000000N/A	N/A
0001144204-18-016453	1	Common	Common Stock	100	000000N/A	N/A
0001144204-18-016453	1	Preferred	N/A	0	000000N/A	N/A
0001144204-18-016451	1	Preferred	Series Seed	568796	000000N/A	N/A
0001144204-18-016451	1	Common	Common Stock	1444551	000000N/A	N/A
0001144204-18-016451	2	Preferred	Series A Preferred Stock	747373	000000N/A	N/A
0001144204-18-016451	1	Debt Securities	Convertible Promissory Notes	2050000	000000N/A	N/A
0001144204-18-016256	1	Debt Securities	N/A	0	000000N/A	N/A
0001144204-18-016256	1	Common	Common Stock	142192781	000000N/A	N/A
0001144204-18-016256	1	Preferred	N/A	0	000000N/A	N/A
0001193125-18-090428	1	Preferred	Preferred Equity Class A	0	000000000	N/A
0001193125-18-090428	1	Common	Common Equity Class B	0	000000000	N/A
0001193125-18-090428	1	Debt Securities	N/A	0	000000000	N/A
0001144204-18-016051	2	Preferred	Series A Preferred Stock	747373	000000N/A	N/A
0001144204-18-016051	1	Debt Securities	Convertible Promissory Notes	2050000	000000N/A	N/A
0001144204-18-016051	1	Preferred	Series Seed	568796	000000N/A	N/A
0001144204-18-016051	1	Common	Common Stock	1444551	000000N/A	N/A
0001539497-18-000471	1	Common	Common Equity	40000000	000000000	none
0001539497-18-000471	1	Debt Securities	N/A	0	000000000	none
0001539497-18-000471	1	Preferred	N/A	0	000000000	none
0001376474-18-000054	1	Preferred		0		
0001376474-18-000054	1	Common		0		
0001376474-18-000054	1	Debt Securities		0		
0001376474-18-000052	1	Preferred		0		
0001376474-18-000052	1	Common	None	1772972	860000107	OTC Pink
0001376474-18-000052	1	Debt Securities		0		
0001683168-18-000729	1	Preferred	none	0	000000000	n/a
0001683168-18-000729	1	Debt Securities	none	0	000000000	n/a
0001683168-18-000729	1	Common	Common stock	3053024472	82668Y106	OTCMarkets, Pink Open Market
0001477932-18-001351	1	Common	Common Stock	25000000	0	0
0001477932-18-001351	1	Debt Securities	None	0		
0001477932-18-001351	1	Preferred	None	0		
0001683168-18-000722	1	Preferred	N/A	0	000000000	none
0001683168-18-000722	1	Common	Class A Common Stock	0	02563X102	OTC Markets, Pink Open Market
0001683168-18-000722	1	Debt Securities	N/A	0	000000000	n/a
0001193125-18-087667	2	Common	Class A common stock	1397697	000000000	n/a
0001193125-18-087667	1	Preferred	Preferred Equity	0	000000000	n/a
0001193125-18-087667	1	Debt Securities	Debt Securities	0	000000000	n/a
0001193125-18-087667	1	Common	Class B common stock	32315700	000000000	n/a
0001703732-18-000003	1	Common	Class A and B Common Stock	28000000	N/A	N/A
0001703732-18-000003	1	Preferred	Preferred	0		
0001703732-18-000003	1	Debt Securities		0		
0001213900-18-003107	1	Common	Common Stock	10000000	000000000	None
0001213900-18-003107	1	Preferred	None	0	000000000	None
0001213900-18-003107	1	Debt Securities	None	0	000000000	None
0001214659-18-002200	1	Preferred	NONE	0	00000NONE	NONE
0001214659-18-002200	1	Debt Securities	NONE	0	00000NONE	NONE
0001214659-18-002200	1	Common	Common Shares	1000000	00000NONE	NONE
0001213900-18-003035	1	Debt Securities	Corporate Notes	2402000	000000000	None
0001213900-18-003035	1	Preferred	Membership Units	6708783	000000000	None
0001213900-18-003035	1	Common	Class A Common	13747379	000000000	None
0001549212-18-000012	1	Common	COMMON STOCK	392062103	785014200	OTC PINK SHEETS- SWHI
0001549212-18-000012	1	Preferred	PREFERRED STOCK	80000	NONE	NONE
0001549212-18-000012	1	Debt Securities		0		
0001683168-18-000681	1	Preferred	Series A	17855171	000000000	none
0001683168-18-000681	1	Debt Securities	N/A	0	000000000	N/A
0001683168-18-000681	1	Common	Common Stock	586350894	00062459P	OTC Markets, Pink Open Market
0001213900-18-003023	1	Debt Securities	None	0	000000000	None
0001213900-18-003023	1	Preferred	Preferred Stock	0	000000000	None
0001213900-18-003023	1	Common	Common Stock	1530768	246694103	OTC Markets
0001144204-18-014696	1	Preferred	N/A	0	000000000	N/A
0001144204-18-014696	1	Common	Common Stock	119710	33622A106	N/A
0001144204-18-014696	1	Debt Securities	N/A	0	000000000	N/A
0001144204-18-014641	1	Preferred	N/A	0	000000N/A	N/A
0001144204-18-014641	3	Debt Securities	SAFE Agreements	1027500	000000N/A	N/A
0001144204-18-014641	2	Debt Securities	Crowd Notes	248642	000000N/A	N/A
0001144204-18-014641	1	Debt Securities	KISS Notes	904819	000000N/A	N/A
0001144204-18-014641	1	Common	Common Stock	8500000	000000N/A	N/A
0001733775-18-000005	1	Debt Securities		0		
0001733775-18-000005	1	Preferred	Preferred Equity	4000000	0	0
0001733775-18-000005	1	Common	Common Equity	12500000	0	0
0001193125-18-080991	1	Preferred	Series B Convertible Preferred	42750	000000000	n/a
0001193125-18-080991	1	Common	Common Stock	2700710	45782G103	n/a
0001193125-18-080991	1	Debt Securities	Senior Secured Notes	625000	000000000	n/a
0001193125-18-080991	2	Preferred	Series C Convertible Preferred	1904404	000000000	n/a
0001193125-18-080991	3	Preferred	Series D Convertible Preferred	267300	45782G202	n/a
0001493152-18-003300	1	Common	Common Stock	38750000	000000000	None
0001493152-18-003300	1	Preferred	None	0	000000000	None
0001493152-18-003300	1	Debt Securities	Convertible Note	3000000	000000000	None
0001213900-18-002910	1	Debt Securities	N/A	0	000000000	N/A
0001213900-18-002910	1	Common	Management Shares	5000000	000000000	N/A
0001213900-18-002910	1	Preferred	N/A	0	000000000	N/A
0001144204-18-014276	1	Preferred	Series Seed	568796	000000N/A	N/A
0001144204-18-014276	1	Common	Common Stock	1425478	000000N/A	N/A
0001144204-18-014276	1	Debt Securities	Convertible Promissory Notes	2050000	000000N/A	N/A
0001144204-18-014276	2	Preferred	Series A Preferred Stock	747373	000000N/A	N/A
0001730055-18-000007	1	Common	Common Shares	1	0	0
0001730055-18-000007	1	Debt Securities	TIGRcub	3	0	0
0001730055-18-000007	1	Preferred		0		
0001437749-18-004432	1	Debt Securities		0		
0001437749-18-004432	1	Common	Common Stock	43334000	0	n/a
0001437749-18-004432	1	Preferred		0		
0001683168-18-000635	2	Preferred	Series A-1	5970300	000000n/a	N/A
0001683168-18-000635	3	Preferred	Series A-2	4721500	000000n/a	N/A
0001683168-18-000635	1	Debt Securities	N/A	0	000000000	N/A
0001683168-18-000635	1	Preferred	Series A	1712200	000000n/a	N/A
0001683168-18-000635	2	Common	Class B Common Stock	1297042	000000n/a	N/A
0001683168-18-000635	1	Common	Class A Common Stock	7824600	000000n/a	N/A
0001213900-18-002777	1	Preferred	Series A Preferred Stock	846368	000000000	N/A
0001213900-18-002777	2	Preferred	Series A-1 Preferred Stock	651465	000000000	N/A
0001213900-18-002777	3	Preferred	Series A-2 Preferred Stock	368322	000000000	N/A
0001213900-18-002777	1	Debt Securities	N/A	0	000000000	N/A
0001213900-18-002777	1	Common	Common Stock	4724633	000000000	N/A
0001733775-18-000003	1	Preferred		0		
0001733775-18-000003	1	Common	Common Shares	1	0	0
0001733775-18-000003	1	Debt Securities	TIGRcub	3	0	0
0001445866-18-000233	1	Debt Securities		0		
0001445866-18-000233	1	Common	Common Stock	7000000	N/A	N/A
0001445866-18-000233	1	Preferred		0		
0001486452-18-000001	1	Debt Securities		0		
0001486452-18-000001	1	Preferred	Series A Super Voting	2000000	na	na
0001486452-18-000001	1	Common	Common	627814672	18717D107	OTC Pink
0001144204-18-013698	1	Debt Securities	N/A	0	000000000	N/A
0001144204-18-013698	1	Common	Common Stock	100000000	000000000	N/A
0001144204-18-013698	1	Preferred	Non Voting Pref Series A	107216246	45113R208	OTC RWRDP
0001445866-18-000232	1	Preferred		0		
0001445866-18-000232	1	Debt Securities		0		
0001445866-18-000232	1	Common	Common Stock	7000000	N/A	N/A
0001733775-18-000001	1	Debt Securities		0		
0001733775-18-000001	1	Common	Common Equity	12500000	0	0
0001733775-18-000001	1	Preferred	Preferred Equity	4000000	0	0
0001654954-18-002281	1	Debt Securities	None	0	000000000	N/A
0001654954-18-002281	1	Common	Common	1300000	000000000	N/A
0001654954-18-002281	1	Preferred	Class A	0	000000000	N/A
0001713757-18-000003	1	Preferred	preferred	0		
0001713757-18-000003	1	Debt Securities		0		
0001713757-18-000003	1	Common	common	16627175	65339W203	otclink
0001213900-18-002620	1	Preferred	Class M Common Stock	1	000000000	N/A
0001213900-18-002620	1	Debt Securities	N/A	0	000000000	N/A
0001213900-18-002620	1	Common	Class P Common Stock	1505	000000000	N/A
0001730055-18-000005	1	Common	Common Shares	1	0	0
0001730055-18-000005	1	Preferred		0		
0001730055-18-000005	1	Debt Securities	TIGRcub	3	0	0
0001477932-18-001137	1	Preferred	Preferred Equity	33600	N/A	N/A
0001477932-18-001137	1	Common	Common Equity	8388607	584502108	OTC Links (Pink Sheets)
0001477932-18-001137	1	Debt Securities	Debt Securities	222500	N/A	N/A
0001683168-18-000588	1	Common	Common Stock	0	36830V101	None
0001683168-18-000588	1	Preferred	None	0	000000000	None
0001683168-18-000588	1	Debt Securities	None	0	000000000	None
0001683168-18-000585	1	Debt Securities	N/A	0	000000000	N/A
0001683168-18-000585	1	Common	Common Stock	609403893	00062459P	OTC Markets, Pink Open Market
0001683168-18-000585	1	Preferred	Series A	12105171	000000000	none
0001214659-18-001775	1	Debt Securities	NONE	0	00000NONE	NONE
0001214659-18-001775	1	Common	NONE	0	00000NONE	NONE
0001214659-18-001775	1	Preferred	NONE	0	00000NONE	NONE
0001213900-18-002530	1	Preferred	None	0	000000000	None
0001213900-18-002530	1	Common	Common Stock	10000000	000000000	None
0001213900-18-002530	1	Debt Securities	None	0	000000000	None
0001065949-18-000045	1	Preferred		0		
0001065949-18-000045	1	Common	Common Equity	10093128	N/A	N/A
0001065949-18-000045	1	Debt Securities		0		
0001477932-18-001088	1	Preferred	Preferred Stock	0	000000000	N/A
0001477932-18-001088	2	Common	Class A Common Stock	0	780803102	N/A
0001477932-18-001088	1	Common	Class B Common Stock	100	000000000	N/A
0001477932-18-001088	1	Debt Securities	None	0	000000000	N/A
0001144204-18-012342	2	Preferred	Series A Preferred Stock	747373	000000N/A	N/A
0001144204-18-012342	1	Preferred	Series Seed	568796	000000N/A	N/A
0001683168-18-000548	1	Preferred	N/A	0	000000000	none
0001683168-18-000548	1	Common	Class A Common Stock	0	02563X102	OTC Markets, Pink Open Market
0001144204-18-012342	1	Debt Securities	Convertible Promissory Notes	2050000	000000N/A	N/A
0001683168-18-000548	1	Debt Securities	N/A	0	000000000	n/a
0001144204-18-012342	1	Common	Common Stock	1136406	000000N/A	N/A
0001144204-18-012325	1	Common	NA	3000000	000000000	NA
0001144204-18-012325	1	Debt Securities	NA	0	000000000	NA
0001144204-18-012325	1	Preferred	NA	0	000000000	NA
0001686327-18-000002	1	Preferred	None	0		
0001686327-18-000002	1	Common	Common Class A & B	40000000	N/A	N/A
0001686327-18-000002	1	Debt Securities	None	0		
0001213900-18-002414	1	Debt Securities	Purchase Notes	42151889	000000000	NA
0001213900-18-002414	1	Preferred	0	0	000000000	NA
0001213900-18-002414	1	Common	Class A   Class B	20486870	000000000	NA
0001079973-18-000129	1	Common	Common Equity	55769447	92828G101	Canadian Securities Excange
0001079973-18-000129	1	Preferred		0		
0001079973-18-000129	1	Debt Securities		0		
0001477932-18-001050	1	Preferred	Preferred Equity	0		
0001477932-18-001050	1	Common	Common Stock	0		
0001477932-18-001050	1	Debt Securities	Debt Securities	0		
0001493152-18-002621	1	Debt Securities	None	0	000000000	N/A
0001493152-18-002621	1	Common	Common Stock	10000000	000000000	N/A
0001493152-18-002621	1	Preferred	None	0	000000000	N/A
0001213900-18-002290	1	Preferred	Membership Units	6708783	000000000	None
0001213900-18-002290	1	Common	Class A Common	13697171	000000000	None
0001213900-18-002290	1	Debt Securities	Corporate Notes	2402000	000000000	None
0001144204-18-010683	1	Debt Securities	Convertible Promissory Notes	2050000	000000N/A	N/A
0001144204-18-010683	1	Common	Common Stock	1136406	000000N/A	N/A
0001144204-18-010683	2	Preferred	Series A Preferred Stock	747373	000000N/A	N/A
0001144204-18-010683	1	Preferred	Series Seed	568796	000000N/A	N/A
0001144204-18-010669	1	Common	Common Stock	9124967	67001L101	N/A
0001144204-18-010669	1	Preferred	N/A	0	000000N/A	N/A
0001144204-18-010669	1	Debt Securities	N/A	0	000000N/A	N/A
0001683168-18-000512	1	Common	Common Stock	487793986	37948L209	OTCMarkets, Pink Open Market
0001683168-18-000512	1	Preferred	N/A	0	000000000	N/A
0001683168-18-000512	1	Debt Securities	N/A	0	000000000	N/A
0001477932-18-001008	1	Preferred	Preferred Stock	0	000000000	N/A
0001477932-18-001008	1	Debt Securities	None	0	000000000	N/A
0001477932-18-001008	2	Common	Class A Common Stock	0	780803102	N/A
0001477932-18-001008	1	Common	Class B Common Stock	100	000000000	N/A
0001213900-18-002246	1	Common	Class P Common Stock	1505	000000000	N/A
0001213900-18-002246	1	Debt Securities	N/A	0	000000000	N/A
0001213900-18-002246	1	Preferred	Class M Common Stock	1	000000000	N/A
0001683168-18-000503	1	Debt Securities	N/A	0	000000000	N/A
0001683168-18-000503	1	Preferred	Series A	12105171	000000000	none
0001683168-18-000503	1	Common	Common Stock	609403893	00062459P	OTC Markets, Pink Open Market
0001493152-18-002503	1	Debt Securities	NONE	0	000000000	NONE
0001493152-18-002503	1	Preferred	None.	0	000000000	NONE
0001493152-18-002503	1	Common	Common Stock	14488614	000000000	NONE
0001477932-18-000986	1	Preferred	Series A preferred stock	8000000	None	None
0001477932-18-000986	2	Preferred	Series B preferred stock	9965000	None	None
0001477932-18-000986	1	Common	Common Stock	18681321	12316W 20	OTC
0001477932-18-000986	1	Debt Securities	None	0		
0001387131-18-000740	1	Common	NA	100	000000000	NA
0001387131-18-000740	1	Preferred	NA	0	000000000	NA
0001387131-18-000740	1	Debt Securities	NA	0	000000000	NA
0001493152-18-002472	1	Common	Common Stock	7927589	000000000	NONE
0001493152-18-002472	1	Preferred	Preferred Stock	0	000000000	NONE
0001493152-18-002472	1	Debt Securities	NONE	0	000000000	NONE
0001144204-18-010039	1	Debt Securities	Promissory Notes	3527878	000000N/A	N/A
0001144204-18-010039	1	Common	Common Stock	2044443	61972D107	N/A
0001144204-18-010039	1	Preferred	Preferred Stock	0	000000N/A	N/A
0001493152-18-002460	1	Preferred	Preferred Equity	15653983	000000000	None
0001493152-18-002460	1	Debt Securities	Convertible Debt Securities	2045431	000000000	None
0001493152-18-002460	1	Common	Common Equity	1687455	785765207	OTC Pink
0001615774-18-001334	1	Debt Securities	Debt Securities	0	000000000	N/A
0001615774-18-001334	1	Preferred	Preferred Equity	0	000000000	N/A
0001615774-18-001334	1	Common	Common Equity Membership Inter	100	000000000	N/A
0001264931-18-000019	1	Debt Securities	N/A	0	000000000	N/A
0001264931-18-000019	1	Preferred	PREFERRED EQUITY	31000000	000000000	N/A
0001264931-18-000019	1	Common	COMMON EQUITY	467086221	92555K101	OTC LINKS (PINK SHEETS)
0001646269-18-000005	1	Debt Securities		0		
0001646269-18-000005	1	Preferred		0		
0001646269-18-000005	1	Common	Common Stock	6464239	N/A	N/A
0001688804-18-000004	1	Common	Series #77LE1	2000	0	None
0001688804-18-000004	2	Common	Series #69BM1	2000	0	None
0001688804-18-000004	3	Common	Series #85FT1	2000	0	None
0001688804-18-000004	1	Preferred		0		
0001688804-18-000004	1	Debt Securities		0		
0001144204-18-009634	1	Preferred	N/A	0	000000N/A	N/A
0001144204-18-009634	2	Debt Securities	Crowd Notes	209230	000000N/A	N/A
0001144204-18-009634	1	Debt Securities	KISS Notes	904819	000000N/A	N/A
0001144204-18-009634	1	Common	Common Stock	8500000	000000N/A	N/A
0001144204-18-009634	3	Debt Securities	SAFE Agreements	1027500	000000N/A	N/A
0001697746-18-000004	1	Debt Securities		0		
0001697746-18-000004	1	Preferred		0		
0001697746-18-000004	1	Common	Common Stock	5013000	0	0
0001646269-18-000004	1	Common	Common Stock	6315789	N/A	N/A
0001646269-18-000004	1	Debt Securities		0		
0001646269-18-000004	1	Preferred		0		
0001193125-18-046775	1	Preferred	Series D Convertible Preferred	267300	45782G202	n/a
0001193125-18-046775	3	Preferred	Series C Convertible Preferred	1904404	000000000	n/a
0001193125-18-046775	2	Preferred	Series B Convertible Preferred	42750	000000000	n/a
0001193125-18-046775	1	Common	Common Stock	2700710	45782G103	n/a
0001193125-18-046775	1	Debt Securities	Senior Secured Notes	625000	000000000	n/a
0001703732-18-000002	1	Debt Securities		0		
0001703732-18-000002	1	Preferred	Preferred	0		
0001703732-18-000002	1	Common	Class A and B Common Stock	28000000	N/A	N/A
0001493152-18-002155	1	Common	Common Stock	7733651	627333107	None
0001493152-18-002155	1	Debt Securities	Convertible Notes	2366800	000000000	None
0001493152-18-002155	1	Preferred	Preferred Stock	0	000000000	None
0001697746-18-000001	1	Common	Common Stock	5013000	0	0
0001697746-18-000001	1	Preferred		0		
0001697746-18-000001	1	Debt Securities		0		
0001144204-18-008607	1	Common	Common Stock	40715540	859240103	STCC
0001144204-18-008607	1	Preferred	Preferred Stock	0	000000000	NONE
0001144204-18-008607	1	Debt Securities	NONE	0	000000000	NONE
0001104659-18-009383	1	Preferred	Preferred Stock	0	000000000	NA
0001104659-18-009383	1	Debt Securities		0		
0001104659-18-009383	1	Common	Common Stock	100	000000000	NA
0001477932-18-000818	1	Debt Securities	None	0	000000000	N/A
0001477932-18-000818	1	Common	Class B Common Stock	100	000000000	N/A
0001477932-18-000818	1	Preferred	Preferred Stock	0	000000000	N/A
0001477932-18-000818	2	Common	Class A Common Stock	0	780803102	N/A
0001213900-18-001618	1	Common	Class A   Class B	20486870	000000000	NA
0001213900-18-001618	1	Debt Securities	Purchase Notes	42151889	000000000	NA
0001213900-18-001618	1	Preferred	0	0	000000000	NA
0001437749-18-002246	1	Preferred	Preferred Equity	4900000	N/A	N/A
0001437749-18-002246	1	Common	Common Equity	9382219	842205510	OTC: Pink
0001437749-18-002246	1	Debt Securities	Debt Securities	0	N/A	N/A
0001724115-18-000003	1	Preferred	N/A	0	N/A	N/A
0001724115-18-000003	1	Debt Securities	N/A	0	N/A	N/A
0001724115-18-000003	1	Common	Common	32500000	N/A	N/A
0001213900-18-001539	1	Preferred	-	0	000000000	-
0001213900-18-001539	1	Common	Common Units	4872654	000000000	-
0001213900-18-001539	1	Debt Securities	-	0	000000000	-
0001104659-18-008137	1	Common	Common Stock	100	000000000	NA
0001104659-18-008137	1	Debt Securities		0		
0001104659-18-008137	1	Preferred	Preferred Stock	0	000000000	NA
0001549212-18-000007	1	Common	COMMON STOCK	392062103	785014200	OTC PINK SHEETS
0001549212-18-000007	1	Preferred	PREFERRED STOCK	80000	NONE	NONE
0001549212-18-000007	1	Debt Securities		0		
0001213900-18-001500	1	Debt Securities	Purchase Notes	42151889	000000000	NA
0001213900-18-001500	1	Preferred	0	0	000000000	NA
0001213900-18-001500	1	Common	Class A   Class B	20486870	000000000	NA
0001493152-18-001671	1	Debt Securities	Convertible Debt Securities	2045431	000000000	None
0001493152-18-001671	1	Preferred	Preferred Equity	15653983	000000000	None
0001493152-18-001671	1	Common	Common Equity	1687455	785765207	OTC Pink
0001193125-18-036459	2	Preferred	Series B Convertible Preferred	42750	000000000	n/a
0001193125-18-036459	1	Preferred	Series D Convertible Preferred	267300	45782G202	n/a
0001193125-18-036459	1	Common	Common Stock	2700710	45782G103	n/a
0001193125-18-036459	3	Preferred	Series C Convertible Preferred	1904404	000000000	n/a
0001193125-18-036459	1	Debt Securities	Senior Secured Notes	625000	000000000	n/a
0001193125-18-036079	1	Debt Securities	8 Percent Secured Notes	30179273	000000000	N/A
0001193125-18-036079	1	Common	N/A	0	000000000	N/A
0001193125-18-036079	1	Preferred	10 Percent Pref Particip	19739856	000000000	N/A
0001395005-18-000007	4	Preferred	Series D Super Voting	51	N/A	N/A
0001395005-18-000007	3	Preferred	Series C Convertible	5340000	N/A	N/A
0001395005-18-000007	2	Preferred	Series B	14000000	N/A	N/A
0001395005-18-000007	1	Preferred	Series A	2	N/A	N/A
0001395005-18-000007	1	Common	Common Stock	12400263104	09174L104	OTCPinksheets
0001395005-18-000007	1	Debt Securities		0		
0001549212-18-000005	1	Preferred		0		
0001549212-18-000005	1	Debt Securities		0		
0001549212-18-000005	2	Common	Class B	108000000	N/A	N/A
0001549212-18-000005	1	Common	Class A	1257318840	423703107	OTCPinksheets
0001144204-18-006258	2	Preferred	Series A Preferred Stock	747373	000000N/A	N/A
0001144204-18-006258	1	Debt Securities	Convertible Promissory Notes	2050000	000000N/A	N/A
0001144204-18-006258	1	Preferred	Series Seed Preferred Stock	568796	000000N/A	N/A
0001144204-18-006258	1	Common	Common Stock	1136406	000000N/A	N/A
0001213900-18-001376	1	Debt Securities	None	0	000000000	None
0001387131-18-000474	1	Debt Securities	NA	0	000000000	NA
0001387131-18-000474	1	Preferred	NA	0	000000000	NA
0001213900-18-001376	1	Common	Common Stock	2731023	73045L107	None
0001213900-18-001376	1	Preferred	Preferred Stock	1589489	000000000	None
0001387131-18-000474	1	Common	NA	100	000000000	NA
0001722266-18-000002	1	Common	0	0	0	0
0001722266-18-000002	1	Preferred	0	0	0	0
0001722266-18-000002	1	Debt Securities	0	0	0	0
0001493152-18-001482	1	Preferred	None	0	000000000	None
0001079973-18-000089	1	Debt Securities		0		
0001493152-18-001482	1	Debt Securities	Convertible Note	3000000	000000000	None
0001493152-18-001482	1	Common	Common Stock	38750000	000000000	None
0001079973-18-000089	1	Preferred		0		
0001079973-18-000089	1	Common	Common Equity	55769447	92828G101	Canadian Securities Excange
0001264931-18-000014	1	Preferred	Preferred Equity	1665000	000000000	N/A
0001264931-18-000014	1	Common	Common Equity	886836343	941114G00	OTC Links (Pink Sheets)
0001264931-18-000014	1	Debt Securities	Debt Securities	151000	000000000	N/A
0001683168-18-000304	1	Preferred	N/A	0	000000000	none
0001683168-18-000304	1	Debt Securities	N/A	0	000000000	n/a
0001683168-18-000304	1	Common	Class A Common Stock	0	02563X102	OTC Markets, Pink Open Market
0001144204-18-005580	1	Common	Common Stock	1136406	000000N/A	N/A
0001144204-18-005580	1	Debt Securities	Convertible Promissory Notes	2050000	000000N/A	N/A
0001144204-18-005580	2	Preferred	Series A Preferred Stock	747373	000000N/A	N/A
0001144204-18-005580	1	Preferred	Series Seed	568796	000000N/A	N/A
0001213900-18-001255	1	Preferred	Preferred Stock	1589489	000000000	None
0001213900-18-001255	1	Common	Common Stock	2731023	73045L107	None
0001213900-18-001255	1	Debt Securities	None	0	000000000	None
0001493152-18-001428	1	Common	Common Stock	14488614	000000000	NONE
0001493152-18-001428	1	Preferred	None.	0	000000000	NONE
0001493152-18-001428	1	Debt Securities	NONE	0	000000000	NONE
0001658959-18-000007	1	Debt Securities	None	0	0	None
0001658959-18-000007	1	Preferred	Preferred Equity	0	0	NONE
0001658959-18-000007	1	Common	Common Stock	65672294	0	NONE
0001658959-18-000005	1	Debt Securities	None	0	0	None
0001658959-18-000005	1	Common	Common Stock	65672294	0	NONE
0001658959-18-000005	1	Preferred	Preferred Equity	0	0	NONE
0001213900-18-001199	1	Debt Securities	N/A	0	000000000	N/A
0001213900-18-001199	1	Common	Class P Common Stock	1505	000000000	N/A
0001213900-18-001199	1	Preferred	Class M Common Stock	1	000000000	N/A
0001658959-18-000004	1	Preferred	Preferred Equity	0	0	NONE
0001658959-18-000004	1	Common	Common Stock	65672294	0	NONE
0001658959-18-000004	1	Debt Securities	None	0	0	None
0001213900-18-001197	1	Common	Class A Common	13697171	000000000	None
0001213900-18-001197	1	Preferred	Membership Units	6708783	000000000	None
0001213900-18-001197	1	Debt Securities	Corporate Notes	2402000	000000000	None
0000939798-18-000004	1	Preferred		0		
0000939798-18-000004	1	Debt Securities		0		
0000939798-18-000004	1	Common	common stock	73000000	none	none
0001437749-18-001497	1	Common	Common Stock	43334000	0	n/a
0001437749-18-001497	1	Debt Securities		0		
0001437749-18-001497	1	Preferred		0		
0001144204-18-005207	1	Preferred	Preferred Stock	0	000000N/A	N/A
0001144204-18-005207	1	Common	Common Stock	2044443	61972D107	N/A
0001144204-18-005207	1	Debt Securities	Promissory Notes	501562	000000N/A	N/A
0001104659-18-005778	1	Debt Securities	N/A	0	N/A	N/A
0001104659-18-005778	1	Common	Common	2731313	83420T104	OTC-Pink
0001104659-18-005778	1	Preferred	N/A	0	N/A	N/A
0001658959-18-000003	1	Common	Common Stock	65672294	0	NONE
0001658959-18-000003	1	Preferred	Preferred Equity	0	0	NONE
0001658959-18-000003	1	Debt Securities	None	0	0	None
0001654954-18-000873	1	Preferred		0		
0001722266-18-000001	1	Debt Securities	0	0	0	0
0001654954-18-000873	1	Debt Securities		0		
0001654954-18-000873	1	Common	Common Stock	111076211	000000000	n/a
0001722266-18-000001	1	Preferred	0	0	0	0
0001722266-18-000001	1	Common	0	0	0	0
0001144204-18-004542	2	Common	GAB Tokens	0	000000N/A	N/A
0001144204-18-004542	1	Debt Securities	N/A	0	000000N/A	N/A
0001144204-18-004542	1	Preferred	N/A	0	000000N/A	N/A
0001144204-18-004542	1	Common	Class A Common Stock	9995641	000000N/A	N/A
0001477932-18-000550	1	Debt Securities	None	0		
0001477932-18-000550	1	Preferred	None	0		
0001477932-18-000550	1	Common	Class B Interests	0		
0001213900-18-000990	1	Preferred	0	0	000000000	NA
0001213900-18-000990	1	Common	Class A   Class B	20454564	000000000	NA
0001213900-18-000990	1	Debt Securities	Purchase Notes	40540299	000000000	NA
0001213900-18-000963	1	Preferred	N/A	0	000000000	N/A
0001213900-18-000963	1	Debt Securities	N/A	0	000000000	N/A
0001213900-18-000963	1	Common	Membership Units	10220629	000000000	N/A
0001654954-18-000778	1	Preferred	Non Voting Pref Series A	107216246	45113R208	OTC RWRDP
0001654954-18-000778	1	Common	Common Stock	100000000	000000000	N/A
0001654954-18-000778	1	Debt Securities	N/A	0	000000000	N/A
0001387131-18-000278	1	Common	N/A	20000000	000000000	N/A
0001387131-18-000278	1	Debt Securities	N/A	0	000000000	N/A
0001387131-18-000278	1	Preferred	N/A	0	000000000	N/A
0001415889-18-000133	1	Common	Common Stock	111076211	000000000	n/a
0001415889-18-000133	1	Debt Securities		0		
0001415889-18-000133	1	Preferred		0		
0001213900-18-000900	1	Preferred	0	0	000000000	NA
0001213900-18-000900	1	Common	Class A   Class B	20454564	000000000	NA
0001213900-18-000900	1	Debt Securities	Purchase Notes	40540299	000000000	NA
0001213900-18-000895	1	Common	Class A Common	13697171	000000000	None
0001213900-18-000895	1	Preferred	Membership Units	6708783	000000000	None
0001213900-18-000895	1	Debt Securities	Corporate Notes	2402000	000000000	None
0001144204-18-003566	1	Common	Common Stock	1136406	000000N/A	N/A
0001144204-18-003566	1	Debt Securities	Convertible Promissory Notes	2050000	000000N/A	N/A
0001144204-18-003566	1	Preferred	Series Seed	568796	000000N/A	N/A
0001144204-18-003566	2	Preferred	Series A Preferred Stock	747373	000000N/A	N/A
0001477932-18-000457	1	Common	Common Equity	8388607	None	None
0001477932-18-000457	1	Preferred	Preferred Equity	0		
0001477932-18-000457	1	Debt Securities	Debt Securities	0		
0001646269-18-000001	1	Debt Securities		0		
0001646269-18-000001	1	Preferred		0		
0001646269-18-000001	1	Common	Common Stock	6464239	N/A	N/A
0001477932-18-000441	2	Common	Class A Common Stock	0	780803102	N/A
0001477932-18-000441	1	Preferred	Preferred Stock	0	000000000	N/A
0001477932-18-000441	1	Debt Securities	None	0	000000000	N/A
0001477932-18-000441	1	Common	Class B Common Stock	100	000000000	N/A
0001144204-18-003243	1	Debt Securities	N/A	0	000000N/A	N/A
0001144204-18-003243	1	Preferred	N/A	0	000000N/A	N/A
0001144204-18-003243	1	Common	Common Stock	15000000	000000N/A	N/A
0001144204-18-003117	2	Preferred	Series A Preferred Stock	747373	000000N/A	N/A
0001144204-18-003117	1	Preferred	Series Seed Preferred Stock	568796	000000N/A	N/A
0001144204-18-003117	1	Common	Common Stock	1136406	000000N/A	N/A
0001144204-18-003117	1	Debt Securities	Convertible Promissory Notes	2050000	000000N/A	N/A
0001477932-18-000412	1	Common	Class B Interests	0		
0001477932-18-000412	1	Debt Securities	None	0		
0001477932-18-000412	1	Preferred	None	0		
0001193125-18-015840	3	Preferred	Series C Convertible Preferred	1904404	000000000	n/a
0001193125-18-015840	2	Preferred	Series B Convertible Preferred	42750	000000000	n/a
0001193125-18-015840	1	Common	Common Stock	2700710	000000000	n/a
0001193125-18-015840	1	Debt Securities	Senior Secured Notes	625000	000000000	n/a
0001193125-18-015840	1	Preferred	Series D Convertible Preferred	267300	45782G202	n/a
0001477932-18-000410	1	Preferred	None	0		
0001477932-18-000410	1	Debt Securities	None	0		
0001477932-18-000410	2	Common	Non-Voting Common Stock	88500	None	None
0001477932-18-000410	1	Common	Voting Common Stock	8388607	None	None
0001654954-18-000597	1	Debt Securities		0		
0001654954-18-000597	1	Common	Common Stock	111076211	000000000	n/a
0001654954-18-000597	1	Preferred		0		
0001104659-18-003066	1	Common	Common Stock	100	000000000	NA
0001104659-18-003066	1	Preferred	Preferred Stock	0	000000000	NA
0001104659-18-003066	1	Debt Securities		0		
0001144204-18-002814	1	Preferred	N/A	0	000000N/A	N/A
0001144204-18-002814	1	Common	Common Stock	8500000	000000N/A	N/A
0001144204-18-002814	3	Debt Securities	SAFE Agreements	1027500	000000N/A	N/A
0001144204-18-002814	2	Debt Securities	Crowd Notes	209230	000000N/A	N/A
0001144204-18-002814	1	Debt Securities	KISS Notes	904819	000000N/A	N/A
0001104659-18-003025	1	Preferred		0		
0001104659-18-003025	1	Common	Common Stock	8219576	247035207	OTC Pink Marketplace
0001104659-18-003025	1	Debt Securities		0		
0001686327-18-000001	1	Common	Common Class A & B	37250000	N/A	N/A
0001686327-18-000001	1	Debt Securities	None	0		
0001686327-18-000001	1	Preferred	None	0		
0001683168-18-000181	1	Debt Securities	N/A	0	000000000	N/A
0001683168-18-000181	1	Preferred	N/A	0	000000000	N/A
0001683168-18-000181	1	Common	Common Stock	487693986	37948L209	OTCMarkets, Pink Open Market
0001663577-18-000027	1	Preferred	Preferred A	3	000000000	None
0001663577-18-000027	1	Common	Common stock	40000001	08411D107	OTC Pink
0001663577-18-000027	1	Debt Securities	None	0	000000000	None
0001144204-18-002617	1	Preferred	Series Seed	568796	000000N/A	N/A
0001144204-18-002617	1	Common	Common Stock	1136406	000000N/A	N/A
0001144204-18-002617	2	Preferred	Series A Preferred Stock	747373	000000N/A	N/A
0001144204-18-002617	1	Debt Securities	Convertible Promissory Notes	2050000	000000N/A	N/A
0001437749-18-000769	1	Common	Common Equity	9382219	842205510	OTC: PINK
0001437749-18-000769	1	Debt Securities	Debt Securities	0	N/A	N/A
0001437749-18-000769	1	Preferred	Preferred Equity	4900000	N/A	N/A
0001683168-18-000156	1	Common	Class A Common Stock	0	02563X102	OTC Markets, Pink Open Market
0001683168-18-000156	1	Debt Securities	N/A	0	000000000	n/a
0001683168-18-000156	1	Preferred	N/A	0	000000000	none
0001477932-18-000266	1	Common	Common Stock	0	None	
0001477932-18-000266	1	Preferred	Preferred Stock	0		
0001477932-18-000266	1	Debt Securities	Debt Securities	0		
0001144204-18-002137	1	Common	Common Stock	15000000	000000N/A	N/A
0001144204-18-002137	1	Preferred	N/A	0	000000N/A	N/A
0001144204-18-002137	1	Debt Securities	N/A	0	000000N/A	N/A
0001144204-18-002062	1	Preferred	N/A	0	000000N/A	N/A
0001144204-18-002062	1	Debt Securities	N/A	0	000000N/A	N/A
0001144204-18-002062	1	Common	Common Stock	100	000000N/A	N/A
0001477932-18-000158	1	Debt Securities	None	0		
0001477932-18-000158	1	Preferred	None	0		
0001477932-18-000158	1	Common	Common Stock	25000000	0	0
0001104659-18-001704	1	Common	Common Stock	100	000000000	NA
0001104659-18-001704	1	Debt Securities		0		
0001104659-18-001704	1	Preferred	Preferred Stock	0	000000000	NA
0001213900-18-000362	1	Preferred	N/A	0	000000000	N/A
0001213900-18-000362	1	Common	Membership Units	10220629	000000000	N/A
0001213900-18-000362	1	Debt Securities	N/A	0	000000000	N/A
0001144204-18-001666	1	Preferred	Class A	34182	000000N/A	N/A
0001144204-18-001666	1	Debt Securities	None	0	000000N/A	N/A
0001144204-18-001666	1	Common	None	500000	000000N/A	N/A
0001724115-18-000001	1	Preferred	N/A	0	N/A	N/A
0001724115-18-000001	1	Common	Common	32500000	N/A	N/A
0001724115-18-000001	1	Debt Securities	N/A	0	N/A	N/A
0001213900-18-000311	1	Common	Common Stock	5442786	73045L107	None
0001213900-18-000311	1	Debt Securities	None	0	000000000	None
0001213900-18-000311	1	Preferred	Preferred Stock	3178954	000000000	None
0001264931-18-000007	1	Debt Securities	Debt Securities	151000	000000000	N/A
0001264931-18-000007	1	Preferred	Preferred Equity	1665000	000000000	N/A
0001264931-18-000007	1	Common	Common Equity	886836343	941114G00	OTC Links (Pink Sheets)
0001477932-18-000118	2	Preferred	Class B Preferred Units	0	None	None
0001477932-18-000118	1	Preferred	Class A Preferred Units	0	None	None
0001477932-18-000118	1	Common	Management Interests	0	None	None
0001477932-18-000118	3	Preferred	Class C Preferred Units	0	None	None
0001477932-18-000118	1	Debt Securities	Debt Securities	0	None	None
0001104659-18-001441	1	Debt Securities		0		
0001104659-18-001441	1	Common	Common Stock	8219576	247035207	OTC Pink Marketplace
0001104659-18-001441	1	Preferred		0		
0001477932-18-000088	1	Common	Voting Common Stock	8388607	None	None
0001477932-18-000088	1	Debt Securities	None	0		
0001477932-18-000088	1	Preferred	None	0		
0001477932-18-000088	2	Common	Non-Voting Common Stock	88500	None	None
0001144204-18-001138	1	Preferred	Class A	34182	000000N/A	N/A
0001144204-18-001138	1	Common	None	500000	000000N/A	N/A
0001144204-18-001138	1	Debt Securities	None	0	000000N/A	N/A
0001493152-18-000256	1	Common	Common Stock	14488614	000000000	NONE
0001493152-18-000256	1	Preferred	None.	0	000000000	NONE
0001493152-18-000256	1	Debt Securities	NONE	0	000000000	NONE
0001144204-18-001069	1	Common	Common Stock	1132406	000000N/A	N/A
0001144204-18-001069	1	Debt Securities	Convertible Promissory Notes	825000	000000N/A	N/A
0001144204-18-001069	1	Preferred	Series Seed Preferred Stock	568796	000000N/A	N/A
0001144204-18-001069	2	Preferred	Series A Preferred Stock	747373	000000N/A	N/A
0001654954-18-000109	1	Common	Common Stock	111076211	000000000	n/a
0001654954-18-000109	1	Preferred		0		
0001654954-18-000109	1	Debt Securities		0		
0001477932-18-000057	1	Debt Securities	None	0		
0001477932-18-000057	1	Preferred	Preferred Equity	1250000	None	None
0001477932-18-000057	1	Common	Common Equity	8388607	None	None
0001477932-18-000041	2	Common	Non-Voting Common Stock	88500	None	None
0001477932-18-000041	1	Preferred	None	0		
0001477932-18-000041	1	Debt Securities	None	0		
0001477932-18-000041	1	Common	Voting Common Stock	8388607	None	None
0001144204-18-000367	1	Preferred	N/A	0	000000N/A	N/A
0001144204-18-000367	1	Debt Securities	N/A	0	000000N/A	N/A
0001144204-18-000367	1	Common	Common Stock	38624940	67001L101	N/A
0001144204-18-000317	1	Preferred	N/A	0	000000N/A	N/A
0001144204-18-000317	1	Common	Common Stock	38624940	67001L101	N/A
0001206774-18-000006	1	Preferred	None	0	000000000	N/A
0001144204-18-000317	1	Debt Securities	N/A	0	000000N/A	N/A
0001206774-18-000006	1	Debt Securities	None	0	000000000	N/A
0001206774-18-000006	1	Common	Common Equity	10082571	000000000	N/A
0001214659-18-000011	1	Preferred	None	0	000000n/a	n/a
0001214659-18-000011	1	Common	Limited Partnership Units	14000000	000000n/a	n/a
0001214659-18-000011	1	Debt Securities	None	0	000000n/a	n/a
0001703732-18-000001	1	Common	Class A and B Common Stock	28000000	N/A	N/A
0001703732-18-000001	1	Preferred	Preferred	0		
0001703732-18-000001	1	Debt Securities		0		
0001144204-18-000003	1	Common	Common Stock	1132406	000000N/A	N/A
0001144204-18-000003	1	Debt Securities	Convertible Promissory Notes	1500000	000000N/A	N/A
0001144204-18-000003	1	Preferred	Series Seed	568796	000000N/A	N/A
0001144204-18-000003	2	Preferred	Series A Preferred Stock	747373	000000N/A	N/A
