ACCESSION_NUMBER	NID	SINFO_ID	NAME_TYPE	NAME
0001683168-19-004033	1	1	blueSkySpName	EILERS LAW GROUP, P.A.
0001683168-19-004033	1	1	legalSpName	EILERS LAW GROUP, P.A.
0001683168-19-003452	1	1	legalSpName	John E. Lux, Esq.
0001681287-19-000001	1	1	auditorSpName	IndigoSpire CPA
0001681287-19-000001	1	1	legalSpName	Adamson Brothers
0001213900-19-021453	1	1	auditorSpName	Moss Adams LLP
0001213900-19-021453	1	1	findersSpName	N/A
0001213900-19-021453	1	1	salesCommissionsSpName	Bequia Securities
0001213900-19-021453	1	1	legalSpName	Cutting Edge Counsel
0001213900-19-021453	1	1	blueSkySpName	Cutting Edge Counsel
0001213900-19-021453	1	1	underwrittenSpName	N/A
0001213900-19-021453	1	1	promoterSpName	N/A
0001104659-19-056921	1	1	blueSkySpName	In-house (2)
0001104659-19-056921	1	1	legalSpName	Manatt Phelps Phillips
0001104659-19-056921	1	1	auditorSpName	Baker Tilly Virchow Krause, LLP (1)
0001213900-19-020535	1	1	legalSpName	Reed Smith LLP
0001213900-19-020535	1	1	auditorSpName	Daszkal Bolton LLP
0001393905-19-000286	1	1	legalSpName	Schiff Hardin LLP
0001393905-19-000286	1	1	salesCommissionsSpName	Sageworks Capital LLC
0001213900-19-019356	1	1	blueSkySpName	Ellenoff Grossman & Schole, LLP
0001213900-19-019356	1	1	legalSpName	Ellenoff Grossman & Schole, LLP
0001213900-19-019356	1	1	auditorSpName	Marcum LLP
