ACCESSION_NUMBER	INDICATETIER1TIER2OFFERING	FINANCIALSTATEMENTAUDITSTATUS	OFFERDELAYEDCONTINUOUSFLAG	OFFERINGYEARFLAG	OFFERINGAFTERQUALIFFLAG	OFFERINGBESTEFFORTSFLAG	SOLICITATIONPROPOSEDOFFERFLAG	RESALESECURITIESAFFILIATESFLAG	SECURITIESOFFERED	OUTSTANDINGSECURITIES	PRICEPERSECURITY	ISSUERAGGREGATEOFFERING	SECURITYHOLDERAGGEGATE	QUALIFICATIONOFFERINGAGGREGATE	CONCURRENTOFFERINGAGGREGATE	TOTALAGGREGATEOFFERING	UNDERWRITERSERVICEPROVIDERNAME	UNDERWRITERSFEES	SALECOMMISSIONSSVCPROVIDERNAME	SALECOMMISSIONSSVCEROVIDERFEE	FINDERSFEESSERVICEPROVIDERNAME	FINDERFEESFEE	AUDITORSERVICEPROVIDERNAME	AUDITORFEES	LEGALSERVICEPROVIDERNAME	LEGALFEES	PROMOTERSSERVICEPROVIDERNAME	PROMOTERSFEES	BLUESKYSERVICEPROVIDERNAME	BLUESKYFEES	BROKERDEALERCRDNUMBER	ESTIMATEDNETAMOUNT	CLARIFICATIONRESPONSES
0001683168-19-004103	Tier2	Audited	Y	N	N	Y	N	N	2000000	15784717	1.5	3000000.0	0.0	0.0	0.0	3000000.0									John E. Lux, Esq.	35000.0			Various	2500.0		2962600.0	
0001213900-19-027279	Tier2	Audited	Y	N	Y	Y	N	N	40000000			40000000.0	0.0	0.0	0.0	40000000.0	N/A	0.0	None Yet	3000000.0	N/A	0.0	Rosenfield and Company PLLC	10000.0	Byrd Law Firm, PA	20000.0	N/A	0.0	N/A	0.0	0	36970000.0	We have not engaged any brokers or placement agents as of November 25, 2019, however, we anticipate appointing one or more placement agents or broker dealers to sell this offering.
0001213900-19-027274	Tier1	Unaudited	N	N	N	Y	N	N	13599998	26100665	0.75	10000000.0	199998.75	0.0	0.0	10199998.75									Carmel, Milazzo & DiChiara LLP	50000.0						10000000.0	
0001213900-19-027270	Tier2	Audited	Y	N	N	Y	N	N	3340909	0	4.4	14700000.0	0.0	0.0	0.0	14700000.0	StartEngine Primary LLC	1029000.0					dbbmckennon	5000.0	Bevilacqua PLLC	50000.0			Bevilacqua PLLC	12000.0	291773	13421000.0	
0001104659-19-076460	Tier2	Audited	Y	N	N	Y	N	N	20000000	1305000	1.0	20000000.0	0.0	0.0	0.0	20000000.0			Strategic Capital Investments, LLC	1600000.0			Puryear & Noonan, CPAs	15000.0	Waller Lansden Dortch & Davis, LLP	100000.0					38924	18285000.0	
0001654954-19-014256	Tier2	Audited	Y	Y	N	Y	N	N	50000	0	1000.0	50000000.0	0.0	0.0	0.0	50000000.0	Crescent Securities Group, Inc.	475000.0	Crescent Securities Group, Inc.	3625000.0			UHY LLP	10000.0	Kaplan, Voekler, Cunningham & Frank, PLC	75000.0			Kaplan, Voekler, Cunningham & Frank, PLC	75000.0	114993	45740000.0	
0001104659-19-076200	Tier2	Audited	Y	Y	N	Y	N	N	5000000	100	10.0	50000000.0	0.0	0.0	0.0	50000000.0							EisnerAmper LLP	0.0	Goodwin Procter LLP	0.0						0.0	If broker or dealer used, it will not be an expense of the issuer.
0001493152-19-019716	Tier2	Audited	Y	N	N	Y	N	N	4000000	70135036	2.5	10000000.0	0.0	0.0	0.0	10000000.0	StartEngine Primary LLC	700000.0					MaughanSullivan LLC	10000.0	CrowdCheck Law LLP (f/k/a KHLK LLP)	40000.0					291773	9250000.0	Underwriting fees estimate assumes the maximum amount of commissions payable to StartEngine Primary LLC for their services in this offering.
0001683168-19-004059	Tier1	Unaudited	Y	N	N	Y	N	N	2000000000	1659991381	0.0015	3000000.0	0.0	0.0	0.0	3000000.0									John Lux, Esq.	25000.0	various	275000.0				2700000.0	
0001104659-19-076049	Tier2	Audited	Y	N	N	Y	N	N	14563107	0	1.03	15000000.0	0.0	0.0	0.0	15000000.0	SI Securities, LLC	1125000.0					Fruci & Associates II, PLLC	23000.0	CrowdCheck Law LLP	60000.0					170937	13800000.0	
0001213900-19-026907	Tier1	Unaudited	Y	N	Y	Y	N	N	833333333	138143990	0.003	2500000.0	0.0	0.0	0.0	2500000.0									Carmel, Milazzo & DiChiara LLP	10250.0			Carmel, Milazzo & DiChiara LLP	0.0		2500000.0	
0001493152-19-019647	Tier2	Audited	Y	N	N	Y	Y	N	59438	0	20.0	1188760.0	0.0	0.0	0.0	1188760.0	SDDCO Brokerage Advisors LLC	14732.0	SDDCO Brokerage Advisors LLC	35663.0	N/A	0.0	N/A	0.0	Anthony L.G., PLLC	5000.0	N/A	0.0	N/A	5000.0	153563	1188760.0	Estimated Net Proceeds Calculation (above) of $ 1,188,760 does not include any offering fees as all fees in connection with the offering are to be paid by Masterworks Administrative Services, LLC.
0001663577-19-000429	Tier1	Unaudited	Y	N	Y	Y	N	Y	20000000	88294700	0.5	7500000.0	2500000.0	0.0	0.0	10000000.0									The Doney Law Firm	5000.0							
0001786960-19-000005	Tier1	Unaudited	Y	N	N	Y	N	N	4000000	4000000	0.5	2000000.0	0.0	0.0	0.0	2000000.0																	
0001213900-19-026726	Tier2	Audited	Y	N	N	Y	Y	N	28005	10213	46.4114	1299750.0	0.0	0.0	0.0	1299750.0							JASON M. TYRA, CPA, PLLC	2500.0	BEVILACQUA PLLC	70000.0	NORTH CAPITAL PRIVATE SECURITIES CORPORATION	12738.0	BEVILACQUA PLLC	12000.0	154559	1202512.0	
0001493152-19-019550	Tier2	Audited	Y	Y	N	Y	N	N	2769438	2230562	10.0	27694380.0	0.0	0.0	0.0	27694380.0			North Capital Private Securities Corp. and Mogul Securities, LLC	332332.0			CohnReznick LLP	10000.0	Morris, Manning & Martin, LLP	250000.0	Realty Mogul Sponsor, LLC and Realty Mogul, Co.	0.0			154559	27434380.0	Sales commissions will not be paid by the issuer. As such, the sales commissions do not reduce net proceeds to the issuer.
0001493152-19-019552	Tier2	Audited	Y	Y	N	Y	N	N	5000000	1682994	10.0	50000000.0	0.0	0.0	0.0	50000000.0			North Capital Private Securities Corp. and Mogul Securities, LLC	500000.0			CohnReznick, LLP	10000.0	Morris, Manning & Martin, LLP	250000.0	Realty Mogul Sponsor, LLC and Realty Mogul, Co.	0.0			154559	48500000.0	Sales commissions will not be paid by the issuer. As such, the sales commissions do not reduce net proceeds to the issuer.
0001731122-19-000800	Tier2	Audited	Y	Y	N	Y	N	N	50000	12340	1000.0	37660000.0	0.0	12340000.0	0.0	50000000.0									Geraci LLP	10000.0						0.0	
0001104659-19-074852	Tier2	Audited	Y	Y	N	Y	Y	N	7336560	2426552	5.0	36682800.0	0.0	0.0	0.0	36682800.0	North Capital Private Securities Corporation	266897.0					Squar Milner LLP	35000.0	Corporate Law Solutions, PC	90000.0			Corporate Law Solutions, PC	10000.0		36280903.0	
0001477932-19-007214	Tier2	Audited	N	N	N	Y	N	N	4000	2000		194060.0	0.0	90000.0	0.0	284060.0		0.0		0.0		0.0	CohnReznick	15000.0	Trowbridge Sidoti	50000.0		0.0		0.0		0.0	
0001520138-19-000506	Tier1	Unaudited	Y	N	Y	Y	N	N	120000000	1650271	0.08	0.0	0.0	0.0	0.0	0.0																	
0001104659-19-074538	Tier2	Audited	Y	N	N	Y	Y	N	10000000	0	5.0	50000000.0	0.0	0.0	0.0	50000000.0			Dalmore Group, LLC	513000.0			IndigoSpire CPA LLC	2500.0	CrowdCheck Law, LLC	15000.0			State Filing Fees	10000.0	136352	44500000.0	
0001350455-19-000014	Tier2	Audited	Y	N	N	Y	N	N	1000000	1000000	50.0	50000000.0	0.0	0.0	0.0	50000000.0		0.0		0.0		0.0	Issuer Michael Gilmore is still searching for an auditor; forthcoming to the SEC via amendment.	2500.0	Lerman Law Associates, PC	5000.0		0.0		0.0		50000000.0	Michael Gilmore will issue 1,000,000 Class A Interests of which none have been sold, which leaves 1,000,000 outstanding for sell to the general public once qualified. Class B Interests will be sold After Offering. Issuer Gilmore is still seeking auditors.
0001213900-19-026594	Tier1	Audited	Y	N	N	Y	Y	N	1500000	12074800	2.0	3000000.0	0.0	0.0	0.0	3000000.0	Industrial Alliance Securities	240000.0					Davidson & Company LLC	50000.0	Tollefsen Business Law PC	75000.0						2500000.0	Underwriters will also receive warrants to purchase 8% of the shares sold in this offering at C$2.00 per share.
0001731122-19-000794	Tier1	Unaudited	Y	N	N	Y	N	N	2000000000	138109281	0.0015	3000000.0	0.0	0.0	0.0	3000000.0									Andrew Coldicutt, Esq.	15000.0			Various States	3000.0		2970000.0	
0001493152-19-019441	Tier2	Audited	Y	N	Y	Y	N	N	300000000	753907656	0.063	10000000.0	0.0	0.0	0.0	10000000.0	N/A	0.0	N/A	0.0	N/A	0.0	Fruci & Associates II, PLLC	3000.0	The Newman Law Firm, PLLC	15000.0	N/A	0.0	The Newman Law Firm, PLLC	1000.0		9998100.0	
0001387131-19-009666	Tier2	Audited	Y	N	N	Y	N	N	480000	0	4.8	480000.0	0.0	0.0	0.0	480000.0			North Capital Private Securities Corporation	4800.0									Bevilacqua PLLC	15000.0	154559	463200.0	
0001213900-19-026507	Tier1	Audited	Y	N	N	Y	Y	N	1500000	12074800	2.0	3000000.0	0.0	0.0	0.0	3000000.0	Industrial Alliance Securities	240000.0					Davidson & Company LLC	50000.0	Tollefsen Business Law PC	75000.0						2500000.0	Underwriters will also receive warrants to purchase 8% of the shares sold in this offering at C$2.00 per share.
0001575705-19-000127	Tier1	Unaudited	Y	N	N	Y	N	Y	40000000	190382833	0.05	1500000.0	500000.0	0.0	0.0	2000000.0	N/A	0.0	N/A	0.0	N/A	0.0	N/A	0.0	Nason, Yeager, Gerson, Harris & Fumero, P.A.	20000.0	N/A	0.0	Nason, Yeager, Gerson, Harris & Fumero, P.A.	1550.0		1464450.0	Printing and miscellaneous expenses: $1,000, Accounting: $13,000
0001104659-19-073868	Tier2	Audited	Y	N	N	Y	N	N	5000	0	10000.0	50000000.0	0.0	0.0	0.0	50000000.0							RSM US LLP	0.0	Kutak Rock LLP	0.0						50000000.0	The audit and legal expenses are being paid by the issuer's sole Member.
0001683168-19-004020	Tier1	Unaudited	Y	Y	Y	Y	N	N	2500000000	147046461	0.001	2500000.0	0.0	0.0	0.0	2500000.0									Milan Saha, Esq.	25000.0			various	2500.0		2500000.0	
0001748909-19-000002	Tier1	Unaudited	Y	N	N	Y	N	N	4000000	3000000	0.5	2000000.0	0.0	0.0	0.0	2000000.0																	
0001780914-19-000007	Tier2	Audited	Y	N	N	Y	Y	N	1000000	26403750	10.0	10000000.0	0.0	0.0	0.0	10000000.0			iQ Capital LLC	500000.0			Artesian CPA LLC	19022.0	Kendall A. Almerico, P.A.	125000.0						9355978.0	
0001104659-19-073149	Tier2	Audited	Y	Y	N	Y	N	N	1322729	12395575	10.0	13227289.0	0.0	36772711.0	0.0	50000000.0							RSM US LLP	5000.0	Goodwin Procter LLP	40000.0						13182289.0	Minus expenses.
0001493152-19-019250	Tier2	Audited	N	N	N	Y	N	N	10800000	25558355	0.5	5000000.0	400000.0	0.0	0.0	5400000.0							M&K CPAS, PLLC	0.0	Austin Legal Group, APC	30000.0						5000000.0	
0001104659-19-072727	Tier2	Audited	Y	Y	N	Y	N	N	2993300	0	10.0	2993300.0	0.0	38097470.0	3190770.0	44281540.0									Manatt Phelps; Robbins Ross	1000.0							
0001493152-19-019221	Tier2	Audited	Y	N	N	N	N	N	10000		1000.0	10000000.0	0.0	0.0	0.0	10000000.0							Caballero Fierman Llerena & Garcia, LLP	20000.0	Recor Rieber, PA	30000.0							
0001213900-19-026172	Tier1	Audited	Y	N	N	Y	Y	N	1500000	12074800	2.0	3000000.0	0.0	0.0	0.0	3000000.0	Industrial Alliance Securities	240000.0					Davidson & Company LLC	50000.0	Tollefsen Business Law PC	75000.0						2500000.0	Underwriters will also receive warrants to purchase 8% of the shares sold in this offering at C$2.00 per share.
0001437749-19-024430	Tier2	Audited	Y	N	N	Y	Y	N	5500	0	50.0	275000.0	0.0	0.0	0.0	275000.0	N/A	0.0	N/A	0.0	N/A	0.0	DEAN DORTON ALLEN FORD, PLLC	0.0	FROST BROWN TODD LLC	0.0	NORTH CAPITAL PRIVATE SECURITIES CORPORATION	2750.0	N/A	0.0	154559	148500.0	
0001213900-19-026162	Tier2	Audited	Y	N	N	Y	N	N	800000	0	25.0	20000000.0	0.0	0.0	0.0	20000000.0	n/a	0.0	Dalmore Group, LLC	200000.0	n/a	0.0	M&K CPAS, PLLC and Liggett &Webb, P.A	5000.0	Sichenzia Ross Ference LLP	100000.0	n/a	0.0	n/a	0.0	136352	17500000.0	Reflects gross proceeds (assuming sale of maximum offering amount) less estimated offering expenses, including expenses set forth above, and other expenses including marketing, online platform, transfer agent and escrow agent expenses.
0001654954-19-013899	Tier2	Audited	Y	Y	N	Y	N	N	5000	0	1000.0	0.0	0.0	0.0	0.0	0.0	JCC Advisors, LLC	1250000.0	JCC Advisors, LLC	2750000.0			Cherry Bekaert LLP	15000.0	Kaplan Voekler Cunningham & Frank PLC	67500.0	GK Development, Inc.	1250000.0	Kaplan Voekler Cunningham & Frank PLC	40000.0		44250000.0	
0001683168-19-003955	Tier2	Audited	Y	N	N	Y	N	N	2000000	15784717	1.5	3000000.0	0.0	0.0	0.0	3000000.0									John E. Lux, Esq.	35000.0			Various	2500.0		2962600.0	
0001104659-19-071967	Tier2	Audited	Y	N	N	Y	N	N	33333333	0	0.3	10000000.0	0.0	0.0	0.0	10000000.0	n/a	710000.0					BF Borgers CPA PC	12000.0	CrowdCheck Law LLP	65000.0			n/a	3000.0	0	9210000.0	
0001493152-19-019034	Tier2	Audited	Y	N	N	Y	N	N	4000000	70135036	2.5	10000000.0	0.0	0.0	0.0	10000000.0	StartEngine Primary LLC	700000.0					MaughanSullivan LLC	10000.0	CrowdCheck Law LLP (f/k/a KHLK LLP)	40000.0					291773	9250000.0	Underwriting fees estimate assumes the maximum amount of commissions payable to StartEngine Primary LLC for their services in this offering.
0001213900-19-025894	Tier1	Unaudited	N	N	N	Y	N	N	13599998	25834000	0.75	10000000.0	199998.75	0.0	0.0	10199998.75									Carmel, Milazzo & DiChiara LLP	50000.0						10000000.0	
0001213900-19-025873	Tier1	Unaudited	Y	N	Y	Y	N	N	833333333	138143990	0.003	2500000.0	0.0	0.0	0.0	2500000.0									Carmel, Milazzo & DiChiara LLP	10250.0			Carmel, Milazzo & DiChiara LLP	0.0		2500000.0	
0001493152-19-019016	Tier2	Audited	Y	N	N	Y	Y	N	54450	0	20.0	1089000.0	0.0	0.0	0.0	1089000.0	SDDCO Brokerage Advisors LLC	13916.0	SDDCO Brokerage Advisors LLC	32670.0	N/A	0.0	N/A	0.0	Anthony L.G., PLLC	10000.0	N/A	0.0	N/A	5000.0	153563	1089000.0	Estimated Net Proceeds Calculation (above) of $ 1,089,000 does not include any offering fees as all fees in connection with the offering are to be paid by Masterworks Administrative Services, LLC.
0001786960-19-000004	Tier1	Unaudited	Y	N	N	Y	N	N	4000000	4000000	0.5	2000000.0	0.0	0.0	0.0	2000000.0																	
0001594062-19-000098	Tier2	Audited	Y	Y	N	Y	N	N	60000000	70000000	0.75	50000000.0	0.0	0.0	0.0	50000000.0		0.0	Dalmore Partners LLC	900000.0		0.0	McGovern Hurley LLP	20000.0	Greenberg Traurig LLP	160000.0		0.0	DALV Consulting LLC, Dalmore Partners LLC, FINRA fees	63000.0	136352	48857000.0	Offering consists of 40,000,000 Units at $0.75 per Unit, each unit comprised of one common share and one-half of one warrant for an additional 20,000,000 common shares. Blue Sky Compliance 30,000 to DALV, 25,000 to Dalmore & 8,000 FINRA
0001104659-19-071461	Tier2	Audited	Y	N	N	N	N	N	1000000	0	50.0	50000000.0	0.0	0.0	0.0	50000000.0							Templeton & Company, LLP	10000.0	Law Office of James G Dodrill II, P.A.	55000.0						50000000.0	
0001078782-19-000895	Tier2	Audited	Y	N	N	Y	N	N	50000000	10000000	1.0	50000000.0	0.0	0.0	0.0	50000000.0							AJ Robbins CPA LLC	8000.0	Wilson Bradshaw & Cao LLP	10000.0							
0001652577-19-000009	Tier1	Unaudited	N	N	N	Y	N	N	1000000	23259893	20.0	20000000.0	0.0	0.0	0.0	20000000.0		0.0		0.0		0.0		0.0		0.0		0.0	360 Sports, Inc	0.0	0	0.0	
0001477932-19-007027	Tier2	Audited	N	N	N	Y	N	N	50000	0	1000.0	50000000.0	0.0	0.0	0.0	50000000.0		0.0		0.0		0.0	IndigoSpire CPA Group	2500.0	Trowbridge Sidoti	50000.0	Ivan Oberon, Ryan Garland	0.0		0.0		50000000.0	
0001477932-19-007021	Tier2	Audited	N	N	N	Y	Y	N	57000000	164791	0.5	49875000.0	0.0	0.0	0.0	49875000.0		0.0		0.0		0.0	Spiegel Accountancy Corp.	5000.0	Trowbridge Sidoti LLP	10000.0		0.0		0.0		49875000.0	
0001794009-19-000001	Tier1	Unaudited	Y	N	N	Y	N	N	1500000000	3875000000	0.001	1500000.0	0.0	0.0	0.0	1500000.0									Thomas C Cook	5000.0						1495000.0	
0001683168-19-003907	Tier2	Audited	Y	Y	N	Y	N	N	31642	14498		4737270.0	0.0	0.0	0.0	4737270.0							IndigoSpire CPA Group, LLC	0.0	Procopio, Cory, Hargreaves & Savitch, LLP	0.0						4737270.0	Estimated net proceeds do not reflect offering expenses because such expenses will be paid by the Manager.
0001445866-19-001437	Tier2	Audited	Y	N	N	N	N	N	50000000	19995000	0.1	5000000.0	0.0	0.0	0.0	5000000.0							Pinnacle Accountancy Group of Utah	2000.0	JDT Legal PLLC	5000.0							
0001350455-19-000013	Tier2	Audited	Y	N	N	Y	N	N	1000000	1000000	50.0	50000000.0	0.0	0.0	0.0	50000000.0		0.0		0.0		0.0	Issuer Michael Gilmore is still searching for an auditor; forthcoming to the SEC via amendment.	2500.0	Lerman Law Associates, PC	5000.0		0.0		0.0		50000000.0	Michael Gilmore will issue 1,000,000 Class A Interests of which none have been sold, which leaves 1,000,000 outstanding for sell to the general public once qualified. Class B Interests will be sold After Offering. Issuer Gilmore is still seeking auditors.
0001104659-19-070290	Tier2	Audited	Y	Y	N	Y	N	N	100000	405500	20.0	2000000.0	0.0	38097470.0	3190770.0	43288240.0	N/A	0.0	Start Engine Primary, LLC	140000.0	N/A	0.0	Hughes Pittman & Gupton, LLP	2000.0	Manatt, Phelps & Phillips, LLP; Robbins Ross Alloy Belinfante Littlefield LLC	2000.0	Start Engine Capital, LLC	10000.0	Internal out-of-pocket expenses	5000.0	291773	1841000.0	
0001104659-19-070254	Tier2	Audited	N	N	Y	Y	N	N	1	0		50000000.0	0.0	0.0	0.0	50000000.0	N/A	0.0	SI Securities, LLC	2750000.0	N/A	0.0	Marcum LLP	1700000.0	Manatt, Phelps & Phillips, LLP	1000000.0	N/A	0.0	N/A	0.0	000000000		
0001768126-19-000022	Tier2	Audited	Y	Y	N	Y	Y	N	48525	0	36.730000000000004	1782500.0	0.0	0.0	0.0	1782500.0							EisnerAmper LLP	0.0	Duane Morris LLP	0.0	Dalmore Group, LLC	17825.0			136352	1764675.0	
0001628279-19-000354	Tier2	Audited	Y	Y	N	Y	Y	Y	180000000	222472974	0.1369	35000000.0	15000000.0	0.0	0.0	50000000.0							Rosen Kuslansky, CPA, PC	250000.0	Wilson Sonsini Goodrich & Rosati, PC	2000000.0							65,000 in fees to financial printer (Workiva)
0001731122-19-000750	Tier1	Unaudited	Y	N	N	Y	N	N	100000000	138109281	0.03	3000000.0	0.0	0.0	0.0	3000000.0									Andrew Coldicutt, Esq.	15000.0			Various States	3000.0		2970000.0	
0001780914-19-000006	Tier2	Audited	Y	N	N	Y	Y	N	1000000	25895000	10.0	10000000.0	0.0	0.0	0.0	10000000.0							Artesian CPA LLC	19022.0	Kendall A. Almerico, P.A.	125000.0						9855978.0	
0001520138-19-000493	Tier1	Unaudited	Y	N	Y	Y	N	N	120000000	1650271	0.08	0.0	0.0	0.0	0.0	0.0																	
0001214659-19-007565	Tier1	Unaudited	N	N	Y	Y	N	N	20000000	0	1.0	20000000.0	0.0	0.0	0.0	20000000.0																17000000.0	We have not yet identified an underwriter.
0001758533-19-000002	Tier2	Audited	Y	N	N	Y	N	N	4000000	36200000	5.0	20000000.0	0.0	0.0	0.0	20000000.0			iQ Capital (USA) LLC	1000000.0			IndigoSpire CPA LLC	5500.0	Kendall A. Almerico, P.A.	130000.0					283405	18870000.0	
0001683168-19-003872	Tier2	Audited	Y	Y	N	Y	N	N	5000000	0	10.0	50000000.0	0.0	0.0	0.0	50000000.0							Audit: Richey May & Co.	25000.0	Flaster/Greenberg P.C	50000.0						49925000.0	
0001104659-19-069308	Tier2	Audited	Y	Y	N	Y	N	N	2993300	0	10.0	2993300.0	0.0	38097470.0	3190770.0	44281540.0									Manatt Phelps; Robbins Ross	1000.0							
0001703429-19-000047	Tier2	Audited	Y	Y	N	Y	N	N	1000000000	333999673	0.005	5000000.0	0.0	0.0	0.0	5000000.0																	
0001213900-19-025029	Tier2	Audited	Y	N	N	Y	Y	N	1980	3	25.0	49500.0	0.0	0.0	0.0	49500.0							Artesian CPA LLC	5000.0	CrowdCheck Law LLP	45000.0	North Capital Private Securities Corporation	12485.0			154559	49015.0	
0001493152-19-018544	Tier2	Audited	Y	N	N	Y	Y	N	59438	0	20.0	1188760.0	0.0	0.0	0.0	1188760.0	SDDCO Brokerage Advisors LLC	14732.0	SDDCO Brokerage Advisors LLC	35663.0	N/A	0.0	N/A	0.0	Anthony L.G., PLLC	5000.0	N/A	0.0	N/A	5000.0	153563	1188760.0	Estimated Net Proceeds Calculation (above) of $ 1,188,760 does not include any offering fees as all fees in connection with the offering are to be paid by Masterworks Administrative Services, LLC.
0001214659-19-007447	Tier2	Audited	Y	N	N	Y	Y	N	6000000	63662858	7.5	45000000.0	0.0	0.0	0.0	45000000.0			Sales Commissions	4500000.0			Squar Milner LLP	35000.0	Sichenzia Ross Ference LLP	7500.0						40457500.0	The above table excludes fees to be paid to Transfer Online, Inc. but includes $4,500,000 for sales commissions that will be payable if the Company uses such a service provider
0001213900-19-024993	Tier2	Audited	Y	N	Y	Y	N	N	40000000			40000000.0	0.0	0.0	0.0	40000000.0	N/A	0.0	None Yet	3000000.0	N/A	0.0	Rosenfield and Company PLLC	10000.0	Byrd Law Firm, PA	20000.0	N/A	0.0	N/A	0.0	0	36970000.0	We have not engaged any brokers or placement agents as of November 25, 2019, however, we anticipate appointing one or more placement agents or broker dealers to sell this offering.
0001688804-19-000027	Tier2	Audited	Y	Y	N	Y	Y	N	5000	0	310.0	1550000.0	0.0	0.0	0.0	1550000.0							EisnerAmper LLP	0.0	Duane Morris LLP	0.0	Dalmore Group, LLC	15500.0			136352	1534500.0	
0001078782-19-000880	Tier2	Audited	Y	N	Y	Y	Y	Y	10530000	4730000	1.5	15000000.0	795000.0	0.0	0.0	15795000.0			StartEngine	333333.0			Thayer ONeal COmpany LLC	7500.0	Frank J Hariton	1000.0						14658167.0	The estimated net proceeds reflects estimated fees paid to brokers who assist in finding buyers.
0001766914-19-000011	Tier2	Audited	Y	N	N	Y	Y	N	1000000	0	5.0	5000000.0	0.0	0.0	0.0	5000000.0			Cuttone & Company, LLC and iQ Capital	250000.0			Clark Schaefer Hackett	30000.0	Kendall A. Almerico, P.A.	130000.0					33038	4520000.0	
0001213900-19-024864	Tier2	Audited	Y	N	N	N	N	N	50000000	83733605	0.06	3000000.0	0.0	0.0	0.0	3000000.0	None	0.0	N/A	0.0	N/A	0.0	Fruci & Associates II, PLLC	1500.0	Magri Law, LLC	15000.0	N/A	0.0	N/A	0.0		2925000.0	
0001078782-19-000879	Tier2	Audited	Y	N	Y	Y	N	Y	24900000	16293519	0.5	12000000.0	450000.0	0.0	0.0	12450000.0							Boyle CPA LLC	20000.0	The Doney Law Firm	5000.0			Various	25000.0		11950000.0	
0001214659-19-007418	Tier2	Audited	Y	N	N	Y	N	N	100000	0	500.0	50000000.0	0.0	0.0	0.0	50000000.0	Jumpstart Securities, LLC	975000.0					Cashuk, Wiseman, Goldberg, Birnbaum & Salem, LLP	2250.0	Benjamin Feldman, FGRB, PLLC	7500.0					156214	49016000.0	
0001104659-19-067789	Tier2	Audited	Y	N	N	Y	N	N	8333333	0	6.0	50000000.0	0.0	0.0	0.0	50000000.0			Dalmore Group, LLC	518000.0			IndigoSpire CPA LLC	2500.0	CrowdCheck Law, LLC	50000.0			State Filing Fees	10000.0	136352	44500000.0	
0001213900-19-024767	Tier2	Audited	Y	N	N	Y	N	N	3340909	0	4.4	14700000.0	0.0	0.0	0.0	14700000.0	StartEngine Primary LLC	1029000.0					dbbmckennon	5000.0	Bevilacqua PLLC	50000.0			Bevilacqua PLLC	12000.0	291773	13421000.0	
0001213900-19-024754	Tier1	Unaudited	N	N	Y	Y	N	N	833333333	138143990	0.003	2500000.0	0.0	0.0	0.0	2500000.0									Carmel, Milazzo & DiChiara LLP	10250.0			Carmel, Milazzo & DiChiara LLP	0.0		2500000.0	
0001794352-19-000002	Tier2	Audited	N	N	N	Y	N	N	5000000	100000000	5.0	25000000.0	0.0	25000000.0	0.0	50000000.0	UNKNOWN YET	0.0	UNKNOWN YET	2500000.0			AJSH & CO	7500.0	FRANKLIN OGELE, ESQ	30000.0			UNKNOWN YET	12500.0			
0001493152-19-018437	Tier2	Audited	Y	N	N	Y	Y	N	54450	0	20.0	1089000.0	0.0	0.0	0.0	1089000.0	SDDCO Brokerage Advisors LLC	13916.0	SDDCO Brokerage Advisors LLC	32670.0	N/A	0.0	N/A	0.0	Anthony L.G., PLLC	10000.0	N/A	0.0	N/A	5000.0	153563	1089000.0	Estimated Net Proceeds Calculation (above) of $ 1,089,000 does not include any offering fees as all fees in connection with the offering are to be paid by Masterworks Administrative Services, LLC.
0001683168-19-003825	Tier2	Audited	Y	N	Y	Y	N	N	200000000	1040110900	0.25	50000000.0	0.0	0.0	0.0	50000000.0							Assurance Dimensions	7500.0	John E. Lux, Esq.	75000.0			Various States	12500.0		46000000.0	
0001104659-19-067325	Tier2	Audited	Y	N	N	Y	N	N	333333	352020	30.0	30.0	0.0	0.0	0.0	30.0							Artesian CPA LLC	35000.0	CrowdCheck Law, LLC	25000.0			State notice fees (estimated)	10000.0		9750000.0	Net of estimated offering expenses of $250,000
0001683168-19-003812	Tier2	Audited	Y	N	N	Y	N	N	2000000	15784717	1.5	3000000.0	0.0	0.0	0.0	3000000.0									John E. Lux, Esq.	35000.0			Various	2500.0		2962600.0	
0001019056-19-000657	Tier2	Audited	Y	N	N	Y	N	N	4975000	288480000	1.0	4975000.0	0.0	0.0	0.0	4975000.0							Friedman LLP, Fruci & Associates II, PLLC and Lipner, Sofferman & Co., LLC	79470.0	Gusrae Kaplan Nusbaum PLLC	215776.0						48255000.0	Estimated net proceeds assumes sale of Max Amount, offering expenses of $500,000, administrative fees of $995,000.
0001193125-19-299627	Tier2	Audited	Y	Y	N	Y	Y	N	5000000	550100	10.0	50000000.0	0.0	0.0	0.0	50000000.0			North Capital Private Securities	300000.0			Moore, Colson & Company, P.C.	35000.0	King & Spalding, LLP	400000.0					154559	50000000.0	Fee will not be charged to the Issuer and will be paid by Sponsor. As such the fees do not reduce net proceeds to the issuer.
0001683168-19-003810	Tier2	Audited	N	N	N	Y	N	N	10000000	16605000	5.0	50000000.0	0.0	0.0	0.0	50000000.0									John Lux, Esq.	20000.0						49270000.0	
0001683168-19-003808	Tier1	Unaudited	Y	N	N	Y	N	N	2000000000	1659991381	0.0015	3000000.0	0.0	0.0	0.0	3000000.0									John Lux, Esq.	25000.0	various	275000.0				2700000.0	
0001078782-19-000875	Tier2	Audited	Y	N	N	Y	N	N	50000000	10000000	1.0	50000000.0	0.0	0.0	0.0	50000000.0							AJ Robbins CPA LLC	8000.0	Wilson Bradshaw & Cao LLP	10000.0							
0001104659-19-066538	Tier2	Audited	Y	N	N	Y	Y	N	1724138	0	5.8	10000000.0	0.0	0.0	0.0	10000000.0			SI Securities, LLC	850000.0			Artesian CPA	4000.0	CrowdCheck Law, LLP, O'Melveny & Myers LLP, Vintage	36000.0					170937	9110000.0	
0001594062-19-000095	Tier2	Audited	Y	Y	N	Y	N	N	60000000	70000000	0.75	50000000.0	0.0	0.0	0.0	50000000.0		0.0	Dalmore Partners LLC	900000.0		0.0	McGovern Hurley LLP	20000.0	Greenberg Traurig LLP	160000.0		0.0	DALV Consulting LLC, Dalmore Partners LLC, FINRA fees	63000.0	136352	48857000.0	Offering consists of 40,000,000 Units at $0.75 per Unit, each unit comprised of one common share and one-half of one warrant for an additional 20,000,000 common shares. Blue Sky Compliance 30,000 to DALV, 25,000 to Dalmore & 8,000 FINRA
0001193125-19-297300	Tier2	Audited	Y	Y	N	Y	Y	N	5000000	550100	10.0	50000000.0	0.0	0.0	0.0	50000000.0			North Capital Private Securities	300000.0			Moore, Colson & Company, P.C.	35000.0	King & Spalding, LLP	400000.0					154559	50000000.0	Fee will not be charged to the Issuer and will be paid by Sponsor. As such the fees do not reduce net proceeds to the issuer.
0001683168-19-003772	Tier2	Audited	Y	Y	N	Y	N	N	5000000	0	10.0	50000000.0	0.0	0.0	0.0	50000000.0							Audit: Richey May & Co.	25000.0	Flaster/Greenberg P.C	50000.0						49925000.0	
0001213900-19-024225	Tier2	Audited	Y	N	N	Y	N	N	800000	0	25.0	20000000.0	0.0	0.0	0.0	20000000.0	n/a	0.0	Dalmore Group, LLC	200000.0	n/a	0.0	M&K CPAS, PLLC and Liggett &Webb, P.A	5000.0	Sichenzia Ross Ference LLP	100000.0	n/a	0.0	n/a	0.0	136352	17500000.0	Reflects gross proceeds (assuming sale of maximum offering amount) less estimated offering expenses, including expenses set forth above, and other expenses including marketing, online platform, transfer agent and escrow agent expenses.
0001493152-19-018130	Tier2	Audited	Y	N	Y	Y	N	N	150000000	178585821	0.05	7500000.0	0.0	0.0	0.0	7500000.0			Potential commissions	1200000.0			Fruci & Associates II, PLLC	2500.0	Disclosure Law Group, a professional corporation	20000.0						6277500.0	
0001350455-19-000012	Tier2	Audited	Y	N	N	Y	N	N	1000000	1000000	50.0	50000000.0	0.0	0.0	0.0	50000000.0		0.0		0.0		0.0	Issuer Michael Gilmore is still seeking an auditor; forthcoming to the SEC via amendment.	2500.0	Lerman Law Associates, PC	5000.0		0.0		0.0		50000000.0	Michael Gilmore will issue 1,000,000 Class A Interests of which none have been sold, which leaves 1,000,000 outstanding for sell to the general public once qualified. Class B Interests will be sold After Offering. Issuer Gilmore is still seeking auditors.
0001104659-19-065748	Tier2	Audited	Y	N	N	N	N	N	1000000	0	50.0	50000000.0	0.0	0.0	0.0	50000000.0							Templeton & Company, LLP	10000.0	Law Office of James G Dodrill II, P.A.	55000.0						50000000.0	
0001104659-19-065742	Tier2	Audited	Y	Y	N	Y	N	N	3190770	0	10.0	3190770.0	0.0	37496510.0	5336490.0	46023770.0									Manatt Phelps; Robbins Ross	1000.0							
0001654954-19-013198	Tier2	Audited	Y	Y	N	Y	N	N	50000	0	1000.0	50000000.0	0.0	0.0	0.0	50000000.0	Crescent Securities Group, Inc.	475000.0	Crescent Securities Group, Inc.	3625000.0			UHY LLP	10000.0	Kaplan, Voekler, Cunningham & Frank, PLC	75000.0			Kaplan, Voekler, Cunningham & Frank, PLC	75000.0	114993	45740000.0	
0001731122-19-000727	Tier2	Audited	Y	Y	N	Y	N	N	50000	12340	1000.0	37660000.0	0.0	12340000.0	0.0	50000000.0									Geraci LLP	10000.0						0.0	
0001214659-19-007247	Tier2	Audited	N	N	N	Y	N	N	50000	0	1000.0	50000000.0	0.0	0.0	0.0	50000000.0			TBD	3800000.0			Grennan Fender Hess & Poparad LLP	6500.0	Pino Nicholson PLLC	350000.0						42700000.0	Placement Agents' Commissions have been quantified but Placement Agents have not yet been appointed.
0001768126-19-000020	Tier2	Audited	Y	Y	N	Y	Y	N	33925	0	39.51	1340500.0	0.0	0.0	0.0	1340500.0							EisnerAmper LLP	0.0	Duane Morris LLP	0.0	Dalmore Group, LLC	13405.0			136352	1327095.0	
0001104659-19-064771	Tier2	Audited	Y	N	N	Y	N	N	317530	0	10.0	317530.0	0.0	0.0	0.0	317530.0									Manatt, Phelps & Phillips, LLP	20000.0							"The response to ""Number of securities offered"" above represents the aggregate principal amount of LROs being offered by the issuer."
0001721868-19-000541	Tier1	Unaudited	Y	N	N	Y	N	N	450000000	3741520603	0.0006000000000000001	270000.0	0.0	0.0	0.0	270000.0									Stout Law Group, PA	25000.0							
0001213900-19-023652	Tier1	Unaudited	N	N	N	Y	N	N	100000000	428444556	0.03	3000000.0	0.0	0.0	0.0	3000000.0									John E. Lux, Esq.	30000.0						2700000.0	
0001754259-19-000004	Tier1	Unaudited	Y	N	N	Y	N	Y	4000000	6673411	5.0	20000000.0	0.0	0.0	0.0	20000000.0	TBD	1250000.0	N/A	0.0	N/A	0.0	N/A	0.0	Simmons Associates, Ltd.	250000.0	TBD	0.0	Simmons Associates, Ltd.	0.0		18500000.0	
0001104659-19-064397	Tier2	Audited	Y	N	N	Y	N	N	5000	0	10000.0	50000000.0	0.0	0.0	0.0	50000000.0							RSM US LLP	0.0	Kutak Rock LLP	0.0						50000000.0	The audit and legal expenses are being paid by the issuer's sole Member.
0001683168-19-003614	Tier1	Unaudited	Y	Y	Y	Y	N	N	250000000	147046461	0.01	2500000.0	0.0	0.0	0.0	2500000.0									John Lux, Esq.	25000.0			various	2500.0		2500000.0	
0001766914-19-000010	Tier2	Audited	Y	N	N	Y	Y	N	1000000	0	5.0	5000000.0	0.0	0.0	0.0	5000000.0			Cuttone & Company, LLC and iQ Capital	250000.0			Clark Schaefer Hackett	30000.0	Kendall A. Almerico, P.A.	130000.0					33038	4520000.0	
0001683168-19-003558	Tier1	Unaudited	Y	N	Y	Y	N	N	4000000000	1186207888	0.001	4000000.0	0.0	0.0	0.0	4000000.0									John E. Lux, Esq	200000.0	Various	200000.0				3600000.0	
0001104659-19-063037	Tier2	Audited	Y	Y	N	Y	N	N	5336590	0	10.0	5336590.0	0.0	38669590.0	2819340.0	46825520.0									Manatt Phelps; Robbins Ross	1000.0							
0001780914-19-000005	Tier2	Audited	Y	N	N	Y	Y	N	1000000	25895000	10.0	10000000.0	0.0	0.0	0.0	10000000.0							Artesian CPA LLC	19022.0	Kendall A. Almerico, P.A.	125000.0						9855978.0	
0001213900-19-022963	Tier2	Audited	Y	N	N	Y	N	N	3340909	0	4.4	14700000.0	0.0	0.0	0.0	14700000.0							dbbmckennon	5000.0	Bevilacqua PLLC	50000.0			Bevilacqua PLLC	5000.0	291773	13571000.0	
0001213900-19-022895	Tier2	Audited	Y	N	N	Y	Y	N	21705	10	45.14	979750.0	0.0	0.0	0.0	979750.0							JASON M. TYRA, CPA, PLLC	2500.0	BEVILACQUA PLLC	70000.0	NORTH CAPITAL PRIVATE SECURITIES CORPORATION	9602.0	BEVILACQUA PLLC	12000.0	154559	970148.0	
0001654954-19-012689	Tier2	Audited	Y	Y	N	Y	N	N	5000	0	1000.0	0.0	0.0	0.0	0.0	0.0	JCC Advisors, LLC	1250000.0	JCC Advisors, LLC	2750000.0			Cherry Bekaert LLP	15000.0	Kaplan Voekler Cunningham & Frank PLC	67500.0	GK Development, Inc.	1250000.0	Kaplan Voekler Cunningham & Frank PLC	40000.0		44250000.0	
0001520138-19-000435	Tier1	Unaudited	Y	N	Y	Y	N	N	120000000	1650271	0.08	0.0	0.0	0.0	0.0	0.0																	
0001104659-19-061980	Tier2	Audited	Y	Y	N	Y	N	N	2603040	0	10.0	2603040.0	0.0	39044020.0	5324590.0	46971650.0									Manatt Phelps; Robbins Ross	1000.0							
0001214659-19-006986	Tier2	Audited	N	N	N	Y	N	N	50000	0	1000.0	50000000.0	0.0	0.0	0.0	50000000.0			TBD	3800000.0			Grennan Fender Hess & Poparad LLP	6500.0	Pino Nicholson PLLC	350000.0						42700000.0	Placement Agents' Commissions have been quantified but Placement Agents have not yet been appointed.
0001104659-19-061840	Tier2	Audited	Y	Y	N	Y	Y	N	5000000	0	10.0	20000000.0	0.0	0.0	0.0	20000000.0	Advisory Group Equity Services Ltd., d/b/a RHK Capital	1625000.0					BDO USA LLP and Moss Adams LLP	60000.0	Brownstein Hyatt Farber Schreck, LLP	150000.0					15427	18165000.0	
0001493152-19-016742	Tier2	Audited	Y	N	N	Y	N	N	4000000	70135036	2.5	10000000.0	0.0	0.0	0.0	10000000.0	StartEngine Primary LLC	700000.0					MaughanSullivan LLC	10000.0	CrowdCheck Law LLP (f/k/a KHLK LLP)	40000.0					291773	9250000.0	Underwriting fees estimate assumes the maximum amount of commissions payable to StartEngine Primary LLC for their services in this offering.
0000950123-19-010441	Tier2	Audited	Y	Y	N	Y	Y	N	5000000	550100	10.0	50000000.0	0.0	0.0	0.0	50000000.0			North Capital Private Securities	300000.0			Moore, Colson & Company, P.C.	35000.0	King & Spalding, LLP	400000.0					154559	50000000.0	Fee will not be charged to the Issuer and will be paid by Sponsor. As such the fees do not reduce net proceeds to the issuer.
0001104659-19-061759	Tier2	Audited	Y	N	N	Y	Y	N	1724138	0	5.8	10000000.0	0.0	0.0	0.0	10000000.0			SI Securities, LLC	850000.0			Artesian CPA	4000.0	CrowdCheck Law, LLP, O'Melveny & Myers LLP, Vintage	36000.0					170937	9110000.0	
0001683168-19-003500	Tier1	Unaudited	Y	N	Y	Y	N	N	2000000000	411424670	0.005	10000000.0	0.0	0.0	0.0	10000000.0									Steven Mills, Esq.	5000.0			Various	5000.0		9990000.0	
0001376474-19-000271	Tier1	Unaudited	Y	N	Y	Y	Y	N	2000000	200000	5.0	10000000.0	0.0	0.0	0.0	10000000.0	asking	50000.0	asking	1000000.0			asking	35000.0	asking	25000.0			asking	10000.0		8800000.0	Based on selling 2,000,000 shares at $5.00 each; minimum of 100,000 at $5.00 each estimated expenses on a proportional basis.
0001703429-19-000045	Tier2	Audited	Y	Y	N	Y	N	N	1000000000	333999673	0.005	5000000.0	0.0	0.0	0.0	5000000.0																	
0001683168-19-003490	Tier2	Audited	Y	N	N	Y	N	N	2000000	15784717	1.5	3000000.0	0.0	0.0	0.0	3000000.0									John E. Lux, Esq.	35000.0			Various	2500.0		2962600.0	
0001683168-19-003477	Tier2	Audited	Y	N	N	Y	N	N	2000000	15784717	1.5	3000000.0	0.0	0.0	0.0	3000000.0									John E. Lux, Esq.	35000.0			Various	2500.0		2962600.0	
0001104659-19-060731	Tier2	Audited	Y	Y	N	Y	Y	N	5000000	0	10.0	20000000.0	0.0	0.0	0.0	20000000.0	Advisory Group Equity Services Ltd., d/b/a RHK Capital	1625000.0					BDO USA LLP and Moss Adams LLP	60000.0	Brownstein Hyatt Farber Schreck, LLP	150000.0					15427	18165000.0	
0001104659-19-060455	Tier2	Audited	Y	N	N	Y	N	N	1700000	0	17.5	30000000.0	0.0	0.0	0.0	30000000.0			SI Securities, LLC	2550000.0			Artesian CPA	22000.0	CrowdCheck Law LLP, Manderson PC	34000.0					170937	27390000.0	
0001683168-19-003443	Tier2	Audited	Y	N	N	Y	N	N	5000000	0	10.0	50000000.0	0.0	0.0	0.0	50000000.0			TBD	5000000.0			dbbmckennon	17023.0	Law Offices of Kristin M. Cano	120000.0						44800000.0	
0001575705-19-000107	Tier1	Unaudited	Y	N	N	Y	N	Y	40000000	190382833	0.05	1500000.0	500000.0	0.0	0.0	2000000.0	N/A	0.0	N/A	0.0	N/A	0.0	N/A	0.0	Nason, Yeager, Gerson, Harris & Fumero, P.A.	20000.0	N/A	0.0	Nason, Yeager, Gerson, Harris & Fumero, P.A.	1550.0		1464450.0	Printing and miscellaneous expenses: $1,000, Accounting: $13,000
0001771443-19-000006	Tier1	Unaudited	Y	N	N	Y	N	N	1000000	5000000	20.0	20000000.0	0.0	0.0	0.0	20000000.0	TBD	1250000.0	N/A	0.0	N/A	0.0	N/A	0.0	Simmons Associates, Ltd.	750000.0	TBD	0.0	Simmons Associates, Ltd.	0.0		18000000.0	
0001771443-19-000004	Tier1	Unaudited	Y	N	N	Y	N	N	4000000	16000000	5.0	5.0	0.0	0.0	0.0	5.0	N/A	0.0	N/A	0.0	N/A	0.0	N/A	0.0	Simmons Associates	450000.0	N/A	0.0	Simmons Associates	75000.0	000000000	18500000.0	Minimum $5,000,000 Maximum $20,000,000
0001104659-19-059058	Tier2	Audited	Y	Y	N	Y	N	N	1263976	4696340	10.0	12639755.0	0.0	37360245.0	0.0	50000000.0							RSM US LLP	5000.0	Goodwin Procter LLP	40000.0						12594755.0	
0001104659-19-059073	Tier2	Audited	Y	N	N	Y	N	N	317530	0	10.0	317530.0	0.0	0.0	0.0	317530.0									Manatt, Phelps & Phillips, LLP	20000.0							"The response to ""Number of securities offered"" above represents the aggregate principal amount of LROs being offered by the issuer."
0001104659-19-059135	Tier2	Audited	Y	N	N	Y	N	N	10000000	1	5.0	50000000.0	0.0	0.0	0.0	50000000.0							PKF LLP	5200.0	CrowdCheck Law, LLC	50000.0			State Filing Fees	10000.0		46000000.0	
0001104659-19-059061	Tier2	Audited	Y	Y	N	Y	N	N	1286792	4739121	10.0	12867919.0	0.0	37132081.0	0.0	50000000.0							RSM US LLP	5000.0	Goodwin Procter LLP	40000.0						12822919.0	
0001725129-19-000006	Tier2	Audited	Y	Y	N	Y	Y	Y	180000000	217583948	0.1369	35000000.0	15000000.0	0.0	0.0	50000000.0							Rosen Kuslansky, CPA, PC	250000.0	Wilson Sonsini Goodrich & Rosati, PC	2000000.0							65,000 in fees to financial printer (Workiva)
0001766914-19-000009	Tier2	Audited	Y	N	N	Y	Y	N	1000000	0	5.0	5000000.0	0.0	0.0	0.0	5000000.0			Cuttone & Company, LLC	250000.0			Clark Schaefer Hackett	30000.0	Kendall A. Almerico, P.A.	130000.0					33038	4520000.0	
0001350455-19-000011	Tier2	Audited	Y	N	N	Y	N	N	1000000	1000000	50.0	50000000.0	0.0	0.0	0.0	50000000.0		0.0		0.0		0.0	Issuer Michael Gilmore is still seeking an auditor; forthcoming to the SEC.	2500.0	Lerman Law Associates, PC	5000.0		0.0		0.0		50000000.0	Michael Gilmore will issue 1,000,000 Class A Interests of which none have been sold, which leaves 1,000,000 outstanding for sell to the general public once qualified. Class B Interests will be sold After Offering. Issuer Gilmore is still seeking auditors.
0001213900-19-021648	Tier2	Audited	Y	N	N	Y	N	N	800000	0	25.0	20000000.0	0.0	0.0	0.0	20000000.0	n/a	0.0	Dalmore Group, LLC	200000.0	n/a	0.0	M&K CPAS, PLLC and Liggett &Webb, P.A	5000.0	Sichenzia Ross Ference LLP	100000.0	n/a	0.0	n/a	0.0	136352	17500000.0	Reflects gross proceeds (assuming sale of maximum offering amount) less estimated offering expenses, including expenses set forth above, and other expenses including marketing, online platform, transfer agent and escrow agent expenses.
0001213900-19-021621	Tier2	Audited	Y	N	N	Y	N	N	320000	0	25.0	8000000.0	0.0	0.0	0.0	8000000.0	Craft Capital Management LLC	680000.0					Sadler, Gibb & Associates, LLC	72000.0	Bevilacqua PLLC	75000.0			Bevilacqua PLLC	5000.0	171350	7149000.0	
0001078782-19-000803	Tier2	Audited	Y	N	Y	Y	N	Y	4900000	16103713	3.0	12000000.0	2700000.0	0.0	0.0	14700000.0							Boyle CPA LLC	20000.0	The Doney Law Firm	5000.0			Various	25000.0		11950000.0	
0001445866-19-001284	Tier2	Audited	Y	N	N	N	N	N	50000000	19995000	0.1	5000000.0	0.0	0.0	0.0	5000000.0							Pinnacle Accountancy Group of Utah	2000.0	JDT Legal PLLC	5000.0							
0001104659-19-057999	Tier2	Audited	Y	Y	N	Y	Y	N	7336560	2426552	5.0	36682800.0	0.0	0.0	0.0	36682800.0	North Capital Private Securities Corporation	220097.0					Squar Milner LLP	35000.0	Corporate Law Solutions, PC	90000.0			Corporate Law Solutions, PC	10000.0		36327703.0	
0001065949-19-000150	Tier2	Audited	Y	N	Y	Y	N	N	3351300			3.0	3.0	0.0	0.0	6.0																	
0001104659-19-057586	Tier2	Audited	Y	Y	N	Y	N	N	2819340	0	10.0	2819340.0	0.0	38044020.0	4144660.0	45008020.0									Manatt Phelps; Robbins Ross	1000.0							
0001104659-19-057477	Tier2	Audited	Y	Y	N	Y	Y	N	5000000	0	10.0	20000000.0	0.0	0.0	0.0	20000000.0	Advisory Group Equity Services Ltd., d/b/a RHK Capital	1625000.0					BDO USA LLP and Moss Adams LLP	60000.0	Brownstein Hyatt Farber Schreck, LLP	150000.0					15427	18165000.0	
0001731122-19-000640	Tier1	Unaudited	Y	N	N	Y	N	N	100000000	138109281	0.03	3000000.0	0.0	0.0	0.0	3000000.0									Andrew Coldicutt, Esq.	15000.0			Various States	3000.0		2970000.0	
0001775196-19-000014	Tier2	Audited	N	N	N	Y	N	N	100000000	4130000	0.2	20000000.0	0.0	0.0	0.0	20000000.0		0.0		0.0		0.0	Malone Bailey	3500.0	Clifford Hunt	4000.0		0.0	State Fees	7000.0			
0001646269-19-000013	Tier2	Audited	Y	N	N	Y	Y	N	650000	6508246	60.0	39000000.0	0.0	0.0	0.0	39000000.0			Cuttone & Co. LLC	2445000.0			Ernst & Young LLP	25000.0	Kendall A. Almerico, P.A.	50000.0					33038	36480000.0	
0001646269-19-000012	Tier2	Audited	Y	N	N	Y	Y	N	650000	6508246	60.0	39000000.0	0.0	0.0	0.0	39000000.0			Cuttone & Co. LLC	2445000.0			Ernst & Young LLP	25000.0	Kendall A. Almerico, P.A.	50000.0					33038	36480000.0	
0001104659-19-057158	Tier2	Audited	Y	Y	N	Y	N	N	5000000	500	10.0	50000000.0	0.0	0.0	0.0	50000000.0							RSM US LLP	15000.0	Goodwin Procter LLP	312500.0	Rise Companies Corp	0.0				49672500.0	
0001104659-19-057149	Tier2	Audited	Y	Y	N	Y	N	N	5000000	500	10.0	50000000.0	0.0	0.0	0.0	50000000.0							RSM US LLP	15000.0	Goodwin Procter LLP	312500.0	Rise Companies Corp	0.0				49672500.0	
0001104659-19-057143	Tier2	Audited	Y	Y	N	Y	N	N	5000000	500	10.0	50000000.0	0.0	0.0	0.0	50000000.0							RSM US LLP	15000.0	Goodwin Procter LLP	312500.0	Rise Companies Corp	0.0				49672500.0	
0001104659-19-057028	Tier2	Audited	Y	N	N	Y	N	N	33333333	0	0.3	10000000.0	0.0	0.0	0.0	10000000.0	n/a	710000.0					BF Borgers CPA PC	12000.0	CrowdCheck Law LLP	65000.0			n/a	3000.0	0	9210000.0	
0001646269-19-000011	Tier2	Audited	Y	N	N	Y	Y	N	650000	6508246	60.0	39000000.0	0.0	0.0	0.0	39000000.0			Cuttone & Co. LLC	2445000.0			Ernst & Young LLP	25000.0	Kendall A. Almerico, P.A.	50000.0					33038	36480000.0	
0001615774-19-013599	Tier1	Unaudited	Y	N	Y	Y	N	N	10000000000	385563721	0.005	10000000.0	0.0	0.0	0.0	10000000.0									Eilers Law Group, P.A.	10000.0							
0001646269-19-000010	Tier2	Audited	Y	N	N	Y	Y	N	650000	6508246	60.0	39000000.0	0.0	0.0	0.0	39000000.0			Cuttone & Co. LLC	2445000.0			Ernst & Young LLP	25000.0	Kendall A. Almerico, P.A.	50000.0					33038	36480000.0	
0001104659-19-056638	Tier2	Audited	Y	Y	N	Y	N	N	2505250	0	10.0	2505250.0	0.0	43669800.0	1639410.0	47814460.0									Manatt Phelps; Robbins Ross	1000.0							
0001477932-19-006034	Tier2	Audited	Y	N	N	Y	N	N	40000000	0	10000.0	40000000.0	0.0	0.0	0.0	40000000.0		0.0		0.0		0.0	Hall & Company Certified Public Accountants & Consultants, Inc.	0.0	Bryan R. Clark PC	0.0		0.0		0.0		39900000.0	
0001104659-19-056575	Tier2	Audited	Y	Y	N	Y	N	N	1639410	0	10.0	1639410.0	0.0	44515840.0	1366880.0	47522130.0									Manatt Phelps; Robbins Ross	1000.0							
0001104659-19-056558	Tier2	Audited	Y	N	N	Y	Y	N	1724138	0	5.8	10000000.0	0.0	0.0	0.0	10000000.0			SI Securities, LLC	850000.0			Artesian CPA	4000.0	CrowdCheck Law, LLP, O'Melveny & Myers LLP, Vintage	36000.0					170937	9110000.0	
0001213900-19-021142	Tier2	Audited	Y	N	N	Y	N	N	800000	0	25.0	20000000.0	0.0	0.0	0.0	20000000.0	n/a	0.0	Dalmore Group, LLC	200000.0	n/a	0.0	M&K CPAS, PLLC and Liggett &Webb, P.A	5000.0	Sichenzia Ross Ference LLP	100000.0	n/a	0.0	n/a	0.0	136352	17500000.0	Reflects gross proceeds (assuming sale of maximum offering amount) less estimated offering expenses, including expenses set forth above, and other expenses including marketing, online platform, transfer agent and escrow agent expenses.
0001766914-19-000008	Tier2	Audited	Y	N	N	Y	Y	N	1000000	0	5.0	5000000.0	0.0	0.0	0.0	5000000.0			Cuttone & Company, LLC	250000.0			Clark Schaefer Hackett	30000.0	Kendall A. Almerico, P.A.	130000.0					33038	4520000.0	
0001104659-19-056226	Tier2	Audited	Y	Y	N	Y	Y	N	4659804	343951	10.11	47110619.0	0.0	2889381.0	0.0	50000000.0							RSM US LLP	7000.0	Goodwin Procter LLP	40000.0	Tryperion Partners, LLC	0.0				47063619.0	
0001721469-19-000024	Tier2	Audited	Y	Y	N	Y	N	N	5000000	100	10.0	50000000.0	0.0	0.0	0.0	50000000.0							Kho & Patel	7000.0			RAD Management, LLC	585000.0				49080000.0	
0000950123-19-009686	Tier2	Audited	Y	Y	N	Y	Y	N	5000000	550100	10.0	50000000.0	0.0	0.0	0.0	50000000.0			North Capital Private Securities	300000.0			Moore, Colson & Company, P.C.	35000.0	King & Spalding, LLP	400000.0					154559	50000000.0	Fee will not be charged to the Issuer and will be paid by Sponsor. As such the fees do not reduce net proceeds to the issuer.
0001780914-19-000004	Tier2	Audited	Y	N	N	Y	Y	N	1000000	25895000	10.0	10000000.0	0.0	0.0	0.0	10000000.0							Artesian CPA LLC	19022.0	Kendall A. Almerico, P.A.	125000.0						9855978.0	
0001646269-19-000007	Tier2	Audited	Y	N	N	Y	Y	N	650000	6508246	60.0	39000000.0	0.0	0.0	0.0	39000000.0			Cuttone & Co. LLC	2445000.0			Ernst & Young LLP	25000.0	Kendall A. Almerico, P.A.	50000.0					33038	36480000.0	
0001104659-19-055496	Tier1	Unaudited	Y	N	N	Y	N	Y	80000000	49293162	0.25	16750000.0	3250000.0	0.0	0.0	20000000.0													Connecticut, Florida, Texas, Georgia, New York, California	0.0			
0001493152-19-015806	Tier2	Audited	N	N	Y	Y	N	N	10000000	24468355	1.0	10000000.0	0.0	0.0	0.0	10000000.0							M&K CPAS, PLLC	0.0	Austin Legal Group, APC	30000.0						10000000.0	
0001768126-19-000018	Tier2	Audited	Y	Y	N	Y	Y	N	29600	0	35.160000000000004	1040800.0	0.0	0.0	0.0	1040800.0							EisnerAmper LLP	0.0	Duane Morris LLP	0.0	Dalmore Group, LLC	10408.0			136352	1030392.0	
0001104659-19-055279	Tier2	Audited	Y	N	N	Y	N	N	10000000	1	5.0	50000000.0	0.0	0.0	0.0	50000000.0							PKF LLP	5200.0	CrowdCheck Law, LLC	50000.0			State Filing Fees	10000.0		46000000.0	
0001683168-19-003319	Tier1	Unaudited	Y	N	N	Y	N	N	2000000000	1659991381	0.0015	3000000.0	0.0	0.0	0.0	3000000.0									John Lux, Esq.	25000.0	various	275000.0				2700000.0	
0001683168-19-003317	Tier1	Unaudited	Y	Y	Y	Y	N	N	2500000	122046461	0.02	2500000.0	0.0	0.0	0.0	2500000.0									John Lux, Esq.	25000.0			various	2500.0		2500000.0	
0001721469-19-000021	Tier2	Audited	Y	Y	N	Y	N	N	5000000	100	10.0	50000000.0	0.0	0.0	0.0	50000000.0							Kho & Patel	7000.0			RAD Management, LLC	585000.0				49080000.0	
0001477932-19-005964	Tier2	Audited	N	N	N	Y	N	N	3000000	1000	10.0	30000000.0	0.0	0.0	0.0	30000000.0		0.0		0.0		0.0	Spiegel Accountancy	5000.0	Trowbridge Sidoti	50000.0		0.0		0.0		30000000.0	
0001469709-19-000159	Tier1	Unaudited	Y	N	N	Y	N	N	300000000	293476200	0.01	3000000.0	0.0	0.0	0.0	3000000.0									ANDREW COLDICUTT, ESQ.	15000.0			VARIOUS STATES	2500.0		2970000.0	
0001493152-19-015710	Tier2	Audited	Y	N	N	Y	Y	N	54450	0	20.0	1089000.0	0.0	0.0	0.0	1089000.0	SDDCO Brokerage Advisors LLC	13916.0	SDDCO Brokerage Advisors LLC	32670.0	N/A	0.0	N/A	0.0	Anthony L.G., PLLC	10000.0	N/A	0.0	N/A	5000.0	153563	1089000.0	Estimated Net Proceeds Calculation (above) of $ 1,089,000 does not include any offering fees as all fees in connection with the offering are to be paid by Masterworks Administrative Services, LLC.
0001104659-19-054708	Tier2	Audited	Y	N	N	Y	Y	N	5000000	100	10.0	50000000.0	0.0	0.0	0.0	50000000.0							Artesian CPA, LLC /Jason M. Tyra, CPA, PLLC	10100.0	CrowdCheck Law LLP (f/k/a KHLK LLP)	76000.0					154559	50750000.0	
0001104659-19-054694	Tier2	Audited	Y	Y	N	Y	N	N	2769438	2230562	10.0	27694380.0	0.0	0.0	0.0	27694380.0			North Capital Private Securities Corp. and Mogul Securities, LLC	332332.0			CohnReznick LLP	10000.0	Morris, Manning & Martin, LLP	250000.0	Realty Mogul Sponsor, LLC and Realty Mogul, Co.	0.0			154559	27434380.0	Sales commissions will not be paid by the issuer. As such, the sales commissions do not reduce net proceeds to the issuer.
0001775196-19-000011	Tier2	Audited	N	N	N	Y	N	N	100000000	4130000	0.2	20000000.0	0.0	0.0	0.0	20000000.0		0.0		0.0		0.0	Malone Bailey	3500.0	Clifford Hunt	4000.0		0.0	State Fees	7000.0			
0001683168-19-003270	Tier1	Unaudited	Y	N	N	Y	N	N	400000000	83455000	0.005	2000000.0	0.0	0.0	0.0	2000000.0									John E. Lux, Esq.	25000.0			Various states	2500.0		192500.0	
0001104659-19-054219	Tier1	Unaudited	Y	N	Y	Y	N	N	666666667	367292840	0.015000000000000001	10000000.0	0.0	0.0	0.0	10000000.0									Eilers Law Group, P.A.	12500.0							
0001078782-19-000774	Tier2	Audited	Y	N	N	Y	N	N	50000000	10000000	1.0	50000000.0	0.0	0.0	0.0	50000000.0							AJ Robbins CPA LLC	8000.0	Wilson Bradshaw & Cao LLP	10000.0							
0001104659-19-054169	Tier2	Audited	Y	N	N	N	N	N	1000000	0	50.0	50000000.0	0.0	0.0	0.0	50000000.0							Templeton & Company, LLP	10000.0	Law Office of James G Dodrill II, P.A.	55000.0						50000000.0	
0001104659-19-054148	Tier2	Audited	Y	Y	N	Y	N	N	2505250	0	10.0	2505250.0	0.0	43669800.0	1639410.0	47814460.0									Manatt Phelps; Robbins Ross	1000.0							
0001654954-19-011767	Tier2	Audited	Y	N	N	Y	N	N	1000000	0	10.0	10000000.0	0.0	0.0	0.0	10000000.0	Digital Offering LLC	730000.0					Liggett & Webb, P.A.	10000.0	Bevilacqua PLLC	60000.0			Bevilacqua PLLC	5000.0	166401	9185000.0	
0001766914-19-000006	Tier2	Audited	Y	N	N	Y	Y	N	1000000	0	5.0	5000000.0	0.0	0.0	0.0	5000000.0			Cuttone & Company, LLC	250000.0			Clark Schaefer Hackett	30000.0	Kendall A. Almerico, P.A.	130000.0					33038	4520000.0	
0001493152-19-015480	Tier2	Audited	N	N	Y	Y	N	N	10000000	24468355	1.0	10000000.0	0.0	0.0	0.0	10000000.0							M&K CPAS, PLLC	0.0	Austin Legal Group, APC	30000.0						10000000.0	
0001775196-19-000010	Tier2	Audited	N	N	N	Y	N	N	100000000	4130000	0.2	0.0	0.0	0.0	0.0	0.0		0.0		0.0		0.0	Malone Bailey LLP	3500.0	Clifford Hunt	4000.0		0.0	All States	7000.0			
0001214659-19-006471	Tier2	Audited	N	N	N	Y	N	N	50000	0	1000.0	50000000.0	0.0	0.0	0.0	50000000.0			TBD	4250000.0			Grennan Fender Hess & Poparad LLP	6500.0	Pino Nicholson PLLC	350000.0						42500000.0	Placement Agents' Commissions have been quantified but Placement Agents have not yet been appointed.
0001688804-19-000023	Tier2	Audited	Y	Y	N	Y	Y	N	5500	0	200.0	1100000.0	0.0	0.0	0.0	1100000.0							EisnerAmper LLP	0.0	Duane Morris LLP	0.0	Dalmore Group, LLC	10000.0			136352	1090000.0	
0001594062-19-000087	Tier2	Audited	Y	Y	N	Y	N	N	60000000	70000000	0.75	50000000.0	0.0	0.0	0.0	50000000.0		0.0	Dalmore Partners LLC	900000.0		0.0	McGovern Hurley LLP	20000.0	Greenberg Traurig LLP	160000.0		0.0	DALV Consulting LLC, Dalmore Partners LLC, FINRA fees	63000.0	136352	48857000.0	Offering consists of 40,000,000 Units at $0.75 per Unit, each unit comprised of one common share and one-half of one warrant for an additional 20,000,000 common shares. Blue Sky Compliance 30,000 to DALV, 25,000 to Dalmore & 8,000 FINRA
0001144204-19-048063	Tier2	Audited	Y	Y	N	Y	N	N	2052188	7563318	10.0	20521877.0	0.0	29478123.0	0.0	50000000.0							RSM US LLP	5000.0	Goodwin Procter LLP	40000.0						20476877.0	
0001144204-19-048061	Tier2	Audited	Y	Y	N	Y	Y	N	1781635	7843789	10.0	17816347.0	0.0	32183653.0	0.0	50000000.0							RSM US LLP	5000.0	Goodwin Procter LLP	40000.0						17771347.0	Minus expenses.
0001144204-19-048054	Tier2	Audited	Y	Y	N	Y	Y	N	1641125	7446115	10.91	17904678.0	0.0	32095322.0	0.0	50000000.0							RSM US LLP	5000.0	Goodwin Procter LLP	40000.0						17859678.0	Minus expenses.
0001213900-19-020167	Tier1	Audited	Y	N	N	Y	N	N	1500000	10174800	2.0	3000000.0	0.0	0.0	0.0	3000000.0	Industrial Alliance Securities	240000.0					Davidson & Company LLP	50000.0	Tollefsen Business Law PC	75000.0						2500000.0	Underwriters will also receive warrants to purchase 8% of the shares sold in this offering at C$2.00 per share.
0001761911-19-000016	Tier2	Audited	Y	N	N	Y	N	N	1000000	20407730	5.0	5000000.0	0.0	0.0	0.0	5000000.0							IndigoSpire CPA Group, LLC	16000.0	Global Quantitatives	65000.0						4900000.0	
0001213900-19-020142	Tier2	Audited	Y	N	N	Y	N	N	800000	0	25.0	20000000.0	0.0	0.0	0.0	20000000.0	n/a	0.0	Dalmore Group, LLC	200000.0	n/a	0.0	M&K CPAS, PLLC and Liggett &Webb, P.A	5000.0	Sichenzia Ross Ference LLP	100000.0	n/a	0.0	n/a	0.0	136352	17500000.0	Reflects gross proceeds (assuming sale of maximum offering amount) less estimated offering expenses, including expenses set forth above, and other expenses including marketing, online platform, transfer agent and escrow agent expenses.
0001683168-19-003223	Tier2	Audited	Y	Y	N	Y	N	N	5000000	0	10.0	50000000.0	0.0	0.0	0.0	50000000.0							Richey May & Co.	25000.0	Flaster/Greenberg P.C.	50000.0						49925000.0	
0001761911-19-000014	Tier2	Audited	Y	N	N	Y	N	N	1000000	20407730	5.0	5000000.0	0.0	0.0	0.0	5000000.0							IndigoSpire CPA Group, LLC	16000.0	Global Quantitatives	65000.0						4900000.0	
0001350455-19-000010	Tier2	Audited	Y	N	N	Y	N	N	1000000	1000000	50.0	50000000.0	0.0	0.0	0.0	50000000.0		0.0		0.0		0.0	Issuer Michael Gilmore is still seeking an auditor; forthcoming to the SEC.	2500.0	Lerman Law Associates, PC	5000.0		0.0		0.0		50000000.0	Michael Gilmore will issue 1,000,000 Class A Interests of which none have been sold, which leaves 1,000,000 outstanding for sell to the general public once qualified. Class B Interests will be sold After Offering. Issuer Gilmore is still seeking auditors.
0001493152-19-015257	Tier2	Audited	Y	N	Y	Y	N	N	150000000	177710821	0.05	7500000.0	0.0	0.0	0.0	7500000.0			Potential commissions	1200000.0			Fruci & Associates II, PLLC	2500.0	Disclosure Law Group, a professional corporation	20000.0						6277500.0	
0001477932-19-005773	Tier2	Audited	Y	N	N	Y	N	N	320000	0	25.0	8000000.0	0.0	0.0	0.0	8000000.0	Craft Capital Management LLC	680000.0		0.0		0.0	Sadler, Gibb & Associates, LLC	72000.0	Bevilacqua PLLC	75000.0		0.0	Bevilacqua PLLC	5000.0	171350	7149000.0	
0001144204-19-047619	Tier2	Audited	Y	Y	N	Y	N	N	1639410	0	10.0	1639410.0	0.0	44515840.0	1366880.0	47522130.0									Manatt Phelps; Robbins Ross	1000.0							
0001493152-19-015169	Tier2	Audited	Y	N	N	Y	Y	N	343175	0	20.0	6863500.0	0.0	0.0	0.0	6863500.0	SDDCO Brokerage Advisors LLC	61193.0	SDDCO Brokerage Advisors LLC	205905.0	N/A	0.0	Mayer Hoffman McCann, P.C	15000.0	Anthony L.G., PLLC	20000.0	N/A	0.0	Anthony L.G., PLLC	9500.0	153563	6863500.0	Estimated Net Proceeds Calculation (above) of $6,863,500.00 does not include any offering fees as all fees in connection with the offering are to be paid by Masterworks Administrative Services, LLC.
0001144204-19-047556	Tier2	Audited	Y	N	N	Y	N	N	10000000	1	5.0	50000000.0	0.0	0.0	0.0	50000000.0							PKF LLP	5200.0	CrowdCheck Law, LLC	50000.0			State Filing Fees	10000.0		46000000.0	
0001144204-19-047555	Tier2	Audited	Y	N	N	Y	N	N	317530	0	10.0	317530.0	0.0	0.0	0.0	317530.0									Manatt, Phelps & Phillips, LLP	20000.0							"The response to ""Number of securities offered"" above represents the aggregate principal amount of LROs being offered by the issuer."
0001477932-19-005745	Tier2	Audited	N	N	N	Y	N	N	50000	0	1000.0	50000000.0	0.0	0.0	0.0	50000000.0		0.0		0.0		0.0	IndigoSpire CPA Group	2500.0	Trowbridge Sidoti	50000.0	Ivan Oberon, Ryan Garland	0.0		0.0		50000000.0	
0001493152-19-015093	Tier2	Audited	Y	N	N	Y	Y	N	50000000	70000000	1.0	50000000.0	0.0	0.0	0.0	50000000.0							Ellsworth & Stout, LLC	36000.0	Olshan Frome Wolosky LLP	100000.0						49775000.0	Additional anticipated fees of $89,000 include marketing and advertising of the offering, media expenses, promotional expenses, EDGAR document conversion and filing, website posting and transfer and registrar.
0001768126-19-000014	Tier2	Audited	Y	Y	N	Y	Y	N	26100	0	33.3	619300.0	0.0	0.0	0.0	619300.0							EisnerAmper LLP	0.0	Duane Morris LLP	0.0	Dalmore Group, LLC	6193.0			136352	613107.0	
0001144204-19-047312	Tier2	Audited	Y	N	N	Y	Y	N	18867925	10377615	0.53	10000000.0	0.0	0.0	0.0	10000000.0			StartEngine Crowdfunding, Inc.	478773.0			dbbmckennon	30000.0	CrowdCheck Law LLP	20000.0					291773	9235685.0	The company previously paid $235,542 to SI Securities, LLC (CRD 170937) on gross receipts of $2,980,159
0001213900-19-019694	Tier2	Audited	Y	N	N	N	N	N	50000000	73139165	0.06	3000000.0	0.0	0.0	0.0	3000000.0	None	0.0	N/A	0.0	N/A	0.0	Fruci & Associates II, PLLC	1500.0	Magri Law, LLC	15000.0	N/A	0.0	N/A	0.0		2925000.0	
0001683168-19-003160	Tier2	Audited	Y	Y	N	Y	N	N	11132	6590		2550210.0	0.0	0.0	0.0	2550210.0							IndigoSpire CPA Group, LLC	0.0	Procopio, Cory, Hargreaves & Savitch, LLP	0.0						2550210.0	Estimated net proceeds do not reflect offering expenses because such expenses will be paid by the Manager
0001213900-19-019594	Tier1	Unaudited	N	N	Y	Y	N	N	1250000000	133143990	0.002	2500000.0	0.0	0.0	0.0	2500000.0									Carmel, Milazzo & DiChiara LLP	10250.0			Carmel, Milazzo & DiChiara LLP	0.0		2500000.0	
0001144204-19-047052	Tier2	Audited	Y	N	N	Y	Y	N	5000000	100	10.0	50000000.0	0.0	0.0	0.0	50000000.0							Artesian CPA, LLC /Jason M. Tyra, CPA, PLLC	10100.0	CrowdCheck Law LLP (f/k/a KHLK LLP)	76000.0					154559	50750000.0	
0001144204-19-047038	Tier1	Unaudited	Y	N	N	Y	N	Y	80000000	49293162	0.25	16750000.0	3250000.0	0.0	0.0	20000000.0													Connecticut, Florida, Texas, Georgia, New York, California	0.0			
0001721868-19-000466	Tier1	Unaudited	Y	N	N	Y	N	N	2000000000	723112467	0.0015	3000000.0	0.0	0.0	0.0	3000000.0							Jaribu W. Nelson, CPA	5000.0	BEVILACQUA PLLC	35000.0			BEVILACQUA PLLC	10000.0		4950000.0	
0001731122-19-000584	Tier2	Audited	Y	Y	N	Y	N	N	50000	12340	1000.0	37660000.0	0.0	12340000.0	0.0	50000000.0									Geraci LLP	10000.0						0.0	
0001520138-19-000353	Tier1	Audited	Y	Y	Y	Y	N	N	2307692308		0.0033	7500000.0	0.0	0.0	0.0	7500000.0									Eilers Law Group, P.A.	20000.0							
0001520138-19-000350	Tier1	Unaudited	Y	N	N	Y	N	N	120000000	1650271	0.08	0.0	0.0	0.0	0.0	0.0																	
0001477932-19-005636	Tier1	Unaudited	N	N	N	Y	N	N	7380000000	1694326640	0.0005	3600000.0	0.0	0.0	0.0	3600000.0		0.0		0.0		0.0		0.0		0.0		0.0		0.0		3600000.0	
0001144204-19-046607	Tier2	Audited	Y	Y	N	Y	N	N	5000000	500	10.0	50000000.0	0.0	0.0	0.0	50000000.0							RSM US LLP	15000.0	Goodwin Procter LLP	312500.0	Rise Companies Corp	0.0				49500000.0	
0001477932-19-005622	Tier2	Audited	Y	Y	N	Y	N	N	166667	0	300.0	50000000.0	0.0	0.0	0.0	50000000.0		0.0		0.0		0.0		0.0	Eilers Law Group, P.A.	15000.0		0.0	None	5000.0		49980000.0	
0001144204-19-046604	Tier2	Audited	Y	Y	N	Y	N	N	5000000	500	10.0	50000000.0	0.0	0.0	0.0	50000000.0							RSM US LLP	15000.0	Goodwin Procter LLP	312500.0	Rise Companies Corp	0.0				49500000.0	
0001721469-19-000017	Tier2	Audited	Y	Y	N	Y	N	N	5000000	100	10.0	50000000.0	0.0	0.0	0.0	50000000.0							Kho & Patel	7000.0			RAD Management, LLC	585000.0				49080000.0	
0001683168-19-003109	Tier2	Audited	Y	N	N	Y	N	N	600000000	526463860	0.0064	3840000.0	0.0	0.0	0.0	3840000.0									Business Legal Advisors, LLC	5000.0			Business Legal Advisors, LLC	2500.0		3832500.0	
