ACCESSION_NUMBER	SI_ID	ISSUEDSECURITIESTITLE
0001213900-19-026384	1	Community Capital Notes - 2% and $50 Minimum, Patient Capital Notes - 3.5% and $2,500 Minimum, and Risk Capital Notes - 5% and $50,000 Minimum
0001104659-19-072226	1	StreetShares Notes
0001477932-19-006788	1	Unsecured promissory notes
0001477932-19-006785	1	Unsecured promissory notes
0001681287-19-000004	1	Common Shares Class A
0001681287-19-000004	2	Common Shares Class B
0001213900-19-021453	1	Community Capital Note, Patient Capital Note, Risk Capital Note
0001104659-19-056921	1	StreetShares Notes
0001213900-19-020614	1	Class A Common and Corporate Notes
0001213900-19-020535	1	Common Units
0001393905-19-000286	1	Common Stock, $0.001 par value
