ACCESSION_NUMBER	INFO_ID	ISSUERNAME	CIK	JURISDICTIONORGANIZATION
0001213900-19-026384	1	TechSoup Global, A California 501(c)(3) Nonprofit Public Benefit Corporation	0001714680	CA
0001104659-19-072226	1	StreetShares, Inc.	0001607838	DE
0001477932-19-006788	1	CAPWEST INCOME LLC	0001683719	NV
0001477932-19-006785	1	CAPWEST INCOME LLC	0001683719	NV
0001681287-19-000004	1	Mobodexter Inc.	0001681287	DE
0001213900-19-021453	1	TechSoup Global, A California 501(c)(3) Nonprofit Public Benefit Corporation	0001714680	CA
0001104659-19-056921	1	StreetShares, Inc.	0001607838	DE
0001213900-19-020614	1	Legion Capital Corp	0001661166	FL
0001213900-19-020535	1	UC Asset -LP	0001723517	DE
0001393905-19-000286	1	NeoVolta Inc.	0001748137	NV
