ACCESSION_NUMBER	SIGN_ID	CIK	REGULATIONISSUERNAME1	REGULATIONISSUERNAME2	SIGNATUREBY	SIGNATURE_DATE	TITLE
0001683168-19-004033	1	0001157509	MC Endeavors, Inc.	MC Endeavors, Inc.	/s/ John Stippick	19-DEC-2019	Chairman, Principal Executive Officer
0001683168-19-003452	1	0001727535	GD Entertainment & Technology, Inc.	GD Entertainment & Technology, Inc.	Anil Idnani	05-NOV-2019	CEO
0001681287-19-000001	1	0001681287	Mobodexter Inc.	Mobodexter Inc.	Chandramouli Srinivasan	05-NOV-2019	President & Chief Executive Officer
0001213900-19-019356	1	0001658966	Fig Publishing, Inc.	Fig Publishing, Inc.	Justin Bailey	30-SEP-2019	Chief Executive Officer
