ACCESSION_NUMBER	SECURITY_ID	SECURITIESISSUERNAME	SECURITIESISSUERTITLE	SECURITIESISSUEDTOTALAMOUNT	SECURITIESPRINCIPALHOLDERAMT	SECURITIESISSUEDAGGREGATEAMT	AGGREGATECONSIDERATIONBASIS
0001683168-19-004103	1	Aqua Quest International, Inc.	Common Stock	1001500	0	510750	
0001213900-19-027274	1	GREEN STREAM HOLDINGS INC.	Common stock; Series B Preferred Stock	31760680	0	0	
0001213900-19-027270	1	20/20 GeneSystems, Inc.	Series B Preferred Stock	1471487	0	$5,194,349 ($3.53/share).	
0001104659-19-076460	1	Virtuoso Surgical, Inc.	Class A Preferred Stock	230000	0	$230,000. Price is $1.00/share.	
0001654954-19-014256	1	Red Oak Capital Fund IV, LLC	Limited Liability Company Interests	1	1	$100.00	At its formation, Red Oak Capital Fund IV, LLC issued one limited liability company interest to Red Oak Capital GP, LLC, its sole member for a cash contribution of $100.00.
0001104659-19-076200	1	Nico Echo Park, Benefit Corp.	Common Stock	100	100	1,000 ($10.00 per common share)	same as above
0001493152-19-019716	1	Wizard Entertainment, Inc.	Preferred Stock	5768956	0	$709,581.51 at $0.123 per share	
0001493152-19-019716	2	Wizard Entertainment, Inc.	Preferred Stock	5768956	0	$709,581.51 at $0.123 per share	
0001213900-19-026907	1	American Energy Partners, Inc.	Class A Common Stock	58000000	0	$271,550.00 (based on the issuance price as reported with OTC filings)	
0001493152-19-019647	1	Masterworks 005, LLC	Membership Interests	100	0	100% of the membership interests in Masterworks 005, LLC were issued to Masterworks Gallery, LLC in return for a capital contribution of $100	
0001663577-19-000429	1	LifeQuest World Corp.	Common Stock	77000000	0	7700	
0001493152-19-019550	1	MogulREIT II, Inc.	Common Stock	2230562	0	$100,000 (10,000 shares x $10 per share)	
0001493152-19-019552	1	MogulREIT I, LLC	Common shares	1430396	0	$14,303,960 (1,430,396 shares at $10.00 per common share)	
0001104659-19-074852	1	BRIX REIT, Inc.	Common Stock	15000	0	$75,000 at $5.00 per share	
0001104659-19-074538	1	GolfSuites 3, Inc.	Class B Common Shares	18000000	0	$180 (determined at $0.00001 per share)	
0001213900-19-026594	1	Direct Communication Solutions, Inc.	Common stock	490000	0	$5.00 based on a per share price of $.00001 (warrant exercise)	
0001213900-19-026594	3	Direct Communication Solutions, Inc.	Common stock	490000	0	$5.00 based on a per share price of $.00001 (warrant exercise)	
0001213900-19-026594	4	Direct Communication Solutions, Inc.	Common stock	490000	0	$5.00 based on a per share price of $.00001 (warrant exercise)	
0001213900-19-026594	2	Direct Communication Solutions, Inc.	Common stock	490000	0	$5.00 based on a per share price of $.00001 (warrant exercise)	
0001731122-19-000794	1	Grow Solutions Holdings, Inc	Common Stock	56485092	0	242886	
0001493152-19-019441	1	Clean Energy Technologies, Inc.	Convertible Promissory Notes Units, Common Stock & Warrants	174250000	0	$2,099,200 common stock and units. $366,000 received from Convertible Promissory Notes after OID.	
0001213900-19-026507	1	Direct Communication Solutions, Inc.	Common stock	490000	0	$5.00 based on a per share price of $.00001 (warrant exercise)	
0001213900-19-026507	2	Direct Communication Solutions, Inc.	Common stock	490000	0	$5.00 based on a per share price of $.00001 (warrant exercise)	
0001213900-19-026507	3	Direct Communication Solutions, Inc.	Common stock	490000	0	$5.00 based on a per share price of $.00001 (warrant exercise)	
0001213900-19-026507	4	Direct Communication Solutions, Inc.	Common stock	490000	0	$5.00 based on a per share price of $.00001 (warrant exercise)	
0001575705-19-000127	1	Stemsation International, Inc.	Common Stock	165566543	1000000	795202	$333
0001683168-19-004020	1	DNA Brands, Inc.	Convertible Note	50000	0	50000	
0001683168-19-004020	2	DNA Brands, Inc.	Convertible Note	50000	0	50000	
0001683168-19-004020	3	DNA Brands, Inc.	Convertible Note	50000	0	50000	
0001683168-19-004020	4	DNA Brands, Inc.	Convertible Note	50000	0	50000	
0001780914-19-000007	1	Golden Seed, Inc.	Class B Common Stock	1404750	0	$2,929,000.00  - Basis for computing - Approximately $2 per share average	
0001493152-19-019250	1	American International Holdings Corp.	Common Stock	20625000	1815000	$2,255,001.25 total. 18,400,000 shares valued at $0.10 per share; 100,000 shares valued at $1.00 per share; 1,665,000 shares valued at $1.25 per share; 100,000 shares valued at $1.50 per share; 100,000 shares valued at $1.65 per share; 250,000 shares issued for services.	$2,180,250 total. 50,000 shares valued at $0.10 per share; 100,000 shares valued at $1.00 per share; 1,665,000 shares valued at $1.25 per share.
0001493152-19-019250	2	American International Holdings Corp.	Common Stock	20625000	1815000	$2,255,001.25 total. 18,400,000 shares valued at $0.10 per share; 100,000 shares valued at $1.00 per share; 1,665,000 shares valued at $1.25 per share; 100,000 shares valued at $1.50 per share; 100,000 shares valued at $1.65 per share; 250,000 shares issued for services.	$2,180,250 total. 50,000 shares valued at $0.10 per share; 100,000 shares valued at $1.00 per share; 1,665,000 shares valued at $1.25 per share.
0001104659-19-072727	3	Groundfloor Finance Inc.	LROs	38097470	0	$38,097,470 were issued and sold pursuant to Offering Circular File No. 024-10753.	
0001104659-19-072727	2	Groundfloor Finance Inc.	LROs	38097470	0	$38,097,470 were issued and sold pursuant to Offering Circular File No. 024-10753.	
0001104659-19-072727	1	Groundfloor Finance Inc.	LROs	38097470	0	$38,097,470 were issued and sold pursuant to Offering Circular File No. 024-10753.	
0001213900-19-026172	2	Direct Communication Solutions, Inc.	Common stock	490000	0	$5.00 based on a per share price of $.00001 (warrant exercise)	
0001213900-19-026172	4	Direct Communication Solutions, Inc.	Common stock	490000	0	$5.00 based on a per share price of $.00001 (warrant exercise)	
0001213900-19-026172	3	Direct Communication Solutions, Inc.	Common stock	490000	0	$5.00 based on a per share price of $.00001 (warrant exercise)	
0001213900-19-026172	1	Direct Communication Solutions, Inc.	Common stock	490000	0	$5.00 based on a per share price of $.00001 (warrant exercise)	
0001437749-19-024430	1	Commonwealth Thoroughbreds LLC	Series A-1 Units	5000	5000	$5,000 capital contribution by Manager	Same
0001213900-19-026162	1	CloudCommerce, Inc.	Common Stock	216663730	0	$265,615 in convertible notes were converted to common stock	
0001654954-19-013899	1	Garo Kholamian	Clas A units	100	0	None	
0001683168-19-003955	1	Aqua Quest International, Inc.	Common Stock	1001500	0	510750	
0001104659-19-071967	1	Jet Token Inc.	Series CF Preferred Stock	18826385	0	$1,069,583.00 aggregate gross consideration was raised in connection with a Regulation CF offering in which 17,826,385 shares of Series CF Preferred Stock were sold for $0.06 per share. An additional 1,000,000 shares of Series CF Preferred Stock were issued to a third party service provider in exchange for marketing services provided to the company and valued at an aggregate amount of $60,000.	
0001104659-19-071967	2	Jet Token Inc.	Series CF Preferred Stock	18826385	0	$1,069,583.00 aggregate gross consideration was raised in connection with a Regulation CF offering in which 17,826,385 shares of Series CF Preferred Stock were sold for $0.06 per share. An additional 1,000,000 shares of Series CF Preferred Stock were issued to a third party service provider in exchange for marketing services provided to the company and valued at an aggregate amount of $60,000.	
0001493152-19-019034	1	Wizard Entertainment, Inc.	Preferred Stock	5768956	0	$709,581.51 at $0.123 per share	
0001213900-19-025894	1	GREEN STREAM HOLDINGS INC.	Common stock; Series B Preferred Stock	31494015	0	0	
0001213900-19-025873	1	American Energy Partners, Inc.	Class A Common Stock	58000000	0	$271,550.00 (based on the issuance price as reported with OTC filings)	
0001493152-19-019016	1	Masterworks 004, LLC	Membership Interests	100	0	100% of the membership interests in Masterworks 004, LLC were issued to Masterworks Gallery, LLC in return for a capital contribution of $100	
0001786960-19-000004	1	Quality Of Life Marketing Inc	Common	4000000	0	0.001 par value	
0001786960-19-000004	2	Quality Of Life Marketing Inc	Common	4000000	0	0.001 par value	
0001594062-19-000098	3	Flora Growth Corp.	Common stock	70000000	0	1400000	
0001594062-19-000098	2	Flora Growth Corp.	Common stock	70000000	0	1400000	
0001594062-19-000098	1	Flora Growth Corp.	Common stock	70000000	0	1400000	
0001104659-19-071461	1	School of Whales Commercial Real Estate Equity Fund, LLC	Class B Units	12500000	0	200	
0001477932-19-007027	1	Paradyme Equities, LLC	Class B Interests	1000	0	1000	
0001477932-19-007021	1	Elegance Spirits, Inc.	Common Stock	80000000	0	$201887 paid in cash.	
0001683168-19-003907	1	My Racehorse CA LLC	See Exhibit 15.1	17711	0	2501985	
0001104659-19-070290	1	Groundfloor Finance Inc.	Limited Recourse Obligations	38097470	0	$38,097,470 were issued and sold pursuant to Offering Circular File No. 024-10753.	
0001104659-19-070290	3	Groundfloor Finance Inc.	Limited Recourse Obligations	38097470	0	$38,097,470 were issued and sold pursuant to Offering Circular File No. 024-10753.	
0001104659-19-070290	2	Groundfloor Finance Inc.	Limited Recourse Obligations	38097470	0	$38,097,470 were issued and sold pursuant to Offering Circular File No. 024-10753.	
0001104659-19-070254	2	CaliberCos Inc.	Common Stock	839448	30619	1438148	55,941
0001104659-19-070254	1	CaliberCos Inc.	Common Stock	839448	30619	1438148	55,941
0001628279-19-000354	3	YouNow, Inc.	Tokens	201805781	0	Upon conversion of SAFTs and DPAs, pursuant to adviser grants for services, and pursuant to this offering.	
0001628279-19-000354	4	YouNow, Inc.	Tokens	201805781	0	Upon conversion of SAFTs and DPAs, pursuant to adviser grants for services, and pursuant to this offering.	
0001628279-19-000354	2	YouNow, Inc.	Tokens	201805781	0	Upon conversion of SAFTs and DPAs, pursuant to adviser grants for services, and pursuant to this offering.	
0001628279-19-000354	1	YouNow, Inc.	Tokens	201805781	0	Upon conversion of SAFTs and DPAs, pursuant to adviser grants for services, and pursuant to this offering.	
0001731122-19-000750	1	Grow Solutions Holdings, Inc	Common Stock	56485092	0	242886	
0001780914-19-000006	1	Golden Seed, Inc.	Class B Common Stock	895000	0	$1,780,000 - Basis for computing - $2 per share	
0001758533-19-000002	1	Evolution Development Group, Inc.	Class B Common Stock	200000	0	$250,000 at $1.25 per share	
0001683168-19-003872	1	AHP Servicing LLC	Common Stock	448	0	0	
0001104659-19-069308	1	Groundfloor Finance Inc.	LROs	38097470	0	$38,097,470 were issued and sold pursuant to Offering Circular File No. 024-10753.	
0001104659-19-069308	2	Groundfloor Finance Inc.	LROs	38097470	0	$38,097,470 were issued and sold pursuant to Offering Circular File No. 024-10753.	
0001104659-19-069308	3	Groundfloor Finance Inc.	LROs	38097470	0	$38,097,470 were issued and sold pursuant to Offering Circular File No. 024-10753.	
0001493152-19-018544	1	Masterworks 005, LLC	Membership Interests	100	0	100% of the membership interests in Masterworks 005, LLC were issued to Masterworks Gallery, LLC in return for a capital contribution of $100	
0001214659-19-007447	1	Alzamend Neuro, Inc.	Common Stock	11921072	0	$2,221,608 for 1,921,072 shares of Common Stock at $1.50 per share and 960,536 Warrants with an exercise price of $3.00 per share; $15,000,000 note receivable from a related party for 10,000,000 shares of Common Stock at $1.50 per share and 5,000,000 Warrants with an exercise price of $3.00 per share	
0001214659-19-007447	2	Alzamend Neuro, Inc.	Common Stock	11921072	0	$2,221,608 for 1,921,072 shares of Common Stock at $1.50 per share and 960,536 Warrants with an exercise price of $3.00 per share; $15,000,000 note receivable from a related party for 10,000,000 shares of Common Stock at $1.50 per share and 5,000,000 Warrants with an exercise price of $3.00 per share	
0001688804-19-000027	1	RSE Collection, LLC	Series #77LE1, a series of RSE Collection, LLC	2000	0	Aggregate amount: $77,700 Basis of Computing: 2000 LLC Interests at $38.85 per Interest	
0001213900-19-024864	1	REMSleep Holdings, Inc.	Common Stock	79467711	0	$2,428,938.00 based on (i) discount to the market price of the common stock pursuant to the terms of convertible notes with various lenders; (ii) fair market value of the common stock on date of issuance to officers and directors of the Company; and (iii) private sale to investors.	
0001078782-19-000879	1	iQSTEL Inc	Common Stock	1290920	0	0	
0001104659-19-067789	1	ERC Homebuilders 1, Inc.	Class B Common Stock	16000000	0	$160 (determined at $0.00001 per share)	
0001213900-19-024767	1	20/20 GeneSystems, Inc.	Series B Preferred Stock	1471487	0	$5,194,349 ($3.53/share).	
0001213900-19-024754	1	American Energy Partners, Inc.	Class A Common Stock	58000000	0	$271,550.00 (based on the issuance price as reported with OTC filings)	
0001493152-19-018437	1	Masterworks 004, LLC	Membership Interests	100	0	100% of the membership interests in Masterworks 004, LLC were issued to Masterworks Gallery, LLC in return for a capital contribution of $100	
0001683168-19-003825	1	Advance Green Energy, Inc.	Class A Common Stock, $0.0001 par value	66314100	0	663141	
0001104659-19-067325	2	Sagoon Inc.	Class C Common Stock	10437	0	$240,065 at $23 per share (not including stock issued to broker)	
0001104659-19-067325	1	Sagoon Inc.	Class C Common Stock	10437	0	$240,065 at $23 per share (not including stock issued to broker)	
0001683168-19-003812	1	Aqua Quest International, Inc.	Common Stock	1001500	0	510750	
0001019056-19-000657	1	Prometheum, Inc.	Common Stock and Ember Warrants	288480000	0	$3 million cash plus technology and services valued at $9 million.	
0001193125-19-299627	1	Jamestown Invest 1, LLC	Common Shares	550100	550100	$5,501,000 (10.00 per common share)	Same as above
0001683168-19-003810	1	Atomic Studios, Inc.	Common Stock	16605000	0	1661	
0001104659-19-066538	1	Future Labs V, Inc.	Promissory Notes	515000	0	515000	
0001594062-19-000095	3	Flora Growth Corp.	Common stock	70000000	0	1400000	
0001594062-19-000095	2	Flora Growth Corp.	Common stock	70000000	0	1400000	
0001594062-19-000095	1	Flora Growth Corp.	Common stock	70000000	0	1400000	
0001193125-19-297300	1	Jamestown Invest 1, LLC	Common Shares	550100	550100	$5,501,000 (10.00 per common share)	Same as above
0001683168-19-003772	1	AHP Servicing LLC	Common Stock	448	0	0	
0001213900-19-024225	1	CloudCommerce, Inc.	Common Stock	50130900	0	$118,616 in convertible notes were converted to common stock	
0001493152-19-018130	24	Vivos Inc.	Series B Convertible Preferred Stock	100000	100000	$50,000	$50,000
0001493152-19-018130	25	Vivos Inc.	Series B Convertible Preferred Stock	100000	100000	$50,000	$50,000
0001493152-19-018130	26	Vivos Inc.	Series B Convertible Preferred Stock	100000	100000	$50,000	$50,000
0001493152-19-018130	27	Vivos Inc.	Series B Convertible Preferred Stock	100000	100000	$50,000	$50,000
0001493152-19-018130	28	Vivos Inc.	Series B Convertible Preferred Stock	100000	100000	$50,000	$50,000
0001493152-19-018130	29	Vivos Inc.	Series B Convertible Preferred Stock	100000	100000	$50,000	$50,000
0001493152-19-018130	30	Vivos Inc.	Series B Convertible Preferred Stock	100000	100000	$50,000	$50,000
0001493152-19-018130	31	Vivos Inc.	Series B Convertible Preferred Stock	100000	100000	$50,000	$50,000
0001493152-19-018130	32	Vivos Inc.	Series B Convertible Preferred Stock	100000	100000	$50,000	$50,000
0001493152-19-018130	33	Vivos Inc.	Series B Convertible Preferred Stock	100000	100000	$50,000	$50,000
0001493152-19-018130	1	Vivos Inc.	Series B Convertible Preferred Stock	100000	100000	$50,000	$50,000
0001493152-19-018130	2	Vivos Inc.	Series B Convertible Preferred Stock	100000	100000	$50,000	$50,000
0001493152-19-018130	3	Vivos Inc.	Series B Convertible Preferred Stock	100000	100000	$50,000	$50,000
0001493152-19-018130	4	Vivos Inc.	Series B Convertible Preferred Stock	100000	100000	$50,000	$50,000
0001493152-19-018130	5	Vivos Inc.	Series B Convertible Preferred Stock	100000	100000	$50,000	$50,000
0001493152-19-018130	6	Vivos Inc.	Series B Convertible Preferred Stock	100000	100000	$50,000	$50,000
0001493152-19-018130	7	Vivos Inc.	Series B Convertible Preferred Stock	100000	100000	$50,000	$50,000
0001493152-19-018130	8	Vivos Inc.	Series B Convertible Preferred Stock	100000	100000	$50,000	$50,000
0001493152-19-018130	9	Vivos Inc.	Series B Convertible Preferred Stock	100000	100000	$50,000	$50,000
0001493152-19-018130	10	Vivos Inc.	Series B Convertible Preferred Stock	100000	100000	$50,000	$50,000
0001493152-19-018130	11	Vivos Inc.	Series B Convertible Preferred Stock	100000	100000	$50,000	$50,000
0001493152-19-018130	12	Vivos Inc.	Series B Convertible Preferred Stock	100000	100000	$50,000	$50,000
0001493152-19-018130	13	Vivos Inc.	Series B Convertible Preferred Stock	100000	100000	$50,000	$50,000
0001493152-19-018130	14	Vivos Inc.	Series B Convertible Preferred Stock	100000	100000	$50,000	$50,000
0001493152-19-018130	15	Vivos Inc.	Series B Convertible Preferred Stock	100000	100000	$50,000	$50,000
0001493152-19-018130	16	Vivos Inc.	Series B Convertible Preferred Stock	100000	100000	$50,000	$50,000
0001493152-19-018130	17	Vivos Inc.	Series B Convertible Preferred Stock	100000	100000	$50,000	$50,000
0001493152-19-018130	18	Vivos Inc.	Series B Convertible Preferred Stock	100000	100000	$50,000	$50,000
0001493152-19-018130	19	Vivos Inc.	Series B Convertible Preferred Stock	100000	100000	$50,000	$50,000
0001493152-19-018130	20	Vivos Inc.	Series B Convertible Preferred Stock	100000	100000	$50,000	$50,000
0001493152-19-018130	21	Vivos Inc.	Series B Convertible Preferred Stock	100000	100000	$50,000	$50,000
0001493152-19-018130	22	Vivos Inc.	Series B Convertible Preferred Stock	100000	100000	$50,000	$50,000
0001493152-19-018130	23	Vivos Inc.	Series B Convertible Preferred Stock	100000	100000	$50,000	$50,000
0001104659-19-065748	1	School of Whales Commercial Real Estate Equity Fund, LLC	Class B Units	12500000	0	200	
0001104659-19-065742	1	Groundfloor Finance Inc.	LROs	37496510	0	$37,496,510 were issued and sold pursuant to Offering Circular File No. 024-10753.	
0001104659-19-065742	2	Groundfloor Finance Inc.	LROs	37496510	0	$37,496,510 were issued and sold pursuant to Offering Circular File No. 024-10753.	
0001104659-19-065742	3	Groundfloor Finance Inc.	LROs	37496510	0	$37,496,510 were issued and sold pursuant to Offering Circular File No. 024-10753.	
0001654954-19-013198	1	Red Oak Capital Fund IV, LLC	Limited Liability Company Interests	1	1	$100.00	At its formation, Red Oak Capital Fund IV, LLC issued one limited liability company interest to Red Oak Capital GP, LLC, its sole member for a cash contribution of $100.00.
0001214659-19-007247	2	Tuscan Gardens Senior Living Fund, LLC	Preferred Multi-Class Units of Membership Interest	2410000	0	2410000	
0001214659-19-007247	1	Tuscan Gardens Senior Living Fund, LLC	Preferred Multi-Class Units of Membership Interest	2410000	0	2410000	
0001214659-19-007247	3	Tuscan Gardens Senior Living Fund, LLC	Preferred Multi-Class Units of Membership Interest	2410000	0	2410000	
0001213900-19-023652	1	Exxe Group Inc.	Common Stock	42440000	0	668,806	
0001754259-19-000004	1	American Condor Resources Corp.	Common Shares	155581	0	155581	
0001683168-19-003614	1	DNA Brands, Inc.	Convertible Note	50000	0	50000	
0001683168-19-003614	4	DNA Brands, Inc.	Convertible Note	50000	0	50000	
0001683168-19-003614	2	DNA Brands, Inc.	Convertible Note	50000	0	50000	
0001683168-19-003614	3	DNA Brands, Inc.	Convertible Note	50000	0	50000	
0001104659-19-063037	3	Groundfloor Finance Inc.	LROs	38699590	0	$38,699,590 were issued and sold pursuant to Offering Circular File No. 024-10753.	
0001104659-19-063037	2	Groundfloor Finance Inc.	LROs	38699590	0	$38,699,590 were issued and sold pursuant to Offering Circular File No. 024-10753.	
0001104659-19-063037	1	Groundfloor Finance Inc.	LROs	38699590	0	$38,699,590 were issued and sold pursuant to Offering Circular File No. 024-10753.	
0001780914-19-000005	1	Golden Seed, Inc.	Class B Common Stock	895000	0	$1,780,000 - Basis for computing - $2 per share	
0001213900-19-022963	1	20/20 GeneSystems, Inc.	Series B Preferred Stock	1471487	0	$5,194,349 ($3.53/share).	
0001654954-19-012689	1	Garo Kholamian	Clas A units	100	0	None	
0001104659-19-061980	3	Groundfloor Finance Inc.	LROs	39044020	0	$98,044,020 were issued and sold pursuant to Offering Circular File No. 024-10753.	
0001104659-19-061980	2	Groundfloor Finance Inc.	LROs	39044020	0	$98,044,020 were issued and sold pursuant to Offering Circular File No. 024-10753.	
0001104659-19-061980	1	Groundfloor Finance Inc.	LROs	39044020	0	$98,044,020 were issued and sold pursuant to Offering Circular File No. 024-10753.	
0001214659-19-006986	3	Tuscan Gardens Senior Living Fund, LLC	Preferred Multi-Class Units of Membership Interest	2410000	0	2410000	
0001214659-19-006986	1	Tuscan Gardens Senior Living Fund, LLC	Preferred Multi-Class Units of Membership Interest	2410000	0	2410000	
0001214659-19-006986	2	Tuscan Gardens Senior Living Fund, LLC	Preferred Multi-Class Units of Membership Interest	2410000	0	2410000	
0001104659-19-061840	1	Real Goods Solar, Inc.	Class A common stock; warrant exercisable for Class A common stock	25123401	0	$3,283,650 for the shares of Class A common stock; $100 for the warrant exercisable for Class A common stock	
0001493152-19-016742	1	Wizard Entertainment, Inc.	Preferred Stock	5768956	0	$709,581.51 at $0.123 per share	
0000950123-19-010441	1	Jamestown Invest 1, LLC	Common Shares	550100	550100	$5,501,000 (10.00 per common share)	Same as above
0001104659-19-061759	1	Future Labs V, Inc.	Promissory Notes	515000	0	515000	
0001376474-19-000271	2	Northridge Corporation	Class A common stock - Voting	120000	0	$195,000 - cost, actual and arbitrary	
0001376474-19-000271	1	Northridge Corporation	Class A common stock - Voting	120000	0	$195,000 - cost, actual and arbitrary	
0001683168-19-003490	1	Aqua Quest International, Inc.	Common Stock	1001500	0	510750	
0001683168-19-003477	1	Aqua Quest International, Inc.	Common Stock	1001500	0	510750	
0001104659-19-060731	1	Real Goods Solar, Inc.	Class A common stock; warrant exercisable for Class A common stock	25123401	0	$3,283,650 for the shares of Class A common stock; $100 for the warrant exercisable for Class A common stock	
0001683168-19-003443	1	American Diversified Energy LLC	Convertible Promissory Notes	419250	0	0	
0001575705-19-000107	1	Stemsation International, Inc.	Common Stock	165566543	1000000	795202	$333
0001725129-19-000006	4	YouNow, Inc.	Tokens	200174247	0	Upon conversion of SAFTs and DPAs, pursuant to adviser grants for services, and pursuant to this offering.	
0001725129-19-000006	2	YouNow, Inc.	Tokens	200174247	0	Upon conversion of SAFTs and DPAs, pursuant to adviser grants for services, and pursuant to this offering.	
0001725129-19-000006	3	YouNow, Inc.	Tokens	200174247	0	Upon conversion of SAFTs and DPAs, pursuant to adviser grants for services, and pursuant to this offering.	
0001725129-19-000006	1	YouNow, Inc.	Tokens	200174247	0	Upon conversion of SAFTs and DPAs, pursuant to adviser grants for services, and pursuant to this offering.	
0001213900-19-021648	1	CloudCommerce, Inc.	Common Stock	42599650	0	$112,116 in convertible notes were converted to common stock	
0001213900-19-021621	1	1847 Holdings LLC, jointly and severally with 1847 Goedeker Holdco Inc. and 1847 Goedeker Inc.	Promissory Note - $714,285.71; Warrant for 200,000 common shares of issuer; 150 common shares of 1847 Goedeker; and 50,000 common shares of issuer	714286	0	$650,000	
0001078782-19-000803	1	iQSTEL Inc	Common Stock	1101114	0	0	
0001104659-19-057999	1	BRIX REIT, Inc.	Common Stock	15000	0	$75,000 at $5.00 per share	
0001065949-19-000150	1	Nocera, Inc.	Common	10005000	0	1,956,479	
0001104659-19-057586	1	Groundfloor Finance Inc.	LROs	38044020	0	$38,044,020 were issued and sold pursuant to Offering Circular File No. 024-10753.	
0001104659-19-057586	2	Groundfloor Finance Inc.	LROs	38044020	0	$38,044,020 were issued and sold pursuant to Offering Circular File No. 024-10753.	
0001104659-19-057586	3	Groundfloor Finance Inc.	LROs	38044020	0	$38,044,020 were issued and sold pursuant to Offering Circular File No. 024-10753.	
0001104659-19-057477	1	Real Goods Solar, Inc.	Class A common stock; warrant exercisable for Class A common stock	25123401	0	$3,283,650 for the shares of Class A common stock; $100 for the warrant exercisable for Class A common stock	
0001731122-19-000640	1	Grow Solutions Holdings, Inc	Common Stock	56485092	0	242886	
0001104659-19-057158	1	Fundrise Balanced eREIT, LLC	Common Shares	500	500	$5,000 ($10.00 per common share)	Same as above
0001104659-19-057149	1	Fundrise Income eREIT VI, LLC	Common Shares	500	500	$5,000 ($10.00 per common share)	Same as above
0001104659-19-057143	1	Fundrise Growth eREIT VI, LLC	Common Shares	500	500	$5,000 ($10.00 per common share)	Same as above
0001104659-19-057028	1	Jet Token Inc.	Series CF Preferred Stock	18826385	0	$1,069,583.00 aggregate gross consideration was raised in connection with a Regulation CF offering in which 17,826,385 shares of Series CF Preferred Stock were sold for $0.06 per share. An additional 1,000,000 shares of Series CF Preferred Stock were issued to a third party service provider in exchange for marketing services provided to the company and valued at an aggregate amount of $60,000.	
0001104659-19-057028	2	Jet Token Inc.	Series CF Preferred Stock	18826385	0	$1,069,583.00 aggregate gross consideration was raised in connection with a Regulation CF offering in which 17,826,385 shares of Series CF Preferred Stock were sold for $0.06 per share. An additional 1,000,000 shares of Series CF Preferred Stock were issued to a third party service provider in exchange for marketing services provided to the company and valued at an aggregate amount of $60,000.	
0001615774-19-013599	1	Gentech Holdings, Inc.	Common	1224876054	0	71267.46	
0001104659-19-056638	1	Groundfloor Finance Inc.	LROs	43669800	0	$43,669,800 were issued and sold pursuant to Offering Circular File No. 024-10753.	
0001104659-19-056638	3	Groundfloor Finance Inc.	LROs	43669800	0	$43,669,800 were issued and sold pursuant to Offering Circular File No. 024-10753.	
0001104659-19-056638	2	Groundfloor Finance Inc.	LROs	43669800	0	$43,669,800 were issued and sold pursuant to Offering Circular File No. 024-10753.	
0001477932-19-006034	1	Kula Ventures Ltd.	Common Shares	1200000	0	$ 60,000.00; 1.2 million shares at $0.05 per share.	
0001104659-19-056575	2	Groundfloor Finance Inc.	LROs	44515840	0	$44,515,850 were issued and sold pursuant to Offering Circular File No. 024-10753.	
0001104659-19-056575	1	Groundfloor Finance Inc.	LROs	44515840	0	$44,515,850 were issued and sold pursuant to Offering Circular File No. 024-10753.	
0001104659-19-056575	3	Groundfloor Finance Inc.	LROs	44515840	0	$44,515,850 were issued and sold pursuant to Offering Circular File No. 024-10753.	
0001104659-19-056558	1	Future Labs V, Inc.	Promissory Notes	515000	0	515000	
0001213900-19-021142	1	CloudCommerce, Inc.	Common Stock	34890905	0	$100,416 in convertible notes were converted to common stock	
0001104659-19-056226	1	1st stREIT Office Inc.	Common Stock	7500	7500	$75000 ($10 per share of common stock)	Same as above
0001721469-19-000024	1	RAD DIVERSIFIED REIT, INC.	COMMON STOCK	100	0	$10 PER SHARE x 100 SHARES = $1,000	
0000950123-19-009686	1	Jamestown Invest 1, LLC	Common Shares	550100	550100	$5,501,000 (10.00 per common share)	Same as above
0001780914-19-000004	1	Golden Seed, Inc.	Class B Common Stock	895000	0	$1,780,000 - Basis for computing - $2 per share	
0001104659-19-055496	1	OrgHarvest, Inc.	Common Stock	860	525000	$0.001 per share	0
0001493152-19-015806	1	American International Holdings Corp.	Common Stock	18400000	0	18,000,000 shares issued for acquisition of Novopelle Diamond, LLC, valued at $0.10 per share; 250,000 shares issued in connection with an exclusive license agreement with Novo MedSpa Addison Corp., valued at $0.10 per share; 100,000 sold to an investor for $10,000; and 50,000 to an investor for lending $40,000 to the issuer.	Everett Bassie exchanged 650,000 shares of common stock for a $42,500 note; Charles Zeller exchanged 400,000 shares of common stock for a $25,000 note; Daniel Dror exchanged 4,200,000 shares of common stock for a $240,000 note; Winfred Fields exchanged 650,000 shares of common stock for a $42,500 note.
0001493152-19-015806	2	American International Holdings Corp.	Common Stock	18400000	0	18,000,000 shares issued for acquisition of Novopelle Diamond, LLC, valued at $0.10 per share; 250,000 shares issued in connection with an exclusive license agreement with Novo MedSpa Addison Corp., valued at $0.10 per share; 100,000 sold to an investor for $10,000; and 50,000 to an investor for lending $40,000 to the issuer.	Everett Bassie exchanged 650,000 shares of common stock for a $42,500 note; Charles Zeller exchanged 400,000 shares of common stock for a $25,000 note; Daniel Dror exchanged 4,200,000 shares of common stock for a $240,000 note; Winfred Fields exchanged 650,000 shares of common stock for a $42,500 note.
0001683168-19-003317	2	DNA Brands, Inc.	Convertible Note	50000	0	50000	
0001683168-19-003317	4	DNA Brands, Inc.	Convertible Note	50000	0	50000	
0001683168-19-003317	3	DNA Brands, Inc.	Convertible Note	50000	0	50000	
0001683168-19-003317	1	DNA Brands, Inc.	Convertible Note	50000	0	50000	
0001721469-19-000021	1	RAD DIVERSIFIED REIT, INC.	COMMON STOCK	100	0	$10 PER SHARE x 100 SHARES = $1,000	
0001469709-19-000159	1	NO BORDERS, INC.	COMMON STOCK	10300000	0	164,585	
0001493152-19-015710	1	Masterworks 004, LLC	Membership Interests	100	0	100% of the membership interests in Masterworks 004, LLC were issued to Masterworks Gallery, LLC in return for a capital contribution of $100	
0001104659-19-054708	1	REITless Impact Income Strategies LLC	Common Shares	50000	0	$500,000 (50,000 shares at $10.00 per common share)	
0001104659-19-054694	1	MogulREIT II, Inc.	Common Stock	2230562	0	$100,000 (10,000 shares x $10 per share)	
0001683168-19-003270	1	CBD Life Sciences, Inc.	Common Stock, $0.001 par value	1458088	0	550146	
0001104659-19-054169	1	School of Whales Commercial Real Estate Equity Fund, LLC	Class B Units	12500000	0	200	
0001104659-19-054148	2	Groundfloor Finance Inc.	LROs	43669800	0	$43,669,800 were issued and sold pursuant to Offering Circular File No. 024-10753.	
0001104659-19-054148	3	Groundfloor Finance Inc.	LROs	43669800	0	$43,669,800 were issued and sold pursuant to Offering Circular File No. 024-10753.	
0001104659-19-054148	1	Groundfloor Finance Inc.	LROs	43669800	0	$43,669,800 were issued and sold pursuant to Offering Circular File No. 024-10753.	
0001654954-19-011767	2	Manufactured Housing Properties Inc.	Series A Cumulative Convertible Preferred Stock	570000	0	1425000	
0001654954-19-011767	1	Manufactured Housing Properties Inc.	Series A Cumulative Convertible Preferred Stock	570000	0	1425000	
0001493152-19-015480	2	American International Holdings Corp.	Common Stock	18400000	0	18,000,000 shares issued for acquisition of Novopelle Diamond, LLC, valued at $0.10 per share; 250,000 shares issued in connection with an exclusive license agreement with Novo MedSpa Addison Corp., valued at $0.10 per share; 100,000 sold to an investor for $10,000; and 50,000 to an investor for lending $40,000 to the issuer.	Everett Bassie exchanged 650,000 shares of common stock for a $42,500 note; Charles Zeller exchanged 400,000 shares of common stock for a $25,000 note; Daniel Dror exchanged 4,200,000 shares of common stock for a $240,000 note; Winfred Fields exchanged 650,000 shares of common stock for a $42,500 note.
0001493152-19-015480	1	American International Holdings Corp.	Common Stock	18400000	0	18,000,000 shares issued for acquisition of Novopelle Diamond, LLC, valued at $0.10 per share; 250,000 shares issued in connection with an exclusive license agreement with Novo MedSpa Addison Corp., valued at $0.10 per share; 100,000 sold to an investor for $10,000; and 50,000 to an investor for lending $40,000 to the issuer.	Everett Bassie exchanged 650,000 shares of common stock for a $42,500 note; Charles Zeller exchanged 400,000 shares of common stock for a $25,000 note; Daniel Dror exchanged 4,200,000 shares of common stock for a $240,000 note; Winfred Fields exchanged 650,000 shares of common stock for a $42,500 note.
0001214659-19-006471	1	Tuscan Gardens Senior Living Fund, LLC	Preferred Multi-Class Units of Membership Interest	2410000	0	2410000	
0001214659-19-006471	3	Tuscan Gardens Senior Living Fund, LLC	Preferred Multi-Class Units of Membership Interest	2410000	0	2410000	
0001214659-19-006471	2	Tuscan Gardens Senior Living Fund, LLC	Preferred Multi-Class Units of Membership Interest	2410000	0	2410000	
0001688804-19-000023	1	RSE Collection, LLC	Series #77LE1, a series of RSE Collection, LLC	2000	0	Aggregate amount: $77,700 Basis of Computing: 2000 LLC Interests at $38.85 per Interest	
0001594062-19-000087	2	Flora Growth Corp.	Common stock	70000000	0	1400000	
0001594062-19-000087	3	Flora Growth Corp.	Common stock	70000000	0	1400000	
0001594062-19-000087	1	Flora Growth Corp.	Common stock	70000000	0	1400000	
0001213900-19-020167	2	Direct Communication Solutions, Inc.	Common stock	490000	0	$5.00 based on a per share price of $.00001 (warrant exercise)	
0001213900-19-020167	3	Direct Communication Solutions, Inc.	Common stock	490000	0	$5.00 based on a per share price of $.00001 (warrant exercise)	
0001213900-19-020167	1	Direct Communication Solutions, Inc.	Common stock	490000	0	$5.00 based on a per share price of $.00001 (warrant exercise)	
0001761911-19-000016	1	Nowigence Inc	Class B Common	37827270	0	The Founders' Class B stock was issued for an aggregate amount of $102,000 which represents $0.002 per share.	
0001761911-19-000016	2	Nowigence Inc	Class B Common	37827270	0	The Founders' Class B stock was issued for an aggregate amount of $102,000 which represents $0.002 per share.	
0001213900-19-020142	1	CloudCommerce, Inc.	Common Stock	34890905	0	$100,416 in convertible notes were converted to common stock	
0001683168-19-003223	1	AHP Servicing LLC	Common Stock	448	0	0	
0001761911-19-000014	1	Nowigence Inc	Class B Common	37827270	0	The Founders' Class B stock was issued for an aggregate amount of $102,000 which represents $0.002 per share.	
0001761911-19-000014	2	Nowigence Inc	Class B Common	37827270	0	The Founders' Class B stock was issued for an aggregate amount of $102,000 which represents $0.002 per share.	
0001493152-19-015257	33	Vivos Inc.	Series B Convertible Preferred Stock	100000	100000	$50,000	$50,000
0001493152-19-015257	31	Vivos Inc.	Series B Convertible Preferred Stock	100000	100000	$50,000	$50,000
0001493152-19-015257	32	Vivos Inc.	Series B Convertible Preferred Stock	100000	100000	$50,000	$50,000
0001493152-19-015257	1	Vivos Inc.	Series B Convertible Preferred Stock	100000	100000	$50,000	$50,000
0001493152-19-015257	2	Vivos Inc.	Series B Convertible Preferred Stock	100000	100000	$50,000	$50,000
0001493152-19-015257	3	Vivos Inc.	Series B Convertible Preferred Stock	100000	100000	$50,000	$50,000
0001493152-19-015257	4	Vivos Inc.	Series B Convertible Preferred Stock	100000	100000	$50,000	$50,000
0001493152-19-015257	5	Vivos Inc.	Series B Convertible Preferred Stock	100000	100000	$50,000	$50,000
0001493152-19-015257	6	Vivos Inc.	Series B Convertible Preferred Stock	100000	100000	$50,000	$50,000
0001493152-19-015257	7	Vivos Inc.	Series B Convertible Preferred Stock	100000	100000	$50,000	$50,000
0001493152-19-015257	8	Vivos Inc.	Series B Convertible Preferred Stock	100000	100000	$50,000	$50,000
0001493152-19-015257	9	Vivos Inc.	Series B Convertible Preferred Stock	100000	100000	$50,000	$50,000
0001493152-19-015257	10	Vivos Inc.	Series B Convertible Preferred Stock	100000	100000	$50,000	$50,000
0001493152-19-015257	11	Vivos Inc.	Series B Convertible Preferred Stock	100000	100000	$50,000	$50,000
0001493152-19-015257	12	Vivos Inc.	Series B Convertible Preferred Stock	100000	100000	$50,000	$50,000
0001493152-19-015257	13	Vivos Inc.	Series B Convertible Preferred Stock	100000	100000	$50,000	$50,000
0001493152-19-015257	14	Vivos Inc.	Series B Convertible Preferred Stock	100000	100000	$50,000	$50,000
0001493152-19-015257	15	Vivos Inc.	Series B Convertible Preferred Stock	100000	100000	$50,000	$50,000
0001493152-19-015257	16	Vivos Inc.	Series B Convertible Preferred Stock	100000	100000	$50,000	$50,000
0001493152-19-015257	17	Vivos Inc.	Series B Convertible Preferred Stock	100000	100000	$50,000	$50,000
0001493152-19-015257	18	Vivos Inc.	Series B Convertible Preferred Stock	100000	100000	$50,000	$50,000
0001493152-19-015257	19	Vivos Inc.	Series B Convertible Preferred Stock	100000	100000	$50,000	$50,000
0001493152-19-015257	20	Vivos Inc.	Series B Convertible Preferred Stock	100000	100000	$50,000	$50,000
0001493152-19-015257	21	Vivos Inc.	Series B Convertible Preferred Stock	100000	100000	$50,000	$50,000
0001493152-19-015257	22	Vivos Inc.	Series B Convertible Preferred Stock	100000	100000	$50,000	$50,000
0001493152-19-015257	23	Vivos Inc.	Series B Convertible Preferred Stock	100000	100000	$50,000	$50,000
0001493152-19-015257	24	Vivos Inc.	Series B Convertible Preferred Stock	100000	100000	$50,000	$50,000
0001493152-19-015257	25	Vivos Inc.	Series B Convertible Preferred Stock	100000	100000	$50,000	$50,000
0001493152-19-015257	26	Vivos Inc.	Series B Convertible Preferred Stock	100000	100000	$50,000	$50,000
0001493152-19-015257	27	Vivos Inc.	Series B Convertible Preferred Stock	100000	100000	$50,000	$50,000
0001493152-19-015257	28	Vivos Inc.	Series B Convertible Preferred Stock	100000	100000	$50,000	$50,000
0001493152-19-015257	29	Vivos Inc.	Series B Convertible Preferred Stock	100000	100000	$50,000	$50,000
0001493152-19-015257	30	Vivos Inc.	Series B Convertible Preferred Stock	100000	100000	$50,000	$50,000
0001477932-19-005773	1	1847 Holdings LLC, jointly and severally with 1847 Goedeker Holdco Inc. and 1847 Goedeker Inc.	Promissory Note - $714,285.71; Warrant for 200,000 common shares of issuer; 150 common shares of 1847 Goedeker; and 50,000 common shares of issuer	714286	0	$650,000	
0001144204-19-047619	3	Groundfloor Finance Inc.	LROs	44515840	0	$44,515,850 were issued and sold pursuant to Offering Circular File No. 024-10753.	
0001144204-19-047619	1	Groundfloor Finance Inc.	LROs	44515840	0	$44,515,850 were issued and sold pursuant to Offering Circular File No. 024-10753.	
0001144204-19-047619	2	Groundfloor Finance Inc.	LROs	44515840	0	$44,515,850 were issued and sold pursuant to Offering Circular File No. 024-10753.	
0001493152-19-015169	1	Masterworks 002, LLC	Membership Interests	100	0	100% of the membership interests in Masterworks 002, LLC were issued to Masterworks Gallery, LLC in return for a capital contribution of $100	
0001477932-19-005745	1	Paradyme Equities, LLC	Class B Interests	1000	0	1000	
0001493152-19-015093	1	Mystic Holdings, Inc.	Convertible Debentures	15000000	0	$6200000 in cash proceeds	
0001144204-19-047312	2	Denim.LA, Inc.	Series A-2 Preferred Stock	5932742	0	$2,966,371, at $0.50 per share which was based on a pre-money valuation of $30,214,597 and 58,429,194 outstanding shares.	
0001144204-19-047312	1	Denim.LA, Inc.	Series A-2 Preferred Stock	5932742	0	$2,966,371, at $0.50 per share which was based on a pre-money valuation of $30,214,597 and 58,429,194 outstanding shares.	
0001213900-19-019694	1	REMSleep Holdings, Inc.	Common Stock	68873271	0	$2,428,938.00 based on (i) discount to the market price of the common stock pursuant to the terms of convertible notes with various lenders; (ii) fair market value of the common stock on date of issuance to officers and directors of the Company; and (iii) private sale to investors.	
0001683168-19-003160	1	My Racehorse CA LLC	See Exhibit 15.1	4647	0	1129490	
0001213900-19-019594	1	American Energy Partners, Inc.	Class A Common Stock	36000000	0	$408,250.00 (based on the issuance price average)	
0001144204-19-047052	1	REITless Impact Income Strategies LLC	Common Shares	50000	0	$500,000 (50,000 shares at $10.00 per common share)	
0001144204-19-047038	1	OrgHarvest, Inc.	Common Stock	860	525000	$0.001 per share	0
0001721868-19-000466	2	Greene Concepts, Inc.	Common Stock	153400066	0	0	
0001721868-19-000466	1	Greene Concepts, Inc.	Common Stock	153400066	0	0	
0001520138-19-000353	1	Tiger Reef, Inc.	Common	648679099	0	1054103	
0001477932-19-005636	1	BRK, Inc.	Common stock	879864264	0	$416,820	
0001144204-19-046607	1	Fundrise Growth eREIT V, LLC	Common Shares	500	500	$5,000 ($10.00 per common share)	Same as above
0001144204-19-046604	1	Fundrise Income eREIT V, LLC	Common Shares	500	500	$5,000 ($10.00 per common share)	Same as above
0001721469-19-000017	1	RAD DIVERSIFIED REIT, INC.	COMMON STOCK	100	0	$10 PER SHARE x 100 SHARES = $1,000	
0001683168-19-003109	3	B2Digital, Incorporated	Common Stock, $0.00001 par value	123000000	0	For services.	
0001683168-19-003109	2	B2Digital, Incorporated	Common Stock, $0.00001 par value	123000000	0	For services.	
0001683168-19-003109	1	B2Digital, Incorporated	Common Stock, $0.00001 par value	123000000	0	For services.	
0001683168-19-003109	4	B2Digital, Incorporated	Common Stock, $0.00001 par value	123000000	0	For services.	
