ACCESSION_NUMBER	EMP_ID	ISSUERNAME	JURISDICTIONORGANIZATION	YEARINCORPORATION	CIK	SICCODE	FULLTIMEEMPLOYEES	PARTTIMEEMPLOYEES
0001683168-19-004103	1	Aqua Quest International, Inc.	FL	2012	0001558636	4400	8	11
0001213900-19-027279	1	Legion Capital Corporation	FL	2015	0001661166	6799	13	0
0001213900-19-027274	1	GREEN STREAM HOLDINGS INC.	WY	2004	0001437476	4991	0	0
0001213900-19-027270	1	20/20 GeneSystems, Inc.	DE	2000	0001139685	8071	16	0
0001104659-19-076460	1	Virtuoso Surgical, Inc.	TN	2016	0001742075	3841	6	1
0001654954-19-014256	1	Red Oak Capital Fund IV, LLC	DE	2019	0001794418	6500	0	0
0001104659-19-076200	1	Nico Echo Park, Benefit Corp.	MD	2019	0001781961	6798	0	0
0001493152-19-019716	1	Wizard Entertainment, Inc.	DE	2001	0001162896	7900	9	3
0001683168-19-004059	1	Cann American Corp.	WY	2004	0001368620	1090	1	0
0001104659-19-076049	1	Smilelove Corp.	DE	2019	0001750319	3843	43	15
0001213900-19-026907	1	American Energy Partners, Inc.	CO	2004	0001715688	1381	3	0
0001493152-19-019647	1	Masterworks 005, LLC	DE	2019	0001794758	7380	0	0
0001663577-19-000429	1	LIFEQUEST WORLD CORP.	MN	1997	0001060888	4950	4	0
0001786960-19-000005	1	QUALITY OF LIFE MARKETING INC	WY	2019	0001786960	7900	0	1
0001213900-19-026726	1	Otis Gallery LLC	DE	2018	0001767876	7389	0	0
0001493152-19-019550	1	MogulREIT II, Inc.	MD	2017	0001699573	6798	0	0
0001493152-19-019552	1	MogulREIT I, LLC	DE	2016	0001669664	6798	0	0
0001731122-19-000800	1	Bridgewell Preferred Income Fund, LP	FL	2016	0001700976	6798	0	0
0001104659-19-074852	1	BRIX REIT, Inc.	MD	2017	0001723028	6798	0	0
0001477932-19-007214	1	MYTHIC COLLECTION, LLC	DE	2019	0001773026	5945	2	0
0001520138-19-000506	1	SPORTS VENUES OF FLORIDA, INC.	FL	2009	0001499855	6552	1	0
0001104659-19-074538	1	GolfSuites 3, Inc.	DE	2019	0001774903	7900	0	0
0001350455-19-000014	1	GILMORE HOMES - GILMORE LOANS, LLC	GA	2018	0001350455	6798	0	0
0001213900-19-026594	1	Direct Communication Solutions, Inc.	DE	2017	0001779303	3669	21	4
0001731122-19-000794	1	GROW SOLUTIONS HOLDINGS, INC	NV	1981	0001104265	8742	3	0
0001493152-19-019441	1	Clean Energy Technologies, Inc.	NV	1995	0001329606	3672	10	0
0001387131-19-009666	1	Compound Projects, LLC	DE	2019	0001790166	6798	0	0
0001213900-19-026507	1	Direct Communication Solutions, Inc.	DE	2017	0001779303	3669	21	4
0001575705-19-000127	1	Stemsation International, Inc.	FL	2006	0001398488	3652	0	0
0001104659-19-073868	1	Siouxland Renewable Holdings, LLC	NE	2019	0001792744	2860	0	0
0001683168-19-004020	1	DNA Brands Inc.	CO	2007	0001419995	7510	1	1
0001748909-19-000002	1	Take It National, Inc.	FL	2010	0001748909	7389	3	14
0001780914-19-000007	1	Golden Seed, Inc.	DE	2019	0001780914	100	16	0
0001104659-19-073149	1	FUNDRISE REAL ESTATE INVESTMENT TRUST, LLC	DE	2015	0001645583	6798	0	0
0001493152-19-019250	1	American International Holdings Corp.	NV	1986	0001300524	1389	6	3
0001104659-19-072727	1	GROUNDFLOOR FINANCE INC.	GA	2013	0001588504	6199	40	0
0001493152-19-019221	1	Our Microlending LLC	FL	2007	0001506275	6199	3	2
0001213900-19-026172	1	Direct Communication Solutions, Inc.	DE	2017	0001779303	3669	21	4
0001437749-19-024430	1	Commonwealth Thoroughbreds LLC	DE	2019	0001789339	7948	0	0
0001213900-19-026162	1	CloudCommerce, Inc.	NV	2002	0000743758	5900	57	3
0001654954-19-013899	1	GK Investment Property Holdings II, LLC	DE	2019	0001788427	6500	0	0
0001683168-19-003955	1	Aqua Quest International, Inc.	FL	2012	0001558636	4400	8	11
0001104659-19-071967	1	Jet Token Inc.	DE	2018	0001756014	4522	2	0
0001493152-19-019034	1	Wizard Entertainment, Inc.	DE	2001	0001162896	7900	9	3
0001213900-19-025894	1	GREEN STREAM HOLDINGS INC.	WY	2004	0001437476	4991	0	0
0001213900-19-025873	1	American Energy Partners, Inc.	CO	2004	0001715688	1381	3	0
0001493152-19-019016	1	Masterworks 004, LLC	DE	2019	0001791539	7380	0	0
0001786960-19-000004	1	QUALITY OF LIFE MARKETING INC	WY	2019	0001786960	7900	0	1
0001594062-19-000098	1	Flora Growth Corp.	A6	2019	0001790169	2833	5	8
0001104659-19-071461	1	School of Whales Commercial Real Estate Equity Fund, LLC	FL	2018	0001760097	6798	0	3
0001078782-19-000895	1	COCANNCO, INC.	CO	2019	0001791146	8742	0	0
0001652577-19-000009	1	360 Sports, Inc.	DE	2015	0001652577	7997	5	9
0001477932-19-007027	1	Paradyme Equities, LLC	CA	2017	0001718714	6799	0	2
0001477932-19-007021	1	Elegance Spirits, Inc.	DE	2017	0001745449	2080	4	0
0001794009-19-000001	1	Limitless Venture Group Inc.	NV	2007	0001794009	7371	2	0
0001683168-19-003907	1	My Racehorse CA LLC	NV	2016	0001744448	7948	0	0
0001445866-19-001437	1	DISCOUNT PRINT USA, INC.	NV	2019	0001791929	2741	0	0
0001350455-19-000013	1	GILMORE HOMES - GILMORE LOANS, LLC	GA	2018	0001350455	6798	0	0
0001104659-19-070290	1	GROUNDFLOOR FINANCE INC.	GA	2013	0001588504	6199	45	0
0001104659-19-070254	1	CaliberCos Inc.	DE	2014	0001627282	6500	70	0
0001768126-19-000022	1	RSE Archive, LLC	DE	2019	0001768126	3949	0	0
0001628279-19-000354	1	YouNow, Inc.	DE	2011	0001725129	7372	31	0
0001731122-19-000750	1	GROW SOLUTIONS HOLDINGS, INC	NV	1981	0001104265	8742	3	0
0001780914-19-000006	1	Golden Seed, Inc.	DE	2019	0001780914	100	16	0
0001520138-19-000493	1	SPORTS VENUES OF FLORIDA, INC.	FL	2009	0001499855	6552	1	0
0001214659-19-007565	1	BFFI GROUP INC	DE	2019	0001779297	8111	3	1
0001758533-19-000002	1	Evolution Development Group, Inc.	FL	2018	0001758533	8742	0	0
0001683168-19-003872	1	AHP Servicing LLC	DE	2017	0001746078	6162	23	2
0001104659-19-069308	1	GROUNDFLOOR FINANCE INC.	GA	2013	0001588504	6199	40	0
0001703429-19-000047	1	Hemp Naturals, Inc.	DE	2015	0001664038	2300	0	2
0001213900-19-025029	1	Otis Collection LLC	DE	2019	0001795168	7389	0	0
0001493152-19-018544	1	Masterworks 005, LLC	DE	2019	0001794758	7380	0	0
0001214659-19-007447	1	Alzamend Neuro, Inc.	DE	2016	0001677077	2834	1	3
0001213900-19-024993	1	Legion Capital Corporation	FL	2015	0001661166	6799	13	0
0001688804-19-000027	1	RSE Collection, LLC	DE	2016	0001688804	3711	0	0
0001078782-19-000880	1	VESPER Corp	WY	2015	0001795354	8050	1	1
0001766914-19-000011	1	Wiley Area Development LLC	OH	2017	0001766914	5810	2	2
0001213900-19-024864	1	REMSleep Holdings Inc.	NV	2007	0001412126	3841	2	1
0001078782-19-000879	1	iQSTEL Inc	NV	2011	0001527702	4813	18	0
0001214659-19-007418	1	Opening Night Enterprises, LLC	CA	2016	0001707175	7812	0	0
0001104659-19-067789	1	ERC Homebuilders 1, Inc.	DE	2018	0001772602	6552	0	0
0001213900-19-024767	1	20/20 GeneSystems, Inc.	DE	2000	0001139685	8071	16	0
0001213900-19-024754	1	American Energy Partners, Inc.	CO	2004	0001715688	1381	3	0
0001794352-19-000002	1	OHIA DEVELOPMENT CORP	DE	2019	0001794352	6500	0	0
0001493152-19-018437	1	Masterworks 004, LLC	DE	2019	0001791539	7380	0	0
0001683168-19-003825	1	Advance Green Energy, Inc.	FL	2016	0001693966	1311	2	3
0001104659-19-067325	1	Sagoon Inc.	DE	2006	0001639953	7374	16	0
0001683168-19-003812	1	Aqua Quest International, Inc.	FL	2012	0001558636	4400	8	11
0001019056-19-000657	1	Prometheum, Inc.	DE	2017	0001718271	6199	10	2
0001193125-19-299627	1	Jamestown Invest 1, LLC	DE	2018	0001751158	6798	0	0
0001683168-19-003810	1	Atomic Studios, Inc.	WY	2019	0001788475	7819	2	0
0001683168-19-003808	1	Canamed4Pets, Inc.	WY	2004	0001368620	1090	1	0
0001078782-19-000875	1	COCANNCO, INC.	CO	2019	0001791146	8742	0	0
0001104659-19-066538	1	Future Labs V, Inc.	DE	2017	0001734237	3524	2	4
0001594062-19-000095	1	Flora Growth Corp.	A6	2019	0001790169	2833	5	8
0001193125-19-297300	1	Jamestown Invest 1, LLC	DE	2018	0001751158	6798	0	0
0001683168-19-003772	1	AHP Servicing LLC	DE	2017	0001746078	6162	23	2
0001213900-19-024225	1	CloudCommerce, Inc.	NV	2002	0000743758	5900	57	3
0001493152-19-018130	1	VIVOS INC	DE	1994	0001449349	3841	1	1
0001350455-19-000012	1	GILMORE HOMES - GILMORE LOANS, LLC	GA	2018	0001350455	6798	0	0
0001104659-19-065748	1	School of Whales Commercial Real Estate Equity Fund, LLC	FL	2018	0001760097	6798	0	3
0001104659-19-065742	1	GROUNDFLOOR FINANCE INC.	GA	2013	0001588504	6199	40	0
0001654954-19-013198	1	Red Oak Capital Fund IV, LLC	DE	2019	0001794418	6500	0	0
0001731122-19-000727	1	Bridgewell Preferred Income Fund, LP	FL	2016	0001700976	6798	0	0
0001214659-19-007247	1	TUSCAN GARDENS SENIOR LIVING COMMUNITIES, INC.	FL	2018	0001746666	6500	0	5
0001768126-19-000020	1	RSE Archive, LLC	DE	2019	0001768126	3949	0	0
0001104659-19-064771	1	Groundfloor Real Estate 1, LLC	GA	2016	0001694600	6500	0	0
0001721868-19-000541	1	ON4 Communications, Inc.	DE	2001	0001300867	7372	3	15
0001213900-19-023652	1	Exxe Group Inc.	DE	2017	0001789383	6519	3	2
0001754259-19-000004	1	American Condor Resources, Corp	CO	2018	0001754259	1400	0	14
0001104659-19-064397	1	Siouxland Renewable Holdings, LLC	NE	2019	0001792744	2860	0	0
0001683168-19-003614	1	DNA Brands Inc.	CO	2007	0001419995	7510	1	1
0001766914-19-000010	1	Wiley Area Development LLC	OH	2017	0001766914	5810	2	2
0001683168-19-003558	1	GD Entertainment & Technology, Inc.	NJ	1991	0001727535	7374	1	0
0001104659-19-063037	1	GROUNDFLOOR FINANCE INC.	GA	2013	0001588504	6199	40	0
0001780914-19-000005	1	Golden Seed, Inc.	DE	2019	0001780914	100	16	0
0001213900-19-022963	1	20/20 GeneSystems, Inc.	DE	2000	0001139685	8071	16	0
0001213900-19-022895	1	Otis Gallery LLC	DE	2018	0001767876	7389	0	0
0001654954-19-012689	1	GK Investment Property Holdings II, LLC	DE	2019	0001788427	6500	0	0
0001520138-19-000435	1	SPORTS VENUES OF FLORIDA, INC.	FL	2009	0001499855	6552	1	0
0001104659-19-061980	1	GROUNDFLOOR FINANCE INC.	GA	2013	0001588504	6199	40	0
0001214659-19-006986	1	TUSCAN GARDENS SENIOR LIVING COMMUNITIES, INC.	FL	2018	0001746666	6500	0	5
0001104659-19-061840	1	Real Goods Solar, Inc.	CO	2008	0001425565	1700	56	0
0001493152-19-016742	1	Wizard Entertainment, Inc.	DE	2001	0001162896	7900	9	3
0000950123-19-010441	1	Jamestown Invest 1, LLC	DE	2018	0001751158	6798	0	0
0001104659-19-061759	1	Future Labs V, Inc.	DE	2017	0001734237	3524	2	4
0001683168-19-003500	1	Demand Brands, Inc.	WA	2005	0001791469	1382	3	0
0001376474-19-000271	1	Northridge Corp	PA	2019	0001793341	100	0	4
0001703429-19-000045	1	Hemp Naturals, Inc.	DE	2015	0001664038	2300	0	2
0001683168-19-003490	1	Aqua Quest International, Inc.	FL	2012	0001558636	4400	8	11
0001683168-19-003477	1	Aqua Quest International, Inc.	FL	2012	0001558636	4400	8	11
0001104659-19-060731	1	Real Goods Solar, Inc.	CO	2008	0001425565	1700	56	0
0001104659-19-060455	1	Miso Robotics, Inc.	DE	2016	0001710670	3524	23	9
0001683168-19-003443	1	American Diversified Energy LLC	DE	2016	0001689500	4931	0	1
0001575705-19-000107	1	Stemsation International, Inc.	FL	2006	0001398488	3652	0	0
0001771443-19-000006	1	UMBRA Technologies (US) Inc.	DE	2015	0001742808	7374	27	0
0001771443-19-000004	1	Priza Technologies Inc.	CO	2019	0001771443	7370	4	15
0001104659-19-059058	1	Fundrise Growth eREIT II, LLC	DE	2015	0001661000	6798	0	0
0001104659-19-059073	1	Groundfloor Real Estate 1, LLC	GA	2016	0001694600	6500	0	0
0001104659-19-059135	1	CalTier Fund I, LP	DE	2019	0001771232	6500	0	0
0001104659-19-059061	1	Fundrise Income eREIT II, LLC	DE	2015	0001660998	6798	0	0
0001725129-19-000006	1	YouNow, Inc.	DE	2011	0001725129	7372	31	0
0001766914-19-000009	1	Wiley Area Development LLC	OH	2017	0001766914	5810	2	2
0001350455-19-000011	1	GILMORE HOMES - GILMORE LOANS, LLC	GA	2018	0001350455	6798	0	0
0001213900-19-021648	1	CloudCommerce, Inc.	NV	2002	0000743758	5900	57	3
0001213900-19-021621	1	1847 Holdings LLC	DE	2013	0001599407	3630	115	2
0001078782-19-000803	1	iQSTEL Inc	NV	2011	0001527702	4813	18	0
0001445866-19-001284	1	DISCOUNT PRINT USA, INC.	NV	2019	0001791929	2741	0	0
0001104659-19-057999	1	BRIX REIT, Inc.	MD	2017	0001723028	6798	0	0
0001065949-19-000150	1	NOCERA, INC.	NV	2002	0001756180	3523	13	2
0001104659-19-057586	1	GROUNDFLOOR FINANCE INC.	GA	2013	0001588504	6199	40	0
0001104659-19-057477	1	Real Goods Solar, Inc.	CO	2008	0001425565	1700	56	0
0001731122-19-000640	1	GROW SOLUTIONS HOLDINGS, INC	NV	1981	0001104265	8742	3	0
0001775196-19-000014	1	Acqusalut Inc.	FL	2019	0001775196	5812	1	1
0001646269-19-000013	1	BREWDOG USA INC.	DE	2015	0001646269	5180	121	53
0001646269-19-000012	1	BREWDOG USA INC.	DE	2015	0001646269	5180	121	53
0001104659-19-057158	1	Fundrise Balanced eREIT, LLC	DE	2019	0001792103	6798	0	0
0001104659-19-057149	1	Fundrise Income eREIT VI, LLC	DE	2019	0001792104	6798	0	0
0001104659-19-057143	1	Fundrise Growth eREIT VI, LLC	DE	2019	0001792106	6798	0	0
0001104659-19-057028	1	Jet Token Inc.	DE	2018	0001756014	4522	2	0
0001646269-19-000011	1	BREWDOG USA INC.	DE	2015	0001646269	5180	121	53
0001615774-19-013599	1	GenTech Holdings,Inc.	FL	2013	0001591157	5812	1	0
0001646269-19-000010	1	BREWDOG USA INC.	DE	2015	0001646269	5180	121	53
0001104659-19-056638	1	GROUNDFLOOR FINANCE INC.	GA	2013	0001588504	6199	40	0
0001477932-19-006034	1	KULA VENTURES LTD.	NV	2019	0001785031	6500	0	0
0001104659-19-056575	1	GROUNDFLOOR FINANCE INC.	GA	2013	0001588504	6199	40	0
0001104659-19-056558	1	Future Labs V, Inc.	DE	2017	0001734237	3524	2	4
0001213900-19-021142	1	CloudCommerce, Inc.	NV	2002	0000743758	5900	57	3
0001766914-19-000008	1	Wiley Area Development LLC	OH	2017	0001766914	5810	2	2
0001104659-19-056226	1	1st stREIT Office Inc.	MD	2016	0001700461	6798	0	0
0001721469-19-000024	1	RAD Diversified REIT, Inc.	MD	2017	0001721469	6798	0	0
0000950123-19-009686	1	Jamestown Invest 1, LLC	DE	2018	0001751158	6798	0	0
0001780914-19-000004	1	Golden Seed, Inc.	DE	2019	0001780914	100	16	0
0001646269-19-000007	1	BREWDOG USA INC.	DE	2015	0001646269	5180	121	53
0001104659-19-055496	1	OrgHarvest, Inc.	DE	1997	0001054476	9995	1	0
0001493152-19-015806	1	American International Holdings Corp.	NV	1986	0001300524	1389	5	3
0001768126-19-000018	1	RSE Archive, LLC	DE	2019	0001768126	3949	0	0
0001104659-19-055279	1	CalTier Fund I, LP	DE	2019	0001771232	6500	0	0
0001683168-19-003319	1	Canamed4Pets, Inc.	WY	2004	0001368620	1090	1	0
0001683168-19-003317	1	DNA Brands Inc.	CO	2007	0001419995	7510	1	1
0001721469-19-000021	1	RAD Diversified REIT, Inc.	MD	2017	0001721469	6798	0	0
0001477932-19-005964	1	FAN OWNED CLUB, INC	DE	2019	0001790587	7997	2	0
0001469709-19-000159	1	No Borders, Inc.	NV	1999	0001091418	7389	2	0
0001493152-19-015710	1	Masterworks 004, LLC	DE	2019	0001791539	7380	0	0
0001104659-19-054708	1	Reitless Impact Income Strategies LLC	DE	2018	0001742092	6798	0	0
0001104659-19-054694	1	MogulREIT II, Inc.	MD	2017	0001699573	6798	0	0
0001775196-19-000011	1	Acqusalut Inc.	FL	2019	0001775196	5812	1	1
0001683168-19-003270	1	CBD Life Sciences, Inc.	NV	1998	0001776073	5900	5	0
0001104659-19-054219	1	SmartCard Marketing Systems Inc	DE	2006	0000900475	8900	6	14
0001078782-19-000774	1	COCANNCO, INC.	CO	2019	0001791146	8742	0	0
0001104659-19-054169	1	School of Whales Commercial Real Estate Equity Fund, LLC	FL	2018	0001760097	6798	0	3
0001104659-19-054148	1	GROUNDFLOOR FINANCE INC.	GA	2013	0001588504	6199	40	0
0001654954-19-011767	1	Manufactured Housing Properties Inc.	NV	2003	0001277998	6500	10	0
0001766914-19-000006	1	Wiley Area Development LLC	OH	2017	0001766914	5810	2	2
0001493152-19-015480	1	American International Holdings Corp.	NV	1986	0001300524	1389	5	3
0001775196-19-000010	1	Acqusalut Inc.	FL	2019	0001775196	7900	1	1
0001214659-19-006471	1	TUSCAN GARDENS SENIOR LIVING COMMUNITIES, INC.	FL	2018	0001746666	6500	0	5
0001688804-19-000023	1	RSE Collection, LLC	DE	2016	0001688804	3711	0	0
0001594062-19-000087	1	Flora Growth Corp.	A6	2019	0001790169	2833	5	8
0001144204-19-048063	1	Fundrise Midland Opportunistic REIT, LLC	DE	2015	0001661023	6798	0	0
0001144204-19-048061	1	Fundrise West Coast Opportunistic REIT, LLC	DE	2015	0001660919	6798	0	0
0001144204-19-048054	1	Fundrise East Coast Opportunistic REIT, LLC	DE	2015	0001660918	6798	0	0
0001213900-19-020167	1	Direct Communication Solutions, Inc.	DE	2017	0001779303	3669	21	4
0001761911-19-000016	1	Nowigence Inc.	NY	2011	0001761911	7370	17	0
0001213900-19-020142	1	CloudCommerce, Inc.	NV	2002	0000743758	5900	57	3
0001683168-19-003223	1	AHP Servicing LLC	DE	2017	0001746078	6162	23	2
0001761911-19-000014	1	Nowigence Inc.	NY	2011	0001761911	7370	17	0
0001350455-19-000010	1	GILMORE HOMES - GILMORE LOANS, LLC	GA	2018	0001350455	6798	0	0
0001493152-19-015257	1	VIVOS INC	DE	1994	0001449349	3841	1	1
0001477932-19-005773	1	1847 HOLDINGS LLC	DE	2013	0001599407	3630	115	2
0001144204-19-047619	1	GROUNDFLOOR FINANCE INC.	GA	2013	0001588504	6199	40	0
0001493152-19-015169	1	Masterworks 002, LLC	DE	2018	0001750148	7380	0	0
0001144204-19-047556	1	CalTier Fund I, LP	DE	2019	0001771232	6500	0	0
0001144204-19-047555	1	Groundfloor Real Estate 1, LLC	GA	2016	0001694600	6500	0	0
0001477932-19-005745	1	Paradyme Equities, LLC	CA	2017	0001718714	6799	0	2
0001493152-19-015093	1	Mystic Holdings, Inc.	NV	2016	0001790320	2834	70	10
0001768126-19-000014	1	RSE Archive, LLC	DE	2019	0001768126	3949	0	0
0001144204-19-047312	1	Denim.LA, Inc.	DE	2013	0001668010	5600	16	0
0001213900-19-019694	1	REMSleep Holdings Inc.	NV	2007	0001412126	3841	2	1
0001683168-19-003160	1	My Racehorse CA LLC	NV	2016	0001744448	7948	0	0
0001213900-19-019594	1	American Energy Partners, Inc.	CO	2004	0001715688	1381	3	0
0001144204-19-047052	1	Reitless Impact Income Strategies LLC	DE	2018	0001742092	6798	0	0
0001144204-19-047038	1	OrgHarvest, Inc.	DE	1997	0001054476	9995	1	0
0001721868-19-000466	1	Greene Concepts, Inc	NY	1952	0001585380	2086	1	0
0001731122-19-000584	1	Bridgewell Preferred Income Fund, LP	FL	2016	0001700976	6798	0	0
0001520138-19-000353	1	Tiger Reef, Inc.	CO	2013	0001593470	4991	1	0
0001520138-19-000350	1	SPORTS VENUES OF FLORIDA, INC.	FL	2009	0001499855	6552	1	0
0001477932-19-005636	1	BRK, INC.	NV	2008	0001532926	3089	0	0
0001144204-19-046607	1	Fundrise Growth eREIT V, LLC	DE	2019	0001776857	6798	0	0
0001477932-19-005622	1	BANGI INC.	NV	2004	0001327238	6500	4	0
0001144204-19-046604	1	Fundrise Income eREIT V, LLC	DE	2019	0001776860	6798	0	0
0001721469-19-000017	1	RAD Diversified REIT, Inc.	MD	2017	0001721469	6798	0	0
0001683168-19-003109	1	B2Digital, Incorporated	DE	1991	0000725929	7990	1	0
