ACCESSION_NUMBER	FORMINDICATION	ISSUERNAME	FISCALYEAREND	STREET1	STREET2	CITY	STATEORCOUNTRY	ZIPCODE	PHONENUMBER	REGARULE257
0001683168-19-004033		MC Endeavors, Inc.		33865 MARIANA UNIT C		DANA POINT	CA	92629	310-986-6373	
0001213900-19-026384	Special Financial Report for the fiscal year		30-JUN-2019	435 Brannan Street	Suite 100	San Francisco	CA	94107	415-633-9300	true
0001104659-19-072226	Special Financial Report for the fiscal year		30-JUN-2019	1900 Campus Commons Drive, Suite 200		Reston	VA	20191	571-325-2966	true
0001477932-19-006788	Annual Report		30-JUN-2019	2009 E. Windmill Lane		Las Vegas	NV	89123	702-240-0977	false
0001477932-19-006785	Annual Report		30-JUN-2019	2009 E. Windmill Lane		Las Vegas	NV	89123	702-240-0977	false
0001681287-19-000004	Annual Report		31-DEC-2018	10400 NE 4TH STREET	FLR5	BELLEVUE	WA	98005	4252784636	true
0001683168-19-003452		GD Entertainment & Technologies, Inc.		1 Bridge Plaza, 2nd Floor		FORT LEE	NJ	07024	551-486-3980	
0001681287-19-000001		Mobodexter Inc.		10400 NE 4th Street	Flr5	Bellevue	WA	98005	4252784636	
0001213900-19-021453	Annual Report		30-JUN-2019	435 Brannan Street, Suite 100		San Francisco	CA	94107	415-633-9300	false
0001104659-19-056921	Annual Report		30-JUN-2019	1900 Campus Commons Drive, Suite 200		Reston	VA	20191	571-325-2966	false
0001213900-19-020614	Annual Report		31-DEC-2018	301 E. Pine Street, Suite: 850		Orlando	FL	32801	407-486-9234	true
0001213900-19-020535	Annual Report		31-DEC-2018	2299 Perimeter Park Drive, Suite 120		Atlanta	GA	30341	470-475-1035	false
0001393905-19-000286	Annual Report		30-JUN-2019	13370 Kirkham Way		Poway	CA	92064	858-265-9347	false
0001213900-19-019356		Fig Publishing, Inc.		949 SW Macadam Ave	Suite 60	Portland	OR	97239	415-689-5789	
