ACCESSION_NUMBER	STREET1	STREET2	CITY	STATEORCOUNTRY	ZIPCODE	PHONENUMBER	CONNECTIONNAME	INDUSTRYGROUP	CASHEQUIVALENTS	INVESTMENTSECURITIES	TOTALINVESTMENTS	ACCOUNTSRECEIVABLE	LOANS	PROPERTYPLANTEQUIPMENT	PROPERTYANDEQUIPMENT	TOTALASSETS	ACCOUNTSPAYABLE	POLICYLIABILITIESANDACCRUALS	DEPOSITS	LONGTERMDEBT	TOTALLIABILITIES	TOTALSTOCKHOLDEREQUITY	TOTALLIABILITIESANDEQUITY	TOTALREVENUES	TOTALINTERESTINCOME	COSTANDEXPENSESAPPLTOREVENUES	TOTALINTERESTEXPENSES	DEPRECIATIONANDAMORTIZATION	NETINCOME	EARNINGSPERSHAREBASIC	EARNINGSPERSHAREDILUTED	NAMEAUDITOR	CERTIFYIFTRUE	CERTIFYIFNOTDISQUALIFIED	CERTIFYIFBADACTOR	JURISDICTIONSOFSECOFFEREDNONE	JURISDICTIONSOFSECOFFEREDSAME	IFUNREGSITEREDNONE	SECURITIESACTEXCEMPTION
0001683168-19-004103	228 North Pinellas Avenue		Tarpon Springs	FL	34689	727-743-6008	John E.Lux, Esq.	Other	10791.0	0.0		0.0		356827.0		833686.0	1808583.0			0.0	1808583.0	-974897.0	833686.0	7242.0		358871.0		35369.0	-380304.0	0.0	0.0	Brian K. White, CPA	true	true		true			Securities Act Section 4(2)
0001213900-19-027279	301 E. PINE ST, SUITE 850		ORLANDO	FL	32801	407-986-4234	James S. Byrd, Jr.	Other	298222.0	0.0		17321395.0		108920.0		19037852.0	1074522.0			6194806.0	14622778.0	4415074.0	19037852.0	2133734.0		-3379081.0		2939.0	-1248286.0	-0.1	-0.1	Rosenfield and Company PLLC	true	true		true		true	
0001213900-19-027274	16620 Marquez Ave Pacific		Palisades	CA	90272	310-230-0240	Peter DiChiara	Other	3400.0	0.0		0.0		915654.0		1104054.0	5326.0			0.0	92631.0	-1011423.0	1104054.0	0.0		0.0		0.0	-173926.0	0.0	0.0		true	true			true		Exempt from registration under the Securities Act of 1933 and Rules promulgated thereunder.
0001213900-19-027270	9430 Key West Avenue	Suite 100	Rockville	MD	20850	240-453-6339	Louis A. Bevilacqua, Esq.	Other	1079738.0	1218458.0		31414.0		52365.0		4153618.0	852027.0			0.0	858149.0	3295469.0	4153618.0	140150.0		136537.0		9424.0	-1138681.0	-0.24	-0.24	dbbmckennon	true	true			true		Regulation A.
0001104659-19-076460	5701 Old Harding Pike	Suite 200	Nashville	TN	37205	615-352-9519	David R. Clay	Other	602748.0	0.0		21039.0		181940.0		805727.0	114483.0			0.0	114483.0	691244.0	805727.0	0.0		967761.0		10367.0	-338191.0	-0.34	-0.34	Puryear & Noonan, CPAs	true	true			true		Rule 506(b) of the Securities Act of 1933, as amended
0001654954-19-014256	625 Kenmoor Avenue SE, Suite 211		Grand Rapids	MI	49546	616-734-6099	Rhys James	Other	0.0	0.0		0.0		0.0		0.0	0.0			0.0	0.0	0.0	0.0	0.0		0.0		0.0	0.0	0.0	0.0	UHY LLP	true	true		false	false	false	Red Oak Capital Fund IV, LLC relied on the private placement exemption in Section(4)(a)(2) of the Securities Act for the issuance of LLC interests to its sole member. There was no public solicitation.
0001104659-19-076200	1115 W. SUNSET BLVD	Suite 801	LOS ANGELES	CA	90012	855-300-6426	Max Levine	Other	1000.0	0.0		0.0		0.0		514000.0	513000.0			0.0	513000.0	1000.0	514000.0	0.0		0.0		0.0	0.0	0.0	0.0	EisnerAmper LLP	true	true		true			John Chaffetz and Max Levine each purchased 50 shares of common stock at $10.00 per share for an aggregate purchase price of $1,000. Such issuance was exempt from the registration requirements of the Securities Act pursuant to Section 4(a)(2) thereof.
0001493152-19-019716	662 N. Sepulveda Blvd., Suite 300		Los Angeles	CA	90049	310-648-8410	Andrew Stephenson	Other	313645.0	0.0		1050.0		70349.0		789239.0	2803456.0			0.0	6790698.0	-5920459.0	789239.0	8922869.0		7849948.0		36329.0	-1248762.0	-0.02	-0.02	MaughanSullivan LLC	true	true			true		Section 4(a)(2)
0001683168-19-004059	320 Santana Drive #C		Cloverdale	CA	95425	770-866-6250	John Lux, Esq.	Other	19.0	0.0		0.0		12000.0		241097.0	8660.0			0.0	8660.0	232437.0	241097.0	18870.0		11620.0		0.0	-9574.0	0.0	0.0		true	true		true		true	
0001104659-19-076049	7440 Creek Road	Suite 401	Sandy	UT	84093	801-577-5580	Andrew Stephenson	Other	1432532.0	0.0		154977.0		0.0		1793632.0	660508.0			659900.0	5215440.0	-3421808.0	1793632.0	2642682.0		1587267.0		0.0	-2913016.0	-0.08	-0.08	Fruci & Associates II, PLLC	true	true			true	true	
0001213900-19-026907	1275 Glenlivet Drive, Suite 100		Allentown	PA	18106	610-217-3275	Peter DiChiara, Esq.	Other	26577.0	0.0		62978.0		73689.0		196684.0	80335.0			120793.0	201128.0	-4444.0	196684.0	159904.0		140172.0		0.0	19732.0	0.0	0.0		true	true		true			The transaction was exempt from the registration requirements of Section 5 of the Securities Act as it was a transaction not involving a public offering.
0001493152-19-019647	497 BROOME STREET		NEW YORK	NY	10013	203-518-5172	JOSH GOLDSTEIN	Other	100.0	0.0		0.0		0.0		100.0	0.0			0.0	0.0	100.0	100.0	0.0		0.0		0.0	0.0	0.0	0.0	N/A	true	true			true		The foregoing issuances were pursuant to Section 4(a)(2) of the Securities Act of 1933, as amended, for transactions by an issuer not involving any public offering.
0001663577-19-000429	100 CHALLENGER ROAD	8TH FLOOR	RIDGEFIELD PARK	NJ	07660	646-201-5242	Max Khan	Other	375168.0	0.0		0.0		0.0		448293.0	53811.0			0.0	81571.0	366722.0	448293.0	0.0		0.0		1875.0	-54467.0	0.1	0.1		true	true		true			Section 4a(2) and Rule 506 of Regulation D
0001786960-19-000005	1350 NE 125 STREET	SUITE 201C	NORTH MIAMI	FL	33161	5612107553	Hamon Fytton	Other	0.0	0.0		8500.0		0.0		0.0	0.0			0.0	8500.0	-8500.0	0.0	0.0		8500.0		0.0	-8500.0	0.0	0.0		true	true	false	false	true	true	
0001213900-19-026726	335 Madison Ave, 3rd Floor		New York	NY	10017	201-479-4408	Michael Karnjanaprakorn	Other	0.0	0.0		0.0		0.0		237500.0	0.0			0.0	237500.0	0.0	237500.0	0.0		0.0		0.0	0.0	0.0	0.0	Jason M. Tyra, CPA, PLLC	true	true			true	true	
0001493152-19-019550	10780 SANTA MONICA BLVD.	SUITE 140	LOS ANGELES	CA	90025	310-907-7129	Lauren B. Prevost	Other	3747000.0	0.0		0.0		0.0		98997000.0	986000.0			68375000.0	70834000.0	28163000.0	98997000.0	4128000.0		3889000.0		125000.0	-800000.0	0.0	0.0	CohnReznick LLP	true	true			true		Section 4(2) of the Securities Act. The transaction was seed capital investment from the sponsor and was not made pursuant to a public offering.
0001493152-19-019552	10780 Santa Monica Blvd.	Suite 140	Los Angeles	CA	90025	310-907-7144	Lauren B. Prevost	Other	928766.0	0.0		46698177.0		0.0		48190956.0	940672.0			0.0	1940672.0	46250284.0	48190956.0	3890391.0		828266.0		0.0	3062125.0	0.0	0.0	CohnReznick LLP	true	true			true		Section 4(a)(2) of the Securities Act
0001731122-19-000800	2400 E. Colonial DR.	Ste 200	Orlando	FL	32801	407-447-5000	Kevin Kim Tae Kim	Other	160726.0	0.0		7595503.0		1465934.0		9222163.0	537035.0			0.0	537035.0	8685128.0	9222163.0	287150.0		92866.0		0.0	194284.0	0.0	0.0	Spiegel Accountancy Corp.	true	true		true		true	
0001104659-19-074852	3090 BRISTOL STREET	SUITE 550	COSTA MESA	CA	92626	855-742-4862	Gregory W. Preston, Esq.	Other	2116012.0	5463511.0		3882.0		12775963.0		20364540.0	164067.0			6054996.0	11891290.0	7152043.0	20364540.0	54302.0		72412.0		19094.0	-502040.0	-0.27	-0.27	Squar Milner LLP	true	true			true		Regulation D. Private offering of 200 shares of common stock at $5.00 per share to BrixInvest, LLC, the former sponsor of the issuer, and 14,800 total shares issued to independent directors in 2018 and 2019 for services rendered.
0001477932-19-007214	16 LAGOON CT.		SAN RAFAEL	CA	94903	415-335-6370	Jillian Sidoti	Other	0.0	0.0		0.0		0.0		0.0	0.0			0.0	0.0	0.0	0.0	0.0		0.0		0.0	0.0	0.0	0.0	CohnReznick	true	true	false	true		true	
0001520138-19-000506	1220 Fordham Drive		Sun City Center	FL	33573	516-375-6649	John V. Whitman Jr	Other	7.0	0.0		0.0		0.0		7.0	328282.0			0.0	329282.0	-329275.0	7.0	0.0		0.0		0.0	-86705.0	-0.05	-0.05		true	true		true		true	
0001104659-19-074538	2738 FALKENBURG RD. S.		RIVERVIEW	FL	33578	813-621-5000	Jamie Ostrow	Other	180.0	0.0		0.0		0.0		6513.0	143514.0			0.0	143514.0	-137181.0	6513.0	0.0		0.0		0.0	0.0	0.0	0.0	IndigoSpires CPA Group, LLC	true	true			true		Section 4(a)(2) of the Securities Act
0001350455-19-000014	5401 OLD NATIONAL HIGHWAY #419	C/O MICHAEL L GILMORE	ATLANTA	GA	30349	601-582-1851	Michael Gilmore	Other	0.0	0.0		0.0		0.0		0.0	0.0			0.0	0.0	0.0	0.0	0.0		0.0		0.0	0.0	1.0	1.0	Michael Gilmore is still searching for an auditor; an audit is forthcoming via amendment.	true	true	false	true	false	true	
0001213900-19-026594	17150 Via Del Campo Ste. 200		San Diego	CA	92127	858-798-7100	Stephen Tollefsen	Other	1036741.0	0.0		1659037.0		0.0		4863117.0	4144763.0			0.0	7438476.0	-2575359.0	4863117.0	9871351.0		8449564.0		0.0	-838306.0	-0.08	-0.08	Davidson & Company LLP	true	true			true		The securities were issued in offshore transactions pursuant to Regulation S under the Securities Act, to accredited entities pursuant to Section 4(a)(2), and in conversion of debentures pursuant to Section 3(a)(9) of the Securities Act
0001731122-19-000794	222-111 Research Drive		Saskatoon	A9	S7N3R2	888--352-0826	Andrew Coldicutt, Esq.	Other	1826.0	0.0		0.0		0.0		1826.0	1088556.0			0.0	7594094.0	-7592268.0	1826.0	0.0		0.0		0.0	-165752.0	0.0	0.0		true	true		true			Exempt from registration under Section 4(2) of the Securities Act , as Amended, and the Rules promulgated thereunder.
0001493152-19-019441	2990 REDHILL AVE		COSTA MESA	CA	92626	949-273-4990	Robert Newman	Other	179855.0	0.0		661425.0		75644.0		3850519.0	4086388.0			4762885.0	8849273.0	-4998754.0	3850519.0	455077.0		2682337.0		0.0	-2227260.0	0.0	0.0	Fruci & Associates II, PLLC	true	true		true			Regulation S and Section 4(a)(2)
0001387131-19-009666	20 Clinton Street		New York	NY	10002	646-930-4503	Jesse Stein	Other	0.0	0.0		0.0		0.0		0.0	0.0			0.0	0.0	0.0	0.0	0.0		0.0		0.0	0.0	0.0	0.0	NA	true	true			true	true	
0001213900-19-026507	17150 Via Del Campo Ste. 200		San Diego	CA	92127	858-798-7100	Stephen Tollefsen	Other	1036741.0	0.0		1659037.0		0.0		4863117.0	4144763.0			0.0	7438476.0	-2575359.0	4863117.0	9871351.0		8449564.0		0.0	-838306.0	-0.08	-0.08	Davidson & Company LLP	true	true			true		The securities were issued in offshore transactions pursuant to Regulation S under the Securities Act, to accredited entities pursuant to Section 4(a)(2), and in conversion of debentures pursuant to Section 3(a)(9) of the Securities Act
0001575705-19-000127	7777 GLADES ROAD	SUITE 203	BOCA RATON	FL	33434	561-245-7454	Ray C. Carter, Jr.	Other	178.0	0.0		0.0		0.0		178.0	415250.0			0.0	755229.0	-755051.0	178.0	0.0		0.0		0.0	-37894.0	0.0	0.0	N/A	true	true		true			The Company relied on Rule 504 under the Securities Act of 1933 to issue these shares under each of the transactions above. Consideration for these issues included cash and services.
0001104659-19-073868	1501 Knox Boulevard		Jackson	NE	68743	402-632-2676	Steven P. Amen	Other	1000.0	0.0		0.0		0.0		62403.0	0.0			0.0	0.0	62403.0	62403.0	0.0		0.0		0.0	0.0	0.0	0.0	RSM US LLP	true	true	false	true	false	true	
0001683168-19-004020	6245 N. FEDERAL HIGHWAY	SUITE 400	FORT LAUDERDALE	FL	33308	561-654-5722	Milan Saha	Other	499.0	0.0		0.0		23920.0		50408.0	107752.0			1690132.0	2588246.0	-2537838.0	50408.0	14331.0		0.0		3680.0	-167383.0	0.0	0.0	None	true	true		true			Securities Act Section 4(2)
0001748909-19-000002	299 Camino Gardens	Suite 300	BOCA RATON	FL	33432	561-609-2537	Hamon Fytton	Other	12837.0	0.0		5028.0		0.0		17865.0	523.0			10000.0	10523.0	7342.0	17865.0	46085.0		32167.0		0.0	13895.0	0.08	0.08		true	true	false	false	true	true	
0001780914-19-000007	1300 QUAIL STREET SUITE 100		NEWPORT BEACH	CA	92660	9498330222	Kendall Almerico	Other	59115.0	0.0		78273.0		82966.0		3226366.0	304851.0			0.0	4177530.0	-951164.0	3226366.0	203230.0		132100.0		3770.0	-235847.0	-0.01	-0.01	Artesian CPA, LLC	true	true	false	false	true	false	Regulation D, Rule 506(C) - All securities sold only to accredited investors as per the rule
0001104659-19-073149	11 Dupont Circle, NW, 9th Floor		Washington	DC	20036	202-584-0550	Bjorn Hall	Other	34232000.0	0.0		73953000.0		0.0		113709000.0	92000.0			0.0	4511000.0	109198000.0	113709000.0	4429000.0		516000.0		0.0	3913000.0	0.39	0.39	RSM US LLP (above values unaudited)	true	true		true		true	
0001493152-19-019250	3990 Vitruvian Way, Suite 1152		Addison	TX	75001	972-803-5337	Arden Anderson, Esq.	Other	21867.0	0.0		0.0		124812.0		463886.0	6499.0			637170.0	1023865.0	-559979.0	463886.0	143032.0		73672.0		18480.0	-2171601.0	-0.1	-0.1	M&K CPAS, PLLC	true	true		true			Section 4(a)(2)
0001104659-19-072727	75 Fifth Street, NW	Suite 2170	ATLANTA	GA	30308	404-850-9225	Nick Bhargava	Other	1069392.0	0.0		41067181.0		813104.0		43013583.0	35584837.0			0.0	45864289.0	-2850706.0	43013583.0	2889961.0		-423776.0		375365.0	-6100655.0	-2.0	-2.0	Hughes Pittman & Gupton LLP	true	true		true			Reg. A, Rule 506 of Reg. D, and Rule 506 of Reg. D, respectively. For all offerings made pursuant to Rule 506, issuer relies on preexisting relationships or investors that meet the definition of accredited investor in Rule 501 of Reg. D.
0001493152-19-019221	3191 CORAL WAY SUITE 109		MIAMI	FL	33145	305-854-8113	Brian Recor	Other	955562.0	0.0		8947840.0		19396.0		10187780.0	18557.0			7722433.0	9640250.0	547530.0	10187780.0	1594769.0		1549862.0		161091.0	44907.0	0.0	0.0	Caballero Fierman Llerena & Garcia, LLP	true	true		true		true	
0001213900-19-026172	17150 Via Del Campo Ste. 200		San Diego	CA	92127	858-798-7100	Stephen Tollefsen	Other	1036741.0	0.0		1659037.0		0.0		4863117.0	4144763.0			0.0	7438476.0	-2575359.0	4863117.0	9871351.0		8449564.0		0.0	-838306.0	-0.08	-0.08	Davidson & Company LLP	true	true			true		The securities were issued in offshore transactions pursuant to Regulation S under the Securities Act, to accredited entities pursuant to Section 4(a)(2), and in conversion of debentures pursuant to Section 3(a)(9) of the Securities Act
0001437749-19-024430	1450 NORTH BROADWAY		LEXINGTON	KY	40505	8599770124	ALAN K. MACDONALD	Other	5000.0	0.0		0.0		10088.0		15088.0	7505.0			0.0	7505.0	7583.0	15088.0	0.0		153043.0		112.0	-153160.0	-153160.0	-153160.0	DEAN DORTON ALLEN FORD, PLLC	true	true	false	false	true	false	4(a)(2) - initial capital contribution by Manager to found the Issuer.
0001213900-19-026162	321 Sixth Street		San Antonio	TX	78215	805-964-3313	Gregory A. Sichenzia	Other	84698.0	0.0		1243296.0		108538.0		9495350.0	1535770.0			0.0	6945123.0	2550227.0	9495350.0	6875929.0		0.0		764684.0	-1944335.0	-0.01	-0.01	M&K CPAS, PLLC	true	true			true		These securities were sold in reliance upon the exemption provided by Section 4(a)(2) of the Securities Act
0001654954-19-013899	257 East Main Street, Suite 200		Barrington	IL	60010	847-277-9930	Michael Reicher	Other	0.0	0.0		0.0		0.0		0.0	0.0			0.0	0.0	0.0	0.0	0.0		0.0		0.0	0.0	0.0	0.0	Cherry Bekaert LLP	true	true		true		false	All of our outstanding Class A Units were issued to affiliates, officers and employees of our manager upon formation of our company, and in reliance upon the private offering exemption under Section 4(a)(2) of the Securities Act.
0001683168-19-003955	228 North Pinellas Avenue		Tarpon Springs	FL	34689	727-743-6008	John E.Lux, Esq.	Other	10791.0	0.0		0.0		356827.0		833686.0	1808583.0			0.0	1808583.0	-974897.0	833686.0	7242.0		358871.0		35369.0	-380304.0	0.0	0.0	Brian K. White, CPA	true	true		true			Securities Act Section 4(2)
0001104659-19-071967	10845 Griffith Peak Drive	Suite 200	Las Vegas	NV	89135	702-747-4000	Heidi Mortensen	Other	7764.0	0.0		0.0		0.0		7764.0	73725.0			0.0	73725.0	-65691.0	7764.0	0.0		0.0		0.0	-77160.0	0.0	0.0	BF Borgers CPA PC	true	true			true		Regulation CF
0001493152-19-019034	662 N. Sepulveda Blvd., Suite 300		Los Angeles	CA	90049	310-648-8410	Andrew Stephenson	Other	313645.0	0.0		1050.0		70349.0		789239.0	2803456.0			0.0	6790698.0	-5920459.0	789239.0	8922869.0		7849948.0		36329.0	-1248762.0	-0.02	-0.02	MaughanSullivan LLC	true	true			true		Section 4(a)(2)
0001213900-19-025894	16620 Marquez Ave Pacific		Palisades	CA	90272	310-230-0240	Peter DiChiara	Other	3400.0	0.0		0.0		915654.0		1104054.0	5326.0			0.0	92631.0	-1011423.0	1104054.0	0.0		0.0		0.0	-173926.0	0.0	0.0		true	true			true		Exempt from registration under the Securities Act of 1933 and Rules promulgated thereunder.
0001213900-19-025873	1275 Glenlivet Drive, Suite 100		Allentown	PA	18106	610-217-3275	Peter DiChiara, Esq.	Other	26577.0	0.0		62978.0		73689.0		196684.0	80335.0			120793.0	201128.0	-4444.0	196684.0	159904.0		140172.0		0.0	19732.0	0.0	0.0		true	true		true			The transaction was exempt from the registration requirements of Section 5 of the Securities Act as it was a transaction not involving a public offering.
0001493152-19-019016	497 BROOME STREET		NEW YORK	NY	10013	203-518-5172	LAURA ANTHONY	Other	100.0	0.0		0.0		0.0		100.0	0.0			0.0	0.0	100.0	100.0	0.0		0.0		0.0	0.0	0.0	0.0	N/A	true	true			true		The foregoing issuances were pursuant to Section 4(a)(2) of the Securities Act of 1933, as amended, for transactions by an issuer not involving any public offering.
0001786960-19-000004	1350 NE 125 STREET	SUITE 201C	NORTH MIAMI	FL	33161	5612107553	Hamon Fytton	Other	0.0	0.0		8500.0		0.0		0.0	0.0			0.0	8500.0	-8500.0	0.0	0.0		8500.0		0.0	-8500.0	0.0	0.0		true	true	false	false	true	false	Section 4 (2) of the Act
0001594062-19-000098	65 QUEEN STREET WEST, SUITE 800		TORONTO	A6	M5H2M5	416-861-2267	Damian Lopez	Other	0.0	0.0		238.0		0.0		238.0	414082.0			0.0	414082.0	-413844.0	238.0	0.0		1899714.0		0.0	-1899714.0	-0.99	-0.99	McGovern Hurley LLP	true	true	false	false	false	false	Not applicable as no securities were issued to US residents. The Company relied on Canadian securities laws exemptions.
0001104659-19-071461	2900 SW 28th Terrace	Suite 202	Miami	FL	33133	786-235-9130	James Dodrill	Other	200.0	0.0		0.0		0.0		200.0	0.0			0.0	0.0	200.0	200.0	0.0		0.0		0.0	0.0	0.0	0.0	Templeton & Company, LLP Certified Public Accountants and Consultants	true	true		true			4(2) - issuance to founder of issuer.
0001078782-19-000895	11 WEST HAMPDEN AVE	SUITE L100	ENGLEWOOD	CO	80110	720-770-1160	Don Bosch	Other	72872.0	0.0		0.0		0.0		72872.0	0.0			0.0	0.0	72872.0	72872.0	0.0		0.0		0.0	0.0	0.0	0.0	AJ Robbins CPA LLC	true	true	false	true	false	true	
0001652577-19-000009	244 5th Avenue	Suite R260	New York	NY	10001	19177191360	Robert Licopoli	Other	39125.0	0.0		2453.0		0.0		41578.0	63832.0			0.0	63832.0	40000.0	41578.0	112894.0		188492.0		0.0	-75380.0	0.0	0.0	360 Sports, Inc.	true	true	false	false	true	true	
0001477932-19-007027	29465 Ridgeline Court		Temecula	CA	92590	805-236-2647	Jillian Sidoti, Esq.	Other	0.0	0.0		0.0		0.0		20000.0	0.0			0.0	20000.0	0.0	20000.0	0.0		0.0		0.0	0.0	0.0	0.0	IndigoSpire CPA Group	true	true	false	true		false	Such interests were issued in exchange for cash, services, including company management, and services related to this Offering.
0001477932-19-007021	8500 Wilshire Blvd.	Suite 700B	Beverly Hills	CA	90211	424-313-7471	Jillian Sidoti	Other	15438.0	0.0		456692.0		321279.0		793409.0	698575.0			0.0	698575.0	94834.0	793409.0	0.0		73440.0		0.0	-73440.0	0.0	0.0	Spiegel Accountancy Corp.	true	true	false	true		false	Section 4(a)(2)
0001794009-19-000001	121 E 35th Street		Tulsa	OK	74106	918-671-9935	Joseph Francella	Other	34190.0	0.0		25453.0		658536.0		718179.0	808830.0			1051850.0	1860680.0	-1142501.0	718179.0	47294.0		359010.0		11917.0	-323633.0	0.0	0.0		true	true	false	true	false	true	
0001683168-19-003907	250 W. FIRST ST., STE. 256		CLAREMONT	CA	91711	909-740-9175	Michael Behrens	Other	0.0	0.0		47407.0		206105.0		253512.0	55851.0			15606.0	71457.0	182055.0	253512.0	36888.0		70998.0		40286.0	-159165.0	0.0	0.0	IndigoSpire CPA Group, LLC	true	true		true			Issuer has relied on Rule 147A, promulgated under Section 28 of the Securities Act, for intrastate offerings in California, Rule 506(c) or Regulation A, respectively, for such offerings.
0001445866-19-001437	6672 SPENCER ST., STE. 800		LAS VEGAS	NV	89119	702-527-3536	Jeff Turner	Banking	1000.0	0.0			0.0		0.0	1000.0	349.0		0.0	0.0	349.0	651.0	1000.0		0.0		0.0	0.0	-19349.0	0.0	0.0	Pinnacle Accountancy Group of Utah, dba Heaton & Company, PLLC	true	true	false	false	false	true	
0001350455-19-000013	5401 OLD NATIONAL HIGHWAY #419	C/O MICHAEL L GILMORE	ATLANTA	GA	30349	601-582-1851	Michael Gilmore	Other	0.0	0.0		0.0		0.0		0.0	0.0			0.0	0.0	0.0	0.0	0.0		0.0		0.0	0.0	1.0	1.0	Michael Gilmore is still searching for an auditor; an audit is forthcoming via amendment.	true	true	false	true	false	true	
0001104659-19-070290	600 Peachtree Street	Suite 810	ATLANTA	GA	30308	404-850-9225	Nick Bhargava	Other	1069392.0	0.0		41067181.0		813104.0		43013583.0	35584837.0			0.0	45864289.0	-2850706.0	43013583.0	2889961.0		-423776.0		375365.0	-6100655.0	-2.0	-2.0	Hughes Pittman & Gupton, LLP	true	true		true			Reg. A, Rule 506 of Reg. D respectively. For all offerings made pursuant to Rule 506, issuer relies on preexisting relationships or investors that meet the definition of accredited investor in Rule 501 of Reg D.
0001104659-19-070254	8901 E. Mountain View Rd, Ste 150		Scottsdale	AZ	85258	480-295-7600	Thomas Poletti, Brian S. Korn	Other	6913176.0	0.0		2162389.0		170853001.0		172726013.0	21312953.0			122778843.0	165642447.0	3242858.0	172726013.0	43796783.0		36541624.0		3683569.0	1642007.0	0.07	0.06	Marcum LLP	true	true			true		"All securities issued pursuant to safe harbor of R. 506(b) of Reg D of Sec. Act of 1933, as amended, or other available exemptions such as Section 4(a)(2) or R. 701. All investors certified ""accredited investor"" status through income & net worth test."
0001768126-19-000022	250 LAFAYETTE STREET	3R	NEW YORK	NY	10012	3479528058	Max Niederste-Ostholt	Other	0.0	0.0		0.0		0.0		0.0	0.0			0.0	0.0	0.0	0.0	0.0		0.0		0.0	0.0	0.0	0.0	EisnerAmper LLP	true	true	false	true	false	true	
0001628279-19-000354	C/O YOUNOW, INC.	161 BOWERY ST, FL 6	NEW YORK	NY	10002	302-658-7581	Robert Rosenblum	Other	3366737.0	0.0		506202.0		121353.0		7412009.0	3036689.0			0.0	7414540.0	-2531.0	7412009.0	3144909.0		1846678.0		185654.0	11084707.0	0.0	0.0	Rosen Kuslansky, CPA, PC	true	true	false	false	true	false	Tokens: 4(a)(2) of the Securities Act of 1933; Grants to Advisers: 4(a)(2) in one-on-one transactions
0001731122-19-000750	222-111 Research Drive		Saskatoon	A9	SKS7N3R2	888--352-0826	Andrew Coldicutt, Esq.	Other	1826.0	0.0		0.0		0.0		1826.0	1088556.0			0.0	7594094.0	-7592268.0	1826.0	0.0		0.0		0.0	-165752.0	0.0	0.0		true	true		true			Exempt from registration under Section 4(2) of the Securities Act , as Amended, and the Rules promulgated thereunder.
0001780914-19-000006	1300 QUAIL STREET SUITE 100		NEWPORT BEACH	CA	92660	9498330222	Kendall Almerico	Other	59115.0	0.0		78273.0		82966.0		3226366.0	304851.0			0.0	4177530.0	-951164.0	3226366.0	203230.0		132100.0		3770.0	-235847.0	-0.01	-0.01	Artesian CPA, LLC	true	true	false	true	false	false	Regulation D, Rule 506(C) - All securities sold only to accredited investors as per the rule
0001520138-19-000493	1220 Fordham Drive		Sun City Center	FL	33573	516-375-6649	John V. Whitman Jr	Other	7.0	0.0		0.0		0.0		7.0	328282.0			0.0	329282.0	-329275.0	7.0	0.0		0.0		0.0	-86705.0	-0.05	-0.05		true	true		true		true	
0001214659-19-007565	ROOM 4980, 304 S. JONES BLVD		LAS VEGAS	NV	89107	5043561292	Haoquan Addison Lin	Other	3107.0	0.0		0.0		353.0		4260.0	0.0			0.0	1360.0	2900.0	4260.0	9578.0		6471.0		0.0	3107.0	0.0	0.0		true	true			true	true	
0001758533-19-000002	10949 Esteban Drive		Ft. Myers	FL	33912	2393133693	Kendall Almerico	Other	137871.0	0.0		15000.0		0.0		152871.0	42094.0			0.0	42094.0	110777.0	152871.0	0.0		97762.0		0.0	-97762.0	-0.01	-0.01	IndigoSpire CPA Group	true	true	false	false	false	false	Regulation D, Rule 506(C)
0001683168-19-003872	440 S. LASALLE STREET	SUITE 1110	CHICAGO	IL	60605	866-247-8326	Markley S. Roderick, Esq.	Other	5080396.0	4148901.0		1584893.0		222999.0		11218714.0	516067.0			0.0	516067.0	10702647.0	11218714.0	1150448.0		2330997.0		68336.0	-1248885.0	-0.85	-0.85	Richey May & Co.	true	true		true			SEC Rule 701 (restricted grants to officers and employees of the issuer)
0001104659-19-069308	75 Fifth Street, NW	Suite 2170	ATLANTA	GA	30308	404-850-9225	Nick Bhargava	Other	1069392.0	0.0		41067181.0		813104.0		43013583.0	35584837.0			0.0	45864289.0	-2850706.0	43013583.0	2889961.0		-423776.0		375365.0	-6100655.0	-2.0	-2.0	Hughes Pittman & Gupton LLP	true	true		true			Reg. A, Rule 506 of Reg. D, and Rule 506 of Reg. D, respectively. For all offerings made pursuant to Rule 506, issuer relies on preexisting relationships or investors that meet the definition of accredited investor in Rule 501 of Reg. D.
0001703429-19-000047	16950 NORTH BAY ROAD, SUITE 1803		SUNNY ISLES BEACH	FL	33160	347-301-8431	Thomas DeNunzio	Other	98248.0	0.0		0.0		0.0		7345115.0	25806.0			0.0	1014704.0	6330411.0	7345115.0	0.0		0.0		0.0	0.0	0.0	0.0	Paritz & Co.	true	true		true		true	
0001213900-19-025029	335 Madison Ave, 3rd Floor		New York	NY	10017	201-479-4408	Michael Karnjanaprakorn	Other	0.0	0.0		0.0		0.0		0.0	0.0			0.0	0.0	0.0	0.0	0.0		0.0		0.0	0.0	0.0	0.0	Artesian CPA, LLC	true	true			true	true	
0001493152-19-018544	497 BROOME STREET		NEW YORK	NY	10013	203-518-5172	JOSH GOLDSTEIN	Other	100.0	0.0		0.0		0.0		100.0	0.0			0.0	0.0	100.0	100.0	0.0		0.0		0.0	0.0	0.0	0.0	N/A	true	true			true		The foregoing issuances were pursuant to Section 4(a)(2) of the Securities Act of 1933, as amended, for transactions by an issuer not involving any public offering.
0001214659-19-007447	3802 SPECTRUM BLVD,	SUITE 112C	TAMPA	FL	33612	844-722-6333	Henry Nisser	Other	42606.0	0.0		205915.0		0.0		1500917.0	1104669.0			0.0	1184002.0	316915.0	1500917.0	0.0		0.0		0.0	-4862496.0	-0.08	-0.08	Squar Milner LLP	true	true			true		Private Placement under Section 4(a)(2) of the Securities Act of 1933, as amended, and Rule 506(b) of Regulation D promulgated thereunder.
0001213900-19-024993	301 E. PINE ST, SUITE 850		ORLANDO	FL	32801	407-986-4234	James S. Byrd, Jr.	Other	298222.0	0.0		17321395.0		108920.0		19037852.0	1074522.0			6194806.0	14622778.0	4415074.0	19037852.0	2133734.0		-3379081.0		2939.0	-1248286.0	-0.1	-0.1	Rosenfield and Company PLLC	true	true		true		true	
0001688804-19-000027	250 Lafayette Street	3R	NEW YORK	NY	10012	3479528058	Max Niederste-Ostholt	Other	91861.0	0.0		2497.0		7080811.0		7175169.0	13478.0			2173911.0	2187389.0	4987780.0	7175169.0	0.0		62785.0		0.0	-62785.0	0.0	0.0	EisnerAmper LLP	true	true	false	true	false	false	Rule 506(c) - sale to verified accredited investors of interests in Series #77LE1
0001078782-19-000880	3 Wilderness Trail		Friendswood	TX	77646	281-380-3854	Frank J. Hariton	Other	1050.0	0.0		0.0		438803.0		439853.0	445963.0			0.0	445963.0	-6110.0	439853.0	0.0		0.0		0.0	-5218.0	0.0	0.0	Thayer ONeal Company LLC	true	true	false	true	false	true	
0001766914-19-000011	572 BRECKENRIDGE WAY		BEAVERCREEK	OH	45430	9374100041	Kendall Almerico	Other	222616.0	0.0		183954.0		0.0		406579.0	386492.0			0.0	386492.0	20087.0	406579.0	450.0		85567.0		0.0	85117.0	-0.01	-0.01	Clark Schaefer Hackett	true	true	false	false	false	true	
0001213900-19-024864	637 N. Orange Ave.	Suite 609	Orlando	FL	32789	515-490-9067	Philip Magri / Magri Law, LLC	Other	101687.0	0.0		0.0		73692.0		197274.0	302160.0			794340.0	1096500.0	-899226.0	197274.0	0.0		0.0		225492.0	-3015636.0	-0.1	-0.1	Fruci & Associates II, PLLC	true	true		true			Section 4(a)(2) for isolated issuances to investors and officers/directors due to the fact they were isolated and did not involve advertising or a public offering of securities and Section 3(a)(9) for lenders who held convertible debt.
0001078782-19-000879	300 ARAGON AVENUE SUITE 375		CORAL GABLES	FL	33134	954-951-8191	Scott Doney	Other	210274.0	0.0		5080210.0		270391.0		5560875.0	11189084.0			0.0	11189084.0	-5628209.0	5560875.0	12589109.0		17589626.0		26473.0	-5026990.0	-0.33	-0.33	Boyle CPA LLC	true	true	false	true	false	false	Section 4(a)(2) and/or Rule 506(b).
0001214659-19-007418	80 WEST SIERRA BOULEVARD	#141	SIERRA MADRE	CA	91024	626-355-1049	Charles Jones II	Other	326.0	0.0		0.0		0.0		326.0	11323.0			0.0	11323.0	-11649.0	326.0	0.0		11323.0		0.0	-11323.0	0.0	0.0	Cashuk, Wiseman, Goldberg, Birnbaum & Salem, LLP	true	true			true	true	
0001104659-19-067789	2738 FALKENBURG ROAD SOUTH		RIVERVIEW	FL	33578	813-621-5000	Jamie Ostrow	Other	160.0	0.0		0.0		0.0		12594.0	0.0			0.0	193594.0	-181000.0	12594.0	0.0		0.0		0.0	-23785.0	0.0	0.0	IndigoSpires CPA Group, LLC	true	true			true		Section 4(a)(2) of the Securities Act
0001213900-19-024767	9430 Key West Avenue	Suite 100	Rockville	MD	20850	240-453-6339	Louis A. Bevilacqua, Esq.	Other	1079738.0	1218458.0		31414.0		52365.0		4153618.0	852027.0			0.0	858149.0	3295469.0	4153618.0	140150.0		136537.0		9424.0	-1138681.0	-0.24	-0.24	dbbmckennon	true	true			true		Regulation A.
0001213900-19-024754	P.O. BOX 443		ALLENTOWN	PA	18105	610-217-3275	Peter DiChiara, Esq.	Other	26577.0	0.0		62978.0		73689.0		196684.0	80335.0			120793.0	201128.0	-4444.0	196684.0	159904.0		140172.0		0.0	19732.0	0.0	0.0		true	true	false	true	false	false	The transaction was exempt from the registration requirements of Section 5 of the Securities Act as it was a transaction not involving a public offering.
0001794352-19-000002	73-1089 MAHILANI DRIVE		KAILUA KONA	HI	96740	8089607259	FRANKLIN OGELE	Other	10000.0	0.0		0.0		0.0		10000.0	33000.0			0.0	33000.0	-23000.0	10000.0	0.0		43000.0		0.0	-43000.0	0.0	0.0	AJSH & CO	true	true	false	false	false	true	
0001493152-19-018437	497 BROOME STREET		NEW YORK	NY	10013	203-518-5172	LAURA ANTHONY	Other	100.0	0.0		0.0		0.0		100.0	0.0			0.0	0.0	100.0	100.0	0.0		0.0		0.0	0.0	0.0	0.0	N/A	true	true			true		The foregoing issuances were pursuant to Section 4(a)(2) of the Securities Act of 1933, as amended, for transactions by an issuer not involving any public offering.
0001683168-19-003825	523 US Highway 41 South		INVERNESS	FL	34450	352-765-3850	Frederick C. Bauman	Other	69059.0	0.0		0.0		291807.0		365866.0	369232.0			340173.0	709405.0	-343539.0	365866.0	0.0		826374.0		4696.0	-848643.0	0.0	0.0	Assurance Dimensions	true	true		true			Exempt from registration under Section 4(2) Securities Act and Rules promulgated thereunder.
0001104659-19-067325	1980 Teasel Court		Woodbridge	VA	22192	703-986-3162	Govinda Giri	Other	117024.0	0.0		0.0		50920.0		172464.0	578401.0			0.0	1100636.0	-928172.0	172464.0	0.0		0.0		16899.0	-533657.0	-0.14	-0.14	Artesian CPA LLC	true	true		true			Private placement in reliance on Rule 506 under the Securities Act; the second offering of Class C Common Stock referred to above was sold under Regulation A of the Securities Act
0001683168-19-003812	228 North Pinellas Avenue		Tarpon Springs	FL	34689	727-743-6008	John E.Lux, Esq.	Other	10791.0	0.0		0.0		356827.0		833686.0	1808583.0			0.0	1808583.0	-974897.0	833686.0	7242.0		358871.0		35369.0	-380304.0	0.0	0.0	Brian K. White, CPA	true	true		true			Securities Act Section 4(2)
0001019056-19-000657	120 WALL STREET	25TH FLOOR	NEW YORK	NY	10005	212-269-1400	Andrew Russell	Other	2915867.0	0.0		0.0		45370.0		9912708.0	83454.0			0.0	5744466.0	4168242.0	9912708.0	1787688.0		0.0		12161.0	1644593.0	0.0	0.0	Friedman LLP	true	true		true			Securities Act Section 4(a)(2)
0001193125-19-299627	675 PONCE DE LEON AVENUE, NE	7TH FLOOR	ATLANTA	GA	30308	770-805-1000	Gretchen Nagy	Other	5501000.0	0.0		0.0		0.0		5501000.0	0.0			0.0	0.0	5501000.0	5501000.0	0.0		0.0		0.0	0.0	0.0	0.0	Moore, Colson & Company, P.C.	true	true	false	false		false	The issuer has sold 550,100 common shares for a purchase price of $10.00 per share in a private offering. Such issuance was exempt from the registration requirements of the Securities Act pursuant to Section 4(a)(2) thereof.
0001683168-19-003810	1140 HIGHLAND AVE #222		MANHATTAN BEACH	CA	90266	800-681-5988	John E. Lux, Esq.	Other	100.0	0.0		0.0		0.0		100.0	0.0			7999.0	7999.0	-6239.0	100.0	0.0		6239.0		0.0	-6239.0	0.0	0.0	J'on Dennis	true	true		true			Section 4(2) of the Securities Act of 1933.
0001683168-19-003808	320 Santana Drive #C		Cloverdale	CA	95425	770-866-6250	John Lux, Esq.	Other	19.0	0.0		0.0		12000.0		241097.0	8660.0			0.0	8660.0	232437.0	241097.0	18870.0		11620.0		0.0	-9574.0	0.0	0.0		true	true		true		true	
0001078782-19-000875	11 WEST HAMPDEN AVE	SUITE L100	ENGLEWOOD	CO	80110	720-770-1160	Don Bosch	Other	72872.0	0.0		0.0		0.0		72872.0	0.0			0.0	0.0	72872.0	72872.0	0.0		0.0		0.0	0.0	0.0	0.0	AJ Robbins CPA LLC	true	true	false	true	false	true	
0001104659-19-066538	1438 9th Street		Santa Monica	CA	90401	818-522-7480	Andrew Stephenson, Esq.	Other	88460.0	0.0		265082.0		0.0		353542.0	198140.0			0.0	198140.0	155402.0	353542.0	0.0		0.0		0.0	-1485332.0	-0.05	-0.05	Artesian CPA	true	true			true		Section 4(a)(2)
0001594062-19-000095	65 QUEEN STREET WEST, SUITE 800		TORONTO	A6	M5H2M5	416-861-2267	Damian Lopez	Other	0.0	0.0		238.0		0.0		238.0	414082.0			0.0	414082.0	-413844.0	238.0	0.0		1899714.0		0.0	-1899714.0	-0.99	-0.99	McGovern Hurley LLP	true	true	false	false	false	false	Not applicable as no securities were issued to US residents. The Company relied on Canadian securities laws exemptions.
0001193125-19-297300	675 PONCE DE LEON AVENUE, NE	7TH FLOOR	ATLANTA	GA	30308	770-805-1000	Gretchen Nagy	Other	5501000.0	0.0		0.0		0.0		5501000.0	0.0			0.0	0.0	5501000.0	5501000.0	0.0		0.0		0.0	0.0	0.0	0.0	Moore, Colson & Company, P.C.	true	true	false	false		false	The issuer has sold 550,100 common shares for a purchase price of $10.00 per share in a private offering. Such issuance was exempt from the registration requirements of the Securities Act pursuant to Section 4(a)(2) thereof.
0001683168-19-003772	440 S. LASALLE STREET	SUITE 1110	CHICAGO	IL	60605	866-247-8326	Markley S. Roderick, Esq.	Other	5080396.0	4148901.0		1584893.0		222999.0		11218714.0	516067.0			0.0	516067.0	10702647.0	11218714.0	1150448.0		2330997.0		68336.0	-1248885.0	-0.85	-0.85	Richey May & Co.	true	true		true			SEC Rule 701 (restricted grants to officers and employees of the issuer)
0001213900-19-024225	321 Sixth Street		San Antonio	TX	78215	805-964-3313	Gregory A. Sichenzia	Other	84698.0	0.0		1243296.0		108538.0		9495350.0	1535770.0			0.0	6945123.0	2550227.0	9495350.0	6875929.0		0.0		764684.0	-1944335.0	-0.01	-0.01	M&K CPAS, PLLC	true	true			true		These securities were sold in reliance upon the exemption provided by Section 4(a)(2) of the Securities Act
0001493152-19-018130	719 JADWIN AVENUE		RICHLAND	WA	99352	509-736-4000	Daniel W. Rumsey	Other	158538.0	0.0		0.0		0.0		197058.0	796880.0			593302.0	1390182.0	-1193124.0	197058.0	8000.0		0.0		0.0	-1106059.0	-0.01	-0.01	Fruci & Associates II, PLLC	true	true		true			4(a)(2) and/or 3(a)(9) of 1933 Act
0001350455-19-000012	5401 OLD NATIONAL HIGHWAY #419	C/O MICHAEL L GILMORE	ATLANTA	GA	30349	601-582-1851	Michael Gilmore	Other	0.0	0.0		0.0		0.0		0.0	0.0			0.0	0.0	0.0	0.0	0.0		0.0		0.0	0.0	1.0	1.0	Michael Gilmore is still searching for an auditor; an audit is forthcoming via amendment.	true	true	false	true	false	true	
0001104659-19-065748	2900 SW 28th Terrace	Suite 202	Miami	FL	33133	786-235-9130	James Dodrill	Other	200.0	0.0		0.0		0.0		200.0	0.0			0.0	0.0	200.0	200.0	0.0		0.0		0.0	0.0	0.0	0.0	Templeton & Company, LLP Certified Public Accountants and Consultants	true	true		true			4(2) - issuance to founder of issuer.
0001104659-19-065742	75 Fifth Street, NW	Suite 2170	ATLANTA	GA	30308	404-850-9225	Nick Bhargava	Other	1069392.0	0.0		41067181.0		813104.0		43013583.0	35584837.0			0.0	45864289.0	-2850706.0	43013583.0	2889961.0		-423776.0		375365.0	-6100655.0	-2.0	-2.0	Hughes Pittman & Gupton LLP	true	true		true			Reg. A, Rule 506 of Reg. D, and Rule 506 of Reg. D, respectively. For all offerings made pursuant to Rule 506, issuer relies on preexisting relationships or investors that meet the definition of accredited investor in Rule 501 of Reg. D.
0001654954-19-013198	625 Kenmoor Avenue SE, Suite 211		Grand Rapids	MI	49546	616-734-6099	Rhys James	Other	0.0	0.0		0.0		0.0		0.0	0.0			0.0	0.0	0.0	0.0	0.0		0.0		0.0	0.0	0.0	0.0	UHY LLP	true	true		false	true	false	Red Oak Capital Fund IV, LLC relied on the private placement exemption in Section(4)(a)(2) of the Securities Act for the issuance of LLC interests to its sole member. There was no public solicitation.
0001731122-19-000727	2400 E. Colonial DR.	Ste 200	Orlando	FL	32801	407-447-5000	Kevin Kim Tae Kim	Other	160726.0	0.0		7595503.0		1465934.0		9222163.0	537035.0			0.0	537035.0	8685128.0	9222163.0	287150.0		92866.0		0.0	194284.0	0.0	0.0	Spiegel Accountancy Corp.	true	true		true		true	
0001214659-19-007247	189 South Orange Ave	Suite 1650	Orlando	FL	32801	4072066577	William Johnston	Other	50000.0	0.0		0.0		0.0		50000.0	0.0			0.0	0.0	50000.0	50000.0	0.0		0.0		0.0	0.0	0.0	0.0	Grennan Fender Hess & Poparad LLP	true	true			true		Rule 506 of Regulation D
0001768126-19-000020	250 LAFAYETTE STREET	3R	NEW YORK	NY	10012	3479528058	Max Niederste-Ostholt	Other	0.0	0.0		0.0		0.0		0.0	0.0			0.0	0.0	0.0	0.0	0.0		0.0		0.0	0.0	0.0	0.0	EisnerAmper LLP	true	true	false	true	false	true	
0001104659-19-064771	600 Peachtree Street	Suite 810	Atlanta	GA	30308	404-850-9225	Nick Bhargava	Other	20100.0	0.0		166973.0		0.0		210642.0	210642.0			0.0	210642.0	0.0	210642.0	0.0		0.0		0.0	0.0	0.0	0.0	N/A	true	true		true		true	
0001721868-19-000541	1875 Century Park East, 6th Floor,		Los Angeles	CA	90067	310-722-6624	Steve Berman	Other	221000.0	0.0		7163056.0		0.0		10959056.0	126182.0			2000000.0	5881236.0	5077820.0	10959056.0	4323684.0		2912794.0		0.0	1410890.0	0.0	0.0		true	true		true		true	
0001213900-19-023652	14 Penn Plaza	9th Floor	New York	NY	10122	855-285-2285	John E. Lux, Esq.	Other	226894.0	0.0		567352.0		43373678.0		121247337.0	0.0			35559381.0	40923747.0	80223490.0	121247337.0	1206616.0		566303.0		9294.0	766379.0	0.0	0.0		true	true		true			Section 4(2) of the Securities Act of 1933
0001754259-19-000004	8400 EAST PRENTICE AVNUE	SUITE 1360	GREENWOOD VILLAGE	CO	80111	9202070100	Mark Thatcher	Other	29280.0	0.0		88550.0		0.0		695167.0	177337.0			0.0	695167.0	673411.0	695167.0	0.0		155581.0		0.0	0.0	0.0	0.0		true	true	false	true	false	false	Regulation D 504, 506(b), 506(c) or Regulation S
0001104659-19-064397	1501 Knox Boulevard		Jackson	NE	68743	402-632-2676	Steven P. Amen	Other	1000.0	0.0		0.0		0.0		62403.0	0.0			0.0	0.0	62403.0	62403.0	0.0		0.0		0.0	0.0	0.0	0.0	RSM US LLP	true	true	false	true	false	true	
0001683168-19-003614	6245 N. FEDERAL HIGHWAY	SUITE 504	FORT LAUDERDALE	FL	33308	561-654-5722	Donnell Suares	Other	1502.0	0.0		0.0		0.0		52791.0	107752.0			1997646.0	2588246.0	-2535455.0	52791.0	7606.0		0.0		1380.0	-93415.0	0.0	0.0	None	true	true		true			Securities Act Section 4(2)
0001766914-19-000010	572 BRECKENRIDGE WAY		BEAVERCREEK	OH	45430	9374100041	Kendall Almerico	Other	222616.0	0.0		183954.0		0.0		406579.0	386492.0			0.0	386492.0	20087.0	406579.0	450.0		85567.0		0.0	85117.0	-0.01	-0.01	Clark Schaefer Hackett	true	true	false	false	false	true	
0001683168-19-003558	1 BRIDGE PLAZA	2ND FLOOR	FORT LEE	NJ	07024	551-486-3980	Donnell E. Squares	Other	5774.0	0.0		3129.0		417094.0		598942.0	206583.0			1571391.0	2732750.0	-2133808.0	598942.0	21104.0		62.0		0.0	-263361.0	0.0	0.0		true	true		true		true	
0001104659-19-063037	75 Fifth Street, NW	Suite 2170	ATLANTA	GA	30308	404-850-9225	Nick Bhargava	Other	1069392.0	0.0		41067181.0		813104.0		43013583.0	35584837.0			0.0	45864289.0	-2850706.0	43013583.0	2889961.0		-423776.0		375365.0	-6100655.0	-2.0	-2.0	Hughes Pittman & Gupton LLP	true	true		true			Reg. A, Rule 506 of Reg. D, and Rule 506 of Reg. D, respectively. For all offerings made pursuant to Rule 506, issuer relies on preexisting relationships or investors that meet the definition of accredited investor in Rule 501 of Reg. D.
0001780914-19-000005	1300 QUAIL STREET SUITE 100		NEWPORT BEACH	CA	92660	9498330222	Kendall Almerico	Other	59115.0	0.0		78273.0		82966.0		3226366.0	304851.0			0.0	4177530.0	-951164.0	3226366.0	203230.0		132100.0		3770.0	-235847.0	-0.01	-0.01	Artesian CPA, LLC	true	true	false	true	false	false	Regulation D, Rule 506(C) - All securities sold only to accredited investors as per the rule
0001213900-19-022963	9430 Key West Avenue	Suite 100	Rockville	MD	20850	240-453-6339	Louis A. Bevilacqua, Esq.	Other	1079738.0	1218458.0		31414.0		52365.0		4153618.0	852027.0			0.0	858149.0	3295469.0	4153618.0	140150.0		136537.0		9424.0	-1138681.0	-0.24	-0.24	dbbmckennon	true	true			true		Regulation A.
0001213900-19-022895	335 Madison Ave, 3rd Floor		New York	NY	10017	201-479-4408	Michael Karnjanaprakorn	Other	0.0	0.0		0.0		0.0		237500.0	0.0			0.0	237500.0	0.0	237500.0	0.0		0.0		0.0	0.0	0.0	0.0	Jason M. Tyra, CPA, PLLC	true	true			true	true	
0001654954-19-012689	257 East Main Street, Suite 200		Barrington	IL	60010	847-277-9930	Matt Leiter	Other	0.0	0.0		0.0		0.0		0.0	0.0			0.0	0.0	0.0	0.0	0.0		0.0		0.0	0.0	0.0	0.0	Cherry Bekaert LLP	true	true		true		false	All of our outstanding Class A Units were issued to affiliates, officers and employees of our manager upon formation of our company, and in reliance upon the private offering exemption under Section 4(a)(2) of the Securities Act.
0001520138-19-000435	1220 Fordham Drive		Sun City Center	FL	33573	516-375-6649	John V. Whitman Jr	Other	7.0	0.0		0.0		0.0		7.0	328282.0			0.0	329282.0	-329275.0	7.0	0.0		0.0		0.0	-86705.0	-0.05	-0.05		true	true		true		true	
0001104659-19-061980	75 Fifth Street, NW	Suite 2170	ATLANTA	GA	30308	404-850-9225	Nick Bhargava	Other	1069392.0	0.0		41067181.0		813104.0		43013583.0	35584837.0			0.0	45864289.0	-2850706.0	43013583.0	2889961.0		-423776.0		375365.0	-6100655.0	-2.0	-2.0	Hughes Pittman & Gupton LLP	true	true		true			Reg. A, Rule 506 of Reg. D, and Rule 506 of Reg. D, respectively. For all offerings made pursuant to Rule 506, issuer relies on preexisting relationships or investors that meet the definition of accredited investor in Rule 501 of Reg. D.
0001214659-19-006986	189 South Orange Ave	Suite 1650	Orlando	FL	32801	4072066577	William Johnston	Other	50000.0	0.0		0.0		0.0		50000.0	0.0			0.0	0.0	50000.0	50000.0	0.0		0.0		0.0	0.0	0.0	0.0	Grennan Fender Hess & Poparad LLP	true	true			true		Rule 506 of Regulation D
0001104659-19-061840	110 16th Street, Suite 300		DENVER	CO	80202	303-222-8437	Brownstein, Hyatt, Farber, Sch	Other	1696.0	0.0		1283.0		12506.0		15485.0	11700.0			0.0	11700.0	3785.0	15485.0	2294.0		7370.0		124.0	-5076.0	-0.05	-0.05	BDO USA, LLP	true	true			true		Section 4(a)(2) of the Securities Act or Rule 506(b) promulgated thereunder.
0001493152-19-016742	662 N. Sepulveda Blvd., Suite 300		Los Angeles	CA	90049	310-648-8410	Andrew Stephenson	Other	491974.0	0.0		188958.0		83326.0		1462217.0	2845911.0			128673.0	6771710.0	-5309493.0	1462217.0	6092615.0		5122638.0		24350.0	-582389.0	-0.01	-0.01	MaughanSullivan LLC	true	true			true		Section 4(a)(2)
0000950123-19-010441	675 PONCE DE LEON AVENUE, NE	7TH FLOOR	ATLANTA	GA	30308	770-805-1000	Gretchen Nagy	Other	5501000.0	0.0		0.0		0.0		5501000.0	0.0			0.0	0.0	5501000.0	5501000.0	0.0		0.0		0.0	0.0	0.0	0.0	Moore, Colson & Company, P.C.	true	true	false	false		false	The issuer has sold 550,100 common shares for a purchase price of $10.00 per share in a private offering. Such issuance was exempt from the registration requirements of the Securities Act pursuant to Section 4(a)(2) thereof.
0001104659-19-061759	1438 9th Street		Santa Monica	CA	90401	818-522-7480	Andrew Stephenson, Esq.	Other	88460.0	0.0		265082.0		0.0		353542.0	198140.0			0.0	198140.0	155402.0	353542.0	0.0		0.0		0.0	-1485332.0	-0.05	-0.05	Artesian CPA	true	true			true		Section 4(a)(2)
0001683168-19-003500	707 W. Corsicana St.		Athens	TX	75751	903-264-7892	Craig S. Fischer	Other	90708.0	0.0		0.0		120000.0		665410.0	374510.0			0.0	374510.0	-3842142.0	665410.0	0.0		53550.0		0.0	-381129.0	0.0	0.0		true	true		true		true	
0001376474-19-000271	5535 Bull Creek Road		Tarentum	PA	15084	412-455-5299	Christopher Netelkos, C.E.O.	Other	23009.0	26872.0		0.0		317517.0		367398.0	1211.0			0.0	1211.0	366187.0	367398.0	0.0		28461.0		732.0	0.0	-0.09	-0.06		true	true	false	false	true	false	Under the Pennsylvania Securities Act of 1972 - Small Issuer Exemption Section 203.187. In this instance, four individuals are shareholders.
0001703429-19-000045	16950 NORTH BAY ROAD, SUITE 1803		SUNNY ISLES BEACH	FL	33160	347-301-8431	Thomas DeNunzio	Other	98248.0	0.0		0.0		0.0		7345115.0	25806.0			0.0	1014704.0	6330411.0	7345115.0	0.0		0.0		0.0	0.0	0.0	0.0	Paritz & Co.	true	true		true		true	
0001683168-19-003490	228 North Pinellas Avenue		Tarpon Springs	FL	34689	727-743-6008	John E.Lux, Esq.	Other	10791.0	0.0		0.0		356827.0		833686.0	1808583.0			0.0	1808583.0	-974897.0	833686.0	7242.0		358871.0		35369.0	-380304.0	0.0	0.0	Brian K. White, CPA	true	true		true			Securities Act Section 4(2)
0001683168-19-003477	228 North Pinellas Avenue		Tarpon Springs	FL	34689	727-743-6008	John E.Lux, Esq.	Other	10791.0	0.0		0.0		356827.0		833686.0	1808583.0			0.0	1808583.0	-974897.0	833686.0	7242.0		358871.0		35369.0	-380304.0	0.0	0.0	Brian K. White, CPA	true	true		true			Securities Act Section 4(2)
0001104659-19-060731	110 16th Street, Suite 300		DENVER	CO	80202	303-222-8437	Brownstein, Hyatt, Farber, Sch	Other	1696.0	0.0		1283.0		12506.0		15485.0	11700.0			0.0	11700.0	3785.0	15485.0	2294.0		7370.0		124.0	-5076.0	-0.05	-0.05	BDO USA, LLP	true	true			true		Section 4(a)(2) of the Securities Act or Rule 506(b) promulgated thereunder.
0001104659-19-060455	561 East Green Street		Pasadena	CA	91101	626-244-8053	Andrew Stephenson, Esq.	Other	2047833.0	0.0		58500.0		277021.0		3156509.0	291712.0			0.0	349978.0	2806531.0	3156509.0	6000.0		0.0		48088.0	-3780979.0	-3.08	-3.08	Artesian CPA	true	true			true	true	
0001683168-19-003443	711 W. 17TH STREET	SUITE D-5	COSTA MESA	CA	92627	949-258-9842	Kristin M. Cano	Other	778.0	0.0		164653.0		8243.0		523838.0	118323.0			1456815.0	2459253.0	-1935415.0	523838.0	0.0		682285.0		0.0	-967639.0	-0.04	-0.04	dbbmckennon	true	true		true			Section (4)(a)(2)
0001575705-19-000107	7777 GLADES ROAD	SUITE 203	BOCA RATON	FL	33434	561-245-7454	Ray C. Carter, Jr.	Other	178.0	0.0		0.0		0.0		178.0	415250.0			0.0	755229.0	-755051.0	178.0	0.0		0.0		0.0	-37894.0	0.0	0.0	N/A	true	true		true			The Company relied on Rule 504 under the Securities Act of 1933 to issue these shares under each of the transactions above. Consideration for these issues included cash and services.
0001771443-19-000006	56 PINE STREET	7TH FLOOR	PROVIDENCE	RI	02903	4012725800	MARK THATCHER	Other	52733.0	0.0		88250.0		0.0		50173372.0	0.0			0.0	1790000.0	48383372.0	50173372.0	844228.0		321873.0		0.0	41355.0	10.03	8.36	UMBRA Technologies (US) Inc.	true	true	false	true	false	true	
0001771443-19-000004	1525 MCCARTHY BLVD	SUITE 1110	MILPITAS	CA	95035	4088344805	Mark Thatcher	Other	0.0	0.0		0.0		0.0		2000000.0	0.0			0.0	0.0	2000000.0	2000000.0	0.0		0.0		0.0	0.0	0.0	0.0		true	true	false	true	false	true	
0001104659-19-059058	11 DUPONT CIRCLE NW	9TH FL	WASHINGTON	DC	20036	202-584-0550	Benjamin S. Miller	Other	11175000.0	0.0		239000.0		0.0		48568000.0	80000.0			0.0	2097000.0	46471000.0	48568000.0	720000.0		165000.0		61000.0	491000.0	0.11	0.11	RSM US LLP (above 1-SA unaudited)	true	true		true		true	
0001104659-19-059073	600 Peachtree Street	Suite 810	Atlanta	GA	30308	404-850-9225	Nick Bhargava	Other	20100.0	0.0		166973.0		0.0		210642.0	210642.0			0.0	210642.0	0.0	210642.0	0.0		0.0		0.0	0.0	0.0	0.0	N/A	true	true		true		true	
0001104659-19-059135	6540 LUSK BLVD C240		SAN DIEGO	CA	92121	619-344-0291	Jamie Ostrow	Other	0.0	0.0		0.0		0.0		12600.0	23215.0			0.0	23215.0	-10615.0	12600.0	0.0		0.0		0.0	0.0	0.0	0.0	PKF, LLP	true	true		true		true	
0001104659-19-059061	11 DUPONT CIRCLE NW	9TH FLOOR	WASHINGTON	DC	20036	202-584-0550	Bjorn Hall	Other	15765000.0	0.0		28749000.0		0.0		49726000.0	64000.0			0.0	3218000.0	46508000.0	49726000.0	1562000.0		100000.0		0.0	1460000.0	0.35000000000000003	0.35000000000000003	RSM US LLP (above 1-SA unaudited)	true	true		true		true	
0001725129-19-000006	C/O YOUNOW, INC.	161 BOWERY ST, FL 6	NEW YORK	NY	10002	302-658-7581	Robert Rosenblum	Other	3366737.0	0.0		506202.0		121353.0		7412009.0	3036689.0			0.0	7414540.0	-2531.0	7412009.0	3144909.0		1846678.0		185654.0	11084707.0	0.0	0.0	Rosen Kuslansky, CPA, PC	true	true	false	false	true	false	Tokens: 4(a)(2) of the Securities Act of 1933; Grants to Advisers: 4(a)(2) in one-on-one transactions
0001766914-19-000009	572 BRECKENRIDGE WAY		BEAVERCREEK	OH	45430	9374100041	Kendall Almerico	Other	222616.0	0.0		183954.0		0.0		406579.0	386492.0			0.0	386492.0	20087.0	406579.0	450.0		85567.0		0.0	85117.0	-0.01	-0.01	Clark Schaefer Hackett	true	true	false	false	false	true	
0001350455-19-000011	5401 OLD NATIONAL HIGHWAY #419	C/O MICHAEL L GILMORE	ATLANTA	GA	30349	601-582-1851	Michael Gilmore	Other	0.0	0.0		0.0		0.0		0.0	0.0			0.0	0.0	0.0	0.0	0.0		0.0		0.0	0.0	1.0	1.0	Michael Gilmore is still searching for an auditor; an audit is forthcoming.	true	true	false	true	false	true	
0001213900-19-021648	321 Sixth Street		San Antonio	TX	78215	805-964-3313	Gregory A. Sichenzia	Other	87614.0	0.0		1182310.0		119253.0		9763989.0	1856261.0			2988.0	6588010.0	3175979.0	9763989.0	4807568.0		0.0		509841.0	-1069633.0	-0.01	-0.01	M&K CPAS, PLLC	true	true			true		These securities were sold in reliance upon the exemption provided by Section 4(a)(2) of the Securities Act
0001213900-19-021621	590 Madison Avenue	21st Floor	New York	NY	10022	212-417-9800	Ellery R. Roberts	Other	317836.0	0.0		2587894.0		4012365.0		19468767.0	4051714.0			7951190.0	22956660.0	-3487893.0	19468767.0	13020584.0		9545726.0		688086.0	-1193530.0	-0.38	-0.38	Sadler, Gibb & Associates, LLC	true	true			true		The transaction was exempt from the registration requirements of Section 5 of the Securities Act as it was a transaction not involving a public offering.
0001078782-19-000803	300 ARAGON AVENUE SUITE 375		CORAL GABLES	FL	33134	954-951-8191	Scott Doney	Other	80486.0	0.0		1978125.0		265826.0		2324437.0	4740877.0			0.0	4740877.0	-2416440.0	2324437.0	8416562.0		9907100.0		19281.0	-1509819.0	-0.1	-0.1	Boyle CPA LLC	true	true	false	true	false	false	Section 4(a)(2) and/or Rule 506(b).
0001445866-19-001284	6672 Spencer St., Ste. 800		Las Vegas	NV	89119	702-527-3536	Jeff Turner	Banking	1000.0	0.0			0.0		0.0	1000.0	349.0		0.0	0.0	349.0	651.0	1000.0		0.0		0.0	0.0	-19349.0	0.0	0.0	Pinnacle Accountancy Group of Utah, dba Heaton & Company, PLLC	true	true	false	false	false	true	
0001104659-19-057999	3090 BRISTOL STREET	SUITE 550	COSTA MESA	CA	92626	855-742-4862	Gregory W. Preston, Esq.	Other	2116012.0	5463511.0		3882.0		12775963.0		20364540.0	164067.0			6054996.0	11891290.0	7152043.0	20364540.0	54302.0		72412.0		19094.0	-502040.0	-0.27	-0.27	Squar Milner LLP	true	true			true		Regulation D. Private offering of 200 shares of common stock at $5.00 per share to BrixInvest, LLC, the former sponsor of the issuer, and 14,800 total shares issued to independent directors in 2018 and 2019 for services rendered.
0001065949-19-000150	2030 Powers Ferry Rd., SE, Suite #212		Atlanta	GA	30339	404-816-8240	Michael A. Littman, Attorney	Other	2567.0	0.0		2603985.0		222192.0		4251557.0	0.0			0.0	2572836.0	1678721.0	4251557.0	11262.0		0.0		0.0	-141500.0	0.0	0.0	Bernstein Marcum & Pinchuk, LLC	true	true	false	false	true	false	4(a)2 and Regulation S as a private placement to sophisticated investors in a merger and to foreign shareholders under Regulation S who contributed shares in the merged Chinese entity.
0001104659-19-057586	75 Fifth Street, NW	Suite 2170	ATLANTA	GA	30308	404-850-9225	Nick Bhargava	Other	1069392.0	0.0		41067181.0		813104.0		43013583.0	35584837.0			0.0	45864289.0	-2850706.0	43013583.0	2889961.0		-423776.0		375365.0	-6100655.0	-2.0	-2.0	Hughes Pittman & Gupton LLP	true	true		true			Reg. A, Rule 506 of Reg. D, and Rule 506 of Reg. D, respectively. For all offerings made pursuant to Rule 506, issuer relies on preexisting relationships or investors that meet the definition of accredited investor in Rule 501 of Reg. D.
0001104659-19-057477	110 16th Street, Suite 300		DENVER	CO	80202	303-222-8437	Brownstein, Hyatt, Farber, Sch	Other	1696.0	0.0		1283.0		12506.0		15485.0	11700.0			0.0	11700.0	3785.0	15485.0	2294.0		7370.0		124.0	-5076.0	-0.05	-0.05	BDO USA, LLP	true	true			true		Section 4(a)(2) of the Securities Act or Rule 506(b) promulgated thereunder.
0001731122-19-000640	222-111 Research Drive		Saskatoon	CA	SKS7N3R2	888--352-0826	Andrew Coldicutt, Esq.	Other	1826.0	0.0		0.0		0.0		1826.0	1088556.0			0.0	7594094.0	-7592268.0	1826.0	0.0		0.0		0.0	-165752.0	0.0	0.0		true	true		true			Exempt from registration under Section 4(2) of the Securities Act , as Amended, and theRules promulgated thereunder.
0001775196-19-000014	7135 COLLINS AVE	NO.624	MIAMI BEACH	FL	33141	3058658193	Indrajith Andrew Weeraratne	Other	14552.0	0.0		0.0		0.0		14552.0	0.0			0.0	0.0	14552.0	14552.0	0.0		5078.0		0.0	-5078.0	0.0	0.0	Indrajith Andrew Weeraratne	true	true	false	true	false	true	
0001646269-19-000013	96 GENDER RD		CANAL WINCHESTER	OH	43110	614-400-3077	Kendall Almerico	Other	1517688.0	0.0		0.0		39097204.0		47468553.0	44869708.0			0.0	44869708.0	-1472840.0	47468553.0	12436722.0		7353285.0		1293446.0	-790416.0	-0.12	-0.12	EY	true	true	false	false	false	true	
0001646269-19-000012	96 GENDER RD		CANAL WINCHESTER	OH	43110	614-400-3077	Kendall Almerico	Other	1517688.0	0.0		0.0		39097204.0		47468553.0	44869708.0			0.0	44869708.0	-1472840.0	47468553.0	12436722.0		7353285.0		1293446.0	-790416.0	-0.12	-0.12	EY	true	true	false	false	false	true	
0001104659-19-057158	11 Dupont Circle NW	9th FL	WASHINGTON	DC	20036	202-584-0550	Bjorn Hall	Other	5000.0	0.0		0.0		0.0		5000.0	0.0			0.0	0.0	5000.0	5000.0	0.0		0.0		0.0	0.0	0.0	0.0	RSM US LLP	true	true		true			Rise Companies Corp. has purchased 500 common shares for a purchase price of $5,000 in a private offering. Such issuance was exempt from the registration requirements of the Securities Act pursuant to Section 4(a)(2) thereof.
0001104659-19-057149	11 Dupont Circle NW	9th FL	WASHINGTON	DC	20036	202-584-0550	Bjorn Hall	Other	5000.0	0.0		0.0		0.0		5000.0	0.0			0.0	0.0	5000.0	5000.0	0.0		0.0		0.0	0.0	0.0	0.0	RSM US LLP	true	true		true			Rise Companies Corp. has purchased 500 common shares for a purchase price of $5,000 in a private offering. Such issuance was exempt from the registration requirements of the Securities Act pursuant to Section 4(a)(2) thereof.
0001104659-19-057143	11 Dupont Circle NW	9th FL	WASHINGTON	DC	20036	202-584-0550	Bjorn Hall	Other	5000.0	0.0		0.0		0.0		5000.0	0.0			0.0	0.0	5000.0	5000.0	0.0		0.0		0.0	0.0	0.0	0.0	RSM US LLP	true	true		true			Rise Companies Corp. has purchased 500 common shares for a purchase price of $5,000 in a private offering. Such issuance was exempt from the registration requirements of the Securities Act pursuant to Section 4(a)(2) thereof.
0001104659-19-057028	10845 Griffith Peak Drive	Suite 200	Las Vegas	NV	89135	702-747-4000	Heidi Mortensen	Other	7764.0	0.0		0.0		0.0		7764.0	73725.0			0.0	73725.0	-65691.0	7764.0	0.0		0.0		0.0	-77160.0	0.0	0.0	BF Borgers CPA PC	true	true			true		Regulation CF
0001646269-19-000011	96 GENDER RD		CANAL WINCHESTER	OH	43110	614-400-3077	Kendall Almerico	Other	1517688.0	0.0		0.0		39097204.0		47468553.0	44869708.0			0.0	44869708.0	-1472840.0	47468553.0	12436722.0		7353285.0		1293446.0	-790416.0	-0.12	-0.12	EY	true	true	false	false	false	true	
0001615774-19-013599	1732 1st Avenue #25955		New York	NY	10128	347-464-7532	William R. Eilers, Esq.	Other	0.0	0.0		2653.0		17237.0		19890.0	1480256.0			0.0	2225646.0	-2205755.0	19890.0	0.0		127537.0		0.0	-38938.0	0.0	0.0		true	true			true		Section 4(a)(2) and Regulation D
0001646269-19-000010	96 GENDER RD		CANAL WINCHESTER	OH	43110	614-400-3077	Kendall Almerico	Other	1517688.0	0.0		0.0		39097204.0		47468553.0	44869708.0			0.0	44869708.0	-1472840.0	47468553.0	12436722.0		7353285.0		1293446.0	-790416.0	-0.12	-0.12	EY	true	true	false	false	false	true	
0001104659-19-056638	75 Fifth Street, NW	Suite 2170	ATLANTA	GA	30308	404-850-9225	Nick Bhargava	Other	1069392.0	0.0		41067181.0		813104.0		43013583.0	35584837.0			0.0	45864289.0	-2850706.0	43013583.0	2889961.0		-423776.0		375365.0	-6100655.0	-2.0	-2.0	Hughes Pittman & Gupton LLP	true	true		true			Reg. A, Rule 506 of Reg. D, and Rule 506 of Reg. D, respectively. For all offerings made pursuant to Rule 506, issuer relies on preexisting relationships or investors that meet the definition of accredited investor in Rule 501 of Reg. D.
0001477932-19-006034	6350 W. Cheyenne Ave.		Las Vegas	NV	89108	877-843-5852	Bryan Clark, Esq.	Other	59980.0	0.0		0.0		0.0		61444.0	10000.0			0.0	10000.0	51444.0	61444.0	0.0		8556.0		0.0	-8556.0	-0.01	-0.01	Hall & Company Certified Public Accountants & Consultants, Inc.	true	true	false	true		false	Regulation D, Rule 506(b)
0001104659-19-056575	75 Fifth Street, NW	Suite 2170	ATLANTA	GA	30308	404-850-9225	Nick Bhargava	Other	1069392.0	0.0		41067181.0		813104.0		43013583.0	35584837.0			0.0	45864289.0	-2850706.0	43013583.0	2889961.0		-423776.0		375365.0	-6100655.0	-2.0	-2.0	Hughes Pittman & Gupton LLP	true	true		true			Reg. A, Rule 506 of Reg. D, and Rule 506 of Reg. D, respectively. For all offerings made pursuant to Rule 506, issuer relies on preexisting relationships or investors that meet the definition of accredited investor in Rule 501 of Reg. D.
0001104659-19-056558	1438 9th Street		Santa Monica	CA	90401	818-522-7480	Andrew Stephenson, Esq.	Other	88460.0	0.0		265082.0		0.0		353542.0	198140.0			0.0	198140.0	155402.0	353542.0	0.0		0.0		0.0	-1485332.0	-0.05	-0.05	Artesian CPA	true	true			true		Section 4(a)(2)
0001213900-19-021142	321 Sixth Street		San Antonio	TX	78215	805-964-3313	Gregory A. Sichenzia	Other	87614.0	0.0		1182310.0		119253.0		9763989.0	1856261.0			2988.0	6588010.0	3175979.0	9763989.0	4807568.0		0.0		509841.0	-1069633.0	-0.01	-0.01	M&K CPAS, PLLC	true	true			true		These securities were sold in reliance upon the exemption provided by Section 4(a)(2) of the Securities Act
0001766914-19-000008	572 BRECKENRIDGE WAY		BEAVERCREEK	OH	45430	9374100041	Kendall Almerico	Other	222616.0	0.0		183954.0		0.0		406579.0	386492.0			0.0	386492.0	20087.0	406579.0	450.0		85567.0		0.0	-85117.0	-0.01	-0.01	Clark Schaefer Hackett	true	true	false	false	false	true	
0001104659-19-056226	11601 Wilshire Boulevard	Suite 1690	Los Angeles	CA	90025	310-421-1030	Eliot Bencuya	Other	2855838.0	0.0		1983152.0		56807211.0		63260516.0	1592994.0			41466733.0	55759776.0	7500740.0	63260516.0	5447685.0		3745219.0		1820145.0	-413546.0	-1.46	-1.46	RSM US LLP	true	true		true			Section 4(a)(2). Represents initial capitalization of issuer by sole stockholder.
0001721469-19-000024	1306 MONTE VISTA AVE., NO. 5		UPLAND	CA	91786	909-437-8390	Jack Jmaev - Attry for issuer	Other	998.0	0.0		0.0		0.0		998.0	0.0			0.0	0.0	998.0	998.0	0.0		2.0		0.0	-2.0	0.0	0.0	Kho & Patel	true	true	false	true	false	false	1933 ACT, SECT. 4(a)(2) - Sold 100 shares to promoter at formation.
0000950123-19-009686	675 PONCE DE LEON AVENUE, NE	7TH FLOOR	ATLANTA	GA	30308	770-805-1000	Gretchen Nagy	Other	5501000.0	0.0		0.0		0.0		5501000.0	0.0			0.0	0.0	5501000.0	5501000.0	0.0		0.0		0.0	0.0	0.0	0.0	Moore, Colson & Company, P.C.	true	true	false	false		false	The issuer has sold 550,100 common shares for a purchase price of $10.00 per share in a private offering. Such issuance was exempt from the registration requirements of the Securities Act pursuant to Section 4(a)(2) thereof.
0001780914-19-000004	1300 QUAIL STREET SUITE 100		NEWPORT BEACH	CA	92660	9498330222	Kendall Almerico	Other	59115.0	0.0		78273.0		82966.0		3226366.0	304851.0			0.0	4177530.0	-951164.0	3226366.0	203230.0		132100.0		3770.0	-235847.0	-0.01	-0.01	Artesian CPA, LLC	true	true	false	true	false	false	Regulation D, Rule 506(C) - All securities sold only to accredited investors as per the rule
0001646269-19-000007	96 GENDER RD		CANAL WINCHESTER	OH	43110	614-400-3077	Kendall Almerico	Other	1517688.0	0.0		0.0		39097204.0		47468553.0	44869708.0			0.0	44869708.0	-1472840.0	47468553.0	12436722.0		7353285.0		1293446.0	-790416.0	-0.12	-0.12	EY	true	true	false	false	false	true	
0001104659-19-055496	774 Mays Boulevard	10-536	Incline Village	NV	89451	310-460-8426	Frank Celecia	Other	7951.0	215000.0		77353.0		0.0		300304.0	0.0			1113751.0	1113751.0	-813447.0	300304.0	0.0		-1329550.0		0.0	-1329550.0	0.0	0.0	N/A	true	true		true			860,000 shares of Common Stock were sold to accredited investors pursuant to the exemption from registration pursuant to Rule 506(b) under Regulation D of the Securities Act of 1933, as amended
0001493152-19-015806	11222 Richmond Avenue Suite 195		Houston	TX	77082	281-496-9971	Arden Anderson Esq.	Other	11510.0	0.0		0.0		130253.0		471971.0	70187.0			350000.0	904442.0	432471.0	471971.0	90947.0		176107.0		0.0	104427.0	0.01	0.01	M&K CPAS, PLLC	true	true		true			Section 4(a)(2)
0001768126-19-000018	250 LAFAYETTE STREET	3R	NEW YORK	NY	10012	3479528058	Max Niederste-Ostholt	Other	0.0	0.0		0.0		0.0		0.0	0.0			0.0	0.0	0.0	0.0	0.0		0.0		0.0	0.0	0.0	0.0	EisnerAmper LLP	true	true	false	true	false	true	
0001104659-19-055279	6540 LUSK BLVD C240		SAN DIEGO	CA	92121	619-344-0291	Jamie Ostrow	Other	0.0	0.0		0.0		0.0		0.0	27500.0			0.0	31948.0	-4448.0	0.0	0.0		0.0		0.0	0.0	0.0	0.0	PKF, LLP	true	true		true		true	
0001683168-19-003319	320 Santana Drive #C		Cloverdale	CA	95425	770-866-6250	John Lux, Esq.	Other	19.0	0.0		0.0		12000.0		241097.0	8660.0			0.0	8660.0	232437.0	241097.0	18870.0		11620.0		0.0	-9574.0	0.0	0.0		true	true		true		true	
0001683168-19-003317	6245 N. FEDERAL HIGHWAY	SUITE 504	FORT LAUDERDALE	FL	33308	561-654-5722	John Lux	Other	1502.0	0.0		0.0		0.0		52791.0	107752.0			1997646.0	2588246.0	-2535455.0	52791.0	8001.0		0.0		2300.0	-165000.0	0.0	0.0	None	true	true		true			Securities Act Section 4(2)
0001721469-19-000021	1306 MONTE VISTA AVE., NO. 5		UPLAND	CA	91786	909-437-8390	Jack Jmaev - Attry for issuer	Other	998.0	0.0		0.0		0.0		998.0	0.0			0.0	0.0	998.0	998.0	0.0		2.0		0.0	-2.0	0.0	0.0	Kho & Patel	true	true	false	true	false	false	1933 ACT, SECT. 4(a)(2) - Sold 100 shares to promoter at formation.
0001477932-19-005964	4100B Wyoming Street		Nashville	TN	372019	952-905-4023	Jillian Sidoti	Other	14334.0	0.0		0.0		0.0		19334.0	5000.0			0.0	5000.0	14334.0	19334.0	0.0		25666.0		0.0	25666.0	0.0	0.0	Spiegel Accountancy	true	true	false	true		true	
0001469709-19-000159	18716 East Old Beau Trail		Quartz Creek	AZ	85142	760-582-5115	ANDREW COLDICUTT	Other	155316.0	0.0		34371.0		5567.0		260750.0	87547.0			375000.0	462547.0	-201797.0	260750.0	149035.0		-373487.0		0.0	-370182.0	0.0	0.0		true	true		true			Section 4(2)
0001493152-19-015710	497 BROOME STREET		NEW YORK	NY	10013	203-518-5172	LAURA ANTHONY	Other	100.0	0.0		0.0		0.0		100.0	0.0			0.0	0.0	100.0	100.0	0.0		0.0		0.0	0.0	0.0	0.0	N/A	true	true			true		The foregoing issuances were pursuant to Section 4(a)(2) of the Securities Act of 1933, as amended, for transactions by an issuer not involving any public offering.
0001104659-19-054708	623 E. Fort Union Blvd	Suite 101	Salt Lake City	UT	84121	415-315-9916	Jeanne Campanelli	Other	500883.0	0.0		0.0		0.0		595042.0	98660.0			0.0	98660.0	-496382.0	595042.0	0.0		0.0		0.0	-4618.0	-0.23	-0.23	Artesian CPA, LLC /Jason M. Tyra, CPA, PLLC	true	true			true		Regulation D
0001104659-19-054694	10780 SANTA MONICA BLVD	SUITE 140	LOS ANGELES	CA	90025	310-907-7129	Lauren B. Prevost	Other	3747000.0	0.0		0.0		0.0		98997000.0	986000.0			68375000.0	70834000.0	28163000.0	98997000.0	4128000.0		3889000.0		125000.0	-800000.0	0.0	0.0	CohnReznick LLP	true	true	false	false	true	false	Section 4(2) of the Securities Act. The transaction was seed capital investment from the sponsor and was not made pursuant to a public offering.
0001775196-19-000011	7135 COLLINS AVE	NO.624	MIAMI BEACH	FL	33141	3058658193	Indrajith Andrew Weeraratne	Other	14552.0	0.0		0.0		0.0		14552.0	0.0			0.0	0.0	14552.0	14552.0	0.0		5078.0		0.0	-5078.0	0.0	0.0	Indrajith Andrew Weeraratne	true	true	false	true	false	true	
0001683168-19-003270	11445 E. VIA LINDA, UNIT 2-496		SCOTTSDALE	AZ	85259	480-776-0281	John E. Lux, Esq.	Other	22492.0	0.0		147977.0		0.0		1483992.0	92195.0			365676.0	457871.0	1026121.0	1483992.0	52073.0		373997.0		0.0	-529037.0	-0.02	-0.02		true	true			true		Sections 3(a)(10), 4(a)(1)
0001104659-19-054219	20C Trolley Square		Wilmington	DE	19806	844-843-7296	William Eilers, Esq.	Other	469.0	0.0		35000.0		720371.0		858982.0	1456303.0			2380698.0	3837001.0	-2978019.0	858982.0	61011.0		542427.0		0.0	-489316.0	0.0	0.0		true	true	true	true		true	
0001078782-19-000774	11 West Hampden Ave	Suite L100	Englewood	CO	80110	720-770-1160	Don Bosch	Other	72872.0	0.0		0.0		0.0		72872.0	0.0			0.0	0.0	72872.0	72872.0	0.0		0.0		0.0	0.0	0.0	0.0	AJ Robbins CPA LLC	true	true	false	true	false	true	
0001104659-19-054169	2900 SW 28th Terrace	Suite 202	Miami	FL	33133	786-235-9130	James Dodrill	Other	200.0	0.0		0.0		0.0		200.0	0.0			0.0	0.0	200.0	200.0	0.0		0.0		0.0	0.0	0.0	0.0	Templeton & Company, LLP Certified Public Accountants and Consultants	true	true		true			4(2) - issuance to founder of issuer.
0001104659-19-054148	75 Fifth Street, NW	Suite 2170	ATLANTA	GA	30308	404-850-9225	Nick Bhargava	Other	1069392.0	0.0		41067181.0		813104.0		43013583.0	35584837.0			0.0	45864289.0	-2850706.0	43013583.0	2889961.0		-423776.0		375365.0	-6100655.0	-2.0	-2.0	Hughes Pittman & Gupton LLP	true	true		true			Regulation A, Rule 506 of Regulation D, and Rule 506 of Regulation D, respectively.
0001654954-19-011767	136 Main Street		Pineville	NC	28134	980-273-1702	Michael Z. Anise	Other	1358522.0	0.0		19000.0		17577416.0		18323081.0	110368.0			17691387.0	18303741.0	-1468590.0	18323081.0	1184576.0		430935.0		292247.0	-1073580.0	0.09	0.09	Liggett & Webb, P.A.	true	true		false	false	false	Rule 506 of Regulation D of the Securities Act of 1933, as amended
0001766914-19-000006	572 BRECKENRIDGE WAY		BEAVERCREEK	OH	45430	9374100041	Kendall Almerico	Other	222616.0	0.0		183954.0		0.0		406579.0	386492.0			0.0	386492.0	20087.0	406579.0	450.0		85567.0		0.0	-85117.0	-0.01	-0.01	Clark Schaefer Hackett	true	true	false	false	false	true	
0001493152-19-015480	11222 Richmond Avenue Suite 195		Houston	TX	77082	281-496-9971	Arden Anderson Esq.	Other	11510.0	0.0		0.0		130253.0		471971.0	70187.0			350000.0	904442.0	432471.0	471971.0	90947.0		176107.0		0.0	104427.0	0.01	0.01	M&K CPAS, PLLC	true	true		true			Section 4(a)(2)
0001775196-19-000010	7135 Collins Ave	No.624	Miami Beach	FL	33141	3058658193	Indrajith Andrew Weeraratne	Other	14552.0	0.0		0.0		0.0		14552.0	0.0			0.0	0.0	14552.0	14552.0	0.0		5078.0		0.0	-5078.0	0.0	0.0	Malone Bailey LLP	true	true	false	true	false	true	
0001214659-19-006471	189 South Orange Ave	Suite 1650	Orlando	FL	32801	4072066577	William Johnston	Other	50000.0	0.0		0.0		0.0		50000.0	0.0			0.0	0.0	50000.0	50000.0	0.0		0.0		0.0	0.0	0.0	0.0	Grennan Fender Hess & Poparad LLP	true	true			true		Rule 506 of Regulation D
0001688804-19-000023	250 Lafayette Street	3R	NEW YORK	NY	10012	3479528058	Max Niederste-Ostholt	Other	91861.0	0.0		2497.0		7080811.0		7175169.0	13478.0			2173911.0	2187389.0	4987780.0	7175169.0	0.0		62785.0		0.0	-62785.0	0.0	0.0	EisnerAmper LLP	true	true	false	true	false	false	Rule 506(c) - sale to verified accredited investors of interests in Series #77LE1
0001594062-19-000087	65 Queen Street West, Suite 800		Toronto	A6	M5H2M5	416-861-2267	Damian Lopez	Other	0.0	0.0		238.0		0.0		238.0	414082.0			0.0	414082.0	-413844.0	238.0	0.0		1899714.0		0.0	-1899714.0	-0.99	-0.99	McGovern Hurley LLP	true	true	false	false	false	false	Not applicable as no securities were issued to US residents. The Company relied on Canadian securities laws exemptions.
0001144204-19-048063	11 Dupont Circle NW	9th Fl	WASHINGTON	DC	20036	202-584-0550	Benjamin S. Miller	Other	10318000.0	0.0		34539000.0		0.0		64745000.0	83000.0			0.0	3164000.0	61581000.0	64745000.0	1494000.0		348000.0		0.0	1146000.0	0.19	0.19	RSM US LLP	true	true		true		true	
0001144204-19-048061	11 Dupont Circle NW	9th Fl	Washington	DC	20036	202-584-0550	Bjorn J. Hall	Other	6450000.0	0.0		51171000.0		0.0		70601000.0	84000.0			0.0	2715000.0	67886000.0	70601000.0	2474000.0		396000.0		0.0	2078000.0	0.33	0.33	RSM US LLP	true	true		true		true	
0001144204-19-048054	11 Dupont Circle NW	9th Fl	Washington	DC	20036	202-584-0550	Bjorn J. Hall	Other	5487000.0	0.0		28715000.0		0.0		67408000.0	77000.0			0.0	3377000.0	64031000.0	67408000.0	1569000.0		359000.0		0.0	1210000.0	0.2	0.2	RSM US LLP	true	true		true		true	
0001213900-19-020167	17150 Via Del Campo Ste. 200		San Diego	CA	92127	858-798-7100	Stephen Tollefsen	Other	874760.0	0.0		1662376.0		33693.0		4618613.0	3675185.0			0.0	6675291.0	-2351836.0	4618613.0	7194546.0		5177579.0		17045.0	-520142.0	-0.05	-0.05	Davidson & Company LLP	true	true			true		The securities were issued in offshore transactions pursuant to Regulation S promulgated under the Securities Act and to two accredited entities pursuant to Section 4(a)(2) of the Securities Act.
0001761911-19-000016	101 S TRYON STREET		CHARLLOTE	NC	28280	704-275-8546	Andy Altahawi	Other	7326.0	0.0		0.0		652986.0		660312.0	30505.0			61051.0	91556.0	-632183.0	660312.0	49950.0		80726.0		107992.0	-316361.0	0.0	0.0	IndigoSpire CPA Group, LLC	true	true	false	false	true	false	Class A stock Exempt from registration under Rule 506(c) of the Securities Act. Class B stock under Section 4(a)(2).
0001213900-19-020142	321 Sixth Street		San Antonio	TX	78215	805-964-3313	Gregory A. Sichenzia	Other	87614.0	0.0		1182310.0		119253.0		9763989.0	1856261.0			2988.0	6588010.0	3175979.0	9763989.0	4807568.0		0.0		509841.0	-1069633.0	-0.01	-0.01	M&K CPAS, PLLC	true	true			true		These securities were sold in reliance upon the exemption provided by Section 4(a)(2) of the Securities Act
0001683168-19-003223	440 S. LASALLE STREET	SUITE 1110	CHICAGO	IL	60605	866-247-8326	Markley S. Roderick, Esq.	Other	5080397.0	4148901.0		1650367.0		223000.0		11285900.0	583257.0			0.0	583257.0	10702643.0	11285900.0	1121310.0		2370200.0		0.0	-1248890.0	0.0	0.0	Richey May & Co.	true	true		true			SEC Rule 701 (restricted grants to officers and employees of the issuer)
0001761911-19-000014	418 BROADWAY		ALBANY	NY	12207	1-518-396-5853	Andy Altahawi	Other	7326.0	0.0		0.0		652986.0		660312.0	30505.0			61051.0	91556.0	-632183.0	660312.0	49950.0		80726.0		107992.0	-316361.0	0.0	0.0	IndigoSpire CPA Group, LLC	true	true	false	false	true	false	Class A stock Exempt from registration under Rule 506(c) of the Securities Act. Class B stock under Section 4(a)(2).
0001350455-19-000010	5401 OLD NATIONAL HIGHWAY #419	C/O MICHAEL L GILMORE	ATLANTA	GA	30349	601-582-1851	Michael Gilmore	Other	0.0	0.0		0.0		0.0		0.0	0.0			0.0	0.0	0.0	0.0	0.0		0.0		0.0	0.0	1.0	1.0	Michael Gilmore is still searching for auditors after being turned down by many with no valid legal reasons given.	true	true	false	true	false	true	
0001493152-19-015257	719 JADWIN AVENUE		RICHLAND	WA	99352	509-736-4000	Daniel W. Rumsey	Other	8502.0	0.0		0.0		0.0		48287.0	939093.0			340774.0	1279867.0	-1231580.0	48287.0	0.0		0.0		0.0	-436687.0	0.0	0.0	Fruci & Associates II, PLLC	true	true		true			4(a)(2) and/or 3(a)(9) of 1933 Act
0001477932-19-005773	590 Madison Avenue	21st Floor	New York	NY	10022	212-417-9800	Ellery R. Roberts	Other	317836.0	0.0		2587894.0		4012365.0		19468768.0	4051714.0			7951190.0	22956660.0	-3487893.0	19468768.0	13020584.0		9545726.0		688086.0	-1193530.0	-0.38	-0.38	Sadler, Gibb & Associates, LLC	true	true	false		true	false	The transaction was exempt from the registration requirements of Section 5 of the Securities Act as it was a transaction not involving a public offering.
0001144204-19-047619	75 Fifth Street, NW	Suite 2170	ATLANTA	GA	30308	404-850-9225	Nick Bhargava	Other	1069392.0	0.0		41067181.0		813104.0		43013583.0	35584837.0			0.0	45864289.0	-2850706.0	43013583.0	2889961.0		-423776.0		375365.0	-6100655.0	-2.0	-2.0	Hughes Pittman & Gupton LLP	true	true		true			Regulation A, Rule 506 of Regulation D, and Rule 506 of Regulation D, respectively.
0001493152-19-015169	497 BROOME STREET		NEW YORK	NY	10013	203-518-5172	LAURA ANTHONY	Other	100.0	0.0		0.0		0.0		100.0	0.0			0.0	0.0	100.0	100.0	0.0		0.0		0.0	0.0	0.0	0.0	Mayer Hoffman McCann, P.C.	true	true			true		The foregoing issuances were pursuant to Section 4(a)(2) of the Securities Act of 1933, as amended, for transactions by an issuer not involving any public offering.
0001144204-19-047556	6540 LUSK BLVD C240		SAN DIEGO	CA	92121	619-344-0291	Jamie Ostrow	Other	0.0	0.0		0.0		0.0		0.0	27500.0			0.0	31948.0	-4448.0	0.0	0.0		0.0		0.0	0.0	0.0	0.0	PKF, LLP	true	true		true		true	
0001144204-19-047555	600 Peachtree Street	Suite 810	Atlanta	GA	30308	404-850-9225	Nick Bhargava	Other	20100.0	0.0		166973.0		0.0		210642.0	210642.0			0.0	210642.0	0.0	210642.0	0.0		0.0		0.0	0.0	0.0	0.0	N/A	true	true		true		true	
0001477932-19-005745	29465 Ridgeline Court		Temecula	CA	92590	805-236-2647	Jillian Sidoti, Esq.	Other	0.0	0.0		0.0		0.0		20000.0	0.0			0.0	20000.0	0.0	20000.0	0.0		0.0		0.0	0.0	0.0	0.0	IndigoSpire CPA Group	true	true	false	true		false	Such interests were issued in exchange for cash, services, including company management, and services related to this Offering.
0001493152-19-015093	4145 Wagon Trail Avenue		Las Vegas	NV	89118	646-286-9070	Spencer G. Feldman, Esq.	Other	1001468.0	0.0		290706.0		3536875.0		5582055.0	6215217.0			250000.0	6465217.0	-883162.0	5582055.0	2072485.0		1732993.0		159444.0	-895545.0	-0.01	-0.01	Ellsworth & Stout, LLC	true	true			true		Section 4(a)(2) of the Securities Act
0001768126-19-000014	250 LAFAYETTE STREET	3R	NEW YORK	NY	10012	3479528058	Max Niederste-Ostholt	Other	0.0	0.0		0.0		0.0		0.0	0.0			0.0	0.0	0.0	0.0	0.0		0.0		0.0	0.0	0.0	0.0	EisnerAmper LLP	true	true	false	true	false	true	
0001144204-19-047312	537 S. BROADWAY	FLOOR 6	LOS ANGELES	CA	90013	888-246-7163	Andrew Stephenson, Esq.	Other	55404.0	0.0		80625.0		95356.0		1480367.0	2594086.0			0.0	6591031.0	-5110664.0	1480367.0	1762985.0		838911.0		25562.0	-3284247.0	-0.32	-0.32	dbbmckennon	true	true			true		N/A
0001213900-19-019694	637 N. Orange Ave.	Suite 609	Orlando	FL	32789	515-490-9067	Philip Magri / Magri Law, LLC	Other	181763.0	0.0		0.0		62559.0		273041.0	291131.0			1053533.0	1344664.0	-1071623.0	273041.0	0.0		0.0		104863.0	-2938488.0	-0.22	-0.22	Fruci & Associates II, PLLC	true	true		true			Section 4(a)(2) for isolated issuances to investors and officers/directors due to the fact they were isolated and did not involve advertising or a public offering of securities and Section 3(a)(9) for lenders who held convertible debt.
0001683168-19-003160	250 W. FIRST ST., STE. 256		CLAREMONT	CA	91711	909-740-9175	Michael Behrens	Other	0.0	0.0		47407.0		206105.0		253512.0	55851.0			15606.0	71457.0	182055.0	253512.0	36888.0		70998.0		40286.0	-159165.0	0.0	0.0	IndigoSpire CPA Group, LLC	true	true		true			Issuer has relied on Rule 147A, promulgated under Section 28 of the Securities Act, for intrastate offerings in California, Rule 506(c) or Regulation A, respectively, for such offerings.
0001213900-19-019594	P.O. BOX 443		ALLENTOWN	PA	18105	610-217-3275	Peter DiChiara, Esq.	Other	1983.0	0.0		11000.0		74333.0		87316.0	61068.0			118424.0	179492.0	-92176.0	87316.0	13627.0		113023.0		0.0	-99396.0	0.0	0.0		true	true		true			The transaction was exempt from the registration requirements of Section 5 of the Securities Act as it was a transaction not involving a public offering.
0001144204-19-047052	623 E. Fort Union Blvd	Suite 101	Salt Lake City	UT	84121	415-315-9916	Jeanne Campanelli	Other	500883.0	0.0		0.0		0.0		595042.0	98660.0			0.0	98660.0	-496382.0	595042.0	0.0		0.0		0.0	-4618.0	-0.23	-0.23	Artesian CPA, LLC /Jason M. Tyra, CPA, PLLC	true	true			true		Regulation D
0001144204-19-047038	774 Mays Boulevard	10-536	Incline Village	NV	89451	310-460-8426	Frank Celecia	Other	7951.0	215000.0		77353.0		0.0		300304.0	0.0			1113751.0	1113751.0	-813447.0	300304.0	0.0		-1329550.0		0.0	-1329550.0	0.0	0.0	N/A	true	true		true			860,000 shares of Common Stock were sold to accredited investors pursuant to the exemption from registration pursuant to Rule 506(b) under Regulation D of the Securities Act of 1933, as amended
0001721868-19-000466	13195 U.S. Highway 221 N		Marion	NC	28752	559-434-1000	Karen Howard	Other	86071.0	0.0		0.0		0.0		3289975.0	4399.0			0.0	1663755.0	1621220.0	3289975.0	5113.0		82326.0		33564.0	-96307.0	0.0	0.0		true	true		true			Section 4(a)(2) of the Securities Act
0001731122-19-000584	2400 E. Colonial DR.	Ste 200	Orlando	FL	32801	407-447-5000	Kevin Kim Tae Kim	Other	160726.0	0.0		7595503.0		1465934.0		9222163.0	537035.0			0.0	537035.0	8685128.0	9222163.0	287150.0		92866.0		0.0	194284.0	0.0	0.0	Spiegel Accountancy Corp.	true	true		true		true	
0001520138-19-000353	Wellsburg Street #7		Cole Bay	P8	00000	949-264-1475	William R. Eilers, Esq.	Other	223.0	0.0		0.0		0.0		223.0	1008312.0			133696.0	1142009.0	-1141786.0	223.0	146788.0		17656.0		17656.0	-164444.0	0.0	0.0		true	true		true			Section 4(a)(2) and Rule 506 of Regulation D
0001520138-19-000350	1220 Fordham Drive		Sun City Center	FL	33573	516-375-6649	John V. Whitman Jr	Other	7.0	0.0		0.0		0.0		7.0	328282.0			0.0	329282.0	-329275.0	7.0	0.0		0.0		0.0	-86705.0	-0.05	-0.05		true	true		true		true	
0001477932-19-005636	411 Eastgate road, Suite A		Henderson	NV	89001	702-572-8050	William R. Eilers, Esq	Other	220.0	0.0		1324.0		0.0		1544.0	156424.0			0.0	1496925.0	-1495381.0	1544.0	0.0		0.0		0.0	2797656.0	0.02	0.01	None	true	true	true		true	false	Rule 506 of Regulation D and Section 3(a)(10) of the Securities Act
0001144204-19-046607	11 Dupont Circle NW	9th FL	WASHINGTON	DC	20036	202-584-0550	Bjorn Hall	Other	5000.0	0.0		0.0		0.0		5000.0	0.0			0.0	0.0	5000.0	5000.0	0.0		0.0		0.0	0.0	0.0	0.0	RSM US LLP	true	true		true			Rise Companies Corp. has purchased 500 common shares for a purchase price of $5,000 in a private offering. Such issuance was exempt from the registration requirements of the Securities Act pursuant to Section 4(a)(2) thereof.
0001477932-19-005622	18530 Mack Ave.		Gross Point Farms	MI	48236	833-226-4462	William R. Eilers, Esq.	Other	0.0	0.0		711675.0		0.0		711675.0	1425151.0			433389.0	1858540.0	-1146864.0	711675.0	0.0		-750.0		0.0	-750.0	0.0	0.0	UHY Kenya	true	true	false		true	true	
0001144204-19-046604	11 Dupont Circle NW	9th FL	WASHINGTON	DC	20036	202-584-0550	Bjorn Hall	Other	5000.0	0.0		0.0		0.0		5000.0	0.0			0.0	0.0	5000.0	5000.0	0.0		0.0		0.0	0.0	0.0	0.0	RSM US LLP	true	true		true			Rise Companies Corp. has purchased 500 common shares for a purchase price of $5,000 in a private offering. Such issuance was exempt from the registration requirements of the Securities Act pursuant to Section 4(a)(2) thereof.
0001721469-19-000017	1306 MONTE VISTA AVE., NO. 5		UPLAND	CA	91786	909-437-8390	Jack Jmaev - Attry for issuer	Other	998.0	0.0		0.0		0.0		998.0	0.0			0.0	0.0	998.0	998.0	0.0		2.0		0.0	-2.0	0.0	0.0	Kho & Patel	true	true	false	true	false	false	1933 ACT, SECT. 4(a)(2) - Sold 100 shares to promoter at formation.
0001683168-19-003109	4522 West Village Drive	Suite 215	Tampa	FL	33624	813-961-3051	Brian Higley, Esq.	Other	27579.0	0.0		65416.0		55065.0		347365.0	109627.0			14000.0	198627.0	148738.0	347365.0	346688.0		251550.0		12951.0	-133811.0	0.0	0.0	Accell Audit and Compliance, PA	true	true			true		Exempt from registration under Section 4(a)(2) Securities Act and Rules promulgated thereunder.
