ACCESSION_NUMBER	ED_ID	TYPE	NAME	OUTSTANDING	CUSIP	PUBLICYTRADED
0001683168-19-004103	1	Debt Securities	n/a	0	000000n/a	n/a
0001683168-19-004103	1	Common	Common Stock	15784717	000000000	OTCMarkets, Pink Open Market
0001683168-19-004103	1	Preferred	n/a	0	0000000na	n/a
0001213900-19-027279	1	Common	Class A Common	16432268	000000000	None
0001213900-19-027279	1	Preferred	None	0	000000000	None
0001213900-19-027279	1	Debt Securities	Corporate Notes	2300000	000000000	None
0001213900-19-027274	1	Debt Securities	n/a	0	000000000	n/a
0001213900-19-027274	2	Preferred	Series B Convertible Preferred	600000	000000000	n/a
0001213900-19-027274	3	Preferred	Series C Convertible Preferred	760000	000000000	n/a
0001213900-19-027274	1	Preferred	Series A Convertible Preferred	53000	000000000	n/a
0001213900-19-027274	1	Common	Common stock	26100665	00000GSFI	OTC Markets
0001213900-19-027270	1	Common	Common Stock	4725633	000000000	n/a
0001213900-19-027270	1	Debt Securities	n/a	0	000000000	n/a
0001213900-19-027270	4	Preferred	Series B Preferred Stock	1471487	000000000	n/a
0001213900-19-027270	3	Preferred	Series A-2 Preferred Stock	442402	000000000	n/a
0001213900-19-027270	2	Preferred	Series A-1 Preferred Stock	651465	000000000	n/a
0001213900-19-027270	1	Preferred	Series A Preferred Stock	846368	000000000	n/a
0001104659-19-076460	1	Common	Common Equity	985000	N/A000000	N/A
0001104659-19-076460	1	Debt Securities	Debt Securities	0	N/A000000	N/A
0001104659-19-076460	1	Preferred	Preferred Equity	1305000	92837P209	N/A
0001654954-19-014256	1	Preferred	none	0	000000000	none
0001654954-19-014256	1	Debt Securities	none	0	000000000	none
0001654954-19-014256	1	Common	Common	1	000000000	none
0001104659-19-076200	1	Common	Common Stock	100	000000000	N/A
0001104659-19-076200	1	Debt Securities	N/A	0	000000000	N/A
0001104659-19-076200	1	Preferred	N/A	0	000000000	N/A
0001493152-19-019716	1	Debt Securities	N/A	0	000000N/A	N/A
0001493152-19-019716	1	Preferred	Preferred Stock	5768956	000000N/A	N/A
0001493152-19-019716	1	Common	Common Stock	70135036	000000N/A	N/A
0001683168-19-004059	1	Debt Securities	none	0	0000000na	None
0001683168-19-004059	1	Preferred	Preferred Class A	500000	0000000na	None
0001683168-19-004059	2	Preferred	Preferred Class B	1500000	0000000na	None
0001683168-19-004059	1	Common	Common Stock	1659991381	13764N108	OTC Markets, Pink Open Market
0001104659-19-076049	1	Preferred	Series A Preferred Stock	0	000000N/A	N/A
0001104659-19-076049	1	Common	Common Stock	36146168	000000N/A	N/A
0001104659-19-076049	1	Debt Securities	Crowd Notes	787224	000000N/A	N/A
0001213900-19-026907	1	Debt Securities	n/a	0	000000000	n/a
0001213900-19-026907	1	Preferred	Class A Preferred Stock	790500000	000000000	n/a
0001213900-19-026907	2	Common	Class B Common Stock	12500000	000000000	n/a
0001213900-19-026907	1	Common	Class A Common Stock	138143990	00000AEPT	OTC Pink Market
0001493152-19-019647	1	Common	Membership Interests	100	000000000	NONE
0001493152-19-019647	1	Debt Securities	NONE	0	000000000	NONE
0001493152-19-019647	1	Preferred	None	0	000000000	NONE
0001663577-19-000429	1	Preferred	N/A	0	000000000	N/A
0001663577-19-000429	1	Debt Securities	N/A	0	000000000	N/A
0001663577-19-000429	1	Common	Common Stock	88294700	53222D201	OTCPink
0001786960-19-000005	1	Common	COMMON	4000000	00000000	none
0001786960-19-000005	1	Debt Securities		0		
0001786960-19-000005	1	Preferred	SERIES A Preferred	1000000	00000000	none
0001213900-19-026726	1	Preferred	n/a	0	000000000	n/a
0001213900-19-026726	9	Common	Series Drop 009	1	000000000	n/a
0001213900-19-026726	10	Common	Series Drop 010	1	000000000	n/a
0001213900-19-026726	8	Common	Series Drop 008	200	000000000	n/a
0001213900-19-026726	7	Common	Series Drop 007	1	000000000	n/a
0001213900-19-026726	6	Common	Series Drop 006	1	000000000	n/a
0001213900-19-026726	5	Common	Series Drop 005	1	000000000	n/a
0001213900-19-026726	4	Common	Series Drop 004	1	000000000	n/a
0001213900-19-026726	3	Common	Series Drop 003	1	000000000	n/a
0001213900-19-026726	2	Common	Series Drop 002	1	000000000	n/a
0001213900-19-026726	1	Common	Series #KW	10000	000000000	n/a
0001213900-19-026726	1	Debt Securities	n/a	0	000000000	n/a
0001493152-19-019550	1	Preferred	N/A	0	000000000	0
0001493152-19-019550	1	Common	Common Stock	2230562	000000000	0
0001493152-19-019550	1	Debt Securities	N/A	0	000000000	0
0001493152-19-019552	1	Preferred	N/A	0	000000000	N/A
0001493152-19-019552	1	Debt Securities	N/A	0	000000000	N/A
0001493152-19-019552	1	Common	Common shares	1430396	000000000	N/A
0001731122-19-000800	1	Debt Securities	Debt Securities	0	000000000	None
0001731122-19-000800	1	Common	Common Equity L P I	50000	000000000	None
0001731122-19-000800	1	Preferred	Preferred Equity	0	000000000	None
0001104659-19-074852	1	Preferred	N/A	0	000000N/A	N/A
0001104659-19-074852	1	Common	Common Stock	2426552	000000N/A	N/A
0001104659-19-074852	1	Debt Securities	N/A	0	000000N/A	N/A
0001477932-19-007214	1	Common	Interests in a Series LLC	2000	None	None
0001477932-19-007214	1	Debt Securities		0		
0001477932-19-007214	1	Preferred		0		
0001520138-19-000506	1	Debt Securities	none	0	000000000	none
0001520138-19-000506	2	Preferred	Series B Preferred Stock	8	000000008	none
0001520138-19-000506	1	Preferred	Series A Preferred Stock	1	000000000	none
0001520138-19-000506	1	Common	Common	1650271	84921A107	OTC
0001104659-19-074538	1	Preferred	N/A	0	000000N/A	N/A
0001104659-19-074538	1	Common	Class B Common Stock	18000000	000000N/A	N/A
0001104659-19-074538	1	Debt Securities	N/A	0	000000N/A	N/A
0001350455-19-000014	1	Debt Securities	None	0		
0001350455-19-000014	1	Common	None: Class B sold After Offer	0		
0001350455-19-000014	1	Preferred	None	0		
0001213900-19-026594	1	Debt Securities	None	0	000000000	None
0001213900-19-026594	1	Common	Common Stock	12074800	25460P104	None
0001213900-19-026594	1	Preferred	None	0	000000000	None
0001731122-19-000794	1	Debt Securities	Debt Securities	3928851	000000000	Convertible and Other Notes payable.
0001731122-19-000794	1	Common	Common Stock, $.001 par value	138109281	399844109	OTC Markets
0001731122-19-000794	1	Preferred	Series A /B Preferred Stock	100051	000000000	None
0001493152-19-019441	1	Debt Securities	N/A	0	000000000	NA
0001493152-19-019441	1	Common	N/A	753907656	18452H107	OTCQB
0001493152-19-019441	1	Preferred	Series D	6500	000000000	NA
0001387131-19-009666	1	Debt Securities	NA	0	000000000	NA
0001387131-19-009666	1	Common	NA	0	000000000	NA
0001387131-19-009666	1	Preferred	NA	0	000000000	NA
0001213900-19-026507	1	Preferred	None	0	000000000	None
0001213900-19-026507	1	Debt Securities	None	0	000000000	None
0001213900-19-026507	1	Common	Common Stock	12074800	25460P104	None
0001575705-19-000127	1	Debt Securities	None	0	000000000	None
0001575705-19-000127	1	Common	Common Stock	190382833	98154U101	OTC Pink Open Market
0001575705-19-000127	1	Preferred	None	0	000000000	None
0001104659-19-073868	1	Debt Securities		0		
0001104659-19-073868	1	Common	Units of LLC interests	0		
0001104659-19-073868	1	Preferred		0		
0001683168-19-004020	1	Common	Common Stock	147046461	23328Q109	OTC Pink
0001683168-19-004020	1	Debt Securities	None	0	000000N/A	N/A
0001683168-19-004020	1	Preferred	Preferred Stock	355000	000000N/A	N/A
0001748909-19-000002	1	Preferred	preferred	1000000	000000000	none
0001748909-19-000002	1	Common	common	3000000	000000000	nil
0001748909-19-000002	1	Debt Securities		0		
0001780914-19-000007	1	Preferred	N/A	0	N/A	N/A
0001780914-19-000007	1	Common	Class A Common Stock	1000	N/A	N/A
0001780914-19-000007	1	Debt Securities	N/A	0	N/A	N/A
0001780914-19-000007	2	Common	Class B Common Stock	26403750	N/A	N/A
0001104659-19-073149	1	Debt Securities	N/A	0	000000N/A	N/A
0001104659-19-073149	1	Preferred	N/A	0	000000N/A	N/A
0001104659-19-073149	1	Common	Common Shares	12395575	000000N/A	N/A
0001493152-19-019250	1	Common	Common Stock	25558355	02687R106	OTC Markets
0001493152-19-019250	1	Debt Securities	Promissory Notes	660208	000000000	n/a
0001493152-19-019250	1	Preferred	Preferred Stock	0	000000000	n/a
0001104659-19-072727	2	Preferred	Series A Preferred Stock	747373	000000N/A	N/A
0001104659-19-072727	1	Debt Securities	Convertible Promissory Notes	2050000	000000N/A	N/A
0001104659-19-072727	1	Common	Common Stock	1732585	000000N/A	N/A
0001104659-19-072727	1	Preferred	Series Seed	568796	000000N/A	N/A
0001493152-19-019221	1	Common	N/A	0	000000000	N/A
0001493152-19-019221	1	Debt Securities	Investment Certificates-RegA	81	000000000	N/A
0001493152-19-019221	1	Preferred	N/A	0	000000000	N/A
0001213900-19-026172	1	Common	Common Stock	12074800	25460P104	None
0001213900-19-026172	1	Preferred	None	0	000000000	None
0001213900-19-026172	1	Debt Securities	None	0	000000000	None
0001437749-19-024430	1	Debt Securities	None	0	N/A	None
0001437749-19-024430	1	Preferred	None	0	N/A	None
0001437749-19-024430	1	Common	Series A1	50	N/A	None
0001213900-19-026162	1	Common	Common Stock	354167918	189125107	OTCQB
0001213900-19-026162	1	Preferred	Series A Preferred Stock	10000	000000000	There is no trading market for these securities.
0001213900-19-026162	4	Preferred	Series D Preferred Stock	90000	000000000	There is no trading market for these securities.
0001213900-19-026162	5	Preferred	Series E Preferred Stock	10000	000000000	There is no trading market for these securities.
0001213900-19-026162	2	Preferred	Series B Preferred Stock	18025	000000000	There is no trading market for these securities.
0001213900-19-026162	1	Debt Securities	Convertible Notes	514830	000000000	There is no trading market for these securities.
0001213900-19-026162	3	Preferred	Series C Preferred Stock	14425	000000000	There is no trading market for these securities.
0001654954-19-013899	1	Common	Class A Units	100	000000000	none
0001654954-19-013899	1	Debt Securities	none	0		
0001654954-19-013899	1	Preferred	none	0		
0001683168-19-003955	1	Common	Common Stock	15784717	000000000	OTCMarkets, Pink Open Market
0001683168-19-003955	1	Debt Securities	n/a	0	000000n/a	n/a
0001683168-19-003955	1	Preferred	n/a	0	0000000na	n/a
0001104659-19-071967	2	Preferred	Series CF Preferred Stock	18826385	000000000	n/a
0001104659-19-071967	1	Common	Common Stock	85000000	000000000	n/a
0001104659-19-071967	1	Debt Securities	n/a	0	000000000	n/a
0001104659-19-071967	1	Preferred	Series Seed Preferred Stock	1799999	000000000	n/a
0001493152-19-019034	1	Preferred	Preferred Stock	5768956	000000N/A	N/A
0001493152-19-019034	1	Debt Securities	N/A	0	000000N/A	N/A
0001493152-19-019034	1	Common	Common Stock	70135036	000000N/A	N/A
0001213900-19-025894	1	Debt Securities	n/a	0	000000000	n/a
0001213900-19-025894	1	Preferred	Series A Convertible Preferred	53000	000000000	n/a
0001213900-19-025894	2	Preferred	Series B Convertible Preferred	600000	000000000	n/a
0001213900-19-025894	3	Preferred	Series C Convertible Preferred	760000	000000000	n/a
0001213900-19-025894	1	Common	Common stock	25834000	00000GSFI	OTC Markets
0001213900-19-025873	1	Common	Class A Common Stock	138143990	00000AEPT	OTC Pink Market
0001213900-19-025873	2	Common	Class B Common Stock	12500000	000000000	n/a
0001213900-19-025873	1	Preferred	Class A Preferred Stock	790500000	000000000	n/a
0001213900-19-025873	1	Debt Securities	n/a	0	000000000	n/a
0001493152-19-019016	1	Debt Securities	NONE	0	000000000	NONE
0001493152-19-019016	1	Preferred	None	0	000000000	NONE
0001493152-19-019016	1	Common	Membership Interests	100	000000000	NONE
0001786960-19-000004	1	Preferred	SERIES A Preferred	1000000	00000000	none
0001786960-19-000004	1	Debt Securities		0		
0001786960-19-000004	1	Common	COMMON	4000000	00000000	none
0001594062-19-000098	1	Preferred	n/a	0	n/a	n/a
0001594062-19-000098	1	Common	Common Stock	70000000	n/a	n/a
0001594062-19-000098	1	Debt Securities	n/a	0	n/a	n/a
0001104659-19-071461	1	Debt Securities	N/A	0	000000000	N/A
0001104659-19-071461	1	Common	Class B Units	12500000	000000000	N/A
0001104659-19-071461	1	Preferred	N/A	0	000000000	N/A
0001078782-19-000895	1	Debt Securities	None	0		
0001078782-19-000895	1	Preferred	Preferred Series A	0	None	None
0001078782-19-000895	1	Common	Common Stock	0	191261106	None
0001652577-19-000009	1	Preferred		0		
0001652577-19-000009	2	Common	Class B	26000000	88557R201	NA
0001652577-19-000009	1	Debt Securities		0		
0001652577-19-000009	1	Common	Class A	23259893	88557R201	NA
0001477932-19-007027	1	Preferred	Class A Interests	0		
0001477932-19-007027	1	Debt Securities	Debt Securities	0		
0001477932-19-007027	1	Common	Class B Interests	1000	None	None
0001477932-19-007021	1	Common	Common Stock	80164791	None	None
0001477932-19-007021	1	Preferred	None	0		
0001477932-19-007021	1	Debt Securities	None	0		
0001794009-19-000001	2	Preferred	Class H Preferred	10	000000000	None
0001794009-19-000001	4	Preferred	Class K Preferred	10	000000000	None
0001794009-19-000001	5	Preferred	Class N Preferred	7	000000000	None
0001794009-19-000001	6	Preferred	Class O Preferred	3	000000000	None
0001794009-19-000001	7	Preferred	Class P Preferred	3	000000000	None
0001794009-19-000001	1	Preferred	Class G Preferred	1	000000000	None
0001794009-19-000001	1	Common	Common Stock	3875000000	000000000	Common Stock
0001794009-19-000001	1	Debt Securities	Convertible Notes	1051650	000000000	None
0001794009-19-000001	3	Preferred	Class I Preferred	10	000000000	None
0001683168-19-003907	1	Preferred	none	0	000000N/A	N/A
0001683168-19-003907	1	Common	See Part II for full listing	18675	000000N/A	N/A
0001683168-19-003907	1	Debt Securities	none	0	000000N/A	N/A
0001445866-19-001437	1	Debt Securities		0	n/a	n/a
0001445866-19-001437	1	Common	COMMON	19995000	n/a	n/a
0001445866-19-001437	1	Preferred	Preferred	5000	n/a	n/a
0001350455-19-000013	1	Preferred	None	0		
0001350455-19-000013	1	Debt Securities	None	0		
0001350455-19-000013	1	Common	None: Class B sold After Offer	0		
0001104659-19-070290	2	Preferred	Series A Preferred Stock	747373	000000N/A	N/A
0001104659-19-070290	1	Preferred	Series Seed	568796	000000N/A	N/A
0001104659-19-070290	1	Debt Securities	Convertible Promissory Notes	2632000	000000N/A	N/A
0001104659-19-070290	1	Common	Common Stock	2098290	000000N/A	N/A
0001104659-19-070254	1	Common	Common Stock A and B	28078904	000000000	N/A
0001104659-19-070254	1	Debt Securities	None	0	000000000	N/A
0001104659-19-070254	1	Preferred	Series A Preferred Stock	1657396	000000000	N/A
0001768126-19-000022	1	Preferred		0		
0001768126-19-000022	5	Common	Series #POTTER	3000	0	None
0001768126-19-000022	4	Common	Series #10COBB	1000	0	None
0001768126-19-000022	3	Common	Series #RLEXPEPSI	2000	0	None
0001768126-19-000022	2	Common	Series #71MAYS	2000	0	None
0001768126-19-000022	9	Common	Series #SMURF	2000	0	None
0001768126-19-000022	7	Common	Serie #FROST	200	0	None
0001768126-19-000022	1	Debt Securities		0		
0001768126-19-000022	8	Common	Series #BIRKINBLEU	1000	0	None
0001768126-19-000022	1	Common	Series #52MANTLE	1000	0	None
0001768126-19-000022	6	Common	Series #TWOCITIES	200	0	None
0001628279-19-000354	1	Preferred		0		
0001628279-19-000354	1	Debt Securities	Debt Payable by Assets	894254	000000000	N/A
0001628279-19-000354	1	Common	Common	139189499	000000000	N/A
0001731122-19-000750	1	Common	Common Stock, $.001 par value	138109281	399844109	OTC Markets
0001731122-19-000750	1	Debt Securities	Debt Securities	3928851	000000000	Convertible and Other Notes payable.
0001731122-19-000750	1	Preferred	Series A /B Preferred Stock	100051	000000000	None
0001780914-19-000006	1	Preferred	N/A	0	N/A	N/A
0001780914-19-000006	2	Common	Class B Common Stock	25894000	N/A	N/A
0001780914-19-000006	1	Common	Class A Common Stock	1000	N/A	N/A
0001780914-19-000006	1	Debt Securities	N/A	0	N/A	N/A
0001520138-19-000493	2	Preferred	Series B Preferred Stock	8	000000008	none
0001520138-19-000493	1	Preferred	Series A Preferred Stock	1	000000000	none
0001520138-19-000493	1	Debt Securities	none	0	000000000	none
0001520138-19-000493	1	Common	Common	1650271	84921A107	OTC
0001214659-19-007565	1	Common	Common Stock	200000000	000000000	N/A
0001214659-19-007565	1	Debt Securities	N/A	0	000000000	N/A
0001214659-19-007565	1	Preferred	N/A	0	000000000	N/A
0001758533-19-000002	2	Common	Class B Common	36200000	N/A	N/A
0001758533-19-000002	1	Common	Class A Common	920	N/A	N/A
0001758533-19-000002	1	Debt Securities	N/A	0	N/A	N/A
0001758533-19-000002	1	Preferred	Preferred	0	N/A	N/A
0001683168-19-003872	1	Common	Common Stock	80448	000000000	N/A
0001683168-19-003872	1	Debt Securities	N/A	0	000000000	N/A
0001683168-19-003872	1	Preferred	Series A Preferred Stock	1385555	000000000	N/A
0001104659-19-069308	2	Preferred	Series A Preferred Stock	747373	000000N/A	N/A
0001104659-19-069308	1	Common	Common Stock	1732585	000000N/A	N/A
0001104659-19-069308	1	Debt Securities	Convertible Promissory Notes	2050000	000000N/A	N/A
0001104659-19-069308	1	Preferred	Series Seed	568796	000000N/A	N/A
0001703429-19-000047	1	Debt Securities	None	0	000000000	None
0001703429-19-000047	1	Preferred	None	0	000000000	None
0001703429-19-000047	1	Common	Common	333999673	45338P102	OTC Pink Market Tier
0001213900-19-025029	1	Preferred	n/a	0	000000000	n/a
0001213900-19-025029	3	Common	Series Collection Drop 003	1	000000000	n/a
0001213900-19-025029	2	Common	Series Collection Drop 002	1	000000000	n/a
0001213900-19-025029	1	Debt Securities	n/a	0	000000000	n/a
0001213900-19-025029	1	Common	Series Collection Drop 001	1	000000000	n/a
0001493152-19-018544	1	Common	Membership Interests	100	000000000	NONE
0001493152-19-018544	1	Debt Securities	NONE	0	000000000	NONE
0001493152-19-018544	1	Preferred	None	0	000000000	NONE
0001214659-19-007447	3	Common	Warrants to Acquire Common Stk	6652035	000000000	N/A
0001214659-19-007447	2	Common	Options to Purchase Common Stk	23675000	000000000	N/A
0001214659-19-007447	1	Common	Common Equity	63662858	000000000	N/A
0001214659-19-007447	1	Debt Securities	Debt Securities	0	000000000	N/A
0001214659-19-007447	1	Preferred	Series A Preferred Equity	750000	000000000	N/A
0001213900-19-024993	1	Common	Class A Common	16432268	000000000	None
0001213900-19-024993	1	Debt Securities	Corporate Notes	2300000	000000000	None
0001213900-19-024993	1	Preferred	None	0	000000000	None
0001688804-19-000027	10	Common	#98DV1	2000	0	None
0001688804-19-000027	4	Common	Series #88LJ1	2000	0	None
0001688804-19-000027	1	Debt Securities		0		
0001688804-19-000027	9	Common	Series #83FB1	5000	0	None
0001688804-19-000027	3	Common	Series #85FT1	2000	0	None
0001688804-19-000027	1	Common	Series #77LE1	2000	0	None
0001688804-19-000027	7	Common	Series #90FM1	2000	0	None
0001688804-19-000027	6	Common	Series #95BL1	2000	0	None
0001688804-19-000027	5	Common	Series #55PS1	2000	0	None
0001688804-19-000027	1	Preferred		0		
0001688804-19-000027	2	Common	Series #69BM1	2000	0	None
0001688804-19-000027	8	Common	Series #89PS1	2000	0	None
0001078782-19-000880	1	Common	Common Stock	4730000	None	None
0001078782-19-000880	1	Debt Securities		0		
0001078782-19-000880	1	Preferred	Preferred Stock	1000000	None	None
0001766914-19-000011	1	Debt Securities	NA	0	NA	NA
0001766914-19-000011	1	Preferred	NA	0	NA	NA
0001766914-19-000011	1	Common	Class A Units	9000000	NA	NA
0001213900-19-024864	1	Preferred	Series A	4000000	000000000	N/A
0001213900-19-024864	1	Common	Common Stock	83733065	75990A200	OTC
0001213900-19-024864	1	Debt Securities	None	0	000000000	N/A
0001078782-19-000879	1	Preferred	Preferred Stock	0		
0001078782-19-000879	1	Debt Securities	Debt	1022408	None	None
0001078782-19-000879	1	Common	Common Stock	16293519	46265G107	OTC Pink
0001214659-19-007418	1	Common	NONE	0	00000NONE	NONE
0001214659-19-007418	1	Debt Securities	NONE	0	00000NONE	NONE
0001214659-19-007418	1	Preferred	NONE	0	00000NONE	NONE
0001104659-19-067789	1	Common	Class B Common Stock	1600000	000000000	N/A
0001104659-19-067789	1	Preferred	N/A	0	000000000	N/A
0001104659-19-067789	1	Debt Securities	N/A	0	000000000	N/A
0001213900-19-024767	2	Preferred	Series A-1 Preferred Stock	651465	000000000	n/a
0001213900-19-024767	1	Preferred	Series A Preferred Stock	846368	000000000	n/a
0001213900-19-024767	1	Common	Common Stock	4725633	000000000	n/a
0001213900-19-024767	4	Preferred	Series B Preferred Stock	1471487	000000000	n/a
0001213900-19-024767	3	Preferred	Series A-2 Preferred Stock	442402	000000000	n/a
0001213900-19-024767	1	Debt Securities	n/a	0	000000000	n/a
0001213900-19-024754	1	Preferred	Class A Preferred Stock	790500000	000000000	n/a
0001213900-19-024754	1	Common	Class A Common Stock	138143990	00000AEPT	OTC Pink Market
0001213900-19-024754	2	Common	Class B Common Stock	12500000	000000000	n/a
0001213900-19-024754	1	Debt Securities	n/a	0	000000000	n/a
0001794352-19-000002	1	Debt Securities		0		
0001794352-19-000002	1	Preferred		0		
0001794352-19-000002	1	Common		0		
0001493152-19-018437	1	Preferred	None	0	000000000	NONE
0001493152-19-018437	1	Debt Securities	NONE	0	000000000	NONE
0001493152-19-018437	1	Common	Membership Interests	100	000000000	NONE
0001683168-19-003825	1	Debt Securities	none	0	0000000na	na
0001683168-19-003825	1	Common	Class A and B Common Stock	1390110900	0000000na	na
0001683168-19-003825	1	Preferred	none	0	0000000na	na
0001104659-19-067325	1	Debt Securities	N/A	0	000000N/A	N/A
0001104659-19-067325	1	Common	Class A Common	2361000	000000N/A	N/A
0001104659-19-067325	1	Preferred	N/A	0	000000N/A	N/A
0001104659-19-067325	3	Common	Class C Common	352020	000000N/A	N/A
0001104659-19-067325	2	Common	Class B Common	989800	000000N/A	N/A
0001683168-19-003812	1	Common	Common Stock	15784717	000000000	OTCMarkets, Pink Open Market
0001683168-19-003812	1	Preferred	n/a	0	0000000na	n/a
0001683168-19-003812	1	Debt Securities	n/a	0	000000n/a	n/a
0001019056-19-000657	1	Preferred	Perferred Stock	0	000000000	N/A
0001019056-19-000657	1	Debt Securities	N/A	0	000000000	N/A
0001019056-19-000657	1	Common	Common Stock	244490000	74349G109	N/A
0001193125-19-299627	1	Debt Securities	N/A	0	000000000	N/A
0001193125-19-299627	1	Preferred	N/A	0	000000000	N/A
0001193125-19-299627	1	Common	Common Shares	550100	000000000	N/A
0001683168-19-003810	1	Debt Securities	none	0	0000000na	N/A
0001683168-19-003810	1	Common	Class A	12605000	0000000na	N/A
0001683168-19-003810	1	Preferred	Preferred Stock	0	0000000na	N/A
0001683168-19-003810	2	Common	Class B	4000000	0000000na	N/A
0001683168-19-003808	1	Common	Common Stock	1659991381	0000000na	OTC Markets, Pink Open Market
0001683168-19-003808	1	Preferred	Preferred Class A	500000	0000000na	None
0001683168-19-003808	2	Preferred	Preferred Class B	1500000	0000000na	None
0001683168-19-003808	1	Debt Securities	none	0	0000000na	None
0001078782-19-000875	1	Common	Common Stock	0	191261106	None
0001078782-19-000875	1	Debt Securities	None	0		
0001078782-19-000875	1	Preferred	Preferred Series A	0	None	None
0001104659-19-066538	1	Preferred	N/A	0	000000N/A	N/A
0001104659-19-066538	1	Debt Securities	Convertible Notes	244072	000000N/A	N/A
0001104659-19-066538	1	Common	Class F Stock	3000000	000000N/A	N/A
0001594062-19-000095	1	Common	Common Stock	70000000	n/a	n/a
0001594062-19-000095	1	Debt Securities	n/a	0	n/a	n/a
0001594062-19-000095	1	Preferred	n/a	0	n/a	n/a
0001193125-19-297300	1	Debt Securities	N/A	0	000000000	N/A
0001193125-19-297300	1	Preferred	N/A	0	000000000	N/A
0001193125-19-297300	1	Common	Common Shares	550100	000000000	N/A
0001683168-19-003772	1	Debt Securities	N/A	0	000000000	N/A
0001683168-19-003772	1	Preferred	Series A Preferred Stock	1385555	000000000	N/A
0001683168-19-003772	1	Common	Common Stock	80448	000000000	N/A
0001213900-19-024225	2	Preferred	Series B Preferred Stock	18025	000000000	There is no trading market for these securities.
0001213900-19-024225	1	Preferred	Series A Preferred Stock	10000	000000000	There is no trading market for these securities.
0001213900-19-024225	1	Common	Common Stock	173041338	189125107	OTCQB
0001213900-19-024225	3	Preferred	Series C Preferred Stock	14425	000000000	There is no trading market for these securities.
0001213900-19-024225	5	Preferred	Series E Preferred Stock	10000	000000000	There is no trading market for these securities.
0001213900-19-024225	1	Debt Securities	Convertible Notes	514830	000000000	There is no trading market for these securities.
0001213900-19-024225	4	Preferred	Series D Preferred Stock	90000	000000000	There is no trading market for these securities.
0001493152-19-018130	1	Debt Securities	Convertible Notes	9465196	000000000	n/a
0001493152-19-018130	2	Preferred	Series B Conv. Preferred Stock	1543245	000000000	n/a
0001493152-19-018130	3	Preferred	Series C Conv. Preferred Stock	821292	000000000	n/a
0001493152-19-018130	1	Preferred	Series A Conv. Preferred Stock	2552642	000000000	n/a
0001493152-19-018130	1	Common	Common Stock	178585821	92858K204	OTCQB Marketplace
0001350455-19-000012	1	Debt Securities	None	0		
0001350455-19-000012	1	Preferred	None	0		
0001350455-19-000012	1	Common	None: Class B sold After Offer	0		
0001104659-19-065748	1	Common	Class B Units	12500000	000000000	N/A
0001104659-19-065748	1	Debt Securities	N/A	0	000000000	N/A
0001104659-19-065748	1	Preferred	N/A	0	000000000	N/A
0001104659-19-065742	2	Preferred	Series A Preferred Stock	747373	000000N/A	N/A
0001104659-19-065742	1	Common	Common Stock	1732585	000000N/A	N/A
0001104659-19-065742	1	Debt Securities	Convertible Promissory Notes	2050000	000000N/A	N/A
0001104659-19-065742	1	Preferred	Series Seed	568796	000000N/A	N/A
0001654954-19-013198	1	Common	common	1	000000000	none
0001654954-19-013198	1	Preferred	none	0	000000000	none
0001654954-19-013198	1	Debt Securities	none	0	000000000	none
0001731122-19-000727	1	Preferred	Preferred Equity	0	000000000	None
0001731122-19-000727	1	Common	Common Equity L P I	50000	000000000	None
0001731122-19-000727	1	Debt Securities	Debt Securities	0	000000000	None
0001214659-19-007247	1	Debt Securities	N/A	0	000000N/A	N/A
0001214659-19-007247	1	Common	Voting, $1.00 Par Value	50000	000000N/A	N/A
0001214659-19-007247	1	Preferred	Class A Non-Voting $1,000 Par	0	000000N/A	N/A
0001768126-19-000020	2	Common	#71MAYS	2000	0	None
0001768126-19-000020	1	Common	#52MANTLE	1000	0	None
0001768126-19-000020	1	Debt Securities		0		
0001768126-19-000020	1	Preferred		0		
0001768126-19-000020	3	Common	#RLEXPEPSI	2000	0	None
0001768126-19-000020	4	Common	#10COBB	1000	0	None
0001104659-19-064771	1	Preferred	N/A	0	000000000	N/A
0001104659-19-064771	1	Common	N/A	0	000000000	N/A
0001104659-19-064771	1	Debt Securities	N/A	0	000000000	N/A
0001721868-19-000541	1	Debt Securities	0	0	000000000	0
0001721868-19-000541	1	Common	5000000000	3741520603	000682203	OTC Markets
0001721868-19-000541	1	Preferred	30000000	25000000	0000000NA	NA
0001213900-19-023652	1	Preferred	N/A	0	000000000	N/A
0001213900-19-023652	1	Debt Securities	N/A	0	000000000	N/A
0001213900-19-023652	1	Common	Common stock	428444556	001789383	OTC Pink Sheets Open Market
0001754259-19-000004	1	Debt Securities		0		
0001754259-19-000004	1	Preferred		0		
0001754259-19-000004	1	Common	Common Shares	6673411	None	None
0001104659-19-064397	1	Debt Securities		0		
0001104659-19-064397	1	Common	Units of LLC interests	0		
0001104659-19-064397	1	Preferred		0		
0001683168-19-003614	1	Debt Securities	None	0	000000N/A	N/A
0001683168-19-003614	1	Common	Common Stock	147046461	23328Q109	OTC Pink
0001683168-19-003614	1	Preferred	Preferred Stock	355000	000000N/A	N/A
0001766914-19-000010	1	Common	Class A Units	9000000	NA	NA
0001766914-19-000010	1	Preferred	NA	0	NA	NA
0001766914-19-000010	1	Debt Securities	NA	0	NA	NA
0001683168-19-003558	1	Preferred	None	0	000000000	none
0001683168-19-003558	1	Common	Common Stock	986207888	36830v101	none
0001683168-19-003558	1	Debt Securities	None	0	000000000	none
0001104659-19-063037	1	Debt Securities	Convertible Promissory Notes	2050000	000000N/A	N/A
0001104659-19-063037	1	Preferred	Series Seed	568796	000000N/A	N/A
0001104659-19-063037	1	Common	Common Stock	1732585	000000N/A	N/A
0001104659-19-063037	2	Preferred	Series A Preferred Stock	747373	000000N/A	N/A
0001780914-19-000005	2	Common	Class B Common Stock	25894000	N/A	N/A
0001780914-19-000005	1	Common	Class A Common Stock	1000	N/A	N/A
0001780914-19-000005	1	Preferred	N/A	0	N/A	N/A
0001780914-19-000005	1	Debt Securities	N/A	0	N/A	N/A
0001213900-19-022963	4	Preferred	Series B Preferred Stock	1471487	000000000	n/a
0001213900-19-022963	3	Preferred	Series A-2 Preferred Stock	442402	000000000	n/a
0001213900-19-022963	1	Debt Securities	n/a	0	000000000	n/a
0001213900-19-022963	2	Preferred	Series A-1 Preferred Stock	651465	000000000	n/a
0001213900-19-022963	1	Preferred	Series A Preferred Stock	846368	000000000	n/a
0001213900-19-022963	1	Common	Common Stock	4725633	000000000	n/a
0001213900-19-022895	10	Common	Series Drop 010	1	000000000	n/a
0001213900-19-022895	1	Preferred	n/a	0	000000000	n/a
0001213900-19-022895	9	Common	Series Drop 009	1	000000000	n/a
0001213900-19-022895	8	Common	Series Drop 008	1	000000000	n/a
0001213900-19-022895	7	Common	Series Drop 007	1	000000000	n/a
0001213900-19-022895	6	Common	Series Drop 006	1	000000000	n/a
0001213900-19-022895	5	Common	Series Drop 005	1	000000000	n/a
0001213900-19-022895	4	Common	Series Drop 004	1	000000000	n/a
0001213900-19-022895	3	Common	Series Drop 003	1	000000000	n/a
0001213900-19-022895	2	Common	Series Drop 002	1	000000000	n/a
0001213900-19-022895	1	Common	Series #KW	1	000000000	n/a
0001213900-19-022895	1	Debt Securities	n/a	0	000000000	n/a
0001654954-19-012689	1	Debt Securities	none	0		
0001654954-19-012689	1	Common	Class A Units	100	000000000	none
0001654954-19-012689	1	Preferred	none	0		
0001520138-19-000435	1	Preferred	Series A Preferred Stock	1	000000000	none
0001520138-19-000435	2	Preferred	Series B Preferred Stock	8	000000008	none
0001520138-19-000435	1	Debt Securities	none	0	000000000	none
0001520138-19-000435	1	Common	Common	1650271	84921A107	OTC
0001104659-19-061980	1	Debt Securities	Convertible Promissory Notes	2050000	000000N/A	N/A
0001104659-19-061980	2	Preferred	Series A Preferred Stock	747373	000000N/A	N/A
0001104659-19-061980	1	Preferred	Series Seed	568796	000000N/A	N/A
0001104659-19-061980	1	Common	Common Stock	1732585	000000N/A	N/A
0001214659-19-006986	1	Preferred	Class A Non-Voting $1,000 Par	0	000000N/A	N/A
0001214659-19-006986	1	Debt Securities	N/A	0	000000N/A	N/A
0001214659-19-006986	1	Common	Voting, $1.00 Par Value	50000	000000N/A	N/A
0001104659-19-061840	1	Common	Class A Common	119980991	75601N500	OTCQX
0001104659-19-061840	1	Preferred	N/A	0	000000N/A	N/A
0001104659-19-061840	1	Debt Securities	N/A	0	000000N/A	N/A
0001493152-19-016742	1	Preferred	Preferred Stock	5768956	000000N/A	N/A
0001493152-19-016742	1	Common	Common Stock	70135036	000000N/A	N/A
0001493152-19-016742	1	Debt Securities	N/A	0	000000N/A	N/A
0000950123-19-010441	1	Debt Securities	N/A	0	000000000	N/A
0000950123-19-010441	1	Preferred	N/A	0	000000000	N/A
0000950123-19-010441	1	Common	Common Shares	550100	000000000	N/A
0001104659-19-061759	1	Common	Class F Stock	3000000	000000N/A	N/A
0001104659-19-061759	1	Debt Securities	Convertible Notes	244072	000000N/A	N/A
0001104659-19-061759	1	Preferred	N/A	0	000000N/A	N/A
0001683168-19-003500	1	Preferred	Series A	100000	0000000na	n/a
0001683168-19-003500	1	Debt Securities	none	0	0000000na	na
0001683168-19-003500	1	Common	Common	411424670	24803B104	OTC
0001683168-19-003500	2	Preferred	Series B	200	0000000na	n/a
0001376474-19-000271	1	Common	Class A	120000	000000000	---
0001376474-19-000271	1	Debt Securities		0		
0001376474-19-000271	1	Preferred		0		
0001376474-19-000271	2	Common	Class B	200000	000000000	---
0001703429-19-000045	1	Common	Common	333999673	45338P102	OTC Pink Market Tier
0001703429-19-000045	1	Preferred	None	0	000000000	None
0001703429-19-000045	1	Debt Securities	None	0	000000000	None
0001683168-19-003490	1	Debt Securities	n/a	0	000000n/a	n/a
0001683168-19-003490	1	Common	Common Stock	15784717	000000000	OTCMarkets, Pink Open Market
0001683168-19-003490	1	Preferred	n/a	0	0000000na	n/a
0001683168-19-003477	1	Common	Common Stock	15784717	000000000	OTCMarkets, Pink Open Market
0001683168-19-003477	1	Preferred	n/a	0	0000000na	n/a
0001683168-19-003477	1	Debt Securities	n/a	0	000000n/a	n/a
0001104659-19-060731	1	Common	Class A Common	119980991	75601N500	OTCQX
0001104659-19-060731	1	Preferred	N/A	0	000000N/A	N/A
0001104659-19-060731	1	Debt Securities	N/A	0	000000N/A	N/A
0001104659-19-060455	1	Common	Common Stock	1274935	000000N/A	N/A
0001104659-19-060455	2	Preferred	Series B Preferred Stock	997616	000000N/A	N/A
0001104659-19-060455	1	Preferred	Series A Preferred Stock	769784	000000N/A	N/A
0001104659-19-060455	1	Debt Securities	N/A	0	000000N/A	N/A
0001683168-19-003443	1	Debt Securities	None	0	000000000	N/A
0001683168-19-003443	1	Preferred	Class E	25000000	000000000	N/A
0001683168-19-003443	1	Common	Class A	0	000000000	N/A
0001575705-19-000107	1	Common	Common Stock	190382833	98154U101	OTC Pink Open Market
0001575705-19-000107	1	Debt Securities	None	0	000000000	None
0001575705-19-000107	1	Preferred	None	0	000000000	None
0001771443-19-000006	1	Debt Securities		0		
0001771443-19-000006	1	Common	Common Shares	5000000	None	None
0001771443-19-000006	1	Preferred		0		
0001771443-19-000004	1	Common	Common	16000000	N/A	N/A
0001771443-19-000004	1	Preferred	Preferred	0	N/A	N/A
0001771443-19-000004	1	Debt Securities	None	0	N/A	N/A
0001104659-19-059058	1	Preferred	N/A	0	000000000	N/A
0001104659-19-059058	1	Common	Common Shares	4696340	000000000	N/A
0001104659-19-059058	1	Debt Securities	N/A	0	000000000	N/A
0001104659-19-059073	1	Common	N/A	0	000000000	N/A
0001104659-19-059073	1	Preferred	N/A	0	000000000	N/A
0001104659-19-059073	1	Debt Securities	N/A	0	000000000	N/A
0001104659-19-059135	1	Preferred	N/A	0	000000000	N/A
0001104659-19-059135	1	Common	Limited Partnership Interest	1	000000N/A	N/A
0001104659-19-059135	1	Debt Securities	N/A	0	000000000	N/A
0001104659-19-059061	1	Common	Common Shares	4739121	000000000	N/A
0001104659-19-059061	1	Preferred	N/A	0	000000000	N/A
0001104659-19-059061	1	Debt Securities	N/A	0	000000000	N/A
0001725129-19-000006	1	Preferred		0		
0001725129-19-000006	1	Common	Common	139189499	000000000	N/A
0001725129-19-000006	1	Debt Securities	Debt Payable by Assets	894254	000000000	N/A
0001766914-19-000009	1	Common	Class A Units	9000000	NA	NA
0001766914-19-000009	1	Debt Securities	NA	0	NA	NA
0001766914-19-000009	1	Preferred	NA	0	NA	NA
0001350455-19-000011	1	Preferred	None	0		
0001350455-19-000011	1	Common	None: Class B sold After Offer	0		
0001350455-19-000011	1	Debt Securities	None	0		
0001213900-19-021648	5	Preferred	Series E Preferred Stock	10000	000000000	There is no trading market for these securities.
0001213900-19-021648	3	Preferred	Series C Preferred Stock	14425	000000000	There is no trading market for these securities.
0001213900-19-021648	4	Preferred	Series D Preferred Stock	90000	000000000	There is no trading market for these securities.
0001213900-19-021648	2	Preferred	Series B Preferred Stock	18025	000000000	There is no trading market for these securities.
0001213900-19-021648	1	Debt Securities	Convertible Notes	657393	000000000	There is no trading market for these securities.
0001213900-19-021648	1	Preferred	Series A Preferred Stock	10000	000000000	There is no trading market for these securities.
0001213900-19-021648	1	Common	Common Stock	137512588	189125107	OTCQB
0001213900-19-021621	1	Debt Securities	Secured Convertible Note	714286	000000000	n/a
0001213900-19-021621	1	Common	Common Shares	3165625	28252B309	OTC Pink Market
0001213900-19-021621	1	Preferred	Allocation Shares	1000	000000000	n/a
0001078782-19-000803	1	Common	Common Stock	16103713	46265G107	OTC Pink
0001078782-19-000803	1	Debt Securities	Debt	832602	None	None
0001078782-19-000803	1	Preferred	Preferred Stock	0		
0001445866-19-001284	1	Preferred	Preferred	5000	n/a	n/a
0001445866-19-001284	1	Common	COMMON	19995000	n/a	n/a
0001445866-19-001284	1	Debt Securities		0	n/a	n/a
0001104659-19-057999	1	Preferred	N/A	0	000000N/A	N/A
0001104659-19-057999	1	Debt Securities	N/A	0	000000N/A	N/A
0001104659-19-057999	1	Common	Common Stock	2426552	000000N/A	N/A
0001065949-19-000150	1	Common	Common Stock	12354200	655186302	OTC
0001065949-19-000150	1	Debt Securities		0		
0001065949-19-000150	1	Preferred		0		
0001104659-19-057586	2	Preferred	Series A Preferred Stock	747373	000000N/A	N/A
0001104659-19-057586	1	Debt Securities	Convertible Promissory Notes	2050000	000000N/A	N/A
0001104659-19-057586	1	Common	Common Stock	1732585	000000N/A	N/A
0001104659-19-057586	1	Preferred	Series Seed	568796	000000N/A	N/A
0001104659-19-057477	1	Common	Class A Common	119980991	75601N500	OTCQX
0001104659-19-057477	1	Debt Securities	N/A	0	000000N/A	N/A
0001104659-19-057477	1	Preferred	N/A	0	000000N/A	N/A
0001731122-19-000640	1	Common	Common Stock, $.001 par value	138109281	399844109	OTC Markets
0001731122-19-000640	1	Debt Securities	Debt Securities	3928851	000000000	Convertible and Other Notes payable.
0001731122-19-000640	1	Preferred	Series A /B Preferred Stock	100051	000000000	None
0001775196-19-000014	1	Debt Securities		0		
0001775196-19-000014	1	Common	Class A Common Stock	4130000	0	Not trading
0001775196-19-000014	2	Common	Class B Common Stock	11000000	0	Not trading
0001775196-19-000014	1	Preferred		0		
0001646269-19-000013	1	Preferred		0		
0001646269-19-000013	1	Debt Securities		0		
0001646269-19-000013	1	Common	Common Stock	6508246	NA	NA
0001646269-19-000012	1	Common	Common Stock	6508246	NA	NA
0001646269-19-000012	1	Debt Securities		0		
0001646269-19-000012	1	Preferred		0		
0001104659-19-057158	1	Debt Securities	None	0	000000000	None
0001104659-19-057158	1	Common	Common Shares	500	000000000	None
0001104659-19-057158	1	Preferred	None	0	000000000	None
0001104659-19-057149	1	Debt Securities	None	0	000000000	None
0001104659-19-057149	1	Common	Common Shares	500	000000000	None
0001104659-19-057149	1	Preferred	None	0	000000000	None
0001104659-19-057143	1	Preferred	None	0	000000000	None
0001104659-19-057143	1	Debt Securities	None	0	000000000	None
0001104659-19-057143	1	Common	Common Shares	500	000000000	None
0001104659-19-057028	1	Preferred	Series Seed Preferred Stock	1799999	000000000	n/a
0001104659-19-057028	1	Common	Common Stock	85000000	000000000	n/a
0001104659-19-057028	1	Debt Securities	n/a	0	000000000	n/a
0001104659-19-057028	2	Preferred	Series CF Preferred Stock	18826385	000000000	n/a
0001646269-19-000011	1	Common	Common Stock	6508246	NA	NA
0001646269-19-000011	1	Preferred		0		
0001646269-19-000011	1	Debt Securities		0		
0001615774-19-013599	1	Preferred	Preference Series AA	1000	000000000	n/a
0001615774-19-013599	1	Common	Common Stock	385563721	37253Y101	OTC Pink Sheets
0001615774-19-013599	1	Debt Securities	None	0	000000000	n/a
0001646269-19-000010	1	Common	Common Stock	6508246	NA	NA
0001646269-19-000010	1	Debt Securities		0		
0001646269-19-000010	1	Preferred		0		
0001104659-19-056638	2	Preferred	Series A Preferred Stock	747373	000000N/A	N/A
0001104659-19-056638	1	Debt Securities	Convertible Promissory Notes	2050000	000000N/A	N/A
0001104659-19-056638	1	Common	Common Stock	1732585	000000N/A	N/A
0001104659-19-056638	1	Preferred	Series Seed	568796	000000N/A	N/A
0001477932-19-006034	1	Common	1200000	0		
0001477932-19-006034	1	Debt Securities		0		
0001477932-19-006034	1	Preferred		0		
0001104659-19-056575	1	Common	Common Stock	1732585	000000N/A	N/A
0001104659-19-056575	2	Preferred	Series A Preferred Stock	747373	000000N/A	N/A
0001104659-19-056575	1	Preferred	Series Seed	568796	000000N/A	N/A
0001104659-19-056575	1	Debt Securities	Convertible Promissory Notes	2050000	000000N/A	N/A
0001104659-19-056558	1	Common	Class F Stock	3000000	000000N/A	N/A
0001104659-19-056558	1	Debt Securities	Convertible Notes	244072	000000N/A	N/A
0001104659-19-056558	1	Preferred	N/A	0	000000N/A	N/A
0001213900-19-021142	5	Preferred	Series E Preferred Stock	10000	000000000	There is no trading market for these securities.
0001213900-19-021142	2	Preferred	Series B Preferred Stock	18025	000000000	There is no trading market for these securities.
0001213900-19-021142	4	Preferred	Series D Preferred Stock	90000	000000000	There is no trading market for these securities.
0001213900-19-021142	1	Preferred	Series A Preferred Stock	10000	000000000	There is no trading market for these securities.
0001213900-19-021142	1	Common	Common Stock	137512588	189125107	OTCQB
0001213900-19-021142	1	Debt Securities	Convertible Notes	657393	000000000	There is no trading market for these securities.
0001213900-19-021142	3	Preferred	Series C Preferred Stock	14425	000000000	There is no trading market for these securities.
0001766914-19-000008	1	Preferred	NA	0	NA	NA
0001766914-19-000008	1	Common	Class A Units	9000000	NA	NA
0001766914-19-000008	1	Debt Securities	NA	0	NA	NA
0001104659-19-056226	1	Common	Common Stock	343951	33622A106	N/A
0001104659-19-056226	1	Debt Securities	N/A	0	000000000	N/A
0001104659-19-056226	1	Preferred	N/A	0	000000000	N/A
0001721469-19-000024	1	Common	COMMON	100	0	0
0001721469-19-000024	1	Debt Securities		0		
0001721469-19-000024	1	Preferred		0		
0000950123-19-009686	1	Preferred	N/A	0	000000000	N/A
0000950123-19-009686	1	Debt Securities	N/A	0	000000000	N/A
0000950123-19-009686	1	Common	Common Shares	550100	000000000	N/A
0001780914-19-000004	1	Debt Securities	N/A	0	N/A	N/A
0001780914-19-000004	1	Preferred	N/A	0	N/A	N/A
0001780914-19-000004	2	Common	Class B Common Stock	25894000	N/A	N/A
0001780914-19-000004	1	Common	Class A Common Stock	1000	N/A	N/A
0001646269-19-000007	1	Common	Common Stock	6508246	NA	NA
0001646269-19-000007	1	Debt Securities		0		
0001646269-19-000007	1	Preferred		0		
0001104659-19-055496	1	Preferred	N/A	0	000000N/A	N/A
0001104659-19-055496	1	Debt Securities	N/A	0	000000N/A	N/A
0001104659-19-055496	1	Common	Common Stock	49293162	68621M107	OTC Pink
0001493152-19-015806	1	Preferred	Preferred Stock	0	000000000	N/A
0001493152-19-015806	1	Common	Common Stock	24468355	02687R106	OTC Markets
0001493152-19-015806	1	Debt Securities	Promissory Note	390000	000000000	N/A
0001768126-19-000018	1	Common		0		
0001768126-19-000018	1	Debt Securities		0		
0001768126-19-000018	1	Preferred		0		
0001104659-19-055279	1	Common	Limited Partnership Interest	1	000000N/A	N/A
0001104659-19-055279	1	Debt Securities	N/A	0	000000000	N/A
0001104659-19-055279	1	Preferred	N/A	0	000000000	N/A
0001683168-19-003319	1	Debt Securities	none	0	0000000na	None
0001683168-19-003319	1	Preferred	Preferred Class A	500000	0000000na	None
0001683168-19-003319	2	Preferred	Preferred Class B	1500000	0000000na	None
0001683168-19-003319	1	Common	Common Stock	1659991381	0000000na	OTC Markets, Pink Open Market
0001683168-19-003317	1	Debt Securities	None	0	000000N/A	N/A
0001683168-19-003317	1	Preferred	Preferred Stock	355000	000000N/A	N/A
0001683168-19-003317	1	Common	Common Stock	122046461	23328Q109	OTC Pink
0001721469-19-000021	1	Debt Securities		0		
0001721469-19-000021	1	Common	COMMON	100	0	0
0001721469-19-000021	1	Preferred		0		
0001477932-19-005964	1	Preferred		0		
0001477932-19-005964	1	Common	Common Stock	49999	None	None
0001477932-19-005964	1	Debt Securities		0		
0001469709-19-000159	1	Preferred	SERIES A PREF $0.001 PAR VALUE	9250000	65486W105	NONE
0001469709-19-000159	1	Common	COMMON STOCK $0.001 PAR VALUE	293476200	65486W105	OTC Markets, Pink Sheets
0001469709-19-000159	1	Debt Securities	NOT APPLICABLE	0	000000000	NONE
0001493152-19-015710	1	Common	Membership Interests	100	000000000	NONE
0001493152-19-015710	1	Debt Securities	NONE	0	000000000	NONE
0001493152-19-015710	1	Preferred	None	0	000000000	NONE
0001104659-19-054708	1	Debt Securities	N/A	0	000000000	N/A
0001104659-19-054708	1	Preferred	N/A	0	000000000	N/A
0001104659-19-054708	1	Common	Common Shares	50100	000000000	N/A
0001104659-19-054694	1	Debt Securities		0		
0001104659-19-054694	1	Common	Common Stock	2230562	0	0
0001104659-19-054694	1	Preferred	Preferred Stock	0		
0001775196-19-000011	2	Common	Class B Common Stock	11000000	0	Not trading
0001775196-19-000011	1	Common	Class A Common Stock	4130000	0	Not trading
0001775196-19-000011	1	Debt Securities		0		
0001775196-19-000011	1	Preferred		0		
0001683168-19-003270	1	Common	Common Stock, $0.001 par value	83455000	68403M200	OTC Markets
0001683168-19-003270	1	Debt Securities	not applicable	0	000000000	none
0001683168-19-003270	1	Preferred	Series A Non-Convertible	16081530	000000000	none
0001104659-19-054219	1	Common	common	281742840	000900475	None
0001104659-19-054219	1	Debt Securities	None	0	000000000	None
0001104659-19-054219	1	Preferred	None	0	000000000	None
0001078782-19-000774	1	Debt Securities	None	0		
0001078782-19-000774	1	Common	Common Stock	0	191261106	None
0001078782-19-000774	1	Preferred	Preferred Series A	0	None	None
0001104659-19-054169	1	Debt Securities	N/A	0	000000000	N/A
0001104659-19-054169	1	Preferred	N/A	0	000000000	N/A
0001104659-19-054169	1	Common	Class B Units	12500000	000000000	N/A
0001104659-19-054148	1	Preferred	Series Seed	568796	000000N/A	N/A
0001104659-19-054148	1	Common	Common Stock	1732585	000000N/A	N/A
0001104659-19-054148	2	Preferred	Series A Preferred Stock	747373	000000N/A	N/A
0001104659-19-054148	1	Debt Securities	Convertible Promissory Notes	2050000	000000N/A	N/A
0001654954-19-011767	1	Preferred	Series A Cum Conv Pref Stock	570000	000000000	n/a
0001654954-19-011767	1	Common	Common stock	12296568	00056469P	OTC Pink Market
0001654954-19-011767	1	Debt Securities	n/a	0	000000000	n/a
0001766914-19-000006	1	Preferred	NA	0	NA	NA
0001766914-19-000006	1	Common	Class A Units	9000000	NA	NA
0001766914-19-000006	1	Debt Securities	NA	0	NA	NA
0001493152-19-015480	1	Debt Securities	Promissory Note	390000	000000000	N/A
0001493152-19-015480	1	Common	Common Stock	24468355	02687R106	OTC Markets
0001493152-19-015480	1	Preferred	Preferred Stock	0	000000000	N/A
0001775196-19-000010	1	Preferred		0		
0001775196-19-000010	2	Common	Class B	11000000	NA	None
0001775196-19-000010	1	Common	Class A	4130000	NA	None
0001775196-19-000010	1	Debt Securities		0		
0001214659-19-006471	1	Preferred	Class A Non-Voting $1,000 Par	0	000000N/A	N/A
0001214659-19-006471	1	Debt Securities	N/A	0	000000N/A	N/A
0001214659-19-006471	1	Common	Voting, $1.00 Par Value	50000	000000N/A	N/A
0001688804-19-000023	6	Common	Series #95BL1	2000	0	None
0001688804-19-000023	4	Common	Series #88LJ1	2000	0	None
0001688804-19-000023	5	Common	Series #55PS1	2000	0	None
0001688804-19-000023	3	Common	Series #85FT1	2000	0	None
0001688804-19-000023	2	Common	Series #69BM1	2000	0	None
0001688804-19-000023	1	Common	Series #77LE1	2000	0	None
0001688804-19-000023	7	Common	Series #90FM1	2000	0	None
0001688804-19-000023	8	Common	Series #89PS1	2000	0	None
0001688804-19-000023	9	Common	Series #83FB1	5000	0	None
0001688804-19-000023	10	Common	#98DV1	2000	0	None
0001688804-19-000023	1	Debt Securities		0		
0001688804-19-000023	1	Preferred		0		
0001594062-19-000087	1	Preferred	n/a	0	n/a	n/a
0001594062-19-000087	1	Debt Securities	n/a	0	n/a	n/a
0001594062-19-000087	1	Common	Common Stock	70000000	n/a	n/a
0001144204-19-048063	1	Common	Common Shares	7563318	000000000	N/A
0001144204-19-048063	1	Preferred	N/A	0	000000000	N/A
0001144204-19-048063	1	Debt Securities	N/A	0	000000000	N/A
0001144204-19-048061	1	Common	Common Shares	7843789	000000000	NA
0001144204-19-048061	1	Preferred	NA	0	000000000	NA
0001144204-19-048061	1	Debt Securities	NA	0	000000000	NA
0001144204-19-048054	1	Preferred	N/A	0	000000000	N/A
0001144204-19-048054	1	Common	Common Shares	7446115	000000000	N/A
0001144204-19-048054	1	Debt Securities	N/A	0	000000000	N/A
0001213900-19-020167	1	Preferred	None	0	000000000	None
0001213900-19-020167	1	Common	Common Stock	10174800	000000000	None
0001213900-19-020167	1	Debt Securities	None	0	000000000	None
0001761911-19-000016	1	Common	Class A and B Common	58235000	N/A	N/A
0001761911-19-000016	1	Debt Securities	None	0	N/A	N/A
0001761911-19-000016	1	Preferred	None	0	N/A	N/A
0001213900-19-020142	1	Debt Securities	Convertible Notes	657393	000000000	There is no trading market for these securities.
0001213900-19-020142	3	Preferred	Series C Preferred Stock	14425	000000000	There is no trading market for these securities.
0001213900-19-020142	5	Preferred	Series E Preferred Stock	10000	000000000	There is no trading market for these securities.
0001213900-19-020142	4	Preferred	Series D Preferred Stock	90000	000000000	There is no trading market for these securities.
0001213900-19-020142	2	Preferred	Series B Preferred Stock	18025	000000000	There is no trading market for these securities.
0001213900-19-020142	1	Preferred	Series A Preferred Stock	10000	000000000	There is no trading market for these securities.
0001213900-19-020142	1	Common	Common Stock	137512588	189125107	OTCQB
0001683168-19-003223	1	Common	Common Stock	80448	000000000	N/A
0001683168-19-003223	1	Preferred	Series A Preferred Stock	1385555	000000000	N/A
0001683168-19-003223	1	Debt Securities	N/A	0	000000000	N/A
0001761911-19-000014	1	Preferred	None	0	N/A	N/A
0001761911-19-000014	1	Common	Class A and B Common	58235000	N/A	N/A
0001761911-19-000014	1	Debt Securities	None	0	N/A	N/A
0001350455-19-000010	1	Debt Securities	None	0		
0001350455-19-000010	1	Preferred	None	0		
0001350455-19-000010	1	Common	None: Class B sold After Offer	0		
0001493152-19-015257	1	Common	Common Stock	177710821	92858K204	OTCQB Marketplace
0001493152-19-015257	1	Debt Securities	Convertible Notes	1892594	000000000	n/a
0001493152-19-015257	3	Preferred	Series C Conv. Preferred Stock	821292	000000000	n/a
0001493152-19-015257	2	Preferred	Series B Conv. Preferred Stock	1543245	000000000	n/a
0001493152-19-015257	1	Preferred	Series A Conv. Preferred Stock	2552642	000000000	n/a
0001477932-19-005773	1	Common	Common Shares	3165625	28252B309	OTC Pink Market
0001477932-19-005773	1	Preferred	Allocation Shares	1000	N/A	N/A
0001477932-19-005773	1	Debt Securities	Secured Convertible Note	714286	N/A	N/A
0001144204-19-047619	2	Preferred	Series A Preferred Stock	747373	000000N/A	N/A
0001144204-19-047619	1	Preferred	Series Seed	568796	000000N/A	N/A
0001144204-19-047619	1	Common	Common Stock	1732585	000000N/A	N/A
0001144204-19-047619	1	Debt Securities	Convertible Promissory Notes	2050000	000000N/A	N/A
0001493152-19-015169	1	Debt Securities	NONE	0	000000000	NONE
0001493152-19-015169	1	Common	Membership Interests	100	000000000	NONE
0001493152-19-015169	1	Preferred	None	0	000000000	NONE
0001144204-19-047556	1	Preferred	N/A	0	000000000	N/A
0001144204-19-047556	1	Common	Limited Partnership Interest	1	000000N/A	N/A
0001144204-19-047556	1	Debt Securities	N/A	0	000000000	N/A
0001144204-19-047555	1	Common	N/A	0	000000000	N/A
0001144204-19-047555	1	Debt Securities	N/A	0	000000000	N/A
0001144204-19-047555	1	Preferred	N/A	0	000000000	N/A
0001477932-19-005745	1	Common	Class B Interests	1000	None	None
0001477932-19-005745	1	Preferred	Class A Interests	0		
0001477932-19-005745	1	Debt Securities	Debt Securities	0		
0001493152-19-015093	1	Preferred	None	0	000000000	None
0001493152-19-015093	1	Debt Securities	Convertible Debentures	0	000000000	None
0001493152-19-015093	1	Common	Common Stock	70000000	000000000	None
0001768126-19-000014	1	Common		0		
0001768126-19-000014	1	Debt Securities		0		
0001768126-19-000014	1	Preferred		0		
0001144204-19-047312	1	Debt Securities	N/A	0	000000N/A	N/A
0001144204-19-047312	4	Preferred	Series A-3 Preferred Stock	7539262	000000N/A	N/A
0001144204-19-047312	5	Preferred	Series CF Preferred Stock	124204	000000N/A	N/A
0001144204-19-047312	3	Preferred	Series A-2 Preferred Stock	5932742	000000N/A	N/A
0001144204-19-047312	1	Common	Common Stock	10377615	000000N/A	N/A
0001144204-19-047312	1	Preferred	Series Seed Preferred Stock	20714518	000000N/A	N/A
0001144204-19-047312	2	Preferred	Series A Preferred Stock	5650903	000000N/A	N/A
0001213900-19-019694	1	Debt Securities	None	0	000000000	N/A
0001213900-19-019694	1	Common	Common Stock	73139165	75990A200	OTC
0001213900-19-019694	1	Preferred	Series A	4000000	000000000	N/A
0001683168-19-003160	1	Debt Securities	none	0	000000N/A	N/A
0001683168-19-003160	1	Common	See Part II for full listing	7282	000000N/A	N/A
0001683168-19-003160	1	Preferred	none	0	000000N/A	N/A
0001213900-19-019594	1	Debt Securities	n/a	0	000000000	n/a
0001213900-19-019594	2	Common	Class B Common Stock	12500000	000000000	n/a
0001213900-19-019594	1	Preferred	Class A Preferred Stock	790500000	000000000	n/a
0001213900-19-019594	1	Common	Class A Common Stock	133143990	00000AEPT	OTC Pink Market
0001144204-19-047052	1	Debt Securities	N/A	0	000000000	N/A
0001144204-19-047052	1	Common	Common Shares	50100	000000000	N/A
0001144204-19-047052	1	Preferred	N/A	0	000000000	N/A
0001144204-19-047038	1	Common	Common Stock	49293162	68621M107	OTC Pink
0001144204-19-047038	1	Preferred	N/A	0	000000N/A	N/A
0001144204-19-047038	1	Debt Securities	N/A	0	000000N/A	N/A
0001721868-19-000466	1	Debt Securities	n/a	0	000000n/a	n/a
0001721868-19-000466	1	Common	Common Stock	723112467	39468C304	OTC Pink Market
0001721868-19-000466	1	Preferred	Preferred Class A	12085500	000000n/a	n/a
0001731122-19-000584	1	Common	Common Equity L P I	50000	000000000	None
0001731122-19-000584	1	Preferred	Preferred Equity	0	000000000	None
0001731122-19-000584	1	Debt Securities	Debt Securities	0	000000000	None
0001520138-19-000353	1	Debt Securities	PREFERRED B	100000	000000000	NONE
0001520138-19-000353	1	Common	Common	731119660	88680R102	OTCPINK
0001520138-19-000353	1	Preferred	PREFERRED A	19486	000000000	NONE
0001520138-19-000350	2	Preferred	Series B Preferred Stock	8	000000008	none
0001520138-19-000350	1	Common	Common	1650271	84921A107	OTC
0001520138-19-000350	1	Preferred	Series A Preferred Stock	1	000000000	none
0001520138-19-000350	1	Debt Securities	none	0	000000000	none
0001477932-19-005636	1	Debt Securities	None	0	None	None
0001477932-19-005636	1	Common	Common	462383968	05575C206	None
0001477932-19-005636	1	Preferred	None	0	None	None
0001144204-19-046607	1	Debt Securities	None	0	000000000	None
0001144204-19-046607	1	Preferred	None	0	000000000	None
0001144204-19-046607	1	Common	Common Shares	500	000000000	None
0001477932-19-005622	1	Common	Common	4646827035	None	OTCPink
0001477932-19-005622	1	Debt Securities	Debt Securities	0		
0001477932-19-005622	2	Preferred	Preferred Series B	0	None	None
0001477932-19-005622	3	Preferred	Preferred Series C	1	None	None
0001477932-19-005622	4	Preferred	Preferred Series D	1000000	None	None
0001477932-19-005622	1	Preferred	Preferred Series A	540000	None	None
0001144204-19-046604	1	Common	Common Shares	500	000000000	None
0001144204-19-046604	1	Debt Securities	None	0	000000000	None
0001144204-19-046604	1	Preferred	None	0	000000000	None
0001721469-19-000017	1	Common	COMMON	100	0	0
0001721469-19-000017	1	Debt Securities		0		
0001721469-19-000017	1	Preferred		0		
0001683168-19-003109	2	Preferred	Preferred Equity Series B	0	00000None	None
0001683168-19-003109	1	Preferred	Preferred Equity Series A	2000000	00000None	None
0001683168-19-003109	1	Common	Common Stock	377620110	11777J304	OTC Markets
0001683168-19-003109	1	Debt Securities	Loan	60000	00000None	None
