ACCESSION_NUMBER	SO_ID	SECURITIESOFFEREDTYPES	SECURITIESOFFEREDOTHERDESC
0001683168-19-004103	1	Equity (common or preferred stock)	
0001213900-19-027279	1	Equity (common or preferred stock)	
0001213900-19-027279	2	Debt	
0001213900-19-027274	1	Equity (common or preferred stock)	
0001213900-19-027270	1	Equity (common or preferred stock)	
0001104659-19-076460	1	Equity (common or preferred stock)	
0001654954-19-014256	1	Debt	
0001104659-19-076200	1	Equity (common or preferred stock)	
0001493152-19-019716	1	Equity (common or preferred stock)	
0001683168-19-004059	1	Equity (common or preferred stock)	
0001104659-19-076049	1	Equity (common or preferred stock)	
0001213900-19-026907	1	Equity (common or preferred stock)	
0001493152-19-019647	1	Equity (common or preferred stock)	
0001663577-19-000429	1	Equity (common or preferred stock)	
0001786960-19-000005	1	Equity (common or preferred stock)	
0001213900-19-026726	1	Equity (common or preferred stock)	
0001493152-19-019550	1	Equity (common or preferred stock)	
0001493152-19-019552	1	Equity (common or preferred stock)	
0001731122-19-000800	1	Equity (common or preferred stock)	
0001104659-19-074852	1	Equity (common or preferred stock)	
0001477932-19-007214	1	Equity (common or preferred stock)	
0001520138-19-000506	1	Equity (common or preferred stock)	
0001104659-19-074538	1	Equity (common or preferred stock)	
0001350455-19-000014	1	Equity (common or preferred stock)	
0001213900-19-026594	1	Equity (common or preferred stock)	
0001731122-19-000794	1	Equity (common or preferred stock)	
0001493152-19-019441	1	Equity (common or preferred stock)	
0001387131-19-009666	1	Equity (common or preferred stock)	
0001213900-19-026507	1	Equity (common or preferred stock)	
0001575705-19-000127	1	Equity (common or preferred stock)	
0001104659-19-073868	1	Equity (common or preferred stock)	
0001683168-19-004020	1	Equity (common or preferred stock)	
0001748909-19-000002	1	Equity (common or preferred stock)	
0001780914-19-000007	1	Equity (common or preferred stock)	
0001104659-19-073149	1	Equity (common or preferred stock)	
0001493152-19-019250	1	Equity (common or preferred stock)	
0001104659-19-072727	1	Other(describe)	Limited Recourse Obligation (LRO), a limited debt obligation of the issuer
0001493152-19-019221	1	Other(describe)	unsecured fixed-rate investment certificates
0001213900-19-026172	1	Equity (common or preferred stock)	
0001437749-19-024430	1	Other(describe)	LLC ownership interests
0001213900-19-026162	1	Equity (common or preferred stock)	
0001654954-19-013899	1	Debt	
0001683168-19-003955	1	Equity (common or preferred stock)	
0001104659-19-071967	1	Equity (common or preferred stock)	
0001104659-19-071967	2	Security to be acquired upon exercise of option, warrant or other right to acquire security	
0001493152-19-019034	1	Equity (common or preferred stock)	
0001213900-19-025894	1	Equity (common or preferred stock)	
0001213900-19-025873	1	Equity (common or preferred stock)	
0001493152-19-019016	1	Equity (common or preferred stock)	
0001786960-19-000004	1	Equity (common or preferred stock)	
0001594062-19-000098	1	Equity (common or preferred stock)	
0001594062-19-000098	3	Security to be acquired upon exercise of option, warrant or other right to acquire security	
0001594062-19-000098	2	Option, warrant or other right to acquire another security	
0001104659-19-071461	1	Equity (common or preferred stock)	
0001078782-19-000895	1	Equity (common or preferred stock)	
0001652577-19-000009	1	Equity (common or preferred stock)	
0001477932-19-007027	1	Equity (common or preferred stock)	
0001477932-19-007021	1	Equity (common or preferred stock)	
0001794009-19-000001	1	Equity (common or preferred stock)	
0001683168-19-003907	1	Other(describe)	Series LLC Interests
0001445866-19-001437	1	Equity (common or preferred stock)	
0001350455-19-000013	1	Equity (common or preferred stock)	
0001104659-19-070290	1	Equity (common or preferred stock)	
0001104659-19-070254	1	Equity (common or preferred stock)	
0001768126-19-000022	1	Other(describe)	LLC Interests
0001628279-19-000354	1	Other(describe)	Props Tokens
0001731122-19-000750	1	Equity (common or preferred stock)	
0001780914-19-000006	1	Equity (common or preferred stock)	
0001520138-19-000493	1	Equity (common or preferred stock)	
0001214659-19-007565	1	Equity (common or preferred stock)	
0001758533-19-000002	1	Equity (common or preferred stock)	
0001683168-19-003872	1	Equity (common or preferred stock)	
0001104659-19-069308	1	Other(describe)	Limited Recourse Obligation (LRO), a limited debt obligation of the issuer
0001703429-19-000047	1	Equity (common or preferred stock)	
0001213900-19-025029	1	Equity (common or preferred stock)	
0001493152-19-018544	1	Equity (common or preferred stock)	
0001214659-19-007447	1	Equity (common or preferred stock)	
0001213900-19-024993	2	Debt	
0001213900-19-024993	1	Equity (common or preferred stock)	
0001688804-19-000027	1	Other(describe)	LLC Interests
0001078782-19-000880	1	Equity (common or preferred stock)	
0001766914-19-000011	1	Equity (common or preferred stock)	
0001213900-19-024864	1	Equity (common or preferred stock)	
0001078782-19-000879	1	Equity (common or preferred stock)	
0001214659-19-007418	1	Equity (common or preferred stock)	
0001104659-19-067789	1	Equity (common or preferred stock)	
0001213900-19-024767	1	Equity (common or preferred stock)	
0001213900-19-024754	1	Equity (common or preferred stock)	
0001794352-19-000002	1	Equity (common or preferred stock)	
0001493152-19-018437	1	Equity (common or preferred stock)	
0001683168-19-003825	1	Equity (common or preferred stock)	
0001104659-19-067325	1	Equity (common or preferred stock)	
0001683168-19-003812	1	Equity (common or preferred stock)	
0001019056-19-000657	1	Equity (common or preferred stock)	
0001019056-19-000657	2	Option, warrant or other right to acquire another security	
0001019056-19-000657	4	Other(describe)	Units consisting of 1 share of common stock and 1 Ember Warrant exercisable to purchase Ember Tokens
0001019056-19-000657	3	Security to be acquired upon exercise of option, warrant or other right to acquire security	
0001193125-19-299627	1	Equity (common or preferred stock)	
0001683168-19-003810	1	Equity (common or preferred stock)	
0001683168-19-003808	1	Equity (common or preferred stock)	
0001078782-19-000875	1	Equity (common or preferred stock)	
0001104659-19-066538	1	Equity (common or preferred stock)	
0001594062-19-000095	2	Option, warrant or other right to acquire another security	
0001594062-19-000095	1	Equity (common or preferred stock)	
0001594062-19-000095	3	Security to be acquired upon exercise of option, warrant or other right to acquire security	
0001193125-19-297300	1	Equity (common or preferred stock)	
0001683168-19-003772	1	Equity (common or preferred stock)	
0001213900-19-024225	1	Equity (common or preferred stock)	
0001493152-19-018130	1	Equity (common or preferred stock)	
0001350455-19-000012	1	Equity (common or preferred stock)	
0001104659-19-065748	1	Equity (common or preferred stock)	
0001104659-19-065742	1	Other(describe)	Limited Recourse Obligation (LRO), a limited debt obligation of the issuer
0001654954-19-013198	1	Debt	
0001731122-19-000727	1	Equity (common or preferred stock)	
0001214659-19-007247	1	Equity (common or preferred stock)	
0001768126-19-000020	1	Other(describe)	LLC Interests
0001104659-19-064771	1	Debt	
0001721868-19-000541	1	Equity (common or preferred stock)	
0001213900-19-023652	1	Equity (common or preferred stock)	
0001754259-19-000004	1	Equity (common or preferred stock)	
0001104659-19-064397	1	Equity (common or preferred stock)	
0001683168-19-003614	1	Equity (common or preferred stock)	
0001766914-19-000010	1	Equity (common or preferred stock)	
0001683168-19-003558	1	Equity (common or preferred stock)	
0001104659-19-063037	1	Other(describe)	Limited Recourse Obligation (LRO), a limited debt obligation of the issuer
0001780914-19-000005	1	Equity (common or preferred stock)	
0001213900-19-022963	1	Equity (common or preferred stock)	
0001213900-19-022895	1	Equity (common or preferred stock)	
0001654954-19-012689	1	Debt	
0001520138-19-000435	1	Equity (common or preferred stock)	
0001104659-19-061980	1	Other(describe)	Limited Recourse Obligation (LRO), a limited debt obligation of the issuer
0001214659-19-006986	1	Equity (common or preferred stock)	
0001104659-19-061840	1	Equity (common or preferred stock)	
0001493152-19-016742	1	Equity (common or preferred stock)	
0000950123-19-010441	1	Equity (common or preferred stock)	
0001104659-19-061759	1	Equity (common or preferred stock)	
0001683168-19-003500	1	Equity (common or preferred stock)	
0001376474-19-000271	1	Equity (common or preferred stock)	
0001703429-19-000045	1	Equity (common or preferred stock)	
0001683168-19-003490	1	Equity (common or preferred stock)	
0001683168-19-003477	1	Equity (common or preferred stock)	
0001104659-19-060731	1	Equity (common or preferred stock)	
0001104659-19-060455	1	Equity (common or preferred stock)	
0001683168-19-003443	1	Equity (common or preferred stock)	
0001575705-19-000107	1	Equity (common or preferred stock)	
0001771443-19-000006	1	Equity (common or preferred stock)	
0001771443-19-000004	1	Equity (common or preferred stock)	
0001771443-19-000004	2	Other(describe)	SAFT
0001104659-19-059058	1	Equity (common or preferred stock)	
0001104659-19-059073	1	Debt	
0001104659-19-059135	1	Equity (common or preferred stock)	
0001104659-19-059061	1	Equity (common or preferred stock)	
0001725129-19-000006	1	Other(describe)	Props Tokens
0001766914-19-000009	1	Equity (common or preferred stock)	
0001350455-19-000011	1	Equity (common or preferred stock)	
0001213900-19-021648	1	Equity (common or preferred stock)	
0001213900-19-021621	1	Equity (common or preferred stock)	
0001078782-19-000803	1	Equity (common or preferred stock)	
0001445866-19-001284	1	Equity (common or preferred stock)	
0001104659-19-057999	1	Equity (common or preferred stock)	
0001065949-19-000150	3	Security to be acquired upon exercise of option, warrant or other right to acquire security	
0001065949-19-000150	2	Option, warrant or other right to acquire another security	
0001065949-19-000150	1	Equity (common or preferred stock)	
0001104659-19-057586	1	Other(describe)	Limited Recourse Obligation (LRO), a limited debt obligation of the issuer
0001104659-19-057477	1	Equity (common or preferred stock)	
0001731122-19-000640	1	Equity (common or preferred stock)	
0001775196-19-000014	1	Equity (common or preferred stock)	
0001646269-19-000013	1	Equity (common or preferred stock)	
0001646269-19-000012	1	Equity (common or preferred stock)	
0001104659-19-057158	1	Equity (common or preferred stock)	
0001104659-19-057149	1	Equity (common or preferred stock)	
0001104659-19-057143	1	Equity (common or preferred stock)	
0001104659-19-057028	1	Equity (common or preferred stock)	
0001104659-19-057028	2	Security to be acquired upon exercise of option, warrant or other right to acquire security	
0001646269-19-000011	1	Equity (common or preferred stock)	
0001615774-19-013599	1	Equity (common or preferred stock)	
0001646269-19-000010	1	Equity (common or preferred stock)	
0001104659-19-056638	1	Other(describe)	Limited Recourse Obligation (LRO), a limited debt obligation of the issuer
0001477932-19-006034	1	Debt	
0001104659-19-056575	1	Other(describe)	Limited Recourse Obligation (LRO), a limited debt obligation of the issuer
0001104659-19-056558	1	Equity (common or preferred stock)	
0001213900-19-021142	1	Equity (common or preferred stock)	
0001766914-19-000008	1	Equity (common or preferred stock)	
0001104659-19-056226	1	Equity (common or preferred stock)	
0001721469-19-000024	1	Equity (common or preferred stock)	
0000950123-19-009686	1	Equity (common or preferred stock)	
0001780914-19-000004	1	Equity (common or preferred stock)	
0001646269-19-000007	1	Equity (common or preferred stock)	
0001104659-19-055496	1	Equity (common or preferred stock)	
0001493152-19-015806	1	Equity (common or preferred stock)	
0001768126-19-000018	1	Other(describe)	LLC Interests
0001104659-19-055279	1	Equity (common or preferred stock)	
0001683168-19-003319	1	Equity (common or preferred stock)	
0001683168-19-003317	1	Equity (common or preferred stock)	
0001721469-19-000021	1	Equity (common or preferred stock)	
0001477932-19-005964	1	Equity (common or preferred stock)	
0001469709-19-000159	1	Equity (common or preferred stock)	
0001493152-19-015710	1	Equity (common or preferred stock)	
0001104659-19-054708	1	Equity (common or preferred stock)	
0001104659-19-054694	1	Equity (common or preferred stock)	
0001775196-19-000011	1	Equity (common or preferred stock)	
0001683168-19-003270	1	Equity (common or preferred stock)	
0001104659-19-054219	1	Equity (common or preferred stock)	
0001078782-19-000774	1	Equity (common or preferred stock)	
0001104659-19-054169	1	Equity (common or preferred stock)	
0001104659-19-054148	1	Other(describe)	Limited Recourse Obligation (LRO), a limited debt obligation of the issuer
0001654954-19-011767	1	Equity (common or preferred stock)	
0001766914-19-000006	1	Equity (common or preferred stock)	
0001493152-19-015480	1	Equity (common or preferred stock)	
0001775196-19-000010	1	Equity (common or preferred stock)	
0001214659-19-006471	1	Equity (common or preferred stock)	
0001688804-19-000023	1	Other(describe)	LLC Interests
0001594062-19-000087	1	Equity (common or preferred stock)	
0001594062-19-000087	3	Security to be acquired upon exercise of option, warrant or other right to acquire security	
0001594062-19-000087	2	Option, warrant or other right to acquire another security	
0001144204-19-048063	1	Equity (common or preferred stock)	
0001144204-19-048061	1	Equity (common or preferred stock)	
0001144204-19-048054	1	Equity (common or preferred stock)	
0001213900-19-020167	1	Equity (common or preferred stock)	
0001761911-19-000016	1	Equity (common or preferred stock)	
0001213900-19-020142	1	Equity (common or preferred stock)	
0001683168-19-003223	1	Equity (common or preferred stock)	
0001761911-19-000014	1	Equity (common or preferred stock)	
0001350455-19-000010	1	Equity (common or preferred stock)	
0001493152-19-015257	1	Equity (common or preferred stock)	
0001477932-19-005773	1	Equity (common or preferred stock)	
0001144204-19-047619	1	Other(describe)	Limited Recourse Obligation (LRO), a limited debt obligation of the issuer
0001493152-19-015169	1	Equity (common or preferred stock)	
0001144204-19-047556	1	Equity (common or preferred stock)	
0001144204-19-047555	1	Debt	
0001477932-19-005745	1	Equity (common or preferred stock)	
0001493152-19-015093	1	Equity (common or preferred stock)	
0001768126-19-000014	1	Other(describe)	LLC Interests
0001144204-19-047312	1	Equity (common or preferred stock)	
0001213900-19-019694	1	Equity (common or preferred stock)	
0001683168-19-003160	1	Other(describe)	Series LLC Interests
0001213900-19-019594	1	Equity (common or preferred stock)	
0001144204-19-047052	1	Equity (common or preferred stock)	
0001144204-19-047038	1	Equity (common or preferred stock)	
0001721868-19-000466	1	Equity (common or preferred stock)	
0001731122-19-000584	1	Equity (common or preferred stock)	
0001520138-19-000353	1	Equity (common or preferred stock)	
0001520138-19-000350	1	Equity (common or preferred stock)	
0001477932-19-005636	1	Equity (common or preferred stock)	
0001144204-19-046607	1	Equity (common or preferred stock)	
0001477932-19-005622	1	Debt	
0001144204-19-046604	1	Equity (common or preferred stock)	
0001721469-19-000017	1	Equity (common or preferred stock)	
0001683168-19-003109	1	Equity (common or preferred stock)	
