ACCESSION_NUMBER	SINFO_ID	COMMISSIONFILENUMBER	OFFERINGQUALIFICATIONDATE	OFFERINGCOMMENCEDATE	QUALIFIEDSECURITIESSOLD	OFFERINGSECURITIESSOLD	PORTIONSECURITIESSOLDISSUER	PORTIONSOLDSECURITYHOLDERS	PRICEPERSECURITY	AGGREGRATEOFFERINGPRICE	AGGREGRATEOFFERINGPRICEHOLDERS	UNDERWRITERFEES	SALESCOMMISSIONSFEE	FINDERSFEES	AUDITORFEES	LEGALFEES	PROMOTERSFEES	BLUESKYFEES	CRDNUMBERBROKERDEALER	ISSUERNETPROCEEDS	CLARIFICATIONRESPONSES
0001683168-19-004033	1	024-10892	14-FEB-2019	14-FEB-2019	300000000	20500000	358750.0	0.0	0.0017000000000000001							33500.0		8500.0		316750.0	Eilers Law Group, P.A. fees $25,000.00, GlobalOne Filings, Inc. for Edgar Agent fee $8,500.00
0001683168-19-003452	1	024-10811	04-JUN-2018	04-JUN-2018	4000000000	252500000	252500000.0	0.0	0.005							22500.0				1240000.0	
0001681287-19-000001	1	024-10670	04-DEC-2017	05-DEC-2017	5000000	121250	7786.0	0.0	1.0						3500.0	30000.0				87750.0	
0001213900-19-021453	1	024-10898	28-SEP-2018	14-NOV-2018	11500000	1242700				11500000.0	0.0	0.0	100500.0	0.0	76500.0	90000.0	0.0	5000.0	2857830	11228000.0	Broker Dealer added by notification filed on November 9, 2018. Sales commissions and net proceeds are estimates assuming all securities are sold within the offering period.
0001104659-19-056921	1	024-10498	17-FEB-2016	18-FEB-2016	2000000	1375266			25.0	34381660.0	0.0				65175.0	132342.01		30000.0		34175143.0	(1) For audit and assistance with offering statement; does not include subsequent audits or assistance with reporting; (2) Blue Sky Compliance provided by Company in-house; $30,000 estimated amount of expenses and state notice filing fees.
0001213900-19-020535	1	024-10802	14-JUN-2018	15-JUN-2018	1500000	762652			1.9000000000000001	1449038.0	0.0				12500.0	302891.0				1133647.0	
0001393905-19-000286	1	024-10942	26-MAR-2019	27-MAR-2019	3500000	3500000			1.0	3500000.0	0.0		35000.0			54000.0			162182	3399115.0	Besides offering fees above, issuer incurred offering fees from escrow agent of $11,885.
0001213900-19-019356	1	024-10507	29-SEP-2016	29-SEP-2016	7000000	3147500	7000000.0	0.0	500.0						90000.0	620000.0		40000.0			Issuer sold 4 series of securities under this offering statement and amendments. 3 series have been paid and cancelled (Fig Game Shares-PSY2, -WL3 and -Pillars). Sole remaining series (-Phoenix) has only 253 holders. See 1-U filed this date for detail.
