ACCESSION_NUMBER	SECURITY_ID	SECURITIESISSUERNAME	SECURITIESISSUERTITLE	SECURITIESISSUEDTOTALAMOUNT	SECURITIESPRINCIPALHOLDERAMT	SECURITIESISSUEDAGGREGATEAMT	AGGREGATECONSIDERATIONBASIS
0001688804-17-000006	1	RSE Collection, LLC	Series #77LE1, a series of RSE Collection, LLC	2000	0	Aggregate amount: $77,700 Basis of Computing: 2000 LLC Interests at $38.85 per Interest	
0001387131-17-003536	1	1st stREIT Office Inc.	Common Stock	100	0	$1000 ($10 per share of common stock)	
0001477932-17-003128	1	Medical Cannabis Payment Solutions	Common Stock, $.0001 par value; warrants	26250000	20000000	4,000,000 shares to two investors for a total of $100,000. $22,250,000 shares issued for services valued at $0.01 per share 4,000,000 warrants issued for services with varying exercise prices.	200000
0001445866-17-000969	2	Secured Real Estate Income Fund I, LLC	limited liability company interests	2183425	0	2183425	
0001445866-17-000969	1	Secured Real Estate Income Fund I, LLC	limited liability company interests	2183425	0	2183425	
0001213900-17-006978	1	Duke Robotics, Inc.	Common Stock	72223	0	$125001.67	
0001104659-17-042150	1	MogulREIT II, Inc.	Common Stock	10000	0	$100,000 (10,000 shares x $10 per share)	
0001493152-17-007278	1	APPLIQATE INC	Common Stock	60000000	0	Shares issued to founders for past and ongoing services services rendered.	
0001144204-17-034475	2	Chicken Soup for the Soul Entertainment, Inc.	Class A common stock	1249090	0	$3,856,970 based on (x) private placement purchase prices of $6.00 and $6.50 per share of Class A common stock with respect to an aggregate of 321,072 of the shares and (y) no consideration for the conversion of 720,958 Class B shares into Class A shares on a one-for-one basis and (z) private placement purchase prices of $7.50 and $9.00 per share of Class A common stock for 207,060 shares.	
0001144204-17-034475	5	Chicken Soup for the Soul Entertainment, Inc.	Class A common stock	1249090	0	$3,856,970 based on (x) private placement purchase prices of $6.00 and $6.50 per share of Class A common stock with respect to an aggregate of 321,072 of the shares and (y) no consideration for the conversion of 720,958 Class B shares into Class A shares on a one-for-one basis and (z) private placement purchase prices of $7.50 and $9.00 per share of Class A common stock for 207,060 shares.	
0001144204-17-034475	4	Chicken Soup for the Soul Entertainment, Inc.	Class A common stock	1249090	0	$3,856,970 based on (x) private placement purchase prices of $6.00 and $6.50 per share of Class A common stock with respect to an aggregate of 321,072 of the shares and (y) no consideration for the conversion of 720,958 Class B shares into Class A shares on a one-for-one basis and (z) private placement purchase prices of $7.50 and $9.00 per share of Class A common stock for 207,060 shares.	
0001144204-17-034475	3	Chicken Soup for the Soul Entertainment, Inc.	Class A common stock	1249090	0	$3,856,970 based on (x) private placement purchase prices of $6.00 and $6.50 per share of Class A common stock with respect to an aggregate of 321,072 of the shares and (y) no consideration for the conversion of 720,958 Class B shares into Class A shares on a one-for-one basis and (z) private placement purchase prices of $7.50 and $9.00 per share of Class A common stock for 207,060 shares.	
0001144204-17-034475	1	Chicken Soup for the Soul Entertainment, Inc.	Class A common stock	1249090	0	$3,856,970 based on (x) private placement purchase prices of $6.00 and $6.50 per share of Class A common stock with respect to an aggregate of 321,072 of the shares and (y) no consideration for the conversion of 720,958 Class B shares into Class A shares on a one-for-one basis and (z) private placement purchase prices of $7.50 and $9.00 per share of Class A common stock for 207,060 shares.	
0001144204-17-034252	2	Groundfloor Real Estate 1, LLC	Membership Interests	100	0	Membership interests were issued for $100.	
0001144204-17-034252	1	Groundfloor Real Estate 1, LLC	Membership Interests	100	0	Membership interests were issued for $100.	
0001671132-17-000001	1	HempTech Corp.	Preferred Stock	273666	0	$82000 at $0.30 per share	
0001213900-17-006814	1	Digital Social Retail, Inc.	Unsecured convertible promissory note	1	1	Convertible Note: $250,000	N/A
0001214659-17-004156	2	CNote Group, Inc.	Common stock, par value $0.00001 per share	6000000	6000000	$60 aggregate consideration for 6,000,000 shares of common stock, par value $0.00001 per share, purchased at par value. 25% of these shares vest in each of the next four years, beginning on either April 22, 2017 or June 17, 2017.	$60
0001214659-17-004156	3	CNote Group, Inc.	Common stock, par value $0.00001 per share	6000000	6000000	$60 aggregate consideration for 6,000,000 shares of common stock, par value $0.00001 per share, purchased at par value. 25% of these shares vest in each of the next four years, beginning on either April 22, 2017 or June 17, 2017.	$60
0001214659-17-004156	1	CNote Group, Inc.	Common stock, par value $0.00001 per share	6000000	6000000	$60 aggregate consideration for 6,000,000 shares of common stock, par value $0.00001 per share, purchased at par value. 25% of these shares vest in each of the next four years, beginning on either April 22, 2017 or June 17, 2017.	$60
0001144204-17-033680	1	Arcimoto, Inc.	A-1 Preferred Stock	332700	332700	$1,663,500 @ $5.00 per share	$1,663,500 @ $5.00/share
0001144204-17-033485	1	Campagna Motors USA, Inc.	Common Stock	33333333	0	$3,333 at $0.0001 per share	
0001144204-17-033348	1	Chicken Soup for the Soul Entertainment, Inc.	Class A common stock	1249090	0	$3,856,970 based on (x) private placement purchase prices of $6.00 and $6.50 per share of Class A common stock with respect to an aggregate of 321,072 of the shares and (y) no consideration for the conversion of 720,958 Class B shares into Class A shares on a one-for-one basis and (z) private placement purchase prices of $7.50 and $9.00 per share of Class A common stock for 207,060 shares.	
0001144204-17-033348	2	Chicken Soup for the Soul Entertainment, Inc.	Class A common stock	1249090	0	$3,856,970 based on (x) private placement purchase prices of $6.00 and $6.50 per share of Class A common stock with respect to an aggregate of 321,072 of the shares and (y) no consideration for the conversion of 720,958 Class B shares into Class A shares on a one-for-one basis and (z) private placement purchase prices of $7.50 and $9.00 per share of Class A common stock for 207,060 shares.	
0001144204-17-033348	3	Chicken Soup for the Soul Entertainment, Inc.	Class A common stock	1249090	0	$3,856,970 based on (x) private placement purchase prices of $6.00 and $6.50 per share of Class A common stock with respect to an aggregate of 321,072 of the shares and (y) no consideration for the conversion of 720,958 Class B shares into Class A shares on a one-for-one basis and (z) private placement purchase prices of $7.50 and $9.00 per share of Class A common stock for 207,060 shares.	
0001144204-17-033348	4	Chicken Soup for the Soul Entertainment, Inc.	Class A common stock	1249090	0	$3,856,970 based on (x) private placement purchase prices of $6.00 and $6.50 per share of Class A common stock with respect to an aggregate of 321,072 of the shares and (y) no consideration for the conversion of 720,958 Class B shares into Class A shares on a one-for-one basis and (z) private placement purchase prices of $7.50 and $9.00 per share of Class A common stock for 207,060 shares.	
0001144204-17-033348	5	Chicken Soup for the Soul Entertainment, Inc.	Class A common stock	1249090	0	$3,856,970 based on (x) private placement purchase prices of $6.00 and $6.50 per share of Class A common stock with respect to an aggregate of 321,072 of the shares and (y) no consideration for the conversion of 720,958 Class B shares into Class A shares on a one-for-one basis and (z) private placement purchase prices of $7.50 and $9.00 per share of Class A common stock for 207,060 shares.	
0001144204-17-033032	3	Sagoon Inc.	Class C Common Stock	6300	0	$22,500 at $3.75 per share (not including stock issued to broker)	
0001144204-17-033032	2	Sagoon Inc.	Class C Common Stock	6300	0	$22,500 at $3.75 per share (not including stock issued to broker)	
0001144204-17-033032	1	Sagoon Inc.	Class C Common Stock	6300	0	$22,500 at $3.75 per share (not including stock issued to broker)	
0001493152-17-006760	1	Doyen Elements, Inc. formerly Advantameds Solutions USA Fund I, Inc.	Convertible Preferred (Series A)	638	0	$63,800	
0001193125-17-204138	4	ADOMANI, Inc.	Founders' Stock	10217150	9010000	The Founders' stock was issued for an aggregate amount of $20,434.30 which represents $0.002 per share.	The Founders' stock was issued for an aggregate amount of $18,020.00 which represents $0.002 per share.
0001193125-17-204138	2	ADOMANI, Inc.	Founders' Stock	10217150	9010000	The Founders' stock was issued for an aggregate amount of $20,434.30 which represents $0.002 per share.	The Founders' stock was issued for an aggregate amount of $18,020.00 which represents $0.002 per share.
0001193125-17-204138	3	ADOMANI, Inc.	Founders' Stock	10217150	9010000	The Founders' stock was issued for an aggregate amount of $20,434.30 which represents $0.002 per share.	The Founders' stock was issued for an aggregate amount of $18,020.00 which represents $0.002 per share.
0001193125-17-204138	1	ADOMANI, Inc.	Founders' Stock	10217150	9010000	The Founders' stock was issued for an aggregate amount of $20,434.30 which represents $0.002 per share.	The Founders' stock was issued for an aggregate amount of $18,020.00 which represents $0.002 per share.
0001144204-17-032393	1	Sagoon Inc.	Class C Common Stock	6300	0	$22,500 at $3.75 per share (not including stock issued to broker)	
0001144204-17-032393	3	Sagoon Inc.	Class C Common Stock	6300	0	$22,500 at $3.75 per share (not including stock issued to broker)	
0001144204-17-032393	2	Sagoon Inc.	Class C Common Stock	6300	0	$22,500 at $3.75 per share (not including stock issued to broker)	
0001213900-17-006390	1	Legion Capital Corporation	Corporate Notes	5000000	0	N/A	
0001677159-17-000004	1	Bofat Investments Inc	Common	15000000	0	1500	
0001213900-17-006388	1	Fig Publishing, Inc.	Common Stock	1000	0	$493,470. Issuer's parent was purchaser. It transferred $104,540 of assets to issuer and incurred $388,930 of expenses on issuer's behalf. ADDITIONAL UNREGISTERED SECURITIES: As of the date hereof, issuer was in the process of closing its offering of Fig Game Shares - PSY2 pursuant to Regulation A offering statement qualified 9/29/16, and to date has closed on $459,000 of sales. In 11/16, issuer issued 327 Fig Game Shares - PSY2 to accredited investors for $159,500. In 3/17, issuer issued 248 Fig Game Shares - CTT to accredited investors for $62,000. In 5/17, issuer issued 328 Fig Game Shares - JASB to accredited investors for $82,000.	
0001144204-17-032024	2	Rise Companies Corp.	Class A Common Stock	208000	0	0	
0001144204-17-032024	1	Rise Companies Corp.	Class A Common Stock	208000	0	0	
0001493152-17-006441	1	Doyen Elements, Inc. formerly Advantameds Solutions USA Fund I, Inc.	Convertible Preferred (Series A)	638	0	$63,800	
0001477932-17-002747	1	Med-X, Inc.	Common Stock	2057358	0	2057358 at $0.60 per share	
0001549212-17-000009	1	HempAmericana, Inc.	Class A Common Shares	369760000	0	Approximately $400,000.00	
0001213900-17-006275	4	Myomo, Inc.	Convertible Promissory Notes	10000	0	$10,000 in cash proceeds	
0001213900-17-006275	3	Myomo, Inc.	Convertible Promissory Notes	10000	0	$10,000 in cash proceeds	
0001213900-17-006275	2	Myomo, Inc.	Convertible Promissory Notes	10000	0	$10,000 in cash proceeds	
0001445866-17-000830	1	Secured Real Estate Income Fund I, LLC	limited liability company interests	2183425	0	2183425	
0001445866-17-000830	2	Secured Real Estate Income Fund I, LLC	limited liability company interests	2183425	0	2183425	
0001213900-17-006275	1	Myomo, Inc.	Convertible Promissory Notes	10000	0	$10,000 in cash proceeds	
0001144204-17-031655	1	UNATION, LLC	Series B Units	3740403	0	$1,455,017 at par	
0001193125-17-197261	1	Cottonwood Multifamily REIT II, Inc.	Common Stock	1000	1000	10,000 paid in cash.	10,000 paid in cash.
0001477932-17-002702	4	ShiftPixy, Inc.	Common Stock - Founder's shares	25200000	0	$5,040 based upon a purchase price of $0.0002 per share as adjusted for split, with $0.0001 allocated to par value and $0.0001 allocated to premium.	
0001477932-17-002702	10	ShiftPixy, Inc.	Common Stock - Founder's shares	25200000	0	$5,040 based upon a purchase price of $0.0002 per share as adjusted for split, with $0.0001 allocated to par value and $0.0001 allocated to premium.	
0001477932-17-002702	9	ShiftPixy, Inc.	Common Stock - Founder's shares	25200000	0	$5,040 based upon a purchase price of $0.0002 per share as adjusted for split, with $0.0001 allocated to par value and $0.0001 allocated to premium.	
0001477932-17-002702	8	ShiftPixy, Inc.	Common Stock - Founder's shares	25200000	0	$5,040 based upon a purchase price of $0.0002 per share as adjusted for split, with $0.0001 allocated to par value and $0.0001 allocated to premium.	
0001477932-17-002702	7	ShiftPixy, Inc.	Common Stock - Founder's shares	25200000	0	$5,040 based upon a purchase price of $0.0002 per share as adjusted for split, with $0.0001 allocated to par value and $0.0001 allocated to premium.	
0001477932-17-002702	6	ShiftPixy, Inc.	Common Stock - Founder's shares	25200000	0	$5,040 based upon a purchase price of $0.0002 per share as adjusted for split, with $0.0001 allocated to par value and $0.0001 allocated to premium.	
0001477932-17-002702	1	ShiftPixy, Inc.	Common Stock - Founder's shares	25200000	0	$5,040 based upon a purchase price of $0.0002 per share as adjusted for split, with $0.0001 allocated to par value and $0.0001 allocated to premium.	
0001477932-17-002702	2	ShiftPixy, Inc.	Common Stock - Founder's shares	25200000	0	$5,040 based upon a purchase price of $0.0002 per share as adjusted for split, with $0.0001 allocated to par value and $0.0001 allocated to premium.	
0001477932-17-002702	3	ShiftPixy, Inc.	Common Stock - Founder's shares	25200000	0	$5,040 based upon a purchase price of $0.0002 per share as adjusted for split, with $0.0001 allocated to par value and $0.0001 allocated to premium.	
0001477932-17-002702	5	ShiftPixy, Inc.	Common Stock - Founder's shares	25200000	0	$5,040 based upon a purchase price of $0.0002 per share as adjusted for split, with $0.0001 allocated to par value and $0.0001 allocated to premium.	
0001144204-17-030964	1	Campagna Motors USA, Inc.	Common Stock	33333333	0	$3,333 at $0.0001 per share	
0001213900-17-006110	1	Fig Publishing, Inc.	Common Stock	1000	0	$493,470. Issuer's parent was purchaser. It transferred $104,540 of assets to issuer and incurred $388,930 of expenses on issuer's behalf. ADDITIONAL UNREGISTERED SECURITIES: As of the date hereof, issuer was in the process of closing its offering of Fig Game Shares - PSY2 pursuant to Regulation A offering statement qualified 9/29/16, and to date has closed on $459,000 of sales. In 11/16, issuer issued 327 Fig Game Shares - PSY2 to accredited investors for $159,500. In 3/17, issuer issued 248 Fig Game Shares - CTT to accredited investors for $62,000. In 5/17, issuer issued 328 Fig Game Shares - JASB to accredited investors for $82,000.	
0001144204-17-030598	2	Chicken Soup for the Soul Entertainment, Inc.	Class A common stock	1042030	0	$2,001,470 based on (x) private placement purchase prices of $6.00 and $6.50 per share of Class A common stock with respect to an aggregate of 321,072 of the shares and (y) no consideration for the conversion of 720,958 Class B shares into Class A shares on a one-for-one basis.	
0001144204-17-030598	3	Chicken Soup for the Soul Entertainment, Inc.	Class A common stock	1042030	0	$2,001,470 based on (x) private placement purchase prices of $6.00 and $6.50 per share of Class A common stock with respect to an aggregate of 321,072 of the shares and (y) no consideration for the conversion of 720,958 Class B shares into Class A shares on a one-for-one basis.	
0001144204-17-030598	1	Chicken Soup for the Soul Entertainment, Inc.	Class A common stock	1042030	0	$2,001,470 based on (x) private placement purchase prices of $6.00 and $6.50 per share of Class A common stock with respect to an aggregate of 321,072 of the shares and (y) no consideration for the conversion of 720,958 Class B shares into Class A shares on a one-for-one basis.	
0001144204-17-030598	4	Chicken Soup for the Soul Entertainment, Inc.	Class A common stock	1042030	0	$2,001,470 based on (x) private placement purchase prices of $6.00 and $6.50 per share of Class A common stock with respect to an aggregate of 321,072 of the shares and (y) no consideration for the conversion of 720,958 Class B shares into Class A shares on a one-for-one basis.	
0001214659-17-003720	1	CNote Group, Inc.	Common stock, par value $0.00001 per share	6000000	6000000	$60 aggregate consideration for 6,000,000 shares of common stock, par value $0.00001 per share, purchased at par value. 25% of these shares vest in each of the next four years, beginning on either April 22, 2017 or June 17, 2017.	$60
0001214659-17-003720	3	CNote Group, Inc.	Common stock, par value $0.00001 per share	6000000	6000000	$60 aggregate consideration for 6,000,000 shares of common stock, par value $0.00001 per share, purchased at par value. 25% of these shares vest in each of the next four years, beginning on either April 22, 2017 or June 17, 2017.	$60
0001214659-17-003720	2	CNote Group, Inc.	Common stock, par value $0.00001 per share	6000000	6000000	$60 aggregate consideration for 6,000,000 shares of common stock, par value $0.00001 per share, purchased at par value. 25% of these shares vest in each of the next four years, beginning on either April 22, 2017 or June 17, 2017.	$60
0001144204-17-030042	2	Groundfloor Real Estate 1, LLC	Membership Interests	100	0	Membership interests were issued for $100.	
0001144204-17-030042	1	Groundfloor Real Estate 1, LLC	Membership Interests	100	0	Membership interests were issued for $100.	
0001675426-17-000013	1	Red Fish Properties, Inc.	Common Stock	25000000	25000000	$.0001	0
0001144204-17-029818	1	Image Protect, Inc.	Common	8140000	0	$407,000	
0001477932-17-002557	1	McGraw Conglomerate Corporation	Common	1666667	0	$200 at $.00001 par value	
0000721748-17-000372	1	SNM Global Holdings	Simple Agreement for Equity	405000	0	405000    convertible notes	
0001699683-17-000010	1	Long Fin Corp	Common	7500000	0	75	
0001549212-17-000008	1	HempAmericana, Inc.	Class A Common Shares	369760000	0	Approximately $400,000.00	
0001477932-17-002404	9	ShiftPixy, Inc.	Common Stock - Founder's shares	25200000	0	$5,040 based upon a purchase price of $0.0002 per share as adjusted for split, with $0.0001 allocated to par value and $0.0001 allocated to premium.	
0001477932-17-002404	10	ShiftPixy, Inc.	Common Stock - Founder's shares	25200000	0	$5,040 based upon a purchase price of $0.0002 per share as adjusted for split, with $0.0001 allocated to par value and $0.0001 allocated to premium.	
0001477932-17-002404	8	ShiftPixy, Inc.	Common Stock - Founder's shares	25200000	0	$5,040 based upon a purchase price of $0.0002 per share as adjusted for split, with $0.0001 allocated to par value and $0.0001 allocated to premium.	
0001477932-17-002404	7	ShiftPixy, Inc.	Common Stock - Founder's shares	25200000	0	$5,040 based upon a purchase price of $0.0002 per share as adjusted for split, with $0.0001 allocated to par value and $0.0001 allocated to premium.	
0001477932-17-002404	6	ShiftPixy, Inc.	Common Stock - Founder's shares	25200000	0	$5,040 based upon a purchase price of $0.0002 per share as adjusted for split, with $0.0001 allocated to par value and $0.0001 allocated to premium.	
0001477932-17-002404	5	ShiftPixy, Inc.	Common Stock - Founder's shares	25200000	0	$5,040 based upon a purchase price of $0.0002 per share as adjusted for split, with $0.0001 allocated to par value and $0.0001 allocated to premium.	
0001477932-17-002404	4	ShiftPixy, Inc.	Common Stock - Founder's shares	25200000	0	$5,040 based upon a purchase price of $0.0002 per share as adjusted for split, with $0.0001 allocated to par value and $0.0001 allocated to premium.	
0001477932-17-002404	3	ShiftPixy, Inc.	Common Stock - Founder's shares	25200000	0	$5,040 based upon a purchase price of $0.0002 per share as adjusted for split, with $0.0001 allocated to par value and $0.0001 allocated to premium.	
0001477932-17-002404	2	ShiftPixy, Inc.	Common Stock - Founder's shares	25200000	0	$5,040 based upon a purchase price of $0.0002 per share as adjusted for split, with $0.0001 allocated to par value and $0.0001 allocated to premium.	
0001477932-17-002404	1	ShiftPixy, Inc.	Common Stock - Founder's shares	25200000	0	$5,040 based upon a purchase price of $0.0002 per share as adjusted for split, with $0.0001 allocated to par value and $0.0001 allocated to premium.	
0001144204-17-028349	1	UNATION, LLC	Series B Units	3740403	0	$1,455,017 at par	
0001683168-17-001312	1	Advanced Fuel Technologies Ltd.	Convertible Preferred Stock Class A	28500000	0	$28,500.00 - $0.001/share; paid for by the Founders (including $18,000 - subscription receivable) and initial Management, also founding shareholders.	
0001493152-17-005551	1	APPLIQATE INC	Common Stock	60000000	0	Shares issued to founders for past and ongoing services services rendered.	
0001144204-17-028126	1	Image Protect, Inc.	Common	8140000	0	$407,000	
0001698370-17-000007	1	True Leaf Medicine International Ltd.	common shares	12810584	0	$1,612,340 Canadian Dollars	
0001144204-17-027414	1	Groundfloor Real Estate 1, LLC	Membership Interests	100	0	Membership interests were issued for $100.	
0001699683-17-000007	1	Long Fin Corp	Common	7500000	0	75	
0001144204-17-026756	4	United News International, Inc.	Options to purchase common stock	1000000	0	0	0
0001144204-17-026756	3	United News International, Inc.	Options to purchase common stock	1000000	0	0	0
0001144204-17-026756	2	United News International, Inc.	Options to purchase common stock	1000000	0	0	0
0001144204-17-026756	1	United News International, Inc.	Options to purchase common stock	1000000	0	0	0
0001213900-17-004971	1	Fig Publishing, Inc.	Common Stock	1000	0	$493,470. Issuer's parent was purchaser. It transferred $104,540 of assets to issuer and incurred $388,930 of expenses on issuer's behalf. ADDITIONAL UNREGISTERED SECURITIES: As of the date hereof, issuer was in the process of closing its offering of Fig Game Shares - PSY2 pursuant to Regulation A offering statement qualified 9/29/16, and to date has closed on $459,000 of sales. In 11/16, issuer issued 327 Fig Game Shares - PSY2 to accredited investors for $159,500. In 3/17, issuer issued 248 Fig Game Shares - CTT to accredited investors for $62,000.	
0001193125-17-167066	1	Cottonwood Multifamily REIT II, Inc.	Common Stock	1000	1000	10,000 paid in cash.	10,000 paid in cash.
0001144204-17-026132	1	Fundrise Equity REIT, LLC	Common Shares	20000	0	$200,000 ($10.00 per common share)	
0001705510-17-000002	1	1212 Development Corp.	Common	100000000	0	10000, value.	
0001623541-17-000004	1	GreenMo Inc.	Common	6140000	0	15600	
0001640334-17-000871	1	Stealth Air Corp	Common Stock	18410035	5352901	16,239,702 shares sold to founders for $16,240 or $0.001 per share and 1,658,000 shares sold to unafiliated investors for $621,750 or $0.375 per share	$5353
0001144204-17-024336	1	Fundrise For-Sale Housing eFUND - Los Angeles CA, LLC	Common Shares	500	500	$5,000 ($10.00 per common share)	same as above
0001144204-17-024321	1	Fundrise Equity REIT, LLC	Common Shares	20000	0	$200,000 ($10.00 per common share)	
0001144204-17-024331	1	Fundrise For-Sale Housing eFUND - Washington DC, LLC	Common Shares	500	500	$5,000 ($10.00 per common share)	same as above
0001214659-17-002923	3	CNote Group, Inc.	Common stock, par value $0.00001 per share	6000000	6000000	$60 aggregate consideration for 6,000,000 shares of common stock, par value $0.00001 per share, purchased at par value. 25% of these shares vest in each of the next four years, beginning on either April 22, 2017 or June 17, 2017.	$60
0001214659-17-002923	2	CNote Group, Inc.	Common stock, par value $0.00001 per share	6000000	6000000	$60 aggregate consideration for 6,000,000 shares of common stock, par value $0.00001 per share, purchased at par value. 25% of these shares vest in each of the next four years, beginning on either April 22, 2017 or June 17, 2017.	$60
0001214659-17-002923	1	CNote Group, Inc.	Common stock, par value $0.00001 per share	6000000	6000000	$60 aggregate consideration for 6,000,000 shares of common stock, par value $0.00001 per share, purchased at par value. 25% of these shares vest in each of the next four years, beginning on either April 22, 2017 or June 17, 2017.	$60
0001445866-17-000561	2	Secured Real Estate Income Fund I, LLC	limited liability company interests	2183425	0	2183425	
0001445866-17-000561	1	Secured Real Estate Income Fund I, LLC	limited liability company interests	2183425	0	2183425	
0001387131-17-002372	1	NY Residential REIT, LLC	Common Stock	100	100	$1,000 ($10.00 per common share)	0
0001144204-17-023446	1	Groundfloor Finance Inc.	LROs	18021800	0	LROs in the amount of $18,021,800 were issued and sold pursuant to Offering Circular File No. 024-10496 (as may be amended and supplemented from time to time).	
0001144204-17-023446	2	Groundfloor Finance Inc.	LROs	18021800	0	LROs in the amount of $18,021,800 were issued and sold pursuant to Offering Circular File No. 024-10496 (as may be amended and supplemented from time to time).	
0001144204-17-023446	3	Groundfloor Finance Inc.	LROs	18021800	0	LROs in the amount of $18,021,800 were issued and sold pursuant to Offering Circular File No. 024-10496 (as may be amended and supplemented from time to time).	
0001549212-17-000007	1	HempAmericana, Inc.	Class A Common Shares	369760000	0	Approximately $400,000.00	
0001445866-17-000530	1	Secured Real Estate Income Fund I, LLC	limited liability company interests	2183425	0	2183425	
0001445866-17-000530	2	Secured Real Estate Income Fund I, LLC	limited liability company interests	2183425	0	2183425	
0001144204-17-022150	1	Image Protect, Inc.	Common	8140000	0	$407,000	
0001213900-17-004224	1	Fig Publishing, Inc.	Common Stock	1000	0	"$493,470. Issuer's parent was purchaser. It transferred $104,540 of assets to issuer and incurred $388,930 of expenses on issuer's behalf. ADDITIONAL UNREGISTERED SECURITIES: As of the date hereof, issuer was in the process of closing its offering of Fig Game Shares - PSY2 pursuant to Regulation A offering statement qualified 9/29/16, and so far has closed on $459,000 of sales. In 11/16, issuer issued 327 Fig Game Shares - PSY2 to accredited investors for $159,500. In 11/16, Fig Small Batch, LLC, a limited liability company of which issuer is managing member (""Fig Small Batch""), issued 21 Series Make Sail Units to accredited investors for $21,000. In 12/16, Fig Small Batch issued 5 Series Trackless Units to accredited investors for $5,000. In 1/17 and 2/17, Fig WL3, LLC, a limited liability company of which issuer is managing member, issued 985 Fig WL3 Units to accredited investors for $985,000. In 1/17, Fig Small Batch issued 74 Series Kingdoms and Castles Units to accredited investors for $74,000. In 2/17 and 3/17, Fig Small Batch issued 12 Series Little Bug Units to accredited investors for $12,000. In 2/17, Fig Small Batch issued 28 Series Solo Units to accredited investors for $28,000. In 3/17, Fig Small Batch issued seven Series SC:MIA Units to accredited investors for $7,000. In 3/17, issuer issued 248 Fig Game Shares - CTT to accredited investors for $62,000."	
0001387131-17-002236	1	NY Residential REIT, LLC	Common Stock	100	100	$1,000 ($10.00 per common share)	0
0001144204-17-021820	1	Fundrise For-Sale Housing eFUND - Washington DC, LLC	Common Shares	500	500	$5,000 ($10.00 per common share)	same as above
0001144204-17-021828	1	Fundrise Real Estate Investment Trust, LLC	Common Shares	120000	0	$1,200,000 ($10.00 per common share)	
0001144204-17-021822	1	Fundrise For-Sale Housing eFUND - Los Angeles CA, LLC	Common Shares	500	500	$5,000 ($10.00 per common share)	same as above
0001144204-17-021616	3	Groundfloor Finance Inc.	LROs	19065300	0	LROs in the amount of $19,065,300 were issued and sold pursuant to Offering Circular File No. 024-10496 (as may be amended and supplemented from time to time).	
0001144204-17-021616	1	Groundfloor Finance Inc.	LROs	19065300	0	LROs in the amount of $19,065,300 were issued and sold pursuant to Offering Circular File No. 024-10496 (as may be amended and supplemented from time to time).	
0001144204-17-021616	2	Groundfloor Finance Inc.	LROs	19065300	0	LROs in the amount of $19,065,300 were issued and sold pursuant to Offering Circular File No. 024-10496 (as may be amended and supplemented from time to time).	
0001144204-17-020936	3	Groundfloor Finance Inc.	LROs	19065300	0	LROs in the amount of $19,065,300 were issued and sold pursuant to Offering Circular File No. 024-10496 (as may be amended and supplemented from time to time).	
0001144204-17-020936	2	Groundfloor Finance Inc.	LROs	19065300	0	LROs in the amount of $19,065,300 were issued and sold pursuant to Offering Circular File No. 024-10496 (as may be amended and supplemented from time to time).	
0001144204-17-020936	1	Groundfloor Finance Inc.	LROs	19065300	0	LROs in the amount of $19,065,300 were issued and sold pursuant to Offering Circular File No. 024-10496 (as may be amended and supplemented from time to time).	
0001699683-17-000006	1	Long Fin Corp	Common	7500000	0	75	
0001144204-17-020580	3	Groundfloor Finance Inc.	LROs	19065300	0	LROs in the amount of $19,065,300 were issued and sold pursuant to Offering Circular File No. 024-10496 (as may be amended and supplemented from time to time).	
0001144204-17-020580	1	Groundfloor Finance Inc.	LROs	19065300	0	LROs in the amount of $19,065,300 were issued and sold pursuant to Offering Circular File No. 024-10496 (as may be amended and supplemented from time to time).	
0001144204-17-020580	2	Groundfloor Finance Inc.	LROs	19065300	0	LROs in the amount of $19,065,300 were issued and sold pursuant to Offering Circular File No. 024-10496 (as may be amended and supplemented from time to time).	
0001144204-17-020565	1	Groundfloor Real Estate 1, LLC	Membership Interests	100	0	Membership interests were issued for $100.	
0001193125-17-116492	3	ADOMANI, Inc.	Founders' Stock	10217150	9010000	The Founders' stock was issued for an aggregate amount of $20,434.30 which represents $0.002 per share.	The Founders' stock was issued for an aggregate amount of $18,020.00 which represents $0.002 per share.
0001193125-17-116492	2	ADOMANI, Inc.	Founders' Stock	10217150	9010000	The Founders' stock was issued for an aggregate amount of $20,434.30 which represents $0.002 per share.	The Founders' stock was issued for an aggregate amount of $18,020.00 which represents $0.002 per share.
0001193125-17-116492	1	ADOMANI, Inc.	Founders' Stock	10217150	9010000	The Founders' stock was issued for an aggregate amount of $20,434.30 which represents $0.002 per share.	The Founders' stock was issued for an aggregate amount of $18,020.00 which represents $0.002 per share.
0001193125-17-116492	4	ADOMANI, Inc.	Founders' Stock	10217150	9010000	The Founders' stock was issued for an aggregate amount of $20,434.30 which represents $0.002 per share.	The Founders' stock was issued for an aggregate amount of $18,020.00 which represents $0.002 per share.
0001144204-17-019401	3	Groundfloor Finance Inc.	LROs	18912920	0	LROs in the amount of $18,912,920 were issued and sold pursuant to Offering Circular File No. 024-10496 (as may be amended and supplemented from time to time).	
0001144204-17-019401	1	Groundfloor Finance Inc.	LROs	18912920	0	LROs in the amount of $18,912,920 were issued and sold pursuant to Offering Circular File No. 024-10496 (as may be amended and supplemented from time to time).	
0001144204-17-019401	2	Groundfloor Finance Inc.	LROs	18912920	0	LROs in the amount of $18,912,920 were issued and sold pursuant to Offering Circular File No. 024-10496 (as may be amended and supplemented from time to time).	
0001387131-17-001866	1	NY Residential REIT, LLC	Common Stock	100	100	$1,000 ($10.00 per common share)	0
0001652577-17-000002	1	360 Sports, Inc.	Common A	23259893	0	360 Sports, Inc. issued shares based on sweat equity and consulting services.	
0001652577-17-000002	2	360 Sports, Inc.	Common A	23259893	0	360 Sports, Inc. issued shares based on sweat equity and consulting services.	
0001213900-17-003239	1	Legion Capital Corporation	Class A Common	11799500	0	$1,799,500 - $1 per share sold	
0001193125-17-108216	1	Cottonwood Multifamily REIT II, Inc.	Common Stock	1000	1000	10,000 paid in cash.	10,000 paid in cash.
0001477932-17-001502	5	ShiftPixy, Inc.	Common Stock - Founder's shares	25200000	0	$5,040 based upon a purchase price of $0.0002 per share as adjusted for split, with $0.0001 allocated to par value and $0.0001 allocated to premium.	
0001477932-17-001502	4	ShiftPixy, Inc.	Common Stock - Founder's shares	25200000	0	$5,040 based upon a purchase price of $0.0002 per share as adjusted for split, with $0.0001 allocated to par value and $0.0001 allocated to premium.	
0001477932-17-001502	3	ShiftPixy, Inc.	Common Stock - Founder's shares	25200000	0	$5,040 based upon a purchase price of $0.0002 per share as adjusted for split, with $0.0001 allocated to par value and $0.0001 allocated to premium.	
0001477932-17-001502	2	ShiftPixy, Inc.	Common Stock - Founder's shares	25200000	0	$5,040 based upon a purchase price of $0.0002 per share as adjusted for split, with $0.0001 allocated to par value and $0.0001 allocated to premium.	
0001477932-17-001502	1	ShiftPixy, Inc.	Common Stock - Founder's shares	25200000	0	$5,040 based upon a purchase price of $0.0002 per share as adjusted for split, with $0.0001 allocated to par value and $0.0001 allocated to premium.	
0001477932-17-001502	7	ShiftPixy, Inc.	Common Stock - Founder's shares	25200000	0	$5,040 based upon a purchase price of $0.0002 per share as adjusted for split, with $0.0001 allocated to par value and $0.0001 allocated to premium.	
0001477932-17-001502	8	ShiftPixy, Inc.	Common Stock - Founder's shares	25200000	0	$5,040 based upon a purchase price of $0.0002 per share as adjusted for split, with $0.0001 allocated to par value and $0.0001 allocated to premium.	
0001477932-17-001502	9	ShiftPixy, Inc.	Common Stock - Founder's shares	25200000	0	$5,040 based upon a purchase price of $0.0002 per share as adjusted for split, with $0.0001 allocated to par value and $0.0001 allocated to premium.	
0001477932-17-001502	6	ShiftPixy, Inc.	Common Stock - Founder's shares	25200000	0	$5,040 based upon a purchase price of $0.0002 per share as adjusted for split, with $0.0001 allocated to par value and $0.0001 allocated to premium.	
0001477932-17-001502	10	ShiftPixy, Inc.	Common Stock - Founder's shares	25200000	0	$5,040 based upon a purchase price of $0.0002 per share as adjusted for split, with $0.0001 allocated to par value and $0.0001 allocated to premium.	
