ACCESSION_NUMBER	SINFO_ID	COMMISSIONFILENUMBER	OFFERINGQUALIFICATIONDATE	OFFERINGCOMMENCEDATE	QUALIFIEDSECURITIESSOLD	OFFERINGSECURITIESSOLD	PORTIONSECURITIESSOLDISSUER	PORTIONSOLDSECURITYHOLDERS	PRICEPERSECURITY	AGGREGRATEOFFERINGPRICE	AGGREGRATEOFFERINGPRICEHOLDERS	UNDERWRITERFEES	SALESCOMMISSIONSFEE	FINDERSFEES	AUDITORFEES	LEGALFEES	PROMOTERSFEES	BLUESKYFEES	CRDNUMBERBROKERDEALER	ISSUERNETPROCEEDS	CLARIFICATIONRESPONSES
0001627469-17-000038	1	024-10556	16-SEP-2016	16-SEP-2016	17000000	454000			0.005	2270.0	0.0										
0001213900-17-006522	1	024-10520	24-MAY-2016	04-JUL-2016	802065	25295			12.47	315428.65	0.0										
0001493152-17-006467	1	024-10576	01-SEP-2016	01-SEP-2016	1438571	0			3.5	0.0	0.0	0.0	0.0	0.0	6000.0	8820.0	0.0	0.0		0.0	fees and commissions paid as of 12/31/16
0001193125-17-200149	1	024-10551	08-NOV-2016	09-NOV-2016	3000000	502327			10.0	5023270.0	0.0	40000.0							3188341	4165483.0	
0001493152-17-006030	1	024-10540	17-MAY-2016	17-MAY-2016	100000000	987500			0.01	9875.0	0.0	0.0	0.0	0.0	0.0	0.0	0.0	0.0	0	9875.0	
0001376474-17-000186	1	024-10490	03-FEB-2016	04-FEB-2016	6000000	0			0.075	0.0	0.0									450000.0	
0001214659-17-003638	1	024-10484	10-MAR-2016	11-MAR-2016	5000000	2450000	2450000.0	0.0	25000.0						4000.0	1000.0			N/A	2420000.0	Net proceeds reflects deduction of estimated $25,000 in printing, filing and marketing costs.
0001214659-17-003635	1	024-10484	10-MAR-2016	11-MAR-2016	5000000	2450000			25000.0	2450000.0	0.0				4000.0	1000.0				2420000.0	Net proceeds reflects deduction of estimated $25,000 in printing, filing and marketing costs.
0001376474-17-000181	1	024-10490	03-FEB-2016	04-FEB-2016	6000000	0			0.075	0.0	0.0									450000.0	
0001654954-17-004402	2															0.0					
0001654954-17-004402	1	024-10480	13-FEB-2017	13-FEB-2017	94573561	7250458	174862.0	0.0	0.045000000000000005						5000.0	10000.0				154862.0	Price per share amended during course of offering from $.045 per share to $.09 share; number of securities sold includes shares issued to members with no cash payment.
0001144204-17-023784	1	024-10537	03-JUN-2016	04-JUN-2016	3437500	576513	1844841.0	0.0	3.2			0.0	138363.0	0.0	8000.0	50000.0	0.0	0.0	170937	1648478.0	8tracks, Inc. is filing this Form 1-Z to end its current offering. 8tracks, Inc. is not using this form to suspend its duty to file reports.
0001640334-17-000825	1	024-10579	28-NOV-2016	01-DEC-2016	5000000	0			3.2800000000000002	0.0	0.0	0.0	0.0	0.0	27750.0	15720.0	0.0	14425.75		0.0	No subscriptions have been accepted.
0001214659-17-002853	1	024-10473	20-NOV-2015	20-NOV-2015	30096000	16920576			12.0	16920576.0	0.0					140000.0		30000.0		16750576.0	The above table does not include fees paid to FundAmerica Securities LLC for administrative and escrow agent services, FINRA filing fee, fees for EDGAR document conversion and filing, and website posting fees.
0001493152-17-004589	1	024-10494	31-AUG-2016	12-SEP-2016	500000	638			100.0	63800.0	0.0	0.0	0.0	0.0	1000.0	400.0	0.0	0.0		0.0	NA
0001193125-17-147271	1	024-10574	16-AUG-2016	03-OCT-2016	113640	96975			362.2	35124345.0	0.0				15000.0	135000.0				34974345.0	
0001193125-17-147036	1	024-10527	27-MAY-2016	27-MAY-2016	5000000	5000000			10.0	50000000.0	0.0		1120682.0		126118.0	250000.0		34210.0	133378	50000000.0	
0001193125-17-146592	1	024-10545	19-MAY-2016	01-JUL-2016	30000	22592			962.94	21754740.5	0.0				60000.0	140000.0				21544740.5	
0001654954-17-003721	1	024-10596	19-OCT-2016	19-OCT-2016	3750000	3313002			3.0	9939006.0	0.0	0.0	0.0	0.0	48511.0	100000.0	0.0	34273.0		9756222.0	The above table does not include fees paid to Issuer Direct Corporation for Escrow Agent Services, fees for posting fees, or fees paid to Stripe, Inc. for payment processing fees.
0001477932-17-001895	1	024-10472	03-NOV-2015	03-FEB-2016	25000000	1454247			0.6	872548.2000000001	0.0	0.0	0.0	0.0	10125.0	7650.0	229204.67	22425.0	156214	603143.53	Reflects additional fees paid to the administrative broker-dealer and hosting portal.
0001549212-17-000006	1	024-10544	20-MAY-2016	20-MAY-2016	1000000	0	0.0	0.0	0.001							450.0				0.0	
