ACCESSION_NUMBER	SIGN_ID	CIK	REGULATIONISSUERNAME1	REGULATIONISSUERNAME2	SIGNATUREBY	SIGNATURE_DATE	TITLE
0001214659-17-003638	1	0001652212	Luna Azul Development Fund	Luna Azul Development Fund	/s/ Mark Roth	26-MAY-2017	Manager, L.A. Management, LLC
0001654954-17-004402	1	0001652350	iConsumer Corp.	iConsumer Corp.	/s/ Robert N. Grosshandler	11-MAY-2017	Chief Executive Officer, Chief Financial Officer, Chief Accounting Officer and Sole Director
0001144204-17-023784	1	0001618046	8tracks	8tracks	/s/ David Porter	01-MAY-2017	Chief Executive Officer
0001549212-17-000006	1	0001621388	SW Innovative Holdings, Inc.	SW Innovative Holdings, Inc.	/s/ Norman George	11-APR-2017	President
