ACCESSION_NUMBER	ED_ID	TYPE	NAME	OUTSTANDING	CUSIP	PUBLICYTRADED
0001688804-17-000006	1	Preferred		0		
0001688804-17-000006	1	Debt Securities		0		
0001688804-17-000006	1	Common	Series #77LE1	2000	0	None
0001387131-17-003536	1	Preferred	N/A	0	000000000	N/A
0001387131-17-003536	1	Common	Common Stock	100	000000000	N/A
0001387131-17-003536	1	Debt Securities	N/A	0	000000000	N/A
0001477932-17-003128	1	Debt Securities	Debt Securities	137500	N/A	N/A
0001477932-17-003128	1	Preferred	Preferred Equity	35000	N/A	N/A
0001477932-17-003128	1	Common	Common Equity	221592818	584502108	OTC Links (Pink Sheets)
0001445866-17-000969	1	Preferred	0	0		
0001445866-17-000969	1	Common	0	0		
0001445866-17-000969	1	Debt Securities	0	0		
0001213900-17-006978	1	Common	Common Stock	20072223	26443D101	n/a
0001213900-17-006978	1	Debt Securities	Loan Agreements	0	000000n/a	n/a
0001213900-17-006978	1	Preferred	n/a	0	000000n/a	n/a
0001445866-17-000963	1	Preferred		0		
0001445866-17-000963	1	Debt Securities		0		
0001445866-17-000963	1	Common		0		
0001104659-17-042150	1	Common	Common Stock	10000	0	0
0001104659-17-042150	1	Preferred	Preferred Stock	0		
0001104659-17-042150	1	Debt Securities		0		
0001493152-17-007278	1	Preferred	Preferred	0	000000000	0
0001493152-17-007278	1	Common	common	60987500	000000000	0
0001493152-17-007278	1	Debt Securities	Debt	0	000000000	0
0001144204-17-034652	1	Debt Securities	N/A	0	000000N/A	000000N/A
0001144204-17-034652	1	Preferred	N/A	0	000000N/A	000000N/A
0001144204-17-034652	1	Common	Common	1231332	16957M 10	OTC-Pink
0001707175-17-000002	1	Debt Securities		0		
0001707175-17-000002	1	Preferred		0		
0001707175-17-000002	1	Common		0		
0001144204-17-034475	3	Common	Class W warrants	678822	000000000	N/A
0001144204-17-034475	4	Common	Class Z warrants	130618	000000000	N/A
0001144204-17-034475	1	Debt Securities	N/A	0	000000000	N/A
0001144204-17-034475	2	Common	Class B common stock	8071955	000000000	N/A
0001144204-17-034475	1	Preferred	N/A	0	000000000	N/A
0001144204-17-034475	1	Common	Class A common stock	1249090	16842Q100	Nasdaq
0001144204-17-034252	1	Common	Membership Interests	100	000000N/A	N/A
0001144204-17-034252	1	Debt Securities	N/A - excludes LROs	0	000000N/A	N/A
0001144204-17-034252	1	Preferred	N/A	0	000000N/A	N/A
0001671132-17-000001	1	Common	Common	52103058	42470P107	OTC Markets
0001671132-17-000001	1	Preferred		0		
0001671132-17-000001	1	Debt Securities		0		
0001213900-17-006814	1	Debt Securities	Promissory Note	250000	000000000	N/A
0001213900-17-006814	1	Preferred	None	0	000000000	N/A
0001213900-17-006814	1	Common	Common Stock	2575001	25401D103	None
0001214659-17-004156	1	Common	Common Stock	6000000	000000000	N/A
0001214659-17-004156	1	Debt Securities	N/A	0	000000000	N/A
0001214659-17-004156	1	Preferred	N/A	0	000000000	N/A
0001144204-17-033680	1	Common	Common	4978942	000000N/A	N/A
0001144204-17-033680	1	Preferred	A-1	1434891	000000N/A	N/A
0001144204-17-033680	1	Debt Securities	Convertible Debt	475000	000000N/A	N/A
0001144204-17-033485	1	Debt Securities	N/A	0	000000N/A	N/A
0001144204-17-033485	1	Preferred	N/A	0	000000N/A	N/A
0001144204-17-033485	1	Common	Common Stock	33333333	000000N/A	N/A
0001144204-17-033348	1	Common	Class A common stock	1249090	16842Q100	Nasdaq
0001144204-17-033348	2	Common	Class B common stock	8071955	000000000	N/A
0001144204-17-033348	1	Debt Securities	N/A	0	000000000	N/A
0001144204-17-033348	4	Common	Class Z warrants	130618	000000000	N/A
0001144204-17-033348	1	Preferred	N/A	0	000000000	N/A
0001144204-17-033348	3	Common	Class W warrants	678822	000000000	N/A
0001144204-17-033142	1	Common	Common Stock	4463909	000000n/a	n/a
0001144204-17-033142	1	Preferred	Preferred Stock	18348968	000000n/a	n/a
0001144204-17-033142	1	Debt Securities	None	0	000000n/a	n/a
0001144204-17-033084	1	Debt Securities	N/A	0	000000N/A	000000N/A
0001144204-17-033084	1	Preferred	N/A	0	000000N/A	000000N/A
0001144204-17-033084	1	Common	Common	1231332	16957M 10	OTC-Pink
0001144204-17-033032	3	Common	Class C Common (12/31/16)	8501	000000N/A	N/A
0001144204-17-033032	1	Preferred	N/A	0	000000N/A	N/A
0001144204-17-033032	1	Debt Securities	N/A	0	000000N/A	N/A
0001144204-17-033032	1	Common	Class A Common	2361000	000000N/A	N/A
0001144204-17-033032	2	Common	Class B Common	989800	000000N/A	N/A
0001493152-17-006760	1	Debt Securities	Debt Securities	0	0000000NA	NA
0001493152-17-006760	1	Preferred	Convertible Preferred	638	00775B207	To be determined
0001493152-17-006760	1	Common	Common Equity	29000000	000000000	To be determined
0001193125-17-204138	1	Debt Securities	Convertible Promissory Notes	0	000000000	N/A
0001193125-17-204138	1	Common	Common Stock	65310928	000000000	N/A
0001193125-17-204138	1	Preferred	Preferred Stock	0	000000000	N/A
0001477932-17-002835	1	Debt Securities	None	0	None	None
0001477932-17-002835	1	Preferred	Series A Preferred	100	None	None
0001477932-17-002835	1	Common	Common	685938309	78468T107	OTCPinksheets
0001477932-17-002822	1	Common	Common	685938309	78468T107	OTCPinksheets
0001477932-17-002822	1	Preferred	Series A Preferred	100	None	None
0001477932-17-002822	1	Debt Securities	None	0	None	None
0001144204-17-032393	3	Common	Class C Common (12/31/16)	8501	000000N/A	N/A
0001144204-17-032393	1	Debt Securities	N/A	0	000000N/A	N/A
0001144204-17-032393	1	Common	Class A Common	2361000	000000N/A	N/A
0001144204-17-032393	2	Common	Class B Common	989800	000000N/A	N/A
0001144204-17-032393	1	Preferred	N/A	0	000000N/A	N/A
0001677159-17-000004	1	Preferred	N/A	0	N/A	N/A
0001677159-17-000004	1	Common	Common	15000000	N/A	N/A
0001213900-17-006390	1	Preferred	None	0	000000000	
0001213900-17-006390	1	Common	Class A Common	11799500	000000000	None
0001677159-17-000004	1	Debt Securities	N/A	0	N/A	N/A
0001213900-17-006390	1	Debt Securities	None	0	000000000	
0001213900-17-006388	1	Common	-	1000	000000000	-
0001213900-17-006388	1	Debt Securities	-	0	000000000	-
0001213900-17-006388	1	Preferred	-	0	000000000	-
0001144204-17-032024	1	Debt Securities	N/A	0	000000N/A	N/A
0001144204-17-032024	1	Common	Class A Common Stock	2556400	000000N/A	N/A
0001144204-17-032024	2	Common	Class B Common Stock	2884129	000000N/A	N/A
0001144204-17-032024	3	Common	Class F Common Stock	10000000	000000N/A	N/A
0001144204-17-032024	4	Common	Class M Common Stock	0	000000N/A	N/A
0001144204-17-032024	1	Preferred	Series A Preferred Stock	11865046	000000N/A	N/A
0001493152-17-006441	1	Common	Common Equity	29000000	000000000	To be determined
0001493152-17-006441	1	Debt Securities	Debt Securities	0	0000000NA	NA
0001493152-17-006441	1	Preferred	Convertible Preferred	638	00775B207	To be determined
0001477932-17-002747	1	Debt Securities		0		
0001477932-17-002747	1	Preferred		0		
0001477932-17-002747	1	Common	Common Stock	94404430	None	None
0001549212-17-000009	1	Common	Class A	521320840	423703107	OTCPinksheets
0001549212-17-000009	2	Common	Class B	108000000	N/A	N/A
0001549212-17-000009	1	Preferred		0		
0001549212-17-000009	1	Debt Securities		0		
0001213900-17-006275	2	Preferred	Series B-1 Preferred Stock	1662104	000000000	N/A
0001445866-17-000830	1	Debt Securities	0	0		
0001213900-17-006275	1	Debt Securities	Notes Payable, MLSC	1193984	000000000	N/A
0001213900-17-006275	2	Debt Securities	Convertible Notes	5172000	000000000	N/A
0001213900-17-006275	1	Preferred	Series A-1 Preferred Stock	960083	000000000	N/A
0001445866-17-000830	1	Common	0	0		
0001445866-17-000830	1	Preferred	0	0		
0001213900-17-006275	1	Common	Common Stock	1126584	62857J 10	N/A
0001213900-17-006275	3	Debt Securities	Notes Payable, Shareholder	876458	000000000	N/A
0001144204-17-031655	1	Debt Securities	N/A	0	000000N/A	N/A
0001144204-17-031655	1	Common	Series A Units	20000000	000000N/A	N/A
0001144204-17-031655	1	Preferred	Series B Units	34672767	000000N/A	N/A
0001193125-17-197261	1	Common	N/A	1000	000000000	N/A
0001193125-17-197261	1	Preferred	N/A	0	000000000	N/A
0001193125-17-197261	1	Debt Securities	N/A	0	000000000	N/A
0001477932-17-002702	1	Preferred	None	0		
0001477932-17-002702	1	Debt Securities	None	0		
0001477932-17-002702	1	Common	Common Equity	26541925	82452L104	None
0001144204-17-031328	1	Preferred	N/A	0	000000N/A	000000N/A
0001144204-17-031328	1	Common	Common	1231332	16957M 10	OTC-Pink
0001144204-17-031328	1	Debt Securities	N/A	0	000000N/A	000000N/A
0001144204-17-030964	1	Debt Securities	N/A	0	000000N/A	N/A
0001144204-17-030964	1	Preferred	N/A	0	000000N/A	N/A
0001144204-17-030964	1	Common	Common Stock	33333333	000000N/A	N/A
0001213900-17-006110	1	Common	-	1000	000000000	-
0001213900-17-006110	1	Debt Securities	-	0	000000000	-
0001213900-17-006110	1	Preferred	-	0	000000000	-
0001571049-17-005578	2	Preferred	Series C Preferred	20687	000000000	N/A
0001571049-17-005578	1	Preferred	Series A Preferred	12087	000000000	N/A
0001571049-17-005578	1	Common	Common Stock	730861	000000000	OTCQB
0001571049-17-005578	1	Debt Securities	None	0	000000000	N/A
0001144204-17-030598	1	Preferred	N/A	0	000000000	N/A
0001144204-17-030598	3	Common	Class W warrants	678822	000000000	N/A
0001144204-17-030598	2	Common	Class B common stock	8071955	000000000	N/A
0001144204-17-030598	1	Common	Class A common stock	1042030	000000000	N/A
0001144204-17-030598	1	Debt Securities	N/A	0	000000000	N/A
0001445866-17-000806	1	Common		0		
0001445866-17-000806	1	Debt Securities		0		
0001445866-17-000806	1	Preferred		0		
0001445866-17-000803	1	Common		0		
0001445866-17-000803	1	Preferred		0		
0001445866-17-000803	1	Debt Securities		0		
0001477932-17-002648	1	Common	Management Interests	0	None	None
0001477932-17-002648	1	Preferred	Class A Preferred Units	0	None	None
0001477932-17-002648	3	Preferred	Class C Preferred Units	0	None	None
0001477932-17-002648	2	Preferred	Class B Preferred Units	0	None	None
0001477932-17-002648	1	Debt Securities	Debt Securities	0	None	None
0001214659-17-003720	1	Preferred	N/A	0	000000000	N/A
0001214659-17-003720	1	Debt Securities	N/A	0	000000000	N/A
0001214659-17-003720	1	Common	Common Stock	6000000	000000000	N/A
0001144204-17-030042	1	Debt Securities	N/A - excludes LROs	0	000000N/A	N/A
0001144204-17-030042	1	Preferred	N/A	0	000000N/A	N/A
0001144204-17-030042	1	Common	Membership Interests	100	000000N/A	N/A
0001675426-17-000013	1	Common	common	25000000	000000000	None
0001675426-17-000013	1	Debt Securities	None	0	000000000	None
0001675426-17-000013	1	Preferred	Preferred	0	000000000	None
0001144204-17-029895	1	Common	None	0	000000000	N/A
0001144204-17-029895	1	Preferred	None	0	000000000	N/A
0001144204-17-029895	1	Debt Securities	None	0	000000000	N/A
0001477932-17-002578	1	Common	Common	685938309	78468T107	OTCPinksheets
0001477932-17-002578	1	Preferred	Series A Preferred	100	None	None
0001477932-17-002578	1	Debt Securities	None	0	None	None
0001144204-17-029818	1	Common	N/A	76486724	45074L109	OTCPinksheets
0001144204-17-029818	1	Preferred	Series C	1500000	000000000	N/A
0001144204-17-029818	1	Debt Securities	N/A	0	000000000	N/A
0001477932-17-002557	1	Preferred	Preferred Equity	0	None	None
0001477932-17-002557	1	Debt Securities	Debt Securities	0	None	None
0001477932-17-002557	1	Common	Common Equity	1666667	None	None
0000721748-17-000372	1	Common	Common Stock	1094211721	78461L 20	OTCMarkets, Pink Open Market
0000721748-17-000372	1	Preferred	Series A Preferred Stock	10000000	00000None	None
0000721748-17-000372	1	Debt Securities	None	0	00000None	None
0001696900-17-000012	1	Preferred		0		
0001696900-17-000012	1	Debt Securities		0		
0001696900-17-000012	1	Common	Common Stock	1470000	none	None
0001214659-17-003584	1	Debt Securities	None	0	00000None	Corporate Bonds
0001214659-17-003584	1	Preferred	Preferred Stock	0	00000None	Preferred Stock
0001214659-17-003584	1	Common	Common Stock	2000000	00000None	Common Stock
0001699683-17-000010	1	Debt Securities	N/A	0	N/A	N/A
0001699683-17-000010	1	Preferred	N/A	0	N/A	N/A
0001699683-17-000010	1	Common	Common	7500000	N/A	N/A
0001549212-17-000008	1	Debt Securities		0		
0001549212-17-000008	1	Preferred		0		
0001549212-17-000008	1	Common	Class A	521320840	423703107	OTCPinksheets
0001549212-17-000008	2	Common	Class B	108000000	N/A	N/A
0001477932-17-002404	1	Common	Common Equity	26541925	82452L104	None
0001477932-17-002404	1	Preferred	None	0		
0001477932-17-002404	1	Debt Securities	None	0		
0001144204-17-028349	1	Preferred	Series B Units	34672767	000000N/A	N/A
0001144204-17-028349	1	Common	Series A Units	20000000	000000N/A	N/A
0001144204-17-028349	1	Debt Securities	N/A	0	000000N/A	N/A
0001683168-17-001312	1	Debt Securities	none	0	000000000	none
0001683168-17-001312	1	Preferred	Convertible Preferred Stock Cl	28500000	000000000	none
0001683168-17-001312	1	Common	Common Stock Class A	0	000000000	None
0001493152-17-005551	1	Debt Securities	Debt	0	000000000	0
0001493152-17-005551	1	Common	common	60000000	000000000	0
0001493152-17-005551	1	Preferred	Preferred	0	000000000	0
0001144204-17-028126	1	Preferred	Series C	1500000	000000000	N/A
0001144204-17-028126	1	Common	N/A	76486724	45074L109	OTCPinksheets
0001144204-17-028126	1	Debt Securities	N/A	0	000000000	N/A
0001698370-17-000007	1	Preferred	preferred shares	0	0	Not Applicable
0001698370-17-000007	1	Debt Securities	none	0	0	Not Applicable
0001698370-17-000007	1	Common	common shares	60427383	89785	Canadian Securities Exchange
0001144204-17-027720	1	Common	None	0	000000000	N/A
0001144204-17-027720	1	Debt Securities	None	0	000000000	N/A
0001144204-17-027720	1	Preferred	None	0	000000000	N/A
0001144204-17-027414	1	Preferred	N/A	0	000000N/A	N/A
0001144204-17-027414	1	Common	Membership Interests	100	000000N/A	N/A
0001144204-17-027414	1	Debt Securities	N/A - excludes LROs	0	000000N/A	N/A
0001699683-17-000007	1	Common	Common	7500000	N/A	N/A
0001699683-17-000007	1	Preferred	N/A	0	N/A	N/A
0001699683-17-000007	1	Debt Securities	N/A	0	N/A	N/A
0001144204-17-026756	1	Common	Common Equity	22604059	65250F106	n/a
0001144204-17-026756	1	Debt Securities	Debt Securities	293935	000000n/a	n/a
0001144204-17-026756	1	Preferred	Preferred Equity	8116000	000000n/a	n/a
0001213900-17-004971	1	Common	-	1000	000000000	-
0001213900-17-004971	1	Preferred	-	0	000000000	-
0001213900-17-004971	1	Debt Securities	-	0	000000000	-
0001193125-17-167066	1	Debt Securities	N/A	0	000000000	N/A
0001193125-17-167066	1	Preferred	N/A	0	000000000	N/A
0001193125-17-167066	1	Common	N/A	1000	000000000	N/A
0001144204-17-026132	1	Preferred	N/A	0	000000000	N/A
0001144204-17-026132	1	Common	Common Shares	4920520	000000000	N/A
0001144204-17-026132	1	Debt Securities	N/A	0	000000000	N/A
0001587999-17-000004	1	Preferred		0		
0001587999-17-000004	1	Debt Securities		0		
0001587999-17-000004	1	Common	common	4000000	0	n/a
0001587999-17-000003	1	Common	common	4000000	0	n/a
0001587999-17-000003	1	Debt Securities		0		
0001587999-17-000003	1	Preferred		0		
0001705510-17-000002	1	Preferred	n/a	0		
0001705510-17-000002	1	Common	Common	100000000	n/a	n/a
0001705510-17-000002	1	Debt Securities	n/a	0		
0001623541-17-000004	1	Common	Common	200000000	n/a	n/a
0001623541-17-000004	1	Debt Securities		0		
0001623541-17-000004	1	Preferred		0		
0001642079-17-000001	1	Common	0	0	0	
0001642079-17-000001	1	Preferred	0	0		
0001642079-17-000001	1	Debt Securities	0	0		
0001640334-17-000871	1	Preferred		0		
0001640334-17-000871	1	Debt Securities		0		
0001640334-17-000871	1	Common	Class A	18260035	85788W108	none
0001477932-17-002088	1	Debt Securities	None	0	None	None
0001477932-17-002088	1	Preferred	Series A Preferred	100	None	None
0001477932-17-002088	1	Common	Common	685938309	78468T107	OTCPinksheets
0001493152-17-004770	1	Common	N/A	0	000000000	N/A
0001493152-17-004770	1	Debt Securities	Investment Certificates -Reg A	429	000000000	N/A
0001493152-17-004770	1	Preferred	N/A	0	000000000	N/A
0001144204-17-024321	1	Common	Common Shares	4920520	000000000	N/A
0001144204-17-024321	1	Preferred	N/A	0	000000000	N/A
0001144204-17-024331	1	Common	Common Shares	500	000000000	N/A
0001144204-17-024331	1	Preferred	N/A	0	000000000	N/A
0001144204-17-024336	1	Debt Securities	N/A	0	000000000	N/A
0001144204-17-024336	1	Preferred	N/A	0	000000000	N/A
0001144204-17-024321	1	Debt Securities	N/A	0	000000000	N/A
0001144204-17-024331	1	Debt Securities	N/A	0	000000000	N/A
0001144204-17-024336	1	Common	Common Shares	500	000000000	N/A
0001213900-17-004572	1	Common	Common Stock	20000000	000000000	Common Stock
0001213900-17-004572	1	Debt Securities	None	0	000000000	None
0001213900-17-004572	1	Preferred	None	0	000000000	None
0001214659-17-002923	1	Preferred	N/A	0	000000000	N/A
0001214659-17-002923	1	Common	Common Stock	6000000	000000000	N/A
0001214659-17-002923	1	Debt Securities	N/A	0	000000000	N/A
0001445866-17-000561	1	Preferred	0	0		
0001445866-17-000561	1	Debt Securities	0	0		
0001445866-17-000561	1	Common	0	0		
0001696900-17-000011	1	Common	Common Stock	1470000	none	None
0001696900-17-000011	1	Debt Securities		0		
0001696900-17-000011	1	Preferred		0		
0001437749-17-007676	1	Preferred		0		
0001437749-17-007676	1	Common	Common Stock	71428571	0	n/a
0001437749-17-007676	1	Debt Securities		0		
0001387131-17-002372	1	Common	N/A	100	000000000	N/A
0001387131-17-002372	1	Preferred	N/A	0	000000000	N/A
0001387131-17-002372	1	Debt Securities	N/A	0	000000000	N/A
0001144204-17-023446	1	Debt Securities	Convertible Promissory Notes	425000	000000N/A	N/A
0001144204-17-023446	2	Preferred	Series A Preferred Stock	747373	000000N/A	N/A
0001144204-17-023446	1	Preferred	Series Seed	568796	000000N/A	N/A
0001144204-17-023446	1	Common	Common Stock	1132406	000000N/A	N/A
0001437749-17-007355	1	Debt Securities		0		
0001437749-17-007355	1	Preferred		0		
0001437749-17-007355	1	Common	Common Stock	71428571	0	n/a
0001549212-17-000007	2	Common	Class B	108000000	N/A	N/A
0001549212-17-000007	1	Common	Class A	521320840	423703107	OTCPinksheets
0001549212-17-000007	1	Preferred		0		
0001549212-17-000007	1	Debt Securities		0		
0001437749-17-007224	1	Preferred		0		
0001437749-17-007224	1	Common	Common Stock	71428571	0	n/a
0001445866-17-000530	1	Common	0	0		
0001437749-17-007224	1	Debt Securities		0		
0001445866-17-000530	1	Debt Securities	0	0		
0001445866-17-000530	1	Preferred	0	0		
0001144204-17-022150	1	Common	N/A	76486724	45074L109	OTCPinksheets
0001144204-17-022150	1	Debt Securities	N/A	0	000000000	N/A
0001144204-17-022150	1	Preferred	Series C	1500000	000000000	N/A
0001213900-17-004224	1	Preferred	-	0	000000000	-
0001213900-17-004224	1	Debt Securities	-	0	000000000	-
0001213900-17-004224	1	Common	-	1000	000000000	-
0001387131-17-002236	1	Debt Securities	N/A	0	000000000	N/A
0001387131-17-002236	1	Preferred	N/A	0	000000000	N/A
0001387131-17-002236	1	Common	N/A	100	000000000	N/A
0001144204-17-021822	1	Common	Common Shares	500	000000000	N/A
0001144204-17-021822	1	Preferred	N/A	0	000000000	N/A
0001144204-17-021828	1	Common	Common Shares	5044096	000000N/A	N/A
0001144204-17-021828	1	Preferred	N/A	0	000000N/A	N/A
0001144204-17-021815	1	Debt Securities	None	0	000000000	N/A
0001144204-17-021820	1	Debt Securities	N/A	0	000000000	N/A
0001144204-17-021822	1	Debt Securities	N/A	0	000000000	N/A
0001144204-17-021828	1	Debt Securities	N/A	0	000000N/A	N/A
0001144204-17-021820	1	Preferred	N/A	0	000000000	N/A
0001144204-17-021820	1	Common	Common Shares	500	000000000	N/A
0001144204-17-021815	1	Common	None	0	000000000	N/A
0001144204-17-021815	1	Preferred	None	0	000000000	N/A
0001144204-17-021616	1	Common	Common Stock	131070	000000N/A	N/A
0001144204-17-021616	1	Debt Securities	Convertible Promissory Notes	425000	000000N/A	N/A
0001144204-17-021616	2	Preferred	Series A Preferred Stock	747373	000000N/A	N/A
0001144204-17-021616	1	Preferred	Series Seed	568796	000000N/A	N/A
0001144204-17-020936	1	Preferred	Series Seed	568796	000000N/A	N/A
0001144204-17-020936	2	Preferred	Series A Preferred Stock	747373	000000N/A	N/A
0001144204-17-020936	1	Debt Securities	Convertible Promissory Notes	425000	000000N/A	N/A
0001144204-17-020936	1	Common	Common Stock	131070	000000N/A	N/A
0001699683-17-000006	1	Debt Securities	N/A	0	N/A	N/A
0001699683-17-000006	1	Preferred	N/A	0	N/A	N/A
0001699683-17-000006	1	Common	Common	7500000	N/A	N/A
0001144204-17-020580	1	Common	Common Stock	131070	000000N/A	N/A
0001144204-17-020580	1	Debt Securities	Convertible Promissory Notes	425000	000000N/A	N/A
0001144204-17-020580	2	Preferred	Series A Preferred Stock	747373	000000N/A	N/A
0001144204-17-020580	1	Preferred	Series Seed	568796	000000N/A	N/A
0001144204-17-020565	1	Common	Membership Interests	100	000000N/A	N/A
0001144204-17-020565	1	Preferred	N/A	0	000000N/A	N/A
0001144204-17-020565	1	Debt Securities	N/A	0	000000N/A	N/A
0001644516-17-000001	1	Preferred		0		
0001644516-17-000001	1	Debt Securities		0		
0001644516-17-000001	1	Common	common	4000000	0	n/a
0001144204-17-020453	1	Debt Securities	N/A	0	000000N/A	000000N/A
0001144204-17-020453	1	Preferred	N/A	0	000000N/A	000000N/A
0001144204-17-020453	1	Common	Common	1231332	16957M 10	OTC-Pink
0001703732-17-000001	1	Common	Class A and B Common Stock	28000000	N/A	N/A
0001703732-17-000001	1	Debt Securities		0		
0001703732-17-000001	1	Preferred	Preferred	0		
0001587999-17-000001	1	Common	common	4000000	0	n/a
0001587999-17-000001	1	Debt Securities		0		
0001587999-17-000001	1	Preferred		0		
0001193125-17-116492	1	Common	Common Stock	65410928	000000000	N/A
0001193125-17-116492	1	Preferred	Preferred Stock	0	000000000	N/A
0001193125-17-116492	1	Debt Securities	Convertible Promissory Notes	0	000000000	N/A
0001696900-17-000010	1	Preferred		0		
0001696900-17-000010	1	Debt Securities		0		
0001696900-17-000010	1	Common	Common Stock	1470000	none	None
0001214659-17-002443	1	Debt Securities	NONE	0	00000NONE	
0001214659-17-002443	1	Preferred	NONE	0	00000NONE	
0001214659-17-002443	1	Common	Common Shares	1000	00000NONE	NONE
0001144204-17-019401	1	Common	Common Stock	131070	000000N/A	N/A
0001144204-17-019401	1	Debt Securities	Convertible Promissory Notes	525000	000000N/A	N/A
0001144204-17-019401	2	Preferred	Series A Preferred Stock	747373	000000N/A	N/A
0001144204-17-019401	1	Preferred	Series Seed	568796	000000N/A	N/A
0001477932-17-001598	1	Preferred	Series A Preferred	100	None	None
0001477932-17-001598	1	Debt Securities	None	0	None	None
0001477932-17-001598	1	Common	Common	685938309	78468T107	OTCPinksheets
0001651699-17-000005	1	Common	Common	124000000	74600T105	NONE
0001651699-17-000005	1	Preferred	0	0	74600T105	NONE
0001651699-17-000005	1	Debt Securities	0	0	74600T105	NONE
0001615923-17-000006	1	Preferred	Preferred Stock	0	None	Preferred Stock
0001615923-17-000006	1	Common	Common Stock	63480486	None	Common Stock
0001615923-17-000006	1	Debt Securities	None	0	None	None
0001640334-17-000647	1	Debt Securities		0		
0001640334-17-000647	1	Common	Common Stock	180000000	N/A	N/A
0001640334-17-000647	1	Preferred	Class A Convertible Preferred	1	N/A	N/A
0001387131-17-001866	1	Common	N/A	100	000000000	N/A
0001387131-17-001866	1	Debt Securities	N/A	0	000000000	N/A
0001387131-17-001866	1	Preferred	N/A	0	000000000	N/A
0001652577-17-000002	1	Common	Class A	23259893	88557R102	none
0001652577-17-000002	1	Debt Securities		0		
0001652577-17-000002	2	Common	Class B	26000000	88557R201	none
0001652577-17-000002	1	Preferred		0		
0001213900-17-003239	1	Preferred	None	0	000000000	
0001213900-17-003239	1	Debt Securities	None	0	000000000	
0001213900-17-003239	1	Common	Class A Common	11799500	000000000	None
0001193125-17-108216	1	Common	N/A	1000	000000000	N/A
0001193125-17-108216	1	Debt Securities	N/A	0	000000000	N/A
0001193125-17-108216	1	Preferred	N/A	0	000000000	N/A
0001477932-17-001502	1	Preferred	None	0		
0001477932-17-001502	1	Common	Common Equity	26504425	82452L104	None
0001477932-17-001502	1	Debt Securities	None	0		
