ACCESSION_NUMBER	SO_ID	SECURITIESOFFEREDTYPES	SECURITIESOFFEREDOTHERDESC
0001688804-17-000006	1	Other(describe)	LLC Interests
0001387131-17-003536	1	Equity (common or preferred stock)	
0001477932-17-003128	1	Equity (common or preferred stock)	
0001445866-17-000969	1	Equity (common or preferred stock)	
0001213900-17-006978	1	Equity (common or preferred stock)	
0001445866-17-000963	1	Equity (common or preferred stock)	
0001104659-17-042150	1	Equity (common or preferred stock)	
0001493152-17-007278	1	Equity (common or preferred stock)	
0001144204-17-034652	1	Equity (common or preferred stock)	
0001707175-17-000002	1	Equity (common or preferred stock)	
0001144204-17-034475	1	Equity (common or preferred stock)	
0001144204-17-034252	1	Other(describe)	Limited Recourse Obligations (LROs), a limited debt obligation of the issuer
0001671132-17-000001	1	Equity (common or preferred stock)	
0001213900-17-006814	3	Security to be acquired upon exercise of option, warrant or other right to acquire security	
0001213900-17-006814	2	Option, warrant or other right to acquire another security	
0001213900-17-006814	1	Equity (common or preferred stock)	
0001213900-17-006814	4	Other(describe)	Units consisting of one share of common stock and one warrant (not separately tradeable)
0001214659-17-004156	1	Debt	
0001144204-17-033680	1	Equity (common or preferred stock)	
0001144204-17-033485	1	Equity (common or preferred stock)	
0001144204-17-033348	1	Equity (common or preferred stock)	
0001144204-17-033142	1	Equity (common or preferred stock)	
0001144204-17-033084	1	Equity (common or preferred stock)	
0001144204-17-033032	1	Equity (common or preferred stock)	
0001493152-17-006760	1	Equity (common or preferred stock)	
0001193125-17-204138	1	Equity (common or preferred stock)	
0001477932-17-002835	1	Equity (common or preferred stock)	
0001477932-17-002822	1	Equity (common or preferred stock)	
0001144204-17-032393	1	Equity (common or preferred stock)	
0001677159-17-000004	1	Equity (common or preferred stock)	
0001213900-17-006390	1	Debt	
0001213900-17-006388	1	Equity (common or preferred stock)	
0001144204-17-032024	1	Equity (common or preferred stock)	
0001493152-17-006441	1	Equity (common or preferred stock)	
0001477932-17-002747	1	Equity (common or preferred stock)	
0001549212-17-000009	1	Equity (common or preferred stock)	
0001213900-17-006275	1	Equity (common or preferred stock)	
0001445866-17-000830	1	Equity (common or preferred stock)	
0001144204-17-031655	1	Equity (common or preferred stock)	
0001193125-17-197261	1	Equity (common or preferred stock)	
0001477932-17-002702	1	Equity (common or preferred stock)	
0001144204-17-031328	1	Equity (common or preferred stock)	
0001144204-17-030964	1	Equity (common or preferred stock)	
0001213900-17-006110	1	Equity (common or preferred stock)	
0001571049-17-005578	1	Equity (common or preferred stock)	
0001144204-17-030598	1	Equity (common or preferred stock)	
0001445866-17-000806	1	Equity (common or preferred stock)	
0001445866-17-000803	1	Equity (common or preferred stock)	
0001477932-17-002648	1	Equity (common or preferred stock)	
0001214659-17-003720	1	Debt	
0001144204-17-030042	1	Other(describe)	Limited Recourse Obligations (LROs), a limited debt obligation of the issuer
0001675426-17-000013	1	Equity (common or preferred stock)	
0001144204-17-029895	1	Equity (common or preferred stock)	
0001477932-17-002578	1	Equity (common or preferred stock)	
0001144204-17-029818	1	Equity (common or preferred stock)	
0001477932-17-002557	1	Equity (common or preferred stock)	
0000721748-17-000372	1	Equity (common or preferred stock)	
0001696900-17-000012	1	Equity (common or preferred stock)	
0001214659-17-003584	1	Equity (common or preferred stock)	
0001699683-17-000010	1	Equity (common or preferred stock)	
0001549212-17-000008	1	Equity (common or preferred stock)	
0001477932-17-002404	1	Equity (common or preferred stock)	
0001144204-17-028349	1	Equity (common or preferred stock)	
0001683168-17-001312	1	Equity (common or preferred stock)	
0001493152-17-005551	1	Equity (common or preferred stock)	
0001144204-17-028126	1	Equity (common or preferred stock)	
0001698370-17-000007	1	Equity (common or preferred stock)	
0001144204-17-027720	1	Equity (common or preferred stock)	
0001144204-17-027414	1	Other(describe)	Limited Recourse Obligations (LROs), a limited debt obligation of the issuer
0001699683-17-000007	1	Equity (common or preferred stock)	
0001144204-17-026756	1	Equity (common or preferred stock)	
0001213900-17-004971	1	Equity (common or preferred stock)	
0001193125-17-167066	1	Equity (common or preferred stock)	
0001144204-17-026132	1	Equity (common or preferred stock)	
0001587999-17-000004	1	Equity (common or preferred stock)	
0001587999-17-000003	1	Equity (common or preferred stock)	
0001705510-17-000002	1	Equity (common or preferred stock)	
0001623541-17-000004	1	Equity (common or preferred stock)	
0001642079-17-000001	1	Equity (common or preferred stock)	
0001640334-17-000871	1	Equity (common or preferred stock)	
0001477932-17-002088	1	Equity (common or preferred stock)	
0001493152-17-004770	1	Other(describe)	unsecured fixed-rate investment certificates
0001144204-17-024321	1	Equity (common or preferred stock)	
0001144204-17-024331	1	Equity (common or preferred stock)	
0001144204-17-024336	1	Equity (common or preferred stock)	
0001213900-17-004572	1	Equity (common or preferred stock)	
0001214659-17-002923	1	Debt	
0001445866-17-000561	1	Equity (common or preferred stock)	
0001696900-17-000011	1	Equity (common or preferred stock)	
0001437749-17-007676	1	Equity (common or preferred stock)	
0001387131-17-002372	1	Equity (common or preferred stock)	
0001144204-17-023446	1	Other(describe)	Limited Recourse Obligation (LRO), a limited debt obligation of the issuer
0001437749-17-007355	1	Equity (common or preferred stock)	
0001549212-17-000007	1	Equity (common or preferred stock)	
0001445866-17-000530	1	Equity (common or preferred stock)	
0001437749-17-007224	1	Equity (common or preferred stock)	
0001144204-17-022150	1	Equity (common or preferred stock)	
0001213900-17-004224	1	Equity (common or preferred stock)	
0001387131-17-002236	1	Equity (common or preferred stock)	
0001144204-17-021820	1	Equity (common or preferred stock)	
0001144204-17-021815	1	Equity (common or preferred stock)	
0001144204-17-021822	1	Equity (common or preferred stock)	
0001144204-17-021828	1	Equity (common or preferred stock)	
0001144204-17-021616	1	Other(describe)	Limited Recourse Obligation (LRO), a limited debt obligation of the issuer
0001144204-17-020936	1	Other(describe)	Limited Recourse Obligation (LRO), a limited debt obligation of the issuer
0001699683-17-000006	1	Equity (common or preferred stock)	
0001144204-17-020580	1	Other(describe)	Limited Recourse Obligation (LRO), a limited debt obligation of the issuer
0001144204-17-020565	1	Other(describe)	Limited Recourse Obligation (LROs), a limited debt obligation of the issuer
0001644516-17-000001	1	Equity (common or preferred stock)	
0001144204-17-020453	1	Equity (common or preferred stock)	
0001703732-17-000001	1	Equity (common or preferred stock)	
0001587999-17-000001	1	Equity (common or preferred stock)	
0001193125-17-116492	1	Equity (common or preferred stock)	
0001696900-17-000010	1	Equity (common or preferred stock)	
0001214659-17-002443	1	Equity (common or preferred stock)	
0001144204-17-019401	1	Other(describe)	Limited Recourse Obligation (LRO), a limited debt obligation of the issuer
0001477932-17-001598	1	Equity (common or preferred stock)	
0001651699-17-000005	1	Equity (common or preferred stock)	
0001615923-17-000006	1	Equity (common or preferred stock)	
0001640334-17-000647	1	Equity (common or preferred stock)	
0001387131-17-001866	1	Equity (common or preferred stock)	
0001652577-17-000002	1	Equity (common or preferred stock)	
0001213900-17-003239	1	Equity (common or preferred stock)	
0001193125-17-108216	1	Equity (common or preferred stock)	
0001477932-17-001502	1	Equity (common or preferred stock)	
