ACCESSION_NUMBER	STREET1	STREET2	CITY	STATEORCOUNTRY	ZIPCODE	PHONENUMBER	CONNECTIONNAME	INDUSTRYGROUP	CASHEQUIVALENTS	INVESTMENTSECURITIES	TOTALINVESTMENTS	ACCOUNTSRECEIVABLE	LOANS	PROPERTYPLANTEQUIPMENT	PROPERTYANDEQUIPMENT	TOTALASSETS	ACCOUNTSPAYABLE	POLICYLIABILITIESANDACCRUALS	DEPOSITS	LONGTERMDEBT	TOTALLIABILITIES	TOTALSTOCKHOLDEREQUITY	TOTALLIABILITIESANDEQUITY	TOTALREVENUES	TOTALINTERESTINCOME	COSTANDEXPENSESAPPLTOREVENUES	TOTALINTERESTEXPENSES	DEPRECIATIONANDAMORTIZATION	NETINCOME	EARNINGSPERSHAREBASIC	EARNINGSPERSHAREDILUTED	NAMEAUDITOR	CERTIFYIFTRUE	CERTIFYIFNOTDISQUALIFIED	CERTIFYIFBADACTOR	JURISDICTIONSOFSECOFFEREDNONE	JURISDICTIONSOFSECOFFEREDSAME	IFUNREGSITEREDNONE	SECURITIESACTEXCEMPTION
0001688804-17-000006	41 W. 25TH STREET	8TH FLOOR	NEW YORK	NY	10010	3479528058	Max Niederste-Ostholt	Other	0.0	0.0		0.0		301621.0		301621.0	15825.0			286471.0	302296.0	-675.0	301621.0	0.0		1731.0		0.0	-1731.0	0.0	0.0	EisnerAmper LLP	true	true	false	true	false	false	Rule 506(c) - sale to verified accredited investors of interests in Series #77LE1
0001387131-17-003536	11601 Wilshire Boulevard	Suite 1690	Los Angeles	CA	90025	310-421-1030	Jeffrey Karsh	Other	1000.0	0.0		0.0		0.0		1000.0	0.0			0.0	0.0	1000.0	1000.0	0.0		0.0		0.0	0.0	0.0	0.0	RSM US LLP	true	true		true			Section 4(a)(2). Represents initial capitalization of issuer by sole stockholder.
0001477932-17-003128	109 E. 17th Street	Suite 4634	Cheyenne	WY	82001	702-706-7011	Harold H. Martin, Esq.	Other	70110.0	0.0		0.0		0.0		70110.0	180174.0			0.0	180174.0	-110064.0	70110.0	0.0		4755.0		0.0	-6130.0	0.0	0.0	none	true	true	false		true	false	Section 4(2) of the Securities Act.
0001445866-17-000969	2090 N. KOLB ROAD, STE 120.		TUCSON	AZ	85715	888-444-2102	J Martin Tate	Banking	0.0	0.0			81893.0		0.0	81893.0	20017.0		0.0	85051.0	105068.0	-23085.0	81893.0		0.0		0.0	0.0	23085.0	23085.0	0.0	dbbmckennon	true	true	false	false	true	false	506(b)
0001213900-17-006978	14 LIVE OAK ST.	SUITE A	GULF BREEZE	FL	32561	850-677-0935	Raziel Atuar	Other	87000.0	0.0		127000.0		25000.0		239000.0	72000.0			147000.0	783000.0	-544000.0	239000.0	319000.0		262000.0		6000.0	-346000.0	-0.02	-0.02	Brightman Almagor Zohan & Co., a member firm of Deloitte Touche Tohmatsu	true	true		true			16,667 and 55,556 shares of common stock were issued pursuant to exemptions from the registration requirements of the Securities Act of 1933, as amended, including Section 4(a)(2) thereof and Rule 506(b) of Regulation D thereunder.
0001445866-17-000963	7083 HOLLYWOOD BLVD		LOS ANGELES	CA	90028	424-354-5015	Steven Samblis	Other	4761.68	0.0		0.0		0.0		4761.68	0.0			0.0	0.0	4761.68	4761.68	0.0		124.85000000000001		0.0	-124.85000000000001	0.0	0.0		true	true	false	false	true	true	
0001104659-17-042150	10780 SANTA MONICA BLVD	SUITE 140	LOS ANGELES	CA	90025	310-907-7129	Lauren B. Prevost	Other	0.0	0.0		15778.0		0.0		15778.0	18311.0			0.0	18311.0	-2533.0	15778.0	0.0		2533.0		0.0	-2533.0	0.0	0.0	CohnReznick LLP	true	true	false	false	true		Section 4(2) of the Securities Act. The transaction was seed capital investment from the sponsor and was not made pursuant to a public offering.
0001493152-17-007278	12465 South Fort Street	Suite 240	Draper	UT	84020	8012033978	John Brannelly, Attorney	Other	303.0	0.0		0.0		0.0		50303.0	2533.0			65000.0	67533.0	-17230.0	50303.0	24208.0		6404.0		0.0	-108190.0	0.0	0.0	MaloneBailey, LLP	true	true			true		JOBS Act, Rule 506
0001144204-17-034652	14245 Pipeline Avenue		Chino	CA	91701	909-393-8880	Nikki Wolontis	Banking	30498888.0	24811843.0			107359980.0		6000404.0	175091818.0	900276.0		137562248.0	3093000.0	161555524.0	13536294.0	175091818.0		6179244.0		411012.0	213059.0	1453103.0	1.18	1.18	Vavrinek, Trine, Day & Co., LLP	true	true		true		true	
0001707175-17-000002	80 West Sierra Boulevard	#141	Sierra Madre	CA	91024	6263551049	Ben Feldman	Other	0.0	0.0		0.0		0.0		0.0	0.0			0.0	0.0	0.0	0.0	0.0		0.0		0.0	0.0	0.0	0.0	ALICE MATANO	true	true	false	false	false	true	
0001144204-17-034475	132 E. Putnam Avenue	Floor 2W	Cos Cob	CT	06807	855-398-0443	Jeffrey M. Gallant	Other	507247.0	0.0		151417.0		0.0		11817917.0	1756348.0			0.0	8193371.0	3624546.0	11817917.0	8118632.0		3155668.0		0.0	781133.0	0.09	0.09	Rosenfield and Company, PLLC	true	true			true		Private Placements for Class A common stock were conducted under Rule 506(b) to accredited investors without general solicitation. Class B common stock was issued to affiliated company under Section 4(a)(2) exemption.
0001144204-17-034252	75 Fifth Street, NW	Suite 2170	ATLANTA	GA	30308	404-850-9225	Nick Bhargava	Other	0.0	0.0		0.0		0.0		0.0	1050.0			0.0	1050.0	-1050.0	0.0	0.0		0.0		0.0	0.0	0.0	0.0	Hughes Pittman and Gupton LLP	true	true		true			Section 4(a)(2) and Regulation A, respectively.
0001671132-17-000001	10901 ROOSEVELT BLVD	SUITE 1000C	SAINT PETERSBURG	FL	33716	727-474-1810	Sam Talari	Other	239.0	0.0		50100.0		822259.0		872598.0	26788.0			940581.0	1210369.0	337771.0	872598.0	50100.0		375270.0		0.0	-375270.0	-0.08	-0.08	Turner, Stone & Company, L.L.P.	true	true	false	true	false	false	Private placement under Rule 506(c) of Regulation D of the Securities Act of 1933, as amended
0001213900-17-006814	205 E. 42nd St.		NEW YORK	NY	10017	800-236-6610	Sylvain Bellaiche	Other	28072.0	0.0		1264689.0		0.0		1454645.0	1626917.0			0.0	2569726.0	-1265081.0	1454645.0	48260.0		15672.0		0.0	-1270112.0	-0.49	-0.49	Cornick, Garber & Sandler, LLP	true	true			true		Section 4(a)(2) under the Securities Act of 1933 and Regulation D  thereunder
0001214659-17-004156	2323 Broadway		Oakland	CA	94612	424-262-6683	Brian S. Korn, Esq.	Other	277202.0	0.0		0.0		0.0		277202.0	86698.0			57000.0	143698.0	133504.0	277202.0	600.0		1454.0		0.0	56556.0	0.01	0.01	dbbmckennon	true	true		true			(i) Section 4(a)(2) of the 1933 Act; (ii) Rule 506(c) of Regulation D; and (iii) Rule 506(c) of Regulation D.
0001144204-17-033680	544 Blair Boulevard		Eugene	OR	97402	541-683-6293	Fanni Koszeg	Other	414405.0	0.0		583.0		8805.0		518825.0	183821.0			325000.0	1144856.0	-626031.0	518825.0	0.0		0.0		7951.0	-1919479.0	-0.39	-0.39	dbbmckennon	true	true			true		Reg D 506(b)
0001144204-17-033485	100 Walnut St.		CHAMPLAIN	NY	12919	646-878-6672	Andrew Stephenson	Other	185.0	0.0		0.0		0.0		3647.0	9272.0			0.0	289831.0	-286184.0	3647.0	0.0		0.0		0.0	-286184.0	-0.01	-0.01	dbbmckennon	true	true			true		Section 4(a)(2) of the Securities Act
0001144204-17-033348	132 E. Putnam Avenue	Floor 2W	Cos Cob	CT	06807	855-398-0443	Jeffrey M. Gallant	Other	507247.0	0.0		151417.0		0.0		11817917.0	1756348.0			0.0	8193371.0	3624546.0	11817917.0	8118632.0		3155668.0		0.0	781133.0	0.09	0.09	Rosenfield and Company, PLLC	true	true			true		Private Placements for Class A common stock were conducted under Rule 506(b) to accredited investors without general solicitation. Class B common stock was issued to affiliated company under Section 4(a)(2) exemption.
0001144204-17-033142	Box 380	1630 30th Street Unit A	Boulder	CO	80301	917-570-5708	KYLIE MCNAMARA	Other	213684.0	0.0		0.0		113285.0		688934.0	104686.0			0.0	245000.0	443934.0	688934.0	1083844.0		776304.0		23520.0	-1740852.0	-0.37	-0.37	Artesian CPA, LLC	true	true		true		true	
0001144204-17-033084	14245 Pipeline Avenue		Chino	CA	91701	909-393-8880	Nikki Wolontis	Banking	30498888.0	24811843.0			107359980.0		6000404.0	175091818.0	900276.0		137562248.0	3093000.0	161555524.0	13536294.0	175091818.0		6179244.0		411012.0	213059.0	1453103.0	1.18	1.18	Vavrinek, Trine, Day & Co., LLP	true	true		true		true	
0001144204-17-033032	1980 Teasel Court		Woodbridge	VA	22192	703-986-3162	Govinda Giri	Other	295383.0	0.0		0.0		14322.0		349225.0	117766.0			0.0	1204329.0	-855104.0	349225.0	0.0		0.0		0.0	-624524.0	-0.19	-0.19	Artesian CPA LLC	true	true			true		Private placement in reliance on Rule 506 under the Securities Act; the second offering of Class C Common Stock referred to above was sold under Regulation A of the Securities Act
0001493152-17-006760	20511 Abbey Drive		Frankfort	IL	60423	612-964-7334	Mr. Geoff Thompson	Other	301.0	0.0		0.0		0.0		301.0	1722.0			0.0	1722.0	-1421.0	301.0	0.0		63539.0		0.0	64171.0	0.0	0.0	AJ Robbins	true	true	true		true		REG A, previously filed and qualified Tier II Offering.
0001193125-17-204138	620 NEWPORT CENTER DRIVE	SUITE 1100	NEWPORT BEACH	CA	92660	949-200-4613	Michael K. Menerey	Other	980000.0	120000.0		454000.0		417000.0		3406000.0	342000.0			0.0	6113000.0	-2707000.0	3406000.0	68000.0		50000.0		12804.0	-10685000.0	-0.16	-0.16	Malone Bailey LLP	true	true	true	false		false	Exempt from registration under Rule 506(c) of the Securities Act.
0001477932-17-002835	800 W Cummings Park	Suite 2000	Woburn	MA	01801	407-517-4854	William Eilers	Other	21568.0	0.0		34859.0		0.0		62442.0	2236368.0			275856.0	2512224.0	-2377944.0	62442.0	14166.0		189632.0		0.0	-5164654.0	-0.01	-0.01	None	true	true	false	true		true	
0001477932-17-002822	800 W Cummings Park	Suite 2000	Woburn	MA	01801	407-517-4854	William Eilers	Other	21568.0	0.0		34859.0		0.0		62442.0	2236368.0			275856.0	2512224.0	-2377944.0	62442.0	14166.0		189632.0		0.0	-5164654.0	-0.01	-0.01	None	true	true	false	true		true	
0001144204-17-032393	1980 Teasel Court		Woodbridge	VA	22192	703-986-3162	Govinda Giri	Other	295383.0	0.0		0.0		14322.0		349225.0	117766.0			0.0	1204329.0	-855104.0	349225.0	0.0		0.0		0.0	-624524.0	-0.19	-0.19	Artesian CPA LLC	true	true			true		Private placement in reliance on Rule 506 under the Securities Act; the second offering of Class C Common Stock referred to above was sold under Regulation A of the Securities Act
0001213900-17-006390	301 E. PINE ST	SUITE 850	ORLANDO	FL	32801	407-986-4234	James S. Byrd, Jr.	Other	1813778.0	0.0		7412.0		4481.0		1842716.0	12002.0			1072000.0	1084002.0	758714.0	1842716.0	8440.0		781749.0		0.0	-773309.0	-0.03	-0.03	Soles, Heyn & Company LLP	true	true		true			N/A
0001677159-17-000004	6740 GREENBRIAR CURVE		SHAKOPEE	MN	55379	7604436744	Andy Altahawi	Other	1500.0	0.0		0.0		0.0		1500.0	0.0			0.0	0.0	0.0	1500.0	0.0		0.0		0.0	0.0	0.0	0.0		true	true	false	true	false	false	Section 4(a)(2) - an issuer not involved in any public offering. All securities sold to current directors only.
0001213900-17-006388	599 THIRD STREET	SUITE 211	SAN FRANCISCO	CA	94107	415-689-5605	Justin Bailey	Other	787454.0	0.0		24346.0		0.0		1831208.0	950328.0			0.0	1278813.0	552395.0	1831208.0	7871.0		0.0		0.0	-2162829.0	-2162.83	-2162.83	Marcum LLP	true	true		true			Sec. 4(a)(2): Common Stock to issuer's parent; Reg. A and Rule 506(c): Fig Game Shares - PSY2; Rule 506(c): all other securities sales cited in (c)(1).
0001144204-17-032024	1601 CONNECTICUT AVENUE NW, STE 300		WASHINGTON	DC	20009	202-584-0550	Benjamin S. Miller	Other	25055000.0	0.0		5680000.0		429000.0		171740000.0	9863000.0			31075000.0	42126000.0	129614000.0	171740000.0	13037000.0		7763000.0		0.0	-2556000.0	-0.33	-0.33	Aronson LLC	true	true		true			These purchases of shares in private offerings were exempt from the registration requirements of the Securities Act pursuant to Section 4(a)(2) thereof.
0001493152-17-006441	20511 Abbey Drive		Frankfort	IL	60423	612-964-7334	Mr. Geoff Thompson	Other	301.0	0.0		0.0		0.0		301.0	1722.0			0.0	1722.0	-1421.0	301.0	0.0		63539.0		0.0	64171.0	0.0	0.0	AJ Robbins	true	true	true		true		REG A, previously filed and qualified Tier II Offering.
0001477932-17-002747	8236 Remmet Ave.		Canoga Park	CA	91304	818-349-2870	Mark Richardson	Other	88795.0	0.0		755.0		274923.0		427197.0	74092.0			0.0	164546.0	262651.0	427197.0	16255.0		2274.0		72000.0	-1592461.0	-0.02	-0.02	MJF & Associates APC	true	true	false		true	false	Exempt offering under Section 3(b) and Regulation A+  (Tier 2) of the Securities Act of 1933, as amended from February 3, 2016 until September 16, 2016. Private placement under Section 4(a)(2) of the Securities Act of 1993, as amended from October 1, 2016
0001549212-17-000009	78 READE STREET	SUITE 4FW	NEW YORK	NY	10007	212-349-7068	William Eilers	Other	383.0	0.0		0.0		200235.0		212931.0	201310.0			133812.0	385678.0	-172747.0	212931.0	720.0		404330.0		0.0	-439610.0	0.0	0.0		true	true	false	true	false	false	Section 4(2) and Section 3(a)(10)
0001213900-17-006275	ONE BROADWAY	14TH FLOOR	CAMBRIDGE	MA	02142	877-736-9666	Paul Gudonis	Other	1403900.0	0.0		48338.0		23646.0		2359123.0	1465922.0			5156448.0	8750863.0	-19091165.0	2359123.0	216231.0		78569.0		2169.0	-1556400.0	-1.55	-1.55	Marcum LLP	true	true			true		Rule 506 of Regulation D and Rule 701 of the Securities Act
0001445866-17-000830	2090 N. KOLB ROAD, STE 120.		TUCSON	AZ	85715	888-444-2102	J Martin Tate	Banking	0.0	0.0			81893.0		0.0	81893.0	20017.0		0.0	85051.0	105068.0	-23085.0	81893.0		0.0		0.0	0.0	23085.0	23085.0	0.0	dbbmckennon	true	true	false	false	true	false	506(b)
0001144204-17-031655	12802 TAMPA OAKS BLVD	SUITE 405	TAMPA	FL	33637	813-349-2020	Andrew Stephenson	Other	260349.0	0.0		0.0		4856699.0		5128242.0	632896.0			5258477.0	5891373.0	763131.0	5128242.0	1972.0		524834.0		622336.0	-1617448.0	-0.03	-0.03	Kristina Helferty, CPA	true	true			true		Rule 506(b) of Regulation D
0001193125-17-197261	6340 South 3000 East	Suite 500	Salt Lake	UT	84121	801-278-0700	Darryl Steinhause	Other	10000.0	0.0		0.0		0.0		10000.0	0.0			0.0	0.0	10000.0	10000.0	0.0		0.0		0.0	0.0	0.0	0.0	Ernst & Young LLP	true	true	true	false		false	Section 4(2) of the Securities Act
0001477932-17-002702	1 Venture	Suite 150	Irvine	CA	92618	888-798-9100	Michael T. Williams	Other	572055.0	0.0		123236.0		0.0		2232456.0	437805.0			0.0	1341429.0	891027.0	2232456.0	65795620.0		61916868.0		0.0	239624.0	0.01	0.01	Squar Milner LLP	true	true	true		true	false	Exempt from registration under Section 4(2) Securities and Rules promulgated thereunder.
0001144204-17-031328	14245 Pipeline Avenue		Chino	CA	91701	909-393-8880	Nikki Wolontis	Banking	30498888.0	24811843.0			107359980.0		6000404.0	175091818.0	900276.0		137562248.0	3093000.0	161555524.0	13536294.0	175091818.0		6179244.0		411012.0	213059.0	1453103.0	1.18	1.18	Vavrinek, Trine, Day & Co., LLP	true	true		true		true	
0001144204-17-030964	100 Walnut St.		CHAMPLAIN	NY	12919	646-878-6672	Andrew Stephenson	Other	185.0	0.0		0.0		0.0		3647.0	9272.0			0.0	289831.0	-286184.0	3647.0	0.0		0.0		0.0	-286184.0	-0.01	-0.01	dbbmckennon	true	true			true		Section 4(a)(2) of the Securities Act
0001213900-17-006110	599 THIRD STREET	SUITE 211	SAN FRANCISCO	CA	94107	415-689-5605	Justin Bailey	Other	787454.0	0.0		24346.0		0.0		1831208.0	950328.0			0.0	1278813.0	552395.0	1831208.0	7871.0		0.0		0.0	-2162829.0	-2162.83	-2162.83	Marcum LLP	true	true		true			Sec. 4(a)(2): Common Stock to issuer's parent; Reg. A and Rule 506(c): Fig Game Shares - PSY2; Rule 506(c): all other securities sales cited in (c)(1).
0001571049-17-005578	1 Hudson Street		Kinderhook	NY	12106	518-758-7101	Jennifer L. DiBella	Banking	15777.0	99687.0			328262.0		10578.0	466613.0	158.0		404918.0	11881.0	429984.0	36630.0	466613.0		4269.0		682.0	128.0	398.0	0.33	0.33	Baker Newman & Noyes, LLC	true	true		true		true	
0001144204-17-030598	132 E. Putnam Avenue	Floor 2W	Cos Cob	CT	06807	855-398-0443	Jeffrey M. Gallant	Other	507247.0	0.0		151417.0		0.0		11817917.0	1756348.0			0.0	8193371.0	3624546.0	11817917.0	8118632.0		3155668.0		0.0	781133.0	0.09	0.09	Rosenfield and Company, PLLC	true	true			true		Private Placements for Class A common stock were conducted under Rule 506(b) to accredited investors without general solicitation. Class B common stock was issued to affiliated company under Section 4(a)(2) exemption.
0001445866-17-000806	7083 HOLLYWOOD BLVD		LOS ANGELES	CA	90028	424-354-5015	Steven Samblis	Other	4761.68	0.0		0.0		0.0		4761.68	0.0			0.0	0.0	4761.68	4761.68	0.0		124.85000000000001		0.0	-124.85000000000001	0.0	0.0		true	true	false	false	true	true	
0001445866-17-000803	7083 HOLLYWOOD BLVD		LOS ANGELES	CA	90028	424-354-5015	Steven Samblis	Other	4761.68	0.0		0.0		0.0		4761.68	0.0			0.0	0.0	4761.68	4761.68	0.0		124.85000000000001		0.0	-124.85000000000001	0.0	0.0		true	true	false	false	true	true	
0001477932-17-002648	496 Delaney Ave	Ste 408	Orlando	FL	32801	866-500-4500	Jillian Sidoti	Other	10000.0	0.0		0.0		0.0		10000.0	0.0			0.0	0.0	10000.0	10000.0	0.0		0.0		0.0	0.0	0.0	0.0	Spiegel Accountancy Corp.	true	true	false	true		true	
0001214659-17-003720	2323 Broadway		Oakland	CA	94612	424-262-6683	Brian S. Korn, Esq.	Other	277202.0	0.0		0.0		0.0		277202.0	86698.0			57000.0	143698.0	133504.0	277202.0	600.0		1454.0		0.0	56556.0	0.01	0.01	dbbmckennon	true	true		true			(i) Section 4(a)(2) of the 1933 Act; (ii) Rule 506(c) of Regulation D; and (iii) Rule 506(c) of Regulation D.
0001144204-17-030042	75 Fifth Street, NW	Suite 2170	ATLANTA	GA	30308	404-850-9225	Nick Bhargava	Other	0.0	0.0		0.0		0.0		0.0	1050.0			0.0	1050.0	-1050.0	0.0	0.0		0.0		0.0	0.0	0.0	0.0	Hughes Pittman and Gupton LLP	true	true		true			Section 4(a)(2) and Regulation A, respectively.
0001675426-17-000013	106858 Hazelhurst Drive, No. 18541		HOUSTON	TX	77043	877-382-7662	Thomas DeNunzio	Other	0.0	0.0		0.0		0.0		0.0	15500.0			0.0	15500.0	15500.0	0.0	0.0		0.0		0.0	0.0	0.0	0.0	MaloneBailey,LLP	true	true			true		Section 4(2) of the Act
0001144204-17-029895	154 Grand Street		New York	NY	10013	970-231-8557	Anna Pinedo	Other	0.0	0.0		0.0		0.0		0.0	0.0			0.0	0.0	0.0	0.0	0.0		0.0		0.0	0.0	0.0	0.0	Fox Rothschild LLP	true	true		true		true	
0001477932-17-002578	800 W Cummings Park	Suite 2000	Woburn	MA	01801	407-517-4854	William Eilers	Other	21568.0	0.0		34859.0		0.0		62442.0	2236368.0			275856.0	2512224.0	-2377944.0	62442.0	14166.0		189632.0		0.0	-5164654.0	-0.01	-0.01	None	true	true	false	true		true	
0001144204-17-029818	1401 N El Camino Real	Suite 203	San Clemente	CA	92672	949-361-3959	William Eilers	Other	379.0	0.0		223011.0		0.0		262384.0	789265.0			327872.0	1830487.0	-1568103.0	262384.0	285678.0		1008817.0		0.0	-703517.0	-0.01	-0.01		true	true		true			Regulation A
0001477932-17-002557	711 Berkshire Court		Downers Grove	IL	60516	888-525-0010	Randall S. Goulding, Esq.	Other	172.0	0.0		0.0		0.0		172.0	42715.0			0.0	42715.0	-42543.0	172.0	0.0		0.0		0.0	-42743.0	-0.03	-0.03	Ankit Consulting Services	true	true	false		true	false	Securities Act Section 4(a)(2) and Rule 506 thereunder.
0000721748-17-000372	7950 NW 53rd Street, Suite 337		Miami	FL	33166	410-733-6551	John E. Lux, Esq.	Other	0.0	0.0		0.0		0.0		0.0	455823.0			0.0	455823.0	-455823.0	0.0	0.0		70000.0		0.0	-70000.0	0.0	0.0		true	true	true	true			Securities Act of 1933, Section 4(2), sales to persons related to company officers and directors
0001696900-17-000012	238 W CERMAK ROAD, 3A		CHICAGO	IL	60616	3122251388	Andy Lam	Other	111288.0	0.0		11832.0		1734.0		174960.0	36146.0			0.0	36146.0	138814.0	174960.0	142928.0		218315.0		0.0	-57391.0	0.0	0.0	Vince Alvarez	true	true	false	false	true	true	
0001214659-17-003584	45 FRANKS ROAD	PO BOX 356	LEOMA	TN	38468	931-231-5450	Mr. Kevin Hathaway	Other	20000.0	0.0		0.0		0.0		20000.0	5900.0			0.0	5900.0	14100.0	20000.0	0.0		0.0		0.0	0.0	0.0	0.0	None	true	true			true	true	
0001699683-17-000010	205 CHUBB AVE		LYNDHUSRT	NJ	07071	9088640096	Andy Altahawi/Adamson Brothers	Other	75.0	0.0		298786.0		0.0		298861.0	280952.0			12000.0	293827.0	5034.0	298861.0	298786.0		280952.0		12000.0	17834.0	0.0	0.0	AJSH & Co LLP	true	true	false	true	false	false	Section 4(a)(2) - an issuer not involved in any public offering. All securities sold to current directors only.
0001549212-17-000008	78 READE STREET	SUITE 4FW	NEW YORK	NY	10007	212-349-7068	William Eilers	Other	1033.0	0.0		0.0		235.0		21010.0	480.0			200000.0	334292.0	-313282.0	21010.0	720.0		366507.0		0.0	-365787.0	0.0	0.0		true	true	false	true	false	false	Section 4(2) and Section 3(a)(10)
0001477932-17-002404	1 Venture	Suite 150	Irvine	CA	92618	888-798-9100	Michael T. Williams	Other	572055.0	0.0		123236.0		0.0		2232456.0	437805.0			0.0	1341429.0	891027.0	2232456.0	65795620.0		61916868.0		0.0	239624.0	0.01	0.01	Squar Milner LLP	true	true	true		true	false	Exempt from registration under Section 4(2) Securities and Rules promulgated thereunder.
0001144204-17-028349	12802 TAMPA OAKS BLVD	SUITE 405	TAMPA	FL	33637	813-349-2020	Andrew Stephenson	Other	260349.0	0.0		0.0		4856699.0		5128242.0	632896.0			5258477.0	5891373.0	763131.0	5128242.0	1972.0		524834.0		622336.0	-1617448.0	-0.03	-0.03	Kristina Helferty, CPA	true	true			true		Rule 506(b) of Regulation D
0001683168-17-001312	999 18th Street, Suite 3000		Denver	CO	80202	719-399-3205	Francesca Albano	Other	40.0	0.0		0.0		0.0		40.0	5600.0			0.0	5600.0	-5560.0	40.0	0.0		16060.0		0.0	-16060.0	0.0	0.0	Salberg & Company, P.A.	true	true		true			Section 4(2) of the Securities Act of 1933 relating to transactions not involving a public offering.
0001493152-17-005551	12465 South Fort Street	Suite 240	Draper	UT	84020	8012033978	John Brannelly, Attorney	Other	3574.0	0.0		0.0		0.0		3574.0	139.0			15000.0	15139.0	-11565.0	3574.0	176.0		4992.0		0.0	-81965.0	0.0	0.0	MaloneBailey, LLP	true	true			true		JOBS Act, Rule 506
0001144204-17-028126	1401 N El Camino Real	Suite 203	San Clemente	CA	92672	949-361-3959	William Eilers	Other	379.0	0.0		223011.0		0.0		262384.0	789265.0			327872.0	1830487.0	-1568103.0	262384.0	285678.0		1008817.0		0.0	-703517.0	-0.01	-0.01		true	true		true			Regulation A
0001698370-17-000007	100 KALAMALKA LAKE ROAD	UNIT 32	VERNON	A1	V1T 9G1	778-389-9933	Alixe Cormick	Other	285201.0	50.0		530421.0		15629.0		951776.0	218574.0			74142.0	351594.0	600183.0	951776.0	272276.0		170615.0		2318.0	-1371718.0	-0.03	-0.03	Davidson & Company LLP	true	true	false	true	false	false	Regulation S - All sales were made to non-American residents.
0001144204-17-027720	154 Grand Street		New York	NY	10013	970-231-8557	Anna Pinedo	Other	0.0	0.0		0.0		0.0		0.0	0.0			0.0	0.0	0.0	0.0	0.0		0.0		0.0	0.0	0.0	0.0	Fox Rothschild LLP	true	true		true		true	
0001144204-17-027414	75 Fifth Street, NW	Suite 2170	ATLANTA	GA	30308	404-850-9225	Nick Bhargava	Other	0.0	0.0		0.0		0.0		0.0	1050.0			0.0	1050.0	-1050.0	0.0	0.0		0.0		0.0	0.0	0.0	0.0	Hughes Pittman and Gupton LLP	true	true		true			Section 4(a)(2).
0001699683-17-000007	205 CHUBB AVE		LYNDHUSRT	NJ	07071	9088640096	Andy Altahawi/Adamson Brothers	Other	75.0	0.0		298786.0		0.0		298861.0	280952.0			12000.0	293827.0	5034.0	298861.0	298786.0		280952.0		12000.0	17834.0	0.0	0.0	AJSH & Co LLP	true	true	false	true	false	false	Section 4(a)(2) - an issuer not involved in any public offering. All securities sold to current directors only.
0001144204-17-026756	3123 NW Industrial Street		Portland	OR	97210	503-954-1126	Sara Hanks	Other	55543.0	0.0		0.0		118233.0		188226.0	1050675.0			0.0	3173882.0	-2985656.0	188226.0	90000.0		1067203.0		215286.0	-4705624.0	-0.26	-0.26	Marcum LLP	true	true		true			Exempt from registration under Rule 506(b) and Rule 701 promulgated under the Securities Act.
0001213900-17-004971	599 THIRD STREET	SUITE 211	SAN FRANCISCO	CA	94107	415-689-5605	Justin Bailey	Other	787454.0	0.0		24346.0		0.0		1831208.0	950328.0			0.0	1278813.0	552395.0	1831208.0	7871.0		0.0		0.0	-2162829.0	-2162.83	-2162.83	Marcum LLP	true	true		true			Sec. 4(a)(2): Common Stock to issuer's parent; Reg. A and Rule 506(c): Fig Game Shares - PSY2; Rule 506(c): all other securities sales cited in (c)(1).
0001193125-17-167066	6340 South 3000 East	Suite 500	Salt Lake	UT	84121	801-278-0700	Darryl Steinhause	Other	10000.0	0.0		0.0		0.0		10000.0	0.0			0.0	0.0	10000.0	10000.0	0.0		0.0		0.0	0.0	0.0	0.0	Ernst & Young LLP	true	true	true	false		false	Section 4(2) of the Securities Act
0001144204-17-026132	1601Connecticut Avenue, NW	Suite 300	WASHINGTON	DC	20009	202-584-0550	Benjamin S. Miller	Other	4152000.0	41466000.0		0.0		0.0		45620000.0	111000.0			0.0	1784000.0	43836000.0	45620000.0	135000.0		3038000.0		0.0	-2903000.0	-1.18	-1.18	RSM US LLP	true	true		true			Rise Companies Corp. and an affiliate of our sponsor have purchased an aggregate of 20,000 common shares for $200,000 in private placements. These were exempt from the registration requirements of the Securities Act pursuant to Section 4(a)(2).
0001587999-17-000004	2426 L'ENFANT SQUARE, SE	SUITE 700	WASHINGTON	DC	20020	202-236-3427	Tony Ramos	Other	0.0	0.0		0.0		0.0		0.0	0.0			0.0	0.0	0.0	0.0	0.0		0.0		0.0	0.0	0.0	0.0	none	true	true	false	false	true	true	
0001587999-17-000003	2426 L'ENFANT SQUARE, SE	SUITE 700	WASHINGTON	DC	20020	202-2363427	Tony Ramos	Other	0.0	0.0		0.0		0.0		0.0	0.0			0.0	0.0	0.0	0.0	0.0		0.0		0.0	0.0	0.0	0.0		true	true	false	false	true	true	
0001705510-17-000002	5348 Vegas Drive Suite 205		Las Vegas	NV	89108	8434437378	Adam S. Tracy	Other	3868.0	0.0		0.0		0.0		3868.0	0.0			0.0	0.0	3868.0	3868.0	0.0		6132.0		0.0	-6132.0	0.0	0.0	AJSH & CO, LLP	true	true	true	true	false	false	Section 4(a)(2)
0001623541-17-000004	6930 Carroll Avenue Suite 432		Takoma Park	MD	20912	3014528111	Neal Holtz	Other	4.0	0.0		0.0		7891.0		7895.0	53403.0			0.0	53403.0	-45508.0	7895.0	0.0		3144.0		0.0	-3144.0	0.0	0.0	KLJ & Associates, LLP	true	true	true	true	false	false	Section4(a)(2)
0001642079-17-000001	232 UNION BLVD		TOTOWA	NJ	07512	973-595-7775	WILSON X BEZERRA	Other	215.0	0.0		0.0		2000000.0		2000215.0	0.0			825000.0	825000.0	1715215.0	2000215.0	0.0		0.0		0.0	0.0	0.0	0.0	Mr. Parameswara K Ramachandran	true	true	false	true	false	true	
0001640334-17-000871	Brookhaven Airport	222 Grand Avenue	Shirley	NY	11967	6317726677	Arden Anderson	Other	4372.0	0.0		0.0		0.0		101534.0	146153.0			0.0	146153.0	-44619.0	101534.0	0.0		0.0		4037.0	-463705.0	-0.03	-0.03	L&L CPAs PA	true	true	false	true		false	Section 4(a)(2)
0001477932-17-002088	800 W Cummings Park	Suite 2000	Woburn	MA	01801	407-517-4854	William Eilers	Other	21568.0	0.0		34859.0		0.0		62442.0	2236368.0			275856.0	2512224.0	-2377944.0	62442.0	14166.0		189632.0		0.0	-5164654.0	-0.01	-0.01	None	true	true	false	true		true	
0001493152-17-004770	3191 CORAL WAY #109		MIAMI	FL	33145	305-854-8113	Brian Recor	Other	402366.0	3825000.0		4642350.0		48712.0		9157456.0	8993.0			7893483.0	8546831.0	610625.0	9157456.0	1088120.0		1093084.0		159102.0	-164067.0	0.0	0.0	Alberni Caballero & Fierman LLP	true	true		true		true	
0001144204-17-024321	1601Connecticut Avenue, NW	Suite 300	WASHINGTON	DC	20009	202-584-0550	Benjamin S. Miller	Other	4152000.0	41466000.0		0.0		0.0		45620000.0	111000.0			0.0	1784000.0	43836000.0	45620000.0	135000.0		3038000.0		0.0	-2903000.0	-1.18	-1.18	RSM US LLP	true	true		true			Rise Companies Corp. and an affiliate of our sponsor have purchased an aggregate of 20,000 common shares for $200,000 in private placements. These were exempt from the registration requirements of the Securities Act pursuant to Section 4(a)(2).
0001144204-17-024331	1601 CONNECTICUT AVENUE NW	SUITE 300	WASHINGTON	DC	20009	202-584-0550	Benjamin S. Miller	Other	5000.0	0.0		0.0		0.0		5000.0	0.0			0.0	0.0	5000.0	5000.0	0.0		0.0		0.0	0.0	0.0	0.0	RSM US LLP	true	true		true			Rise Companies Corp. has purchased 500 common shares for a purchase price of $5,000 in a private offering. Such issuance was exempt from the registration requirements of the Securities Act pursuant to Section 4(a)(2) thereof.
0001144204-17-024336	1601 CONNECTICUT AVENUE NW	SUITE 300	WASHINGTON	DC	20009	202-584-0550	Benjamin S. Miller	Other	5000.0	0.0		0.0		0.0		5000.0	0.0			0.0	0.0	5000.0	5000.0	0.0		0.0		0.0	0.0	0.0	0.0	RSM US LLP	true	true		true			Rise Companies Corp. has purchased 500 common shares for a purchase price of $5,000 in a private offering. Such issuance was exempt from the registration requirements of the Securities Act pursuant to Section 4(a)(2) thereof.
0001213900-17-004572	7582 LAS VEGAS BLVD.		LAS VEGAS	NV	89123	702-721-9915	Mr. Darryl Payne	Other	100.0	0.0		0.0		0.0		0.0	0.0			950.0	950.0	0.0	0.0	0.0		0.0		0.0	0.0	0.0	0.0	None	true	true			true	true	
0001214659-17-002923	2323 Broadway		Oakland	CA	94612	424-262-6683	Brian S. Korn, Esq.	Other	277202.0	0.0		0.0		0.0		277202.0	86698.0			57000.0	143698.0	133504.0	277202.0	600.0		1454.0		0.0	56556.0	0.01	0.01	dbbmckennon	true	true		true			(i) Section 4(a)(2) of the 1933 Act; (ii) Rule 506(c) of Regulation D; and (iii) Rule 506(c) of Regulation D.
0001445866-17-000561	2090 N. KOLB ROAD, STE 120.		TUCSON	AZ	85715	888-444-2102	J Martin Tate	Banking	0.0	0.0			81893.0		0.0	81893.0	20017.0		0.0	85051.0	105068.0	-23085.0	81893.0		0.0		0.0	0.0	23085.0	23085.0	0.0	dbbmckennon	true	true	false	false	true	false	506(b)
0001696900-17-000011	238 W CERMAK ROAD, 3A		CHICAGO	IL	60616	3122251388	Andy Lam	Other	111288.0	0.0		11832.0		1734.0		174960.0	36146.0			0.0	36146.0	138814.0	174960.0	142928.0		218315.0		0.0	-57391.0	0.0	0.0	Vince Alvarez	true	true	false	false	true	true	
0001437749-17-007676	6165 GREENWICH DRIVE	SUITE 150	SAN DIEGO	CA	92122	310-444-4321	Joe Tagliaferro, Esq.	Other	0.0	0.0		0.0		12176.0		102563.0	26445.0			0.0	39600.0	62963.0	102563.0	0.0		839235.0		0.0	-839235.0	-0.01	-0.01	EisnerAmper LLP	true	true	true	false	false	true	
0001387131-17-002372	555 Madison Avenue	6th Floor	New York	NY	10022	212-692-5540	Evan Hudson	Other	1000.0	0.0		0.0		0.0		1000.0	0.0			0.0	0.0	1000.0	1000.0	0.0		0.0		0.0	0.0	0.0	0.0	Artesian CPA, LLC	true	true		true			Commencement Capital LLC has purchased 100 common shares for a purchase price of $1,000 in a private offering. Such issuance was exempt from the registration requirements of the Securities Act pursuant to Section 4(a)(2) thereof.
0001144204-17-023446	75 Fifth Street, NW	Suite 2170	ATLANTA	GA	30308	404-850-9225	Nick Bhargava	Other	1065027.0	0.0		13216492.0		264419.0		14577241.0	10803044.0			0.0	13897778.0	679463.0	14577241.0	443188.0		33305.0		111247.0	-3736869.0	-3.3000000000000003	-3.3000000000000003	Hughes Pittman and Gupton LLP	true	true		true			Regulation A, Rule 506 of Regulation D, and Rule 506 of Regulation D, respectively.
0001437749-17-007355	6165 GREENWICH DRIVE	SUITE 150	SAN DIEGO	CA	92122	310-444-4321	Joe Tagliaferro, Esq.	Other	0.0	0.0		0.0		12176.0		102563.0	26445.0			0.0	39600.0	62963.0	102563.0	0.0		839235.0		0.0	-839235.0	-0.01	-0.01	EisnerAmper LLP	true	true	true	false	true	true	
0001549212-17-000007	78 READE STREET	SUITE 4FW	NEW YORK	NY	10007	212-349-7068	William Eilers	Other	1033.0	0.0		0.0		235.0		21010.0	480.0			200000.0	334292.0	-313282.0	21010.0	720.0		366507.0		0.0	-365787.0	0.0	0.0		true	true	false	true	false	false	Section 4(2) and Section 3(a)(10)
0001437749-17-007224	6165 Greenwich Drive	Suite 150	San Diego	CA	92122	310-444-4321	Joe Tagliaferro, Esq.	Other	0.0	0.0		0.0		12176.0		102563.0	26445.0			0.0	39600.0	62963.0	102563.0	0.0		839235.0		0.0	-839235.0	-0.01	-0.01	EisnerAmper LLP	true	true	true	false	false	true	
0001445866-17-000530	2090 N. KOLB ROAD, STE 120.		TUCSON	AZ	85715	888-444-2102	J Martin Tate	Banking	0.0	0.0			81893.0		0.0	81893.0	20017.0		0.0	85051.0	105068.0	-23085.0	81893.0		0.0		0.0	0.0	23085.0	23085.0	0.0	dbbmckennon	true	true	false	false	true	false	506(b)
0001144204-17-022150	1401 N El Camino Real	Suite 203	San Clemente	CA	92672	949-361-3959	William Eilers	Other	379.0	0.0		223011.0		0.0		262384.0	789265.0			327872.0	1830487.0	-1568103.0	262384.0	285678.0		1008817.0		0.0	-703517.0	-0.01	-0.01		true	true		true			Regulation A
0001213900-17-004224	599 THIRD STREET	SUITE 211	SAN FRANCISCO	CA	94107	415-689-5605	Justin Bailey	Other	787454.0	0.0		24346.0		0.0		1831208.0	950328.0			0.0	1278813.0	552395.0	1831208.0	7871.0		0.0		0.0	-2162829.0	-2162.83	-2162.83	Marcum LLP	true	true		true			Sec. 4(a)(2): Common Stock to issuer's parent; Reg. A and Rule 506(c): Fig Game Shares - PSY2; Rule 506(c): all other securities sales cited in (c)(1).
0001387131-17-002236	555 Madison Avenue	6th Floor	New York	NY	10022	212-692-5540	Evan Hudson	Other	1000.0	0.0		0.0		0.0		1000.0	0.0			0.0	0.0	1000.0	1000.0	0.0		0.0		0.0	0.0	0.0	0.0	Artesian CPA, LLC	true	true		true			Commencement Capital LLC has purchased 100 common shares for a purchase price of $1,000 in a private offering. Such issuance was exempt from the registration requirements of the Securities Act pursuant to Section 4(a)(2) thereof.
0001144204-17-021822	1601 CONNECTICUT AVENUE NW	SUITE 300	WASHINGTON	DC	20009	202-584-0550	Benjamin S. Miller	Other	5000.0	0.0		0.0		0.0		5000.0	0.0			0.0	0.0	5000.0	5000.0	0.0		0.0		0.0	0.0	0.0	0.0	RSM US LLP	true	true		true			Rise Companies Corp. has purchased 500 common shares for a purchase price of $5,000 in a private offering. Such issuance was exempt from the registration requirements of the Securities Act pursuant to Section 4(a)(2) thereof.
0001144204-17-021828	1601 Connecticut Avenue, NW, Suite 300		Washington	DC	20009	202-584-0550	Benjamin S. Miller	Other	7224000.0	5887000.0		30000.0		0.0		13399000.0	409000.0			0.0	3354000.0	10045000.0	13399000.0	30000.0		-91000.0		0.0	-61000.0	-0.1	-0.1	RSM US LLP	true	true		true			Rise Companies Corp. and an affiliate of our sponsor have purchased an aggregate of 120,000 common shares for $1,200,000 in private placements. These were exempt from the registration requirements of the Securities Act pursuant to Section 4(a)(2).
0001144204-17-021820	1601 CONNECTICUT AVENUE NW	SUITE 300	WASHINGTON	DC	20009	202-584-0550	Benjamin S. Miller	Other	5000.0	0.0		0.0		0.0		5000.0	0.0			0.0	0.0	5000.0	5000.0	0.0		0.0		0.0	0.0	0.0	0.0	RSM US LLP	true	true		true			Rise Companies Corp. has purchased 500 common shares for a purchase price of $5,000 in a private offering. Such issuance was exempt from the registration requirements of the Securities Act pursuant to Section 4(a)(2) thereof.
0001144204-17-021815	154 Grand Street		New York	NY	10013	970-231-8557	Anna Pinedo	Other	0.0	0.0		0.0		0.0		0.0	0.0			0.0	0.0	0.0	0.0	0.0		0.0		0.0	0.0	0.0	0.0	Fox Rothschild LLP	true	true		true		true	
0001144204-17-021616	75 Fifth Street, NW	Suite 2170	ATLANTA	GA	30308	404-850-9225	Nick Bhargava	Other	1065027.0	0.0		13216492.0		264419.0		14577241.0	10803044.0			0.0	13897778.0	679463.0	14577241.0	443188.0		33305.0		111247.0	-3736869.0	-3.3000000000000003	-3.3000000000000003	Hughes Pittman and Gupton LLP	true	true		true			Regulation A, Rule 506 of Regulation D, and Rule 506 of Regulation D, respectively.
0001144204-17-020936	75 Fifth Street, NW	Suite 2170	ATLANTA	GA	30308	404-850-9225	Nick Bhargava	Other	1065027.0	0.0		13216492.0		264419.0		14577241.0	10803044.0			0.0	13897778.0	679463.0	14577241.0	443188.0		33305.0		111247.0	-3736869.0	-3.3000000000000003	-3.3000000000000003		true	true		true			Regulation A, Rule 506 of Regulation D, and Rule 506 of Regulation D, respectively.
0001699683-17-000006	205 CHUBB AVE		LYNDHUSRT	NJ	07071	9088640096	Andy Altahawi	Other	75.0	0.0		298786.0		0.0		298861.0	280952.0			12000.0	293827.0	5034.0	298861.0	298786.0		280952.0		12000.0	17834.0	0.0	0.0	AJSH & Co LLP	true	true	false	true	false	false	Section 4(a)(2) - an issuer not involved in any public offering. All securities sold to current directors only.
0001144204-17-020580	75 Fifth Street, NW	Suite 2170	ATLANTA	GA	30308	404-850-9225	Nick Bhargava	Other	1065027.0	0.0		13216492.0		264419.0		14577241.0	10803044.0			0.0	13897778.0	679463.0	14577241.0	443188.0		33305.0		111247.0	-3736869.0	-3.3000000000000003	-3.3000000000000003		true	true		true			Regulation A, Rule 506 of Regulation D, and Rule 506 of Regulation D, respectively.
0001144204-17-020565	75 Fifth Street, NW	Suite 2170	ATLANTA	GA	30308	404-850-9225	Nick Bhargava	Other	0.0	0.0		0.0		0.0		0.0	1050.0			0.0	1050.0	-1050.0	0.0	0.0		0.0		0.0	0.0	0.0	0.0	Hughes Pittman and Gupton LLP	true	true		true			Section 4(a)(2).
0001644516-17-000001	2426 L'Enfant Square, SE	Suite 700	WASHINGTON	DC	20020	202-236-3427	Tony Ramos	Other	0.0	0.0		0.0		0.0		0.0	0.0			0.0	0.0	0.0	0.0	0.0		0.0		0.0	0.0	0.0	0.0	none	true	true	false	false	true	true	
0001144204-17-020453	14245 Pipeline Avenue		Chino	CA	91701	909-393-8880	Nikki Wolontis	Banking	30498888.0	24811843.0			107359980.0		6000404.0	175091818.0	900276.0		137562248.0	3093000.0	161555524.0	13536294.0	175091818.0		6179244.0		411012.0	213059.0	1453103.0	1.18	1.18	Vavrinek, Trine, Day & Co., LLP	true	true		true		true	
0001703732-17-000001	5415 W. Cedar Lane		Bethesda	MD	20814	6104539079	Kendall Almerico	Other	0.0	0.0		0.0		0.0		0.0	0.0			0.0	0.0	0.0	0.0	0.0		0.0		0.0	0.0	0.0	0.0	Artesian CPA, LLC	true	true	true	false	true	true	
0001587999-17-000001	2426 L'Enfant Square, SE	Suite 700	WASHINGTON	DC	20020	202-2363427	Tony Ramos	Other	0.0	0.0		0.0		0.0		0.0	0.0			0.0	0.0	0.0	0.0	0.0		0.0		0.0	0.0	0.0	0.0		true	true	false	false	true	true	
0001193125-17-116492	620 NEWPORT CENTER DRIVE	SUITE 1100	NEWPORT BEACH	CA	92660	949-200-4613	Michael K. Menerey	Other	980000.0	120000.0		454000.0		417000.0		3406000.0	342000.0			0.0	6113000.0	-2707000.0	3406000.0	68000.0		50000.0		12804.0	-10685000.0	-0.16	-0.16	Malone Bailey LLP	true	true	true	false		false	Exempt from registration under Rule 506(c) of the Securities Act.
0001696900-17-000010	238 W CERMAK ROAD, 3A		CHICAGO	IL	60616	3122251388	Andy Lam	Other	111288.0	0.0		11832.0		1734.0		174960.0	36146.0			0.0	36146.0	138814.0	174960.0	142928.0		218315.0		0.0	-57391.0	0.0	0.0	Vince Alvarez	true	true	false	false	true	true	
0001214659-17-002443	23901 CALABASAS ROAD	SUITE 2010	CALABASAS	CA	93102	818-737-8000	Markley S. Roderick, Esq.	Other	0.0	0.0		0.0		0.0		0.0	0.0			0.0	0.0	0.0	0.0	0.0		0.0		0.0	0.0	0.0	0.0	Artesian CPA, LLC	true	true		true		true	
0001144204-17-019401	75 Fifth Street, NW	Suite 2170	ATLANTA	GA	30308	404-850-9225	Nick Bhargava	Other	1065027.0	0.0		13216492.0		264419.0		14577241.0	10803044.0			0.0	13897778.0	679463.0	14577241.0	443188.0		33305.0		111247.0	-3736869.0	-3.3000000000000003	-3.3000000000000003	Hughes Pittman and Gupton LLP	true	true		true			Regulation A, Rule 506 of Regulation D, and Rule 506 of Regulation D, respectively.
0001477932-17-001598	800 W Cummings Park	Suite 2000	Woburn	MA	01801	407-517-4854	William Eilers	Other	21568.0	0.0		34859.0		0.0		62442.0	2236368.0			275856.0	2512224.0	-2377944.0	62442.0	14166.0		189632.0		0.0	-5164654.0	-0.01	-0.01	None	true	true	false	true		true	
0001651699-17-000005	1123 EAST REDONDO BLVD.	SUITE 200	INGLEWOOD	CA	90302	909-486-4742	Joseph Collins	Other	24.0	0.0		0.0		1300000.0		1302047.0	21000.0			0.0	21000.0	1280574.0	1302047.0	34490.0		137641.0		168683.0	271834.0	0.0	0.0	Ira S. Viener CPA	true	true			true	true	
0001615923-17-000006	1020 NORTH HOLLYWOOD WAY	SUITE 120	BURBANK	CA	91505	818-568-6747	Dean Zanetos	Other	609.98	0.0		0.0		89076.51		56476.51	73281.11			0.0	73281.11	15795.4	56476.51	69.96000000000001		90570.04000000001		3736.44	0.0	0.0	0.0		true	true	false	false	true	true	
0001640334-17-000647	ASU SkySong Research Building, #200	1475 N Scottsdale Road	Scottsdale	AZ	85257	512-470-6577	W. Scott Lawler	Other	4622.0	0.0		0.0		0.0		4622.0	29272.0			0.0	84212.0	-79590.0	4622.0	0.0		0.0		0.0	-16610.0	0.0	0.0	Sadler, Gibb & Associates, LLC	true	true	false		true	true	
0001387131-17-001866	555 Madison Avenue	6th Floor	New York	NY	10022	212-692-5540	Evan Hudson	Other	1000.0	0.0		0.0		0.0		1000.0	0.0			0.0	0.0	1000.0	1000.0	0.0		0.0		0.0	0.0	0.0	0.0	Artesian CPA, LLC	true	true		true			Commencement Capital LLC has purchased 100 common shares for a purchase price of $1,000 in a private offering. Such issuance was exempt from the registration requirements of the Securities Act pursuant to Section 4(a)(2) thereof.
0001652577-17-000002	244 5TH AVENUE	SUITE R260	NEW YORK	NY	10001	9177191360	Robert Licopoli	Other	16675.0	0.0		0.0		0.0		16675.0	593.0			0.0	593.0	17268.0	16675.0	55782.0		26763.0		0.0	17268.0	0.0	0.0		true	true	false	false	true	false	The foregoing transactions were deemed to be exempt from the registration requirements of the Securities Act of 1933 by virtue of Section 4(2) thereof, as a transaction by an issuer not involving a public offering.
0001213900-17-003239	301 E. PINE ST	SUITE 850	ORLANDO	FL	32801	407-986-4234	James S. Byrd, Jr.	Other	1818108.0	0.0		7412.0		17196.0		1842716.0	12002.0			1072000.0	1084002.0	758714.0	1842716.0	130106.0		903415.0		0.0	-773309.0	-0.03	-0.03	Soles, Heyn & Company LLP	true	true		true			506(b)
0001193125-17-108216	6340 South 3000 East	Suite 500	Salt Lake	UT	84121	801-278-0700	Darryl Steinhause	Other	10000.0	0.0		0.0		0.0		10000.0	0.0			0.0	0.0	10000.0	10000.0	0.0		0.0		0.0	0.0	0.0	0.0	Ernst & Young LLP	true	true	true	false		false	Section 4(2) of the Securities Act
0001477932-17-001502	1 Venture	SUITE 150	IRVINE	CA	92618	8887989100	Michael T. Williams, Esq.	Other	868532.0	0.0		56438.0		0.0		1794834.0	826447.0			0.0	1670431.0	124403.0	1794834.0	50672129.0		49155700.0		0.0	-1854556.0	-0.07	-0.07	Squar Milner LLP	true	true	true		true	false	Exempt from registration under Section 4(2) Securities Act and Rules promulgated thereunder.
