ACCESSION_NUMBER	INFO_ID	ISSUERNAME	CIK	JURISDICTIONORGANIZATION
0001144204-17-033706	1	Legion M Entertainment	0001674163	DE
0001627469-17-000038	1	Sigmata Electronics	0001675426	DE
0001213900-17-006522	1	POMM INC.	0001664303	NV
0001646269-17-000004	1	BREWDOG USA INC.	0001646269	DE
0001493152-17-006467	1	BioSculpture Technology, Inc.	0001606799	DE
0001193125-17-200149	1	KeyStone Solutions, Inc.	0001670087	DE
0001062993-17-002797	1	Feel The World, Inc.	0001690455	DE
0001144204-17-030656	1	Keen Home Inc.	0001684813	DE
0001493152-17-006030	1	Appliqate, Inc	0001669778	WY
0001376474-17-000186	1	CMX GOLD & SILVER CORP.	0001652452	A0
0001214659-17-003635	1	Luna Azul Development Fund, LLC	0001652212	DE
0001144204-17-029666	1	Sagoon Inc.	0001639953	DE
0001376474-17-000181	1	CMX GOLD & SILVER CORP.	0001652452	A0
0001144204-17-028447	1	Medivie USA, Inc.	0001677885	NV
0001144204-17-027839	1	WORTHPOINT Corp	0001450158	DE
0001144204-17-027342	1	Rayton Solar Inc.	0001654124	DE
0001477932-17-002092	1	UNITED GROUP FUND, INC	0001646036	DE
0001658959-17-000003	1	Teraphysics Corp	0001318588	DE
0001640334-17-000825	1	YILOLIFE INC.	0001678097	DE
0001214659-17-002877	1	Elio Motors, Inc.	0001531266	AZ
0001161697-17-000214	1	Generation Income Properties, Inc.	0001651721	MD
0001144204-17-023735	1	Denim.LA, Inc.	0001668010	DE
0001144204-17-023687	1	NewsBeat Social, Inc.	0001661424	DE
0001654954-17-003847	1	Teraphysics Corporation	0001318588	DE
0001214659-17-002855	1	Elio Motors, Inc.	0001531266	AZ
0001214659-17-002853	1	Elio Motors, Inc.	0001531266	AZ
0001493152-17-004589	1	ADVANTAMEDS SOLUTIONS USA FUND I INC	0001657737	NV
0001644600-17-000075	1	XTI Aircraft Co	0001638850	DE
0001683168-17-001052	1	American Homeowner Preservation 2015A LLC	0001667307	DE
0001144204-17-023168	1	Knightscope, Inc.	0001600983	DE
0001144204-17-023125	1	Medalist Diversified REIT, Inc.	0001654595	MD
0001654954-17-003763	1	iConsumer Corp.	0001652350	DE
0001193125-17-147271	1	THE LANDRUM COMPANY	0001607582	MO
0001193125-17-147036	1	Cottonwood Multifamily REIT I, Inc.	0001646910	MD
0001193125-17-146592	1	Royal Bancshares, Inc.	0001668802	MO
0001144204-17-022894	1	Rock Fund VII-A, LLC	0001671793	DE
0001654954-17-003721	1	VidAngel, Inc.	0001671941	DE
0001654954-17-003712	1	HC Government Realty Trust, Inc.	0001670010	MD
0001193125-17-142783	1	XY - the Findables Company	0001577351	DE
0001144204-17-022213	1	UNATION, LLC	0001549679	DE
0001477932-17-001895	1	MED-X	0001620704	NV
0001477932-17-001888	1	GK INVESTMENT HOLDINGS, LLC	0001656108	DE
0001144204-17-020409	1	Rise Companies Corp	0001640967	DE
0001144204-17-020405	1	Fundrise West Coast Opportunistic REIT, LLC	0001660919	DE
0001144204-17-020401	1	Fundrise Midland Opportunistic REIT, LLC	0001661023	DE
0001144204-17-020398	1	Fundrise East Coast Opportunistic REIT, LLC	0001660918	DE
0001144204-17-020393	1	Fundrise Equity REIT, LLC	0001648956	DE
0001144204-17-020389	1	Fundrise Real Estate Investment Trust, LLC	0001645583	DE
0001104659-17-023120	1	MogulREIT I, LLC	0001669664	DE
0001651699-17-000011	1	Punch TV Studios, INc	0001651699	DE
