ACCESSION_NUMBER	FORMINDICATION	ISSUERNAME	FISCALYEAREND	STREET1	STREET2	CITY	STATEORCOUNTRY	ZIPCODE	PHONENUMBER	REGARULE257
0001144204-17-033706	Special Financial Report for the fiscal year		31-DEC-2016	6425 Christie Ave., Ste. 500		EMERYVILLE	CA	94608	510-459-7894	true
0001627469-17-000038	Annual Report		28-FEB-2017	28 APOLLO ROAD SUITE 6A		EAST PROVIDENCE	RI	02914	401-440-9533	false
0001213900-17-006522	Annual Report		31-DEC-2016	985 Citadel Drive N.E.		Atlanta	GA	30324	917-300-065	false
0001646269-17-000004	Annual Report		31-DEC-2016	65 E STATE ST, SUITE 1800		COLUMBUS	OH	43215	6144003077	true
0001493152-17-006467	Annual Report		31-DEC-2016	1701 South Flagler Drive, Suite 607		West Palm Beach	FL	33401	561-651-7816	false
0001193125-17-200149	Annual Report		31-DEC-2016	14420 Albemarle Point Place	Suite 200	Chantilly	VA	20151	703-953-3838	false
0001062993-17-002797	Special Financial Report for the fiscal year		31-DEC-2016	100 TECHNOLOGY DRIVE	SUITE 315	BROOMFIELD	CO	80021	303-447-3100	true
0001144204-17-030656	Special Financial Report for the fiscal year		31-DEC-2016	320 W 37TH ST.	15TH FL	NEW YORK	NY	10018	844-576-0944	true
0001493152-17-006030	Annual Report		31-JAN-2017	12465 South Fort St	Suite 240	Draper	UT	84020	801-203-3978	false
0001376474-17-000186	Annual Report		31-DEC-2016	31 STRANRAER PLACE SW		CALGARY	A0	T3H 1H5	403-457-2697	false
0001214659-17-003638		Luna Azul Development Fund, LLC		14550 N. Frank Lloyd Wright Blvd	Ste. 200	Scottsdale	AZ	85260	206-310-9034	
0001214659-17-003635	Annual Report		31-DEC-2016	17865 BALLINGER WAY NE		SEATTLE	WA	98155	206-310-9034	false
0001144204-17-029666	Special Financial Report for the fiscal year		31-DEC-2016	1980 TEASEL COURT		WOODBRIDGE	VA	22192	703-986-3162	true
0001376474-17-000181	Annual Report		31-DEC-2016	31 STRANRAER PLACE SW		CALGARY	A0	T3H 1H5	403-457-2697	false
0001144204-17-028447	Annual Report		31-DEC-2016	11319 MAPLE STREET		LOS ALAMITOS	CA	90720	919-405-1539	true
0001144204-17-027839	Special Financial Report for the fiscal year		31-DEC-2016	5 CONCOURSE PKWY	SUITE 2850	ATLANTA	GA	30328	404-996-1474	true
0001144204-17-027342	Special Financial Report for the fiscal year		31-DEC-2016	920 COLORADO AVE.		SANTA MONICA	CA	90401	310-458-5900	true
0001654954-17-004402		iConsumer Corp.		Suite 351 19821 NW 2nd Avenue		MIAMI GARDENS	FL	33169	800-372-6095	
0001477932-17-002092	Annual Report		31-DEC-2016	121 South Orange Avenue	Suite 1500	Orlando	FL	32801	408-858-5748	true
0001658959-17-000003	Annual Report		31-DEC-2016	110 ALPHA PARK		Cleveland	OH	44143	440-573-0008	true
0001214659-17-002877	Annual Report		31-DEC-2016	2942 N 24TH ST	SUITE 114-700	PHOENIX	AZ	85016	480-500-6800	true
0001144204-17-023784		8tracks, Inc.		51 Sharon Street		San Francisco	CA	94114	415-841-3260	
0001640334-17-000825	Annual Report		31-DEC-2016	201 S. 36th Street		Phoenix	AZ	85034	305-608-2362	false
0001161697-17-000214	Annual Report		31-DEC-2016	400 NORTH TAMPA STREET	SUITE 2660	TAMPA	FL	33602	813-282-6000	true
0001144204-17-023735	Annual Report		31-DEC-2016	8899 Beverly Blvd.	Suite 600	West Hollywood	CA	90048	888-246-7163	true
0001144204-17-023687	Annual Report		31-DEC-2016	3123 NW Industrial Street		Portland	OR	97210	503-954-1126	true
0001654954-17-003847	Annual Report		31-DEC-2016	110 ALPHA PARK		CLEVELAND	OH	44143	440-573-0008	true
0001214659-17-002855	Annual Report		31-DEC-2016	2942 N 24TH ST	SUITE 114-700	PHOENIX	AZ	85016	480-500-6800	true
0001214659-17-002853	Annual Report		31-DEC-2015	2942 N 24TH ST	SUITE 114-700	PHOENIX	AZ	85016	480-500-6800	false
0001493152-17-004589	Annual Report		31-DEC-2016	20511 Abbey Drive		Frankfort	IL	60423	800-511-5925	false
0001644600-17-000075	Annual Report		31-DEC-2016	13000 CONTROL TOWER RD., SUITE 217		ENGLEWOOD	CO	80112	3035035660	true
0001683168-17-001052	Annual Report		31-DEC-2016	819 South Wabash Avenue, Suite 606		Chicago	IL	60605	800-555-1055	true
0001144204-17-023168	Annual Report		31-DEC-2016	1070 Terra Bella Avenue		Mountain View	CA	94043	650-924-1025	true
0001144204-17-023125	Annual Report		31-DEC-2016	11 S. 12th Street	Suite 401	Richmond	VA	23221	804-344-4435	true
0001654954-17-003763	Annual Report		31-DEC-2016	19821 NW 2ND AVE SUITE 351		MIAMI GARDENS	FL	33169	800-372-6095	true
0001193125-17-147271	Annual Report		31-DEC-2016	801 East Broadway		Columbia	MO	65201	573-499-7363	false
0001193125-17-147036	Annual Report		31-DEC-2016	6340 South 3000 East, Suite 500		Salt Lake	UT	84121	801-278-0700	false
0001193125-17-146592	Annual Report		31-DEC-2016	13171 Olive Boulevard		St. Louis	MO	63141	3142121500	false
0001144204-17-022894	Special Financial Report for the fiscal year		31-DEC-2016	180 NEWPORT CENTER DRIVE	SUITE 230	NEWPORT BEACH	CA	92660	949-640-0600	true
0001654954-17-003721	Annual Report		31-DEC-2016	295 W. CENTER ST.		PROVO	UT	84601	760-933-8437	false
0001654954-17-003712	Annual Report		31-DEC-2016	1819 MAIN STREET, SUITE 212		SARASOTA	FL	34236	941-955-7900	true
0001193125-17-142783	Annual Report		31-DEC-2016	1133 Columbia Street #205		San Diego	CA	92101	619-431-1567	true
0001144204-17-022213	Annual Report		31-DEC-2016	12802 Tampa Oaks Blvd	Suite 405	Tampa	FL	33637	813-349-2020	true
0001477932-17-001888	Annual Report		31-DEC-2016	257 East Main Street	Suite 200	Barrington	IL	60010	847-277-9930	true
0001477932-17-001895	Annual Report		31-DEC-2016	8236 Remmet Ave.		Canoga Park	CA	91304	818349-2870	false
0001144204-17-020409	Special Financial Report for the fiscal year		31-DEC-2016	1601 Connecticut Ave. NW, Suite 300		Washington	DC	20009	202-584-0550	true
0001144204-17-020405	Annual Report		31-DEC-2016	1601 Connecticut Ave., NW	Suite 300	WASHINGTON	DC	20009	202-584-0550	true
0001144204-17-020401	Annual Report		31-DEC-2016	1601 Connecticut Ave., NW	Suite 300	WASHINGTON	DC	20009	202-584-0550	true
0001144204-17-020398	Annual Report		31-DEC-2016	1601 Connecticut Ave., NW	Suite 300	WASHINGTON	DC	20009	202-584-0550	true
0001144204-17-020393	Annual Report		31-DEC-2016	1601 Connecticut Ave., NW	Suite 300	WASHINGTON	DC	20009	202-584-0550	true
0001144204-17-020389	Annual Report		31-DEC-2016	1601 Connecticut Ave., NW	Suite 300	WASHINGTON	DC	20009	202-584-0550	true
0001104659-17-023120	Annual Report		31-DEC-2016	10780 Santa Monica Blvd	Suite 140	Los Angeles	CA	90025	1-877-977-2776	true
0001549212-17-000006		SW Innovative Holdings, Inc.		6666 HARWIN DRIVE	SUITE 664	HOUSTON	TX	77036	713-268-1610	
0001651699-17-000011	Annual Report		31-AUG-2016	1123 EAST REDONDO BLVD	SUITE 200	INGLEWOOD	CA	90302	310-419-5914	true
