ACCESSION_NUMBER	NID	SINFO_ID	NAME_TYPE	NAME
0001493152-17-006467	1	1	salesCommissionsSpName	none
0001493152-17-006467	1	1	findersSpName	none
0001493152-17-006467	1	1	auditorSpName	Pybus & Company
0001493152-17-006467	1	1	legalSpName	Legal & Compliance, LLP
0001493152-17-006467	1	1	promoterSpName	none
0001493152-17-006467	1	1	blueSkySpName	none
0001493152-17-006467	1	1	underwrittenSpName	none
0001193125-17-200149	1	1	underwrittenSpName	The Benchmark Companies
0001493152-17-006030	1	1	legalSpName	N/A
0001493152-17-006030	1	1	underwrittenSpName	N/A
0001493152-17-006030	1	1	blueSkySpName	N/A
0001493152-17-006030	1	1	promoterSpName	N/A
0001493152-17-006030	1	1	salesCommissionsSpName	N/A
0001493152-17-006030	1	1	auditorSpName	N/A
0001493152-17-006030	1	1	findersSpName	N/A
0001214659-17-003638	1	1	legalSpName	Karr Tuttle Campbell
0001214659-17-003638	1	1	auditorSpName	Haskell and White, LLP
0001214659-17-003635	1	1	legalSpName	Karr Tuttle Campbell
0001214659-17-003635	1	1	auditorSpName	Haskell and White, LLP
0001654954-17-004402	1	1	auditorSpName	Wipfli, LLP
0001654954-17-004402	1	1	legalSpName	McGuire Woods
0001654954-17-004402	1	2	legalSpName	KHLK
0001144204-17-023784	1	1	blueSkySpName	N/A
0001144204-17-023784	1	1	promoterSpName	N/A
0001144204-17-023784	1	1	legalSpName	KHLK LLP
0001144204-17-023784	1	1	auditorSpName	Artesian CPA
0001144204-17-023784	1	1	salesCommissionsSpName	SI Securities LLC
0001144204-17-023784	1	1	underwrittenSpName	N/A
0001640334-17-000825	1	1	blueSkySpName	Booth Udall Fuller, PLC
0001640334-17-000825	1	1	promoterSpName	N/A
0001640334-17-000825	1	1	legalSpName	Booth Udall Fuller, PLC
0001640334-17-000825	1	1	auditorSpName	Metz & Associates, PLLC
0001640334-17-000825	1	1	findersSpName	N/A
0001640334-17-000825	1	1	salesCommissionsSpName	N/A
0001640334-17-000825	1	1	underwrittenSpName	N/A
0001144204-17-023784	1	1	findersSpName	N/A
0001214659-17-002853	1	1	legalSpName	Dill Dill Carr Stonbraker & Hutchings, P.C.
0001214659-17-002853	1	1	blueSkySpName	Dill Dill Carr Stonbraker & Hutchings, P.C.
0001493152-17-004589	1	1	legalSpName	Peter Berkman
0001493152-17-004589	1	1	findersSpName	NA
0001493152-17-004589	1	1	salesCommissionsSpName	NA
0001493152-17-004589	1	1	underwrittenSpName	NA
0001493152-17-004589	1	1	promoterSpName	NA
0001493152-17-004589	1	1	blueSkySpName	NA
0001493152-17-004589	1	1	auditorSpName	AJ Robbins
0001193125-17-147271	1	1	auditorSpName	Williams-Keepers LLC
0001193125-17-147271	1	1	legalSpName	Polsinelli PC
0001193125-17-147036	1	1	salesCommissionsSpName	Orchard Securities, LLC
0001193125-17-147036	1	1	auditorSpName	Ernst & Young LLP
0001193125-17-147036	1	1	blueSkySpName	DLA Piper LLP (US) filed notices & fees with various states
0001193125-17-147036	1	1	legalSpName	DLA Piper LLP (US)
0001193125-17-146592	1	1	legalSpName	Polsinelli PC
0001193125-17-146592	1	1	auditorSpName	Cummings, Ristau & Associates, P.C.
0001654954-17-003721	1	1	blueSkySpName	KAPLAN VOEKLER CUNNINGHAM AND FRANK, PLC
0001654954-17-003721	1	1	promoterSpName	N/A
0001654954-17-003721	1	1	auditorSpName	Tanner, LLC
0001654954-17-003721	1	1	findersSpName	N/A
0001654954-17-003721	1	1	salesCommissionsSpName	N/A
0001654954-17-003721	1	1	underwrittenSpName	N/A
0001654954-17-003721	1	1	legalSpName	KAPLAN VOEKLER CUNNINGHAM AND FRANK, PLC
0001477932-17-001895	1	1	promoterSpName	Crowdfund, Startengine, ASMX
0001477932-17-001895	1	1	legalSpName	Richardson & Associates
0001477932-17-001895	1	1	auditorSpName	MJP & Associates, APC
0001477932-17-001895	1	1	blueSkySpName	MCS Blue Sky
0001549212-17-000006	1	1	legalSpName	Alta-Vista Capital Markets
