ACCESSION_NUMBER	SI_ID	ISSUEDSECURITIESTITLE
0001144204-17-033706	1	Class A Common Stock
0001627469-17-000038	1	common stock
0001213900-17-006522	1	Common Stock
0001646269-17-000004	1	Common Stock
0001493152-17-006467	1	common shares
0001193125-17-200149	2	Warrants to purchase 750,000 shares of Common Stock, par value $0.0001
0001193125-17-200149	1	Series A Cummulative Convertible Redemable Preferred Stock, par value $0.0001
0001062993-17-002797	2	Class B Common Stock
0001062993-17-002797	1	Class A Common Stock
0001144204-17-030656	1	Series A Preferred Stock
0001493152-17-006030	1	Common Stock
0001376474-17-000186	1	common shares
0001214659-17-003635	1	8% Preferred Profit Participating Class A Units
0001144204-17-029666	1	Class C Common Stock
0001376474-17-000181	1	common shares
0001144204-17-028447	1	Common Stock
0001144204-17-027839	1	Common Stock
0001144204-17-027342	1	Common Stock
0001477932-17-002092	1	Preferred Stock
0001477932-17-002092	2	Common Stock
0001658959-17-000003	1	Common Shares
0001214659-17-002877	1	Common Stock
0001640334-17-000825	1	Class A Common Stock
0001161697-17-000214	1	Common Shares
0001144204-17-023735	1	Series A Preferred Stock
0001144204-17-023687	1	Common Stock
0001654954-17-003847	1	Common Shares
0001214659-17-002855	1	Common Stock
0001214659-17-002853	1	Common Stock
0001493152-17-004589	1	6% Convertible Preferred Stock
0001644600-17-000075	1	Common Stock
0001683168-17-001052	1	Class A Interests
0001144204-17-023168	1	Series m Preferred Stock
0001144204-17-023125	1	Common Stock
0001654954-17-003763	1	Series A Non-Voting Preferred Stock
0001193125-17-147271	2	Series E Preferred Stock
0001193125-17-147271	1	Class A Common Voting Stock
0001193125-17-147036	1	Unclassified Shares of Common Stock
0001193125-17-146592	1	Class AA Common Stock
0001144204-17-022894	1	Preferred Membership Interests
0001654954-17-003721	1	Class B NonVoting Common Stock
0001654954-17-003712	1	Common Stock
0001193125-17-142783	1	Class A Common Stock
0001144204-17-022213	1	Series C Non-Voting Membership Units
0001477932-17-001895	2	Preferred Stock
0001477932-17-001895	1	Common Stock
0001477932-17-001888	1	7% unsecured bonds
0001144204-17-020409	1	Class B Common Stock
0001144204-17-020405	1	Common Shares
0001144204-17-020401	1	Common Shares
0001144204-17-020398	1	Common Shares
0001144204-17-020393	1	Common Shares
0001144204-17-020389	1	Common Shares
0001104659-17-023120	1	Common shares
0001651699-17-000011	1	Common
