ACCESSION_NUMBER	INDICATETIER1TIER2OFFERING	FINANCIALSTATEMENTAUDITSTATUS	OFFERDELAYEDCONTINUOUSFLAG	OFFERINGYEARFLAG	OFFERINGAFTERQUALIFFLAG	OFFERINGBESTEFFORTSFLAG	SOLICITATIONPROPOSEDOFFERFLAG	RESALESECURITIESAFFILIATESFLAG	SECURITIESOFFERED	OUTSTANDINGSECURITIES	PRICEPERSECURITY	ISSUERAGGREGATEOFFERING	SECURITYHOLDERAGGEGATE	QUALIFICATIONOFFERINGAGGREGATE	CONCURRENTOFFERINGAGGREGATE	TOTALAGGREGATEOFFERING	UNDERWRITERSERVICEPROVIDERNAME	UNDERWRITERSFEES	SALECOMMISSIONSSVCPROVIDERNAME	SALECOMMISSIONSSVCEROVIDERFEE	FINDERSFEESSERVICEPROVIDERNAME	FINDERFEESFEE	AUDITORSERVICEPROVIDERNAME	AUDITORFEES	LEGALSERVICEPROVIDERNAME	LEGALFEES	PROMOTERSSERVICEPROVIDERNAME	PROMOTERSFEES	BLUESKYSERVICEPROVIDERNAME	BLUESKYFEES	BROKERDEALERCRDNUMBER	ESTIMATEDNETAMOUNT	CLARIFICATIONRESPONSES
0000939798-15-000071	Tier2	Audited	Y	N	N	Y	N	N	2000	0	25000.0	50000000.0	0.0	0.0	0.0	50000000.0							Mia A. Thomas, P.A.	15000.0	Gary R. Henrie	25000.0						49945000.0	
0001644516-15-000004	Tier1	Unaudited	N	N	N	N	N	N	200000	99773	100.0	20000000.0	0.0	0.0	0.0	20000000.0		0.0		0.0		0.0		0.0		0.0		0.0		0.0	0	0.0	
0001213900-15-007347	Tier2	Audited	Y	N	Y	Y	N	N	3125000	2001378		50000000.0	0.0	0.0	0.0	50000000.0		0.0		0.0	N/A	0.0	McGladrey LLP	0.0	Maslon LLP	0.0		0.0	N/A	0.0			
0001645471-15-000010	Tier2	Audited	N	Y	N	Y	N	N	1000	0	5000.0	5000000.0	0.0	0.0	0.0	5000000.0							Kane & Associates	5000.0	PinoNicholson PLLC	20000.0							
0001647636-15-000005	Tier2	Audited	N	N	N	Y	Y	N	3000000	12000000	1.0	3000000.0	0.0	0.0	0.0	3000000.0							Stayner, Bates, and Jensen	3000.0	Irvine Legal	1000.0						2996000.0	
0001214659-15-006757	Tier1	Unaudited	N	N	N	Y	N	N	200	4	25000.0	5000000.0	0.0	0.0	0.0	5000000.0	n/a	0.0	n/a	0.0	n/a	0.0	n/a	0.0	n/a	15000.0	n/a	0.0	n/a	12650.0		4952350.0	Estimated net proceeds reflect deduction of $20,000 as estimate of filing, printing and marketing expenses.
0001104659-15-066581	Tier1	Audited	N	N	N	Y	N	N	1538462	1527772	6.5	10000003.0	0.0	0.0	0.0	10000003.0							BKD LLP	25000.0	SmithAmundsen LLC	70000.0			SmithAmundsen LLC	5000.0		9900003.0	
0000929638-15-000751	Tier2	Audited	N	N	N	Y	Y	N	2000000	72963279		0.0	0.0	0.0	0.0	0.0	WR Hambrecht & Co LLC	0.0					Marcum LLP	70000.0	Morgan Lewis & Bockius LLP	300000.0		0.0	Morgan Lewis & Bockius LLP	15000.0	45040		
0000929638-15-000747	Tier2	Audited	N	N	N	Y	Y	N	2000000	72963279		0.0	0.0	0.0	0.0	0.0	WR Hambrecht & Co LLC	0.0					Marcum LLP	70000.0	Morgan Lewis & Bockius LLP	300000.0		0.0	Morgan Lewis & Bockius LLP	15000.0	45040		
0001627469-15-000065	Tier2	Audited	Y	N	N	Y	N	Y	62500000	64500000	2.0	1250000.0	375000.0	0.0	0.0	1625000.0																	
0001161697-15-000391	Tier2	Audited	Y	N	N	Y	N	N	4000000	1000000	5.0	20000000.0	0.0	0.0	0.0	20000000.0	N/A	0.0	N/A	0.0	N/A	0.0	Malone Bailey, LLP	4000.0	Everett & Everett PLLC and Alston & Bird LLP (tax)	235000.0	N/A	0.0	N/A	0.0			
0001144204-15-054632	Tier1	Audited	N	N	N	N	N	N	7715458	44355470	1.69	13039124.0	0.0	0.0	0.0	13039124.0	None	0.0	None	0.0	None	0.0	Stovall, Grandey & Allen L.L.P.	25000.0	Kilpatrick Townsend & Stockton LLP	175000.0	None	0.0	None	0.0	0	0.0	"Shares of common stock will be issued to stockholders of Prime Pacific Financial Services, Inc. (""Prime Pacific"") in connection with the issuer's acquisition of Prime Pacific pursuant to an Amended and Restated Agreement and Plan of Merger."
0001585786-15-000001	Tier1	Unaudited	N	N	N	Y	N	N	50000	0	100.0	100.0	0.0	0.0	0.0	100.0	ASMG	150000.0							ASMG	10000.0			NY / CA / TX / FL	17500.0		4822500.0	
0001592766-15-000005	Tier1	Unaudited	N	N	N	Y	N	N	50000	0	100.0	100.0	0.0	0.0	0.0	100.0	ASMG	150000.0							ASMG	10000.0			NY / CA / TX / FL	17500.0		19822685.0	
0001647299-15-000003	Tier1	Unaudited	N	N	N	Y	N	N	200000	0	1000.0	1000.0	0.0	0.0	0.0	1000.0	ASMG	600000.0							ASMG	25000.0			NY / CA / TX / FL	62500.0		19312500.0	
0001647299-15-000001	Tier1	Unaudited	N	N	N	Y	N	N	200000	0	1000.0	1000.0	0.0	0.0	0.0	1000.0	ASMG	600000.0							ASMG	25000.0			NY / CA / TX / FL	62500.0		19312500.0	
0001644600-15-000006	Tier2	Audited	N	N	N	Y	N	N	3921569	100000000		1000000.0	0.0	0.0	0.0	1000000.0		0.0		0.0		0.0	Artesian CPA, LLC	2500.0		0.0		0.0		0.0		850000.0	Less misc. expenses
0001592766-15-000002	Tier1	Unaudited	N	N	N	Y	N	N	50000	0	100.0	100.0	0.0	0.0	0.0	100.0	ASMG	150000.0							ASMG	10000.0			NY / CA / TX / FL	17500.0		4822500.0	
0001193125-15-315733	Tier1	Unaudited	N	N	N	Y	N	N	95000000	4530385		100.0	0.0	0.0	0.0	100.0									Morella & Associates	8000.0			n/a	3000.0			Accounting: $10,000; Edgar filing Costs: $5,000
0001493152-15-004240	Tier1	Unaudited	Y	N	N	Y	N	N	5000000	0	4.0	20000000.0	0.0	0.0	0.0	20000000.0									DLA Piper (limited to Legality opinion)	15000.0			DLA Piper	50000.0		19000000.0	
0001354488-15-004203	Tier2	Audited	Y	N	N	Y	Y	N	1666666	1378700	27.5	45833315.0	0.0	0.0	0.0	45833315.0	TBD Underwriter	2291666.0	N/A	0.0	N/A	0.0	Keiter, Artesian CPA	65000.0	Kaplan, Voekler, Cunningham and Frank, PLC and TBD Underwriters Counsel	225000.0	N/A	0.0	KVCF and State Regulators	75000.0		43176649.0	N/A
0001193125-15-311712	Tier2	Audited	N	N	N	Y	N	N	20000000	0		20000000.0	0.0	20000000.0	0.0	40000000.0	VRA Partners, LLC	950000.0					Warren Averett, LLC	380000.0	Shumaker, Loop & Kendrick, LLP	330000.0					142780	18340000.0	The above table does not include fees to be paid for administrative and escrow agent services, financial printing and EDGAR services, FINRA filing fee and website posting fees.C75
0001019687-15-003357	Tier1	Unaudited	Y	Y	N	Y	N	N	20000000	100000000	1.0	20000000.0	0.0	0.0	0.0	20000000.0	N/A	0.0	N/A	0.0	N/A	0.0	N/A	0.0	N/A	0.0	N/A	0.0	N/A	0.0		20000000.0	
0001019687-15-003353	Tier1	Unaudited	Y	Y	N	Y	N	N	20000000	100000000	1.0	20000000.0	0.0	0.0	0.0	20000000.0																20000000.0	
0001213900-15-006694	Tier2	Audited	Y	N	Y	Y	N	N	3125000	2001378		50000000.0	0.0	0.0	0.0	50000000.0		0.0		0.0	N/A	0.0	McGladrey LLP	0.0	Maslon LLP	0.0		0.0	N/A	0.0			
0001144204-15-052666	Tier1	Audited	N	N	N	Y	N	N	545000	0	10.0	545000.0	0.0	0.0	0.0	545000.0							Hughes Pittman & Gupton, LLP	30000.0	Smith Anderson, et al. Robbins Ross, et al.	458000.0			N/A	6000.0			"The response to ""Number of securities offered"" above represents the aggregate principal amount of Limited Recourse Obligations being offered by the issuer. The Limited Recourse Obligations are limited debt obligations of the issuer."
0001214659-15-006359	Tier2	Audited	N	N	N	Y	Y	N	2090000	25077500	12.0	25080000.0	0.0	0.0	0.0	25080000.0							Holthouse Carlin & Van Trigt LLP	25000.0	Dill Dill Carr Stonbraker & Hutchings, P.C.	100000.0			Dill Dill Carr Stonbraker & Hutchings, P.C.	10000.0		22740000.0	The above table does not include fees to be paid to FundAmerica Securities LLC for administrative and escrow agent services, FINRA filing fee, fees for EDGAR document conversion and filing, and website posting fees.
0001477932-15-005601	Tier2	Audited	Y	N	N	Y	N	N	25000000	91189450		15000000.0	0.0	0.0	0.0	15000000.0	None	0.0	None	0.0	None	0.0	MJF & Associates APC	15000.0	Richardson & Associates	35000.0	Employees	745000.0	Richardson & Associates	5000.0		13000000.0	Including time spent by employees of the Company on the offering, for which no sales commissions will be paid but other compensation may be paid. The Company has not yet entered into a selling agreement with any broker-dealer firms.
0001193125-15-303392	Tier1	Unaudited	N	N	N	Y	N	N	95000000	4530385		100.0	0.0	0.0	0.0	100.0									Morella & Associates	8000.0			n/a	3000.0			Accounting: $10,000; Edgar filing Costs: $5,000
0001606811-15-000013	Tier1	Unaudited	N	N	N	Y	N	N	2100	0	100.0	100.0	0.0	0.0	0.0	100.0	ASMG	63000.0	Alternative Securities Market, LLC	105000.0					Legal Costs	10000.0			NY / CA / TX / FL	8800.0			
0001144204-15-051535	Tier1	Audited	N	N	N	N	N	N	7715458	44355470	1.69	13039124.0	0.0	0.0	0.0	13039124.0	None	0.0	None	0.0	None	0.0	Stovall, Grandey & Allen L.L.P.	25000.0	Kilpatrick Townsend & Stockton LLP	175000.0	None	0.0	None	0.0	0	0.0	"Shares of common stock will be issued to stockholders of Prime Pacific Financial Services, Inc. (""Prime Pacific"") in connection with the issuer's acquisition of Prime Pacific pursuant to an Amended and Restated Agreement and Plan of Merger."
0001647636-15-000003	Tier2	Audited	N	N	N	Y	Y	N	3000000	12000000	1.0	3000000.0	0.0	0.0	0.0	3000000.0							Stayner, Bates, and Jensen	750.0								2999250.0	
0001144204-15-051352	Tier1	Audited	N	N	N	Y	N	N	545000	0	10.0	545000.0	0.0	0.0	0.0	545000.0							Hughes Pittman & Gupton, LLP	30000.0	Smith Anderson, et al. Robbins Ross, et al.	458000.0			N/A	6000.0			"The response to ""Number of securities offered"" above represents the aggregate principal amount of Limited Recourse Obligations being offered by the issuer. The Limited Recourse Obligations are limited debt obligations of the issuer."
0001193125-15-297742	Tier1	Unaudited	N	N	N	Y	N	N	95000000	4530385		100.0	0.0	0.0	0.0	100.0									Morella & Associates	8000.0			n/a	3000.0			Accounting: $10,000; Edgar filing Costs: $5,000
0001643454-15-000004	Tier1	Unaudited	N	N	Y	Y	N	N	15000000	24793600	1.0	0.0	0.0	0.0	0.0	0.0	Bulletproof Brands Co Inc.	750000.0														14250000.0	
0001615923-15-000002	Tier1	Unaudited	N	N	N	Y	N	N	10000	0	100.0	100.0	0.0	0.0	0.0	100.0	ASMG	30000.0							Legal Costs	10000.0			NY / CA / TX / FL	8600.0		951400.0	
0001606811-15-000010	Tier1	Unaudited	N	N	N	Y	N	N	2100	0	100.0	100.0	0.0	0.0	0.0	100.0	ASMG	63000.0	Alternative Securities Market, LLC	105000.0					Legal Costs	10000.0			NY / CA / TX / FL	8800.0			
0001644600-15-000003	Tier2	Audited	Y	N	N	Y	N	N	10000000	25124974	3.0	30000000.0	0.0	0.0	0.0	30000000.0	N/A	0.0	N/A	0.0	N/A	0.0	Seale and Beers, CPAs	15000.0	KHLK LLP	40000.0	N/A	0.0	KHLK LLP	0.0		29900000.0	Issuer intends to offer up to 10 million units at a range of between $2 and $4 per unit in order to realize approximately $20 million.
0001644516-15-000001	Tier1	Unaudited	N	N	N	N	N	N	200000	200000	100.0	20000000.0	0.0	0.0	0.0	20000000.0		0.0		0.0		0.0		0.0		0.0		0.0		0.0	0	0.0	
0001640170-15-000003	Tier1	Unaudited	N	N	N	N	N	N	200000	200000	100.0	20000000.0	0.0	0.0	0.0	20000000.0		0.0		0.0		0.0		0.0		0.0		0.0		0.0	0	0.0	
0001645471-15-000009	Tier2	Audited	N	Y	N	Y	N	N	10000	0	5000.0	50000000.0	0.0	0.0	0.0	50000000.0							Kane & Associates	5000.0	PinoNicholson PLLC	20000.0							
0001620692-15-000001	Tier1	Unaudited	N	N	N	Y	N	N	200000	0	100.0	100.0	0.0	0.0	0.0	100.0									ASMG	25000.0			NY / CA / TX / FL	62500.0		19912500.0	
0001627469-15-000049	Tier2	Audited	Y	N	N	Y	N	Y	62500000	64500000	2.0	1250000.0	375000.0	0.0	0.0	1625000.0																	
0001647636-15-000001	Tier2	Audited	N	N	N	Y	Y	N	3000000	12000000	1.0	3000000.0	0.0	0.0	0.0	3000000.0							Stayner, Bates, and Jensen	750.0								2999250.0	
0001645471-15-000006	Tier2	Audited	N	Y	N	Y	N	N	10000	0	5000.0	50000000.0	0.0	0.0	0.0	50000000.0							Kane & Associates	5000.0	PinoNicholson PLLC	20000.0							
0001587999-15-000012	Tier1	Unaudited	N	N	N	N	N	N	200000	200000	100.0	20000000.0	0.0	0.0	0.0	20000000.0		0.0		0.0		0.0		0.0		0.0		0.0		0.0	0	0.0	
0001579586-15-000016	Tier1	Unaudited	N	N	N	N	N	N	200000	200000	100.0	20000000.0	0.0	0.0	0.0	20000000.0		0.0	0	0.0	0	0.0		0.0		0.0		0.0		0.0	0	0.0	
0001579586-15-000015	Tier1	Unaudited	N	N	N	N	N	N	200000	200000	100.0	20000000.0	0.0	0.0	0.0	20000000.0		0.0	0	0.0	0	0.0		0.0		0.0		0.0		0.0	0	0.0	
0001626515-15-000002	Tier1	Unaudited	N	N	N	Y	N	N	200000	0	100.0	100.0	0.0	0.0	0.0	100.0	ASMG	600000.0							ASMG	25000.0			CA / NY / TX / FL	62500.0		19312500.0	
0001579586-15-000014	Tier1	Unaudited	N	N	N	N	N	N	200000	200000	100.0	20000000.0	0.0	0.0	0.0	20000000.0		0.0		0.0		0.0		0.0		0.0		0.0		0.0	0	0.0	
0001579586-15-000013	Tier1	Unaudited	N	N	N	N	N	N	200000	200000	100.0	20000000.0	0.0	0.0	0.0	20000000.0		0.0		0.0		0.0		0.0		0.0		0.0		0.0	0	0.0	
0001579586-15-000012	Tier1	Unaudited	N	N	N	N	N	N	200000	200000	100.0	20000000.0	0.0	0.0	0.0	20000000.0		0.0	0	0.0	0	0.0		0.0		0.0		0.0		0.0	0	0.0	
0001579586-15-000011	Tier1	Unaudited	N	N	N	N	N	N	200000	200000	100.0	20000000.0	0.0	0.0	0.0	20000000.0		0.0	0	0.0	0	0.0		0.0		0.0		0.0		0.0	0	0.0	
0001579586-15-000010	Tier1	Unaudited	N	N	N	N	N	N	200000	200000	100.0	20000000.0	0.0	0.0	0.0	20000000.0		0.0		0.0		0.0		0.0		0.0		0.0		0.0	0	0.0	
0001579586-15-000009	Tier1	Unaudited	N	N	N	N	N	N	200000	200000	100.0	20000000.0	0.0	0.0	0.0	20000000.0		0.0		0.0		0.0		0.0		0.0		0.0		0.0	0	0.0	
0001579586-15-000008	Tier1	Unaudited	N	N	N	N	N	N	200000	200000	100.0	20000000.0	0.0	0.0	0.0	20000000.0		0.0	0	0.0	0	0.0		0.0		0.0		0.0		0.0	0	0.0	
0001144204-15-044900	Tier1	Audited	N	N	N	Y	N	N	530000	0	10.0	530000.0	0.0	0.0	0.0	530000.0							Hughes Pittman & Gupton, LLP	27000.0	Smith Anderson, et al. Robbins Ross, et al.	458000.0			N/A	6000.0			"The response to ""Number of securities offered"" above represents the aggregate principal amount of Limited Recourse Obligations being offered by the issuer. The Limited Recourse Obligations are limited debt obligations of the issuer."
0001493152-15-003220	Tier1	Unaudited	N	N	N	Y	Y	Y	75000000	260230175		2875313.0	312187.0	0.0	0.0	3187500.0	N/A	0.0	N/A	0.0	N/A	0.0	N/A	0.0	Legal & Compliance, LLC	20000.0	N/A	0.0	Legal & Compliance, LLC	5000.0	000000000	2850313.0	
0001493152-15-003197	Tier1	Unaudited	Y	N	N	Y	N	N	5000000	0	4.0	20000000.0	0.0	0.0	0.0	20000000.0			Commissioned Sales Agent	1000000.0					DLA Piper	200000.0			DLA Piper	50000.0		18750000.0	
0001493152-15-002814	Tier1	Unaudited	Y	N	N	Y	N	N	5000000	0	4.0	20000000.0	0.0	0.0	0.0	20000000.0			Avisen Securities	1000000.0					DLA Piper	200000.0			DLA Piper	50000.0		18750000.0	
0001645471-15-000003	Tier2	Audited	N	Y	N	Y	N	N	10000	0	5000.0	50000000.0	0.0	0.0	0.0	50000000.0							Clifton Larson Allen	5000.0	PinoNicholson PLLC	20000.0							
0001144204-15-040446	Tier1	Audited	N	N	N	Y	N	N	530000	0	10.0	530000.0	0.0	0.0	0.0	530000.0							Hughes Pittman & Gupton, LLP	25000.0	Smith Anderson, et al. Robbins Ross, et al.	458000.0			N/A	6000.0			"The response to ""Number of securities offered"" above represents the aggregate principal amount of Limited Recourse Obligations being offered by the issuer. The Limited Recourse Obligations are limited debt obligations of the issuer."
