ACCESSION_NUMBER	SO_ID	SECURITIESOFFEREDTYPES	SECURITIESOFFEREDOTHERDESC
0000939798-15-000071	1	Debt	
0001644516-15-000004	1	Equity (common or preferred stock)	
0001213900-15-007347	1	Equity (common or preferred stock)	
0001645471-15-000010	1	Equity (common or preferred stock)	
0001647636-15-000005	1	Equity (common or preferred stock)	
0001214659-15-006757	1	Other(describe)	Class A Units of Limited Liability Company Membership Interest
0001104659-15-066581	1	Equity (common or preferred stock)	
0000929638-15-000751	1	Equity (common or preferred stock)	
0000929638-15-000747	1	Equity (common or preferred stock)	
0001627469-15-000065	1	Equity (common or preferred stock)	
0001161697-15-000391	1	Equity (common or preferred stock)	
0001144204-15-054632	1	Equity (common or preferred stock)	
0001585786-15-000001	1	Equity (common or preferred stock)	
0001592766-15-000005	1	Equity (common or preferred stock)	
0001644600-15-000006	1	Equity (common or preferred stock)	
0001647299-15-000001	1	Debt	
0001647299-15-000003	1	Debt	
0001592766-15-000002	1	Equity (common or preferred stock)	
0001193125-15-315733	1	Equity (common or preferred stock)	
0001493152-15-004240	1	Equity (common or preferred stock)	
0001354488-15-004203	1	Equity (common or preferred stock)	
0001354488-15-004203	2	Option, warrant or other right to acquire another security	
0001193125-15-311712	1	Equity (common or preferred stock)	
0001019687-15-003357	2	Security to be acquired upon exercise of option, warrant or other right to acquire security	
0001019687-15-003357	1	Equity (common or preferred stock)	
0001019687-15-003353	2	Security to be acquired upon exercise of option, warrant or other right to acquire security	
0001019687-15-003353	1	Equity (common or preferred stock)	
0001213900-15-006694	1	Equity (common or preferred stock)	
0001144204-15-052666	1	Debt	
0001214659-15-006359	1	Equity (common or preferred stock)	
0001477932-15-005601	1	Equity (common or preferred stock)	
0001193125-15-303392	1	Equity (common or preferred stock)	
0001606811-15-000013	1	Equity (common or preferred stock)	
0001144204-15-051535	1	Equity (common or preferred stock)	
0001647636-15-000003	1	Equity (common or preferred stock)	
0001144204-15-051352	1	Debt	
0001193125-15-297742	1	Equity (common or preferred stock)	
0001643454-15-000004	1	Equity (common or preferred stock)	
0001615923-15-000002	1	Equity (common or preferred stock)	
0001606811-15-000010	1	Equity (common or preferred stock)	
0001644600-15-000003	1	Equity (common or preferred stock)	
0001644516-15-000001	1	Equity (common or preferred stock)	
0001640170-15-000003	1	Equity (common or preferred stock)	
0001645471-15-000009	1	Equity (common or preferred stock)	
0001620692-15-000001	1	Debt	
0001627469-15-000049	1	Equity (common or preferred stock)	
0001647636-15-000001	1	Equity (common or preferred stock)	
0001645471-15-000006	1	Equity (common or preferred stock)	
0001587999-15-000012	1	Equity (common or preferred stock)	
0001579586-15-000016	1	Equity (common or preferred stock)	
0001579586-15-000015	1	Equity (common or preferred stock)	
0001626515-15-000002	1	Debt	
0001579586-15-000014	1	Equity (common or preferred stock)	
0001579586-15-000013	1	Equity (common or preferred stock)	
0001579586-15-000012	1	Equity (common or preferred stock)	
0001579586-15-000011	1	Equity (common or preferred stock)	
0001579586-15-000010	1	Equity (common or preferred stock)	
0001579586-15-000009	1	Equity (common or preferred stock)	
0001579586-15-000008	1	Equity (common or preferred stock)	
0001144204-15-044900	1	Debt	
0001493152-15-003220	1	Equity (common or preferred stock)	
0001493152-15-003197	1	Equity (common or preferred stock)	
0001493152-15-002814	1	Equity (common or preferred stock)	
0001645471-15-000003	1	Equity (common or preferred stock)	
0001144204-15-040446	1	Debt	
