ACCESSION_NUMBER	SECURITY_ID	SECURITIESISSUERNAME	SECURITIESISSUERTITLE	SECURITIESISSUEDTOTALAMOUNT	SECURITIESPRINCIPALHOLDERAMT	SECURITIESISSUEDAGGREGATEAMT	AGGREGATECONSIDERATIONBASIS
0001644516-15-000004	1	Mid-Hudson Region Rural Broadband Company, Inc.	common/voting	588238	0	58823 to shareholders for services. For the full list of shareholders and an explanation of services, please see pp. 14-23 of the Second Amended Offering Statement that has been uploaded this day with this Form 1-A.	
0001213900-15-007347	1	AWA Group LP	Class A Common Units	2001378	0	$100,000. Per Unit amounts were computed on a per issuance basis based on agreement between the Partnership and the investor.	N/A
0001213900-15-007347	2	AWA Group LP	Class A Common Units	2001378	0	$100,000. Per Unit amounts were computed on a per issuance basis based on agreement between the Partnership and the investor.	N/A
0001645471-15-000010	2	Tuscan Gardens Income Fund LLC	Preferred Membership Interest	2875000	0	Each unit sold for $10,000 with a minimum purchase of 5 units.	
0001645471-15-000010	3	Tuscan Gardens Income Fund LLC	Preferred Membership Interest	2875000	0	Each unit sold for $10,000 with a minimum purchase of 5 units.	
0001645471-15-000010	1	Tuscan Gardens Income Fund LLC	Preferred Membership Interest	2875000	0	Each unit sold for $10,000 with a minimum purchase of 5 units.	
0001647636-15-000005	1	ralliBox, Inc.	Common	12000000	0	$240,000 Subscription Agreement	
0001214659-15-006757	1	Luna Azul Development Fund, LLC	Class A Units	4	0	$112,500	
0001104659-15-066581	1	First Light Bancorp	Common Stock	61686	0	$315,424.80 for warrants@ $5.40 (58,412 shares); $20,004.14 for Bonus payment to Tom Austerman @ $6.11 (3,274 shares). $315,424.80 + $20,004.14 = $335,428.94. 58,412 shares + 3,274 shares = 61,686 shares	
0000929638-15-000751	3	Aperion Biologics, Inc.	Convertible Promissory Notes, convertible into Series D and Series E Preferred Stock of the Company	1180000	0	$1,075,000 cash and satisfaction of account payable $105,000.	
0000929638-15-000751	1	Aperion Biologics, Inc.	Convertible Promissory Notes, convertible into Series D and Series E Preferred Stock of the Company	1180000	0	$1,075,000 cash and satisfaction of account payable $105,000.	
0000929638-15-000751	2	Aperion Biologics, Inc.	Convertible Promissory Notes, convertible into Series D and Series E Preferred Stock of the Company	1180000	0	$1,075,000 cash and satisfaction of account payable $105,000.	
0000929638-15-000747	3	Aperion Biologics, Inc.	Convertible Promissory Notes, convertible into Series D and Series E Preferred Stock of the Company	1180000	0	$1,075,000 cash and satisfaction of account payable $105,000.	
0000929638-15-000747	2	Aperion Biologics, Inc.	Convertible Promissory Notes, convertible into Series D and Series E Preferred Stock of the Company	1180000	0	$1,075,000 cash and satisfaction of account payable $105,000.	
0000929638-15-000747	1	Aperion Biologics, Inc.	Convertible Promissory Notes, convertible into Series D and Series E Preferred Stock of the Company	1180000	0	$1,075,000 cash and satisfaction of account payable $105,000.	
0001627469-15-000065	1	Weed Real Estate, Inc.	common stock	62500000	62500000	.0001 par value	0
0001161697-15-000391	1	Generation Income Properties, Inc.	Common Stock	1000000	0	$10,000 at $0.01 per share	
0001144204-15-054632	1	Coastal Financial Corporation	Common Stock	9600000	0	Shares of common stock were sold for $1.25 per share, resulting in aggregate consideration of $12,000,000.	
0001193125-15-315733	1	Strategic Global Investments, Inc.	Common Stock, par value 40.00001	7555000000	0	$755,500 at $0.00001 per share	
0001354488-15-004203	1	Allegiancy, LLC	Class B	128600	0	"The Class B Units issued to TriStone Realty Management, LLC (""TriStone"") were issued in connection with a negotiated joint venture transaction in which TriStone contributed its assets to Allegiancy Houston, LLC, a subsidiary of the issuer in which the issuer owns a 70% economic interest, in consideration, in part, for the issuance of the 128,600 Class B Units to TriStone.  The issuer and TriStone valued the aggregate Class B Units issued to TriStone at $1,284,881.50, or approximately $9.91 per Class B Unit."	
0001193125-15-311712	1	Sun Dental Holdings, LLC	Investment Class A Units	280000	0	700000	
0001019687-15-003357	1	Sprinter Football Club, Inc.	Class A Common Stock	100000000	0	See attached statement at end of filing.	
0001213900-15-006694	2	AWA Group LP	Class A Common Units	2001378	0	$100,000. Per Unit amounts were computed on a per issuance basis based on agreement between the Partnership and the investor.	N/A
0001213900-15-006694	1	AWA Group LP	Class A Common Units	2001378	0	$100,000. Per Unit amounts were computed on a per issuance basis based on agreement between the Partnership and the investor.	N/A
0001144204-15-052666	1	GROUNDFLOOR Inc.	Convertible Promissory Notes	750000	0	Convertible promissory notes were issued for aggregate principal amount of $750,000.	
0001144204-15-052666	2	GROUNDFLOOR Inc.	Convertible Promissory Notes	750000	0	Convertible promissory notes were issued for aggregate principal amount of $750,000.	
0001214659-15-006359	1	Elio Motors, Inc.	Convertible Subordinated Secured Notes due September 30, 2022	2945460	0	$2,945,460 aggregate principal amount	
0001477932-15-005601	1	Med-X, Inc.	Common Stock	1189450	0	$594,725 at $0.50 per share	
0001193125-15-303392	1	Strategic Global Investments, Inc.	Common Stock, par value 40.00001	7555000000	0	$755,500 at $0.00001 per share	
0001144204-15-051535	1	Coastal Financial Corporation	Common Stock	9600000	0	Shares of common stock were sold for $1.25 per share, resulting in aggregate consideration of $12,000,000.	
0001647636-15-000003	1	ralliBox, Inc.	Common	12000000	0	$240,000 Subscription Agreement	
0001144204-15-051352	2	GROUNDFLOOR Inc.	Convertible Promissory Notes	750000	0	Convertible promissory notes were issued for aggregate principal amount of $750,000.	
0001144204-15-051352	1	GROUNDFLOOR Inc.	Convertible Promissory Notes	750000	0	Convertible promissory notes were issued for aggregate principal amount of $750,000.	
0001193125-15-297742	1	Strategic Global Investments, Inc.	Common Stock, par value 40.00001	7555000000	0	$755,500 at $0.00001 per share	
0001644600-15-000003	1	Virtual Communications Corp	Common Stock	4500	0	2250	
0001644516-15-000001	1	Mid-Hudson Region Rural Broadband Company, Inc.	common/voting	352943	0	3000000 based upon original project size issue to first shareholders / founders at par value.	
0001640170-15-000003	1	Western Gateway Region Rural Broadband Company, Inc.	common/voting	352943	0	3000000 based upon original project size issue to first shareholders/founders at par value.	
0001645471-15-000009	3	Tuscan Gardens Income Fund LLC	Preferred Membership Interest	2875000	0	Each unit sold for $10,000 with a minimum purchase of 5 units.	
0001645471-15-000009	2	Tuscan Gardens Income Fund LLC	Preferred Membership Interest	2875000	0	Each unit sold for $10,000 with a minimum purchase of 5 units.	
0001645471-15-000009	1	Tuscan Gardens Income Fund LLC	Preferred Membership Interest	2875000	0	Each unit sold for $10,000 with a minimum purchase of 5 units.	
0001627469-15-000049	1	Weed Real Estate, Inc.	common stock	62500000	62500000	.0001 par value	0
0001647636-15-000001	1	ralliBox, Inc.	Common	12000000	0	$240,000 Subscription Agreement	
0001645471-15-000006	3	Tuscan Gardens Income Fund LLC	Preferred Membership Interest	2875000	0	Each unit sold for $10,000 with a minimum purchase of 5 units.	
0001645471-15-000006	2	Tuscan Gardens Income Fund LLC	Preferred Membership Interest	2875000	0	Each unit sold for $10,000 with a minimum purchase of 5 units.	
0001645471-15-000006	1	Tuscan Gardens Income Fund LLC	Preferred Membership Interest	2875000	0	Each unit sold for $10,000 with a minimum purchase of 5 units.	
0001587999-15-000012	1	Southern Tier Region Rural Broadband Company, Inc.	common/voting	352943	0	3000000, based upon original project size issue to first shareholders/founders at par value	
0001579586-15-000016	1	Finger Lakes Region Rural Broadband Company, Inc.	common/voting	588238	0	3000000, based upon original project size issue to first shareholders/founders at par value	
0001579586-15-000015	1	Finger Lakes Region Rural Broadband Company, Inc.	common/voting	588238	0	3000000, based upon original project size issue to first shareholders/founders at par value	
0001579586-15-000014	1	Western Gateway Region Rural Broadband Company, Inc.	common/voting	300000	0	3000000	
0001579586-15-000013	1	Southern Tier Region Rural Broadband Company, Inc.	common/voting	300000	0	3000000	
0001579586-15-000012	1	Finger Lakes Region Rural Broadband Company, Inc.	common/voting	300000	0	3000000	
0001579586-15-000010	1	Mid-Hudson Region Rural Broadband Company, Inc.	common/voting	300000	0	3000000	
0001144204-15-044900	1	GROUNDFLOOR Inc.	Convertible Promissory Notes	750000	0	Convertible promissory notes were issued for aggregate principal amount of $750,000.	
0001144204-15-044900	2	GROUNDFLOOR Inc.	Convertible Promissory Notes	750000	0	Convertible promissory notes were issued for aggregate principal amount of $750,000.	
0001493152-15-003220	1	Greenbelt Resources Corporation	Unsecured Convertible Notes	2	0	At issuance, the notes have an aggregate principal amount of $22,500 and are convertible into common stock at $0.018 per share.	
0001493152-15-003220	2	Greenbelt Resources Corporation	Unsecured Convertible Notes	2	0	At issuance, the notes have an aggregate principal amount of $22,500 and are convertible into common stock at $0.018 per share.	
0001645471-15-000003	1	Tuscan Gardens Income Fund LLC	Preferred Membership Interest	2875000	0	Each unit sold for $10,000 with a minimum purchase of 5 units.	
0001645471-15-000003	3	Tuscan Gardens Income Fund LLC	Preferred Membership Interest	2875000	0	Each unit sold for $10,000 with a minimum purchase of 5 units.	
0001645471-15-000003	2	Tuscan Gardens Income Fund LLC	Preferred Membership Interest	2875000	0	Each unit sold for $10,000 with a minimum purchase of 5 units.	
0001144204-15-040446	1	GROUNDFLOOR Inc.	Convertible Promissory Notes	750000	0	Convertible promissory notes were issued for aggregate principal amount of $750,000.	
0001144204-15-040446	2	GROUNDFLOOR Inc.	Convertible Promissory Notes	750000	0	Convertible promissory notes were issued for aggregate principal amount of $750,000.	
