ACCESSION_NUMBER	EMP_ID	ISSUERNAME	JURISDICTIONORGANIZATION	YEARINCORPORATION	CIK	SICCODE	FULLTIMEEMPLOYEES	PARTTIMEEMPLOYEES
0000939798-15-000071	1	SILC Holdings LLC	FL	2014	0001653472	6500	6	0
0001644516-15-000004	1	Mid-Hudson Broadband Co	NY	2013	0001644516	7380	1	9
0001213900-15-007347	1	AWA Group LP	DE	2015	0001645148	6282	2	0
0001645471-15-000010	1	Tuscan Gardens Secured Income Fund LLC	FL	2015	0001645471	6500	0	0
0001647636-15-000005	1	ralliBox, Inc.	UT	2015	0001647636	7380	3	0
0001214659-15-006757	1	Luna Azul Development Fund	DE	2014	0001652212	6552	0	0
0001104659-15-066581	1	First Light Bancorp	IN	2014	0001653596	6199	20	1
0000929638-15-000751	1	Aperion Biologics, Inc.	DE	2008	0001439026	3842	3	1
0000929638-15-000747	1	Aperion Biologics, Inc.	DE	2008	0001439026	3842	3	1
0001627469-15-000065	1	Weed Real Estate, Inc.	NV	2015	0001643584	6512	0	1
0001161697-15-000391	1	GENERATION INCOME PROPERTIES, INC.	MD	2015	0001651721	6798	0	0
0001144204-15-054632	1	Coastal Financial Corporation	WA	2003	0001437958	6022	126	27
0001585786-15-000001	1	Remington Energy Group Corp	NV	2012	0001585786	1382	0	5
0001592766-15-000005	1	Samba Brazilian Gourmet Pizza Corp	CA	2015	0001592766	5810	0	5
0001647299-15-000003	1	ACCELERA INNOVATIONS FUND I, LLC	WY	2015	0001647299	6199	0	3
0001644600-15-000006	1	iConsumer Corp.	DE	2010	0001652350	7380	2	0
0001647299-15-000001	1	ACCELERA INNOVATIONS FUND I, LLC	WY	2015	0001647299	6199	0	3
0001592766-15-000002	1	Samba Brazilian Gourmet Pizza Corp	CA	2015	0001592766	5812	0	5
0001193125-15-315733	1	STRATEGIC GLOBAL INVESTMENTS INC	DE	2008	0000823187	6552	2	1
0001493152-15-004240	1	GoChip Inc.	CA	2011	0001617522	3651	0	0
0001354488-15-004203	1	Allegiancy, LLC	DE	2013	0001579173	6531	21	0
0001193125-15-311712	1	Sun Dental Holdings, LLC	FL	2005	0001652238	8071	336	0
0001019687-15-003357	1	Sprinter Football Club, Inc.	NV	2015	0001649728	7997	1	0
0001019687-15-003353	1	Sprinter Football Club, Inc.	NV	2015	0001649728	7997	1	0
0001213900-15-006694	1	AWA Group LP	DE	2015	0001645148	6282	2	0
0001144204-15-052666	1	GROUNDFLOOR FINANCE INC.	GA	2013	0001588504	6199	9	0
0001214659-15-006359	1	Elio Motors, Inc.	AZ	2009	0001531266	3711	15	0
0001477932-15-005601	1	MED-X, INC.	NV	2014	0001620704	2833	0	7
0001193125-15-303392	1	STRATEGIC GLOBAL INVESTMENTS INC	DE	2008	0000823187	6552	2	1
0001606811-15-000013	1	StepOne Personal Health, Inc.	DE	2010	0001606811	7374	0	0
0001144204-15-051535	1	Coastal Financial Corporation	WA	2003	0001437958	6022	126	27
0001647636-15-000003	1	ralliBox, Inc.	UT	2015	0001647636	7380	3	0
0001144204-15-051352	1	GROUNDFLOOR FINANCE INC.	GA	2013	0001588504	6199	9	0
0001193125-15-297742	1	STRATEGIC GLOBAL INVESTMENTS INC	DE	2008	0000823187	6552	2	1
0001643454-15-000004	1	Bulletproof Brands Co Inc	CA	2011	0001643454	2080	5	0
0001615923-15-000002	1	Broadcast 3DTV, Inc.	CA	2012	0001615923	3663	4	0
0001606811-15-000010	1	StepOne Personal Health, Inc.	DE	2010	0001606811	7374	0	0
0001644600-15-000003	1	Virtual Communications Corp	NV	2012	0001625023	3576	5	2
0001644516-15-000001	1	Mid-Hudson Broadband Co	NY	2013	0001644516	7380	1	9
0001640170-15-000003	1	Western Gateway Region Rural Broadband Company, Inc.	AZ	2015	0001640170	7380	1	9
0001645471-15-000009	1	Tuscan Gardens Secured Income Fund LLC	FL	2015	0001645471	6500	0	0
0001620692-15-000001	1	Alternative Securities Markets Group Corp	CA	2014	0001620692	6199	7	0
0001627469-15-000049	1	Weed Real Estate, Inc.	NV	2015	0001643584	6512	0	1
0001647636-15-000001	1	ralliBox, Inc.	UT	2015	0001647636	7380	3	0
0001645471-15-000006	1	Tuscan Gardens Secured Income Fund LLC	FL	2015	0001645471	6500	0	0
0001587999-15-000012	1	Southern Tier Region Rural Broadband Company, Inc.	NY	2013	0001587999	7380	1	9
0001579586-15-000016	1	Finger Lakes Region Rural Broadband Company, Inc.	NY	2013	0001579586	7380	1	9
0001579586-15-000015	1	Finger Lakes Region Rural Broadband Company, Inc.	NY	2013	0001579586	7380	1	9
0001626515-15-000002	1	Alternative Securities Market, LLC	CA	2014	0001626515	6199	5	0
0001579586-15-000014	1	Western Gateway Region Rural Broadband Company, Inc.	AZ	2015	0001640170	7380	1	9
0001579586-15-000013	1	Southern Tier Region Rural Broadband Company, Inc.	NY	2013	0001587999	7380	1	9
0001579586-15-000012	1	Finger Lakes Region Rural Broadband Company, Inc.	NY	2013	0001579586	7380	1	9
0001579586-15-000011	1	Finger Lakes Region Rural Broadband Company, Inc.	NY	2013	0001579586	7380	1	9
0001579586-15-000010	1	Mid-Hudson Broadband Co	NY	2013	0001644516	7380	1	9
0001579586-15-000009	1	Mid-Hudson Broadband Co	NY	2013	0001644516	7380	1	9
0001579586-15-000008	1	Finger Lakes Region Rural Broadband Company, Inc.	NY	2013	0001579586	7380	1	9
0001144204-15-044900	1	GROUNDFLOOR FINANCE INC.	GA	2013	0001588504	6199	9	0
0001493152-15-003220	1	GREENBELT RESOURCES CORP	NV	2001	0001442197	2860	2	0
0001493152-15-003197	1	GoChip Inc.	CA	2011	0001617522	3651	0	0
0001493152-15-002814	1	GoChip Inc.	CA	2011	0001617522	3651	0	0
0001645471-15-000003	1	Tuscan Gardens Secured Income Fund LLC	FL	2015	0001645471	6500	0	0
0001144204-15-040446	1	GROUNDFLOOR FINANCE INC.	GA	2013	0001588504	6199	7	0
