ACCESSION_NUMBER	STREET1	STREET2	CITY	STATEORCOUNTRY	ZIPCODE	PHONENUMBER	CONNECTIONNAME	INDUSTRYGROUP	CASHEQUIVALENTS	INVESTMENTSECURITIES	TOTALINVESTMENTS	ACCOUNTSRECEIVABLE	LOANS	PROPERTYPLANTEQUIPMENT	PROPERTYANDEQUIPMENT	TOTALASSETS	ACCOUNTSPAYABLE	POLICYLIABILITIESANDACCRUALS	DEPOSITS	LONGTERMDEBT	TOTALLIABILITIES	TOTALSTOCKHOLDEREQUITY	TOTALLIABILITIESANDEQUITY	TOTALREVENUES	TOTALINTERESTINCOME	COSTANDEXPENSESAPPLTOREVENUES	TOTALINTERESTEXPENSES	DEPRECIATIONANDAMORTIZATION	NETINCOME	EARNINGSPERSHAREBASIC	EARNINGSPERSHAREDILUTED	NAMEAUDITOR	CERTIFYIFTRUE	CERTIFYIFNOTDISQUALIFIED	CERTIFYIFBADACTOR	JURISDICTIONSOFSECOFFEREDNONE	JURISDICTIONSOFSECOFFEREDSAME	IFUNREGSITEREDNONE	SECURITIESACTEXCEMPTION
0000939798-15-000071	1485 International Parkway, Suite 1031		Lake Mary	FL	32751	855-485-9032	Gary R. Henrie	Other	949497.0	0.0		143802.0		34699.0		4375392.0	2680727.0			0.0	3932578.0	442814.0	4375392.0	2067314.0		1953424.0		11886.0	113890.0	113.0	113.0	Mia A. Thomas, P.A.	true	true	false	true	false	true	
0001644516-15-000004	1050 CONNECTICUT AVE., NW	10TH FLOOR	WASHINGTON	DC	20036	202-321-7969	Tony Ramos	Other	0.0	0.0		0.0		0.0		0.0	0.0			0.0	0.0	0.0	0.0	0.0		0.0		0.0	0.0	0.0	0.0	0	true	true	false	false	true	false	Regulation A, as amended
0001213900-15-007347	116 South Franklin Street		Rocky Mount	NC	27804	252-984-3800	William M. Mower	Other	100000.0	0.0		0.0		0.0		100000.0	0.0			0.0	0.0	100000.0	100000.0	0.0		0.0		0.0	0.0	0.0	0.0	McGladrey LLP	true	true			true		The foregoing transactions were deemed to be exempt from the registration requirements of the Securities Act of 1933 by virtue of Section 4(2) thereof, as a transaction by an issuer not involving a public offering.
0001645471-15-000010	189 SOUTH ORANGE AVENUE, SUITE 1650		ORLANDO	FL	32801	407-331-8004	Myra Nicholson	Other	50000.0	0.0		0.0		0.0		50000.0	0.0			0.0	0.0	50000.0	50000.0	0.0		0.0		0.0	0.0	0.0	0.0	Kane & Associates	true	true	false	true	false	false	The sales were made pursuant to Regulation D, rule 506. The Form D was filed with regards to each entity.
0001647636-15-000005	547 22ND ST		OGDEN	UT	84403	720-391-2043	Kyle Mercer	Other	0.0	0.0		0.0		0.0		0.0	0.0			0.0	0.0	0.0	0.0	0.0		0.0		0.0	0.0	0.0	0.0	Stayner, Bates, and Jensen	true	true	false	true	false	false	Stock issued to founders in exchange for Subscription Agreement.
0001214659-15-006757	17865 BALLINGER WAY NE		SEATTLE	WA	98155	206-310-9034	Mark Roth	Other	6286.0	0.0		0.0		0.0		100000.0	0.0			0.0	0.0	100000.0	100000.0	0.0		0.0		0.0	0.0	0.0	0.0		true	true		true			Section 4.2 of Securities Act of 1933
0001104659-15-066581	20 NW 4th Street, Suite 101		Evansville	IN	47708	812-492-1800	John Tanselle, SmithAmundsen	Banking	8200503.0	19759618.0			79950390.0		452340.0	113079330.0	413793.0		89786857.0	3000000.0	103700650.0	9378680.0	113079330.0		1953943.0		342424.0	73044.0	63119.0	0.04	0.04	BKD, LLP	true	true	false	true	false	false	Section 4(2) of the Securities Act, based upon the isolated nature of the sales listed in Section (c) (1) above.
0000929638-15-000751	11969 STARCREST DR		SAN ANTONIO	TX	78247	210-858-7056	Daniel R. Lee	Other	258564.0	0.0		0.0		50079.0		402196.0	2908158.0			1180000.0	15587398.0	0.0	402196.0	27000.0		12946.0		11374.0	-1860802.0	-0.46	-0.46	Marcum LLP	true	true	false	false	true	false	Section 506 of Regulation D and Section 701 of Regulation D.
0000929638-15-000747	11969 Starcrest Dr		San Antonio	TX	78247	210-858-7056	Daniel R. Lee	Other	258564.0	0.0		0.0		50079.0		402196.0	2908158.0			1180000.0	15587398.0	0.0	402196.0	27000.0		12946.0		11374.0	-1860802.0	-0.46	-0.46	Marcum LLP	true	true	false	false	true	false	Section 506 of Regulation D and Section 701 of Regulation D.
0001627469-15-000065	340 W. 42ND STREET, FL 2, P.O. BOX 2455		NEW YORK	NY	10036	631-991-5461	Thomas DeNunzio	Other	0.0	0.0		0.0		0.0		0.0	3365.0			0.0	3365.0	3365.0	0.0	0.0		0.0		0.0	-25439.0	0.0	62019231.0	Scrudato & Co., PA	true	true					Section 4 (2) of the Act.
0001161697-15-000391	1000 North Ashley Drive	Suite 610	Tampa	FL	33602	813-282-6000	Dan Mirman	Other	0.0	0.0		0.0		0.0		14000.0	746.0			0.0	4746.0	9254.0	14000.0	0.0		746.0		0.0	-746.0	0.0	0.0	MaloneBailey LLP	true	true		true			N/A
0001144204-15-054632	5415 Evergreen Way		EVERETT	WA	98203	425-257-9000	Aaron M. Kaslow, Esq.	Banking	80167000.0	13757000.0			425562000.0		10461000.0	546510000.0	990000.0		472161000.0	15800000.0	493989000.0	52521000.0	546510000.0		22360000.0		2032000.0	487000.0	2347000.0	0.06	0.06	Stovall, Grandey & Allen, L.L.P.	true	true		true			"The shares were sold in an offering exempt from registration under Rule 506(b) under Regulation D of the Securities and Exchange Commission.  The shares were sold only to ""accredited investors,"" as such term is defined in Rule 501 under Regulation D."
0001585786-15-000001	Remington Energy Group Corporation	C/O: ASMG, 4136 DEL REY AVENUE	Marina Del Rey	CA	90292	866-920-0758	Mr. Steven J. Muehler	Other	502.0	0.0		134583.0		2400.0		137485.0	211766.0			495000.0	706766.0	0.0	137485.0	0.0		0.0		0.0	0.0	0.0	0.0		true	true	false	false	true	true	
0001592766-15-000005	SAMBA BRAZILIAN GOURMET PIZZA CORPORATI	4136 DEL REY AVENUE	MARINA DEL REY	CA	90292	800-366-0908	Mr. Steven J. Muehler	Other	1000.0	0.0		0.0		0.0		1000.0	0.0			0.0	0.0	1000.0	1000.0	0.0		0.0		0.0	0.0	0.0	0.0		true	true	false	false	true	true	
0001647299-15-000001	Accelera Innovations Fund I, LLC	20511 Abbey Drive	Frankfort	IL	60423	866-920-0758	Mr. Steven J. Muehler	Other	1000.0	0.0		0.0		0.0		1000.0	0.0			0.0	0.0	1000.0	1000.0	0.0		0.0		0.0	0.0	0.0	0.0	None	true	true	false	false	true	true	
0001644600-15-000006	19821 NW 2nd Ave Suite 351		Miami Gardens	FL	33169	800-372-6095	Sara Hanks	Other	0.0	0.0		0.0		0.0		0.0	3211.0			0.0	3211.0	0.0	0.0	250.0		1165.0		0.0	-915.0	0.0	0.0	Artesian CPA, LLC	true	true	false	true	false	true	
0001647299-15-000003	Accelera Innovations Fund I, LLC	20511 Abbey Drive	Frankfort	IL	60423	866-920-0758	Mr. Steven J. Muehler	Other	1000.0	0.0		0.0		0.0		1000.0	0.0			0.0	0.0	1000.0	1000.0	0.0		0.0		0.0	0.0	0.0	0.0	None	true	true	false	false	true	true	
0001592766-15-000002	Samba Brazilian Gourmet Pizza Corporati	4136 Del Rey Avenue	Marina Del Rey	CA	90292	800-366-0908	Mr. Steven J. Muehler	Other	1000.0	0.0		0.0		0.0		1000.0	0.0			0.0	0.0	1000.0	1000.0	0.0		0.0		0.0	0.0	0.0	0.0		true	true	false	false	true	true	
0001193125-15-315733	701 Palomar Airport Road	Suite 300	Carlsbad	CA	92011	858-684-9628	Warren J. Archer	Other	78126.0	9618.0		1312600.0		323960.0		2188256.0	51274.0			0.0	367357.0	1820899.0	2188256.0	0.0		0.0		12500.0	221786.0	0.0	0.0		true	true	false	true		false	The securities were sold purusant to a Form 1-A offering circular that was qualified under Regulation A.
0001493152-15-004240	275 AIRPARK BOULEVARD	SUITE 100	CHICO	CA	95973	530-591-5991	John Strisower	Other	1333.0	0.0		0.0		7638.0		8971.0	3392144.0			0.0	3392144.0	0.0	8971.0	1563.0		744215.0		0.0	-874770.0	0.0	0.0		true	true				true	
0001354488-15-004203	10710 Midlothian Turnpike	Suite 202	Richmond	VA	23235	804-842-7545	Stevens M. Sadler	Other	1897015.0	0.0		71762.0		47145.0		6483051.0	228319.0			0.0	228319.0	6254732.0	6483051.0	3337908.0		1291932.0		72586.0	-302204.0	-0.16	-0.14	Keiter, Stephens, Hurst, Gary and Shreaves, P.C.	true	true			true		The Company relied on the private placement exemption found in Section 4(a)(2) of the Securities Act of 1933, or the Securities Act, for the issuance of its Class B Units to TriStone.  There was no public solicitation with respect to this issuance.
0001193125-15-311712	1800 9th Avenue N.		St Petersburg	FL	33713	866-561-1997	Darrell C. Smith, Esquire	Other	1158027.0	0.0		2066706.0		3334006.0		9701843.0	2735236.0			2823800.0	7729725.0	1972118.0	9701843.0	17479034.0		18543877.0		823901.0	-949947.0	0.0	0.0	Warren Averett, LLC	true	true	false	false		false	Section 4(2); Rule 506 of Regulation D; private offering to two accredited investors with no general solicitation
0001019687-15-003357	2344 CORTE DE LA JARA		PLEASANTON	CA	94566	760-579-9885	Peter Allen Schuh	Other	200.0	0.0		0.0		0.0		200.0	0.0			0.0	0.0	200.0	200.0	0.0		0.0		0.0	0.0	0.0	0.0	none	true	true		true			See attached statement at end of filing.
0001019687-15-003353	2344 CORTE DE LA JARA		PLEASANTON	CA	94566	760-579-9885	Peter Allen Schuh	Other	200.0	0.0		0.0		0.0		200.0	0.0			0.0	0.0	200.0	200.0	0.0		0.0		0.0	0.0	0.0	0.0	none	true	true		true		true	
0001213900-15-006694	116 South Franklin Street		Rocky Mount	NC	27804	252-984-3800	William M. Mower	Other	100000.0	0.0		0.0		0.0		100000.0	0.0			0.0	0.0	100000.0	100000.0	0.0		0.0		0.0	0.0	0.0	0.0	McGladrey LLP	true	true			true		The foregoing transactions were deemed to be exempt from the registration requirements of the Securities Act of 1933 by virtue of Section 4(2) thereof, as a transaction by an issuer not involving a public offering.
0001144204-15-052666	75 Fifth Street, NW	Suite 214	Atlanta	GA	30308	404-850-9225	Nick Bhargava	Other	540190.0	0.0		375748.0		1916.0		993356.0	428800.0			0.0	811890.0	181466.0	993356.0	12282.0		5686.0		22111.0	-1620270.0	-1.44	-1.44	Hughes Pittman and Gupton LLP	true	true		true			Rule 506 of Regulation D
0001214659-15-006359	2942 N 24TH ST	SUITE 114-700	PHOENIX	AZ	85016	480-500-6800-5	Fay M. Matsukage	Other	374652.0	0.0		0.0		20124788.0		33210343.0	4420104.0			53689576.0	63091149.0	0.0	33210343.0	0.0		14844177.0		300000.0	-24661441.0	-0.99	-0.99	Holthouse Carlin & Van Trigt LLP	true	true		true			Elio Motors, Inc. relied upon the exemption from registration contained in Rule 506(c), as such offers and sales were made only to accredited investors whose accredited investor status was verified
0001477932-15-005601	8236 Remmet Ave.		Canoga Park	CA	91304	818-349-2870	Mark J. Richardson	Other	177428.0	0.0		0.0		191080.0		369838.0	946.0			0.0	946.0	368892.0	369838.0	0.0		0.0		0.0	-138304.0	0.0	0.0	MJF & Associates APC	true	true	false	true	false	false	Private placement under Rule 506(c) of Regulation D of the Securities Act of 1933, as amended.
0001193125-15-303392	701 Palomar Airport Road	Suite 300	Carlsbad	CA	92011	858-684-9628	Warren J. Archer	Other	78126.0	9618.0		1312600.0		323960.0		2188256.0	51274.0			0.0	367357.0	1820899.0	2188256.0	0.0		0.0		12500.0	221786.0	0.0	0.0		true	true	false	true		false	The securities were sold purusant to a Form 1-A offering circular that was qualified under Regulation A.
0001606811-15-000013	StepOne Personal Health, Inc.	509 Sough Wall Avenue	Joplin	MO	64801	6505290801	Mr. Steven J. Muehler	Other	52255.0	0.0		0.0		350000.0		402255.0	0.0			0.0	0.0	402255.0	402255.0	6250.0		0.0		0.0	6250.0	0.62	0.62	None	true	true	false	false	true	true	
0001144204-15-051535	5415 Evergreen Way		EVERETT	WA	98203	425-257-9000	Aaron M. Kaslow, Esq.	Banking	80167000.0	13757000.0			425562000.0		10461000.0	546510000.0	990000.0		472161000.0	15800000.0	493989000.0	52521000.0	546510000.0		22360000.0		2032000.0	487000.0	2347000.0	0.06	0.06	Stovall, Grandey & Allen, L.L.P.	true	true		true			"The shares were sold in an offering exempt from registration under Rule 506(b) under Regulation D of the Securities and Exchange Commission.  The shares were sold only to ""accredited investors,"" as such term is defined in Rule 501 under Regulation D."
0001647636-15-000003	547 22ND ST		OGDEN	UT	84403	720-391-2043	Kyle Mercer	Other	0.0	0.0		0.0		0.0		0.0	0.0			0.0	0.0	0.0	0.0	0.0		0.0		0.0	0.0	0.0	0.0	Stayner, Bates, and Jensen	true	true	false	true	false	false	Rule 504 Stock issued to incorporators in exchange for Subscription Agreement.
0001144204-15-051352	75 Fifth Street, NW	Suite 214	Atlanta	GA	30308	404-850-9225	Nick Bhargava	Other	540190.0	0.0		375748.0		1916.0		993356.0	428800.0			0.0	811890.0	181466.0	993356.0	12282.0		5686.0		22111.0	-1620270.0	-1.44	-1.44	Hughes Pittman and Gupton LLP	true	true		true			Rule 506 of Regulation D
0001193125-15-297742	701 Palomar Airport Road	Suite 300	Carlsbad	CA	92011	858-684-9628	Warren J. Archer	Other	78126.0	9618.0		1312600.0		323960.0		2188256.0	51274.0			0.0	367357.0	1820899.0	2188256.0	0.0		0.0		12500.0	221786.0	0.0	0.0		true	true	false	true		false	The securities were sold purusant to a Form 1-A offering circular that was qualified under Regulation A.
0001643454-15-000004	1704 HALIFAX WAY		EL DORADO HILLS	CA	95762	916-990-8814	Robert S. Dohlke	Other	86643.41	0.0		3879.13		62115.49		152173.87	1750.0			0.0	75811.22	1066750.0	152173.87	124572.81		34399.82		0.0	-229951.16	0.0	0.0		true	true	false	false	true	true	
0001615923-15-000002	1020 Hollywood Way	Suite 120	Burbank	CA	91505	818-568-6747	Mr. Steven J. Muehler	Other	9952.32	0.0		0.0		1212.59		11164.91	14822.87			0.0	14822.87	0.0	11164.91	13.08		17.990000000000002		0.0	0.0	0.0	0.0	None	true	true	false	false	true	true	
0001606811-15-000010	StepOne Personal Health, Inc.	509 Sough Wall Avenue	Joplin	MO	64801	6505290801	Mr. Steven J. Muehler	Other	52255.0	0.0		0.0		350000.0		402255.0	0.0			0.0	0.0	402255.0	402255.0	6250.0		0.0		0.0	6250.0	0.62	0.62	None	true	true	false	false	true	true	
0001644600-15-000003	319 E. Warm Springs Rd. Suite 100		Las Vegas	NV	89119	702-731-4111	Sara Hanks	Other	424243.0	0.0		35109.0		0.0		558858.0	53625.0			2755500.0	5281863.0	0.0	558858.0	450634.0		208604.0		15805.0	-2001632.0	-0.08	-0.08	Seale and Beers, CPAs	true	true	false	true	false	false	Private Placement in reliance on Section 4(a)(2) of the Securities Act. No general solicitation and privately negotiated with service providers.
0001644516-15-000001	1050 CONNECTICUT AVE., NW	10TH FLOOR	WASHINGTON	DC	20036	202-321-7969	Tony Ramos	Other	0.0	0.0		0.0		0.0		0.0	0.0			0.0	0.0	0.0	0.0	0.0		0.0		0.0	0.0	0.0	0.0	0	true	true	false	false	true	false	Regulation A, as amended
0001640170-15-000003	1050 CONNECTICUT AVE., NW	10TH FLOOR	WASHINGTON	DC	20036	202-321-7969	Tony Ramos	Other	0.0	0.0		0.0		0.0		0.0	0.0			0.0	0.0	0.0	0.0	0.0		0.0		0.0	0.0	0.0	0.0	0	true	true	false	false	true	false	Regulation A, as amended
0001645471-15-000009	189 SOUTH ORANGE AVENUE, SUITE 1650		ORLANDO	FL	32801	407-331-8004	Myra Nicholson	Other	50000.0	0.0		0.0		0.0		50000.0	0.0			0.0	0.0	50000.0	50000.0	0.0		0.0		0.0	0.0	0.0	0.0	Kane & Associates	true	true	false	true	false	false	The sales were made pursuant to Regulation D, rule 506. The Form D was filed with regards to each entity.
0001620692-15-000001	Alternative Securities Markets Group	4136 Del Rey Avenue	Marina Del Rey	CA	90292	800-366-0908	Mr. Steven J. Muehler	Other	255884.0	0.0		2358750.0		0.0		2614634.0	100000.0			0.0	100000.0	2514634.0	2614634.0	307700.0		51816.0		0.0	255884.0	2.5500000000000003	2.5500000000000003		true	true	false	false	true	true	
0001627469-15-000049	340 W. 42ND STREET, FL 2, P.O. BOX 2455		NEW YORK	NY	10036	631-991-5461	Thomas DeNunzio	Other	0.0	0.0		0.0		0.0		0.0	3365.0			0.0	3365.0	3365.0	0.0	0.0		0.0		0.0	-25439.0	0.0	62019231.0	Scrudato & Co., PA	true	true					Section 4 (2) of the Act.
0001647636-15-000001	547 22nd ST		Ogden	UT	84403	720-391-2043	Kyle Mercer	Other	0.0	0.0		0.0		0.0		0.0	0.0			0.0	0.0	0.0	0.0	0.0		0.0		0.0	0.0	0.0	0.0	Stayner, Bates, and Jensen	true	true	false	true	false	false	Rule 504  Stock issued to incorporators in exchange for Subscription Agreement.
0001645471-15-000006	189 South Orange Avenue, Suite 1650		Orlando	FL	32801	407-331-8004	Myra Nicholson	Other	50000.0	0.0		0.0		0.0		50000.0	0.0			0.0	0.0	50000.0	50000.0	0.0		0.0		0.0	0.0	0.0	0.0	Kane & Associates	true	true	false	true	false	false	The sales were made pursuant to Regulation D, rule 506. The Form D was filed with regards to each entity.
0001587999-15-000012	1050 CONNECTICUT AVE., NW	10TH FLOOR	WASHINGTON	DC	20036	202-321-7969	Tony Ramos	Other	0.0	0.0		0.0		0.0		0.0	0.0			0.0	0.0	0.0	0.0	0.0		0.0		0.0	0.0	0.0	0.0	0	true	true	false	false	true	false	Regulation A, as amended
0001579586-15-000016	1050 CONNECTICUT AVE. NW	10TH FLOOR	WASHINGTON	DC	20036	202-321-7969	Tony Ramos	Other	0.0	0.0		0.0		0.0		0.0	0.0			0.0	0.0	0.0	0.0	0.0		0.0		0.0	0.0	0.0	0.0	0	true	true	false	false	true	false	Regulation A, as amended
0001579586-15-000015	1050 CONNECTICUT AVE. NW	10TH FLOOR	WASHINGTON	DC	20036	202-321-7969	Tony Ramos	Other	0.0	0.0		0.0		0.0		0.0	0.0			0.0	0.0	0.0	0.0	0.0		0.0		0.0	0.0	0.0	0.0	0	true	true	false	false	true	false	Regulation A, as amended
0001626515-15-000002	ASMX	4136 Del Rey Avenue	Marina Del Rey	CA	90292	800-366-0908	Mr. Steven J. Muehler	Other	1000.0	0.0		0.0		0.0		1000.0	0.0			0.0	1.0	1000.0	1000.0	0.0		0.0		0.0	0.0	1.0	1.0		true	true	false	false	true	true	
0001579586-15-000014	1050 CONNECTICUT AVE., NW	10TH FLOOR	WASHINGTON	DC	20036	202-321-7969	Tony Ramos	Other	0.0	0.0		0.0		0.0		0.0	0.0			0.0	0.0	0.0	0.0	0.0		0.0		0.0	0.0	0.0	0.0	0	true	true	false	false	true	false	Regulation A, as amended
0001579586-15-000013	1050 CONNECTICUT AVE., NW	10TH FLOOR	WASHINGTON	DC	20036	202-321-7969	Tony Ramos	Other	0.0	0.0		0.0		0.0		0.0	0.0			0.0	0.0	0.0	0.0	0.0		0.0		0.0	0.0	0.0	0.0	0	true	true	false	false	true	false	Regulation A, as amended
0001579586-15-000012	1050 CONNECTICUT AVE. NW	10TH FLOOR	WASHINGTON	DC	20036	202-321-7969	Tony Ramos	Other	0.0	0.0		0.0		0.0		0.0	0.0			0.0	0.0	0.0	0.0	0.0		0.0		0.0	0.0	0.0	0.0	0	true	true	false	false	true	false	Regulation A, as amended
0001579586-15-000011	1050 CONNECTICUT AVE. NW	10TH FLOOR	WASHINGTON	DC	20036	202-321-7969	Tony Ramos	Other	0.0	0.0		0.0		0.0		0.0	0.0			0.0	0.0	0.0	0.0	0.0		0.0		0.0	0.0	0.0	0.0	0	true	true	false	false	true	true	
0001579586-15-000010	1050 CONNECTICUT AVE., NW	10TH FLOOR	WASHINGTON	DC	20036	202-321-7969	Tony Ramos	Other	0.0	0.0		0.0		0.0		0.0	0.0			0.0	0.0	0.0	0.0	0.0		0.0		0.0	0.0	0.0	0.0	0	true	true	true	false	true	false	Regulation A
0001579586-15-000009	1050 CONNECTICUT AVE., NW	10TH FLOOR	WASHINGTON	DC	20036	202-321-7969	Tony Ramos	Other	0.0	0.0		0.0		0.0		0.0	0.0			0.0	0.0	0.0	0.0	0.0		0.0		0.0	0.0	0.0	0.0	0	true	true	true	false	true	true	
0001579586-15-000008	1050 CONNECTICUT AVE. NW	10TH FLOOR	WASHINGTON	DC	20036	202-321-7969	Tony Ramos	Other	0.0	0.0		0.0		0.0		0.0	0.0			0.0	0.0	0.0	0.0	0.0		0.0		0.0	0.0	0.0	0.0	0	true	true	true	false	true	true	
0001144204-15-044900	75 Fifth Street, NW	Suite 214	Atlanta	GA	30308	404-850-9225	Nick Bhargava	Other	540190.0	0.0		375748.0		1916.0		993356.0	428800.0			0.0	811890.0	181466.0	993356.0	12282.0		5686.0		22111.0	-1620270.0	-1.44	-1.44	Hughes Pittman and Gupton LLP	true	true		true			Rule 506 of Regulation D
0001493152-15-003220	3500 Dry Creek Road	Unit 6	Paso Robles	CA	93446	888-995-4726	Laura Anthony	Other	28717.0	0.0		121285.0		16876.0		267871.0	402898.0			0.0	439498.0	0.0	267871.0	464795.0		796178.0		53711.0	-933031.0	0.0	0.0		true	true	false	true	false	false	Section 4(a)(2) or 3(a)(9)
0001493152-15-003197	275 AIRPARK BOULEVARD	SUITE 100	CHICO	CA	95973	530-591-5991	John Strisower	Other	1333.0	0.0		0.0		7638.0		8971.0	3392144.0			0.0	3392144.0	0.0	8971.0	1563.0		744215.0		0.0	0.0	0.0	0.0		true	true	false	false	false	true	
0001493152-15-002814	275 AIRPARK BOULEVARD	SUITE 100	CHICO	CA	95973	530-591-5991	John Strisower	Other	1333.0	0.0		0.0		7638.0		8971.0	3392144.0			0.0	3392144.0	0.0	8971.0	1563.0		744215.0		0.0	-874770.0	0.0	0.0		true	true				true	NA
0001645471-15-000003	189 South Orange Avenue, Suite 1650		Orlando	FL	32801	407-331-8004	Myra Nicholson	Other	50000.0	0.0		0.0		0.0		50000.0	0.0			0.0	0.0	50000.0	50000.0	0.0		0.0		0.0	0.0	0.0	0.0	Clifton Larson Allen	true	true	false	true	false	false	The sales were made pursuant to Regulation D, rule 506. The Form D was filed with regards to each entity.
0001144204-15-040446	75 Fifth Street, NW	Suite 214	Atlanta	GA	30308	404-850-9225	Nick Bhargava	Other	540190.0	0.0		375748.0		1916.0		993356.0	428800.0			0.0	811890.0	181466.0	993356.0	12282.0		5686.0		22111.0	-1620270.0	-1.44	-1.44	Hughes Pittman and Gupton LLP	true	true	false	true	false	false	Rule 506 of Regulation D
