ACCESSION_NUMBER	ED_ID	TYPE	NAME	OUTSTANDING	CUSIP	PUBLICYTRADED
0000939798-15-000071	1	Common	Membership Units	1000	none	none
0000939798-15-000071	1	Debt Securities		0		
0000939798-15-000071	1	Preferred		0		
0001644516-15-000004	1	Preferred	0	0	0	0
0001644516-15-000004	1	Debt Securities	0	0	0	0
0001644516-15-000004	1	Common	common voting	200000	0	0
0001213900-15-007347	1	Common	Class A Common Units	2001378	000000000	None
0001213900-15-007347	1	Preferred	Class B Units	0	000000000	None
0001213900-15-007347	1	Debt Securities	Class M Units	1050000	000000000	None
0001645471-15-000010	1	Debt Securities	0	0	0	0
0001645471-15-000010	1	Common	0	0	0	0
0001645471-15-000010	1	Preferred	0	0	0	0
0001647636-15-000005	1	Common	Common	12000000	None	None
0001647636-15-000005	1	Preferred		0		
0001647636-15-000005	1	Debt Securities		0		
0001214659-15-006757	1	Debt Securities	None	0	000000000	
0001214659-15-006757	1	Preferred	None	0	000000000	
0001214659-15-006757	1	Common	Class A Units	4	000000000	None
0001104659-15-066581	1	Debt Securities		0		
0001104659-15-066581	1	Preferred	Preferred Stock	0	N/A	N/A
0001104659-15-066581	1	Common	Common Stock	1527772	N/A	N/A
0000929638-15-000751	1	Common		0		
0000929638-15-000751	1	Debt Securities		0		
0000929638-15-000751	1	Preferred		0		
0000929638-15-000747	1	Common		0		
0000929638-15-000747	1	Preferred		0		
0000929638-15-000747	1	Debt Securities		0		
0001627469-15-000065	1	Debt Securities	none	0	000000000	0
0001627469-15-000065	1	Common	common stock	64500000	000000000	none
0001627469-15-000065	1	Preferred	preferred stock	2000000	000000000	none
0001161697-15-000391	1	Debt Securities	Debt Securities	0	000000000	None
0001161697-15-000391	1	Preferred	Preferred Equity	0	000000000	None
0001161697-15-000391	1	Common	Common Equity	1000000	000000000	None
0001144204-15-054632	1	Debt Securities	None	0	000000000	None
0001144204-15-054632	1	Common	Common Stock	44355470	000000000	None
0001144204-15-054632	1	Preferred	Preferred Stock	0	000000000	None
0001144204-15-054632	3	Common	Class C Nonvoting Common Stock	1307218	000000000	None
0001144204-15-054632	2	Common	Class B Nonvoting Common Stock	500000	000000000	None
0001585786-15-000001	1	Common	Common Stock	100000	None	Common Stock
0001585786-15-000001	1	Preferred	Preferred Stock	0	None	None
0001585786-15-000001	1	Debt Securities	None	0	None	None
0001592766-15-000005	1	Preferred	Preferred Stock	0	None	None
0001592766-15-000005	1	Common	Common Stock	100000	None	Common Stock
0001592766-15-000005	1	Debt Securities	None	0	None	None
0001647299-15-000003	1	Common	Membership Units	1000	None	Membership Units
0001647299-15-000003	1	Preferred	Secured Debt Notes	0	None	None
0001647299-15-000001	1	Preferred	Secured Debt Notes	0	None	None
0001647299-15-000001	1	Common	Membership Units	1000	None	Membership Units
0001647299-15-000003	1	Debt Securities	None	0	None	None
0001647299-15-000001	1	Debt Securities	None	0	None	None
0001644600-15-000006	1	Debt Securities		0		
0001644600-15-000006	1	Common	Common	100000000	N/A	N/A
0001644600-15-000006	1	Preferred	Preferred	100000000	N/A	N/A
0001592766-15-000002	1	Debt Securities	None	0	None	None
0001592766-15-000002	1	Common	Common Stock	100000	None	Common Stock
0001592766-15-000002	1	Preferred	Preferred Stock	0	None	Preferred Stock
0001193125-15-315733	1	Debt Securities	n/a	0	000000000	n/a
0001193125-15-315733	1	Preferred	n/a	0	000000000	n/a
0001193125-15-315733	1	Common	n/a	4530385	862720208	OTC Pink Market
0001493152-15-004240	1	Debt Securities	NA	0	000000000	NA
0001493152-15-004240	1	Preferred	NA	0	000000000	NA
0001493152-15-004240	1	Common	Class A	28800801	000000000	NA
0001354488-15-004203	1	Common	Class B	1378700	000000000	NONE
0001354488-15-004203	1	Preferred	Class A	499997	01748M106	NONE
0001354488-15-004203	1	Debt Securities	N/A	0	000000000	
0001193125-15-311712	2	Common	Investment Class B	700000	000000000	n/a
0001193125-15-311712	3	Common	Management Units	200000	000000000	n/a
0001193125-15-311712	1	Preferred	N/A	0	000000000	N/A
0001193125-15-311712	1	Debt Securities	N/A	0	000000000	N/A
0001193125-15-311712	1	Common	Investment  Class A	19380000	000000000	n/a
0001019687-15-003357	1	Preferred	None	0	000000000	
0001019687-15-003357	1	Common	Class A Common Stock	100000000	000000000	North American Securities Administrators Associati
0001019687-15-003357	1	Debt Securities	None	0	000000000	
0001019687-15-003353	1	Common	Class A Common Stock	100000000	000000000	none
0001019687-15-003353	1	Preferred	None	0	000000000	
0001019687-15-003353	1	Debt Securities	None	0	000000000	
0001213900-15-006694	1	Preferred	Class B Units	0	000000000	None
0001213900-15-006694	1	Debt Securities	Class M Units	1050000	000000000	None
0001213900-15-006694	1	Common	Class A Common Units	2001378	000000000	None
0001144204-15-052666	1	Debt Securities	N/A	0	000000N/A	N/A
0001144204-15-052666	1	Preferred	Series Seed	522784	000000N/A	N/A
0001144204-15-052666	1	Common	Common Stock	1123750	000000N/A	N/A
0001214659-15-006359	1	Preferred	none	0	000000000	none
0001214659-15-006359	1	Debt Securities	Conv Sub Notes due 9/30/22	2945460	000000000	none
0001214659-15-006359	1	Common	Common Stock	25077500	000000000	none
0001477932-15-005601	1	Debt Securities		0		
0001477932-15-005601	1	Preferred		0		
0001477932-15-005601	1	Common	Common Stock	91189450	None	None
0001193125-15-303392	1	Debt Securities	n/a	0	000000000	n/a
0001193125-15-303392	1	Preferred	n/a	0	000000000	n/a
0001193125-15-303392	1	Common	n/a	4530385	862720208	OTC Pink Market
0001606811-15-000013	1	Debt Securities	None	0	None	None
0001606811-15-000013	1	Preferred	Preferred Stock	0	None	Preferred Stock
0001606811-15-000013	1	Common	Common Stock	100000	None	Common Stock
0001144204-15-051535	2	Common	Class B Nonvoting Common Stock	500000	000000000	None
0001144204-15-051535	3	Common	Class C Nonvoting Common Stock	1307218	000000000	None
0001144204-15-051535	1	Preferred	Preferred Stock	0	000000000	None
0001144204-15-051535	1	Common	Common Stock	44355470	000000000	None
0001144204-15-051535	1	Debt Securities	None	0	000000000	None
0001647636-15-000003	1	Preferred		0		
0001647636-15-000003	1	Common	Common	12000000	None	None
0001647636-15-000003	1	Debt Securities		0		
0001144204-15-051352	1	Common	Common Stock	1123750	000000N/A	N/A
0001144204-15-051352	1	Debt Securities	N/A	0	000000N/A	N/A
0001144204-15-051352	1	Preferred	Series Seed	522784	000000N/A	N/A
0001193125-15-297742	1	Debt Securities	n/a	0	000000000	n/a
0001193125-15-297742	1	Preferred	n/a	0	000000000	n/a
0001193125-15-297742	1	Common	n/a	4530385	862720208	OTC Pink Market
0001643454-15-000004	1	Common	A	24793600	0	0
0001643454-15-000004	1	Preferred	B	272160	0	0
0001643454-15-000004	1	Debt Securities	P	22934240	0	0
0001615923-15-000002	1	Common	Common Stock	60821429	None	Common Stock
0001615923-15-000002	1	Preferred	Preferred Stock	0	None	Preferred Stock
0001615923-15-000002	1	Debt Securities	None	0	None	None
0001606811-15-000010	1	Debt Securities	None	0	None	None
0001606811-15-000010	1	Preferred	Preferred Stock	0	None	Preferred Stock
0001606811-15-000010	1	Common	Common Stock	100000	None	Common Stock
0001644600-15-000003	1	Common	Common Stock	25124974	N/A	N/A
0001644600-15-000003	1	Debt Securities	N/A	0	N/A	N/A
0001644600-15-000003	1	Preferred	Preferred Stock	0	N/A	N/A
0001644516-15-000001	1	Debt Securities	0	0	0	0
0001644516-15-000001	1	Preferred	0	0	0	0
0001644516-15-000001	1	Common	common voting	200000	0	0
0001640170-15-000003	1	Preferred	0	0	0	0
0001640170-15-000003	1	Debt Securities	0	0	0	0
0001640170-15-000003	1	Common	common voting	200000	0	0
0001645471-15-000009	1	Preferred	0	0	0	0
0001645471-15-000009	1	Debt Securities	0	0	0	0
0001645471-15-000009	1	Common	0	0	0	0
0001620692-15-000001	1	Common	Common Stock	100000	None	Common Stock
0001620692-15-000001	1	Preferred	None	0	None	None
0001620692-15-000001	1	Debt Securities	Fixed Income Investment Cert	0	None	Fixed Income Investment Certificates
0001627469-15-000049	1	Preferred	preferred stock	2000000	000000000	none
0001627469-15-000049	1	Debt Securities	none	0	000000000	0
0001627469-15-000049	1	Common	common stock	64500000	000000000	none
0001647636-15-000001	1	Debt Securities		0		
0001647636-15-000001	1	Preferred		0		
0001647636-15-000001	1	Common	Common	12000000	None	None
0001645471-15-000006	1	Common	0	0	0	0
0001645471-15-000006	1	Preferred	0	0	0	0
0001645471-15-000006	1	Debt Securities	0	0	0	0
0001587999-15-000012	1	Debt Securities	0	0	0	0
0001587999-15-000012	1	Preferred	0	0	0	0
0001587999-15-000012	1	Common	common voting	200000	0	0
0001579586-15-000016	1	Debt Securities	0	0	0	0
0001579586-15-000016	1	Common	common voting	200000	0	0
0001579586-15-000016	1	Preferred	0	0	0	0
0001579586-15-000015	1	Debt Securities	0	0	0	0
0001579586-15-000015	1	Preferred	0	0	0	0
0001579586-15-000015	1	Common	common voting	200000	0	0
0001626515-15-000002	1	Debt Securities	Investment Certificates	0	None	Alternative Securities Market (ASMX)
0001626515-15-000002	1	Preferred	None	0	None	None
0001626515-15-000002	1	Common	Membership Units	1000	None	None
0001579586-15-000014	1	Debt Securities	0	0	0	0
0001579586-15-000014	1	Preferred	0	0	0	0
0001579586-15-000014	1	Common	common voting	200000	0	0
0001579586-15-000013	1	Debt Securities	0	0	0	0
0001579586-15-000013	1	Common	common voting	200000	0	0
0001579586-15-000013	1	Preferred	0	0	0	0
0001579586-15-000012	1	Common	common voting	200000	0	0
0001579586-15-000012	1	Debt Securities	0	0	0	0
0001579586-15-000012	1	Preferred	0	0	0	0
0001579586-15-000011	1	Common	common voting	200000	0	0
0001579586-15-000011	1	Debt Securities	0	0	0	0
0001579586-15-000011	1	Preferred	0	0	0	0
0001579586-15-000010	1	Common	common voting	200000	0	0
0001579586-15-000010	1	Preferred	0	0	0	0
0001579586-15-000010	1	Debt Securities	0	0	0	0
0001579586-15-000009	1	Preferred	0	0	0	0
0001579586-15-000009	1	Debt Securities	0	0	0	0
0001579586-15-000009	1	Common	common voting	200000	0	0
0001579586-15-000008	1	Debt Securities	0	0	0	0
0001579586-15-000008	1	Preferred	0	0	0	0
0001579586-15-000008	1	Common	common voting	200000	0	0
0001144204-15-044900	1	Debt Securities	N/A	0	000000N/A	N/A
0001144204-15-044900	1	Preferred	Series Seed	522784	000000N/A	N/A
0001144204-15-044900	1	Common	Common Stock	1123750	000000N/A	N/A
0001493152-15-003220	1	Preferred	Series B Preferred Stock	5000000	000000000	N/A
0001493152-15-003220	1	Common	Common Stock	260230175	910226109	OTC Markets Group (1)
0001493152-15-003220	2	Preferred	Series C Preferred Stock	5000000	000000000	N/A
0001493152-15-003220	1	Debt Securities	Convertible Notes	3	000000000	N/A
0001493152-15-003197	1	Preferred	NA	0	000000000	NA
0001493152-15-003197	1	Debt Securities	NA	0	000000000	NA
0001493152-15-003197	1	Common	Class A	28800801	000000000	NA
0001493152-15-002814	1	Debt Securities	NA	0	000000000	NA
0001493152-15-002814	1	Common	Class A	28800801	000000000	NA
0001493152-15-002814	1	Preferred	NA	0	000000000	NA
0001645471-15-000003	1	Preferred	0	0	0	0
0001645471-15-000003	1	Debt Securities	0	0	0	0
0001645471-15-000003	1	Common	0	0	0	0
0001144204-15-040446	1	Preferred	Series Seed	522784	N/A	N/A
0001144204-15-040446	1	Common	Common Stock	1123750	N/A	N/A
0001144204-15-040446	1	Debt Securities	N/A	0	N/A	N/A
