ACCESSION_NUMBER	EMP_ID	ISSUERNAME	JURISDICTIONORGANIZATION	YEARINCORPORATION	CIK	SICCODE	FULLTIMEEMPLOYEES	PARTTIMEEMPLOYEES
0001065949-16-000503	1	HYGEN INDUSTRIES, INC.	CA	2014	0001661116	4700	0	0
0001144204-16-126223	1	Fundrise West Coast Opportunistic REIT, LLC	DE	2015	0001660919	6798	0	0
0001144204-16-126217	1	Fundrise Midland Opportunistic REIT, LLC	DE	2015	0001661023	6798	0	0
0001144204-16-126210	1	Fundrise East Coast Opportunistic REIT, LLC	DE	2015	0001660918	6798	0	0
0001144204-16-126083	1	GROUNDFLOOR FINANCE INC.	GA	2013	0001588504	6199	22	0
0001193125-16-725703	1	COTTONWOOD MULTIFAMILY REIT II, INC.	MD	2016	0001677881	6798	0	0
0001193125-16-725455	1	Easton Pharmaceuticals Inc.	WY	1998	0001071272	2834	0	4
0001477932-16-012734	1	Madyson Equity Group, LP	CO	2016	0001672461	1700	0	5
0001654954-16-002437	1	HC Government Realty Trust, Inc.	MD	2016	0001670010	6512	0	0
0001477932-16-012725	1	GK INVESTMENT HOLDINGS, LLC	DE	2015	0001656108	6500	0	0
0001144204-16-125700	1	GROUNDFLOOR FINANCE INC.	GA	2013	0001588504	6199	22	0
0001671395-16-000003	1	AAA Healthcare Holding Corp	DE	2015	0001671395	8000	6	0
0001213900-16-017011	1	Fig Publishing, Inc.	DE	2015	0001658966	7372	2	0
0001144204-16-125234	1	Ziyen Inc	WY	2016	0001680101	7374	0	0
0001677331-16-000006	1	Viva Consulting Group Inc.	DE	2016	0001677331	4911	3	5
0001144204-16-125100	1	Fundrise West Coast Opportunistic REIT, LLC	DE	2015	0001660919	6798	0	0
0001144204-16-125098	1	Fundrise Midland Opportunistic REIT, LLC	DE	2015	0001661023	6798	0	0
0001144204-16-125095	1	Fundrise East Coast Opportunistic REIT, LLC	DE	2015	0001660918	6798	0	0
0001213900-16-016966	1	DatChat, Inc.	NV	2014	0001648960	4822	3	0
0001193125-16-718305	1	ManeGain, Inc.	TX	2007	0001603860	3841	3	2
0001680862-16-000004	1	Eco Waste Power Inc	AZ	2015	0001680862	4900	2	2
0001144204-16-124970	1	FUNDRISE REAL ESTATE INVESTMENT TRUST, LLC	DE	2015	0001645583	6798	0	0
0001678727-16-000011	1	WEB DEBT SOLUTIONS, LLC	TX	2014	0001678727	6199	3	1
0001654954-16-002336	1	VidAngel, Inc.	DE	2014	0001671941	7829	20	24
0001477932-16-012630	1	GK INVESTMENT HOLDINGS, LLC	DE	2015	0001656108	6500	0	0
0001671132-16-000007	1	HempTech Corp	NV	2014	0001671132	700	5	3
0001642079-16-000006	1	ARC287BC CORP	NJ	2015	0001642079	3790	1	3
0001193125-16-715137	1	XY - the Findables Company	DE	2016	0001577351	3670	11	8
0001644600-16-000189	1	iConsumer Corp.	DE	2010	0001652350	7380	2	0
0001644600-16-000187	1	UNATION, LLC	DE	2010	0001549679	4899	33	0
0001682391-16-000010	1	Sensory Performance Technology, Inc	DE	2016	0001682391	3949	2	2
0001144204-16-124384	1	FUNDRISE REAL ESTATE INVESTMENT TRUST, LLC	DE	2015	0001645583	6798	0	0
0001654954-16-002220	1	VidAngel, Inc.	DE	2014	0001671941	7829	20	24
0001673239-16-000029	1	MAYFLOWER INVESTMENT GROUP INC	WY	2016	0001673239	6500	0	2
0001654954-16-002216	1	HC Government Realty Trust, Inc.	MD	2016	0001670010	6512	0	0
0001640334-16-001685	1	YILOLIFE INC.	DE	2015	0001678097	8742	58	1
0001415889-16-007133	1	Stocosil Inc.	DE	2014	0001645554	2834	0	4
0001213900-16-016750	1	Fig Publishing, Inc.	DE	2015	0001658966	7372	2	0
0001677110-16-000014	1	Astics, Inc.	TX	2014	0001677110	7370	5	2
0001677092-16-000004	1	Alliance Freight Lines Inc	DE	2016	0001677092	4210	2	3
0001682391-16-000009	1	Sensory Performance Technology, Inc	DE	2016	0001682391	3949	2	2
0001144204-16-123541	1	GROUNDFLOOR FINANCE INC.	GA	2013	0001588504	6199	22	0
0001144204-16-123503	1	GROUNDFLOOR FINANCE INC.	GA	2013	0001588504	6199	22	0
0001678727-16-000010	1	WEB DEBT SOLUTIONS, LLC	TX	2014	0001678727	6199	3	1
0001684242-16-000001	1	Altys Group, Inc.	DE	2016	0001684242	3826	2	0
0001477932-16-012403	1	UNITED GROUP FUND, INC	DE	2015	0001646036	6798	1	0
0001214659-16-013618	1	YOBI CAPITAL FUND CORPORATION	DE	2015	0001658083	7389	1	12
0001681222-16-000004	1	StreamNet, Inc.	NV	2016	0001681343	4841	1	0
0001681222-16-000003	1	Hathaway Activated Carbon, Inc.	DE	2016	0001681222	3532	1	0
0001683499-16-000001	1	Digital 24, Inc.	FL	2015	0001683499	3572	3	0
0001671132-16-000006	1	HempTech Corp	NV	2014	0001671132	700	5	3
0001144204-16-122894	1	First Sentry Bancshares, Inc.	WV	2002	0001451432	6022	71	8
0001193125-16-700718	1	KeyStone Solutions, Inc.	DE	2016	0001670087	8742	29	0
0001477932-16-012367	1	PFG Fund	CO	2013	0001594139	6500	0	1
0001477932-16-012365	1	Madyson Equity Group, LP	CO	2016	0001672461	1700	0	5
0001437749-16-038286	1	Spotlight Capital Holdings, Inc	CO	1997	0001077319	7819	2	1
0001477932-16-012355	1	UNITED GROUP FUND, INC	DE	2015	0001646036	6798	1	0
0001671132-16-000003	1	HempTech Corp	NV	2014	0001671132	700	5	3
0001477932-16-012321	1	UNITED GROUP FUND, INC	DE	2015	0001646036	6798	1	0
0001477932-16-012308	1	XREAL, INC.	DE	2014	0001671988	7372	0	0
0001675426-16-000049	1	Sigmata Electronics, Inc.	DE	2016	0001675426	5731	0	2
0001658959-16-000011	1	Golden Pacific Homes, LLC	DE	2016	0001681796	6500	0	0
0001682391-16-000006	1	Sensory Performance Technology, Inc	DE	2016	0001682391	3949	2	2
0001144204-16-121631	1	GROUNDFLOOR FINANCE INC.	GA	2013	0001588504	6199	20	0
0001682391-16-000004	1	Sensory Performance Technology, Inc	DE	2016	0001682391	3949	2	2
0001010549-16-000706	1	JRD4256 ENTERPRISES LLC	TX	2016	0001672020	3949	5	0
0001680862-16-000003	1	Eco Waste Power Inc	AZ	2015	0001680862	4900	2	2
0001493152-16-012869	1	BioSculpture Technology, Inc.	DE	2001	0001606799	3845	1	4
0001680579-16-000004	1	Equity One Net Invest Inc	OR	2014	0001680579	8742	0	0
0001644600-16-000182	1	UNATION, LLC	DE	2010	0001549679	4899	33	0
0001682391-16-000002	1	Sensory Performance Technology, Inc	DE	2016	0001682391	3949	2	2
0001677110-16-000013	1	Astics, Inc.	TX	2014	0001677110	7370	5	2
0001079974-16-001550	1	Scottline Healthcare Solutions, Inc.	NV	2016	0001677899	8000	3	0
0001144204-16-120624	1	Ziyen Inc	WY	2016	0001680101	7374	0	0
0001144204-16-120639	1	First Sentry Bancshares, Inc.	WV	2002	0001451432	6022	71	8
0001193125-16-686861	1	Easton Pharmaceuticals Inc.	WY	1998	0001071272	2834	0	4
0001144204-16-120426	1	GROUNDFLOOR FINANCE INC.	GA	2013	0001588504	6199	20	0
0001493152-16-012672	1	Greenbelt Resources Corporation	NV	2001	0001442197	2860	2	0
0001673239-16-000028	1	MAYFLOWER INVESTMENT GROUP INC	WY	2016	0001673239	6500	0	2
0001477932-16-012100	1	Madyson Equity Group, LP	CO	2016	0001672461	1700	0	5
0001677331-16-000004	1	Viva Consulting Group Inc.	DE	2016	0001677331	4911	3	5
0001493152-16-012602	1	BioSculpture Technology, Inc.	DE	2001	0001606799	3845	1	4
0001477932-16-011968	1	ShiftPixy Inc.	WY	2015	0001675634	7361	26	3354
0001193125-16-682145	1	The Landrum Company	MO	1994	0001607582	6021	626	104
0001493152-16-012524	1	BioSculpture Technology, Inc.	DE	2001	0001606799	3845	1	4
0001193125-16-681557	1	The Landrum Company	MO	1994	0001607582	6021	626	104
0001144204-16-118820	1	HOMEUNION HOLDINGS, INC.	DE	2013	0001639241	6531	100	2
0001654954-16-001501	1	VidAngel, Inc.	DE	2014	0001671941	7829	20	24
0001506275-16-000008	1	Our Microlending LLC	FL	2007	0001506275	6199	3	1
0001104659-16-139302	1	MogulREIT I, LLC	DE	2016	0001669664	6798	0	0
0001658959-16-000010	1	Teraphysics Corp	DE	2004	0001318588	3679	7	3
0001214659-16-013132	1	YOBI CAPITAL FUND CORPORATION	DE	2015	0001658083	7389	1	12
0001477932-16-011759	1	United Group Fund, Inc	DE	2015	0001646036	6798	1	0
0001144204-16-118123	1	Novea Inc.	WY	2015	0001676823	7389	0	0
0001213900-16-015713	1	Fig Publishing, Inc.	DE	2015	0001658966	7372	2	0
0001644600-16-000178	1	iConsumer Corp.	DE	2010	0001652350	7380	2	0
0001675426-16-000034	1	Sigmata Electronics, Inc.	DE	2016	0001675426	5731	0	2
0001681222-16-000001	1	Hathaway Activated Carbon, Inc.	DE	2016	0001681222	3532	1	0
0001681524-16-000001	1	North Lion Holding Corp	DE	2014	0001681524	7997	2	0
0001144204-16-117826	1	Novea Inc.	WY	2015	0001676823	7389	0	0
0001449112-16-000008	1	PHOENIX FINANCIAL HOLDINGS INC	DE	2009	0001449112	5411	4	0
0001104659-16-137650	1	MogulREIT I, LLC	DE	2016	0001669664	6798	0	0
0001657737-16-000012	1	AdvantaMeds Solutions USA Fund I, Inc.	NV	2015	0001657737	5912	0	4
0001144204-16-116832	1	GROUNDFLOOR FINANCE INC.	GA	2013	0001588504	6199	20	0
0001493152-16-012031	1	BioSculpture Technology, Inc.	DE	2001	0001606799	3845	1	4
0001079974-16-001462	1	Scottline Healthcare Solutions, Inc.	NV	2016	0001677899	8000	3	0
0001678727-16-000009	1	WEB DEBT SOLUTIONS, LLC	TX	2014	0001678727	6199	3	1
0001065949-16-000470	1	HYGEN INDUSTRIES, INC.	CA	2014	0001661116	4700	0	0
0001579586-16-000020	1	Finger Lakes Region Rural Broadband Company, Inc.	NY	2013	0001579586	7380	1	9
0001144204-16-116387	1	Novea Inc.	WY	2015	0001676823	7389	0	0
0001079974-16-001459	1	Scottline Healthcare Solutions, Inc.	NV	2016	0001677899	8000	3	0
0001673430-16-000012	1	EPIC Medicor Corp	CO	2010	0001673430	3140	1	1
0001681343-16-000001	1	StreamNet, Inc.	NV	2016	0001681343	4841	1	0
0001144204-16-116086	1	Medivie USA Inc.	NV	2016	0001677885	5047	0	3
0001671132-16-000001	1	HempTech Corp	NV	2014	0001671132	700	5	3
0001193125-16-668150	1	The Landrum Company	MO	1994	0001607582	6021	626	104
0001579586-16-000019	1	Finger Lakes Region Rural Broadband Company, Inc.	NY	2013	0001579586	7380	1	9
0001654954-16-001034	1	HC Government Realty Trust, Inc.	MD	2016	0001670010	6512	0	0
0001673430-16-000011	1	EPIC Medicor Corp	CO	1997	0001673430	3140	1	1
0001193125-16-662414	1	Blue Ridge Bankshares, Inc.	VA	1988	0000842717	6022	42	6
0001671084-16-000007	1	Pikon Group Inc.	WY	2016	0001671084	6500	0	3
0001680862-16-000001	1	Eco Waste Power Inc	AZ	2015	0001680862	4900	2	2
0001213900-16-015287	1	AWA Group LP	DE	2015	0001645148	6282	2	0
0001678727-16-000006	1	WEB DEBT SOLUTIONS, LLC	TX	2014	0001678727	6199	3	1
0001657737-16-000010	1	AdvantaMeds Solutions USA Fund I, Inc.	NV	2015	0001657737	100	0	2
0001677159-16-000003	1	Bofat Investment Inc	DE	2016	0001677159	7389	1	2
0001144204-16-114202	1	GROUNDFLOOR FINANCE INC.	GA	2013	0001588504	6199	20	0
0001646269-16-000019	1	BREWDOG USA INC.	DE	2015	0001646269	2080	1	0
0001144204-16-113999	1	Ziyen Inc	WY	2016	0001680101	7374	0	0
0001193125-16-653546	1	XY - the Findables Company	DE	2016	0001577351	3670	14	3
0001677110-16-000012	1	Astics, Inc.	TX	2014	0001677110	7370	5	2
0001673430-16-000009	1	EPIC Medicor Corp	CO	2010	0001673430	3140	1	1
0001104659-16-133316	1	MogulREIT I, LLC	DE	2016	0001669664	6798	0	0
0001646269-16-000018	1	BREWDOG USA INC.	DE	2015	0001646269	2080	1	0
0001193125-16-649459	1	KeyStone Solutions, Inc.	DE	2016	0001670087	8742	29	0
0001174947-16-002881	1	First Colebrook Bancorp, Inc.	DE	1984	0000763982	6022	63	12
0001144204-16-113146	1	GROUNDFLOOR FINANCE INC.	GA	2013	0001588504	6199	19	0
0001214659-16-012685	1	YOBI CAPITAL FUND CORPORATION	DE	2015	0001658083	7389	1	12
0001675426-16-000020	1	Sigmata Electronics, Inc.	DE	2016	0001675426	5731	0	2
0001677331-16-000002	1	Viva Consulting Group Inc.	DE	2016	0001677331	4911	3	5
0001144204-16-112941	1	First Sentry Bancshares, Inc.	WV	2002	0001451432	6022	71	8
0001065949-16-000454	1	HYGEN INDUSTRIES, INC.	CA	2014	0001661116	4700	0	0
0001644600-16-000167	1	iConsumer Corp.	DE	2010	0001652350	7380	2	0
0001678727-16-000003	1	WEB DEBT SOLUTIONS, LLC	TX	2014	0001678727	6199	3	1
0001673239-16-000024	1	MAYFLOWER INVESTMENT GROUP INC	WY	2016	0001673239	6500	0	2
0001144204-16-112275	1	Medalist Diversified REIT, Inc.	MD	2015	0001654595	6510	2	0
0001644600-16-000165	1	iConsumer Corp.	DE	2010	0001652350	7380	2	0
0001144204-16-112245	1	NewsBeat Social, Inc.	DE	2012	0001661424	7380	30	0
0001193125-16-644284	1	Blue Ridge Bankshares, Inc.	VA	1988	0000842717	6022	42	6
0001579586-16-000018	1	Finger Lakes Region Rural Broadband Company, Inc.	NY	2013	0001579586	7380	1	9
0001144204-16-111941	1	GROUNDFLOOR FINANCE INC.	GA	2013	0001588504	6199	19	0
0001644600-16-000163	1	XTI Aircraft Co	DE	2012	0001638850	3721	0	0
0001675426-16-000017	1	Weed Real Estate, Inc.	NV	2015	0001643584	6512	0	1
0001579586-16-000017	1	Finger Lakes Region Rural Broadband Company, Inc.	NY	2013	0001579586	7380	1	9
0001644600-16-000161	1	XTI Aircraft Co	DE	2012	0001638850	3721	0	0
0001657737-16-000009	1	AdvantaMeds Solutions USA Fund I, Inc.	NV	2015	0001657737	5912	0	4
0001144204-16-111624	1	GROUNDFLOOR FINANCE INC.	GA	2013	0001588504	6199	19	0
0001640334-16-001301	1	YILOLIFE INC.	DE	2015	0001678097	8742	58	1
0001079974-16-001397	1	Scottline Healthcare Solutions, Inc.	NV	2016	0001677899	8000	3	0
0001646269-16-000017	1	BREWDOG USA INC.	DE	2015	0001646269	2080	1	0
0001677092-16-000002	1	Alliance Freight Lines Inc	DE	2016	0001677092	4210	2	3
0001493152-16-011222	1	BioSculpture Technology, Inc.	DE	2001	0001606799	3845	1	4
0001144204-16-110990	1	Novea Inc.	WY	2015	0001676823	7389	0	0
