ACCESSION_NUMBER	FORMINDICATION	ISSUERNAME	FISCALYEAREND	STREET1	STREET2	CITY	STATEORCOUNTRY	ZIPCODE	PHONENUMBER	REGARULE257
0001477932-16-012593	Annual Report		31-DEC-2015	8236 REMMET AVE.		CANOGA PARK	CA	91304	818-349-2870	false
0001144204-16-123185	Special Financial Report for the fiscal year		31-DEC-2015	1519 Connecticut Ave. NW, Suite 200		Washington	DC	20036	202-584-0550	true
0001644600-16-000171	Annual Report		31-MAR-2016	1826 KRAMER LANE, SUITE H		AUSTIN	TX	78758	832-260-3337	false
0001214659-16-012705	Annual Report		31-DEC-2015	2942 N 24TH ST	SUITE 114-700	PHOENIX	AZ	85016	480-500-6800	false
0001104659-16-131746		First Light Bancorp		20 NW 4th Street	Suite 101	Evansville	IN	47708	812-492-1800	
0001161697-16-000953	Special Financial Report for the fiscal year		31-DEC-2015	400 NORTH TAMPA STREET	SUITE 2660	TAMPA	FL	33602	813-282-6000	true
0001644600-16-000159	Special Financial Report for the fiscal year		31-DEC-2015	205 EAST 42ND ST. 17TH FLOOR		NEW YORK	NY	10017	212-348-8238	true
