ACCESSION_NUMBER	ED_ID	TYPE	NAME	OUTSTANDING	CUSIP	PUBLICYTRADED
0001065949-16-000503	1	Preferred		0		
0001065949-16-000503	1	Common	Common Equity	10000000	N/A	N/A
0001065949-16-000503	1	Debt Securities		0		
0001144204-16-126223	1	Preferred	N/A	0	000000000	N/A
0001144204-16-126223	1	Debt Securities	N/A	0	000000000	N/A
0001144204-16-126223	1	Common	Common Shares	500	000000000	N/A
0001144204-16-126217	1	Common	Common Shares	500	000000000	N/A
0001144204-16-126217	1	Debt Securities	N/A	0	000000000	N/A
0001144204-16-126217	1	Preferred	N/A	0	000000000	N/A
0001144204-16-126210	1	Preferred	N/A	0	000000000	N/A
0001144204-16-126210	1	Common	Common Shares	500	000000000	N/A
0001144204-16-126210	1	Debt Securities	N/A	0	000000000	N/A
0001144204-16-126083	1	Common	Common Stock	1123750	000000N/A	N/A
0001144204-16-126083	1	Debt Securities	N/A - excludes LROs	0	000000N/A	N/A
0001144204-16-126083	2	Preferred	Series A Preferred Stock	747373	000000N/A	N/A
0001144204-16-126083	1	Preferred	Series Seed	568796	000000N/A	N/A
0001193125-16-725703	1	Debt Securities	N/A	0	000000000	N/A
0001193125-16-725703	1	Preferred	N/A	0	000000000	N/A
0001193125-16-725703	1	Common	N/A	1000	000000000	N/A
0001193125-16-725455	1	Debt Securities	N/A	0	000000000	N/A
0001193125-16-725455	1	Preferred	N/A	0	000000000	N/A
0001193125-16-725455	1	Common	Common Shares	932728571	92763N202	N/A
0001477932-16-012734	1	Preferred		0		
0001477932-16-012734	1	Common	General Partner Interests	0	None	None
0001477932-16-012734	1	Debt Securities		0		
0001654954-16-002437	1	Common	Common Stock	200000	000000000	N/A
0001654954-16-002437	1	Debt Securities	N/A	0	000000000	N/A
0001654954-16-002437	1	Preferred	Series A	144500	000000000	N/A
0001477932-16-012725	1	Debt Securities		0		
0001477932-16-012725	1	Preferred		0		
0001477932-16-012725	2	Common	Class B Units	123389730	None	None
0001477932-16-012725	1	Common	Class A Units	123389730	None	None
0001144204-16-125700	2	Preferred	Series A Preferred Stock	747373	000000N/A	N/A
0001144204-16-125700	1	Preferred	Series Seed	568796	000000N/A	N/A
0001144204-16-125700	1	Common	Common Stock	1123750	000000N/A	N/A
0001144204-16-125700	1	Debt Securities	N/A - excludes LROs	0	000000N/A	N/A
0001671395-16-000003	1	Common	Common	47000000	na	not applicable
0001671395-16-000003	1	Debt Securities		0		
0001671395-16-000003	1	Preferred		0		
0001213900-16-017011	1	Debt Securities	-	0	000000000	-
0001213900-16-017011	1	Common	-	1000000	000000000	-
0001213900-16-017011	1	Preferred	-	0	000000000	-
0001144204-16-125234	1	Preferred	N/A	0	000000000	N/A
0001144204-16-125234	1	Common	Common Stock	11000000	000000000	N/A
0001144204-16-125234	1	Debt Securities	N/A	0	000000000	N/A
0001677331-16-000006	1	Preferred	None	0	na	
0001677331-16-000006	1	Debt Securities	none	0	NA	
0001677331-16-000006	1	Common	common stock	15000000	NA	na
0001144204-16-125100	1	Common	Common Shares	500	000000000	N/A
0001144204-16-125100	1	Preferred	N/A	0	000000000	N/A
0001144204-16-125100	1	Debt Securities	N/A	0	000000000	N/A
0001144204-16-125098	1	Preferred	N/A	0	000000000	N/A
0001144204-16-125098	1	Debt Securities	N/A	0	000000000	N/A
0001144204-16-125098	1	Common	Common Shares	500	000000000	N/A
0001144204-16-125095	1	Debt Securities	N/A	0	000000000	N/A
0001144204-16-125095	1	Preferred	N/A	0	000000000	N/A
0001144204-16-125095	1	Common	Common Shares	500	000000000	N/A
0001213900-16-016966	1	Preferred	Series A	1	000000000	None
0001213900-16-016966	1	Common	Common Stock	12775000	000000000	None
0001213900-16-016966	1	Debt Securities	None	0	000000000	N/A
0001193125-16-718305	1	Debt Securities	n/a	0	000000000	n/a
0001193125-16-718305	1	Common	n/a	3441667	000000000	n/a
0001193125-16-718305	1	Preferred	Series A Preferred Stock	0	000000000	n/a
0001680862-16-000004	1	Common	common stock	15000000	n/a	n/a
0001680862-16-000004	1	Preferred	none	0	n/a	
0001680862-16-000004	1	Debt Securities	Note	0	n/a	
0001144204-16-124970	1	Debt Securities	N/A	0	000000N/A	N/A
0001144204-16-124970	1	Preferred	N/A	0	000000N/A	N/A
0001144204-16-124970	1	Common	Common Shares	1017178	000000N/A	N/A
0001678727-16-000011	1	Common		0		
0001678727-16-000011	1	Debt Securities		0		
0001678727-16-000011	1	Preferred		0		
0001654954-16-002336	1	Common	Class A	18008908	000000000	N/A
0001654954-16-002336	1	Preferred	Class B	0	000000000	N/A
0001654954-16-002336	1	Debt Securities	N/A	0	000000000	N/A
0001477932-16-012630	1	Debt Securities		0		
0001477932-16-012630	1	Preferred		0		
0001477932-16-012630	2	Common	Class B Units	123389730	None	None
0001477932-16-012630	1	Common	Class A Units	123389730	None	None
0001671132-16-000007	1	Common	Common	52103058	42470P107	OTC Markets
0001671132-16-000007	1	Preferred		0		
0001642079-16-000006	1	Common	0	0	0	
0001642079-16-000006	1	Preferred	0	0		
0001193125-16-715137	1	Debt Securities	Debt Securities	0	000000000	n/a
0001193125-16-715137	1	Preferred	Preferred Equity	0	000000000	n/a
0001671132-16-000007	1	Debt Securities		0		
0001642079-16-000006	1	Debt Securities	0	0		
0001193125-16-715137	1	Common	Class B common stock	32670627	000000000	n/a
0001644600-16-000189	1	Common	Common	100000000	N/A	N/A
0001644600-16-000189	1	Preferred	Preferred	100000000	N/A	N/A
0001644600-16-000189	1	Debt Securities		0		
0001644600-16-000187	1	Common	Series A Units	2000000	N/A	N/A
0001644600-16-000187	1	Debt Securities	0	0	N/A	N/A
0001644600-16-000187	1	Preferred	Series B Units	3298916	N/A	N/A
0001682391-16-000010	1	Debt Securities		0		
0001682391-16-000010	1	Common	Common	3825000	18861200	SPTX
0001682391-16-000010	1	Preferred	Preferred	575	61200	SPTX
0001144204-16-124384	1	Common	Common Shares	1017178	000000N/A	N/A
0001144204-16-124384	1	Debt Securities	N/A	0	000000N/A	N/A
0001144204-16-124384	1	Preferred	N/A	0	000000N/A	N/A
0001654954-16-002216	1	Common	Common Stock	200000	000000000	N/A
0001654954-16-002216	1	Preferred	Series A	144500	000000000	N/A
0001673239-16-000029	1	Common	Common	5000000	000000000	NONE
0001673239-16-000029	1	Preferred	Preferred	200000	000000000	NONE
0001654954-16-002220	1	Debt Securities	N/A	0	000000000	N/A
0001654954-16-002220	1	Preferred	Class B	0	000000000	N/A
0001654954-16-002216	1	Debt Securities	N/A	0	000000000	N/A
0001673239-16-000029	1	Debt Securities		0		
0001654954-16-002220	1	Common	Class A	18008908	000000000	N/A
0001640334-16-001685	1	Common	Class A Common Stock	180000000	N/A	N/A
0001640334-16-001685	1	Debt Securities		0		
0001640334-16-001685	1	Preferred		0		
0001640334-16-001685	2	Common	Class B Common Stock	2000	N/A	N/A
0001415889-16-007133	1	Common	Common stock	4454545	n/a	n/a
0001415889-16-007133	1	Preferred	n/a	0	n/a	n/a
0001415889-16-007133	1	Debt Securities	Convertible notes	1466000	n/a	n/a
0001213900-16-016750	1	Debt Securities	-	0	000000000	-
0001213900-16-016750	1	Preferred	-	0	000000000	-
0001213900-16-016750	1	Common	-	1000000	000000000	-
0001677110-16-000014	1	Common	Common	15000000	none	none
0001677110-16-000014	1	Preferred	none	0	none	none
0001677110-16-000014	1	Debt Securities	Notes	0	none	none
0001677092-16-000004	1	Preferred	n/a	0		
0001677092-16-000004	1	Debt Securities	n/a	0		
0001677092-16-000004	1	Common	Common	15000000	n/a	n/a
0001682391-16-000009	1	Debt Securities		0		
0001682391-16-000009	1	Preferred	Preferred	575	61200	SPTX
0001682391-16-000009	1	Common	Common	3825000	18861200	SPTX
0001144204-16-123541	1	Common	Common Stock	1123750	000000N/A	N/A
0001144204-16-123541	1	Preferred	Series Seed	568796	000000N/A	N/A
0001144204-16-123541	2	Preferred	Series A Preferred Stock	747373	000000N/A	N/A
0001144204-16-123541	1	Debt Securities	N/A - excludes LROs	0	000000N/A	N/A
0001144204-16-123503	1	Common	Common Stock	1123750	000000N/A	N/A
0001144204-16-123503	1	Debt Securities	N/A - excludes LROs	0	000000N/A	N/A
0001144204-16-123503	1	Preferred	Series Seed	568796	000000N/A	N/A
0001144204-16-123503	2	Preferred	Series A Preferred Stock	747373	000000N/A	N/A
0001678727-16-000010	1	Preferred		0		
0001678727-16-000010	1	Common		0		
0001678727-16-000010	1	Debt Securities		0		
0001684242-16-000001	1	Common	Common Stock	1000000	None	Common Stock
0001684242-16-000001	1	Preferred	Preferred Stock	0	None	Preferred Stock
0001684242-16-000001	1	Debt Securities		0	None	
0001477932-16-012403	1	Common		0		
0001477932-16-012403	1	Debt Securities		0		
0001477932-16-012403	1	Preferred	Preferred Stock	2250000	N/A	N/A
0001214659-16-013618	1	Debt Securities	None	0	000000000	None
0001214659-16-013618	1	Preferred	None	0	000000000	None
0001214659-16-013618	1	Common	Class A Common Stock	41722222	000000000	None
0001681222-16-000004	1	Common	Common Stock	22000000	None	Common Stock
0001681222-16-000004	1	Preferred		0		
0001681222-16-000004	1	Debt Securities		0		
0001681222-16-000003	1	Preferred	Preferred Stock	0	None	Preferred Stock
0001681222-16-000003	1	Debt Securities		0	None	
0001681222-16-000003	1	Common	Common Stock	1000000	None	Common Stock
0001683499-16-000001	1	Common	Common Stock	620000	None	Common Stock
0001683499-16-000001	1	Debt Securities		0	None	
0001683499-16-000001	1	Preferred	Preferred Stock	200000	None	Preferred Stock
0001671132-16-000006	1	Preferred		0		
0001671132-16-000006	1	Common	Common	52103058	42470P107	OTC Markets
0001671132-16-000006	1	Debt Securities		0		
0001144204-16-122894	1	Preferred	N/A	0	000000000	N/A
0001144204-16-122894	1	Debt Securities	N/A	0	000000000	N/A
0001144204-16-122894	1	Common	Common	1437851	3364OY102	OTC Pink
0001193125-16-700718	1	Preferred	Series A Preferred Stock	0	000000000	N/A
0001193125-16-700718	1	Common	N/A	5000000	000000000	N/A
0001193125-16-700718	1	Debt Securities	N/A	0	000000000	N/A
0001477932-16-012367	1	Debt Securities		0		
0001477932-16-012367	1	Preferred		0		
0001477932-16-012367	1	Common		0		
0001477932-16-012365	1	Common	General Partner Interests	0	None	None
0001477932-16-012365	1	Preferred		0		
0001477932-16-012365	1	Debt Securities		0		
0001437749-16-038286	1	Preferred	Preferred Equity	4900000	N/A	N/A
0001437749-16-038286	1	Common	Common Equity	9382219	842205109	OTC-PINK
0001437749-16-038286	1	Debt Securities		0		
0001477932-16-012355	1	Debt Securities		0		
0001477932-16-012355	1	Common		0		
0001477932-16-012355	1	Preferred	Preferred Stock	2250000	N/A	N/A
0001671132-16-000003	1	Preferred		0		
0001671132-16-000003	1	Common	Common	52103058	42470P107	OTC Markets
0001671132-16-000003	1	Debt Securities		0		
0001477932-16-012321	1	Common		0		
0001477932-16-012321	1	Preferred	Preferred Stock	2250000	N/A	N/A
0001477932-16-012321	1	Debt Securities		0		
0001477932-16-012308	1	Preferred		0		
0001477932-16-012308	1	Debt Securities		0		
0001477932-16-012308	1	Common	Common Equity	10000000	N/A	N/A
0001675426-16-000049	1	Debt Securities	none	0	000000000	none
0001675426-16-000049	1	Preferred	preferred stock	0	000000000	none
0001675426-16-000049	1	Common	common stock	40000000	000000000	none
0001658959-16-000011	1	Preferred	None	0	0	NONE
0001658959-16-000011	1	Common	None	0	0	NONE
0001658959-16-000011	1	Debt Securities	None	0	0	None
0001682391-16-000006	1	Preferred	Preferred	575	61200	SPTX
0001682391-16-000006	1	Debt Securities		0		
0001682391-16-000006	1	Common	Common	3825000	18861200	SPTX
0001144204-16-121631	1	Common	Common Stock	1123750	000000N/A	N/A
0001144204-16-121631	1	Debt Securities	N/A - excludes LROs	0	000000N/A	N/A
0001144204-16-121631	2	Preferred	Series A Preferred Stock	747373	000000N/A	N/A
0001144204-16-121631	1	Preferred	Series Seed	568796	000000N/A	N/A
0001682391-16-000004	1	Preferred	Preferred	575	61200	SPTX
0001682391-16-000004	1	Common	Common	3825000	18861200	SPTX
0001682391-16-000004	1	Debt Securities		0		
0001010549-16-000706	1	Common		0		
0001010549-16-000706	1	Preferred		0		
0001010549-16-000706	1	Debt Securities		0		
0001680862-16-000003	1	Debt Securities	Note	0	n/a	
0001680862-16-000003	1	Preferred	none	0	n/a	
0001680862-16-000003	1	Common	common stock	15000000	n/a	n/a
0001493152-16-012869	1	Common	Common stock	6100454	000000N/A	None
0001493152-16-012869	1	Preferred	Preferred stock	0	000000N/A	None
0001493152-16-012869	1	Debt Securities	Mezzanine Convertible Bonds	122100	000000N/A	None
0001680579-16-000004	1	Debt Securities		0		
0001680579-16-000004	1	Preferred		0		
0001680579-16-000004	1	Common	common stock	3000000	0000	N/A
0001644600-16-000182	1	Common	Series A Units	2000000	N/A	N/A
0001644600-16-000182	1	Preferred	Series B Units	3298916	N/A	N/A
0001644600-16-000182	1	Debt Securities	0	0	N/A	N/A
0001682391-16-000002	1	Preferred	Preferred	575	61200	SPTX
0001677110-16-000013	1	Debt Securities	Notes	0	none	none
0001682391-16-000002	1	Debt Securities		0		
0001682391-16-000002	1	Common	Common	3825000	18861200	SPTX
0001677110-16-000013	1	Preferred	none	0	none	none
0001677110-16-000013	1	Common	Common	15000000	none	none
0001079974-16-001550	1	Debt Securities	None	0	000000000	
0001079974-16-001550	1	Preferred	Preferred Stock	0	000000000	none
0001079974-16-001550	1	Common	Common Stock	15000000	000000000	none
0001144204-16-120624	1	Debt Securities	N/A	0	000000000	N/A
0001144204-16-120639	1	Debt Securities	N/A	0	000000000	N/A
0001144204-16-120639	1	Preferred	N/A	0	000000000	N/A
0001144204-16-120624	1	Preferred	N/A	0	000000000	N/A
0001144204-16-120624	1	Common	Common Stock	11000000	000000000	N/A
0001144204-16-120639	1	Common	Common	1437851	3364OY102	OTC Pink
0001193125-16-686861	1	Debt Securities	N/A	0	000000000	N/A
0001193125-16-686861	1	Common	Common Shares	932728571	92763N202	N/A
0001193125-16-686861	1	Preferred	N/A	0	000000000	N/A
0001144204-16-120426	2	Preferred	Series A Preferred Stock	747373	000000N/A	N/A
0001144204-16-120426	1	Debt Securities	N/A - excludes LROs	0	000000N/A	N/A
0001144204-16-120426	1	Common	Common Stock	1123750	000000N/A	N/A
0001144204-16-120426	1	Preferred	Series Seed	568796	000000N/A	N/A
0001493152-16-012672	1	Common	Common Stock	281530717	910226109	OTC Markets Group (1)
0001493152-16-012672	2	Preferred	Series C Preferred Stock	5000000	000000000	N/A
0001493152-16-012672	1	Preferred	Series B Preferred Stock	5000000	000000000	N/A
0001493152-16-012672	1	Debt Securities	Convertible Notes	7	000000000	N/A
0001673239-16-000028	1	Debt Securities		0		
0001477932-16-012100	1	Debt Securities		0		
0001673239-16-000028	1	Preferred	Preferred	200000	000000000	NONE
0001673239-16-000028	1	Common	Common	5000000	000000000	NONE
0001477932-16-012100	1	Preferred		0		
0001477932-16-012100	1	Common	General Partner Interests	0	None	None
0001677331-16-000004	1	Common	common stock	15000000	NA	na
0001677331-16-000004	1	Debt Securities	none	0	NA	
0001677331-16-000004	1	Preferred	None	0	na	
0001493152-16-012602	1	Preferred	Preferred stock	0	000000N/A	None
0001493152-16-012602	1	Common	Common stock	6100454	000000N/A	None
0001493152-16-012602	1	Debt Securities	Mezzanine Convertible Bonds	122100	000000N/A	None
0001477932-16-011968	1	Common	Common Equity	52429600	None	None
0001477932-16-011968	1	Debt Securities		0		
0001477932-16-011968	1	Preferred		0		
0001493152-16-012524	1	Debt Securities	Mezzanine Convertible Bonds	122100	000000N/A	None
0001193125-16-682145	1	Debt Securities	Landrum Statutory Trust IV	25774	000000000	N/A
0001493152-16-012524	1	Preferred	Preferred stock	0	000000N/A	None
0001193125-16-682145	1	Preferred	Series E Preferred Stock	0	000000000	N/A
0001193125-16-682145	1	Common	Class A Voting Common Stock	582875	000000000	N/A
0001493152-16-012524	1	Common	Common stock	6100454	000000N/A	None
0001193125-16-681557	1	Common	Class A Voting Common Stock	582875	000000000	N/A
0001193125-16-681557	1	Debt Securities	Landrum Statutory Trust IV	25774	000000000	N/A
0001193125-16-681557	1	Preferred	Series E Preferred Stock	0	000000000	N/A
0001144204-16-118820	1	Preferred	Preferred Stock	30528485	000000N/A	N/A
0001144204-16-118820	1	Debt Securities	Convertible Notes	12358500	000000N/A	N/A
0001144204-16-118820	1	Common	Common Stock	12269674	000000N/A	N/A
0001654954-16-001501	1	Common	Class A	18008908	000000000	N/A
0001654954-16-001501	1	Preferred	Class B	0	000000000	N/A
0001654954-16-001501	1	Debt Securities	N/A	0	000000000	N/A
0001506275-16-000008	1	Common		0		
0001506275-16-000008	1	Preferred		0		
0001506275-16-000008	1	Debt Securities		0		
0001104659-16-139302	1	Debt Securities		0		
0001104659-16-139302	1	Common	common shares	250	N/A	N/A
0001104659-16-139302	1	Preferred		0		
0001658959-16-000010	1	Common	Common Stock	63343148	0	NONE
0001658959-16-000010	1	Debt Securities	None	0	0	None
0001658959-16-000010	1	Preferred	Preferred Equity	313000	0	NONE
0001214659-16-013132	1	Preferred	None	0	000000000	None
0001214659-16-013132	1	Debt Securities	None	0	000000000	None
0001214659-16-013132	1	Common	Class A Common Stock	41722222	000000000	None
0001477932-16-011759	1	Common		0		
0001477932-16-011759	1	Preferred	Preferred Stock	2250000	None	None
0001477932-16-011759	1	Debt Securities		0		
0001144204-16-118123	1	Common	Common Stock	14000000	000000N/A	N/A
0001144204-16-118123	1	Preferred	N/A	0	000000N/A	N/A
0001213900-16-015713	1	Common	-	1000000	000000000	-
0001144204-16-118123	1	Debt Securities	N/A	0	000000N/A	N/A
0001213900-16-015713	1	Debt Securities	-	0	000000000	-
0001213900-16-015713	1	Preferred	-	0	000000000	-
0001644600-16-000178	1	Debt Securities		0		
0001644600-16-000178	1	Common	Common	100000000	N/A	N/A
0001644600-16-000178	1	Preferred	Preferred	100000000	N/A	N/A
0001675426-16-000034	1	Preferred	preferred stock	0	000000000	none
0001675426-16-000034	1	Debt Securities	none	0	000000000	none
0001675426-16-000034	1	Common	common stock	40000000	000000000	none
0001681222-16-000001	1	Common	Common Stock	1000000	None	Common Stock
0001681222-16-000001	1	Preferred	Preferred Stock	0	None	Preferred Stock
0001681222-16-000001	1	Debt Securities		0	None	
0001144204-16-117826	1	Debt Securities	N/A	0	000000N/A	N/A
0001681524-16-000001	1	Preferred		0		
0001144204-16-117826	1	Preferred	N/A	0	000000N/A	N/A
0001681524-16-000001	1	Common	Common Stock	20000000	None	Common Stock
0001144204-16-117826	1	Common	Common Stock	14000000	000000N/A	N/A
0001681524-16-000001	1	Debt Securities		0		
0001449112-16-000008	1	Common	Common Stock	24000000	None	Common Stock
0001449112-16-000008	1	Debt Securities	None	0	None	None
0001449112-16-000008	1	Preferred	Convertible Preferred	0	None	Convertible Preferred Stock (Cumulative)
0001104659-16-137650	1	Preferred		0		
0001104659-16-137650	1	Common	common shares	250	N/A	N/A
0001104659-16-137650	1	Debt Securities		0		
0001657737-16-000012	1	Preferred	Preferred Stock	0	None	Preferred Stock
0001657737-16-000012	1	Debt Securities		0	None	
0001657737-16-000012	1	Common	Common Stock	36000000	None	Common Stock
0001144204-16-116832	1	Common	Common Stock	1123750	000000N/A	N/A
0001144204-16-116832	1	Debt Securities	N/A - excludes LROs	0	000000N/A	N/A
0001144204-16-116832	2	Preferred	Series A Preferred Stock	747373	000000N/A	N/A
0001144204-16-116832	1	Preferred	Series Seed	568796	000000N/A	N/A
0001493152-16-012031	1	Preferred	Preferred stock	0	000000N/A	None
0001493152-16-012031	1	Common	Common stock	6100454	000000N/A	None
0001493152-16-012031	1	Debt Securities	Mezzanine Convertible Bonds	122100	000000N/A	None
0001079974-16-001462	1	Preferred	Preferred Stock	0	000000000	none
0001079974-16-001462	1	Common	Common Stock	15000000	000000000	none
0001079974-16-001462	1	Debt Securities	None	0	000000000	
0001678727-16-000009	1	Preferred		0		
0001678727-16-000009	1	Debt Securities		0		
0001678727-16-000009	1	Common		0		
0001065949-16-000470	1	Common	Common Equity	10000000	N/A	N/A
0001065949-16-000470	1	Preferred		0		
0001065949-16-000470	1	Debt Securities		0		
0001579586-16-000020	1	Common	common voting	200000	0	0
0001579586-16-000020	1	Preferred	0	0	0	0
0001579586-16-000020	1	Debt Securities	0	0	0	0
0001144204-16-116387	1	Common	Common Stock	14000000	000000N/A	N/A
0001144204-16-116387	1	Preferred	N/A	0	000000N/A	N/A
0001144204-16-116387	1	Debt Securities	N/A	0	000000N/A	N/A
0001079974-16-001459	1	Preferred	Preferred Stock	0	000000000	none
0001079974-16-001459	1	Common	Common Stock	15000000	000000000	none
0001079974-16-001459	1	Debt Securities	None	0	000000000	
0001673430-16-000012	1	Preferred	Preferred	0	None	None
0001673430-16-000012	1	Debt Securities	None	0	None	None
0001673430-16-000012	1	Common	Common Stock	5000000	None	None
0001681343-16-000001	1	Common	Common Stock	22000000	None	Common Stock
0001681343-16-000001	1	Debt Securities		0		
0001681343-16-000001	1	Preferred		0		
0001144204-16-116086	1	Preferred	Preferred Stock	0	000000000	N/A
0001144204-16-116086	1	Common	Common Stock	18000000	000000000	N/A
0001144204-16-116086	1	Debt Securities	N/A	0	000000000	N/A
0001671132-16-000001	1	Debt Securities		0		
0001671132-16-000001	1	Common	Common	52103058	42470P107	OTC Markets
0001671132-16-000001	1	Preferred		0		
0001193125-16-668150	1	Common	Class A Voting Common Stock	582875	000000000	N/A
0001193125-16-668150	1	Debt Securities	Landrum Statutory Trust IV	25774	000000000	N/A
0001193125-16-668150	1	Preferred	Series E Preferred Stock	0	000000000	N/A
0001579586-16-000019	1	Preferred	0	0	0	0
0001579586-16-000019	1	Debt Securities	0	0	0	0
0001579586-16-000019	1	Common	common voting	200000	0	0
0001654954-16-001034	1	Debt Securities	N/A	0	000000000	N/A
0001654954-16-001034	1	Preferred	Series A	144500	000000000	N/A
0001654954-16-001034	1	Common	Common Stock	200000	000000000	N/A
0001673430-16-000011	1	Common	Common Stock	5000000	None	None
0001673430-16-000011	1	Preferred	Preferred	0	None	None
0001673430-16-000011	1	Debt Securities	None	0	None	None
0001193125-16-662414	1	Preferred	N/A	0	000000000	N/A
0001193125-16-662414	1	Debt Securities	Subordinated Notes Due 2025	14	Various	N/A
0001193125-16-662414	1	Common	Common	1401511	095825105	OTC Pink marketplace
0001671084-16-000007	1	Preferred		0		
0001671084-16-000007	1	Common	Common	15000000	na	na
0001671084-16-000007	1	Debt Securities		0		
0001680862-16-000001	1	Debt Securities	Note	0	n/a	
0001680862-16-000001	1	Common	common stock	15000000	n/a	n/a
0001680862-16-000001	1	Preferred	none	0	n/a	
0001213900-16-015287	1	Debt Securities	Class M Units	1050000	000000000	None
0001213900-16-015287	1	Common	Class A Common Units	2001378	000000000	None
0001213900-16-015287	1	Preferred	Class B Units	0	000000000	None
0001678727-16-000006	1	Preferred		0		
0001678727-16-000006	1	Debt Securities		0		
0001678727-16-000006	1	Common		0		
0001657737-16-000010	1	Common	Common Stock	36000000	None	Common Stock
0001657737-16-000010	1	Debt Securities		0	None	
0001657737-16-000010	1	Preferred	Preferred Stock	0	None	Preferred Stock
0001677159-16-000003	1	Debt Securities	NA	0	NA	NA
0001677159-16-000003	1	Common	Common	150000	NA	NA
0001677159-16-000003	1	Preferred	NA	0	0	NA
0001144204-16-114202	2	Preferred	Series A Preferred Stock	747373	000000N/A	N/A
0001144204-16-114202	1	Common	Common Stock	1123750	000000N/A	N/A
0001144204-16-114202	1	Debt Securities	N/A - excludes LROs	0	000000N/A	N/A
0001144204-16-114202	1	Preferred	Series Seed	568796	000000N/A	N/A
0001646269-16-000019	1	Preferred		0		
0001646269-16-000019	1	Debt Securities		0		
0001646269-16-000019	1	Common	Common Stock	6315789	N/A	N/A
0001144204-16-113999	1	Debt Securities	N/A	0	000000000	N/A
0001144204-16-113999	1	Preferred	N/A	0	000000000	N/A
0001144204-16-113999	1	Common	Common Stock	11000000	000000000	N/A
0001193125-16-653546	1	Common	Class B common stock	32670627	000000000	n/a
0001193125-16-653546	1	Preferred	Preferred Equity	0	000000000	n/a
0001193125-16-653546	1	Debt Securities	Debt Securities	0	000000000	n/a
0001677110-16-000012	1	Preferred	none	0	none	none
0001677110-16-000012	1	Debt Securities	Notes	0	none	none
0001677110-16-000012	1	Common	Common	15000000	none	none
0001673430-16-000009	1	Common	COMMON	5000000	0	NONE
0001673430-16-000009	1	Debt Securities	NONE	0	0	NONE
0001673430-16-000009	1	Preferred	PREFERRED	0	0	NONE
0001104659-16-133316	1	Preferred		0		
0001104659-16-133316	1	Common	common shares	250	N/A	N/A
0001104659-16-133316	1	Debt Securities		0		
0001646269-16-000018	1	Common	Common Stock	6315789	N/A	N/A
0001646269-16-000018	1	Preferred		0		
0001646269-16-000018	1	Debt Securities		0		
0001193125-16-649459	1	Preferred	Series A Preferred Stock	0	000000000	N/A
0001193125-16-649459	1	Common	N/A	5000000	000000000	N/A
0001193125-16-649459	1	Debt Securities	N/A	0	000000000	N/A
0001174947-16-002881	1	Common	Common Stock	749243	31971A107	OTCQX U.S.
0001174947-16-002881	1	Debt Securities	N/A	5000000	000000N/A	N/A
0001174947-16-002881	1	Preferred	Series C Preferred	3623	31971A958	N/A
0001144204-16-113146	1	Common	Common Stock	1123750	000000N/A	N/A
0001144204-16-113146	1	Preferred	Series Seed	568796	000000N/A	N/A
0001144204-16-113146	1	Debt Securities	N/A - excludes LROs	0	000000N/A	N/A
0001144204-16-113146	2	Preferred	Series A Preferred Stock	747373	000000N/A	N/A
0001214659-16-012685	1	Preferred	None	0	000000000	None
0001214659-16-012685	1	Common	Class A Common Stock	41722222	000000000	None
0001214659-16-012685	1	Debt Securities	None	0	000000000	None
0001675426-16-000020	1	Debt Securities	none	0	000000000	none
0001675426-16-000020	1	Preferred	preferred stock	0	000000000	none
0001675426-16-000020	1	Common	common stock	40000000	000000000	none
0001677331-16-000002	1	Common	Common Stock	15000000	n/a	n/a
0001677331-16-000002	1	Preferred	None	0	n/a	
0001677331-16-000002	1	Debt Securities	none	0	n/a	n/a
0001144204-16-112941	1	Debt Securities	N/A	0	000000000	N/A
0001144204-16-112941	1	Preferred	N/A	0	000000000	N/A
0001144204-16-112941	1	Common	Common	1437851	3364OY102	OTC Pink
0001065949-16-000454	1	Common	Common Equity	10000000	N/A	N/A
0001065949-16-000454	1	Debt Securities		0		
0001065949-16-000454	1	Preferred		0		
0001644600-16-000167	1	Common	Common	100000000	N/A	N/A
0001644600-16-000167	1	Preferred	Preferred	100000000	N/A	N/A
0001644600-16-000167	1	Debt Securities		0		
0001678727-16-000003	1	Preferred		0		
0001678727-16-000003	1	Debt Securities		0		
0001678727-16-000003	1	Common		0		
0001673239-16-000024	1	Debt Securities		0		
0001673239-16-000024	1	Preferred	Preferred	200000	000000000	NONE
0001673239-16-000024	1	Common	Common	5000000	000000000	NONE
0001144204-16-112275	1	Preferred	N/A	0	000000000	N/A
0001144204-16-112275	1	Common	Common Stock	0	000000000	N/A
0001144204-16-112275	1	Debt Securities	N/A	0	000000000	N/A
0001644600-16-000165	1	Preferred	Preferred	100000000	N/A	N/A
0001644600-16-000165	1	Debt Securities		0		
0001644600-16-000165	1	Common	Common	100000000	N/A	N/A
0001144204-16-112245	1	Common	Common Equity	22822531	65250F106	n/a
0001144204-16-112245	1	Debt Securities	Debt Securities	213018	000000n/a	n/a
0001144204-16-112245	1	Preferred	Preferred Equity	8116000	000000n/a	n/a
0001193125-16-644284	1	Preferred	N/A	0	000000000	N/A
0001193125-16-644284	1	Common	Common	1401511	095825105	OTC Pink marketplace
0001193125-16-644284	1	Debt Securities	Subordinated Notes Due 2025	14	Various	N/A
0001579586-16-000018	1	Preferred	0	0	0	0
0001579586-16-000018	1	Common	common voting	200000	0	0
0001579586-16-000018	1	Debt Securities	0	0	0	0
0001144204-16-111941	1	Common	Common Stock	1123750	000000N/A	N/A
0001144204-16-111941	1	Debt Securities	N/A - excludes LROs	0	000000N/A	N/A
0001144204-16-111941	2	Preferred	Series A Preferred Stock	747373	000000N/A	N/A
0001144204-16-111941	1	Preferred	Series Seed	568796	000000N/A	N/A
0001644600-16-000163	1	Common	Common Stock	35869565	N/A	N/A
0001644600-16-000163	1	Preferred	N/A	0	N/A	N/A
0001644600-16-000163	1	Debt Securities	N/A	0	N/A	N/A
0001675426-16-000017	1	Preferred	preferred stock	2000000	000000000	none
0001675426-16-000017	1	Common	common stock	64500000	000000000	none
0001675426-16-000017	1	Debt Securities	none	0	000000000	0
0001579586-16-000017	1	Common	common voting	200000	0	0
0001579586-16-000017	1	Preferred	0	0	0	0
0001579586-16-000017	1	Debt Securities	0	0	0	0
0001644600-16-000161	1	Debt Securities	N/A	0	N/A	N/A
0001644600-16-000161	1	Preferred	N/A	0	N/A	N/A
0001644600-16-000161	1	Common	Common Stock	35869565	N/A	N/A
0001657737-16-000009	1	Debt Securities		0	None	
0001657737-16-000009	1	Common	Common Stock	36000000	None	Common Stock
0001657737-16-000009	1	Preferred	Preferred Stock	0	None	Preferred Stock
0001144204-16-111624	1	Common	Common Stock	1123750	000000N/A	N/A
0001144204-16-111624	2	Preferred	Series A Preferred Stock	747373	000000N/A	N/A
0001144204-16-111624	1	Preferred	Series Seed	568796	000000N/A	N/A
0001144204-16-111624	1	Debt Securities	N/A - excludes LROs	0	000000N/A	N/A
0001640334-16-001301	1	Debt Securities		0		
0001640334-16-001301	1	Preferred		0		
0001640334-16-001301	2	Common	Class B Common Stock	2000	N/A	N/A
0001640334-16-001301	1	Common	Class A Common Stock	180000000	N/A	N/A
0001079974-16-001397	1	Common	Common Stock	15000000	000000000	none
0001079974-16-001397	1	Preferred	Preferred Stock	0	000000000	none
0001079974-16-001397	1	Debt Securities	None	0	000000000	
0001646269-16-000017	1	Debt Securities		0		
0001646269-16-000017	1	Preferred		0		
0001646269-16-000017	1	Common	Common Stock	6315789	N/A	N/A
0001677092-16-000002	1	Common	Common	15000000	n/a	n/a
0001677092-16-000002	1	Preferred	n/a	0		
0001677092-16-000002	1	Debt Securities	n/a	0		
0001493152-16-011222	1	Preferred	Preferred stock	0	000000N/A	None
0001493152-16-011222	1	Debt Securities	Mezzanine Convertible Bonds	122100	000000N/A	None
0001493152-16-011222	1	Common	Common stock	6100454	000000N/A	None
0001144204-16-110990	1	Debt Securities	N/A	0	000000N/A	N/A
0001144204-16-110990	1	Preferred	N/A	0	000000N/A	N/A
0001144204-16-110990	1	Common	Common Stock	14000000	000000N/A	N/A
