ACCESSION_NUMBER	NID	SINFO_ID	NAME_TYPE	NAME
0001477932-16-012593	1	1	findersSpName	N/A
0001477932-16-012593	1	1	blueSkySpName	MLC
0001477932-16-012593	1	1	promoterSpName	N/A
0001477932-16-012593	1	1	legalSpName	N/A
0001477932-16-012593	1	1	auditorSpName	N/A
0001477932-16-012593	1	1	salesCommissionsSpName	N/A
0001477932-16-012593	1	1	underwrittenSpName	N/A
0001644600-16-000171	1	1	salesCommissionsSpName	SI Securities LLC
0001644600-16-000171	1	1	auditorSpName	Artesian CPA
0001644600-16-000171	1	1	legalSpName	KHLK LLP
0001214659-16-012705	1	1	blueSkySpName	Dill Dill Carr Stonbraker & Hutchings, P.C.
0001214659-16-012705	1	1	legalSpName	Dill Dill Carr Stonbraker & Hutchings, P.C.
0001104659-16-131746	1	1	auditorSpName	BKD LLP
0001104659-16-131746	1	1	legalSpName	SmithAmundsen LLC
0001104659-16-131746	1	1	blueSkySpName	SmithAmundsen LLC
0001104659-16-131746	2	1	legalSpName	Krieg DeVault LLP
