ACCESSION_NUMBER	INDICATETIER1TIER2OFFERING	FINANCIALSTATEMENTAUDITSTATUS	OFFERDELAYEDCONTINUOUSFLAG	OFFERINGYEARFLAG	OFFERINGAFTERQUALIFFLAG	OFFERINGBESTEFFORTSFLAG	SOLICITATIONPROPOSEDOFFERFLAG	RESALESECURITIESAFFILIATESFLAG	SECURITIESOFFERED	OUTSTANDINGSECURITIES	PRICEPERSECURITY	ISSUERAGGREGATEOFFERING	SECURITYHOLDERAGGEGATE	QUALIFICATIONOFFERINGAGGREGATE	CONCURRENTOFFERINGAGGREGATE	TOTALAGGREGATEOFFERING	UNDERWRITERSERVICEPROVIDERNAME	UNDERWRITERSFEES	SALECOMMISSIONSSVCPROVIDERNAME	SALECOMMISSIONSSVCEROVIDERFEE	FINDERSFEESSERVICEPROVIDERNAME	FINDERFEESFEE	AUDITORSERVICEPROVIDERNAME	AUDITORFEES	LEGALSERVICEPROVIDERNAME	LEGALFEES	PROMOTERSSERVICEPROVIDERNAME	PROMOTERSFEES	BLUESKYSERVICEPROVIDERNAME	BLUESKYFEES	BROKERDEALERCRDNUMBER	ESTIMATEDNETAMOUNT	CLARIFICATIONRESPONSES
0001065949-16-000503	Tier2	Audited	Y	N	N	Y	N	N	4000000	10000000	5.0	20000000.0	0.0	0.0	0.0	20000000.0	None	0.0	None	0.0	None	0.0	dbmckennon	20000.0	Richardson & Associates	45000.0	None	0.0	Richardson & Associates	10000.0	156214	17800000.0	* Promoters - Table does not reflect estimate posting, service and escrow fees to be paid to StartEngine and FundAmerica, which are not promoters, estimated to be $2,125,000.
0001144204-16-126223	Tier2	Audited	Y	Y	N	Y	N	N	5000000	500	10.0	50000000.0	0.0	0.0	0.0	50000000.0							RSM US LLP	15000.0	Goodwin Procter LLP	312500.0	Rise Companies Corp	0.0				49500000.0	
0001144204-16-126217	Tier2	Audited	Y	Y	N	Y	N	N	5000000	500	10.0	50000000.0	0.0	0.0	0.0	50000000.0							RSM US LLP	15000.0	Goodwin Procter LLP	312500.0	Rise Companies Corp	0.0				49500000.0	
0001144204-16-126210	Tier2	Audited	Y	Y	N	Y	N	N	5000000	500	10.0	50000000.0	0.0	0.0	0.0	50000000.0							RSM US LLP	15000.0	Goodwin Procter LLP	312500.0	Rise Companies Corp	0.0				49500000.0	
0001144204-16-126083	Tier1	Audited	Y	N	N	Y	N	N	496120	0	10.0	496120.0	0.0	13601140.0	1001145.0	15098405.0							Hughes Pittman and Gupton LLP	1000.0	Smith Anderson	4500.0							
0001193125-16-725703	Tier2	Audited	N	N	N	Y	N	N	5000000	1000	10.0	50000000.0	0.0	0.0	0.0	50000000.0	Orchard Securities, LLC, a portion of which	1500000.0	Orchard Securities, LLC, which it will reallow	350000.0			Ernst & Young LLP	75000.0	DLA Piper LLP (US)	250000.0			DLA Piper LLP (US) to file notices, but payments made to various states	20350.0	133378000	50000000.0	All organizational and offering costs, managing broker-dealer fees and selling commissions will be paid by our sponsor,Cottonwood Capital Property Management II, LLC.
0001193125-16-725455	Tier1	Unaudited	N	N	N	Y	N	N	1666666666	932728571		0.0	0.0	0.0	0.0	0.0									White and Williams LLP	15000.0							The offering price per share is actually $0.003 per share, however, due to techinical issues it is listed as $0.00 above.
0001477932-16-012734	Tier2	Audited	Y	N	N	Y	N	N	50000	0	1000.0	50000000.0	0.0	0.0	0.0	50000000.0		0.0		0.0		0.0	Artesian CPA	2500.0	Trowbridge Sidoti	50000.0		0.0		0.0		50000000.0	
0001654954-16-002437	Tier2	Audited	Y	N	N	Y	Y	N	3000000	200000	10.0	30000000.0	0.0	0.0	0.0	30000000.0			Orchard Securities, LLC	1800000.0			Cherry Bekaert LLP	200000.0	KVCF	150000.0			KVCF	75000.0	155576	26475000.0	N/A
0001477932-16-012725	Tier2	Audited	Y	N	N	Y	N	N	50000	0	1000.0	0.0	0.0	0.0	0.0	0.0	JCC Advisors, LLC	1000000.0	JCC Advisors, LLC	2500000.0		0.0	Eide Bailly LLP and Plante & Moran, PLLC	75000.0	Kaplan Voekler Cunningham & Frank PLC	200000.0	GK Development, Inc.	1000000.0	Kaplan Voekler Cunningham & Frank PLC	75000.0		44150000.0	
0001144204-16-125700	Tier1	Audited	Y	N	N	Y	N	N	499800	0	10.0	499800.0	0.0	13601140.0	2268020.0	16368960.0									Smith Anderson, et al., Robbins Ross, et al.	4500.0							"""Number of securities offered"" is the aggregate principal amount of LROs being offered under this post-qualification amendment (PQA). ""The estimated portion of aggregate sales ..."" includes the 11 series of LROs covered by PQA Nos. 30 and 32."
0001671395-16-000003	Tier1	Unaudited	N	N	N	Y	N	N	1000000		1.0	1000000.0	0.0	0.0	0.0	1000000.0																	
0001213900-16-017011	Tier2	Audited	Y	N	N	Y	Y	N	6000	0	500.0	500.0	0.0	0.0	0.0	500.0	None	0.0	None	0.0	None	0.0	Marcum LLP	75000.0	Ellenoff Grossman & Schole LLP	500000.0	None	0.0	Ellenoff Grossman & Schole LLP	25000.0	0	3000000.0	Estimated net proceeds does not reflect offering expenses because such expenses will be paid by the issuer, with remainder to be paid by the issuer's parent pursuant to a Cost-Sharing Agreement described in Part II.
0001144204-16-125234	Tier1	Unaudited	N	N	N	Y	N	N	64000000	11000000	0.25	16000000.0	0.0	0.0	0.0	16000000.0																16000000.0	
0001677331-16-000006	Tier1	Unaudited	Y	N	N	Y	N	N	50000	0	100.0	5000000.0	0.0	0.0	0.0	5000000.0																	
0001144204-16-125100	Tier2	Audited	Y	Y	N	Y	N	N	5000000	500	10.0	50000000.0	0.0	0.0	0.0	50000000.0							RSM US LLP	15000.0	Goodwin Procter LLP	312500.0	Rise Companies Corp	0.0				49500000.0	
0001144204-16-125098	Tier2	Audited	Y	Y	N	Y	N	N	5000000	500	10.0	50000000.0	0.0	0.0	0.0	50000000.0							RSM US LLP	15000.0	Goodwin Procter LLP	312500.0	Rise Companies Corp	0.0				49500000.0	
0001144204-16-125095	Tier2	Audited	Y	Y	N	Y	N	N	5000000	500	10.0	50000000.0	0.0	0.0	0.0	50000000.0							RSM US LLP	15000.0	Goodwin Procter LLP	312500.0	Rise Companies Corp	0.0				49500000.0	
0001213900-16-016966	Tier2	Audited	Y	N	N	Y	N	Y	25000000	18844750	2.0	41760500.0	8239500.0	0.0	0.0	50000000.0							D. Brooks and Associates, CPA's, P.A.	11700.0	Lucosky Brookman LLP	35000.0					0	41760500.0	
0001193125-16-718305	Tier2	Audited	Y	N	N	Y	N	N	1000000	0	5.0	5000000.0	0.0	0.0	0.0	5000000.0							Craig Denlinger, CPA	3500.0	Andrews Kurth LLP	60000.0			n/a	10000.0		4887500.0	
0001680862-16-000004	Tier1	Unaudited	Y	N	N	Y	N	N	20000	0	1000.0	16000000.0	0.0	0.0	0.0	16000000.0																	
0001144204-16-124970	Tier2	Audited	Y	Y	N	Y	N	N	5000000	1017178	10.0	50000000.0	0.0	0.0	0.0	50000000.0							RSM US LLP (formerly McGladrey, LLP)	20000.0	Goodwin Procter LLP	275000.0	Rise Companies Corp	0.0				49500000.0	
0001678727-16-000011	Tier1	Unaudited	Y	Y	N	N	N	N	408163	0	49.0	0.0	0.0	0.0	0.0	0.0																	
0001654954-16-002336	Tier2	Audited	N	N	N	Y	Y	N	3750000	0	3.0	3.0	0.0	0.0	0.0	3.0	N/A	0.0	N/A	0.0	N/A	0.0	Tanner LLC	36000.0	Kaplan Voekler Cunningham and Frank, PLC	135000.0	N/A	0.0	Kaplan Voekler Cunningham and Frank, PLC	20500.0	000000000	10820000.0	Estimated net proceeds to the issuer if the Maximum Offering Amount is raised
0001477932-16-012630	Tier2	Audited	Y	N	N	Y	N	N	50000	0	1000.0	0.0	0.0	0.0	0.0	0.0	JCC Advisors, LLC	1000000.0	JCC Advisors, LLC	2500000.0		0.0	Eide Bailly LLP and Plante & Moran, PLLC	75000.0	Kaplan Voekler Cunningham & Frank PLC	200000.0	GK Development, Inc.	1000000.0	Kaplan Voekler Cunningham & Frank PLC	75000.0		44150000.0	
0001642079-16-000006	Tier1	Unaudited	N	N	N	N	Y	N	9800000	0	2.0	0.0	0.0	0.0	0.0	0.0																	
0001671132-16-000007	Tier2	Audited	Y	N	N	Y	N	N	20000000	52103058	2.0	20000000.0	0.0	0.0	0.0	20000000.0	None	0.0	None	0.0	None	0.0	Turner, Stone & Company	15000.0	Securus law	10000.0	Employees	745000.0	Securus law	5000.0		19225000.0	Including time spent by employees of the Company on the offering, for which no sales commissions will be paid but other compensation may be paid. The Company has not yet entered into a selling agreement with any broker-dealer firms.
0001193125-16-715137	Tier2	Audited	Y	N	N	Y	Y	N	10000000	0		7000000.0	3000000.0	0.0	0.0	10000000.0							PKF APC	35000.0	Stradling Yocca Carlson & Rauth, P.C.	75000.0	StartEngine/FundAmerica	120000.0				6770000.0	Fees payable to StartEngine and FundAmerica will be finalized in a subsequent amendment to this Form 1-A.
0001644600-16-000189	Tier2	Audited	Y	N	N	Y	Y	N	102777778	100000000	0.05	2000000.0	0.0	0.0	0.0	2000000.0							Wipfli LLP	1800.0	KHLK LLP	0.0						1925000.0	Price per security is .045
0001644600-16-000187	Tier2	Audited	Y	Y	N	Y	N	Y	2500000	0	12.0	21750000.0	8250000.0	0.0	0.0	30000000.0							Kristina Helferty, CPA	5000.0	KHLK LLP	40000.0						21450000.0	
0001682391-16-000010	Tier1	Unaudited	N	N	N	Y	N	N	1250000	3825000	16.0	0.0	0.0	0.0	0.0	0.0	none	0.0	none	0.0	none	0.0	none	0.0	in house	0.0	StartEngine.com	1267187.0	FundAmerica	100000.0		8632813.0	estimated costs of Investor Escrow Setup, Technology and Accounting Fee and posting on StartEngine.com. ($2,734,375 for MAX)
0001144204-16-124384	Tier2	Audited	Y	Y	N	Y	N	N	5000000	1017178	10.0	50000000.0	0.0	0.0	0.0	50000000.0							RSM US LLP (formerly McGladrey, LLP)	20000.0	Goodwin Procter LLP	275000.0	Rise Companies Corp	0.0				49500000.0	
0001654954-16-002220	Tier2	Audited	N	N	N	Y	Y	N	3750000	0	3.0	3.0	0.0	0.0	0.0	3.0	N/A	0.0	N/A	0.0	N/A	0.0	Tanner LLC	36000.0	Kaplan Voekler Cunningham and Frank, PLC	135000.0	N/A	0.0	Kaplan Voekler Cunningham and Frank, PLC	20500.0	000000000	10820000.0	Estimated net proceeds to the issuer if the Maximum Offering Amount is raised
0001673239-16-000029	Tier1	Unaudited	Y	N	N	Y	N	N	5000000	500000	0.1	500000.0	0.0	0.0	0.0	500000.0																	
0001654954-16-002216	Tier2	Audited	Y	N	N	Y	Y	N	3000000	200000	10.0	30000000.0	0.0	0.0	0.0	30000000.0			Orchard Securities, LLC	2100000.0			Cherry Bekaert LLP	200000.0	KVCF	150000.0			KVCF	75000.0	155576	26475000.0	N/A
0001640334-16-001685	Tier2	Audited	N	N	N	Y	N	N	5000000	180000000	3.2800000000000002	16400000.0	0.0	0.0	0.0	16400000.0		0.0		0.0		0.0	Metz & Associates PLLC	33000.0	Booth Udall Fuller, PLC	15000.0		0.0		0.0		15700000.0	The estimated net proceeds also reflect anticipated charges by StartEngine.com Crowdfunding, Inc., the anticipated portal, and FundAmerica Securities, LLC, the anticipated FINRA administrative agent for the offering.
0001415889-16-007133	Tier2	Audited	Y	N	N	Y	N	N	733340	4454545	15.0	11000100.0	0.0	0.0	0.0	11000100.0	Monarch Bay Securities, Inc.	1100010.0					Malone Bailey LLP	9000.0	Reed Smith LLP	150000.0						9900090.0	
0001213900-16-016750	Tier2	Audited	Y	N	N	Y	Y	N	6000	0	500.0	500.0	0.0	0.0	0.0	500.0	None	0.0	None	0.0	None	0.0	Marcum LLP	75000.0	Ellenoff Grossman & Schole LLP	500000.0	None	0.0	Ellenoff Grossman & Schole LLP	25000.0	0	3000000.0	Estimated net proceeds does not reflect offering expenses because such expenses will be paid by the issuer, with remainder to be paid by the issuer's parent pursuant to a Cost-Sharing Agreement described in Part II.
0001677110-16-000014	Tier1	Unaudited	Y	N	N	Y	N	N	2000	0	1000.0	2000000.0	0.0	0.0	0.0	2000000.0																	
0001677092-16-000004	Tier1	Unaudited	Y	N	N	Y	N	N	15000	0	1000.0	15000000.0	0.0	0.0	0.0	15000000.0																	
0001682391-16-000009	Tier1	Unaudited	N	N	N	Y	N	N	1250000	3825000	16.0	0.0	0.0	0.0	0.0	0.0	none	0.0	none	0.0	none	0.0	none	0.0	in house	0.0	StartEngine.com	1267187.0	FundAmerica	100000.0		8632813.0	estimated costs of Investor Escrow Setup, Technology and Accounting Fee and posting on StartEngine.com. ($2,734,375 for MAX)
0001144204-16-123541	Tier1	Audited	Y	N	N	Y	N	N	900750	0	10.0	900750.0	0.0	13601140.0	1497265.0	15999155.0									Smith Anderson, et al., Robbins Ross, et al.	4500.0							"""Number of securities offered"" is the aggregate principal amount of LROs being offered under this post-qualification amendment (PQA). ""The estimated portion of aggregate sales ..."" includes the 6 series of LROs covered by PQA No. 30."
0001144204-16-123503	Tier1	Audited	Y	N	N	Y	N	N	496120	0	10.0	496120.0	0.0	13601140.0	1001145.0	15098405.0							Hughes Pittman and Gupton LLP	1000.0	Smith Anderson	4500.0							
0001678727-16-000010	Tier1	Unaudited	Y	Y	N	N	N	N	408163	0	49.0	0.0	0.0	0.0	0.0	0.0																	
0001684242-16-000001	Tier1	Unaudited	N	N	N	Y	N	N	12000	0	100.0	100.0	0.0	0.0	0.0	100.0									Cost of Offering	75000.0			New York	1300.0		1123700.0	
0001477932-16-012403	Tier2	Audited	Y	N	N	Y	N	N	25000000	0	1.0	25000000.0	0.0	0.0	0.0	25000000.0		0.0		0.0		0.0	Artesian CPA, LLC	2500.0	Trowbridge Sidoti, LLP	35000.0	Cherif Medawar	0.0		0.0		25000000.0	
0001214659-16-013618	Tier2	Audited	Y	Y	N	Y	N	Y	1000000	41722222	1.0	700000.0	300000.0	0.0	0.0	1000000.0							KCCW Accountancy Corp.	20000.0	Flaster Greenberg/Brunson Chandler & Jones	50000.0			Flaster Greenberg	10000.0		620000.0	
0001681222-16-000004	Tier1	Unaudited	N	N	N	Y	N	N	20000000	22000000	0.5	0.5	0.0	0.0	0.0	0.5									Cost of Offering	75000.0			New York	1200.0		9923800.0	
0001681222-16-000003	Tier1	Unaudited	N	N	N	Y	N	N	200000	100	100.0	100.0	0.0	0.0	0.0	100.0	Cost of Offering	150000.0					Accounting Costs	3000.0	Legal Opinion of Counsel	2000.0						19845000.0	
0001683499-16-000001	Tier1	Unaudited	N	N	N	Y	N	N	100000	100000	100.0	100.0	0.0	0.0	0.0	100.0									Cost of Offering	75000.0			State of New York	1300.0		9923700.0	
0001671132-16-000006	Tier2	Audited	Y	N	N	Y	N	N	20000000	52103058	2.0	20000000.0	0.0	0.0	0.0	20000000.0	None	0.0	None	0.0	None	0.0	Turner, Stone & Company	15000.0	Securus law	10000.0	Employees	745000.0	Securus law	5000.0		18000000.0	Including time spent by employees of the Company on the offering, for which no sales commissions will be paid but other compensation may be paid. The Company has not yet entered into a selling agreement with any broker-dealer firms.
0001144204-16-122894	Tier1	Audited	N	N	N	N	N	N	123319	1437851	33.0	4069527.0	0.0	0.0	0.0	4069527.0							Hess, Stewart & Campbell CPA's PLLC	7500.0	Dinsmore & Shohl LLP	150000.0							The securities will be issued to the shareholders of Rock Branch Community Bank, Inc. by the issuer in connection with the merger of Rock Branch with and into a wholly owned subsidiary of the issuer pursuant to an Agreement and Plan of Merger.
0001193125-16-700718	Tier2	Audited	Y	Y	N	Y	N	N	3000000	0	10.0	10.0	0.0	0.0	0.0	10.0	Moloney Securities Co., Inc. and The Benchmark Company, LLC	300000.0	Moloney Securities Co., Inc. and The Benchmark Company, LLC	1800000.0			Erickson, Krentel & LaPorte, LLP	50000.0	Crowell & Moring LLP	150000.0					38535	28200000.0	Offering is for a minimum of $3,000,000 and a maximum of $30,000,000.  Information for the sales commission and net proceeds of the offering set forth above assumes the maximum $30,000,000 is raised in the offering.
0001477932-16-012367	Tier1	Unaudited	N	N	N	Y	N	N	200	0	25000.0	5000000.0	0.0	0.0	0.0	5000000.0		0.0		0.0		0.0		0.0	Trowbridge Sidoti	10000.0	Kevin Amolsch	0.0	Colorado and Minnesota	0.0		5000000.0	
0001477932-16-012365	Tier2	Audited	Y	N	N	Y	N	N	50000	0	1000.0	50000000.0	0.0	0.0	0.0	50000000.0		0.0		0.0		0.0	Artesian CPA	2500.0	Trowbridge Sidoti	50000.0		0.0		0.0		50000000.0	
0001437749-16-038286	Tier1	Unaudited	Y	Y	Y	N	N	N	50000000	9382722	0.4	0.4	0.0	0.0	0.0	0.4																20000000.0	
0001477932-16-012355	Tier2	Audited	Y	N	N	Y	N	N	25000000	0	1.0	25000000.0	0.0	0.0	0.0	25000000.0		0.0		0.0		0.0	Artesian CPA, LLC	2500.0	Trowbridge Sidoti, LLP	35000.0	Cherif Medawar	0.0		0.0		25000000.0	
0001671132-16-000003	Tier2	Audited	Y	N	N	Y	N	N	20000000	52103058	2.0	20000000.0	0.0	0.0	0.0	20000000.0	None	0.0	None	0.0	None	0.0	Turner, Stone & Company	15000.0	Securus law	10000.0	Employees	745000.0	Securus law	5000.0		18000000.0	Including time spent by employees of the Company on the offering, for which no sales commissions will be paid but other compensation may be paid. The Company has not yet entered into a selling agreement with any broker-dealer firms.
0001477932-16-012321	Tier2	Audited	Y	N	N	Y	N	N	25000000	0	1.0	25000000.0	0.0	0.0	0.0	25000000.0		0.0		0.0		0.0	Artesian CPA, LLC	2500.0	Trowbridge Sidoti, LLP	35000.0	Cherif Medawar	0.0		0.0		25000000.0	
0001477932-16-012308	Tier2	Audited	Y	N	N	Y	Y	N	600000	10000000	5.0	3000000.0	0.0	0.0	0.0	3000000.0		0.0		0.0		0.0	dbbmckennon, Certified Public Accountants	20000.0	Richardson & Associates	58000.0	None	0.0	Richardson & Associates	10000.0	156214	2600000.0	Does not include additional syndication costs which may be incurred, including fees payable to potential service providers, the amount of which is not reflected on the table and is not known yet. StartEngine and FundAmerica are not promoters.
0001675426-16-000049	Tier2	Audited	Y	N	N	Y	N	Y	17000000	40000000	0.01	60000.0	25000.0	0.0	0.0	85000.0																	
0001658959-16-000011	Tier2	Audited	N	N	N	Y	N	N	5000000	0	10.0	50000000.0	0.0	0.0	0.0	50000000.0	Monarch Bay Securities, LLC	0.0	Monarch Bay Securities, LLC	5000000.0			Artesian CPA, LLC	2500.0	Horowitz & Armstrong	20000.0	ASMX Capital	450000.0	Mergent&ASMX Capital&Fundamerica	109750.0		44450000.0	estimated costs of Investor Escrow Setup, Technology and Accounting Fee and marketing consulting: ASMX Capital
0001682391-16-000006	Tier1	Unaudited	N	N	N	Y	N	N	1250000	3825000	16.0	0.0	0.0	0.0	0.0	0.0	none	0.0	none	0.0	none	0.0	none	0.0	in house	0.0	StartEngine.com	1267187.0	FundAmerica	100000.0		8632813.0	estimated costs of Investor Escrow Setup, Technology and Accounting Fee and posting on StartEngine.com. ($2,734,375 for MAX)
0001144204-16-121631	Tier1	Audited	Y	N	N	Y	N	N	496120	0	10.0	496120.0	0.0	13353540.0	1248745.0	15098405.0									Smith Anderson, et al., Robbins Ross, et al.	4500.0							"""Number of securities offered"" is the aggregate principal amount of LROs being offered under this post-qualification amendment (PQA). ""The estimated portion of aggregate sales ..."" includes the 7 series of LROs covered by PQA No. 29."
0001682391-16-000004	Tier1	Unaudited	N	N	N	Y	N	N	1250000	3825000	16.0	0.0	0.0	0.0	0.0	0.0	none	0.0	none	0.0	none	0.0	none	0.0	in house	0.0	StartEngine.com	1267187.0	FundAmerica	100000.0		8632813.0	estimated costs of Investor Escrow Setup, Technology and Accounting Fee and posting on StartEngine.com. ($2,734,375 for MAX)
0001010549-16-000706	Tier1	Unaudited	N	N	N	N	N	N	10000000	11536200	2.0	2.0	0.0	0.0	0.0	2.0									Elton F. Norman, Esq.	45000.0			Elton F. Norman, Esq.	5000.0		19850000.0	
0001680862-16-000003	Tier1	Unaudited	Y	N	N	Y	N	N	20000	0	1000.0	20000000.0	0.0	0.0	0.0	20000000.0																	
0001493152-16-012869	Tier2	Audited	Y	N	N	Y	Y	N	1428571	6130277	3.5	3.5	0.0	0.0	0.0	3.5	PARTICIPATING REGISTERED BROKER DEALER(S) TO BE DETERMINED	30000.0	PARTICIPATING REGISTERED BROKER DEALERS TO BE DETERMINED	450000.0	N/A	0.0	Pybus & Company, P.A.	15000.0	Legal & Compliance, LLC	7500.0	N/A	0.0	Legal & Compliance, LLC	2500.0		4445850.0	Reflects anticipated blue sky fees and brokerage firm expenses
0001680579-16-000004	Tier1	Unaudited	N	N	N	Y	N	N	2000000	3000000	1.0	2000000.0	0.0	0.0	0.0	2000000.0																	
0001644600-16-000182	Tier2	Audited	Y	Y	N	Y	N	Y	2500000	0	12.0	21750000.0	8250000.0	0.0	0.0	30000000.0							Kristina Helferty, CPA	5000.0	KHLK LLP	40000.0						21450000.0	
0001682391-16-000002	Tier1	Unaudited	N	N	N	Y	N	N	1250000	3825000	16.0	0.0	0.0	0.0	0.0	0.0	none	0.0	none	0.0	none	0.0	none	0.0	in house	0.0	StartEngine.com	1267187.0	FundAmerica	100000.0		8632813.0	estimated costs of Investor Escrow Setup, Technology and Accounting Fee and posting on StartEngine.com. ($2,734,375 for MAX)
0001677110-16-000013	Tier1	Unaudited	Y	N	N	Y	N	N	2000	0	1000.0	2000000.0	0.0	0.0	0.0	2000000.0																	
0001079974-16-001550	Tier1	Unaudited	Y	N	N	Y	N	Y	3320000	0	1.0	0.9	0.1	0.0	2950000.0	2950001.0									Cutler Law Group, P.C.	40000.0			Cutler Law Group, P.C.	10000.0		2950000.0	
0001144204-16-120624	Tier1	Unaudited	N	N	N	Y	N	N	64000000	11000000	0.25	16000000.0	0.0	0.0	0.0	16000000.0																16000000.0	
0001144204-16-120639	Tier1	Audited	N	N	N	N	N	N	123319	1437851	33.0	4069527.0	0.0	0.0	0.0	4069527.0							Hess, Stewart & Campbell CPA's PLLC	7500.0	Dinsmore & Shohl LLP	150000.0							The securities will be issued to the shareholders of Rock Branch Community Bank, Inc. by the issuer in connection with the merger of Rock Branch with and into a wholly owned subsidiary of the issuer pursuant to an Agreement and Plan of Merger.
0001193125-16-686861	Tier1	Unaudited	N	N	N	N	N	N	1666666666	932728571		0.0	0.0	0.0	0.0	0.0									White and Williams LLP	15000.0							The offering price per share is actually $0.003 per share, however, due to techinical issues it is listed as $0.00 above.
0001144204-16-120426	Tier1	Audited	Y	N	N	Y	N	N	341650	0	10.0	341650.0	0.0	13353540.0	907095.0	14602285.0									Smith Anderson, et al., Robbins Ross, et al.	4500.0							"""Number of securities offered"" is the aggregate principal amount of LROs being offered under this post-qualification amendment (PQA)."
0001493152-16-012672	Tier2	Audited	N	N	N	Y	Y	Y	80000000	290423523	0.2	15512000.0	488000.0	0.0	0.0	16000000.0	N/A	0.0	N/A	0.0	$ 0 - 100,000	0.0	Weinberg & Company	18000.0	Legal & Compliance, LLC	20000.0	N/A	0.0	N/A	0.0	000000000	15512000.0	
0001477932-16-012100	Tier2	Audited	Y	N	N	Y	N	N	50000	0	1000.0	50000000.0	0.0	0.0	0.0	50000000.0		0.0		0.0		0.0	Artesian CPA	2500.0	Trowbridge Sidoti	50000.0		0.0		0.0		50000000.0	
0001673239-16-000028	Tier1	Unaudited	Y	N	N	Y	N	N	5000000	500000	0.1	500000.0	0.0	0.0	0.0	500000.0																	
0001677331-16-000004	Tier1	Unaudited	Y	N	N	Y	N	N	50000	0	100.0	5000000.0	0.0	0.0	0.0	5000000.0																	
0001493152-16-012602	Tier2	Audited	Y	N	N	Y	Y	N	1428571	6130277	3.5	3.5	0.0	0.0	0.0	3.5	PARTICIPATING REGISTERED BROKER DEALER(S) TO BE DETERMINED	30000.0	PARTICIPATING REGISTERED BROKER DEALERS TO BE DETERMINED	450000.0	N/A	0.0	Pybus & Company, P.A.	15000.0	Legal & Compliance, LLC	7500.0	N/A	0.0	Legal & Compliance, LLC	2500.0		4445850.0	Reflects anticipated blue sky fees and brokerage firm expenses
0001477932-16-011968	Tier2	Audited	Y	N	Y	Y	N	N	100000000	52429600		50000000.0	0.0	0.0	0.0	50000000.0	W.R. Hambrecht & Co., LLC	3000000.0		0.0		0.0	Pritchett, Siler and Hardy, P.C.	6300.0	Williams Securities Law Firm, P.A.	12020.0		0.0	Williams Securities Law Firm, P.A.	0.0		0.0	Legal Fees: The principal of the firm purchased 200,000 founder's shares at par value $.0001. Except for an initial retainer of $12,000, no other legal fees paid.
0001493152-16-012524	Tier2	Audited	Y	N	N	Y	Y	N	1428571	6130277	3.5	3.5	0.0	0.0	0.0	3.5	PARTICIPATING REGISTERED BROKER DEALER(S) TO BE DETERMINED	30000.0	PARTICIPATING REGISTERED BROKER DEALERS TO BE DETERMINED	450000.0	N/A	0.0	Pybus & Company, P.A.	15000.0	Legal & Compliance, LLC	7500.0	N/A	0.0	Legal & Compliance, LLC	2500.0		4445850.0	Reflects anticipated blue sky fees and brokerage firm expenses
0001193125-16-682145	Tier2	Audited	N	N	N	Y	N	N	113640	582875	362.2	41160800.0	0.0	0.0	0.0	41160800.0							Williams-Keepers LLC	15000.0	Polsinelli PC	135000.0						41160800.0	Issuer is offering two classes of stock as merger consideration.  No cash will be paid for securities issued.  Total merger consideration value (common stock, preferred stock, and cash) will aggregate to $41,160,800.  No cash will be received.
0001193125-16-681557	Tier2	Audited	N	N	N	Y	N	N	113640	582875	362.2	41160800.0	0.0	0.0	0.0	41160800.0							Williams-Keepers LLC	15000.0	Polsinelli PC	135000.0						41160800.0	Issuer is offering two classes of stock as merger consideration.  No cash will be paid for securities issued.  Total merger consideration value (common stock, preferred stock, and cash) will aggregate to $41,160,800.  No cash will be received.
0001144204-16-118820	Tier2	Audited	N	N	N	Y	Y	N	3500000	12269674		0.0	0.0	0.0	0.0	0.0							BDO USA, LLC	174000.0	Morgan, Lewis & Bockius LLP	200000.0					45040		
0001654954-16-001501	Tier2	Audited	N	N	N	Y	Y	N	3750000	0	4.0	4.0	0.0	0.0	0.0	4.0	N/A	0.0	N/A	0.0	N/A	0.0	Tanner LLC	36000.0	Kaplan Voekler Cunningham and Frank, PLC	135000.0	N/A	0.0	Kaplan Voekler Cunningham and Frank, PLC	20500.0	000000000	14505000.0	Estimated net proceeds to the issuer if the Maximum Offering Amount is raised
0001506275-16-000008	Tier2	Audited	N	N	N	N	N	N	10000		1000.0	10000000.0	0.0	0.0	0.0	10000000.0							Alberni Caballero & Fierman	20000.0	Recor RIeber, P.A.	30000.0							
0001104659-16-139302	Tier2	Audited	Y	Y	N	Y	N	N	5000000	250	10.0	50000000.0	0.0	0.0	0.0	50000000.0			North Capital Private Securities Corp. and Mogul Securities, LLC	165000.0			CohnReznick LLP	10000.0	Wilson Sonsini Goodrich & Rosati, P.C.	250000.0	Realty Mogul Sponsor, LLC and Realty Mogul, Co.	0.0			154559	48500000.0	Sales commissions will not be paid by the issuer.  As such, the sales commissions do not reduce net proceeds to the issuer.
0001658959-16-000010	Tier2	Audited	Y	N	N	Y	N	N	10000000	63343148	5.0	50000000.0	0.0	0.0	0.0	50000000.0	Monarch Bay Securities, LLC	0.0	Monarch Bay Securities, LLC	5000000.0			Artesian CPA, LLC	16000.0	Cowden & Humphrey	30000.0			Mergent & ASMX Capital	9750.0		45000000.0	
0001214659-16-013132	Tier2	Audited	Y	Y	N	Y	N	Y	1000000	41722222	1.0	700000.0	300000.0	0.0	0.0	1000000.0							KCCW Accountancy Corp.	20000.0	Flaster Greenberg/Brunson Chandler & Jones	50000.0			Flaster Greenberg	10000.0		620000.0	
0001477932-16-011759	Tier2	Audited	Y	N	N	Y	N	N	25000000	0	1.0	25000000.0	0.0	0.0	0.0	25000000.0							Artesian CPA, LLC	2500.0	Trowbridge Sidoti, LLP	35000.0	Cherif Medawar	0.0				25000000.0	
0001144204-16-118123	Tier1	Unaudited	N	N	N	Y	N	N	61000000	14000000	0.25	15250000.0	0.0	0.0	0.0	15250000.0																15250000.0	
0001213900-16-015713	Tier2	Audited	Y	N	N	Y	Y	N	6000	0	500.0	500.0	0.0	0.0	0.0	500.0	None	0.0	None	0.0	None	0.0	Marcum LLP	75000.0	Ellenoff Grossman & Schole LLP	500000.0	None	0.0	Ellenoff Grossman & Schole LLP	25000.0	0	3000000.0	Estimated net proceeds does not reflect offering expenses because such expenses will be paid by the issuer, with remainder to be paid by the issuer's parent pursuant to a Cost-Sharing  Agreement described in Part II.
0001644600-16-000178	Tier2	Audited	Y	N	N	Y	Y	N	102777778	100000000	0.05	2000000.0	0.0	0.0	0.0	2000000.0							Wipfli LLP	1800.0	KHLK LLP	0.0						1925000.0	Price per security is .045
0001675426-16-000034	Tier2	Audited	Y	N	N	Y	N	Y	17000000	40000000	0.01	60000.0	25000.0	0.0	0.0	85000.0																	
0001681222-16-000001	Tier1	Unaudited	N	N	N	Y	N	N	200000	100	100.0	100.0	0.0	0.0	0.0	100.0	Cost of Offering	150000.0					Accounting Costs	3000.0	Legal Opinion of Counsel	2000.0						19845000.0	
0001144204-16-117826	Tier1	Unaudited	N	N	N	Y	N	N	61000000	14000000	0.25	15250000.0	0.0	0.0	0.0	15250000.0																15250000.0	
0001681524-16-000001	Tier1	Unaudited	N	N	N	Y	N	N	10000000	0	0.3	0.3	0.0	0.0	0.0	0.3	Cost of Offering (Professional Fees)	75000.0							Legal Opinion of Counsel	2500.0			New York	1200.0		2921300.0	
0001449112-16-000008	Tier1	Unaudited	N	N	N	Y	N	N	100000	100	100.0	0.0	0.0	0.0	0.0	0.0	Cost of Offering	150000.0							Legal Opinion	1500.0			New York	1200.0		9847300.0	
0001104659-16-137650	Tier2	Audited	Y	Y	N	Y	N	N	5000000	250	10.0	50000000.0	0.0	0.0	0.0	50000000.0			North Capital Private Securities Corp. and Mogul Securities, LLC	175000.0			CohnReznick LLP	10000.0	Wilson Sonsini Goodrich & Rosati, P.C.	250000.0	Realty Mogul Sponsor, LLC and Realty Mogul, Co.	0.0			154559	48500000.0	Sales commissions will not be paid by the issuer.  As such, the sales commissions do not reduce net proceeds to the issuer.
0001657737-16-000012	Tier2	Audited	N	N	N	Y	N	N	50000000	0	100.0	100.0	0.0	0.0	0.0	100.0									Approx Offering Costs	200000.0						49800000.0	
0001144204-16-116832	Tier1	Audited	Y	N	N	Y	N	N	1126740	0	10.0	1126740.0	0.0	12024890.0	1109005.0	14260635.0									Smith Anderson, et al., Robbins Ross, et al.	4500.0							"""Number of securities offered"" is the aggregate principal amount of LROs being offered under this post-qualification amendment (PQA)."
0001493152-16-012031	Tier2	Audited	Y	N	N	Y	Y	N	1428571	6130277	3.5	3.5	0.0	0.0	0.0	3.5	PARTICIPATING REGISTERED BROKER DEALER(S) TO BE DETERMINED	30000.0	PARTICIPATING REGISTERED BROKER DEALERS TO BE DETERMINED	450000.0	N/A	0.0	Pybus & Company, P.A.	15000.0	Legal & Compliance, LLC	7500.0	N/A	0.0	Legal & Compliance, LLC	2500.0		4445850.0	Reflects anticipated blue sky fees and brokerage firm expenses
0001079974-16-001462	Tier1	Unaudited	Y	N	N	Y	N	Y	3320000	0	1.0	0.9	0.1	0.0	2950000.0	2950001.0									Cutler Law Group, P.C.	40000.0			Cutler Law Group, P.C.	10000.0		2950000.0	
0001678727-16-000009	Tier1	Unaudited	Y	Y	Y	N	N	N	408163	0	49.0	0.0	0.0	0.0	0.0	0.0																	
0001065949-16-000470	Tier2	Audited	Y	N	N	Y	N	N	4000000	10000000	5.0	20000000.0	0.0	0.0	0.0	20000000.0	None	0.0	None	0.0	None	0.0	dbmckennon	20000.0	Richardson & Associates	45000.0	None	0.0	Richardson & Associates	10000.0	156214	17800000.0	* Promoters - Table does not reflect estimate posting, service and escrow fees to be paid to StartEngine and FundAmerica, which are not promoters, estimated to be $2,125,000.
0001579586-16-000020	Tier1	Unaudited	N	N	N	N	N	N	200000	200000	100.0	20000000.0	0.0	0.0	0.0	20000000.0		0.0	0	0.0	0	0.0		0.0		0.0		0.0		0.0	0	0.0	
0001144204-16-116387	Tier1	Unaudited	N	N	N	Y	N	N	61000000	14000000	0.25	15250000.0	0.0	0.0	0.0	15250000.0																15250000.0	
0001079974-16-001459	Tier1	Unaudited	Y	N	N	Y	N	Y	3320000	0	1.0	0.9	0.1	0.0	2950000.0	2950001.0									Cutler Law Group, P.C.	40000.0			Cutler Law Group, P.C.	10000.0		2950000.0	
0001673430-16-000012	Tier1	Unaudited	Y	N	N	Y	N	N	50000	0	20.0	1000000.0	0.0	0.0	0.0	1000000.0	none	0.0	none	0.0	none	0.0	none	0.0	Ronald S Tucker	35000.0	Ronald S Tucker	0.0	None	0.0	0	965000.0	
0001681343-16-000001	Tier1	Unaudited	N	N	N	Y	N	N	20000000	22000000	0.5	0.5	0.0	0.0	0.0	0.5									Cost of Offering	75000.0			New York	1200.0		9923800.0	
0001144204-16-116086	Tier2	Audited	N	N	N	Y	N	Y	2000000	18000000	5.0	7000000.0	3000000.0	0.0	0.0	10000000.0							Fahn Kanne & Co. Grant Thornton Israel	16000.0	JSBarkats, PLLC	30000.0						6700000.0	Ancillary fees, such as legal, marketing and audit fees, will be approximately $300,000. If the Company uses a placement agent, there could be an additional fee of up to $800,000, resulting in net proceeds to the Company of $5,900,000.
0001671132-16-000001	Tier2	Audited	Y	N	N	Y	N	N	20000000	52103058	2.0	20000000.0	0.0	0.0	0.0	20000000.0	None	0.0	None	0.0	None	0.0	Turner, Stone & Company	15000.0	Securus law	10000.0	Employees	745000.0	Securus law	5000.0		18000000.0	Including time spent by employees of the Company on the offering, for which no sales commissions will be paid but other compensation may be paid. The Company has not yet entered into a selling agreement with any broker-dealer firms.
0001193125-16-668150	Tier2	Audited	N	N	N	Y	N	N	113640	582875	362.2	41160800.0	0.0	0.0	0.0	41160800.0							Williams-Keepers LLC	15000.0	Polsinelli PC	135000.0						41160800.0	Issuer is offering two classes of stock as merger consideration.  No cash will be paid for securities issued.  Total merger consideration value (common stock, preferred stock, and cash) will aggregate to $41,160,800.  No cash will be received.
0001579586-16-000019	Tier1	Unaudited	N	N	N	N	N	N	200000	200000	100.0	20000000.0	0.0	0.0	0.0	20000000.0		0.0	0	0.0	0	0.0		0.0		0.0		0.0		0.0	0	0.0	
0001654954-16-001034	Tier2	Audited	Y	N	N	Y	Y	N	3000000	200000	10.0	30000000.0	0.0	0.0	0.0	30000000.0			Cambria Capital, LLC	2100000.0			Cherry Bekaert LLP	200000.0	KVCF	150000.0			KVCF	75000.0	155576	26475000.0	N/A
0001673430-16-000011	Tier1	Unaudited	Y	N	N	Y	N	N	50000	0	20.0	1000000.0	0.0	0.0	0.0	1000000.0	none	0.0	none	0.0	none	0.0	none	0.0	Ronald S Tucker	35000.0	Ronald S Tucker	0.0	None	0.0	0	965000.0	
0001193125-16-662414	Tier1	Audited	N	N	N	N	Y	N	527644	1401511	18.75	9893325.0	0.0	0.0	0.0	9893325.0							Brown, Edwards & Company, L.L.P.	50000.0	LeClairRyan, A Professional Corporation	200000.0							
0001671084-16-000007	Tier1	Unaudited	Y	N	N	Y	N	N	1000			1000000.0	0.0	0.0	0.0	1000000.0									Securities Compliance Group	15000.0							
0001680862-16-000001	Tier1	Unaudited	Y	N	N	Y	N	N	20000	0	1000.0	20000000.0	0.0	0.0	0.0	20000000.0																	
0001213900-16-015287	Tier2	Audited	Y	N	N	Y	N	N	1428572	2001378	14.0	20000000.0	0.0	0.0	0.0	20000000.0					Growth Capital Services	0.0	RSM US LLP	65000.0	Maslon LLP	125000.0			N/A	0.0	124658	19800000.0	The foregoing assumes the maximum amount of Class A Common Units sold in the Offering at $14.00 per Unit. The Partnership reserves the right to pay fees to online platform providers, placement agent and finders as set forth in the Offering Circular.
0001678727-16-000006	Tier1	Unaudited	Y	Y	N	N	N	N	408163	0	49.0	0.0	0.0	0.0	0.0	0.0																	
0001657737-16-000010	Tier2	Audited	N	N	N	Y	N	N	500000	0	100.0	100.0	0.0	0.0	0.0	100.0									Legal / Audit / Underwriting / etc	200000.0						49800000.0	
0001677159-16-000003	Tier1	Unaudited	Y	N	N	Y	N	N	2500000	15000000	2.0	5000000.0	0.0	0.0	0.0	5000000.0																	
0001144204-16-114202	Tier1	Audited	Y	N	N	Y	N	N	1389980	0	10.0	1389980.0	0.0	11198090.0	1707445.0	14295515.0									Smith Anderson, et al., Robbins Ross, et al.	4500.0							"""Number of securities offered"" is the aggregate principal amount of LROs being offered under this post-qualification amendment (PQA)."
0001646269-16-000019	Tier2	Audited	N	N	N	Y	Y	N	1052632	6315789	47.5	50000000.0	0.0	0.0	0.0	50000000.0			FundAmerica Securities LLC	3325000.0			Ernst & Young	25000.0	Kendall Almerico - DiMuroGinsberg	50000.0					156214	46600000.0	
0001144204-16-113999	Tier1	Unaudited	N	N	N	Y	N	N	64000000	11000000	0.25	16000000.0	0.0	0.0	0.0	16000000.0																16000000.0	
0001193125-16-653546	Tier2	Audited	Y	N	N	Y	Y	N	10000000	0		7000000.0	3000000.0	0.0	0.0	10000000.0							PFK APC	35000.0	Stradling Yocca Carlson & Rauth, P.C.	75000.0	StartEngine/FundAmerica	120000.0				6770000.0	Fees payable to StartEngine and FundAmerica will be finalized in a subsequent amendment to this Form 1-A.
0001677110-16-000012	Tier1	Unaudited	Y	N	N	Y	N	N	2000	0	1000.0	2000000.0	0.0	0.0	0.0	2000000.0																	
0001673430-16-000009	Tier1	Unaudited	Y	Y	N	Y	N	N	50000	0	20.0	1000000.0	0.0	0.0	0.0	1000000.0	NONE	0.0	NONE	0.0	NONE	0.0	NONE	0.0	RONALD S. TUCKER	35000.0	RONALD S. TUCKER	0.0	NONE	0.0	0	965000.0	
0001104659-16-133316	Tier2	Audited	Y	Y	N	Y	N	N	5000000	250	10.0	50000000.0	0.0	0.0	0.0	50000000.0			North Capital Private Securities Corp. and Mogul Securities, LLC	175000.0			CohnReznick LLP	10000.0	Wilson Sonsini Goodrich & Rosati, P.C.	250000.0	Realty Mogul Sponsor, LLC and Realty Mogul, Co.	0.0			154559	48500000.0	Sales commissions will not be paid by the issuer.  As such, the sales commissions do not reduce net proceeds to the issuer.
0001646269-16-000018	Tier2	Audited	N	N	N	Y	Y	N	1052632	6315789	47.5	50000000.0	0.0	0.0	0.0	50000000.0			FundAmerica Securities LLC	3325000.0			Ernst & Young	25000.0	Kendall Almerico - DiMuroGinsberg	50000.0					156214	46600000.0	
0001193125-16-649459	Tier2	Audited	Y	Y	N	Y	N	N	3000000	0	10.0	10.0	0.0	0.0	0.0	10.0	Moloney Securities Co., Inc. and The Benchmark Company, LLC	300000.0	Moloney Securities Co., Inc. and The Benchmark Company, LLC	2100000.0			Erickson, Krentel & LaPorte, LLP	50000.0	Crowell & Moring LLP	150000.0					38535	26806600.0	Offering is for a minimum of $3,000,000 and a maximum of $30,000,000.  Information for the sales commission and net proceeds of the offering set forth above assumes the maximum $30,000,000 is raised in the offering.
0001174947-16-002881	Tier1	Audited	Y	N	N	Y	N	N	250000	749243	20.0	5000000.0	0.0	0.0	0.0	5000000.0			FIG Partners, LLC	150000.0			Berry Dunn/Baker Newman Noyes	9500.0	Gallagher, Callahan & Gartrell, P.C.	75000.0			Gallagher, Callahan & Gartrell, P.C.	18750.0	41554	4716750.0	Net proceeds assumes sales comm. of $150K (1% on $3M+6% on $2M). Max comm. of $300K (6%) + Min. of $50K (1%) w/ proceeds of $4,700,000/$4,950,000, respectively, prior to est. offering expenses of $133,250 (incl. $5K Esc. Fee & $25K to FIG for expenses)
0001144204-16-113146	Tier1	Audited	Y	N	N	Y	N	N	758600	0	10.0	758600.0	0.0	10207320.0	1939615.0	12905535.0									Smith Anderson, et al., Robbins Ross, et al.	4500.0							"""Number of securities offered"" is the aggregate principal amount of LROs being offered under this post-qualification amendment (PQA). ""The estimated portion of aggregate sales ..."" includes the 7 series of LROs covered by PQA No. 25."
0001214659-16-012685	Tier2	Audited	Y	Y	N	Y	N	Y	12247242	41722222	5.95	35010000.0	14990000.0	0.0	0.0	50000000.0							KCCW Accountancy Corp.	10000.0	Flaster Greenberg/Brunson Chandler & Jones	40000.0			Flaster Greenberg	10000.0		34050000.0	
0001675426-16-000020	Tier2	Audited	Y	N	N	Y	N	Y	22000000	40000000	0.01	60000.0	50000.0	0.0	0.0	110000.0																	
0001677331-16-000002	Tier1	Unaudited	Y	N	N	Y	N	N	50000	0	100.0	5000000.0	0.0	0.0	0.0	5000000.0																	
0001144204-16-112941	Tier1	Audited	N	N	N	N	N	N	123319	1437851	33.0	4069527.0	0.0	0.0	0.0	4069527.0							Hess, Stewart & Campbell CPA's PLLC	7500.0	Dinsmore & Shohl LLP	150000.0							The securities will be issued to the shareholders of Rock Branch Community Bank, Inc. by the issuer in connection with the merger of Rock Branch with and into a wholly owned subsidiary of the issuer pursuant to an Agreement and Plan of Merger.
0001065949-16-000454	Tier2	Audited	Y	N	N	Y	N	N	4000000	10000000	5.0	20000000.0	0.0	0.0	0.0	20000000.0	None	0.0	None	0.0	None	0.0	dbmckennon	20000.0	Richardson & Associates	45000.0	None	0.0	Richardson & Associates	10000.0	156214	17800000.0	* Promoters - Table does not reflect estimate posting, service and escrow fees to be paid to StartEngine and FundAmerica, which are not promoters, estimated to be $2,125,000.
0001644600-16-000167	Tier2	Audited	Y	N	N	Y	Y	N	102777778	100000000	0.05	2000000.0	0.0	0.0	0.0	2000000.0							Wipfli LLP	1800.0	KHLK LLP	0.0						1925000.0	Price per security is .045
0001678727-16-000003	Tier1	Unaudited	Y	Y	N	N	N	N	5000000	0	49.0	10.0	3.0	0.0	0.0	13.0																	
0001673239-16-000024	Tier1	Unaudited	Y	N	N	Y	N	N	5000000	500000	0.1	500000.0	0.0	0.0	0.0	500000.0																	
0001144204-16-112275	Tier2	Audited	Y	N	N	Y	N	N	5000000	0	10.0	50000000.0	0.0	0.0	0.0	50000000.0	Moloney Securities Co., Inc.	4500000.0	TBD	0.0			Keiter Stephens	65000.0	Kaplan Voekler Cunningham & Frank, PLC and Sands Anderson PC	225000.0			Kaplan Voekler Cunningham & Frank, PLC	75000.0		44830000.0	
0001644600-16-000165	Tier2	Audited	Y	N	N	Y	Y	N	102777778	100000000	0.05	2000000.0	0.0	0.0	0.0	2000000.0							Wipfli LLP	1800.0	KHLK LLP	0.0						1925000.0	Price per security is .045
0001144204-16-112245	Tier2	Audited	Y	N	Y	Y	Y	N	10000000	17994475	5.0	50000000.0	0.0	0.0	0.0	50000000.0	W.R. Hambrecht & Co., LLC; Unicapital, Inc. (in the Philippines)	2500000.0	None	0.0	None	0.0	Marcum LLP	175000.0	Ellenoff Grossman & Schole LLP, Morrison & Foerster LLP; Romulo Mabanta Buenaventura Sayoc & de los Angeles (in the Philippines)	323500.0	None	0.0	Ellenoff Grossman & Schole LLP	0.0	45040	47001500.0	
0001193125-16-644284	Tier1	Audited	N	N	N	N	Y	N	527644	1401511	18.75	9893325.0	0.0	0.0	0.0	9893325.0							Brown, Edwards & Company, L.L.P.	50000.0	LeClairRyan, A Professional Corporation	200000.0							
0001579586-16-000018	Tier1	Unaudited	N	N	N	N	N	N	200000	200000	100.0	20000000.0	0.0	0.0	0.0	20000000.0		0.0	0	0.0	0	0.0		0.0		0.0		0.0		0.0	0	0.0	
0001144204-16-111941	Tier1	Audited	Y	N	N	Y	N	N	758600	0	10.0	758600.0	0.0	10207320.0	1939615.0	12905535.0									Smith Anderson, et al., Robbins Ross, et al.	4500.0							"""Number of securities offered"" is the aggregate principal amount of LROs being offered under this post-qualification amendment (PQA). ""The estimated portion of aggregate sales ..."" includes the 7 series of LROs covered by PQA No. 25."
0001644600-16-000163	Tier2	Audited	Y	N	N	Y	Y	N	20000000	35869565	1.0	20000000.0	0.0	0.0	0.0	20000000.0							EKS&H LLLP	7500.0	KHLK LLP	30000.0							
0001675426-16-000017	Tier2	Audited	Y	N	N	Y	N	Y	62500000	64500000	0.48	30000000.0	9000000.0	0.0	0.0	39000000.0																	
0001579586-16-000017	Tier1	Unaudited	N	N	N	N	N	N	200000	200000	100.0	20000000.0	0.0	0.0	0.0	20000000.0		0.0	0	0.0	0	0.0		0.0		0.0		0.0		0.0	0	0.0	
0001644600-16-000161	Tier2	Audited	Y	N	N	Y	Y	N	20000000	35869565	1.0	20000000.0	0.0	0.0	0.0	20000000.0							EKS&H LLLP	7500.0	KHLK LLP	30000.0							
0001657737-16-000009	Tier2	Audited	N	N	N	Y	N	N	500000	0	100.0	100.0	0.0	0.0	0.0	100.0									Approx Offering Costs	200000.0						49800000.0	
0001144204-16-111624	Tier1	Audited	Y	N	N	Y	N	N	1216270	0	10.0	1216270.0	0.0	9429520.0	753575.0	11399365.0									Smith Anderson, et al., Robbins Ross, et al.	4500.0							"""Number of securities offered"" is the aggregate principal amount of LROs being offered under this post-qualification amendment (PQA)."
0001640334-16-001301	Tier2	Audited	N	N	N	Y	N	N	5000000	180000000	3.2800000000000002	16400000.0	0.0	0.0	0.0	16400000.0		0.0		0.0		0.0	Metz & Associates PLLC	33000.0	Booth Udall Fuller, PLC	15000.0		0.0		0.0		15700000.0	The estimated net proceeds also reflect anticipated charges by StartEngine.com Crowdfunding, Inc., the anticipated portal, and FundAmerica Securities, LLC, the anticipated FINRA administrative agent for the offering.
0001079974-16-001397	Tier1	Unaudited	Y	N	N	Y	N	Y	3320000	0	1.0	0.9	0.1	0.0	2950000.0	2950001.0									Cutler Law Group, P.C.	40000.0			Cutler Law Group, P.C.	10000.0		2950000.0	
0001646269-16-000017	Tier2	Audited	N	N	N	Y	Y	N	1052632	6315789	47.5	50000000.0	0.0	0.0	0.0	50000000.0	FundAmerica Securities LLC	3325000.0					Ernst & Young	25000.0	Kendall Almerico - DiMuroGinsberg	50000.0					156214	46600000.0	
0001677092-16-000002	Tier1	Unaudited	Y	N	N	Y	N	N	15000	0	1000.0	15000000.0	0.0	0.0	0.0	15000000.0																	
0001493152-16-011222	Tier2	Audited	N	N	N	Y	N	N	1428571	6130277	3.5	3.5	0.0	0.0	0.0	3.5	PARTICIPATING REGISTERED BROKER DEALER(S) TO BE DETERMINED	30000.0	PARTICIPATING REGISTERED BROKER DEALERS TO BE DETERMINED	450000.0	N/A	0.0	Pybus & Company, P.A.	15000.0	Legal & Compliance, LLC	7500.0	N/A	0.0	Legal & Compliance, LLC	2500.0		4445850.0	Reflects anticipated blue sky fees and brokerage firm expenses
0001144204-16-110990	Tier1	Unaudited	N	N	N	Y	N	N	61000000	14000000	0.25	15250000.0	0.0	0.0	0.0	15250000.0																15250000.0	
