ACCESSION_NUMBER	SO_ID	SECURITIESOFFEREDTYPES	SECURITIESOFFEREDOTHERDESC
0001065949-16-000503	1	Equity (common or preferred stock)	
0001144204-16-126223	1	Equity (common or preferred stock)	
0001144204-16-126217	1	Equity (common or preferred stock)	
0001144204-16-126210	1	Equity (common or preferred stock)	
0001144204-16-126083	1	Other(describe)	Limited Recourse Obligation (LRO), a limited debt obligation of the issuer
0001193125-16-725703	1	Equity (common or preferred stock)	
0001193125-16-725455	1	Equity (common or preferred stock)	
0001477932-16-012734	1	Equity (common or preferred stock)	
0001654954-16-002437	1	Equity (common or preferred stock)	
0001477932-16-012725	1	Debt	
0001144204-16-125700	1	Other(describe)	Limited Recourse Obligation (LRO), a limited debt obligation of the issuer
0001671395-16-000003	1	Equity (common or preferred stock)	
0001213900-16-017011	1	Equity (common or preferred stock)	
0001144204-16-125234	1	Equity (common or preferred stock)	
0001677331-16-000006	1	Equity (common or preferred stock)	
0001144204-16-125100	1	Equity (common or preferred stock)	
0001144204-16-125098	1	Equity (common or preferred stock)	
0001144204-16-125095	1	Equity (common or preferred stock)	
0001213900-16-016966	1	Equity (common or preferred stock)	
0001193125-16-718305	1	Equity (common or preferred stock)	
0001680862-16-000004	2	Debt	
0001680862-16-000004	1	Equity (common or preferred stock)	
0001144204-16-124970	1	Equity (common or preferred stock)	
0001678727-16-000011	1	Equity (common or preferred stock)	
0001654954-16-002336	1	Equity (common or preferred stock)	
0001477932-16-012630	1	Debt	
0001193125-16-715137	1	Equity (common or preferred stock)	
0001642079-16-000006	1	Equity (common or preferred stock)	
0001671132-16-000007	1	Equity (common or preferred stock)	
0001644600-16-000189	1	Equity (common or preferred stock)	
0001644600-16-000187	1	Equity (common or preferred stock)	
0001682391-16-000010	1	Equity (common or preferred stock)	
0001144204-16-124384	1	Equity (common or preferred stock)	
0001673239-16-000029	1	Equity (common or preferred stock)	
0001654954-16-002216	1	Equity (common or preferred stock)	
0001654954-16-002220	1	Equity (common or preferred stock)	
0001640334-16-001685	1	Equity (common or preferred stock)	
0001415889-16-007133	1	Equity (common or preferred stock)	
0001213900-16-016750	1	Equity (common or preferred stock)	
0001677110-16-000014	2	Debt	
0001677110-16-000014	1	Equity (common or preferred stock)	
0001677092-16-000004	1	Equity (common or preferred stock)	
0001677092-16-000004	2	Debt	
0001682391-16-000009	1	Equity (common or preferred stock)	
0001144204-16-123541	1	Other(describe)	Limited Recourse Obligation (LRO), a limited debt obligation of the issuer
0001144204-16-123503	1	Other(describe)	Limited Recourse Obligation (LRO), a limited debt obligation of the issuer
0001678727-16-000010	1	Equity (common or preferred stock)	
0001684242-16-000001	1	Equity (common or preferred stock)	
0001477932-16-012403	1	Equity (common or preferred stock)	
0001214659-16-013618	1	Equity (common or preferred stock)	
0001681222-16-000004	1	Equity (common or preferred stock)	
0001681222-16-000003	1	Equity (common or preferred stock)	
0001683499-16-000001	1	Equity (common or preferred stock)	
0001671132-16-000006	1	Equity (common or preferred stock)	
0001144204-16-122894	1	Equity (common or preferred stock)	
0001193125-16-700718	3	Security to be acquired upon exercise of option, warrant or other right to acquire security	
0001193125-16-700718	2	Option, warrant or other right to acquire another security	
0001193125-16-700718	1	Equity (common or preferred stock)	
0001477932-16-012367	1	Debt	
0001477932-16-012365	1	Equity (common or preferred stock)	
0001437749-16-038286	1	Equity (common or preferred stock)	
0001477932-16-012355	1	Equity (common or preferred stock)	
0001671132-16-000003	1	Equity (common or preferred stock)	
0001477932-16-012321	1	Equity (common or preferred stock)	
0001477932-16-012308	1	Equity (common or preferred stock)	
0001675426-16-000049	1	Equity (common or preferred stock)	
0001658959-16-000011	1	Other(describe)	Equity (Units)
0001682391-16-000006	1	Equity (common or preferred stock)	
0001144204-16-121631	1	Other(describe)	Limited Recourse Obligation (LRO), a limited debt obligation of the issuer
0001682391-16-000004	1	Equity (common or preferred stock)	
0001010549-16-000706	1	Other(describe)	Units of LLC Interest
0001680862-16-000003	1	Equity (common or preferred stock)	
0001680862-16-000003	2	Debt	
0001493152-16-012869	1	Equity (common or preferred stock)	
0001680579-16-000004	1	Equity (common or preferred stock)	
0001644600-16-000182	1	Equity (common or preferred stock)	
0001682391-16-000002	1	Equity (common or preferred stock)	
0001677110-16-000013	2	Debt	
0001677110-16-000013	1	Equity (common or preferred stock)	
0001079974-16-001550	1	Equity (common or preferred stock)	
0001144204-16-120639	1	Equity (common or preferred stock)	
0001144204-16-120624	1	Equity (common or preferred stock)	
0001193125-16-686861	1	Equity (common or preferred stock)	
0001144204-16-120426	1	Other(describe)	Limited Recourse Obligation (LRO), a limited debt obligation of the issuer
0001493152-16-012672	1	Equity (common or preferred stock)	
0001673239-16-000028	1	Equity (common or preferred stock)	
0001477932-16-012100	1	Equity (common or preferred stock)	
0001677331-16-000004	1	Equity (common or preferred stock)	
0001493152-16-012602	1	Equity (common or preferred stock)	
0001477932-16-011968	1	Equity (common or preferred stock)	
0001193125-16-682145	2	Other(describe)	Shareholders of Landmark Bank will have the option of choosing The Landrum Company common stock, preferred stock, or cash as merger consideration.  Answers below assume all elections are for common stock.
0001193125-16-682145	1	Equity (common or preferred stock)	
0001493152-16-012524	1	Equity (common or preferred stock)	
0001193125-16-681557	2	Other(describe)	Shareholders of Landmark Bank will have the option of choosing The Landrum Company common stock, preferred stock, or cash as merger consideration.  Answers below assume all elections are for common stock.
0001193125-16-681557	1	Equity (common or preferred stock)	
0001144204-16-118820	1	Equity (common or preferred stock)	
0001654954-16-001501	1	Equity (common or preferred stock)	
0001506275-16-000008	1	Other(describe)	unsecured fixed-rate investment certificates
0001104659-16-139302	1	Equity (common or preferred stock)	
0001658959-16-000010	1	Equity (common or preferred stock)	
0001214659-16-013132	1	Equity (common or preferred stock)	
0001477932-16-011759	1	Equity (common or preferred stock)	
0001144204-16-118123	1	Equity (common or preferred stock)	
0001213900-16-015713	1	Equity (common or preferred stock)	
0001644600-16-000178	1	Equity (common or preferred stock)	
0001675426-16-000034	1	Equity (common or preferred stock)	
0001681222-16-000001	1	Equity (common or preferred stock)	
0001681524-16-000001	1	Equity (common or preferred stock)	
0001144204-16-117826	1	Equity (common or preferred stock)	
0001449112-16-000008	1	Equity (common or preferred stock)	
0001104659-16-137650	1	Equity (common or preferred stock)	
0001657737-16-000012	1	Equity (common or preferred stock)	
0001144204-16-116832	1	Other(describe)	Limited Recourse Obligation (LRO), a limited debt obligation of the issuer
0001493152-16-012031	1	Equity (common or preferred stock)	
0001079974-16-001462	1	Equity (common or preferred stock)	
0001678727-16-000009	1	Equity (common or preferred stock)	
0001065949-16-000470	1	Equity (common or preferred stock)	
0001579586-16-000020	1	Equity (common or preferred stock)	
0001144204-16-116387	1	Equity (common or preferred stock)	
0001079974-16-001459	1	Equity (common or preferred stock)	
0001673430-16-000012	3	Security to be acquired upon exercise of option, warrant or other right to acquire security	
0001673430-16-000012	2	Option, warrant or other right to acquire another security	
0001673430-16-000012	1	Equity (common or preferred stock)	
0001681343-16-000001	1	Equity (common or preferred stock)	
0001144204-16-116086	1	Equity (common or preferred stock)	
0001671132-16-000001	1	Equity (common or preferred stock)	
0001193125-16-668150	1	Equity (common or preferred stock)	
0001193125-16-668150	2	Other(describe)	Shareholders of Landmark Bank will have the option of choosing The Landrum Company common stock, preferred stock, or cash as merger consideration.  Answers below assume all elections are for common stock.
0001579586-16-000019	1	Equity (common or preferred stock)	
0001654954-16-001034	1	Equity (common or preferred stock)	
0001673430-16-000011	3	Security to be acquired upon exercise of option, warrant or other right to acquire security	
0001673430-16-000011	2	Option, warrant or other right to acquire another security	
0001673430-16-000011	1	Equity (common or preferred stock)	
0001193125-16-662414	1	Equity (common or preferred stock)	
0001671084-16-000007	1	Debt	
0001680862-16-000001	2	Debt	
0001680862-16-000001	1	Equity (common or preferred stock)	
0001213900-16-015287	2	Option, warrant or other right to acquire another security	
0001213900-16-015287	1	Equity (common or preferred stock)	
0001678727-16-000006	1	Equity (common or preferred stock)	
0001657737-16-000010	1	Equity (common or preferred stock)	
0001677159-16-000003	1	Equity (common or preferred stock)	
0001144204-16-114202	1	Other(describe)	Limited Recourse Obligation (LRO), a limited debt obligation of the issuer
0001646269-16-000019	1	Equity (common or preferred stock)	
0001144204-16-113999	1	Equity (common or preferred stock)	
0001193125-16-653546	1	Equity (common or preferred stock)	
0001677110-16-000012	1	Debt	
0001673430-16-000009	3	Security to be acquired upon exercise of option, warrant or other right to acquire security	
0001673430-16-000009	2	Option, warrant or other right to acquire another security	
0001673430-16-000009	1	Equity (common or preferred stock)	
0001104659-16-133316	1	Equity (common or preferred stock)	
0001646269-16-000018	1	Equity (common or preferred stock)	
0001193125-16-649459	3	Security to be acquired upon exercise of option, warrant or other right to acquire security	
0001193125-16-649459	2	Option, warrant or other right to acquire another security	
0001193125-16-649459	1	Equity (common or preferred stock)	
0001174947-16-002881	1	Equity (common or preferred stock)	
0001144204-16-113146	1	Other(describe)	Limited Recourse Obligation (LRO), a limited debt obligation of the issuer
0001214659-16-012685	1	Equity (common or preferred stock)	
0001675426-16-000020	1	Equity (common or preferred stock)	
0001677331-16-000002	1	Equity (common or preferred stock)	
0001144204-16-112941	1	Equity (common or preferred stock)	
0001065949-16-000454	1	Equity (common or preferred stock)	
0001644600-16-000167	1	Equity (common or preferred stock)	
0001678727-16-000003	1	Equity (common or preferred stock)	
0001673239-16-000024	1	Equity (common or preferred stock)	
0001144204-16-112275	1	Equity (common or preferred stock)	
0001644600-16-000165	1	Equity (common or preferred stock)	
0001144204-16-112245	1	Equity (common or preferred stock)	
0001193125-16-644284	1	Equity (common or preferred stock)	
0001579586-16-000018	1	Equity (common or preferred stock)	
0001144204-16-111941	1	Other(describe)	Limited Recourse Obligation (LRO), a limited debt obligation of the issuer
0001644600-16-000163	1	Equity (common or preferred stock)	
0001675426-16-000017	1	Equity (common or preferred stock)	
0001579586-16-000017	1	Equity (common or preferred stock)	
0001644600-16-000161	1	Equity (common or preferred stock)	
0001657737-16-000009	1	Equity (common or preferred stock)	
0001144204-16-111624	1	Other(describe)	Limited Recourse Obligation (LRO), a limited debt obligation of the issuer
0001640334-16-001301	1	Equity (common or preferred stock)	
0001079974-16-001397	1	Equity (common or preferred stock)	
0001646269-16-000017	1	Equity (common or preferred stock)	
0001677092-16-000002	1	Debt	
0001493152-16-011222	1	Equity (common or preferred stock)	
0001144204-16-110990	1	Equity (common or preferred stock)	
