ACCESSION_NUMBER	SECURITY_ID	SECURITIESISSUERNAME	SECURITIESISSUERTITLE	SECURITIESISSUEDTOTALAMOUNT	SECURITIESPRINCIPALHOLDERAMT	SECURITIESISSUEDAGGREGATEAMT	AGGREGATECONSIDERATIONBASIS
0001065949-16-000503	1	HYGEN INDUSTRIES, INC.	COMMON STOCK	10000000	0	None (Services).	
0001144204-16-126223	1	Fundrise West Coast Opportunistic REIT, LLC	Common Shares	500	500	$5,000 ($10.00 per common share)	same as above
0001144204-16-126217	1	Fundrise Midland Opportunistic REIT, LLC	Common Shares	500	500	$5,000 ($10.00 per common share)	same as above
0001144204-16-126210	1	Fundrise East Coast Opportunistic REIT, LLC	Common Shares	500	500	$5,000 ($10.00 per common share)	same as above
0001144204-16-126083	2	Groundfloor Finance Inc.	LROs	13601140	0	LROs were issued for aggregate principal amount of $13,601,140.  LROs in the amount of $505,000 were issued and sold pursuant to Offering Circular File No. 024-10440, LROs in the amount of $1,329,000 were issued and sold pursuant to Offering Circular File No. 024-10488 and LROs in the amount of $11,767,140 were issued and sold pursuant to Offering Circular File No. 024-10496 (as may be amended and supplemented from time to time).	
0001144204-16-126083	3	Groundfloor Finance Inc.	LROs	13601140	0	LROs were issued for aggregate principal amount of $13,601,140.  LROs in the amount of $505,000 were issued and sold pursuant to Offering Circular File No. 024-10440, LROs in the amount of $1,329,000 were issued and sold pursuant to Offering Circular File No. 024-10488 and LROs in the amount of $11,767,140 were issued and sold pursuant to Offering Circular File No. 024-10496 (as may be amended and supplemented from time to time).	
0001144204-16-126083	1	Groundfloor Finance Inc.	LROs	13601140	0	LROs were issued for aggregate principal amount of $13,601,140.  LROs in the amount of $505,000 were issued and sold pursuant to Offering Circular File No. 024-10440, LROs in the amount of $1,329,000 were issued and sold pursuant to Offering Circular File No. 024-10488 and LROs in the amount of $11,767,140 were issued and sold pursuant to Offering Circular File No. 024-10496 (as may be amended and supplemented from time to time).	
0001193125-16-725703	1	Cottonwood Multifamily REIT II, Inc.	Common stock	1000	1000	10,000 paid in cash.	10,000 paid in cash.
0001654954-16-002437	2	HC Government Realty Trust, Inc.	7.00 percent Series A Cumulative Convertible Preferred Stock	144500	0	Our company issued 144,500 shares of its 7.00% Series A Cumulative Convertible Preferred Stock for consideration of $25.00 per share, $3,612,500 in the aggregate. The consideration for which the securities were issued was determined by management.	
0001654954-16-002437	1	HC Government Realty Trust, Inc.	7.00 percent Series A Cumulative Convertible Preferred Stock	144500	0	Our company issued 144,500 shares of its 7.00% Series A Cumulative Convertible Preferred Stock for consideration of $25.00 per share, $3,612,500 in the aggregate. The consideration for which the securities were issued was determined by management.	
0001477932-16-012725	1	GK Investment Holdings, LLC	Class A & Class B units	246779460	0	None	
0001144204-16-125700	3	Groundfloor Finance Inc.	LROs	13601140	0	LROs were issued for aggregate principal amount of $13,601,140.  LROs in the amount of $505,000 were issued and sold pursuant to Offering Circular File No. 024-10440, LROs in the amount of $1,329,000 were issued and sold pursuant to Offering Circular File No. 024-10488 and LROs in the amount of $11,767,140 were issued and sold pursuant to Offering Circular File No. 024-10496 (as may be amended and supplemented from time to time).	
0001144204-16-125700	1	Groundfloor Finance Inc.	LROs	13601140	0	LROs were issued for aggregate principal amount of $13,601,140.  LROs in the amount of $505,000 were issued and sold pursuant to Offering Circular File No. 024-10440, LROs in the amount of $1,329,000 were issued and sold pursuant to Offering Circular File No. 024-10488 and LROs in the amount of $11,767,140 were issued and sold pursuant to Offering Circular File No. 024-10496 (as may be amended and supplemented from time to time).	
0001144204-16-125700	2	Groundfloor Finance Inc.	LROs	13601140	0	LROs were issued for aggregate principal amount of $13,601,140.  LROs in the amount of $505,000 were issued and sold pursuant to Offering Circular File No. 024-10440, LROs in the amount of $1,329,000 were issued and sold pursuant to Offering Circular File No. 024-10488 and LROs in the amount of $11,767,140 were issued and sold pursuant to Offering Circular File No. 024-10496 (as may be amended and supplemented from time to time).	
0001213900-16-017011	1	Fig Publishing, Inc.	Common Stock	1000000	0	$493,470. The issuer's parent, Loose Tooth Industries, Inc., formed the issuer on October 8, 2015 and transferred assets with a carrying value of $104,540 and incurred expenses on the issuer's behalf of $388,930, as shown in the issuer's financial statements. Upon formation, one share was transferred to the parent, but this was later split into 1,000,000 shares, when the issuer's charter was amended in December 2015.	
0001677331-16-000006	1	ViVA CONSULTING GROUP INC.	Commomn	15000000	0	250	
0001144204-16-125100	1	Fundrise West Coast Opportunistic REIT, LLC	Common Shares	500	500	$5,000 ($10.00 per common share)	same as above
0001144204-16-125098	1	Fundrise Midland Opportunistic REIT, LLC	Common Shares	500	500	$5,000 ($10.00 per common share)	same as above
0001144204-16-125095	1	Fundrise East Coast Opportunistic REIT, LLC	Common Shares	500	500	$5,000 ($10.00 per common share)	same as above
0001213900-16-016966	5	DatChat, Inc.	Common Stock	2775000	0	No cash consideration was paid. Shares issued in consideration of consulting services rendered. Based on $.20 per share.	
0001213900-16-016966	4	DatChat, Inc.	Common Stock	2775000	0	No cash consideration was paid. Shares issued in consideration of consulting services rendered. Based on $.20 per share.	
0001213900-16-016966	1	DatChat, Inc.	Common Stock	2775000	0	No cash consideration was paid. Shares issued in consideration of consulting services rendered. Based on $.20 per share.	
0001213900-16-016966	2	DatChat, Inc.	Common Stock	2775000	0	No cash consideration was paid. Shares issued in consideration of consulting services rendered. Based on $.20 per share.	
0001213900-16-016966	3	DatChat, Inc.	Common Stock	2775000	0	No cash consideration was paid. Shares issued in consideration of consulting services rendered. Based on $.20 per share.	
0001680862-16-000004	1	ECO-WASTE POWER, INC.	common shares	15000000	0	104000	
0001144204-16-124970	1	Fundrise Real Estate Investment Trust, LLC	Common Shares	52977	0	$529,770 ($10.00 per common share)	
0001654954-16-002336	1	VidAngel, Inc.	Class A Common Stock	4592651	0	Class A Common Stock issued pursuant to conversion of the first tranche of convertible notes, or CNR1, for an aggregate price of $285,059.40 ($0.30 per share); and Class A Common Stock issued pursuant to conversion of the second tranche of convertible notes, CNR2, for an aggregate price of $1,634,400.11 (or $0.634 average price per share) and the remaining shares of Class A Common stock were sold for an aggregate price of $1,000,000 ($0.9383 per share). The price for these shares was determined by negotiation between the parties.	
0001654954-16-002336	2	VidAngel, Inc.	Class A Common Stock	4592651	0	Class A Common Stock issued pursuant to conversion of the first tranche of convertible notes, or CNR1, for an aggregate price of $285,059.40 ($0.30 per share); and Class A Common Stock issued pursuant to conversion of the second tranche of convertible notes, CNR2, for an aggregate price of $1,634,400.11 (or $0.634 average price per share) and the remaining shares of Class A Common stock were sold for an aggregate price of $1,000,000 ($0.9383 per share). The price for these shares was determined by negotiation between the parties.	
0001477932-16-012630	1	GK Investment Holdings, LLC	Class A & Class B units	246779460	0	None	
0001671132-16-000007	1	HempTech Corp.	Preferred Stock	273666	0	$82000 at $0.30 per share	
0001193125-16-715137	1	Ength Degree LLC; XY - the Findables Company	Profits Interest Units	23600000	0	$5,328,035 based on capital contributions in Ength Degree LLC in exchange for units, with such untis converting into shares of Class B common stock of the Company	
0001193125-16-715137	3	Ength Degree LLC; XY - the Findables Company	Profits Interest Units	23600000	0	$5,328,035 based on capital contributions in Ength Degree LLC in exchange for units, with such untis converting into shares of Class B common stock of the Company	
0001193125-16-715137	2	Ength Degree LLC; XY - the Findables Company	Profits Interest Units	23600000	0	$5,328,035 based on capital contributions in Ength Degree LLC in exchange for units, with such untis converting into shares of Class B common stock of the Company	
0001644600-16-000187	1	UNATION, LLC	Series B Units	260287	0	$3,123,443 at par	
0001144204-16-124384	1	Fundrise Real Estate Investment Trust, LLC	Common Shares	52977	0	$529,770 ($10.00 per common share)	
0001654954-16-002216	1	HC Government Realty Trust, Inc.	7.00 percent Series A Cumulative Convertible Preferred Stock	144500	0	Our company issued 144,500 shares of its 7.00% Series A Cumulative Convertible Preferred Stock for consideration of $25.00 per share, $3,612,500 in the aggregate. The consideration for which the securities were issued was determined by management.	
0001654954-16-002216	2	HC Government Realty Trust, Inc.	7.00 percent Series A Cumulative Convertible Preferred Stock	144500	0	Our company issued 144,500 shares of its 7.00% Series A Cumulative Convertible Preferred Stock for consideration of $25.00 per share, $3,612,500 in the aggregate. The consideration for which the securities were issued was determined by management.	
0001673239-16-000029	1	MAYFLOWER INVESTMENT GROUP INC	COMMON	500000	500000	0.001 par value	0
0001673239-16-000029	2	MAYFLOWER INVESTMENT GROUP INC	COMMON	500000	500000	0.001 par value	0
0001654954-16-002220	2	VidAngel, Inc.	Class A Common Stock	4592651	0	Class A Common Stock issued pursuant to conversion of the first tranche of convertible notes, or CNR1, for an aggregate price of $285,059.40 ($0.30 per share); and Class A Common Stock issued pursuant to conversion of the second tranche of convertible notes, CNR2, for an aggregate price of $1,634,400.11 (or $0.634 average price per share) and the remaining shares of Class A Common stock were sold for an aggregate price of $1,000,000 ($0.9383 per share). The price for these shares was determined by negotiation between the parties.	
0001654954-16-002220	1	VidAngel, Inc.	Class A Common Stock	4592651	0	Class A Common Stock issued pursuant to conversion of the first tranche of convertible notes, or CNR1, for an aggregate price of $285,059.40 ($0.30 per share); and Class A Common Stock issued pursuant to conversion of the second tranche of convertible notes, CNR2, for an aggregate price of $1,634,400.11 (or $0.634 average price per share) and the remaining shares of Class A Common stock were sold for an aggregate price of $1,000,000 ($0.9383 per share). The price for these shares was determined by negotiation between the parties.	
0001640334-16-001685	1	YILOLIFE INC.	Class A Common Stock	133000	0	No consideration was as they were issued to employees of the company as part of an Equity Incentive Plan.	
0001640334-16-001685	2	YILOLIFE INC.	Class A Common Stock	133000	0	No consideration was as they were issued to employees of the company as part of an Equity Incentive Plan.	
0001415889-16-007133	1	Stocoil Inc.	Common stock	4250000	4250000	$3,400 ($0.0008 per share) based upon the Company management's discretion	3400
0001415889-16-007133	3	Stocoil Inc.	Common stock	4250000	4250000	$3,400 ($0.0008 per share) based upon the Company management's discretion	3400
0001415889-16-007133	2	Stocoil Inc.	Common stock	4250000	4250000	$3,400 ($0.0008 per share) based upon the Company management's discretion	3400
0001213900-16-016750	1	Fig Publishing, Inc.	Common Stock	1000000	0	$493,470. The issuer's parent, Loose Tooth Industries, Inc., formed the issuer on October 8, 2015 and transferred assets with a carrying value of $104,540 and incurred expenses on the issuer's behalf of $388,930, as shown in the issuer's financial statements. Upon formation, one share was transferred to the parent, but this was later split into 1,000,000 shares, when the issuer's charter was amended in December 2015.	
0001677110-16-000014	1	Astics Inc	Common Stock	15000000	0	3000	
0001677092-16-000004	1	Alliance Fright Lines Inc	Common Stock	15000000	0	1500	
0001144204-16-123541	2	Groundfloor Finance Inc.	LROs	13601140	0	LROs were issued for aggregate principal amount of $13,601,140.  LROs in the amount of $505,000 were issued and sold pursuant to Offering Circular File No. 024-10440, LROs in the amount of $1,329,000 were issued and sold pursuant to Offering Circular File No. 024-10488 and LROs in the amount of $11,767,140 were issued and sold pursuant to Offering Circular File No. 024-10496 (as may be amended and supplemented from time to time).	
0001144204-16-123541	1	Groundfloor Finance Inc.	LROs	13601140	0	LROs were issued for aggregate principal amount of $13,601,140.  LROs in the amount of $505,000 were issued and sold pursuant to Offering Circular File No. 024-10440, LROs in the amount of $1,329,000 were issued and sold pursuant to Offering Circular File No. 024-10488 and LROs in the amount of $11,767,140 were issued and sold pursuant to Offering Circular File No. 024-10496 (as may be amended and supplemented from time to time).	
0001144204-16-123541	3	Groundfloor Finance Inc.	LROs	13601140	0	LROs were issued for aggregate principal amount of $13,601,140.  LROs in the amount of $505,000 were issued and sold pursuant to Offering Circular File No. 024-10440, LROs in the amount of $1,329,000 were issued and sold pursuant to Offering Circular File No. 024-10488 and LROs in the amount of $11,767,140 were issued and sold pursuant to Offering Circular File No. 024-10496 (as may be amended and supplemented from time to time).	
0001144204-16-123503	3	Groundfloor Finance Inc.	LROs	13601140	0	LROs were issued for aggregate principal amount of $13,601,140.  LROs in the amount of $505,000 were issued and sold pursuant to Offering Circular File No. 024-10440, LROs in the amount of $1,329,000 were issued and sold pursuant to Offering Circular File No. 024-10488 and LROs in the amount of $11,767,140 were issued and sold pursuant to Offering Circular File No. 024-10496 (as may be amended and supplemented from time to time).	
0001144204-16-123503	2	Groundfloor Finance Inc.	LROs	13601140	0	LROs were issued for aggregate principal amount of $13,601,140.  LROs in the amount of $505,000 were issued and sold pursuant to Offering Circular File No. 024-10440, LROs in the amount of $1,329,000 were issued and sold pursuant to Offering Circular File No. 024-10488 and LROs in the amount of $11,767,140 were issued and sold pursuant to Offering Circular File No. 024-10496 (as may be amended and supplemented from time to time).	
0001144204-16-123503	1	Groundfloor Finance Inc.	LROs	13601140	0	LROs were issued for aggregate principal amount of $13,601,140.  LROs in the amount of $505,000 were issued and sold pursuant to Offering Circular File No. 024-10440, LROs in the amount of $1,329,000 were issued and sold pursuant to Offering Circular File No. 024-10488 and LROs in the amount of $11,767,140 were issued and sold pursuant to Offering Circular File No. 024-10496 (as may be amended and supplemented from time to time).	
0001477932-16-012403	1	United Group Fund, Inc.	Preferred Stock	3963300	0	$39,636 at $0.01 per share	
0001214659-16-013618	1	YOBI CAPITAL FUND CORPORATION	Class A Common Stock	222222	0	100000	
0001671132-16-000006	1	HempTech Corp.	Preferred Stock	273666	0	$82000 at $0.30 per share	
0001193125-16-700718	2	KeyStone Solutions, Inc.	Subordinated Warrant to purchase up to 125,000 shares of Common Stock of KeyStone Solutions, Inc. issued to a single accredited investor.	62500	0	"On March 16, 2016, Keystone Solutions, Inc. (the ""Company"") entered into a Subordinated Note and Warrant Purchase Agreement pursuant to which the Company agreed to issue up to $1,000,000 in subordinated debt and warrants to purchase up to 125,000 shares of the Company's common stock.  The exercise price for the Subordinated Note Warrants is equal to $2.00 per share of common stock.  As of the date of this filing, subordinated notes with a face amount of $500,000 and subordinated note warrants to purchase 62,500 shares of the Company's common stock have been issued to one accredited investor, as set forth in more detail in the accompanying Offering Circular."	$0 - as set forth in the accompanying Offering Circular, on March 31, 2016 the existing stockholders of AOC Key Solutions, Inc. exchanged 100% of their outstanding shares of common stock in AOC Key Solutions for proportionate shares of KeyStone Solutions, Inc. common stock as part of the reorganization, as set forth in more detail in the accompanying Offering Circular.
0001193125-16-700718	1	KeyStone Solutions, Inc.	Subordinated Warrant to purchase up to 125,000 shares of Common Stock of KeyStone Solutions, Inc. issued to a single accredited investor.	62500	0	"On March 16, 2016, Keystone Solutions, Inc. (the ""Company"") entered into a Subordinated Note and Warrant Purchase Agreement pursuant to which the Company agreed to issue up to $1,000,000 in subordinated debt and warrants to purchase up to 125,000 shares of the Company's common stock.  The exercise price for the Subordinated Note Warrants is equal to $2.00 per share of common stock.  As of the date of this filing, subordinated notes with a face amount of $500,000 and subordinated note warrants to purchase 62,500 shares of the Company's common stock have been issued to one accredited investor, as set forth in more detail in the accompanying Offering Circular."	$0 - as set forth in the accompanying Offering Circular, on March 31, 2016 the existing stockholders of AOC Key Solutions, Inc. exchanged 100% of their outstanding shares of common stock in AOC Key Solutions for proportionate shares of KeyStone Solutions, Inc. common stock as part of the reorganization, as set forth in more detail in the accompanying Offering Circular.
0001477932-16-012355	1	United Group Fund, Inc.	Preferred Stock	3963300	0	$39,636 at $0.01 per share	
0001671132-16-000003	1	HempTech Corp.	Preferred Stock	273666	0	$82000 at $0.30 per share	
0001477932-16-012321	1	United Group Fund, Inc.	Preferred Stock	3963300	0	$39,636 at $0.01 per share	
0001477932-16-012308	1	XReal, Inc.	Common Stock	10000000	0	$333,000 in cash plus founders' services	
0001675426-16-000049	1	Sigmata Electronics, Inc.	common stock	40000000	40000000	.0001 par value	Section 4(2) of the Act.
0001144204-16-121631	1	Groundfloor Finance Inc.	LROs	13353540	0	LROs were issued for aggregate principal amount of $13,353,540.  LROs in the amount of $505,000 were issued and sold pursuant to Offering Circular File No. 024-10440, LROs in the amount of $1,329,000 were issued and sold pursuant to Offering Circular File No. 024-10488 and LROs in the amount of $11,519,540 were issued and sold pursuant to Offering Circular File No. 024-10496 (as may be amended and supplemented from time to time).	
0001144204-16-121631	2	Groundfloor Finance Inc.	LROs	13353540	0	LROs were issued for aggregate principal amount of $13,353,540.  LROs in the amount of $505,000 were issued and sold pursuant to Offering Circular File No. 024-10440, LROs in the amount of $1,329,000 were issued and sold pursuant to Offering Circular File No. 024-10488 and LROs in the amount of $11,519,540 were issued and sold pursuant to Offering Circular File No. 024-10496 (as may be amended and supplemented from time to time).	
0001144204-16-121631	4	Groundfloor Finance Inc.	LROs	13353540	0	LROs were issued for aggregate principal amount of $13,353,540.  LROs in the amount of $505,000 were issued and sold pursuant to Offering Circular File No. 024-10440, LROs in the amount of $1,329,000 were issued and sold pursuant to Offering Circular File No. 024-10488 and LROs in the amount of $11,519,540 were issued and sold pursuant to Offering Circular File No. 024-10496 (as may be amended and supplemented from time to time).	
0001144204-16-121631	3	Groundfloor Finance Inc.	LROs	13353540	0	LROs were issued for aggregate principal amount of $13,353,540.  LROs in the amount of $505,000 were issued and sold pursuant to Offering Circular File No. 024-10440, LROs in the amount of $1,329,000 were issued and sold pursuant to Offering Circular File No. 024-10488 and LROs in the amount of $11,519,540 were issued and sold pursuant to Offering Circular File No. 024-10496 (as may be amended and supplemented from time to time).	
0001680862-16-000003	1	ECO-WASTE POWER, INC.	common shares	15000000	0	104000	
0001493152-16-012869	2	BioSculpture Technology, Inc.	Common stock	29823	0	25,236 shares for mezzanine bond conversion at maturity of $50,000 principal and $5,014 accrued bond interest at $2.18/share; 45,872 shares sold at $1.09 per share; 4,587 shares for $10,000 @ 2.18/share.	
0001493152-16-012869	1	BioSculpture Technology, Inc.	Common stock	29823	0	25,236 shares for mezzanine bond conversion at maturity of $50,000 principal and $5,014 accrued bond interest at $2.18/share; 45,872 shares sold at $1.09 per share; 4,587 shares for $10,000 @ 2.18/share.	
0001644600-16-000182	1	UNATION, LLC	Series B Units	260287	0	$3,123,443 at par	
0001677110-16-000013	1	Astics Inc	Common Stock	15000000	0	3000	
0001144204-16-120426	4	Groundfloor Finance Inc.	LROs	13353540	0	LROs were issued for aggregate principal amount of $13,353,540.  LROs in the amount of $505,000 were issued and sold pursuant to Offering Circular File No. 024-10440, LROs in the amount of $1,329,000 were issued and sold pursuant to Offering Circular File No. 024-10488 and LROs in the amount of $11,519,540 were issued and sold pursuant to Offering Circular File No. 024-10496 (as may be amended and supplemented from time to time).	
0001144204-16-120426	3	Groundfloor Finance Inc.	LROs	13353540	0	LROs were issued for aggregate principal amount of $13,353,540.  LROs in the amount of $505,000 were issued and sold pursuant to Offering Circular File No. 024-10440, LROs in the amount of $1,329,000 were issued and sold pursuant to Offering Circular File No. 024-10488 and LROs in the amount of $11,519,540 were issued and sold pursuant to Offering Circular File No. 024-10496 (as may be amended and supplemented from time to time).	
0001144204-16-120426	2	Groundfloor Finance Inc.	LROs	13353540	0	LROs were issued for aggregate principal amount of $13,353,540.  LROs in the amount of $505,000 were issued and sold pursuant to Offering Circular File No. 024-10440, LROs in the amount of $1,329,000 were issued and sold pursuant to Offering Circular File No. 024-10488 and LROs in the amount of $11,519,540 were issued and sold pursuant to Offering Circular File No. 024-10496 (as may be amended and supplemented from time to time).	
0001144204-16-120426	1	Groundfloor Finance Inc.	LROs	13353540	0	LROs were issued for aggregate principal amount of $13,353,540.  LROs in the amount of $505,000 were issued and sold pursuant to Offering Circular File No. 024-10440, LROs in the amount of $1,329,000 were issued and sold pursuant to Offering Circular File No. 024-10488 and LROs in the amount of $11,519,540 were issued and sold pursuant to Offering Circular File No. 024-10496 (as may be amended and supplemented from time to time).	
0001493152-16-012672	2	Greenbelt Resources Corporation	Unsecured Convertible Notes	7	0	At issuance, the notes have an aggregate principal amount of $90,000 and are convertible into common stock at prices ranging from $0.018 - $0.028 per share.	
0001493152-16-012672	1	Greenbelt Resources Corporation	Unsecured Convertible Notes	7	0	At issuance, the notes have an aggregate principal amount of $90,000 and are convertible into common stock at prices ranging from $0.018 - $0.028 per share.	
0001673239-16-000028	2	MAYFLOWER INVESTMENT GROUP INC	COMMON	500000	500000	0.001 par value	0
0001673239-16-000028	1	MAYFLOWER INVESTMENT GROUP INC	COMMON	500000	500000	0.001 par value	0
0001677331-16-000004	1	ViVA CONSULTING GROUP INC.	Commomn	15000000	0	250	
0001493152-16-012602	1	BioSculpture Technology, Inc.	Common stock	29823	0	25,236 shares for mezzanine bond conversion at maturity of $50,000 principal and $5,014 accrued bond interest at $2.18/share; 45,872 shares sold at $1.09 per share; 4,587 shares for $10,000 @ 2.18/share.	
0001493152-16-012602	2	BioSculpture Technology, Inc.	Common stock	29823	0	25,236 shares for mezzanine bond conversion at maturity of $50,000 principal and $5,014 accrued bond interest at $2.18/share; 45,872 shares sold at $1.09 per share; 4,587 shares for $10,000 @ 2.18/share.	
0001477932-16-011968	3	ShiftPixy, Inc.	Common Stock- Founder's Shares	50400000	0	$5,040 based upon a purchase price of par value or $.0001 per share.	
0001477932-16-011968	4	ShiftPixy, Inc.	Common Stock- Founder's Shares	50400000	0	$5,040 based upon a purchase price of par value or $.0001 per share.	
0001477932-16-011968	2	ShiftPixy, Inc.	Common Stock- Founder's Shares	50400000	0	$5,040 based upon a purchase price of par value or $.0001 per share.	
0001477932-16-011968	1	ShiftPixy, Inc.	Common Stock- Founder's Shares	50400000	0	$5,040 based upon a purchase price of par value or $.0001 per share.	
0001493152-16-012524	2	BioSculpture Technology, Inc.	Common stock	29823	0	25,236 shares for mezzanine bond conversion at maturity of $50,000 principal and $5,014 accrued bond interest at $2.18/share; 45,872 shares sold at $1.09 per share; 4,587 shares for $10,000 @ 2.18/share.	
0001493152-16-012524	1	BioSculpture Technology, Inc.	Common stock	29823	0	25,236 shares for mezzanine bond conversion at maturity of $50,000 principal and $5,014 accrued bond interest at $2.18/share; 45,872 shares sold at $1.09 per share; 4,587 shares for $10,000 @ 2.18/share.	
0001144204-16-118820	3	HOMEUNION HOLDINGS, INC.	Convertible Promissory Notes	12358500	0	$12,358,500 in cash proceeds.	
0001144204-16-118820	2	HOMEUNION HOLDINGS, INC.	Convertible Promissory Notes	12358500	0	$12,358,500 in cash proceeds.	
0001144204-16-118820	1	HOMEUNION HOLDINGS, INC.	Convertible Promissory Notes	12358500	0	$12,358,500 in cash proceeds.	
0001654954-16-001501	2	VidAngel, Inc.	Class A Common Stock	4592651	0	Class A Common Stock issued pursuant to conversion of the first tranche of convertible notes, or CNR1, for an aggregate price of $285,059.40 ($0.30 per share); and Class A Common Stock issued pursuant to conversion of the second tranche of convertible notes, CNR2, for an aggregate price of $1,634,400.11 (or $0.634 average price per share) and the remaining shares of Class A Common stock were sold for an aggregate price of $1,000,000 ($0.9383 per share). The price for these shares was determined by negotiation between the parties.	
0001654954-16-001501	1	VidAngel, Inc.	Class A Common Stock	4592651	0	Class A Common Stock issued pursuant to conversion of the first tranche of convertible notes, or CNR1, for an aggregate price of $285,059.40 ($0.30 per share); and Class A Common Stock issued pursuant to conversion of the second tranche of convertible notes, CNR2, for an aggregate price of $1,634,400.11 (or $0.634 average price per share) and the remaining shares of Class A Common stock were sold for an aggregate price of $1,000,000 ($0.9383 per share). The price for these shares was determined by negotiation between the parties.	
0001104659-16-139302	1	MogulREIT I, LLC	common shares	250	0	$2,500 (250 shares at $10.00 per common share)	
0001214659-16-013132	1	YOBI CAPITAL FUND CORPORATION	Class A Common Stock	222222	0	100000	
0001477932-16-011759	1	United Group Fund, Inc.	Preferred Stock	3963300	0	$39,636 at $0.01 per share	
0001213900-16-015713	1	Fig Publishing, Inc.	Common Stock	1000000	0	$493,470. The issuer's parent, Loose Tooth Industries, Inc., formed the issuer on October 8, 2015 and transferred assets with a carrying value of $104,540 and incurred expenses on the issuer's behalf of $388,930, as shown in the issuer's financial statements. Upon formation, one share was transferred to the parent, but this was later split into 1,000,000 shares, when the issuer's charter was amended in December 2015.	
0001675426-16-000034	1	Sigmata Electronics, Inc.	common stock	40000000	40000000	.0001 par value	Section 4(2) of the Act.
0001104659-16-137650	1	MogulREIT I, LLC	common shares	250	0	$2,500 (250 shares at $10.00 per common share)	
0001144204-16-116832	3	Groundfloor Finance Inc.	LROs	12024890	0	LROs were issued for aggregate principal amount of $12,024,890.  LROs in the amount of $505,000 were issued and sold pursuant to Offering Circular File No. 024-10440, LROs in the amount of $1,329,000 were issued and sold pursuant to Offering Circular File No. 024-10488 and LROs in the amount of $10,190,890 were issued and sold pursuant to Offering Circular File No. 024-10496 (as may be amended and supplemented from time to time).	
0001144204-16-116832	2	Groundfloor Finance Inc.	LROs	12024890	0	LROs were issued for aggregate principal amount of $12,024,890.  LROs in the amount of $505,000 were issued and sold pursuant to Offering Circular File No. 024-10440, LROs in the amount of $1,329,000 were issued and sold pursuant to Offering Circular File No. 024-10488 and LROs in the amount of $10,190,890 were issued and sold pursuant to Offering Circular File No. 024-10496 (as may be amended and supplemented from time to time).	
0001144204-16-116832	1	Groundfloor Finance Inc.	LROs	12024890	0	LROs were issued for aggregate principal amount of $12,024,890.  LROs in the amount of $505,000 were issued and sold pursuant to Offering Circular File No. 024-10440, LROs in the amount of $1,329,000 were issued and sold pursuant to Offering Circular File No. 024-10488 and LROs in the amount of $10,190,890 were issued and sold pursuant to Offering Circular File No. 024-10496 (as may be amended and supplemented from time to time).	
0001144204-16-116832	4	Groundfloor Finance Inc.	LROs	12024890	0	LROs were issued for aggregate principal amount of $12,024,890.  LROs in the amount of $505,000 were issued and sold pursuant to Offering Circular File No. 024-10440, LROs in the amount of $1,329,000 were issued and sold pursuant to Offering Circular File No. 024-10488 and LROs in the amount of $10,190,890 were issued and sold pursuant to Offering Circular File No. 024-10496 (as may be amended and supplemented from time to time).	
0001493152-16-012031	1	BioSculpture Technology, Inc.	Common stock	29823	0	25,236 shares for mezzanine bond conversion at maturity of $50,000 principal and $5,014 accrued bond interest at $2.18/share; 45,872 shares sold at $1.09 per share; 4,587 shares for $10,000 @ 2.18/share.	
0001493152-16-012031	2	BioSculpture Technology, Inc.	Common stock	29823	0	25,236 shares for mezzanine bond conversion at maturity of $50,000 principal and $5,014 accrued bond interest at $2.18/share; 45,872 shares sold at $1.09 per share; 4,587 shares for $10,000 @ 2.18/share.	
0001065949-16-000470	1	HYGEN INDUSTRIES, INC.	COMMON STOCK	10000000	0	None (Services).	
0001579586-16-000020	1	Finger Lakes Region Rural Broadband Company, Inc.	common/voting	588238	0	3000000, based upon original project size issue to first shareholders/founders at par value	
0001144204-16-116086	1	Medivie USA Inc.	Common stock	18000000	0	16,200,000 shares - $230,000 and licensing rights based on value of licensing rights and marketing needs; 1,800,000 shares - services valued at $30,000.	
0001671132-16-000001	1	HempTech Corp.	Preferred Stock	273666	0	$82000 at $0.30 per share	
0001579586-16-000019	1	Finger Lakes Region Rural Broadband Company, Inc.	common/voting	588238	0	3000000, based upon original project size issue to first shareholders/founders at par value	
0001654954-16-001034	2	HC Government Realty Trust, Inc.	7.00 percent Series A Cumulative Convertible Preferred Stock	144500	0	Our company issued 144,500 shares of its 7.00% Series A Cumulative Convertible Preferred Stock for consideration of $25.00 per share, $3,612,500 in the aggregate. The consideration for which the securities were issued was determined by management.	
0001654954-16-001034	1	HC Government Realty Trust, Inc.	7.00 percent Series A Cumulative Convertible Preferred Stock	144500	0	Our company issued 144,500 shares of its 7.00% Series A Cumulative Convertible Preferred Stock for consideration of $25.00 per share, $3,612,500 in the aggregate. The consideration for which the securities were issued was determined by management.	
0001671084-16-000007	1	Pikon Group	Common Stock	15000000	0	$1,500	
0001680862-16-000001	1	ECO-WASTE POWER, INC.	common shares	15000000	0	104000	
0001213900-16-015287	3	AWA Group LP	Class A Common Units	2001378	0	0	N/A
0001213900-16-015287	1	AWA Group LP	Class A Common Units	2001378	0	0	N/A
0001213900-16-015287	2	AWA Group LP	Class A Common Units	2001378	0	0	N/A
0001677159-16-000003	1	Bofat Investmnets Inc	Common Stock	15000000	0	1500	
0001144204-16-114202	3	Groundfloor Finance Inc.	LROs	11198090	0	LROs were issued for aggregate principal amount of $11,198,090.  LROs in the amount of $505,000 were issued and sold pursuant to Offering Circular File No. 024-10440, LROs in the amount of $1,329,000 were issued and sold pursuant to Offering Circular File No. 024-10488 and LROs in the amount of $9,364,090 were issued and sold pursuant to Offering Circular File No. 024-10496 (as may be amended and supplemented from time to time).	
0001144204-16-114202	4	Groundfloor Finance Inc.	LROs	11198090	0	LROs were issued for aggregate principal amount of $11,198,090.  LROs in the amount of $505,000 were issued and sold pursuant to Offering Circular File No. 024-10440, LROs in the amount of $1,329,000 were issued and sold pursuant to Offering Circular File No. 024-10488 and LROs in the amount of $9,364,090 were issued and sold pursuant to Offering Circular File No. 024-10496 (as may be amended and supplemented from time to time).	
0001144204-16-114202	2	Groundfloor Finance Inc.	LROs	11198090	0	LROs were issued for aggregate principal amount of $11,198,090.  LROs in the amount of $505,000 were issued and sold pursuant to Offering Circular File No. 024-10440, LROs in the amount of $1,329,000 were issued and sold pursuant to Offering Circular File No. 024-10488 and LROs in the amount of $9,364,090 were issued and sold pursuant to Offering Circular File No. 024-10496 (as may be amended and supplemented from time to time).	
0001144204-16-114202	1	Groundfloor Finance Inc.	LROs	11198090	0	LROs were issued for aggregate principal amount of $11,198,090.  LROs in the amount of $505,000 were issued and sold pursuant to Offering Circular File No. 024-10440, LROs in the amount of $1,329,000 were issued and sold pursuant to Offering Circular File No. 024-10488 and LROs in the amount of $9,364,090 were issued and sold pursuant to Offering Circular File No. 024-10496 (as may be amended and supplemented from time to time).	
0001193125-16-653546	3	Ength Degree LLC; XY - the Findables Company	Profits Interest Units	23600000	0	$5,328,035 based on capital contributions in Ength Degree LLC in exchange for units, with such untis converting into shares of Class B common stock of the Company	
0001193125-16-653546	2	Ength Degree LLC; XY - the Findables Company	Profits Interest Units	23600000	0	$5,328,035 based on capital contributions in Ength Degree LLC in exchange for units, with such untis converting into shares of Class B common stock of the Company	
0001193125-16-653546	1	Ength Degree LLC; XY - the Findables Company	Profits Interest Units	23600000	0	$5,328,035 based on capital contributions in Ength Degree LLC in exchange for units, with such untis converting into shares of Class B common stock of the Company	
0001677110-16-000012	1	Astics Inc	Common Stock	15000000	0	3000	
0001104659-16-133316	1	MogulREIT I, LLC	common shares	250	0	$2,500 (250 shares at $10.00 per common share)	
0001193125-16-649459	2	KeyStone Solutions, Inc.	Subordinated Warrant to purchase up to 125,000 shares of Common Stock of KeyStone Solutions, Inc. issued to a single accredited investor.	62500	0	"On March 16, 2016, Keystone Solutions, Inc. (the ""Company"") entered into a Subordinated Note and Warrant Purchase Agreement pursuant to which the Company agreed to issue up to $1,000,000 in subordinated debt and warrants to purchase up to 125,000 shares of the Company's common stock.  The exercise price for the Subordinated Note Warrants is equal to $2.00 per share of common stock.  As of the date of this filing, subordinated notes with a face amount of $500,000 and subordinated note warrants to purchase 62,500 shares of the Company's common stock have been issued to one accredited investor, as set forth in more detail in the accompanying Offering Circular."	$0 - as set forth in the accompanying Offering Circular, on March 31, 2016 the existing stockholders of AOC Key Solutions, Inc. exchanged 100% of their outstanding shares of common stock in AOC Key Solutions for proportionate shares of KeyStone Solutions, Inc. common stock as part of the reorganization, as set forth in more detail in the accompanying Offering Circular.
0001193125-16-649459	1	KeyStone Solutions, Inc.	Subordinated Warrant to purchase up to 125,000 shares of Common Stock of KeyStone Solutions, Inc. issued to a single accredited investor.	62500	0	"On March 16, 2016, Keystone Solutions, Inc. (the ""Company"") entered into a Subordinated Note and Warrant Purchase Agreement pursuant to which the Company agreed to issue up to $1,000,000 in subordinated debt and warrants to purchase up to 125,000 shares of the Company's common stock.  The exercise price for the Subordinated Note Warrants is equal to $2.00 per share of common stock.  As of the date of this filing, subordinated notes with a face amount of $500,000 and subordinated note warrants to purchase 62,500 shares of the Company's common stock have been issued to one accredited investor, as set forth in more detail in the accompanying Offering Circular."	$0 - as set forth in the accompanying Offering Circular, on March 31, 2016 the existing stockholders of AOC Key Solutions, Inc. exchanged 100% of their outstanding shares of common stock in AOC Key Solutions for proportionate shares of KeyStone Solutions, Inc. common stock as part of the reorganization, as set forth in more detail in the accompanying Offering Circular.
0001174947-16-002881	1	First Colebrook Bancorp, Inc.	Subordinated Promissory Note	5000000	0	$5,000,000 Subordinated Promissory Note issued by First Colebrook Bancorp, Inc	
0001144204-16-113146	1	Groundfloor Finance Inc.	LROs	10207320	0	LROs were issued for aggregate principal amount of $10,207,320.  LROs in the amount of $505,000 were issued and sold pursuant to Offering Circular File No. 024-10440, LROs in the amount of $1,329,000 were issued and sold pursuant to Offering Circular File No. 024-10488 and LROs in the amount of $8,373,320 were issued and sold pursuant to Offering Circular File No. 024-10496 (as may be amended and supplemented from time to time).	
0001144204-16-113146	3	Groundfloor Finance Inc.	LROs	10207320	0	LROs were issued for aggregate principal amount of $10,207,320.  LROs in the amount of $505,000 were issued and sold pursuant to Offering Circular File No. 024-10440, LROs in the amount of $1,329,000 were issued and sold pursuant to Offering Circular File No. 024-10488 and LROs in the amount of $8,373,320 were issued and sold pursuant to Offering Circular File No. 024-10496 (as may be amended and supplemented from time to time).	
0001144204-16-113146	4	Groundfloor Finance Inc.	LROs	10207320	0	LROs were issued for aggregate principal amount of $10,207,320.  LROs in the amount of $505,000 were issued and sold pursuant to Offering Circular File No. 024-10440, LROs in the amount of $1,329,000 were issued and sold pursuant to Offering Circular File No. 024-10488 and LROs in the amount of $8,373,320 were issued and sold pursuant to Offering Circular File No. 024-10496 (as may be amended and supplemented from time to time).	
0001144204-16-113146	2	Groundfloor Finance Inc.	LROs	10207320	0	LROs were issued for aggregate principal amount of $10,207,320.  LROs in the amount of $505,000 were issued and sold pursuant to Offering Circular File No. 024-10440, LROs in the amount of $1,329,000 were issued and sold pursuant to Offering Circular File No. 024-10488 and LROs in the amount of $8,373,320 were issued and sold pursuant to Offering Circular File No. 024-10496 (as may be amended and supplemented from time to time).	
0001214659-16-012685	1	YOBI CAPITAL FUND CORPORATION	Class A Common Stock	222222	0	100000	
0001675426-16-000020	1	Sigmata Electronics, Inc.	common stock	40000000	40000000	.0001 par value	Section 4(2) of the Act.
0001677331-16-000002	1	ViVA CONSULTING GROUP INC.	Commomn	15000000	0	250.00	
0001065949-16-000454	1	HYGEN INDUSTRIES, INC.	COMMON STOCK	10000000	0	None (Services).	
0001673239-16-000024	1	MAYFLOWER INVESTMENT GROUP INC	COMMON	500000	500000	0.001 par value	0
0001673239-16-000024	2	MAYFLOWER INVESTMENT GROUP INC	COMMON	500000	500000	0.001 par value	0
0001144204-16-112245	6	NewsBeat Social, Inc.	Warrants to purchase common stock	343750	0	None	
0001144204-16-112245	7	NewsBeat Social, Inc.	Warrants to purchase common stock	343750	0	None	
0001144204-16-112245	5	NewsBeat Social, Inc.	Warrants to purchase common stock	343750	0	None	
0001144204-16-112245	4	NewsBeat Social, Inc.	Warrants to purchase common stock	343750	0	None	
0001144204-16-112245	3	NewsBeat Social, Inc.	Warrants to purchase common stock	343750	0	None	
0001144204-16-112245	2	NewsBeat Social, Inc.	Warrants to purchase common stock	343750	0	None	
0001144204-16-112245	1	NewsBeat Social, Inc.	Warrants to purchase common stock	343750	0	None	
0001579586-16-000018	1	Finger Lakes Region Rural Broadband Company, Inc.	common/voting	588238	0	3000000, based upon original project size issue to first shareholders/founders at par value	
0001144204-16-111941	3	Groundfloor Finance Inc.	LROs	10207320	0	LROs were issued for aggregate principal amount of $10,207,320.  LROs in the amount of $505,000 were issued and sold pursuant to Offering Circular File No. 024-10440, LROs in the amount of $1,329,000 were issued and sold pursuant to Offering Circular File No. 024-10488 and LROs in the amount of $8,373,320 were issued and sold pursuant to Offering Circular File No. 024-10496 (as may be amended and supplemented from time to time).	
0001144204-16-111941	2	Groundfloor Finance Inc.	LROs	10207320	0	LROs were issued for aggregate principal amount of $10,207,320.  LROs in the amount of $505,000 were issued and sold pursuant to Offering Circular File No. 024-10440, LROs in the amount of $1,329,000 were issued and sold pursuant to Offering Circular File No. 024-10488 and LROs in the amount of $8,373,320 were issued and sold pursuant to Offering Circular File No. 024-10496 (as may be amended and supplemented from time to time).	
0001144204-16-111941	1	Groundfloor Finance Inc.	LROs	10207320	0	LROs were issued for aggregate principal amount of $10,207,320.  LROs in the amount of $505,000 were issued and sold pursuant to Offering Circular File No. 024-10440, LROs in the amount of $1,329,000 were issued and sold pursuant to Offering Circular File No. 024-10488 and LROs in the amount of $8,373,320 were issued and sold pursuant to Offering Circular File No. 024-10496 (as may be amended and supplemented from time to time).	
0001144204-16-111941	4	Groundfloor Finance Inc.	LROs	10207320	0	LROs were issued for aggregate principal amount of $10,207,320.  LROs in the amount of $505,000 were issued and sold pursuant to Offering Circular File No. 024-10440, LROs in the amount of $1,329,000 were issued and sold pursuant to Offering Circular File No. 024-10488 and LROs in the amount of $8,373,320 were issued and sold pursuant to Offering Circular File No. 024-10496 (as may be amended and supplemented from time to time).	
0001644600-16-000163	1	XTI Aircraft Co	Convertible Notes	800000	0	800000	
0001675426-16-000017	1	Weed Real Estate, Inc.	common stock	62500000	62500000	.0001 par value	0
0001579586-16-000017	1	Finger Lakes Region Rural Broadband Company, Inc.	common/voting	588238	0	3000000, based upon original project size issue to first shareholders/founders at par value	
0001644600-16-000161	1	XTI Aircraft Co	Convertible Notes	800000	0	800000	
0001144204-16-111624	3	Groundfloor Finance Inc.	LROs	9429520	0	LROs were issued for aggregate principal amount of $9,429,520.  LROs in the amount of $505,000 were issued and sold pursuant to Offering Circular File No. 024-10440, LROs in the amount of $1,329,000 were issued and sold pursuant to Offering Circular File No. 024-10488 and LROs in the amount of $7,595,520 were issued and sold pursuant to Offering Circular File No. 024-10496 (as may be amended and supplemented from time to time).	
0001144204-16-111624	4	Groundfloor Finance Inc.	LROs	9429520	0	LROs were issued for aggregate principal amount of $9,429,520.  LROs in the amount of $505,000 were issued and sold pursuant to Offering Circular File No. 024-10440, LROs in the amount of $1,329,000 were issued and sold pursuant to Offering Circular File No. 024-10488 and LROs in the amount of $7,595,520 were issued and sold pursuant to Offering Circular File No. 024-10496 (as may be amended and supplemented from time to time).	
0001144204-16-111624	2	Groundfloor Finance Inc.	LROs	9429520	0	LROs were issued for aggregate principal amount of $9,429,520.  LROs in the amount of $505,000 were issued and sold pursuant to Offering Circular File No. 024-10440, LROs in the amount of $1,329,000 were issued and sold pursuant to Offering Circular File No. 024-10488 and LROs in the amount of $7,595,520 were issued and sold pursuant to Offering Circular File No. 024-10496 (as may be amended and supplemented from time to time).	
0001144204-16-111624	1	Groundfloor Finance Inc.	LROs	9429520	0	LROs were issued for aggregate principal amount of $9,429,520.  LROs in the amount of $505,000 were issued and sold pursuant to Offering Circular File No. 024-10440, LROs in the amount of $1,329,000 were issued and sold pursuant to Offering Circular File No. 024-10488 and LROs in the amount of $7,595,520 were issued and sold pursuant to Offering Circular File No. 024-10496 (as may be amended and supplemented from time to time).	
0001640334-16-001301	2	YILOLIFE INC.	Class A Common Stock	133000	0	No consideration was as they were issued to employees of the company as part of an Equity Incentive Plan.	
0001640334-16-001301	1	YILOLIFE INC.	Class A Common Stock	133000	0	No consideration was as they were issued to employees of the company as part of an Equity Incentive Plan.	
0001677092-16-000002	1	Alliance Fright Lines Inc	Common Stock	15000000	0	1500	
0001493152-16-011222	2	BioSculpture Technology, Inc.	Common stock	29823	0	25,236 shares for mezzanine bond conversion at maturity of $50,000 principal and $5,014 accrued bond interest at $2.18/share; 45,872 shares sold at $1.09 per share; 4,587 shares for $10,000 @ 2.18/share.	
0001493152-16-011222	1	BioSculpture Technology, Inc.	Common stock	29823	0	25,236 shares for mezzanine bond conversion at maturity of $50,000 principal and $5,014 accrued bond interest at $2.18/share; 45,872 shares sold at $1.09 per share; 4,587 shares for $10,000 @ 2.18/share.	
