ACCESSION_NUMBER	SINFO_ID	COMMISSIONFILENUMBER	OFFERINGQUALIFICATIONDATE	OFFERINGCOMMENCEDATE	QUALIFIEDSECURITIESSOLD	OFFERINGSECURITIESSOLD	PORTIONSECURITIESSOLDISSUER	PORTIONSOLDSECURITYHOLDERS	PRICEPERSECURITY	AGGREGRATEOFFERINGPRICE	AGGREGRATEOFFERINGPRICEHOLDERS	UNDERWRITERFEES	SALESCOMMISSIONSFEE	FINDERSFEES	AUDITORFEES	LEGALFEES	PROMOTERSFEES	BLUESKYFEES	CRDNUMBERBROKERDEALER	ISSUERNETPROCEEDS	CLARIFICATIONRESPONSES
0001477932-16-012593	1	024-10472	03-NOV-2015	03-FEB-2015	25000000	1400000			0.6	840000.0	0.0	0.0	0.0	0.0	17000.0	35000.0	0.0	21000.0	156214	720000.0	Reflects additional fees paid to the administrative broker-dealer and hosting portal.
0001644600-16-000171	1	024-10511	22-MAR-2016	22-MAR-2016	6432247	1644018			2.33	3833849.98	0.0		1125000.0		6000.0	35000.0			170937		Price per security is $2.332
0001214659-16-012705	1	024-10473	20-NOV-2015	20-NOV-2015	30096000	16920576			12.0	16920576.0	0.0					140000.0		30000.0		16750576.0	The above table does not include fees paid to FundAmerica Securities LLC for administrative and escrow agent services, FINRA filing fee, fees for EDGAR document conversion and filing, and website posting fees.
0001104659-16-131746	1	024-10483	30-NOV-2015	30-NOV-2015	1538462	1184726	7700719.0	0.0	6.5						22880.0	113274.0		5000.0		7536668.0	
