ACCESSION_NUMBER	STREET1	STREET2	CITY	STATEORCOUNTRY	ZIPCODE	PHONENUMBER	CONNECTIONNAME	INDUSTRYGROUP	CASHEQUIVALENTS	INVESTMENTSECURITIES	TOTALINVESTMENTS	ACCOUNTSRECEIVABLE	LOANS	PROPERTYPLANTEQUIPMENT	PROPERTYANDEQUIPMENT	TOTALASSETS	ACCOUNTSPAYABLE	POLICYLIABILITIESANDACCRUALS	DEPOSITS	LONGTERMDEBT	TOTALLIABILITIES	TOTALSTOCKHOLDEREQUITY	TOTALLIABILITIESANDEQUITY	TOTALREVENUES	TOTALINTERESTINCOME	COSTANDEXPENSESAPPLTOREVENUES	TOTALINTERESTEXPENSES	DEPRECIATIONANDAMORTIZATION	NETINCOME	EARNINGSPERSHAREBASIC	EARNINGSPERSHAREDILUTED	NAMEAUDITOR	CERTIFYIFTRUE	CERTIFYIFNOTDISQUALIFIED	CERTIFYIFBADACTOR	JURISDICTIONSOFSECOFFEREDNONE	JURISDICTIONSOFSECOFFEREDSAME	IFUNREGSITEREDNONE	SECURITIESACTEXCEMPTION
0001065949-16-000503	11693 SAN VICENTE BOULEVARD, SUITE 445		LOS ANGELES	CA	90049	310-923-2827	Mark J. Richardson, Esq.	Other	62653.0	0.0		62994.0		0.0		654932.0	402681.0			0.0	782307.0	-127375.0	654932.0	125806.0		0.0		0.0	-175201.0	-0.02	-0.02	dbbmckennon	true	true	false	true	false	false	Rule 506(b) of Regulation D of Section 4(a)(2)/issuance of founders shares
0001144204-16-126223	1519 CONNECTICUT AVENUE NW	STE 200	WASHINGTON	DC	20036	202-584-0550	Benjamin S. Miller	Other	5000.0	0.0		0.0		0.0		5000.0	0.0			0.0	0.0	5000.0	5000.0	0.0		0.0		0.0	0.0	0.0	0.0	RSM US LLP	true	true		true			Rise Companies Corp. has purchased 500 common shares for a purchase price of $5,000 in a private offering. Such issuance was exempt from the registration requirements of the Securities Act pursuant to Section 4(a)(2) thereof.
0001144204-16-126217	1519 CONNECTICUT AVENUE NW	STE 200	WASHINGTON	DC	20036	202-584-0550	Benjamin S. Miller	Other	5000.0	0.0		0.0		0.0		5000.0	0.0			0.0	0.0	5000.0	5000.0	0.0		0.0		0.0	0.0	0.0	0.0	RSM US LLP	true	true		true			Rise Companies Corp. has purchased 500 common shares for a purchase price of $5,000 in a private offering. Such issuance was exempt from the registration requirements of the Securities Act pursuant to Section 4(a)(2) thereof.
0001144204-16-126210	1519 CONNECTICUT AVENUE NW	STE 200	WASHINGTON	DC	20036	202-584-0550	Benjamin S. Miller	Other	5000.0	0.0		0.0		0.0		5000.0	0.0			0.0	0.0	5000.0	5000.0	0.0		0.0		0.0	0.0	0.0	0.0	RSM US LLP	true	true		true			Rise Companies Corp. has purchased 500 common shares for a purchase price of $5,000 in a private offering. Such issuance was exempt from the registration requirements of the Securities Act pursuant to Section 4(a)(2) thereof.
0001144204-16-126083	75 Fifth Street, NW	Suite 2170	ATLANTA	GA	30308	404-850-9225	Nick Bhargava	Other	2530968.0	0.0		4748208.0		36063.0		7562171.0	5119529.0			0.0	5217433.0	2344738.0	7562171.0	96652.0		2114770.0		47315.0	-2018118.0	-0.74	-0.74	Hughes Pittman and Gupton LLP	true	true		true			Regulation A, Rule 506 of Regulation D, and Rule 506 of Regulation D, respectively.
0001193125-16-725703	6340 South 3000 East	Suite 500	Salt Lake	UT	84121	801-278-0700	Darryl Steinhause	Other	10000.0	0.0		0.0		0.0		10000.0	0.0			0.0	0.0	10000.0	10000.0	0.0		0.0		0.0	0.0	0.0	0.0	Ernst & Young LLP	true	true	true	false		false	Section 4(2) of the Securities Act
0001193125-16-725455	Suite 200, 265 Rimrock Road		North York	A6	M3J3C6	347-284-0192	Allen C. Tucci	Other	5812.0	0.0		0.0		0.0		1425673.0	25089.0			0.0	155489.0	1278112.0	1425673.0	0.0		0.0		0.0	-7928.0	0.0	0.0		true	true	false	true		true	
0001477932-16-012734	C/O MADYSON CAPITAL MANAGEMENT, LLC	3204 N. ACADEMY BLVD., SUITE 120	Colorado Springs	CO	80917	719-380-7484	Jillian Sidoti, Esq.	Other	0.0	0.0		0.0		0.0		0.0	0.0			0.0	0.0	0.0	0.0	0.0		0.0		0.0	0.0	0.0	0.0	Artesian CPA	true	true	false	true		true	
0001654954-16-002437	1819 Main Street	Suite 212	Sarasota	FL	34236	941-955-7900	T. Rhys James	Other	477337.0	0.0		13443.0		0.0		2686099.0	68420.0			400000.0	468420.0	2217679.0	2686099.0	0.0		0.0		0.0	-3677.0	0.0	0.0	Cherry Bekaert LLP	true	true			true		For the above issuances, our company relied on the private placement exemption found in Section 4(a)(2) of the Securities Act of 1933. There was no public solicitation with respect to this issuance.
0001477932-16-012725	257 EAST MAIN STREET, SUITE 200		BARRINGTON	IL	60010	847-277-9930	Trevor Wind	Other	186278.0	0.0		154824.0		44085043.0		50761126.0	1931350.0			42309616.0	46970813.0	3790313.0	50761126.0	563037.0		124511.0		402489.0	3789313.0	0.0	0.0	Plante & Moran, PLLC	true	true	false		true	false	All of our outstanding Class A Units and Class B Units were issued to affiliates, officers and employees of our manager upon formation of our company, and in reliance upon the private offering exemption under Section 4(a)(2) of the Securities Act.
0001144204-16-125700	75 Fifth Street, NW	Suite 2170	ATLANTA	GA	30308	404-850-9225	Nick Bhargava	Other	2530968.0	0.0		4748208.0		36063.0		7562171.0	5119529.0			0.0	5217433.0	2344738.0	7562171.0	96652.0		2114770.0		47315.0	-2018118.0	-0.74	-0.74	Hughes Pittman and Gupton LLP	true	true		true			Regulation A, Rule 506 of Regulation D, and Rule 506 of Regulation D, respectively.
0001671395-16-000003	205 D Chubb Ave	Suite 240	Lyndhurst	NJ	07071	9175969172	Adam S. Tracy	Other	1200.0	0.0		0.0		0.0		1200.0	25000.0			0.0	25000.0	-23800.0	1200.0	0.0		0.0		0.0	0.0	0.0	0.0		true	true	true	false	true	true	
0001213900-16-017011	599 THIRD STREET	SUITE 211	SAN FRANCISCO	CA	94107	415-689-5789	Justin Bailey	Other	7980.0	0.0		0.0		0.0		455216.0	0.0			0.0	8000.0	447216.0	455216.0	0.0		0.0		0.0	-733590.0	-0.73	-0.73	Marcum LLP	true	true		true			Fig Publishing, Inc. relied upon the exemption from the registration requirements of the Securities Act set forth in Section 4(a)(2) of such Act.
0001144204-16-125234	1623 Central Ave Ste 201		Cheyenne	WY	82001	619-748-0686	Alastair Caithness	Other	7303.18	0.0		0.0		0.0		7303.18	0.0			0.0	0.0	7303.18	7303.18	0.0		1496.82		0.0	-1496.82	0.0	0.0		true	true			true	true	
0001677331-16-000006	3 DAIRYFIELD COURT		ROCKVILLE	MD	20852	2408887479	Andy Altahawi	Other	250.0	0.0		0.0		0.0		250.0	0.0			0.0	0.0	0.0	250.0	0.0		0.0		0.0	0.0	0.0	0.0	N/A	true	true	false	true	false	false	Section 4(a)(2) - an issuer not involved in any public offering. All securities sold to current directors only.
0001144204-16-125100	1519 CONNECTICUT AVENUE NW	STE 200	WASHINGTON	DC	20036	202-584-0550	Benjamin S. Miller	Other	5000.0	0.0		0.0		0.0		5000.0	0.0			0.0	0.0	5000.0	5000.0	0.0		0.0		0.0	0.0	0.0	0.0	RSM US LLP	true	true		true			Rise Companies Corp. has purchased 500 common shares for a purchase price of $5,000 in a private offering. Such issuance was exempt from the registration requirements of the Securities Act pursuant to Section 4(a)(2) thereof.
0001144204-16-125098	1519 CONNECTICUT AVENUE NW	STE 200	WASHINGTON	DC	20036	202-584-0550	Benjamin S. Miller	Other	5000.0	0.0		0.0		0.0		5000.0	0.0			0.0	0.0	5000.0	5000.0	0.0		0.0		0.0	0.0	0.0	0.0	RSM US LLP	true	true		true			Rise Companies Corp. has purchased 500 common shares for a purchase price of $5,000 in a private offering. Such issuance was exempt from the registration requirements of the Securities Act pursuant to Section 4(a)(2) thereof.
0001144204-16-125095	1519 CONNECTICUT AVENUE NW	STE 200	WASHINGTON	DC	20036	202-584-0550	Benjamin S. Miller	Other	5000.0	0.0		0.0		0.0		5000.0	0.0			0.0	0.0	5000.0	5000.0	0.0		0.0		0.0	0.0	0.0	0.0	RSM US LLP	true	true		true			Rise Companies Corp. has purchased 500 common shares for a purchase price of $5,000 in a private offering. Such issuance was exempt from the registration requirements of the Securities Act pursuant to Section 4(a)(2) thereof.
0001213900-16-016966	65 Church Street, 2nd Floor		New Brunswick	NJ	08901	732-354-4766	Darin Myman	Other	1429.0	0.0		0.0		0.0		135839.0	3622.0			0.0	74382.0	61457.0	135839.0	0.0		0.0		26882.0	-260562.0	-0.02	-0.02	D. Brooks and Associates CPA's, P.A.	true	true		true			Section 4(a)(2) of the Securities Act of 1933 and Section 506 of Regulation D.
0001193125-16-718305	12400 Highway 71	Suite 350-256	Austin	TX	78734	844-573-4769	Erik Romberg	Other	112.0	0.0		0.0		0.0		112.0	71623.0			358683.0	430306.0	-430194.0	112.0	0.0		0.0		0.0	-4611.0	0.0	0.0	Craig Denlinger, CPA	true	true	false	true		true	
0001680862-16-000004	625 W SOUTHERN AVE	SUITE E	MESA	AZ	85210	9162302615	Andy Altahawi	Other	38000.0	0.0		0.0		0.0		38000.0	66000.0			0.0	66000.0	38000.0	38000.0	0.0		0.0		0.0	0.0	0.0	0.0	N/a	true	true	false	true	false	false	Section 4(a)(2) - an issuer not involved in any public offering. All securities sold to current directors only.
0001144204-16-124970	1519 Connecticut Avenue, NW, Suite 200		Washington	DC	20036	202-584-0550	Benjamin S. Miller	Other	7224000.0	5887000.0		30000.0		0.0		13399000.0	409000.0			0.0	3354000.0	10045000.0	13399000.0	30000.0		-91000.0		0.0	-61000.0	-0.1	-0.1	RSM US LLP (formerly McGladrey, LLP)	true	true		true			Rise Companies Corp. purchased 100 common shares for $1,000 in a private offering. An affiliate has purchased 52,877 common shares for $528,770. These were exempt from the registration requirements of the Securities Act pursuant to Section 4(a)(2).
0001678727-16-000011	444 W. LAKE ST	SUITE 305	CHICAGO	IL	60606	6166499149	Stephanie Izevbizua	Other	9162000.4	40430000.3		8404000.0		26578000.4		112923000.5	10638000.0			3374000.0	20622000.0	87000000.0	112923000.5	535969000.0		25110000.1		0.0	401641000.5	0.0	0.0		true	true	false	true	false	true	
0001654954-16-002336	249 N. UNIVERSITY AVENUE		PROVO	UT	84601	760-933-8437	Pamela Catania, Esq.	Other	1910880.0	0.0		11868.0		2780.0		2166932.0	86530.0			0.0	755871.0	1411061.0	2166932.0	415517.0		1735754.0		2879.0	-1382016.0	-0.08	-0.08	Tanner LLC	true	true		true			The Issuer relied on exemptions under Section 4(a)(2) and Rule 701 of the Securities Act of 1933, as amended, for these issuances of its Class A Common Stock and options, as applicable.  There was no public solicitation with respect to these issuances.
0001477932-16-012630	257 EAST MAIN STREET, SUITE 200		BARRINGTON	IL	60010	847-277-9930	Trevor Wind	Other	186278.0	0.0		154824.0		44085043.0		50761126.0	1931350.0			42309616.0	46970813.0	3790313.0	50761126.0	563037.0		124511.0		402489.0	3789313.0	0.0	0.0	Plante & Moran, PLLC	true	true	false		true	false	All of our outstanding Class A Units and Class B Units were issued to affiliates, officers and employees of our manager upon formation of our company, and in reliance upon the private offering exemption under Section 4(a)(2) of the Securities Act.
0001671132-16-000007	10901 ROOSEVELT BLVD	SUITE 1000C	SAINT PETERSBURG	FL	33716	727-474-1810	Sam Talari	Other	239.0	0.0		50100.0		822259.0		872598.0	26788.0			940581.0	1210369.0	337771.0	872598.0	50100.0		375270.0		0.0	-375270.0	-0.08	-0.08	Turner, Stone & Company, L.L.P.	true	true	false	true	false	false	Private placement under Rule 506(c) of Regulation D of the Securities Act of 1933, as amended
0001642079-16-000006	232 UNION BLVD		TOTOWA	NJ	07512	973-595-7775	WILSON X BEZERRA	Other	218.0	0.0		0.0		0.0		218.0	0.0			0.0	0.0	218.0	218.0	0.0		0.0		0.0	0.0	0.0	0.0		true	true	false	true	false	true	
0001193125-16-715137	1133 Columbia Street #205		San Diego	CA	92101	619-431-1567	Amit Singh, Esq	Other	113712.0	0.0		109958.0		46078.0		904248.0	368990.0			97060.0	560576.0	343672.0	904248.0	314722.0		173370.0		7945.0	0.0	0.0	0.0	PKF APC	true	true	false	true		false	The Company relied on Rule 701 promulgated under the Securities Act of 1933, as amended, in connection with the issuance of profits interest units and options to purchase common stock to then-current service providers of the Company.
0001644600-16-000189	19821 NW 2ND AVE SUITE 351		MIAMI GARDENS	FL	33169	800-372-6095	Sara Hanks	Other	37.0	0.0		0.0		0.0		37.0	57651.0			0.0	57651.0	-57614.0	37.0	1177.0		937.0		0.0	-54403.0	0.0	0.0	Wipfli LLP	true	true	false	true	false	true	
0001644600-16-000187	12802 TAMPA OAKS BLVD, SUITE 405		TAMPA	FL	33637	813-349-2020	Andrew Stephenson	Other	23959.0	0.0		0.0		4209337.0		4245684.0	353611.0			3409729.0	4846522.0	-600838.0	4245684.0	1544.0		578439.0		371585.0	-1667675.0	-0.31	-0.31	Kristina Helferty, CPA	true	true	false	false	true	false	Rule 506(b) of Regulation D
0001682391-16-000010	26 E 12TH STREET		LINDEN	NJ	07036	646-626-0148	Kim Lavine	Other	18859700.0	0.0		0.0		1500.0		18861200.0	0.0			0.0	0.0	18861200.0	18861200.0	0.0		0.0		0.0	0.0	0.0	0.0		true	true	false	true	false	true	
0001144204-16-124384	1519 Connecticut Avenue, NW, Suite 200		Washington	DC	20036	202-584-0550	Benjamin S. Miller	Other	7224000.0	5887000.0		30000.0		0.0		13399000.0	409000.0			0.0	3354000.0	10045000.0	13399000.0	30000.0		-91000.0		0.0	-61000.0	-0.1	-0.1	RSM US LLP (formerly McGladrey, LLP)	true	true		true			Rise Companies Corp. purchased 100 common shares for $1,000 in a private offering. An affiliate has purchased 52,877 common shares for $528,770. These were exempt from the registration requirements of the Securities Act pursuant to Section 4(a)(2).
0001654954-16-002220	249 N. UNIVERSITY AVENUE		PROVO	UT	84601	760-933-8437	Pamela Catania, Esq.	Other	1910880.0	0.0		11868.0		2780.0		2166932.0	86530.0			0.0	755871.0	1411061.0	2166932.0	415517.0		1735754.0		2879.0	-1382016.0	-0.08	-0.08	Tanner LLC	true	true		true			The Issuer relied on exemptions under Section 4(a)(2) and Rule 701 of the Securities Act of 1933, as amended, for these issuances of its Class A Common Stock and options, as applicable.  There was no public solicitation with respect to these issuances.
0001654954-16-002216	1819 Main Street	Suite 212	Sarasota	FL	34236	941-955-7900	T. Rhys James	Other	477337.0	0.0		13443.0		0.0		2686099.0	68420.0			400000.0	468420.0	2217679.0	2686099.0	0.0		0.0		0.0	-3677.0	0.0	0.0	Cherry Bekaert LLP	true	true			true		For the above issuances, our company relied on the private placement exemption found in Section 4(a)(2) of the Securities Act of 1933. There was no public solicitation with respect to this issuance.
0001673239-16-000029	429 PLUMB LANE		RENO	NV	89509	561-210-7553	HAMON FRANCIS FYTTON	Other	0.0	0.0		0.0		0.0		0.0	268.0			0.0	269.0	-269.0	0.0	0.0		0.0		0.0	-5469.0	-0.08	-0.08		true	true	false	false	true	false	Section 4 (2) of the Act.
0001640334-16-001685	201 S. 36th Street		Phoenix	AZ	85034	305-608-2362	W. Scott Lawler, Esq.	Other	56395.0	0.0		4896413.0		1129421.0		6083729.0	160848.0			45008.0	237532.0	5846197.0	6083729.0	3622005.0		2757281.0		0.0	864724.0	0.0	0.0	Metz & Associates, PLLC	true	true	false		true	false	Rule 506 of Regulation D. All shares were issued to the company's officers, directors and five (5) employees.
0001415889-16-007133	17870 CASTELTON STREET	SUITE 250	CITY OF INDUSTRY	CA	91748	626-964-5788	Pyng Soon	Other	1026029.0	0.0		5323.0		0.0		1031352.0	508248.0			1541000.0	2049248.0	-1017896.0	1031352.0	0.0		1210824.0		0.0	-1210824.0	-0.27	-0.27	Malone Bailey LLP	true	true	false	false	true	false	Section 4(a)(2) and Rule 506(b) of Regulation D promulgated thereunder.
0001213900-16-016750	599 THIRD STREET	SUITE 211	SAN FRANCISCO	CA	94107	415-689-5789	Justin Bailey	Other	7980.0	0.0		0.0		0.0		455216.0	0.0			0.0	8000.0	447216.0	455216.0	0.0		0.0		0.0	-733590.0	-0.73	-0.73	Marcum LLP	true	true		true			Fig Publishing, Inc. relied upon the exemption from the registration requirements of the Securities Act set forth in Section 4(a)(2) of such Act.
0001677110-16-000014	2167 EL CAPITAN AVE,		SANTA CLARA	CA	95050	6502658180	Andy Altahawi	Other	30853.0	0.0		0.0		288130.0		318983.0	30000.0			0.0	30000.0	288983.0	318983.0	3305.0		37738.0		0.0	-34433.0	0.0	0.0	Unaudited	true	true	false	false	true	false	Section 4(a)(2) - an issuer not involved in any public offering. All securities sold to current directors only.
0001677092-16-000004	2195 ARTHUR AVENUE		ELK GROVE VILLAGE	IL	60007	8475615224	Andy Altahawi	Other	1500.0	0.0		0.0		0.0		1500.0	3500.0			0.0	3500.0	-2000.0	1500.0	0.0		3500.0		0.0	0.0	0.0	0.0	Unaudited	true	true	false	false	true	false	Section 4(a)(2) - an issuer not involved in any public offering. All securities sold to current directors only.
0001682391-16-000009	26 E 12TH STREET		LINDEN	NJ	07036	646-626-0148	Kim Lavine	Other	18859700.0	0.0		0.0		1500.0		18861200.0	0.0			0.0	0.0	18861200.0	18861200.0	0.0		0.0		0.0	0.0	0.0	0.0		true	true	false	true	false	true	
0001144204-16-123541	75 Fifth Street, NW	Suite 2170	ATLANTA	GA	30308	404-850-9225	Nick Bhargava	Other	2530968.0	0.0		4748208.0		36063.0		7562171.0	5119529.0			0.0	5217433.0	2344738.0	7562171.0	96652.0		2114770.0		47315.0	-2018118.0	-0.74	-0.74	Hughes Pittman and Gupton LLP	true	true		true			Regulation A, Rule 506 of Regulation D, and Rule 506 of Regulation D, respectively.
0001144204-16-123503	75 Fifth Street, NW	Suite 2170	ATLANTA	GA	30308	404-850-9225	Nick Bhargava	Other	2530968.0	0.0		4748208.0		36063.0		7562171.0	5119529.0			0.0	5217433.0	2344738.0	7562171.0	96652.0		2114770.0		47315.0	-2018118.0	-0.74	-0.74	Hughes Pittman and Gupton LLP	true	true		true			Regulation A, Rule 506 of Regulation D, and Rule 506 of Regulation D, respectively.
0001678727-16-000010	444 W. LAKE ST	SUITE 305	CHICAGO	IL	60606	6166499149	Stephanie Izevbizua	Other	9162000.4	40430000.3		8404000.0		26578000.4		112923000.5	10638000.0			3374000.0	20622000.0	87000000.0	112923000.5	535969000.0		25110000.1		0.0	401641000.5	0.0	0.0		true	true	false	true	false	true	
0001684242-16-000001	45 Westbourne Road	Bryanston	Johannesburg	T3	2191	0861-333038	Mr. Alain Michel	Other	1000.0	0.0		0.0		0.0		101000.0	0.0			0.0	0.0	101000.0	101000.0	0.0		0.0		0.0	0.0	0.0	0.0	None	true	true	false	false	true	true	
0001477932-16-012403	18622 ROCOSO PL		TARZANA	CA	91356	408-858-5748	Jillian Ivey Sidoti	Other	11472.0	0.0		25000.0		0.0		36472.0	0.0			0.0	0.0	36472.0	36472.0	0.0		3161.0		0.0	-3161.0	0.0	0.0	Artesian CPA, LLC	true	true	false	true		false	These shares of our preferred stock qualified for exemption under Section 4(2) of the Securities Act of 1933 since the issuance shares by us did not involve a public offering.
0001214659-16-013618	Portal Building, Suite 310	9201 University Blvd	Charlotte	NC	28223	704-687-6052	C. Jones	Other	26672.0	0.0		1580.0		0.0		28252.0	61009.0			0.0	61009.0	-32757.0	28252.0	0.0		-114481.0		0.0	-114481.0	0.0	0.0	KCCW Accountancy Corp. | PCAOB registered	true	true		true			17 CFR 230.504
0001681222-16-000004	STREAMNET, INC.	7582 LAS VEGAS BLVD.	LAS VEGAS	NV	89123	702-721-9915	Mr. Darryl Payne	Other	100.0	0.0		0.0		0.0		0.0	850.0			0.0	850.0	0.0	0.0	0.0		0.0		0.0	0.0	0.0	0.0	TBD	true	true	false	false	true	true	
0001681222-16-000003	46 FRANKS ROAD	PO BOX 356	LEOMA	TN	38468	931-852-4060	Mr. Kevin Hathaway	Other	100.0	0.0		0.0		0.0		100.0	0.0			0.0	0.0	100.0	100.0	0.0		0.0		0.0	0.0	0.0	0.0	None	true	true	false	false	true	true	
0001683499-16-000001	1205 North Jacks Lake Road		Clermont	FL	34711	352-394-6761	Mr. Bob Schuster	Other	1000.0	0.0		0.0		1000000.0		1001000.0	0.0			40000.0	40000.0	961000.0	1001000.0	0.0		0.0		0.0	0.0	0.0	0.0	None	true	true	false	false	true	true	
0001671132-16-000006	10901 ROOSEVELT BLVD	SUITE 1000C	SAINT PETERSBURG	FL	33716	727-474-1810	Sam Talari	Other	239.0	0.0		50100.0		822259.0		872598.0	26788.0			940581.0	1210369.0	337771.0	872598.0	50100.0		375270.0		0.0	-375270.0	-0.08	-0.08	Turner, Stone & Company, L.L.P.	true	true	false	true	false	false	Private placement under Rule 506(c) of Regulation D of the Securities Act of 1933, as amended
0001144204-16-122894	823 EIGHTH STREET		HUNTINGTON	WV	25701	304-522-6400	Thomas J. Murray, Esq.	Banking	22338323.0	108854589.0			367903927.0		6170509.0	508500004.0	944090.0		409680596.0	40220578.0	466936118.0	41563886.0	508500004.0		19771814.0		3597393.0	408629.0	4667480.0	3.25	3.23	Hess Stewart & Campbell CPA's PLLC	true	true		true		true	
0001193125-16-700718	14420 Albemarle Point Place		Chantilly	VA	20152	703-953-3838	Morris F. DeFeo, Jr.	Other	26181.0	0.0		3280721.0		113269.0		4199831.0	1767282.0			500000.0	2267282.0	1932549.0	4199831.0	4377176.0		4231164.0		31432.0	47547.0	0.01	0.01	Ericksen, Krentel & LaPorte, LLP	true	true	false	false		false	Section 4 (a)(2) of the Securities Act of 1933, as amended.
0001477932-16-012367	10200 W 44TH AVE	SUITE 220	WHEAT RIDGE	CO	80033	303-835-4445	Jillian Sidoti, Esq.	Other	5000.0	0.0		0.0		0.0		5000.0	0.0			0.0	0.0	5000.0	5000.0	0.0		10500.0		0.0	10500.0	0.0	0.0	N/A	true	true	false	true		true	
0001477932-16-012365	C/O MADYSON CAPITAL MANAGEMENT, LLC	3204 N. ACADEMY BLVD., SUITE 120	Colorado Springs	CO	80917	719-380-7484	Jillian Sidoti, Esq.	Other	0.0	0.0		0.0		0.0		0.0	0.0			0.0	0.0	0.0	0.0	0.0		0.0		0.0	0.0	0.0	0.0	Artesian CPA	true	true	false	true		true	
0001437749-16-038286	601 S FIGUEROA ST	SUITE 4050	LOS ANGELES	CA	90017	213-337-6784	Andre L. Ligon	Other	72960.0	0.0		0.0		0.0		72960.0	0.0			75000.0	75000.0	-2040.0	72960.0	0.0		0.0		0.0	-37027.0	0.0	0.0		true	true	false	true	false	true	
0001477932-16-012355	18622 ROCOSO PL		TARZANA	CA	91356	408-858-5748	Jillian Ivey Sidoti	Other	11472.0	0.0		25000.0		0.0		36472.0	0.0			0.0	0.0	36472.0	36472.0	0.0		3161.0		0.0	-3161.0	0.0	0.0	Artesian CPA, LLC	true	true	false	true		false	These shares of our preferred stock qualified for exemption under Section 4(2) of the Securities Act of 1933 since the issuance shares by us did not involve a public offering.
0001671132-16-000003	10901 ROOSEVELT BLVD	SUITE 1000C	SAINT PETERSBURG	FL	33716	727-474-1810	Sam Talari	Other	239.0	0.0		50100.0		822259.0		872598.0	26788.0			940581.0	1210369.0	337771.0	872598.0	50100.0		375270.0		0.0	-375270.0	-0.08	-0.08	Turner, Stone & Company, L.L.P.	true	true	false	true	false	false	Private placement under Rule 506(c) of Regulation D of the Securities Act of 1933, as amended
0001477932-16-012321	18622 ROCOSO PL		TARZANA	CA	91356	408-858-5748	Jillian Ivey Sidoti	Other	11472.0	0.0		25000.0		0.0		36472.0	0.0			0.0	0.0	36472.0	36472.0	0.0		3161.0		0.0	-3161.0	0.0	0.0	Artesian CPA, LLC	true	true	false	true		false	These shares of our preferred stock qualified for exemption under Section 4(2) of the Securities Act of 1933 since the issuance shares by us did not involve a public offering.
0001477932-16-012308	604 ARIZONA AVENUE		SANTA MONICA	CA	90401	3109631789	Mark J. Richardson, Esq.	Other	837.0	0.0		0.0		0.0		837.0	0.0			0.0	0.0	837.0	837.0	17127.0		5138.0		0.0	-291303.0	0.0	0.0	dbbmckennon, Certified Public Accountants	true	true	false	true		false	Rule 506(b) of Regulation D of Section 4(2)/issuance of founders shares.
0001675426-16-000049	28 Apollo Road Suite 6A		East Providence	RI	02914	401-714-5337	Jeffrey DeNunzio	Other	100.0	0.0		0.0		0.0		100.0	648.0			0.0	648.0	-548.0	100.0	0.0		5063.0		0.0	-5063.0	0.0	0.0	MaloneBailey, LLP	true	true			true		0
0001658959-16-000011	8711 E. Pinnacle Peak Road,	PMB 178	Scottsdale	AZ	85255	646-431-8783	Ian Fisher	Other	0.0	0.0		0.0		0.0		0.0	0.0			0.0	0.0	0.0	0.0	0.0		0.0		0.0	0.0	0.0	0.0	Artesian CPA, LLC	true	true	false	false	true	true	
0001682391-16-000006	26 E 12TH STREET		LINDEN	NJ	07036	646-626-0148	Kim Lavine	Other	18859700.0	0.0		0.0		1500.0		18861200.0	0.0			0.0	0.0	18861200.0	18861200.0	0.0		0.0		0.0	0.0	0.0	0.0		true	true	false	true	false	true	
0001144204-16-121631	75 Fifth Street, NW	Suite 2170	ATLANTA	GA	30308	404-850-9225	Nick Bhargava	Other	4331013.0	0.0		1135993.0		20461.0		5608559.0	1284573.0			0.0	1302153.0	4306406.0	5608559.0	46764.0		6384.0		48179.0	-1948415.0	-1.73	-1.73	Hughes Pittman and Gupton LLP	true	true		true			Regulation A, Rule 506 of Regulation D, Rule 506 of Regulation D, and Rule 506 of Regulation D, respectively.
0001682391-16-000004	26 E 12TH STREET		LINDEN	NJ	07036	646-626-0148	Kim Lavine	Other	18859700.0	0.0		0.0		1500.0		18861200.0	0.0			0.0	0.0	18861200.0	18861200.0	0.0		0.0		0.0	0.0	0.0	0.0		true	true	false	true	false	true	
0001010549-16-000706	2927 AVEMUE D		KATY	TX	77493	562-235-4402	Elton F. Norman, Esq.	Other	0.0	0.0		0.0		0.0		0.0	0.0			0.0	0.0	0.0	0.0	0.0		0.0		0.0	0.0	0.0	0.0		true	true	true	false	true	true	
0001680862-16-000003	625 W SOUTHERN AVE	SUITE E	MESA	AZ	85210	9162302615	Andy Altahawi	Other	38000.0	0.0		0.0		0.0		38000.0	66000.0			0.0	66000.0	38000.0	38000.0	0.0		0.0		0.0	0.0	0.0	0.0	N/a	true	true	false	true	false	false	Section 4(a)(2) - an issuer not involved in any public offering. All securities sold to current directors only.
0001493152-16-012869	1701 South Flagler Drive	Suite 607	West Palm Beach	FL	33401	561-651-7816	Laura Anthony	Other	2437.0	0.0		0.0		6749.0		9221.0	677177.0			0.0	677177.0	-677956.0	9221.0	968.0		190319.0		9401.0	198752.0	0.03	0.03	Pybus & Company, P.A.	true	true			true		Rule 506 under Regulation D. All sales were to existing shareholders and/or bondholders who are Accredited Investors.
0001680579-16-000004	942 WINDMERE DRIVE NW		SALEM	OR	97304	971-2731004	Philipp Oliver Bruns	Other	9910.0	0.0		0.0		0.0		10000.0	0.0			0.0	0.0	10000.0	10000.0	0.0		0.0		0.0	-1000.0	0.0	0.0		true	true	false	false	true	true	
0001644600-16-000182	12802 TAMPA OAKS BLVD, SUITE 405		TAMPA	FL	33637	813-349-2020	Andrew Stephenson	Other	23959.0	0.0		0.0		4209337.0		4245684.0	353611.0			3409729.0	4846522.0	-600838.0	4245684.0	1544.0		578439.0		371585.0	-1667675.0	-0.31	-0.31	Kristina Helferty, CPA	true	true	false	false	true	false	Rule 506(b) of Regulation D
0001682391-16-000002	26 E 12TH STREET		LINDEN	NJ	07036	646-626-0148	Kim Lavine	Other	18859700.0	0.0		0.0		1500.0		18861200.0	0.0			0.0	0.0	18861200.0	18861200.0	0.0		0.0		0.0	0.0	0.0	0.0		true	true	false	true	false	true	
0001677110-16-000013	2167 EL CAPITAN AVE,		SANTA CLARA	CA	95050	6502658180	Andy Altahawi	Other	30853.0	0.0		0.0		288130.0		318983.0	30000.0			0.0	30000.0	288983.0	318983.0	3305.0		37738.0		0.0	-34433.0	0.0	0.0	Unaudited	true	true	false	false	true	false	Section 4(a)(2) - an issuer not involved in any public offering. All securities sold to current directors only.
0001079974-16-001550	6576 WEST LOOP SOUTH	SUITE 140	BELLAIRE	TX	77401	832-938-4561	M. Richard Cutler	Other	0.0	0.0		0.0		0.0		0.0	0.0			21645.0	21645.0	-36645.0	0.0	0.0		21645.0		0.0	-21645.0	0.0	0.0		true	true		true		true	
0001144204-16-120639	823 EIGHTH STREET		HUNTINGTON	WV	25701	304-522-6400	Thomas J. Murray, Esq.	Banking	22338323.0	108854589.0			367903927.0		6170509.0	508500004.0	944090.0		409680596.0	40220578.0	466936118.0	41563886.0	508500004.0		19771814.0		3597393.0	408629.0	4667480.0	3.25	3.23	Hess Stewart & Campbell CPA's PLLC	true	true		true		true	
0001144204-16-120624	1623 Central Ave Ste 201		Cheyenne	WY	82001	619-748-0686	Alastair Caithness	Other	7303.18	0.0		0.0		0.0		7303.18	0.0			0.0	0.0	7303.18	7303.18	0.0		1496.82		0.0	-1496.82	0.0	0.0		true	true			true	true	
0001193125-16-686861	Suite 200, 265 Rimrock Road		North York	A6	M3J3C6	347-284-0192	Allen C. Tucci	Other	5812.0	0.0		0.0		0.0		1425673.0	25089.0			0.0	140089.0	1270184.0	1425673.0	0.0		0.0		0.0	0.0	0.0	0.0		true	true	false	true		true	
0001144204-16-120426	75 Fifth Street, NW	Suite 2170	ATLANTA	GA	30308	404-850-9225	Nick Bhargava	Other	4331013.0	0.0		1135993.0		20461.0		5608559.0	1284573.0			0.0	1302153.0	4306406.0	5608559.0	46764.0		6384.0		48179.0	-1948415.0	-1.73	-1.73	Hughes Pittman and Gupton LLP	true	true		true			Regulation A, Rule 506 of Regulation D, Rule 506 of Regulation D, and Rule 506 of Regulation D, respectively.
0001493152-16-012672	3500 Dry Creek Road, Unit 6		Paso Robles	CA	93446	888-995-4726	Laura Anthony	Other	35801.0	0.0		110180.0		13127.0		180108.0	388841.0			126600.0	515441.0	-335333.0	180108.0	177559.0		219835.0		15428.0	-545127.0	0.0	0.0	Weinberg & Company	true	true		true			Section 4(a)(2) or 3(a)(9)
0001673239-16-000028	429 PLUMB LANE		RENO	NV	89509	561-210-7553	HAMON FRANCIS FYTTON	Other	0.0	0.0		0.0		0.0		0.0	268.0			0.0	269.0	-269.0	0.0	0.0		0.0		0.0	-5469.0	-0.08	-0.08		true	true	false	false	true	false	Section 4 (2) of the Act.
0001477932-16-012100	C/O MADYSON CAPITAL MANAGEMENT, LLC	3204 N. ACADEMY BLVD., SUITE 120	Colorado Springs	CO	80917	719-380-7484	Jillian Sidoti, Esq.	Other	0.0	0.0		0.0		0.0		0.0	0.0			0.0	0.0	0.0	0.0	0.0		0.0		0.0	0.0	0.0	0.0	Artesian CPA	true	true	false	true		true	
0001677331-16-000004	3 DAIRYFIELD COURT		ROCKVILLE	MD	20852	2408887479	Andy Altahawi	Other	250.0	0.0		0.0		0.0		250.0	0.0			0.0	0.0	0.0	250.0	0.0		0.0		0.0	0.0	0.0	0.0	N/A	true	true	false	true	false	false	Section 4(a)(2) - an issuer not involved in any public offering. All securities sold to current directors only.
0001493152-16-012602	1701 South Flagler Drive	Suite 607	West Palm Beach	FL	33401	561-651-7816	Laura Anthony	Other	2437.0	0.0		0.0		6749.0		9221.0	677177.0			0.0	677177.0	-677956.0	9221.0	968.0		190319.0		9401.0	198752.0	0.03	0.03	Pybus & Company, P.A.	true	true			true		Rule 506 under Regulation D. All sales were to existing shareholders and/or bondholders who are Accredited Investors.
0001477932-16-011968	18100 VON KARMAN AVENUE	SUITE 850	IRVINE	CA	92612	8887989100	Michael T. Williams, Esq.	Other	103650.0	0.0		0.0		0.0		119779.0	6549.0			0.0	6549.0	113230.0	119779.0	67549.0		47819.0		0.0	-41770.0	0.0	0.0	Prichett, Siler & Hardy, P.C.	true	true	true		true	false	Exempt from registration under Section 4(2) Securities Act and Rules promulgated thereunder.
0001493152-16-012524	1701 South Flagler Drive	Suite 607	West Palm Beach	FL	33401	561-651-7816	Laura Anthony	Other	2437.0	0.0		0.0		6749.0		9221.0	677177.0			0.0	677177.0	-677956.0	9221.0	968.0		190319.0		9401.0	198752.0	0.03	0.03	Pybus & Company, P.A.	true	true			true		Rule 506 under Regulation D. All sales were to existing shareholders and/or bondholders who are Accredited Investors.
0001193125-16-682145	801 East Broadway		Columbia	MO	65201	573-499-7363	Larry K. Harris	Banking	44549832.0	818378159.0			1429428438.0		71765775.0	2427480798.0	2082680957.0		2025856993.0	163372739.0	2246053696.0	181427102.0	2427480798.0		66207444.0		7150556.0	8004067.0	19256329.0	33.15	33.15	Williams-Keepers LLC	true	true	false	true		true	
0001193125-16-681557	801 East Broadway		Columbia	MO	65201	573-499-7363	Larry K. Harris	Banking	44549832.0	818378159.0			1429428438.0		71765775.0	2427480798.0	2082680957.0		2025856993.0	163372739.0	2246053696.0	181427102.0	2427480798.0		66207444.0		7150556.0	8004067.0	19256329.0	33.15	33.15	Williams-Keepers LLC	true	true	false	true		true	
0001144204-16-118820	2010 MAIN STREET	SUITE 250	IRVINE	CA	92614	888-507-1650	Chiranjib Pal	Other	1395000.0	0.0		225000.0		286000.0		4929000.0	1108000.0			0.0	3330000.0	1599000.0	4929000.0	1179000.0		14703000.0		478000.0	-14035000.0	-1.1400000000000001	-1.1400000000000001	BDO USA, LLP	true	true			true		Section 506 of Regulation D, Section 701 of Regulation D, and Section 506 of Regulation D, respectively.
0001654954-16-001501	249 N. UNIVERSITY AVENUE		PROVO	UT	84601	760-933-8437	Pamela Catania, Esq.	Other	1910880.0	0.0		11868.0		2780.0		2166932.0	86530.0			0.0	755871.0	1411061.0	2166932.0	415517.0		1735754.0		2879.0	-1382016.0	-0.08	-0.08	Tanner LLC	true	true		true			The Issuer relied on exemptions under Section 4(a)(2) and Rule 701 of the Securities Act of 1933, as amended, for these issuances of its Class A Common Stock and options, as applicable.  There was no public solicitation with respect to these issuances.
0001506275-16-000008	3191 CORAL WAY #109		MIAMI	FL	33145	305-854-8113	Brian Recor	Other	4676120.0	3825000.0		2587364.0		58386.0		7825647.0	22613.0			51295.0	7028529.0	797118.0	7825647.0	273434.0		251008.0		3581.0	22426.0	0.0	0.0	Alberni Caballero & Fierman, LLP	true	true	false	true	false	true	
0001104659-16-139302	10780 Santa Monica Blvd.	Suite 140	Los Angeles	CA	90025	877-781-7153	Robert Rosenblum	Other	0.0	0.0		0.0		0.0		245133.0	250528.0			0.0	250528.0	-5395.0	245133.0	0.0		5395.0		0.0	-5395.0	0.0	0.0	CohnReznick LLP	true	true	false	false	true	false	Section 4(a)(2) of the Securities Act
0001658959-16-000010	110 ALPHA PARK		CLEVELAND	OH	44143	440-573-0008	Louis S. Fisi	Other	14937.0	0.0		11791.0		0.0		363524.0	1486173.0			3138936.0	4625109.0	-4261585.0	363524.0	219334.0		0.0		8062.0	-1502358.0	-0.03	-0.03	Artesian CPA, LLC	true	true	false	false	true	true	
0001214659-16-013132	Portal Building, Suite 310	9201 University Blvd	Charlotte	NC	28223	704-687-6052	C. Jones	Other	26672.0	0.0		1580.0		0.0		28252.0	61009.0			0.0	61009.0	-32757.0	28252.0	0.0		-114481.0		0.0	-114481.0	0.0	0.0	KCCW Accountancy Corp. | PCAOB registered	true	true		true			17 CFR 230.504
0001477932-16-011759	18622 ROCOSO PL		TARZANA	CA	91356	408-858-5748	Jillian Ivey Sidoti	Other	11472.0	0.0		25000.0		0.0		36472.0	0.0			0.0	0.0	36472.0	36472.0	0.0		3161.0		0.0	-3161.0	0.0	0.0	Artesian CPA, LLC	true	true	false	true	false	false	These shares of our preferred stock qualified for exemption under Section 4(2) of the Securities Act of 1933 since the issuance shares by us did not involve a public offering.
0001144204-16-118123	11 Cypress Point		Amarillo	TX	79124-4910	619-616-3149	Carlos Arreola	Other	453.0	0.0		0.0		0.0		0.0	0.0			0.0	0.0	98344.0	0.0	0.0		97891.0		0.0	-97891.0	0.0	0.0		true	true			true	true	
0001213900-16-015713	715 BRYANT STREET	SUITE 202	SAN FRANCISCO	CA	94107	415-689-5789	Justin Bailey	Other	7980.0	0.0		0.0		0.0		455216.0	0.0			0.0	8000.0	447216.0	455216.0	0.0		0.0		0.0	-733590.0	-0.73	-0.73	Marcum LLP	true	true		true			Fig Publishing, Inc. relied upon the exemption from the registration requirements of the Securities Act set forth in Section 4(a)(2) of such Act.
0001644600-16-000178	19821 NW 2ND AVE SUITE 351		MIAMI GARDENS	FL	33169	800-372-6095	Sara Hanks	Other	37.0	0.0		0.0		0.0		37.0	57651.0			0.0	57651.0	-57614.0	37.0	1177.0		937.0		0.0	-54403.0	0.0	0.0	Wipfli LLP	true	true	false	true	false	true	
0001675426-16-000034	28 Apollo Road Suite 6A		East Providence	RI	02914	401-714-5337	Jeffrey DeNunzio	Other	100.0	0.0		0.0		0.0		100.0	648.0			0.0	648.0	-548.0	100.0	0.0		5063.0		0.0	-5063.0	0.0	0.0	MaloneBailey, LLP	true	true			true		0
0001681222-16-000001	46 Franks Road	PO Box 356	Leoma	TN	38468	931-852-4060	Mr. Kevin Hathaway	Other	100.0	0.0		0.0		0.0		100.0	0.0			0.0	0.0	100.0	100.0	0.0		0.0		0.0	0.0	0.0	0.0	None	true	true	false	false	true	true	
0001681524-16-000001	16192 Coastal Highway		Lewes	DE	19958	418-655-9734	Mr. Vincent DeBlois	Other	0.0	0.0		0.0		1500.0		1500.0	0.0			0.0	0.0	1500.0	1500.0	9733.0		42120.0		1000.0	0.0	0.0	0.0	None	true	true	false	false	true	true	
0001144204-16-117826	11 Cypress Point		Amarillo	TX	79124-4910	619-616-3149	Carlos Arreola	Other	453.0	0.0		0.0		0.0		0.0	0.0			0.0	0.0	98344.0	0.0	0.0		97891.0		0.0	-97891.0	0.0	0.0		true	true			true	true	
0001449112-16-000008	7680 Universal Blvd.	Suite 565	Orlando	FL	32819	407-930-0797	Mr. Brandy Williams	Other	172037.66	1283349.24		331329.15		22230.39		1808946.44	2255184.86			366114.59	2624299.18	0.0	1808946.44	26321975.27		25588389.19		0.0	88640.85	0.37	0.37	None	true	true	false	false	true	true	
0001104659-16-137650	10780 Santa Monica Blvd.	Suite 140	Los Angeles	CA	90025	877-781-7153	Robert Rosenblum	Other	0.0	0.0		0.0		0.0		245133.0	250528.0			0.0	250528.0	-5395.0	245133.0	0.0		5395.0		0.0	-5395.0	0.0	0.0	CohnReznick LLP	true	true	false	false	true	false	Section 4(a)(2) of the Securities Act
0001657737-16-000012	20511 ABBEY DRIVE		FRANKFORT	CA	60423	612-964-7334	Mr. Geoff Thompson	Other	0.0	0.0		0.0		0.0		0.0	1050.0			0.0	1050.0	0.0	0.0	0.0		0.0		0.0	0.0	0.0	0.0	AJ Robbins CAP, LLC	true	true	false	false	true	true	
0001144204-16-116832	75 Fifth Street, NW	Suite 214	ATLANTA	GA	30308	404-850-9225	Nick Bhargava	Other	4331013.0	0.0		1135993.0		20461.0		5608559.0	1284573.0			0.0	1302153.0	4306406.0	5608559.0	46764.0		6384.0		48179.0	-1948415.0	-1.73	-1.73	Hughes Pittman and Gupton LLP	true	true		true			Regulation A, Rule 506 of Regulation D, Rule 506 of Regulation D, and Rule 506 of Regulation D, respectively.
0001493152-16-012031	1701 South Flagler Drive	Suite 607	West Palm Beach	FL	33401	561-651-7816	Laura Anthony	Other	2437.0	0.0		0.0		6749.0		9221.0	677177.0			0.0	677177.0	-677956.0	9221.0	968.0		190319.0		9401.0	198752.0	0.03	0.03	Pybus & Company, P.A.	true	true			true		Rule 506 under Regulation D. All sales were to existing shareholders and/or bondholders who are Accredited Investors.
0001079974-16-001462	6576 WEST LOOP SOUTH	SUITE 140	BELLAIRE	TX	77401	832-938-4561	M. Richard Cutler	Other	0.0	0.0		0.0		0.0		0.0	0.0			21645.0	21645.0	-36645.0	0.0	0.0		21645.0		0.0	-21645.0	0.0	0.0		true	true		true		true	
0001678727-16-000009	444 W. LAKE ST	SUITE 305	CHICAGO	IL	60606	6166499149	STEPHANIE IZEVBIZUA	Other	9162000.4	40430000.3		8404000.0		26578000.4		112923000.5	10638000.0			3236000.0	20622000.0	87000000.0	112923000.5	535969000.0		25110000.1		0.0	401641000.5	0.0	0.0		true	true	false	true	false	true	
0001065949-16-000470	11693 SAN VICENTE BOULEVARD, SUITE 445		LOS ANGELES	CA	90049	310-923-2827	Mark J. Richardson, Esq.	Other	62653.0	0.0		62994.0		0.0		654932.0	402681.0			0.0	782307.0	-127375.0	654932.0	125806.0		0.0		0.0	-175201.0	-0.02	-0.02	dbbmckennon	true	true	false	true	false	false	Rule 506(b) of Regulation D of Section 4(a)(2)/issuance of founders shares
0001579586-16-000020	1050 CONNECTICUT AVE. NW	10TH FLOOR	WASHINGTON	DC	20036	202-321-7969	Tony Ramos	Other	0.0	0.0		0.0		0.0		0.0	0.0			0.0	0.0	0.0	0.0	0.0		0.0		0.0	0.0	0.0	0.0	0	true	true	false	false	true	false	Regulation A, as amended
0001144204-16-116387	11 Cypress Point		Amarillo	TX	79124-4910	619-616-3149	Carlos Arreola	Other	453.0	0.0		0.0		0.0		0.0	0.0			0.0	0.0	98344.0	0.0	0.0		97891.0		0.0	-97891.0	0.0	0.0		true	true			true	true	
0001079974-16-001459	6576 WEST LOOP SOUTH	SUITE 140	BELLAIRE	TX	77401	832-938-4561	M. Richard Cutler	Other	0.0	0.0		0.0		0.0		0.0	0.0			21645.0	21645.0	-36645.0	0.0	0.0		21645.0		0.0	-21645.0	0.0	0.0		true	true		true		true	
0001673430-16-000012	1623 TRADEWINDS LANE		NEWPORT BEACH	CA	92660	949-232-7694	Ronald S Tucker	Other	0.0	20000.0		0.0		500000.0		520000.0	0.0			500000.0	500000.0	20000.0	520000.0	20000.0		0.0		0.0	20000.0	0.0	0.0	None	true	true	false	true	false	true	
0001681343-16-000001	StreamNet, Inc.	7582 Las Vegas Blvd.	Las Vegas	NV	89123	702-721-9915	Mr. Darryl Payne	Other	100.0	0.0		0.0		0.0		0.0	850.0			0.0	850.0	0.0	0.0	0.0		0.0		0.0	0.0	0.0	0.0	TBD	true	true	false	false	true	true	
0001144204-16-116086	11319 MAPLE STREET		LOS ALAMITOS	CA	90720	919-405-1539	Sunny Barkats	Other	0.0	0.0		254000.0		0.0		254000.0	6000.0			0.0	6000.0	248000.0	254000.0	0.0		0.0		0.0	-2000.0	0.0	0.0	Fahn Kanne & Co. Grant Thornton Israel	true	true			true		Prior issuance of 18,000,000 unregistered securities to two shareholders relied on Section 4(a)(2) of the Securities Act of 1933, as a transaction by an issuer not involving a public offering.
0001671132-16-000001	10901 Roosevelt blvd	Suite 1000c	Saint Petersburg	FL	33716	727-474-1810	Sam Talari	Other	239.0	0.0		50100.0		822259.0		872598.0	26788.0			940581.0	1210369.0	337771.0	872598.0	50100.0		375270.0		0.0	-375270.0	-0.08	-0.08	Turner, Stone & Company, L.L.P.	true	true	false	true	false	false	Private placement under Rule 506(c) of Regulation D of the Securities Act of 1933, as amended
0001193125-16-668150	801 East Broadway		Columbia	MO	65201	573-499-7363	Larry K. Harris	Banking	44549832.0	818378159.0			1429428438.0		71765775.0	2427480798.0	2082680957.0		2025856993.0	163372739.0	2246053696.0	181427102.0	2427480798.0		66207444.0		7150556.0	8004067.0	19256329.0	33.15	33.15	Williams-Keepers LLC	true	true	false	true		true	
0001579586-16-000019	1050 CONNECTICUT AVE. NW	10TH FLOOR	WASHINGTON	DC	20036	202-321-7969	Tony Ramos	Other	0.0	0.0		0.0		0.0		0.0	0.0			0.0	0.0	0.0	0.0	0.0		0.0		0.0	0.0	0.0	0.0	0	true	true	false	false	true	false	Regulation A, as amended
0001654954-16-001034	1819 Main Street	Suite 212	Sarasota	FL	34236	941-955-7900	T. Rhys James	Other	477337.0	0.0		13443.0		0.0		2686099.0	68420.0			400000.0	468420.0	2217679.0	2686099.0	0.0		0.0		0.0	-3677.0	0.0	0.0	Cherry Bekaert LLP	true	true			true		For the above issuances, our company relied on the private placement exemption found in Section 4(a)(2) of the Securities Act of 1933. There was no public solicitation with respect to this issuance.
0001673430-16-000011	1623 TRADEWINDS LANE		NEWPORT BEACH	CA	92660	949-232-7694	Ronald S Tucker	Other	0.0	20000.0		0.0		500000.0		520000.0	0.0			500000.0	500000.0	20000.0	520000.0	20000.0		0.0		0.0	20000.0	0.0	0.0	None	true	true	false	true	false	true	
0001193125-16-662414	17 W. Main Street		Luray	VA	22835	540-743-6521	Scott H. Richter, Esq.	Banking	6263504.0	37387761.0			219961198.0		2052463.0	272213600.0	1383989.0		209732943.0	36451839.0	247568771.0	24644829.0	272213600.0		2888200.0		699219.0	67090.0	524354.0	0.37	0.37	Brown, Edwards & Company, L.L.P.	true	true	false	true		true	
0001671084-16-000007	333 SYLVAN AVE.	SUITE LL5	ENGLEWOOD CLIFFS	NJ	07632	2012812211	Adam S. Tracy	Other	1500.0	0.0		0.0		0.0		1500.0	3500.0			0.0	3500.0	-2000.0	1500.0	0.0		3500.0		0.0	-3500.0	0.0	0.0		true	true	false	false	true	false	Section 4(a)(2) - an issuer not involved in any public offering. All securities sold to current directors only.
0001680862-16-000001	625 W Southern Ave	Suite E	Mesa	AZ	85210	9162302615	Andy Altahawi	Other	38000.0	0.0		0.0		0.0		38000.0	66000.0			0.0	66000.0	38000.0	38000.0	0.0		0.0		0.0	0.0	0.0	0.0	N/a	true	true	false	true	false	false	Section 4(a)(2) - an issuer not involved in any public offering. All securities sold to current directors only.
0001213900-16-015287	116 South Franklin Street		Rocky Mount	NC	27804	252-984-3800	William M. Mower	Other	100000.0	0.0		0.0		0.0		100000.0	0.0			0.0	0.0	100000.0	100000.0	0.0		0.0		0.0	0.0	0.0	0.0	RSM US LLP	true	true			true		The foregoing transactions were deemed to be exempt from the registration requirements of the Securities Act of 1933 by virtue of Section 4(2) thereof, as a transaction by an issuer not involving a public offering.
0001678727-16-000006	444 W. LAKE ST	SUITE 305	CHICAGO	IL	60606	6166499149	STEPHANIE IZEVBIZUA	Other	9162000.4	40430000.3		8404000.0		26578000.4		112923000.5	10638000.0			3236000.0	20622000.0	87000000.0	112923000.5	535969000.0		25110000.1		0.0	401641000.5	0.0	0.0		true	true	false	true	false	true	
0001657737-16-000010	20511 ABBEY DRIVE		FRANKFORT	CA	60423	612-964-7334	Mr. Geoff Thompson	Other	0.0	0.0		0.0		0.0		0.0	0.0			1050.0	1050.0	1050.0	0.0	0.0		0.0		0.0	0.0	0.0	0.0	AJ Robbins CPA, LLC	true	true	false	false	false	true	
0001677159-16-000003	6740 GREENBRIAR CURVE		SHAKOPEE	MN	55379	7604436744	Andy Altahawi	Other	1500.0	0.0		0.0		0.0		1500.0	10000.0			0.0	10000.0	8500.0	1500.0	0.0		0.0		0.0	0.0	0.0	0.0		true	true	false	true	false	false	Section 4(a)(2) - an issuer not involved in any public offering. All securities sold to current directors only.
0001144204-16-114202	75 Fifth Street, NW	Suite 214	ATLANTA	GA	30308	404-850-9225	Nick Bhargava	Other	4331031.0	0.0		1135993.0		20461.0		5608559.0	1284573.0			0.0	1302153.0	4306966.0	5608559.0	46764.0		6384.0		48179.0	-1948415.0	-1.73	-1.73	Hughes Pittman and Gupton LLP	true	true		true			Regulation A, Rule 506 of Regulation D, Rule 506 of Regulation D, and Rule 506 of Regulation D, respectively.
0001646269-16-000019	65 E STATE ST, SUITE 1800		COLUMBUS	OH	43215	6144003077	Kendall Almerico	Other	0.0	0.0		0.0		3447632.0		3512254.0	2015013.0			0.0	2015013.0	1497241.0	3512254.0	0.0		0.0		266.0	-252760.0	-0.04	-0.04	Ernst & Young LLP	true	true	true	false	false	true	
0001144204-16-113999	1623 Central Ave Ste 201		Cheyenne	WY	82001	619-748-0686	Alastair Caithness	Other	7303.18	0.0		0.0		0.0		7303.18	0.0			0.0	0.0	7303.18	7303.18	0.0		1496.82		0.0	-1496.82	0.0	0.0		true	true			true	true	
0001193125-16-653546	1133 Columbia Street #205		San Diego	CA	92101	619-431-1567	Amit Singh, Esq	Other	205300.0	0.0		292591.0		54023.0		872251.0	538674.0			1800869.0	3261668.0	0.0	872251.0	1540334.0		1027628.0		15609.0	0.0	0.0	0.0	PFK APC	true	true	false	true		false	The Company relied on Rule 701 promulgated under the Securities Act of 1933, as amended, in connection with the issuance of profits interest units and options to purchase common stock to then-current service providers of the Company.
0001677110-16-000012	2167 EL CAPITAN AVE,		SANTA CLARA	CA	95050	6502658180	Andy Altahawi	Other	30853.0	0.0		0.0		288130.0		318983.0	30000.0			0.0	30000.0	288983.0	318983.0	3305.0		37738.0		0.0	-34433.0	0.0	0.0	Unaudited	true	true	false	false	true	false	Section 4(a)(2) - an issuer not involved in any public offering. All securities sold to current directors only.
0001673430-16-000009	1623 TRADEWINDS LANE		NEWPORT BEACH	CA	92660	949-232-7694	RONALD S. TUCKER	Other	0.0	20000.0		0.0		500000.0		520000.0	0.0			500000.0	500000.0	20000.0	520000.0	20000.0		10000.0		0.0	10000.0	0.0	0.0	NONE	true	true	false	true	false	true	
0001104659-16-133316	10780 Santa Monica Blvd.	Suite 140	Los Angeles	CA	90025	877-781-7153	Robert Rosenblum	Other	0.0	0.0		0.0		0.0		245133.0	250528.0			0.0	250528.0	-5395.0	245133.0	0.0		5395.0		0.0	-5395.0	0.0	0.0	CohnReznick LLP	true	true	false	false	true	false	Section 4(a)(2) of the Securities Act
0001646269-16-000018	65 E STATE ST, SUITE 1800		COLUMBUS	OH	43215	6144003077	Kendall Almerico	Other	0.0	0.0		0.0		3447632.0		3512254.0	2015013.0			0.0	2015013.0	1497241.0	3512254.0	0.0		0.0		266.0	-252760.0	-0.04	-0.04	Ernst & Young LLP	true	true	true	false	false	true	
0001193125-16-649459	14420 Albemarle Point Place		Chantilly	VA	20152	703-953-3838	Morris F. DeFeo, Jr.	Other	389912.0	0.0		2845961.0		118838.0		3751052.0	1530847.0			500000.0	2064922.0	1686130.0	3751052.0	632516.0		851121.0		4377.0	198872.0	0.04	0.04	Ericksen, Krentel & LaPorte, LLP	true	true	false	false		false	Section 4 (a)(2) of the Securities Act of 1933, as amended.
0001174947-16-002881	132 MAIN STREET		COLEBROOK	NH	03576	603-237-7016	Dodd S. Griffith, Esq.	Banking	6454492.0	38145458.0			197962652.0		4817688.0	262714216.0	1282575.0		223441715.0	6000000.0	233421368.0	29292848.0	262714216.0		9455696.0		1051470.0	416928.0	1122509.0	1.3800000000000001	1.3800000000000001	Baker Newman & Noyes, LLC	true	true			true		Rule 506(b) of Regulation D
0001144204-16-113146	75 Fifth Street, NW	Suite 214	ATLANTA	GA	30308	404-850-9225	Nick Bhargava	Other	4331031.0	0.0		1135993.0		20461.0		5608559.0	1284573.0			0.0	1302153.0	4306966.0	5608559.0	46764.0		6384.0		48179.0	-1948415.0	-1.73	-1.73	Hughes Pittman and Gupton LLP	true	true		true			Regulation A, Rule 506 of Regulation D, Rule 506 of Regulation D, and Rule 506 of Regulation D, respectively.
0001214659-16-012685	45 ROCKEFELLER PLAZA, SUITE 2000		NEW YORK	NY	10111	646-915-1750	C. Jones	Other	26672.0	0.0		1580.0		0.0		28252.0	61009.0			0.0	61009.0	-32757.0	28252.0	0.0		-114481.0		0.0	-114481.0	0.0	0.0	KCCW Accountancy Corp. | PCAOB registered	true	true		true			17 CFR 230.504
0001675426-16-000020	28 Apollo Road Suite 6A		East Providence	RI	02914	401-714-5337	Jeffrey DeNunzio	Other	100.0	0.0		0.0		0.0		100.0	648.0			0.0	648.0	-548.0	100.0	0.0		5063.0		0.0	-5063.0	0.0	0.0	MaloneBailey, LLP	true	true			true		0
0001677331-16-000002	3 Dairyfield Court		Rockville	MD	20852	2408887479	Andy Altahawi	Other	250.0	0.0		0.0		0.0		250.0	0.0			0.0	0.0	0.0	250.0	0.0		0.0		0.0	0.0	0.0	0.0	Unaudited	true	true	false	true	false	false	Section 4(a)(2) - an issuer not involved in any public offering. All securities sold to current directors only.
0001144204-16-112941	823 EIGHTH STREET		HUNTINGTON	WV	25701	304-522-6400	Thomas J. Murray, Esq.	Banking	22338323.0	108854589.0			367903927.0		6170509.0	508500004.0	944090.0		409680596.0	40220578.0	466936118.0	41563886.0	508500004.0		19771814.0		3597393.0	408629.0	4667480.0	3.25	3.23	Hess Stewart & Campbell CPA's PLLC	true	true		true		true	
0001065949-16-000454	11693 SAN VICENTE BOULEVARD, SUITE 445		LOS ANGELES	CA	90049	310-923-2827	Mark J. Richardson, Esq.	Other	62653.0	0.0		62994.0		0.0		654932.0	402681.0			0.0	782307.0	-127375.0	654932.0	125806.0		0.0		0.0	-175201.0	-0.02	-0.02	dbbmckennon	true	true	false	true	false	false	Rule 506(b) of Regulation D of Section 4(2)/issuance of founders shares
0001644600-16-000167	19821 NW 2ND AVE SUITE 351		MIAMI GARDENS	FL	33169	800-372-6095	Sara Hanks	Other	37.0	0.0		0.0		0.0		37.0	57651.0			0.0	57651.0	-57614.0	37.0	1177.0		937.0		0.0	-54403.0	0.0	0.0	Wipfli LLP	true	true	false	true	false	true	
0001678727-16-000003	444 W. Lake St	Suite 305	Chicago	IL	60606	6166499149	Stephanie Izevbizua	Other	9162.4	40430.3		8404.0		26578.4		112923.5	10638.0			3374.0	20622.0	87000.0	112923.5	535969.0		25110.100000000002		0.0	401641.5	0.0	0.0		true	true	true	false	false	true	
0001673239-16-000024	429 PLUMB LANE		RENO	NV	89509	561-210-7553	HAMON FRANCIS FYTTON	Other	0.0	0.0		0.0		0.0		0.0	268.0			0.0	269.0	-269.0	0.0	0.0		0.0		0.0	-5469.0	-0.08	-0.08		true	true	false	false	true	false	Section 4 (2) of the Act.
0001144204-16-112275	11 S. 12th Street	Suite 401	Richmond	VA	23219	804-344-4435	Thomas G. Voekler, Esq.	Other	126.0	0.0		0.0		0.0		126.0	116712.0			0.0	166712.0	-166586.0	126.0	0.0		0.0		0.0	-141836.0	0.0	0.0	Keiter, Stephens, Hurst, Gary and Shreaves, PC	true	true			true	true	
0001644600-16-000165	19821 NW 2ND AVE SUITE 351		MIAMI GARDENS	FL	33169	800-372-6095	Sara Hanks	Other	37.0	0.0		0.0		0.0		37.0	57651.0			0.0	57651.0	-57614.0	37.0	1177.0		937.0		0.0	-54403.0	0.0	0.0	Wipfli LLP	true	true	false	true	false	true	
0001144204-16-112245	3123 NW Industrial Street		Portland	OR	97210	503-954-1126	Richard Baumann	Other	530077.0	0.0		11280.0		122549.0		1587878.0	518846.0			520764.0	1718901.0	-131023.0	1587878.0	132000.0		1046071.0		48571.0	-3640976.0	-0.21	-0.21	Marcum LLP	true	true			true		Exempt from registration under Rule 506(b) and Rule 701 promulgated under the Securities Act.
0001193125-16-644284	17 W. Main Street		Luray	VA	22835	540-743-6521	Scott H. Richter, Esq.	Banking	6263504.0	37387761.0			219961198.0		2052463.0	272213600.0	1383989.0		209732943.0	36451839.0	247568771.0	24644829.0	272213600.0		2888200.0		699219.0	67090.0	524354.0	0.37	0.37	Brown, Edwards & Company, L.L.P.	true	true	false	true		true	
0001579586-16-000018	1050 CONNECTICUT AVE. NW	10TH FLOOR	WASHINGTON	DC	20036	202-321-7969	Tony Ramos	Other	0.0	0.0		0.0		0.0		0.0	0.0			0.0	0.0	0.0	0.0	0.0		0.0		0.0	0.0	0.0	0.0	0	true	true	false	false	true	false	Regulation A, as amended
0001144204-16-111941	75 Fifth Street, NW	Suite 214	ATLANTA	GA	30308	404-850-9225	Nick Bhargava	Other	4331031.0	0.0		1135993.0		20461.0		5608559.0	1284573.0			0.0	1302153.0	4306966.0	5608559.0	46764.0		6384.0		48179.0	-1948415.0	-1.73	-1.73	Hughes Pittman and Gupton LLP	true	true		true			Regulation A, Rule 506 of Regulation D, Rule 506 of Regulation D, and Rule 506 of Regulation D, respectively.
0001644600-16-000163	13000 CONTROL TOWER RD., SUITE 217		ENGLEWOOD	CO	80112	3035035660	Sara Hanks	Other	34031.0	0.0		0.0		0.0		163374.0	1171191.0			0.0	1171191.0	0.0	163374.0	0.0		865783.0		0.0	-865783.0	0.0	0.0	EKS&H LLLP	true	true	false	true	false	false	Section 4(a)(2) Private placement to accredited investors.
0001675426-16-000017	340 W. 42ND STREET, FL 2, P.O. BOX 2455		NEW YORK	NY	10036	631-991-5461	Thomas DeNunzio	Other	0.0	0.0		0.0		0.0		0.0	6866.0			0.0	6866.0	6866.0	0.0	0.0		0.0		0.0	-6866.0	0.0	64140665.0	Scrudato & Co., PA	true	true					Section 4 (2) of the Act.
0001579586-16-000017	1050 CONNECTICUT AVE. NW	10TH FLOOR	WASHINGTON	DC	20036	202-321-7969	Tony Ramos	Other	0.0	0.0		0.0		0.0		0.0	0.0			0.0	0.0	0.0	0.0	0.0		0.0		0.0	0.0	0.0	0.0	0	true	true	false	false	true	false	Regulation A, as amended
0001644600-16-000161	13000 CONTROL TOWER RD., SUITE 217		ENGLEWOOD	CO	80112	3035035660	Sara Hanks	Other	34031.0	0.0		0.0		0.0		163374.0	1171191.0			0.0	1171191.0	0.0	163374.0	0.0		865783.0		0.0	-865783.0	0.0	0.0	EKS&H LLLP	true	true	false	true	false	false	Section 4(a)(2) Private placement to accredited investors.
0001657737-16-000009	20511 ABBEY DRIVE		FRANKFORT	IL	60423	612-964-7334	Mr. Geoff Thompson	Other	0.0	0.0		0.0		0.0		0.0	0.0			1050.0	1050.0	0.0	0.0	0.0		0.0		0.0	0.0	0.0	0.0	AJ Robbins CPA, LLC	true	true	false	false	true	true	
0001144204-16-111624	75 Fifth Street, NW	Suite 214	ATLANTA	GA	30308	404-850-9225	Nick Bhargava	Other	4331031.0	0.0		1135993.0		20461.0		5608559.0	1284573.0			0.0	1302153.0	4306966.0	5608559.0	46764.0		6384.0		48179.0	-1948415.0	-1.73	-1.73	Hughes Pittman and Gupton LLP	true	true		true			Regulation A, Rule 506 of Regulation D, Rule 506 of Regulation D, and Rule 506 of Regulation D, respectively.
0001640334-16-001301	201 S. 36th Street		Phoenix	AZ	85034	305-608-2362	W. Scott Lawler, Esq.	Other	56395.0	0.0		4896413.0		1129421.0		6083729.0	160848.0			45008.0	237532.0	5846197.0	6083729.0	3622005.0		2757281.0		0.0	864724.0	0.0	0.0	Metz & Associates, PLLC	true	true	false	false	true	false	Rule 506 of Regulation D. All shares were issued to the company's officers, directors and five (5) employees.
0001079974-16-001397	6576 WEST LOOP SOUTH	SUITE 140	BELLAIRE	TX	77401	832-938-4561	M. Richard Cutler	Other	0.0	0.0		0.0		0.0		0.0	0.0			21645.0	21645.0	-36645.0	0.0	0.0		21645.0		0.0	-21645.0	0.0	0.0		true	true		true		true	
0001646269-16-000017	65 E STATE ST, SUITE 1800		COLUMBUS	OH	43215	6144003077	Kendall Almerico	Other	0.0	0.0		0.0		3447632.0		3512254.0	2015013.0			0.0	2015013.0	1497241.0	3512254.0	0.0		0.0		266.0	-252760.0	-0.04	-0.04	Ernst & Young LLP	true	true	true	false	false	true	
0001677092-16-000002	2195 Arthur Avenue		Elk Grove Village	IL	60007	8475615224	Andy Altahawi	Other	1500.0	0.0		0.0		0.0		1500.0	3500.0			0.0	3500.0	-2000.0	1500.0	0.0		3500.0		0.0	0.0	0.0	0.0	Unaudited	true	true	false	false	true	false	Section 4(a)(2) - an issuer not involved in any public offering. All securities sold to current directors only.
0001493152-16-011222	1701 South Flagler Drive	Suite 607	West Palm Beach	FL	33401	561-651-7816	Laura Anthony	Other	2437.0	0.0		0.0		6749.0		9221.0	677177.0			0.0	677177.0	-677956.0	9221.0	968.0		190319.0		9401.0	198752.0	0.03	0.03	Pybus & Company, P.A.	true	true			true		Rule 506 under Regulation D. All sales were to existing shareholders and/or bondholders who are Accredited Investors.
0001144204-16-110990	11 Cypress Point		Amarillo	TX	79124-4910	619-616-3149	Carlos Arreola	Other	453.0	0.0		0.0		0.0		0.0	0.0			0.0	0.0	98344.0	0.0	0.0		97891.0		0.0	-97891.0	0.0	0.0		true	true			true	true	
