ACCESSION_NUMBER	NID	SINFO_ID	NAME_TYPE	NAME
0001644600-16-000142	1	1	legalSpName	KHLK LLP
0001644600-16-000142	1	1	auditorSpName	EKS&H
0001644600-16-000142	1	1	blueSkySpName	State filing fees
0001621388-16-000004	1	1	legalSpName	Morella & Associates
0001621388-16-000004	1	1	blueSkySpName	State Filing(s)
0001354488-16-007263	1	1	auditorSpName	Mauldin &Jenkins, LLC
0001354488-16-007263	1	1	legalSpName	Bryan Cave LLP
0001214659-16-011078	1	1	blueSkySpName	Dill Dill Carr Stonbraker & Hutchings, P.C.
0001214659-16-011078	1	1	legalSpName	Dill Dill Carr Stonbraker & Hutchings, P.C.
