ACCESSION_NUMBER	SECURITY_ID	SECURITIESISSUERNAME	SECURITIESISSUERTITLE	SECURITIESISSUEDTOTALAMOUNT	SECURITIESPRINCIPALHOLDERAMT	SECURITIESISSUEDAGGREGATEAMT	AGGREGATECONSIDERATIONBASIS
0001213900-16-014626	1	Fig Publishing, Inc.	Common Stock	1000000	0	$242,161. The issuer's parent, Loose Tooth Industries, Inc., formed the issuer, has taken its ownership interest in the issuer in the form of 1,000,000 shares of common stock, and as of September 30, 2015 had made a net transfer to the issuer in the foregoing amount, as described in the issuer's financial statements.	
0001477932-16-011118	1	GK Investment Holdings, LLC	Class A & Class B units	246779460	0	None	
0001493152-16-011191	1	BioSculpture Technology, Inc.	Common stock	29823	0	25,236 shares for mezzanine bond conversion at maturity of $50,000 principal and $5,014 accrued bond interest at $2.18/share; 45,872 shares sold at $1.09 per share; 4,587 shares for $10,000 @ 2.18/share.	
0001493152-16-011191	2	BioSculpture Technology, Inc.	Common stock	29823	0	25,236 shares for mezzanine bond conversion at maturity of $50,000 principal and $5,014 accrued bond interest at $2.18/share; 45,872 shares sold at $1.09 per share; 4,587 shares for $10,000 @ 2.18/share.	
0001144204-16-110565	4	Groundfloor Finance Inc.	LROs	9429520	0	LROs were issued for aggregate principal amount of $9,429,520.  LROs in the amount of $505,000 were issued and sold pursuant to Offering Circular File No. 024-10440, LROs in the amount of $1,329,000 were issued and sold pursuant to Offering Circular File No. 024-10488 and LROs in the amount of $7,595,520 were issued and sold pursuant to Offering Circular File No. 024-10496 (as may be amended and supplemented from time to time).	
0001144204-16-110565	3	Groundfloor Finance Inc.	LROs	9429520	0	LROs were issued for aggregate principal amount of $9,429,520.  LROs in the amount of $505,000 were issued and sold pursuant to Offering Circular File No. 024-10440, LROs in the amount of $1,329,000 were issued and sold pursuant to Offering Circular File No. 024-10488 and LROs in the amount of $7,595,520 were issued and sold pursuant to Offering Circular File No. 024-10496 (as may be amended and supplemented from time to time).	
0001144204-16-110565	2	Groundfloor Finance Inc.	LROs	9429520	0	LROs were issued for aggregate principal amount of $9,429,520.  LROs in the amount of $505,000 were issued and sold pursuant to Offering Circular File No. 024-10440, LROs in the amount of $1,329,000 were issued and sold pursuant to Offering Circular File No. 024-10488 and LROs in the amount of $7,595,520 were issued and sold pursuant to Offering Circular File No. 024-10496 (as may be amended and supplemented from time to time).	
0001144204-16-110565	1	Groundfloor Finance Inc.	LROs	9429520	0	LROs were issued for aggregate principal amount of $9,429,520.  LROs in the amount of $505,000 were issued and sold pursuant to Offering Circular File No. 024-10440, LROs in the amount of $1,329,000 were issued and sold pursuant to Offering Circular File No. 024-10488 and LROs in the amount of $7,595,520 were issued and sold pursuant to Offering Circular File No. 024-10496 (as may be amended and supplemented from time to time).	
0001644600-16-000157	1	XTI Aircraft Co	Convertible Notes	800000	0	800000	
0001677110-16-000011	1	Astics Inc	Common Stock	15000000	0	3000	
0001174947-16-002836	1	First Colebrook Bancorp, Inc.	Subordinated Promissory Note	5000000	0	$5,000,000 Subordinated Promissory Note issued by First Colebrook Bancorp, Inc	
0001214659-16-012387	1	YOBI CAPITAL FUND CORPORATION	Class A Common Stock	222222	0	100000	
0001677110-16-000006	1	Astics Inc	Common Stock	15000000	0	3000	
0001677159-16-000001	1	Bofat Investmnets Inc	Common Stock	15000000	0	1500	
0001144204-16-109189	4	Groundfloor Finance Inc.	LROs	9000270	0	LROs were issued for aggregate principal amount of $9,000,270.  LROs in the amount of $505,000 were issued and sold pursuant to Offering Circular File No. 024-10440, LROs in the amount of $1,329,000 were issued and sold pursuant to Offering Circular File No. 024-10488 and LROs in the amount of $7,116,270 were issued and sold pursuant to Offering Circular File No. 024-10496 (as may be amended and supplemented from time to time).	
0001144204-16-109189	3	Groundfloor Finance Inc.	LROs	9000270	0	LROs were issued for aggregate principal amount of $9,000,270.  LROs in the amount of $505,000 were issued and sold pursuant to Offering Circular File No. 024-10440, LROs in the amount of $1,329,000 were issued and sold pursuant to Offering Circular File No. 024-10488 and LROs in the amount of $7,116,270 were issued and sold pursuant to Offering Circular File No. 024-10496 (as may be amended and supplemented from time to time).	
0001144204-16-109189	2	Groundfloor Finance Inc.	LROs	9000270	0	LROs were issued for aggregate principal amount of $9,000,270.  LROs in the amount of $505,000 were issued and sold pursuant to Offering Circular File No. 024-10440, LROs in the amount of $1,329,000 were issued and sold pursuant to Offering Circular File No. 024-10488 and LROs in the amount of $7,116,270 were issued and sold pursuant to Offering Circular File No. 024-10496 (as may be amended and supplemented from time to time).	
0001144204-16-109189	1	Groundfloor Finance Inc.	LROs	9000270	0	LROs were issued for aggregate principal amount of $9,000,270.  LROs in the amount of $505,000 were issued and sold pursuant to Offering Circular File No. 024-10440, LROs in the amount of $1,329,000 were issued and sold pursuant to Offering Circular File No. 024-10488 and LROs in the amount of $7,116,270 were issued and sold pursuant to Offering Circular File No. 024-10496 (as may be amended and supplemented from time to time).	
0001144204-16-109064	4	Groundfloor Finance Inc.	LROs	8494120	0	LROs were issued for aggregate principal amount of $8,404,120.  LROs in the amount of $505,000 were issued and sold pursuant to Offering Circular File No. 024-10440, LROs in the amount of $1,329,000 were issued and sold pursuant to Offering Circular File No. 024-10488 and LROs in the amount of $6,570,120 were issued and sold pursuant to Offering Circular File No. 024-10496 (as may be amended and supplemented from time to time).	
0001144204-16-109064	3	Groundfloor Finance Inc.	LROs	8494120	0	LROs were issued for aggregate principal amount of $8,404,120.  LROs in the amount of $505,000 were issued and sold pursuant to Offering Circular File No. 024-10440, LROs in the amount of $1,329,000 were issued and sold pursuant to Offering Circular File No. 024-10488 and LROs in the amount of $6,570,120 were issued and sold pursuant to Offering Circular File No. 024-10496 (as may be amended and supplemented from time to time).	
0001144204-16-109064	2	Groundfloor Finance Inc.	LROs	8494120	0	LROs were issued for aggregate principal amount of $8,404,120.  LROs in the amount of $505,000 were issued and sold pursuant to Offering Circular File No. 024-10440, LROs in the amount of $1,329,000 were issued and sold pursuant to Offering Circular File No. 024-10488 and LROs in the amount of $6,570,120 were issued and sold pursuant to Offering Circular File No. 024-10496 (as may be amended and supplemented from time to time).	
0001144204-16-109064	1	Groundfloor Finance Inc.	LROs	8494120	0	LROs were issued for aggregate principal amount of $8,404,120.  LROs in the amount of $505,000 were issued and sold pursuant to Offering Circular File No. 024-10440, LROs in the amount of $1,329,000 were issued and sold pursuant to Offering Circular File No. 024-10488 and LROs in the amount of $6,570,120 were issued and sold pursuant to Offering Circular File No. 024-10496 (as may be amended and supplemented from time to time).	
0001644600-16-000153	1	ThrillCorp, Inc.	Class A Common Stock; Class B Common Stock	10383750	0	500000 for Class B Common Stock; contract rights for Class A Common Stock	
0001144204-16-108829	1	Fundrise Real Estate Investment Trust, LLC	Common Shares	52977	0	$529,770 ($10.00 per common share)	
0001144204-16-108794	1	Fundrise West Coast Opportunistic REIT, LLC	Common Shares	500	500	$5,000 ($10.00 per common share)	same as above
0001144204-16-108791	1	Fundrise Midland Opportunistic REIT, LLC	Common Shares	500	500	$5,000 ($10.00 per common share)	same as above
0001144204-16-108790	1	Fundrise East Coast Opportunistic REIT, LLC	Common Shares	500	500	$5,000 ($10.00 per common share)	same as above
0001144204-16-108689	1	Groundfloor Finance Inc.	LROs	8791120	0	LROs were issued for aggregate principal amount of $8,791,120.  LROs in the amount of $505,000 were issued and sold pursuant to Offering Circular File No. 024-10440, LROs in the amount of $1,329,000 were issued and sold pursuant to Offering Circular File No. 024-10488 and LROs in the amount of $6,957,120 were issued and sold pursuant to Offering Circular File No. 024-10496 (as may be amended and supplemented from time to time).	
0001144204-16-108689	3	Groundfloor Finance Inc.	LROs	8791120	0	LROs were issued for aggregate principal amount of $8,791,120.  LROs in the amount of $505,000 were issued and sold pursuant to Offering Circular File No. 024-10440, LROs in the amount of $1,329,000 were issued and sold pursuant to Offering Circular File No. 024-10488 and LROs in the amount of $6,957,120 were issued and sold pursuant to Offering Circular File No. 024-10496 (as may be amended and supplemented from time to time).	
0001144204-16-108689	4	Groundfloor Finance Inc.	LROs	8791120	0	LROs were issued for aggregate principal amount of $8,791,120.  LROs in the amount of $505,000 were issued and sold pursuant to Offering Circular File No. 024-10440, LROs in the amount of $1,329,000 were issued and sold pursuant to Offering Circular File No. 024-10488 and LROs in the amount of $6,957,120 were issued and sold pursuant to Offering Circular File No. 024-10496 (as may be amended and supplemented from time to time).	
0001144204-16-108689	2	Groundfloor Finance Inc.	LROs	8791120	0	LROs were issued for aggregate principal amount of $8,791,120.  LROs in the amount of $505,000 were issued and sold pursuant to Offering Circular File No. 024-10440, LROs in the amount of $1,329,000 were issued and sold pursuant to Offering Circular File No. 024-10488 and LROs in the amount of $6,957,120 were issued and sold pursuant to Offering Circular File No. 024-10496 (as may be amended and supplemented from time to time).	
0001477932-16-010901	1	XReal, Inc.	Common Stock	10000000	0	$333,000 in cash plus founders' services	
0001193125-16-623801	3	Ength Degree LLC; XY - the Findables Company	Profits Interest Units	23600000	0	$5,328,035 based on capital contributions in Ength Degree LLC in exchange for units, with such untis converting into shares of Class B common stock of the Company	
0001193125-16-623801	2	Ength Degree LLC; XY - the Findables Company	Profits Interest Units	23600000	0	$5,328,035 based on capital contributions in Ength Degree LLC in exchange for units, with such untis converting into shares of Class B common stock of the Company	
0001193125-16-623801	1	Ength Degree LLC; XY - the Findables Company	Profits Interest Units	23600000	0	$5,328,035 based on capital contributions in Ength Degree LLC in exchange for units, with such untis converting into shares of Class B common stock of the Company	
0001065949-16-000432	1	HYGEN INDUSTRIES, INC.	COMMON STOCK	10000000	0	None (Services).	
0001677110-16-000001	1	Astics Inc	Common Stock	15000000	0	3000	
0001354488-16-007834	1	Series A Preferred Stock	7.00 percent Series A Cumulative Convertible Preferred Stock	96000	50000	For the above issuance, our company relied on the private placement exemption found in Section 4(a)(2) of the Securities Act of 1933, or the Securities Act, and Rule 506(b) of Regulation D promulgated thereunder. There was no public solicitation with respect to this issuance.	On March 14, 2016, our company issued 50,000 shares of its common stock to each of Messrs. Robert R. Kaplan, Robert R. Kaplan, Jr., Edwin M. Stanton and Philip Kurlander for consideration of $500.00 per person. The aggregate consideration for which the securities were issued was determined by management.
0001144204-16-108253	2	Denim.LA, Inc.	Promissory Notes	951079	0	$951,079 at par	
0001144204-16-108253	1	Denim.LA, Inc.	Promissory Notes	951079	0	$951,079 at par	
0001644600-16-000151	1	XTI Aircraft Co	Convertible Notes	800000	0	800000	
0001144204-16-108084	3	Groundfloor Finance Inc.	LROs	8494120	0	LROs were issued for aggregate principal amount of $8,404,120.  LROs in the amount of $505,000 were issued and sold pursuant to Offering Circular File No. 024-10440, LROs in the amount of $1,329,000 were issued and sold pursuant to Offering Circular File No. 024-10488 and LROs in the amount of $6,570,120 were issued and sold pursuant to Offering Circular File No. 024-10496 (as may be amended and supplemented from time to time).	
0001144204-16-108084	4	Groundfloor Finance Inc.	LROs	8494120	0	LROs were issued for aggregate principal amount of $8,404,120.  LROs in the amount of $505,000 were issued and sold pursuant to Offering Circular File No. 024-10440, LROs in the amount of $1,329,000 were issued and sold pursuant to Offering Circular File No. 024-10488 and LROs in the amount of $6,570,120 were issued and sold pursuant to Offering Circular File No. 024-10496 (as may be amended and supplemented from time to time).	
0001144204-16-108084	2	Groundfloor Finance Inc.	LROs	8494120	0	LROs were issued for aggregate principal amount of $8,404,120.  LROs in the amount of $505,000 were issued and sold pursuant to Offering Circular File No. 024-10440, LROs in the amount of $1,329,000 were issued and sold pursuant to Offering Circular File No. 024-10488 and LROs in the amount of $6,570,120 were issued and sold pursuant to Offering Circular File No. 024-10496 (as may be amended and supplemented from time to time).	
0001144204-16-108084	1	Groundfloor Finance Inc.	LROs	8494120	0	LROs were issued for aggregate principal amount of $8,404,120.  LROs in the amount of $505,000 were issued and sold pursuant to Offering Circular File No. 024-10440, LROs in the amount of $1,329,000 were issued and sold pursuant to Offering Circular File No. 024-10488 and LROs in the amount of $6,570,120 were issued and sold pursuant to Offering Circular File No. 024-10496 (as may be amended and supplemented from time to time).	
0001144204-16-107899	1	NewsBeat Social, Inc.	Warrants to purchase common stock	1375000	0	None	
0001144204-16-107899	4	NewsBeat Social, Inc.	Warrants to purchase common stock	1375000	0	None	
0001144204-16-107899	5	NewsBeat Social, Inc.	Warrants to purchase common stock	1375000	0	None	
0001144204-16-107899	6	NewsBeat Social, Inc.	Warrants to purchase common stock	1375000	0	None	
0001144204-16-107899	3	NewsBeat Social, Inc.	Warrants to purchase common stock	1375000	0	None	
0001144204-16-107899	2	NewsBeat Social, Inc.	Warrants to purchase common stock	1375000	0	None	
0001144204-16-107689	2	Denim.LA, Inc.	Promissory Notes	951079	0	$951,079 at par	
0001144204-16-107689	1	Denim.LA, Inc.	Promissory Notes	951079	0	$951,079 at par	
0001553350-16-002127	1	MAYFLOWER INVESTMENT GROUP INC	PREFERRED	200000	200000	0.001 par value	0
0001144204-16-106739	1	Groundfloor Finance Inc.	LROs	7801940	0	LROs were issued for aggregate principal amount of $7,801,940.  LROs in the amount of $505,000 were issued and sold pursuant to Offering Circular File No. 024-10440, LROs in the amount of $1,329,000 were issued and sold pursuant to Offering Circular File No. 024-10488 and LROs in the amount of $5,967,940 were issued and sold pursuant to Offering Circular File No. 024-10496 (as may be amended and supplemented from time to time).	
0001144204-16-106739	4	Groundfloor Finance Inc.	LROs	7801940	0	LROs were issued for aggregate principal amount of $7,801,940.  LROs in the amount of $505,000 were issued and sold pursuant to Offering Circular File No. 024-10440, LROs in the amount of $1,329,000 were issued and sold pursuant to Offering Circular File No. 024-10488 and LROs in the amount of $5,967,940 were issued and sold pursuant to Offering Circular File No. 024-10496 (as may be amended and supplemented from time to time).	
0001144204-16-106739	3	Groundfloor Finance Inc.	LROs	7801940	0	LROs were issued for aggregate principal amount of $7,801,940.  LROs in the amount of $505,000 were issued and sold pursuant to Offering Circular File No. 024-10440, LROs in the amount of $1,329,000 were issued and sold pursuant to Offering Circular File No. 024-10488 and LROs in the amount of $5,967,940 were issued and sold pursuant to Offering Circular File No. 024-10496 (as may be amended and supplemented from time to time).	
0001144204-16-106739	2	Groundfloor Finance Inc.	LROs	7801940	0	LROs were issued for aggregate principal amount of $7,801,940.  LROs in the amount of $505,000 were issued and sold pursuant to Offering Circular File No. 024-10440, LROs in the amount of $1,329,000 were issued and sold pursuant to Offering Circular File No. 024-10488 and LROs in the amount of $5,967,940 were issued and sold pursuant to Offering Circular File No. 024-10496 (as may be amended and supplemented from time to time).	
0001144204-16-106225	1	Denim.LA, Inc.	Promissory Notes	951079	0	$951,079 at par	
0001144204-16-106225	2	Denim.LA, Inc.	Promissory Notes	951079	0	$951,079 at par	
0001644600-16-000144	1	XTI Aircraft Co	Convertible Notes	800000	0	800000	
0001477932-16-010647	1	ShiftPixy, Inc.	Common Stock- Founder's Shares	50400000	0	$5,040 based upon a purchase price of par value or $.0001 per share.	
0001477932-16-010647	2	ShiftPixy, Inc.	Common Stock- Founder's Shares	50400000	0	$5,040 based upon a purchase price of par value or $.0001 per share.	
0001477932-16-010647	3	ShiftPixy, Inc.	Common Stock- Founder's Shares	50400000	0	$5,040 based upon a purchase price of par value or $.0001 per share.	
0001477932-16-010647	4	ShiftPixy, Inc.	Common Stock- Founder's Shares	50400000	0	$5,040 based upon a purchase price of par value or $.0001 per share.	
0001645471-16-000011	3	Tuscan Gardens Income Fund LLC	Preferred Membership Interest	4070000	0	Each unit sold for $10,000 with a minimum purchase of 5 units.	
0001645471-16-000011	2	Tuscan Gardens Income Fund LLC	Preferred Membership Interest	4070000	0	Each unit sold for $10,000 with a minimum purchase of 5 units.	
0001645471-16-000011	1	Tuscan Gardens Income Fund LLC	Preferred Membership Interest	4070000	0	Each unit sold for $10,000 with a minimum purchase of 5 units.	
0001520138-16-000963	1	Dollar Shots Club, Inc.	Common Stock	90837000	0	75,587,000 shares were sold at prices ranging from $0.0001 to $0.50, for total cash proceeds of $102,800.  Additional shares were issued for the purchase of assets, and as compensation.  On September 18, 2015, we acquired certain assets from Rocky Mountain High Brands, Inc., including certain trademarks and related intellectual property, beverage formulas, and inventory on hand.  We acquired these assets in exchange for our issuance of 5,000,000 shares of common stock to Rocky Mountain High Brands, Inc.	
0001144204-16-105113	1	Groundfloor Finance Inc.	LROs	7364445	0	LROs were issued for aggregate principal amount of $7,364,445.  LROs in the amount of $505,000 were issued and sold pursuant to Offering Circular File No. 024-10440, LROs in the amount of $1,329,000 were issued and sold pursuant to Offering Circular File No. 024-10488 and LROs in the amount of $5,530,445 were issued and sold pursuant to Offering Circular File No. 024-10496 (as may be amended and supplemented from time to time).	
0001144204-16-105113	2	Groundfloor Finance Inc.	LROs	7364445	0	LROs were issued for aggregate principal amount of $7,364,445.  LROs in the amount of $505,000 were issued and sold pursuant to Offering Circular File No. 024-10440, LROs in the amount of $1,329,000 were issued and sold pursuant to Offering Circular File No. 024-10488 and LROs in the amount of $5,530,445 were issued and sold pursuant to Offering Circular File No. 024-10496 (as may be amended and supplemented from time to time).	
0001144204-16-105113	3	Groundfloor Finance Inc.	LROs	7364445	0	LROs were issued for aggregate principal amount of $7,364,445.  LROs in the amount of $505,000 were issued and sold pursuant to Offering Circular File No. 024-10440, LROs in the amount of $1,329,000 were issued and sold pursuant to Offering Circular File No. 024-10488 and LROs in the amount of $5,530,445 were issued and sold pursuant to Offering Circular File No. 024-10496 (as may be amended and supplemented from time to time).	
0001144204-16-105113	4	Groundfloor Finance Inc.	LROs	7364445	0	LROs were issued for aggregate principal amount of $7,364,445.  LROs in the amount of $505,000 were issued and sold pursuant to Offering Circular File No. 024-10440, LROs in the amount of $1,329,000 were issued and sold pursuant to Offering Circular File No. 024-10488 and LROs in the amount of $5,530,445 were issued and sold pursuant to Offering Circular File No. 024-10496 (as may be amended and supplemented from time to time).	
0001144204-16-104935	1	8tracks, Inc.	Series Seed 2 Preferred Shares	146196	0	A total of $316,876. was raised, at a price per share of $2.1824	
0001193125-16-600670	1	Cottonwood Multifamily REIT I, Inc.	Common stock	1000	1000	$10,000 paid in cash	$10,000 paid in cash
0001657250-16-000096	1	Sigmata Electronics, Inc.	common stock	40000000	40000000	.0001 par value	Section 4(2) of the Act.
0001658959-16-000008	1	Teraphysics Coroporation	Common Stock	4188920	0	$1,749,500 raised on sale of 4,188,920 common shares	
0001214659-16-011713	2	American Homeowner Preservation, LLC	Series 2014B	2913000	0	2913000	
0001214659-16-011713	1	American Homeowner Preservation, LLC	Series 2014B	2913000	0	2913000	
0001493152-16-010164	1	APPLIQATE INC	Common Stock	60000000	0	Shares issued to founders for past and ongoing services services rendered.	
0001214659-16-011706	2	American Homeowner Preservation, LLC	Series 2014B	2913000	0	2913000	
0001214659-16-011706	1	American Homeowner Preservation, LLC	Series 2014B	2913000	0	2913000	
0001671084-16-000003	1	Pikon Group	Common Stock	15000000	0	$1,500	
0001213900-16-013592	1	POMM Inc.	Common stock	1444813	0	1 to 1 share swap agreement with its subsidiary.	
0001144204-16-102816	1	Image Protect, Inc.	Common	44601962	0	57,329 shares of Clear Arts, Inc.,	
0001644600-16-000139	1	UNATION, LLC	Series B Units	227709	0	$2732508 at par	
0001193125-16-590692	1	Cottonwood Multifamily REIT I, Inc.	Common stock	1000	1000	$10,000 paid in cash	$10,000 paid in cash
0001144204-16-101756	3	Groundfloor Finance Inc.	LROs	6605115	0	LROs were issued for aggregate principal amount of $6,605,115.  LROs in the amount of $505,000 were issued and sold pursuant to Offering Circular File No. 024-10440, LROs in the amount of $1,329,000 were issued and sold pursuant to Offering Circular File No. 024-10488 and LROs in the amount of $4,771,115 were issued and sold pursuant to Offering Circular File No. 024-10496 (as may be amended and supplemented from time to time).	
0001144204-16-101756	2	Groundfloor Finance Inc.	LROs	6605115	0	LROs were issued for aggregate principal amount of $6,605,115.  LROs in the amount of $505,000 were issued and sold pursuant to Offering Circular File No. 024-10440, LROs in the amount of $1,329,000 were issued and sold pursuant to Offering Circular File No. 024-10488 and LROs in the amount of $4,771,115 were issued and sold pursuant to Offering Circular File No. 024-10496 (as may be amended and supplemented from time to time).	
0001144204-16-101756	1	Groundfloor Finance Inc.	LROs	6605115	0	LROs were issued for aggregate principal amount of $6,605,115.  LROs in the amount of $505,000 were issued and sold pursuant to Offering Circular File No. 024-10440, LROs in the amount of $1,329,000 were issued and sold pursuant to Offering Circular File No. 024-10488 and LROs in the amount of $4,771,115 were issued and sold pursuant to Offering Circular File No. 024-10496 (as may be amended and supplemented from time to time).	
0001144204-16-101756	4	Groundfloor Finance Inc.	LROs	6605115	0	LROs were issued for aggregate principal amount of $6,605,115.  LROs in the amount of $505,000 were issued and sold pursuant to Offering Circular File No. 024-10440, LROs in the amount of $1,329,000 were issued and sold pursuant to Offering Circular File No. 024-10488 and LROs in the amount of $4,771,115 were issued and sold pursuant to Offering Circular File No. 024-10496 (as may be amended and supplemented from time to time).	
0001193125-16-590318	1	Cottonwood Multifamily REIT I, Inc.	Common stock	1000	1000	$10,000 paid in cash	$10,000 paid in cash
0001144204-16-101295	1	8tracks, Inc.	Series Seed 2 Preferred Shares	146196	0	A total of $316,876. was raised, at a price per share of $2.1824	
0001193125-16-588973	1	KeyStone Solutions, Inc.	Subordinated Warrant to purchase up to 125,000 shares of Common Stock of KeyStone Solutions, Inc. issued to a single accredited investor.	62500	0	"On March 16, 2016, Keystone Solutions, Inc. (the ""Company"") entered into a Subordinated Note and Warrant Purchase Agreement pursuant to which the Company agreed to issue up to $1,000,000 in subordinated debt and warrants to purchase up to 125,000 shares of the Company's common stock.  The exercise price for the Subordinated Note Warrants is equal to $2.00 per share of common stock.  As of the date of this filing, subordinated notes with a face amount of $500,000 and subordinated note warrants to purchase 62,500 shares of the Company's common stock have been issued to one accredited investor, as set forth in more detail in the accompanying Offering Circular."	$0 - as set forth in the accompanying Offering Circular, on March 31, 2016 the existing stockholders of AOC Key Solutions, Inc. exchanged 100% of their outstanding shares of common stock in AOC Key Solutions for proportionate shares of KeyStone Solutions, Inc. common stock as part of the reorganization, as set forth in more detail in the accompanying Offering Circular.
0001193125-16-588973	2	KeyStone Solutions, Inc.	Subordinated Warrant to purchase up to 125,000 shares of Common Stock of KeyStone Solutions, Inc. issued to a single accredited investor.	62500	0	"On March 16, 2016, Keystone Solutions, Inc. (the ""Company"") entered into a Subordinated Note and Warrant Purchase Agreement pursuant to which the Company agreed to issue up to $1,000,000 in subordinated debt and warrants to purchase up to 125,000 shares of the Company's common stock.  The exercise price for the Subordinated Note Warrants is equal to $2.00 per share of common stock.  As of the date of this filing, subordinated notes with a face amount of $500,000 and subordinated note warrants to purchase 62,500 shares of the Company's common stock have been issued to one accredited investor, as set forth in more detail in the accompanying Offering Circular."	$0 - as set forth in the accompanying Offering Circular, on March 31, 2016 the existing stockholders of AOC Key Solutions, Inc. exchanged 100% of their outstanding shares of common stock in AOC Key Solutions for proportionate shares of KeyStone Solutions, Inc. common stock as part of the reorganization, as set forth in more detail in the accompanying Offering Circular.
0001065949-16-000390	1	HYGEN INDUSTRIES, INC.	COMMON STOCK	10000000	0	None (Services).	
0001615774-16-005338	1	CONQUEST FUNDING, INC. , a Pennsylvania Corporation	NOTES PAYABLE	1350000	0	$1,350,000; Book Value of Note	
0001214659-16-011414	2	American Homeowner Preservation, LLC	Series 2014B	2913000	0	2913000	
0001214659-16-011414	1	American Homeowner Preservation, LLC	Series 2014B	2913000	0	2913000	
0001477932-16-010161	1	XReal, Inc.	Common Stock	10000000	0	$333,000 in cash plus founders' services	
0001193125-16-585419	1	Cottonwood Multifamily REIT I, Inc.	Common stock	1000	1000	$10,000 paid in cash	$10,000 paid in cash
0001144204-16-099642	1	Groundfloor Finance Inc.	LROs	6388925	0	LROs were issued for aggregate principal amount of $6,388,925.  LROs in the amount of $505,000 were issued and sold pursuant to Offering Circular File No. 024-10440, LROs in the amount of $1,329,000 were issued and sold pursuant to Offering Circular File No. 024-10488 and LROs in the amount of $4,554,925 were issued and sold pursuant to Offering Circular File No. 024-10496 (as may be amended and supplemented from time to time).	
0001144204-16-099642	2	Groundfloor Finance Inc.	LROs	6388925	0	LROs were issued for aggregate principal amount of $6,388,925.  LROs in the amount of $505,000 were issued and sold pursuant to Offering Circular File No. 024-10440, LROs in the amount of $1,329,000 were issued and sold pursuant to Offering Circular File No. 024-10488 and LROs in the amount of $4,554,925 were issued and sold pursuant to Offering Circular File No. 024-10496 (as may be amended and supplemented from time to time).	
0001144204-16-099642	4	Groundfloor Finance Inc.	LROs	6388925	0	LROs were issued for aggregate principal amount of $6,388,925.  LROs in the amount of $505,000 were issued and sold pursuant to Offering Circular File No. 024-10440, LROs in the amount of $1,329,000 were issued and sold pursuant to Offering Circular File No. 024-10488 and LROs in the amount of $4,554,925 were issued and sold pursuant to Offering Circular File No. 024-10496 (as may be amended and supplemented from time to time).	
0001144204-16-099642	3	Groundfloor Finance Inc.	LROs	6388925	0	LROs were issued for aggregate principal amount of $6,388,925.  LROs in the amount of $505,000 were issued and sold pursuant to Offering Circular File No. 024-10440, LROs in the amount of $1,329,000 were issued and sold pursuant to Offering Circular File No. 024-10488 and LROs in the amount of $4,554,925 were issued and sold pursuant to Offering Circular File No. 024-10496 (as may be amended and supplemented from time to time).	
0001477932-16-010081	1	GK Investment Holdings, LLC	Class A & Class B units	246779460	0	None	
0001493152-16-009348	1	APPLIQATE INC	Common Stock	60000000	0	Shares issued to founders for past and ongoing services services rendered.	
0001387131-16-005239	5	GreenKissNY Inc.	Common Stock	2500000	0	In May 2015, 2,500,000 shares were issued in exchange for $350,000 in cash to one accredited investor.	
0001387131-16-005239	4	GreenKissNY Inc.	Common Stock	2500000	0	In May 2015, 2,500,000 shares were issued in exchange for $350,000 in cash to one accredited investor.	
0001387131-16-005239	3	GreenKissNY Inc.	Common Stock	2500000	0	In May 2015, 2,500,000 shares were issued in exchange for $350,000 in cash to one accredited investor.	
0001387131-16-005239	2	GreenKissNY Inc.	Common Stock	2500000	0	In May 2015, 2,500,000 shares were issued in exchange for $350,000 in cash to one accredited investor.	
0001387131-16-005239	1	GreenKissNY Inc.	Common Stock	2500000	0	In May 2015, 2,500,000 shares were issued in exchange for $350,000 in cash to one accredited investor.	
0001615774-16-005158	1	CONQUEST FUNDING, INC. , a Pennsylvania Corporation	NOTES PAYABLE	1350000	0	$1,350,000; Book Value of Note	
0001214659-16-011105	1	YOBI CAPITAL FUND CORPORATION	Class A Common Stock	222222	0	100000	
0001144204-16-097089	4	Groundfloor Finance Inc.	LROs	6388925	0	LROs were issued for aggregate principal amount of $6,388,925.  LROs in the amount of $505,000 were issued and sold pursuant to Offering Circular File No. 024-10440, LROs in the amount of $1,329,000 were issued and sold pursuant to Offering Circular File No. 024-10488 and LROs in the amount of $4,554,925 were issued and sold pursuant to Offering Circular File No. 024-10496 (as may be amended and supplemented from time to time).	
0001144204-16-097089	3	Groundfloor Finance Inc.	LROs	6388925	0	LROs were issued for aggregate principal amount of $6,388,925.  LROs in the amount of $505,000 were issued and sold pursuant to Offering Circular File No. 024-10440, LROs in the amount of $1,329,000 were issued and sold pursuant to Offering Circular File No. 024-10488 and LROs in the amount of $4,554,925 were issued and sold pursuant to Offering Circular File No. 024-10496 (as may be amended and supplemented from time to time).	
0001144204-16-097089	2	Groundfloor Finance Inc.	LROs	6388925	0	LROs were issued for aggregate principal amount of $6,388,925.  LROs in the amount of $505,000 were issued and sold pursuant to Offering Circular File No. 024-10440, LROs in the amount of $1,329,000 were issued and sold pursuant to Offering Circular File No. 024-10488 and LROs in the amount of $4,554,925 were issued and sold pursuant to Offering Circular File No. 024-10496 (as may be amended and supplemented from time to time).	
0001144204-16-097089	1	Groundfloor Finance Inc.	LROs	6388925	0	LROs were issued for aggregate principal amount of $6,388,925.  LROs in the amount of $505,000 were issued and sold pursuant to Offering Circular File No. 024-10440, LROs in the amount of $1,329,000 were issued and sold pursuant to Offering Circular File No. 024-10488 and LROs in the amount of $4,554,925 were issued and sold pursuant to Offering Circular File No. 024-10496 (as may be amended and supplemented from time to time).	
0001520138-16-000873	1	Dollar Shots Club, Inc.	Common Stock	90837000	0	75,587,000 shares were sold at prices ranging from $0.0001 to $0.50, for total cash proceeds of $102,800. Additional shares were issued for the purchase of assets, and as compensation.	
0001214659-16-010965	2	American Homeowner Preservation, LLC	Series 2014B	2913000	0	2913000	
0001214659-16-010965	1	American Homeowner Preservation, LLC	Series 2014B	2913000	0	2913000	
0001650352-16-000019	1	Media Assets Group, Inc.	Common Stock	500000	2000000	$10000	Equity Purchase Agreement
0001650352-16-000018	1	Media Assets Group, Inc.	Common Stock	500000	2000000	$10000	Equity Purchase Agreement
0001650352-16-000017	1	Media Assets Group, Inc.	Common Stock	500000	2000000	$10000	Equity Purchase Agreement
0001644600-16-000120	1	ThrillCorp, Inc.	Class A Common Stock; Class B Common Stock	10383750	0	500000 for Class B Common Stock; contract rights for Class A Common Stock	
0001193125-16-548699	1	Cottonwood Multifamily REIT I, Inc.	Common stock	1000	1000	$10,000 paid in cash	$10,000 paid in cash
0001144204-16-095250	1	Groundfloor Finance Inc.	LROs	5139425	0	LROs were issued for aggregate principal amount of $5,139,425.  LROs in the amount of $505,000 were issued and sold pursuant to Offering Circular File No. 024-10440, LROs in the amount of $1,329,000 were issued and sold pursuant to Offering Circular File No. 024-10488 and LROs in the amount of $3,305,425 were issued and sold pursuant to Offering Circular File No. 024-10496 (as may be amended and supplemented from time to time).	
0001144204-16-095250	4	Groundfloor Finance Inc.	LROs	5139425	0	LROs were issued for aggregate principal amount of $5,139,425.  LROs in the amount of $505,000 were issued and sold pursuant to Offering Circular File No. 024-10440, LROs in the amount of $1,329,000 were issued and sold pursuant to Offering Circular File No. 024-10488 and LROs in the amount of $3,305,425 were issued and sold pursuant to Offering Circular File No. 024-10496 (as may be amended and supplemented from time to time).	
0001144204-16-095250	3	Groundfloor Finance Inc.	LROs	5139425	0	LROs were issued for aggregate principal amount of $5,139,425.  LROs in the amount of $505,000 were issued and sold pursuant to Offering Circular File No. 024-10440, LROs in the amount of $1,329,000 were issued and sold pursuant to Offering Circular File No. 024-10488 and LROs in the amount of $3,305,425 were issued and sold pursuant to Offering Circular File No. 024-10496 (as may be amended and supplemented from time to time).	
0001144204-16-095250	2	Groundfloor Finance Inc.	LROs	5139425	0	LROs were issued for aggregate principal amount of $5,139,425.  LROs in the amount of $505,000 were issued and sold pursuant to Offering Circular File No. 024-10440, LROs in the amount of $1,329,000 were issued and sold pursuant to Offering Circular File No. 024-10488 and LROs in the amount of $3,305,425 were issued and sold pursuant to Offering Circular File No. 024-10496 (as may be amended and supplemented from time to time).	
0001387131-16-005025	1	GreenKissNY Inc.	Common Stock	2500000	0	In May 2015, 2,500,000 shares were issued in exchange for $350,000 in cash to one accredited investor.	
0001387131-16-005025	2	GreenKissNY Inc.	Common Stock	2500000	0	In May 2015, 2,500,000 shares were issued in exchange for $350,000 in cash to one accredited investor.	
0001387131-16-005025	5	GreenKissNY Inc.	Common Stock	2500000	0	In May 2015, 2,500,000 shares were issued in exchange for $350,000 in cash to one accredited investor.	
0001387131-16-005025	3	GreenKissNY Inc.	Common Stock	2500000	0	In May 2015, 2,500,000 shares were issued in exchange for $350,000 in cash to one accredited investor.	
0001387131-16-005025	4	GreenKissNY Inc.	Common Stock	2500000	0	In May 2015, 2,500,000 shares were issued in exchange for $350,000 in cash to one accredited investor.	
0001213900-16-012585	1	POMM Inc.	Common stock	1444813	0	1 to 1 share swap agreement with its subsidiary.	
0001174947-16-002461	1	First Colebrook Bancorp, Inc.	Subordinated Promissory Note	5000000	0	$5,000,000 Subordinated Promissory Note issued by First Colebrook Bancorp, Inc	
0001144204-16-094123	1	Groundfloor Finance Inc.	LROs	4996845	0	LROs were issued for aggregate principal amount of $4,996,845.  LROs in the amount of $505,000 were issued and sold pursuant to Offering Circular File No. 024-10440, LROs in the amount of $1,329,000 were issued and sold pursuant to Offering Circular File No. 024-10488 and LROs in the amount of $3,162,845 were issued and sold pursuant to Offering Circular File No. 024-10496 (as may be amended and supplemented from time to time).	
0001144204-16-094123	2	Groundfloor Finance Inc.	LROs	4996845	0	LROs were issued for aggregate principal amount of $4,996,845.  LROs in the amount of $505,000 were issued and sold pursuant to Offering Circular File No. 024-10440, LROs in the amount of $1,329,000 were issued and sold pursuant to Offering Circular File No. 024-10488 and LROs in the amount of $3,162,845 were issued and sold pursuant to Offering Circular File No. 024-10496 (as may be amended and supplemented from time to time).	
0001144204-16-094123	3	Groundfloor Finance Inc.	LROs	4996845	0	LROs were issued for aggregate principal amount of $4,996,845.  LROs in the amount of $505,000 were issued and sold pursuant to Offering Circular File No. 024-10440, LROs in the amount of $1,329,000 were issued and sold pursuant to Offering Circular File No. 024-10488 and LROs in the amount of $3,162,845 were issued and sold pursuant to Offering Circular File No. 024-10496 (as may be amended and supplemented from time to time).	
0001144204-16-094123	4	Groundfloor Finance Inc.	LROs	4996845	0	LROs were issued for aggregate principal amount of $4,996,845.  LROs in the amount of $505,000 were issued and sold pursuant to Offering Circular File No. 024-10440, LROs in the amount of $1,329,000 were issued and sold pursuant to Offering Circular File No. 024-10488 and LROs in the amount of $3,162,845 were issued and sold pursuant to Offering Circular File No. 024-10496 (as may be amended and supplemented from time to time).	
0001144204-16-094079	4	BeautyKind, LLC	Series A-2 Convertible Preferred Membership Units	1071429	0	$6,000,000 at $5.60 for each unit.	No consideration was paid. These options were compensation for services rendered to past companies in which the director/officer was involved.
0001144204-16-094079	2	BeautyKind, LLC	Series A-2 Convertible Preferred Membership Units	1071429	0	$6,000,000 at $5.60 for each unit.	No consideration was paid. These options were compensation for services rendered to past companies in which the director/officer was involved.
0001144204-16-094079	3	BeautyKind, LLC	Series A-2 Convertible Preferred Membership Units	1071429	0	$6,000,000 at $5.60 for each unit.	No consideration was paid. These options were compensation for services rendered to past companies in which the director/officer was involved.
0001144204-16-094079	1	BeautyKind, LLC	Series A-2 Convertible Preferred Membership Units	1071429	0	$6,000,000 at $5.60 for each unit.	No consideration was paid. These options were compensation for services rendered to past companies in which the director/officer was involved.
0001658959-16-000007	1	Teraphysics Coroporation	Common Stock	3918920	0	$1,617,00 raised on sale of 3,918,920 common shares	
0001144204-16-093513	1	Hamilton National Income Trust, Inc.	Common Stock	20000	0	$200,000 (20,000 shares @ $10 per share)	
0001387131-16-004918	5	GreenKissNY Inc.	Common Stock	2500000	0	In May 2015, 2,500,000 shares were issued in exchange for $350,000 in cash to one accredited investor.	
0001387131-16-004918	4	GreenKissNY Inc.	Common Stock	2500000	0	In May 2015, 2,500,000 shares were issued in exchange for $350,000 in cash to one accredited investor.	
0001387131-16-004918	3	GreenKissNY Inc.	Common Stock	2500000	0	In May 2015, 2,500,000 shares were issued in exchange for $350,000 in cash to one accredited investor.	
0001387131-16-004918	1	GreenKissNY Inc.	Common Stock	2500000	0	In May 2015, 2,500,000 shares were issued in exchange for $350,000 in cash to one accredited investor.	
0001387131-16-004918	2	GreenKissNY Inc.	Common Stock	2500000	0	In May 2015, 2,500,000 shares were issued in exchange for $350,000 in cash to one accredited investor.	
0001658959-16-000005	1	Teraphysics Coroporation	Common Stock	3918920	0	$1,617,00 raised on sale of 3,918,920 common shares	
0001144204-16-093298	4	Groundfloor Finance Inc.	LROs	4280845	0	LROs were issued for aggregate principal amount of $4,280,845.  LROs in the amount of $505,000 were issued and sold pursuant to Offering Circular File No. 024-10440, LROs in the amount of $1,303,000 were issued and sold pursuant to Offering Circular File No. 024-10488 and LROs in the amount of $2,446,845 were issued and sold pursuant to Offering Circular File No. 024-10496 (as may be amended and supplemented from time to time).	
0001144204-16-093298	3	Groundfloor Finance Inc.	LROs	4280845	0	LROs were issued for aggregate principal amount of $4,280,845.  LROs in the amount of $505,000 were issued and sold pursuant to Offering Circular File No. 024-10440, LROs in the amount of $1,303,000 were issued and sold pursuant to Offering Circular File No. 024-10488 and LROs in the amount of $2,446,845 were issued and sold pursuant to Offering Circular File No. 024-10496 (as may be amended and supplemented from time to time).	
0001144204-16-093298	2	Groundfloor Finance Inc.	LROs	4280845	0	LROs were issued for aggregate principal amount of $4,280,845.  LROs in the amount of $505,000 were issued and sold pursuant to Offering Circular File No. 024-10440, LROs in the amount of $1,303,000 were issued and sold pursuant to Offering Circular File No. 024-10488 and LROs in the amount of $2,446,845 were issued and sold pursuant to Offering Circular File No. 024-10496 (as may be amended and supplemented from time to time).	
0001144204-16-093298	1	Groundfloor Finance Inc.	LROs	4280845	0	LROs were issued for aggregate principal amount of $4,280,845.  LROs in the amount of $505,000 were issued and sold pursuant to Offering Circular File No. 024-10440, LROs in the amount of $1,303,000 were issued and sold pursuant to Offering Circular File No. 024-10488 and LROs in the amount of $2,446,845 were issued and sold pursuant to Offering Circular File No. 024-10496 (as may be amended and supplemented from time to time).	
0001144204-16-092960	2	Groundfloor Finance Inc.	LROs	4996845	0	LROs were issued for aggregate principal amount of $4,996,845.  LROs in the amount of $505,000 were issued and sold pursuant to Offering Circular File No. 024-10440, LROs in the amount of $1,329,000 were issued and sold pursuant to Offering Circular File No. 024-10488 and LROs in the amount of $3,162,845 were issued and sold pursuant to Offering Circular File No. 024-10496 (as may be amended and supplemented from time to time).	
0001144204-16-092960	4	Groundfloor Finance Inc.	LROs	4996845	0	LROs were issued for aggregate principal amount of $4,996,845.  LROs in the amount of $505,000 were issued and sold pursuant to Offering Circular File No. 024-10440, LROs in the amount of $1,329,000 were issued and sold pursuant to Offering Circular File No. 024-10488 and LROs in the amount of $3,162,845 were issued and sold pursuant to Offering Circular File No. 024-10496 (as may be amended and supplemented from time to time).	
0001144204-16-092960	3	Groundfloor Finance Inc.	LROs	4996845	0	LROs were issued for aggregate principal amount of $4,996,845.  LROs in the amount of $505,000 were issued and sold pursuant to Offering Circular File No. 024-10440, LROs in the amount of $1,329,000 were issued and sold pursuant to Offering Circular File No. 024-10488 and LROs in the amount of $3,162,845 were issued and sold pursuant to Offering Circular File No. 024-10496 (as may be amended and supplemented from time to time).	
0001144204-16-092960	1	Groundfloor Finance Inc.	LROs	4996845	0	LROs were issued for aggregate principal amount of $4,996,845.  LROs in the amount of $505,000 were issued and sold pursuant to Offering Circular File No. 024-10440, LROs in the amount of $1,329,000 were issued and sold pursuant to Offering Circular File No. 024-10488 and LROs in the amount of $3,162,845 were issued and sold pursuant to Offering Circular File No. 024-10496 (as may be amended and supplemented from time to time).	
0001144204-16-092382	2	BeautyKind, LLC	Series A-2 Convertible Preferred Membership Units	1071429	0	$6,000,000 at $5.60 for each unit.	No consideration was paid. These options were compensation for services rendered to past companies in which the director/officer was involved.
0001144204-16-092382	3	BeautyKind, LLC	Series A-2 Convertible Preferred Membership Units	1071429	0	$6,000,000 at $5.60 for each unit.	No consideration was paid. These options were compensation for services rendered to past companies in which the director/officer was involved.
0001144204-16-092382	1	BeautyKind, LLC	Series A-2 Convertible Preferred Membership Units	1071429	0	$6,000,000 at $5.60 for each unit.	No consideration was paid. These options were compensation for services rendered to past companies in which the director/officer was involved.
0001144204-16-092382	4	BeautyKind, LLC	Series A-2 Convertible Preferred Membership Units	1071429	0	$6,000,000 at $5.60 for each unit.	No consideration was paid. These options were compensation for services rendered to past companies in which the director/officer was involved.
0000906318-16-000105	1	Fair-Haired Dumbbell LLC	Class A Membership Units	1500	0	The Manager contributed $6,000 in capital in exchange for the Class A Membership Units it received. The consideration paid by the Manager for all of the outstanding Class A Membership Units was based on an estimate of initial capital needed to form the Company and begin the registration process.	
0001669778-16-000006	1	APPLIQATE INC	Common Stock	60000000	0	Shares issued to founders for past and ongoing services services rendered.	
