ACCESSION_NUMBER	SINFO_ID	COMMISSIONFILENUMBER	OFFERINGQUALIFICATIONDATE	OFFERINGCOMMENCEDATE	QUALIFIEDSECURITIESSOLD	OFFERINGSECURITIESSOLD	PORTIONSECURITIESSOLDISSUER	PORTIONSOLDSECURITYHOLDERS	PRICEPERSECURITY	AGGREGRATEOFFERINGPRICE	AGGREGRATEOFFERINGPRICEHOLDERS	UNDERWRITERFEES	SALESCOMMISSIONSFEE	FINDERSFEES	AUDITORFEES	LEGALFEES	PROMOTERSFEES	BLUESKYFEES	CRDNUMBERBROKERDEALER	ISSUERNETPROCEEDS	CLARIFICATIONRESPONSES
0001644600-16-000142	1	024-10500	21-JAN-2016	21-JAN-2016	20000000	0			1.0	0.0	0.0				15000.0	30000.0	0.0	10000.0		0.0	The offering did not reach the minimum investment amount specified and no sales have been made. The company intends to file a post-qualification amendment to re-launch the offering.
0001621388-16-000004	1	024-10427	27-MAR-2015	01-APR-2015	10000000000	1015000000	101500.0	0.0	0.01			0.0	0.0	0.0	0.0	38991.0		2050.0		60459.0	
0001354488-16-007263	1	024-10519	29-FEB-2016	02-MAR-2016	1023110	885345	10818916.0	0.0	12.22						25000.0	150000.0					The securities were issued to shareholders of First Avenue National Bank by the issuer in connection with the merger of First Avenue National Bank with and into a wholly-owned subsidiary of the issuer, pursuant to an Agreement and Plan of Merger.
0001376474-16-000679	1	024-10490	03-FEB-2016	04-FEB-2016	6000000	0			0.07	0.0	0.0									450000.0	
0001214659-16-011078	1	024-10473	20-NOV-2015	20-NOV-2015	30096000	16920576			12.0	16920576.0	0.0					140000.0		30000.0		16750576.0	The above table does not include fees paid to FundAmerica Securities LLC for administrative and escrow agent services, FINRA filing fee, fees for EDGAR document conversion and filing, and website posting fees.
