ACCESSION_NUMBER	INDICATETIER1TIER2OFFERING	FINANCIALSTATEMENTAUDITSTATUS	OFFERDELAYEDCONTINUOUSFLAG	OFFERINGYEARFLAG	OFFERINGAFTERQUALIFFLAG	OFFERINGBESTEFFORTSFLAG	SOLICITATIONPROPOSEDOFFERFLAG	RESALESECURITIESAFFILIATESFLAG	SECURITIESOFFERED	OUTSTANDINGSECURITIES	PRICEPERSECURITY	ISSUERAGGREGATEOFFERING	SECURITYHOLDERAGGEGATE	QUALIFICATIONOFFERINGAGGREGATE	CONCURRENTOFFERINGAGGREGATE	TOTALAGGREGATEOFFERING	UNDERWRITERSERVICEPROVIDERNAME	UNDERWRITERSFEES	SALECOMMISSIONSSVCPROVIDERNAME	SALECOMMISSIONSSVCEROVIDERFEE	FINDERSFEESSERVICEPROVIDERNAME	FINDERFEESFEE	AUDITORSERVICEPROVIDERNAME	AUDITORFEES	LEGALSERVICEPROVIDERNAME	LEGALFEES	PROMOTERSSERVICEPROVIDERNAME	PROMOTERSFEES	BLUESKYSERVICEPROVIDERNAME	BLUESKYFEES	BROKERDEALERCRDNUMBER	ESTIMATEDNETAMOUNT	CLARIFICATIONRESPONSES
0001213900-16-014626	Tier2	Audited	Y	N	N	Y	Y	N	6000	0	500.0	500.0	0.0	0.0	0.0	500.0	None	0.0	None	0.0	None	0.0	Marcum LLP	75000.0	Ellenoff Grossman & Schole LLP	500000.0	None	0.0	Ellenoff Grossman & Schole LLP	25000.0	0	3000000.0	Estimated net proceeds does not reflect offering expenses because such expenses will be paid by the issuer, with remainder to be paid by the issuer's parent pursuant to a Cost-Sharing  Agreement described in Part II.
0001477932-16-011118	Tier2	Audited	Y	N	N	Y	N	N	50000	0	1000.0	0.0	0.0	0.0	0.0	0.0	JCC Advisors, LLC	1000000.0	JCC Advisors, LLC	2500000.0			Eide Bailly LLP and Plante & Moran, PLLC	75000.0	Kaplan Voekler Cunningham & Frank PLC	200000.0	GK Development, Inc.	1000000.0	Kaplan Voekler Cunningham & Frank PLC	75000.0		44150000.0	
0001493152-16-011191	Tier2	Audited	N	N	N	Y	N	N	1428571	6130277	3.5	3.5	0.0	0.0	0.0	3.5	PARTICIPATING REGISTERED BROKER DEALER(S) TO BE DETERMINED	30000.0	PARTICIPATING REGISTERED BROKER DEALERS TO BE DETERMINED	450000.0	N/A	0.0	Pybus & Company, P.A.	15000.0	Legal & Compliance, LLC	7500.0	N/A	0.0	Legal & Compliance, LLC	2500.0		4445850.0	Reflects anticipated blue sky fees and brokerage firm expenses
0001144204-16-110565	Tier1	Audited	Y	N	N	Y	N	N	1216270	0	10.0	1216270.0	0.0	9429520.0	753575.0	11399365.0									Smith Anderson, et al., Robbins Ross, et al.	4500.0							"""Number of securities offered"" is the aggregate principal amount of LROs being offered under this post-qualification amendment (PQA)."
0001644600-16-000157	Tier2	Audited	Y	N	N	Y	Y	N	20000000	35869565	1.0	20000000.0	0.0	0.0	0.0	20000000.0							EKS&H LLLP	7500.0	KHLK LLP	30000.0							
0001079974-16-001371	Tier1	Unaudited	Y	N	N	Y	N	Y	3320000	0	1.0	0.9	0.1	0.0	2950000.0	2950001.0									Cutler Law Group, P.C.	40000.0			Cutler Law Group, P.C.	10000.0		2950000.0	
0001677110-16-000011	Tier1	Unaudited	Y	N	N	Y	N	N	2000	0	1000.0	2000000.0	0.0	0.0	0.0	2000000.0																	
0001193125-16-633301	Tier2	Audited	N	N	N	Y	N	N	113640	582875	362.2	41160800.0	0.0	0.0	0.0	41160800.0							Williams-Keepers LLC	15000.0	Polsinelli PC	135000.0						41160800.0	Issuer is offering two classes of stock as merger consideration.  No cash will be paid for securities issued.  Total merger consideration value (common stock, preferred stock, and cash) will aggregate to $41,160,800.  No cash will be received.
0001676314-16-000001	Tier1	Unaudited	Y	Y	Y	N	N	N	1500000		49.0	10.0	3.0	0.0	0.0	13.0																	
0001174947-16-002836	Tier1	Audited	Y	N	N	Y	N	N	250000	749243	20.0	5000000.0	0.0	0.0	0.0	5000000.0			FIG Partners, LLC	150000.0			Berry Dunn/Baker Newman Noyes	9500.0	Gallagher, Callahan & Gartrell, P.C.	75000.0			Gallagher, Callahan & Gartrell, P.C.	18750.0	41554	4716750.0	Net proceeds assumes sales comm. of $150K (1% on $3M+6% on $2M). Max comm. of $300K (6%) + Min. of $50K (1%) w/ proceeds of $4,700,000/$4,950,000, respectively, prior to est. offering expenses of $133,250 (incl. $5K Esc. Fee & $25K to FIG for expenses)
0001214659-16-012387	Tier2	Audited	Y	Y	N	Y	N	Y	12247242	41722222	0.9500000000000001	35010000.0	14990000.0	0.0	0.0	50000000.0							KCCW Accountancy Corp.	10000.0	Flaster Greenberg	30000.0			Flaster Greenberg	10000.0		34060000.0	
0001677110-16-000006	Tier1	Unaudited	Y	N	N	Y	N	N	2000	0	1000.0	2000000.0	0.0	0.0	0.0	2000000.0																	
0001677159-16-000001	Tier1	Unaudited	Y	N	N	Y	N	N	2500000	15000000	2.0	5000000.0	0.0	0.0	0.0	5000000.0																	
0001665279-16-000002	Tier1	Unaudited	N	N	N	Y	N	N	200000	200000	100.0	100.0	0.0	0.0	0.0	100.0									Combined Legal Costs (estimated)	15000.0			NY / IL / FL	2600.0		19982400.0	
0001144204-16-109189	Tier1	Audited	Y	N	N	Y	N	N	734800	0	10.0	734800.0	0.0	9000270.0	1526425.0	11261495.0									Smith Anderson, et al., Robbins Ross, et al.	4500.0							"""Number of securities offered"" is the aggregate principal amount of LROs being offered under this post-qualification amendment (PQA). ""The estimated portion of aggregate sales ..."" includes the 10 series of LROs covered by PQA Nos. 22 and 23."
0001144204-16-109064	Tier1	Audited	Y	N	N	Y	N	N	508250	0	10.0	508250.0	0.0	8404120.0	1787225.0	10699595.0									Smith Anderson, et al., Robbins Ross, et al.	4500.0							"""Number of securities offered"" is the aggregate principal amount of LROs being offered under this post-qualification amendment (PQA). ""The estimated portion of aggregate sales ..."" includes the 5 series of LROs covered by PQA No. 21."
0001644600-16-000153	Tier2	Audited	Y	N	N	Y	N	N	5000000	383750	10.0	50000000.0	0.0	0.0	0.0	50000000.0							CohnReznick LLP	10000.0	KHLK LLP	40000.0						48000000.0	
0001677110-16-000003	Tier1	Unaudited	Y	N	N	Y	N	N	2000	0	1000.0	0.0	0.0	0.0	0.0	0.0																	
0001144204-16-108829	Tier2	Audited	Y	Y	N	Y	N	N	5000000	1017178	10.0	50000000.0	0.0	0.0	0.0	50000000.0							RSM US LLP (formerly McGladrey, LLP)	20000.0	Goodwin Procter LLP	275000.0	Rise Companies Corp	0.0				49500000.0	
0001646269-16-000016	Tier2	Audited	N	N	N	Y	Y	N	1052632	6315789	47.5	50000000.0	0.0	0.0	0.0	50000000.0	Source Capital Group Inc	3325000.0					Ernst & Young	25000.0	Kendall Almerico - DiMuroGinsberg	50000.0					36719	46600000.0	
0001144204-16-108794	Tier2	Audited	Y	Y	N	Y	N	N	5000000	500	10.0	50000000.0	0.0	0.0	0.0	50000000.0							RSM US LLP	15000.0	Goodwin Procter LLP	312500.0	Rise Companies Corp	0.0				49500000.0	
0001144204-16-108791	Tier2	Audited	Y	Y	N	Y	N	N	5000000	500	10.0	50000000.0	0.0	0.0	0.0	50000000.0							RSM US LLP	15000.0	Goodwin Procter LLP	312500.0	Rise Companies Corp	0.0				49500000.0	
0001144204-16-108790	Tier2	Audited	Y	Y	N	Y	N	N	5000000	500	10.0	50000000.0	0.0	0.0	0.0	50000000.0							RSM US LLP	15000.0	Goodwin Procter LLP	312500.0	Rise Companies Corp	0.0				49500000.0	
0001144204-16-108760	Tier1	Unaudited	N	N	N	Y	N	N	500	1000	1000.0	500000.0	0.0	0.0	0.0	500000.0									Graydon Head & Ritchey LLP	25000.0						475000.0	
0001144204-16-108696	Tier2	Audited	N	N	N	Y	N	N	61000000	14000000	0.25	15250000.0	0.0	0.0	0.0	15250000.0																15250000.0	
0001144204-16-108689	Tier1	Audited	Y	N	N	Y	N	N	343600	0	10.0	343600.0	0.0	8791120.0	1391975.0	10526695.0									Smith Anderson, et al., Robbins Ross, et al.	4500.0							"""Number of securities offered"" is the aggregate principal amount of LROs being offered under this post-qualification amendment (PQA). ""The estimated portion of aggregate sales ..."" includes the 7 series of LROs covered by PQA Nos. 22."
0001193125-16-623801	Tier2	Audited	Y	N	N	Y	Y	N	10000000	0		7000000.0	3000000.0	0.0	0.0	10000000.0							PFK APC	35000.0	Stradling Yocca Carlson & Rauth, P.C.	75000.0							
0001477932-16-010901	Tier2	Audited	Y	N	N	Y	Y	N	600000	10000000	5.0	3000000.0	0.0	0.0	0.0	3000000.0							dbbmckennon, Certified Public Accountants	20000.0	Richardson & Associates	58000.0	None	0.0	Richardson & Associates	10000.0	156214	2600000.0	Does not include additional syndication costs which may be incurred, including fees payable to potential service providers, the amount of which is not reflected on the table and is not known yet. StartEngine and FundAmerica are not promoters.
0001646269-16-000015	Tier2	Audited	N	N	N	Y	Y	N	1052632	6315789	47.5	50000000.0	0.0	0.0	0.0	50000000.0	Source Capital Group Inc	3325000.0					Ernst & Young	25000.0	Kendall Almerico - DiMuroGinsberg	50000.0					36719	46600000.0	
0001065949-16-000432	Tier2	Audited	Y	N	N	Y	N	N	4000000	10000000	5.0	20000000.0	0.0	0.0	0.0	20000000.0	None	0.0	None	0.0	None	0.0	dbmckennon	20000.0	Richardson & Associates	45000.0	None	0.0	Richardson & Associates	10000.0	156214	17800000.0	* Promoters - Table does not reflect estimate posting, service and escrow fees to be paid to StartEngine and FundAmerica, which are not promoters, estimated to be $2,125,000.
0001677110-16-000001	Tier1	Unaudited	Y	N	N	Y	N	N	2000	0	1000.0	2000000.0	0.0	0.0	0.0	2000000.0																	
0001354488-16-007834	Tier2	Audited	Y	N	N	Y	Y	N	3000000	200000	10.0	30000000.0	0.0	0.0	0.0	30000000.0			Cambria Capital, LLC	2100000.0			Cherry Bekaert LLP	200000.0	KVCF	150000.0			KVCF	75000.0	155576	26625000.0	N/A
0001144204-16-108253	Tier2	Audited	Y	N	N	Y	Y	N	12500000	0	0.48	6000000.0	0.0	0.0	0.0	6000000.0			North Capital Private Securities Corporation	450000.0			Artesian CPA, LLC	12137.5	KHLK LLP	40000.0					152559	5497862.5	
0001644600-16-000151	Tier2	Audited	Y	N	N	Y	Y	N	20000000	35869565	1.0	20000000.0	0.0	0.0	0.0	20000000.0							EKS&H LLLP	7500.0	KHLK LLP	30000.0							
0001144204-16-108084	Tier1	Audited	Y	N	N	Y	N	N	508250	0	10.0	508250.0	0.0	8404120.0	1787225.0	10699595.0									Smith Anderson, et al., Robbins Ross, et al.	4500.0							"""Number of securities offered"" is the aggregate principal amount of LROs being offered under this post-qualification amendment (PQA). ""The estimated portion of aggregate sales ..."" includes the 5 series of LROs covered by PQA No. 21."
0001144204-16-107899	Tier2	Audited	Y	N	Y	Y	Y	N	100000000	71652898		50000000.0	0.0	0.0	0.0	50000000.0	W.R. Hambrecht & Co., LLC; Unicapital, Inc. (in the Philippines)	2500000.0	None	0.0	None	0.0	Marcum LLP	175000.0	Ellenoff Grossman & Schole LLP, Morrison & Foerster LLP; Romulo Mabanta Buenaventura Sayoc & de los Angeles (in the Philippines)	323500.0	None	0.0	Ellenoff Grossman & Schole LLP	0.0	45040		
0001144204-16-107812	Tier2	Audited	N	N	N	Y	N	N	61000000	14000000	0.25	15250000.0	0.0	0.0	0.0	15250000.0																15250000.0	
0001144204-16-107689	Tier2	Audited	Y	N	N	Y	Y	N	12500000	0	0.48	6000000.0	0.0	0.0	0.0	6000000.0			North Capital Private Securities Corporation	450000.0			Artesian CPA, LLC	12137.5	KHLK LLP	40000.0					152559	5497862.5	
0001646269-16-000014	Tier2	Audited	N	N	N	Y	Y	N	1052632	6315789	47.5	50000000.0	0.0	0.0	0.0	50000000.0	Source Capital Group Inc	3325000.0					Ernst & Young	25000.0	Kendall Almerico - DiMuroGinsberg	50000.0					36719	46600000.0	
0001553350-16-002127	Tier1	Unaudited	Y	N	N	Y	N	N	5000000	5000000	0.1	500000.0	0.0	0.0	0.0	500000.0																	
0001144204-16-106739	Tier1	Audited	Y	N	N	Y	N	N	463450	0	10.0	463450.0	0.0	7801940.0	1849425.0	10114815.0									Smith Anderson, et al., Robbins Ross, et al.	4500.0							"""Number of securities offered"" is the aggregate principal amount of LROs being offered under this post-qualification amendment (PQA). ""The estimated portion of aggregate sales ..."" includes the 8 series of LROs covered by PQA Nos. 20."
0001144204-16-106225	Tier2	Audited	Y	N	N	Y	Y	N	12500000	0	0.48	6000000.0	0.0	0.0	0.0	6000000.0			North Capital Private Securities Corporation	450000.0			Artesian CPA, LLC	12137.5	KHLK LLP	40000.0					152559	5497862.5	
0001644600-16-000144	Tier2	Audited	Y	N	N	Y	Y	N	20000000	35869565	1.0	20000000.0	0.0	0.0	0.0	20000000.0							EKS&H LLLP	7500.0	KHLK LLP	30000.0							
0001477932-16-010647	Tier2	Audited	Y	N	Y	Y	N	N	100000000	52429600		50000000.0	0.0	0.0	0.0	50000000.0	W.R. Hambrecht & Co., LLC	3000000.0					Pritchett, Siler and Hardy, P.C.	6300.0	Williams Securities Law Firm, P.A.	20.0			Williams Securities Law Firm, P.A.	0.0			Legal Fees: The principal of the firm was given right to buy 200,000 founder's shares at par value $.0001. No other legal fees charged.
0001645471-16-000011	Tier2	Audited	N	Y	N	Y	N	N	1000	0	5000.0	5000000.0	0.0	0.0	0.0	5000000.0			79 Capital Securities LLC	425000.0			Kane & Associates	5000.0	PinoNicholson PLLC	20000.0					145511	4500000.0	
0001520138-16-000963	Tier2	Audited	Y	N	N	Y	N	N	5000000	90837000	1.0	5000000.0	0.0	0.0	0.0	5000000.0			Mundial Financial Group, LLC	500000.0			Zwick & Banyai, PLLC	6000.0	Laxague Law, Inc.	12500.0					149531	4500000.0	Sales commissions and net proceeds assume maximum offering is sold.
0001144204-16-105113	Tier1	Audited	Y	N	N	Y	N	N	905930	0	10.0	905930.0	0.0	7364445.0	2839215.0	11109590.0									Smith Anderson, et al., Robbins Ross, et al.	4500.0							"""Number of securities offered"" is the aggregate principal amount of LROs being offered under this post-qualification amendment (PQA)."
0001657737-16-000008	Tier2	Audited	N	N	N	Y	N	N	500000	0	100.0	100.0	0.0	0.0	0.0	100.0									Approx Offering Costs	50000.0						49950000.0	
0001144204-16-104935	Tier2	Audited	Y	N	N	Y	Y	N	3437500	0	3.2	11000000.0	0.0	0.0	0.0	11000000.0			SI Securities, LLC	825000.0			Artesian CPA	8000.0	KHLK LLP	50000.0					170937	10100000.0	
0001144204-16-104643	Tier1	Unaudited	N	N	N	Y	N	N	500	1000	1000.0	500000.0	0.0	0.0	0.0	500000.0									Graydon Head & Ritchey LLP	25000.0						475000.0	
0001193125-16-600670	Tier2	Audited	N	N	N	Y	N	N	5000000	1000	10.0	50000000.0	0.0	0.0	0.0	50000000.0	Orchard Securities, LLC, a portion of which may be reallowed, in whole or in part, to the selling group members and wholesalers	1500000.0	Orchard Securities, LLC, which it will reallow to the selling group members	3000000.0			Ernst & Young LLP	75000.0	DLA Piper LLP (US)	250000.0			DLA Piper LLP (US) to file notices, but payments made to various states	20350.0	133378	50000000.0	All organizational and offering costs, managing broker-dealer fees and sellilng commissions will be paid by our sponsor, Cottonwood Capital Property Management II, LLC.
0001493152-16-010255	Tier1	Unaudited	N	N	N	Y	N	N	97000000	276275566	0.02	2425000.0	0.0	0.0	0.0	2425000.0	None	0.0	None	0.0	None	0.0	None	0.0	Methven & Associates	40000.0	None	0.0	None	5000.0		2365000.0	
0001657250-16-000096	Tier2	Audited	Y	N	N	Y	N	Y	22000000	40000000	0.01	60000.0	50000.0	0.0	0.0	110000.0																	
0001658959-16-000008	Tier2	Audited	Y	N	N	Y	N	N	9500000	63343148	5.0	47500000.0	0.0	1749500.0	0.0	49249500.0	SDDCO Brokerage Advisors LLC	0.0	SDDCO Brokerage Advisors LLC	4750000.0			Artesian CPA, LLC	16000.0	Cowden & Humphrey	30000.0	ASMX Capital	196000.0	Mergent & ASMX Capital	9750.0		42750000.0	
0001493152-16-010164	Tier2	Audited	Y	N	N	Y	Y	N	100000000	60000000	0.01	0.0	0.0	0.0	0.0	0.0			(1)	0.0			MaloneBailey, LLP (2)	0.0	BrannellyLaw, PLLC (2)	0.0							(1) The company may use registered broker-dealers to sell shares in the offering. As of the date hereof, the Company has not entered into sales agreements with any broker-dealers. (2) To be provided by amendment.
0001214659-16-011713	Tier2	Audited	Y	Y	N	Y	N	N	50000000	0	1.0	50000000.0	0.0	0.0	0.0	50000000.0							Artesian CPA, LLC	2000.0	Flaster/Greenberg P.C.	50000.0						49948000.0	
0001214659-16-011706	Tier2	Audited	Y	Y	N	Y	N	N	50000000	0	1.0	50000000.0	0.0	0.0	0.0	50000000.0							Artesian CPA, LLC	2000.0	Flaster/Greenberg P.C.	50000.0						49948000.0	
0001671084-16-000003	Tier1	Unaudited	Y	N	N	Y	N	N	1000			1000000.0	0.0	0.0	0.0	1000000.0									Securities Compliance Group	15000.0							
0001144204-16-103653	Tier1	Audited	Y	N	N	Y	N	N	800000	1025464	7.5	6000000.0	0.0	0.0	0.0	6000000.0							BDO USA, LLP	25000.0	Kilpatrick Townsend & Stockton LLP	85000.0						5890000.0	
0001213900-16-013592	Tier2	Audited	N	N	N	Y	N	Y	802065	1444813	12.47	8137635.19	1864115.31	0.0	0.0	10001750.5							Deloitte & Touche Tohmatsu Limited	40000.0	JSBarkats PLLC	60000.0						7637635.0	Ancillary fees, such as legal, auditor's and marketing fees associated with the offering may be approximately $500,000.00. In addition 149,488 shares out of the 802,065 are resale shares for an existing shareholder for an aggregate of $1,864,115.
0001193125-16-594715	Tier1	Audited	N	N	N	N	Y	N	527644	1401511	18.75	9893325.0	0.0	0.0	0.0	9893325.0							Brown, Edwards & Company, L.L.P.	50000.0	LeClairRyan, A Professional Corporation	200000.0							
0001193125-16-594245	Tier2	Audited	N	N	N	N	N	N	30000	0	962.94	28888200.0	0.0	0.0	0.0	28888200.0							Cummings, Ristau & Associates, P.C.	60000.0	Polsinelli PC	140000.0							The securities will be issued in connection with the merger of Frontenac Bancshares, Inc. with Royal Acquisition LLC, a
0001193125-16-593217	Tier2	Audited	N	N	N	N	N	N	30000	0	962.94	28888200.0	0.0	0.0	0.0	28888200.0							Cummings, Ristau & Associates, P.C.	60000.0	Polsinelli PC	140000.0							The securities will be issued in connection with the merger of Frontenac Bancshares, Inc. with Royal Acquisition LLC, a
0001193125-16-592769	Tier1	Unaudited	N	N	N	Y	N	N	1666666666	932728571		0.0	0.0	0.0	0.0	0.0									White and Williams LLP	15000.0							The offering price per share is actually $0.003 per share, however, due to technical issues it is listed as $0.00 above
0001144204-16-102816	Tier1	Unaudited	Y	N	Y	Y	N	N	43000000	63675740		0.0	0.0	0.0	0.0	0.0									Eilers Law Group, P.A.	15000.0						1000000.0	
0001644600-16-000139	Tier2	Audited	Y	Y	N	Y	N	Y	2500000	0	12.0	21750000.0	8250000.0	0.0	0.0	30000000.0			FOLIOfn Investments	1200000.0			Kristina Helferty, CPA	5000.0	KHLK LLP	40000.0					48015	20505000.0	
0001193125-16-590692	Tier2	Audited	N	N	N	Y	N	N	5000000	1000	10.0	50000000.0	0.0	0.0	0.0	50000000.0	Orchard Securities, LLC, a portion of which may be reallowed, in whole or in part, to the selling group members and wholesalers	1500000.0	Orchard Securities, LLC, which it will reallow to the selling group members	3000000.0			Ernst & Young LLP	75000.0	DLA Piper LLP (US)	250000.0			DLA Piper LLP (US) to file notices, but payments made to various states	20350.0	133378	50000000.0	All organizational and offering costs, managing broker-dealer fees and sellilng commissions will be paid by our sponsor, Cottonwood Capital Property Management II, LLC.
0001144204-16-101756	Tier1	Audited	Y	N	N	Y	N	N	865970	0	10.0	865970.0	0.0	6605115.0	2503245.0	9974330.0									Smith Anderson, et al., Robbins Ross, et al.	4500.0							"""Number of securities offered"" is the aggregate principal amount of LROs being offered under this post-qualification amendment (PQA). ""The estimated portion of aggregate sales ..."" includes the 7 series of LROs covered by PQA Nos. 18."
0001193125-16-590318	Tier2	Audited	N	N	N	Y	N	N	5000000	1000	10.0	50000000.0	0.0	0.0	0.0	50000000.0	Orchard Securities, LLC, a portion of which may be reallowed, in whole or in part, to the selling group members and wholesalers	1500000.0	Orchard Securities, LLC, which it will reallow to the selling group members	3000000.0			Ernst & Young LLP	75000.0	DLA Piper LLP (US)	250000.0			DLA Piper LLP (US) to file notices, but payments made to various states	20350.0	133378	50000000.0	All organizational and offering costs, managing broker-dealer fees and sellilng commissions will be paid by our sponsor, Cottonwood Capital Property Management II, LLC.
0001144204-16-101295	Tier2	Audited	Y	N	N	Y	Y	N	3437500	0	3.2	11000000.0	0.0	0.0	0.0	11000000.0			SI Securities, LLC	825000.0			Artesian CPA	8000.0	KHLK LLP	50000.0					170937	10100000.0	
0001193125-16-588973	Tier2	Audited	Y	Y	N	Y	N	N	3000000	0	10.0	10.0	0.0	0.0	0.0	10.0	Moloney Securities Co., Inc. and The Benchmark Company, LLC	300000.0	Moloney Securities Co., Inc. and The Benchmark Company, LLC	2100000.0			Erickson, Krentel & LaPorte, LLP	50000.0	Crowell & Moring LLP	150000.0					38535	26806600.0	Offering is for a minimum of $3,000,000 and a maximum of $30,000,000.  Information for the sales commission and net proceeds of the offering set forth above assumes the maximum $30,000,000 is raised in the offering.
0001065949-16-000390	Tier2	Audited	Y	N	N	Y	N	N	4000000	10000000	5.0	20000000.0	0.0	0.0	0.0	20000000.0	None	0.0	None	0.0	None	0.0	dbmckennon	20000.0	Richardson & Associates	45000.0	StartEngine Crowdfunding, Inc.	2025000.0	Richardson & Associates	10000.0	156214	17800000.0	* $2,025,000 - includes estimated service and escrow fees expected to be charged by third parties, including Fund America Securities, Inc., a registered member of FINRA
0001615774-16-005338	Tier1	Audited	Y	Y	N	Y	N	N	400	0	50000.0	0.0	0.0	0.0	0.0	0.0							Spiegel Accountancy Corporation	5000.0	Geraci Law Firm	30000.0			Geraci Law Firm	20000.0			
0001477932-16-010161	Tier2	Audited	Y	N	N	Y	Y	N	600000	10000000	5.0	3000000.0	0.0	0.0	0.0	3000000.0							dbbmckennon, Certified Public Accountants	20000.0	Richardson & Associates	58000.0	Startengine Crowdfunding, Inc.	180000.0	Richardson & Associates	10000.0	156214	2600000.0	Offering costs include reserve for additional syndication costs which may be incurred, including fees payable to potential service providers, the amount of which is not reflected on the table, is not known yet.
0001214659-16-011414	Tier2	Audited	Y	Y	N	Y	N	N	50000000	0	1.0	50000000.0	0.0	0.0	0.0	50000000.0							Artesian CPA, LLC	2000.0	Flaster/Greenberg P.C.	50000.0						49948000.0	
0001193125-16-585419	Tier2	Audited	N	N	N	Y	N	N	5000000	1000	10.0	50000000.0	0.0	0.0	0.0	50000000.0	Orchard Securities, LLC, a portion of which may be reallowed, in whole or in part, to the selling group members and wholesalers	1500000.0	Orchard Securities, LLC, which it will reallow to the selling group members	3000000.0			Ernst & Young LLP	75000.0	DLA Piper LLP (US)	250000.0			DLA Piper LLP (US) to file notices, but payments made to various states	20350.0	133378	50000000.0	All organizational and offering costs, managing broker-dealer fees and sellilng commissions will be paid by our sponsor, Cottonwood Capital Property Management II, LLC.
0001144204-16-099642	Tier1	Audited	Y	N	N	Y	N	N	1155945	0	10.0	1155945.0	0.0	6388925.0	1563490.0	9108360.0									Smith Anderson, et al., Robbins Ross, et al.	4500.0							"""Number of securities offered"" is the aggregate principal amount of LROs being offered under this post-qualification amendment (PQA)."
0001477932-16-010081	Tier2	Audited	Y	N	N	Y	N	N	50000	0	1000.0	0.0	0.0	0.0	0.0	0.0	JCC Advisors, LLC	1000000.0	JCC Advisors, LLC	2500000.0			Eide Bailly LLP and Plante & Moran, PLLC	75000.0	Kaplan Voekler Cunningham & Frank PLC	200000.0	GK Development, Inc.	1000000.0	Kaplan Voekler Cunningham & Frank PLC	75000.0		44150000.0	
0001646269-16-000013	Tier2	Audited	N	N	N	Y	Y	N	1052632	6315789	47.5	50000000.0	0.0	0.0	0.0	50000000.0	Source Capital Group Inc	3325000.0					Ernst & Young	25000.0	Kendall Almerico - DiMuroGinsberg	50000.0					36719	46600000.0	
0001493152-16-009348	Tier2	Audited	Y	N	N	Y	Y	N	100000000	60000000	0.01	0.0	0.0	0.0	0.0	0.0			(1)	0.0			MaloneBailey, LLP (2)	0.0	BrannellyLaw, PLLC (2)	0.0							(1) The company may use registered broker-dealers to sell shares in the offering. As of the date hereof, the Company has not entered into sales agreements with any broker-dealers. (2) To be provided by amendment.
0001387131-16-005239	Tier2	Audited	Y	N	N	Y	Y	N	3000000	50000000	1.0	3000000.0	0.0	0.0	0.0	3000000.0							Friedman LLP	60000.0	Duane Morris LLP	200000.0						2650000.0	
0001646269-16-000012	Tier2	Audited	N	N	N	Y	Y	N	1052632	6315789	47.5	50000000.0	0.0	0.0	0.0	50000000.0	Source Capital Group Inc	3325000.0					Ernst & Young	25000.0	Kendall Almerico - DiMuroGinsberg	50000.0					36719	46600000.0	
0001646269-16-000009	Tier2	Audited	N	N	N	Y	Y	N	1052632	6315789	47.5	50000000.0	0.0	0.0	0.0	50000000.0	Source Capital Group Inc	3325000.0					Ernst & Young	25000.0	Kendall Almerico - DiMuroGinsberg	50000.0					36719	46600000.0	
0001615774-16-005158	Tier1	Audited	Y	Y	N	Y	N	N	400	0	50000.0	0.0	0.0	0.0	0.0	0.0							Spiegel Accountancy Corporation	5000.0	Geraci Law Firm	30000.0			Geraci Law Firm	20000.0			
0001214659-16-011105	Tier2	Audited	Y	N	N	Y	N	Y	12247242	41722222	0.9500000000000001	35010000.0	14990000.0	0.0	0.0	50000000.0							KCCW Accountancy Corp.	10000.0	Flaster Greenberg	30000.0			Flaster/Greenberg	10000.0		34060000.0	
0001144204-16-097089	Tier1	Audited	Y	N	N	Y	N	N	1230290	0	10.0	1230290.0	0.0	6388925.0	520530.0	8139745.0									Smith Anderson, et al., Robbins Ross, et al.	4500.0							"""Number of securities offered"" is the aggregate principal amount of LROs being offered under this post-qualification amendment (PQA). ""The estimated portion of aggregate sales ..."" includes the 5 series of LROs covered by PQA No. 16."
0001520138-16-000873	Tier2	Audited	Y	N	N	Y	N	N	5000000	90837000	1.0	5000000.0	0.0	0.0	0.0	5000000.0			Mundial Financial Group, LLC	500000.0			Zwick & Banyai, PLLC	6000.0	Laxague Law, Inc.	12500.0					149531	4500000.0	Sales commissions and net proceeds assume maximum offering is sold.
0001214659-16-010965	Tier2	Audited	Y	Y	N	Y	N	N	50000000	0	1.0	50000000.0	0.0	0.0	0.0	50000000.0							Artesian CPA, LLC	2000.0	Flaster/Greenberg P.C.	50000.0						49948000.0	
0001650352-16-000019	Tier2	Audited	Y	N	Y	Y	N	Y	200000000	200000000	0.1	19267500.0	732500.0	0.0	0.0	20000000.0							Rick Toussaint	1000.0	Jehu Hand	500.0						1926600.0	
0001650352-16-000018	Tier2	Audited	Y	N	Y	Y	N	Y	200000000	200000000	0.1	19267500.0	732500.0	0.0	0.0	20000000.0							Rick Toussaint	1000.0	Jehu Hand	500.0						1926600.0	
0001193125-16-552483	Tier2	Audited	N	N	N	N	N	N	30000	0	962.94	28888200.0	0.0	0.0	0.0	28888200.0							Cummings, Ristau & Associates, P.C.	60000.0	Polsinelli PC	140000.0							The securities will be issued in connection with the merger of Frontenac Bancshares, Inc. with Royal Acquisition LLC, a
0000939798-16-000123	Tier1	Unaudited	Y	N	N	Y	N	N	2434929600	2515070400	0.01	243493.0	0.0	0.0	0.0	243493.0									Gary R. Henrie	15000.0						228493.0	
0001650352-16-000017	Tier2	Audited	Y	N	Y	Y	N	Y	200000000	200000000	0.1	19267500.0	732500.0	0.0	0.0	20000000.0							Rick Toussaint	1000.0	Jehu Hand	500.0						1926600.0	
0001644600-16-000120	Tier2	Audited	Y	N	N	Y	N	N	5000000	383750	10.0	50000000.0	0.0	0.0	0.0	50000000.0							CohnReznick LLP	10000.0	KHLK LLP	40000.0						48000000.0	
0001193125-16-548699	Tier2	Audited	N	N	N	Y	N	N	5000000	1000	10.0	50000000.0	0.0	0.0	0.0	50000000.0	Orchard Securities, LLC, a portion of which may be reallowed, in whole or in part, to the selling group members and wholesalers	1500000.0	Orchard Securities, LLC, which it will reallow to the selling group members	3000000.0			Ernst & Young LLP	75000.0	DLA Piper LLP (US)	250000.0			DLA Piper LLP (US) to file notices, but payments made to various states	20350.0	133378	50000000.0	All organizational and offering costs, managing broker-dealer fees and sellilng commissions will be paid by our sponsor, Cottonwood Capital Property Management II, LLC.
0001144204-16-095250	Tier1	Audited	Y	N	N	Y	N	N	477530	0	10.0	477530.0	0.0	5139425.0	2993159.0	8610114.0									Smith Anderson, et al., Robbins Ross, et al.	4500.0							"""Number of securities offered"" is the aggregate principal amount of LROs being offered under this post-qualification amendment (PQA)."
0001387131-16-005025	Tier2	Audited	Y	N	N	Y	N	N	3000000	50000000	1.0	3000000.0	0.0	0.0	0.0	3000000.0							Friedman LLP	60000.0	Duane Morris LLP	200000.0						2650000.0	
0001621388-16-000002	Tier1	Unaudited	N	N	N	Y	N	N	1000000000	0	0.01	0.01	0.0	0.0	0.0	0.01									Costs associated with Offering	52500.0			New York	1200.0		946600.0	
0001144204-16-095080	Tier1	Audited	Y	N	N	Y	N	N	800000	1025464	7.5	6000000.0	0.0	0.0	0.0	6000000.0							BDO USA, LLP	25000.0	Kilpatrick Townsend & Stockton LLP	85000.0						5890000.0	
0001010549-16-000577	Tier2	Audited	N	N	N	N	N	N	15000000		2.0	0.0	0.0	0.0	0.0	0.0	N/A	0.0	N/A	0.0	N/A	0.0	N/A	0.0	Elton F. Norman, Esq.	0.0	N/A	0.0	N/A	0.0		29875000.0	
0001213900-16-012585	Tier2	Audited	N	N	N	Y	N	Y	802065	1444813	12.47	8137635.19	1864115.31	0.0	0.0	10001750.5							Deloitte & Touche Tohmatsu Limited	40000.0	JSBarkats PLLC	60000.0						7637635.0	Ancillary fees, such as legal, auditor's and marketing fees associated with the offering may be approximately $500,000.00. In addition 149,488 shares out of the 802,065 are resale shares for an existing shareholder for an aggregate of $1,864,115.
0001144204-16-094367	Tier2	Audited	Y	N	N	Y	N	N	5000000	0	10.0	50000000.0	0.0	0.0	0.0	50000000.0	Moloney Securities Co., Inc.	4500000.0	TBD	0.0			Keiter Stephens	65000.0	Kaplan Voekler Cunningham & Frank, PLC and Sands Anderson PC	225000.0			Kaplan Voekler Cunningham & Frank, PLC	75000.0		45135000.0	
0001174947-16-002461	Tier1	Audited	Y	N	N	Y	N	N	238095	749243	21.0	4999995.0	0.0	0.0	0.0	4999995.0			Fig Partners, LLC	150000.0			Berry Dunn/Baker Newman Noyes	9500.0	Gallagher, Callahan & Gartrell, P.C.	75000.0			Gallagher, Callahan & Gartrell, P.C.	18750.0	41554	4721745.0	Net proceeds assumes sales comm. of $150K (1% on $3M+6% on $2M). Max comm. of $300K (6%) + Min. of $50K (1%) w/ proceeds of $4,699,995/$4,949,995, respectively, prior to est. offering expenses of $128,250 (incl. $25K to FIG Partners, LLC for expenses)
0001144204-16-094123	Tier1	Audited	Y	N	N	Y	N	N	452000	0	10.0	452000.0	0.0	4996845.0	2683739.0	8132584.0									Smith Anderson, et al., Robbins Ross, et al.	4500.0							"""Number of securities offered"" is the aggregate principal amount of LROs being offered under this post-qualification amendment (PQA). ""The estimated portion of aggregate sales ..."" includes the 7 series of LROs covered by PQA Nos. 14."
0001144204-16-094079	Tier2	Audited	Y	N	N	Y	N	N	1600000	3776417	6.25	10000000.0	0.0	0.0	0.0	10000000.0	W.R. Hambrecht Co., LLC	500000.0					Vogel CPAs, PC	27000.0	Szaferman, Lakind, Blumstein & Blader, PC	50000.0					45040	9300000.0	
0001658959-16-000007	Tier2	Audited	Y	N	N	Y	N	N	9600000	62710898	5.0	48000000.0	0.0	1617000.0	0.0	49617000.0	TBD	0.0	SDDCO Brokerage Advisors LLC	4800000.0			Artesian CPA, LLC	16000.0	Cowden & Humphrey	30000.0			Mergent & ASMX Capital	9750.0		43200000.0	
0001144204-16-093513	Tier2	Audited	Y	Y	N	Y	N	N	5000000	20000	10.0	50000000.0	0.0	0.0	0.0	50000000.0																50000000.0	Not Applicable
0001387131-16-004918	Tier2	Audited	Y	N	N	Y	N	N	3000000	50000000	1.0	3000000.0	0.0	0.0	0.0	3000000.0							Friedman LLP	60000.0	Duane Morris LLP	200000.0						2650000.0	
0001658959-16-000005	Tier2	Audited	Y	N	N	Y	N	N	9600000	62710898	5.0	48000000.0	0.0	1617000.0	0.0	49617000.0	TBD	0.0	SDDCO Brokerage Advisors LLC	4800000.0			Artesian CPA, LLC	16000.0	Cowden & Humphrey	30000.0			Mergent & ASMX Capital	9750.0		43200000.0	
0001144204-16-093298	Tier1	Audited	Y	N	N	Y	N	N	1142750	0	10.0	1142750.0	0.0	4280845.0	1357418.0	6781013.0									Smith Anderson, et al., Robbins Ross, et al.	4500.0							"""Number of securities offered"" is the aggregate principal amount of LROs being offered under this post-qualification amendment (PQA)."
0001144204-16-092960	Tier1	Audited	Y	N	N	Y	N	N	899571	0	10.0	899571.0	0.0	4996845.0	1784168.0	7680584.0									Smith Anderson, et al., Robbins Ross, et al.	4500.0							"""Number of securities offered"" is the aggregate principal amount of LROs being offered under this post-qualification amendment (PQA). ""The estimated portion of aggregate sales ..."" includes the 7 series of LROs covered by PQA Nos. 13."
0001493152-16-008673	Tier1	Unaudited	N	N	N	Y	N	N	97000000	276275566	0.02	2425000.0	0.0	0.0	0.0	2425000.0	None	0.0	None	0.0	None	0.0	None	0.0	Methven & Associates	40000.0	None	0.0	None	5000.0		2365000.0	
0001144204-16-092382	Tier2	Audited	Y	N	N	Y	N	N	1600000	3739085	6.25	10000000.0	0.0	0.0	0.0	10000000.0	W.R. Hambrecht Co., LLC	500000.0					Vogel CPAs, PC	27000.0	Szaferman, Lakind, Blumstein & Blader, PC	50000.0					45040	9300000.0	
0000906318-16-000105	Tier1	Audited	N	N	N	Y	N	N	1500	0	1000.0	1500000.0	0.0	0.0	0.0	1500000.0							Artesian CPA LLC	6000.0	Dinsmore & Shohl LLP	75000.0			Dinsmore & Shohl LLP	45000.0			
0001669778-16-000006	Tier2	Audited	Y	N	N	Y	Y	N	100000000	60000000	0.01	0.0	0.0	0.0	0.0	0.0			(1)	0.0			MaloneBailey, LLP (2)	0.0	BrannellyLaw, PLLC (2)	0.0							(1) The company may use registered broker-dealers to sell shares in the offering. As of the date hereof, the Company has not entered into sales agreements with any broker-dealers. (2) To be provided by amendment.
0001668918-16-000001	Tier1	Unaudited	N	N	N	Y	N	N	14000	0	1000.0	1000.0	0.0	0.0	0.0	1000.0									Drafting, Legal & Filing	52500.0			Florida	1000.0		13946500.0	
0001660947-16-000003	Tier1	Unaudited	N	N	N	Y	N	N	9500	0	1000.0	1000.0	0.0	0.0	0.0	1000.0									Doc Prep / Filing / Review / Opinion	52500.0			Florida	1000.0		9446500.0	
