ACCESSION_NUMBER	ED_ID	TYPE	NAME	OUTSTANDING	CUSIP	PUBLICYTRADED
0001213900-16-014626	1	Common	-	1000000	000000000	-
0001213900-16-014626	1	Debt Securities	-	0	000000000	-
0001213900-16-014626	1	Preferred	-	0	000000000	-
0001477932-16-011118	1	Debt Securities	None	0		
0001477932-16-011118	1	Preferred	None	0		
0001477932-16-011118	1	Common	Class A Units	123389730	None	None
0001477932-16-011118	2	Common	Class B Units	123389730	None	None
0001493152-16-011191	1	Common	Common stock	6100454	000000N/A	None
0001493152-16-011191	1	Preferred	Preferred stock	0	000000N/A	None
0001493152-16-011191	1	Debt Securities	Mezzanine Convertible Bonds	122100	000000N/A	None
0001144204-16-110565	1	Preferred	Series Seed	568796	000000N/A	N/A
0001144204-16-110565	1	Debt Securities	N/A - excludes LROs	0	000000N/A	N/A
0001144204-16-110565	2	Preferred	Series A Preferred Stock	747373	000000N/A	N/A
0001144204-16-110565	1	Common	Common Stock	1123750	000000N/A	N/A
0001644600-16-000157	1	Debt Securities	N/A	0	N/A	N/A
0001644600-16-000157	1	Common	Common Stock	35869565	N/A	N/A
0001644600-16-000157	1	Preferred	N/A	0	N/A	N/A
0001079974-16-001371	1	Preferred	Preferred Stock	0	000000000	none
0001079974-16-001371	1	Common	Common Stock	15000000	000000000	none
0001079974-16-001371	1	Debt Securities	None	0	000000000	
0001677110-16-000011	1	Preferred	none	0	none	none
0001677110-16-000011	1	Debt Securities	Notes	0	none	none
0001677110-16-000011	1	Common	Common	15000000	none	none
0001193125-16-633301	1	Preferred	Series E Preferred Stock	0	000000000	N/A
0001193125-16-633301	2	Common	Class B Nonvoting Common Stock	38856	000000000	N/A
0001193125-16-633301	1	Common	Class A Voting Common Stock	582875	000000000	N/A
0001193125-16-633301	1	Debt Securities	Landrum Statutory Trust IV	25774	000000000	N/A
0001193125-16-633301	2	Debt Securities	Landrum Statutory Trust III	3093	000000000	N/A
0001193125-16-633301	3	Debt Securities	Landco Partners II, L.P.	5926	000000000	N/A
0001676314-16-000001	1	Preferred		0		
0001676314-16-000001	1	Debt Securities		0		
0001676314-16-000001	1	Common		0		
0001174947-16-002836	1	Common	Common Stock	749243	31971A107	OTCQX U.S.
0001174947-16-002836	1	Preferred	Series C Preferred	3623	31971A958	N/A
0001174947-16-002836	1	Debt Securities	N/A	5000000	000000N/A	N/A
0001214659-16-012387	1	Common	Class A Common Stock	41722222	000000000	None
0001214659-16-012387	1	Debt Securities	None	0	000000000	None
0001214659-16-012387	1	Preferred	None	0	000000000	None
0001677110-16-000006	1	Preferred	none	0	none	none
0001677110-16-000006	1	Debt Securities	Notes	0	none	none
0001677110-16-000006	1	Common	Common	15000000	none	none
0001677159-16-000001	1	Preferred	NA	0	0	NA
0001677159-16-000001	1	Common	Common	150000	NA	NA
0001677159-16-000001	1	Debt Securities	NA	0	NA	NA
0001665279-16-000002	1	Common	Membership Units	1000	None	Membership Units
0001665279-16-000002	1	Debt Securities	Fixed Income Mortgage Certs	0	None	Fixed Income Mortgage Certificates
0001665279-16-000002	1	Preferred	None	0	None	None
0001144204-16-109189	1	Preferred	Series Seed	568796	000000N/A	N/A
0001144204-16-109189	1	Common	Common Stock	1123750	000000N/A	N/A
0001144204-16-109189	1	Debt Securities	N/A - excludes LROs	0	000000N/A	N/A
0001144204-16-109189	2	Preferred	Series A Preferred Stock	747373	000000N/A	N/A
0001144204-16-109064	1	Preferred	Series Seed	568796	000000N/A	N/A
0001144204-16-109064	2	Preferred	Series A Preferred Stock	747373	000000N/A	N/A
0001144204-16-109064	1	Debt Securities	N/A - excludes LROs	0	000000N/A	N/A
0001144204-16-109064	1	Common	Common Stock	1123750	000000N/A	N/A
0001644600-16-000153	2	Common	Class B Common	383750	N/A	N/A
0001644600-16-000153	1	Debt Securities	0	0	N/A	N/A
0001644600-16-000153	1	Common	Class A Common	10000000	N/A	N/A
0001644600-16-000153	1	Preferred	0	0	N/A	N/A
0001677110-16-000003	1	Common	Common	15000000	0	0
0001677110-16-000003	1	Debt Securities	Notes	0		
0001677110-16-000003	1	Preferred	0	0		
0001144204-16-108829	1	Preferred	N/A	0	000000N/A	N/A
0001144204-16-108829	1	Debt Securities	N/A	0	000000N/A	N/A
0001144204-16-108829	1	Common	Common Shares	1017178	000000N/A	N/A
0001646269-16-000016	1	Common	Common Stock	6315789	N/A	N/A
0001646269-16-000016	1	Debt Securities		0		
0001646269-16-000016	1	Preferred		0		
0001144204-16-108794	1	Common	Common Shares	500	000000000	N/A
0001144204-16-108794	1	Debt Securities	N/A	0	000000000	N/A
0001144204-16-108794	1	Preferred	N/A	0	000000000	N/A
0001144204-16-108791	1	Preferred	N/A	0	000000000	N/A
0001144204-16-108791	1	Common	Common Shares	500	000000000	N/A
0001144204-16-108791	1	Debt Securities	N/A	0	000000000	N/A
0001144204-16-108790	1	Debt Securities	N/A	0	000000000	N/A
0001144204-16-108790	1	Preferred	N/A	0	000000000	N/A
0001144204-16-108790	1	Common	Common Shares	500	000000000	N/A
0001144204-16-108760	1	Preferred	N/A	0	000000N/A	N/A
0001144204-16-108760	1	Common	Common Units	1000	000000N/A	N/A
0001144204-16-108760	1	Debt Securities	N/A	0	000000N/A	N/A
0001144204-16-108696	1	Common	Common Stock	14000000	000000N/A	N/A
0001144204-16-108696	1	Debt Securities	N/A	0	000000N/A	N/A
0001144204-16-108696	1	Preferred	N/A	0	000000N/A	N/A
0001144204-16-108689	1	Preferred	Series Seed	568796	000000N/A	N/A
0001144204-16-108689	2	Preferred	Series A Preferred Stock	747373	000000N/A	N/A
0001144204-16-108689	1	Common	Common Stock	1123750	000000N/A	N/A
0001144204-16-108689	1	Debt Securities	N/A - excludes LROs	0	000000N/A	N/A
0001193125-16-623801	1	Debt Securities	Debt Securities	0	000000000	n/a
0001477932-16-010901	1	Common	Common Equity	10000000	N/A	N/A
0001193125-16-623801	1	Common	Class B common stock	32670627	000000000	n/a
0001193125-16-623801	1	Preferred	Preferred Equity	0	000000000	n/a
0001477932-16-010901	1	Debt Securities		0		
0001477932-16-010901	1	Preferred		0		
0001646269-16-000015	1	Preferred		0		
0001646269-16-000015	1	Common	Common Stock	6315789	N/A	N/A
0001646269-16-000015	1	Debt Securities		0		
0001065949-16-000432	1	Debt Securities		0		
0001065949-16-000432	1	Preferred		0		
0001065949-16-000432	1	Common	Common Equity	10000000	N/A	N/A
0001677110-16-000001	1	Common	Common	15000000	none	none
0001677110-16-000001	1	Preferred	none	0	none	none
0001677110-16-000001	1	Debt Securities	Notes	0	none	none
0001354488-16-007834	1	Preferred	Series A	96000	000000000	N/A
0001354488-16-007834	1	Debt Securities	N/A	0	000000000	N/A
0001354488-16-007834	1	Common	Common Stock	200000	000000000	N/A
0001144204-16-108253	1	Debt Securities	Promissory Notes	361079	000000N/A	N/A
0001144204-16-108253	1	Preferred	Series Seed Preferred Stock	20714518	000000N/A	N/A
0001144204-16-108253	1	Common	Common Stock	9396362	000000N/A	N/A
0001644600-16-000151	1	Common	Common Stock	35869565	N/A	N/A
0001644600-16-000151	1	Preferred	N/A	0	N/A	N/A
0001644600-16-000151	1	Debt Securities	N/A	0	N/A	N/A
0001144204-16-108084	1	Debt Securities	N/A - excludes LROs	0	000000N/A	N/A
0001144204-16-108084	2	Preferred	Series A Preferred Stock	747373	000000N/A	N/A
0001144204-16-108084	1	Preferred	Series Seed	568796	000000N/A	N/A
0001144204-16-108084	1	Common	Common Stock	1123750	000000N/A	N/A
0001144204-16-107899	1	Debt Securities	Debt Securities	852072	000000n/a	n/a
0001144204-16-107899	1	Preferred	Preferred Equity	8116000	000000n/a	n/a
0001144204-16-107899	1	Common	Common Equity	89765120	65250F106	n/a
0001144204-16-107812	1	Preferred	N/A	0	000000N/A	N/A
0001144204-16-107812	1	Debt Securities	N/A	0	000000N/A	N/A
0001144204-16-107812	1	Common	Common Stock	14000000	000000N/A	N/A
0001144204-16-107689	1	Common	Common Stock	9396362	000000N/A	N/A
0001144204-16-107689	1	Debt Securities	Promissory Notes	361079	000000N/A	N/A
0001144204-16-107689	1	Preferred	Series Seed Preferred Stock	20714518	000000N/A	N/A
0001646269-16-000014	1	Common	Common Stock	6315789	N/A	N/A
0001646269-16-000014	1	Preferred		0		
0001646269-16-000014	1	Debt Securities		0		
0001553350-16-002127	1	Debt Securities	none	0	000000000	none
0001553350-16-002127	1	Preferred	preferred	200000	000000000	none
0001553350-16-002127	1	Common	common	5000000	000000000	none
0001144204-16-106739	1	Common	Common Stock	1123750	000000N/A	N/A
0001144204-16-106739	1	Debt Securities	N/A - excludes LROs	0	000000N/A	N/A
0001144204-16-106739	2	Preferred	Series A Preferred Stock	747373	000000N/A	N/A
0001144204-16-106739	1	Preferred	Series Seed	568796	000000N/A	N/A
0001144204-16-106225	1	Common	Common Stock	9396362	000000N/A	N/A
0001144204-16-106225	1	Preferred	Series Seed Preferred Stock	20714518	000000N/A	N/A
0001144204-16-106225	1	Debt Securities	Promissory Notes	361079	000000N/A	N/A
0001644600-16-000144	1	Debt Securities	N/A	0	N/A	N/A
0001644600-16-000144	1	Preferred	N/A	0	N/A	N/A
0001644600-16-000144	1	Common	Common Stock	35869565	N/A	N/A
0001477932-16-010647	1	Debt Securities		0		
0001477932-16-010647	1	Preferred		0		
0001477932-16-010647	1	Common	Common Equity	52429600	None	None
0001645471-16-000011	1	Debt Securities	0	0	0	0
0001645471-16-000011	1	Common	0	0	0	0
0001645471-16-000011	1	Preferred	0	0	0	0
0001520138-16-000963	1	Common	Common Equity	90837000	25674W101	none
0001520138-16-000963	1	Debt Securities	Debt Securities	0	000000000	n/a
0001520138-16-000963	1	Preferred	Preferred Equity	0	000000000	n/a
0001144204-16-105113	2	Preferred	Series A Preferred Stock	747373	000000N/A	N/A
0001144204-16-105113	1	Debt Securities	N/A - excludes LROs	0	000000N/A	N/A
0001144204-16-105113	1	Common	Common Stock	1123750	000000N/A	N/A
0001144204-16-105113	1	Preferred	Series Seed	568796	000000N/A	N/A
0001657737-16-000008	1	Common	Common Stock	36000000	None	Common Stock
0001657737-16-000008	1	Debt Securities		0	None	
0001657737-16-000008	1	Preferred	Preferred Stock	0	None	Preferred Stock
0001144204-16-104935	2	Preferred	Series Seed 2 Preferred	788972	000000N/A	N/A
0001144204-16-104935	1	Common	Common	4138530	000000N/A	N/A
0001144204-16-104935	1	Debt Securities	N/A	0	000000N/A	N/A
0001144204-16-104935	1	Preferred	Series Seed Preferred	2280418	000000N/A	N/A
0001144204-16-104643	1	Debt Securities	N/A	0	000000N/A	N/A
0001144204-16-104643	1	Preferred	N/A	0	000000N/A	N/A
0001144204-16-104643	1	Common	Common Units	1000	000000N/A	N/A
0001193125-16-600670	1	Common	N/A	1000	000000000	N/A
0001193125-16-600670	1	Debt Securities	N/A	0	000000000	N/A
0001193125-16-600670	1	Preferred	N/A	0	000000000	N/A
0001493152-16-010255	1	Preferred	None Exist	0	NoneExist	None Exist
0001493152-16-010255	1	Debt Securities	Debt issued solely as individu	0	0000000NA	N/A
0001493152-16-010255	1	Common	Common	276275566	835413105	OTCMarkets.com - Pink Sheets SSFT
0001657250-16-000096	1	Preferred	preferred stock	0	000000000	none
0001657250-16-000096	1	Common	common stock	40000000	000000000	none
0001657250-16-000096	1	Debt Securities	none	0	000000000	none
0001658959-16-000008	1	Common	Common Stock	63343148	0	NONE
0001658959-16-000008	1	Debt Securities	None	0	0	None
0001658959-16-000008	1	Preferred	Preferred Equity	313000	0	NONE
0001214659-16-011713	1	Debt Securities	None	0	00000None	None
0001493152-16-010164	1	Debt Securities	Debt	0	000000000	0
0001493152-16-010164	1	Preferred	Preferred	0	000000000	0
0001214659-16-011713	1	Preferred	None	0	00000None	None
0001493152-16-010164	1	Common	common	60000000	000000000	0
0001214659-16-011713	1	Common	Class M Interests	10000	00000None	None
0001214659-16-011706	1	Common	Class M Interests	10000	00000None	None
0001214659-16-011706	1	Debt Securities	None	0	00000None	None
0001214659-16-011706	1	Preferred	None	0	00000None	None
0001671084-16-000003	1	Preferred		0		
0001671084-16-000003	1	Common	Common	15000000	na	na
0001671084-16-000003	1	Debt Securities		0		
0001144204-16-103653	1	Common	Common Stock	1025464	92644G103	N/A
0001144204-16-103653	1	Preferred	Preferred Stock Series E	26158	92644G202	N/A
0001144204-16-103653	1	Debt Securities	N/A	0	000000N/A	N/A
0001213900-16-013592	1	Preferred	N/A	0	000000000	N/A
0001193125-16-594715	1	Debt Securities	Subordinated Notes Due 2025	14	Various	N/A
0001213900-16-013592	1	Debt Securities	N/A	0	000000000	N/A
0001213900-16-013592	1	Common	N/A	1444813	000000000	N/A
0001193125-16-594715	1	Preferred	N/A	0	000000000	N/A
0001193125-16-594715	1	Common	Common	1401511	095825105	OTC Pink marketplace
0001193125-16-594245	1	Common	Class A Common	62072	000000000	N/A
0001193125-16-594245	1	Debt Securities	N/A	0	000000000	N/A
0001193125-16-594245	1	Preferred	N/A	0	000000000	N/A
0001193125-16-593217	1	Preferred	N/A	0	000000000	N/A
0001193125-16-593217	1	Common	Class A Common	62072	000000000	N/A
0001193125-16-593217	1	Debt Securities	N/A	0	000000000	N/A
0001193125-16-592769	1	Debt Securities	N/A	0	000000000	N/A
0001193125-16-592769	1	Preferred	N/A	0	000000000	N/A
0001193125-16-592769	1	Common	Common Equity	932728571	92763N202	N/A
0001144204-16-102816	1	Common	N/A	63675740	45074L 10	OTCPinksheets
0001144204-16-102816	1	Debt Securities	N/A	0	000000000	N/A
0001144204-16-102816	1	Preferred	Series C	1500000	000000000	N/A
0001644600-16-000139	1	Preferred	Series B Units	3298916	N/A	N/A
0001644600-16-000139	1	Debt Securities	0	0	N/A	N/A
0001644600-16-000139	1	Common	Series A Units	2000000	N/A	N/A
0001193125-16-590692	1	Debt Securities	N/A	0	000000000	N/A
0001193125-16-590692	1	Preferred	N/A	0	000000000	N/A
0001193125-16-590692	1	Common	N/A	1000	000000000	N/A
0001144204-16-101756	1	Preferred	Series Seed	568796	000000N/A	N/A
0001144204-16-101756	2	Preferred	Series A Preferred Stock	747373	000000N/A	N/A
0001144204-16-101756	1	Debt Securities	N/A - excludes LROs	0	000000N/A	N/A
0001144204-16-101756	1	Common	Common Stock	1123750	000000N/A	N/A
0001193125-16-590318	1	Debt Securities	N/A	0	000000000	N/A
0001193125-16-590318	1	Preferred	N/A	0	000000000	N/A
0001193125-16-590318	1	Common	N/A	1000	000000000	N/A
0001144204-16-101295	1	Common	Common	4138530	000000N/A	N/A
0001144204-16-101295	2	Preferred	Series Seed 2 Preferred	788972	000000N/A	N/A
0001144204-16-101295	1	Preferred	Series Seed Preferred	2280418	000000N/A	N/A
0001144204-16-101295	1	Debt Securities	N/A	0	000000N/A	N/A
0001193125-16-588973	1	Common	N/A	5000000	000000000	N/A
0001193125-16-588973	1	Preferred	Series A Preferred Stock	0	000000000	N/A
0001193125-16-588973	1	Debt Securities	N/A	0	000000000	N/A
0001065949-16-000390	1	Debt Securities		0		
0001065949-16-000390	1	Preferred		0		
0001065949-16-000390	1	Common	Common Equity	10000000	N/A	N/A
0001615774-16-005338	1	Common	MEMBERSHIP INTERESTS	100	000000000	n/a
0001615774-16-005338	1	Preferred	n/a	0	000000000	n/a
0001615774-16-005338	1	Debt Securities	n/a	0	000000000	n/a
0001214659-16-011414	1	Common	Class M Interests	10000	00000None	None
0001214659-16-011414	1	Preferred	None	0	00000None	None
0001477932-16-010161	1	Debt Securities		0		
0001477932-16-010161	1	Preferred		0		
0001214659-16-011414	1	Debt Securities	None	0	00000None	None
0001477932-16-010161	1	Common	Common Equity	10000000	N/A	N/A
0001193125-16-585419	1	Common	N/A	1000	000000000	N/A
0001193125-16-585419	1	Debt Securities	N/A	0	000000000	N/A
0001193125-16-585419	1	Preferred	N/A	0	000000000	N/A
0001144204-16-099642	1	Common	Common Stock	1123750	000000N/A	N/A
0001144204-16-099642	1	Debt Securities	N/A - excludes LROs	0	000000N/A	N/A
0001144204-16-099642	2	Preferred	Series A Preferred Stock	747373	000000N/A	N/A
0001144204-16-099642	1	Preferred	Series Seed	568796	000000N/A	N/A
0001477932-16-010081	1	Common	Class A Units	123389730	None	None
0001477932-16-010081	1	Debt Securities	None	0		
0001477932-16-010081	1	Preferred	None	0		
0001477932-16-010081	2	Common	Class B Units	123389730	None	None
0001646269-16-000013	1	Common	Common Stock	6315789	N/A	N/A
0001646269-16-000013	1	Debt Securities		0		
0001646269-16-000013	1	Preferred		0		
0001493152-16-009348	1	Common	common	60000000	000000000	0
0001493152-16-009348	1	Preferred	Preferred	0	000000000	0
0001493152-16-009348	1	Debt Securities	Debt	0	000000000	0
0001387131-16-005239	1	Preferred	N/A	0	000000000	N/A
0001387131-16-005239	1	Debt Securities	Revolving Line of Credit Note	132482	000000000	N/A
0001387131-16-005239	1	Common	Common Stock	50000000	3953OW106	N/A
0001646269-16-000012	1	Debt Securities		0		
0001646269-16-000012	1	Preferred		0		
0001646269-16-000012	1	Common	Common Stock	6315789	N/A	N/A
0001615774-16-005158	1	Common	MEMBERSHIP INTERESTS	100	000000000	n/a
0001615774-16-005158	1	Preferred	n/a	0	000000000	n/a
0001646269-16-000009	1	Debt Securities		0		
0001646269-16-000009	1	Preferred		0		
0001615774-16-005158	1	Debt Securities	n/a	0	000000000	n/a
0001646269-16-000009	1	Common	Common Stock	6315789	N/A	N/A
0001214659-16-011105	1	Debt Securities	None	0	000000000	None
0001214659-16-011105	1	Preferred	None	0	000000000	None
0001214659-16-011105	1	Common	Class A Common Stock	41722222	000000000	None
0001144204-16-097089	1	Debt Securities	N/A - excludes LROs	0	000000N/A	N/A
0001144204-16-097089	2	Preferred	Series A Preferred Stock	747373	000000N/A	N/A
0001144204-16-097089	1	Preferred	Series Seed	568796	000000N/A	N/A
0001144204-16-097089	1	Common	Common Stock	1123750	000000N/A	N/A
0001520138-16-000873	1	Debt Securities	Debt Securities	0	000000000	n/a
0001520138-16-000873	1	Preferred	Preferred Equity	0	000000000	n/a
0001520138-16-000873	1	Common	Common Equity	90837000	25674W101	none
0001214659-16-010965	1	Debt Securities	None	0	00000None	None
0001214659-16-010965	1	Preferred	None	0	00000None	None
0001214659-16-010965	1	Common	Class M Interests	10000	00000None	None
0001650352-16-000019	1	Preferred		0		
0001650352-16-000019	1	Debt Securities		0		
0001650352-16-000019	1	Common	Common Stock	200000000	n/a	n/a
0001650352-16-000018	1	Common	Common Stock	200000000	n/a	n/a
0001650352-16-000018	1	Debt Securities		0		
0001650352-16-000018	1	Preferred		0		
0001193125-16-552483	1	Common	Class A Common	62072	000000000	N/A
0001193125-16-552483	1	Preferred	N/A	0	000000000	N/A
0001193125-16-552483	1	Debt Securities	N/A	0	000000000	N/A
0000939798-16-000123	1	Common	common stock	2515070400	29403A109	OTC Markets PK
0000939798-16-000123	1	Preferred		0		
0000939798-16-000123	1	Debt Securities		0		
0001650352-16-000017	1	Debt Securities		0		
0001650352-16-000017	1	Preferred		0		
0001650352-16-000017	1	Common	Common Stock	200000000	n/a	n/a
0001644600-16-000120	2	Common	Class B Common	383750	N/A	N/A
0001644600-16-000120	1	Preferred	0	0	N/A	N/A
0001644600-16-000120	1	Debt Securities	0	0	N/A	N/A
0001644600-16-000120	1	Common	Class A Common	10000000	N/A	N/A
0001193125-16-548699	1	Debt Securities	N/A	0	000000000	N/A
0001193125-16-548699	1	Preferred	N/A	0	000000000	N/A
0001193125-16-548699	1	Common	N/A	1000	000000000	N/A
0001144204-16-095250	1	Common	Common Stock	1123750	000000N/A	N/A
0001144204-16-095250	1	Debt Securities	N/A - excludes LROs	0	000000N/A	N/A
0001144204-16-095250	2	Preferred	Series A Preferred Stock	747373	000000N/A	N/A
0001144204-16-095250	1	Preferred	Series Seed	568796	000000N/A	N/A
0001387131-16-005025	1	Debt Securities	Revolving Line of Credit Note	132482	000000000	N/A
0001387131-16-005025	1	Preferred	N/A	0	000000000	N/A
0001387131-16-005025	1	Common	Common Stock	50000000	3953OW106	N/A
0001621388-16-000002	1	Debt Securities	None	0	None	None
0001621388-16-000002	1	Preferred	Preferred Stock	60000	None	None
0001621388-16-000002	1	Common	Common Stock	3220435528	None	SWHI
0001144204-16-095080	1	Common	Common Stock	1025464	92644G103	N/A
0001144204-16-095080	1	Debt Securities	N/A	0	000000N/A	N/A
0001144204-16-095080	1	Preferred	Preferred Stock Series E	26158	92644G202	N/A
0001010549-16-000577	1	Common		0		
0001010549-16-000577	1	Debt Securities		0		
0001010549-16-000577	1	Preferred		0		
0001213900-16-012585	1	Common	N/A	1444813	000000000	N/A
0001213900-16-012585	1	Debt Securities	N/A	0	000000000	N/A
0001213900-16-012585	1	Preferred	N/A	0	000000000	N/A
0001144204-16-094367	1	Common	Common Stock	0	000000000	N/A
0001144204-16-094367	1	Preferred	N/A	0	000000000	N/A
0001144204-16-094367	1	Debt Securities	N/A	0	000000000	N/A
0001174947-16-002461	1	Debt Securities	N/A	5000000	000000N/A	N/A
0001174947-16-002461	1	Preferred	Series C Preferred	3623	31971A958	N/A
0001174947-16-002461	1	Common	Common Stock	749243	31971A107	OTCQX U.S.
0001144204-16-094123	1	Debt Securities	N/A - excludes LROs	0	000000N/A	N/A
0001144204-16-094123	2	Preferred	Series A Preferred Stock	747373	000000N/A	N/A
0001144204-16-094123	1	Preferred	Series Seed	568796	000000N/A	N/A
0001144204-16-094123	1	Common	Common Stock	1123750	000000N/A	N/A
0001144204-16-094079	1	Debt Securities	Promissory Note	2000000	000000N/A	N/A
0001144204-16-094079	1	Preferred	Series A Preferred	806352	000000N/A	N/A
0001144204-16-094079	3	Common	Warrant to Purchase Common	559672	000000N/A	N/A
0001144204-16-094079	2	Common	Option to Purchase Common	679165	000000N/A	N/A
0001144204-16-094079	1	Common	Common Stock	1338964	074740101	N/A
0001144204-16-094079	2	Preferred	Series A-2 Preferred	1071429	000000N/A	N/A
0001658959-16-000007	1	Common	Common Stock	62710898	0	NONE
0001658959-16-000007	1	Debt Securities	None	0	0	None
0001658959-16-000007	1	Preferred	Preferred Equity	1088000	0	NONE
0001144204-16-093513	1	Common	Common Stock	20000	000000000	N/A
0001144204-16-093513	1	Preferred	Not Applicable	0	000000000	N/A
0001144204-16-093513	1	Debt Securities	Not Applicable	0	000000000	N/A
0001387131-16-004918	1	Debt Securities	Revolving Line of Credit Note	132482	000000000	N/A
0001387131-16-004918	1	Preferred	N/A	0	000000000	N/A
0001387131-16-004918	1	Common	Common Stock	50000000	3953OW106	N/A
0001658959-16-000005	1	Common	Common Stock	62710898	0	NONE
0001658959-16-000005	1	Preferred	Preferred Equity	1088000	0	NONE
0001658959-16-000005	1	Debt Securities	None	0	0	None
0001144204-16-093298	1	Debt Securities	N/A - excludes LROs	0	000000N/A	N/A
0001144204-16-093298	1	Preferred	Series Seed	568796	000000N/A	N/A
0001144204-16-093298	1	Common	Common Stock	1123750	000000N/A	N/A
0001144204-16-093298	2	Preferred	Series A Preferred Stock	747373	000000N/A	N/A
0001144204-16-092960	1	Common	Common Stock	1123750	000000N/A	N/A
0001144204-16-092960	1	Preferred	Series Seed	568796	000000N/A	N/A
0001144204-16-092960	2	Preferred	Series A Preferred Stock	747373	000000N/A	N/A
0001144204-16-092960	1	Debt Securities	N/A - excludes LROs	0	000000N/A	N/A
0001493152-16-008673	1	Debt Securities	Debt  issued solely as individ	0	0000000NA	NA
0001493152-16-008673	1	Common	Common Shares	276275566	835413105	OTC Markets - Pink Sheets - SSFT
0001493152-16-008673	1	Preferred	None	0	0000000NA	
0001144204-16-092382	2	Common	Option to Purchase Common	716497	000000N/A	N/A
0001144204-16-092382	3	Common	Warrant to Purchase Common	559672	000000N/A	N/A
0001144204-16-092382	1	Preferred	Series A Preferred	806352	000000N/A	N/A
0001144204-16-092382	1	Debt Securities	Promissory Note	2000000	000000N/A	N/A
0001144204-16-092382	1	Common	Common Stock	1301632	000000N/A	N/A
0001144204-16-092382	2	Preferred	Series A-2 Preferred	1071429	000000N/A	N/A
0000906318-16-000105	1	Preferred	Class A Membership Units	1500	N/A	N/A
0000906318-16-000105	1	Debt Securities		0		
0000906318-16-000105	1	Common		0		
0001669778-16-000006	1	Preferred		0		
0001669778-16-000006	1	Debt Securities		0		
0001669778-16-000006	1	Common	common	60000000	0	0
0001668918-16-000001	1	Common	Equity Membership Units	1000	None	None
0001668918-16-000001	1	Preferred	Secured Debt Notes	0	None	None
0001668918-16-000001	1	Debt Securities		0	None	
0001660947-16-000003	1	Preferred		0	None	
0001660947-16-000003	1	Common	Membership Units	1000	None	Membership Units
0001660947-16-000003	1	Debt Securities	Secured Class A Debt Notes	0	None	Secured Class A Debt Notes
