ACCESSION_NUMBER	STREET1	STREET2	CITY	STATEORCOUNTRY	ZIPCODE	PHONENUMBER	CONNECTIONNAME	INDUSTRYGROUP	CASHEQUIVALENTS	INVESTMENTSECURITIES	TOTALINVESTMENTS	ACCOUNTSRECEIVABLE	LOANS	PROPERTYPLANTEQUIPMENT	PROPERTYANDEQUIPMENT	TOTALASSETS	ACCOUNTSPAYABLE	POLICYLIABILITIESANDACCRUALS	DEPOSITS	LONGTERMDEBT	TOTALLIABILITIES	TOTALSTOCKHOLDEREQUITY	TOTALLIABILITIESANDEQUITY	TOTALREVENUES	TOTALINTERESTINCOME	COSTANDEXPENSESAPPLTOREVENUES	TOTALINTERESTEXPENSES	DEPRECIATIONANDAMORTIZATION	NETINCOME	EARNINGSPERSHAREBASIC	EARNINGSPERSHAREDILUTED	NAMEAUDITOR	CERTIFYIFTRUE	CERTIFYIFNOTDISQUALIFIED	CERTIFYIFBADACTOR	JURISDICTIONSOFSECOFFEREDNONE	JURISDICTIONSOFSECOFFEREDSAME	IFUNREGSITEREDNONE	SECURITIESACTEXCEMPTION
0001213900-16-014626	715 BRYANT STREET	SUITE 202	SAN FRANCISCO	CA	94107	415-689-5789	Justin Bailey	Other	0.0	0.0		0.0		9780.0		120960.0	266565.0			0.0	267729.0	-146769.0	120960.0	0.0		0.0		543.0	-388930.0	0.0	0.0	Marcum LLP	true	true		true			Fig Publishing, Inc. relied upon the exemption from the registration requirements of the Securities Act set forth in Section 4(a)(2) of such Act.
0001477932-16-011118	257 EAST MAIN STREET, SUITE 200		BARRINGTON	IL	60010	847-277-9930	Matt Leiter	Other	186278.0	0.0		154824.0		44085043.0		50761126.0	1931350.0			42309616.0	46970813.0	3790313.0	50761126.0	563037.0		124511.0		402489.0	3789313.0	0.0	0.0	Plante & Moran, PLLC	true	true	false	false	true	false	All of our outstanding Class A Units and Class B Units were issued to affiliates, officers and employees of our manager upon formation of our company, and in reliance upon the private offering exemption under Section 4(a)(2) of the Securities Act.
0001493152-16-011191	1701 South Flagler Drive	Suite 607	West Palm Beach	FL	33401	561-651-7816	Laura Anthony	Other	2437.0	0.0		0.0		6749.0		9221.0	677177.0			0.0	677177.0	-677956.0	9221.0	968.0		190319.0		9401.0	198752.0	0.03	0.03	Pybus & Company, P.A.	true	true			true		Rule 506 under Regulation D. All sales were to existing shareholders and/or bondholders who are Accredited Investors.
0001144204-16-110565	75 Fifth Street, NW	Suite 214	ATLANTA	GA	30308	404-850-9225	Nick Bhargava	Other	4331031.0	0.0		1135993.0		20461.0		5608559.0	1284573.0			0.0	1302153.0	4306966.0	5608559.0	46764.0		6384.0		48179.0	-1948415.0	-1.73	-1.73	Hughes Pittman and Gupton LLP	true	true		true			Regulation A, Rule 506 of Regulation D, Rule 506 of Regulation D, and Rule 506 of Regulation D, respectively.
0001644600-16-000157	13000 CONTROL TOWER RD., SUITE 217		ENGLEWOOD	CO	80112	3035035660	Sara Hanks	Other	34031.0	0.0		0.0		0.0		163374.0	1171191.0			0.0	1171191.0	0.0	163374.0	0.0		865783.0		0.0	-865783.0	0.0	0.0	EKS&H LLLP	true	true	false	true	false	false	Section 4(a)(2) Private placement to accredited investors.
0001079974-16-001371	6576 WEST LOOP SOUTH	SUITE 140	BELLAIRE	TX	77401	832-938-4561	M. Richard Cutler	Other	0.0	0.0		0.0		0.0		0.0	0.0			21645.0	21645.0	-36645.0	0.0	0.0		21645.0		0.0	-21645.0	0.0	0.0		true	true		true		true	
0001677110-16-000011	2167 EL CAPITAN AVE,		SANTA CLARA	CA	95050	6502658180	Andy Altahawi	Other	30853.0	0.0		0.0		288130.0		318983.0	30000.0			0.0	30000.0	288983.0	318983.0	3305.0		37738.0		0.0	-34433.0	0.0	0.0	Unaudited	true	true	false	false	true	false	Section 4(a)(2) - an issuer not involved in any public offering. All securities sold to current directors only.
0001193125-16-633301	801 East Broadway		Columbia	MO	65201	573-499-7363	Larry K. Harris	Banking	44549832.0	818378159.0			1429428438.0		71765775.0	2427480798.0	2082680957.0		2025856993.0	163372739.0	2246053696.0	181427102.0	2427480798.0		66207444.0		7150556.0	8004067.0	19256329.0	33.15	33.15	Williams-Keepers LLC	true	true	false	true		true	
0001676314-16-000001	444 W LAKE ST	SUITE 305	CHICAGO	IL	60606	6166499149	STEPHANIE IZEVBIZUA	Other	9162.4	65429.700000000004		8404.0		26578.4		112923.5	10638.0			3236.0	20622.0	87000.0	112923.5	535969.0		25110.100000000002		0.0	401641.5	0.0	0.0		true	true	true	false	false	true	
0001174947-16-002836	132 MAIN STREET		COLEBROOK	NH	03576	603-237-7016	Dodd S. Griffith, Esq.	Banking	6454492.0	38145458.0			197962652.0		4817688.0	262714216.0	1282575.0		223441715.0	6000000.0	233421368.0	29292848.0	262714216.0		9455696.0		1051470.0	416928.0	1122509.0	1.3800000000000001	1.3800000000000001	Baker Newman & Noyes, LLC	true	true			true		Rule 506(b) of Regulation D
0001214659-16-012387	45 ROCKEFELLER PLAZA, SUITE 2000		NEW YORK	NY	10111	646-915-1750	Mark Roderick	Other	26672.0	0.0		1580.0		0.0		28252.0	61009.0			0.0	61009.0	-32757.0	28252.0	0.0		-114481.0		0.0	-114481.0	0.0	0.0	KCCW Accountancy Corp. | PCAOB registered	true	true		true			17 CFR 230.504
0001677110-16-000006	2167 El Capitan Ave,		Santa Clara	CA	95050	6502658180	Andy Altahawi	Other	30853.0	0.0		0.0		288130.0		318983.0	30000.0			0.0	30000.0	288983.0	318983.0	3305.0		37738.0		0.0	-34433.0	0.0	0.0	Unaudited	true	true	false	false	true	false	Section 4(a)(2) - an issuer not involved in any public offering. All securities sold to current directors only.
0001677159-16-000001	6740 Greenbriar Curve		Shakopee	MN	55379	7604436744	Andy Altahawi	Other	1500.0	0.0		0.0		0.0		1500.0	10000.0			0.0	10000.0	8500.0	1500.0	0.0		0.0		0.0	0.0	0.0	0.0		true	true	false	true	false	false	Section 4(a)(2) - an issuer not involved in any public offering. All securities sold to current directors only.
0001665279-16-000002	The Indigo Building	4050 Glencoe Avenue, Suite 210	Marina Del Rey	CA	90292	310-562-3486	Mr. Steven J. Muehler	Other	3546.0	0.0		2200000.0		0.0		2203546.0	71000.0			0.0	71000.0	2132546.0	2203546.0	31469.0		27923.0		0.0	3546.0	3.5500000000000003	3.5500000000000003	None	true	true	false	false	true	true	
0001144204-16-109189	75 Fifth Street, NW	Suite 214	ATLANTA	GA	30308	404-850-9225	Nick Bhargava	Other	4331031.0	0.0		1135993.0		20461.0		5608559.0	1284573.0			0.0	1302153.0	4306966.0	5608559.0	46764.0		6384.0		48179.0	-1948415.0	-1.73	-1.73	Hughes Pittman and Gupton LLP	true	true		true			Regulation A, Rule 506 of Regulation D, Rule 506 of Regulation D, and Rule 506 of Regulation D, respectively.
0001144204-16-109064	75 Fifth Street, NW	Suite 214	ATLANTA	GA	30308	404-850-9225	Nick Bhargava	Other	4331031.0	0.0		1135993.0		20461.0		5608559.0	1284573.0			0.0	1302153.0	4306966.0	5608559.0	46764.0		6384.0		48179.0	-1948415.0	-1.73	-1.73	Hughes Pittman and Gupton LLP	true	true		true			Regulation A, Rule 506 of Regulation D, Rule 506 of Regulation D, and Rule 506 of Regulation D, respectively.
0001644600-16-000153	7380 W. SAND LAKE RD. SUITE 500		ORLANDO	FL	32819	4074687131	Sara Hanks	Other	539902.0	0.0		0.0		0.0		574748.0	33082.0			200960.0	234042.0	-159294.0	574748.0	0.0		44330.0		0.0	-159294.0	0.0	0.0	CohnReznick LLP	true	true	false	false	true	false	Section 4(a)(2): Private placement to initial investors
0001677110-16-000003	2167 El Capitan Ave		Santa Clara	CA	95050	6502658180	Andy Altahawi	Other	30853.0	0.0		0.0		288130.0		318983.0	30000.0			0.0	30000.0	288983.0	318983.0	3305.0		37738.0		0.0	-34433.0	0.0	0.0		true	true	false	false	true	true	
0001144204-16-108829	1519 Connecticut Avenue, NW, Suite 200		Washington	DC	20036	202-584-0550	Benjamin S. Miller	Other	7224000.0	5887000.0		30000.0		0.0		13399000.0	409000.0			0.0	3354000.0	10045000.0	13399000.0	30000.0		-91000.0		0.0	-61000.0	-0.1	-0.1	RSM US LLP (formerly McGladrey, LLP)	true	true		true			Rise Companies Corp. purchased 100 common shares for $1,000 in a private offering. An affiliate has purchased 52,877 common shares for $528,770. These were exempt from the registration requirements of the Securities Act pursuant to Section 4(a)(2).
0001646269-16-000016	65 E STATE ST, SUITE 1800		COLUMBUS	OH	43215	6144003077	Kendall Almerico	Other	0.0	0.0		0.0		3447632.0		3512254.0	2015013.0			0.0	2015013.0	1497241.0	3512254.0	0.0		0.0		266.0	-252760.0	-0.04	-0.04	Ernst & Young LLP	true	true	true	false	false	true	
0001144204-16-108794	1519 CONNECTICUT AVENUE NW	STE 200	WASHINGTON	DC	20036	202-584-0550	Benjamin S. Miller	Other	5000.0	0.0		0.0		0.0		5000.0	0.0			0.0	0.0	5000.0	5000.0	0.0		0.0		0.0	0.0	0.0	0.0	RSM US LLP	true	true		true			Rise Companies Corp. has purchased 500 common shares for a purchase price of $5,000 in a private offering. Such issuance was exempt from the registration requirements of the Securities Act pursuant to Section 4(a)(2) thereof.
0001144204-16-108791	1519 CONNECTICUT AVENUE NW	STE 200	WASHINGTON	DC	20036	202-584-0550	Benjamin S. Miller	Other	5000.0	0.0		0.0		0.0		5000.0	0.0			0.0	0.0	5000.0	5000.0	0.0		0.0		0.0	0.0	0.0	0.0	RSM US LLP	true	true		true			Rise Companies Corp. has purchased 500 common shares for a purchase price of $5,000 in a private offering. Such issuance was exempt from the registration requirements of the Securities Act pursuant to Section 4(a)(2) thereof.
0001144204-16-108790	1519 CONNECTICUT AVENUE NW	STE 200	WASHINGTON	DC	20036	202-584-0550	Benjamin S. Miller	Other	5000.0	0.0		0.0		0.0		5000.0	0.0			0.0	0.0	5000.0	5000.0	0.0		0.0		0.0	0.0	0.0	0.0	RSM US LLP	true	true		true			Rise Companies Corp. has purchased 500 common shares for a purchase price of $5,000 in a private offering. Such issuance was exempt from the registration requirements of the Securities Act pursuant to Section 4(a)(2) thereof.
0001144204-16-108760	322-326 ELM STREET		LUDLOW	KY	41016	513-206-4622	Richard G. Schmalzl	Other	47.26	0.0		0.0		83500.0		90275.04000000001	61600.0			0.0	61600.0	28675.04	90275.04000000001	0.0		7033.610000000001		272.22	-7305.83	0.0	0.0	N/A	true	true		true		true	
0001144204-16-108696	11 Cypress Point		Amarillo	TX	79124-4910	619-616-3149	Carlos Arreola	Other	453.0	0.0		0.0		0.0		0.0	0.0			0.0	0.0	98344.0	0.0	0.0		97891.0		0.0	-97891.0	0.0	0.0	Cameron Terry, M&K CPAS PLLC	true	true			true	true	
0001144204-16-108689	75 Fifth Street, NW	Suite 214	ATLANTA	GA	30308	404-850-9225	Nick Bhargava	Other	4331031.0	0.0		1135993.0		20461.0		5608559.0	1284573.0			0.0	1302153.0	4306966.0	5608559.0	46764.0		6384.0		48179.0	-1948415.0	-1.73	-1.73	Hughes Pittman and Gupton LLP	true	true		true			Regulation A, Rule 506 of Regulation D, Rule 506 of Regulation D, and Rule 506 of Regulation D, respectively.
0001477932-16-010901	604 ARIZONA AVENUE		SANTA MONICA	CA	90401	3109631789	Mark J. Richardson, Esq.	Other	837.0	0.0		0.0		0.0		837.0	0.0			0.0	0.0	837.0	837.0	17127.0		5138.0		0.0	-291303.0	0.0	0.0	dbbmckennon, Certified Public Accountants	true	true	false	true	false	false	Rule 506(b) of Regulation D of Section 4(2)/issuance of founders shares.
0001193125-16-623801	1133 Columbia Street #205		San Diego	CA	92101	619-431-1567	Amit Singh, Esq.	Other	205300.0	0.0		292591.0		54023.0		872251.0	538674.0			1800869.0	3261668.0	0.0	872251.0	1540334.0		1027628.0		15609.0	0.0	0.0	0.0	PFK APC	true	true	false	true		false	The Company relied on Rule 701 promulgated under the Securities Act of 1933, as amended, in connection with the issuance of profits interest units and options to purchase common stock to then-current service providers of the Company.
0001646269-16-000015	65 E STATE ST, SUITE 1800		COLUMBUS	OH	43215	6144003077	Kendall Almerico	Other	0.0	0.0		0.0		3447632.0		3512254.0	2015013.0			0.0	2015013.0	1497241.0	3512254.0	0.0		0.0		266.0	-252760.0	-0.04	-0.04	Ernst & Young LLP	true	true	true	false	false	true	
0001065949-16-000432	11693 SAN VICENTE BOULEVARD, SUITE 445		LOS ANGELES	CA	90049	310-923-2827	Mark J. Richardson, Esq.	Other	62653.0	0.0		62994.0		0.0		654932.0	402681.0			0.0	782307.0	-127375.0	654932.0	125806.0		0.0		0.0	-175201.0	-0.02	-0.02	dbbmckennon	true	true	false	true	false	false	Rule 506(b) of Regulation D of Section 4(2)/issuance of founders shares
0001677110-16-000001	2167 El Capitan Ave,		Santa Clara	CA	95050	6502658180	Andy Altahawi	Other	30853.0	0.0		0.0		288130.0		318983.0	30000.0			0.0	30000.0	288983.0	318983.0	3305.0		37738.0		0.0	-34433.0	0.0	0.0	Unaudited	true	true	false	false	true	false	Section 4(a)(2) - an issuer not involved in any public offering. All securities sold to current directors only.
0001354488-16-007834	1819 Main Street	Suite 212	Sarasota	FL	34236	941-955-7900	T. Rhys James	Other	477337.0	0.0		13443.0		0.0		2686099.0	68420.0			400000.0	468420.0	2217679.0	2686099.0	0.0		0.0		0.0	-3677.0	0.0	0.0	Cherry Bekaert LLP	true	true			true		For the above issuance, our company relied on the private placement exemption found in Section 4(a)(2) of the Securities Act. There was no public solicitation with respect to this issuance.
0001144204-16-108253	8899 BEVERLY BLVD	SUITE 600	WEST HOLLYWOOD	CA	90048	888-246-7163	Andrew Stephenson, Esq.	Other	0.0	0.0		137802.0		34938.0		542564.0	960563.0			361079.0	1609748.0	-1067184.0	542564.0	1720432.0		1073194.0		61006.0	-1652863.0	-0.23	-0.23	Artesian CPA, LLC	true	true			true		Rule 506(b) of Regulation D.
0001644600-16-000151	13000 CONTROL TOWER RD., SUITE 217		ENGLEWOOD	CO	80112	3035035660	Sara Hanks	Other	34031.0	0.0		0.0		0.0		163374.0	1171191.0			0.0	1171191.0	0.0	163374.0	0.0		865783.0		0.0	-865783.0	0.0	0.0	EKS&H LLLP	true	true	false	true	false	false	Section 4(a)(2) Private placement to accredited investors.
0001144204-16-108084	75 Fifth Street, NW	Suite 214	ATLANTA	GA	30308	404-850-9225	Nick Bhargava	Other	4331031.0	0.0		1135993.0		20461.0		5608559.0	1284573.0			0.0	1302153.0	4306966.0	5608559.0	46764.0		6384.0		48179.0	-1948415.0	-1.73	-1.73	Hughes Pittman and Gupton LLP	true	true		true			Regulation A, Rule 506 of Regulation D, Rule 506 of Regulation D, and Rule 506 of Regulation D, respectively.
0001144204-16-107899	3123 NW Industrial Street		Portland	OR	97210	503-954-1126	Richard Baumann	Other	530077.0	0.0		11280.0		122549.0		1587878.0	157648.0			520764.0	1718901.0	-131023.0	1587878.0	132000.0		1046071.0		48571.0	-3640976.0	-0.05	-0.05	Marcum LLP	true	true			true		Exempt from registration under Rule 506(b) and Rule 701 promulgated under the Securities Act.
0001144204-16-107812	11 Cypress Point		Amarillo	TX	79124-4910	619-616-3149	Carlos Arreola	Other	453.0	0.0		0.0		0.0		0.0	0.0			0.0	0.0	98344.0	0.0	0.0		97891.0		0.0	-97891.0	0.0	0.0	Cameron Terry, M&K CPAS PLLC	true	true			true	true	
0001144204-16-107689	8899 BEVERLY BLVD	SUITE 600	WEST HOLLYWOOD	CA	90048	888-246-7163	Andrew Stephenson, Esq.	Other	0.0	0.0		137802.0		34938.0		542564.0	960563.0			361079.0	1609748.0	-1067184.0	542564.0	1720432.0		1073194.0		61006.0	-1652863.0	-0.23	-0.23	Artesian CPA, LLC	true	true			true		Rule 506(b) of Regulation D.
0001646269-16-000014	65 E STATE ST, SUITE 1800		COLUMBUS	OH	43215	6144003077	Kendall Almerico	Other	0.0	0.0		0.0		3447632.0		3512254.0	2015013.0			0.0	2015013.0	1497241.0	3512254.0	0.0		0.0		266.0	-252760.0	-0.04	-0.04	Ernst & Young LLP	true	true	true	false	false	true	
0001553350-16-002127	429 PLUMB LANE		RENO	NV	89509	561-210-7553	HAMON FRANCIS FYTTON	Other	0.0	0.0		0.0		0.0		0.0	268.0			0.0	269.0	-269.0	0.0	0.0		0.0		0.0	-5469.0	-0.08	-0.08		true	true			true		Section 4 (2) of the Act.
0001144204-16-106739	75 Fifth Street, NW	Suite 214	ATLANTA	GA	30308	404-850-9225	Nick Bhargava	Other	4331031.0	0.0		1135993.0		20461.0		5608559.0	1284573.0			0.0	1302153.0	4306966.0	5608559.0	46764.0		6384.0		48179.0	-1948415.0	-1.73	-1.73	Hughes Pittman and Gupton LLP	true	true		true			Regulation A, Rule 506 of Regulation D, Rule 506 of Regulation D, and Rule 506 of Regulation D, respectively.
0001144204-16-106225	8899 BEVERLY BLVD	SUITE 600	WEST HOLLYWOOD	CA	90048	888-246-7163	Andrew Stephenson, Esq.	Other	0.0	0.0		137802.0		34938.0		542564.0	960563.0			361079.0	1609748.0	-1067184.0	542564.0	1720432.0		1073194.0		61006.0	-1652863.0	-0.23	-0.23	Artesian CPA, LLC	true	true			true		Rule 506(b) of Regulation D.
0001644600-16-000144	13000 CONTROL TOWER RD., SUITE 217		ENGLEWOOD	CO	80112	3035035660	Sara Hanks	Other	67560.0	0.0		0.0		0.0		135486.0	1426745.0			0.0	1426745.0	-1291259.0	135486.0	0.0		1263940.0		0.0	-1256881.0	0.0	0.0	EKS&H LLLP	true	true	false	true	false	false	Section 4(a)(2) Private placement to accredited investors.
0001477932-16-010647	18100 Von Karman Avenue	Suite 850	Irvine	CA	92612	888-798-9100	Michael T. Williams, Esq.	Other	103650.0	0.0		0.0		0.0		119779.0	6549.0			0.0	6549.0	113230.0	119779.0	67549.0		47819.0		0.0	-41770.0	0.0	0.0	Prichett, Siler & Hardy, P.C.	true	true	true	false	true	false	Exempt from registration under Section 4(2) Securities Act and Rules promulgated thereunder.
0001645471-16-000011	189 SOUTH ORANGE AVENUE, SUITE 1650		ORLANDO	FL	32801	407-331-8004	Myra Nicholson	Other	50000.0	0.0		0.0		0.0		50000.0	0.0			0.0	0.0	50000.0	50000.0	0.0		0.0		0.0	0.0	0.0	0.0	Kane & Associates	true	true	false	true	false	false	The sales were made pursuant to Regulation D, rule 506. The Form D was filed with regards to each entity.
0001520138-16-000963	6255 West Arby Ave	Unit 256	Las Vegas	NV	89118	949-438-7648	Joe Laxague, Esq.	Other	35676.0	0.0		0.0		0.0		46043.0	1585.0			0.0	1585.0	44458.0	46043.0	2594.0		1142.0		0.0	-16136.0	0.0	0.0	Zwick & Banyai, PLLC	true	true			true		Rule 506 under Reg. D for all shares sold at $0.50. Section 4(a)(2) of the Act for all other issuances. No public offering and no general solicitation or advertising for any shares issued.
0001144204-16-105113	75 Fifth Street, NW	Suite 214	ATLANTA	GA	30308	404-850-9225	Nick Bhargava	Other	4331031.0	0.0		1135993.0		20461.0		5608559.0	1284573.0			0.0	1302153.0	4306966.0	5608559.0	46764.0		6384.0		48179.0	-1948415.0	-1.73	-1.73	Hughes Pittman and Gupton LLP	true	true		true			Regulation A, Rule 506 of Regulation D, Rule 506 of Regulation D, and Rule 506 of Regulation D, respectively.
0001657737-16-000008	20511 ABBEY DRIVE		FRANKFORT	IL	60423	612-964-7334	Mr. Geoff Thompson	Other	0.0	0.0		0.0		0.0		0.0	0.0			0.0	0.0	0.0	0.0	0.0		0.0		0.0	0.0	0.0	0.0	AJ Robbins CPA, LLC	true	true	false	false	true	true	
0001144204-16-104935	51 SHARON STREET		SAN FRANCISCO	CA	94114	415-948-4216	Jamie Ostrow	Other	421813.0	0.0		1138021.0		39801.0		1733601.0	740896.0			1060659.0	1843542.0	-109941.0	1733601.0	3095269.0		2044933.0		15925.0	-2608924.0	-0.63	-0.63	Craig Denlinger, Artesian CPA, LLC	true	true			true		Non-public offering to accredited investors.
0001144204-16-104643	322-326 ELM STREET		LUDLOW	KY	41016	513-206-4622	Richard G. Schmalzl	Other	47.26	0.0		0.0		83500.0		90275.04000000001	61600.0			0.0	61600.0	28675.04	90275.04000000001	0.0		7033.610000000001		272.22	-7305.83	0.0	0.0	N/A	true	true		true		true	
0001193125-16-600670	6340 South 3000 East	Suite 500	Salt Lake	UT	84121	801-278-0700	Darryl Steinhause	Other	10000.0	0.0		0.0		0.0		10000.0	0.0			0.0	0.0	10000.0	10000.0	0.0		0.0		0.0	0.0	0.0	0.0	Ernst & Young LLP	true	true	true	false		false	Section 4(2) of the Securities Act
0001493152-16-010255	2150 Trade Zone Blvd	Suite 203	SAN JOSE	CA	95131	408-708-4000	Jamin P. Horn	Other	280438.0	0.0		95166.0		0.0		453081.0	742572.0			1700232.0	2911456.0	11422659.0	453081.0	752363.0		-1279622.0		0.0	-666127.0	0.0	0.0		true	true		true		true	
0001657250-16-000096	28 Apollo Road Suite 6A		East Providence	RI	02914	401-714-5337	Jeffrey DeNunzio	Other	100.0	0.0		0.0		0.0		100.0	648.0			0.0	648.0	-548.0	100.0	0.0		5063.0		0.0	-5063.0	0.0	0.0	MaloneBailey, LLP	true	true			true		0
0001658959-16-000008	110 ALPHA PARK		CLEVELAND	OH	44143	440-573-0008	Louis S. Fisi	Other	14937.0	0.0		11791.0		0.0		363524.0	1486173.0			3138936.0	4625109.0	-4261585.0	363524.0	219334.0		0.0		8062.0	-1052358.0	-0.03	-0.03	Artesian CPA, LLC	true	true	false	false	true	false	Regulation D of the Securities Act of 1933
0001214659-16-011713	819 S. WABASH AVENUE	SUITE 606	CHICAGO	IL	60605	800-555-1055	Mark Roderick, Esq.	Other	500.0	0.0		0.0		0.0		86258.0	44874.0			0.0	78258.0	8000.0	86258.0	0.0		0.0		0.0	-2000.0	-0.2	-0.2	Artesian CPA, LLC	true	true		true			506(c)
0001493152-16-010164	12465 South Fort Street	Suite 240	Draper	UT	84020	8012033978	John Brannelly, Attorney	Other	3574.0	0.0		0.0		0.0		3574.0	139.0			15000.0	15139.0	-11565.0	3574.0	176.0		4992.0		0.0	-81965.0	0.0	0.0	MaloneBailey, LLP	true	true			true		JOBS Act, Rule 506
0001214659-16-011706	819 S. WABASH AVENUE	SUITE 606	CHICAGO	IL	60605	800-555-1055	Mark Roderick, Esq.	Other	500.0	0.0		0.0		0.0		86258.0	44874.0			0.0	78258.0	8000.0	86258.0	0.0		0.0		0.0	-2000.0	-0.2	-0.2	Artesian CPA, LLC	true	true		true			506(c)
0001671084-16-000003	333 Sylvan Ave.	Suite LL5	Englewood Cliffs	NJ	07632	2012812211	Adam S. Tracy	Other	1500.0	0.0		0.0		0.0		1500.0	3500.0			0.0	3500.0	-2000.0	1500.0	0.0		3500.0		0.0	-3500.0	0.0	0.0		true	true	false	false	true	false	Section 4(a)(2) - an issuer not involved in any public offering. All securities sold to current directors only.
0001144204-16-103653	548 North Lewis Road		Limerick	PA	19468	610-948-9000	Christina M. Gattuso, Esq.	Banking	2684.0	1098.0			167175.0		3657.0	176715.0	321.0		141371.0	6165.0	166014.0	10701.0	176715.0		8075.0		1245.0	298.0	1014.0	0.77	0.63	BDO USA, LLP	true	true		true		true	
0001213900-16-013592	985 Citadel Drive Northeast, Suite A		Atlanta	GA	30324	1-917-300-0651	Sunny Barkats	Other	250.0	0.0		136.0		9.0		395.0	1160.0			564.0	1724.0	-1329.0	395.0	0.0		0.0		1.0	-2260.0	-1.69	-1.69	Deloitte & Touche Tohmatsu Limited	true	true			true		Prior offerings were all conducted at the subsidiary level pursuant to, and in compliance with, Israeli law. The Company entered into a share swap agreement with its R&D subsidiary in Israel and all offerings were performed at the Israel subsidiary level.
0001193125-16-594715	17 W. Main Street		Luray	VA	22835	540-743-6521	Scott H. Richter, Esq.	Banking	6263504.0	37387761.0			219961198.0		2052463.0	272213600.0	1383989.0		209732943.0	36451839.0	247568771.0	24644829.0	272213600.0		2888200.0		699219.0	67090.0	524354.0	0.37	0.37	Brown, Edwards & Company, L.L.P.	true	true	false	true		true	
0001193125-16-594245	13171 OLIVE BOULEVARD		ST. LOUIS	MO	63141	3142121500	Larry K. Harris	Banking	7829389.0	46590168.0			339205246.0		4859560.0	422657123.0	1764000.0		347832728.0	2000000.0	364230476.0	58426647.0	422657123.0		14693388.0		1911756.0	932517.0	4199734.0	67.66	67.66	Cummings, Ristau & Associates, P.C.	true	true	false	true		true	
0001193125-16-593217	13171 OLIVE BOULEVARD		ST. LOUIS	MO	63141	3142121500	Larry K. Harris	Banking	7829389.0	46590168.0			339205246.0		4859560.0	422657123.0	1764000.0		347832728.0	2000000.0	364230476.0	58426647.0	422657123.0		14693388.0		1911756.0	932517.0	4199734.0	67.66	67.66	Cummings, Ristau & Associates, P.C.	true	true	false	true		true	
0001193125-16-592769	Suite 200, 265 Rimrock Road		North York	A6	M3J3C6	347-284-0192	Allen C. Tucci	Other	71675.0	0.0		9324.0		0.0		1473315.0	128956.0			15400.0	144356.0	1328959.0	1473315.0	0.0		610638.0		0.0	-549094.0	0.0	0.0	KBL, LLP	true	true	false	true		true	
0001144204-16-102816	1401 N El Camino Real	Suite 203	San Clemente	CA	92672	949-361-3959	William Eilers	Other	1067.0	0.0		94620.0		0.0		136058.0	940498.0			204586.0	1145084.0	-1009026.0	136058.0	459852.0		459852.0		0.0	459852.0	-0.01	-0.01		true	true		true			In entering into the merger with Clear Arts, Inc. the Company relied upon Section 4(a)(2) exemption for non-public offerings.
0001644600-16-000139	12802 Tampa Oaks Blvd, Suite 405		Tampa	FL	33637	813-349-2020	Andrew Stephenson	Other	23959.0	0.0		0.0		4209337.0		4245684.0	353611.0			3409729.0	4846522.0	-600838.0	4245684.0	1544.0		578439.0		371585.0	-1667675.0	-0.31	-0.31	Kristina Helferty, CPA	true	true	false	false	true	false	Rule 506(b) of Regulation D
0001193125-16-590692	6340 South 3000 East	Suite 500	Salt Lake	UT	84121	801-278-0700	Darryl Steinhause	Other	10000.0	0.0		0.0		0.0		10000.0	0.0			0.0	0.0	10000.0	10000.0	0.0		0.0		0.0	0.0	0.0	0.0	Ernst & Young LLP	true	true	true	false		false	Section 4(2) of the Securities Act
0001144204-16-101756	75 Fifth Street, NW	Suite 214	ATLANTA	GA	30308	404-850-9225	Nick Bhargava	Other	4331031.0	0.0		1135993.0		20461.0		5608559.0	1284573.0			0.0	1302153.0	4306966.0	5608559.0	46764.0		6384.0		48179.0	-1948415.0	-1.73	-1.73	Hughes Pittman and Gupton LLP	true	true		true			Regulation A, Rule 506 of Regulation D, Rule 506 of Regulation D, and Rule 506 of Regulation D, respectively.
0001193125-16-590318	6340 South 3000 East	Suite 500	Salt Lake	UT	84121	801-278-0700	Darryl Steinhause	Other	10000.0	0.0		0.0		0.0		10000.0	0.0			0.0	0.0	10000.0	10000.0	0.0		0.0		0.0	0.0	0.0	0.0	Ernst & Young LLP	true	true	true	false		false	Section 4(2) of the Securities Act
0001144204-16-101295	51 SHARON STREET		SAN FRANCISCO	CA	94114	415-948-4216	Jamie Ostrow	Other	421813.0	0.0		1138021.0		39801.0		1733601.0	740896.0			1060659.0	1843542.0	-109941.0	1733601.0	3095269.0		2044933.0		15925.0	-2608924.0	-0.63	-0.63	Craig Denlinger, Artesian CPA, LLC	true	true			true		Non-public offering to accredited investors.
0001193125-16-588973	14420 Albemarle Point Place		Chantilly	VA	20152	703-953-3838	Morris F. DeFeo, Jr.	Other	389912.0	0.0		2845961.0		118838.0		3751052.0	1530847.0			500000.0	2064922.0	1686130.0	3751052.0	632516.0		851121.0		4377.0	198872.0	0.04	0.04	Ericksen, Krentel & LaPorte, LLP	true	true	false	false		false	Section 4 (a)(2) of the Securities Act of 1933, as amended.
0001065949-16-000390	11693 SAN VICENTE BOULEVARD, SUITE 445		LOS ANGELES	CA	90049	310-923-2827	Mark J. Richardson, Esq.	Other	62653.0	0.0		62994.0		0.0		654932.0	402681.0			0.0	782307.0	-127375.0	654932.0	125806.0		0.0		0.0	-175201.0	-0.02	-0.02	dbbmckennon	true	true	false	true	false	false	Rule 506(b) of Regulation D of Section 4(2)/issuance of founders shares
0001615774-16-005338	3440 LEHIGH ST. BOX 163		ALLENTOWN	PA	18103	484-712-7372	Kevin Kim, Geraci Law Firm	Other	1000.0	0.0		0.0		0.0		1000.0	0.0			0.0	0.0	0.0	1000.0	0.0		0.0		0.0	0.0	0.0	0.0	Spiegel Accountancy Corporation	true	true	false	true	false	false	Notes Payable offered by Conquest Funding, Inc., a Pennsylvania corporation. Offering exempt under Regulation D, Rule 506(B).
0001477932-16-010161	604 Arizona Avenue		Santa Monica	CA	90401	3109631789	Mark J. Richardson, Esq.	Other	837.0	0.0		0.0		0.0		837.0	0.0			0.0	0.0	837.0	837.0	17127.0		5138.0		0.0	-291303.0	0.0	0.0	dbbmckennon, Certified Public Accountants	true	true	false	true	false	false	Rule 506(b) of Regulation D of Section 4(2)/issuance of founders shares.
0001214659-16-011414	819 S. WABASH AVENUE	SUITE 606	CHICAGO	IL	60605	800-555-1055	Mark Roderick, Esq.	Other	500.0	0.0		0.0		0.0		86258.0	44874.0			0.0	78258.0	8000.0	86258.0	0.0		0.0		0.0	-2000.0	-0.2	-0.2	Artesian CPA, LLC	true	true		true			506(c)
0001193125-16-585419	6340 South 3000 East	Suite 500	Salt Lake	UT	84121	801-278-0700	Darryl Steinhause	Other	10000.0	0.0		0.0		0.0		10000.0	0.0			0.0	0.0	10000.0	10000.0	0.0		0.0		0.0	0.0	0.0	0.0	Ernst & Young LLP	true	true	true	false		false	Section 4(2) of the Securities Act
0001144204-16-099642	75 Fifth Street, NW	Suite 214	ATLANTA	GA	30308	404-850-9225	Nick Bhargava	Other	4331031.0	0.0		1135993.0		20461.0		5608559.0	1284573.0			0.0	1302153.0	4306966.0	5608559.0	46764.0		6384.0		48179.0	-1948415.0	-1.73	-1.73	Hughes Pittman and Gupton LLP	true	true		true			Regulation A, Rule 506 of Regulation D, Rule 506 of Regulation D, and Rule 506 of Regulation D, respectively.
0001477932-16-010081	257 EAST MAIN STREET, SUITE 200		BARRINGTON	IL	60010	847-277-9930	Matt Leiter	Other	186278.0	0.0		154824.0		44085043.0		50761126.0	1931350.0			42309616.0	46970813.0	3790313.0	50761126.0	563037.0		124511.0		402489.0	3789313.0	0.0	0.0	Plante & Moran, PLLC	true	true	false	false	true	false	All of our outstanding Class A Units and Class B Units were issued to affiliates, officers and employees of our manager upon formation of our company, and in reliance upon the private offering exemption under Section 4(a)(2) of the Securities Act.
0001646269-16-000013	65 E STATE ST, SUITE 1800		COLUMBUS	OH	43215	6144003077	Kendall Almerico	Other	0.0	0.0		0.0		3447632.0		3512254.0	2015013.0			0.0	2015013.0	1497241.0	3512254.0	0.0		0.0		266.0	-252760.0	-0.04	-0.04	Ernst & Young LLP	true	true	true	false	false	true	
0001493152-16-009348	12465 South Fort Street	Suite 240	Draper	UT	84020	8012033978	John Brannelly, Attorney	Other	3574.0	0.0		0.0		0.0		3574.0	139.0			15000.0	15139.0	-11565.0	3574.0	176.0		4992.0		0.0	-81965.0	0.0	0.0	MaloneBailey, LLP	true	true			true		JOBS Act, Rule 506
0001387131-16-005239	75 South Broadway		White Plains	NY	10601	914-304-4323	David N. Feldman, Duane Morris	Other	845411.0	0.0		406898.0		26877.0		1340251.0	1094463.0			90278.0	1184741.0	155510.0	1340251.0	11313083.0		9361045.0		11101.0	-1078591.0	-0.02	-0.02	Friedman LLP	true	true		true			"2,500,000 shares issued to 1 accredited investor (""AI""), 10,000 shares issued to legal counsel, 47,900,000 shares issued to founder, 639,795 shares issued to 1 AI all done under Section 4(a)(2); 1,372,223 shares issued to 3 AI's under Rule 506."
0001646269-16-000012	65 E STATE ST, SUITE 1800		COLUMBUS	OH	43215	6144003077	Kendall Almerico	Other	0.0	0.0		0.0		3447632.0		3512254.0	2015013.0			0.0	2015013.0	1497241.0	3512254.0	0.0		0.0		266.0	-252760.0	-0.04	-0.04	Ernst & Young LLP	true	true	true	false	false	true	
0001646269-16-000009	65 E STATE ST, SUITE 1800		COLUMBUS	OH	43215	6144003077	Kendall Almerico	Other	0.0	0.0		0.0		3447632.0		3512254.0	2015013.0			0.0	2015013.0	1497241.0	3512254.0	0.0		0.0		266.0	-252760.0	-0.04	-0.04	Ernst & Young LLP	true	true	true	false	false	true	
0001615774-16-005158	3440 LEHIGH ST. BOX 163		ALLENTOWN	PA	18103	484-712-7372	Kevin Kim, Geraci Law Firm	Other	1000.0	0.0		0.0		0.0		1000.0	0.0			0.0	0.0	0.0	1000.0	0.0		0.0		0.0	0.0	0.0	0.0	Spiegel Accountancy Corporation	true	true	false	true	false	false	Notes Payable offered by Conquest Funding, Inc., a Pennsylvania corporation. Offering exempt under Regulation D, Rule 506(B).
0001214659-16-011105	45 ROCKEFELLER PLAZA, SUITE 2000		NEW YORK	NY	10111	646-915-1750	Mark Roderick	Other	26750.0	0.0		0.0		0.0		26750.0	45026.0			0.0	45026.0	-18276.0	26750.0	0.0		21776.0		0.0	21776.0	0.0	0.0	KCCW Accountancy Corp. | PCAOB registered	true	true		true			17 CFR 230.504
0001144204-16-097089	75 Fifth Street, NW	Suite 214	ATLANTA	GA	30308	404-850-9225	Nick Bhargava	Other	4331031.0	0.0		1135993.0		20461.0		5608559.0	1284573.0			0.0	1302153.0	4306966.0	5608559.0	46764.0		6384.0		48179.0	-1948415.0	-1.73	-1.73	Hughes Pittman and Gupton LLP	true	true		true			Regulation A, Rule 506 of Regulation D, Rule 506 of Regulation D, and Rule 506 of Regulation D, respectively.
0001520138-16-000873	6255 West Arby Ave	Unit 256	Las Vegas	NV	89118	949-438-7648	Joe Laxague, Esq.	Other	35676.0	0.0		0.0		0.0		46043.0	1585.0			0.0	1585.0	44458.0	46043.0	2594.0		1142.0		0.0	-16136.0	0.0	0.0	Zwick & Banyai, PLLC	true	true			true		Rule 506 under Reg. D for all shares sold at $0.50. Section 4(a)(2) of the Act for all other issuances. No public offering and no general solicitation or advertising for any shares issued.
0001214659-16-010965	819 S. WABASH AVENUE	SUITE 606	CHICAGO	IL	60605	800-555-1055	Mark Roderick, Esq.	Other	500.0	0.0		0.0		0.0		86258.0	44874.0			0.0	78258.0	8000.0	86258.0	0.0		0.0		0.0	-2000.0	-0.2	-0.2	Artesian CPA, LLC	true	true		true			506(c)
0001650352-16-000019	PO BOX 48899A		LOS ANGELES	CA	90048	404-819-4866	John Berner	Other	8430.0	0.0		0.0		0.0		8430.0	0.0			0.0	0.0	8430.0	8430.0	0.0		1570.0		0.0	-1570.0	0.0	0.0	Rick Toussaint	true	true	false	true	false	false	Rule 506
0001650352-16-000018	PO BOX 48899A		LOS ANGELES	CA	90048	404-819-4866	John Berner	Other	8430.0	0.0		0.0		0.0		8430.0	0.0			0.0	0.0	8430.0	8430.0	0.0		1570.0		0.0	-1570.0	0.0	0.0	Rick Toussaint	true	true	false	true	false	false	Rule 506
0001193125-16-552483	13171 OLIVE BOULEVARD		ST. LOUIS	MO	63141	3142121500	Larry K. Harris	Banking	7829389.0	46590168.0			339205246.0		4859560.0	422657123.0	1764000.0		347832728.0	2000000.0	364230476.0	58426647.0	422657123.0		14693388.0		1911756.0	932517.0	4199734.0	67.66	67.66	Cummings, Ristau & Associates, P.C.	true	true	false	true		true	
0000939798-16-000123	4210 W. GRAY ST., SUITE 1		TAMPA	UT	33609	813-708-9910	Gary R. Henrie	Other	16430.0	0.0		0.0		3229.0		331173.0	12661.0			0.0	307000.0	23538.0	331173.0	0.0		0.0		0.0	-140388.0	0.0	0.0		true	true	true	true	false	true	
0001650352-16-000017	PO BOX 48899A		LOS ANGELES	CA	90048	404-819-4866	John Berner	Other	8430.0	0.0		0.0		0.0		8430.0	0.0			0.0	0.0	8430.0	8430.0	0.0		1570.0		0.0	-1570.0	0.0	0.0	Rick Toussaint	true	true	false	true	false	false	Rule 506
0001644600-16-000120	7380 W. SAND LAKE RD. SUITE 500		ORLANDO	FL	32819	4074687131	Sara Hanks	Other	539902.0	0.0		0.0		0.0		574748.0	33082.0			200960.0	234042.0	-159294.0	574748.0	0.0		44330.0		0.0	-159294.0	0.0	0.0	CohnReznick LLP	true	true	false	false	true	false	Section 4(a)(2): Private placement to initial investors
0001193125-16-548699	6340 South 3000 East	Suite 500	Salt Lake	UT	84121	801-278-0700	Darryl Steinhause	Other	10000.0	0.0		0.0		0.0		10000.0	0.0			0.0	0.0	10000.0	10000.0	0.0		0.0		0.0	0.0	0.0	0.0	Ernst & Young LLP	true	true	false	false		false	Section 4(2) of the Securities Act
0001144204-16-095250	75 Fifth Street, NW,	Suite 214	ATLANTA	GA	30308	404-850-9225	Nick Bhargava	Other	4331031.0	0.0		1135993.0		20461.0		5608559.0	1284573.0			0.0	1302153.0	4306966.0	5608559.0	46764.0		6384.0		48179.0	-1948415.0	-1.73	-1.73	Hughes Pittman and Gupton LLP	true	true		true			Regulation A, Rule 506 of Regulation D, Rule 506 of Regulation D, and Rule 506 of Regulation D, respectively.
0001387131-16-005025	75 South Broadway		White Plains	NY	10601	914-304-4323	David N. Feldman, Duane Morris	Other	845411.0	0.0		406898.0		26877.0		1340251.0	1094463.0			90278.0	1184741.0	155510.0	1340251.0	11313083.0		9361045.0		11101.0	-1078591.0	-0.02	-0.02	Friedman LLP	true	true		true			"2,500,000 shares issued to 1 accredited investor (""AI""), 10,000 shares issued to legal counsel, 47,900,000 shares issued to founder, 639,795 shares issued to 1 AI all done under Section 4(a)(2); 1,372,223 shares issued to 3 AI's under Rule 506."
0001621388-16-000002	6666 Harwin	Suite 664	Houston	TX	77036	713-268-1610	Mr. Norman George	Other	3863.0	52000.0		25953.0		5593.0		87409.0	296227.0			0.0	296227.0	87409.0	87409.0	29641.0		300376.0		1781.0	0.0	0.0	0.0	None	true	true	false	false	true	true	
0001144204-16-095080	548 North Lewis Road		Limerick	PA	19468	610-948-9000	Christina M. Gattuso, Esq.	Banking	2684.0	1098.0			167175.0		3657.0	176715.0	321.0		141371.0	6165.0	166014.0	10701.0	176715.0		8075.0		1245.0	298.0	1014.0	0.77	0.63	BDO USA, LLP	true	true		true		true	
0001010549-16-000577	2927 Avemue D		Katy	TX	77493	562-235-4402	Elton F. Norman, Esq.	Other	0.0	0.0		0.0		0.0		0.0	0.0			0.0	0.0	0.0	0.0	0.0		0.0		0.0	0.0	0.0	0.0	N/A	true	true	true	false	true	true	
0001213900-16-012585	985 Citadel Drive Northeast, Suite A		Atlanta	GA	30324	1-917-300-0651	Sunny Barkats	Other	250.0	0.0		136.0		9.0		395.0	1160.0			564.0	1724.0	-1329.0	395.0	0.0		0.0		1.0	-2260.0	-1.69	-1.69	Deloitte & Touche Tohmatsu Limited	true	true			true		Prior offerings were all conducted at the subsidiary level pursuant to, and in compliance with, Israeli law. The Company entered into a share swap agreement with its R&D subsidiary in Israel and all offerings were performed at the Israel subsidiary level.
0001144204-16-094367	11 S. 12th Street	Suite 401	Richmond	VA	23219	804-344-4435	Thomas G. Voekler, Esq.	Other	126.0	0.0		0.0		0.0		126.0	116712.0			0.0	166712.0	-166586.0	126.0	0.0		0.0		0.0	-141836.0	0.0	0.0	Keiter, Stephens, Hurst, Gary and Shreaves, PC	true	true			true	true	
0001174947-16-002461	132 MAIN STREET		COLEBROOK	NH	03576	603-237-7016	Dodd S. Griffith, Esq.	Banking	6454492.0	38145458.0			197962652.0		4817688.0	262714216.0	1282575.0		223441715.0	6000000.0	233421368.0	29292848.0	262714216.0		9455696.0		1051470.0	416928.0	1122509.0	1.3800000000000001	1.3800000000000001	Baker Newman & Noyes, LLC	true	true			true		Rule 506(b) of Regulation D
0001144204-16-094123	75 Fifth Street, NW	Suite 214	Atlanta	GA	30308	404-850-9225	Nick Bhargava	Other	4331031.0	0.0		1135993.0		20461.0		5608559.0	1284573.0			0.0	1302153.0	4306966.0	5608559.0	46764.0		6384.0		48179.0	-1948415.0	-1.73	-1.73	Hughes Pittman and Gupton LLP	true	true		true			Regulation A, Rule 506 of Regulation D, Rule 506 of Regulation D, and Rule 506 of Regulation D, respectively.
0001144204-16-094079	John Hilburn Davis IV	6101 W. Centinela Ave, Ste. 394	Culver City	CA	90230	310-417-9149	Gregg Jaclin	Other	515653.0	0.0		1791383.0		21299.0		3141377.0	639690.0			2000000.0	2741590.0	399787.0	3141377.0	517713.0		722657.0		109959.0	2061775.0	-0.24	-0.24	Vogel CPAs, PC	true	true			true		Section 4(a)(2) of the Securities Act of 1933 and Section 506 of Regulation D.
0001658959-16-000007	110 ALPHA PARK		CLEVELAND	OH	44143	440-573-0008	Louis S. Fisi	Other	2942.0	0.0		24366.0		43358.0		384739.0	1225897.0			2776713.0	4248387.0	-3863647.0	384739.0	113347.0		61364.0		8024.0	-1052420.0	-0.02	-0.02	Artesian CPA, LLC	true	true	false	false	true	false	Regulation D of the Securities Act of 1933
0001144204-16-093513	c/o The Lightstone Group	1985 Cedar Bridge Avenue, Suite 1	Lakewood	NJ	08701	732-367-0129	John D. Hogoboom	Other	199835.0	0.0		165.0		0.0		200000.0	0.0			0.0	0.0	200000.0	200000.0	0.0		0.0		0.0	0.0	0.0	0.0	EisnerAmper LLP	true	true		true			Section 4(a)(2). Represents initial capitalization of issuer by sole stockholder.
0001387131-16-004918	75 South Broadway		White Plains	NY	10601	914-304-4323	David N. Feldman, Duane Morris	Other	845411.0	0.0		406898.0		26877.0		1340251.0	1094463.0			90278.0	1184741.0	155510.0	1340251.0	11313083.0		9361045.0		11101.0	-1078591.0	-0.02	-0.02	Friedman LLP	true	true		true			"2,500,000 shares issued to 1 accredited investor (""AI""), 10,000 shares issued to legal counsel, 47,900,000 shares issued to founder, 639,795 shares issued to 1 AI all done under Section 4(a)(2); 1,372,223 shares issued to 3 AI's under Rule 506."
0001658959-16-000005	110 ALPHA PARK		CLEVELAND	OH	44143	440-573-0008	Louis S. Fisi	Other	2942.0	0.0		24366.0		43358.0		384739.0	1225897.0			2776713.0	4248387.0	-3863647.0	384739.0	113347.0		61364.0		8024.0	-1052420.0	-0.02	-0.02	Artesian CPA, LLC	true	true	false	false	true	false	Regulation D of the Securities Act of 1933
0001144204-16-093298	75 Fifth Street, NW	Suite 214	Atlanta	GA	30308	404-850-9225	Nick Bhargava	Other	4331031.0	0.0		1135993.0		20461.0		5608559.0	1284573.0			0.0	1302153.0	4306966.0	5608559.0	46764.0		6384.0		48179.0	-1948415.0	-1.73	-1.73	Hughes Pittman and Gupton LLP	true	true		true			Regulation A, Rule 506 of Regulation D, Rule 506 of Regulation D, and Rule 506 of Regulation D, respectively.
0001144204-16-092960	75 Fifth Street, NW	Suite 214	Atlanta	GA	30308	404-850-9225	Nick Bhargava	Other	4331031.0	0.0		1135993.0		20461.0		5608559.0	1284573.0			0.0	1302153.0	4306966.0	5608559.0	46764.0		6384.0		48179.0	-1948415.0	-1.73	-1.73	Hughes Pittman and Gupton LLP	true	true		true			Regulation A, Rule 506 of Regulation D, Rule 506 of Regulation D, and Rule 506 of Regulation D, respectively.
0001493152-16-008673	2150 Trade Zone Blvd.	Suite 203	San Jose	CA	95131	408-708-4000	Jamin Horn	Other	303386.0	0.0		311959.0		0.0		623315.0	799584.0			1884315.0	2683899.0	11441885.0	623315.0	592521.0		941586.0		0.0	-349065.0	0.0	0.0		true	true		true		true	
0001144204-16-092382	John Hilburn Davis IV	6101 W. Centinela Ave, Ste. 394	Culver City	CA	90230	310-417-9149	Gregg Jaclin	Other	515653.0	0.0		1791383.0		21299.0		3141377.0	639690.0			2000000.0	2741590.0	399787.0	3141377.0	517713.0		722657.0		109959.0	2061775.0	-0.24	-0.24	Vogel CPAs, PC	true	true			true		Section 4(a)(2) of the Securities Act of 1933 and Section 506 of Regulation D.
0000906318-16-000105	3534 NE 45TH AVENUE, #J		PORTLAND	OR	97213	503-232-3479	David J. Lavan	Other	33391.0	0.0		0.0		2778446.0		2929014.0	516979.0			0.0	2923160.0	5854.0	2929014.0	0.0		0.0		0.0	-146.0	-146.0	-146.0		true	true	false	true	false	false	The Company believes that to the extent that the transaction involving Class A Membership Units constitutes a sale of securities, we believe such transaction qualifies as an exempt transaction under Section 4(a)(2), amongst other exemptions.
0001669778-16-000006	12465 South Fort Street	Suite 240	Draper	UT	84020	8012033978	John Brannelly, Attorney	Other	3624.0	0.0		0.0		0.0		3624.0	139.0			15000.0	15139.0	11515.0	3624.0	176.0		4992.0		0.0	4816.0	0.0	0.0	MaloneBailey, LLP	true	true	false	false	true	false	JOBS Act, Rule 506
0001668918-16-000001	1710 ESTERO BLVD.	UNIT 6	Fort Myers Beach	FL	33931	239-273-2477	Mr. Joe Orlandini	Other	53500.0	0.0		0.0		0.0		53500.0	0.0			0.0	0.0	53500.0	53500.0	0.0		0.0		0.0	0.0	0.0	0.0		true	true	false	false	true	true	
0001660947-16-000003	1710 ESTERO BLVD.	UNIT 6	FORT MYERS BEACH	FL	33931	239-537-1333	Mr. Joe Orlandini	Other	123500.0	0.0		0.0		0.0		123500.0	0.0			0.0	0.0	123500.0	123500.0	0.0		0.0		0.0	0.0	0.0	0.0		true	true	false	false	true	true	
