ACCESSION_NUMBER	SO_ID	SECURITIESOFFEREDTYPES	SECURITIESOFFEREDOTHERDESC
0001213900-16-014626	1	Equity (common or preferred stock)	
0001477932-16-011118	1	Debt	
0001493152-16-011191	1	Equity (common or preferred stock)	
0001144204-16-110565	1	Other(describe)	Limited Recourse Obligation (LRO), a limited debt obligation of the issuer
0001644600-16-000157	1	Equity (common or preferred stock)	
0001079974-16-001371	1	Equity (common or preferred stock)	
0001677110-16-000011	1	Debt	
0001193125-16-633301	2	Other(describe)	Shareholders of Landmark Bank will have the option of choosing The Landrum Company common stock, preferred stock, or cash as merger consideration.  Answers below assume all elections are for common stock.
0001193125-16-633301	1	Equity (common or preferred stock)	
0001676314-16-000001	1	Equity (common or preferred stock)	
0001174947-16-002836	1	Equity (common or preferred stock)	
0001214659-16-012387	1	Equity (common or preferred stock)	
0001677110-16-000006	1	Debt	
0001677159-16-000001	1	Equity (common or preferred stock)	
0001665279-16-000002	1	Debt	
0001144204-16-109189	1	Other(describe)	Limited Recourse Obligation (LRO), a limited debt obligation of the issuer
0001144204-16-109064	1	Other(describe)	Limited Recourse Obligation (LRO), a limited debt obligation of the issuer
0001644600-16-000153	1	Equity (common or preferred stock)	
0001677110-16-000003	1	Debt	
0001144204-16-108829	1	Equity (common or preferred stock)	
0001646269-16-000016	1	Equity (common or preferred stock)	
0001144204-16-108794	1	Equity (common or preferred stock)	
0001144204-16-108791	1	Equity (common or preferred stock)	
0001144204-16-108790	1	Equity (common or preferred stock)	
0001144204-16-108760	1	Equity (common or preferred stock)	
0001144204-16-108696	1	Equity (common or preferred stock)	
0001144204-16-108689	1	Other(describe)	Limited Recourse Obligation (LRO), a limited debt obligation of the issuer
0001193125-16-623801	1	Equity (common or preferred stock)	
0001477932-16-010901	1	Equity (common or preferred stock)	
0001646269-16-000015	1	Equity (common or preferred stock)	
0001065949-16-000432	1	Equity (common or preferred stock)	
0001677110-16-000001	1	Debt	
0001354488-16-007834	1	Equity (common or preferred stock)	
0001144204-16-108253	1	Equity (common or preferred stock)	
0001644600-16-000151	1	Equity (common or preferred stock)	
0001144204-16-108084	1	Other(describe)	Limited Recourse Obligation (LRO), a limited debt obligation of the issuer
0001144204-16-107899	1	Equity (common or preferred stock)	
0001144204-16-107812	1	Equity (common or preferred stock)	
0001144204-16-107689	1	Equity (common or preferred stock)	
0001646269-16-000014	1	Equity (common or preferred stock)	
0001553350-16-002127	1	Equity (common or preferred stock)	
0001144204-16-106739	1	Other(describe)	Limited Recourse Obligation (LRO), a limited debt obligation of the issuer
0001144204-16-106225	1	Equity (common or preferred stock)	
0001644600-16-000144	1	Equity (common or preferred stock)	
0001477932-16-010647	1	Equity (common or preferred stock)	
0001645471-16-000011	1	Equity (common or preferred stock)	
0001520138-16-000963	1	Equity (common or preferred stock)	
0001144204-16-105113	1	Other(describe)	Limited Recourse Obligation (LRO), a limited debt obligation of the issuer
0001657737-16-000008	1	Equity (common or preferred stock)	
0001144204-16-104935	1	Equity (common or preferred stock)	
0001144204-16-104643	1	Equity (common or preferred stock)	
0001193125-16-600670	1	Equity (common or preferred stock)	
0001493152-16-010255	1	Equity (common or preferred stock)	
0001657250-16-000096	1	Equity (common or preferred stock)	
0001658959-16-000008	1	Equity (common or preferred stock)	
0001493152-16-010164	1	Equity (common or preferred stock)	
0001214659-16-011713	1	Equity (common or preferred stock)	
0001214659-16-011706	1	Equity (common or preferred stock)	
0001671084-16-000003	1	Debt	
0001144204-16-103653	1	Equity (common or preferred stock)	
0001193125-16-594715	1	Equity (common or preferred stock)	
0001213900-16-013592	1	Equity (common or preferred stock)	
0001193125-16-594245	1	Equity (common or preferred stock)	
0001193125-16-593217	1	Equity (common or preferred stock)	
0001193125-16-592769	1	Equity (common or preferred stock)	
0001144204-16-102816	1	Equity (common or preferred stock)	
0001644600-16-000139	1	Equity (common or preferred stock)	
0001193125-16-590692	1	Equity (common or preferred stock)	
0001144204-16-101756	1	Other(describe)	Limited Recourse Obligation (LRO), a limited debt obligation of the issuer
0001193125-16-590318	1	Equity (common or preferred stock)	
0001144204-16-101295	1	Equity (common or preferred stock)	
0001193125-16-588973	1	Equity (common or preferred stock)	
0001193125-16-588973	3	Security to be acquired upon exercise of option, warrant or other right to acquire security	
0001193125-16-588973	2	Option, warrant or other right to acquire another security	
0001065949-16-000390	1	Equity (common or preferred stock)	
0001615774-16-005338	1	Debt	
0001477932-16-010161	1	Equity (common or preferred stock)	
0001214659-16-011414	1	Equity (common or preferred stock)	
0001193125-16-585419	1	Equity (common or preferred stock)	
0001144204-16-099642	1	Other(describe)	Limited Recourse Obligation (LRO), a limited debt obligation of the issuer
0001477932-16-010081	1	Debt	
0001646269-16-000013	1	Equity (common or preferred stock)	
0001493152-16-009348	1	Equity (common or preferred stock)	
0001387131-16-005239	1	Equity (common or preferred stock)	
0001646269-16-000012	1	Equity (common or preferred stock)	
0001646269-16-000009	1	Equity (common or preferred stock)	
0001615774-16-005158	1	Debt	
0001214659-16-011105	1	Equity (common or preferred stock)	
0001144204-16-097089	1	Other(describe)	Limited Recourse Obligation (LRO), a limited debt obligation of the issuer
0001520138-16-000873	1	Equity (common or preferred stock)	
0001214659-16-010965	1	Equity (common or preferred stock)	
0001650352-16-000019	1	Equity (common or preferred stock)	
0001650352-16-000018	1	Equity (common or preferred stock)	
0001193125-16-552483	1	Equity (common or preferred stock)	
0000939798-16-000123	1	Equity (common or preferred stock)	
0001650352-16-000017	1	Equity (common or preferred stock)	
0001644600-16-000120	1	Equity (common or preferred stock)	
0001193125-16-548699	1	Equity (common or preferred stock)	
0001144204-16-095250	1	Other(describe)	Limited Recourse Obligation (LRO), a limited debt obligation of the issuer
0001387131-16-005025	1	Equity (common or preferred stock)	
0001621388-16-000002	1	Equity (common or preferred stock)	
0001144204-16-095080	1	Equity (common or preferred stock)	
0001010549-16-000577	1	Other(describe)	Tenant-in-common securities
0001213900-16-012585	1	Equity (common or preferred stock)	
0001144204-16-094367	1	Equity (common or preferred stock)	
0001174947-16-002461	1	Equity (common or preferred stock)	
0001144204-16-094123	1	Other(describe)	Limited Recourse Obligation (LRO), a limited debt obligation of the issuer
0001144204-16-094079	1	Equity (common or preferred stock)	
0001658959-16-000007	1	Equity (common or preferred stock)	
0001144204-16-093513	1	Equity (common or preferred stock)	
0001387131-16-004918	1	Equity (common or preferred stock)	
0001658959-16-000005	1	Equity (common or preferred stock)	
0001144204-16-093298	1	Other(describe)	Limited Recourse Obligation (LRO), a limited debt obligation of the issuer
0001144204-16-092960	1	Other(describe)	Limited Recourse Obligation (LRO), a limited debt obligation of the issuer
0001493152-16-008673	1	Equity (common or preferred stock)	
0001144204-16-092382	1	Equity (common or preferred stock)	
0000906318-16-000105	1	Equity (common or preferred stock)	
0001669778-16-000006	1	Equity (common or preferred stock)	
0001668918-16-000001	1	Debt	
0001660947-16-000003	1	Debt	
