ACCESSION_NUMBER	FORMINDICATION	ISSUERNAME	FISCALYEAREND	STREET1	STREET2	CITY	STATEORCOUNTRY	ZIPCODE	PHONENUMBER	REGARULE257
0001644600-16-000142	Special Financial Report for the fiscal year		31-DEC-2015	13000 CONTROL TOWER RD., SUITE 217		ENGLEWOOD	CO	80112	3035035660	false
0001621388-16-000004		SW Innovative Holdings, Inc.		6666 Harwin Drive	Suite 664	Houston	TX	77036	713-268-1610	
0001144204-16-100977	Special Financial Report for the fiscal year		31-JAN-2016	6101 W. Centinela Ave, Ste. 394		Culver City	CA	90230	310-417-9149	false
0001354488-16-007263		COASTAL BANKING COMPANY, INC.		36 SEA ISLAND PARKWAY		BEAUFORT	SC	29907	843-522-1228	
0001376474-16-000679	Annual Report		31-DEC-2015	31 STRANRAER PLACE SW		CALGARY	A0	T3H 1H5	403-457-2697	false
0001214659-16-011078	Annual Report		31-DEC-2015	2942 N 24TH ST	SUITE 114-700	PHOENIX	AZ	85016	480-500-6800	false
0001144204-16-096460	Annual Report		31-DEC-2015	1519 CONNECTICUT AVENUE NW	SUITE 200	WASHINGTON	DC	20036	202-584-0550	false
