ACCESSION_NUMBER	FORMINDICATION	ISSUERNAME	FISCALYEAREND	STREET1	STREET2	CITY	STATEORCOUNTRY	ZIPCODE	PHONENUMBER	REGARULE257
0001144204-17-017809		Blue Marble Energy Corp		5840 Expressway		MISSOULA	MT	59808	406-549-2100	
0001214659-17-001957		Luna Azul Development Fund, LLC		14550 N. Frank Lloyd Wright Blvd	Ste. 200	Scottsdale	AZ	85260	206-310-9034	
0001690477-17-000009		Tensleep Financial Corp		109 E 17th Street, Suite 4375		Cheyenne	WY	82001	307-663-9874	
0000906318-17-000009		Fair-Haired Dumbbell LLC		3534 NE 45th Avenue, #J		Portland	OR	97213	503-232-3479	
0001644600-17-000014		Virtuix Holdings Inc.		1826 Kramer Lane	Suite H	Austin	TX	78758	8322603337	
0001213900-17-000775	Annual Report		30-SEP-2016	599 Third St., Suite 211		San Francisco	CA	94107	415-689-5789	false
0001615923-17-000001		Broadcast 3DTV, Inc.		1020 North Hollywood Way	Suite 120	Burbank	CA	91505	818-568-6747	
0001585786-17-000001		StepOne Personal Health, Inc.		509 South Wall Avenue		Joplin	MO	64801	650-454-0865	
0001144204-17-000601		ThrillCorp, Inc.		7380 W. Sand Lake Road	Suite 500	ORLANDO	FL	32819	407-468-7131	
