ACCESSION_NUMBER	ED_ID	TYPE	NAME	OUTSTANDING	CUSIP	PUBLICYTRADED
0001144204-17-018089	1	Common	Common Shares	500	000000000	N/A
0001144204-17-018089	1	Preferred	N/A	0	000000000	N/A
0001144204-17-018089	1	Debt Securities	N/A	0	000000000	N/A
0001144204-17-018083	1	Preferred	N/A	0	000000000	N/A
0001144204-17-018083	1	Debt Securities	N/A	0	000000000	N/A
0001144204-17-018083	1	Common	Common Shares	500	000000000	N/A
0001144204-17-017855	1	Debt Securities	N/A	0	000000000	N/A
0001144204-17-017855	1	Preferred	Preferred Stock	0	000000000	N/A
0001144204-17-017855	1	Common	Common Stock	3	000000000	N/A
0001144204-17-017771	1	Preferred	Preferred Equity	8116000	000000n/a	n/a
0001144204-17-017771	1	Common	Common Equity	22822530	65250F106	n/a
0001144204-17-017771	1	Debt Securities	Debt Securities	266606	000000n/a	n/a
0001493152-17-003055	1	Common	Common Stock	54150788	000000000	NONE
0001493152-17-003055	1	Debt Securities	None	0	000000000	None
0001493152-17-003055	1	Preferred	Preferred Stock	0	000000000	None
0001696900-17-000008	1	Debt Securities		0		
0001696900-17-000008	1	Common	Common Stock	1470000	none	None
0001696900-17-000008	1	Preferred		0		
0001144204-17-017529	3	Common	Class C Common	6300	000000N/A	N/A
0001144204-17-017529	1	Preferred	N/A	0	000000N/A	N/A
0001144204-17-017529	1	Common	Class A Common	2361000	000000N/A	N/A
0001144204-17-017529	2	Common	Class B Common	999880	000000N/A	N/A
0001144204-17-017529	1	Debt Securities	N/A	0	000000N/A	N/A
0001493152-17-003016	1	Debt Securities	RegA investment certificates	429	000000000	N/A
0001493152-17-003016	1	Preferred	N/A	0	000000000	N/A
0001493152-17-003016	1	Common	N/A	0	000000000	N/A
0001144204-17-017330	2	Preferred	Series A Preferred Stock	747373	000000N/A	N/A
0001144204-17-017330	1	Preferred	Series Seed	568796	000000N/A	N/A
0001144204-17-017330	1	Common	Common Stock	131070	000000N/A	N/A
0001144204-17-017330	1	Debt Securities	Subordinated Convertible Promi	375000	000000N/A	N/A
0001144204-17-017251	1	Preferred	Preferred Stock	0	000000000	N/A
0001144204-17-017251	1	Debt Securities	N/A	0	000000000	N/A
0001144204-17-017251	1	Common	Common Stock	3	000000000	N/A
0001549212-17-000005	1	Preferred		0		
0001549212-17-000005	2	Common	Class B	108000000	N/A	N/A
0001549212-17-000005	1	Common	Class A	521320840	423703107	OTCPinksheets
0001549212-17-000005	1	Debt Securities		0		
0001681287-17-000011	1	Common	Common	20000000	N/A	N/A
0001681287-17-000011	1	Debt Securities	None	0	N/A	N/A
0001681287-17-000011	1	Preferred	N/A	0	n/a	N/A
0001213900-17-002883	1	Debt Securities	None	0	000000000	
0001213900-17-002883	1	Common	Common Stock	20000000	000000000	Common Stock
0001213900-17-002883	1	Preferred	None	0	000000000	
0001213900-17-002859	2	Debt Securities	Convertible Notes	3204000	000000000	N/A
0001213900-17-002859	3	Debt Securities	Convertible Notes	876458	000000000	N/A
0001213900-17-002859	1	Debt Securities	MLSC Notes	1193984	000000000	N/A
0001213900-17-002859	1	Common	Common Stock	1124080	62857J 10	N/A
0001213900-17-002859	2	Preferred	Series B-1 Preferred Stock	1662104	000000000	N/A
0001213900-17-002859	1	Preferred	Series A-1 Preferred Stock	960083	000000000	N/A
0000916480-17-000009	1	Common		0		
0000916480-17-000009	1	Debt Securities		0		
0000916480-17-000009	1	Preferred		0		
0001144204-17-016251	1	Preferred	Series Seed	568796	000000N/A	N/A
0001144204-17-016251	2	Preferred	Series A Preferred Stock	747373	000000N/A	N/A
0001144204-17-016251	1	Debt Securities	N/A - excludes LROs	0	000000N/A	N/A
0001144204-17-016251	1	Common	Common Stock	1123750	000000N/A	N/A
0001144204-17-016221	1	Debt Securities	N/A	0	000000N/A	N/A
0001144204-17-016221	1	Preferred	N/A	0	000000N/A	N/A
0001144204-17-016221	1	Common	Common Shares	5044096	000000N/A	N/A
0001477932-17-001238	1	Preferred	Class A Preferred Units	0	None	None
0001477932-17-001238	3	Preferred	Class C Preferred Units	0	None	None
0001477932-17-001238	2	Preferred	Class B Preferred Units	0	None	None
0001477932-17-001238	1	Common	Management Interests	0	None	None
0001477932-17-001238	1	Debt Securities	Debt Securities	0	None	None
0001214659-17-002125	1	Debt Securities	N/A	0	000000000	
0001214659-17-002125	1	Preferred	N/A	0	000000000	
0001214659-17-002125	1	Common	Common Stock	6000000	000000000	N/A
0001104659-17-018369	2	Common	Class B	1527329	N/A	N/A
0001104659-17-018369	1	Preferred		0		
0001104659-17-018369	1	Debt Securities		0		
0001104659-17-018369	1	Common	Class A	5787446	N/A	N/A
0001144204-17-015675	1	Debt Securities	N/A	0	000000000	N/A
0001144204-17-015675	1	Preferred	Series C	1500000	000000000	N/A
0001144204-17-015675	1	Common	N/A	76486724	45074L109	OTCPinksheets
0001640170-17-000001	1	Common	common voting	450000	0	0
0001640170-17-000001	1	Debt Securities	0	0	0	0
0001640170-17-000001	1	Preferred	0	0	0	0
0001213900-17-002553	1	Common	Class A Common	11799500	000000000	None
0001213900-17-002553	1	Preferred	None	0	000000000	
0001144204-17-015475	1	Common	Common Stock	3	000000000	N/A
0001144204-17-015475	1	Preferred	Preferred Stock	0	000000000	N/A
0001213900-17-002557	1	Common	-	1000000	000000000	-
0001213900-17-002557	1	Preferred	-	0	000000000	-
0001213900-17-002553	1	Debt Securities	None	0	000000000	
0001144204-17-015475	1	Debt Securities	N/A	0	000000000	N/A
0001213900-17-002557	1	Debt Securities	-	0	000000000	-
0000916480-17-000008	1	Preferred		0		
0000916480-17-000008	1	Common		0		
0000916480-17-000008	1	Debt Securities		0		
0001213900-17-002457	1	Debt Securities	N/A	0	000000N/A	N/A
0001213900-17-002457	1	Preferred	Preferred Stock	0	000000N/A	N/A
0001213900-17-002457	1	Common	Common Stock	1642867	246694103	OTC Markets
0001681287-17-000009	1	Preferred	N/A	0	n/a	N/A
0001681287-17-000009	1	Debt Securities	None	0	N/A	N/A
0001681287-17-000009	1	Common	Common	20000000	N/A	N/A
0001681287-17-000008	1	Common	Common	20000000	N/A	N/A
0001681287-17-000008	1	Preferred	N/A	0	n/a	N/A
0001681287-17-000008	1	Debt Securities	None	0	N/A	N/A
0001681287-17-000007	1	Debt Securities	None	0	N/A	N/A
0001681287-17-000007	1	Preferred	N/A	0	n/a	N/A
0001681287-17-000007	1	Common	Common	20000000	N/A	N/A
0001144204-17-014960	1	Debt Securities	N/A - excludes LROs	0	000000N/A	N/A
0001144204-17-014960	1	Preferred	Series Seed	568796	000000N/A	N/A
0001144204-17-014960	2	Preferred	Series A Preferred Stock	747373	000000N/A	N/A
0001144204-17-014960	1	Common	Common Stock	1123750	000000N/A	N/A
0001579586-17-000001	1	Preferred	0	0	0	0
0001579586-17-000001	1	Common	common voting	200000	0	0
0001579586-17-000001	1	Debt Securities	0	0	0	0
0001213900-17-002356	1	Common	-	1000000	000000000	-
0001213900-17-002356	1	Preferred	-	0	000000000	-
0001213900-17-002356	1	Debt Securities	-	0	000000000	-
0001213900-17-002327	1	Preferred	Series A Preferred Stock	2138078	000000000	N/A
0001213900-17-002327	1	Debt Securities	N/A	0	000000000	N/A
0001213900-17-002327	1	Common	Common Stock	5208956	000000000	N/A
0001615774-17-001046	1	Debt Securities	Debt Securities	0	000000000	
0001615774-17-001046	1	Preferred	Series A Preferred Stock	0	000000000	
0001615774-17-001046	1	Common	Common Equity	25000000	000000000	none
0001144204-17-014560	1	Common	Membership Interests	100	000000N/A	N/A
0001144204-17-014560	1	Debt Securities	N/A	0	000000N/A	N/A
0001144204-17-014560	1	Preferred	N/A	0	000000N/A	N/A
0001699683-17-000004	1	Debt Securities	N/A	0	N/A	N/A
0001699683-17-000004	1	Preferred	N/A	0	N/A	N/A
0001699683-17-000004	1	Common	Common	7500000	N/A	N/A
0001696728-17-000003	1	Debt Securities	None	0	None	Preferred Stock
0001696728-17-000003	1	Preferred	Preferred Stock	0	None	Preferred Stock
0001696728-17-000003	1	Common	Common Stock	1323	None	Common Stock
0001615923-17-000005	1	Debt Securities	None	0	None	None
0001615923-17-000005	1	Common	Common Stock	63480486	None	Common Stock
0001615923-17-000005	1	Preferred	Preferred Stock	0	None	Preferred Stock
0001687715-17-000003	1	Common	Common Stock	5307175	None	Common Stock
0001687715-17-000003	1	Preferred	Preferred Stock	0	None	Preferred Stock
0001687715-17-000003	1	Debt Securities		0	None	
0001699683-17-000001	1	Preferred	N/A	0	N/A	N/A
0001699683-17-000001	1	Common	Common	7500000	N/A	N/A
0001699683-17-000001	1	Debt Securities	N/A	0	N/A	N/A
0001615774-17-000955	1	Preferred	Series A Preferred Stock	0	000000000	
0001615774-17-000955	1	Debt Securities	Debt Securities	0	000000000	
0001615774-17-000955	1	Common	Common Equity	25000000	000000000	none
0001697254-17-000001	1	Preferred	N/A	0	N/A	N/A
0001697254-17-000001	1	Common	Common	10000000	N/A	N/A
0001697254-17-000001	1	Debt Securities	N/A	0	N/A	N/A
0001213900-17-002112	1	Debt Securities	N/A	0	000000000	N/A
0001213900-17-002112	1	Preferred	Series A Preferred Stock	2138078	000000000	N/A
0001213900-17-002112	1	Common	Common Stock	5208956	000000000	N/A
0001079974-17-000081	1	Preferred	NA	0	000000000	NA
0001079974-17-000081	1	Common	Common	45000000	000000000	NA
0001079974-17-000081	1	Debt Securities	NA	0	000000000	NA
0001376474-17-000054	1	Common	None	1761943	860000107	OTC Pink
0001376474-17-000054	1	Preferred		0		
0001376474-17-000054	1	Debt Securities		0		
0001640334-17-000434	1	Debt Securities		0		
0001640334-17-000434	1	Preferred		0		
0001640334-17-000434	1	Common	Class A	18260039	85788W108	none
0001104659-17-014992	1	Common	Common shares	250	N/A	N/A
0001104659-17-014992	1	Preferred		0		
0001104659-17-014992	1	Debt Securities		0		
0001144204-17-013128	1	Common	Common Stock	18130000	000000000	N/A
0001144204-17-013128	1	Debt Securities	N/A	0	000000000	N/A
0001144204-17-013128	1	Preferred	Preferred Stock	0	000000000	N/A
0001213900-17-001996	1	Common	Common Stock	1031720	62857J 10	N/A
0001213900-17-001996	1	Preferred	Series A-1 Preferred Stock	960118	000000000	N/A
0001213900-17-001996	3	Debt Securities	Convertible Notes	876458	000000000	N/A
0001213900-17-001996	1	Debt Securities	MLSC Notes	1193984	000000000	N/A
0001213900-17-001996	2	Debt Securities	Convertible Notes	1180000	000000000	N/A
0001213900-17-001996	2	Preferred	Series B-1 Preferred Stock	1662194	000000000	N/A
0001213900-17-001990	1	Common	-	1000000	000000000	-
0001213900-17-001990	1	Debt Securities	-	0	000000000	-
0001213900-17-001990	1	Preferred	-	0	000000000	-
0001640334-17-000408	1	Debt Securities		0		
0001640334-17-000408	1	Preferred	Class A Convertible Preferred	1	N/A	N/A
0001640334-17-000408	1	Common	Common Stock	180000000	N/A	N/A
0001687306-17-000004	1	Common	COMMON CLASS A & B	30000000	N/A	N/A
0001687306-17-000004	1	Debt Securities	N/A	0	N/A	N/A
0001687306-17-000004	1	Preferred	N/A	0	N/A	N/A
0001683168-17-000458	1	Common	Common Stock	7050000	000000000	NONE
0001683168-17-000458	1	Debt Securities	NONE	0	000000000	NONE
0001683168-17-000458	1	Preferred	Preferred Equity	10450000	000000000	NONE
0000916480-17-000005	1	Common		0		
0000916480-17-000005	1	Preferred		0		
0000916480-17-000005	1	Debt Securities		0		
0001213900-17-001854	1	Preferred	Series A Preferred Stock	2138078	000000000	N/A
0001213900-17-001854	1	Debt Securities	N/A	0	000000000	N/A
0001213900-17-001854	1	Common	Common Stock	5208956	000000000	N/A
0001681287-17-000005	1	Debt Securities	None	0	N/A	N/A
0001681287-17-000005	1	Preferred	N/A	0	n/a	N/A
0001681287-17-000005	1	Common	Common	20000000	N/A	N/A
0001615774-17-000789	1	Common	Common Equity	25000000	000000000	none
0001615774-17-000789	1	Debt Securities	Debt Securities	0	000000000	
0001615774-17-000789	1	Preferred	Series A Preferred Stock	0	000000000	
0001144204-17-010776	1	Common	Common Stock	18130000	000000000	N/A
0001144204-17-010776	1	Debt Securities	N/A	0	000000000	N/A
0001144204-17-010776	1	Preferred	Preferred Stock	0	000000000	N/A
0001014897-17-000026	1	Common	Common shares	30000000	none	none
0001014897-17-000026	1	Preferred		0		
0001014897-17-000026	1	Debt Securities		0		
0001687306-17-000002	1	Preferred	NONE	0	N/A	N/A
0001687306-17-000002	1	Debt Securities	N/A	0	N/A	N/A
0001687306-17-000002	1	Common	COMMON CLASS A & B	30000000	N/A	N/A
0001688437-17-000005	1	Debt Securities		0		
0001688437-17-000005	1	Preferred		0		
0001688437-17-000005	1	Common	Common Shares	50000000	N/A	N/A
0001688437-17-000003	1	Preferred		0		
0001688437-17-000003	1	Common	Common Shares	50000000	N/A	N/A
0001688437-17-000003	1	Debt Securities		0		
0001658959-17-000002	1	Preferred	None	0	0	NONE
0001658959-17-000002	1	Debt Securities	None	0	0	None
0001658959-17-000002	1	Common	None	0	0	NONE
0001213900-17-001690	1	Preferred	Series A-1 Preferred Stock	960118	000000000	N/A
0001213900-17-001690	2	Preferred	Series B-1 Preferred Stock	1662194	000000000	N/A
0001213900-17-001690	2	Debt Securities	Convertible Notes	1180000	000000000	N/A
0001213900-17-001690	3	Debt Securities	Convertible Notes	876458	000000000	N/A
0001213900-17-001690	1	Common	Common Stock	1031720	62857J 10	N/A
0001213900-17-001690	1	Debt Securities	MLSC Notes	1193984	000000000	N/A
0001688361-17-000008	1	Common	Class A Common Shares	26445000	00000	Not Applicable
0001688361-17-000008	2	Common	Class B Common Shares	3625000	00000	Not Applicable
0001688361-17-000008	1	Preferred	Preferred Shares	0	00000	Not Applicable
0001688361-17-000008	1	Debt Securities	Not Applicable	0	0	Not Applicable
0001549212-17-000002	1	Common	Class A	151560840	423703107	OTCPinksheets
0001549212-17-000002	2	Common	Class B	108000000	N/A	N/A
0001549212-17-000002	1	Preferred		0		
0001549212-17-000002	1	Debt Securities		0		
0001144204-17-010084	1	Debt Securities	N/A - excludes LROs	0	000000N/A	N/A
0001144204-17-010084	2	Preferred	Series A Preferred Stock	747373	000000N/A	N/A
0001144204-17-010084	1	Preferred	Series Seed	568796	000000N/A	N/A
0001144204-17-010084	1	Common	Common Stock	1123750	000000N/A	N/A
0001673239-17-000004	1	Preferred	Preferred	200000	000000000	NONE
0001673239-17-000004	1	Common	Common	5000000	000000000	NONE
0001673239-17-000004	1	Debt Securities		0		
0001387131-17-000991	1	Preferred	N/A	0	000000000	N/A
0001387131-17-000991	1	Debt Securities	N/A	0	000000000	N/A
0001387131-17-000991	1	Common	N/A	100	000000000	N/A
0001698370-17-000003	1	Preferred	preferred shares	0	0	Not Applicable
0001698370-17-000003	1	Common	common shares	58087383	89785	Canadian Securities Exchange
0001698370-17-000003	1	Debt Securities	none	0	0	Not Applicable
0001079974-17-000072	1	Common	Common	45000000	000000000	NA
0001079974-17-000072	1	Preferred	NA	0	000000000	NA
0001079974-17-000072	1	Debt Securities	NA	0	000000000	NA
0001065949-17-000022	1	Debt Securities		0		
0001065949-17-000022	1	Preferred		0		
0001065949-17-000022	1	Common	Common Equity	10000000	N/A	N/A
0001144204-17-009876	2	Common	Class B	1643688	000000000	N/A
0001144204-17-009876	1	Common	Class A	170503	000000000	N/A
0001144204-17-009876	1	Debt Securities	N/A	0	000000000	N/A
0001144204-17-009876	1	Preferred	N/A	0	000000000	N/A
0001696900-17-000005	1	Preferred		0		
0001696900-17-000005	1	Common	Common Stock	1470000	None	None
0001696900-17-000005	1	Debt Securities		0		
0001677159-17-000002	1	Preferred	N/A	0	N/A	N/A
0001677159-17-000002	1	Common	Common	15000000	N/A	N/A
0001673239-17-000003	1	Preferred	Preferred	200000	000000000	NONE
0001673239-17-000003	1	Common	Common	5000000	000000000	NONE
0001062993-17-001033	1	Preferred		0		
0001062993-17-001033	1	Common	A	6000000	NA	NA
0001677159-17-000002	1	Debt Securities	N/A	0	N/A	N/A
0001062993-17-001033	1	Debt Securities		0		
0001673239-17-000003	1	Debt Securities		0		
0001684098-17-000002	1	Common	Limited Partnership Units	13000000	n/a	n/a
0001684098-17-000002	1	Debt Securities		0		
0001684098-17-000002	1	Preferred		0		
0001477932-17-000825	1	Debt Securities		0	None	None
0001477932-17-000825	1	Preferred		0	None	None
0001477932-17-000825	1	Common	Common Equity	41260000	None	None
0001688437-17-000002	1	Common	Common Shares	50000000	N/A	N/A
0001688437-17-000002	1	Preferred		0		
0001688437-17-000002	1	Debt Securities		0		
0001193125-17-043131	1	Common	n/a	3441667	000000000	n/a
0001193125-17-043131	1	Debt Securities	n/a	0	000000000	n/a
0001193125-17-043131	1	Preferred	Series A Preferred Stock	0	000000000	n/a
0001144204-17-008096	2	Common	Class B Common Stock	0	000000N/A	N/A
0001144204-17-008096	3	Common	Class F Common Stock	10000000	000000N/A	N/A
0001144204-17-008096	1	Preferred	Series A Preferred Stock	11865046	000000N/A	N/A
0001640334-17-000286	1	Debt Securities		0		
0001144204-17-008096	1	Debt Securities	N/A	0	000000N/A	N/A
0001144204-17-008096	1	Common	Class A Common Stock	2633275	000000N/A	N/A
0001640334-17-000286	1	Preferred	Class A Convertible Preferred	1	N/A	N/A
0001640334-17-000286	1	Common	Common Stock	180000000	N/A	N/A
0001144204-17-008096	4	Common	Class M Common Stock	0	000000N/A	N/A
0001193125-17-040203	1	Preferred	Preferred Stock	0	000000000	N/A
0001193125-17-040203	1	Common	Common Stock	65410928	000000000	N/A
0001193125-17-040203	1	Debt Securities	Convertible Promissory Notes	0	000000000	N/A
0001696900-17-000003	1	Preferred		0		
0001696900-17-000003	1	Debt Securities		0		
0001696900-17-000003	1	Common	Common Stock	1470000	None	None
0001615923-17-000004	1	Common	Common Stock	63480486	None	Common Stock
0001615923-17-000004	1	Preferred	Preferred Stock	0	None	Preferred Stock
0001615923-17-000004	1	Debt Securities	None	0	None	None
0001214659-17-001016	1	Common	Common Shares	1000	00000NONE	NONE
0001214659-17-001016	1	Preferred	NONE	0	00000NONE	
0001214659-17-001016	1	Debt Securities	NONE	0	00000NONE	
0001144204-17-007548	1	Common	Common Stock	7179102	000000000	N/A
0001144204-17-007548	1	Preferred	Preferred Stock	22775511	000000000	N/A
0001144204-17-007548	1	Debt Securities	N/A	0	000000000	N/A
0001213900-17-001196	1	Common	Common Stock	5208956	000000000	N/A
0001213900-17-001196	1	Preferred	Series A Preferred Stock	2138078	000000000	N/A
0001213900-17-001196	1	Debt Securities	N/A	0	000000000	N/A
0001677159-17-000001	1	Debt Securities	N/A	0	N/A	N/A
0001677159-17-000001	1	Preferred	N/A	0	N/A	N/A
0001677159-17-000001	1	Common	Common	15000000	N/A	N/A
0001687715-17-000002	1	Preferred	Preferred Stock	0	None	Preferred Stock
0001687715-17-000002	1	Debt Securities		0	None	
0001687715-17-000002	1	Common	Common Stock	5307175	None	Common Stock
0001615774-17-000386	1	Debt Securities	Debt Securities	0	000000000	
0001615774-17-000386	1	Preferred	Series A Preferred Stock	0	000000000	
0001615774-17-000386	1	Common	Common Equity	25000000	000000000	none
0001445866-17-000129	1	Debt Securities	0	0		
0001445866-17-000129	1	Common	0	0		
0001445866-17-000129	1	Preferred	0	0		
0001445866-17-000120	1	Common	0	0		
0001445866-17-000120	1	Debt Securities	0	0		
0001445866-17-000120	1	Preferred	0	0		
0001144204-17-005981	2	Common	Class B Common Stock	0	000000N/A	N/A
0001144204-17-005981	1	Common	Class A Common Stock	2633275	000000N/A	N/A
0001144204-17-005981	4	Common	Class M Common Stock	0	000000N/A	N/A
0001144204-17-005981	3	Common	Class F Common Stock	10000000	000000N/A	N/A
0001144204-17-005981	1	Debt Securities	N/A	0	000000N/A	N/A
0001144204-17-005981	1	Preferred	Series A Preferred Stock	11865046	000000N/A	N/A
0001144204-17-005885	1	Preferred	Preferred Stock	0	000000000	N/A
0001144204-17-005885	1	Common	Common Stock	3	000000000	N/A
0001144204-17-005885	1	Debt Securities	N/A	0	000000000	N/A
0001213900-17-000921	1	Common	-	1000000	000000000	-
0001213900-17-000921	1	Debt Securities	-	0	000000000	-
0001213900-17-000921	1	Preferred	-	0	000000000	-
0001615774-17-000333	1	Preferred	Series A Preferred Stock	0	000000000	
0001615774-17-000333	1	Debt Securities	Debt Securities	0	000000000	
0001615774-17-000333	1	Common	Common Equity	25000000	000000000	none
0001689536-17-000003	1	Common	Common	8800000	N/A	N/A
0001689536-17-000003	1	Preferred	N/A	0	N/A	N/A
0001689536-17-000003	1	Debt Securities	N/A	0	N/A	N/A
0001690477-17-000006	1	Debt Securities	None	0		
0001690477-17-000006	1	Preferred	Preferred	0	None	None
0001690477-17-000006	1	Common	Common Stock	15000000	None	None
0001477932-17-000526	1	Debt Securities		0	None	None
0001477932-17-000526	1	Common	Common Equity	41260000	None	None
0001477932-17-000526	1	Preferred		0	None	None
0001144204-17-005330	1	Preferred	Series Seed	568796	000000N/A	N/A
0001144204-17-005330	1	Common	Common Stock	1123750	000000N/A	N/A
0001144204-17-005330	2	Preferred	Series A Preferred Stock	747373	000000N/A	N/A
0001144204-17-005330	1	Debt Securities	N/A - excludes LROs	0	000000N/A	N/A
0001696728-17-000001	1	Debt Securities	None	0	None	Preferred Stock
0001696728-17-000001	1	Common	Common Stock	1323	None	Common Stock
0001696728-17-000001	1	Preferred	Preferred Stock	0	None	Preferred Stock
0001213900-17-000818	1	Common	Common Stock	19494750	000000000	None
0001213900-17-000818	1	Debt Securities	None	0	000000000	N/A
0001213900-17-000818	1	Preferred	Series A	1	000000000	None
0001144204-17-005113	1	Preferred	Series Seed Preferred Stock	2897691	000000N/A	N/A
0001144204-17-005113	1	Debt Securities	Convertible Note	0	000000N/A	N/A
0001144204-17-005113	1	Common	Common Stock	5658670	000000N/A	N/A
0001477932-17-000476	1	Common	General Partner Interests	0	None	None
0001477932-17-000476	1	Preferred		0		
0001477932-17-000476	1	Debt Securities		0		
0001213900-17-000786	2	Preferred	Series B-1 Preferred Stock	1662194	000000000	N/A
0001213900-17-000786	1	Preferred	Series A-1 Preferred Stock	960118	000000000	N/A
0001213900-17-000786	3	Debt Securities	Convertible Notes	876458	000000000	N/A
0001213900-17-000786	1	Debt Securities	MLSC Notes	1193984	000000000	N/A
0001213900-17-000786	1	Common	Common Stock	1031720	62857J 10	N/A
0001213900-17-000786	2	Debt Securities	Convertible Notes	1180000	000000000	N/A
0001658959-17-000001	1	Debt Securities	None	0	0	None
0001658959-17-000001	1	Preferred	Preferred Equity	426000	0	NONE
0001658959-17-000001	1	Common	Common Stock	63449648	0	NONE
0001144204-17-004632	1	Debt Securities	Convertible Note	0	000000N/A	N/A
0001144204-17-004632	1	Common	Common Stock	5658670	000000N/A	N/A
0001144204-17-004632	1	Preferred	Series Seed Preferred Stock	2897691	000000N/A	N/A
0001144204-17-004520	4	Common	Class M Common Stock	0	000000N/A	N/A
0001144204-17-004520	3	Common	Class F Common Stock	10000000	000000N/A	N/A
0001144204-17-004520	1	Common	Class A Common Stock	2633275	000000N/A	N/A
0001144204-17-004520	1	Debt Securities	N/A	0	000000N/A	N/A
0001144204-17-004520	1	Preferred	Series A Preferred Stock	11865046	000000N/A	N/A
0001144204-17-004520	2	Common	Class B Common Stock	0	000000N/A	N/A
0001065949-17-000004	1	Preferred		0		
0001065949-17-000004	1	Debt Securities		0		
0001065949-17-000004	1	Common	Common Equity	10000000	N/A	N/A
0001062993-17-000432	1	Common	A	6000000	NA	NA
0001673239-17-000002	1	Debt Securities	none	0	000000000	none
0001062993-17-000432	1	Debt Securities		0		
0001062993-17-000432	1	Preferred		0		
0001673239-17-000002	1	Common	Common	5000000	000000000	NONE
0001673239-17-000002	1	Preferred	Preferred	200000	000000000	NONE
0001696230-17-000001	1	Debt Securities	None	0	None	None
0001696230-17-000001	1	Preferred	Preferred Stock	0	None	Preferred Stock
0001696230-17-000001	1	Common	Common Stock	80000	None	Common Stock
0001144204-17-004146	3	Common	Class F Common Stock	10000000	000000N/A	N/A
0001144204-17-004146	1	Debt Securities	N/A	0	000000N/A	N/A
0001144204-17-004146	2	Common	Class B Common Stock	0	000000N/A	N/A
0001144204-17-004146	1	Common	Class A Common Stock	2633275	000000N/A	N/A
0001144204-17-004146	1	Preferred	Series A Preferred Stock	11865046	000000N/A	N/A
0001144204-17-004146	4	Common	Class M Common Stock	0	000000N/A	N/A
0001193125-17-019557	1	Preferred	Series A Preferred Stock	0	000000000	n/a
0001193125-17-019557	1	Common	n/a	3441667	000000000	n/a
0001193125-17-019557	1	Debt Securities	n/a	0	000000000	n/a
0001654954-17-000515	1	Preferred	Preferred	100000000	000000000	N/A
0001654954-17-000515	1	Debt Securities	N/A	0	000000000	N/A
0001654954-17-000515	1	Common	Common	100000000	000000000	N/A
0001690824-17-000007	1	Debt Securities	none	0	000000000	none
0001690824-17-000007	1	Preferred	Preferred Stock	0	000000000	none
0001690824-17-000007	1	Common	common Stock	50500000	000000000	none
0001688361-17-000006	1	Preferred	Preferred Shares	0	00000	Not Applicable
0001688361-17-000006	2	Common	Class B Common Shares	3625000	00000	Not Applicable
0001688361-17-000006	1	Common	Class A Common Shares	26445000	00000	Not Applicable
0001688361-17-000006	1	Debt Securities	Not Applicable	0	0	Not Applicable
0001144204-17-003822	1	Preferred	N/A	0	000000N/A	N/A
0001144204-17-003822	1	Common	Membership Interests	100	000000N/A	N/A
0001144204-17-003822	1	Debt Securities	N/A	0	000000N/A	N/A
0001213900-17-000662	1	Common	Common Stock	19494750	000000000	None
0001213900-17-000662	1	Debt Securities	None	0	000000000	N/A
0001213900-17-000662	1	Preferred	Series A	1	000000000	None
0001681287-17-000003	1	Preferred	N/A	0	n/a	N/A
0001681287-17-000003	1	Debt Securities	None	0	N/A	N/A
0001681287-17-000003	1	Common	Common	20000000	N/A	N/A
0001695791-17-000002	1	Common	Common Stock	10000000	None	Common Stock
0001695791-17-000002	1	Preferred	Preferred Stock	0	None	Preferred Stock
0001695791-17-000002	1	Debt Securities	None	0	None	None
0001694586-17-000001	1	Debt Securities	None	0	n/a	n/a
0001615923-17-000003	1	Debt Securities	None	0	None	None
0001694586-17-000001	1	Preferred	None	0	n/a	n/a
0001615923-17-000003	1	Preferred	Preferred Stock	0	None	Preferred Stock
0001694586-17-000001	1	Common	None	0	n/a	n/a
0001615923-17-000003	1	Common	Common Stock	63480486	None	Common Stock
0001477932-17-000397	1	Common	Common	685938309	78468T107	OTCPinksheets
0001477932-17-000397	1	Debt Securities	None	0	None	None
0001477932-17-000397	1	Preferred	Series A Preferred	100	None	None
0001606811-17-000001	1	Common	Common Stock	6500000	None	Common Stock
0001606811-17-000001	1	Preferred	Preferred Stock	0	None	Preferred Stock
0001606811-17-000001	1	Debt Securities	None	0	None	None
0001684245-17-000001	1	Common	Common Stock	2121875	None	Common Stock
0001684245-17-000001	1	Preferred	Preferred Stock	0	None	Preferred Stock
0001684245-17-000001	1	Debt Securities		0	None	
0001144204-17-003489	1	Debt Securities	N/A	0	000000000	N/A
0001144204-17-003489	1	Preferred	Preferred Stock	0	000000000	N/A
0001144204-17-003489	1	Common	Common Stock	18130000	000000000	N/A
0001213900-17-000574	1	Common	Class A Common Units	2001378	000000000	None
0001213900-17-000574	1	Debt Securities	Class M Units	1050000	000000000	None
0001213900-17-000574	1	Preferred	Class B Units	0	000000000	None
0001144204-17-003219	1	Common	Class A Common Stock	2633275	000000N/A	N/A
0001144204-17-003219	2	Common	Class B Common Stock	0	000000N/A	N/A
0001144204-17-003219	1	Debt Securities	N/A	0	000000N/A	N/A
0001144204-17-003219	4	Common	Class M Common Stock	0	000000N/A	N/A
0001144204-17-003219	1	Preferred	Series A Preferred Stock	11865046	000000N/A	N/A
0001144204-17-003219	3	Common	Class F Common Stock	10000000	000000N/A	N/A
0001689536-17-000002	1	Common	Common	8800000	N/A	N/A
0001689536-17-000002	1	Debt Securities	N/A	0	N/A	N/A
0001689536-17-000002	1	Preferred	N/A	0	N/A	N/A
0001213900-17-000478	1	Debt Securities	N/A	0	000000000	N/A
0001213900-17-000478	1	Common	Common Stock	5208956	000000000	N/A
0001213900-17-000478	1	Preferred	Series A Preferred Stock	2138078	000000000	N/A
0001144204-17-002868	1	Preferred	N/A	0	000000N/A	N/A
0001144204-17-002868	2	Common	Class B Common	999880	000000N/A	N/A
0001144204-17-002868	1	Common	Class A Common	2361000	000000N/A	N/A
0001144204-17-002868	3	Common	Class C Common	6300	000000N/A	N/A
0001144204-17-002868	1	Debt Securities	N/A	0	000000N/A	N/A
0001615774-17-000165	1	Common	Common Equity	25000000	000000000	none
0001615774-17-000165	1	Debt Securities	Debt Securities	0	000000000	
0001615774-17-000165	1	Preferred	Series A Preferred Stock	0	000000000	
0001654954-17-000348	1	Common	Common	100000000	000000000	N/A
0001654954-17-000348	1	Debt Securities	N/A	0	000000000	N/A
0001654954-17-000348	1	Preferred	Preferred	100000000	000000000	N/A
0001144204-17-002718	1	Debt Securities	Convertible Note	0	000000N/A	N/A
0001144204-17-002718	1	Preferred	Series Seed Preferred Stock	2897691	000000N/A	N/A
0001144204-17-002718	1	Common	Common Stock	5658670	000000N/A	N/A
0001690477-17-000004	1	Preferred	Preferred	0	None	None
0001690477-17-000004	1	Debt Securities	None	0		
0001690477-17-000004	1	Common	Common Stock	15000000	None	None
0001144204-17-002479	1	Preferred	Series A	884550	000000000	N/A
0001144204-17-002479	2	Preferred	Series A-1	4385141	000000000	N/A
0001144204-17-002479	1	Debt Securities	N/A	0	000000000	N/A
0001144204-17-002479	1	Common	Common	3204024	000000000	N/A
0001193125-17-011250	1	Debt Securities	Convertible Promissory Notes	6817986	000000000	N/A
0001193125-17-011250	1	Preferred	Preferred Stock	0	000000000	N/A
0001193125-17-011250	1	Common	Common Stock	58542350	000000000	N/A
0001144204-17-002186	1	Common	N/A	0	000000N/A	N/A
0001144204-17-002186	1	Debt Securities	N/A	0	000000N/A	N/A
0001144204-17-002186	1	Preferred	N/A	0	000000N/A	N/A
0001144204-17-002036	1	Preferred	Series Seed	568796	000000N/A	N/A
0001144204-17-002036	2	Preferred	Series A Preferred Stock	747373	000000N/A	N/A
0001144204-17-002036	1	Debt Securities	N/A - excludes LROs	0	000000N/A	N/A
0001144204-17-002036	1	Common	Common Stock	1123750	000000N/A	N/A
0001213900-17-000292	1	Debt Securities	None	0	000000000	N/A
0001213900-17-000292	1	Preferred	Series A	1	000000000	None
0001213900-17-000292	1	Common	Common Stock	19494750	000000000	None
0001640334-17-000051	1	Common	Common Stock	180000000	N/A	N/A
0001640334-17-000051	1	Debt Securities		0		
0001640334-17-000051	1	Preferred	Class A Convertible Preferred	1	N/A	N/A
0001144204-17-001654	1	Common	Common Stock	137419968	000000N/A	N/A
0001144204-17-001654	1	Debt Securities	N/A	0	000000N/A	N/A
0001144204-17-001654	1	Preferred	N/A	0	000000N/A	N/A
0000916480-17-000002	1	Common		0		
0000916480-17-000002	1	Preferred		0		
0000916480-17-000002	1	Debt Securities		0		
0001689536-17-000001	1	Debt Securities	N/A	0	N/A	N/A
0001689536-17-000001	1	Preferred	N/A	0	N/A	N/A
0001689536-17-000001	1	Common	Common	8800000	N/A	N/A
0001213900-17-000146	1	Preferred	Series A-1 Preferred Stock	960118	000000000	N/A
0001213900-17-000146	3	Debt Securities	Convertible Notes	876458	000000000	N/A
0001213900-17-000146	2	Debt Securities	Convertible Notes	1180000	000000000	N/A
0001213900-17-000146	1	Debt Securities	MLSC Notes	1193984	000000000	N/A
0001213900-17-000146	2	Preferred	Series B-1 Preferred Stock	1662194	000000000	N/A
0001213900-17-000146	1	Common	Common Stock	1031720	62857J 10	N/A
0001659173-17-000017	1	Debt Securities	NA	0	000000000	NA
0001659173-17-000017	1	Common	Common Equity	75000	000000000	NA
0001659173-17-000017	1	Preferred	NA	0	000000000	NA
0001477932-17-000076	1	Common	Common	685938309	78468T107	OTCPinksheets
0001477932-17-000076	1	Debt Securities	None	0	None	None
0001477932-17-000076	1	Preferred	Series A Preferred	100	None	None
0001688361-17-000004	1	Debt Securities	Not Applicable	0	0	Not Applicable
0001688361-17-000004	1	Preferred	Preferred Shares	0	00000	Not Applicable
0001688361-17-000004	1	Common	Class A Common Shares	26445000	00000	Not Applicable
0001688361-17-000004	2	Common	Class B Common Shares	3625000	00000	Not Applicable
0001104659-17-001142	1	Common	Common shares	250	N/A	N/A
0001104659-17-001142	1	Preferred		0		
0001104659-17-001142	1	Debt Securities		0		
0001144204-17-000974	1	Preferred	N/A	0	000000N/A	N/A
0001144204-17-000974	1	Common	Common Stock	137419968	000000N/A	N/A
0001144204-17-000974	1	Debt Securities	N/A	0	000000N/A	N/A
0001144204-17-000927	1	Preferred	Preferred Stock	22775511	000000000	N/A
0001144204-17-000927	1	Common	Common Stock	7179102	000000000	N/A
0001144204-17-000927	1	Debt Securities	N/A	0	000000000	N/A
0001144204-17-000906	3	Common	Class F Common Stock	10000000	000000N/A	N/A
0001144204-17-000906	1	Preferred	Series A Preferred Stock	11865046	000000N/A	N/A
0001144204-17-000906	4	Common	Class M Common Stock	0	000000N/A	N/A
0001144204-17-000906	1	Common	Class A Common Stock	2633275	000000N/A	N/A
0001144204-17-000906	2	Common	Class B Common Stock	0	000000N/A	N/A
0001144204-17-000906	1	Debt Securities	N/A	0	000000N/A	N/A
0001686327-17-000001	1	Debt Securities	None	0		
0001686327-17-000001	1	Preferred	None	0		
0001686327-17-000001	1	Common	Common Class A & B	40000000	N/A	N/A
0001687306-17-000001	1	Common	COMMON CLASS A AND B	30000000	N/A	N/A
0001687306-17-000001	1	Preferred	N/A	0		
0001687306-17-000001	1	Debt Securities		0		
0001493152-17-000106	1	Debt Securities	RegA investment certificates	429	000000000	0
0001493152-17-000106	1	Preferred	N/A	0	000000000	0
0001493152-17-000106	1	Common	N/A	0	000000000	0
0001014897-17-000005	1	Debt Securities		0		
0001014897-17-000005	1	Preferred		0		
0001014897-17-000005	1	Common	Common shares	30000000	none	none
0001144204-17-000076	1	Debt Securities	N/A	0	000000N/A	N/A
0001144204-17-000076	3	Common	Class C Common	6300	000000N/A	N/A
0001144204-17-000076	2	Common	Class B Common	999880	000000N/A	N/A
0001144204-17-000076	1	Common	Class A Common	2361000	000000N/A	N/A
0001144204-17-000076	1	Preferred	N/A	0	000000N/A	N/A
