ACCESSION_NUMBER	SINFO_ID	COMMISSIONFILENUMBER	OFFERINGQUALIFICATIONDATE	OFFERINGCOMMENCEDATE	QUALIFIEDSECURITIESSOLD	OFFERINGSECURITIESSOLD	PORTIONSECURITIESSOLDISSUER	PORTIONSOLDSECURITYHOLDERS	PRICEPERSECURITY	AGGREGRATEOFFERINGPRICE	AGGREGRATEOFFERINGPRICEHOLDERS	UNDERWRITERFEES	SALESCOMMISSIONSFEE	FINDERSFEES	AUDITORFEES	LEGALFEES	PROMOTERSFEES	BLUESKYFEES	CRDNUMBERBROKERDEALER	ISSUERNETPROCEEDS	CLARIFICATIONRESPONSES
0001144204-17-017809	1	024-10661	17-FEB-2017	17-FEB-2017	14400000	0	18000000.0	0.0	1.25						116663.0	96947.11		9035.0			
0001214659-17-001957	1	024-10484	10-MAR-2016	11-MAR-2016	5000000	2450000	2450000.0	0.0	25000.0						4000.0	1000.0			N/A	2420000.0	Net proceeds reflects deduction of estimated $25,000 in printing, filing and marketing costs.
0001690477-17-000009	1	024-10648	10-FEB-2017	13-FEB-2017	20000	20000	0.0	0.0	25.0			0.0	0.0	0.0	0.0	0.0	0.0	0.0	0	500000.0	
0000906318-17-000009	1	024-10436	05-APR-2016	05-APR-2016	1500	1500	1500000.0	0.0	1000.0						6000.0	131845.82				1248199.54	In addition to the above, fees totaling $113,954.64 were paid by the Company for offering related services, including but not limited to, for consulting services and software relating to its online offering platform.
0001644600-17-000014	1	024-10511	22-MAR-2016	22-MAR-2016	6432247	3142917	7329284.0	0.0	2.33				394000.0		6000.0	35000.0			170937	6894284.0	Price per security was $2.332
0001213900-17-000775	1	024-10507	29-SEP-2016	03-DEC-2015	3000000	429500			500.0	3000000.0	0.0				75000.0	500000.0		25000.0		429500.0	"Closing of the offering referred to above is ongoing.""Net proceeds to the issuer"" does not reflect deduction of offering expenses, because such expenses were paid by the issuer's parent pursuant to a Cost-Sharing Agreement described in this annual report."
0001615923-17-000001	1	024-10422	30-NOV-2015	30-NOV-2015	50000	0	0.0	0.0	100.0			0.0	0.0	0.0	0.0	0.0	0.0	0.0		0.0	
0001585786-17-000001	1	024-10385	31-DEC-2015	31-DEC-2015	100000	0	0.0	0.0	100.0			0.0	0.0	0.0	0.0	0.0	0.0	0.0		0.0	
0001144204-17-000601	1	024-10531	23-JUN-2016	23-JUN-2016	5000000	0	50000000.0	0.0	10.0						10000.0	40000.0				0.0	The offering did not meet the minimum amount and was cancelled.
