ACCESSION_NUMBER	CS_ID	SECURITIESCLASSTITLE	CERTIFICATIONFILENUMBER	APPROXRECORDHOLDERS
0001144204-17-017809	1	Common Stock	024-10661	0
0001214659-17-001957	1	8% Preferred Profit Participating Class A Units	024-10484	53
0001690477-17-000009	1	Investment Units consisting of Common Stock and Series A - D Warrants to purchase common stock	024-10648	2
0001644600-17-000014	1	Series A Preferred Stock	024-10511	31
0001615923-17-000001	1	Preferred Stock	024-10422	0
0001585786-17-000001	1	Convertible Preferred Stock Shares	024-10385	0
0001144204-17-000601	1	Class B Common Stock	024-10531	3
