ACCESSION_NUMBER	SO_ID	SECURITIESOFFEREDTYPES	SECURITIESOFFEREDOTHERDESC
0001144204-17-018089	1	Equity (common or preferred stock)	
0001144204-17-018083	1	Equity (common or preferred stock)	
0001144204-17-017855	1	Equity (common or preferred stock)	
0001144204-17-017771	1	Equity (common or preferred stock)	
0001493152-17-003055	1	Equity (common or preferred stock)	
0001696900-17-000008	1	Equity (common or preferred stock)	
0001144204-17-017529	1	Equity (common or preferred stock)	
0001493152-17-003016	1	Other(describe)	unsecured fixed-rate investment certificates
0001144204-17-017330	1	Other(describe)	Limited Recourse Obligation (LRO), a limited debt obligation of the issuer
0001144204-17-017251	1	Equity (common or preferred stock)	
0001681287-17-000011	1	Equity (common or preferred stock)	
0001549212-17-000005	1	Equity (common or preferred stock)	
0001213900-17-002883	1	Equity (common or preferred stock)	
0001213900-17-002859	1	Equity (common or preferred stock)	
0000916480-17-000009	1	Equity (common or preferred stock)	
0001144204-17-016251	1	Other(describe)	Limited Recourse Obligation (LRO), a limited debt obligation of the issuer
0001144204-17-016221	1	Equity (common or preferred stock)	
0001477932-17-001238	1	Equity (common or preferred stock)	
0001214659-17-002125	1	Debt	
0001104659-17-018369	1	Equity (common or preferred stock)	
0001144204-17-015675	1	Equity (common or preferred stock)	
0001640170-17-000001	1	Equity (common or preferred stock)	
0001144204-17-015475	1	Equity (common or preferred stock)	
0001213900-17-002553	1	Equity (common or preferred stock)	
0001213900-17-002557	1	Equity (common or preferred stock)	
0000916480-17-000008	1	Equity (common or preferred stock)	
0001213900-17-002457	1	Equity (common or preferred stock)	
0001681287-17-000009	1	Equity (common or preferred stock)	
0001681287-17-000008	1	Equity (common or preferred stock)	
0001681287-17-000007	1	Equity (common or preferred stock)	
0001144204-17-014960	1	Other(describe)	Limited Recourse Obligation (LRO), a limited debt obligation of the issuer
0001579586-17-000001	1	Equity (common or preferred stock)	
0001213900-17-002356	1	Equity (common or preferred stock)	
0001213900-17-002327	1	Equity (common or preferred stock)	
0001615774-17-001046	1	Equity (common or preferred stock)	
0001144204-17-014560	1	Other(describe)	Limited Recourse Obligation, a limited debt obligation of the issuer
0001699683-17-000004	1	Equity (common or preferred stock)	
0001696728-17-000003	1	Equity (common or preferred stock)	
0001615923-17-000005	1	Equity (common or preferred stock)	
0001687715-17-000003	1	Equity (common or preferred stock)	
0001699683-17-000001	1	Equity (common or preferred stock)	
0001615774-17-000955	1	Equity (common or preferred stock)	
0001697254-17-000001	2	Debt	
0001697254-17-000001	1	Equity (common or preferred stock)	
0001213900-17-002112	1	Equity (common or preferred stock)	
0001079974-17-000081	1	Equity (common or preferred stock)	
0001376474-17-000054	1	Equity (common or preferred stock)	
0001640334-17-000434	1	Equity (common or preferred stock)	
0001104659-17-014992	1	Equity (common or preferred stock)	
0001144204-17-013128	1	Equity (common or preferred stock)	
0001213900-17-001996	1	Equity (common or preferred stock)	
0001213900-17-001990	1	Equity (common or preferred stock)	
0001640334-17-000408	1	Equity (common or preferred stock)	
0001687306-17-000004	1	Equity (common or preferred stock)	
0001683168-17-000458	1	Equity (common or preferred stock)	
0000916480-17-000005	1	Equity (common or preferred stock)	
0001213900-17-001854	1	Equity (common or preferred stock)	
0001681287-17-000005	1	Equity (common or preferred stock)	
0001615774-17-000789	1	Equity (common or preferred stock)	
0001144204-17-010776	1	Equity (common or preferred stock)	
0001014897-17-000026	1	Equity (common or preferred stock)	
0001687306-17-000002	1	Equity (common or preferred stock)	
0001688437-17-000005	1	Equity (common or preferred stock)	
0001688437-17-000003	1	Equity (common or preferred stock)	
0001658959-17-000002	1	Other(describe)	Equity (Units)
0001213900-17-001690	1	Equity (common or preferred stock)	
0001688361-17-000008	1	Equity (common or preferred stock)	
0001549212-17-000002	1	Equity (common or preferred stock)	
0001144204-17-010084	1	Other(describe)	Limited Recourse Obligation (LRO), a limited debt obligation of the issuer
0001673239-17-000004	1	Equity (common or preferred stock)	
0001387131-17-000991	1	Equity (common or preferred stock)	
0001698370-17-000003	1	Equity (common or preferred stock)	
0001065949-17-000022	1	Equity (common or preferred stock)	
0001079974-17-000072	1	Equity (common or preferred stock)	
0001144204-17-009876	1	Equity (common or preferred stock)	
0001696900-17-000005	1	Equity (common or preferred stock)	
0001677159-17-000002	1	Equity (common or preferred stock)	
0001673239-17-000003	1	Equity (common or preferred stock)	
0001062993-17-001033	1	Equity (common or preferred stock)	
0001684098-17-000002	1	Equity (common or preferred stock)	
0001477932-17-000825	1	Equity (common or preferred stock)	
0001688437-17-000002	1	Equity (common or preferred stock)	
0001193125-17-043131	1	Equity (common or preferred stock)	
0001144204-17-008096	1	Equity (common or preferred stock)	
0001640334-17-000286	1	Equity (common or preferred stock)	
0001193125-17-040203	1	Equity (common or preferred stock)	
0001696900-17-000003	1	Equity (common or preferred stock)	
0001615923-17-000004	1	Equity (common or preferred stock)	
0001214659-17-001016	1	Equity (common or preferred stock)	
0001144204-17-007548	1	Equity (common or preferred stock)	
0001213900-17-001196	1	Equity (common or preferred stock)	
0001677159-17-000001	1	Equity (common or preferred stock)	
0001687715-17-000002	1	Equity (common or preferred stock)	
0001615774-17-000386	1	Equity (common or preferred stock)	
0001445866-17-000129	1	Equity (common or preferred stock)	
0001445866-17-000120	1	Equity (common or preferred stock)	
0001144204-17-005981	1	Equity (common or preferred stock)	
0001144204-17-005885	1	Equity (common or preferred stock)	
0001213900-17-000921	1	Equity (common or preferred stock)	
0001615774-17-000333	1	Equity (common or preferred stock)	
0001689536-17-000003	1	Equity (common or preferred stock)	
0001690477-17-000006	2	Option, warrant or other right to acquire another security	
0001690477-17-000006	1	Equity (common or preferred stock)	
0001477932-17-000526	1	Equity (common or preferred stock)	
0001144204-17-005330	1	Other(describe)	Limited Recourse Obligation (LRO), a limited debt obligation of the issuer
0001696728-17-000001	1	Equity (common or preferred stock)	
0001213900-17-000818	1	Equity (common or preferred stock)	
0001144204-17-005113	1	Equity (common or preferred stock)	
0001477932-17-000476	1	Equity (common or preferred stock)	
0001213900-17-000786	1	Equity (common or preferred stock)	
0001658959-17-000001	1	Equity (common or preferred stock)	
0001144204-17-004632	1	Equity (common or preferred stock)	
0001144204-17-004520	1	Equity (common or preferred stock)	
0001065949-17-000004	1	Equity (common or preferred stock)	
0001673239-17-000002	1	Equity (common or preferred stock)	
0001062993-17-000432	1	Equity (common or preferred stock)	
0001696230-17-000001	1	Equity (common or preferred stock)	
0001144204-17-004146	1	Equity (common or preferred stock)	
0001193125-17-019557	1	Equity (common or preferred stock)	
0001654954-17-000515	1	Equity (common or preferred stock)	
0001690824-17-000007	1	Equity (common or preferred stock)	
0001688361-17-000006	1	Equity (common or preferred stock)	
0001144204-17-003822	1	Other(describe)	Limited Recourse Obligation, a limited debt obligation of the issuer
0001213900-17-000662	1	Equity (common or preferred stock)	
0001681287-17-000003	1	Equity (common or preferred stock)	
0001695791-17-000002	1	Equity (common or preferred stock)	
0001694586-17-000001	1	Equity (common or preferred stock)	
0001615923-17-000003	1	Equity (common or preferred stock)	
0001477932-17-000397	1	Equity (common or preferred stock)	
0001606811-17-000001	1	Equity (common or preferred stock)	
0001684245-17-000001	1	Equity (common or preferred stock)	
0001144204-17-003489	1	Equity (common or preferred stock)	
0001213900-17-000574	2	Option, warrant or other right to acquire another security	
0001213900-17-000574	1	Equity (common or preferred stock)	
0001144204-17-003219	1	Equity (common or preferred stock)	
0001689536-17-000002	1	Equity (common or preferred stock)	
0001213900-17-000478	1	Equity (common or preferred stock)	
0001144204-17-002868	1	Equity (common or preferred stock)	
0001615774-17-000165	1	Equity (common or preferred stock)	
0001654954-17-000348	1	Equity (common or preferred stock)	
0001144204-17-002718	1	Equity (common or preferred stock)	
0001690477-17-000004	2	Option, warrant or other right to acquire another security	
0001690477-17-000004	1	Equity (common or preferred stock)	
0001144204-17-002479	1	Equity (common or preferred stock)	
0001193125-17-011250	1	Equity (common or preferred stock)	
0001144204-17-002186	1	Other(describe)	Preferred Membership Interests
0001144204-17-002036	1	Other(describe)	Limited Recourse Obligation (LRO), a limited debt obligation of the issuer
0001213900-17-000292	1	Equity (common or preferred stock)	
0001640334-17-000051	1	Equity (common or preferred stock)	
0001144204-17-001654	1	Equity (common or preferred stock)	
0000916480-17-000002	1	Equity (common or preferred stock)	
0001689536-17-000001	1	Equity (common or preferred stock)	
0001213900-17-000146	1	Equity (common or preferred stock)	
0001659173-17-000017	1	Debt	
0001477932-17-000076	1	Equity (common or preferred stock)	
0001688361-17-000004	1	Equity (common or preferred stock)	
0001104659-17-001142	1	Equity (common or preferred stock)	
0001144204-17-000974	1	Equity (common or preferred stock)	
0001144204-17-000927	1	Equity (common or preferred stock)	
0001144204-17-000906	1	Equity (common or preferred stock)	
0001686327-17-000001	1	Equity (common or preferred stock)	
0001687306-17-000001	1	Equity (common or preferred stock)	
0001493152-17-000106	1	Other(describe)	unsecured fixed-rate investment certificates
0001014897-17-000005	1	Equity (common or preferred stock)	
0001144204-17-000076	1	Equity (common or preferred stock)	
