ACCESSION_NUMBER	SIGN_ID	CIK	REGULATIONISSUERNAME1	REGULATIONISSUERNAME2	SIGNATUREBY	SIGNATURE_DATE	TITLE
0001144204-17-017809	1	0001462326	Blue Marble Energy Corp	Blue Marble Energy Corp	/s/ Wayne Rebich	30-MAR-2017	Chief Financial Officer
0001214659-17-001957	1	0001652212	Luna Azul Development Fund	Luna Azul Development Fund	/s/ Mark Roth	14-MAR-2017	Manager, L.A. Management, LLC
0001690477-17-000009	1	0001690477	Tensleep Financial Corp	Tensleep Financial Corp	Ronald S. Tucker	27-FEB-2017	CEO & President
0000906318-17-000009	1	0001629699	Fair-Haired Dumbbell LLC	Fair-Haired Dumbbell LLC	Kevin Cavenaugh	23-FEB-2017	Manager
0001644600-17-000014	1	0001606242	Virtuix Holdings Inc.	Virtuix Holdings Inc.	Jan Goetgeluk	31-JAN-2017	Chief Executive Officer
0001615923-17-000001	1	0001615923	Broadcast 3DTV, Inc.	Broadcast 3DTV, Inc.	Dean Zanetos	24-JAN-2017	Chairman of the Board
0001585786-17-000001	1	0001606811	StepOne Personal Health, Inc.	StepOne Personal Health, Inc.	Dr. Craig Brandman	24-JAN-2017	Chief Executive Officer
0001144204-17-000601	1	0001661226	ThrillCorp, Inc.	ThrillCorp, Inc.	David Gust	03-JAN-2017	Chief Executive Officer
