ACCESSION_NUMBER	STREET1	STREET2	CITY	STATEORCOUNTRY	ZIPCODE	PHONENUMBER	CONNECTIONNAME	INDUSTRYGROUP	CASHEQUIVALENTS	INVESTMENTSECURITIES	TOTALINVESTMENTS	ACCOUNTSRECEIVABLE	LOANS	PROPERTYPLANTEQUIPMENT	PROPERTYANDEQUIPMENT	TOTALASSETS	ACCOUNTSPAYABLE	POLICYLIABILITIESANDACCRUALS	DEPOSITS	LONGTERMDEBT	TOTALLIABILITIES	TOTALSTOCKHOLDEREQUITY	TOTALLIABILITIESANDEQUITY	TOTALREVENUES	TOTALINTERESTINCOME	COSTANDEXPENSESAPPLTOREVENUES	TOTALINTERESTEXPENSES	DEPRECIATIONANDAMORTIZATION	NETINCOME	EARNINGSPERSHAREBASIC	EARNINGSPERSHAREDILUTED	NAMEAUDITOR	CERTIFYIFTRUE	CERTIFYIFNOTDISQUALIFIED	CERTIFYIFBADACTOR	JURISDICTIONSOFSECOFFEREDNONE	JURISDICTIONSOFSECOFFEREDSAME	IFUNREGSITEREDNONE	SECURITIESACTEXCEMPTION
0001144204-17-018089	1601 CONNECTICUT AVENUE NW	SUITE 300	WASHINGTON	DC	20009	202-584-0550	Benjamin S. Miller	Other	5000.0	0.0		0.0		0.0		5000.0	0.0			0.0	0.0	5000.0	5000.0	0.0		0.0		0.0	0.0	0.0	0.0	RSM US LLP	true	true		true			Rise Companies Corp. has purchased 500 common shares for a purchase price of $5,000 in a private offering. Such issuance was exempt from the registration requirements of the Securities Act pursuant to Section 4(a)(2) thereof.
0001144204-17-018083	1601 CONNECTICUT AVENUE NW	SUITE 300	WASHINGTON	DC	20009	202-584-0550	Benjamin S. Miller	Other	5000.0	0.0		0.0		0.0		5000.0	0.0			0.0	0.0	5000.0	5000.0	0.0		0.0		0.0	0.0	0.0	0.0	RSM US LLP	true	true		true			Rise Companies Corp. has purchased 500 common shares for a purchase price of $5,000 in a private offering. Such issuance was exempt from the registration requirements of the Securities Act pursuant to Section 4(a)(2) thereof.
0001144204-17-017855	1 ALLIED DRIVE	SUITE 1500	LITTLE ROCK	AR	72202	501-372-6161	Thomas G. Voekler, Esq.	Other	100.0	0.0		0.0		0.0		74600.0	76472.0			0.0	76472.0	-1872.0	74600.0	0.0		1972.0		0.0	-1972.0	0.0	0.0	JPMS Cox, PLLC	true	true			true		For the issuance above, our company relied on the private placement exemption provided by Section 4(a)(2) of the Securities Act of 1933. There was no public solicitation with respect to this issuance.
0001144204-17-017771	3123 NW Industrial Street		Portland	OR	97210	503-954-1126	Sara Hanks	Other	436809.0	0.0		11280.0		116764.0		1515287.0	696602.0			0.0	2246602.0	-731315.0	1515287.0	60000.0		569803.0		106110.0	-2130330.0	-0.12	-0.12	Marcum LLP	true	true		true			Exempt from registration under Rule 506(b) and Rule 701 promulgated under the Securities Act.
0001493152-17-003055	2200 Space Park Drive, Suite 310		HOUSTON	TX	77058	732-669-1200	LAURA ANTHONY	Other	648671.0	0.0		322497.0		0.0		8838613.0	304114.0			932973.0	4130940.0	4707673.0	8838613.0	1917540.0		284922.0		84618.0	-1203627.0	-0.02	-0.02	Marcum LLP	true	true			true		The foregoing issuances were pursuant to Section 4(2) of the Securities Act of 1933, as amended, for transactions by an issuer not involving any public offering.
0001696900-17-000008	238 W CERMAK ROAD, 3A		CHICAGO	IL	60616	3122251388	Andy Lam	Other	111280.0	0.0		11832.0		1734.0		174960.0	36146.0			0.0	36146.0	138814.0	174960.0	142928.0		218315.0		0.0	-57391.0	0.0	0.0	Vince Alvarez	true	true	false	false	true	true	
0001144204-17-017529	1980 Teasel Court		Woodbridge	VA	22192	703-986-3162	Govinda Giri	Other	29273.0	0.0		0.0		0.0		51317.0	57823.0			0.0	688224.0	-636907.0	51317.0	0.0		0.0		0.0	-288880.0	-0.09	-0.09	Artesian CPA LLC	true	true			true		Private placement in reliance on Rule 506 under the Securities Act: the second offering of Class C Common Stock referred to above was sold under Regulation A of the Securities Act
0001493152-17-003016	3191 CORAL WAY #109		MIAMI	FL	33145	305-854-8113	Brian Recor	Other	503189.0	3825000.0		3694658.7		51223.0		8812237.0	7879.0			7442637.0	8044380.0	767857.0	8812237.0	881353.0		778675.0		109533.0	-6855.0	0.0	0.0	Alberini, Caballero & Castellanos, LLP	true	true		true		true	
0001144204-17-017330	75 Fifth Street, NW	Suite 2170	ATLANTA	GA	30308	404-850-9225	Nick Bhargava	Other	1065027.0	0.0		13216492.0		264419.0		14577241.0	10803044.0			0.0	13897778.0	679463.0	14577241.0	443188.0		33305.0		111247.0	-3736869.0	-3.3000000000000003	-3.3000000000000003		true	true		true			Regulation A, Rule 506 of Regulation D, and Rule 506 of Regulation D, respectively.
0001144204-17-017251	1 ALLIED DRIVE	SUITE 1500	LITTLE ROCK	AR	72202	501-372-6161	Thomas G. Voekler, Esq.	Other	100.0	0.0		0.0		0.0		74600.0	76472.0			0.0	76472.0	-1872.0	74600.0	0.0		1972.0		0.0	-1972.0	0.0	0.0	JPMS Cox, PLLC	true	true			true		For the issuance above, our company relied on the private placement exemption provided by Section 4(a)(2) of the Securities Act of 1933. There was no public solicitation with respect to this issuance.
0001681287-17-000011	616 CORPORATE WAY, SUITE 2-6564,		VALLEY COTTAGE	NY	10989	845-510-5888	Andy Altahawi	Other	127192.38	0.0		0.0		290000.0		417192.38	13347.23			20188.0	33535.23	383657.15	417192.38	124657.3		4485.27		0.0	120172.03	0.0	0.0	N/A	true	true	false	false	true	false	Section 4(a)(2) and sections 4(a)(6) and 4A of the Securities Act of 1933 and Crowdfunding 227.100-503) and
0001549212-17-000005	78 READE STREET	SUITE 4FW	NEW YORK	NY	10007	212-349-7068	William Eilers	Other	1033.0	0.0		0.0		235.0		21010.0	480.0			200000.0	334292.0	-313282.0	21010.0	720.0		366507.0		0.0	-365787.0	0.0	0.0		true	true	false	true	false	false	Section 4(2) and Section 3(a)(10)
0001213900-17-002883	7582 LAS VEGAS BLVD.		LAS VEGAS	NV	89123	702-721-9915	Mr. Darryl Payne	Other	100.0	0.0		0.0		0.0		0.0	0.0			950.0	950.0	0.0	0.0	0.0		0.0		0.0	0.0	0.0	0.0	None	true	true			true	true	
0001213900-17-002859	ONE BROADWAY	14TH FLOOR	CAMBRIDGE	MA	02142	877-736-9666	Paul Gudonis	Other	797174.0	0.0		114506.0		21563.0		1658252.0	994527.0			4578219.0	6516467.0	-4858215.0	1658252.0	1103277.0		282164.0		7731.0	-3617022.0	-4.13	-4.13	Marcum LLP	true	true			true		Rule 506 of Regulation D and Rule 701 of the Securities Act
0000916480-17-000009	307 NORTH WEBER AVENUE		STRATFORD	WI	54484	715-687-2411	Matthew D. Rowe	Banking	2808633.0	44670823.0			55436488.0		871517.0	108987224.0	1589882.0		86700412.0	0.0	94190294.0	14796930.0	108987224.0		2661484.0		373045.0	45900.0	530168.0	5.69	5.69		true	true	false	true	false	true	
0001144204-17-016251	75 Fifth Street, NW	Suite 2170	ATLANTA	GA	30308	404-850-9225	Nick Bhargava	Other	2530968.0	0.0		4748208.0		36063.0		7562171.0	5119529.0			0.0	5217433.0	2344738.0	7562171.0	96652.0		2114770.0		47315.0	-2018118.0	-0.74	-0.74	Hughes Pittman and Gupton LLP	true	true		true			Regulation A and Rule 506 of Regulation D, respectively.
0001144204-17-016221	1601 Connecticut Avenue, NW, Suite 300		Washington	DC	20009	202-584-0550	Benjamin S. Miller	Other	7224000.0	5887000.0		30000.0		0.0		13399000.0	409000.0			0.0	3354000.0	10045000.0	13399000.0	30000.0		-91000.0		0.0	-61000.0	-0.1	-0.1	RSM US LLP	true	true		true			Rise Companies Corp. and an affiliate of our sponsor have purchased an aggregate of 120,000 common shares for $1,200,000 in private placements. These were exempt from the registration requirements of the Securities Act pursuant to Section 4(a)(2).
0001477932-17-001238	496 Delaney Ave	Ste 408	Orlando	FL	32801	866-500-4500	Jillian Sidoti	Other	10000.0	0.0		0.0		0.0		10000.0	0.0			0.0	0.0	10000.0	10000.0	0.0		0.0		0.0	0.0	0.0	0.0	Spiegel Accountancy Corp.	true	true	false	true		true	
0001214659-17-002125	2323 Broadway		Oakland	CA	94612	424-262-6683	Brian S. Korn, Esq.	Other	20000.0	0.0		0.0		0.0		20000.0	5788.0			0.0	5788.0	14212.0	20000.0	0.0		0.0		0.0	14152.0	0.0	0.0	dbbmckennon	true	true		true			(i) Section 4(a)(2) of the 1933 Act; (ii) Rule 506(c) of Regulation D; and (iii) Rule 506(c) of Regulation D.
0001104659-17-018369	3003 32nd Avenue South		Fargo	ND	58103	701-239-8425	Randy Sparling	Other	6013577.0	0.0		3306527.0		342737596.0		361905005.0	10290635.0			253235248.0	263525883.0	46327585.0	361905005.0	41171146.0		27912417.0		7654901.0	5840579.0	0.84	0.84	Eide Bailly LLP	true	true	false	false	true	false	Section 4(a)(2) of the Securities Act as an issuance not involving a public offering
0001144204-17-015675	1401 N El Camino Real	Suite 203	San Clemente	CA	92672	949-361-3959	William Eilers	Other	787.0	0.0		184425.0		0.0		186712.0	618487.0			124940.0	1145084.0	-1364392.0	186712.0	144974.0		393559.0		0.0	-166307.0	0.0	0.0		true	true		true		true	
0001640170-17-000001	1050 CONNECTICUT AVE., NW	SUITE 500	WASHINGTON	DC	20036	202-236-3427	Tony Ramos	Other	0.0	0.0		0.0		0.0		0.0	0.0			0.0	0.0	0.0	0.0	0.0		0.0		0.0	0.0	0.0	0.0	0	true	true	false	false	true	false	Regulation A, as amended
0001144204-17-015475	1 ALLIED DRIVE	SUITE 1500	LITTLE ROCK	AR	72202	501-372-6161	Thomas G. Voekler, Esq.	Other	100.0	0.0		0.0		0.0		74600.0	76472.0			0.0	76472.0	-1872.0	74600.0	0.0		1972.0		0.0	-1972.0	0.0	0.0	JPMS Cox, PLLC	true	true			true		For the issuance above, our company relied on the private placement exemption provided by Section 4(a)(2) of the Securities Act of 1933. There was no public solicitation with respect to this issuance.
0001213900-17-002557	599 THIRD STREET	SUITE 211	SAN FRANCISCO	CA	94107	415-689-5605	Justin Bailey	Other	787454.0	0.0		24346.0		0.0		1831208.0	950328.0			0.0	1278813.0	552395.0	1831208.0	7871.0		0.0		0.0	-2162829.0	-2.16	-2.16	Marcum LLP	true	true		true			Section 4(a)(2): Common Stock to Loose Tooth Industries, Inc. Regulation A and Rule 506(c): Fig Game Shares - PSY2 Rule 506(c): Series Make Sail, Series Trackless, Fig WL3, Series Kingdoms and Castles, Series Little Bug and Series Solo Units.
0001213900-17-002553	301 E. PINE ST	SUITE 850	ORLANDO	FL	32801	407-986-4234	James S. Byrd, Jr.	Other	1818108.0	0.0		7412.0		17196.0		1842716.0	12002.0			1072000.0	1084002.0	758714.0	1842716.0	130106.0		903415.0		0.0	-773309.0	-0.03	-0.03	Soles, Heyn & Company LLP	true	true		true			506(b)
0000916480-17-000008	307 NORTH WEBER AVENUE		STRATFORD	WI	54484	715-687-2411	Matthew D. Rowe	Banking	2808633.0	44670823.0			55436488.0		871517.0	108987224.0	1589882.0		86700412.0	0.0	94190294.0	14796930.0	108987224.0		2661484.0		373045.0	45900.0	530168.0	5.69	5.69		true	true	false	true	false	true	
0001213900-17-002457	124 Main Street		Delhi	NY	13753	855-413-3544	Erich M. Hellmold, Esq.	Banking	3182569.0	95511675.0			159211905.0		2913001.0	308245158.0	0.0		258567636.0	0.0	282149358.0	26095800.0	308245158.0		8119773.0		1074066.0	0.0	1336456.0	0.87	0.0	Baker Tilly Virchow Krause, LLP	true	true		true			Exempt offering under Regulation A pursuant to a qualified offering statement dated March 16, 2016.
0001681287-17-000009	616 CORPORATE WAY, SUITE 2-6564,		VALLEY COTTAGE	NY	10989	845-510-5888	Andy Altahawi	Other	127192.38	0.0		0.0		290000.0		417192.38	13347.23			20188.0	33535.23	383657.15	417192.38	124657.3		4485.27		0.0	120172.03	0.0	0.0	N/A	true	true	false	false	true	false	Section 4(a)(2) and sections 4(a)(6) and 4A of the Securities Act of 1933 and Crowdfunding 227.100-503) and
0001681287-17-000008	616 CORPORATE WAY, SUITE 2-6564,		VALLEY COTTAGE	NY	10989	845-510-5888	Andy Altahawi	Other	127192.38	0.0		0.0		290000.0		417192.38	13347.23			20188.0	33535.23	383657.15	417192.38	124657.3		4485.27		0.0	120172.03	0.0	0.0	N/A	true	true	false	false	true	false	Section 4(a)(2) and sections 4(a)(6) and 4A of the Securities Act of 1933 and Crowdfunding 227.100-503) and
0001681287-17-000007	616 CORPORATE WAY, SUITE 2-6564,		VALLEY COTTAGE	NY	10989	845-510-5888	Andy Altahawi	Other	127192.38	0.0		0.0		290000.0		417192.38	13347.23			20188.0	33535.23	383657.15	417192.38	124657.3		4485.27		0.0	120172.03	0.0	0.0	N/A	true	true	false	false	true	false	Section 4(a)(2) and sections 4(a)(6) and 4A of the Securities Act of 1933 and Crowdfunding 227.100-503) and
0001144204-17-014960	75 Fifth Street, NW	Suite 2170	ATLANTA	GA	30308	404-850-9225	Nick Bhargava	Other	2530968.0	0.0		4748208.0		36063.0		7562171.0	5119529.0			0.0	5217433.0	2344738.0	7562171.0	96652.0		2114770.0		47315.0	-2018118.0	-0.74	-0.74	Hughes Pittman and Gupton LLP	true	true		true			Regulation A and Rule 506 of Regulation D, respectively.
0001579586-17-000001	1050 CONNECTICUT AVE. NW	10TH FLOOR	WASHINGTON	DC	20036	202-321-7969	Tony Ramos	Other	0.0	0.0		0.0		0.0		0.0	0.0			0.0	0.0	0.0	0.0	0.0		0.0		0.0	0.0	0.0	0.0	0	true	true	false	false	true	false	Regulation A, as amended
0001213900-17-002356	599 THIRD STREET	SUITE 211	SAN FRANCISCO	CA	94107	415-689-5605	Justin Bailey	Other	787454.0	0.0		24346.0		0.0		1831208.0	950328.0			0.0	1278813.0	552395.0	1831208.0	7871.0		0.0		0.0	-2162829.0	-2.16	-2.16	Marcum LLP	true	true		true			Shares to Loose Tooth Industries, Inc.: Section 4(a)(2); Fig Game Shares - PSY2: Regulation A and Rule 506(c), respectively; Series Make Sail, Series Trackless, Fig WL3, Series Kingdoms and Castles, Series Little Bug and Series Solo Units: Rule 506(c).
0001213900-17-002327	31563 Lindero Canyon Road, Unit 2		Westlake Village	CA	91361	1310-902-0961	Mark Hiraide	Other	182800.0	0.0		25000.0		15311.0		223111.0	79292.0			479167.0	558459.0	-335348.0	223111.0	40000.0		-30000.0		1488.0	-844479.0	-0.18	-0.18	RBSM LLP	true	true		true			Section 4(a)(2); Rule 506 of Regulation D.
0001615774-17-001046	433 NORTH CAMDEN DRIVE	SUITE 600	Beverly Hills	CA	90210	310-926-2643	Joe Tagliaferro (CKR Law, LLP)	Other	160675.0	0.0		0.0		0.0		160675.0	0.0			0.0	3000.0	157675.0	160675.0	0.0		1017325.0		0.0	-1017325.0	-0.05	-0.05	AJ Robbins CPA, LLC	true	true	true	false	true	false	The issuance of the 9,375,000 exchange shares of Common Stock is exempted from registration under Section 4(a)(2) of the Securities;
0001144204-17-014560	75 Fifth Street, NW	Suite 2170	ATLANTA	GA	30308	404-850-9225	Nick Bhargava	Other	0.0	0.0		0.0		0.0		0.0	1050.0			0.0	1050.0	-1050.0	0.0	0.0		0.0		0.0	0.0	0.0	0.0	Hughes Pittman and Gupton LLP	true	true		true			Section 4(a)(2).
0001699683-17-000004	205 CHUBB AVE		LYNDHUSRT	NJ	07071	9088640096	Andy Altahawi	Other	75.0	0.0		298786.0		0.0		298861.0	280952.0			12000.0	293827.0	5034.0	298861.0	298786.0		280952.0		12000.0	17834.0	0.0	0.0	AJSH & Co LLP	true	true	false	true	false	false	Section 4(a)(2) - an issuer not involved in any public offering. All securities sold to current directors only.
0001696728-17-000003	350 RHODE ISLAND STREET	SUITE 240	SAN FRANCISCO	CA	94103	4157673747	Zipmesh, Inc.	Other	3045.31	0.0		16074.83		11505.56		30625.7	55.09			0.0	55.09	30.0	30625.7	174.42000000000002		203045.93		0.0	0.0	0.0	0.0		true	true	false	false	true	true	
0001615923-17-000005	1020 NORTH HOLLYWOOD WAY	SUITE 120	BURBANK	CA	91505	818-568-6747	Dean Zanetos	Other	609.98	0.0		0.0		89076.51		56476.51	73281.11			0.0	73281.11	15795.4	56476.51	69.96000000000001		90570.04000000001		3736.44	0.0	0.0	0.0		true	true	false	false	true	true	
0001687715-17-000003	1 GATE SIX ROAD	SUITE 203	SAUSALITO	CA	94965	415-226-6170	Mr. Hewson Baltzell	Other	93336.17	0.0		0.0		34595.090000000004		129931.26000000001	41152.5			839374.53	888527.03	0.0	129931.26000000001	31561.32		683225.2000000001		0.0	0.0	0.0	0.0		true	true	false	false	true	true	
0001699683-17-000001	205 Chubb Ave		Lyndhusrt	NJ	07071	9088640096	Andy Altahawi	Other	75.0	0.0		298786.0		0.0		298861.0	280952.0			12000.0	293827.0	5034.0	298861.0	298786.0		280952.0		12000.0	17834.0	0.0	0.0	AJSH & Co LLP	true	true	false	true	false	false	Section 4(a)(2) - an issuer not involved in any public offering. All securities sold to current directors only.
0001615774-17-000955	433 NORTH CAMDEN DRIVE	SUITE 600	Beverly Hills	CA	90210	310-926-2643	Joe Tagliaferro (CKR Law, LLP)	Other	160675.0	0.0		0.0		0.0		160675.0	0.0			0.0	3000.0	157675.0	160675.0	0.0		1017325.0		0.0	-1017325.0	-0.05	-0.05	AJ Robbins CPA, LLC	true	true	true	false	true	false	The issuance of the 9,375,000 exchange shares of Common Stock is exempted from registration under Section 4(a)(2) of the Securities;
0001697254-17-000001	6124 PASADENA POINT BLVD S		GULFPORT	FL	33707	8134803392	Andy Altahawi	Other	0.0	0.0		0.0		0.0		0.0	0.0			0.0	10000.0	-10000.0	0.0	0.0		0.0		0.0	0.0	0.0	0.0	N/A	true	true	false	true	false	false	Section 4(a)(2) - an issuer not involved in any public offering. All securities sold to current directors only.
0001213900-17-002112	31563 Lindero Canyon Road, Unit 2		Westlake Village	CA	91361	1310-902-0961	Mark Hiraide	Other	182800.0	0.0		25000.0		15311.0		223111.0	79292.0			479167.0	558459.0	-335348.0	223111.0	40000.0		-30000.0		1488.0	-844479.0	-0.18	-0.18	RBSM LLP	true	true		true			Section 4(a)(2); Rule 506 of Regulation D.
0001079974-17-000081	7950 NW 53RD ST SUITE 337		MIAMI LAKES	FL	33166	941-347-7380	Miguel Dotres	Other	2420.0	0.0		0.0		0.0		2420.0	2900.0			0.0	6000.0	-3580.0	2420.0	0.0		0.0		0.0	-8180.0	0.0	0.0	Malone Bailey, LLP	true	true	true	true			Section 4(a)(2) - an issuer not involved in any public offering. All securities sold to current directors only.
0001376474-17-000054	ONE STEUBEN SQUARE		HORNELL	NY	14843-1699	607-324-5010	Helen A. Zamboni	Banking	14001000.0	179938000.0			297686000.0		6289000.0	516123000.0	5242000.0		418304000.0	2062000.0	464608000.0	51515000.0	516123000.0		17320000.0		1111000.0	545000.0	5419000.0	3.2800000000000002	3.2800000000000002	Crowe Horwath LLP	true	true	false	true	false	true	
0001640334-17-000434	Brookhaven Airport	222 Grand Avenue	Shirley	NY	11967	6317726677	Arden Anderson	Other	45831.0	0.0		0.0		0.0		48831.0	253900.0			0.0	253900.0	-205069.0	48831.0	0.0		0.0		0.0	-351309.0	-0.02	-0.02	L&L CPAs PA	true	true	false	true		false	Section 4(a)(2)
0001104659-17-014992	10780 Santa Monica Blvd.	Suite 140	Los Angeles	CA	90025	310-907-7144	Lauren B. Prevost	Other	76.0	0.0		0.0		0.0		274659.0	280078.0			0.0	280078.0	-5419.0	274659.0	0.0		5419.0		0.0	-5419.0	0.0	0.0	CohnReznick LLP	true	true	false	false	true	false	Section 4(a)(2) of the Securities Act
0001144204-17-013128	11319 MAPLE STREET		LOS ALAMITOS	CA	90720	919-405-1539	Sunny Barkats	Other	0.0	0.0		304000.0		0.0		304000.0	89000.0			0.0	89000.0	215000.0	304000.0	0.0		45000.0		0.0	45000.0	0.0	0.0	Fahn Kanne & Co. Grant Thornton Israel	true	true			true		Prior issuance of 18,130,000 unregistered securities to three shareholders relied on Section 4(a)(2) of the Securities Act of 1933, as a transaction by an issuer not involving a public offering.
0001213900-17-001996	ONE BROADWAY	14TH FLOOR	CAMBRIDGE	MA	02142	877-736-9666	Paul Gudonis	Other	644160.0	0.0		235240.0		23432.0		1329741.0	663165.0			2373984.0	4027542.0	-2697801.0	1329741.0	470990.0		109252.0		3996.0	-1387460.0	-0.11	-0.11	Marcum LLP	true	true			true		Rule 506 of Regulation D and Rule 701 of the Securities Act
0001213900-17-001990	599 THIRD STREET	SUITE 211	SAN FRANCISCO	CA	94107	415-689-5605	Justin Bailey	Other	787454.0	0.0		24346.0		0.0		1831208.0	950328.0			0.0	1278813.0	552395.0	1831208.0	7871.0		0.0		0.0	-2162829.0	-2.16	-2.16	Marcum LLP	true	true		true			Shares to Loose Tooth Industries, Inc.: Section 4(a)(2); Fig Game Shares - PSY2: Regulation A and Rule 506(c), respectively; Series Make Sail, Series Trackless, Fig WL3, Series Kingdoms and Castles, Series Little Bug and Series Solo Units: Rule 506(c).
0001640334-17-000408	ASU SkySong Research Building, #200	1475 N Scottsdale Road	Scottsdale	AZ	85257	512-470-6577	W. Scott Lawler	Other	4622.0	0.0		0.0		0.0		4622.0	29272.0			0.0	84212.0	-79590.0	4622.0	0.0		0.0		0.0	-16610.0	0.0	0.0	Sadler, Gibb & Associates, LLC	true	true	false		true	true	
0001687306-17-000004	245 PARK AVE, 39TH FL		NEW YORK	NY	10167	973-277-4239	FRANKLIN OGELE	Other	0.0	0.0		0.0		0.0		0.0	0.0			0.0	0.0	0.0	0.0	0.0		0.0		0.0	0.0	0.0	0.0	N/A	true	true	false	true	false	true	
0001683168-17-000458	15505 LONG VISTA DRIVE, SUITE 250		AUSTIN	TX	78728	512-225-9846	LAURA ANTHONY	Other	1540.0	0.0		0.0		0.0		1540.0	453.0			0.0	453.0	1087.0	1540.0	0.0		483.0		0.0	-483.0	0.0	0.0	Marcum LLP	true	true			true		Section 4(2) of the Securities Act of 1933, as amended
0000916480-17-000005	307 NORTH WEBER AVENUE		STRATFORD	WI	54484	715-687-2411	Matthew D. Rowe	Banking	2808633.0	44670823.0			55436488.0		871517.0	108987224.0	1589882.0		86700412.0	0.0	94190294.0	14796930.0	108987224.0		2661484.0		373045.0	45900.0	530168.0	5.69	5.69		true	true	false	true	false	true	
0001213900-17-001854	31563 Lindero Canyon Road, Unit 2		Westlake Village	CA	91361	1310-902-0961	Mark Hiraide	Other	182800.0	0.0		25000.0		15311.0		223111.0	79292.0			479167.0	558459.0	-335348.0	223111.0	40000.0		-30000.0		1488.0	-844479.0	-0.18	-0.18	RBSM LLP	true	true		true			Section 4(a)(2); Rule 506 of Regulation D.
0001681287-17-000005	616 CORPORATE WAY, SUITE 2-6564,		VALLEY COTTAGE	NY	10989	845-510-5888	Andy Altahawi	Other	127192.38	0.0		0.0		290000.0		417192.38	13347.23			20188.0	33535.23	383657.15	417192.38	124657.3		4485.27		0.0	120172.03	0.0	0.0	N/A	true	true	false	false	true	false	Section 4(a)(2) and sections 4(a)(6) and 4A of the Securities Act of 1933 and Crowdfunding 227.100-503) and
0001615774-17-000789	433 NORTH CAMDEN DRIVE	SUITE 600	Beverly Hills	CA	90210	310-926-2643	Joe Tagliaferro (CKR Law, LLP)	Other	160675.0	0.0		0.0		0.0		160675.0	0.0			0.0	3000.0	157675.0	160675.0	0.0		1017325.0		0.0	-1017325.0	-0.05	-0.05	AJ Robbins CPA, LLC	true	true	true	false	true	false	The issuance of the 9,375,000 exchange shares of Common Stock is exempted from registration under Section 4(a)(2) of the Securities;
0001144204-17-010776	11319 MAPLE STREET		LOS ALAMITOS	CA	90720	919-405-1539	Sunny Barkats	Other	0.0	0.0		304000.0		0.0		304000.0	89000.0			0.0	89000.0	215000.0	304000.0	0.0		45000.0		0.0	45000.0	0.0	0.0	Fahn Kanne & Co. Grant Thornton Israel	true	true			true		Prior issuance of 18,130,000 unregistered securities to three shareholders relied on Section 4(a)(2) of the Securities Act of 1933, as a transaction by an issuer not involving a public offering.
0001014897-17-000026	540 FRONTAGE ROAD	SUITE 3345-3375	NORTHFIELD	IL	60093-1233	847-784-0036	Zachary Walker	Other	230.0	0.0		0.0		2750.0		7980.0	1280.0			73548.0	74828.0	-66848.0	7980.0	0.0		0.0		0.0	-96848.0	0.0	0.0		true	true	false	true	false	true	
0001687306-17-000002	245 PARK AVE, 39TH FL		NEW YORK	NY	10167	973-277-4239	FRANKLIN OGELE	Other	0.0	0.0		0.0		0.0		0.0	0.0			0.0	0.0	0.0	0.0	0.0		0.0		0.0	0.0	0.0	0.0		true	true	false	true	false	false	Section 4(a)(2). An issuer not involved in public offering. All securities sold to current directors only
0001688437-17-000005	1901 AVENUE OF THE STARS	2ND FLOOR (CARE OF INDIE CROWD FUNDER)	LOS ANGELES	CA	90067	3104611676	Gregory Parker	Other	0.0	0.0		0.0		0.0		0.0	0.0			0.0	1125.0	0.0	0.0	0.0		0.0		0.0	0.0	0.0	0.0	Jason Tyra	true	true	false	false	false	false	Regulation D
0001688437-17-000003	1901 AVENUE OF THE STARS	2ND FLOOR (CARE OF INDIE CROWD FUNDER)	LOS ANGELES	CA	90067	3104611676	Gregory Parker	Other	0.0	0.0		0.0		0.0		0.0	0.0			0.0	1125.0	0.0	0.0	0.0		0.0		0.0	0.0	0.0	0.0	Jason Tyra	true	true	false	false	false	false	Regulation D
0001658959-17-000002	8711 E. PINNACLE PEAK ROAD,	PMB 178	SCOTTSDALE	AZ	85255	646-431-8783	Ian Fisher	Other	0.0	0.0		0.0		0.0		0.0	0.0			0.0	0.0	0.0	0.0	0.0		0.0		0.0	0.0	0.0	0.0	Artesian CPA, LLC	true	true	false	false	true	true	
0001213900-17-001690	ONE BROADWAY	14TH FLOOR	CAMBRIDGE	MA	02142	877-736-9666	Paul Gudonis	Other	644160.0	0.0		235240.0		23432.0		1329741.0	663165.0			2373984.0	4027542.0	-2697801.0	1329741.0	470990.0		109252.0		3996.0	-1387460.0	-0.11	-0.11	Marcum LLP	true	true			true		Rule 506 of Regulation D and Rule 701 of the Securities Act
0001688361-17-000008	MIKE KAKOGIANNAKIS	1370 WILLOW ROAD	MENLO PARK	CA	94025	514-264-1359	Alixe Cormick	Other	100.0	0.0		0.0		0.0		100.0	100750.0			0.0	100750.0	30.0	100.0	0.0		0.0		0.0	0.0	-0.03	0.03	Davidson & Company LLP	true	true	false	true	false	false	Regulation S. All investors were located in Canada.
0001549212-17-000002	78 READE STREET	SUITE 4FW	NEW YORK	NY	10007	212-349-7068	William Eilers	Other	28359.0	0.0		0.0		235.0		40098.0	480.0			500000.0	500480.0	-460382.0	40098.0	720.0		13606.0		0.0	-12886.0	0.0	0.0		true	true	false	true	false	false	Rule 3a4-1
0001144204-17-010084	75 Fifth Street, NW	Suite 2170	ATLANTA	GA	30308	404-850-9225	Nick Bhargava	Other	2530968.0	0.0		4748208.0		36063.0		7562171.0	5119529.0			0.0	5217433.0	2344738.0	7562171.0	96652.0		2114770.0		47315.0	-2018118.0	-0.74	-0.74	Hughes Pittman and Gupton LLP	true	true		true			Regulation A, Rule 506 of Regulation D, Rule 506 of Regulation D, and Rule 506 of Regulation D, respectively.
0001673239-17-000004	429 PLUMB LANE		RENO	NV	89509	561-210-7553	HAMON FRANCIS FYTTON	Other	8129.0	0.0		0.0		0.0		8129.0	16269.0			0.0	16269.0	-8140.0	8129.0	0.0		0.0		0.0	-13340.0	-0.03	-0.03		true	true	false	false	true	false	Section 4 (2) of the Act.
0001387131-17-000991	555 Madison Avenue	6th Floor	New York	NY	10022	212-692-5540	Evan Hudson	Other	1000.0	0.0		0.0		0.0		1000.0	0.0			0.0	0.0	1000.0	1000.0	0.0		0.0		0.0	0.0	0.0	0.0	Artesian CPA, LLC	true	true		true			Commencement Capital LLC has purchased 100 common shares for a purchase price of $1,000 in a private offering. Such issuance was exempt from the registration requirements of the Securities Act pursuant to Section 4(a)(2) thereof.
0001698370-17-000003	100 Kalamalka Lake Road	Unit 32	VERNON	A1	V1T 9G1	778-389-9933	Alixe Cormick	Other	407421.0	50.0		279209.0		15444.0		468241.0	282342.0			0.0	282342.0	185899.0	468241.0	90900.0		578809.0		773.0	-387771.0	-0.01	-0.01	Davidson & Company LLP	true	true	false	true	false	false	Regulation S - All sales were made to non-American residents.
0001065949-17-000022	11693 SAN VICENTE BOULEVARD, SUITE 445		LOS ANGELES	CA	90049	310-923-2827	Mark J. Richardson, Esq.	Other	12621.0	0.0		472855.0		0.0		956871.0	842678.0			0.0	1264456.0	-307585.0	956871.0	135078.0		488075.0		0.0	-355411.0	-0.04	-0.04	dbbmckennon	true	true	false	true	false	true	
0001079974-17-000072	7950 NW 53RD ST SUITE 337		MIAMI LAKES	FL	33166	941-347-7380	Miguel Dotres	Other	2420.0	0.0		0.0		0.0		2420.0	2900.0			0.0	6000.0	-3580.0	2420.0	0.0		0.0		0.0	-8180.0	0.0	0.0	Malone Bailey, LLP	true	true	true	true			Section 4(a)(2) - an issuer not involved in any public offering. All securities sold to current directors only.
0001144204-17-009876	6425 Christie Ave.	Suite 500	Emeryville	CA	94608	510-459-7894	Sara Hanks	Other	638309.0	0.0		1000.0		0.0		694288.0	101964.0			0.0	101964.0	592325.0	694288.0	23096.0		16616.0		6003.0	-1244443.0	-0.78	-0.78	Artesian CPA, LLC	true	true		true			Reg. CF under Section 4(a)(6) and Reg D under Section 4(2) of the Securities Act of 1933.
0001696900-17-000005	238 W Cermak Road, 3A		Chicago	IL	60616	3122251388	Andy Lam	Other	111287.0	0.0		11832.0		1734.0		174960.0	36145.0			0.0	36145.0	138815.0	174960.0	142928.0		218315.0		0.0	-57391.0	0.0	0.0		true	true	false	true	false	true	
0001677159-17-000002	6740 GREENBRIAR CURVE		SHAKOPEE	MN	55379	7604436744	Andy Altahawi	Other	1500.0	0.0		0.0		0.0		1500.0	0.0			0.0	0.0	1500.0	1500.0	0.0		0.0		0.0	0.0	0.0	0.0	N/A	true	true	false	true	false	false	Section 4(a)(2) - an issuer not involved in any public offering. All securities sold to current directors only.
0001673239-17-000003	429 PLUMB LANE		RENO	NV	89509	561-210-7553	HAMON FRANCIS FYTTON	Other	8129.0	0.0		0.0		0.0		8129.0	16269.0			0.0	16269.0	-8140.0	8129.0	0.0		0.0		0.0	-13340.0	-0.03	-0.03		true	true	false	false	true	false	Section 4 (2) of the Act.
0001062993-17-001033	100 TECHNOLOGY DRIVE	SUITE 315	BROOMFIELD	CO	80021	303-447-3100	Lena Phoenix	Other	220688.0	0.0		51217.0		94220.0		1040563.0	62246.0			830243.0	992896.0	47638.0	1040563.0	1323181.0		1077405.0		22971.0	118855.0	0.02	0.02	Artesian CPA	true	true	false	true	false	true	
0001684098-17-000002	1270 SE Monmouth Cutoff Road		dallas	OR	97338	650-299-1979	Adam S Tracy	Other	50105.0	0.0		0.0		2536272.0		2924377.0	0.0			0.0	0.0	2924377.0	2924377.0	0.0		0.0		5750.0	-142049.0	-0.01	-0.01	Adam Tracy	true	true	true	false	true	false	Section 4(a)(2)
0001477932-17-000825	3235 Satellite Blvd.	Ste. 290	Duluth	GA	30096	678-820-8382	Michael T. Williams	Other	12319.0	0.0		0.0		0.0		12319.0	0.0			0.0	49289.0	-36979.0	12319.0	40470.0		79057.0		0.0	-38587.0	0.0	0.0	Artesian CPA	true	true	false	true		false	Section 4(2) of 1933 Act as limited number of investors, all accredited or sophisticated, no general advertising or solicitation and full access to all company information granted.
0001688437-17-000002	1901 AVENUE OF THE STARS	2ND FLOOR (CARE OF INDIE CROWD FUNDER)	LOS ANGELES	CA	90067	3104611676	Gregory Parker	Other	0.0	0.0		0.0		0.0		0.0	0.0			0.0	1125.0	0.0	0.0	0.0		0.0		0.0	0.0	0.0	0.0	Jason Tyra	true	true	false	false	false	false	Regulation D
0001193125-17-043131	12400 Highway 71	Suite 350-256	Austin	TX	78734	844-573-4769	Erik Romberg	Other	112.0	0.0		0.0		0.0		112.0	145936.0			358683.0	504619.0	-504507.0	112.0	0.0		0.0		0.0	-74313.0	0.0	0.0	Artesian CPA, LLC	true	true	true	true		true	
0001144204-17-008096	1601 CONNECTICUT AVENUE NW, STE 300		WASHINGTON	DC	20009	202-584-0550	Benjamin S. Miller	Other	24346000.0	2062000.0		2781000.0		39000.0		89564000.0	5898000.0			43627000.0	52619000.0	36945000.0	89564000.0	2328000.0		5999000.0		0.0	-3671000.0	-0.4	-0.4	Aronson LLC	true	true		true			These purchases of shares in private offerings were exempt from the registration requirements of the Securities Act pursuant to Section 4(a)(2) thereof.
0001640334-17-000286	ASU SkySong Research Building, #200	1475 N Scottsdale Road	Scottsdale	AZ	85257	512-470-6577	W. Scott Lawler	Other	4622.0	0.0		0.0		0.0		4622.0	29272.0			0.0	84212.0	-79590.0	4622.0	0.0		0.0		0.0	-16610.0	0.0	0.0	Sadler, Gibb & Associates, LLC	true	true	false		true	true	
0001193125-17-040203	620 NEWPORT CENTER DRIVE	SUITE 1100	NEWPORT BEACH	CA	92660	949-200-4613	Michael K. Menerey	Other	980000.0	120000.0		454000.0		417000.0		3406000.0	342000.0			0.0	6113000.0	-2707000.0	3406000.0	68000.0		50000.0		12804.0	-10685000.0	-0.16	-0.16	Malone Bailey LLP	true	true	true	false		false	Exempt from registration under Rule 506(c) of the Securities Act.
0001696900-17-000003	238 W Cermak Road, 3A		Chicago	IL	60616	3122251388	Andy Lam	Other	131458.0	0.0		9188.0		1627.0		213040.0	34188.0			0.0	34188.0	178852.0	213040.0	307877.0		299713.0		0.0	8164.0	0.0	0.0	Vince Alvarez	true	true	false	true	false	true	
0001615923-17-000004	1020 NORTH HOLLYWOOD WAY	SUITE 120	BURBANK	CA	91505	818-568-6747	Dean Zanetos	Other	609.98	0.0		0.0		89076.51		56476.51	73281.11			0.0	73281.11	15795.4	56476.51	69.96000000000001		90570.04000000001		3736.44	0.0	0.0	0.0		true	true	false	false	true	true	
0001214659-17-001016	1411 5TH STREET	SUITE 406	SANTA MONICA	CA	90401	310-566-1329	Markley S. Roderick, Esq.	Other	0.0	0.0		0.0		0.0		0.0	0.0			0.0	0.0	0.0	0.0	0.0		0.0		0.0	0.0	0.0	0.0	Artesian CPA, LLC	true	true		true		true	
0001144204-17-007548	5840 Expressway		Missoula	MT	59808	406-549-2100	Jamie Ostrow	Other	2478825.0	0.0		0.0		1624100.0		4290594.0	270138.0			127419.0	407190.0	-7884425.0	4290594.0	39327.0		0.0		63583.0	-1154987.0	-0.16	-0.16	Moss Adams LLP	true	true			true	true	
0001213900-17-001196	31563 Lindero Canyon Road, Unit 2		Westlake Village	CA	91361	1310-902-0961	Mark Hiraide	Other	182800.0	0.0		25000.0		15311.0		223111.0	79292.0			479167.0	558459.0	-335348.0	223111.0	40000.0		-30000.0		1488.0	-844479.0	-0.18	-0.18	RBSM LLP	true	true		true			Section 4(a)(2); Rule 506 of Regulation D.
0001677159-17-000001	6740 GREENBRIAR CURVE		SHAKOPEE	MN	55379	7604436744	Andy Altahawi	Other	1500.0	0.0		0.0		0.0		1500.0	0.0			0.0	0.0	1500.0	1500.0	0.0		0.0		0.0	0.0	0.0	0.0	N/A	true	true	false	true	false	false	Section 4(a)(2) - an issuer not involved in any public offering. All securities sold to current directors only.
0001687715-17-000002	1 GATE SIX ROAD	SUITE 203	SAUSALITO	CA	94965	415-226-6170	Mr. Hewson Baltzell	Other	93336.17	0.0		0.0		34595.090000000004		129931.26000000001	41152.5			839374.53	888527.03	0.0	129931.26000000001	31561.32		683225.2000000001		0.0	0.0	0.0	0.0		true	true	false	false	true	true	
0001615774-17-000386	433 NORTH CAMDEN DRIVE	SUITE 600	Beverly Hills	CA	90210	310-926-2643	Joe Tagliaferro (CKR Law, LLP)	Other	160675.0	0.0		0.0		0.0		160675.0	0.0			0.0	3000.0	157675.0	160675.0	0.0		1017325.0		0.0	-1017325.0	-0.05	-0.05	AJ Robbins CPA, LLC	true	true	true	false	true	false	The issuance of the 9,375,000 exchange shares of Common Stock is exempted from registration under Section 4(a)(2) of the Securities;
0001445866-17-000129	2090 N. Kolb Road, Ste 120.		TUCSON	AZ	85715	888-444-2102	J Martin Tate	Banking	0.0	0.0			81893.0		0.0	81893.0	20017.0		0.0	85051.0	105068.0	-23085.0	81893.0		0.0		1207.0	0.0	-23085.0	-23085.0	0.0	dbbmckennon	true	true	false	false	true	false	506(b)
0001445866-17-000120	2090 N. Kolb Road, Ste 120.		TUCSON	AZ	85715	888-444-2102	J Martin Tate	Banking	0.0	0.0			81893.0		0.0	81893.0	20017.0		0.0	85051.0	105068.0	-23085.0	81893.0		0.0		1207.0	0.0	-23085.0	-23085.0	0.0	dbbmckennon	true	true	false	false	true	false	506(b)
0001144204-17-005981	1601 CONNECTICUT AVENUE NW, STE 300		WASHINGTON	DC	20009	202-584-0550	Benjamin S. Miller	Other	24346000.0	2062000.0		2781000.0		39000.0		89564000.0	5898000.0			43627000.0	52619000.0	36945000.0	89564000.0	2328000.0		5999000.0		0.0	-3671000.0	-0.4	-0.4	Aronson LLC	true	true		true			These purchases of shares in private offerings were exempt from the registration requirements of the Securities Act pursuant to Section 4(a)(2) thereof.
0001144204-17-005885	1 ALLIED DRIVE	SUITE 1500	LITTLE ROCK	AR	72202	501-372-6161	Thomas G. Voekler, Esq.	Other	100.0	0.0		0.0		0.0		74600.0	76472.0			0.0	76472.0	-1872.0	74600.0	0.0		1972.0		0.0	-1972.0	0.0	0.0	JPMS Cox, PLLC	true	true			true		For the issuance above, our company relied on the private placement exemption provided by Section 4(a)(2) of the Securities Act of 1933. There was no public solicitation with respect to this issuance.
0001213900-17-000921	599 THIRD STREET	SUITE 211	SAN FRANCISCO	CA	94107	415-689-5605	Justin Bailey	Other	787454.0	0.0		24346.0		0.0		1831208.0	950328.0			0.0	1278813.0	552395.0	1831208.0	7871.0		0.0		0.0	-2162829.0	-2.16	-2.16	Marcum LLP	true	true		true			Shares to Loose Tooth Industries, Inc.: Section 4(a)(2); Fig Game Shares - PSY2: Regulation A and Rule 506(c), respectively; Series Make Sail, Series Trackless, WL3 and Series Kingdoms and Castles Units: Rule 506(c).
0001615774-17-000333	433 NORTH CAMDEN DRIVE	SUITE 600	Beverly Hills	CA	90210	310-926-2643	Joe Tagliaferro (CKR Law, LLP)	Other	160675.0	0.0		0.0		0.0		160675.0	0.0			0.0	3000.0	157675.0	160675.0	0.0		1017325.0		0.0	-1017325.0	-0.05	-0.05	AJ Robbins CPA, LLC	true	true	true	false	true	false	The issuance of the 9,375,000 exchange shares of Common Stock is exempted from registration under Section 4(a)(2) of the Securities;
0001689536-17-000003	SANJAY MODY	2125 CENTER AVE, SUITE 414	FORT LEE	NJ	07024	2013678436	Andy Altahawi	Other	62194.0	0.0		1000.0		9070000.0		16948940.0	10000.0			55000.0	65000.0	16883940.0	16948940.0	0.0		46000.0		0.0	0.0	0.0	0.0	Ram Associate	true	true	false	true	false	false	Section 4(a)(2) - an issuer not involved in any public offering. All securities sold to current directors only.
0001690477-17-000006	1623 TRADEWINDS LANE		NEWPORT BEACH	CA	92660	9495487005	Ronald S Tucker	Other	0.0	500000.0		0.0		0.0		500000.0	120000.0			0.0	120000.0	380000.0	500000.0	0.0		0.0		0.0	0.0	0.0	0.0		true	true	false	true	false	true	
0001477932-17-000526	3235 Satellite Blvd.	Ste. 290	Duluth	GA	30096	678-820-8382	Michael T. Williams	Other	12319.0	0.0		0.0		0.0		12319.0	0.0			0.0	49289.0	-36979.0	12319.0	40470.0		79057.0		0.0	-38587.0	0.0	0.0	Artesian CPA	true	true	false	true		false	Section 4(2) of 1933 Act as limited number of investors, all accredited or sophisticated, no general advertising or solicitation and full access to all company information granted.
0001144204-17-005330	75 Fifth Street, NW	Suite 2170	ATLANTA	GA	30308	404-850-9225	Nick Bhargava	Other	2530968.0	0.0		4748208.0		36063.0		7562171.0	5119529.0			0.0	5217433.0	2344738.0	7562171.0	96652.0		2114770.0		47315.0	-2018118.0	-0.74	-0.74	Hughes Pittman and Gupton LLP	true	true		true			Regulation A, Rule 506 of Regulation D, Rule 506 of Regulation D, and Rule 506 of Regulation D, respectively.
0001696728-17-000001	350 Rhode Island Street	Suite 240	San Francisco	CA	94103	4157673747	Zipmesh, Inc.	Other	3045.31	0.0		16074.83		11505.56		30625.7	55.09			0.0	55.09	30.0	30625.7	174.42000000000002		203045.93		0.0	0.0	0.0	0.0		true	true	false	false	true	true	
0001213900-17-000818	65 Church Street, 2nd Floor		New Brunswick	NJ	08901	732-354-4766	Darin Myman	Other	126591.0	0.0		0.0		0.0		609702.0	12836.0			0.0	87487.0	522215.0	609702.0	0.0		0.0		26882.0	-571114.0	-0.04	-0.04	D. Brooks and Associates CPA's, P.A.	true	true		true			Section 4(a)(2) of the Securities Act of 1933 and Section 506 of Regulation D.
0001144204-17-005113	320 W 37TH ST	15TH FL	NEW YORK	NY	10018	844-576-0944	Fanni Koszeg	Other	99215.0	0.0		0.0		366295.0		544961.0	391415.0			0.0	3018953.0	-2473992.0	544961.0	839912.0		708285.0		38251.0	-1114003.0	-0.25	-0.25	Artesian CPA, LLC	true	true			true		Non-public offering to accredited investors
0001477932-17-000476	C/O MADYSON CAPITAL MANAGEMENT, LLC	3204 N. ACADEMY BLVD., SUITE 120	Colorado Springs	CO	80917	719-380-7484	Jillian Sidoti, Esq.	Other	0.0	0.0		0.0		0.0		0.0	0.0			0.0	0.0	0.0	0.0	0.0		0.0		0.0	0.0	0.0	0.0	Artesian CPA	true	true	false	true		true	
0001213900-17-000786	ONE BROADWAY	14TH FLOOR	CAMBRIDGE	MA	02142	877-736-9666	Paul Gudonis	Other	644160.0	0.0		235240.0		23432.0		1329741.0	663165.0			2373984.0	4027542.0	-2697801.0	1329741.0	470990.0		109252.0		3996.0	-1387460.0	-0.11	-0.11	Marcum LLP	true	true			true		Rule 506 of Regulation D and Rule 701 of the Securities Act
0001658959-17-000001	110 ALPHA PARK		CLEVELAND	OH	44143	440-573-0008	Louis S. Fisi	Other	436841.0	0.0		66341.0		0.0		1244973.0	1597379.0			3458763.0	5056142.0	-3811169.0	1244973.0	381812.0		0.0		0.0	-830834.0	-0.01	-0.01	Artesian CPA, LLC	true	true	false	false	true	false	Regulation D of the Securities Act of 1933
0001144204-17-004632	320 W 37TH ST	15TH FL	NEW YORK	NY	10018	844-576-0944	Fanni Koszeg	Other	99215.0	0.0		0.0		366295.0		544961.0	391415.0			0.0	3018953.0	-2473992.0	544961.0	839912.0		708285.0		38251.0	-1114003.0	-0.25	-0.25	Artesian CPA, LLC	true	true			true		Non-public offering to accredited investors
0001144204-17-004520	1601 CONNECTICUT AVENUE NW, STE 300		WASHINGTON	DC	20009	202-584-0550	Benjamin S. Miller	Other	24346000.0	2062000.0		2781000.0		39000.0		89564000.0	5898000.0			43627000.0	52619000.0	36945000.0	89564000.0	2328000.0		5999000.0		0.0	-3671000.0	-0.4	-0.4	Aronson LLC	true	true		true			These purchases of shares in private offerings were exempt from the registration requirements of the Securities Act pursuant to Section 4(a)(2) thereof.
0001065949-17-000004	11693 SAN VICENTE BOULEVARD, SUITE 445		LOS ANGELES	CA	90049	310-923-2827	Mark J. Richardson, Esq.	Other	12621.0	0.0		472855.0		0.0		956871.0	842678.0			0.0	1264456.0	-307585.0	956871.0	135078.0		488075.0		0.0	-355411.0	-0.04	-0.04	dbbmckennon	true	true	false	true	false	true	
0001673239-17-000002	429 PLUMB LANE		RENO	NV	89509	561-210-7553	HAMON FRANCIS FYTTON	Other	8129.0	0.0		0.0		0.0		8129.0	16269.0			0.0	16269.0	-8140.0	8129.0	0.0		0.0		0.0	-13340.0	-0.03	-0.03		true	true	false	false	true	false	Section 4 (2) of the Act.
0001062993-17-000432	100 TECHNOLOGY DRIVE	SUITE 315	BROOMFIELD	CO	80021	303-447-3100	Lena Phoenix	Other	220688.0	0.0		51217.0		99862.0		1043683.0	62246.0			830243.0	992898.0	50785.0	1043683.0	1323181.0		1065027.0		17329.0	128736.0	0.02	0.02	Artesian CPA	true	true	false	true	false	true	
0001696230-17-000001	1801 SW Tamarack Street		McMinnville	OR	97128	971-267-4684	Northwest Trout Farms, Inc.	Other	1000.0	0.0		0.0		0.0		1000.0	0.0			0.0	0.0	1000.0	1000.0	0.0		0.0		0.0	0.0	0.0	0.0		true	true	false	false	true	true	
0001144204-17-004146	1601 CONNECTICUT AVENUE NW, STE 300		WASHINGTON	DC	20009	202-584-0550	Benjamin S. Miller	Other	24346000.0	2062000.0		2781000.0		39000.0		89564000.0	5898000.0			43627000.0	52619000.0	36945000.0	89564000.0	2328000.0		5999000.0		0.0	-3671000.0	-0.4	-0.4	Aronson LLC	true	true		true			These purchases of shares in private offerings were exempt from the registration requirements of the Securities Act pursuant to Section 4(a)(2) thereof.
0001193125-17-019557	12400 Highway 71	Suite 350-256	Austin	TX	78734	844-573-4769	Erik Romberg	Other	112.0	0.0		0.0		0.0		112.0	145936.0			358683.0	504619.0	-504507.0	112.0	0.0		0.0		0.0	-74313.0	0.0	0.0	Artesian CPA, LLC	true	true	true	true		true	
0001654954-17-000515	19821 NW 2ND AVE SUITE 351		MIAMI GARDENS	FL	33169	800-372-6095	Sara Hanks	Other	0.0	0.0		0.0		0.0		110539.25	602419.22			0.0	602419.22	-57614.0	110539.25	328477.9		280692.32		0.0	-434266.05	0.0	0.0	Wipfli LLP	true	true		true		true	
0001690824-17-000007	433 Estudillo Ave., Suite 206		San Leandro	CA	94577	925-876-8832	Thomas DeNunzio	Other	0.0	0.0		0.0		0.0		0.0	5113.0			0.0	5113.0	5113.0	0.0	0.0		0.0		0.0	-30163.0	0.0	0.0	Malone Bailey, LLP	true	true			true		Section 4 (2) of the Act
0001688361-17-000006	MIKE KAKOGIANNAKIS	1370 WILLOW ROAD	MENLO PARK	CA	94025	514-264-1359	Alixe Cormick	Other	100.0	0.0		0.0		0.0		100.0	100750.0			0.0	100750.0	30.0	100.0	0.0		0.0		0.0	0.0	-0.03	0.03	Davidson & Company LLP	true	true	false	true	false	false	Regulation S. All investors were located in Canada.
0001144204-17-003822	75 Fifth Street, NW	Suite 2170	ATLANTA	GA	30308	404-850-9225	Nick Bhargava	Other	0.0	0.0		0.0		0.0		0.0	1050.0			0.0	1050.0	-1050.0	0.0	0.0		0.0		0.0	0.0	0.0	0.0	Hughes Pittman and Gupton LLP	true	true		true			Section 4(a)(2).
0001213900-17-000662	65 Church Street, 2nd Floor		New Brunswick	NJ	08901	732-354-4766	Darin Myman	Other	126591.0	0.0		0.0		0.0		609702.0	12836.0			0.0	87487.0	522215.0	609702.0	0.0		0.0		26882.0	-571114.0	-0.04	-0.04	D. Brooks and Associates CPA's, P.A.	true	true		true			Section 4(a)(2) of the Securities Act of 1933 and Section 506 of Regulation D.
0001681287-17-000003	616 Corporate Way, Suite 2-6564,		Valley Cottage	NY	10989	845-510-5888	Andy Altahawi	Other	127192.38	0.0		0.0		290000.0		417192.38	13347.23			20188.0	33535.23	383657.15	417192.38	124657.3		4485.27		0.0	120172.03	0.0	0.0	N/A	true	true	false	false	true	false	Section 4(a)(2) and sections 4(a)(6) and 4A of the Securities Act of 1933 and Crowdfunding  227.100-503) and
0001695791-17-000002	1727 Wildberry F		Glenview	IL	60025	847-728-2984	Tool Floor, Inc.	Other	65000.0	0.0		0.0		0.0		65000.0	0.0			0.0	0.0	65000.0	65000.0	0.0		0.0		0.0	0.0	0.0	0.0		true	true	false	false	true	true	
0001615923-17-000003	1020 NORTH HOLLYWOOD WAY	SUITE 120	BURBANK	CA	91505	818-568-6747	Dean Zanetos	Other	609.98	0.0		0.0		89076.51		56476.51	73281.11			0.0	73281.11	15795.4	56476.51	69.96000000000001		90570.04000000001		3736.44	0.0	0.0	0.0		true	true	false	false	true	true	
0001694586-17-000001	2906 E Caley Avenue		Centennial	CO	80121	7203642476	Thuan Lu	Other	0.0	0.0		0.0		0.0		0.0	0.0			0.0	0.0	0.0	0.0	0.0		0.0		0.0	0.0	0.0	0.0	n/a	true	true	false	true	false	true	
0001477932-17-000397	800 W Cummings Park	Suite 2000	Woburn	MA	01801	407-517-4854	William Eilers	Other	21568.0	0.0		34859.0		0.0		62442.0	2236368.0			275856.0	2512224.0	-2377944.0	62442.0	14166.0		189632.0		0.0	-5164654.0	-0.01	-0.01	None	true	true	false	true		true	
0001606811-17-000001	509 SOUTH WALL AVENUE		JOPLIN	MO	64801	650-454-0865	StepOne Personal Health, Inc.	Other	100857.0	0.0		0.0		0.0		450857.0	0.0			0.0	0.0	450857.0	450857.0	28047.0		0.0		0.0	28047.0	0.0	0.0	None	true	true	false	false	true	true	
0001684245-17-000001	GAME TIME HYDRATION, INC.	15534 SEAHORSE DRIVE	HOUSTON	TX	77062	718-213-3820	Ms. Tandrin Coleman	Other	1000.0	0.0		0.0		0.0		1000.0	0.0			0.0	0.0	1000.0	1000.0	0.0		0.0		0.0	0.0	0.0	0.0	TBD	true	true	false	false	true	true	
0001144204-17-003489	11319 MAPLE STREET		LOS ALAMITOS	CA	90720	919-405-1539	Sunny Barkats	Other	0.0	0.0		304000.0		0.0		304000.0	89000.0			0.0	89000.0	215000.0	304000.0	0.0		45000.0		0.0	45000.0	0.0	0.0	Fahn Kanne & Co. Grant Thornton Israel	true	true			true		Prior issuance of 18,130,000 unregistered securities to three shareholders relied on Section 4(a)(2) of the Securities Act of 1933, as a transaction by an issuer not involving a public offering.
0001213900-17-000574	116 South Franklin Street		Rocky Mount	NC	27804	252-984-3800	William M. Mower	Other	100000.0	0.0		0.0		0.0		100000.0	0.0			0.0	0.0	100000.0	100000.0	0.0		0.0		0.0	0.0	0.0	0.0	RSM US LLP	true	true			true	true	
0001144204-17-003219	1601 CONNECTICUT AVENUE NW, STE 300		WASHINGTON	DC	20009	202-584-0550	Benjamin S. Miller	Other	24346000.0	2062000.0		2781000.0		39000.0		89564000.0	5898000.0			43627000.0	52619000.0	36945000.0	89564000.0	2328000.0		5999000.0		0.0	-3671000.0	-0.4	-0.4	Aronson LLC	true	true		true			These purchases of shares in private offerings were exempt from the registration requirements of the Securities Act pursuant to Section 4(a)(2) thereof.
0001689536-17-000002	SANJAY MODY	2125 CENTER AVE, SUITE 414	FORT LEE	NJ	07024	2013678436	Andy Altahawi	Other	62194.0	0.0		1000.0		9070000.0		16948940.0	10000.0			55000.0	65000.0	16883940.0	16948940.0	0.0		46000.0		0.0	0.0	0.0	0.0	Ram Associate	true	true	false	true	false	false	Section 4(a)(2) - an issuer not involved in any public offering. All securities sold to current directors only.
0001213900-17-000478	31563 Lindero Canyon Road, Unit 2		Westlake Village	CA	91361	1310-902-0961	Mark Hiraide	Other	182800.0	0.0		25000.0		15311.0		223111.0	79292.0			479167.0	558459.0	-335348.0	223111.0	40000.0		-30000.0		1488.0	-844479.0	-0.18	-0.18	RBSM LLP	true	true		true			Section 4(a)(2); Rule 506 of Regulation D.
0001144204-17-002868	1980 Teasel Court		Woodbridge	VA	22192	703-986-3162	Govinda Giri	Other	29273.0	0.0		0.0		0.0		51317.0	57823.0			0.0	688224.0	-636907.0	51317.0	0.0		0.0		0.0	-288880.0	-0.09	-0.09	Artesian CPA LLC	true	true		true			Private placement in reliance on Rule 506 under the Securities Act
0001615774-17-000165	433 NORTH CAMDEN DRIVE	SUITE 600	LOS ANGELES	CA	90210	310-926-2643	Joe Tagliaferro (CKR Law, LLP)	Other	160675.0	0.0		0.0		0.0		160675.0	0.0			0.0	3000.0	157675.0	160675.0	0.0		1017325.0		0.0	-1017325.0	-0.05	-0.05	AJ Robbins CPA, LLC	true	true	true	false	true	false	The issuance of the 9,375,000 exchange shares of Common Stock is exempted from registration under Section 4(a)(2) of the Securities;
0001654954-17-000348	19821 NW 2ND AVE SUITE 351		MIAMI GARDENS	FL	33169	800-372-6095	Sara Hanks	Other	37.0	0.0		0.0		0.0		37.0	57651.0			0.0	57651.0	-57614.0	37.0	1177.0		937.0		0.0	-54403.0	0.0	0.0	Wipfli LLP	true	true		true		true	
0001144204-17-002718	320 W 37TH ST	15TH FL	NEW YORK	NY	10018	844-576-0944	Fanni Koszeg	Other	99215.0	0.0		0.0		366295.0		544961.0	391415.0			0.0	3018953.0	-2473992.0	544961.0	839912.0		708285.0		38251.0	-1114003.0	-0.25	-0.25	Artesian CPA, LLC	true	true			true		Non-public offering to accredited investors
0001690477-17-000004	1623 TRADEWINDS LANE		NEWPORT BEACH	CA	92660	9495487005	Ronald S Tucker	Other	0.0	500000.0		0.0		0.0		500000.0	120000.0			0.0	120000.0	380000.0	500000.0	0.0		0.0		0.0	0.0	0.0	0.0		true	true	false	true	false	true	
0001144204-17-002479	5 Concourse Pkwy	Suite 2850	ATLANTA	GA	30328	404-996-1474	John Hale	Other	58288.0	0.0		85994.0		3376.0		2691113.0	434275.0			483354.0	1599744.0	1091369.0	2691113.0	1404097.0		506201.0		132089.0	-204302.0	-0.06	-0.06	dbbmckennon	true	true			true		Rule 506 of Regulation D
0001193125-17-011250	620 NEWPORT CENTER DRIVE	SUITE 1100	NEWPORT BEACH	CA	92660	949-200-4613	Michael K. Menerey	Other	1737000.0	235000.0		631000.0		368000.0		29710000.0	181000.0			837000.0	47920000.0	-1821000.0	29710000.0	68000.0		50000.0		0.0	-9154000.0	-0.13	-0.13	Malone Bailey LLP	true	true	false	false		false	Exempt from registration under Rule 506(c) of the Securities Act.
0001144204-17-002186	180 Newport Center Drive	Suite 230	Newport Beach	CA	92660	949-640-0600	Jeffrey S. Marks	Other	0.0	0.0		0.0		0.0		16801.0	19777.0			0.0	19777.0	-2976.0	16801.0	0.0		0.0		0.0	-2976.0	0.0	0.0	Artesian CPA, LLC	true	true		true		true	
0001144204-17-002036	75 Fifth Street, NW	Suite 214	ATLANTA	GA	30308	404-850-9225	Nick Bhargava	Other	2530968.0	0.0		4748208.0		36063.0		7562171.0	5119529.0			0.0	5217433.0	2344738.0	7562171.0	96652.0		2114770.0		47315.0	-2018118.0	-0.74	-0.74	Hughes Pittman and Gupton LLP	true	true		true			Regulation A, Rule 506 of Regulation D, Rule 506 of Regulation D, and Rule 506 of Regulation D, respectively.
0001213900-17-000292	65 Church Street, 2nd Floor		New Brunswick	NJ	08901	732-354-4766	Darin Myman	Other	126591.0	0.0		0.0		0.0		609702.0	12836.0			0.0	87487.0	522215.0	609702.0	0.0		0.0		26882.0	-571114.0	-0.04	-0.04	D. Brooks and Associates CPA's, P.A.	true	true		true			Section 4(a)(2) of the Securities Act of 1933 and Section 506 of Regulation D.
0001640334-17-000051	ASU SkySong Research Building, #200	1475 N Scottsdale Road	Scottsdale	AZ	85257	512-470-6577	W. Scott Lawler	Other	4622.0	0.0		0.0		0.0		4622.0	29272.0			0.0	84212.0	-79590.0	4622.0	0.0		0.0		0.0	-16610.0	0.0	0.0	Sadler, Gibb & Associates, LLC	true	true	false		true	true	
0001144204-17-001654	920 Colorado Ave.		Santa Monica	CA	90401	310-458-5900	Sona Karakashian	Other	1106176.0	0.0		0.0		29353.0		1141052.0	81679.0			150000.0	231679.0	909373.0	1141052.0	0.0		0.0		5805.0	-1142303.0	0.0	0.0	dbbmckennon	true	true		true			Rayton Solar Inc. relied upon the exemption from registration contained in Rule 506(b), as such offers and sales were made only to accredited investors whose accredited status was verified.
0000916480-17-000002	307 North Weber Avenue		Stratford	WI	54484	715-687-2411	Matthew D. Rowe	Banking	2808633.0	44670823.0			55436488.0		871517.0	108987224.0	1589882.0		86700412.0	0.0	94190294.0	14796930.0	108987224.0		2661484.0		373045.0	45900.0	530168.0	5.69	5.69		true	true	false	true	false	true	
0001689536-17-000001	SANJAY MODY	2125 CENTER AVE, SUITE 414	FORT LEE	NJ	07024	2013678436	Andy Altahawi	Other	62194.0	0.0		1000.0		9070000.0		16948940.0	10000.0			55000.0	65000.0	16883940.0	16948940.0	0.0		46000.0		0.0	0.0	0.0	0.0	Ram Associate	true	true	false	true	false	false	Section 4(a)(2) - an issuer not involved in any public offering. All securities sold to current directors only.
0001213900-17-000146	ONE BROADWAY	14TH FLOOR	CAMBRIDGE	MA	02142	877-736-9666	Paul Gudonis	Other	644160.0	0.0		235240.0		23432.0		1329741.0	663165.0			2373984.0	4027542.0	-2697801.0	1329741.0	470990.0		109252.0		3996.0	-1387460.0	-0.11	-0.11	Marcum LLP	true	true			true		Rule 506 of Regulation D and Rule 701 of the Securities Act
0001659173-17-000017	2009 E. Windmill Lane		Las Vegas	NV	89123	702-240-0977	Bryan Clark, Esq.	Other	36492.0	0.0		0.0		0.0		36492.0	0.0			0.0	19395.0	17097.0	36492.0	0.0		32054.0		0.0	-32054.0	0.0	0.0	Hall & Company Certified Public Accountants & Consultants, Inc.	true	true			true		Section 4(a)(2) of the Securities Act; Rule 506 (b)
0001477932-17-000076	800 W Cummings Park	Suite 2000	Woburn	MA	01801	407-517-4854	William Eilers	Other	21568.0	0.0		34859.0		0.0		62442.0	2236368.0			275856.0	2512224.0	-2377944.0	62442.0	14166.0		189632.0		0.0	-5164654.0	-0.01	-0.01	None	true	true	false	true		true	
0001688361-17-000004	MIKE KAKOGIANNAKIS	1370 WILLOW ROAD	MENLO PARK	CA	94025	514-264-1359	Alixe Cormick	Other	100.0	0.0		0.0		0.0		100.0	100750.0			0.0	100750.0	30.0	100.0	0.0		0.0		0.0	0.0	-0.03	0.03	Davidson & Company LLP	true	true	false	true	false	false	Regulation S. All investors were located in Canada.
0001104659-17-001142	10780 Santa Monica Blvd.	Suite 140	Los Angeles	CA	90025	310-907-7144	Lauren B. Prevost	Other	76.0	0.0		0.0		0.0		274659.0	280078.0			0.0	280078.0	-5419.0	274659.0	0.0		5419.0		0.0	-5419.0	0.0	0.0	CohnReznick LLP	true	true	false	false	true	false	Section 4(a)(2) of the Securities Act
0001144204-17-000974	920 Colorado Ave.		Santa Monica	CA	90401	310-458-5900	Sona Karakashian	Other	1106176.0	0.0		0.0		29353.0		1141052.0	81679.0			150000.0	231679.0	909373.0	1141052.0	0.0		0.0		5805.0	-1142303.0	0.0	0.0	dbbmckennon	true	true		true			Rayton Solar Inc. relied upon the exemption from registration contained in Rule 506(b), as such offers and sales were made only to accredited investors whose accredited status was verified.
0001144204-17-000927	5840 Expressway		Missoula	MT	59808	406-549-2100	Jamie Ostrow	Other	2478825.0	0.0		0.0		1624100.0		4290594.0	270138.0			127419.0	407190.0	-7884425.0	4290594.0	39327.0		0.0		63583.0	-1154987.0	-0.16	-0.16	Moss Adams LLP	true	true			true	true	
0001144204-17-000906	1601 CONNECTICUT AVENUE NW, STE 300		WASHINGTON	DC	20009	202-584-0550	Benjamin S. Miller	Other	24346000.0	2062000.0		2781000.0		39000.0		89564000.0	5898000.0			43627000.0	52619000.0	36945000.0	89564000.0	2328000.0		5999000.0		0.0	-3671000.0	-0.4	-0.4	Aronson LLC	true	true		true			These purchases of shares in private offerings were exempt from the registration requirements of the Securities Act pursuant to Section 4(a)(2) thereof.
0001686327-17-000001	205 D CHUBB AVE		LYNDHUSRT	NJ	07071	6466940051	Andy Altahawi	Other	5000.0	0.0		0.0		5500000.0		5505000.0	30000.0			0.0	30000.0	5475000.0	5505000.0	0.0		0.0		0.0	0.0	0.0	0.0	N/A	true	true	false	true	false	false	Section 4(a)(2) - an issuer not involved in any public offering. All securities sold to current directors only.
0001687306-17-000001	245 PARK AVE, 39TH FL		NEW YORK	NY	10167	973-277-4239	FRANKLIN OGELE	Other	6500.0	0.0		0.0		0.0		6500.0	3500.0			0.0	3500.0	3000.0	6500.0	0.0		3500.0		0.0	-3500.0	0.0	0.0	N/A	true	true	false	true	false	true	
0001493152-17-000106	3191 CORAL WAY #109		MIAMI	FL	33145	305-854-8113	Brian Recor	Other	503189.0	3825000.0		3694658.7		51223.0		8812237.0	7879.0			7442637.0	8044380.0	767857.0	8812237.0	881353.0		778675.0		109533.0	-6855.0	0.0	0.0	Alberini, Caballero & Castellanos, LLP	true	true		true		true	
0001014897-17-000005	540 Frontage Road	Suite 3345-3375	Northfield	IL	60093-1233	847-784-0036	Zachary Walker	Other	230.0	0.0		0.0		2750.0		7980.0	1280.0			73548.0	74828.0	-66848.0	7980.0	0.0		0.0		0.0	-96848.0	0.0	0.0		true	true	false	true	false	true	
0001144204-17-000076	1980 Teasel Court		Woodbridge	VA	22192	703-986-3162	Govinda Giri	Other	29273.0	0.0		0.0		0.0		51317.0	57823.0			0.0	688224.0	-636907.0	51317.0	0.0		0.0		0.0	-288880.0	-0.09	-0.09	Artesian CPA LLC	true	true		true			Private placement in reliance on Rule 506 under the Securities Act
