ACCESSION_NUMBER	SECURITY_ID	SECURITIESISSUERNAME	SECURITIESISSUERTITLE	SECURITIESISSUEDTOTALAMOUNT	SECURITIESPRINCIPALHOLDERAMT	SECURITIESISSUEDAGGREGATEAMT	AGGREGATECONSIDERATIONBASIS
0001144204-17-018089	1	Fundrise For-Sale Housing eFUND - Los Angeles CA, LLC	Common Shares	500	500	$5,000 ($10.00 per common share)	same as above
0001144204-17-018083	1	Fundrise For-Sale Housing eFUND - Washington DC, LLC	Common Shares	500	500	$5,000 ($10.00 per common share)	same as above
0001144204-17-017855	1	CapRocq Core REIT, Inc.	Common Stock	3	0	On November 10, 2016, our company issued 1 share of its common stock to each of Messrs. Franklin McLarty, Kevin Huchingson and Beau Blair for consideration of $33.33 per person. The aggregate consideration for which the securities were issued was determined by management.	
0001144204-17-017771	4	NewsBeat Social, Inc.	Warrants to purchase common stock	872083	0	None	0
0001144204-17-017771	1	NewsBeat Social, Inc.	Warrants to purchase common stock	872083	0	None	0
0001144204-17-017771	2	NewsBeat Social, Inc.	Warrants to purchase common stock	872083	0	None	0
0001144204-17-017771	3	NewsBeat Social, Inc.	Warrants to purchase common stock	872083	0	None	0
0001144204-17-017771	6	NewsBeat Social, Inc.	Warrants to purchase common stock	872083	0	None	0
0001144204-17-017771	5	NewsBeat Social, Inc.	Warrants to purchase common stock	872083	0	None	0
0001493152-17-003055	1	Muscle Maker, Inc	Common Stock	11172217	0	Aggregate consideration: $4,685,411: Common stock issued for convertible debt: $2,621,842 at $0.40/share= 6,554,604 shares; $1,082,620 at $0.50/share= 2,165,240 shares; $980,949 at $0.40/share = 2,452,373 shares	
0001144204-17-017529	2	Sagoon Inc.	Class C Common Stock	6300	0	$22,500 at $3.75 per share (not including stock issued to broker)	
0001144204-17-017529	3	Sagoon Inc.	Class C Common Stock	6300	0	$22,500 at $3.75 per share (not including stock issued to broker)	
0001144204-17-017529	1	Sagoon Inc.	Class C Common Stock	6300	0	$22,500 at $3.75 per share (not including stock issued to broker)	
0001144204-17-017330	2	Groundfloor Finance Inc.	LROs	18852010	0	LROs in the amount of $18,852,010 were issued and sold pursuant to Offering Circular File No. 024-10496 (as may be amended and supplemented from time to time).	
0001144204-17-017330	3	Groundfloor Finance Inc.	LROs	18852010	0	LROs in the amount of $18,852,010 were issued and sold pursuant to Offering Circular File No. 024-10496 (as may be amended and supplemented from time to time).	
0001144204-17-017330	1	Groundfloor Finance Inc.	LROs	18852010	0	LROs in the amount of $18,852,010 were issued and sold pursuant to Offering Circular File No. 024-10496 (as may be amended and supplemented from time to time).	
0001144204-17-017251	1	CapRocq Core REIT, Inc.	Common Stock	3	0	On November 10, 2016, our company issued 1 share of its common stock to each of Messrs. Franklin McLarty, Kevin Huchingson and Beau Blair for consideration of $33.33 per person. The aggregate consideration for which the securities were issued was determined by management.	
0001681287-17-000011	1	MOBODEXTER , INC.	Common Stock	20000000	0	267,391	
0001549212-17-000005	1	HempAmericana, Inc.	Class A Common Shares	369760000	0	Approximately $400,000.00	
0001213900-17-002859	3	Myomo, Inc.	Convertible Promissory Notes	10000	0	$10,000 in cash proceeds	
0001213900-17-002859	4	Myomo, Inc.	Convertible Promissory Notes	10000	0	$10,000 in cash proceeds	
0001213900-17-002859	1	Myomo, Inc.	Convertible Promissory Notes	10000	0	$10,000 in cash proceeds	
0001213900-17-002859	2	Myomo, Inc.	Convertible Promissory Notes	10000	0	$10,000 in cash proceeds	
0001144204-17-016251	1	Groundfloor Finance Inc.	LROs	18303150	0	LROs in the amount of $18,303,150 were issued and sold pursuant to Offering Circular File No. 024-10496 (as may be amended and supplemented from time to time).	
0001144204-17-016251	2	Groundfloor Finance Inc.	LROs	18303150	0	LROs in the amount of $18,303,150 were issued and sold pursuant to Offering Circular File No. 024-10496 (as may be amended and supplemented from time to time).	
0001144204-17-016221	1	Fundrise Real Estate Investment Trust, LLC	Common Shares	120000	0	$1,200,000 ($10.00 per common share)	
0001214659-17-002125	2	CNote Group, Inc.	Common stock, par value $0.00001 per share	6000000	6000000	$60 aggregate consideration for 6,000,000 shares of common stock, par value $0.00001 per share, purchased at par value. 25% of these shares vest in each of the next four years, beginning on either April 22, 2017 or June 17, 2017.	$60
0001214659-17-002125	3	CNote Group, Inc.	Common stock, par value $0.00001 per share	6000000	6000000	$60 aggregate consideration for 6,000,000 shares of common stock, par value $0.00001 per share, purchased at par value. 25% of these shares vest in each of the next four years, beginning on either April 22, 2017 or June 17, 2017.	$60
0001214659-17-002125	1	CNote Group, Inc.	Common stock, par value $0.00001 per share	6000000	6000000	$60 aggregate consideration for 6,000,000 shares of common stock, par value $0.00001 per share, purchased at par value. 25% of these shares vest in each of the next four years, beginning on either April 22, 2017 or June 17, 2017.	$60
0001104659-17-018369	1	Dakota Real Estate Investment Trust	Class A and Class B Shares	383771	0	$4,903,133 Shares were issued under dividend reinvestment plan to existing shareholders of Dakota REIT and under a distribution investment plan for limited partners of the UPREIT for which Dakota REIT is the general partner. The per share price was at a 10% discount from the value of the units then being offered by the UPREIT. The value of the UPREIT units has been the per share offering price for shares in Dakota REIT.	
0001640170-17-000001	1	Western Gateway Region Rural Broadband Company, Inc.	common/voting	352943	0	3000000 based upon original project size issue to first shareholders/founders at par value.	
0001213900-17-002557	1	Fig Publishing, Inc.	Common Stock	1000000	0	"$493,470. Issuer's parent was purchaser. It transferred $104,540 of assets to issuer and incurred $388,930 of expenses on issuer's behalf. ADDITIONAL UNREGISTERED SECURITIES: As of the date hereof, issuer was in the process of closing its offering of Fig Game Shares - PSY2 pursuant to Regulation A offering statement qualified 9/29/16, and so far has closed on $459,000 of sales. In 11/16, issuer issued 327 Fig Game Shares - PSY2 to accredited investors for $159,500. In 11/16, Fig Small Batch, LLC, a limited liability company of which issuer is managing member (""Fig Small Batch""), issued 21 Series Make Sail Units to accredited investors for $21,000. In 12/16, Fig Small Batch issued 5 Series Trackless Units to accredited investors for $5,000. In 1/17 and 2/17, Fig WL3, LLC, a limited liability company of which issuer is managing member, issued 985 Fig WL3 Units to accredited investors $985,000. In 1/17, Fig Small Batch issued 74 Series Kingdoms and Castles Units to accredited investors for $74,000. In 2/17 and 3/17, Fig Small Batch issued 12 Series Little Bug Units to accredited investors for $12,000. In 2/17, Fig Small Batch issued 28 Series Solo Units to accredited investors for $28,000."	
0001144204-17-015475	1	CapRocq Core REIT, Inc.	Common Stock	3	0	On November 10, 2016, our company issued 1 share of its common stock to each of Messrs. Franklin McLarty, Kevin Huchingson and Beau Blair for consideration of $33.33 per person. The aggregate consideration for which the securities were issued was determined by management.	
0001213900-17-002553	1	Legion Capital Corporation	Class A Common	11799500	0	$1,799,500 - $1 per share sold	
0001213900-17-002457	1	DELHI BANK CORP	Common Stock	26731	0	$570,729. Based on market price preceding the investment date.	
0001681287-17-000009	1	MOBODEXTER , INC.	Common Stock	20000000	0	267,391	
0001681287-17-000008	1	MOBODEXTER , INC.	Common Stock	20000000	0	267,391	
0001681287-17-000007	1	MOBODEXTER , INC.	Common Stock	20000000	0	267,391	
0001144204-17-014960	2	Groundfloor Finance Inc.	LROs	18522950	0	LROs in the amount of $18,522,950 were issued and sold pursuant to Offering Circular File No. 024-10496 (as may be amended and supplemented from time to time).	
0001144204-17-014960	1	Groundfloor Finance Inc.	LROs	18522950	0	LROs in the amount of $18,522,950 were issued and sold pursuant to Offering Circular File No. 024-10496 (as may be amended and supplemented from time to time).	
0001579586-17-000001	1	Finger Lakes Region Rural Broadband Company, Inc.	common/voting	588238	0	3000000, based upon original project size issue to first shareholders/founders at par value	
0001213900-17-002356	1	Fig Publishing, Inc.	Common Stock	1000000	0	"$493,470. Issuer's parent was purchaser. It transferred $104,540 of assets to issuer and incurred $388,930 of expenses on issuer's behalf. ADDITIONAL UNREGISTERED SECURITIES: As of the date hereof, issuer was in the process of closing its offering of Fig Game Shares - PSY2 pursuant to Regulation A offering statement qualified 9/29/16, and has so far closed on $434,000 of sales. In 11/16, issuer issued 327 Fig Game Shares - PSY2 to accredited investors for $159,500. In 11/16, Fig Small Batch, LLC, a limited liability company of which issuer is managing member (""Fig Small Batch""), issued 21 Series Make Sail Units to accredited investors for $21,000. In 12/16, Fig Small Batch issued 5 Series Trackless Units to accredited investors for $5,000. In 1/17 and 2/17, Fig WL3, LLC, a limited liability company of which issuer is managing member, issued 985 Fig WL3 Units to accredited investors $985,000. In 1/17, Fig Small Batch issued 74 Series Kingdoms and Castles Units to accredited investors for $74,000. In 2/17, Fig Small Batch issued 7 Series Little Bug Units to accredited investors for $7,000. In 2/17, Fig Small Batch issued 28 Series Solo Units to accredited investors for $28,000."	
0001213900-17-002327	1	New Media Trader, Inc.	Convertible Notes	1200000	0	$1200000	
0001615774-17-001046	1	YayYo, LLC	Common Stock	25000000	0	9375000	
0001144204-17-014560	1	Groundfloor Real Estate 1, LLC	Membership Interests	100	0	Membership interests were issued for $100.	
0001699683-17-000004	1	Long Fin Corp	Common	7500000	0	75	
0001699683-17-000001	1	Long Fin Corp	Common	7500000	0	75	
0001615774-17-000955	1	YayYo, LLC	Common Stock	25000000	0	9375000	
0001697254-17-000001	1	BUY SMART STORAGE SOLUTIONS CORP	Common	10000000	0	20000	
0001213900-17-002112	1	New Media Trader, Inc.	Convertible Notes	1200000	0	$1200000	
0001079974-17-000081	1	Sanz Solutions, Inc.	Common shares	45000000	0	30,000,000 at par value for $3,000, 15,000,000 at fair value of $1,500.	
0001640334-17-000434	1	Stealth Air Corp	Common Stock	18260039	5352901	16,239,702 shares sold to founders for $16,240 or $0.001 per share and 1,658,000 shares sold to unafiliated investors for $621,750 or $0.375 per share	$5353
0001104659-17-014992	1	MogulREIT I, LLC	Common shares	250	0	$2,500 (250 shares at $10.00 per common share)	
0001144204-17-013128	1	Medivie USA Inc.	Common stock	18130000	0	16,200,000 shares - $230,000; 1,800,000 shares - services valued at $30,000.	
0001213900-17-001996	2	Myomo, Inc.	Convertible Promissory Notes	10000	0	$10,000 in cash proceeds	
0001213900-17-001996	1	Myomo, Inc.	Convertible Promissory Notes	10000	0	$10,000 in cash proceeds	
0001213900-17-001996	4	Myomo, Inc.	Convertible Promissory Notes	10000	0	$10,000 in cash proceeds	
0001213900-17-001996	3	Myomo, Inc.	Convertible Promissory Notes	10000	0	$10,000 in cash proceeds	
0001213900-17-001990	1	Fig Publishing, Inc.	Common Stock	1000000	0	"$493,470. Issuer's parent was purchaser. It transferred $104,540 of assets to issuer and incurred $388,930 of expenses on issuer's behalf. ADDITIONAL UNREGISTERED SECURITIES: As of the date hereof, issuer was in the process of closing its offering of Fig Game Shares - PSY2 pursuant to Regulation A offering statement qualified 9/29/16, and has so far closed on $434,000 of sales. In 11/16, issuer issued 327 Fig Game Shares - PSY2 to accredited investors for $159,500. In 11/16, Fig Small Batch, LLC, a limited liability company of which issuer is managing member (""Fig Small Batch""), issued 21 Series Make Sail Units to accredited investors for $21,000. In 12/16, Fig Small Batch issued 5 Series Trackless Units to accredited investors for $5,000. In 1/17 and 2/17, Fig WL3, LLC, a limited liability company of which issuer is managing member, issued 985 Fig WL3 Units to accredited investors $985,000. In 1/17, Fig Small Batch issued 74 Series Kingdoms and Castles Units to accredited investors for $74,000. In 2/17, Fig Small Batch issued 7 Series Little Bug Units to accredited investors for $7,000. In 2/17, Fig Small Batch issued 28 Series Solo Units to accredited investors for $28,000."	
0001683168-17-000458	1	Ronco Brands, Inc.	Common Stock and Preferred Stock	17500000	0	$1,750.00 which includes the sale of shares of common stock (7,050,000) and preferred stock (10,450,000) under Section 4(2) of the Securities Act of 1933, as amended, for transactions by an issuer not involving any public offering.  Shares were sold at a purchase price of $0.0001 per share.	
0001213900-17-001854	1	New Media Trader, Inc.	Convertible Notes	1200000	0	$1200000	
0001681287-17-000005	1	MOBODEXTER , INC.	Common Stock	20000000	0	267,391	
0001615774-17-000789	1	YayYo, LLC	Common Stock	25000000	0	9375000	
0001144204-17-010776	1	Medivie USA Inc.	Common stock	18130000	0	16,200,000 shares - $230,000; 1,800,000 shares - services valued at $30,000.	
0001687306-17-000002	1	FIRST PHOENIX INVESTMENTS, INC.	COMMON STOCK	30000000	0	3000 @ $0.0001 PAR	
0001688437-17-000005	1	Indie Crowd Funder, LLC.	Common Shares	875	875	$1.00 per common share.	same as above.
0001688437-17-000003	1	Indie Crowd Funder, LLC.	Common Shares	875	875	$1.00 per common share.	same as above.
0001213900-17-001690	4	Myomo, Inc.	Convertible Promissory Notes	10000	0	$10,000 in cash proceeds	
0001213900-17-001690	3	Myomo, Inc.	Convertible Promissory Notes	10000	0	$10,000 in cash proceeds	
0001213900-17-001690	2	Myomo, Inc.	Convertible Promissory Notes	10000	0	$10,000 in cash proceeds	
0001213900-17-001690	1	Myomo, Inc.	Convertible Promissory Notes	10000	0	$10,000 in cash proceeds	
0001688361-17-000008	2	Dubuc Motors Inc	Class A Common Shares	26445000	0	26,445,000 x $0.000001 per share = $26.45	
0001688361-17-000008	1	Dubuc Motors Inc	Class A Common Shares	26445000	0	26,445,000 x $0.000001 per share = $26.45	
0001549212-17-000002	1	HempAmericana, Inc.	Class A Common Shares	44601962	0	Approximately $2,164,120 based on various employment agreements, services rendered and loan repayments.	
0001144204-17-010084	3	Groundfloor Finance Inc.	LROs	18075720	0	LROs in the amount of $18,075,720 were issued and sold pursuant to Offering Circular File No. 024-10496 (as may be amended and supplemented from time to time).	
0001144204-17-010084	2	Groundfloor Finance Inc.	LROs	18075720	0	LROs in the amount of $18,075,720 were issued and sold pursuant to Offering Circular File No. 024-10496 (as may be amended and supplemented from time to time).	
0001144204-17-010084	4	Groundfloor Finance Inc.	LROs	18075720	0	LROs in the amount of $18,075,720 were issued and sold pursuant to Offering Circular File No. 024-10496 (as may be amended and supplemented from time to time).	
0001144204-17-010084	1	Groundfloor Finance Inc.	LROs	18075720	0	LROs in the amount of $18,075,720 were issued and sold pursuant to Offering Circular File No. 024-10496 (as may be amended and supplemented from time to time).	
0001673239-17-000004	2	MAYFLOWER INVESTMENT GROUP INC	COMMON	500000	500000	0.001 par value	0
0001673239-17-000004	1	MAYFLOWER INVESTMENT GROUP INC	COMMON	500000	500000	0.001 par value	0
0001387131-17-000991	1	NY Residential REIT, LLC	Common Stock	100	100	$1,000 ($10.00 per common share)	0
0001698370-17-000003	1	True Leaf Medicine International Ltd.	common shares	8091568	0	$1,182,790 Canadian Dollars	
0001079974-17-000072	1	Sanz Solutions, Inc.	Common shares	45000000	0	30,000,000 at par value for $3,000, 15,000,000 at fair value of $1,500.	
0001144204-17-009876	3	Legion M Entertainment, Inc.	Class A Common Stock	142857	0	$999,999 at $7.00 per share	
0001144204-17-009876	1	Legion M Entertainment, Inc.	Class A Common Stock	142857	0	$999,999 at $7.00 per share	
0001144204-17-009876	2	Legion M Entertainment, Inc.	Class A Common Stock	142857	0	$999,999 at $7.00 per share	
0001673239-17-000003	1	MAYFLOWER INVESTMENT GROUP INC	COMMON	500000	500000	0.001 par value	0
0001677159-17-000002	1	Bofat Investemnts Inc.	Common	15000000	0	31500	
0001673239-17-000003	2	MAYFLOWER INVESTMENT GROUP INC	COMMON	500000	500000	0.001 par value	0
0001684098-17-000002	1	American Gas and Technology LP	Limited Partnership Units	11645814	0	3066425	
0001477932-17-000825	3	TMPOS, INC.	Common Stock	35000000	0	35,000,000 founder shares at $.0001 par value upon formation for total $3,500.	
0001477932-17-000825	1	TMPOS, INC.	Common Stock	35000000	0	35,000,000 founder shares at $.0001 par value upon formation for total $3,500.	
0001477932-17-000825	2	TMPOS, INC.	Common Stock	35000000	0	35,000,000 founder shares at $.0001 par value upon formation for total $3,500.	
0001688437-17-000002	1	Indie Crowd Funder, LLC.	Common Shares	875	875	$1.00 per common share.	same as above.
0001144204-17-008096	2	Rise Companies Corp.	Class A Common Stock	208000	0	0	
0001144204-17-008096	1	Rise Companies Corp.	Class A Common Stock	208000	0	0	
0001193125-17-040203	2	ADOMANI, Inc.	Founders' Stock	10217150	9010000	The Founders' stock was issued for an aggregate amount of $20,434.30 which represents $0.002 per share.	The Founders' stock was issued for an aggregate amount of $18,020.00 which represents $0.002 per share.
0001193125-17-040203	3	ADOMANI, Inc.	Founders' Stock	10217150	9010000	The Founders' stock was issued for an aggregate amount of $20,434.30 which represents $0.002 per share.	The Founders' stock was issued for an aggregate amount of $18,020.00 which represents $0.002 per share.
0001193125-17-040203	4	ADOMANI, Inc.	Founders' Stock	10217150	9010000	The Founders' stock was issued for an aggregate amount of $20,434.30 which represents $0.002 per share.	The Founders' stock was issued for an aggregate amount of $18,020.00 which represents $0.002 per share.
0001193125-17-040203	1	ADOMANI, Inc.	Founders' Stock	10217150	9010000	The Founders' stock was issued for an aggregate amount of $20,434.30 which represents $0.002 per share.	The Founders' stock was issued for an aggregate amount of $18,020.00 which represents $0.002 per share.
0001213900-17-001196	1	New Media Trader, Inc.	Convertible Notes	1200000	0	$1200000	
0001677159-17-000001	1	Bofat Investments inc	Common	15000000	0	31500	
0001615774-17-000386	1	YayYo, LLC	Common Stock	25000000	0	9375000	
0001445866-17-000129	2	Secured Real Estate Income Fund I, LLC	limited liability company interests	2183425	0	2183425	
0001445866-17-000129	1	Secured Real Estate Income Fund I, LLC	limited liability company interests	2183425	0	2183425	
0001445866-17-000120	1	Secured Real Estate Income Fund I, LLC	limited liability company interests	2183425	0	2183425	
0001445866-17-000120	2	Secured Real Estate Income Fund I, LLC	limited liability company interests	2183425	0	2183425	
0001144204-17-005981	2	Rise Companies Corp.	Class A Common Stock	208000	0	0	
0001144204-17-005981	1	Rise Companies Corp.	Class A Common Stock	208000	0	0	
0001144204-17-005885	1	CapRocq Core REIT, Inc.	Common Stock	3	0	On November 10, 2016, our company issued 1 share of its common stock to each of Messrs. Franklin McLarty, Kevin Huchingson and Beau Blair for consideration of $33.33 per person. The aggregate consideration for which the securities were issued was determined by management.	
0001213900-17-000921	1	Fig Publishing, Inc.	Common Stock	1000000	0	$493,470. The issuer's parent, Loose Tooth Industries, Inc., formed the issuer on October 8, 2015. Upon formation, one share was transferred to the parent, which was split into 1,000,000 shares when the issuer's charter was amended in December 2015. The parent has transferred assets to the issuer with a carrying value of $104,540 and has incurred expenses on the issuer's behalf of $388,930. ADDITIONAL UNREGISTERED SECURITIES ISSUANCES: 1. As of the date of this filing, the issuer was in the process of closing the issuer's offering of Fig Game Shares - PSY2 to qualified purchasers pursuant to an offering statement under Regulation A that was qualified by the Commission on September 29, 2016, and has so far closed on $429,500 of gross proceeds. 2. The issuer currently expects to offer up to approximately $14,250,000 of securities under Regulation A during 2017, including up to $3 million of Fig Game Shares - PSY2 and up to $1,250,000 of the securities to be offered in connection with this filing. 3. In November 2016, the issuer issued 327 Fig Game Shares - PSY2 to accredited investors for an aggregate consideration of $159,500. 4. In November 2016, Fig Small Batch, LLC, a limited liability company of which the issuer is the managing member, issued 21 Series Make Sail Units, each such unit representing a limited liability company interest in such limited liability company, to accredited investors for an aggregate consideration of $21,000. 5. In December 2016, Fig Small Batch, LLC, a limited liability company of which the issuer is the managing member, issued 5 Series Trackless Units, each such unit representing a limited liability company interest in such limited liability company, to accredited investors for an aggregate consideration of $5,000. 6. In January 2017, Fig WL3, LLC, a limited liability company of which the issuer is the managing member, issued 965 WL3 Units, each such unit representing a limited liability company interest in such limited liability company	
0001615774-17-000333	1	YayYo, LLC	Common Stock	25000000	0	9375000	
0001689536-17-000003	1	Nano Stone Inc	Common	8800000	8800000	0	46,806
0001477932-17-000526	2	TMPOS, INC.	Common Stock	35000000	0	35,000,000 founder shares at $.0001 par value upon formation for total $3,500.	
0001477932-17-000526	1	TMPOS, INC.	Common Stock	35000000	0	35,000,000 founder shares at $.0001 par value upon formation for total $3,500.	
0001477932-17-000526	3	TMPOS, INC.	Common Stock	35000000	0	35,000,000 founder shares at $.0001 par value upon formation for total $3,500.	
0001144204-17-005330	1	Groundfloor Finance Inc.	LROs	18431190	0	LROs were issued for aggregate principal amount of $18,431,190 pursuant to Offering Circular File No. 024-10496 (as may be amended and supplemented from time to time).	
0001144204-17-005330	4	Groundfloor Finance Inc.	LROs	18431190	0	LROs were issued for aggregate principal amount of $18,431,190 pursuant to Offering Circular File No. 024-10496 (as may be amended and supplemented from time to time).	
0001144204-17-005330	3	Groundfloor Finance Inc.	LROs	18431190	0	LROs were issued for aggregate principal amount of $18,431,190 pursuant to Offering Circular File No. 024-10496 (as may be amended and supplemented from time to time).	
0001144204-17-005330	2	Groundfloor Finance Inc.	LROs	18431190	0	LROs were issued for aggregate principal amount of $18,431,190 pursuant to Offering Circular File No. 024-10496 (as may be amended and supplemented from time to time).	
0001213900-17-000818	4	DatChat, Inc.	Common Stock	2075000	0	No cash consideration was paid. Shares issued in consideration of consulting services rendered. Based on $.20 per share.	
0001213900-17-000818	5	DatChat, Inc.	Common Stock	2075000	0	No cash consideration was paid. Shares issued in consideration of consulting services rendered. Based on $.20 per share.	
0001213900-17-000818	3	DatChat, Inc.	Common Stock	2075000	0	No cash consideration was paid. Shares issued in consideration of consulting services rendered. Based on $.20 per share.	
0001213900-17-000818	2	DatChat, Inc.	Common Stock	2075000	0	No cash consideration was paid. Shares issued in consideration of consulting services rendered. Based on $.20 per share.	
0001213900-17-000818	1	DatChat, Inc.	Common Stock	2075000	0	No cash consideration was paid. Shares issued in consideration of consulting services rendered. Based on $.20 per share.	
0001144204-17-005113	1	Keen Home Inc.	Convertible Notes	2810000	0	$2,810,000	
0001213900-17-000786	4	Myomo, Inc.	Convertible Promissory Notes	1030000	0	$1,030,000 in cash proceeds	
0001213900-17-000786	3	Myomo, Inc.	Convertible Promissory Notes	1030000	0	$1,030,000 in cash proceeds	
0001213900-17-000786	2	Myomo, Inc.	Convertible Promissory Notes	1030000	0	$1,030,000 in cash proceeds	
0001213900-17-000786	1	Myomo, Inc.	Convertible Promissory Notes	1030000	0	$1,030,000 in cash proceeds	
0001658959-17-000001	1	Teraphysics Coroporation	Common Stock	3448750	0	$3,448,750 which includes the sale of shares in a Private Placement Reg D to accredited investors, services, warrants, accrued payroll, bonus, and conversion of preferred to common shares.	
0001144204-17-004632	1	Keen Home Inc.	Convertible Notes	2810000	0	$2,810,000	
0001144204-17-004520	2	Rise Companies Corp.	Class A Common Stock	208000	0	0	
0001144204-17-004520	1	Rise Companies Corp.	Class A Common Stock	208000	0	0	
0001673239-17-000002	1	MAYFLOWER INVESTMENT GROUP INC	COMMON	500000	500000	0.001 par value	0
0001673239-17-000002	2	MAYFLOWER INVESTMENT GROUP INC	COMMON	500000	500000	0.001 par value	0
0001144204-17-004146	2	Rise Companies Corp.	Class A Common Stock	208000	0	0	
0001144204-17-004146	1	Rise Companies Corp.	Class A Common Stock	208000	0	0	
0001690824-17-000007	1	Global Pharma Labs, Inc.	Common Stock	50500000	50500000	.0001	0
0001688361-17-000006	2	Dubuc Motors Inc	Class A Common Shares	26445000	0	26,445,000 x $0.000001 per share = $26.45	
0001688361-17-000006	1	Dubuc Motors Inc	Class A Common Shares	26445000	0	26,445,000 x $0.000001 per share = $26.45	
0001144204-17-003822	1	Groundfloor Real Estate 1, LLC	Membership Interests	100	0	Membership interests were issued for $100.	
0001213900-17-000662	3	DatChat, Inc.	Common Stock	2075000	0	No cash consideration was paid. Shares issued in consideration of consulting services rendered. Based on $.20 per share.	
0001213900-17-000662	4	DatChat, Inc.	Common Stock	2075000	0	No cash consideration was paid. Shares issued in consideration of consulting services rendered. Based on $.20 per share.	
0001213900-17-000662	5	DatChat, Inc.	Common Stock	2075000	0	No cash consideration was paid. Shares issued in consideration of consulting services rendered. Based on $.20 per share.	
0001213900-17-000662	2	DatChat, Inc.	Common Stock	2075000	0	No cash consideration was paid. Shares issued in consideration of consulting services rendered. Based on $.20 per share.	
0001213900-17-000662	1	DatChat, Inc.	Common Stock	2075000	0	No cash consideration was paid. Shares issued in consideration of consulting services rendered. Based on $.20 per share.	
0001681287-17-000003	1	MOBODEXTER , INC.	Common Stock	20000000	0	267,391	
0001144204-17-003489	1	Medivie USA Inc.	Common stock	18130000	0	16,200,000 shares - $230,000; 1,800,000 shares - services valued at $30,000.	
0001144204-17-003219	1	Rise Companies Corp.	Class A Common Stock	208000	0	0	
0001144204-17-003219	2	Rise Companies Corp.	Class A Common Stock	208000	0	0	
0001689536-17-000002	1	Nano Stone Inc	Common	8800000	8800000	0	46,806
0001213900-17-000478	1	New Media Trader, Inc.	Convertible Notes	1200000	0	$1200000	
0001144204-17-002868	2	Sagoon Inc.	Class C Common Stock	6300	0	$22,500 at $3.75 per share (not including stock issued to broker)	
0001144204-17-002868	1	Sagoon Inc.	Class C Common Stock	6300	0	$22,500 at $3.75 per share (not including stock issued to broker)	
0001615774-17-000165	1	YayYo, LLC	Common Stock	25000000	0	9375000	
0001144204-17-002718	1	Keen Home Inc.	Convertible Notes	2810000	0	$2,810,000	
0001144204-17-002479	1	Worthpoint Corp	Convertible Debt	429500	0	$429,500	
0001193125-17-011250	5	ADOMANI, Inc.	Founders' Stock	10217150	9010000	The Founders' stock was issued for an aggregate amount of $20,434.30 which represents $0.002 per share.	The Founders' stock was issued for an aggregate amount of $18,020.00 which represents $0.002 per share.
0001193125-17-011250	4	ADOMANI, Inc.	Founders' Stock	10217150	9010000	The Founders' stock was issued for an aggregate amount of $20,434.30 which represents $0.002 per share.	The Founders' stock was issued for an aggregate amount of $18,020.00 which represents $0.002 per share.
0001193125-17-011250	3	ADOMANI, Inc.	Founders' Stock	10217150	9010000	The Founders' stock was issued for an aggregate amount of $20,434.30 which represents $0.002 per share.	The Founders' stock was issued for an aggregate amount of $18,020.00 which represents $0.002 per share.
0001193125-17-011250	2	ADOMANI, Inc.	Founders' Stock	10217150	9010000	The Founders' stock was issued for an aggregate amount of $20,434.30 which represents $0.002 per share.	The Founders' stock was issued for an aggregate amount of $18,020.00 which represents $0.002 per share.
0001193125-17-011250	1	ADOMANI, Inc.	Founders' Stock	10217150	9010000	The Founders' stock was issued for an aggregate amount of $20,434.30 which represents $0.002 per share.	The Founders' stock was issued for an aggregate amount of $18,020.00 which represents $0.002 per share.
0001144204-17-002036	3	Groundfloor Finance Inc.	LROs	15652940	0	LROs in the amount of $15,652,940 were issued and sold pursuant to Offering Circular File No. 024-10496 (as may be amended and supplemented from time to time).	
0001144204-17-002036	2	Groundfloor Finance Inc.	LROs	15652940	0	LROs in the amount of $15,652,940 were issued and sold pursuant to Offering Circular File No. 024-10496 (as may be amended and supplemented from time to time).	
0001144204-17-002036	1	Groundfloor Finance Inc.	LROs	15652940	0	LROs in the amount of $15,652,940 were issued and sold pursuant to Offering Circular File No. 024-10496 (as may be amended and supplemented from time to time).	
0001213900-17-000292	4	DatChat, Inc.	Common Stock	2075000	0	No cash consideration was paid. Shares issued in consideration of consulting services rendered. Based on $.20 per share.	
0001213900-17-000292	5	DatChat, Inc.	Common Stock	2075000	0	No cash consideration was paid. Shares issued in consideration of consulting services rendered. Based on $.20 per share.	
0001213900-17-000292	3	DatChat, Inc.	Common Stock	2075000	0	No cash consideration was paid. Shares issued in consideration of consulting services rendered. Based on $.20 per share.	
0001213900-17-000292	2	DatChat, Inc.	Common Stock	2075000	0	No cash consideration was paid. Shares issued in consideration of consulting services rendered. Based on $.20 per share.	
0001213900-17-000292	1	DatChat, Inc.	Common Stock	2075000	0	No cash consideration was paid. Shares issued in consideration of consulting services rendered. Based on $.20 per share.	
0001144204-17-001654	1	Rayton Solar Inc.	Common stock	34609291	0	$1,735,159	
0001689536-17-000001	1	Nano Stone Inc	Common	8800000	8800000	0	46,806
0001213900-17-000146	4	Myomo, Inc.	Convertible Promissory Notes	1030000	0	$1,030,000 in cash proceeds	
0001213900-17-000146	3	Myomo, Inc.	Convertible Promissory Notes	1030000	0	$1,030,000 in cash proceeds	
0001213900-17-000146	2	Myomo, Inc.	Convertible Promissory Notes	1030000	0	$1,030,000 in cash proceeds	
0001213900-17-000146	1	Myomo, Inc.	Convertible Promissory Notes	1030000	0	$1,030,000 in cash proceeds	
0001659173-17-000017	1	CapWest Income, LLC	Common Membership Interest Units	75000	0	75000	
0001688361-17-000004	2	Dubuc Motors Inc	Class A Common Shares	26445000	0	26,445,000 x $0.000001 per share = $26.45	
0001688361-17-000004	1	Dubuc Motors Inc	Class A Common Shares	26445000	0	26,445,000 x $0.000001 per share = $26.45	
0001104659-17-001142	1	MogulREIT I, LLC	Common shares	250	0	$2,500 (250 shares at $10.00 per common share)	
0001144204-17-000974	1	Rayton Solar Inc.	Common stock	34609291	0	$1,735,159	
0001144204-17-000906	1	Rise Companies Corp.	Class A Common Stock	208000	0	0	
0001144204-17-000906	2	Rise Companies Corp.	Class A Common Stock	208000	0	0	
0001686327-17-000001	1	TAHAWI aerospace Corp	Common Stock	40000000	0	0	
0001144204-17-000076	2	Sagoon Inc.	Class C Common Stock	6300	0	$22,500 at $3.75 per share (not including stock issued to broker)	
0001144204-17-000076	1	Sagoon Inc.	Class C Common Stock	6300	0	$22,500 at $3.75 per share (not including stock issued to broker)	
