ACCESSION_NUMBER	NID	SINFO_ID	NAME_TYPE	NAME
0001144204-17-017809	1	1	auditorSpName	Moss Adams LLP
0001144204-17-017809	1	1	legalSpName	CrowdCheck / Wilson Sonsini Goodrich & Rosati
0001144204-17-017809	1	1	blueSkySpName	Various
0001214659-17-001957	1	1	legalSpName	Karr Tuttle Campbell
0001214659-17-001957	1	1	auditorSpName	Haskell and White, LLP
0000906318-17-000009	1	1	auditorSpName	Artesian CPA
0000906318-17-000009	1	1	legalSpName	Ball Janik LLP; Dinsmore & Shohl LLP
0000906318-17-000009	2	1	auditorSpName	LLC
0001644600-17-000014	1	1	salesCommissionsSpName	SI Securities LLC
0001644600-17-000014	1	1	legalSpName	KHLK LLP
0001644600-17-000014	1	1	auditorSpName	Artesian CPA
0001213900-17-000775	1	1	blueSkySpName	Ellenoff Grossman & Schole LLP
0001213900-17-000775	1	1	auditorSpName	Marcum LLP
0001213900-17-000775	1	1	legalSpName	Ellenoff Grossman & Schole LLP
0001144204-17-000601	1	1	auditorSpName	CohnReznick LLP
0001144204-17-000601	1	1	legalSpName	KHLK LLP
