ACCESSION_NUMBER	INDICATETIER1TIER2OFFERING	FINANCIALSTATEMENTAUDITSTATUS	OFFERDELAYEDCONTINUOUSFLAG	OFFERINGYEARFLAG	OFFERINGAFTERQUALIFFLAG	OFFERINGBESTEFFORTSFLAG	SOLICITATIONPROPOSEDOFFERFLAG	RESALESECURITIESAFFILIATESFLAG	SECURITIESOFFERED	OUTSTANDINGSECURITIES	PRICEPERSECURITY	ISSUERAGGREGATEOFFERING	SECURITYHOLDERAGGEGATE	QUALIFICATIONOFFERINGAGGREGATE	CONCURRENTOFFERINGAGGREGATE	TOTALAGGREGATEOFFERING	UNDERWRITERSERVICEPROVIDERNAME	UNDERWRITERSFEES	SALECOMMISSIONSSVCPROVIDERNAME	SALECOMMISSIONSSVCEROVIDERFEE	FINDERSFEESSERVICEPROVIDERNAME	FINDERFEESFEE	AUDITORSERVICEPROVIDERNAME	AUDITORFEES	LEGALSERVICEPROVIDERNAME	LEGALFEES	PROMOTERSSERVICEPROVIDERNAME	PROMOTERSFEES	BLUESKYSERVICEPROVIDERNAME	BLUESKYFEES	BROKERDEALERCRDNUMBER	ESTIMATEDNETAMOUNT	CLARIFICATIONRESPONSES
0001144204-17-018089	Tier2	Audited	Y	Y	N	Y	N	N	5000000	500	10.0	50000000.0	0.0	0.0	0.0	50000000.0							RSM US LLP	15000.0	Goodwin Procter LLP	312500.0	Rise Companies Corp	0.0				49500000.0	
0001144204-17-018083	Tier2	Audited	Y	Y	N	Y	N	N	5000000	500	10.0	50000000.0	0.0	0.0	0.0	50000000.0							RSM US LLP	15000.0	Goodwin Procter LLP	312500.0	Rise Companies Corp	0.0				49500000.0	
0001144204-17-017855	Tier2	Audited	Y	N	N	Y	N	N	5000000	3	10.0	50000000.0	0.0	0.0	0.0	50000000.0			Boustead Securities, LLC	4500000.0			JPMS Cox, PLLC	38000.0	Kaplan Voekler Cunningham & Frank, PLC	163500.0			Kaplan Voekler Cunningham & Frank, PLC	75000.0	141391	44961500.0	
0001144204-17-017771	Tier2	Audited	Y	N	N	Y	Y	N	6250000	18694476	8.0	50000000.0	0.0	0.0	0.0	50000000.0			None	0.0	None	0.0	Marcum LLP	65000.0	KHLK LLP	30000.0	None	0.0	Ellenoff Grossman & Schole LLP and KHLK LLP	150000.0		49300000.0	Other: 455,000
0001493152-17-003055	Tier2	Audited	Y	N	N	Y	N	N	10000000	54150788	2.0	20000000.0	0.0	0.0	0.0	20000000.0	Wellington Shields & Co., LLC	35000.0	Wellington Shields & Co., LLC	1200000.0	N/A	0.0	Marcum LLP	250000.0	Legal and Compliance, LLC	100000.0	N/A	0.0	Legal and Compliance, LLC	17000.0	149021	18398000.0	Net Proceeds Calculation of $18,398,000 includes Additional Estimated Expenses of: Escrow Agent Fees: $8,000; Financial Printer Fees: $3,500; Technology Fees and Transfer Agent Fees: $400,000; and Credit card fees associated with subscriptions: $400,000
0001696900-17-000008	Tier1	Audited	Y	N	Y	Y	N	N	1000000	1470000	15.0	15000000.0	0.0	0.0	0.0	15000000.0																	
0001144204-17-017529	Tier2	Audited	Y	N	N	Y	Y	N	869564	6300	23.0	19999972.0	0.0	0.0	0.0	19999972.0			Boustead Securities, LLC	1999997.2000000002			Artesian CPA LLC	7200.0	KHLK LLP	20000.0					141391	17972774.8	
0001493152-17-003016	Tier2	Audited	N	N	N	N	N	N	10000		1000.0	10000000.0	0.0	0.0	0.0	10000000.0							Alberni Caballero & Fierman	20000.0	Recor RIeber, P.A.	30000.0							
0001144204-17-017330	Tier1	Unaudited	Y	N	N	Y	N	N	515690	0	10.0	515690.0	0.0	18852010.0	614770.0	19982470.0									Smith Anderson	4500.0							
0001144204-17-017251	Tier2	Audited	Y	N	N	Y	N	N	5000000	3	10.0	50000000.0	0.0	0.0	0.0	50000000.0			Boustead Securities, LLC	4500000.0			JPMS Cox, PLLC	38000.0	Kaplan Voekler Cunningham & Frank, PLC	163500.0			Kaplan Voekler Cunningham & Frank, PLC	75000.0	141391	44961500.0	
0001681287-17-000011	Tier1	Unaudited	Y	N	N	Y	N	N	3900000	523188	1.0	3900000.0	0.0	0.0	0.0	3900000.0																	
0001549212-17-000005	Tier1	Unaudited	Y	N	Y	Y	N	N	1000000000			0.0	0.0	0.0	0.0	0.0									Eilers Law Group, P.A.	15000.0						20000000.0	
0001213900-17-002883	Tier1	Unaudited	Y	N	N	Y	Y	Y	20000000	0	0.5	0.5	0.0	0.0	0.0	0.5									Cost of Regulation A Offering	75000.0			New York	1350.0		9923650.0	
0001213900-17-002859	Tier2	Audited	Y	N	N	Y	Y	N	2000000	1124920	7.5	15000000.0	0.0	0.0	0.0	15000000.0			TriPoint Global Equities, LLC	1125000.0			Marcum LLP	65000.0	Duane Morris LLP	145000.0	CrowdfundX	250000.0			143174	13325000.0	Assumes sale of $15,000,000 of shares.
0000916480-17-000009	Tier1	Unaudited	N	N	N	N	N	N	84178	93098	183.56	15451000.0	0.0	0.0	0.0	15451000.0							Wipfli LLP	25000.0	Ruder Ware, L.L.S.C.	25000.0							
0001144204-17-016251	Tier1	Audited	Y	N	N	Y	N	N	515690	0	10.0	515690.0	0.0	18303150.0	1143630.0	19962470.0									Smith Anderson, et al., Robbins Ross, et al.	4500.0							"""Number of securities offered"" is the aggregate principal amount of LROs being offered under this post-qualification amendment (PQA). ""The estimated portion of aggregate sales ..."" includes the 5 series of LROs covered by PQA No. 42."
0001144204-17-016221	Tier2	Audited	Y	Y	N	Y	N	N	2088942	5044096	10.0	20889420.0	0.0	29110580.0	0.0	50000000.0							RSM US LLP (formerly McGladrey, LLP)	15000.0	Goodwin Procter LLP	0.0	Rise Companies Corp	0.0				20889420.0	Minus expenses.
0001477932-17-001238	Tier2	Audited	Y	N	N	Y	N	N	50000	0	1000.0	50000000.0	0.0	0.0	0.0	50000000.0		0.0		0.0		0.0	Spiegel Accountancy Corp.	2500.0	Trowbridge Taylor Sidoti	50000.0	John Parrett	0.0		0.0		0.0	
0001214659-17-002125	Tier2	Audited	Y	Y	Y	N	N	N	50000000	0	0.01	50000000.0	0.0	0.0	0.0	50000000.0							dbbmckennon	7500.0	Manatt, Phelps & Phillips, LLP	100000.0			Manatt, Phelps & Phillips, LLP	0.0		50000000.0	Blue Sky Compliance fees included in Legal.
0001104659-17-018369	Tier1	Audited	Y	N	N	Y	N	N	671140	7314775	14.9	19999972.0	0.0	0.0	0.0	19999972.0			To be determined	1599998.0			Eide Bailly	10000.0	Felhaber Larson	55000.0			Various States	11000.0		18288974.0	677,140 Shares includes both Class A and B. DRIP participants pay no commissions and pay $13.41 per share. Thus commissions paid and net proceeds will be less based on level of DRIP purchases.
0001144204-17-015675	Tier1	Unaudited	Y	N	Y	Y	N	N	43000000	63675740		0.0	0.0	0.0	0.0	0.0																1000000.0	
0001640170-17-000001	Tier1	Unaudited	N	N	N	N	N	N	450000	450000	100.0	6000000.0	0.0	0.0	0.0	6000000.0		0.0		0.0		0.0		0.0		0.0		0.0		0.0	0	0.0	
0001144204-17-015475	Tier2	Audited	Y	N	N	Y	N	N	5000000	3	10.0	50000000.0	0.0	0.0	0.0	50000000.0			Boustead Securities, LLC	4500000.0			JPMS Cox, PLLC	38000.0	Kaplan Voekler Cunningham & Frank, PLC	163500.0			Kaplan Voekler Cunningham & Frank, PLC	75000.0	141391	44961500.0	
0001213900-17-002553	Tier2	Audited	Y	N	N	Y	N	N	4000000	11799500		0.0	0.0	0.0	0.0	0.0	N/A	0.0	None Yet	500000.0	N/A	0.0	Soles, Heyn & Company, LLP	8500.0	James Byrd, PA	10000.0	N/A	0.0	N/A	0.0	0	4481500.0	We have not engaged any brokers or placement agents as of March 15, 2017, however, we anticipate appointing one or more placement agents or broker dealers to sell this offering.
0001213900-17-002557	Tier2	Audited	Y	N	N	Y	Y	N	2250	0	1000.0	2250000.0	0.0	459000.0	11000000.0	13709000.0	None	0.0	None	0.0	None	0.0	Marcum LLP	5000.0	Ellenoff Grossman & Schole LLP	40000.0	None	0.0	Ellenoff Grossman & Schole LLP	5000.0	0	2250000.0	
0000916480-17-000008	Tier1	Unaudited	N	N	N	N	N	N	84178	93098	183.56	15451000.0	0.0	0.0	0.0	15451000.0							Wipfli LLP	25000.0	Ruder Ware, L.L.S.C.	25000.0							
0001213900-17-002457	Tier1	Audited	Y	N	N	N	N	N	191281	1534365	28.150000000000002	5384560.15	0.0	570729.0	0.0	5955289.15							Baker Tilly Virchow Krause, LLP	5000.0	Squire Patton Boggs (US) LLP	15000.0						5364560.15	The Company is offering to its stockholders residing in certain states shares of its common stock through a Dividend Reinvestment Plan. Price of shares purchased under the Plan will depend on the market price of our shares preceding the investment date.
0001681287-17-000009	Tier1	Unaudited	Y	N	N	Y	N	N	3900000	523188	1.0	3900000.0	0.0	0.0	0.0	3900000.0																	
0001681287-17-000008	Tier1	Unaudited	Y	N	N	Y	N	N	3900000	523188	1.0	3900000.0	0.0	0.0	0.0	3900000.0																	
0001681287-17-000007	Tier1	Unaudited	N	N	N	Y	N	N	3900000	523188	1.0	3900000.0	0.0	0.0	0.0	3900000.0																	
0001144204-17-014960	Tier1	Audited	Y	N	N	Y	N	N	614770	0	10.0	614770.0	0.0	18522950.0	849060.0	19986780.0									Smith Anderson, et al., Robbins Ross, et al.	4500.0							"""Number of securities offered"" is the aggregate principal amount of LROs being offered under this post-qualification amendment (PQA). ""The estimated portion of aggregate sales ..."" includes the 7 series of LROs covered by PQA No. 40 and 41."
0001579586-17-000001	Tier1	Unaudited	N	N	N	N	N	N	200000	200000	100.0	20000000.0	0.0	0.0	0.0	20000000.0		0.0	0	0.0	0	0.0		0.0		0.0		0.0		0.0	0	0.0	
0001213900-17-002356	Tier2	Audited	Y	N	N	Y	Y	N	1250	0	1000.0	1250000.0	0.0	434000.0	11000000.0	12684000.0	None	0.0	None	0.0	None	0.0	Marcum LLP	5000.0	Ellenoff Grossman & Schole LLP	40000.0	None	0.0	Ellenoff Grossman & Schole LLP	5000.0	0	1200000.0	
0001213900-17-002327	Tier2	Audited	Y	N	N	Y	N	N	4000000	0	3.0	12011600.0	0.0	0.0	0.0	12011600.0							RBSM LLP	15000.0	Mitchell Silberberg & Knupp LLP	100000.0			Mitchell Silberberg & Knupp LLP	5000.0		11760000.0	
0001615774-17-001046	Tier2	Audited	Y	N	N	Y	Y	N	6250000	25000000	8.0	50000000.0	0.0	0.0	0.0	50000000.0																	
0001144204-17-014560	Tier1	Audited	Y	N	N	Y	N	N	627400	0	10.0	627400.0	0.0	0.0	0.0	627400.0							Hughes Pittman & Gupton, LLP	7500.0	Smith Anderson, et al. Robbins Ross, et al.	35000.0			N/A	6000.0			"The response to ""Number of securities offered"" above represents the aggregate principal amount of Limited Recourse Obligations being offered by the issuer."
0001699683-17-000004	Tier2	Audited	N	N	N	Y	N	N	20000000	7500000	2.5	50000000.0	0.0	0.0	0.0	50000000.0																	
0001696728-17-000003	Tier1	Unaudited	N	N	N	Y	N	N	60000	0	100.0	100.0	0.0	0.0	0.0	100.0									Total Cost of Offering	75000.0			New York State	1300.0		5923700.0	
0001615923-17-000005	Tier1	Unaudited	N	N	N	Y	N	N	50000	0	100.0	100.0	0.0	0.0	0.0	100.0									Total Offering Costs	75000.0			New York	1300.0		4926300.0	
0001687715-17-000003	Tier1	Unaudited	Y	N	N	Y	N	N	50000	100	100.0	100.0	0.0	0.0	0.0	100.0	Cost of Offering (Legal, Doc Prep, SEC Filings, etc)	75000.0											State of New York	1300.0		4923700.0	
0001699683-17-000001	Tier2	Audited	N	N	N	Y	N	N	20000000	7500000	2.5	50000000.0	0.0	0.0	0.0	50000000.0																	
0001615774-17-000955	Tier2	Audited	Y	N	N	Y	Y	N	6250000	25000000	8.0	50000000.0	0.0	0.0	0.0	50000000.0																	
0001697254-17-000001	Tier1	Unaudited	N	N	N	Y	N	N	5000	0	1000.0	5000000.0	0.0	0.0	0.0	5000000.0																	
0001213900-17-002112	Tier2	Audited	Y	N	N	Y	N	N	4000000	0	3.0	12011600.0	0.0	0.0	0.0	12011600.0							RBSM LLP	15000.0	Mitchell Silberberg & Knupp LLP	100000.0			Mitchell Silberberg & Knupp LLP	5000.0		11760000.0	
0001079974-17-000081	Tier2	Audited	Y	N	N	Y	Y	N	25000000	45000000	0.1	0.01	0.1	0.0	1937500.0	1937500.1099999999							Malone Bailey, LLP	5000.0	EAD Law Group	5000.0						1917500.0	The above table does not include fees to be paid to for administrative and escrow agent services, FINRA filing fee, fees for EDGAR document conversion and filing, and website posting fees.
0001376474-17-000054	Tier1	Audited	Y	Y	Y	Y	N	N	165000	1761943		0.0	0.0	350302.0	0.0	350302.0							Crowe Horwath LLP	3000.0	Underberg & Kessler LLP	3000.0			Underberg & Kessler LLP	500.0			
0001640334-17-000434	Tier2	Audited	N	N	N	Y	N	Y	1600000	0	1.5	2400000.0	0.0	0.0	0.0	2400000.0		0.0		0.0		0.0		0.0		0.0		0.0		0.0		0.0	
0001104659-17-014992	Tier2	Audited	Y	Y	N	Y	N	N	50000000	250	10.0	500000000.0	0.0	0.0	0.0	500000000.0			North Capital Private Securities Corp. and Mogul Securities, LLC	500000.0			CohnReznick, LLP	10000.0	Morris, Manning & Martin, LLP	250000.0	Realty Mogul Sponsor, LLC and Realty Mogul, Co.	0.0			154559	48500000.0	Sales commissions will not be paid by the issuer. As such, the sales commissions do not reduce net proceeds to the issuer.
0001144204-17-013128	Tier2	Audited	N	N	N	Y	N	Y	2000000	18130000	5.0	7000000.0	3000000.0	0.0	0.0	10000000.0							Fahn Kanne & Co. Grant Thornton Israel	16000.0	JSBarkats, PLLC	30000.0						6500000.0	Ancillary fees, such as legal, marketing and audit fees, will be approximately $500,000. If the Company uses a placement agent, there could be an additional fee of up to $800,000, resulting in net proceeds to the Company of $5,700,000.
0001213900-17-001996	Tier2	Audited	Y	N	N	Y	Y	N	2000000	1124127	7.5	15000000.0	0.0	0.0	0.0	15000000.0			TriPoint Global Equities, LLC	1125000.0			Marcum LLP	45000.0	Duane Morris LLP	145000.0	CrowdfundX	250000.0			143174	13350000.0	Assumes sale of $15,000,000 of shares.
0001213900-17-001990	Tier2	Audited	Y	N	N	Y	Y	N	1250	0	1000.0	1250000.0	0.0	434000.0	11000000.0	12684000.0	None	0.0	None	0.0	None	0.0	Marcum LLP	5000.0	Ellenoff Grossman & Schole LLP	40000.0	None	0.0	Ellenoff Grossman & Schole LLP	5000.0	0	1200000.0	
0001640334-17-000408	Tier2	Audited	N	N	N	Y	N	Y	20000000	180000000	2.5	46250000.0	3750000.0	0.0	0.0	50000000.0		0.0	To be determined	3500000.0		0.0	Sadler, Gibb & Associates, LLC	8000.0	Booth Udall Fuller, PLC	25000.0		0.0		0.0		42717000.0	
0001687306-17-000004	Tier1	Unaudited	N	N	Y	Y	N	N	10000000	75000000	2.0	20000000.0	0.0	0.0	0.0	20000000.0																	
0001683168-17-000458	Tier2	Audited	Y	N	N	Y	N	N	5000000	7050000	6.0	30000000.0	0.0	0.0	0.0	30000000.0	Wellington Shields & Co., LLC	50000.0	Wellington Shields & Co., LLC	1800000.0	N/A	0.0	Marcum LLP	250000.0	Legal & Compliance, LLC	100000.0	N/A	0.0	Legal & Compliance, LLC	25000.0	149021	27775000.0	Net Proceeds Calculation of $27,775,000 includes Additional Expenses of: Escrow Fees (Estimated): $5,000; Printer (Estimated): 3,500; Technology Fees and Transfer Agent Fees (Estimated): $567,000  Credit card fees associated with subscriptions: $600,000.
0000916480-17-000005	Tier1	Unaudited	N	N	N	N	N	N	84178	93098	183.56	15451000.0	0.0	0.0	0.0	15451000.0							Wipfli LLP	25000.0	Ruder Ware, L.L.S.C.	25000.0							
0001213900-17-001854	Tier2	Audited	Y	N	N	Y	N	N	4000000	0	3.0	12011600.0	0.0	0.0	0.0	12011600.0							RBSM LLP	15000.0	Mitchell Silberberg & Knupp LLP	100000.0			Mitchell Silberberg & Knupp LLP	5000.0		11760000.0	
0001681287-17-000005	Tier1	Unaudited	N	N	N	Y	N	N	3900000	523188	1.0	3900000.0	0.0	0.0	0.0	3900000.0																	
0001615774-17-000789	Tier2	Audited	Y	N	N	Y	Y	N	6250000	25000000	8.0	50000000.0	0.0	0.0	0.0	50000000.0																	
0001144204-17-010776	Tier2	Audited	N	N	N	Y	N	Y	2000000	18130000	5.0	7000000.0	3000000.0	0.0	0.0	10000000.0							Fahn Kanne & Co. Grant Thornton Israel	16000.0	JSBarkats, PLLC	30000.0						6500000.0	Ancillary fees, such as legal, marketing and audit fees, will be approximately $500,000. If the Company uses a placement agent, there could be an additional fee of up to $800,000, resulting in net proceeds to the Company of $5,700,000.
0001014897-17-000026	Tier1	Unaudited	N	N	N	Y	Y	N	4000000	30000000	5.0	20000000.0	0.0	0.0	0.0	20000000.0							Northeast Solution	2000.0	J.M. Walker & Associates	37000.0			J.M. Walker & Associates	1000.0		19960000.0	
0001687306-17-000002	Tier1	Unaudited	N	N	N	Y	N	N	10000000	75000000	2.0	20000000.0	0.0	0.0	0.0	20000000.0																	
0001688437-17-000005	Tier2	Audited	Y	N	Y	Y	Y	N	50000000	50000000	1.0	50000000.0	0.0	0.0	0.0	50000000.0			Indie Crowd Funder, LLC.	0.0							Indie Crowd Funder, LLC.	1000000.0				49000000.0	
0001688437-17-000003	Tier2	Audited	Y	N	Y	Y	Y	N	50000000	50000000	1.0	50000000.0	0.0	0.0	0.0	50000000.0			Indie Crowd Funder, LLC.	0.0							Indie Crowd Funder, LLC.	1000000.0				49000000.0	
0001658959-17-000002	Tier2	Audited	N	N	N	Y	N	N	5000000	0	10.0	50000000.0	0.0	0.0	0.0	50000000.0	Boustead Securities, LLC	25000.0	Boustead Securities, LLC	4475000.0			Artesian CPA, LLC	2500.0	Horwitz & Armstrong, Hanson Bridgett LLP	90000.0	ASMX Capital	450000.0	Mergent & ASMX Capital	9750.0	141391	44272500.0	(Estimated) Escrow Fees payable to Regions Bank: $3,800 (Estimated) Technology Fees payable to Direct Transfer, LLC: $73,200 (Estimated) Marketing Expenses: $598,250
0001213900-17-001690	Tier2	Audited	Y	N	N	Y	Y	N	2000000	1124127	7.5	15000000.0	0.0	0.0	0.0	15000000.0			TriPoint Global Equities, LLC	1125000.0			Marcum LLP	45000.0	Duane Morris LLP	145000.0	CrowdfundX	250000.0			143174	13350000.0	Assumes sale of $15,000,000 of shares.
0001688361-17-000008	Tier2	Audited	Y	N	N	Y	Y	N	2500000	3625000	8.0	8.0	0.0	0.0	0.0	8.0							Davidson & Company LLP	5000.0	Venture Law Corporation	40000.0							Issuer has not engaged an underwriter to assist with selling its securities at this time, but may chose to do so at a later date. Management will not be compensated for their role in selling securities.
0001549212-17-000002	Tier1	Unaudited	Y	N	Y	Y	N	N	1000000000			0.0	0.0	0.0	0.0	0.0									Eilers Law Group, P.A.	15000.0						20000000.0	
0001144204-17-010084	Tier1	Audited	Y	N	N	Y	N	N	634060	0	10.0	634060.0	0.0	18075720.0	1272440.0	19982220.0									Smith Anderson, et al., Robbins Ross, et al.	4500.0							"""Number of securities offered"" is the aggregate principal amount of LROs being offered under this post-qualification amendment (PQA). ""The estimated portion of aggregate sales ..."" includes the 12 series of LROs covered by PQA Nos. 38, 39, and 40."
0001673239-17-000004	Tier1	Unaudited	Y	N	N	Y	N	N	5000000	500000	0.1	500000.0	0.0	0.0	0.0	500000.0																	
0001387131-17-000991	Tier2	Audited	Y	Y	N	Y	N	N	5000000	100	10.0	50000000.0	0.0	0.0	0.0	50000000.0	N/A	0.0	N/A	0.0	N/A	0.0	N/A	3500.0	N/A	150000.0	N/A	0.0	N/A	75000.0		48000000.0	
0001698370-17-000003	Tier2	Audited	Y	N	Y	Y	N	N	12000000	58087383	0.25	0.25	0.0	0.0	0.0	0.25							Davidson & Company LLP	20000.0	Venture Law Corporation	40000.0						2630000.0	We expect to engage qualified selling agents or a funding portal operator in the future and estimate that marketing and commissions may represent 7-10% of the offering if the full amount is raised.
0001079974-17-000072	Tier2	Audited	Y	N	N	Y	Y	N	25000000	45000000	0.1	0.01	0.1	0.0	1937500.0	1937500.1099999999							Malone Bailey, LLP	5000.0	EAD Law Group	5000.0						1917500.0	The above table does not include fees to be paid to for administrative and escrow agent services, FINRA filing fee, fees for EDGAR document conversion and filing, and website posting fees.
0001065949-17-000022	Tier2	Audited	Y	N	N	Y	N	N	4000000	10000000	5.0	20000000.0	0.0	0.0	0.0	20000000.0	None	0.0	None	0.0	None	0.0	dbmckennon	25000.0	Richardson & Associates	50000.0	None	0.0	Richardson & Associates	20000.0	156214	17800000.0	* Promoters - Table does not reflect estimate posting, service and escrow fees to be paid to StartEngine, JumpStart and FundAmerica, which are not promoters, estimated to be $2,105,000.
0001144204-17-009876	Tier2	Audited	N	N	N	Y	Y	N	6693440	170503	7.47	50000000.0	0.0	0.0	0.0	50000000.0							Artesian CPA	10000.0	KHLK LLP	40000.0						49900000.0	
0001696900-17-000005	Tier1	Unaudited	Y	N	Y	Y	N	N	1000000	1470000	15.0	15000000.0	0.0	0.0	0.0	15000000.0																	
0001673239-17-000003	Tier1	Unaudited	Y	N	N	Y	N	N	5000000	500000	0.1	500000.0	0.0	0.0	0.0	500000.0																	
0001062993-17-001033	Tier2	Audited	Y	N	N	Y	N	N	750000	6000000	4.0	3000000.0	0.0	0.0	0.0	3000000.0							Artesian CPA	22000.0	Jones & Keller	50000.0			Self - State Notice Filings	16000.0		2850000.0	Estimating $61,000 for platform, transfer agent, administrative and marketing
0001677159-17-000002	Tier1	Unaudited	N	N	N	Y	N	N	2500000	15000000	2.0	5000000.0	0.0	0.0	0.0	5000000.0																	
0001684098-17-000002	Tier2	Audited	Y	N	N	Y	N	Y	7000000	13000000	7.0	43750000.0	5250000.0	0.0	0.0	49000000.0																	
0001477932-17-000825	Tier2	Audited	Y	N	N	Y	N	N	2000000	41260000	0.15	300000.0	0.0	0.0	0.0	300000.0		0.0		0.0		0.0	Artesian CPA	4000.0	Williams Securities Law Firm, P.A.	55000.0		0.0		0.0		225000.0	An additional $16,000 in miscellaneous offering expenses for which no category is listed above.
0001688437-17-000002	Tier2	Audited	Y	N	Y	Y	Y	N	50000000	50000000	1.0	50000000.0	0.0	0.0	0.0	50000000.0			Indie Crowd Funder, LLC.	0.0							Indie Crowd Funder, LLC.	1000000.0				49000000.0	
0001193125-17-043131	Tier2	Audited	Y	N	N	Y	Y	N	1000000	0	5.0	5000000.0	0.0	0.0	0.0	5000000.0							Artesian CPA, LLC	3500.0	Andrews Kurth LLP	80000.0			n/a	10000.0		4872145.0	Technology Fees - $21,855; Escrow Fees - $12,500
0001144204-17-008096	Tier2	Audited	Y	N	N	Y	Y	N	3000000	0	5.0	15000000.0	0.0	0.0	0.0	15000000.0							Aronson LLC	160000.0	Goodwin Procter LLP	375000.0							
0001640334-17-000286	Tier2	Audited	N	N	N	Y	N	Y	20000000	180000000	2.5	46250000.0	3750000.0	0.0	0.0	50000000.0		0.0	To be determined	3500000.0		0.0	Sadler, Gibb & Associates, LLC	8000.0	Booth Udall Fuller, PLC	25000.0		0.0		0.0		42717000.0	
0001193125-17-040203	Tier2	Audited	Y	N	Y	Y	N	Y	4955556	65410928	4.5	22000000.0	3000000.0	0.0	0.0	25000000.0	Boustead Securities LLC	1850000.0					MaloneBailey, LLP	66675.0	DLA Piper LLP (US)	400000.0					141391	18279825.0	The issuer also anticipates costs and fees relating to FINRA, NASDAQ application, transfer agent, escrow fees and roadshow.
0001696900-17-000003	Tier1	Audited	Y	N	Y	Y	N	N	1000000	1470000	15.0	15000000.0	0.0	0.0	0.0	15000000.0																	
0001615923-17-000004	Tier1	Unaudited	N	N	N	Y	N	N	50000	0	100.0	100.0	0.0	0.0	0.0	100.0									Total Offering Costs	75000.0			New York	1300.0		4926300.0	
0001214659-17-001016	Tier2	Audited	Y	Y	N	Y	N	N	3500000	0	10.0	35000000.0	0.0	0.0	0.0	35000000.0							Artesian CPA, LLC	3500.0	Flaster/Greenberg P.C.	70000.0	Various Marketing Firms	221500.0	Flaster/Greenberg P.C.	5000.0			
0001144204-17-007548	Tier2	Audited	Y	N	N	Y	Y	N	14400000	7179102	1.25	18000000.0	0.0	0.0	0.0	18000000.0							Moss Adams LLP	85000.0	KHLK LLP; Wilson Sonsini Goodrich & Rosati	90000.0						17050000.0	
0001213900-17-001196	Tier2	Audited	Y	N	N	Y	N	N	4000000	0	3.0	12011600.0	0.0	0.0	0.0	12011600.0							RBSM LLP	15000.0	Mitchell Silberberg & Knupp LLP	100000.0			Mitchell Silberberg & Knupp LLP	5000.0		11760000.0	
0001677159-17-000001	Tier1	Unaudited	N	N	N	Y	N	N	2500000	15000000	2.0	5000000.0	0.0	0.0	0.0	5000000.0																	
0001687715-17-000002	Tier1	Unaudited	Y	N	N	Y	N	N	50000	100	100.0	100.0	0.0	0.0	0.0	100.0	Cost of Offering (Legal, Doc Prep, SEC Filings, etc)	75000.0											State of New York	1300.0		4923700.0	
0001615774-17-000386	Tier2	Audited	Y	N	N	Y	Y	N	6250000	25000000	8.0	50000000.0	0.0	0.0	0.0	50000000.0																	
0001445866-17-000129	Tier2	Audited	Y	Y	N	Y	Y	N	5000000		10.0	50000000.0	0.0	0.0	0.0	50000000.0			Cambria Capital, LLC	4500000.0			dbbmckennon	15000.0	Carman Lehnhof Israelsen, Durham Jones & Pinnegar	75000.0					133760	45410000.0	
0001445866-17-000120	Tier2	Audited	Y	Y	N	Y	Y	N	5000000		10.0	50000000.0	0.0	0.0	0.0	50000000.0			Cambria Capital, LLC	4500000.0			dbbmckennon	15000.0	Carman Lehnhof Israelsen, Durham Jones & Pinnegar	75000.0					133760	45410000.0	
0001144204-17-005981	Tier2	Audited	Y	N	N	Y	Y	N	3000000	0	5.0	15000000.0	0.0	0.0	0.0	15000000.0							Aronson LLC	160000.0	Goodwin Procter LLP	375000.0							
0001144204-17-005885	Tier2	Audited	Y	N	N	Y	N	N	5000000	3	10.0	50000000.0	0.0	0.0	0.0	50000000.0			Boustead Securities, LLC	4250000.0			JPMS Cox, PLLC	38000.0	Kaplan Voekler Cunningham & Frank, PLC	163500.0			Kaplan Voekler Cunningham & Frank, PLC	75000.0	141391	45111500.0	
0001213900-17-000921	Tier2	Audited	Y	N	N	Y	Y	N	1250	0	1000.0	1250000.0	0.0	429500.0	11000000.0	12679500.0	None	0.0	None	0.0	None	0.0	Marcum LLP	5000.0	Ellenoff Grossman & Schole LLP	40000.0	None	0.0	Ellenoff Grossman & Schole LLP	5000.0	0	1200000.0	
0001615774-17-000333	Tier2	Audited	Y	N	N	Y	Y	N	6250000	25000000	8.0	50000000.0	0.0	0.0	0.0	50000000.0																	
0001689536-17-000003	Tier2	Audited	Y	N	N	Y	N	N	2640000	8800000	6.8	17952000.0	0.0	0.0	0.0	17952000.0																	
0001690477-17-000006	Tier1	Unaudited	Y	N	N	Y	N	N	20000	0	0.28	2800000.0	0.0	0.0	0.0	2800000.0	None	0.0	None	0.0	None	0.0	None	0.0	Ronald S Tucker	35000.0	None	0.0	None	0.0	0	2765000.0	The Offering is of 20,000 Investment Units at a price of $25 per unit consisting of2,000,000 shares of common and 8,000,000 warrants of series A, B, C, and D Warrants with an average strike price of $0.2875 per share
0001477932-17-000526	Tier2	Audited	Y	N	N	Y	N	N	2000000	41260000	0.15	300000.0	0.0	0.0	0.0	300000.0		0.0		0.0		0.0	Artesian CPA	4000.0	Williams Securities Law Firm, P.A.	55000.0		0.0		0.0		225000.0	An additional $16,000 in miscellaneous offering expenses for which no category is listed above.
0001144204-17-005330	Tier1	Audited	Y	N	N	Y	N	N	1200040	0	10.0	1200040.0	0.0	18431190.0	307400.0	19938630.0									Smith Anderson, et al., Robbins Ross, et al.	4500.0							"""Number of securities offered"" is the aggregate principal amount of LROs being offered under this post-qualification amendment (PQA). ""The estimated portion of aggregate sales ..."" includes the three series of LROs covered by PQA No. 39."
0001696728-17-000001	Tier1	Unaudited	N	N	N	Y	N	N	60000	0	100.0	100.0	0.0	0.0	0.0	100.0									Total Cost of Offering	75000.0			New York State	1300.0		5923700.0	
0001213900-17-000818	Tier2	Audited	Y	N	N	Y	N	Y	25000000	19794750	2.0	41760500.0	8239500.0	0.0	0.0	50000000.0							D. Brooks and Associates, CPA's, P.A.	11700.0	Lucosky Brookman LLP	35000.0					0	41760500.0	
0001144204-17-005113	Tier2	Audited	Y	N	N	Y	Y	N	5031446	0		0.0	0.0	0.0	0.0	0.0																	
0001477932-17-000476	Tier2	Audited	Y	N	N	Y	N	N	50000	0	1000.0	50000000.0	0.0	0.0	0.0	50000000.0		0.0		0.0		0.0	Artesian CPA	2500.0	Trowbridge Sidoti	50000.0		0.0		0.0		50000000.0	
0001213900-17-000786	Tier2	Audited	Y	N	N	Y	Y	N	2000000	1031720	7.5	15000000.0	0.0	0.0	0.0	15000000.0			TriPoint Global Equities, LLC	1125000.0			Marcum LLP	45000.0	Duane Morris LLP	145000.0	CrowdfundX	250000.0			143174	13350000.0	Assumes sale of $15,000,000 of shares.
0001658959-17-000001	Tier2	Audited	Y	N	N	Y	N	N	10000000	63449648	5.0	50000000.0	0.0	0.0	0.0	50000000.0	Boustead Securities, LLC	30000.0	Boustead Securities, LLC	3650000.0			Artesian CPA, LLC	16000.0	Cowden & Humphrey, Horwitz & Armstrong	66000.0	ASMX Capital	2118251.0	Mergent & ASMX Capital	9750.0	141391	44076902.0	Net Proceeds Calculation of $44,076,902.00 includes Additional Expenses of: Escrow Fees Regions Bank (Estimated): $3,800.00 Technology Fees to Issuer Direct (Estimated): $29,297.00
0001144204-17-004632	Tier2	Audited	Y	N	N	Y	Y	N	5031446	0		0.0	0.0	0.0	0.0	0.0																	
0001144204-17-004520	Tier2	Audited	Y	N	N	Y	Y	N	2000000	0	5.0	10000000.0	0.0	0.0	0.0	10000000.0							Aronson LLC	150000.0	Goodwin Procter LLP	350000.0							
0001065949-17-000004	Tier2	Audited	Y	N	N	Y	N	N	4000000	10000000	5.0	20000000.0	0.0	0.0	0.0	20000000.0	None	0.0	None	0.0	None	0.0	dbmckennon	25000.0	Richardson & Associates	50000.0	None	0.0	Richardson & Associates	20000.0	156214	17800000.0	* Promoters - Table does not reflect estimate posting, service and escrow fees to be paid to StartEngine, JumpStart and FundAmerica, which are not promoters, estimated to be $2,105,000.
0001673239-17-000002	Tier1	Unaudited	Y	N	N	Y	N	N	5000000	500000	0.1	500000.0	0.0	0.0	0.0	500000.0																	
0001062993-17-000432	Tier2	Audited	Y	N	N	Y	N	N	750000	6000000	4.0	3000000.0	0.0	0.0	0.0	3000000.0							Artesian CPA	22000.0	Jones & Keller	50000.0			Self - State Notice Filings	16000.0	0	2850000.0	Estimating $61,000 for platforming, transfer agent, administrative and marketing
0001696230-17-000001	Tier1	Unaudited	N	N	N	Y	N	N	120000	0	100.0	100.0	0.0	0.0	0.0	100.0									Cost of Offering (Registration)	75000.0			New York	1300.0		11923700.0	
0001144204-17-004146	Tier2	Audited	Y	N	N	Y	Y	N	2000000	0		0.0	0.0	0.0	0.0	0.0							Aronson LLC	150000.0	Goodwin Procter LLP	350000.0							
0001193125-17-019557	Tier2	Audited	Y	N	N	Y	Y	N	1000000	0	5.0	5000000.0	0.0	0.0	0.0	5000000.0							Artesian CPA, LLC	3500.0	Andrews Kurth LLP	80000.0			n/a	10000.0		4872145.0	Technology Fees - $21,855; Escrow Fees - $12,500
0001654954-17-000515	Tier2	Audited	Y	N	N	Y	Y	N	94573561	105741275	0.09	1852475.0	0.0	147525.0	0.0	2000000.0							Wipfli LLP	1800.0	KHLK LLP	0.0						1652000.0	
0001690824-17-000007	Tier2	Audited	Y	N	N	Y	N	Y	40000000	50500000	1.0	30000000.0	10000000.0	0.0	0.0	40000000.0																	
0001688361-17-000006	Tier2	Audited	Y	N	N	Y	Y	N	2500000	3625000	8.0	8.0	0.0	0.0	0.0	8.0							Davidson & Company LLP	5000.0	Venture Law Corporation	40000.0							Issuer has not engaged an underwriter to assist with selling its securities at this time, but may chose to do so at a later date. Management will not be compensated for their role in selling securities.
0001144204-17-003822	Tier1	Audited	Y	N	N	Y	N	N	627400	0	10.0	627400.0	0.0	0.0	0.0	627400.0							Hughes Pittman & Gupton, LLP	7500.0	Smith Anderson, et al. Robbins Ross, et al.	22000.0			N/A	6000.0			"The response to ""Number of securities offered"" above represents the aggregate principal amount of Limited Recourse Obligations being offered by the issuer."
0001213900-17-000662	Tier2	Audited	Y	N	N	Y	N	Y	25000000	19794750	2.0	41760500.0	8239500.0	0.0	0.0	50000000.0							D. Brooks and Associates, CPA's, P.A.	11700.0	Lucosky Brookman LLP	35000.0					0	41760500.0	
0001681287-17-000003	Tier1	Unaudited	N	N	N	Y	N	N	3900000	523188	1.0	3900000.0	0.0	0.0	0.0	3900000.0																	
0001695791-17-000002	Tier1	Unaudited	N	N	N	Y	N	N	200000	0	100.0	100.0	0.0	0.0	0.0	100.0									Third Party Offering Fees	75000.0			New York	1300.0		19923700.0	
0001694586-17-000001	Tier1	Unaudited	N	N	N	Y	N	N	500000	0	10.0	5000000.0	0.0	0.0	0.0	5000000.0	None	0.0															
0001615923-17-000003	Tier1	Unaudited	N	N	N	Y	N	N	50000	0	100.0	100.0	0.0	0.0	0.0	100.0									Total Offering Costs	75000.0			New York	1300.0		4926300.0	
0001477932-17-000397	Tier1	Unaudited	Y	N	Y	Y	N	N	2500000000	685938309		500000.0	0.0	0.0	0.0	500000.0		0.0		0.0		0.0		0.0	Eilers Law Group, P.A.	12500.0		0.0		0.0		500000.0	
0001606811-17-000001	Tier1	Unaudited	N	N	N	Y	N	N	100000	0	100.0	100.0	0.0	0.0	0.0	100.0									Third Party Costs (Total)	75000.0			New York	1300.0		9923700.0	
0001684245-17-000001	Tier1	Unaudited	N	N	N	Y	N	N	33000	0	100.0	100.0	0.0	0.0	0.0	100.0	Cost of Offering	75000.0											New York State	1300.0		3223700.0	
0001144204-17-003489	Tier2	Audited	N	N	N	Y	N	Y	2000000	18130000	5.0	7000000.0	3000000.0	0.0	0.0	10000000.0							Fahn Kanne & Co. Grant Thornton Israel	16000.0	JSBarkats, PLLC	30000.0						6500000.0	Ancillary fees, such as legal, marketing and audit fees, will be approximately $500,000. If the Company uses a placement agent, there could be an additional fee of up to $800,000, resulting in net proceeds to the Company of $5,700,000.
0001213900-17-000574	Tier2	Audited	Y	N	N	Y	N	N	714286	2001378	14.0	10000000.0	0.0	0.0	0.0	10000000.0					Growth Capital Services Maxwell Financial Services	800000.0	RSM US LLP	65000.0	Maslon LLP	135000.0			N/A	0.0	124658	9000000.0	The foregoing assumes the maximum amount of Class A Common Units sold in the Offering at $14.00 per Unit. The Partnership reserves the right to pay fees to online platform providers, placement agent and finders as set forth in the Offering Circular.
0001144204-17-003219	Tier2	Audited	Y	N	N	Y	Y	N	1000000	0		0.0	0.0	0.0	0.0	0.0							Aronson LLC	150000.0	Goodwin Procter LLP	0.0							
0001689536-17-000002	Tier2	Audited	Y	N	N	Y	N	N	2640000	8800000	6.8	17952000.0	0.0	0.0	0.0	17952000.0																	
0001213900-17-000478	Tier2	Audited	Y	N	N	Y	N	N	4000000	0		12011600.0	0.0	0.0	0.0	12011600.0							RBSM LLP	15000.0	Mitchell Silberberg & Knupp LLP	100000.0			Mitchell Silberberg & Knupp LLP	5000.0		11760000.0	
0001144204-17-002868	Tier2	Audited	Y	N	N	Y	Y	N	869564	6300	23.0	19999972.0	0.0	0.0	0.0	19999972.0							Artesian CPA LLC	7200.0	KHLK LLP	15000.0							
0001615774-17-000165	Tier2	Audited	Y	N	N	Y	Y	N	6250000	25000000	8.0	50000000.0	0.0	0.0	0.0	50000000.0																	
0001654954-17-000348	Tier2	Audited	Y	N	N	Y	Y	N	102777778	100000000	0.05	2000000.0	0.0	0.0	0.0	2000000.0							Wipfli LLP	1800.0	KHLK LLP	0.0						1925000.0	Price per security is .045
0001144204-17-002718	Tier2	Audited	Y	N	N	Y	Y	N	5031446	0		0.0	0.0	0.0	0.0	0.0																	
0001690477-17-000004	Tier1	Unaudited	Y	N	N	Y	N	N	20000	0	25.0	500000.0	0.0	0.0	0.0	500000.0	None	0.0	None	0.0	None	0.0	None	0.0	Ronald S Tucker	35000.0	None	0.0	None	0.0	0	465000.0	The Offering is of 20,000 Investment Units consisting of2,000,000 shares of common and 8,000,000 warrants of series A, B, C, and D Warrnts valued at $2,300,000.
0001144204-17-002479	Tier2	Audited	N	N	N	Y	Y	N	429184	3204024	11.0	5000000.0	0.0	0.0	0.0	5000000.0	North Capital Private Securities	81750.0					dbbmckennon	40000.0	KHLK LLP	50000.0	CrowdFundX	100000.0			154559	4918250.0	"CrowdFundX is a marketing firm and not ""Promoters"""
0001193125-17-011250	Tier2	Audited	Y	N	Y	Y	N	Y	6000000	58542350	4.5	22000000.0	3000000.0	0.0	0.0	25000000.0	Boustead Securities LLC	1850000.0					MaloneBailey, LLP Rivers & Moorehead PLLC	66675.0	DLA Piper LLP (US)	250000.0					141391	18279825.0	The issuer also anticipates costs and fees relating to FINRA, NASDAQ application, transfer agent, escrow fees and roadshow.
0001144204-17-002186	Tier2	Audited	Y	N	N	Y	N	N	50000000	0	1.0	50000000.0	0.0	0.0	0.0	50000000.0							Artesian CPA, LLC	2500.0	Alliance Legal Partners, Inc. and KHLK LLP	25000.0							
0001144204-17-002036	Tier1	Audited	Y	N	N	Y	N	N	307400	0	10.0	307400.0	0.0	15652940.0	4038800.0	19999140.0									Smith Anderson, et al., Robbins Ross, et al.	4500.0							"""Number of securities offered"" is the aggregate principal amount of LROs being offered under this post-qualification amendment (PQA)."
0001213900-17-000292	Tier2	Audited	Y	N	N	Y	N	Y	25000000	19794750	2.0	41760500.0	8239500.0	0.0	0.0	50000000.0							D. Brooks and Associates, CPA's, P.A.	11700.0	Lucosky Brookman LLP	35000.0					0	41760500.0	
0001640334-17-000051	Tier2	Audited	N	N	N	Y	N	Y	20000000	180000000	2.5	46250000.0	3750000.0	0.0	0.0	50000000.0		0.0	To be determined	3500000.0		0.0	Sadler, Gibb & Associates, LLC	8000.0	Booth Udall Fuller, PLC	25000.0		0.0		0.0		42717000.0	
0001144204-17-001654	Tier2	Audited	Y	N	N	Y	Y	Y	32894736	137419968	1.52	47000000.0	3000000.0	0.0	0.0	50000000.0							dbbmckennon	15000.0	KHLK LLP;Mitchell Silberberg & Knupp LLP	90000.0						43025026.0	The above table does not include fees to be paid to Fund America Securities LLC for administration and escrow agent services, FINRA filing fee, fees for EDGAR document conversion and filing, website posting fees and marketing expenses.
0000916480-17-000002	Tier1	Unaudited	N	N	N	N	N	N	84178	93098		0.0	0.0	0.0	0.0	0.0							Wipfli LLP	25000.0	Ruder Ware, L.L.S.C.	25000.0							
0001689536-17-000001	Tier2	Audited	Y	N	N	Y	N	N	2640000	8800000	6.8	17952000.0	0.0	0.0	0.0	17952000.0																	
0001213900-17-000146	Tier2	Audited	Y	N	N	Y	Y	N	2000000	1031720	7.5	15000000.0	0.0	0.0	0.0	15000000.0			TriPoint Global Equities, LLC	1125000.0			Marcum LLP	200000.0	Duane Morris LLP	125000.0	CrowdfundX	250000.0			143174	13150000.0	Assumes sale of $15,000,000 of shares; provided; however, that the Company may sell an additional; 666,667 shares for additional proceeds up to approximately $5,000,000.
0001659173-17-000017	Tier2	Audited	N	N	Y	Y	N	N	40000000	0	10000.0	40000000.0	0.0	0.0	0.0	40000000.0			JumpStart Securities	15000.0			Hall & Company Certified Public Accountants & Consultants	2500.0	Bryan R. Clark, PC	5000.0			JumpStart Securities	5000.0	156214	40000000.0	
0001477932-17-000076	Tier1	Unaudited	Y	N	Y	Y	N	N	2500000000	685938309		500000.0	0.0	0.0	0.0	500000.0		0.0		0.0		0.0		0.0	Eilers Law Group, P.A.	12500.0		0.0		0.0		500000.0	
0001688361-17-000004	Tier2	Audited	Y	N	N	N	Y	N	2500000	3625000	8.0	8.0	0.0	0.0	0.0	8.0							Davidson & Company LLP	5000.0	Venture Law Corporation	40000.0							Issuer has not engaged an underwriter to assist with selling its securities at this time, but may chose to do so at a later date. Management will not be compensated for their role in selling securities.
0001104659-17-001142	Tier2	Audited	Y	Y	N	Y	N	N	5000000	250	10.0	50000000.0	0.0	0.0	0.0	50000000.0			North Capital Private Securities Corp. and Mogul Securities, LLC	500000.0			CohnReznick, LLP	10000.0	Morris, Manning & Martin, LLP	250000.0	Realty Mogul Sponsor, LLC and Realty Mogul, Co.	0.0			154559	48500000.0	Sales commissions will not be paid by the issuer. As such, the sales commissions do not reduce net proceeds to the issuer.
0001144204-17-000974	Tier2	Audited	Y	N	N	Y	Y	Y	32894736	137419968	1.52	47000000.0	3000000.0	0.0	0.0	50000000.0							dbbmckennon	15000.0	KHLK LLP;Mitchell Silberberg & Knupp LLP	90000.0						43025026.0	The above table does not include fees to be paid to Fund America Securities LLC for administration and escrow agent services, FINRA filing fee, fees for EDGAR document conversion and filing, website posting fees and marketing expenses.
0001144204-17-000927	Tier2	Audited	Y	N	N	Y	Y	N	14400000	7179102	1.25	18000000.0	0.0	0.0	0.0	18000000.0	Primary Capital LLC	850000.0					Moss Adams LLP	85000.0	KHLK LLP; Wilson Sonsini Goodrich & Rosati	90000.0					127921	16500000.0	Under the pay structure, if Primary Capital LLC originates all the investments, it would receive $1,320,000. Our estimated fees assume that investments will come in through the online platform as well as directly from Blue Marble Energy Corporation.
0001144204-17-000906	Tier2	Audited	Y	N	N	Y	N	N	2000000	0		0.0	0.0	0.0	0.0	0.0							Aronson LLC	150000.0	Goodwin Procter LLP	0.0							
0001686327-17-000001	Tier1	Unaudited	Y	N	N	Y	N	N	10000000	14750000	2.0	20000000.0	0.0	0.0	0.0	20000000.0																	
0001687306-17-000001	Tier1	Unaudited	Y	N	Y	N	N	N	10000000	75000000	2.0	20000000.0	0.0	0.0	0.0	20000000.0																	
0001493152-17-000106	Tier2	Audited	N	N	N	N	N	N	10000		1000.0	10000000.0	0.0	0.0	0.0	10000000.0							Alberni Caballero & Fierman	20000.0	Recor RIeber, P.A.	30000.0							
0001014897-17-000005	Tier1	Unaudited	N	N	N	Y	Y	N	4000000	30000000	5.0	20000000.0	0.0	0.0	0.0	20000000.0							Northeast Solution	2000.0	J.M. Walker & Associates	37000.0			J.M. Walker & Associates	1000.0		19960000.0	
0001144204-17-000076	Tier2	Audited	Y	N	N	Y	Y	N	869564	6300	23.0	19999972.0	0.0	0.0	0.0	19999972.0							Artesian CPA LLC	7200.0	KHLK LLP	15000.0							
