ACCESSION_NUMBER	INFO_ID	ISSUERNAME	CIK	JURISDICTIONORGANIZATION
0001582586-18-000066	1	Red Fish Properties, Inc.	0001703429	DE
0001193125-18-204206	1	Institute for Wealth Holdings, Inc.	1715495	DE
0001477932-18-003170	1	Iron Bridge Mortgage Fund, LLC	0001462371	OR
0001599916-18-000111	1	Sigmata Electronics, Inc.	0001675426	DE
0001213900-18-007793	1	Dubuc Motors Inc.	0001688361	DE
0001214659-18-004419	1	American Homeowner Preservation 2015A LLC	0001667307	DE
0001140361-18-027806	1	Elio Motors, Inc.	0001531266	DE
0001445866-18-000633	1	Secured Real Estate Income Strategies, LLC	0001678107	DE
0001477932-18-002914	1	Tulsa Real Estate Fund, LLC	0001704303	GA
0001062993-18-002467	1	Feel The World, Inc.	0001690455	DE
0001144204-18-031751	1	Electromedical Technologies, Inc.	0001715819	DE
0001213900-18-006510	1	StreamNet, Inc	0001681343	NV
0001144204-18-027731	1	Hall Structured Finance II, LLC	0001720014	TX
0001144204-18-027037	1	TerraCycle US Inc.	0001714781	DE
0001654954-18-004979	1	Bitzumi, Inc.	0001721217	DE
0001144204-18-026228	1	Legion M Entertainment, Inc.	0001674163	DE
0001477932-18-002164	1	BioLife4D Corporation	0001714919	DE
0001683168-18-001141	1	Advanced Bio-Oil Technologies, Ltd.	0001706951	WY
0001214659-18-003185	1	Impact Housing Reit, LLC	0001683617	DE
0001683168-18-001126	1	American Homeowner Preservation 2015A LLC	0001667307	DE
0001213900-18-005222	1	Legion Capital Corp	0001661166	FL
0001062993-18-001850	1	Feel The World, Inc.	0001690455	DE
0001144204-18-024044	1	XTI Aircraft Co	0001638850	DE
0001558370-18-003560	1	MogulREIT II, Inc.	0001699573	MD
0001193125-18-143726	1	XY - the Findables Company	0001577351	DE
0001558370-18-003553	1	MogulREIT I, LLC	0001669664	DE
0001376474-18-000100	1	Teraphysics Corp	0001318588	DE
0001144204-18-023949	1	CapRocq Core REIT, Inc.	0001687237	MD
0001144204-18-023946	1	Knightscope, Inc.	0001600983	DE
0001161697-18-000226	1	Generation Income Properties, Inc.	0001651721	MD
0001144204-18-023813	1	Medalist Diversified REIT, Inc.	0001654595	MD
0001144204-18-023778	1	Rayton Solar Inc.	0001654124	DE
0001144204-18-023766	1	STARTENGINE CROWDFUNDING, INC.	0001661779	DE
0001213900-18-005161	1	New Media Trader, Inc.	0001685982	DE
0001144204-18-023740	1	Denim.LA, Inc.	0001668010	DE
0001144204-18-023737	1	Rise Companies Corporation	0001640967	DE
0001144204-18-023731	1	Fundrise East Coast Opportunistic REIT, LLC	0001660918	DE
0001144204-18-023727	1	To The Stars Academy of Arts and Science Inc.	0001710274	DE
0001553350-18-000436	1	Worthy Peer Capital, Inc.	0001699834	DE
0001144204-18-023635	1	NowRx, Inc.	0001702206	DE
0001688804-18-000008	1	RSE Collection, LLC	0001688804	DE
0001104659-18-028157	1	Viskase Companies, Inc.	0000033073	DE
0001721868-18-000336	1	1212 Development Corp	0001705510	NV
0001213900-18-005102	1	Duke Robotics, Inc.	0001682110	DE
0001144204-18-023391	1	Fundrise West Coast Opportunistic REIT, LLC	0001660919	DE
0001144204-18-023387	1	Fundrise Midland Opportunistic REIT, LLC	0001661023	DE
0001144204-18-023381	1	Fundrise Equity REIT, LLC	0001648956	DE
0001144204-18-023376	1	Fundrise Real Estate Investment Trust, LLC	0001645583	DE
0001144204-18-023371	1	Fundrise For-Sale Housing eFund - Los Angeles CA, LLC	0001660987	DE
0001144204-18-023367	1	Fundrise For-Sale Housing eFund - Washington DC, LLC	0001660983	DE
0001144204-18-023363	1	Fundrise National For-Sale Housing eFund, LLC	0001706656	DE
0001144204-18-023257	1	Cottonwood Multifamily Opportunity Fund, Inc.	0001680657	MD
0001144204-18-023306	1	Sondors Electric Car Company	0001683872	DE
0001640334-18-000836	1	YILOLIFE INC.	0001678097	DE
0001493152-18-005888	1	ShantiNiketan International Corporation	0001715397	NV
0001193125-18-139359	1	Cottonwood Multifamily REIT II, Inc.	0001677881	MD
0001193125-18-139347	1	Cottonwood Multifamily REIT I, Inc.	0001646910	MD
0001213900-18-005084	1	DATCHAT, INC.	0001648960	NV
0001214659-18-003118	1	CNote Group	0001683145	DE
0001654954-18-004458	1	Service unavailable.  Try again later.	0001670010	MD
0001387131-18-001810	1	NY Residential REIT, LLC	0001692725	DE
0001646269-18-000009	1	BREWDOG USA INC.	0001646269	DE
0001144204-18-022733	1	iConsumer Corp.	0001652350	DE
0001213900-18-004978	1	Carolina Complete Health Network, Inc.	0001715363	DE
0001144204-18-022172	1	Sagoon Inc.	0001639953	DE
0001477932-18-002030	1	MED-X	0001620704	NV
0001683168-18-001060	1	Hylete, Inc.	0001599738	CA
0001654954-18-004263	1	GK Investment Holdings, LLC	0001656108	DE
0001615774-18-002794	1	YayYo, Inc.	0001691077	DE
0001144204-18-020766	1	1st stREIT Office Inc.	0001700461	MD
0001654954-18-003939	1	VidAngel	0001671941	DE
0001213900-18-004201	1	HIGHTIMES HOLDING CORP.	0001714420	DE
