ACCESSION_NUMBER	ED_ID	TYPE	NAME	OUTSTANDING	CUSIP	PUBLICYTRADED
0001477932-18-003280	1	Debt Securities		0		
0001477932-18-003280	1	Common	Common Stock	0	None	
0001477932-18-003280	1	Preferred		0		
0001144204-18-036587	1	Preferred	Series Seed	568796	000000N/A	N/A
0001144204-18-036587	1	Common	Common Stock	1136406	000000N/A	N/A
0001144204-18-036587	2	Preferred	Series A Preferred Stock	747373	000000N/A	N/A
0001144204-18-036587	1	Debt Securities	Convertible Promissory Notes	2050000	000000N/A	N/A
0001144204-18-036457	1	Debt Securities	Series A	3254261	000000N/A	N/A
0001144204-18-036457	1	Common	Common Stock	7329881	000000N/A	N/A
0001144204-18-036457	1	Preferred	Series Seed	3500000	000000N/A	N/A
0001477932-18-003225	1	Preferred	Series A Preferred	10000000	n/a	n/a
0001477932-18-003225	3	Preferred	Series C Preferred	8500	n/a	n/a
0001477932-18-003225	2	Preferred	Series B Preferred	1000000	n/a	n/a
0001477932-18-003225	1	Debt Securities		0		
0001477932-18-003225	1	Common	Common Stock	3092676667	94748P104	OTC
0001052918-18-000251	1	Debt Securities	Convertible Notes ($)	1020889	0	0
0001052918-18-000251	1	Preferred		0		
0001052918-18-000251	1	Common	Common Stock	5397727	0	0
0001144204-18-035945	1	Debt Securities	N/A	0	000000N/A	N/A
0001144204-18-035945	1	Preferred	N/A	0	000000N/A	N/A
0001144204-18-035945	1	Common	Common Bits	25000	000000N/A	N/A
0001264931-18-000079	1	Preferred	Preferred Equity	60000	000000000	N/A
0001264931-18-000079	1	Common	Common Equity	35502516	926462102	OTC Markets
0001264931-18-000079	1	Debt Securities	None	0	000000000	N/A
0001052918-18-000243	1	Debt Securities	Convertible Notes ($)	1020889	0	0
0001052918-18-000243	1	Preferred		0		
0001052918-18-000243	1	Common	Common Stock	5397727	0	0
0001558891-18-000052	1	Preferred	Series A	727600	00000None	N/A
0001558891-18-000052	1	Debt Securities	None	0	00000None	None
0001558891-18-000052	1	Common	Common Stock	45000572	86845r207	OTC PINKS
0001144204-18-035686	2	Preferred	Series A Preferred Stock	747373	000000N/A	N/A
0001144204-18-035686	1	Common	Common Stock	1136406	000000N/A	N/A
0001144204-18-035686	1	Preferred	Series Seed	568796	000000N/A	N/A
0001144204-18-035686	1	Debt Securities	Convertible Promissory Notes	2050000	000000N/A	N/A
0001144204-18-035670	2	Preferred	Series A Preferred Stock	747373	000000N/A	N/A
0001144204-18-035670	1	Preferred	Series Seed	568796	000000N/A	N/A
0001144204-18-035670	1	Common	Common Stock	1136406	000000N/A	N/A
0001144204-18-035670	1	Debt Securities	Convertible Promissory Notes	2050000	000000N/A	N/A
0001213900-18-008187	1	Common	Class A Class B	20717496	000000000	NA
0001213900-18-008187	1	Preferred	0	0	000000000	NA
0001213900-18-008187	1	Debt Securities	Purchase Notes	43066390	000000000	NA
0001144204-18-035431	1	Common	Class A Common Stock	1000	000000000	N/A
0001144204-18-035431	2	Common	Class D Common Stock	1000	000000000	N/A
0001144204-18-035431	1	Preferred	N/A	0	000000000	N/A
0001144204-18-035431	1	Debt Securities	N/A	0	000000000	N/A
0001213900-18-008083	1	Common	Common Stock	4724633	000000000	n/a
0001213900-18-008083	1	Preferred	Series A Preferred Stock	846368	000000000	n/a
0001213900-18-008083	2	Preferred	Series A-1 Preferred Stock	651465	000000000	n/a
0001213900-18-008083	1	Debt Securities	n/a	0	000000000	n/a
0001213900-18-008083	3	Preferred	Series A-2 Preferred Stock	463107	000000000	n/a
0001144204-18-035415	1	Common	Common Stock	1136406	000000N/A	N/A
0001144204-18-035415	1	Debt Securities	Convertible Promissory Notes	2050000	000000N/A	N/A
0001144204-18-035415	2	Preferred	Series A Preferred Stock	747373	000000N/A	N/A
0001144204-18-035415	1	Preferred	Series Seed	568796	000000N/A	N/A
0001144204-18-035345	1	Debt Securities	N/A	0	000000N/A	N/A
0001144204-18-035345	1	Preferred	N/A	0	000000N/A	N/A
0001144204-18-035345	1	Common	Common Stock	485317243	776616104	OTC Markets
0001688804-18-000012	1	Common	Series #77LE1	2000	0	None
0001688804-18-000012	5	Common	Series #55PS1	2000	0	None
0001688804-18-000012	1	Preferred		0		
0001688804-18-000012	2	Common	Series #69BM1	2000	0	None
0001688804-18-000012	3	Common	Series #85FT1	2000	0	None
0001688804-18-000012	4	Common	Series #88LJ1	2000	0	None
0001688804-18-000012	1	Debt Securities		0		
0001477932-18-003173	1	Common	Common Stock	0	None	
0001477932-18-003173	1	Preferred		0		
0001477932-18-003173	1	Debt Securities		0		
0001213900-18-008031	1	Common	Class A Common Stock	28666666	000000000	N/A
0001213900-18-008031	3	Common	Class C Common Stock	0	000000000	N/A
0001213900-18-008031	2	Common	Class B Common Stock	860000	000000000	N/A
0001213900-18-008031	1	Debt Securities	Notes	0	000000000	N/A
0001213900-18-008031	1	Preferred	N/A	0	000000000	N/A
0001144204-18-035206	1	Preferred	N/A	0	000000N/A	N/A
0001144204-18-035206	2	Common	GAB Tokens	0	000000N/A	N/A
0001144204-18-035206	1	Common	Class A Common Stock	9995641	000000N/A	N/A
0001144204-18-035206	1	Debt Securities	N/A	0	000000N/A	N/A
0001104659-18-041562	1	Common	Common shares	3503456	N/A	N/A
0001104659-18-041562	1	Debt Securities		0		
0001104659-18-041562	1	Preferred		0		
0001052918-18-000233	1	Common	Common Stock	5397727	0	0
0001052918-18-000233	1	Preferred		0		
0001052918-18-000233	1	Debt Securities	Convertible Notes ($)	1020889	0	0
0001213900-18-007955	1	Debt Securities	n/a	0	000000000	n/a
0001213900-18-007955	1	Preferred	Series Seed Preferred Stock	3011469	000000000	n/a
0001213900-18-007955	1	Common	Common Stock	16912957	000000000	n/a
0001477932-18-003108	1	Common	Common Stock	0		
0001477932-18-003108	1	Debt Securities	Debt Securities	0		
0001477932-18-003108	1	Preferred	Preferred Equity	0		
0001683168-18-001713	1	Preferred	None	0	000000N/A	N/A
0001683168-18-001713	1	Debt Securities	Convertible notes payable	386825	000000N/A	N/A
0001683168-18-001713	1	Common	Common Equity	10536004	000000N/A	N/A
0001493152-18-008771	1	Common	Common Stock	186248501	85221L107	OTCMarkets, Pink Open Market
0001493152-18-008771	1	Preferred	None	30000	000000000	None
0001493152-18-008771	1	Debt Securities	None	0	000000000	None
0001213900-18-007713	1	Debt Securities	Purchase Notes	43066390	000000000	NA
0001213900-18-007713	1	Common	Class A Class B	20717496	000000000	NA
0001213900-18-007713	1	Preferred	0	0	000000000	NA
0001214659-18-004477	1	Common	Common Shares	1000000	00000NONE	NONE
0001214659-18-004477	1	Preferred	NONE	0	00000NONE	NONE
0001214659-18-004477	1	Debt Securities	NONE	0	00000NONE	NONE
0001144204-18-034330	1	Preferred	Series Seed	568796	000000N/A	N/A
0001144204-18-034330	2	Preferred	Series A Preferred Stock	747373	000000N/A	N/A
0001144204-18-034330	1	Debt Securities	Convertible Promissory Notes	2050000	000000N/A	N/A
0001144204-18-034330	1	Common	Common Stock	1136406	000000N/A	N/A
0001628279-18-000093	1	Debt Securities	Convertible Bridge Notes	6900000	000000000	NA
0001628279-18-000093	1	Common	Common	1820556	000000000	NA
0001628279-18-000093	1	Preferred	Series A	416666	000000000	NA
0001628279-18-000093	2	Preferred	Series B	2118100	000000000	NA
0001193125-18-193112	1	Debt Securities	N/A	0	000000000	N/A
0001193125-18-193112	1	Preferred	N/A	0	000000000	N/A
0001193125-18-193112	4	Common	SAFTs	5	000000000	N/A
0001193125-18-193112	3	Common	Helix Tokens	0	000000000	N/A
0001193125-18-193112	2	Common	Common Equity - Class H	0	000000000	N/A
0001193125-18-193112	1	Common	Common Equity - Class A	1000	000000000	N/A
0001213900-18-007647	1	Debt Securities	-	0	000000000	-
0001213900-18-007647	1	Preferred	-	0	000000000	-
0001213900-18-007647	1	Common	Common Units	4872654	000000000	-
0001477932-18-003041	1	Debt Securities		0		
0001477932-18-003041	1	Preferred		0		
0001477932-18-003041	1	Common	Common Stock	95060491	None	None
0001096906-18-000335	1	Preferred	Preferred Equity	600000	517815304	none
0001096906-18-000335	1	Common	Common Stock	3386426488	517815304	none
0001096906-18-000335	1	Debt Securities		0		
0001683168-18-001688	1	Debt Securities	None	0	000000N/A	N/A
0001683168-18-001688	1	Preferred	Preferred	0	000000N/A	N/A
0001683168-18-001688	1	Common	Common	24525000	000000N/A	N/A
0001654954-18-006629	1	Debt Securities	N/A	0	000000000	N/A
0001654954-18-006629	1	Common	Common Unit	13900000	000000000	N/A
0001654954-18-006629	1	Preferred	N/A	0	000000000	N/A
0001213900-18-007608	1	Preferred	-	0	000000000	-
0001213900-18-007608	1	Debt Securities	-	0	000000000	-
0001213900-18-007608	1	Common	Common Units	4872654	000000000	-
0000825350-18-000002	1	Preferred	None	0	None	None
0000825350-18-000002	2	Debt Securities	Note Payable	250000	None	None
0000825350-18-000002	4	Debt Securities	Security State Stat. Trust I	5000000	None	None
0000825350-18-000002	3	Debt Securities	Note Payable	75000	None	None
0000825350-18-000002	1	Debt Securities	Note Payable	12900000	None	None
0000825350-18-000002	1	Common	Common	9933	None	None
0000825350-18-000002	5	Debt Securities	Security State Stat. Trust II	5000000	815105926	None
0000825350-18-000002	6	Debt Securities	Community Funding CLO, Ltd.	12500000	None	None
0001062993-18-002585	1	Preferred		0		
0001062993-18-002585	1	Common		0		
0001062993-18-002585	1	Debt Securities		0		
0001549212-18-000019	1	Preferred	PREFERRED STOCK	80000	NONE	NONE
0001549212-18-000019	1	Common	COMMON STOCK	392062103	785014200	OTC PINK SHEETS- SWHI
0001549212-18-000019	1	Debt Securities		0		
0001477932-18-002987	1	Preferred	Preferred	7500000	None	None
0001477932-18-002987	1	Debt Securities	None	0	None	None
0001477932-18-002987	1	Common	Common	39854518	None	None
0001654954-18-006510	1	Common	Common Unit	13900000	000000000	N/A
0001654954-18-006510	1	Debt Securities	N/A	0	000000000	N/A
0001654954-18-006510	1	Preferred	N/A	0	000000000	N/A
0001213900-18-007523	1	Preferred	0	0	000000000	NA
0001213900-18-007523	1	Common	Class A   Class B	20717496	000000000	NA
0001213900-18-007523	1	Debt Securities	Purchase Notes	43066390	000000000	NA
0001213900-18-007509	1	Debt Securities	-	0	000000000	-
0001213900-18-007509	1	Common	Common Units	4872654	000000000	-
0001213900-18-007509	1	Preferred	-	0	000000000	-
0001144204-18-033640	1	Preferred	Series Seed	568796	000000N/A	N/A
0001144204-18-033640	1	Common	Common Stock	1136406	000000N/A	N/A
0001144204-18-033640	2	Preferred	Series A Preferred Stock	747373	000000N/A	N/A
0001144204-18-033640	1	Debt Securities	Convertible Promissory Notes	2050000	000000N/A	N/A
0001437749-18-011523	1	Debt Securities		0		
0001437749-18-011523	1	Common	Common Stock	43334000	0	n/a
0001437749-18-011523	1	Preferred		0		
0001144204-18-033598	1	Preferred	Non Voting Pref Series A	107216246	45113R208	OTC RWRDP
0001144204-18-033598	1	Common	Common Stock	100000000	000000000	N/A
0001144204-18-033598	1	Debt Securities	N/A	0	000000000	N/A
0001010549-18-000216	1	Preferred		0		
0001010549-18-000216	1	Debt Securities		0		
0001010549-18-000216	1	Common	Common Stock	95208026	38089W103	OTC Markets, Pink Open Market
0001683168-18-001624	1	Common	Common stock	3053024472	82668Y106	OTCMarkets, Pink Open Market
0001683168-18-001624	1	Preferred	none	0	000000000	n/a
0001683168-18-001624	1	Debt Securities	none	0	000000000	n/a
0001683168-18-001620	1	Common	Common stock	3053024472	82668Y106	OTCMarkets, Pink Open Market
0001683168-18-001620	1	Preferred	none	0	000000000	n/a
0001683168-18-001620	1	Debt Securities	none	0	000000000	n/a
0001214659-18-004351	1	Common	Common Shares	1000000	00000NONE	NONE
0001214659-18-004351	1	Preferred	NONE	0	00000NONE	NONE
0001214659-18-004351	1	Debt Securities	NONE	0	00000NONE	NONE
0001493152-18-008359	1	Preferred	Preferred Equity	50000	000000000	None
0001493152-18-008359	1	Common	Common Equity	27297960	89416R101	None
0001493152-18-008359	1	Debt Securities	None	0	000000000	0
0001445866-18-000631	1	Common	0	0		
0001445866-18-000631	1	Debt Securities	0	0		
0001445866-18-000631	1	Preferred	0	0		
0001144204-18-033229	1	Debt Securities	N/A	0	000000000	N/A
0001144204-18-033229	1	Common	Common Stock	100000000	000000000	N/A
0001144204-18-033229	1	Preferred	Non Voting Pref Series A	107216246	45113R208	OTC RWRDP
0000950123-18-006161	1	Debt Securities	N/A	0	000000000	N/A
0000950123-18-006161	1	Preferred	N/A	0	000000000	N/A
0000950123-18-006161	4	Common	SAFTs	5	000000000	N/A
0000950123-18-006161	2	Common	Common Equity - Class H	0	000000000	N/A
0000950123-18-006161	3	Common	Helix Tokens	0	000000000	N/A
0000950123-18-006161	1	Common	Common Equity - Class A	1000	000000000	N/A
0001654954-18-006363	1	Preferred	NONE	0	000000000	N/A
0001654954-18-006363	1	Common	Common	1	000000000	N/A
0001654954-18-006363	1	Debt Securities	NONE	0	000000000	N/A
0001078782-18-000615	1	Debt Securities		0		
0001078782-18-000615	1	Preferred	Preferred stock	1000000	None	None
0001078782-18-000615	1	Common	Common stock	11475000	None	None
0001683168-18-001592	1	Debt Securities	none	0	000000000	n/a
0001683168-18-001592	1	Preferred	none	0	000000000	n/a
0001683168-18-001592	1	Common	Class A, $0.0001 par value	68400000	0000000na	SDEC to be requested
0001144204-18-032746	1	Debt Securities	Convertible Promissory Notes	2050000	000000N/A	N/A
0001144204-18-032746	2	Preferred	Series A Preferred Stock	747373	000000N/A	N/A
0001144204-18-032746	1	Preferred	Series Seed	568796	000000N/A	N/A
0001144204-18-032746	1	Common	Common Stock	1136406	000000N/A	N/A
0001052918-18-000212	1	Common	Common Stock	5397727	0	0
0001052918-18-000212	1	Preferred		0		
0001052918-18-000212	1	Debt Securities	Convertible Notes ($)	1020889	0	0
0001477932-18-002887	1	Common	Common Stock	0	None	
0001477932-18-002887	1	Preferred		0		
0001477932-18-002887	1	Debt Securities		0		
0001395005-18-000018	4	Preferred	Series D Super Voting	51	N/A	N/A
0001395005-18-000018	3	Preferred	Series C Convertible	6540000	N/A	N/A
0001395005-18-000018	2	Preferred	Series B	14000000	N/A	N/A
0001395005-18-000018	1	Preferred	Series A	2	N/A	N/A
0001395005-18-000018	1	Common	Common Stock	12400263104	09174L104	OTCPinksheets
0001395005-18-000018	1	Debt Securities		0		
0001144204-18-032592	1	Preferred	Series Seed	568796	000000N/A	N/A
0001144204-18-032592	1	Common	Common Stock	1136406	000000N/A	N/A
0001144204-18-032592	1	Debt Securities	Convertible Promissory Notes	2050000	000000N/A	N/A
0001144204-18-032592	2	Preferred	Series A Preferred Stock	747373	000000N/A	N/A
0001144204-18-032518	1	Common	Common Shares	7269677	000000N/A	N/A
0001144204-18-032518	1	Preferred	N/A	0	000000N/A	N/A
0001144204-18-032518	1	Debt Securities	N/A	0	000000N/A	N/A
0001144204-18-032445	1	Common	Common Shares	500	000000000	N/A
0001144204-18-032445	1	Preferred	N/A	0	000000000	N/A
0001144204-18-032445	1	Debt Securities	N/A	0	000000000	N/A
0001144204-18-032441	1	Debt Securities	N/A	0	000000000	N/A
0001144204-18-032441	1	Preferred	N/A	0	000000000	N/A
0001144204-18-032441	1	Common	Common Shares	500	000000000	N/A
0001144204-18-032216	1	Common	Common Stock	100000000	000000000	N/A
0001144204-18-032216	1	Preferred	Non Voting Pref Series A	107216246	45113R208	OTC RWRDP
0001144204-18-032216	1	Debt Securities	N/A	0	000000000	N/A
0001214659-18-004201	1	Debt Securities	NONE	0	00000NONE	NONE
0001214659-18-004201	1	Common	Common Shares	1000000	00000NONE	NONE
0001214659-18-004201	1	Preferred	NONE	0	00000NONE	NONE
0001724115-18-000006	1	Debt Securities	N/A	0	N/A	N/A
0001724115-18-000006	1	Common	Common	32500000	N/A	N/A
0001724115-18-000006	1	Preferred	N/A	0	N/A	N/A
0001722266-18-000004	1	Preferred	0	0	0	0
0001722266-18-000004	1	Common	0	0	0	0
0001722266-18-000004	1	Debt Securities	0	0	0	0
0001493152-18-008061	1	Preferred	None	0	000000000	N/A
0001493152-18-008061	1	Debt Securities	None	0	000000000	N/A
0001493152-18-008061	1	Common	Common Stock	10000000	000000000	N/A
0001193125-18-180233	1	Common	Common Equity Class B	0	000000000	N/A
0001193125-18-180233	1	Preferred	Preferred Equity Class A	0	000000000	N/A
0001193125-18-180233	1	Debt Securities	N/A	0	000000000	N/A
0001144204-18-031788	1	Preferred	N/A	0	000000000	N/A
0001144204-18-031788	1	Debt Securities	N/A	0	000000000	N/A
0001144204-18-031784	1	Common	Common Shares	500	000000000	N/A
0001144204-18-031784	1	Preferred	N/A	0	000000000	N/A
0001144204-18-031788	1	Common	Common Shares	500	000000000	N/A
0001144204-18-031784	1	Debt Securities	N/A	0	000000000	N/A
0001683168-18-001561	1	Common	Common	24525000	000000N/A	N/A
0001683168-18-001561	1	Preferred	Preferred	0	000000N/A	N/A
0001683168-18-001561	1	Debt Securities	None	0	000000N/A	N/A
0001144204-18-031563	1	Debt Securities	Convertible Promissory Notes	2050000	000000N/A	N/A
0001144204-18-031563	2	Preferred	Series A Preferred Stock	747373	000000N/A	N/A
0001144204-18-031563	1	Preferred	Series Seed	568796	000000N/A	N/A
0001144204-18-031563	1	Common	Common Stock	1136406	000000N/A	N/A
0001646269-18-000012	1	Preferred		0		
0001646269-18-000012	1	Common	Common Stock	6464242	N/A	N/A
0001646269-18-000012	1	Debt Securities		0		
0001683168-18-001547	1	Preferred	None	0	000000000	None
0001683168-18-001547	1	Debt Securities	None	0	000000000	None
0001683168-18-001547	1	Common	Common Stock	483053453	36830V101	None
0001703732-18-000008	1	Debt Securities		0		
0001703732-18-000008	1	Preferred	Preferred	0		
0001703732-18-000008	1	Common	Class A and B Common Stock	28000000	N/A	N/A
0001652577-18-000002	1	Preferred	none	0		
0001652577-18-000002	2	Common	Class B	26000000	88557R201	none
0001652577-18-000002	1	Common	Class A	23259893	88557R201	none
0001652577-18-000002	1	Debt Securities	none	0		
0001615774-18-004406	1	Preferred	None	0	000000000	None
0001615774-18-004406	2	Common	None	0	000000000	None
0001615774-18-004406	1	Common	Common Stock	7281250	000000000	None
0001615774-18-004406	1	Debt Securities	None	0	000000000	None
0001144204-18-031033	1	Common	Series A Common	1000	000000000	N/A
0001144204-18-031033	1	Debt Securities	Series C Common	0	000000000	N/A
0001144204-18-031033	1	Preferred	Series B Common	1258	000000000	N/A
0001663577-18-000254	1	Preferred	None	0	000000000	None
0001663577-18-000254	1	Debt Securities	None	0	000000000	None
0001663577-18-000254	1	Common	Common Stock	102000103	855572103	OTC Pink
0001144204-18-030943	1	Preferred	Series Seed	568796	000000N/A	N/A
0001144204-18-030943	2	Preferred	Series A Preferred Stock	747373	000000N/A	N/A
0001144204-18-030943	1	Debt Securities	Convertible Promissory Notes	2050000	000000N/A	N/A
0001144204-18-030943	1	Common	Common Stock	1136406	000000N/A	N/A
0001654954-18-005888	1	Debt Securities	N/A	0	000000000	N/A
0001580695-18-000282	1	Debt Securities	Series C Redeemable Preferred	633332	000000000	N/A
0001580695-18-000282	1	Preferred	Series A-B Preferred Stock	4999620	000000000	N/A
0001654954-18-005888	1	Common	Common Unit	13900000	000000000	N/A
0001654954-18-005888	1	Preferred	N/A	0	000000000	N/A
0001580695-18-000282	1	Common	Common Stock	12511433	000000000	N/A
0001477932-18-002741	1	Preferred	Preferred Equity	0	None	None
0001477932-18-002741	1	Common	Common Equity	2000000	None	None
0001477932-18-002741	1	Debt Securities	None	0	None	None
0001395005-18-000015	2	Preferred	Series B	14000000	N/A	N/A
0001395005-18-000015	1	Debt Securities		0		
0001395005-18-000015	4	Preferred	Series D Super Voting	51	N/A	N/A
0001395005-18-000015	3	Preferred	Series C Convertible	6540000	N/A	N/A
0001395005-18-000015	1	Preferred	Series A	2	N/A	N/A
0001395005-18-000015	1	Common	Common Stock	12400263104	09174L104	OTCPinksheets
0001477932-18-002730	1	Debt Securities		0		
0001477932-18-002730	1	Common	Common Stock	3092676667	94748P104	OTC
0001477932-18-002730	3	Preferred	Series C Preferred	8500	n/a	n/a
0001477932-18-002730	2	Preferred	Series B Preferred	1000000	n/a	n/a
0001477932-18-002730	1	Preferred	Series A Preferred	10000000	n/a	n/a
0001144204-18-030626	1	Debt Securities	N/A	0	000000000	N/A
0001144204-18-030626	1	Common	Common Stock	100000000	000000000	N/A
0001144204-18-030626	1	Preferred	Non Voting Pref Series A	107216246	45113R208	OTC RWRDP
0001553350-18-000610	1	Common	Common Stock	1000000	000000N/A	None
0001553350-18-000610	2	Common	Options	0	000000N/A	None
0001553350-18-000610	1	Debt Securities	Convertible Note	0	000000N/A	None
0001553350-18-000610	1	Preferred	Series Seed Preferred Stock	0	000000N/A	None
0001553350-18-000610	3	Common	Warrants	0	000000N/A	None
0001549212-18-000017	1	Common	COMMON STOCK	392062103	785014200	OTC PINK SHEETS- SWHI
0001549212-18-000017	1	Preferred	PREFERRED STOCK	80000	NONE	NONE
0001549212-18-000017	1	Debt Securities		0		
0001477932-18-002630	1	Debt Securities	Debt Securities	0		
0001477932-18-002630	1	Preferred	Preferred Equity	0		
0001477932-18-002630	1	Common	Common Stock	0		
0001477932-18-002597	1	Common	Common Equity	2000000	None	None
0001477932-18-002597	1	Debt Securities	None	0	None	None
0001477932-18-002597	1	Preferred	Preferred Equity	0	None	None
0001214659-18-003830	1	Common	Common Shares	1000000	00000NONE	NONE
0001214659-18-003830	1	Preferred	NONE	0	00000NONE	NONE
0001214659-18-003830	1	Debt Securities	NONE	0	00000NONE	NONE
0001654954-18-005541	1	Debt Securities	None	0	000000000	N/A
0001654954-18-005541	1	Preferred	Class A	0	000000000	N/A
0001654954-18-005541	1	Common	Common	13900000	000000000	N/A
0001144204-18-029271	1	Common	Common Shares	6343829	000000000	N/A
0001144204-18-029271	1	Preferred	N/A	0	000000000	N/A
0001144204-18-029271	1	Debt Securities	N/A	0	000000000	N/A
0001683168-18-001431	1	Preferred	None	0	000000000	None
0001683168-18-001431	1	Debt Securities	None	0	000000000	None
0001683168-18-001431	1	Common	Common Stock	483053453	36830V101	None
0001477932-18-002549	1	Debt Securities		0		
0001477932-18-002549	1	Preferred		0		
0001477932-18-002549	1	Common	Common Stock	95060491	None	None
0001144204-18-028941	1	Preferred	Series B Common	1258	000000000	N/A
0001144204-18-028941	1	Common	Series A Common	1000	000000000	N/A
0001144204-18-028941	1	Debt Securities	Series C Common	0	000000000	N/A
0001213900-18-006287	1	Common	Class A Common	13131429	000000000	None
0001213900-18-006287	1	Debt Securities	Corporate Notes	2607000	000000000	None
0001213900-18-006287	1	Preferred	Membership Units	6708783	000000000	None
0001104659-18-033370	1	Common	Common shares	3503456	N/A	N/A
0001104659-18-033370	1	Preferred		0		
0001104659-18-033370	1	Debt Securities		0		
0001683168-18-001358	1	Preferred	Preferred	0	000000N/A	N/A
0001683168-18-001358	1	Debt Securities	None	0	000000N/A	N/A
0001683168-18-001358	1	Common	Common	24525000	000000N/A	N/A
0001144204-18-028594	1	Debt Securities	Convertible Promissory Notes	2050000	000000N/A	N/A
0001144204-18-028594	1	Preferred	Series Seed	568796	000000N/A	N/A
0001144204-18-028594	2	Preferred	Series A Preferred Stock	747373	000000N/A	N/A
0001144204-18-028594	1	Common	Common Stock	1136406	000000N/A	N/A
0001144204-18-027624	1	Preferred	N/A	0	000000N/A	N/A
0001144204-18-027624	1	Common	Common Bits	25000	000000N/A	N/A
0001144204-18-027624	1	Debt Securities	N/A	0	000000N/A	N/A
0001096906-18-000232	1	Common	Common Stock	3386426488	517815304	none
0001096906-18-000232	1	Debt Securities		0		
0001096906-18-000232	1	Preferred	Preferred Equity	600000	517815304	none
0001688804-18-000009	3	Common	Series #85FT1	2000	0	None
0001688804-18-000009	4	Common	Series #88LJ1	2000	0	None
0001688804-18-000009	1	Debt Securities		0		
0001688804-18-000009	1	Preferred		0		
0001688804-18-000009	2	Common	Series #69BM1	2000	0	None
0001688804-18-000009	1	Common	Series #77LE1	2000	0	None
0001019056-18-000645	1	Debt Securities	N/A	0	000000000	N/A
0001019056-18-000645	1	Preferred	Perferred Stock	0	000000000	N/A
0001019056-18-000645	1	Common	Common Stock	1000	000000000	N/A
0001144204-18-027206	1	Preferred	N/A	0	000000000	N/A
0001144204-18-027206	1	Common	Common Shares	972793	000000000	N/A
0001144204-18-027206	1	Debt Securities	N/A	0	000000000	N/A
0001144204-18-027191	1	Preferred	N/A	0	000000000	N/A
0001144204-18-027191	1	Debt Securities	N/A	0	000000000	N/A
0001144204-18-027191	1	Common	Common Shares	881896	000000000	N/A
0001144204-18-027040	1	Common	Common Stock	100000000	000000000	N/A
0001144204-18-027040	1	Debt Securities	N/A	0	000000000	N/A
0001144204-18-027040	1	Preferred	Non Voting Pref Series A	107216246	45113R208	OTC RWRDP
0001721868-18-000386	1	Preferred	Preferred A and B	3552	98137D101	OTC
0001721868-18-000386	1	Common	Common Stock	4464288051	98137D200	OTC
0001721868-18-000386	1	Debt Securities	None	0	00000None	None
0001683168-18-001246	1	Common	Common Stock	483053453	36830V101	None
0001683168-18-001246	1	Preferred	None	0	000000000	None
0001683168-18-001246	1	Debt Securities	None	0	000000000	None
0001010549-18-000151	1	Debt Securities		0		
0001010549-18-000151	1	Preferred		0		
0001010549-18-000151	1	Common	Common Stock	95208026	38089W103	OTC Markets, Pink Open Market
0001264931-18-000047	1	Common	COMMON EQUIY	93818118	029098209	OTC MARKETS
0001264931-18-000047	1	Preferred	PREFERRED EQUITY	19370440	000000000	N/A
0001264931-18-000047	1	Debt Securities	N/A	0	000000000	N/A
0001213900-18-005700	1	Debt Securities	-	0	000000000	-
0001213900-18-005700	1	Preferred	-	0	000000000	-
0001213900-18-005700	1	Common	Common Units	4872654	000000000	-
0001144204-18-026182	1	Common	Common Stock	1136406	000000N/A	N/A
0001144204-18-026182	1	Preferred	Series Seed	568796	000000N/A	N/A
0001144204-18-026182	2	Preferred	Series A Preferred Stock	747373	000000N/A	N/A
0001144204-18-026182	1	Debt Securities	Convertible Promissory Notes	2050000	000000N/A	N/A
0001549212-18-000015	1	Debt Securities		0		
0001549212-18-000015	1	Preferred	PREFERRED STOCK	80000	NONE	NONE
0001549212-18-000015	1	Common	COMMON STOCK	392062103	785014200	OTC PINK SHEETS- SWHI
0001213900-18-005674	1	Debt Securities	-	0	000000000	-
0001213900-18-005674	1	Common	Common Units	4872654	000000000	-
0001213900-18-005674	1	Preferred	-	0	000000000	-
0001663577-18-000214	1	Common	Common Stock	102000103	855572103	OTC Pink
0001663577-18-000214	1	Preferred	None	0	000000000	None
0001663577-18-000214	1	Debt Securities	None	0	000000000	None
0001144204-18-025962	1	Common	Common Shares	2882052	000000000	NA
0001144204-18-025962	1	Preferred	NA	0	000000000	NA
0001144204-18-025962	1	Debt Securities	NA	0	000000000	NA
0001144204-18-025956	1	Debt Securities	N/A	0	000000000	N/A
0001144204-18-025956	1	Preferred	N/A	0	000000000	N/A
0001144204-18-025956	1	Common	Common Shares	2772158	000000000	N/A
0001144204-18-025949	1	Preferred	N/A	0	000000000	N/A
0001144204-18-025949	1	Common	Common Shares	2768319	000000000	N/A
0001144204-18-025949	1	Debt Securities	N/A	0	000000000	N/A
0001144204-18-025946	1	Preferred	N/A	0	000000N/A	N/A
0001144204-18-025946	1	Debt Securities	N/A	0	000000N/A	N/A
0001144204-18-025946	1	Common	Common Shares	7269677	000000N/A	N/A
0001395005-18-000013	1	Preferred	Series A	2	N/A	N/A
0001395005-18-000013	1	Common	Common Stock	12400263104	09174L104	OTCPinksheets
0001395005-18-000013	2	Preferred	Series B	14000000	N/A	N/A
0001395005-18-000013	4	Preferred	Series D Super Voting	51	N/A	N/A
0001395005-18-000013	1	Debt Securities		0		
0001395005-18-000013	3	Preferred	Series C Convertible	6540000	N/A	N/A
0001393905-18-000159	1	Common	Common Stock	95597102	24373L102	OTCBB
0001393905-18-000159	1	Debt Securities		0		
0001393905-18-000159	1	Preferred		0		
0001683168-18-001215	1	Debt Securities	N/A	0	000000000	N/A
0001683168-18-001215	1	Preferred	Series A	17855171	000000000	none
0001683168-18-001215	1	Common	Common Stock	586350894	00062459P	OTC Markets, Pink Open Market
0001493152-18-006287	1	Debt Securities	None	0	000000000	None
0001493152-18-006287	1	Common	Common Stock	186248501	85221L107	OTCMarkets, Pink Open Market
0001493152-18-006287	1	Preferred	None	30000	000000000	None
0001395005-18-000012	2	Preferred	Series B	14000000	N/A	N/A
0001395005-18-000012	1	Preferred	Series A	2	N/A	N/A
0001395005-18-000012	1	Common	Common Stock	12400263104	09174L104	OTCPinksheets
0001395005-18-000012	3	Preferred	Series C Convertible	6540000	N/A	N/A
0001395005-18-000012	1	Debt Securities		0		
0001395005-18-000012	4	Preferred	Series D Super Voting	51	N/A	N/A
0001477932-18-002179	1	Common	Voting Common Stock	10000000	None	None
0001477932-18-002179	2	Common	Non-Voting Common Stock	0	None	None
0001477932-18-002179	1	Debt Securities	None	0		
0001477932-18-002179	1	Preferred	None	0		
0001161697-18-000236	1	Common	Common Equity	1710807	000000000	None
0001161697-18-000236	1	Preferred	Preferred Equity	0	000000000	None
0001161697-18-000236	1	Debt Securities	Debt Securities	0	000000000	None
0001010549-18-000141	1	Preferred		0		
0001010549-18-000141	1	Debt Securities		0		
0001010549-18-000141	1	Common	Common Stock	95208026	38089W103	OTC Markets, Pink Open Market
0001264931-18-000039	1	Debt Securities	N/A	0	000000000	N/A
0001264931-18-000039	1	Preferred	PREFERRED EQUITY	31000000	000000000	N/A
0001264931-18-000039	1	Common	COMMON EQUITY	544646475	92555K101	OTC MARKETS
0001683168-18-001132	1	Preferred	none	0	000000000	n/a
0001683168-18-001132	1	Debt Securities	none	0	000000000	n/a
0001683168-18-001132	1	Common	Class A, $0.0001 par value	68400000	0000000na	SDEC to be requested
0001683168-18-001130	1	Debt Securities	None	0	000000000	None
0001683168-18-001130	1	Common	Common Stock	0	36830V101	None
0001683168-18-001130	1	Preferred	None	0	000000000	None
0001144204-18-024356	2	Preferred	Series A Preferred Stock	747373	000000N/A	N/A
0001144204-18-024356	1	Common	Common Stock	1136406	000000N/A	N/A
0001144204-18-024356	1	Preferred	Series Seed	568796	000000N/A	N/A
0001144204-18-024356	1	Debt Securities	Convertible Promissory Notes	2050000	000000N/A	N/A
0001477932-18-002127	1	Preferred	Preferred Equity	0		
0001477932-18-002127	1	Debt Securities	Debt Securities	0		
0001477932-18-002127	1	Common	Common Stock	0		
0001213900-18-005245	1	Debt Securities	Corporate Notes	2607000	000000000	None
0001213900-18-005245	1	Common	Class A Common	13131429	000000000	None
0001213900-18-005245	1	Preferred	Membership Units	6708783	000000000	None
0001646269-18-000010	1	Debt Securities		0		
0001646269-18-000010	1	Common	Common Stock	6464242	N/A	N/A
0001646269-18-000010	1	Preferred		0		
0001640334-18-000834	2	Common	Class B Common Stock	2000	N/A	N/A
0001640334-18-000834	1	Debt Securities		0		
0001052918-18-000139	1	Debt Securities	Convertible Notes ($)	1020889	0	0
0001052918-18-000139	1	Preferred		0		
0001052918-18-000139	1	Common	Common Stock	5397727	0	0
0001640334-18-000834	1	Common	Class A Common Stock	180000000	N/A	N/A
0001640334-18-000834	1	Preferred		0		
0001477932-18-002081	1	Debt Securities	Debt Securities	222500	N/A	N/A
0001477932-18-002081	1	Preferred	Preferred Equity	20800	N/A	N/A
0001477932-18-002081	1	Common	Common Equity	432259485	584502108	OTC Links (Pink Sheets)
0001724115-18-000005	1	Common	Common	32500000	N/A	N/A
0001724115-18-000005	1	Preferred	N/A	0	N/A	N/A
0001724115-18-000005	1	Debt Securities	N/A	0	N/A	N/A
0001213900-18-004983	1	Common	Class P Common Stock	1505	000000000	N/A
0001213900-18-004983	1	Preferred	Class M Common Stock	1	000000000	N/A
0001213900-18-004983	1	Debt Securities	N/A	0	000000000	N/A
0001144204-18-022443	1	Preferred	NA	0	000000000	NA
0001144204-18-022443	1	Common	NA	3000000	000000000	NA
0001144204-18-022443	1	Debt Securities	NA	0	000000000	NA
0001654954-18-004341	1	Common	Common	1300000	000000000	N/A
0001654954-18-004341	1	Debt Securities	None	0	000000000	N/A
0001654954-18-004341	1	Preferred	Class A	0	000000000	N/A
0001144204-18-022269	1	Preferred	Series B Common	1258	000000000	N/A
0001144204-18-022269	1	Debt Securities	Series C Common	0	000000000	N/A
0001144204-18-022269	1	Common	Series A Common	1000	000000000	N/A
0001144204-18-022149	1	Common	NA	3000000	000000000	NA
0001144204-18-022149	1	Debt Securities	NA	0	000000000	NA
0001144204-18-022149	1	Preferred	NA	0	000000000	NA
0001683168-18-001069	1	Debt Securities	N/A	0	000000000	N/A
0001683168-18-001069	3	Preferred	Series A-2	4721500	000000n/a	N/A
0001683168-18-001069	2	Preferred	Series A-1	5970300	000000n/a	N/A
0001683168-18-001069	1	Preferred	Series A	1712200	000000n/a	N/A
0001683168-18-001069	2	Common	Class B Common Stock	1297042	000000n/a	N/A
0001683168-18-001069	1	Common	Class A Common Stock	7824600	000000n/a	N/A
0001477932-18-001984	1	Preferred	None	0		
0001477932-18-001984	1	Common	Common Stock	25000000	0	0
0001477932-18-001984	1	Debt Securities	None	0		
0001549212-18-000014	1	Debt Securities		0		
0001549212-18-000014	1	Common	COMMON STOCK	392062103	785014200	OTC PINK SHEETS- SWHI
0001549212-18-000014	1	Preferred	PREFERRED STOCK	80000	NONE	NONE
0001144204-18-021495	1	Debt Securities	Convertible Promissory Notes	2050000	000000N/A	N/A
0001144204-18-021495	1	Common	Common Stock	1136406	000000N/A	N/A
0001144204-18-021495	1	Preferred	Series Seed Preferred Stock	568796	000000N/A	N/A
0001144204-18-021495	2	Preferred	Series A Preferred Stock	747373	000000N/A	N/A
0001214659-18-002906	1	Preferred	NONE	0	00000NONE	NONE
0001214659-18-002906	1	Common	NONE	0	00000NONE	NONE
0001214659-18-002906	1	Debt Securities	NONE	0	00000NONE	NONE
0001144204-18-021019	1	Preferred	Series Seed Preferred Stock	568796	000000N/A	N/A
0001144204-18-021019	2	Preferred	Series A Preferred Stock	747373	000000N/A	N/A
0001144204-18-021019	1	Common	Common Stock	1136406	000000N/A	N/A
0001144204-18-021019	1	Debt Securities	Convertible Promissory Notes	2050000	000000N/A	N/A
0001144204-18-020759	1	Common	Common Stock	100	000000N/A	N/A
0001144204-18-020759	1	Preferred	N/A	0	000000N/A	N/A
0001144204-18-020759	1	Debt Securities	N/A	0	000000N/A	N/A
0001703732-18-000005	1	Common	Class A and B Common Stock	28000000	N/A	N/A
0001703732-18-000005	1	Debt Securities		0		
0001703732-18-000005	1	Preferred	Preferred	0		
0001683168-18-000995	1	Preferred	None	0	000000000	None
0001683168-18-000995	1	Common	Common Stock	0	36830V101	None
0001683168-18-000995	1	Debt Securities	None	0	000000000	None
0001683168-18-000978	1	Debt Securities	N/A	0	000000000	N/A
0001683168-18-000978	1	Preferred	Series A	17855171	000000000	none
0001683168-18-000978	1	Common	Common Stock	586350894	00062459P	OTC Markets, Pink Open Market
0001683168-18-000972	1	Common	Common	24525000	000000N/A	N/A
0001683168-18-000972	1	Debt Securities	None	0	000000N/A	N/A
0001683168-18-000972	1	Preferred	Preferred	0	000000N/A	N/A
0001615774-18-002530	1	Debt Securities	Debt Securities	909889	000000000	none
0001615774-18-002530	1	Preferred	Series A Preferred Stock	0	000000000	none
0001615774-18-002530	1	Common	Common Equity	25770551	000000000	none
0001733932-18-000002	1	Debt Securities		0		
0001733932-18-000002	1	Preferred	Preferred	7500000	None	None
0001733932-18-000002	1	Common	Common	39854518	None	None
0001144204-18-019635	2	Preferred	Series A Preferred Stock	747373	000000N/A	N/A
0001144204-18-019635	1	Preferred	Series Seed Preferred Stock	568796	000000N/A	N/A
0001144204-18-019635	1	Common	Common Stock	1136406	000000N/A	N/A
0001144204-18-019635	1	Debt Securities	Convertible Promissory Notes	2050000	000000N/A	N/A
0001144204-18-019564	1	Preferred	Series Seed Preferred Stock	568796	000000N/A	N/A
0001144204-18-019564	2	Preferred	Series A Preferred Stock	747373	000000N/A	N/A
0001144204-18-019564	1	Common	Common Stock	1136406	000000N/A	N/A
0001144204-18-019564	1	Debt Securities	Convertible Promissory Notes	2050000	000000N/A	N/A
0001663577-18-000181	1	Common	Common Stock	102000103	855572103	OTC Pink
0001663577-18-000181	1	Preferred	None	0	000000000	None
0001663577-18-000181	1	Debt Securities	None	0	000000000	None
0001395005-18-000011	1	Debt Securities		0		
0001395005-18-000011	1	Common	Common Stock	12400263104	09174L104	OTCPinksheets
0001395005-18-000011	3	Preferred	Series C Convertible	6540000	N/A	N/A
0001395005-18-000011	4	Preferred	Series D Super Voting	51	N/A	N/A
0001395005-18-000011	1	Preferred	Series A	2	N/A	N/A
0001395005-18-000011	2	Preferred	Series B	14000000	N/A	N/A
0001731302-18-000001	1	Preferred		0		
0001731302-18-000001	1	Debt Securities		0		
0001731302-18-000001	1	Common		0		
0001733775-18-000008	1	Debt Securities		0		
0001733775-18-000008	1	Common	Common Equity	12500000	0	0
0001733775-18-000008	1	Preferred	Preferred Equity	5000000	0	0
