ACCESSION_NUMBER	SO_ID	SECURITIESOFFEREDTYPES	SECURITIESOFFEREDOTHERDESC
0001477932-18-003280	1	Equity (common or preferred stock)	
0001144204-18-036587	1	Other(describe)	Limited Recourse Obligation (LRO), a limited debt obligation of the issuer
0001144204-18-036457	1	Equity (common or preferred stock)	
0001477932-18-003225	1	Equity (common or preferred stock)	
0001052918-18-000251	1	Equity (common or preferred stock)	
0001144204-18-035945	1	Equity (common or preferred stock)	
0001264931-18-000079	1	Equity (common or preferred stock)	
0001052918-18-000243	1	Equity (common or preferred stock)	
0001558891-18-000052	1	Equity (common or preferred stock)	
0001144204-18-035686	1	Other(describe)	Limited Recourse Obligation (LRO), a limited debt obligation of the issuer
0001144204-18-035670	1	Other(describe)	Limited Recourse Obligation (LRO), a limited debt obligation of the issuer
0001213900-18-008187	1	Equity (common or preferred stock)	
0001144204-18-035431	1	Equity (common or preferred stock)	
0001213900-18-008083	1	Equity (common or preferred stock)	
0001144204-18-035415	1	Other(describe)	Limited Recourse Obligation (LRO), a limited debt obligation of the issuer
0001144204-18-035345	1	Equity (common or preferred stock)	
0001688804-18-000012	1	Other(describe)	LLC Interests
0001477932-18-003173	1	Equity (common or preferred stock)	
0001213900-18-008031	1	Equity (common or preferred stock)	
0001144204-18-035206	1	Equity (common or preferred stock)	
0001104659-18-041562	1	Equity (common or preferred stock)	
0001052918-18-000233	1	Equity (common or preferred stock)	
0001213900-18-007955	1	Equity (common or preferred stock)	
0001477932-18-003108	1	Equity (common or preferred stock)	
0001683168-18-001713	2	Security to be acquired upon exercise of option, warrant or other right to acquire security	
0001683168-18-001713	1	Equity (common or preferred stock)	
0001493152-18-008771	1	Equity (common or preferred stock)	
0001213900-18-007713	1	Equity (common or preferred stock)	
0001214659-18-004477	1	Equity (common or preferred stock)	
0001144204-18-034330	1	Other(describe)	Limited Recourse Obligation (LRO), a limited debt obligation of the issuer
0001628279-18-000093	1	Equity (common or preferred stock)	
0001193125-18-193112	2	Security to be acquired upon exercise of option, warrant or other right to acquire security	
0001193125-18-193112	1	Equity (common or preferred stock)	
0001213900-18-007647	1	Other(describe)	common units representing limited partner interests
0001477932-18-003041	1	Equity (common or preferred stock)	
0001096906-18-000335	1	Equity (common or preferred stock)	
0001683168-18-001688	1	Equity (common or preferred stock)	
0001654954-18-006629	1	Equity (common or preferred stock)	
0001213900-18-007608	1	Other(describe)	common units representing limited partner interests
0000825350-18-000002	1	Equity (common or preferred stock)	
0001062993-18-002585	1	Equity (common or preferred stock)	
0001549212-18-000019	1	Equity (common or preferred stock)	
0001477932-18-002987	1	Equity (common or preferred stock)	
0001654954-18-006510	1	Equity (common or preferred stock)	
0001213900-18-007523	1	Equity (common or preferred stock)	
0001213900-18-007509	1	Other(describe)	common units representing limited partner interests
0001144204-18-033640	1	Other(describe)	Limited Recourse Obligation (LRO), a limited debt obligation of the issuer
0001437749-18-011523	1	Equity (common or preferred stock)	
0001144204-18-033598	1	Equity (common or preferred stock)	
0001010549-18-000216	1	Equity (common or preferred stock)	
0001683168-18-001624	1	Equity (common or preferred stock)	
0001683168-18-001620	1	Equity (common or preferred stock)	
0001214659-18-004351	1	Equity (common or preferred stock)	
0001493152-18-008359	1	Equity (common or preferred stock)	
0001445866-18-000631	1	Equity (common or preferred stock)	
0001144204-18-033229	1	Equity (common or preferred stock)	
0000950123-18-006161	2	Security to be acquired upon exercise of option, warrant or other right to acquire security	
0000950123-18-006161	1	Equity (common or preferred stock)	
0001654954-18-006363	1	Debt	
0001078782-18-000615	1	Equity (common or preferred stock)	
0001683168-18-001592	1	Equity (common or preferred stock)	
0001144204-18-032746	1	Other(describe)	Limited Recourse Obligation (LRO), a limited debt obligation of the issuer
0001052918-18-000212	1	Equity (common or preferred stock)	
0001477932-18-002887	1	Equity (common or preferred stock)	
0001395005-18-000018	1	Equity (common or preferred stock)	
0001144204-18-032592	1	Other(describe)	Limited Recourse Obligation (LRO), a limited debt obligation of the issuer
0001144204-18-032518	1	Equity (common or preferred stock)	
0001144204-18-032445	1	Equity (common or preferred stock)	
0001144204-18-032441	1	Equity (common or preferred stock)	
0001144204-18-032216	1	Equity (common or preferred stock)	
0001214659-18-004201	1	Equity (common or preferred stock)	
0001724115-18-000006	1	Equity (common or preferred stock)	
0001722266-18-000004	1	Equity (common or preferred stock)	
0001493152-18-008061	1	Equity (common or preferred stock)	
0001193125-18-180233	1	Debt	
0001144204-18-031788	1	Equity (common or preferred stock)	
0001144204-18-031784	1	Equity (common or preferred stock)	
0001683168-18-001561	1	Equity (common or preferred stock)	
0001144204-18-031563	1	Other(describe)	Limited Recourse Obligation (LRO), a limited debt obligation of the issuer
0001646269-18-000012	1	Equity (common or preferred stock)	
0001683168-18-001547	1	Equity (common or preferred stock)	
0001703732-18-000008	1	Equity (common or preferred stock)	
0001652577-18-000002	1	Equity (common or preferred stock)	
0001615774-18-004406	2	Option, warrant or other right to acquire another security	
0001615774-18-004406	1	Equity (common or preferred stock)	
0001144204-18-031033	1	Equity (common or preferred stock)	
0001663577-18-000254	1	Equity (common or preferred stock)	
0001144204-18-030943	1	Other(describe)	Limited Recourse Obligation (LRO), a limited debt obligation of the issuer
0001654954-18-005888	1	Equity (common or preferred stock)	
0001580695-18-000282	1	Equity (common or preferred stock)	
0001477932-18-002741	1	Equity (common or preferred stock)	
0001395005-18-000015	1	Equity (common or preferred stock)	
0001477932-18-002730	1	Equity (common or preferred stock)	
0001144204-18-030626	1	Equity (common or preferred stock)	
0001553350-18-000610	1	Debt	
0001549212-18-000017	1	Equity (common or preferred stock)	
0001477932-18-002630	1	Equity (common or preferred stock)	
0001477932-18-002597	1	Equity (common or preferred stock)	
0001214659-18-003830	1	Equity (common or preferred stock)	
0001654954-18-005541	1	Equity (common or preferred stock)	
0001144204-18-029271	1	Equity (common or preferred stock)	
0001683168-18-001431	1	Equity (common or preferred stock)	
0001477932-18-002549	1	Equity (common or preferred stock)	
0001144204-18-028941	1	Equity (common or preferred stock)	
0001213900-18-006287	1	Equity (common or preferred stock)	
0001104659-18-033370	1	Equity (common or preferred stock)	
0001683168-18-001358	1	Equity (common or preferred stock)	
0001144204-18-028594	1	Other(describe)	Limited Recourse Obligation (LRO), a limited debt obligation of the issuer
0001144204-18-027624	1	Equity (common or preferred stock)	
0001096906-18-000232	1	Equity (common or preferred stock)	
0001688804-18-000009	1	Other(describe)	LLC Interests
0001019056-18-000645	1	Other(describe)	Warrant exchangeable for Ember Tokens
0001144204-18-027206	1	Equity (common or preferred stock)	
0001144204-18-027191	1	Equity (common or preferred stock)	
0001144204-18-027040	1	Equity (common or preferred stock)	
0001721868-18-000386	1	Equity (common or preferred stock)	
0001683168-18-001246	1	Equity (common or preferred stock)	
0001010549-18-000151	1	Equity (common or preferred stock)	
0001264931-18-000047	1	Equity (common or preferred stock)	
0001264931-18-000047	2	Debt	
0001213900-18-005700	1	Other(describe)	common units representing limited partner interests
0001144204-18-026182	1	Other(describe)	Limited Recourse Obligation (LRO), a limited debt obligation of the issuer
0001549212-18-000015	1	Equity (common or preferred stock)	
0001213900-18-005674	1	Other(describe)	common units representing limited partner interests
0001663577-18-000214	1	Equity (common or preferred stock)	
0001144204-18-025962	1	Equity (common or preferred stock)	
0001144204-18-025956	1	Equity (common or preferred stock)	
0001144204-18-025949	1	Equity (common or preferred stock)	
0001144204-18-025946	1	Equity (common or preferred stock)	
0001395005-18-000013	1	Equity (common or preferred stock)	
0001393905-18-000159	1	Equity (common or preferred stock)	
0001683168-18-001215	1	Equity (common or preferred stock)	
0001493152-18-006287	1	Equity (common or preferred stock)	
0001395005-18-000012	1	Equity (common or preferred stock)	
0001477932-18-002179	1	Equity (common or preferred stock)	
0001161697-18-000236	1	Equity (common or preferred stock)	
0001010549-18-000141	1	Equity (common or preferred stock)	
0001264931-18-000039	1	Equity (common or preferred stock)	
0001683168-18-001132	1	Equity (common or preferred stock)	
0001683168-18-001130	1	Equity (common or preferred stock)	
0001144204-18-024356	1	Other(describe)	Limited Recourse Obligation (LRO), a limited debt obligation of the issuer
0001477932-18-002127	1	Equity (common or preferred stock)	
0001213900-18-005245	1	Equity (common or preferred stock)	
0001646269-18-000010	1	Equity (common or preferred stock)	
0001052918-18-000139	1	Equity (common or preferred stock)	
0001640334-18-000834	1	Equity (common or preferred stock)	
0001477932-18-002081	2	Security to be acquired upon exercise of option, warrant or other right to acquire security	
0001477932-18-002081	1	Equity (common or preferred stock)	
0001724115-18-000005	1	Equity (common or preferred stock)	
0001213900-18-004983	1	Equity (common or preferred stock)	
0001144204-18-022443	1	Equity (common or preferred stock)	
0001654954-18-004341	1	Equity (common or preferred stock)	
0001144204-18-022269	1	Equity (common or preferred stock)	
0001144204-18-022149	1	Equity (common or preferred stock)	
0001683168-18-001069	1	Debt	
0001477932-18-001984	1	Equity (common or preferred stock)	
0001549212-18-000014	1	Equity (common or preferred stock)	
0001144204-18-021495	1	Other(describe)	Limited Recourse Obligation (LRO), a limited debt obligation of the issuer
0001214659-18-002906	1	Equity (common or preferred stock)	
0001144204-18-021019	1	Other(describe)	Limited Recourse Obligation (LRO), a limited debt obligation of the issuer
0001144204-18-020759	1	Equity (common or preferred stock)	
0001703732-18-000005	1	Equity (common or preferred stock)	
0001683168-18-000995	1	Equity (common or preferred stock)	
0001683168-18-000978	1	Equity (common or preferred stock)	
0001683168-18-000972	1	Equity (common or preferred stock)	
0001615774-18-002530	1	Equity (common or preferred stock)	
0001733932-18-000002	1	Equity (common or preferred stock)	
0001144204-18-019635	1	Equity (common or preferred stock)	
0001144204-18-019564	1	Other(describe)	Limited Recourse Obligation (LRO), a limited debt obligation of the issuer
0001663577-18-000181	1	Equity (common or preferred stock)	
0001395005-18-000011	1	Equity (common or preferred stock)	
0001731302-18-000001	1	Debt	
0001733775-18-000008	1	Equity (common or preferred stock)	
