ACCESSION_NUMBER	FORMINDICATION	ISSUERNAME	FISCALYEAREND	STREET1	STREET2	CITY	STATEORCOUNTRY	ZIPCODE	PHONENUMBER	REGARULE257
0001582586-18-000066	Annual Report		28-FEB-2018	106858 DRIVE, #18541		HOUSTON	TX	77043	877-382-7662	false
0001193125-18-204206	Special Financial Report for the fiscal year		31-DEC-2017	13455 Noel Road Suite 100		Dallas	TX	75240	972-450-6000	false
0001104659-18-042169		Solera National Bancorp, Inc.		319 South Sheridan Boulevard		Lakewood	CO	80226	303-209-8600	
0001477932-18-003170	Special Financial Report for the fiscal year		31-DEC-2017	9755 SW Barnes Road, Suite 420		PORTLAND	OR	97225	503-225-0300	false
0001599916-18-000111	Annual Report		28-FEB-2018	28 APOLLO ROAD SUITE 6A		EAST PROVIDENCE	RI	02914	401-440-9533	true
0001213900-18-007793	Annual Report		30-JUN-2017	1250 Borregas Avenue		Sunnyvale	CA	94089	1-800-438-1859	true
0001214659-18-004419	Annual Report		31-DEC-2017	440 S. LA SALLE STREET	SUITE 1110	CHICAGO	IL	60605	800-555-1055	true
0001140361-18-027806	Annual Report		31-DEC-2017	2942 N 24TH ST	SUITE 114-700	PHOENIX	AZ	85016	480-500-6800	true
0001445866-18-000633	Annual Report		31-DEC-2017	2090 N. KOLB ROAD, STE 120.		TUCSON	AZ	85715	888-444-2102	true
0001477932-18-002914	Annual Report		31-DEC-2017	3355 Lenox Road NE, #750		Atlanta	GA	30326	844-73-TULSA	false
0001062993-18-002467	Annual Report		31-DEC-2017	100 TECHNOLOGY DRIVE	SUITE 315	SUITE 315	CO	80021	303-447-3100	false
0001104659-18-037580		Viskase Companies, Inc.		333 E. Butterfield Rd.	Suite 400	Lombard	IL	60148	630-874-0700	
0001144204-18-031751	Special Financial Report for the fiscal year		31-DEC-2017	16561 N 92ND STREET	SUITE 101	SCOTTSDALE	AZ	85260	888-880-7888	true
0001213900-18-006510	Annual Report		31-DEC-2017	7582 Las Vegas Blvd.		Las Vegas	NV	89123	702-721-9915	false
0001144204-18-027731	Special Financial Report for the fiscal year		31-DEC-2017	2323 ROSS AVENUE	SUITE 200	DALLAS	TX	75201	214-269-9500	true
0001144204-18-027037	Special Financial Report for the fiscal year		31-DEC-2017	121 NEW YORK AVENUE		TRENTON	NJ	08638	609-656-5100	true
0001654954-18-004979	Special Financial Report for the fiscal year		31-DEC-2017	55 5th Avenue	Suite 1702	New York	NY	10003	347-491-4011	true
0001144204-18-026228	Annual Report		31-DEC-2017	1801 Century Park East, 24th Floor		Los Angeles	CA	90067	510-459-7894	false
0001079973-18-000301		VirtualArmour International Inc.		8085 S. Chester Street	Suite 108	Centennial	CO	80112	720-398-5873	
0001477932-18-002193		Royalty Flow Inc.		1444 Wazee Street	Suite 350	Denver	CO	80202	800-718-2891	
0001477932-18-002164	Annual Report		31-DEC-2017	318 Half Day Road	Suite 201	Buffalo Grove	IL	60089	224-602-9569	true
0001683168-18-001141	Annual Report		31-DEC-2017	999 18TH ST. SUITE 3000		DENVER	CO	80202	720-262-5245	false
0001214659-18-003185	Annual Report		31-DEC-2017	23901 Calabasas Rd., Suite 2010		Calabasas	CA	93102	818737800	false
0001683168-18-001126	Annual Report		31-DEC-2017	440 S. LA SALLE STREET	SUITE 1110	CHICAGO	IL	60605	800-555-1055	true
0001062993-18-001850	Annual Report		31-DEC-2017	100 TECHNOLOGY DRIVE	SUITE 315	BROOMFIELD	CO	80021	303-447-3100	false
0001144204-18-024044	Annual Report		31-DEC-2017	7395 S. Peoria St.	Suite 206	Englewood	CO	80112	303-503-5660	true
0001213900-18-005222	Annual Report		31-DEC-2017	301 E. Pine Street, Suite: 850		Orlando	FL	32801	407-915-2060	true
0001558370-18-003560	Annual Report		31-DEC-2017	10780 SANTA MONICA BLVD	SUITE 140	LOS ANGELES	CA	90025	310-907-7129	true
0001193125-18-143726	Annual Report		31-DEC-2017	1133 Columbia Street #205		San Diego	CA	92101	619-431-1567	true
0001558370-18-003553	Annual Report		31-DEC-2017	10780 SANTA MONICA BLVD	SUITE 140	LOS ANGELES	CA	90025	310-907-7144	true
0001376474-18-000100	Annual Report		31-DEC-2017	110 ALPHA PARK		CLEVELAND	OH	44143	440-573-0008	true
0001144204-18-023949	Annual Report		31-DEC-2017	1 Allied Drive	Suite 1715	Little Rock	AR	72202	501-725-5530	true
0001144204-18-023946	Annual Report		31-DEC-2017	1070 TERRA BELLA AVENUE		MOUNTAIN VIEW	CA	94043	650-924-1025	false
0001161697-18-000226	Annual Report		31-DEC-2017	401 East Jackson Street	Suite 3300	Tampa	FL	33602	813-448-1234	true
0001144204-18-023813	Annual Report		31-DEC-2017	11 S. 12TH STREET	SUITE 401	RICHMOND	VA	23221	804-344-4435	true
0001144204-18-023778	Annual Report		31-DEC-2017	920 COLORADO AVE.		SANTA MONICA	CA	90401	310-458-5900	true
0001144204-18-023766	Annual Report		31-DEC-2017	750 N SAN VICENTE BLVD.	STE 800 WEST	WEST HOLLYWOOD	CA	90069	800-317-2200	true
0001213900-18-005161	Annual Report		31-DEC-2017	31563 Lindero Canyon Road, Unit 2		Westlake Village	CA	91361	1310-902-0961	false
0001144204-18-023740	Annual Report		31-DEC-2017	8899 Beverly Blvd.	Suite 600	West Hollywood	CA	90048	888-246-7163	true
0001144204-18-023737	Annual Report		31-DEC-2017	1601 Connecticut Ave., NW,	Suite 300	Washington	DC	20009	202-584-0550	true
0001144204-18-023731	Annual Report		31-DEC-2017	1601 CONNECTICUT AVE NW	SUITE 300	WASHINGTON	DC	20009	202-584-0550	true
0001144204-18-023727	Annual Report		31-DEC-2017	315 S. COAST  HWY 101	SUITE U38	ENCINITAS	CA	92024	7602665313	true
0001553350-18-000436	Annual Report		31-DEC-2017	4400 N. FEDERAL HWY	STE 210-12	BOCA RATON	FL	33431	561-402-4299	false
0001144204-18-023635	Special Financial Report for the fiscal year		31-DEC-2017	2224 Old Middlefield Way		Mountain View	CA	94043	650-386-5761	true
0001688804-18-000008	Annual Report		31-DEC-2017	41 W. 25TH STREET	8TH FLOOR	NEW YORK	NY	10010	3479528058	false
0001104659-18-028157	Annual Report		31-DEC-2017	333 E. Butterfield Rd	Suite 400	Lombard	IL	60148	630-874-0700	false
0001721868-18-000336	Annual Report		31-DEC-2017	5348 VEGAS DR.		Las Vegas	NV	89108	8434437378	false
0001213900-18-005102	Annual Report		31-DEC-2017	13 PALAFOX PLACE		PENSACOLA	FL	32502	850-677-0935	false
0001144204-18-023391	Annual Report		31-DEC-2017	1601 CONNECTICUT AVE NW	SUITE 300	WASHINGTON	DC	20009	202-584-0550	true
0001144204-18-023387	Annual Report		31-DEC-2017	1601 CONNECTICUT AVE NW	SUITE 300	WASHINGTON	DC	20009	202-584-0550	true
0001144204-18-023381	Annual Report		31-DEC-2017	1601 CONNECTICUT AVE NW	SUITE 300	WASHINGTON	DC	20009	202-584-0550	true
0001144204-18-023376	Annual Report		31-DEC-2017	1601 CONNECTICUT AVE NW	SUITE 300	WASHINGTON	DC	20009	202-584-0550	true
0001144204-18-023371	Annual Report		31-DEC-2017	1601 CONNECTICUT AVE NW	SUITE 300	WASHINGTON	DC	20009	202-584-0550	true
0001144204-18-023367	Annual Report		31-DEC-2017	1601 CONNECTICUT AVE NW	SUITE 300	WASHINGTON	DC	20009	202-584-0550	true
0001144204-18-023363	Annual Report		31-DEC-2017	1601 CONNECTICUT AVE NW	SUITE 300	WASHINGTON	DC	20009	202-584-0550	true
0001144204-18-023306	Annual Report		31-DEC-2017	23823 Malibu Road	Suite 50 #129	Malibu	CA	90265	310-487-2028	true
0001144204-18-023257	Annual Report		31-DEC-2017	6340 SOUTH 3000 EAST	SUITE 500	SALT LAKE CITY	UT	84121	801-278-0700	true
0001640334-18-000836	Annual Report		31-DEC-2017	201 S. 36th Street		Phoenix	AZ	85034	305-608-2362	false
0001493152-18-005888	Annual Report		31-DEC-2017	2100 ShantiNiketan Blvd		Tavares	FL	32778	352-508-7060	false
0001193125-18-139359	Annual Report		31-DEC-2017	6340 South 3000 East	Suite 500	Salt Lake	UT	84121	801-278-0700	false
0001193125-18-139347	Annual Report		31-DEC-2017	6340 South 3000 East, Suite 500		Salt Lake	UT	84121	801-278-0700	false
0001213900-18-005084	Annual Report		31-DEC-2017	65 Church Street 2nd Floor		New Brunswick,	NJ	08901	732-354-4766	false
0001214659-18-003118	Annual Report		31-DEC-2017	2323 BROADWAY		OAKLAND	CA	94612	424-262-6683	true
0001654954-18-004458	Annual Report		31-DEC-2017	1819 MAIN STREET, SUITE 212		SARASOTA	FL	34236	941-955-7900	true
0001387131-18-001810	Annual Report		31-DEC-2017	510 Fifth Avenue	3rd Floor	New York	NY	10036	646-930-4503	true
0001646269-18-000009	Annual Report		31-DEC-2017	96 GENDER RD		CANAL WINCHESTER	OH	43110	614-400-3077	true
0001144204-18-022733	Annual Report		31-DEC-2017	19821 NW 2nd Ave Suite 351		Miami Gardens	FL	33169	800-372-6095	true
0001213900-18-004978	Special Financial Report for the fiscal year		31-DEC-2017	222 N. PERSON STREET, SUITE 010		RALEIGH	NC	27601	919-719-4161	false
0001644600-18-000005		Campagna Motors USA Inc.		100 Walnut St.		Champlain	NY	12919	646-878-6672	
0001144204-18-022172	Annual Report		31-DEC-2017	1980 TEASEL COURT		WOODBRIDGE	VA	22192	703-762-6560	true
0001477932-18-002030	Annual Report		31-DEC-2017	8236 Remmet Avenue		Canoga Park	CA	91304	818-349-2870	true
0001683168-18-001060	Annual Report		31-DEC-2017	564 STEVENS AVENUE		SOLANA BEACH	CA	92075	858-225-8998	true
0001654954-18-004263	Annual Report		31-DEC-2017	257 EAST MAIN STREET	SUITE 200	BARRINGTON	IL	60010	847-277-9930	true
0001615774-18-002794	Annual Report		31-DEC-2017	433 NORTH CAMDEN DRIVE	SUITE 600	LOS ANGELES	CA	90210	310-926-2643	true
0001144204-18-020766	Annual Report		31-DEC-2017	11601 WILSHIRE BOULEVARD	SUITE 1690	LOS ANGELES	CA	90025	310-421-1030	true
0001654954-18-003939	Annual Report		31-DEC-2017	295 W. CENTER ST.		PROVO	UT	84601	760-933-8437	true
0001493152-18-005078		Biosculpture Technology, Inc.		1701 South Flagler Drive	Suite 607	WEST PALM BEACH	FL	33401	561-651-7816	
0001213900-18-004201	Annual Report		31-DEC-2017	10990 Wilshire Blvd	Penthouse	LOS ANGELES	CA	90024	844-933-3287	false
