ACCESSION_NUMBER	SINFO_ID	COMMISSIONFILENUMBER	OFFERINGQUALIFICATIONDATE	OFFERINGCOMMENCEDATE	QUALIFIEDSECURITIESSOLD	OFFERINGSECURITIESSOLD	PORTIONSECURITIESSOLDISSUER	PORTIONSOLDSECURITYHOLDERS	PRICEPERSECURITY	AGGREGRATEOFFERINGPRICE	AGGREGRATEOFFERINGPRICEHOLDERS	UNDERWRITERFEES	SALESCOMMISSIONSFEE	FINDERSFEES	AUDITORFEES	LEGALFEES	PROMOTERSFEES	BLUESKYFEES	CRDNUMBERBROKERDEALER	ISSUERNETPROCEEDS	CLARIFICATIONRESPONSES
0001582586-18-000066	1	024-10702	25-SEP-2017	25-SEP-2017	1000000	33800			0.2	6760.0	0.0										
0001193125-18-204206	1	024-10780	26-FEB-2018	26-FEB-2018	20000000	0			10.0	0.0	0.0		1400000.0		75000.0	75000.0			285277	18450000.0	The net proceeds to the issuer are estimated based on the maximum offering amount.  The issuer has not begun marketing of the offering at this time.
0001104659-18-042169	1	024-10756	09-FEB-2018	15-FEB-2018	1365656	1332307	9659225.75	0.0	7.25			0.0	0.0	0.0	2750.0	61078.0	0.0	26866.0	n/a	9568531.75	n/a
0001062993-18-002467	1	024-10673	07-MAR-2017	11-MAR-2017	750000	256183			4.0	1024732.0	0.0	0.0	0.0	0.0	16000.0	67920.0	0.0	13969.0		869955.0	Total offering costs were $154,777. The audit fees are not included in total since this is an ongoing G&A expense. The remaining $72,888 fees are for platform services, perspective shareholder communications, EDGAR services, and technical support
0001104659-18-037580	1	024-10744																			
0001213900-18-006510	1	024-10590	05-SEP-2017	05-SEP-2017	3000000	0			5.0	0.0	0.0				8000.0	30000.0				0.0	NA
0001144204-18-026228	1	024-10678	10-MAR-2017	10-MAR-2017	6693440	251049			7.47	50000000.0	0.0				5000.0	40000.0		9000.0		1821336.0	
0001079973-18-000301	1	024-10752	05-MAR-2018	05-MAR-2018	11153889	7830000	1566000.0	0.0	0.2						4000.0	142500.0				1419500.0	
0001477932-18-002193	1	024-10745	22-NOV-2017	22-NOV-2017	6666666	0	0.0	0.0	7.5			0.0	0.0	0.0	125000.0	150000.0	0.0	0.0	120708	0.0	Had the maximum offering amount been sold, the underwriters fee would have been approximately $3,500,000
0001683168-18-001141	1	024-10700	13-SEP-2017	13-SEP-2017	250000000	50000000			0.5	0.0	0.0										
0001214659-18-003185	1	024-10649	15-SEP-2017	15-SEP-2017	35000000	0			10.0	0.0	0.0				3500.0	70000.0	221500.0	5000.0		0.0	
0001062993-18-001850	1	024-10673	07-MAR-2017	11-MAR-2017	750000	256183			4.0	1024732.0	0.0				16000.0	67920.0		13969.0		869955.0	Total offering costs were $154,777. The audit fees are not included in total since this is an ongoing G&A expense. The remaining $72,888 fees are for platform services, perspective shareholder communications, EDGAR services, and technical support
0001144204-18-023946	1	024-10633	23-DEC-2016	23-DEC-2016	6666666	6232548			3.0	18697644.0	0.0		1203050.0		27481.0	423502.0			170937	17043611.0	
0001213900-18-005161	1	024-10655	17-MAR-2017	11-APR-2017	12011600	29291			3.0029000000000003	12011600.0	0.0				20000.0	80000.0		20000.0		89957.0	
0001553350-18-000436	1	024-10766	04-JAN-2018	06-JAN-2018	145819	145819			1.0	145819.0	0.0	0.0	0.0	0.0	0.0	0.0	0.0	0.0		145819.0	
0001688804-18-000008	1	024-10717	14-SEP-2017	20-NOV-2017	8000	6000			82.5	0.0	0.0				0.0	0.0	2809.0		33038	412191.0	
0001104659-18-028157	1	024-10744	21-NOV-2017	27-NOV-2017	16666666	16666666			3.0	49999998.0	0.0				52500.0	190000.0					
0001721868-18-000336	1	024-10699	11-DEC-2017	11-DEC-2017	5000000	0			10.0	0.0	0.0										
0001640334-18-000836	1	024-10579	28-NOV-2016	01-DEC-2016	5000000	0			3.2800000000000002	0.0	0.0	0.0	0.0	0.0	25000.0	20000.0	0.0	7000.0		0.0	
0001493152-18-005888	1	024-10735	05-DEC-2017	05-DEC-2017	25000000	1183736			1.0	0.0	0.0	0.0	0.0	0.0	10194.0	53569.0	0.0	5000.0	000000000	1098303.0	Fees in connection with this offering includes technology and subscription website fees paid to Fund America of $16,670.
0001193125-18-139359	1	024-10615	17-JUL-2017	17-JUL-2017	5000000	5000000			10.0	50000000.0	0.0										
0001193125-18-139347	1	024-10527	27-MAY-2016	27-MAY-2016	5000000	5000000			10.0	50000000.0	0.0					250000.0					
0001213900-18-005084	1	024-10613	02-FEB-2017	30-MAR-2017	25000000	195856			2.0	391712.0	0.0	0.0	0.0	0.0	10805.0	61586.5	0.0	0.0		319320.5	
0001644600-18-000005	1	024-10706	30-JUN-2017	30-JUN-2017	16666666	0	0.0	0.0	3.0											0.0	No sales were made under this offering statement
0001493152-18-005078	1	024-10576	01-SEP-2016	01-SEP-2016	2083333	2250	5000000.0	0.0	3.5			0.0	0.0	0.0	21000.0	11870.0	0.0	0.0		7875.0	The 2,250 shares of Reg. A stock sold were exchanged for 2,501 shares of Rule 144 legend stock leaving no registered stock outstanding.
0001213900-18-004201	1	024-10794	12-MAR-2018	09-APR-2018	500000	0			11.0	0.0	0.0	0.0	200000.0	0.0	75000.0	250000.0	0.0	10000.0	140356	46000000.0	"NMS Capital Advisors LLC (""NMS""), as selling agent, will receive sales commission of 3% of all gross proceeds and 7% of any sales made directly to its clients. It is not anticipated that NMS will make any direct sales."
