ACCESSION_NUMBER	STREET1	STREET2	CITY	STATEORCOUNTRY	ZIPCODE	PHONENUMBER	CONNECTIONNAME	INDUSTRYGROUP	CASHEQUIVALENTS	INVESTMENTSECURITIES	TOTALINVESTMENTS	ACCOUNTSRECEIVABLE	LOANS	PROPERTYPLANTEQUIPMENT	PROPERTYANDEQUIPMENT	TOTALASSETS	ACCOUNTSPAYABLE	POLICYLIABILITIESANDACCRUALS	DEPOSITS	LONGTERMDEBT	TOTALLIABILITIES	TOTALSTOCKHOLDEREQUITY	TOTALLIABILITIESANDEQUITY	TOTALREVENUES	TOTALINTERESTINCOME	COSTANDEXPENSESAPPLTOREVENUES	TOTALINTERESTEXPENSES	DEPRECIATIONANDAMORTIZATION	NETINCOME	EARNINGSPERSHAREBASIC	EARNINGSPERSHAREDILUTED	NAMEAUDITOR	CERTIFYIFTRUE	CERTIFYIFNOTDISQUALIFIED	CERTIFYIFBADACTOR	JURISDICTIONSOFSECOFFEREDNONE	JURISDICTIONSOFSECOFFEREDSAME	IFUNREGSITEREDNONE	SECURITIESACTEXCEMPTION
0001477932-18-003280	2155 Woodlane Drive	Ste 102	Woodbury	MN	55125	651-337-4799	Jillian Sidoti	Other	204694.0	0.0		0.0		0.0		204694.0	126684.0			409891.0	536575.0	-331881.0	204694.0	0.0		317252.0		0.0	317252.0	0.0	0.0	Baker Tilly	true	true	false	true		false	180,131 Preferred Shares were sold pursuant Rule 506(c). 2,500,000 Class A Common Shares were sold pursuant to Rule 506(b). 1,500,000 Class B Common Shares were sold officers and insiders were sold pursuant to 4(2).
0001144204-18-036587	75 Fifth Street, NW	Suite 2170	ATLANTA	GA	30308	404-850-9225	Nick Bhargava	Other	921594.0	0.0		20120085.0		433452.0		21507228.0	16872490.0			0.0	22787493.0	-1280265.0	21507228.0	804936.0		117587.0		102471.0	-1976473.0	-1.75	-1.75	Hughes Pittman and Gupton LLP	true	true		true			Regulation A, Rule 506 of Regulation D, and Rule 506 of Regulation D, respectively.
0001144204-18-036457	750  N. SAN VICENTE BLVD	SUITE 800	WEST HOLLYWOOD	CA	90069	800-317-2200	Jamie Ostrow	Other	954599.0	1566192.0		159100.0		7005.0		2956855.0	562461.0			0.0	781886.0	2174969.0	2956855.0	2046948.0		729108.0		2517.0	-2280174.0	-0.35000000000000003	-0.35000000000000003	dbbmckennon	true	true		true		true	
0001477932-18-003225	3940 LAUREL CANYON BLD #160		STUDIO CITY	CA	10001	347-983-9208	Steve Slome	Other	33.0	0.0		0.0		0.0		33.0	6095.0			0.0	6095.0	-6062.0	33.0	0.0		0.0		0.0	-7062.0	0.0	0.0	MALONEBAILEY, LLP	true	true	false		true	false	Exempt from registration under Rule 4(a)(2) of the Securities Act.
0001052918-18-000251	1314 S. GRAND BLVD., SUITE 2-133		SPOKANE	WA	99202	509-994-8577	Daniel Wadkins	Other	290.0	0.0		0.0		210745.0		325323.0	1047497.0			564114.0	4153683.0	-3828360.0	325323.0	0.0		0.0		14713.0	-1492072.0	-0.34	-0.34	DeCoria, Maichel & Teague P.S.	true	true	false	false	true	false	Exemptions used: No general solicitation; R 506(b) sales to accredited investors; 4(a)(2) sale to sophisticated accredited investor with access to information necessary to fend for self; R 701 awards under equity incentive plan.
0001144204-18-035945	425 NW 10th Ave	Suite 306	Portland	OR	97209	503-546-4049	Andrew Stephenson	Other	7936.0	0.0		0.0		0.0		7936.0	0.0			0.0	0.0	7936.0	7936.0	0.0		0.0		0.0	-17064.0	-0.68	-0.68	dbbmckennon	true	true			true		Section 4(a)(2)
0001264931-18-000079	555 NE 34th STREET	SUITE  1207	MIAMI	FL	33137	305-219-4323	Brett Verona	Other	38993.0	0.0		0.0		0.0		38993.0	374160.0			0.0	676824.0	-637831.0	38993.0	0.0		0.0		0.0	-113491.0	0.0	0.0		true	true		true			Section 4(a)(2) of Securities Act.
0001052918-18-000243	1314 S. GRAND BLVD., SUITE 2-133		SPOKANE	WA	99202	509-994-8577	Daniel Wadkins	Other	290.0	0.0		0.0		210745.0		325323.0	1047497.0			564114.0	4153683.0	-3828360.0	325323.0	0.0		0.0		14713.0	-1492072.0	-0.34	-0.34	DeCoria, Maichel & Teague P.S.	true	true	false	false	true	false	Exemptions used: No general solicitation; R 506(b) sales to accredited investors; 4(a)(2) sale to sophisticated accredited investor with access to information necessary to fend for self; R 701 awards under equity incentive plan.
0001558891-18-000052	265 Sunrise Highway, Suite 1-276		Rockville Centre	NY	11570	785-422-9121	Philip Magri, Esq.	Other	79.0	0.0		6238.0		1636853.0		442370.0	244190.0			594000.0	1295942.0	-853572.0	442370.0	83108.0		541971.0		166466.0	-313394.0	-0.01	-0.01		true	true		true		true	
0001144204-18-035686	75 Fifth Street, NW	Suite 2170	ATLANTA	GA	30308	404-850-9225	Nick Bhargava	Other	921594.0	0.0		20120085.0		433452.0		21507228.0	16872490.0			0.0	22787493.0	-1280265.0	21507228.0	804936.0		117587.0		102471.0	-1976473.0	-1.75	-1.75	Hughes Pittman and Gupton LLP	true	true		true			Regulation A, Rule 506 of Regulation D, and Rule 506 of Regulation D, respectively.
0001144204-18-035670	75 Fifth Street, NW	Suite 2170	ATLANTA	GA	30308	404-850-9225	Nick Bhargava	Other	921594.0	0.0		20120085.0		433452.0		21507228.0	16872490.0			0.0	22787493.0	-1280265.0	21507228.0	804936.0		117587.0		102471.0	-1976473.0	-1.75	-1.75	Hughes Pittman and Gupton LLP	true	true		true			Regulation A, Rule 506 of Regulation D, and Rule 506 of Regulation D, respectively.
0001213900-18-008187	10990 Wilshire Blvd.	Penthouse	Los Angeles	CA	90024	844-933-3287	Stephen A. Weiss, Esq.	Other	1768000.0	1313000.0		1516000.0		742000.0		14207000.0	8987000.0			19603000.0	67881000.0	-53675000.0	14207000.0	1481000.0		503000.0		61000.0	-12304000.0	-0.62	-0.62	RBSM, LLP	true	true			true		4(2) Private Placements to accredited investors only.
0001144204-18-035431	4220 Shawnee Mission Parkway	Suite 200B	Fairway	KS	66205	816-285-3872	Greg Steinberg	Other	1000.0	0.0		0.0		0.0		1000.0	0.0			0.0	0.0	1000.0	1000.0	0.0		0.0		0.0	0.0	0.0	0.0	RSM US LLP	true	true		true			Platform Ventures, LLC has purchased 100 common shares for a purchase price of $1,000 in a private offering. Such issuance was exempt from the registration requirements of the Securities Act pursuant to Section 4(a)(2) thereof.
0001213900-18-008083	9430 Key West Avenue, Suite 100		Rockville	MD	20850	240-453-6339	Louis A. Bevilacqua, Esq.	Other	1040083.0	0.0		53106.0		7017.0		1422121.0	754437.0			0.0	965937.0	456184.0	1422121.0	313207.0		182275.0		10606.0	-1264194.0	-0.27	-0.27	dbbmckennon	true	true			true		With respect to the issuance of 327,388 shares noted in the first item, Section 4(a)(6) of the Securities Act and Regulation Crowdfunding promulgated thereunder.  With respect to all other issuances, Section 4(a)(2) of the Securities Act.
0001144204-18-035415	75 Fifth Street, NW	Suite 2170	ATLANTA	GA	30308	404-850-9225	Nick Bhargava	Other	921594.0	0.0		20120085.0		433452.0		21507228.0	16872490.0			0.0	22787493.0	-1280265.0	21507228.0	804936.0		117587.0		102471.0	-1976473.0	-1.75	-1.75	Hughes Pittman and Gupton LLP	true	true		true			Regulation A, Rule 506 of Regulation D, and Rule 506 of Regulation D, respectively.
0001144204-18-035345	105 PINE CREEK TRAIL		ORMOND BEACH	FL	32174	386-673-7246	Marc Adesso, Esq.	Other	393.0	0.0		33313.0		11670.0		218668.0	305629.0			25444.0	331073.0	-112405.0	218668.0	0.0		0.0		1411.0	-37245.0	0.0	0.0		true	true		true		true	
0001688804-18-000012	41 W. 25TH STREET	8TH FLOOR	NEW YORK	NY	10010	3479528058	Max Niederste-Ostholt	Other	5374.0	0.0		497.0		528161.0		534032.0	2962.0			471257.0	474219.0	59813.0	534032.0	0.0		38922.0		0.0	-38922.0	0.0	0.0	EisnerAmper LLP	true	true	false	true	false	false	Rule 506(c) - sale to verified accredited investors of interests in Series #77LE1
0001477932-18-003173	2155 Woodlane Drive	Ste 102	Woodbury	MN	55125	651-337-4799	Jillian Sidoti	Other	204694.0	0.0		0.0		0.0		204694.0	126684.0			409891.0	536575.0	-331881.0	204694.0	0.0		317252.0		0.0	317252.0	0.0	0.0	Baker Tilly	true	true	false	true		false	180,131 Preferred Shares were sold pursuant Rule 506(c). 2,500,000 Class A Common Shares were sold pursuant to Rule 506(b). 1,500,000 Class B Common Shares were sold officers and insiders were sold pursuant to 4(2).
0001213900-18-008031	154 Grand Street - 2N		New York	NY	10013	212-334-0233	Jeanne Campanelli	Other	70335.0	0.0		4485.0		30000.0		104820.0	2242.0			125000.0	127242.0	-22422.0	104820.0	0.0		22422.0		0.0	-22422.0	0.0	0.0	dbbmckennon	true	true			true		Section 4(a)(2) of the Securities Act
0001144204-18-035206	1900 Market Street		Philadelphia	PA	19103	650-477-5525	Jeffrey Marks	Other	637291.0	0.0		0.0		0.0		776569.0	2662.0			0.0	50958.0	725611.0	776569.0	93260.0		49843.0		0.0	-201704.0	-0.02	-0.02	dbbmckennon	true	true		true			Regulation CF
0001104659-18-041562	10780 Santa Monica Blvd.	Suite 140	Los Angeles	CA	90025	310-907-7144	Lauren B. Prevost	Other	76.0	0.0		0.0		0.0		274659.0	280078.0			0.0	280078.0	-5419.0	274659.0	0.0		5419.0		0.0	-5419.0	0.0	0.0	CohnReznick LLP	true	true	false	false	true	false	Section 4(a)(2) of the Securities Act
0001052918-18-000233	1314 S. GRAND BLVD., SUITE 2-133		SPOKANE	WA	99202	509-994-8577	Daniel Wadkins	Other	290.0	0.0		0.0		210745.0		325323.0	1047497.0			564114.0	4153683.0	-3828360.0	325323.0	0.0		0.0		14713.0	-1492072.0	-0.34	-0.34	DeCoria, Maichel & Teague P.S.	true	true	false	false	true	false	Exemptions used: No general solicitation; R 506(b) sales to accredited investors; 4(a)(2) sale to sophisticated accredited investor with access to information necessary to fend for self; R 701 awards under equity incentive plan.
0001213900-18-007955	501 SILVERSIDE RD.	PMB #352	WILMINGTON	DE	19809	302-307-3668	Alexander M. Woods-Leo	Other	0.0	0.0		0.0		0.0		0.0	4102.0			0.0	4102.0	-4102.0	0.0	0.0		0.0		0.0	-4352.0	0.0	0.0	M&K CPAS, PLLC	true	true		true			4(a)(2) for Common Stock and 4(a)(6), Regulation CF, for Series Seed Preferred Stock
0001477932-18-003108	7343 W. Sand Lake Road	Unit 311	Orlando	FL	32819	321-246-2050	Jillian Sidoti	Other	100.0	0.0		100.0		0.0		100.0	100.0			0.0	100.0	0.0	100.0	0.0		0.0		0.0	0.0	0.0	0.0	Spiegel Accountancy	true	true	false	true		true	
0001683168-18-001713	2100 WEST LOOP SOUTH	SUITE 900	HOUSTON	TX	77027	800-946-9185	Matthew Lourie	Other	242689.0	0.0		0.0		0.0		249134.0	92342.0			121825.0	214167.0	34967.0	249134.0	0.0		0.0		0.0	-306699.0	-0.03	-0.03	GBH CPAs PC	true	true			true		Section 4 (a)(2) of the Securities Act of 1933
0001493152-18-008771	Square Chain Corporation	3609 Hammerkop Drive	North Las Vegas	NV	89084	727-510-9525	John E. Lux, Esq.	Other	0.0	0.0		0.0		0.0		0.0	75978.0			0.0	75978.0	-75.97	0.0	0.0		75978.0		81040.0	-157018.0	0.0	0.0		true	true		true			Exempt from registration under Section 4(2) Securities Act and Rules promulgated thereunder.
0001213900-18-007713	10990 Wilshire Blvd.	Penthouse	Los Angeles	CA	90024	844-933-3287	Stephen A. Weiss, Esq.	Other	1768000.0	1313000.0		1516000.0		742000.0		14207000.0	8987000.0			19603000.0	67881000.0	-53675000.0	14207000.0	1481000.0		978000.0		61000.0	-12304000.0	-0.62	-0.62	RBSM, LLP	true	true			true		4(2) Private Placements to accredited investors only.
0001214659-18-004477	23901 CALABASAS ROAD	SUITE 2010	CALABASAS	CA	93102	818-737-8000	Markley S. Roderick, Esq.	Other	0.0	0.0		0.0		0.0		211671.0	444215.0			0.0	444215.0	-232544.0	211671.0	0.0		0.0		0.0	-223847.0	0.0	0.0	Artesian CPA, LLC	true	true		true		true	
0001144204-18-034330	75 Fifth Street, NW	Suite 2170	ATLANTA	GA	30308	404-850-9225	Nick Bhargava	Other	921594.0	0.0		20120085.0		433452.0		21507228.0	16872490.0			0.0	22787493.0	-1280265.0	21507228.0	804936.0		117587.0		102471.0	-1976473.0	-1.75	-1.75	Hughes Pittman and Gupton LLP	true	true		true			Regulation A, Rule 506 of Regulation D, and Rule 506 of Regulation D, respectively.
0001628279-18-000093	5304 ASHBROOK DRIVE		HOUSTON	TX	77081	832-661-3453	Cavas Pavri	Other	10535.0	0.0		0.0		306541.0		445665.0	1430432.0			0.0	12472372.0	-12026707.0	445665.0	0.0		0.0		30561.0	-1351665.0	-0.74	-0.74	GBH CPAs, PC	true	true	false	false	true	false	4(a)(2) and Regulation D of the Securities Act of 1933; sold only to accredited investors
0001193125-18-193112	P.O. Box 30085		Cincinnati	OH	45230	513-260-4400	Mark Pohlkamp	Other	0.0	0.0		100.0		0.0		100.0	1000.0			0.0	1000.0	-900.0	100.0	0.0		1000.0		0.0	-1000.0	0.0	0.0	N/A	true	true	false	false		false	Convertible Notes and SAFTs issued in reliance on Rule 506(b) of Regulation D. Class A Common Units and Warrants issued in reliance on Rule 701.
0001213900-18-007647	2299 Perimeter Park Drive	Suite 120	Atlanta	GA	30341	470-475-1035	Larry Xianghong Wu	Other	178689.0	7532508.0		42955.0		3742.0		7748552.0	146000.0			0.0	146000.0	7602552.0	7748552.0	882932.0		249969.0		1902.0	631061.0	0.14	0.14	Daszkal Bolton LLP	true	true		true			Section 4(a)(2) and Rule 506(b) of Regulation D promulgated thereunder and/or Regulation S.  The limited partner interests were offered and sold outside the U.S. solely to accredited investors who were non-U.S. persons
0001477932-18-003041	8236 Remmet Ave.		Canoga Park	CA	91304	818-349-2870	Mark Richardson	Other	150255.0	0.0		755.0		187313.0		356901.0	315952.0			0.0	319127.0	37774.0	356901.0	27269.0		7752.0		0.0	-736251.0	-0.01	-0.01	MJF & Associates APC	true	true	false	true		false	Exempt offering under Section 3(b) and Regulation A+ (Tier 2) from April 1, 2017 until March 31, 2018. Private placement under Section 4(a)(2) from April 1, 2017 to March 31, 2018.
0001096906-18-000335	9480 SOUTH EASTERN AVENUE, SUITE 208		LAS VEGAS	UT	89123	702-768-8109	John E. Lux, Esq.	Other	184372.0	194720.0		1371834.0		41384.0		1792310.0	3170495.0			85595.0	3256090.0	-1463780.0	1792310.0	905539.0		1004290.0		8662.0	-205267.0	0.0	0.0		true	true	false	true	false	true	
0001683168-18-001688	170 S. Green Valley Parkway, Suite 300		HENDERSON	NV	89012	702-202-0068	David Syme, Esq	Other	2503.0	0.0		0.0		0.0		2503.0	34574.0			0.0	34574.0	-32071.0	2503.0	0.0		-6159.0		0.0	-6159.0	0.0	0.0	Thayer O'Neal Company, LLC	true	true		true			Thinking Green relied upon the exemption from the registration requirements of the Securities Act set forth in Section 4(a)(2) of   such Act.
0001654954-18-006629	4 S 2600 W, Suite 5		Hurricane	UT	84737	435-767-1338	Rhys James	Other	194354.0	0.0		0.0		0.0		225000.0	38663.0			0.0	38663.0	186337.0	225000.0	0.0		-13663.0		0.0	-13663.0	0.0	0.0	Tanner LLC	true	true		true		false	The Company relied on the private placement exemption in Section 4(a)(2) of the Securities Act of 1933, or the Securities Act, for the issuance of its common units to the Original Members. There was no public solicitation with respect to this issuance.
0001213900-18-007608	2299 Perimeter Park Drive	Suite 120	Atlanta	GA	30341	470-475-1035	Larry Xianghong Wu	Other	178689.0	7532508.0		42955.0		3742.0		7748552.0	146000.0			0.0	146000.0	7602552.0	7748552.0	882932.0		249969.0		1902.0	631061.0	0.14	0.14	Daszkal Bolton LLP	true	true		true			Section 4(a)(2) and Rule 506(b) of Regulation D promulgated thereunder and/or Regulation S.  The limited partner interests were offered and sold outside the U.S. solely to accredited investors who were non-U.S. persons
0000825350-18-000002	101 SOUTH MAIN STREET		CHARLESTON	MO	63834	5736837138	Greyson E Tuck	Banking	32938963.0	44175057.0			644709040.0		16491164.0	763292155.0	5919775.0		571966673.0	139677335.0	719737185.0	43554970.0	763292155.0		31441047.0		8695533.0	3294621.0	8210199.0	826.5600000000001	826.5600000000001	BKD, LLP	true	true	false	true	false	true	
0001062993-18-002585	3000 F Danville Blvd. Suite 145		Alamo	CA	94507	925-575-4433	Alexander Kuhne	Other	178953.0	28300.0		12000.0		0.0		207253.0	0.0			0.0	40300.0	166953.0	207253.0	412680.0		280680.0		0.0	132000.0	0.01	0.01		true	true	false	true	false	true	
0001549212-18-000019	6666 HARWIN DRIVE	SUITE 664	HOUSTON	TX	77036	7132681610	Norman George	Other	45672.0	0.0		0.0		3336.0		101008.0	281096.0			0.0	281096.0	-180088.0	101008.0	36905.0		291353.0		1026.0	-255474.0	0.0	0.0		true	true	false	false	true	false	Regulation A provides that shares sold by an issuer pursuant to that regulation are exempt from registration under Section 5 of the Act.
0001477932-18-002987	401 East Jackson Street	Suite 2340	Tampa	FL	33602	813-466-3363	Keith DeSanto	Other	97.0	0.0		0.0		0.0		97.0	150941.0			0.0	468941.0	-468844.0	97.0	0.0		0.0		0.0	-73633.0	0.0	0.0		true	true	false	true		true	
0001654954-18-006510	4 S 2600 W, Suite 5		Hurricane	UT	84737	435-767-1338	Rhys James	Other	194354.0	0.0		0.0		0.0		225000.0	38663.0			0.0	38663.0	186337.0	225000.0	0.0		-13663.0		0.0	-13663.0	0.0	0.0	Tanner LLC	true	true		true		false	The Company relied on the private placement exemption in Section 4(a)(2) of the Securities Act of 1933, or the Securities Act, for the issuance of its common units to the Original Members. There was no public solicitation with respect to this issuance.
0001213900-18-007523	10990 Wilshire Blvd.	Penthouse	Los Angeles	CA	90024	844-933-3287	Stephen A. Weiss, Esq.	Other	1768000.0	1313000.0		1516000.0		742000.0		14207000.0	8987000.0			19603000.0	67881000.0	-53675000.0	14207000.0	1481000.0		978000.0		61000.0	-12304000.0	-0.62	-0.62	RBSM, LLP	true	true			true		4(2) Private Placements to accredited investors only.
0001213900-18-007509	2299 Perimeter Park Drive	Suite 120	Atlanta	GA	30341	470-475-1035	Larry Xianghong Wu	Other	178689.0	7532508.0		42955.0		3742.0		7748552.0	146000.0			0.0	146000.0	7602552.0	7748552.0	882932.0		249969.0		1902.0	631061.0	0.14	0.14	Daszkal Bolton LLP	true	true		true			Section 4(a)(2) and Rule 506(b) of Regulation D promulgated thereunder and/or Regulation S.  The limited partner interests were offered and sold outside the U.S. solely to accredited investors who were non-U.S. persons
0001144204-18-033640	75 Fifth Street, NW	Suite 2170	ATLANTA	GA	30308	404-850-9225	Nick Bhargava	Other	921594.0	0.0		20120085.0		433452.0		21507228.0	16872490.0			0.0	22787493.0	-1280265.0	21507228.0	804936.0		117587.0		102471.0	-1976473.0	-1.75	-1.75	Hughes Pittman and Gupton LLP	true	true		true			Regulation A, Rule 506 of Regulation D, and Rule 506 of Regulation D, respectively.
0001437749-18-011523	6165 GREENWICH DRIVE	SUITE 150	SAN DIEGO	CA	92122	310-444-4321	Joe Tagliaferro, Esq.	Other	0.0	0.0		0.0		6026.0		151114.0	453627.0			0.0	459808.0	-308694.0	151114.0	0.0		-208975.0		0.0	-208975.0	0.0	0.0	EisnerAmper LLP	true	true	true	false	true	true	
0001144204-18-033598	73 Greentree Drive	#558	DOVER	DE	19904	888-546-7980	Jeanne Campanelli	Other	0.0	0.0		18867.0		0.0		32034.0	234307.0			333144.0	567451.0	-535417.0	32034.0	416435.0		666526.0		0.0	-1129751.0	-0.01	-0.01	Wipfli, LLP	true	true		true			Rule 506(c) of Regulation D.
0001010549-18-000216	900 RR 620 SO. #C101-143		AUSTIN	TX	78734	623-826-5206	John E. Lux, Esq.	Other	0.0	0.0		0.0		0.0		0.0	11454.0			25000.0	36454.0	-36454.0	0.0	0.0		0.0		0.0	-35643.0	0.0	0.0		true	true	false	true	false	true	
0001683168-18-001624	30 N. Gould Street	Suite 5187	Sheridan	WY	82801	650-654-4800	John E. Lux, Esq.	Other	35756.0	0.0		82055.0		1206051.0		1325216.0	419070.0			0.0	718182.0	607034.0	1325216.0	140281.0		57443.0		3477.0	-17443.0	0.0	0.0		true	true		true		true	
0001683168-18-001620	30 N. Gould Street	Suite 5187	Sheridan	WY	82801	650-654-4800	John E. Lux, Esq.	Other	35756.0	0.0		82055.0		1206051.0		1325216.0	419070.0			0.0	718182.0	607034.0	1325216.0	140281.0		57443.0		3477.0	-17443.0	0.0	0.0		true	true		true		true	
0001214659-18-004351	23901 CALABASAS ROAD	SUITE 2010	CALABASAS	CA	93102	818-737-8000	Markley S. Roderick, Esq.	Other	0.0	0.0		0.0		0.0		211671.0	444215.0			0.0	444215.0	-232544.0	211671.0	0.0		0.0		0.0	-223847.0	0.0	0.0	Artesian CPA, LLC	true	true		true		true	
0001493152-18-008359	14205 SE 36th Street	Suite 100	Bellevue	WA	98006	425-818-0560	Gary Blum, Esq.	Other	10211.0	0.0		8001.0		0.0		18212.0	410713.0			1015042.0	1425755.0	-1407633.0	18212.0	89786.0		93269.0		0.0	-146718.0	-0.01	-0.01	KBL, LLP	true	true		true			Section 4(a)(2)
0001445866-18-000631	2090 N. KOLB ROAD, STE 120.		TUCSON	AZ	85715	888-444-2102	J Martin Tate	Banking	0.0	0.0			81893.0		0.0	81893.0	20017.0		0.0	85051.0	105068.0	-23085.0	81893.0		0.0		0.0	0.0	23085.0	23085.0	0.0	dbbmckennon	true	true	false	false	true	false	506(b)
0001144204-18-033229	73 Greentree Drive	#558	DOVER	DE	19904	888-546-7980	Jeanne Campanelli	Other	0.0	0.0		18867.0		0.0		32034.0	234307.0			333144.0	567451.0	-535417.0	32034.0	416435.0		666526.0		0.0	-1129751.0	-0.01	-0.01	Wipfli, LLP	true	true		true			Rule 506(c) of Regulation D.
0000950123-18-006161	P.O. Box 30085		Cincinnati	OH	45230	513-260-4400	Mark Pohlkamp	Other	0.0	0.0		100.0		0.0		100.0	1000.0			0.0	1000.0	-900.0	100.0	0.0		1000.0		0.0	-1000.0	0.0	0.0	N/A	true	true	false	false		false	Convertible Notes and SAFTs issued in reliance on Rule 506(b) of Regulation D. Class A Common Units and Warrants issued in reliance on Rule 701.
0001654954-18-006363	625 Kenmoor Avenue SE	Suite 211	Grand Rapids	MI	49546	616-734-6099	Trevor Wind, Esq.	Other	0.0	0.0		0.0		0.0		0.0	0.0			0.0	0.0	0.0	0.0	0.0		0.0		0.0	0.0	0.0	0.0	UHY LLP	true	true	false	false	false	true	
0001078782-18-000615	23501 Cinco Ranch Blvd., Ste H120 - #32		Katy	TX	77494	713-857-8142	Morgan E. Petitti, Esq.	Other	28800.0	0.0		150136.0		0.0		794936.0	175305.0			241317.0	831891.0	-36955.0	794936.0	3368297.0		0.0		0.0	-392714.0	0.0	0.0	M&K CPAS, PLLC	true	true	false	false	true	false	The foregoing issuances of securities were executed in reliance upon the exemption from registration provided by section 4 (2) under the Securities Act of 1933 (the Act) as amended.
0001683168-18-001592	1825 CORPORATE BLVD. NW, SUITE 110		BOCA RATON	FL	33431	877-267-6278	John E. Lux, Esq.	Other	4009.0	0.0		0.0		0.0		4009.0	12741.0			0.0	12741.0	-8732.0	4009.0	0.0		12066.0		0.0	-12107.0	0.0	0.0	Salberg & Company, P.A.	true	true		true			Exempt from registration under 4(2) Securities Act and Rules promulgated thereunder.
0001144204-18-032746	75 Fifth Street, NW	Suite 2170	ATLANTA	GA	30308	404-850-9225	Nick Bhargava	Other	921594.0	0.0		20120085.0		433452.0		21507228.0	16872490.0			0.0	22787493.0	-1280265.0	21507228.0	804936.0		117587.0		102471.0	-1976473.0	-1.75	-1.75	Hughes Pittman and Gupton LLP	true	true		true			Regulation A, Rule 506 of Regulation D, and Rule 506 of Regulation D, respectively.
0001052918-18-000212	1314 S. GRAND BLVD., SUITE 2-133		SPOKANE	WA	99202	509-994-8577	Daniel Wadkins	Other	290.0	0.0		0.0		210745.0		325323.0	1047497.0			564114.0	4153683.0	-3828360.0	325323.0	0.0		0.0		14713.0	-1492072.0	-0.34	-0.34	DeCoria, Maichel & Teague P.S.	true	true	false	false	true	false	Exemptions used: No general solicitation; R 506(b) sales to accredited investors; 4(a)(2) sale to sophisticated accredited investor with access to information necessary to fend for self; R 701 awards under equity incentive plan.
0001477932-18-002887	2155 Woodlane Drive	Ste 102	Woodbury	MN	55125	651-337-4799	Jillian Sidoti	Other	204694.0	0.0		0.0		0.0		204694.0	126684.0			409891.0	536575.0	-331881.0	204694.0	0.0		317252.0		0.0	317252.0	0.0	0.0	Baker Tilly	true	true	false	true		false	180,131 Preferred Shares were sold pursuant Rule 506(c). 2,500,000 Class A Common Shares were sold pursuant to Rule 506(b). 1,500,000 Class B Common Shares were sold officers and insiders were sold pursuant to 4(2).
0001395005-18-000018	1320 CENTRAL PARK BLVD	SUITE 200	FREDERICKSBURG	VA	22401	540-736-3069	Spencer Payne	Other	1115.0	0.0		0.0		0.0		6115.0	12854.0			52613.0	65467.0	59352.0	6115.0	0.0		69603.0		0.0	-69603.0	0.0	0.0		true	true	false	true	false	false	Section 4(a)(2)
0001144204-18-032592	75 Fifth Street, NW	Suite 2170	ATLANTA	GA	30308	404-850-9225	Nick Bhargava	Other	921594.0	0.0		20120085.0		433452.0		21507228.0	16872490.0			0.0	22787493.0	-1280265.0	21507228.0	804936.0		117587.0		102471.0	-1976473.0	-1.75	-1.75	Hughes Pittman and Gupton LLP	true	true		true			Regulation A, Rule 506 of Regulation D, and Rule 506 of Regulation D, respectively.
0001144204-18-032518	1601 Connecticut Avenue, NW, Suite 300		Washington	DC	20009	202-584-0550	Benjamin S. Miller	Other	11169000.0	0.0		1736000.0		0.0		73734000.0	68000.0			0.0	2888000.0	70846000.0	73734000.0	5408000.0		180000.0		0.0	5212000.0	0.92	0.92	RSM US LLP	true	true		true		true	
0001144204-18-032445	1601 CONNECTICUT AVENUE NW, STE	STE 300	WASHINGTON	DC	20009	202-584-0550	Benjamin S. Miller	Other	5000.0	0.0		0.0		0.0		5000.0	0.0			0.0	0.0	5000.0	5000.0	0.0		0.0		0.0	0.0	0.0	0.0	RSM US LLP	true	true		true			Rise Companies Corp. has purchased 500 common shares for a purchase price of $5,000 in a private offering. Such issuance was exempt from the registration requirements of the Securities Act pursuant to Section 4(a)(2) thereof.
0001144204-18-032441	1601 CONNECTICUT AVENUE NW, STE	STE 300	WASHINGTON	DC	20009	202-584-0550	Benjamin S. Miller	Other	5000.0	0.0		0.0		0.0		5000.0	0.0			0.0	0.0	5000.0	5000.0	0.0		0.0		0.0	0.0	0.0	0.0	RSM US LLP	true	true		true			Rise Companies Corp. has purchased 500 common shares for a purchase price of $5,000 in a private offering. Such issuance was exempt from the registration requirements of the Securities Act pursuant to Section 4(a)(2) thereof.
0001144204-18-032216	73 Greentree Drive	#558	DOVER	DE	19904	888-546-7980	Jeanne Campanelli	Other	0.0	0.0		18867.0		0.0		32034.0	234307.0			333144.0	567451.0	-535417.0	32034.0	416435.0		666526.0		0.0	-1129751.0	-0.01	-0.01	Wipfli, LLP	true	true		true			Rule 506(c) of Regulation D.
0001214659-18-004201	23901 CALABASAS ROAD	SUITE 2010	CALABASAS	CA	93102	818-737-8000	Markley S. Roderick, Esq.	Other	0.0	0.0		0.0		0.0		211671.0	444215.0			0.0	444215.0	-232544.0	211671.0	0.0		0.0		0.0	-223847.0	0.0	0.0	Artesian CPA, LLC	true	true		true		true	
0001724115-18-000006	688 MERIDIAN AVE, STE 700		MIAMI BEACH	FL	33139	9492753697	Andy Altahawi/Adamson Brothers	Other	22500.0	0.0		0.0		0.0		22500.0	814.0			25000.0	25814.0	-3314.0	22500.0	0.0		0.0		0.0	0.0	0.0	0.0	IndigoSpire CPA Group, LLC	true	true	false	true	false	false	Section 4(a)(2) - an issuer not involved in any public offering. All securities sold to current directors, and or Exempt from registration of the securities act.
0001722266-18-000004	9050 N. CAPITAL OF TEXAS HIGHWAY	SUITE 320	AUSTIN	TX	78759	512-872-2898	Terrence Griffiths	Other	0.0	2500.0		0.0		0.0		2500.0	17500.0			0.0	17500.0	0.0	2500.0	0.0		15000.0		0.0	0.0	0.0	0.0	CohnReznick, LLP	true	true	false	true	false	true	
0001493152-18-008061	11921 Freedom Drive	Suite 550	Reston	VA	20190-5667	703-904-4315	Louis A. Bevilacqua, Esq.,	Other	3490.0	0.0		10250.0		0.0		13740.0	24565.0			0.0	24565.0	-10825.0	13740.0	135000.0		152708.0		0.0	-17708.0	0.0	0.0	Friedman LLP	true	true			true	true	
0001193125-18-180233	1817 Olde Homestead Lane, Suite 101		Lancaster	PA	17601	717-398-0700	Kimberly Decker	Other	2749264.0	0.0		11638070.0		5401323.0		39370003.0	3780950.0			10186918.0	28818066.0	10551937.0	39370003.0	66736901.0		61511023.0		136240.0	3863802.0	0.0	0.0		true	true	false	true		true	
0001144204-18-031784	1601 CONNECTICUT AVENUE NW, STE	STE 300	WASHINGTON	DC	20009	202-584-0550	Benjamin S. Miller	Other	5000.0	0.0		0.0		0.0		5000.0	0.0			0.0	0.0	5000.0	5000.0	0.0		0.0		0.0	0.0	0.0	0.0	RSM US LLP	true	true		true			Rise Companies Corp. has purchased 500 common shares for a purchase price of $5,000 in a private offering. Such issuance was exempt from the registration requirements of the Securities Act pursuant to Section 4(a)(2) thereof.
0001144204-18-031788	1601 CONNECTICUT AVENUE NW, STE	STE 300	WASHINGTON	DC	20009	202-584-0550	Benjamin S. Miller	Other	5000.0	0.0		0.0		0.0		5000.0	0.0			0.0	0.0	5000.0	5000.0	0.0		0.0		0.0	0.0	0.0	0.0	RSM US LLP	true	true		true			Rise Companies Corp. has purchased 500 common shares for a purchase price of $5,000 in a private offering. Such issuance was exempt from the registration requirements of the Securities Act pursuant to Section 4(a)(2) thereof.
0001683168-18-001561	170 S. Green Valley Parkway, Suite 300		HENDERSON	NV	89012	702-202-0068	David Syme, Esq	Other	2503.0	0.0		0.0		0.0		2503.0	34574.0			0.0	34574.0	-32071.0	2503.0	0.0		-6159.0		0.0	-6159.0	0.0	0.0	Thayer O'Neal Company, LLC	true	true		true			Thinking Green relied upon the exemption from the registration requirements of the Securities Act set forth in Section 4(a)(2) of   such Act.
0001144204-18-031563	75 Fifth Street, NW	Suite 2170	ATLANTA	GA	30308	404-850-9225	Nick Bhargava	Other	921594.0	0.0		20120085.0		433452.0		21507228.0	16872490.0			0.0	22787493.0	-1280265.0	21507228.0	804936.0		117587.0		102471.0	-1976473.0	-1.75	-1.75	Hughes Pittman and Gupton LLP	true	true		true			Regulation A, Rule 506 of Regulation D, and Rule 506 of Regulation D, respectively.
0001646269-18-000012	96 GENDER RD		CANAL WINCHESTER	OH	43110	614-400-3077	Kendall Almerico	Other	577908.0	0.0		666549.0		30782725.0		33017053.0	2969463.0			0.0	33134916.0	-117863.0	33017053.0	4943261.0		9160559.0		1141217.0	-6996555.0	-1.09	-0.96	Ernst & Young LLP	true	true	true	false	false	false	Regulation A, Tier II
0001683168-18-001547	1 Bridge Plaza	2nd Floor	Fort Lee	NJ	07024	551-486-3980	John E. Lux, Esq.	Other	7739.0	0.0		0.0		81744.0		89483.0	1239465.0			0.0	1239465.0	1149982.0	89483.0	5400.0		182384.0		0.0	3170948.0	0.0	0.0		true	true		true		true	
0001703732-18-000008	5415 W. CEDAR LANE		BETHESDA	MD	20814	6104539079	Kendall Almerico	Other	35497.0	0.0		0.0		0.0		35497.0	508050.0			4729674.0	5238724.0	-5203227.0	35497.0	0.0		0.0		0.0	4747808.0	-0.17	-0.17	IndigoSpire CPA Group, LLC	true	true	true	false	true	true	
0001652577-18-000002	412 e 79th street	apt 2a	New York City	NY	10075	6464776733	Robert Licopol	Other	32568.0	0.0		0.0		0.0		32976.0	3849.0			0.0	32976.0	29128.0	32976.0	37610.0		60500.0		0.0	-22890.0	0.0	0.0		true	true	false	false	true	true	
0001615774-18-004406	11161 Anderson Street	Suite 105-10014	Loma Linda	CA	92354	909-488-0844	Richard A. Friedman	Other	25000.0	0.0		0.0		0.0		25000.0	8566.0			0.0	84900.0	59900.0	25000.0	0.0		212986.0		0.0	212896.0	0.03	0.03	dbbmckennon	true	true	true	false	true	false	Private Placement under Rule 506(b) and/or Section 4(a)(2) of the Securities Act.
0001144204-18-031033	3713 CHARLOE CT		CINCINNATI	OH	45227	513-549-9483	Anthony Robertson	Other	37400.0	0.0		0.0		27236.0		64636.0	0.0			0.0	0.0	64636.0	64636.0	0.0		0.0		0.0	0.0	0.0	0.0	Franz CPAs, Inc.	true	true		true			Relied on Rule 147a and Ohio R.C. 1707.03(O).  Offering made to Ohio residents only by issuer without general solicitation.
0001663577-18-000254	80 D Leitchcroft Cr.		Thornhill	A6	L3T 7W1	437-995-6261	Edward Chan	Other	99930.0	0.0		0.0		0.0		576157.0	344282.0			0.0	344282.0	231875.0	576157.0	504980.0		9323.0		0.0	251776.0	0.0	0.0		true	true	true		true		Section 4(a)(2) of the Securities Act of 1933, as amended
0001144204-18-030943	75 Fifth Street, NW	Suite 2170	ATLANTA	GA	30308	404-850-9225	Nick Bhargava	Other	921594.0	0.0		20120085.0		433452.0		21507228.0	16872490.0			0.0	22787493.0	-1280265.0	21507228.0	804936.0		117587.0		102471.0	-1976473.0	-1.75	-1.75	Hughes Pittman and Gupton LLP	true	true		true			Regulation A, Rule 506 of Regulation D, and Rule 506 of Regulation D, respectively.
0001580695-18-000282	10752 Deerwood Park Blvd.	Suite 100	Jacksonville	FL	32256	904-903-4445	Cavas Pavri	Other	156041.0	0.0		0.0		79809.0		237550.0	938992.0			950000.0	1888992.0	-1651442.0	237550.0	0.0		0.0		0.0	-2330095.0	-0.2	-0.2	LBB and Associates Ltd., LLP	true	true			true		Section 4(a)(2) of the Securities Act of 1933, as amended, or Regulation D of the Securities Act. Offering made to  accredited investors without the use of general solicitation.
0001654954-18-005888	4 S 2600 W, Suite 5		Hurricane	UT	84737	435-767-1338	Rhys James	Other	194354.0	0.0		0.0		0.0		225000.0	38663.0			0.0	38663.0	186337.0	225000.0	0.0		-13663.0		0.0	-13663.0	0.0	0.0	Tanner LLC	true	true		true		false	The Company relied on the private placement exemption in Section 4(a)(2) of the Securities Act of 1933, or the Securities Act, for the issuance of its common units to the Original Members. There was no public solicitation with respect to this issuance.
0001477932-18-002741	1900 E. Golf Road	Suite 950	Schaumburg	IL	60173	888-525-0010	Randall S. Goulding, Esq.	Other	43.0	0.0		0.0		0.0		43.0	65710.0			0.0	65710.0	-65667.0	43.0	0.0		0.0		0.0	90867.0	-0.05	-0.05	Ankit Consulting Services	true	true	false		true	false	Securities Act Section 4(a)(2) and Rule 506 thereunder.
0001395005-18-000015	1320 CENTRAL PARK BLVD	SUITE 200	FREDERICKSBURG	VA	22401	540-736-3069	Spencer Payne	Other	1115.0	0.0		0.0		0.0		6115.0	12854.0			52613.0	65467.0	59352.0	6115.0	0.0		69603.0		0.0	-69603.0	0.0	0.0		true	true	false	true	false	false	Section 4(a)(2)
0001477932-18-002730	3940 LAUREL CANYON BLD #160		STUDIO CITY	CA	10001	347-983-9208	Steve Slome	Other	33.0	0.0		0.0		0.0		33.0	6095.0			0.0	6095.0	-6062.0	33.0	0.0		0.0		0.0	-7062.0	0.0	0.0	MALONEBAILEY, LLP	true	true	false		true	false	Exempt from registration under Rule 4(a)(2) of the Securities Act.
0001144204-18-030626	73 Greentree Drive	#558	DOVER	DE	19904	888-546-7980	Jeanne Campanelli	Other	0.0	0.0		18867.0		0.0		32034.0	234307.0			333144.0	567451.0	-535417.0	32034.0	416435.0		666526.0		0.0	-1129751.0	-0.01	-0.01	Wipfli, LLP	true	true		true			Rule 506(c) of Regulation D.
0001553350-18-000610	4400 North Federal Highway	Suite 210-12	Boca Raton	FL	33431	561-504-4299	Charles B. Pearlman, Esq.	Other	57535.0	0.0		0.0		0.0		57535.0	48280.0			0.0	48280.0	9255.0	57535.0	0.0		0.0		0.0	-13919.0	-0.01	-0.01	Salberg & Company, P.A.	true	true			true	true	
0001549212-18-000017	6666 HARWIN DRIVE	SUITE 664	HOUSTON	TX	77036	7132681610	Norman George	Other	45672.0	0.0		0.0		3336.0		101008.0	281096.0			0.0	281096.0	-180088.0	101008.0	36905.0		291353.0		1026.0	-255474.0	0.0	0.0		true	true	false	false	true	false	Regulation A provides that shares sold by an issuer pursuant to that regulation are exempt from registration under Section 5 of the Act.
0001477932-18-002630	7343 W. Sand Lake Road	Unit 311	Orlando	FL	32819	321-246-2050	Jillian Sidoti	Other	100.0	0.0		100.0		0.0		100.0	100.0			0.0	100.0	0.0	100.0	0.0		0.0		0.0	0.0	0.0	0.0	Spiegel Accountancy	true	true	false	true		true	
0001477932-18-002597	1900 E. Golf Road	Suite 950	Schaumburg	IL	60173	888-525-0010	Randall S. Goulding, Esq.	Other	43.0	0.0		0.0		0.0		43.0	65710.0			0.0	65710.0	-65667.0	43.0	0.0		0.0		0.0	90867.0	-0.05	-0.05	Ankit Consulting Services	true	true	false		true	false	Securities Act Section 4(a)(2) and Rule 506 thereunder.
0001214659-18-003830	23901 CALABASAS ROAD	SUITE 2010	CALABASAS	CA	93102	818-737-8000	Markley S. Roderick, Esq.	Other	0.0	0.0		0.0		0.0		211671.0	444215.0			0.0	444215.0	-232544.0	211671.0	0.0		0.0		0.0	-223847.0	0.0	0.0	Artesian CPA, LLC	true	true		true		true	
0001654954-18-005541	4 S 2600 W, Suite 5		Hurricane	UT	84737	435-635-7262	Rhys James	Other	194354.0	0.0		0.0		0.0		225000.0	38663.0			0.0	38663.0	186337.0	225000.0	0.0		-13663.0		0.0	-13663.0	0.0	0.0	Tanner LLC	true	true		true		false	The Company relied on the private placement exemption in Section 4(a)(2) of the Securities Act of 1933, or the Securities Act, for the issuance of its common units to the Original Members. There was no public solicitation with respect to this issuance.
0001144204-18-029271	1601 Connecticut Avenue, NW	Suite 300	WASHINGTON	DC	20009	202-584-0550	Benjamin S. Miller	Other	10339000.0	0.0		0.0		0.0		56490000.0	54000.0			0.0	2498000.0	53992000.0	56490000.0	552000.0		663000.0		0.0	-111000.0	-0.02	-0.02	RSM US LLP	true	true		true		true	
0001683168-18-001431	1 Bridge Plaza	2nd Floor	Fort Lee	NJ	07024	551-486-3980	John E. Lux, Esq.	Other	7739.0	0.0		0.0		81744.0		89483.0	1239465.0			0.0	1239465.0	1149982.0	89483.0	5400.0		182384.0		0.0	3170948.0	0.0	0.0		true	true		true		true	
0001477932-18-002549	8236 Remmet Ave.		Canoga Park	CA	91304	818-349-2870	Mark Richardson	Other	150255.0	0.0		755.0		187313.0		356901.0	315952.0			0.0	319127.0	37774.0	356901.0	27269.0		7752.0		0.0	-736251.0	-0.01	-0.01	MJF & Associates APC	true	true	false	true		false	Exempt offering under Section 3(b) and Regulation A+ (Tier 2) from April 1, 2017 until March 31, 2018. Private placement under Section 4(a)(2) from April 1, 2017 to March 31, 2018.
0001144204-18-028941	3713 CHARLOE CT		CINCINNATI	OH	45227	513-549-9483	Anthony Robertson	Other	37400.0	0.0		0.0		27236.0		64636.0	0.0			0.0	0.0	64636.0	64636.0	0.0		0.0		0.0	0.0	0.0	0.0	Franz CPAs, Inc.	true	true		true			Relied on Rule 147a and Ohio R.C. 1707.03(O).  Offering made to Ohio residents only by issuer without general solicitation.
0001213900-18-006287	301 E. PINE ST, SUITE 850		ORLANDO	FL	32801	407-986-4234	James S. Byrd, Jr.	Other	2588771.69	0.0		7864650.0		13860.0		10962882.0	16552.0			2607000.0	2623552.0	8339330.61	10962882.0	1080667.0		5568460.0		8123.0	-4661317.0	-0.11	-0.11	Soles, Heyn & Company LLP	true	true			true		506(b) and Regulation A+
0001104659-18-033370	10780 Santa Monica Blvd.	Suite 140	Los Angeles	CA	90025	310-907-7144	Lauren B. Prevost	Other	76.0	0.0		0.0		0.0		274659.0	280078.0			0.0	280078.0	-5419.0	274659.0	0.0		5419.0		0.0	-5419.0	0.0	0.0	CohnReznick LLP	true	true	false	false	true	false	Section 4(a)(2) of the Securities Act
0001683168-18-001358	170 S. Green Valley Parkway, Suite 300		HENDERSON	NV	89012	702-202-0068	David Syme, Esq	Other	2503.0	0.0		0.0		0.0		2503.0	34574.0			0.0	34574.0	-32071.0	2503.0	0.0		-6159.0		0.0	-6159.0	0.0	0.0	Thayer O'Neal Company, LLC	true	true		true			Thinking Green relied upon the exemption from the registration requirements of the Securities Act set forth in Section 4(a)(2) of   such Act.
0001144204-18-028594	75 Fifth Street, NW	Suite 2170	ATLANTA	GA	30308	404-850-9225	Nick Bhargava	Other	921594.0	0.0		20120085.0		433452.0		21507228.0	16872490.0			0.0	22787493.0	-1280265.0	21507228.0	804936.0		117587.0		102471.0	-1976473.0	-1.75	-1.75	Hughes Pittman and Gupton LLP	true	true		true			Regulation A, Rule 506 of Regulation D, and Rule 506 of Regulation D, respectively.
0001144204-18-027624	425 NW 10th Ave	Suite 306	Portland	OR	97209	503-546-4049	Andrew Stephenson	Other	7936.0	0.0		0.0		0.0		7936.0	0.0			0.0	0.0	7936.0	7936.0	0.0		0.0		0.0	-17064.0	-0.68	-0.68	dbbmckennon	true	true			true		Section 4(a)(2)
0001096906-18-000232	9480 South Eastern Avenue, Suite 208		Las Vegas	UT	89123	702-768-8109	John E. Lux, Esq.	Banking	194372.0	0.0			0.0		42384.0	1792311.0	3170496.0		0.0	85595.0	3256091.0	-1463779.0	1792311.0		0.0		0.0	8662.0	-205267.0	0.0	0.0		true	true	false	true	false	true	
0001688804-18-000009	41 W. 25TH STREET	8TH FLOOR	NEW YORK	NY	10010	3479528058	Max Niederste-Ostholt	Other	5374.0	0.0		497.0		528161.0		534032.0	73428.0			400781.0	474219.0	59813.0	534032.0	0.0		35804.0		0.0	-35804.0	0.0	0.0	EisnerAmper LLP	true	true	false	true	false	false	Rule 506(c) - sale to verified accredited investors of interests in Series #77LE1
0001019056-18-000645	120 WALL STREET	25TH FLOOR	NEW YORK	NY	10005	212-269-1400	Andrew Russell	Other	9994.0	0.0		0.0		0.0		9994.0	55781.0			0.0	55781.0	-45787.0	9994.0	0.0		55787.0		0.0	-55787.0	-79.16	-79.16	Fruci & Associates II, PLLC	true	true		true			Securities Act Section 4(a)(2)
0001144204-18-027206	1601 CONNECTICUT AVENUE NW	SUITE 300	WASHINGTON	DC	20009	202-584-0550	Benjamin S. Miller	Other	178000.0	0.0		0.0		0.0		13211000.0	147000.0			0.0	3508000.0	9703000.0	13211000.0	163000.0		183000.0		10000.0	-20000.0	-0.07	-0.07	RSM US LLP	true	true		true			Fundrise, LP, an affiliate of our sponsor, has purchased 9,500 common shares for a purchase price of $95,000 in a private offering. Such issuance was exempt from the registration requirements of the Securities Act pursuant to Section 4(a)(2) thereof.
0001144204-18-027191	1601 CONNECTICUT AVENUE NW	SUITE 300	WASHINGTON	DC	20009	202-584-0550	Benjamin S. Miller	Other	2953000.0	0.0		14000.0		0.0		8969000.0	85000.0			0.0	199000.0	8770000.0	8969000.0	66000.0		115000.0		0.0	-49000.0	-0.18	-0.18	RSM US LLP	true	true		true			Fundrise, LP, an affiliate of our sponsor, has purchased 9,500 common shares for a purchase price of $95,000 in a private offering. Such issuance was exempt from the registration requirements of the Securities Act pursuant to Section 4(a)(2) thereof.
0001144204-18-027040	73 Greentree Drive	#558	DOVER	DE	19904	888-546-7980	Jeanne Campanelli	Other	0.0	0.0		18867.0		0.0		32034.0	234307.0			333144.0	567451.0	-535417.0	32034.0	416435.0		666526.0		0.0	-1129751.0	-0.01	-0.01	Wipfli, LLP	true	true		true			Rule 506(c) of Regulation D.
0001721868-18-000386	1616 N LA BREA AVENUE	Unit # 205	LOS ANGELES	CA	90028	310-684-2162	Brad Listerman	Other	16407.0	7451.0		7451.0		2275.0		41793.0	3460.0			2393560.0	2438814.0	-844901.0	41793.0	23858.0		553794.0		0.0	0.0	0.0	0.0		true	true			true	true	
0001683168-18-001246	1 Bridge Plaza	2nd Floor	Fort Lee	NJ	07024	551-486-3980	John E. Lux, Esq.	Other	7739.0	0.0		0.0		81744.0		89483.0	1239465.0			0.0	1239465.0	1149982.0	89483.0	5400.0		182384.0		0.0	3170948.0	0.0	0.0		true	true		true		true	
0001010549-18-000151	900 RR 620 SO. #C101-143		AUSTIN	TX	78734	623-826-5206	John E. Lux, Esq.	Other	0.0	0.0		0.0		0.0		0.0	11454.0			25000.0	36454.0	-36454.0	0.0	0.0		0.0		0.0	-35643.0	0.0	0.0		true	true	false	true	false	true	
0001264931-18-000047	12777 JEFFERSON BLVD.	SUITE 310	PLAYA VISTA	CA	90066	888-983-0054	MARC J. ADESSO	Other	0.0	0.0		0.0		0.0		275070.0	0.0			0.0	2204498.0	-1929428.0	275070.0	208955.0		-48677.0		0.0	-2836132.0	-0.26	0.0		true	true		true			Section 4(a)(2) of the Securities Act
0001213900-18-005700	2299 Perimeter Park Drive	Suite 120	Atlanta	GA	30341	470-475-1035	Larry Xianghong Wu	Other	178689.0	7532508.0		42955.0		3742.0		7748552.0	146000.0			0.0	146000.0	7602552.0	7748552.0	882932.0		249969.0		1902.0	631061.0	0.14	0.14	Daszkal Bolton LLP	true	true		true			Section 4(a)(2) and Rule 506(b) of Regulation D promulgated thereunder and/or Regulation S.  The limited partner interests were offered and sold outside the U.S. solely to accredited investors who were non-U.S. persons
0001144204-18-026182	75 Fifth Street, NW	Suite 2170	ATLANTA	GA	30308	404-850-9225	Nick Bhargava	Other	921594.0	0.0		20120085.0		433452.0		21507228.0	16872490.0			0.0	22787493.0	-1280265.0	21507228.0	804936.0		117587.0		102471.0	-1976473.0	-1.75	-1.75	Hughes Pittman and Gupton LLP	true	true		true			Regulation A, Rule 506 of Regulation D, and Rule 506 of Regulation D, respectively.
0001549212-18-000015	6666 HARWIN DRIVE	SUITE 664	HOUSTON	TX	77036	7132681610	Norman George	Other	45672.0	0.0		0.0		3336.0		101008.0	281096.0			0.0	281096.0	-180088.0	101008.0	36905.0		291353.0		1026.0	-255474.0	0.0	0.0		true	true	false	false	true	false	Regulation A provides that shares sold by an issuer pursuant to that regulation are exempt from registration under Section 5 of the Act.
0001213900-18-005674	2299 Perimeter Park Drive	Suite 120	Atlanta	GA	30341	470-475-1035	Larry Xianghong Wu	Other	178689.0	7532508.0		42955.0		3742.0		7748552.0	146000.0			0.0	146000.0	7602552.0	7748552.0	882932.0		249969.0		1902.0	631061.0	0.14	0.14	Daszkal Bolton LLP	true	true		true			Section 4(a)(2) and Rule 506(b) of Regulation D promulgated thereunder and/or Regulation S.  The limited partner interests were offered and sold outside the U.S. solely to accredited investors who were non-U.S. persons
0001663577-18-000214	80 D Leitchcroft Cr.		Thornhill	A6	L3T 7W1	437-995-6261	Edward Chan	Other	99930.0	0.0		0.0		0.0		576157.0	344282.0			0.0	344282.0	231875.0	576157.0	504980.0		9323.0		0.0	251776.0	0.0	0.0		true	true	true		true		Section 4(a)(2) of the Securities Act of 1933, as amended
0001144204-18-025962	1601 Connecticut Avenue NW	Suite 300	Washington	DC	20009	202-584-0550	Bjorn J. Hall	Other	10442000.0	0.0		916000.0		0.0		29455000.0	60000.0			0.0	1359000.0	28096000.0	29455000.0	1342000.0		403000.0		0.0	939000.0	0.51	0.51	RSM US LLP	true	true		true		true	
0001144204-18-025956	1601 CONNECTICUT AVENUE NW	STE 300	WASHINGTON	DC	20009	202-584-0550	Benjamin S. Miller	Other	1579000.0	0.0		313000.0		0.0		32160000.0	59000.0			0.0	7294000.0	24866000.0	32160000.0	0.0		399000.0		0.0	-1030000.0	-0.61	-0.61	RSM US LLP	true	true		true		true	
0001144204-18-025949	1601 Connecticut Avenue NW	Suite 300	Washington	DC	20009	202-584-0550	Bjorn J. Hall	Other	9371000.0	0.0		85000.0		0.0		26727000.0	56000.0			0.0	2174000.0	24553000.0	26727000.0	0.0		470000.0		0.0	-561000.0	-0.32	-0.32	RSM US LLP	true	true		true		true	
0001144204-18-025946	1601 Connecticut Avenue, NW, Suite 300		Washington	DC	20009	202-584-0550	Benjamin S. Miller	Other	11169000.0	0.0		1736000.0		0.0		73734000.0	68000.0			0.0	2888000.0	70846000.0	73734000.0	5408000.0		180000.0		0.0	5212000.0	0.92	0.92	RSM US LLP	true	true		true		true	
0001395005-18-000013	1320 CENTRAL PARK BLVD	SUITE 200	FREDERICKSBURG	VA	22401	540-736-3069	Spencer Payne	Other	1115.0	0.0		0.0		0.0		6115.0	12854.0			52613.0	65467.0	59352.0	6115.0	0.0		69603.0		0.0	-69603.0	0.0	0.0		true	true	false	true	false	false	Section 4(a)(2)
0001393905-18-000159	3225 Shallowford Road, NE	Suite 1020	Marietta	GA	30062	855-846-3337	Bill Edmonds	Other	282379.0	0.0		260462.0		0.0		3174386.0	2314941.0			1549595.0	5056311.0	-1881925.0	3174386.0	9875869.0		7758776.0		87100.0	-2418534.0	-0.03	0.0		true	true	false	true	false	true	
0001683168-18-001215	2598 East Sunrise Blvd.	Suite 2104	Ft. Lauderdale	FL	33304	954-332-6600	John E. Lux, Esq.	Other	19197.0	0.0		111528.0		0.0		1096200.0	928304.0			1089490.0	2017794.0	-921594.0	1096200.0	6813.0		81190.0		0.0	-74377.0	0.0	0.0	None	true	true		true			Securities Act of 1933, Section 4(2), sales to persons associated with company officers and directors, prior investors and shareholders, noteholders and to the Company's President.
0001493152-18-006287	Square Chain Corporation	3609 Hammerkop Drive	North Las Vegas	NV	89084	727-510-9525	John E. Lux, Esq.	Other	0.0	0.0		0.0		0.0		0.0	75978.0			0.0	75978.0	-75.97	0.0	0.0		75978.0		81040.0	-157018.0	0.0	0.0		true	true	true	true			Exempt from registration under Section 4(2) Securities Act and Rules promulgated thereunder.
0001395005-18-000012	1320 CENTRAL PARK BLVD	SUITE 200	FREDERICKSBURG	VA	22401	540-736-3069	SPENCER PAYNE	Other	1115.0	0.0		0.0		0.0		6115.0	12854.0			52613.0	65467.0	59352.0	6115.0	0.0		69603.0		0.0	-69603.0	0.0	0.0		true	true	false	true	false	false	Section 4(a)(2)
0001477932-18-002179	42062 B Street		Murrieta	CA	92563	800-515-3141	Jillian Sidoti, Esq.	Other	0.0	0.0		0.0		0.0		0.0	0.0			0.0	0.0	0.0	0.0	0.0		0.0		0.0	0.0	0.0	0.0	IndigoSpire	true	true	false		true	true	
0001161697-18-000236	401 East Jackson Street	Suite 3300	Tampa	FL	33602	813-448-1234	Dan Mirman	Other	482879.0	0.0		221489.0		2654698.0		3359627.0	257395.0			0.0	257395.0	3102232.0	3359627.0	66718.0		117217.0		45654.0	-96153.0	-0.06	-0.06	MaloneBailey LLP	true	true		true			N/A
0001010549-18-000141	900 RR 620 So. #C101-143		Austin	TX	78734	623-826-5206	John E. Lux, Esq.	Other	0.0	0.0		0.0		0.0		0.0	11454.0			25000.0	36454.0	-36454.0	0.0	0.0		0.0		0.0	-35643.0	0.0	0.0		true	true	false	true	false	true	
0001264931-18-000039	4640 ADMIRALTY WAY	STE 500	MARINA DEL REY	CA	90292	310-496-5744	AUSTIN LEGAL GROUP	Other	13082.0	0.0		0.0		0.0		426560.0	29128.0			0.0	1477654.0	-1051094.0	426560.0	44691.0		7062.0		964.0	-1518384.0	0.0	0.0		true	true		true			Section 4(a)(2) of the Securities Act.
0001683168-18-001132	1825 CORPORATE BLVD. NW, SUITE 110		BOCA RATON	FL	33431	877-267-6278	John E. Lux, Esq.	Other	4009.0	0.0		0.0		0.0		4009.0	12741.0			0.0	12741.0	-8732.0	4009.0	0.0		12066.0		0.0	-12107.0	0.0	0.0	Salberg & Company, P.A.	true	true		true			Exempt from registration under 4(2) Securities Act and Rules promulgated thereunder.
0001683168-18-001130	1 Bridge Plaza	2nd Floor	Fort Lee	NJ	07024	551-486-3980	John E. Lux, Esq.	Other	2452.0	0.0		92257.0		0.0		3350564.0	1329598.0			0.0	1329598.0	2020966.0	3350564.0	0.0		0.0		0.0	0.0	0.0	0.0		true	true		true		true	
0001144204-18-024356	75 Fifth Street, NW	Suite 2170	ATLANTA	GA	30308	404-850-9225	Nick Bhargava	Other	921594.0	0.0		20120085.0		433452.0		21507228.0	16872490.0			0.0	22787493.0	-1280265.0	21507228.0	804936.0		117587.0		102471.0	-1976473.0	-1.75	-1.75	Hughes Pittman and Gupton LLP	true	true		true			Regulation A, Rule 506 of Regulation D, and Rule 506 of Regulation D, respectively.
0001477932-18-002127	7343 W. Sand Lake Road	Unit 311	Orlando	FL	32819	321-246-2050	Jillian Sidoti	Other	100.0	0.0		100.0		0.0		100.0	100.0			0.0	100.0	0.0	100.0	0.0		0.0		0.0	0.0	0.0	0.0	Spiegel Accountancy	true	true	false	true		true	
0001213900-18-005245	301 E. PINE ST, SUITE 850		ORLANDO	FL	32801	407-986-4234	James S. Byrd, Jr.	Other	2588771.69	0.0		7864650.0		13860.0		10962882.0	16552.0			2607000.0	2623552.0	8339330.61	10962882.0	1080667.0		5568460.0		8123.0	-4661317.0	-0.11	-0.11	Soles, Heyn & Company LLP	true	true			true		506(b) and Regulation A+
0001646269-18-000010	96 GENDER RD		CANAL WINCHESTER	OH	43110	614-400-3077	Kendall Almerico	Other	577908.0	0.0		666549.0		30782725.0		33017053.0	2969463.0			0.0	33134916.0	-117863.0	33017053.0	4943261.0		9160559.0		1141217.0	-6996555.0	-1.09	-0.96	Ernst & Young LLP	true	true	true	false	false	false	Regulation A, Tier II
0001052918-18-000139	1314 S. GRAND BLVD., SUITE 2-133		SPOKANE	WA	99202	509-994-8577	Daniel Wadkins	Other	290.0	0.0		0.0		210745.0		325323.0	1047497.0			564114.0	4153683.0	-3828360.0	325323.0	0.0		0.0		14713.0	-1492072.0	-0.34	-0.34	DeCoria, Maichel & Teague P.S.	true	true	false	false	true	false	No general solicitation, sales of convertible notes only made to accredited investors; 4(a)(2) - No general solicitation, one convertible note sold to a sophisticated accredited investor with access to information necessary to fend for himself.
0001640334-18-000834	201 S. 36th Street		Phoenix	AZ	85034	305-608-2362	W. Scott Lawler	Other	129303.0	0.0		7124101.0		1930054.0		8574783.0	392361.0			9120.0	715515.0	7859268.0	8574783.0	6127296.0		4771916.0		229945.0	870380.0	0.0	0.0	Metz & Associates, PLLC	true	true	false		true	false	Rule 506 of Regulation D.  All shares were issued to the company's directors, officers and five (5) employees.
0001477932-18-002081	109 E. 17th Street	Suite 4634	Cheyenne	WY	82001	702-706-7011	Harold H. Martin, Esq.	Other	27702.0	0.0		0.0		0.0		52702.0	76581.0			0.0	306929.0	-254227.0	52702.0	0.0		4239721.0		0.0	4250194.0	-0.02	-0.02	none	true	true	false		true	false	Section 4(2) of the Securities Act.
0001724115-18-000005	688 MERIDIAN AVE, STE 700		MIAMI BEACH	FL	33139	9492753697	Andy Altahawi/Adamson Brothers	Other	22500.0	0.0		0.0		0.0		22500.0	814.0			25000.0	25814.0	-3314.0	22500.0	0.0		0.0		0.0	0.0	0.0	0.0	IndigoSpire CPA Group, LLC	true	true	false	true	false	false	Section 4(a)(2) - an issuer not involved in any public offering. All securities sold to current directors, and or Exempt from registration of the securities act.
0001213900-18-004983	222 N. PERSON STREET, SUITE 010		RALEIGH	NC	27601	919-719-4161	Vincent T. Morgus	Other	1009613.0	0.0		52016.0		0.0		1070174.0	316051.0			2358167.0	3653468.0	-2583294.0	1070174.0	300000.0		1617687.0		0.0	-1353010.0	-1353010.0	-1353010.0	Cherry Bekaert LLP	true	true		true			Rule 506 of Regulation D
0001144204-18-022443	4030 Skyron Drive	Suite F	Doylestown	PA	18902	610-829-1039	Marc Adesso, Esq.	Other	759955.0	0.0		1595956.0		1006063.0		4205919.0	1329730.0			2823013.0	4328486.0	-122567.0	4205919.0	11571468.0		8226062.0		157765.0	440215.0	0.15	0.15	Marcum LLP	true	true			true		Issued as consideration for the acquisition of S.R.M. Entertainment Limited and Ferguson Containers, Inc. under Section 4(a)(2) of the Securities Act of 1933, as amended.
0001654954-18-004341	4 S 2600 W, Suite 5		Hurricane	UT	84737	435-635-7262	Rhys James	Other	194354.0	0.0		0.0		0.0		225000.0	38663.0			0.0	38663.0	186337.0	225000.0	0.0		-13663.0		0.0	-13663.0	0.0	0.0	Tanner LLC	true	true		false	false	false	The Company relied on the private placement exemption in Section 4(a)(2) of the Securities Act of 1933, or the Securities Act, for the issuance of its common units to the Original Members. There was no public solicitation with respect to this issuance.
0001144204-18-022269	3713 CHARLOE CT		CINCINNATI	OH	45227	513-549-9483	Anthony Robertson	Other	37400.0	0.0		0.0		27236.0		64636.0	0.0			0.0	0.0	64636.0	64636.0	0.0		0.0		0.0	0.0	0.0	0.0	Franz CPAs, Inc.	true	true		true			Relied on Rule 147a and Ohio R.C. 1707.03(O).  Offering made to Ohio residents only by issuer without general solicitation.
0001144204-18-022149	4030 Skyron Drive	Suite F	Doylestown	PA	18902	610-829-1039	Marc Adesso, Esq.	Other	759955.0	0.0		1595956.0		1006063.0		4205919.0	1329730.0			2823013.0	4328486.0	-122567.0	4205919.0	11571468.0		8226062.0		157765.0	440215.0	0.15	0.15	Marcum LLP	true	true			true		Issued as consideration for the acquisition of S.R.M. Entertainment Limited and Ferguson Containers, Inc. under Section 4(a)(2) of the Securities Act of 1933, as amended.
0001683168-18-001069	564 STEVENS AVENUE		SOLANA BEACH	CA	92075	858-225-8998	Jeanne Campanelli	Other	616262.0	0.0		75319.0		392275.0		3528380.0	1726667.0			3006356.0	6341852.0	-9030770.0	3528380.0	8773025.0		4065845.0		195358.0	-3232973.0	-0.38	-0.38	dbbmckennon	true	true			true		Regulation Crowdfunding and Regulation A of the Securities Act.
0001477932-18-001984	48-51 Oceania Street		BAYSIDE	NY	11364	917-582-0011	PAUL CHEN	Other	16000.0	0.0		0.0		0.0		16000.0	2851.0			0.0	2851.0	13149.0	16000.0	0.0		2000.0		0.0	-2000.0	0.0	0.0	PARITZ & COMPANY, P. A.	true	true	false		true	false	All securities issued pursuant to the exemption provided by Regulation D under the Securities Act of 1933, as amended.
0001549212-18-000014	6666 HARWIN DRIVE	SUITE 664	HOUSTON	TX	77036	7132681610	Norman George	Other	45672.0	0.0		0.0		3336.0		101008.0	281096.0			0.0	281096.0	-180088.0	101008.0	36905.0		291353.0		1026.0	-255474.0	0.0	0.0		true	true	false	false	true	false	Regulation A provides that shares sold by an issuer pursuant to that regulation are exempt from registration under Section 5 of the Act.
0001144204-18-021495	75 Fifth Street, NW	Suite 2170	ATLANTA	GA	30308	404-850-9225	Nick Bhargava	Other	921594.0	0.0		20120085.0		433452.0		21507228.0	16872490.0			0.0	22787493.0	-1280265.0	21507228.0	804936.0		117587.0		102471.0	-1976473.0	-1.75	-1.75	Hughes Pittman and Gupton LLP	true	true		true			Regulation A, Rule 506 of Regulation D, and Rule 506 of Regulation D, respectively.
0001214659-18-002906	80 WEST SIERRA BOULEVARD	#141	SIERRA MADRE	CA	91024	6263551049	Benjamin Feldman, FGRB, PLLC	Other	1188.0	0.0		0.0		0.0		1188.0	1550.0			0.0	1550.0	-362.0	1188.0	0.0		9144.0		0.0	9944.0	0.0	0.0	Cashuk, Wiseman, Goldberg, Birnbaum & Salem, LLP	true	true			true	true	
0001144204-18-021019	75 Fifth Street, NW	Suite 2170	ATLANTA	GA	30308	404-850-9225	Nick Bhargava	Other	921594.0	0.0		20120085.0		433452.0		21507228.0	16872490.0			0.0	22787493.0	-1280265.0	21507228.0	804936.0		117587.0		102471.0	-1976473.0	-1.75	-1.75	Hughes Pittman and Gupton LLP	true	true		true			Regulation A, Rule 506 of Regulation D, and Rule 506 of Regulation D, respectively.
0001144204-18-020759	3090 BRISTOL STREET	SUITE 550	COSTA MESA	CA	92626	855-742-4862	Gregory W. Preston, Esq.	Other	1000.0	0.0		0.0		0.0		1000.0	0.0			0.0	0.0	1000.0	1000.0	0.0		0.0		0.0	0.0	0.0	0.0	Squar Milner LLP	true	true		true			"Regulation D.  Private offering of 200 shares of common stock at $5.00 per share to BrixInvest, LLC (formerly, ""Rich Uncles LLC""), the sponsor of the issuer."
0001703732-18-000005	5415 W. CEDAR LANE		BETHESDA	MD	20814	6104539079	Kendall Almerico	Other	35497.0	0.0		0.0		0.0		35497.0	508050.0			4729674.0	5238724.0	-5203227.0	35497.0	0.0		0.0		0.0	4747808.0	-0.17	-0.17	IndigoSpire CPA Group, LLC	true	true	true	false	true	true	
0001683168-18-000995	1 Bridge Plaza	2nd Floor	Fort Lee	NJ	07024	551-486-3980	John E. Lux, Esq.	Other	2542.0	0.0		92256.0		0.0		3350563.0	1328291.0			0.0	1328291.0	2022272.0	3350563.0	0.0		0.0		0.0	0.0	0.0	0.0		true	true		true		true	
0001683168-18-000978	2598 East Sunrise Blvd.	Suite 2104	Ft. Lauderdale	FL	33304	954-332-6600	John E. Lux, Esq.	Other	19197.0	0.0		111528.0		0.0		1096200.0	928304.0			1089490.0	2017794.0	-921594.0	1096200.0	6813.0		81190.0		0.0	-74377.0	0.0	0.0	None	true	true		true			Securities Act of 1933, Section 4(2), sales to persons associated with company officers and directors, prior investors and shareholders, noteholders and to the Company's President.
0001683168-18-000972	170 S. Green Valley Parkway, Suite 300		HENDERSON	NV	89012	702-202-0068	David Syme, Esq	Other	2503.0	0.0		0.0		0.0		2503.0	34574.0			0.0	34574.0	-32071.0	2503.0	0.0		-6159.0		0.0	-6159.0	0.0	0.0	Thayer O'Neal Company, LLC	true	true		true			Thinking Green relied upon the exemption from the registration requirements of the Securities Act set forth in Section 4(a)(2) of   such Act.
0001615774-18-002530	433 NORTH CAMDEN DRIVE	SUITE 600	Beverly Hills	CA	90210	310-926-2643	Joe Tagliaferro (CKR Law, LLP)	Other	308738.0	0.0		0.0		2036342.0		2358486.0	131453.0			552588.0	1685245.0	673241.0	2358486.0	235690.0		213111.0		0.0	-4100301.0	-0.16	-0.16	AJ Robbins CPA, LLC	true	true	true	false	true	false	The issuance of the 9,375,000 exchange shares of Common Stock is exempted from registration under Section 4(a)(2) of the Securities;
0001733932-18-000002	401 East Jackson Street	Suite 2340	Tampa	FL	33602	8134663363	Keith DeSanto	Other	97.0	0.0		0.0		0.0		97.0	150941.0			0.0	468941.0	-468844.0	97.0	0.0		0.0		0.0	-73633.0	0.0	0.0		true	true	false	true	false	true	
0001144204-18-019635	75 Fifth Street, NW	Suite 2170	ATLANTA	GA	30308	404-850-9225	Brian S. Korn, Esq.	Other	921594.0	0.0		20120085.0		433452.0		21507228.0	16872490.0			0.0	22787493.0	-1280265.0	21507228.0	804936.0		117587.0		102471.0	-1976473.0	-1.75	-1.75	Hughes Pittman and Gupton LLP	true	true		true			Regulation A, Rule 506 of Regulation D, and Rule 506 of Regulation D, respectively.
0001144204-18-019564	75 Fifth Street, NW	Suite 2170	ATLANTA	GA	30308	404-850-9225	Nick Bhargava	Other	921594.0	0.0		20120085.0		433452.0		21507228.0	16872490.0			0.0	22787493.0	-1280265.0	21507228.0	804936.0		117587.0		102471.0	-1976473.0	-1.75	-1.75	Hughes Pittman and Gupton LLP	true	true		true			Regulation A, Rule 506 of Regulation D, and Rule 506 of Regulation D, respectively.
0001663577-18-000181	80 D Leitchcroft Cr.		Thornhill	A6	L3T 7W1	437-995-6261	Edward Chan	Other	99930.0	0.0		0.0		0.0		576157.0	344282.0			0.0	344282.0	231875.0	576157.0	504980.0		9323.0		0.0	251776.0	0.0	0.0		true	true	true		true		Section 4(a)(2) of the Securities Act of 1933, as amended
0001395005-18-000011	1320 CENTRAL PARK BLVD	SUITE 200	FREDERICKSBURG	VA	22401	540-736-3069	Spencer Payne	Other	1115.0	0.0		0.0		0.0		6115.0	12854.0			52613.0	65467.0	59352.0	6115.0	0.0		69603.0		0.0	-69603.0	0.0	0.0		true	true	false	true	false	false	Section 4(a)(2)
0001731302-18-000001	604 Market Street		St. Augustine	FL	32095	800-350-8061	Wallace Glausi or David Cramer	Other	0.0	0.0		0.0		0.0		0.0	0.0			0.0	0.0	0.0	0.0	0.0		0.0		0.0	0.0	0.0	0.0	Buckno Lisicky & Co.	true	true	false	true	false	true	
0001733775-18-000008	150 E PALMETTO PARK ROAD, SUITE 800		BOCA RATON	FL	33432	1-877-436-8739	Stephen Watkins	Other	2969.0	0.0		0.0		12500000.0		12502969.0	0.0			0.0	0.0	12500000.0	12502969.0	0.0		0.0		0.0	0.0	0.0	0.0		true	true	false	true	false	true	
