ACCESSION_NUMBER	SECURITY_ID	SECURITIESISSUERNAME	SECURITIESISSUERTITLE	SECURITIESISSUEDTOTALAMOUNT	SECURITIESPRINCIPALHOLDERAMT	SECURITIESISSUEDAGGREGATEAMT	AGGREGATECONSIDERATIONBASIS
0001477932-18-003280	1	InSitu Biologics, Inc.	Class A Common Shares	25000000	0	0	
0001477932-18-003280	3	InSitu Biologics, Inc.	Class A Common Shares	25000000	0	0	
0001477932-18-003280	2	InSitu Biologics, Inc.	Class A Common Shares	25000000	0	0	
0001144204-18-036587	2	Groundfloor Finance Inc.	LROs	27927840	0	$9,200,380 were issued and sold pursuant to Offering Circular File No. 024-10496. $15,037,460 were issued and sold pursuant to Offering Circular File No. 024-10753. $3,783,910 were issued and sold pursuant to Offering Circular File No. 024-10758 (as may be amended and supplemented from time to time).	
0001144204-18-036587	1	Groundfloor Finance Inc.	LROs	27927840	0	$9,200,380 were issued and sold pursuant to Offering Circular File No. 024-10496. $15,037,460 were issued and sold pursuant to Offering Circular File No. 024-10753. $3,783,910 were issued and sold pursuant to Offering Circular File No. 024-10758 (as may be amended and supplemented from time to time).	
0001144204-18-036587	3	Groundfloor Finance Inc.	LROs	27927840	0	$9,200,380 were issued and sold pursuant to Offering Circular File No. 024-10496. $15,037,460 were issued and sold pursuant to Offering Circular File No. 024-10753. $3,783,910 were issued and sold pursuant to Offering Circular File No. 024-10758 (as may be amended and supplemented from time to time).	
0001477932-18-003225	2	Webb Interactive Services, Inc.	Common Stock	2700000000	0	100% Allocation Media as determined by Board of Directors	
0001477932-18-003225	4	Webb Interactive Services, Inc.	Common Stock	2700000000	0	100% Allocation Media as determined by Board of Directors	
0001477932-18-003225	1	Webb Interactive Services, Inc.	Common Stock	2700000000	0	100% Allocation Media as determined by Board of Directors	
0001477932-18-003225	3	Webb Interactive Services, Inc.	Common Stock	2700000000	0	100% Allocation Media as determined by Board of Directors	
0001052918-18-000251	1	Hypersciences, Inc.	Common Stock	1119188	0	880909	
0001144204-18-035945	1	Building Bits Properties I, LLC	Common Bits	25000	0	25000	
0001264931-18-000079	1	Victory Marine Holdings Corp.	Common Stock: $.001 per shares; Convertible Preferred Stock: $.001	20500000	0	20,000,000 shares of Common Stock were issued for share exchange with fair value of $30,000. 500,000 shares of Common Stock and 60,000 shares of Preferred Stock were issued for services with the fair value of $90,750.	
0001052918-18-000243	1	Hypersciences, Inc.	Common Stock	1119188	0	880909	
0001144204-18-035686	1	Groundfloor Finance Inc.	LROs	26098650	0	$9,200,380 were issued and sold pursuant to Offering Circular File No. 024-10496. $13,208,270 were issued and sold pursuant to Offering Circular File No. 024-10753. $3,690,000 were issued and sold pursuant to Offering Circular File No. 024-10758 (as may be amended and supplemented from time to time).	
0001144204-18-035686	2	Groundfloor Finance Inc.	LROs	26098650	0	$9,200,380 were issued and sold pursuant to Offering Circular File No. 024-10496. $13,208,270 were issued and sold pursuant to Offering Circular File No. 024-10753. $3,690,000 were issued and sold pursuant to Offering Circular File No. 024-10758 (as may be amended and supplemented from time to time).	
0001144204-18-035686	3	Groundfloor Finance Inc.	LROs	26098650	0	$9,200,380 were issued and sold pursuant to Offering Circular File No. 024-10496. $13,208,270 were issued and sold pursuant to Offering Circular File No. 024-10753. $3,690,000 were issued and sold pursuant to Offering Circular File No. 024-10758 (as may be amended and supplemented from time to time).	
0001144204-18-035670	3	Groundfloor Finance Inc.	LROs	25855530	0	$9,200,380 were issued and sold pursuant to Offering Circular File No. 024-10496. $12,965,150 were issued and sold pursuant to Offering Circular File No. 024-10753. $3,690,000 were issued and sold pursuant to Offering Circular File No. 024-10758 (as may be amended and supplemented from time to time).	
0001144204-18-035670	2	Groundfloor Finance Inc.	LROs	25855530	0	$9,200,380 were issued and sold pursuant to Offering Circular File No. 024-10496. $12,965,150 were issued and sold pursuant to Offering Circular File No. 024-10753. $3,690,000 were issued and sold pursuant to Offering Circular File No. 024-10758 (as may be amended and supplemented from time to time).	
0001144204-18-035670	1	Groundfloor Finance Inc.	LROs	25855530	0	$9,200,380 were issued and sold pursuant to Offering Circular File No. 024-10496. $12,965,150 were issued and sold pursuant to Offering Circular File No. 024-10753. $3,690,000 were issued and sold pursuant to Offering Circular File No. 024-10758 (as may be amended and supplemented from time to time).	
0001213900-18-008187	1	Hightimes Holding Corp.	Convertible Notes and Class A Common Stock	53473948	0	$13,000,000 senior secured note to ExWorks Capital Fund I, LP; $28,500,000 of convertible notes to former stockholders of Trans-High Corporation; $375,000 for Bio Cup Note; and 20,717,496 shares of Class A Common Stock for $11,598,948.	
0001144204-18-035431	1	Platform Ventures Diversified Housing REIT, LLC	Common Shares	100	100	$1,000 ($10.00 per common share)	same as above
0001213900-18-008083	5	20/20 GeneSystems, Inc.	Series A-2 Preferred Stock	327388	0	$1,067,285 ($3.26/share).	
0001213900-18-008083	4	20/20 GeneSystems, Inc.	Series A-2 Preferred Stock	327388	0	$1,067,285 ($3.26/share).	
0001213900-18-008083	3	20/20 GeneSystems, Inc.	Series A-2 Preferred Stock	327388	0	$1,067,285 ($3.26/share).	
0001213900-18-008083	1	20/20 GeneSystems, Inc.	Series A-2 Preferred Stock	327388	0	$1,067,285 ($3.26/share).	
0001213900-18-008083	2	20/20 GeneSystems, Inc.	Series A-2 Preferred Stock	327388	0	$1,067,285 ($3.26/share).	
0001144204-18-035415	1	Groundfloor Finance Inc.	LROs	26945420	0	$9,200,380 were issued and sold pursuant to Offering Circular File No. 024-10496. $13,501,440 were issued and sold pursuant to Offering Circular File No. 024-10753. $3,690,000 were issued and sold pursuant to Offering Circular File No. 024-10758 (as may be amended and supplemented from time to time).	
0001144204-18-035415	2	Groundfloor Finance Inc.	LROs	26945420	0	$9,200,380 were issued and sold pursuant to Offering Circular File No. 024-10496. $13,501,440 were issued and sold pursuant to Offering Circular File No. 024-10753. $3,690,000 were issued and sold pursuant to Offering Circular File No. 024-10758 (as may be amended and supplemented from time to time).	
0001144204-18-035415	3	Groundfloor Finance Inc.	LROs	26945420	0	$9,200,380 were issued and sold pursuant to Offering Circular File No. 024-10496. $13,501,440 were issued and sold pursuant to Offering Circular File No. 024-10753. $3,690,000 were issued and sold pursuant to Offering Circular File No. 024-10758 (as may be amended and supplemented from time to time).	
0001688804-18-000012	1	RSE Collection, LLC	Series #77LE1, a series of RSE Collection, LLC	2000	0	Aggregate amount: $77,700 Basis of Computing: 2000 LLC Interests at $38.85 per Interest	
0001477932-18-003173	1	InSitu Biologics, Inc.	Class A Common Shares	25000000	0	0	
0001477932-18-003173	2	InSitu Biologics, Inc.	Class A Common Shares	25000000	0	0	
0001477932-18-003173	3	InSitu Biologics, Inc.	Class A Common Shares	25000000	0	0	
0001213900-18-008031	2	Collective Wisdom Technologies, Inc.	Class A Common Stock	28666666	0	$5,000	
0001213900-18-008031	1	Collective Wisdom Technologies, Inc.	Class A Common Stock	28666666	0	$5,000	
0001144204-18-035206	1	GAB AI Inc.	Common Stock	995641	0	$1,069,485 (995,641 shares)	
0001104659-18-041562	1	MogulREIT I, LLC	Common shares	3503456	0	$35,034,560 (3,503,456 shares at $10.00 per common share)	
0001052918-18-000233	1	Hypersciences, Inc.	Common Stock	1119188	0	880909	
0001213900-18-007955	1	Apex Farms Corp.	Common Stock	16912957	0	$1,000 and Services and other non-cash consideration.	
0001213900-18-007955	2	Apex Farms Corp.	Common Stock	16912957	0	$1,000 and Services and other non-cash consideration.	
0001683168-18-001713	2	CNS Pharmaceuticals, Inc.	Common Stock	327004	0	$490,500; common stock sold for $1.50 per share	
0001683168-18-001713	1	CNS Pharmaceuticals, Inc.	Common Stock	327004	0	$490,500; common stock sold for $1.50 per share	
0001493152-18-008771	1	Square Chain Corporation	Common Stock	8500000	0	05 (per share) X 8,500,000 (shares) = $425,000	
0001213900-18-007713	1	Hightimes Holding Corp.	Convertible Notes and Class A Common Stock	53473948	0	$13,000,000 senior secured note to ExWorks Capital Fund I, LP; $28,500,000 of convertible notes to former stockholders of Trans-High Corporation; $375,000 for Bio Cup Note; and 20,717,496 shares of Class A Common Stock for $11,598,948.	
0001144204-18-034330	3	Groundfloor Finance Inc.	LROs	26098650	0	$9,200,380 were issued and sold pursuant to Offering Circular File No. 024-10496. $13,208,270 were issued and sold pursuant to Offering Circular File No. 024-10753. $3,690,000 were issued and sold pursuant to Offering Circular File No. 024-10758 (as may be amended and supplemented from time to time).	
0001144204-18-034330	1	Groundfloor Finance Inc.	LROs	26098650	0	$9,200,380 were issued and sold pursuant to Offering Circular File No. 024-10496. $13,208,270 were issued and sold pursuant to Offering Circular File No. 024-10753. $3,690,000 were issued and sold pursuant to Offering Circular File No. 024-10758 (as may be amended and supplemented from time to time).	
0001144204-18-034330	2	Groundfloor Finance Inc.	LROs	26098650	0	$9,200,380 were issued and sold pursuant to Offering Circular File No. 024-10496. $13,208,270 were issued and sold pursuant to Offering Circular File No. 024-10753. $3,690,000 were issued and sold pursuant to Offering Circular File No. 024-10758 (as may be amended and supplemented from time to time).	
0001628279-18-000093	2	Soliton, Inc.	Convertible 8.25 Percent Bridge Notes	5000000	0	5,000,000	
0001628279-18-000093	4	Soliton, Inc.	Convertible 8.25 Percent Bridge Notes	5000000	0	5,000,000	
0001628279-18-000093	3	Soliton, Inc.	Convertible 8.25 Percent Bridge Notes	5000000	0	5,000,000	
0001628279-18-000093	1	Soliton, Inc.	Convertible 8.25 Percent Bridge Notes	5000000	0	5,000,000	
0001193125-18-193112	1	Knowbella Tech LLC	Convertible Promissory Notes; Class A Common Units and Warrants	348723	335718	$155,000 in principal amount of Convertible Notes; $54 for Class A Common Units; Warrants issued in exchange for services.	$54 for Class A Common Units; Warrants issued in exchange for services.
0001193125-18-193112	2	Knowbella Tech LLC	Convertible Promissory Notes; Class A Common Units and Warrants	348723	335718	$155,000 in principal amount of Convertible Notes; $54 for Class A Common Units; Warrants issued in exchange for services.	$54 for Class A Common Units; Warrants issued in exchange for services.
0001213900-18-007647	1	UC Asset LP	Limited partner interests	2650000	0	$2,650,000 representing capital contributed and based upon the general partner's determination	
0001477932-18-003041	1	Med-X, Inc.	Common Stock	2902236	0	2902236 at $0.60 per share ($1,741,341.60)	
0001683168-18-001688	1	Thinking Green	Common Stock	25000	0	$250 for professional services.	
0001654954-18-006629	1	The Chosen, LLC	Common Units	13900000	200000	"At its formation, The Chosen, LLC issued 100% of its membership interests, collectively, to Dallas Jenkins, Derral Eves, Ricky Ray Butler, Earl Seals and Matthew Faraci (the ""Original Members"") for an aggregate cash contribution of $200,000.00. The Original Members subsequently transferred their membership interests in The Chosen, LLC to The Chosen Productions, LLC (the ""Manager"") and, in accordance with the amendment and restatement of the issuer's operating agreement, the entirety of the Managers membership interest was reclassified as 1,300,000 common units of membership interest (the ""Common Units""). Subsequently, as a result of the reduction of the purchase price of the units sold pursuant to this offering, coupled with the intent of the Manager to maintain the same relative percentage ownership between the Manager and the investors in this offering, The Chosen, LLC issued 12,600,000 additional Common Units to the Manager."	200000
0001213900-18-007608	1	UC Asset LP	Limited partner interests	2650000	0	$2,650,000 representing capital contributed and based upon the general partner's determination	
0001549212-18-000019	1	SW Innovative Holdings, Inc.	Common	389250000	0	$299250	
0001654954-18-006510	1	The Chosen, LLC	Common Units	13900000	200000	"At its formation, The Chosen, LLC issued 100% of its membership interests, collectively, to Dallas Jenkins, Derral Eves, Ricky Ray Butler, Earl Seals and Matthew Faraci (the ""Original Members"") for an aggregate cash contribution of $200,000.00. The Original Members subsequently transferred their membership interests in The Chosen, LLC to The Chosen Productions, LLC (the ""Manager"") and, in accordance with the amendment and restatement of the issuer's operating agreement, the entirety of the Managers membership interest was reclassified as 1,300,000 common units of membership interest (the ""Common Units""). Subsequently, as a result of the reduction of the purchase price of the units sold pursuant to this offering, coupled with the intent of the Manager to maintain the same relative percentage ownership between the Manager and the investors in this offering, The Chosen, LLC issued 12,600,000 additional Common Units to the Manager."	200000
0001213900-18-007523	1	Hightimes Holding Corp.	Convertible Notes and Class A Common Stock	53473948	0	$13,000,000 senior secured note to ExWorks Capital Fund I, LP; $28,500,000 of convertible notes to former stockholders of Trans-High Corporation; $375,000 for Bio Cup Note; and 20,717,496  shares of Class A Common Stock  for $11,598,948.	
0001213900-18-007509	1	UC Asset LP	Limited partner interests	2650000	0	$2,650,000 representing capital contributed and based upon the general partner's determination	
0001144204-18-033640	3	Groundfloor Finance Inc.	LROs	25855530	0	$9,200,380 were issued and sold pursuant to Offering Circular File No. 024-10496. $12,965,150 were issued and sold pursuant to Offering Circular File No. 024-10753. $3,690,000 were issued and sold pursuant to Offering Circular File No. 024-10758 (as may be amended and supplemented from time to time).	
0001144204-18-033640	2	Groundfloor Finance Inc.	LROs	25855530	0	$9,200,380 were issued and sold pursuant to Offering Circular File No. 024-10496. $12,965,150 were issued and sold pursuant to Offering Circular File No. 024-10753. $3,690,000 were issued and sold pursuant to Offering Circular File No. 024-10758 (as may be amended and supplemented from time to time).	
0001144204-18-033640	1	Groundfloor Finance Inc.	LROs	25855530	0	$9,200,380 were issued and sold pursuant to Offering Circular File No. 024-10496. $12,965,150 were issued and sold pursuant to Offering Circular File No. 024-10753. $3,690,000 were issued and sold pursuant to Offering Circular File No. 024-10758 (as may be amended and supplemented from time to time).	
0001144204-18-033598	1	iConsumer Corp.	8 percent Convertible Promissory Notes due 2020	154721	0	$154,721	
0001493152-18-008359	1	TraqIQ, Inc.	(i) Common stock, $0.0001 par value; (ii) Preferred stock, $0.0001 par value	6000000	650000	(i) The issuer issued 24,000,000  shares under a Share Exchange Agreement to the shareholders of OmniM2M, Inc. and Ci2i Services, Inc. valued at $1,384,200. This was based on the price paid for the 650,000 shares, which was $0.2307 per share.   (ii) The 50,000 Series A preferred were issued for $10,000 determined by the Board of Directors.	The aggregate consideration was $150,000  and based on arms-length negotiations and amount seller had paid.
0001445866-18-000631	1	Secured Real Estate Income Fund I, LLC	limited liability company interests	2183425	0	2183425	
0001445866-18-000631	2	Secured Real Estate Income Fund I, LLC	limited liability company interests	2183425	0	2183425	
0001144204-18-033229	1	iConsumer Corp.	8 percent Convertible Promissory Notes due 2020	154721	0	$154,721	
0000950123-18-006161	2	Knowbella Tech LLC	Convertible Promissory Notes; Class A Common Units and Warrants	348723	335718	$155,000 in principal amount of Convertible Notes; $54 for Class A Common Units; Warrants issued in exchange for services.	$54 for Class A Common Units; Warrants issued in exchange for services.
0000950123-18-006161	1	Knowbella Tech LLC	Convertible Promissory Notes; Class A Common Units and Warrants	348723	335718	$155,000 in principal amount of Convertible Notes; $54 for Class A Common Units; Warrants issued in exchange for services.	$54 for Class A Common Units; Warrants issued in exchange for services.
0001078782-18-000615	1	CW Petroleum Corp	Common Stock	11475000	11000000	0	0
0001683168-18-001592	1	Smart Decision, Inc.	Common Stock, $0.0001 par value	68400000	0	$6840 based on $0.0001 par value, for employment compensation and for cash.	
0001144204-18-032746	1	Groundfloor Finance Inc.	LROs	26986620	0	LROs in the amount of $11,133,380 were issued and sold pursuant to Offering Circular File No. 024-10496. $11,155,870 were issued and sold pursuant to Offering Circular File No. 024-10753. $3,614,00 were issued and sold pursuant to Offering Circular File No. 024-10758 (as may be amended and supplemented from time to time).	
0001144204-18-032746	2	Groundfloor Finance Inc.	LROs	26986620	0	LROs in the amount of $11,133,380 were issued and sold pursuant to Offering Circular File No. 024-10496. $11,155,870 were issued and sold pursuant to Offering Circular File No. 024-10753. $3,614,00 were issued and sold pursuant to Offering Circular File No. 024-10758 (as may be amended and supplemented from time to time).	
0001144204-18-032746	3	Groundfloor Finance Inc.	LROs	26986620	0	LROs in the amount of $11,133,380 were issued and sold pursuant to Offering Circular File No. 024-10496. $11,155,870 were issued and sold pursuant to Offering Circular File No. 024-10753. $3,614,00 were issued and sold pursuant to Offering Circular File No. 024-10758 (as may be amended and supplemented from time to time).	
0001052918-18-000212	1	Hypersciences, Inc.	Common Stock	1119188	0	880909	
0001477932-18-002887	3	InSitu Biologics, Inc.	Class A Common Shares	25000000	0	0	
0001477932-18-002887	2	InSitu Biologics, Inc.	Class A Common Shares	25000000	0	0	
0001477932-18-002887	1	InSitu Biologics, Inc.	Class A Common Shares	25000000	0	0	
0001395005-18-000018	1	BitFrontier Capital Holdings, Inc.	Series C Convertible Preferred Stock	1540000	0	Approximately $32,000.00 from Stock Purchase Agreements.	
0001144204-18-032592	1	Groundfloor Finance Inc.	LROs	26986620	0	LROs in the amount of $11,133,380 were issued and sold pursuant to Offering Circular File No. 024-10496. $11,155,870 were issued and sold pursuant to Offering Circular File No. 024-10753. $3,614,00 were issued and sold pursuant to Offering Circular File No. 024-10758 (as may be amended and supplemented from time to time).	
0001144204-18-032592	2	Groundfloor Finance Inc.	LROs	26986620	0	LROs in the amount of $11,133,380 were issued and sold pursuant to Offering Circular File No. 024-10496. $11,155,870 were issued and sold pursuant to Offering Circular File No. 024-10753. $3,614,00 were issued and sold pursuant to Offering Circular File No. 024-10758 (as may be amended and supplemented from time to time).	
0001144204-18-032592	3	Groundfloor Finance Inc.	LROs	26986620	0	LROs in the amount of $11,133,380 were issued and sold pursuant to Offering Circular File No. 024-10496. $11,155,870 were issued and sold pursuant to Offering Circular File No. 024-10753. $3,614,00 were issued and sold pursuant to Offering Circular File No. 024-10758 (as may be amended and supplemented from time to time).	
0001144204-18-032445	1	Fundrise Income eREIT II, LLC	Common Shares	500	500	$5,000 ($10.00 per common share)	same as above
0001144204-18-032441	1	Fundrise Growth eREIT II, LLC	Common Shares	500	500	$5,000 ($10.00 per common share)	same as above
0001144204-18-032216	1	iConsumer Corp.	8 percent Convertible Promissory Notes due 2020	154721	0	$154,721	
0001724115-18-000006	1	Lykuid Inc	Common stock	32500000	0	25,000	
0001144204-18-031784	1	Fundrise Growth eREIT II, LLC	Common Shares	500	500	$5,000 ($10.00 per common share)	same as above
0001144204-18-031788	1	Fundrise Income eREIT II, LLC	Common Shares	500	500	$5,000 ($10.00 per common share)	same as above
0001683168-18-001561	1	Thinking Green	Common Stock	25000	0	$250 for professional services.	
0001144204-18-031563	3	Groundfloor Finance Inc.	LROs	25903250	0	LROs in the amount of $11,133,380 were issued and sold pursuant to Offering Circular File No. 024-10496. $11,155,870 were issued and sold pursuant to Offering Circular File No. 024-10753. $3,614,00 were issued and sold pursuant to Offering Circular File No. 024-10758 (as may be amended and supplemented from time to time).	
0001144204-18-031563	2	Groundfloor Finance Inc.	LROs	25903250	0	LROs in the amount of $11,133,380 were issued and sold pursuant to Offering Circular File No. 024-10496. $11,155,870 were issued and sold pursuant to Offering Circular File No. 024-10753. $3,614,00 were issued and sold pursuant to Offering Circular File No. 024-10758 (as may be amended and supplemented from time to time).	
0001144204-18-031563	1	Groundfloor Finance Inc.	LROs	25903250	0	LROs in the amount of $11,133,380 were issued and sold pursuant to Offering Circular File No. 024-10496. $11,155,870 were issued and sold pursuant to Offering Circular File No. 024-10753. $3,614,00 were issued and sold pursuant to Offering Circular File No. 024-10758 (as may be amended and supplemented from time to time).	
0001646269-18-000012	1	BrewDog USA Inc.	Common Stock	6464242	0	$7064513	
0001615774-18-004406	1	ADiTx Therapeutics, Inc.	Founders Shares, Shares of Common Stock	7281250	0	Founders shares issued at $0.001 per share at $7,100 in the aggregate; 131,250 shares of Common Stock issued for gross proceeds of $262,500.	
0001144204-18-031033	1	Esoteric Brewing Company, LLC	Series B Common	1258	0	$120,000 were paid for 1258 Series B Common Units, representing $100.00 per unit, with a discount of approximately 10% on the first 708 Units sold.	
0001663577-18-000254	1	StarPower ON Systems, Inc.	common stock	102000103	0	pursuant to agreement and plan of reorganization to acquire StarPower ON Systems, Inc. (Canada)	
0001144204-18-030943	3	Groundfloor Finance Inc.	LROs	25903250	0	LROs in the amount of $11,133,380 were issued and sold pursuant to Offering Circular File No. 024-10496. $11,155,870 were issued and sold pursuant to Offering Circular File No. 024-10753. $3,614,00 were issued and sold pursuant to Offering Circular File No. 024-10758 (as may be amended and supplemented from time to time).	
0001144204-18-030943	2	Groundfloor Finance Inc.	LROs	25903250	0	LROs in the amount of $11,133,380 were issued and sold pursuant to Offering Circular File No. 024-10496. $11,155,870 were issued and sold pursuant to Offering Circular File No. 024-10753. $3,614,00 were issued and sold pursuant to Offering Circular File No. 024-10758 (as may be amended and supplemented from time to time).	
0001144204-18-030943	1	Groundfloor Finance Inc.	LROs	25903250	0	LROs in the amount of $11,133,380 were issued and sold pursuant to Offering Circular File No. 024-10496. $11,155,870 were issued and sold pursuant to Offering Circular File No. 024-10753. $3,614,00 were issued and sold pursuant to Offering Circular File No. 024-10758 (as may be amended and supplemented from time to time).	
0001654954-18-005888	1	The Chosen, LLC	Common Units	13900000	200000	"At its formation, The Chosen, LLC issued 100% of its membership interests, collectively, to Dallas Jenkins, Derral Eves, Ricky Ray Butler, Earl Seals and Matthew Faraci (the ""Original Members"") for an aggregate cash contribution of $200,000.00. The Original Members subsequently transferred their membership interests in The Chosen, LLC to The Chosen Productions, LLC (the ""Manager"") and, in accordance with the amendment and restatement of the issuer's operating agreement, the entirety of the Managers membership interest was reclassified as 1,300,000 common units of membership interest (the ""Common Units""). Subsequently, as a result of the reduction of the purchase price of the units sold pursuant to this offering, coupled with the intent of the Manager to maintain the same relative percentage ownership between the Manager and the investors in this offering, The Chosen, LLC issued 12,600,000 additional Common Units to the Manager."	200000
0001580695-18-000282	1	LocatorX, Inc.	Common Stock; Preferred Stock	1127667	0	$1,691,501 at $1.50 per share	
0001477932-18-002741	1	McGraw Conglomerate Corporation	Common	2000000	0	$200 at $.00001 par value	
0001395005-18-000015	1	BitFrontier Capital Holdings, Inc.	Series C Convertible Preferred Stock	1540000	0	Approximately $32,000.00 from Stock Purchase Agreements.	
0001477932-18-002730	1	Webb Interactive Services, Inc.	Common Stock	2700000000	0	100% Allocation Media as determined by Board of Directors	
0001477932-18-002730	4	Webb Interactive Services, Inc.	Common Stock	2700000000	0	100% Allocation Media as determined by Board of Directors	
0001477932-18-002730	3	Webb Interactive Services, Inc.	Common Stock	2700000000	0	100% Allocation Media as determined by Board of Directors	
0001477932-18-002730	2	Webb Interactive Services, Inc.	Common Stock	2700000000	0	100% Allocation Media as determined by Board of Directors	
0001144204-18-030626	1	iConsumer Corp.	8 percent Convertible Promissory Notes due 2020	154721	0	$154,721	
0001549212-18-000017	1	SW Innovative Holdings, Inc.	Common	389250000	0	$299250	
0001477932-18-002597	1	McGraw Conglomerate Corporation	Common	2000000	0	$200 at $.00001 par value	
0001654954-18-005541	1	The Chosen, LLC	Common Units	13900000	200000	"At its formation, The Chosen, LLC issued 100% of its membership interests, collectively, to Dallas Jenkins, Derral Eves, Ricky Ray Butler, Earl Seals and Matthew Faraci (the ""Original Members"") for an aggregate cash contribution of $200,000.00. The Original Members subsequently transferred their membership interests in The Chosen, LLC to The Chosen Productions, LLC (the ""Manager"") and, in accordance with the amendment and restatement of the issuer's operating agreement, the entirety of the Managers membership interest was reclassified as 1,300,000 common units of membership interest (the ""Common Units""). Subsequently, as a result of the reduction of the purchase price of the units sold pursuant to this offering, coupled with the intent of the Manager to maintain the same relative percentage ownership between the Manager and the investors in this offering, The Chosen, LLC issued 12,600,000 additional Common Units to the Manager."	200000
0001477932-18-002549	1	Med-X, Inc.	Common Stock	2902236	0	2902236 at $0.60 per share ($1,741,341.60)	
0001144204-18-028941	1	Esoteric Brewing Company, LLC	Series B Common	1258	0	$120,000 were paid for 1258 Series B Common Units, representing $100.00 per unit, with a discount of approximately 10% on the first 708 Units sold.	
0001213900-18-006287	1	Legion Capital Corporation	Class A Common	14704304	0	$1,799,500 - $1 per share sold  $ 2,372,088.75 - 1.25 per share sold	
0001104659-18-033370	1	MogulREIT I, LLC	Common shares	3503456	0	$35,034,560 (3,503,456 shares at $10.00 per common share)	
0001683168-18-001358	1	Thinking Green	Common Stock	25000	0	$250 for professional services.	
0001144204-18-028594	1	Groundfloor Finance Inc.	LROs	27301670	0	LROs in the amount of $12,799,400 were issued and sold pursuant to Offering Circular File No. 024-10496. $10,947,560 were issued and sold pursuant to Offering Circular File No. 024-10753. $3,554,710 were issue and sold pursuant to Offering Circular File No. 024-10758 (as may be amended and supplemented from time to time).	
0001144204-18-028594	2	Groundfloor Finance Inc.	LROs	27301670	0	LROs in the amount of $12,799,400 were issued and sold pursuant to Offering Circular File No. 024-10496. $10,947,560 were issued and sold pursuant to Offering Circular File No. 024-10753. $3,554,710 were issue and sold pursuant to Offering Circular File No. 024-10758 (as may be amended and supplemented from time to time).	
0001144204-18-028594	3	Groundfloor Finance Inc.	LROs	27301670	0	LROs in the amount of $12,799,400 were issued and sold pursuant to Offering Circular File No. 024-10496. $10,947,560 were issued and sold pursuant to Offering Circular File No. 024-10753. $3,554,710 were issue and sold pursuant to Offering Circular File No. 024-10758 (as may be amended and supplemented from time to time).	
0001144204-18-027624	1	Building Bits Properties I, LLC	Common Bits	25000	0	25000	
0001688804-18-000009	1	RSE Collection, LLC	Series #77LE1, a series of RSE Collection, LLC	2000	0	Aggregate amount: $77,700 Basis of Computing: 2000 LLC Interests at $38.85 per Interest	
0001019056-18-000645	1	Prometheum, Inc.	Common Stock	1000	0	The shares were issued as partial consideration of capital contributions and services valued at $10,000.	
0001144204-18-027206	1	Fundrise For-Sale Housing eFUND - Los Angeles CA, LLC	Common Shares	9500	9500	$95,000 ($10.00 per common share)	same as above
0001144204-18-027191	1	Fundrise For-Sale Housing eFUND - Washington DC, LLC	Common Shares	9500	9500	$95,000 ($10.00 per common share)	same as above
0001144204-18-027040	1	iConsumer Corp.	8 percent Convertible Promissory Notes due 2020	154721	0	$154,721	
0001264931-18-000047	1	American Premium Water Corporation	Common Stock, $.0001 per share; Series A Preferred Stock: $.001	93033033	0	$5,000 basis - preferred stock conversion, no strike price or basis	
0001213900-18-005700	1	UC Asset LP	Limited partner interests	2650000	0	$2,650,000 representing capital contributed and based upon the general partner's determination	
0001144204-18-026182	2	Groundfloor Finance Inc.	LROs and Groundfloor Common Stock	26387430	0	LROs in the amount of $12,799,400 were issued and sold pursuant to Offering Circular File No. 024-10496.  $10,064,230 were issued and sold pursuant to Offering Circular File No. 024-10753. $3,523,800 were issued and sold pursuant to Offering Circular File No. 024-10758 (as may be amended and supplemented from time to time).	
0001144204-18-026182	3	Groundfloor Finance Inc.	LROs and Groundfloor Common Stock	26387430	0	LROs in the amount of $12,799,400 were issued and sold pursuant to Offering Circular File No. 024-10496.  $10,064,230 were issued and sold pursuant to Offering Circular File No. 024-10753. $3,523,800 were issued and sold pursuant to Offering Circular File No. 024-10758 (as may be amended and supplemented from time to time).	
0001144204-18-026182	1	Groundfloor Finance Inc.	LROs and Groundfloor Common Stock	26387430	0	LROs in the amount of $12,799,400 were issued and sold pursuant to Offering Circular File No. 024-10496.  $10,064,230 were issued and sold pursuant to Offering Circular File No. 024-10753. $3,523,800 were issued and sold pursuant to Offering Circular File No. 024-10758 (as may be amended and supplemented from time to time).	
0001549212-18-000015	1	SW Innovative Holdings, Inc.	Common	389250000	0	$299250	
0001213900-18-005674	1	UC Asset LP	Limited partner interests	2650000	0	$2,650,000 representing capital contributed and based upon the general partner's determination	
0001663577-18-000214	1	StarPower ON Systems, Inc.	common stock	102000103	0	pursuant to agreement and plan of reorganization to acquire StarPower ON Systems, Inc. (Canada)	
0001395005-18-000013	1	BitFrontier Capital Holdings, Inc.	Series C Convertible Preferred Stock	1540000	0	Approximately $32,000.00 from Stock Purchase Agreements.	
0001683168-18-001215	1	The Movie Studio, Inc.	Common Stock	440755939	0	93810	
0001493152-18-006287	1	Square Chain Corporation	Common Stock	8500000	0	Services Rendered	
0001395005-18-000012	1	BitFrontier Capital Holdings, Inc.	Series C Convertible Preferred Stock	1540000	0	Approximately $32,000.00 from Stock Purchase Agreements.	
0001161697-18-000236	1	Generation Income Properties, Inc.	Common Stock	1000000	0	$10,000 at $0.01 per share	
0001264931-18-000039	1	VIADERMA, INC.	Common Stock: $ .0001 per share; Convertible Preferred Stock: $.001 per share	847482	128040	30,000,000 shares of Preferred Stock to an Officer for 3 years services with fair value of $630,000, or $210,000 per year; 20,000,000 shares of Common Stock issued to an Officer for services with fair value of $240,000, 14,500,000 shares of Common Stock issued to two consultants for marketing services with fair value of $234,250; 188,913,872 shares of Common Stock issued for convertible debt conversion with varying conversion prices.	44,000,000 shares of Common Stock assigned as part of Plan of Exchange.
0001683168-18-001132	1	Smart Decision, Inc.	Common Stock, $0.0001 par value	68400000	0	$6840 based on $0.0001 par value, for employment compensation and for cash.	
0001144204-18-024356	1	Groundfloor Finance Inc.	LROs and Groundfloor Common Stock	25058120	0	LROs in the amount of $12,799,400 were issued and sold pursuant to Offering Circular File No. 024-10496.  $8,914,630 were issued and sold pursuant to Offering Circular File No. 024-10753. $3,344,090 were issued and sold pursuant to Offering Circular File No. 024-10758 (as may be amended and supplemented from time to time).	
0001144204-18-024356	2	Groundfloor Finance Inc.	LROs and Groundfloor Common Stock	25058120	0	LROs in the amount of $12,799,400 were issued and sold pursuant to Offering Circular File No. 024-10496.  $8,914,630 were issued and sold pursuant to Offering Circular File No. 024-10753. $3,344,090 were issued and sold pursuant to Offering Circular File No. 024-10758 (as may be amended and supplemented from time to time).	
0001144204-18-024356	3	Groundfloor Finance Inc.	LROs and Groundfloor Common Stock	25058120	0	LROs in the amount of $12,799,400 were issued and sold pursuant to Offering Circular File No. 024-10496.  $8,914,630 were issued and sold pursuant to Offering Circular File No. 024-10753. $3,344,090 were issued and sold pursuant to Offering Circular File No. 024-10758 (as may be amended and supplemented from time to time).	
0001213900-18-005245	1	Legion Capital Corporation	Class A Common	14704304	0	$1,799,500 - $1 per share sold  $ 2,372,088.75 - 1.25 per share sold	
0001646269-18-000010	1	BrewDog USA Inc.	Common Stock	6464242	0	$7064513	
0001640334-18-000834	2	YILOLIFE INC.	Class A Common Stock	133000	0	No consideration was as they were issued to employees of the company as part of an Equity Incentive Plan.	
0001640334-18-000834	1	YILOLIFE INC.	Class A Common Stock	133000	0	No consideration was as they were issued to employees of the company as part of an Equity Incentive Plan.	
0001052918-18-000139	1	HyperSciences, Inc.	Common Stock	694501	0	838954	
0001477932-18-002081	1	Medical Cannabis Payment Solutions	Common Stock, $.0001 par value; warrants	26250000	20000000	4,000,000 shares to two investors for a total of $100,000. $22,250,000 shares issued for services valued at $0.01 per share 4,000,000 warrants issued for services with varying exercise prices.	200000
0001724115-18-000005	1	Lykuid Inc	Common stock	32500000	0	25,000	
0001213900-18-004983	1	Carolina Complete Health Network, Inc.	Class P Common Stock, $0.01 par value per share	1505	0	$1,128,750, based on a purchase price of $750.00 per share	
0001144204-18-022443	1	Xspand Products Lab, Inc.	Common Stock	3000000	0	0, issued as consideration for the acquisition of S.R.M. Entertainment Limited and Ferguson Containers, Inc.	
0001654954-18-004341	1	Dallas Jenkins, Derral Eves, Ricky Ray Butler, Earl Seals and Matthew Faraci	Common Units	13900000	200000	"At its formation, The Chosen, LLC issued 100% of its membership interests, collectively, to Dallas Jenkins, Derral Eves, Ricky Ray Butler, Earl Seals and Matthew Faraci (the ""Original Members"") for an aggregate cash contribution of $200,000.00. The Original Members subsequently transferred their membership interests in The Chosen, LLC to The Chosen Productions, LLC (the ""Manager"") and, in accordance with the amendment and restatement of the issuer's operating agreement, the entirety of the Managers membership interest was reclassified as 1,300,000 common units of membership interest (the ""Common Units""). Subsequently, as a result of the reduction of the purchase price of the units sold pursuant to this offering, coupled with the intent of the Manager to maintain the same relative percentage ownership between the Manager and the investors in this offering, The Chosen, LLC issued 12,600,000 additional Common Units to the Manager."	200000
0001144204-18-022269	1	Esoteric Brewing Company, LLC	Series B Common	1258	0	$120,000 were paid for 1258 Series B Common Units, representing $100.00 per unit, with a discount of approximately 10% on the first 708 Units sold.	
0001144204-18-022149	1	Xspand Products Lab, Inc.	Common Stock	3000000	0	0, issued as consideration for the acquisition of S.R.M. Entertainment Limited and Ferguson Containers, Inc.	
0001683168-18-001069	1	Hylete, Inc.	Class B Common Stock	1297042	0	1371303	
0001477932-18-001984	1	ARMADA NANO TECHNOLOGIES GROUP, INC.	Common Stock	25000000	0	$25000 ($.001/share)	
0001549212-18-000014	1	SW Innovative Holdings, Inc.	Common	389250000	0	$299250	
0001144204-18-021495	2	Groundfloor Finance Inc.	LROs	23535510	0	LROs in the amount of $12,799,400 were issued and sold pursuant to Offering Circular File No. 024-10496, $7,392,020 were issued and sold pursuant to Offering Circular File No. 024-10753, and $3,344,090 were issued and sold pursuant to Offering Circular File No. 024-10758 (as may be amended and supplemented from time to time).	
0001144204-18-021495	3	Groundfloor Finance Inc.	LROs	23535510	0	LROs in the amount of $12,799,400 were issued and sold pursuant to Offering Circular File No. 024-10496, $7,392,020 were issued and sold pursuant to Offering Circular File No. 024-10753, and $3,344,090 were issued and sold pursuant to Offering Circular File No. 024-10758 (as may be amended and supplemented from time to time).	
0001144204-18-021495	1	Groundfloor Finance Inc.	LROs	23535510	0	LROs in the amount of $12,799,400 were issued and sold pursuant to Offering Circular File No. 024-10496, $7,392,020 were issued and sold pursuant to Offering Circular File No. 024-10753, and $3,344,090 were issued and sold pursuant to Offering Circular File No. 024-10758 (as may be amended and supplemented from time to time).	
0001144204-18-021019	3	Groundfloor Finance Inc.	LROs	23847920	0	LROs in the amount of $13,929,860 were issued and sold pursuant to Offering Circular File No. 024-10496, $5,620,830 were issued and sold pursuant to Offering Circular File No. 024-10753, and $3,344,090 were issued and sold pursuant to Offering Circular File No. 024-10758 (as may be amended and supplemented from time to time).	
0001144204-18-021019	2	Groundfloor Finance Inc.	LROs	23847920	0	LROs in the amount of $13,929,860 were issued and sold pursuant to Offering Circular File No. 024-10496, $5,620,830 were issued and sold pursuant to Offering Circular File No. 024-10753, and $3,344,090 were issued and sold pursuant to Offering Circular File No. 024-10758 (as may be amended and supplemented from time to time).	
0001144204-18-021019	1	Groundfloor Finance Inc.	LROs	23847920	0	LROs in the amount of $13,929,860 were issued and sold pursuant to Offering Circular File No. 024-10496, $5,620,830 were issued and sold pursuant to Offering Circular File No. 024-10753, and $3,344,090 were issued and sold pursuant to Offering Circular File No. 024-10758 (as may be amended and supplemented from time to time).	
0001144204-18-020759	1	Brix Student Housing REIT, Inc. (formerly, RW Holdings Student Housing REIT, Inc.).	Common Stock	200	0	$1,000 at $5.00 per share	
0001683168-18-000978	1	The Movie Studio, Inc.	Common Stock	440755939	0	93810	
0001683168-18-000972	1	Thinking Green	Common Stock	25000	0	$250 for professional services.	
0001615774-18-002530	1	YayYo, LLC	Common Stock	25000000	0	9375000	
0001144204-18-019635	1	Groundfloor Finance Inc.	Limited Recourse Obligations	1092030	0	Limited Recourse Obligations in the amount of $1,092,030 were issued and sold pursuant to Offering Circular File No. 024-10753 (as may be amended and supplemented from time to time).	
0001144204-18-019635	4	Groundfloor Finance Inc.	Limited Recourse Obligations	1092030	0	Limited Recourse Obligations in the amount of $1,092,030 were issued and sold pursuant to Offering Circular File No. 024-10753 (as may be amended and supplemented from time to time).	
0001144204-18-019635	3	Groundfloor Finance Inc.	Limited Recourse Obligations	1092030	0	Limited Recourse Obligations in the amount of $1,092,030 were issued and sold pursuant to Offering Circular File No. 024-10753 (as may be amended and supplemented from time to time).	
0001144204-18-019635	2	Groundfloor Finance Inc.	Limited Recourse Obligations	1092030	0	Limited Recourse Obligations in the amount of $1,092,030 were issued and sold pursuant to Offering Circular File No. 024-10753 (as may be amended and supplemented from time to time).	
0001144204-18-019564	1	Groundfloor Finance Inc.	LROs	23847920	0	LROs in the amount of $13,929,860 were issued and sold pursuant to Offering Circular File No. 024-10496, $5,620,830 were issued and sold pursuant to Offering Circular File No. 024-10753, and $3,344,090 were issued and sold pursuant to Offering Circular File No. 024-10758 (as may be amended and supplemented from time to time).	
0001144204-18-019564	3	Groundfloor Finance Inc.	LROs	23847920	0	LROs in the amount of $13,929,860 were issued and sold pursuant to Offering Circular File No. 024-10496, $5,620,830 were issued and sold pursuant to Offering Circular File No. 024-10753, and $3,344,090 were issued and sold pursuant to Offering Circular File No. 024-10758 (as may be amended and supplemented from time to time).	
0001144204-18-019564	2	Groundfloor Finance Inc.	LROs	23847920	0	LROs in the amount of $13,929,860 were issued and sold pursuant to Offering Circular File No. 024-10496, $5,620,830 were issued and sold pursuant to Offering Circular File No. 024-10753, and $3,344,090 were issued and sold pursuant to Offering Circular File No. 024-10758 (as may be amended and supplemented from time to time).	
0001663577-18-000181	1	StarPower ON Systems, Inc.	common stock	102000103	0	pursuant to agreement and plan of reorganization to acquire StarPower ON Systems, Inc. (Canada)	
0001395005-18-000011	1	BitFrontier Capital Holdings, Inc.	Series C Convertible Preferred Stock	1540000	0	Approximately $32,000.00 from Stock Purchase Agreements.	
