ACCESSION_NUMBER	SIGN_ID	CIK	REGULATIONISSUERNAME1	REGULATIONISSUERNAME2	SIGNATUREBY	SIGNATURE_DATE	TITLE
0001104659-18-042169	1	0001357231	Solera National Bancorp, Inc.	Solera National Bancorp, Inc.	/s/ Martin P. May	26-JUN-2018	CEO and President
0001104659-18-037580	1	0000033073	Viskase Companies, Inc.	Viskase Companies, Inc.	Thomas D. Davis	01-JUN-2018	President and Chief Executive Officer
0001079973-18-000301	1	0001714024	VirtualArmour International Inc.	VirtualArmour International Inc.	/s/ Todd Kannegieter	07-MAY-2018	CEO
0001477932-18-002193	1	0001709847	Royalty Flow Inc.	Royalty Flow Inc.	Jeff Schneider	04-MAY-2018	Chief Financial Officer
0001644600-18-000005	1	0001688545	Campagna Motors USA Inc.	Campagna Motors USA Inc.	Andre Morissette	25-APR-2018	Chief Executive Officer, Director
0001493152-18-005078	1	0001606799	BioSculpture Technology, Inc.	BioSculpture Technology, Inc.	Robert L Cucin MD	12-APR-2018	CEO
