ACCESSION_NUMBER	NID	SINFO_ID	NAME_TYPE	NAME
0001193125-18-204206	1	1	auditorSpName	Chapman, Hext & Co. P.C.
0001193125-18-204206	1	1	salesCommissionsSpName	Lanier Securities, LLC
0001193125-18-204206	1	1	legalSpName	Winstead PC
0001104659-18-042169	1	1	findersSpName	n/a
0001104659-18-042169	1	1	blueSkySpName	Shapiro Bieging Barber Otteson LLP
0001104659-18-042169	1	1	promoterSpName	n/a
0001104659-18-042169	1	1	legalSpName	Shapiro Bieging Barber Otteson LLP; Merrill Corporation
0001104659-18-042169	1	1	auditorSpName	Eide Bailly LLP; Fortner, Bayens, Levkulich & Garrison, P.C.
0001104659-18-042169	1	1	underwrittenSpName	n/a
0001104659-18-042169	1	1	salesCommissionsSpName	n/a
0001062993-18-002467	2	1	legalSpName	Special Counsel Legal Services
0001062993-18-002467	1	1	auditorSpName	Artesian CPA . PLEASE NOTE: These audit fees are non included in the total offering costs since this is an ongoing G&A expense.
0001062993-18-002467	1	1	legalSpName	Jones & Keller
0001062993-18-002467	1	1	blueSkySpName	None
0001062993-18-002467	3	1	legalSpName	Carman Lehnhof Israelsen
0001213900-18-006510	1	1	auditorSpName	AJ Robbins CPA, LLC
0001213900-18-006510	1	1	legalSpName	Cutler Law Group, P.C. (unpaid to date)
0001144204-18-026228	1	1	auditorSpName	Artesian
0001144204-18-026228	1	1	legalSpName	CrowdCheck Law LLP (f/k/a KHLK LLP)
0001144204-18-026228	1	1	blueSkySpName	Blue Sky Compliance
0001079973-18-000301	1	1	auditorSpName	Saturna Group Chartered Professional Accountants LLP
0001079973-18-000301	1	1	legalSpName	Burns Figa & Will PC and Farhoogian & Co.
0001477932-18-002193	1	1	underwrittenSpName	Maxim Group LLC
0001477932-18-002193	1	1	salesCommissionsSpName	None
0001477932-18-002193	1	1	findersSpName	None
0001477932-18-002193	1	1	auditorSpName	Hein & Associates LLP
0001477932-18-002193	1	1	legalSpName	Hogan Lovells US LLP
0001477932-18-002193	1	1	promoterSpName	None
0001214659-18-003185	1	1	promoterSpName	Various Marketing Firms
0001214659-18-003185	1	1	legalSpName	Flaster/ Greenberg P.C.
0001214659-18-003185	1	1	auditorSpName	Artesian CPA, LLC
0001214659-18-003185	1	1	blueSkySpName	Flaster/ Greenberg P.C.
0001062993-18-001850	3	1	legalSpName	Carman Lehnhof Israelsen
0001062993-18-001850	2	1	legalSpName	Special Counsel Legal Services
0001062993-18-001850	1	1	legalSpName	Jones & Keller
0001062993-18-001850	1	1	auditorSpName	Artesian CPA . PLEASE NOTE: These audit fees are non included in the total offering costs since this is an ongoing G&A expense.
0001062993-18-001850	1	1	blueSkySpName	None
0001144204-18-023946	1	1	auditorSpName	Artesian CPA, LLC
0001144204-18-023946	1	1	salesCommissionsSpName	SI Securities, LLC
0001144204-18-023946	1	1	legalSpName	CrowdCheck Law LLP (fka KHLK LLP); Wilson Sonsini Goodrich & Rosati
0001213900-18-005161	1	1	blueSkySpName	Mitchell Silberberg & Knupp LLP
0001213900-18-005161	1	1	legalSpName	Mitchell Silberberg & Knupp LLP
0001213900-18-005161	1	1	auditorSpName	RBSM LLP
0001553350-18-000436	1	1	underwrittenSpName	None
0001553350-18-000436	1	1	blueSkySpName	None
0001553350-18-000436	1	1	promoterSpName	None
0001553350-18-000436	1	1	legalSpName	Pearlman Law Group LLP
0001553350-18-000436	1	1	auditorSpName	Salberg & Company, P.A.
0001553350-18-000436	1	1	findersSpName	None
0001553350-18-000436	1	1	salesCommissionsSpName	None
0001688804-18-000008	1	1	legalSpName	Nixon Peabody LLP
0001688804-18-000008	1	1	auditorSpName	EisnerAmper LLP
0001688804-18-000008	2	1	promoterSpName	LLC
0001688804-18-000008	1	1	promoterSpName	Cuttone & Company
0001104659-18-028157	1	1	legalSpName	Jenner & Block LLP
0001104659-18-028157	1	1	auditorSpName	Grant Thornton LLP
0001640334-18-000836	1	1	blueSkySpName	Booth Udall Fuller, PLC
0001640334-18-000836	1	1	legalSpName	Booth Udall Fuller, PLC
0001640334-18-000836	1	1	auditorSpName	Metz & Associates, PLLC
0001640334-18-000836	1	1	findersSpName	N/A
0001640334-18-000836	1	1	salesCommissionsSpName	N/A
0001640334-18-000836	1	1	underwrittenSpName	N/A
0001640334-18-000836	1	1	promoterSpName	N/A
0001493152-18-005888	1	1	blueSkySpName	Legal & Compliance, LLC
0001493152-18-005888	1	1	underwrittenSpName	none
0001493152-18-005888	1	1	salesCommissionsSpName	none
0001493152-18-005888	1	1	findersSpName	none
0001493152-18-005888	1	1	auditorSpName	Salberg & Co., P.A.
0001493152-18-005888	1	1	legalSpName	Legal & Compliance, LLC
0001493152-18-005888	1	1	promoterSpName	none
0001193125-18-139347	1	1	legalSpName	DLA Piper LLP (US)
0001213900-18-005084	1	1	auditorSpName	D. Brooks and Associates CPA's, P.A.
0001213900-18-005084	1	1	underwrittenSpName	N/A
0001213900-18-005084	1	1	salesCommissionsSpName	N/A
0001213900-18-005084	1	1	blueSkySpName	N/A
0001213900-18-005084	1	1	findersSpName	N/A
0001213900-18-005084	1	1	promoterSpName	N/A
0001213900-18-005084	1	1	legalSpName	Lucosky Brookman LLP
0001493152-18-005078	1	1	blueSkySpName	None
0001493152-18-005078	1	1	legalSpName	Legal & Compliance LLP
0001493152-18-005078	1	1	auditorSpName	Pybus & Company
0001493152-18-005078	1	1	findersSpName	None
0001493152-18-005078	1	1	salesCommissionsSpName	None
0001493152-18-005078	1	1	underwrittenSpName	None
0001493152-18-005078	1	1	promoterSpName	None
0001213900-18-004201	1	1	promoterSpName	N/A
0001213900-18-004201	1	1	salesCommissionsSpName	NMS Capital Advisors LLC
0001213900-18-004201	1	1	underwrittenSpName	N/A
0001213900-18-004201	1	1	legalSpName	CKR Law LLP
0001213900-18-004201	1	1	auditorSpName	RBSM LLP
0001213900-18-004201	1	1	findersSpName	N/A
0001213900-18-004201	1	1	blueSkySpName	S2Filing
