ACCESSION_NUMBER	INDICATETIER1TIER2OFFERING	FINANCIALSTATEMENTAUDITSTATUS	OFFERDELAYEDCONTINUOUSFLAG	OFFERINGYEARFLAG	OFFERINGAFTERQUALIFFLAG	OFFERINGBESTEFFORTSFLAG	SOLICITATIONPROPOSEDOFFERFLAG	RESALESECURITIESAFFILIATESFLAG	SECURITIESOFFERED	OUTSTANDINGSECURITIES	PRICEPERSECURITY	ISSUERAGGREGATEOFFERING	SECURITYHOLDERAGGEGATE	QUALIFICATIONOFFERINGAGGREGATE	CONCURRENTOFFERINGAGGREGATE	TOTALAGGREGATEOFFERING	UNDERWRITERSERVICEPROVIDERNAME	UNDERWRITERSFEES	SALECOMMISSIONSSVCPROVIDERNAME	SALECOMMISSIONSSVCEROVIDERFEE	FINDERSFEESSERVICEPROVIDERNAME	FINDERFEESFEE	AUDITORSERVICEPROVIDERNAME	AUDITORFEES	LEGALSERVICEPROVIDERNAME	LEGALFEES	PROMOTERSSERVICEPROVIDERNAME	PROMOTERSFEES	BLUESKYSERVICEPROVIDERNAME	BLUESKYFEES	BROKERDEALERCRDNUMBER	ESTIMATEDNETAMOUNT	CLARIFICATIONRESPONSES
0001477932-18-003280	Tier2	Audited	Y	N	N	Y	N	N	1739132	2500000	4.0	10000009.0	0.0	0.0	0.0	10000009.0		0.0		0.0		0.0	Baker Tilly	15000.0	Trowbridge Sidoti	50000.0		0.0		0.0		10000009.0	
0001144204-18-036587	Tier2	Audited	Y	Y	N	Y	N	N	711610	0	10.0	711610.0	0.0	28021750.0	5875210.0	34608570.0									Smith Anderson; Robbins Ross	4500.0							
0001144204-18-036457	Tier2	Audited	Y	N	N	Y	N	N	1000000	7329881	10.0	10000000.0	0.0	0.0	0.0	10000000.0							ddmckennon	22000.0	CrowdCheck Law	30000.0						9600000.0	There will be two class of securities sold.  The information included is for the common shares.
0001477932-18-003225	Tier2	Audited	Y	N	Y	Y	N	N	1400000000	3092676667	0.005	5000000.0	2000000.0	0.0	0.0	7000000.0		0.0		0.0		0.0		0.0	Nathaniel Reinking	2500.0		0.0		0.0		6897500.0	
0001052918-18-000251	Tier2	Audited	Y	N	N	Y	Y	N	2604166	0	3.84	10000000.0	0.0	0.0	0.0	10000000.0	SI Securities LLC	960000.0					DeCoria, Maichel & Teague, P.S.	30000.0	Lee & Hayes, PLLC	50000.0			CrowdCheck, Inc.	16000.0	170937	8944000.0	
0001144204-18-035945	Tier2	Audited	Y	N	N	Y	N	N	50000000	5000	1.0	50000000.0	0.0	0.0	0.0	50000000.0							dbbmckennon	11000.0	CrowdCheck Law LLP (f/k/a KHLK LLP)	85000.0						49904000.0	
0001264931-18-000079	Tier1	Unaudited	Y	N	N	Y	N	N	27200000	35502516	0.15	3750000.0	330000.0	0.0	0.0	4080000.0	N/A	0.0	N/A	0.0	N/A	0.0	N/A	0.0	N/A	0.0	N/A	0.0	N/A	0.0			
0001052918-18-000243	Tier2	Audited	Y	N	N	Y	Y	N	2604166	0	3.84	10000000.0	0.0	0.0	0.0	10000000.0	SI Securities LLC	960000.0					DeCoria, Maichel & Teague, P.S.	30000.0	Lee & Hayes, PLLC	50000.0			CrowdCheck, Inc.	16000.0	170937	8944000.0	
0001558891-18-000052	Tier1	Unaudited	Y	N	N	Y	N	N	2000000000	45000572	0.005	10000000.0	0.0	0.0	0.0	10000000.0	N/A	0.0	N/A	0.0	N/A	0.0	N/A	0.0	Magri Law	15000.0			Margi Law	1000.0		9985000.0	
0001144204-18-035686	Tier2	Audited	Y	Y	N	Y	N	N	3481140	0	10.0	3481140.0	0.0	26098650.0	2413580.0	31993370.0									Smith Anderson; Robbins Ross	4500.0							
0001144204-18-035670	Tier2	Audited	Y	Y	N	Y	N	N	2553030	0	10.0	2553030.0	0.0	25855530.0	2656700.0	31065260.0									Smith Anderson; Robbins Ross	4500.0							
0001213900-18-008187	Tier2	Audited	Y	N	N	Y	N	N	4545454	20717496	11.0	50000000.0	0.0	0.0	0.0	50000000.0	NMS Capital Advisors, LLC	3500000.0	7 perc. of all shares sold and 3 perc. of processed orders	3500000.0			RBSM, LLP	50000.0	CKR Law, LLP	150000.0							As Selling Agent, NMS may engage sub-agents. NMS is not obligated to sell any shares, but merely to process orders received from investors. The $3,500,000 amount listed above assumes NMS and all sub-agents sell 100% of the offering to its clients.
0001144204-18-035431	Tier2	Audited	Y	Y	N	Y	Y	N	5000000	100	10.0	50000000.0	0.0	0.0	0.0	50000000.0							RSM US LLP	0.0	Goodwin Procter LLP	0.0						0.0	If broker or dealer used, it will not be an expense of the issuer.
0001213900-18-008083	Tier2	Audited	Y	N	N	Y	Y	N	3399433	0	3.5300000000000002	12000000.0	0.0	0.0	0.0	12000000.0	SI Securities, LLC	900000.0					dbbmckennon	56000.0	Bevilacqua PLLC	65000.0					170937	10937000.0	
0001144204-18-035415	Tier2	Audited	Y	Y	N	Y	N	N	3433440	0	10.0	3433440.0	0.0	26945420.0	2806490.0	33185350.0									Smith Anderson; Robbins Ross	4500.0							
0001144204-18-035345	Tier1	Unaudited	N	N	N	Y	N	N	500000000	485317243	0.01	5000000.0	0.0	0.0	0.0	5000000.0									Waller Lansden Dortch & Davis	30000.0			TBD	20000.0			
0001688804-18-000012	Tier2	Audited	Y	Y	N	Y	Y	N	2000	0	82.5	165000.0	0.0	0.0	0.0	165000.0							EisnerAmper LLP	0.0	Nixon Peabody LLP	0.0	Cuttone & Company, LLC	470.0			33038	164530.0	
0001477932-18-003173	Tier2	Audited	Y	N	N	Y	N	N	1739132	2500000	4.0	10000009.0	0.0	0.0	0.0	10000009.0		0.0		0.0		0.0	Baker Tilly	15000.0	Trowbridge Sidoti	50000.0		0.0		0.0		10000009.0	
0001213900-18-008031	Tier2	Audited	Y	N	N	Y	Y	N	10000000	0	5.0	50000000.0	0.0	0.0	0.0	50000000.0	Sageworks Capital, LLC	528000.0	Worldpay Group Plc	1800000.0			dbbmckennon	10000.0	CrowdCheck Law LLP/McCormick & O'Brien	63786.0	Various	761800.0	Various	20000.0	162182	46816414.0	"Fee listed for ""Sales Commissions"" represents payment processing fees.  Fee listed for ""Promoters"" represents advertising and other expenses of the offering."
0001144204-18-035206	Tier2	Audited	Y	N	N	Y	Y	N	2000000	0	5.0	10000000.0	0.0	0.0	0.0	10000000.0							dbbmckennon	37500.0	Alliance Legal Partners, Inc.	62500.0			CrowdCheck, Inc.	10000.0		9654542.0	
0001104659-18-041562	Tier2	Audited	Y	Y	N	Y	N	N	5000000	3503456	10.0	50000000.0	0.0	0.0	0.0	50000000.0			North Capital Private Securities Corp. and Mogul Securities, LLC	500000.0			CohnReznick, LLP	10000.0	Morris, Manning & Martin, LLP	250000.0	Realty Mogul Sponsor, LLC and Realty Mogul, Co.	0.0			154559	48500000.0	Sales commissions will not be paid by the issuer. As such, the sales commissions do not reduce net proceeds to the issuer.
0001052918-18-000233	Tier2	Audited	Y	N	N	Y	Y	N	2604166	0	3.84	10000000.0	0.0	0.0	0.0	10000000.0	SI Securities LLC	750000.0					DeCoria, Maichel & Teague, P.S.	30000.0	Lee & Hayes, PLLC	50000.0			CrowdCheck, Inc.	16000.0	170937	9154000.0	
0001213900-18-007955	Tier2	Audited	Y	N	N	Y	N	N	5000000	16912957	0.2	1000000.0	0.0	0.0	0.0	1000000.0							M&K CPAS, PLLC	12500.0	BEVILACQUA PLLC	63000.0						910000.0	
0001477932-18-003108	Tier2	Audited	Y	N	N	Y	N	N	10000000	0	10.0	50000000.0	0.0	0.0	0.0	50000000.0		0.0		0.0		0.0	Spiegel Accountancy	2500.0	Trowbridge Sidoti	50000.0		0.0		0.0		49500000.0	
0001683168-18-001713	Tier2	Audited	Y	N	N	Y	N	N	2875000	10536004	6.0	17250000.0	0.0	0.0	0.0	17250000.0	Boustead Securities, LLC	1207500.0					GBH CPAs PC	17000.0	Schiff Hardin LLP	170000.0						15667500.0	
0001493152-18-008771	Tier1	Unaudited	Y	N	Y	Y	N	N	80000000	186248501	0.05	4000000.0	0.0	0.0	0.0	4000000.0									John E. Lux, Esq.	25000.0			New York State Regulatory Filing Fees	2500.0			
0001213900-18-007713	Tier2	Audited	Y	N	N	Y	N	N	4545454	20717496	11.0	50000000.0	0.0	0.0	0.0	50000000.0	NMS Capital Advisors, LLC	3500000.0	7 perc. of all shares sold and 3 perc. of processed orders	3500000.0			RBSM, LLP	50000.0	CKR Law, LLP	150000.0							As Selling Agent, NMS may engage sub-agents. NMS is not obligated to sell any shares, but merely to process orders received from investors. The $3,500,000 amount listed above assumes NMS and all sub-agents sell 100% of the offering to its clients.
0001214659-18-004477	Tier2	Audited	Y	Y	N	Y	N	N	3500000	0	10.0	35000000.0	0.0	0.0	0.0	35000000.0							Artesian CPA, LLC	3500.0	Flaster/Greenberg P.C.	70000.0	Various Marketing Firms	221500.0	Flaster/Greenberg P.C.	5000.0			
0001144204-18-034330	Tier2	Audited	Y	Y	N	Y	N	N	3481140	0	10.0	3481140.0	0.0	26098650.0	2413580.0	31993370.0									Smith Anderson; Robbins Ross	4500.0							
0001628279-18-000093	Tier2	Audited	Y	N	N	Y	N	N	3000000	1820556	5.0	15000000.0	0.0	0.0	0.0	15000000.0	Boustead Securities, LLC	1200000.0			N/A	0.0	GBH CPAs, PC	35000.0	Schiff Hardin	90000.0						13675000.0	Underwriter fees include reimbursement for certain diligence, travel and legal expenses.
0001193125-18-193112	Tier2	Audited	Y	Y	N	Y	N	N	166666667	0	0.3	50000000.0	0.0	0.0	0.0	50000000.0							Clark Schaefer Hackett & Co.	100000.0	Keating Muething & Klekamp PLL	225000.0			Keating Muething & Klekamp PLL	25000.0		15966667.0	"See ""Use of Proceeds"" in Form 1-A Offering Circular"
0001213900-18-007647	Tier2	Audited	Y	N	N	Y	N	N	3000000	4872654	2.0	2.0	0.0	0.0	0.0	2.0							Daszkal Bolton LLP	25000.0	Reed Smith LLP	150000.0						5800000.0	
0001477932-18-003041	Tier2	Audited	Y	N	N	Y	N	N	25000000	95060491	0.6	13567910.0	0.0	564474.0	0.0	14132384.0		0.0		0.0		0.0	MJF & Associates APC	25000.0	Richardson & Associates	55000.0		0.0	MLS Blue Sky	30000.0		11241648.0	Does not include $1,257,675 reserved for potential sales commissions and underwriting fees that may be incurred by the Company if it enters into a selling agreement with a registered broker-dealer, of which there is no assurance.
0001096906-18-000335	Tier1	Unaudited	Y	N	Y	Y	N	N	5000000000		0.001	5000000.0	0.0	0.0	0.0	5000000.0		0.0		0.0		0.0		0.0	John E. Lux, Esq.:	17000.0	Minivest:	50000.0	Blue Sky Compliance	2500.0			
0001683168-18-001688	Tier2	Audited	Y	N	N	Y	N	N	12500000	24525000	2.0	25000000.0	0.0	0.0	0.0	25000000.0	None	0.0	None	0.0	None	0.0	Thayer O'Neal Company, LLC	7500.0	The Syme Law Firm	5000.0	None	0.0	None	0.0	0	22500000.0	
0001654954-18-006629	Tier2	Audited	Y	N	N	Y	Y	N	13900000	0	1.0	13900000.0	0.0	0.0	0.0	13900000.0							Tanner LLC	16000.0	Kaplan, Voekler Cunningham & Frank, PLC	95000.0			KVCF and State Regulators	37500.0	133760		
0001213900-18-007608	Tier2	Audited	Y	N	N	Y	N	N	3000000	4872654	2.0	2.0	0.0	0.0	0.0	2.0							Daszkal Bolton LLP	25000.0	Reed Smith LLP	150000.0						5800000.0	
0000825350-18-000002	Tier1	Audited	N	N	N	Y	N	N	3345	9933	5825.0	19995450.0	0.0	0.0	0.0	19995450.0									Gerrish Smith Tuck	250000.0			Gerrish Smith Tuck	50000.0		19695450.0	"In the offering the company will offer 3,132 shares at $6,000 per share and will offer 213 shares to the Security State Bancshares, Inc. Employee Stock Ownership Plan (""ESOP"")at $5,650.  The average of these two prices is $5,825."
0001062993-18-002585	Tier1	Unaudited	Y	N	Y	Y	N	Y	30000000	200000000	0.3	6000000.0	3000000.0	0.0	0.0	9000000.0																9000000.0	
0001549212-18-000019	Tier1	Unaudited	Y	N	N	Y	N	N	500000000	392062103	0.001	0.0	0.0	0.0	0.0	0.0													NEW YORK	0.0		500000.0	
0001477932-18-002987	Tier1	Unaudited	N	N	N	Y	N	N	8000000	0		0.0	0.0	0.0	0.0	0.0		0.0		0.0		0.0		0.0		0.0		0.0		0.0		0.0	
0001654954-18-006510	Tier2	Audited	Y	N	N	Y	Y	N	13900000	0	1.0	13900000.0	0.0	0.0	0.0	13900000.0							Tanner LLC	16000.0	Kaplan, Voekler Cunningham & Frank, PLC	95000.0			KVCF and State Regulators	37500.0	133760		
0001213900-18-007523	Tier2	Audited	Y	N	N	Y	N	N	4545454	20717496	11.0	50000000.0	0.0	0.0	0.0	50000000.0	NMS Capital Advisors, LLC	3500000.0	7 perc. of all shares sold and 3 perc. of processed orders	3500000.0			RBSM, LLP	50000.0	CKR Law, LLP	150000.0							As Selling Agent, NMS may engage sub-agents. NMS is not obligated to sell any shares, but merely to process orders received from investors.  The $3,500,000 amount listed above assumes NMS and all sub-agents sell 100% of the offering to its clients.
0001213900-18-007509	Tier2	Audited	Y	N	N	Y	N	N	3000000	4872654	2.0	2.0	0.0	0.0	0.0	2.0							Daszkal Bolton LLP	25000.0	Reed Smith LLP	150000.0						5800000.0	
0001144204-18-033640	Tier2	Audited	Y	Y	N	Y	N	N	2553030	0	10.0	2553030.0	0.0	25855530.0	2656700.0	31065260.0									Smith Anderson; Robbins Ross	4500.0							
0001437749-18-011523	Tier2	Audited	N	N	N	Y	N	N	8333333	43334000	6.0	49999998.0	0.0	0.0	0.0	49999998.0			WEST PARK CAPITAL, INC.	2750000.0							VC Media Partners, LLC	3000000.0				44249998.0	Assuming sale of maximum shares
0001144204-18-033598	Tier2	Audited	Y	Y	N	Y	Y	N	100000000	107282913	0.09	0.0	0.0	0.0	0.0	0.0																	
0001010549-18-000216	Tier1	Unaudited	Y	N	Y	Y	N	N	250000000		0.025	6250000.0	0.0	0.0	0.0	6250000.0									John E. Lux, Esq.	25000.0			John E. Lux, Esq.	2500.0		6250000.0	
0001683168-18-001624	Tier1	Unaudited	Y	N	Y	Y	N	N	5000000000	3053024472	0.001	5000000.0	0.0	0.0	0.0	5000000.0									John E. Lux, Esq.	25000.0			Various	2500.0		4650000.0	
0001683168-18-001620	Tier1	Unaudited	Y	N	Y	Y	N	N	5000000000	3053024472	0.001	5000000.0	0.0	0.0	0.0	5000000.0									John E. Lux, Esq.	25000.0			Various	2500.0		4650000.0	
0001214659-18-004351	Tier2	Audited	Y	Y	N	Y	N	N	3500000	0	10.0	35000000.0	0.0	0.0	0.0	35000000.0							Artesian CPA, LLC	3500.0	Flaster/Greenberg P.C.	70000.0	Various Marketing Firms	221500.0	Flaster/Greenberg P.C.	5000.0			
0001493152-18-008359	Tier2	Audited	Y	N	N	Y	N	N	8263899	27297960	1.0	13000000.0	7055596.0	0.0	0.0	20055596.0	None	0.0	Various broker-dealers	455000.0	None	0.0	KBL, LLP	5000.0	Hateley & Hampton	45000.0	None	0.0			000000000	12943000.0	None
0001445866-18-000631	Tier2	Audited	Y	Y	N	Y	Y	N	5000000		10.0	50000000.0	0.0	0.0	0.0	50000000.0			North Capital Private Securities Corp.	4500000.0			dbbmckennon	15000.0	Carman Lehnhof Israelsen, Durham Jones & Pinnegar	75000.0					154559	45410000.0	
0001144204-18-033229	Tier2	Audited	Y	Y	N	Y	Y	N	100000000	107282913	0.15	15000000.0	0.0	0.0	0.0	15000000.0							Wipfli, LLP	2500.0	CrowdCheck Law LLP (fka KHLK LLP)	15000.0			Various	17500.0		14850000.0	Escrow processing and other fees estimated to be $135,000
0000950123-18-006161	Tier2	Audited	Y	Y	N	Y	N	N	166666667	0	0.3	50000000.0	0.0	0.0	0.0	50000000.0							Clark Schaefer Hackett & Co.	100000.0	Keating Muething & Klekamp PLL	225000.0			Keating Muething & Klekamp PLL	25000.0		15966667.0	"See ""Use of Proceeds"" in Form 1-A Offering Circular."
0001654954-18-006363	Tier2	Audited	Y	Y	N	Y	N	N	50000	0	1000.0	50000000.0	0.0	0.0	0.0	50000000.0	Crescent Securities Group, Inc.	600000.0	Crescent Securities Group, Inc.	4375000.0			UHY LLP	10000.0	KVCF PLC	100000.0			KVCF PLC	75000.0	114993	44839000.0	
0001078782-18-000615	Tier2	Audited	Y	N	Y	Y	Y	Y	10475000	11475000	1.5	15000000.0	712500.0	0.0	0.0	15712500.0	Growth Fountain	10000.0					M&K CPAS, PLLC	18000.0	Morgan E. Petitti	3500.0						14625000.0	Growth Fountain will charge a fee equal to 7% of amounts collected plus expenses of $10,000
0001683168-18-001592	Tier2	Audited	Y	N	Y	Y	N	N	527500000	68400000	0.01	5000000.0	275000.0	27500.0	0.0	5302500.0							Salberg & Company, P.A.	6500.0	John E. Lux, Esq.	25000.0			Various	2500.0			
0001144204-18-032746	Tier2	Audited	Y	Y	N	Y	N	N	1239680	0	10.0	1239680.0	0.0	26986620.0	3458610.0	31684910.0									Smith Anderson; Robbins Ross	4500.0							
0001052918-18-000212	Tier2	Audited	Y	N	N	Y	Y	N	2604166	0	3.84	10000000.0	0.0	0.0	0.0	10000000.0	SI Securities LLC	750000.0					DeCoria, Maichel & Teague, P.S.	30000.0	Lee & Hayes, PLLC	50000.0			CrowdCheck, Inc.	16000.0	170937	9154000.0	
0001477932-18-002887	Tier2	Audited	Y	N	N	Y	N	N	1739132	2500000	4.0	10000009.0	0.0	0.0	0.0	10000009.0		0.0		0.0		0.0	Baker Tilly	15000.0	Trowbridge Sidoti	50000.0		0.0		0.0		10000009.0	
0001395005-18-000018	Tier1	Unaudited	Y	N	Y	Y	N	N	4000000000	12400263104	0.005	0.0	0.0	0.0	0.0	0.0									John E. Lux, Esq.	7500.0						19987500.0	
0001144204-18-032592	Tier2	Audited	Y	Y	N	Y	N	N	1239680	0	10.0	1239680.0	0.0	26986620.0	3458610.0	31684910.0									Smith Anderson; Robbins Ross	4500.0							
0001144204-18-032518	Tier2	Audited	Y	Y	N	Y	N	N	1511393	7269677	10.0	15113931.0	0.0	34886069.0	0.0	50000000.0							RSM US LLP (formerly McGladrey, LLP)	0.0	Goodwin Procter LLP	40000.0						15113931.0	Minus expenses.
0001144204-18-032445	Tier2	Audited	Y	Y	N	Y	N	N	5000000	500	10.0	50000000.0	0.0	0.0	0.0	50000000.0							RSM US LLP	15000.0	Goodwin Procter LLP	312500.0	Rise Companies Corp	0.0				49500000.0	
0001144204-18-032441	Tier2	Audited	Y	Y	N	Y	N	N	5000000	500	10.0	50000000.0	0.0	0.0	0.0	50000000.0							RSM US LLP	15000.0	Goodwin Procter LLP	312500.0	Rise Companies Corp	0.0				49500000.0	
0001144204-18-032216	Tier2	Audited	Y	Y	N	Y	Y	N	100000000	107282913	0.15	15000000.0	0.0	0.0	0.0	15000000.0							Wipfli, LLP	2500.0	CrowdCheck Law LLP (fka KHLK LLP)	15000.0			Various	17500.0		14850000.0	Escrow processing and other fees estimated to be $135,000
0001214659-18-004201	Tier2	Audited	Y	Y	N	Y	N	N	3500000	0	10.0	35000000.0	0.0	0.0	0.0	35000000.0							Artesian CPA, LLC	3500.0	Flaster/Greenberg P.C.	70000.0	Various Marketing Firms	221500.0	Flaster/Greenberg P.C.	5000.0			
0001724115-18-000006	Tier2	Audited	N	N	N	Y	N	N	8750000	32500000	4.0	35000000.0	0.0	0.0	0.0	35000000.0																	
0001722266-18-000004	Tier2	Audited	Y	N	N	Y	Y	N	5000000	0	10.0	50000000.0	0.0	0.0	0.0	50000000.0		0.0		0.0		0.0	CohnReznick, LLP	15000.0	Riveles Wahab, LLP	25000.0	various	50000.0		0.0			Fees are estimated. Have not settled on advertiser/promoter service providers yet.
0001493152-18-008061	Tier2	Audited	Y	N	N	Y	N	N	5000000	10000000	1.0	5000000.0	0.0	0.0	0.0	5000000.0							Friedman LLP	14000.0	Bevilacqua PLLC	20000.0			Bevilacqua PLLC	2500.0		4967500.0	Up to $500,000 may be paid in commissions if the maximum amount is sold and a registered broker-dealer is engaged as a placement agent. The Issuer will amend this Form 1-A to reflect the engagement of, and the fees payable to, any such broker-dealer.
0001193125-18-180233	Tier1	Audited	Y	Y	N	Y	N	N	20000000	0	50000.0	20000000.0	0.0	0.0	0.0	20000000.0									Barley Snyder	50000.0			Barley Snyder	5500.0		19944500.0	
0001144204-18-031784	Tier2	Audited	Y	Y	N	Y	N	N	5000000	500	10.0	50000000.0	0.0	0.0	0.0	50000000.0							RSM US LLP	15000.0	Goodwin Procter LLP	312500.0	Rise Companies Corp	0.0				49500000.0	
0001144204-18-031788	Tier2	Audited	Y	Y	N	Y	N	N	5000000	500	10.0	50000000.0	0.0	0.0	0.0	50000000.0							RSM US LLP	15000.0	Goodwin Procter LLP	312500.0	Rise Companies Corp	0.0				49500000.0	
0001683168-18-001561	Tier2	Audited	Y	N	N	Y	N	N	12500000	24525000	2.0	25000000.0	0.0	0.0	0.0	25000000.0	None	0.0	None	0.0	None	0.0	Thayer O'Neal Company, LLC	7500.0	The Syme Law Firm	5000.0	None	0.0	None	0.0	0	22500000.0	
0001144204-18-031563	Tier2	Audited	Y	Y	N	Y	N	N	2072610	0	10.0	2072610.0	0.0	25903250.0	1386000.0	29361860.0									Smith Anderson; Robbins Ross	4500.0							
0001646269-18-000012	Tier2	Audited	Y	N	N	Y	Y	N	800000	6464242	50.0	40000000.0	0.0	0.0	0.0	40000000.0			Keystone Capital Corporation	2525000.0			Ernst Young	25000.0	Kendall A. Almerico P.A.	50000.0					10722	37475000.0	
0001683168-18-001547	Tier1	Unaudited	Y	N	Y	Y	N	N	4000000000	450874858	0.005	20000000.0	0.0	0.0	0.0	20000000.0									John E. Lux, Esq.	25000.0			Various States	2500.0		18000000.0	
0001703732-18-000008	Tier2	Audited	Y	N	N	Y	N	N	8333333	10328788	3.0	25000000.0	0.0	0.0	0.0	25000000.0			Jumpstart Securities LLC	1250000.0					DiMuroGinsberg PC	75000.0					156214	23450000.0	Estimated net proceeds include deduction of additional $225,000 of offering related expenses not itemized above
0001652577-18-000002	Tier1	Unaudited	N	N	Y	Y	N	N	20000000	23259893	1.0	20000000.0	0.0	0.0	0.0	20000000.0																	
0001615774-18-004406	Tier2	Audited	Y	N	N	Y	Y	N	1666666	7281250	6.0	10000000.0	0.0	0.0	0.0	10000000.0			Network 1 Financial Securities, Inc.	1300000.0									0	0.0	13577	8700000.0	
0001144204-18-031033	Tier2	Audited	N	N	N	Y	N	N	9000	0	100.0	900000.0	0.0	0.0	0.0	900000.0							Franz CPAs, Inc.	6000.0	Graydon Head & Ritchie LLP	25000.0						869000.0	
0001663577-18-000254	Tier1	Unaudited	Y	N	Y	Y	N	N	7250000	102000103	2.75	13956250.0	5981250.0	0.0	0.0	19937500.0	N/A	0.0	N/A	0.0	N/A	0.0	N/A	5000.0	The Doney Law Firm	10000.0	N/A	0.0	The Doney Law Firm	20000.0		13921250.0	
0001144204-18-030943	Tier2	Audited	Y	Y	N	Y	N	N	2072610	0	10.0	2072610.0	0.0	25903250.0	1386000.0	29361860.0									Smith Anderson; Robbins Ross	4500.0							
0001580695-18-000282	Tier2	Audited	Y	N	N	Y	N	N	3571428	12511433	7.0	24999996.0	0.0	0.0	0.0	24999996.0			Sageworks Capital, LLC	250000.0			LBB and Associates Ltd., LLP	15000.0	Schiff Hardin, LLP	75000.0							
0001654954-18-005888	Tier2	Audited	Y	N	N	Y	Y	N	13900000	0	1.0	13000000.0	0.0	0.0	0.0	13000000.0							Tanner LLC	16000.0	Kaplan, Voekler Cunningham & Frank, PLC	95000.0			KVCF and State Regulators	37500.0	133760		
0001477932-18-002741	Tier2	Audited	N	N	N	Y	N	N	1250000	2000000	12.0	0.0	0.0	0.0	0.0	0.0	Alexander Capital, LLC	0.0	2 percent - 8 percent of Offering Price	0.0		0.0	Ankit Consulting Services	4250.0	Securities Counselors, Inc.	25000.0		0.0		0.0		14600000.0	
0001395005-18-000015	Tier1	Unaudited	Y	N	Y	Y	N	N	2000000000	12400263104	0.01	0.0	0.0	0.0	0.0	0.0									John E. Lux, Esq.	7500.0						19987500.0	
0001477932-18-002730	Tier2	Audited	Y	N	Y	Y	N	N	1400000000	3092676667	0.005	5000000.0	2000000.0	0.0	0.0	7000000.0		0.0		0.0		0.0		0.0	Nathaniel Reinking	2500.0		0.0		0.0		6897500.0	
0001144204-18-030626	Tier2	Audited	Y	Y	N	Y	Y	N	100000000	107282913	0.15	15000000.0	0.0	0.0	0.0	15000000.0							Wipfli, LLP	2500.0	CrowdCheck Law LLP (fka KHLK LLP)	15000.0			Various	17500.0		14850000.0	Escrow processing and other fees estimated to be $135,000
0001553350-18-000610	Tier2	Audited	Y	Y	N	Y	N	N	5000000	145819	10.0	50000000.0	0.0	0.0	0.0	50000000.0							Salberg & Company, P.A./D'Arelli Pruzansky, P.A.	12000.0	Pearlman Law Group LLP	30000.0			Internal out-of-pocket expenses	10000.0		49950000.0	
0001549212-18-000017	Tier1	Unaudited	Y	N	N	Y	N	N	500000000	392062103	0.001	0.0	0.0	0.0	0.0	0.0													NEW YORK	0.0		500000.0	
0001477932-18-002630	Tier2	Audited	Y	N	N	Y	N	N	10000000	0	10.0	50000000.0	0.0	0.0	0.0	50000000.0		0.0		0.0		0.0	Spiegel Accountancy	2500.0	Trowbridge Sidoti	50000.0		0.0		0.0		49500000.0	
0001477932-18-002597	Tier2	Audited	N	N	N	Y	N	N	1250000	2000000	12.0	0.0	0.0	0.0	0.0	0.0	Alexander Capital, LLC	0.0	2 percent - 8 percent of Offering Price	0.0		0.0	Ankit Consulting Services	4250.0	Securities Counselors, Inc.	25000.0		0.0		0.0		14600000.0	
0001214659-18-003830	Tier2	Audited	Y	Y	N	Y	N	N	3500000	0	10.0	35000000.0	0.0	0.0	0.0	35000000.0							Artesian CPA, LLC	3500.0	Flaster/Greenberg P.C.	70000.0	Various Marketing Firms	221500.0	Flaster/Greenberg P.C.	5000.0			
0001654954-18-005541	Tier2	Audited	Y	N	N	Y	Y	N	13900000	0	0.9400000000000001	13000000.0	0.0	0.0	0.0	13000000.0							Tanner LLC	16000.0	Kaplan, Voekler Cunningham & Frank, PLC	95000.0			KVCF and State Regulators	37500.0	133760		
0001144204-18-029271	Tier2	Audited	Y	Y	N	Y	N	N	2428060	6343829	10.71	26004527.0	0.0	23995473.0	0.0	50000000.0									Goodwin Procter LLP	40000.0						25964527.0	Minus expenses.
0001683168-18-001431	Tier1	Unaudited	Y	N	Y	Y	N	N	4000000000	450874858	0.005	20000000.0	0.0	0.0	0.0	20000000.0									John E. Lux, Esq.	25000.0			Various States	2500.0		18000000.0	
0001477932-18-002549	Tier2	Audited	Y	N	N	Y	N	N	25000000	95060491	0.6	13567910.0	0.0	564474.0	0.0	14132384.0		0.0		0.0		0.0	MJF & Associates APC	25000.0	Richardson & Associates	55000.0		0.0	MLS Blue Sky	30000.0		11241648.0	Does not include $1,257,675 reserved for potential sales commissions and underwriting fees that may be incurred by the Company if it enters into a selling agreement with a registered broker-dealer, of which there is no assurance.
0001144204-18-028941	Tier2	Audited	N	N	N	Y	N	N	9000	0	100.0	900000.0	0.0	0.0	0.0	900000.0							Franz CPAs, Inc.	6000.0	Graydon Head & Ritchie LLP	25000.0						869000.0	
0001213900-18-006287	Tier2	Audited	Y	N	N	Y	N	N	5000000		3.0	15000000.0	0.0	0.0	0.0	15000000.0	N/A	0.0	None Yet	1800000.0	N/A	0.0	Soles, Heyn & Company, LLP	17000.0	James Byrd, PA	15000.0	N/A	0.0	N/A	0.0	0	13168000.0	We have not engaged any brokers or placement agents as of  April 15, 2018, however, we anticipate appointing one or more placement agents or broker dealers to sell this offering.
0001104659-18-033370	Tier2	Audited	Y	Y	N	Y	N	N	5000000	3503456	10.0	50000000.0	0.0	0.0	0.0	50000000.0			North Capital Private Securities Corp. and Mogul Securities, LLC	500000.0			CohnReznick, LLP	10000.0	Morris, Manning & Martin, LLP	250000.0	Realty Mogul Sponsor, LLC and Realty Mogul, Co.	0.0			154559	48500000.0	Sales commissions will not be paid by the issuer. As such, the sales commissions do not reduce net proceeds to the issuer.
0001683168-18-001358	Tier2	Audited	Y	N	N	Y	N	N	12500000	24525000	2.0	25000000.0	0.0	0.0	0.0	25000000.0	None	0.0	None	0.0	None	0.0	Thayer O'Neal Company, LLC	7500.0	The Syme Law Firm	5000.0	None	0.0	None	0.0	0	22500000.0	
0001144204-18-028594	Tier2	Audited	Y	Y	N	Y	N	N	1291680	0	10.0	1291680.0	0.0	27270760.0	1445290.0	30007730.0									Smith Anderson; Robbins Ross	4500.0							
0001144204-18-027624	Tier2	Audited	Y	N	N	Y	N	N	50000000	5000	1.0	50000000.0	0.0	0.0	0.0	50000000.0							dbbmckennon	11000.0	CrowdCheck Law LLP (f/k/a KHLK LLP)	85000.0						49904000.0	
0001096906-18-000232	Tier1	Unaudited	Y	N	Y	Y	N	N	5000000000	3386426488	0.001	5000000.0	0.0	0.0	0.0	5000000.0		0.0		0.0		0.0		0.0	John E. Lux, Esq.:	17000.0	Minivest:	50000.0	Blue Sky Compliance	2500.0			
0001688804-18-000009	Tier2	Audited	Y	Y	N	Y	Y	N	2000	0	59.25	118500.0	0.0	0.0	0.0	118500.0							EisnerAmper LLP	0.0	Nixon Peabody LLP	0.0	Cuttone & Company, LLC	871.0			33038	117629.0	
0001019056-18-000645	Tier2	Audited	Y	N	N	Y	N	N	50000000	0	1.0	50000000.0	0.0	0.0	0.0	50000000.0	49800000	0.0					Fruci & Associates II, PLLC	8000.0	Gusrae Kaplan Nusbaum PLLC	150000.0						49500000.0	Estimated expenses of $500,000. Offering will be conducted by issuer's officers & directors. Issuer reserves the right to engage placement agents &  to pay them commissions equal to 8% of proceeds & issue them warrants to acquire 10% of Warrants sold.
0001144204-18-027206	Tier2	Audited	Y	Y	N	Y	N	N	3264547	972793	10.0	32645470.0	0.0	17354530.0	0.0	50000000.0									Goodwin Procter LLP	40000.0						32605470.0	
0001144204-18-027191	Tier2	Audited	Y	Y	N	Y	N	N	3870197	881896	10.0	38701974.0	0.0	11298026.0	0.0	50000000.0									Goodwin Procter LLP	40000.0						38661974.0	
0001144204-18-027040	Tier2	Audited	Y	Y	N	Y	Y	N	100000000	107282913	0.15	15000000.0	0.0	0.0	0.0	15000000.0							Wipfli, LLP	2500.0	CrowdCheck Law LLP (fka KHLK LLP)	15000.0			Various	17500.0		14850000.0	Escrow processing and other fees estimated to be $135,000
0001721868-18-000386	Tier1	Unaudited	Y	N	Y	Y	N	N	10000000000	4464288051	0.001	15000000.0	0.0	0.0	0.0	15000000.0									Eilers Law Group, PA	10000.0							
0001683168-18-001246	Tier1	Unaudited	Y	N	Y	Y	N	N	4000000000	450874858	0.005	20000000.0	0.0	0.0	0.0	20000000.0									John E. Lux, Esq.	25000.0			Various States	2500.0		18000000.0	
0001010549-18-000151	Tier1	Unaudited	Y	N	Y	Y	N	N	250000000		0.025	6250000.0	0.0	0.0	0.0	6250000.0									John E. Lux, Esq.	25000.0			John E. Lux, Esq.	2500.0		6250000.0	
0001264931-18-000047	Tier1	Unaudited	Y	N	N	Y	N	N	70000000	93818118	0.04	2600000.0	200000.0	0.0	0.0	2800000.0	None	0.0	None	0.0	None	0.0	None	0.0	WALLER LANDEN DORTCH & DAVIS LLP	15000.0	None	0.0	None	0.0			
0001213900-18-005700	Tier2	Audited	Y	N	N	Y	N	N	3000000	4872654	2.0	2.0	0.0	0.0	0.0	2.0							Daszkal Bolton LLP	25000.0	Reed Smith LLP	150000.0						5800000.0	
0001144204-18-026182	Tier2	Audited	Y	Y	N	Y	N	N	883330	0	10.0	883330.0	0.0	26387430.0	1476200.0	28746960.0									Smith Anderson; Robbins Ross	4500.0							
0001549212-18-000015	Tier1	Unaudited	Y	N	N	Y	N	N	500000000	392062103	0.001	0.0	0.0	0.0	0.0	0.0													NEW YORK	0.0		500000.0	
0001213900-18-005674	Tier2	Audited	Y	N	N	Y	N	N	3000000	4872654	2.0	2.0	0.0	0.0	0.0	2.0							Daszkal Bolton LLP	25000.0	Reed Smith LLP	150000.0						5800000.0	
0001663577-18-000214	Tier1	Unaudited	Y	N	Y	Y	N	N	7250000	102000103	2.75	13956250.0	5981250.0	0.0	0.0	19937500.0	N/A	0.0	N/A	0.0	N/A	0.0	N/A	5000.0	The Doney Law Firm	10000.0	N/A	0.0	The Doney Law Firm	20000.0		13921250.0	
0001144204-18-025962	Tier2	Audited	Y	Y	N	Y	Y	N	2012732	2882052	10.0	20127329.0	0.0	29872671.0	0.0	50000000.0							RSM US LLP	0.0	Goodwin Procter LLP	40000.0						20127329.0	Minus expenses.
0001144204-18-025956	Tier2	Audited	Y	Y	N	Y	N	N	1863114	2772158	10.0	18631148.0	0.0	31368852.0	0.0	50000000.0							RSM US LLP	0.0	Goodwin Procter LLP	40000.0							
0001144204-18-025949	Tier2	Audited	Y	Y	N	Y	Y	N	1990694	2768319	10.26	20424520.0	0.0	29575480.0	0.0	50000000.0							RSM US LLP	0.0	Goodwin Procter LLP	40000.0						20424520.0	Minus expenses.
0001144204-18-025946	Tier2	Audited	Y	Y	N	Y	N	N	1511393	7269677	10.0	15113931.0	0.0	34886069.0	0.0	50000000.0							RSM US LLP (formerly McGladrey, LLP)	0.0	Goodwin Procter LLP	40000.0						15113931.0	Minus expenses.
0001395005-18-000013	Tier1	Unaudited	Y	N	Y	Y	N	N	2000000000	12400263104	0.01	0.0	0.0	0.0	0.0	0.0									John E. Lux, Esq.	7500.0						19987500.0	
0001393905-18-000159	Tier1	Unaudited	N	N	N	Y	N	N	10000000		0.25	2500000.0	0.0	0.0	0.0	2500000.0																	
0001683168-18-001215	Tier1	Unaudited	Y	N	Y	Y	N	Y	2450625172	586350894	0.005	10000000.0	2253515.0	0.0	0.0	12253515.0									John E. Lux, Esq.	10000.0						9600000.0	
0001493152-18-006287	Tier1	Unaudited	Y	N	Y	Y	N	N	80000000	186248501	0.05	4000000.0	0.0	0.0	0.0	4000000.0									John E. Lux, Esq.	25000.0			New York State Regulatory Filing Fees	2500.0			
0001395005-18-000012	Tier1	Unaudited	Y	N	Y	Y	N	N	2000000000	12400263104	0.01	0.0	0.0	0.0	0.0	0.0									John E. Lux, Esq.	7500.0						19987500.0	
0001477932-18-002179	Tier2	Audited	Y	N	N	Y	N	N	10000000	0	4.2	42000000.0	0.0	0.0	0.0	42000000.0		0.0		0.0		0.0	IndigoSpire	2500.0	Trowbridge Sidoti	50000.0	Pete Asmus, Mark Scarola	0.0		0.0		42000000.0	
0001161697-18-000236	Tier2	Audited	Y	Y	N	Y	N	N	3208633	1791367	5.0	20000000.0	0.0	0.0	0.0	20000000.0	N/A	0.0	N/A	0.0	N/A	0.0	Malone Bailey, LLP	4000.0	Everett & Everett PLLC and Alston & Bird LLP (tax)	235000.0	N/A	0.0	N/A	0.0			
0001010549-18-000141	Tier1	Unaudited	Y	N	Y	Y	N	N	250000000		0.025	6250000.0	0.0	0.0	0.0	6250000.0									John E. Lux, Esq.	25000.0			John E. Lux, Esq.	2500.0		6250000.0	
0001264931-18-000039	Tier1	Unaudited	Y	N	Y	Y	N	N	115000000	544646475	0.01	1000000.0	150000.0	0.0	0.0	1150000.0	None	0.0	None	0.0	None	0.0	None	0.0	AUSTIN LEGAL GROUP	15000.0	None	0.0	TBD	3000.0			
0001683168-18-001132	Tier2	Audited	Y	N	Y	Y	N	N	527500000	68400000	0.01	5000000.0	275000.0	27500.0	0.0	5302500.0							Salberg & Company, P.A.	6500.0	John E. Lux, Esq.	25000.0			Various	2500.0			
0001683168-18-001130	Tier1	Unaudited	Y	N	Y	Y	N	N	4000000000	450874858	0.005	20000000.0	0.0	0.0	0.0	20000000.0									John E. Lux, Esq.	25000.0			Various States	2500.0		18000000.0	
0001144204-18-024356	Tier2	Audited	Y	Y	N	Y	N	N	1037260	0	10.0	1037260.0	0.0	25058120.0	2805510.0	28900890.0									Smith Anderson; Robbins Ross	4500.0							
0001477932-18-002127	Tier2	Audited	Y	N	N	Y	N	N	10000000	0	10.0	50000000.0	0.0	0.0	0.0	50000000.0		0.0		0.0		0.0	Spiegel Accountancy	2500.0	Trowbridge Sidoti	50000.0		0.0		0.0		49500000.0	
0001213900-18-005245	Tier2	Audited	Y	N	N	Y	N	N	5000000		3.0	15000000.0	0.0	0.0	0.0	15000000.0	N/A	0.0	None Yet	1800000.0	N/A	0.0	Soles, Heyn & Company, LLP	17000.0	James Byrd, PA	15000.0	N/A	0.0	N/A	0.0	0	13168000.0	We have not engaged any brokers or placement agents as of  April 15, 2018, however, we anticipate appointing one or more placement agents or broker dealers to sell this offering.
0001646269-18-000010	Tier2	Audited	Y	N	N	Y	Y	N	800000	6464242	50.0	40000000.0	0.0	0.0	0.0	40000000.0			Keystone Capital Corporation	2525000.0			Ernst Young	25000.0	Kendall A. Almerico P.A.	50000.0					10722	37475000.0	
0001052918-18-000139	Tier2	Audited	Y	N	N	Y	Y	N	2604166	0	3.84	10000000.0	0.0	0.0	0.0	10000000.0	SI Securities LLC	750000.0					DeCoria, Maichel & Teague P.S.	30000.0	Lee & Hayes, PLLC	50000.0					170937	9170000.0	
0001640334-18-000834	Tier2	Audited	N	Y	N	Y	N	N	5000000	18000000	3.2800000000000002	16400000.0	0.0	0.0	0.0	16400000.0		0.0		0.0		0.0	Metz & Associates, PLLC	25000.0	Booth Udall Fuller, PLC	20000.0		0.0	Booth Udall Fuller, PLC	7000.0		15700000.0	
0001477932-18-002081	Tier1	Unaudited	Y	N	N	Y	N	N	37038000	432259485	0.02	540000.0	126684.0	0.0	0.0	666684.0		0.0	(TBD)	0.0		0.0		0.0	Harold H. Martin	25000.0		0.0		0.0		540000.0	
0001724115-18-000005	Tier2	Audited	N	N	N	Y	N	N	8750000	32500000	4.0	35000000.0	0.0	0.0	0.0	35000000.0																	
0001213900-18-004983	Tier2	Audited	Y	Y	N	Y	Y	N	20000	1505	750.0	15000000.0	0.0	0.0	0.0	15000000.0							Cherry Bekaert LLP	40500.0	Smith, Anderson, Blount, Dorsett, Mitchell & Jernigan, L.L.P.	700000.0			Smith, Anderson, Blount, Dorsett, Mitchell & Jernigan, L.L.P.	2500.0		13957000.0	The estimated net proceeds to the issuer reflects estimated fees of $300,000 for custodial and platform services.
0001144204-18-022443	Tier2	Audited	N	N	Y	Y	N	N	2000000	3000000	5.0	10000000.0	0.0	0.0	0.0	10000000.0			Alexander Capital, L.P.	800000.0			Marcum LLP	50000.0	Waller Lansden Dortch & Davis, LLP	100000.0					40077	8855000.0	
0001654954-18-004341	Tier2	Audited	Y	N	N	Y	Y	N	13900000	0	0.9400000000000001	13000000.0	0.0	0.0	0.0	13000000.0	Cambria Capital, LLC	130000.0					Tanner LLC	16000.0	Kaplan, Voekler Cunningham & Frank, PLC	95000.0			KVCF and State Regulators	37500.0	133760		
0001144204-18-022269	Tier2	Audited	N	N	N	Y	N	N	9000	0	100.0	900000.0	0.0	0.0	0.0	900000.0							Franz CPAs, Inc.	6000.0	Graydon Head & Ritchie LLP	25000.0						869000.0	
0001144204-18-022149	Tier2	Audited	N	N	Y	Y	N	N	2000000	3000000	5.0	10000000.0	0.0	0.0	0.0	10000000.0			Alexander Capital, L.P.	800000.0			Marcum LLP	50000.0	Waller Lansden Dortch & Davis, LLP	100000.0					40077	8855000.0	
0001683168-18-001069	Tier2	Audited	Y	N	N	Y	Y	N	5000	0	1000.0	5000000.0	0.0	0.0	0.0	5000000.0			WealthForge	100000.0			dbbmckennon	5000.0	CrowdCheck Law LLP (f/k/a KHLK, LLP)	32000.0			Various States	12000.0	152550	4405000.0	Sales commissions estimate assumes all securities would be sold through the WealthForge sales network.
0001477932-18-001984	Tier2	Audited	Y	N	N	Y	N	N	15000000	25000000	0.01	150000.0	0.0	0.0	0.0	150000.0		0.0		0.0		0.0	Paritz & Company P.A.	4000.0	JMS Law Group, PLLC	10000.0		0.0		0.0		130000.0	
0001549212-18-000014	Tier1	Unaudited	Y	N	N	N	N	N	500000000	392062103	0.001	0.0	0.0	0.0	0.0	0.0													NEW YORK	0.0		500000.0	
0001144204-18-021495	Tier2	Audited	Y	Y	N	Y	N	N	1149600	0	10.0	1149600.0	0.0	23535510.0	3178520.0	27863630.0									Smith Anderson; Robbins Ross	4500.0							
0001214659-18-002906	Tier2	Audited	Y	N	N	Y	N	N	100000	0	500.0	50000000.0	0.0	0.0	0.0	50000000.0			Opening Night Capital, LLC	3500000.0											165034	46500000.0	Opening Night Capital, LLC is a licensed broker dealer but is not underwriting any of the Interests that are being sold. It will take a 7% commission on the Interests actually sold, but it receives no compensation if no Interests are sold.
0001144204-18-021019	Tier2	Audited	Y	Y	N	Y	N	N	692900	0	10.0	692900.0	0.0	23847920.0	2688900.0	27229720.0									Smith Anderson; Robbins Ross	4500.0							
0001144204-18-020759	Tier2	Audited	Y	Y	N	Y	Y	N	5000000	100	5.0	50000000.0	0.0	0.0	0.0	50000000.0	None	0.0	None	0.0	None	0.0	Squar Milner LLP	5000.0	Corporate Law Solutions, PC	90000.0	Rich Uncles LLC (sponsor)	1500000.0	Corporate Law Solutions, PC	10000.0		48395000.0	
0001703732-18-000005	Tier2	Audited	Y	N	N	Y	N	N	8333333	10328788	3.0	25000000.0	0.0	0.0	0.0	25000000.0			Jumpstart Securities LLC	1250000.0					DiMuroGinsberg PC	75000.0					156214	23450000.0	Estimated net proceeds include deduction of additional $225,000 of offering related expenses not itemized above
0001683168-18-000995	Tier1	Unaudited	Y	N	Y	Y	N	N	4000000000	450874858	0.005	20000000.0	0.0	0.0	0.0	20000000.0									John E. Lux, Esq.	25000.0			Various States	2500.0		18000000.0	
0001683168-18-000978	Tier1	Unaudited	Y	N	Y	Y	N	Y	2450625172	586350894	0.005	10000000.0	2253515.0	0.0	0.0	12253515.0									John E. Lux, Esq.	10000.0						9600000.0	
0001683168-18-000972	Tier2	Audited	Y	N	N	Y	N	N	12500000	24525000	2.0	25000000.0	0.0	0.0	0.0	25000000.0	None	0.0	None	0.0	None	0.0	Thayer O'Neal Company, LLC	7500.0	The Syme Law Firm	5000.0	None	0.0	None	0.0	0	22500000.0	
0001615774-18-002530	Tier2	Audited	Y	N	N	Y	Y	N	6250000	25770551	8.0	50000000.0	0.0	0.0	0.0	50000000.0																	
0001733932-18-000002	Tier1	Unaudited	N	N	N	Y	N	N	8000000			0.0	0.0	0.0	0.0	0.0																	
0001144204-18-019635	Tier2	Audited	Y	Y	N	Y	N	N	530000	1136406	10.0	5300000.0	0.0	0.0	0.0	5300000.0	N/A	0.0	N/A	0.0	N/A	0.0	Hughes Pittman & Gupton, LLP	2000.0	Manatt, Phelps & Phillips, LLP; Robbins Ross Alloy Belinfante Littlefield LLC	101000.0	N/A	0.0	Internal out-of-pocket expenses	10000.0		4887000.0	Reflects 500K shares offered for cash comp & 30K bonus shares for no cash comp, $5M for paid securities and $300K of implied value attrib. to bonus shares; & est. net proceeds include paid securities only. Issuer to provide blue sky comp.
0001144204-18-019564	Tier2	Audited	Y	Y	N	Y	N	N	692900	0	10.0	692900.0	0.0	23847920.0	2688900.0	27229720.0									Smith Anderson; Robbins Ross	4500.0							
0001663577-18-000181	Tier1	Unaudited	Y	N	Y	Y	N	N	7250000	102000103	2.75	13956250.0	5981250.0	0.0	0.0	19937500.0	N/A	0.0	N/A	0.0	N/A	0.0	N/A	5000.0	The Doney Law Firm	10000.0	N/A	0.0	The Doney Law Firm	20000.0		13921250.0	
0001395005-18-000011	Tier1	Unaudited	Y	N	Y	Y	N	N	2000000000	12400263104	0.01	0.0	0.0	0.0	0.0	0.0									John E. Lux, Esq.	7500.0						19987500.0	
0001731302-18-000001	Tier2	Audited	N	Y	N	Y	N	N	1000			50000000.0	0.0	0.0	0.0	50000000.0							Buckno Lisicky & Company	25000.0	Gordon Rees Scully Mansukhani, LLP	25000.0							
0001733775-18-000008	Tier1	Unaudited	N	Y	N	N	N	N	1		10.0	5000000.0	0.0	0.0	0.0	5000000.0																	
