ACCESSION_NUMBER	SI_ID	ISSUEDSECURITIESTITLE
0001582586-18-000066	1	Common Stock
0001193125-18-204206	1	Series D Convertible Preferred Stock
0001193125-18-204206	2	Common Stock
0001477932-18-003170	1	Senior Secured Demand Notes
0001599916-18-000111	1	common stock
0001213900-18-007793	1	Class B Common Stock
0001214659-18-004419	1	Class A Interest
0001140361-18-027806	1	Common Stock
0001445866-18-000633	2	Class B Unit
0001445866-18-000633	1	Class A Unit
0001477932-18-002914	1	Class A Interests
0001062993-18-002467	1	Class A voting common stock and Class B nonvoting common stock
0001144204-18-031751	1	Common Stock
0001213900-18-006510	1	Common Stock
0001144204-18-027731	1	Debentures
0001144204-18-027037	1	Class A Preferred Stock
0001654954-18-004979	1	Common Stock
0001144204-18-026228	1	Class A Common Stock
0001477932-18-002164	1	Common Stock
0001683168-18-001141	1	Common Stock Class A
0001214659-18-003185	1	Series A Investor Shares
0001683168-18-001126	1	Class A Interest
0001144204-18-024044	1	Common Stock, par value $0.001 per share
0001213900-18-005222	1	Class A Common and Corporate Notes
0001062993-18-001850	1	Class A voting common stock and Class B nonvoting common stock
0001558370-18-003560	1	Common Shares
0001193125-18-143726	1	Class A Common Stock
0001558370-18-003553	1	Common Shares
0001376474-18-000100	1	NONE
0001144204-18-023949	1	Common Stock
0001144204-18-023946	1	Series m Preferred Stock
0001161697-18-000226	1	Common Shares
0001144204-18-023813	1	Common Stock
0001144204-18-023778	1	Common Shares
0001144204-18-023766	1	Common Shares
0001213900-18-005161	1	Series A-1 Preferred Stock
0001144204-18-023740	2	Series A-2 Preferred Stock
0001144204-18-023740	1	Series A Preferred Stock
0001144204-18-023737	1	Common Shares
0001144204-18-023731	1	Common Shares
0001144204-18-023727	1	Class A Common Stock
0001553350-18-000436	1	Worthy Bonds
0001144204-18-023635	1	Series A Preferred Stock
0001688804-18-000008	3	Series #88LJ1 membership interests
0001688804-18-000008	2	Series #85FT1 membership interests
0001688804-18-000008	1	Series #69BM1 membership interests
0001104659-18-028157	1	Common Stock, $0.01  per share
0001721868-18-000336	1	Common
0001213900-18-005102	1	Common Stock, par value $0.0001 per share
0001144204-18-023391	1	Common Shares
0001144204-18-023387	1	Common Shares
0001144204-18-023381	1	Common Shares
0001144204-18-023376	1	Common Shares
0001144204-18-023371	1	Common Shares
0001144204-18-023367	1	Common Shares
0001144204-18-023363	1	Common Shares
0001640334-18-000836	1	Class A Common Stock
0001144204-18-023306	1	Common Shares
0001144204-18-023257	1	Common Stock
0001493152-18-005888	1	Common Stock, par value $0.001 per share
0001193125-18-139359	1	Unclassified Shares of Common Stock
0001193125-18-139347	1	Unclassified Shares of Common Stock
0001213900-18-005084	1	Common Stock
0001214659-18-003118	1	CNote Notes
0001654954-18-004458	1	Common Stock
0001387131-18-001810	1	Common Stock
0001646269-18-000009	1	Common Stock
0001144204-18-022733	1	Series A Non-Voting Preferred Stock
0001213900-18-004978	1	Class P Common Stock
0001144204-18-022172	1	Class C Common Stock
0001477932-18-002030	1	Common Stock
0001683168-18-001060	1	Class B Common Stock
0001654954-18-004263	1	7% unsecured bonds
0001615774-18-002794	1	COMMON SHARES
0001144204-18-020766	1	Common Stock
0001654954-18-003939	1	Class B NonVoting Common Stock
0001213900-18-004201	1	Class A Common Stock
