ACCESSION_NUMBER	SINFO_ID	COMMISSIONFILENUMBER	OFFERINGQUALIFICATIONDATE	OFFERINGCOMMENCEDATE	QUALIFIEDSECURITIESSOLD	OFFERINGSECURITIESSOLD	PORTIONSECURITIESSOLDISSUER	PORTIONSOLDSECURITYHOLDERS	PRICEPERSECURITY	AGGREGRATEOFFERINGPRICE	AGGREGRATEOFFERINGPRICEHOLDERS	UNDERWRITERFEES	SALESCOMMISSIONSFEE	FINDERSFEES	AUDITORFEES	LEGALFEES	PROMOTERSFEES	BLUESKYFEES	CRDNUMBERBROKERDEALER	ISSUERNETPROCEEDS	CLARIFICATIONRESPONSES
0001144204-18-051167	1	024-10487	28-JUL-2016	28-JUL-2016	50000000	19955800	19955800.0	0.0	10.0			833000.0			77000.0	375000.0		25000.0	121325	17952310.0	
0001644600-18-000030	1	024-10768	06-FEB-2018	06-FEB-2018	4000000	0	0.0	0.0	2.5						10000.0	40000.0		10000.0			
0001659173-18-000278	1	024-10620	28-DEC-2017	28-DEC-2017	40000000	12228000			10000.0	40000000.0	0.0		15000.0		57940.0	138075.0		6500.0	156214	12010485.0	
0001144204-18-047193	1	024-10729	26-OCT-2017	26-OCT-2017	800000	800000			10.0	1156720.0	0.0				73762.0	85000.0		4759.0			
0001477932-18-004301	1	024-10607	28-SEP-2016	28-SEP-2016	5000000	5000000	5000000.0	0.0	25000.0			0.0	0.0	0.0	0.0	10000.0	0.0	0.0		5000000.0	
0001477932-18-004298	1	024-10522	26-SEP-2016	26-SEP-2016	50000000	0	0.0	0.0	1000.0			0.0	0.0	0.0	0.0	0.0	0.0	0.0		0.0	
0001652577-18-000008	1	024-10517	04-APR-2016	04-APR-2016	20000000	23000	0.0	0.0	1.0												
0001213900-18-010924	1	024-10714	09-AUG-2017	09-AUG-2017	5000000	93077	279231.0	0.0	3.0				10471.0		20000.0	37500.0			156214	211260.0	
0001213900-18-009631	1	024-10731	28-MAR-2018	28-MAR-2018	2000000	0			0.0	0.0	0.0										
0001213900-18-009492	1	024-10810	29-MAR-2018	29-MAR-2018	10000000	0			5.0	50000000.0	0.0	0.0	0.0	0.0	55000.0	135000.0	0.0	0.0		49750000.0	The expected fees in connection with this offering total $250,000.  The expected fees include the $190,000 listed above as well as an additional $60,000 for other associated fees.
0001506275-18-000001	1	024-10595	05-JUN-2017	05-JUN-2017	10000000	5233465	5233465.0	0.0	1000.0							20200.0				5233465.0	"""Amount of securities qualifed"" and ""Amount of securiites sold"" in the offering reflect the dollar amount qualified and sold. Fees in connection with the offering were not financed with the proceeds of the offering."
