ACCESSION_NUMBER	SECURITY_ID	SECURITIESISSUERNAME	SECURITIESISSUERTITLE	SECURITIESISSUEDTOTALAMOUNT	SECURITIESPRINCIPALHOLDERAMT	SECURITIESISSUEDAGGREGATEAMT	AGGREGATECONSIDERATIONBASIS
0001104659-18-059321	1	Dakota Real Estate Investment Trust	Class A and Class B Shares	840730	0	Shares were issued under dividend reinvestment plan to existing shareholders of Dakota REIT in lieu of payment of $3,764,273 in dividends and                     Shares were issued for $14.90 per share for an aggregate payment of $8,344,344.	
0001144204-18-051336	1	Mota Group, Inc	Convertible Notes in the amount of $130,000. 12,100 shares for no cash consideration	130000	0	$130,000	
0001144204-18-051107	3	Groundfloor Finance Inc.	LROs	31787680	0	$3,272,010 were issued and sold pursuant to Offering Circular File No. 024-10496. $24,461,300 were issued and sold pursuant to Offering Circular File No. 024-10753. $4,054,370 were issued and sold pursuant to Offering Circular File No. 024-10758 (as may be amended and supplemented from time to time).	
0001144204-18-051107	2	Groundfloor Finance Inc.	LROs	31787680	0	$3,272,010 were issued and sold pursuant to Offering Circular File No. 024-10496. $24,461,300 were issued and sold pursuant to Offering Circular File No. 024-10753. $4,054,370 were issued and sold pursuant to Offering Circular File No. 024-10758 (as may be amended and supplemented from time to time).	
0001144204-18-051107	1	Groundfloor Finance Inc.	LROs	31787680	0	$3,272,010 were issued and sold pursuant to Offering Circular File No. 024-10496. $24,461,300 were issued and sold pursuant to Offering Circular File No. 024-10753. $4,054,370 were issued and sold pursuant to Offering Circular File No. 024-10758 (as may be amended and supplemented from time to time).	
0001493152-18-013782	1	Masterworks 001, LLC	Membership Interests	16015	0	16,015 membership interests were issued to Masterworks Gallery, LLC, a Delaware limited liability company which was issued for $100.	
0001477932-18-004634	1	Cardone Equity Fund V, LLC	Class B Interests	1000	0	1000	
0001144204-18-050575	1	Platform Ventures Diversified Housing REIT, LLC	Common Shares	100	100	$1,000 ($10.00 per common share)	same as above
0001144204-18-050445	1	Groundfloor Finance Inc.	LROs	31009430	0	$3,720,610 were issued and sold pursuant to Offering Circular File No. 024-10496. $23,234,450 were issued and sold pursuant to Offering Circular File No. 024-10753. $4,054,370 were issued and sold pursuant to Offering Circular File No. 024-10758 (as may be amended and supplemented from time to time).	
0001144204-18-050445	3	Groundfloor Finance Inc.	LROs	31009430	0	$3,720,610 were issued and sold pursuant to Offering Circular File No. 024-10496. $23,234,450 were issued and sold pursuant to Offering Circular File No. 024-10753. $4,054,370 were issued and sold pursuant to Offering Circular File No. 024-10758 (as may be amended and supplemented from time to time).	
0001144204-18-050445	2	Groundfloor Finance Inc.	LROs	31009430	0	$3,720,610 were issued and sold pursuant to Offering Circular File No. 024-10496. $23,234,450 were issued and sold pursuant to Offering Circular File No. 024-10753. $4,054,370 were issued and sold pursuant to Offering Circular File No. 024-10758 (as may be amended and supplemented from time to time).	
0001213900-18-012865	3	LMP Automotive Holdings, Inc.	Convertible Promissory Notes	1448965	1448965	$1,448,965 aggregate principal amount	N/A
0001213900-18-012865	2	LMP Automotive Holdings, Inc.	Convertible Promissory Notes	1448965	1448965	$1,448,965 aggregate principal amount	N/A
0001213900-18-012865	1	LMP Automotive Holdings, Inc.	Convertible Promissory Notes	1448965	1448965	$1,448,965 aggregate principal amount	N/A
0001213900-18-012865	4	LMP Automotive Holdings, Inc.	Convertible Promissory Notes	1448965	1448965	$1,448,965 aggregate principal amount	N/A
0001144204-18-050378	1	Esoteric Brewing Company, LLC	Series B Common	2008	0	$195,000 were paid for 2008 Series B Common Units, representing $100.00 per unit, with a discount of approximately 10% on the first 708 Units sold.	
0001213900-18-012832	1	Collective Wisdom Technologies, Inc.	Class A Common Stock	28666666	0	$5,000	
0001213900-18-012832	2	Collective Wisdom Technologies, Inc.	Class A Common Stock	28666666	0	$5,000	
0001683168-18-002809	1	Saddle Ranch Media, Inc.	Common Stock, $0.0001 par value	403149000	0	683,489	
0001144204-18-050196	1	iConsumer Corp.	8 percent Convertible Promissory Notes due 2020	164000	0	164000	
0001144204-18-050071	3	Groundfloor Finance Inc.	LROs	31009430	0	$3,720,610 were issued and sold pursuant to Offering Circular File No. 024-10496. $23,234,450 were issued and sold pursuant to Offering Circular File No. 024-10753. $4,054,370 were issued and sold pursuant to Offering Circular File No. 024-10758 (as may be amended and supplemented from time to time).	
0001144204-18-050071	1	Groundfloor Finance Inc.	LROs	31009430	0	$3,720,610 were issued and sold pursuant to Offering Circular File No. 024-10496. $23,234,450 were issued and sold pursuant to Offering Circular File No. 024-10753. $4,054,370 were issued and sold pursuant to Offering Circular File No. 024-10758 (as may be amended and supplemented from time to time).	
0001144204-18-050071	2	Groundfloor Finance Inc.	LROs	31009430	0	$3,720,610 were issued and sold pursuant to Offering Circular File No. 024-10496. $23,234,450 were issued and sold pursuant to Offering Circular File No. 024-10753. $4,054,370 were issued and sold pursuant to Offering Circular File No. 024-10758 (as may be amended and supplemented from time to time).	
0001144204-18-049933	3	Groundfloor Finance Inc.	LROs	31338440	0	$3,272,010 were issued and sold pursuant to Offering Circular File No. 024-10496. $24,012,060 were issued and sold pursuant to Offering Circular File No. 024-10753. $4,054,370 were issued and sold pursuant to Offering Circular File No. 024-10758 (as may be amended and supplemented from time to time).	
0001144204-18-049933	1	Groundfloor Finance Inc.	LROs	31338440	0	$3,272,010 were issued and sold pursuant to Offering Circular File No. 024-10496. $24,012,060 were issued and sold pursuant to Offering Circular File No. 024-10753. $4,054,370 were issued and sold pursuant to Offering Circular File No. 024-10758 (as may be amended and supplemented from time to time).	
0001144204-18-049933	2	Groundfloor Finance Inc.	LROs	31338440	0	$3,272,010 were issued and sold pursuant to Offering Circular File No. 024-10496. $24,012,060 were issued and sold pursuant to Offering Circular File No. 024-10753. $4,054,370 were issued and sold pursuant to Offering Circular File No. 024-10758 (as may be amended and supplemented from time to time).	
0001712534-18-000005	1	Business Lines Corp.	Common Stock	15000000	0	100	
0001144204-18-049880	1	OrgHarvest, Inc.	Common Stock	860	525000	$0.001 per share	0
0001477932-18-004549	1	Elegance Spirits, Inc.	Common Stock	12391000	0	$11,000 paid in cash.	
0001144204-18-049660	1	Image Protect, Inc.	Common	8140000	0	165634	
0001144204-18-049628	1	Platform Ventures Diversified Housing REIT, LLC	Common Shares	100	100	$1,000 ($10.00 per common share)	same as above
0001683168-18-002771	1	AHP Servicing LLC	Common Stock	2306	0	0	
0001144204-18-049475	1	Smart Rx Systems, Inc.	Series A Non-Voting Preferred	249500	0	Our Company issued 249,500 shares of its Series A Non-Voting Preferred Stock for consideration of $10 per share, $2,480,000 in aggregate. Stated value for redemption of the securities is $15 per share. The consideration for which the securities were issued was determined by the Board of Directors.	
0001144204-18-049475	2	Smart Rx Systems, Inc.	Series A Non-Voting Preferred	249500	0	Our Company issued 249,500 shares of its Series A Non-Voting Preferred Stock for consideration of $10 per share, $2,480,000 in aggregate. Stated value for redemption of the securities is $15 per share. The consideration for which the securities were issued was determined by the Board of Directors.	
0001144204-18-049475	4	Smart Rx Systems, Inc.	Series A Non-Voting Preferred	249500	0	Our Company issued 249,500 shares of its Series A Non-Voting Preferred Stock for consideration of $10 per share, $2,480,000 in aggregate. Stated value for redemption of the securities is $15 per share. The consideration for which the securities were issued was determined by the Board of Directors.	
0001144204-18-049475	5	Smart Rx Systems, Inc.	Series A Non-Voting Preferred	249500	0	Our Company issued 249,500 shares of its Series A Non-Voting Preferred Stock for consideration of $10 per share, $2,480,000 in aggregate. Stated value for redemption of the securities is $15 per share. The consideration for which the securities were issued was determined by the Board of Directors.	
0001144204-18-049475	3	Smart Rx Systems, Inc.	Series A Non-Voting Preferred	249500	0	Our Company issued 249,500 shares of its Series A Non-Voting Preferred Stock for consideration of $10 per share, $2,480,000 in aggregate. Stated value for redemption of the securities is $15 per share. The consideration for which the securities were issued was determined by the Board of Directors.	
0001213900-18-012531	1	Legion Capital Corp.	Corporate Notes	1181000	0	$1,181,000 - face amount of Notes	
0001144204-18-049243	2	Denim.LA, Inc.	Series A-2 Preferred Stock	5932742	0	$2,966,371, at $0.50 per share which was based on a pre-money valuation of $30,214,597 and 58,429,194 outstanding shares.	
0001144204-18-049243	1	Denim.LA, Inc.	Series A-2 Preferred Stock	5932742	0	$2,966,371, at $0.50 per share which was based on a pre-money valuation of $30,214,597 and 58,429,194 outstanding shares.	
0001477932-18-004474	1	Elegance Spirits, Inc.	Common Stock	12391000	0	$11,000 paid in cash.	
0001144204-18-049023	1	Mota Group, Inc	Convertible Notes in the amount of $130,000. 12,100 shares for no cash consideration	130000	0	$130,000	
0001144204-18-048911	1	Esoteric Brewing Company, LLC	Series B Common	2008	0	$195,000 were paid for 2008 Series B Common Units, representing $100.00 per unit, with a discount of approximately 10% on the first 708 Units sold.	
0001078782-18-000966	1	CW Petroleum Corp	Common Stock	11475000	11000000	0	0
0001683168-18-002680	1	The Movie Studio, Inc.	Common Stock	2183024	0	142310	
0001144204-18-048832	1	GAB AI Inc.	Common Stock	995641	0	$1,069,485 (995,641 shares)	
0001683168-18-002673	1	My Racehorse CA LLC	Series Moonless Sky; Series Sigesmund; Series Swiss Minister; Series Bullion; Series Cairo Kiss; Series Soul Beam; Series Amers; Series Tavasco Road; Series Takeo Squared; Series Zestful.	619	0	$162,980	
0001144204-18-048713	2	Groundfloor Finance Inc.	LROs	31009430	0	$3,720,610 were issued and sold pursuant to Offering Circular File No. 024-10496. $23,234,450 were issued and sold pursuant to Offering Circular File No. 024-10753. $4,054,370 were issued and sold pursuant to Offering Circular File No. 024-10758 (as may be amended and supplemented from time to time).	
0001144204-18-048713	1	Groundfloor Finance Inc.	LROs	31009430	0	$3,720,610 were issued and sold pursuant to Offering Circular File No. 024-10496. $23,234,450 were issued and sold pursuant to Offering Circular File No. 024-10753. $4,054,370 were issued and sold pursuant to Offering Circular File No. 024-10758 (as may be amended and supplemented from time to time).	
0001144204-18-048713	3	Groundfloor Finance Inc.	LROs	31009430	0	$3,720,610 were issued and sold pursuant to Offering Circular File No. 024-10496. $23,234,450 were issued and sold pursuant to Offering Circular File No. 024-10753. $4,054,370 were issued and sold pursuant to Offering Circular File No. 024-10758 (as may be amended and supplemented from time to time).	
0001213900-18-012312	2	Gregory Martin	Restricted Common Stock	30000000	0	0	
0001213900-18-012312	3	Gregory Martin	Restricted Common Stock	30000000	0	0	
0001213900-18-012312	1	Gregory Martin	Restricted Common Stock	30000000	0	0	
0001683168-18-002664	1	CNS Pharmaceuticals, Inc.	Common Stock	327004	0	$490,500; common stock sold for $1.50 per share	
0001683168-18-002664	2	CNS Pharmaceuticals, Inc.	Common Stock	327004	0	$490,500; common stock sold for $1.50 per share	
0001144204-18-048616	1	Fundrise National For-Sale Housing eFund, LLC	Common Shares	9500	9500	$95,000 ($10.00 per common share)	same as above
0001144204-18-048575	1	Building Bits Properties I, LLC	Common Bits	25000	0	25000	
0001213900-18-012262	1	UC Asset LP	Limited partner interests	2650000	0	$2,650,000 representing capital contributed and based upon the general partner's determination	
0001213900-18-012215	1	Legion Capital Corp.	Corporate Notes	1181000	0	$1,181,000 - face amount of Notes	
0001144204-18-048302	1	Platform Ventures Diversified Housing REIT, LLC	Common Shares	100	100	$1,000 ($10.00 per common share)	same as above
0001477932-18-004373	1	Elegance Spirits, Inc.	Common Stock	12391000	0	$11,000 paid in cash.	
0001615774-18-009107	1	ADiTx Therapeutics, Inc.	Founders Shares, Shares of Common Stock	7304250	0	Founders shares issued at $0.001 per share at $7,100 in the aggregate; 131,250 shares of Common Stock issued for gross proceeds of $262,500.	
0001144204-18-047831	1	Groundfloor Finance Inc.	LROs	29518530	0	$5,650,570 were issued and sold pursuant to Offering Circular File No. 024-10496. $19,813,690 were issued and sold pursuant to Offering Circular File No. 024-10753. $4,054,370 were issued and sold pursuant to Offering Circular File No. 024-10758 (as may be amended and supplemented from time to time).	
0001144204-18-047831	3	Groundfloor Finance Inc.	LROs	29518530	0	$5,650,570 were issued and sold pursuant to Offering Circular File No. 024-10496. $19,813,690 were issued and sold pursuant to Offering Circular File No. 024-10753. $4,054,370 were issued and sold pursuant to Offering Circular File No. 024-10758 (as may be amended and supplemented from time to time).	
0001144204-18-047831	2	Groundfloor Finance Inc.	LROs	29518530	0	$5,650,570 were issued and sold pursuant to Offering Circular File No. 024-10496. $19,813,690 were issued and sold pursuant to Offering Circular File No. 024-10753. $4,054,370 were issued and sold pursuant to Offering Circular File No. 024-10758 (as may be amended and supplemented from time to time).	
0001078782-18-000945	1	CW Petroleum Corp	Common Stock	11475000	11000000	0	0
0001640334-18-001710	2	Vortex Brands, Inc.	Common Stock	117000000	0	234000	No consideration received. Securities issued as a result of reverse merger with Blockchain Energy
0001640334-18-001710	1	Vortex Brands, Inc.	Common Stock	117000000	0	234000	No consideration received. Securities issued as a result of reverse merger with Blockchain Energy
0001213900-18-012014	4	LMP Automotive Holdings, Inc.	Convertible Promissory Notes	1313015	1313015	$1,313,015 aggregate principal amount	N/A
0001213900-18-012014	3	LMP Automotive Holdings, Inc.	Convertible Promissory Notes	1313015	1313015	$1,313,015 aggregate principal amount	N/A
0001213900-18-012014	1	LMP Automotive Holdings, Inc.	Convertible Promissory Notes	1313015	1313015	$1,313,015 aggregate principal amount	N/A
0001213900-18-012014	2	LMP Automotive Holdings, Inc.	Convertible Promissory Notes	1313015	1313015	$1,313,015 aggregate principal amount	N/A
0001477932-18-004354	1	Buying.com LLC	Membership Interests	100	100	0	0
0001144204-18-047564	1	1st stREIT Office Inc.	Common Stock	7500	7500	$75000 ($10 per share of common stock)	Same as above
0001213900-18-011987	1	Apex Farms Corp.	Common Stock	16920357	0	$1,000 and Services and other non-cash consideration.	
0001213900-18-011987	2	Apex Farms Corp.	Common Stock	16920357	0	$1,000 and Services and other non-cash consideration.	
0001079974-18-000483	1	Ultimate Holdings Corp	common	16000	0	16000 at one dollar per share	
0001104659-18-054571	1	MogulREIT II, Inc.	Common Stock	1053733	0	$100,000 (10,000 shares x $10 per share)	
0001144204-18-047406	1	Legion M Entertainment, Inc.	Class A Common Stock	212079	0	$774,482 at $7.47 per share and $901,888 at $8.32 per share	
0001628279-18-000225	1	Soliton, Inc.	Convertible 8.25 Percent Bridge Notes	5000000	0	5,000,000	$21,000 (7% of proceeds)
0001628279-18-000225	2	Soliton, Inc.	Convertible 8.25 Percent Bridge Notes	5000000	0	5,000,000	$21,000 (7% of proceeds)
0001628279-18-000225	3	Soliton, Inc.	Convertible 8.25 Percent Bridge Notes	5000000	0	5,000,000	$21,000 (7% of proceeds)
0001628279-18-000225	4	Soliton, Inc.	Convertible 8.25 Percent Bridge Notes	5000000	0	5,000,000	$21,000 (7% of proceeds)
0001683168-18-002566	1	MC Endeavors, Inc.	Common Stock, $0.001 par value	58200000	0	340800	
0001615774-18-008816	1	ADiTx Therapeutics, Inc.	Founders Shares, Shares of Common Stock	7284250	0	Founders shares issued at $0.001 per share at $7,100 in the aggregate; 131,250 shares of Common Stock issued for gross proceeds of $262,500.	
0001144204-18-047205	1	Esoteric Brewing Company, LLC	Series B Common	2008	0	$195,000 were paid for 2008 Series B Common Units, representing $100.00 per unit, with a discount of approximately 10% on the first 708 Units sold.	
0001144204-18-047057	1	REITless Impact Income Strategies LLC	Common Shares	100	0	$1,000 (100 shares at $10.00 per common share)	
0001683168-18-002529	1	Sky440, Inc.	Common Stock, $0.0001 par value	100000000	0	Price per share was 0.00005	
0001213900-18-011797	1	UC Asset LP	Limited partner interests	2650000	0	$2,650,000 representing capital contributed and based upon the general partner's determination	
0001477932-18-004312	1	Cardone Equity Fund V, LLC	Class B Interests	1000	0	1000	
0001683168-18-002516	1	A Clean Slate, Inc.	Common Stock, $0.0001 par value	470000000	0	none	
0001493152-18-012569	1	Masterworks 001, LLC	Membership Interests	16015	0	16,015 membership interests were issued to Masterworks Gallery, LLC, a Delaware limited liability company which was issued for $100.	
0001688804-18-000015	1	RSE Collection, LLC	Series #77LE1, a series of RSE Collection, LLC	2000	0	Aggregate amount: $77,700 Basis of Computing: 2000 LLC Interests at $38.85 per Interest	
0001683168-18-002498	1	Hylete, Inc.	Class B Common Stock	3465971	0	2,960,772	
0001683168-18-002498	2	Hylete, Inc.	Class B Common Stock	3465971	0	2,960,772	
0001104659-18-053400	1	MogulREIT II, Inc.	Common Stock	1053733	0	$100,000 (10,000 shares x $10 per share)	
0001683168-18-002490	1	A Clean Slate, Inc.	Common Stock, $0.0001 par value	470000000	0	none	
0001750063-18-000006	1	Fifteen Five Partners PBC	Class F Common Stock	100	100	$561,393 in the form of 1,000,000 shares of Fifteen Five Corporation Stock, with the value determined by the book value of such stock as computed in the company's most recently-completed independent audit. (Note this consideration was paid for the simultaneous issuance of two classes of stock, 100 shares of Class F Common Stock described here, and 500,000 shares of Class P Common Stock described below.)	see above
0001750063-18-000006	2	Fifteen Five Partners PBC	Class F Common Stock	100	100	$561,393 in the form of 1,000,000 shares of Fifteen Five Corporation Stock, with the value determined by the book value of such stock as computed in the company's most recently-completed independent audit. (Note this consideration was paid for the simultaneous issuance of two classes of stock, 100 shares of Class F Common Stock described here, and 500,000 shares of Class P Common Stock described below.)	see above
0001144204-18-046031	3	Groundfloor Finance Inc.	LROs	31529110	0	$5,650,470 were issued and sold pursuant to Offering Circular File No. 024-10496. $21,824,270 were issued and sold pursuant to Offering Circular File No. 024-10753. $4,054,370 were issued and sold pursuant to Offering Circular File No. 024-10758 (as may be amended and supplemented from time to time).	
0001144204-18-046031	1	Groundfloor Finance Inc.	LROs	31529110	0	$5,650,470 were issued and sold pursuant to Offering Circular File No. 024-10496. $21,824,270 were issued and sold pursuant to Offering Circular File No. 024-10753. $4,054,370 were issued and sold pursuant to Offering Circular File No. 024-10758 (as may be amended and supplemented from time to time).	
0001144204-18-046031	2	Groundfloor Finance Inc.	LROs	31529110	0	$5,650,470 were issued and sold pursuant to Offering Circular File No. 024-10496. $21,824,270 were issued and sold pursuant to Offering Circular File No. 024-10753. $4,054,370 were issued and sold pursuant to Offering Circular File No. 024-10758 (as may be amended and supplemented from time to time).	
0001144204-18-045891	1	Esoteric Brewing Company, LLC	Series B Common	2008	0	$195,000 were paid for 2008 Series B Common Units, representing $100.00 per unit, with a discount of approximately 10% on the first 708 Units sold.	
0001213900-18-011527	1	StreamNet, Inc	Common Stock	23339400	0	$14,000.00	
0001144204-18-045790	2	XTI Aircraft Company	Common Stock	1274125	0	$1,274,125	
0001144204-18-045790	1	XTI Aircraft Company	Common Stock	1274125	0	$1,274,125	
0001144204-18-045747	1	Image Protect, Inc.	Common	8140000	0	165634	
0001683168-18-002436	2	B2Digital, Incorporated	Common Stock, $0.00001 par value	244375	0	For compensation 22,438	
0001683168-18-002436	3	B2Digital, Incorporated	Common Stock, $0.00001 par value	244375	0	For compensation 22,438	
0001683168-18-002436	1	B2Digital, Incorporated	Common Stock, $0.00001 par value	244375	0	For compensation 22,438	
0001393905-18-000257	1	Jetblack Corp.	Common Stock	48000000	0	$48,000; $0.001 per share	
0001144204-18-045412	3	Groundfloor Finance Inc.	LROs	29518530	0	$5,650,570 were issued and sold pursuant to Offering Circular File No. 024-10496. $19,813,690 were issued and sold pursuant to Offering Circular File No. 024-10753. $4,054,370 were issued and sold pursuant to Offering Circular File No. 024-10758 (as may be amended and supplemented from time to time).	
0001144204-18-045412	1	Groundfloor Finance Inc.	LROs	29518530	0	$5,650,570 were issued and sold pursuant to Offering Circular File No. 024-10496. $19,813,690 were issued and sold pursuant to Offering Circular File No. 024-10753. $4,054,370 were issued and sold pursuant to Offering Circular File No. 024-10758 (as may be amended and supplemented from time to time).	
0001144204-18-045412	2	Groundfloor Finance Inc.	LROs	29518530	0	$5,650,570 were issued and sold pursuant to Offering Circular File No. 024-10496. $19,813,690 were issued and sold pursuant to Offering Circular File No. 024-10753. $4,054,370 were issued and sold pursuant to Offering Circular File No. 024-10758 (as may be amended and supplemented from time to time).	
0001078782-18-000895	1	CW Petroleum Corp	Common Stock	11475000	11000000	0	0
0001213900-18-011367	1	Collective Wisdom Technologies, Inc.	Class A Common Stock	28666666	0	$5,000	
0001213900-18-011367	2	Collective Wisdom Technologies, Inc.	Class A Common Stock	28666666	0	$5,000	
0001615774-18-008289	1	ADiTx Therapeutics, Inc.	Founders Shares, Shares of Common Stock	7284250	0	Founders shares issued at $0.001 per share at $7,100 in the aggregate; 131,250 shares of Common Stock issued for gross proceeds of $262,500.	
0001683168-18-002403	2	Hylete, Inc.	Class B Common Stock	3465971	0	2,960,772	
0001683168-18-002403	1	Hylete, Inc.	Class B Common Stock	3465971	0	2,960,772	
0001683168-18-002381	1	Advanced Bio-Oil Technologies Ltd.	Convertible Preferred Stock Class A	28500000	0	$28,500.00 - $0.001/share; paid for in full by the Founders and initial Management, also founding shareholders.	
0001079974-18-000465	1	Ultimate Holdings Corp	common	16000	0	16000 at one dollar per share	
0001144204-18-045015	1	OrgHarvest, Inc.	Common Stock	860	525000	$0.001 per share	0
0001144204-18-044971	1	Fundrise Income eREIT II, LLC	Common Shares	500	500	$5,000 ($10.00 per common share)	same as above
0001144204-18-044968	1	Fundrise Growth eREIT II, LLC	Common Shares	500	500	$5,000 ($10.00 per common share)	same as above
0001493152-18-012063	1	Masterworks 002, LLC	Membership Interests	100	0	$100	
0001213900-18-010940	1	20/20 GeneSystems, Inc.	Series A-2 Preferred Stock	327388	0	$1,067,285 ($3.26/share).	
0001213900-18-010940	2	20/20 GeneSystems, Inc.	Series A-2 Preferred Stock	327388	0	$1,067,285 ($3.26/share).	
0001213900-18-010940	3	20/20 GeneSystems, Inc.	Series A-2 Preferred Stock	327388	0	$1,067,285 ($3.26/share).	
0001213900-18-010940	5	20/20 GeneSystems, Inc.	Series A-2 Preferred Stock	327388	0	$1,067,285 ($3.26/share).	
0001213900-18-010940	4	20/20 GeneSystems, Inc.	Series A-2 Preferred Stock	327388	0	$1,067,285 ($3.26/share).	
0001477932-18-003937	1	SPRiZZi Bev-Co, Inc.	Common Stock	25500000	0	$51,000	
0001628279-18-000193	4	Soliton, Inc.	Convertible 8.25 Percent Bridge Notes	5000000	0	5,000,000	$21,000 (7% of proceeds)
0001628279-18-000193	3	Soliton, Inc.	Convertible 8.25 Percent Bridge Notes	5000000	0	5,000,000	$21,000 (7% of proceeds)
0001628279-18-000193	2	Soliton, Inc.	Convertible 8.25 Percent Bridge Notes	5000000	0	5,000,000	$21,000 (7% of proceeds)
0001628279-18-000193	1	Soliton, Inc.	Convertible 8.25 Percent Bridge Notes	5000000	0	5,000,000	$21,000 (7% of proceeds)
0001213900-18-010626	2	Apex Farms Corp.	Common Stock	16920357	0	$1,000 and Services and other non-cash consideration.	
0001213900-18-010626	1	Apex Farms Corp.	Common Stock	16920357	0	$1,000 and Services and other non-cash consideration.	
0001683168-18-002227	1	Saddle Ranch Media, Inc.	Common Stock, $0.0001 par value	403149000	0	683,489	
0001144204-18-042871	1	Fundrise National For-Sale Housing eFund, LLC	Common Shares	9500	9500	$95,000 ($10.00 per common share)	same as above
0001742134-18-000007	1	Item Banc, Inc.	Common Shares	20000000	0	$20,000	
0001493152-18-011105	1	Soligen Technologies, Inc.	Series D Preferred stock (no conversion feature)	1000	0	$0.00	
0001683168-18-002167	1	Advanced Bio-Oil Technologies Ltd.	Convertible Preferred Stock Class A	28500000	0	$28,500.00 - $0.001/share; paid for in full by the Founders and initial Management, also founding shareholders.	
0001144204-18-042362	3	Groundfloor Finance Inc.	LROs	29672180	0	$6,925,960 were issued and sold pursuant to Offering Circular File No. 024-10496. $18,606,500 were issued and sold pursuant to Offering Circular File No. 024-10753. $4,054,370 were issued and sold pursuant to Offering Circular File No. 024-10758 (as may be amended and supplemented from time to time).	
0001144204-18-042362	2	Groundfloor Finance Inc.	LROs	29672180	0	$6,925,960 were issued and sold pursuant to Offering Circular File No. 024-10496. $18,606,500 were issued and sold pursuant to Offering Circular File No. 024-10753. $4,054,370 were issued and sold pursuant to Offering Circular File No. 024-10758 (as may be amended and supplemented from time to time).	
0001144204-18-042362	1	Groundfloor Finance Inc.	LROs	29672180	0	$6,925,960 were issued and sold pursuant to Offering Circular File No. 024-10496. $18,606,500 were issued and sold pursuant to Offering Circular File No. 024-10753. $4,054,370 were issued and sold pursuant to Offering Circular File No. 024-10758 (as may be amended and supplemented from time to time).	
0001615774-18-007626	1	ADiTx Therapeutics, Inc.	Founders Shares, Shares of Common Stock	7284250	0	Founders shares issued at $0.001 per share at $7,100 in the aggregate; 131,250 shares of Common Stock issued for gross proceeds of $262,500.	
0001144204-18-041924	1	Fundrise Income eREIT II, LLC	Common Shares	500	500	$5,000 ($10.00 per common share)	same as above
0001144204-18-041922	1	Fundrise Growth eREIT II, LLC	Common Shares	500	500	$5,000 ($10.00 per common share)	same as above
0001078782-18-000773	1	CW Petroleum Corp	Common Stock	11475000	11000000	0	0
0001683168-18-002108	1	Advanced Bio-Oil Technologies Ltd.	Convertible Preferred Stock Class A	28500000	0	$28,500.00 - $0.001/share; paid for in full by the Founders and initial Management, also founding shareholders.	
0001549212-18-000028	1	SW Innovative Holdings, Inc.	Common	389250000	0	$299250	
0001477932-18-003778	1	Elegance Spirits, Inc.	Common Stock	12391000	0	$11,000 paid in cash.	
0001104659-18-048899	1	Rentalist, LLC	Units	1000	0	$170,000; negotiated.	
0001104659-18-048899	2	Rentalist, LLC	Units	1000	0	$170,000; negotiated.	
0001477932-18-003772	1	Elegance Spirits, Inc.	Common Stock	12391000	0	$11,000 paid in cash.	
0001477932-18-003766	1	Cardone Equity Fund V, LLC	Class B Interests	1000	0	1000	
0001213900-18-010023	1	20/20 GeneSystems, Inc.	Series A-2 Preferred Stock	327388	0	$1,067,285 ($3.26/share).	
0001213900-18-010023	2	20/20 GeneSystems, Inc.	Series A-2 Preferred Stock	327388	0	$1,067,285 ($3.26/share).	
0001213900-18-010023	3	20/20 GeneSystems, Inc.	Series A-2 Preferred Stock	327388	0	$1,067,285 ($3.26/share).	
0001213900-18-010023	5	20/20 GeneSystems, Inc.	Series A-2 Preferred Stock	327388	0	$1,067,285 ($3.26/share).	
0001213900-18-010023	4	20/20 GeneSystems, Inc.	Series A-2 Preferred Stock	327388	0	$1,067,285 ($3.26/share).	
0001144204-18-041214	1	Legion M Entertainment, Inc.	Class A Common Stock	212079	0	$774,482 at $7.47 per share and $901,888 at $8.32 per share	
0001078782-18-000766	1	DECISION DIAGNOSTICS CORP	Common Shares	32765588	0	$0.076 per share in conversion of principal and interest owed pursuant to convertible promissory notes or conversion of preferred stock.	
0001078782-18-000766	2	DECISION DIAGNOSTICS CORP	Common Shares	32765588	0	$0.076 per share in conversion of principal and interest owed pursuant to convertible promissory notes or conversion of preferred stock.	
0001078782-18-000766	3	DECISION DIAGNOSTICS CORP	Common Shares	32765588	0	$0.076 per share in conversion of principal and interest owed pursuant to convertible promissory notes or conversion of preferred stock.	
0001078782-18-000766	4	DECISION DIAGNOSTICS CORP	Common Shares	32765588	0	$0.076 per share in conversion of principal and interest owed pursuant to convertible promissory notes or conversion of preferred stock.	
0001493152-18-010739	1	Masterworks 001, LLC	Membership Interests	16015	0	16,015 membership interests were issued to Masterworks Gallery, LLC, a Delaware limited liability company which was issued for $100.	
0001213900-18-009946	1	Legion Capital Corp.	Corporate Notes	1181000	0	$1,181,000 - face amount of Notes	
0001683168-18-002058	1	Smart Decision, Inc.	Common Stock, $0.0001 par value	68400000	0	$6840 based on $0.0001 par value, for employment compensation and for cash.	
0001213900-18-009878	1	Legion Capital Corp.	Corporate Notes	1181000	0	$1,181,000 - face amount of Notes	
0001477932-18-003708	1	SPRiZZi Bev-Co, Inc.	Common Stock	25500000	0	$51,000	
0001683168-18-002048	1	The Movie Studio, Inc.	Common Stock	1763024	0	93810	
0001493152-18-010612	1	Soligen Technologies, Inc.	Series D Preferred stock (no conversion feature)	1000	0	$0.00	
0001640334-18-001474	1	Vortex Brands, Inc.	Common Stock	117000000	0	234000	No consideration received. Securities issued as a result of reverse merger with Blockchain Energy
0001640334-18-001474	2	Vortex Brands, Inc.	Common Stock	117000000	0	234000	No consideration received. Securities issued as a result of reverse merger with Blockchain Energy
0001213900-18-009787	1	LMP Automotive Holdings, Inc.	Convertible Promissory Notes	771105	771105	$771,105 aggregate principal amount	N/A
0001213900-18-009787	3	LMP Automotive Holdings, Inc.	Convertible Promissory Notes	771105	771105	$771,105 aggregate principal amount	N/A
0001213900-18-009787	2	LMP Automotive Holdings, Inc.	Convertible Promissory Notes	771105	771105	$771,105 aggregate principal amount	N/A
0001213900-18-009787	4	LMP Automotive Holdings, Inc.	Convertible Promissory Notes	771105	771105	$771,105 aggregate principal amount	N/A
0001683168-18-002040	1	Smart Decision, Inc.	Common Stock, $0.0001 par value	68400000	0	$6840 based on $0.0001 par value, for employment compensation and for cash.	
0001683168-18-002034	1	Sky440, Inc.	Common Stock, $0.0001 par value	100000000	0	Price per share was 0.00005	
0001144204-18-040420	1	Rise Companies Corp.	Class A Common Stock	2500	0	$13750 represents the shares (2500) * price of our Common stock at date of Issuance ($5.50)	
0001493152-18-010534	1	APPLIQATE INC	Common Stock	60000000	0	Shares issued to founders for past and ongoing services services rendered.	
0001683168-18-002029	1	Sky440, Inc.	Common Stock, $0.0001 par value	100000000	0	Price per share was 0.00005	
0001493152-18-010523	1	Square Chain Corporation	Common Stock	8500000	0	05 (per share) X 8,500,000 (shares) = $425,000	
0001264931-18-000090	1	Victory Marine Holdings Corp.	Common Stock: $.001 per shares; Convertible Preferred Stock: $.001	20500000	0	20,000,000 shares of Common Stock were issued for share exchange with fair value of $30,000. 500,000 shares of Common Stock and 60,000 shares of were issued for services with the fair value of $90,750.	
0001549212-18-000026	1	SW Innovative Holdings, Inc.	Common	389250000	0	$299250	
0001144204-18-040075	1	Esoteric Brewing Company, LLC	Series B Common	1508	0	$145,000 were paid for 1508 Series B Common Units, representing $100.00 per unit, with a discount of approximately 10% on the first 708 Units sold.	
0001486452-18-000006	8	Clikia Corp.	Common Stock	125000000	75000000	$13,976 - historical basis of predecessor	$13,976
0001486452-18-000006	9	Clikia Corp.	Common Stock	125000000	75000000	$13,976 - historical basis of predecessor	$13,976
0001486452-18-000006	10	Clikia Corp.	Common Stock	125000000	75000000	$13,976 - historical basis of predecessor	$13,976
0001486452-18-000006	11	Clikia Corp.	Common Stock	125000000	75000000	$13,976 - historical basis of predecessor	$13,976
0001486452-18-000006	12	Clikia Corp.	Common Stock	125000000	75000000	$13,976 - historical basis of predecessor	$13,976
0001486452-18-000006	13	Clikia Corp.	Common Stock	125000000	75000000	$13,976 - historical basis of predecessor	$13,976
0001486452-18-000006	14	Clikia Corp.	Common Stock	125000000	75000000	$13,976 - historical basis of predecessor	$13,976
0001486452-18-000006	7	Clikia Corp.	Common Stock	125000000	75000000	$13,976 - historical basis of predecessor	$13,976
0001486452-18-000006	6	Clikia Corp.	Common Stock	125000000	75000000	$13,976 - historical basis of predecessor	$13,976
0001486452-18-000006	5	Clikia Corp.	Common Stock	125000000	75000000	$13,976 - historical basis of predecessor	$13,976
0001486452-18-000006	4	Clikia Corp.	Common Stock	125000000	75000000	$13,976 - historical basis of predecessor	$13,976
0001486452-18-000006	3	Clikia Corp.	Common Stock	125000000	75000000	$13,976 - historical basis of predecessor	$13,976
0001486452-18-000006	1	Clikia Corp.	Common Stock	125000000	75000000	$13,976 - historical basis of predecessor	$13,976
0001486452-18-000006	2	Clikia Corp.	Common Stock	125000000	75000000	$13,976 - historical basis of predecessor	$13,976
0001144204-18-039859	1	XTI Aircraft Company	Common Stock	1274125	0	$1,274,125	
0001144204-18-039859	2	XTI Aircraft Company	Common Stock	1274125	0	$1,274,125	
0001144204-18-039810	2	Groundfloor Finance Inc.	LROs	29119530	0	$6,925,960 were issued and sold pursuant to Offering Circular File No. 024-10496. $6,925,960 were issued and sold pursuant to Offering Circular File No. 024-10753. $4,054,370 were issued and sold pursuant to Offering Circular File No. 024-10758 (as may be amended and supplemented from time to time).	
0001144204-18-039810	1	Groundfloor Finance Inc.	LROs	29119530	0	$6,925,960 were issued and sold pursuant to Offering Circular File No. 024-10496. $6,925,960 were issued and sold pursuant to Offering Circular File No. 024-10753. $4,054,370 were issued and sold pursuant to Offering Circular File No. 024-10758 (as may be amended and supplemented from time to time).	
0001144204-18-039810	3	Groundfloor Finance Inc.	LROs	29119530	0	$6,925,960 were issued and sold pursuant to Offering Circular File No. 024-10496. $6,925,960 were issued and sold pursuant to Offering Circular File No. 024-10753. $4,054,370 were issued and sold pursuant to Offering Circular File No. 024-10758 (as may be amended and supplemented from time to time).	
0001683168-18-002010	1	Thinking Green	Common Stock	25000	0	$250 for professional services.	
0001683168-18-002006	1	Thinking Green	Common Stock	25000	0	$250 for professional services.	
0001144204-18-039192	2	Groundfloor Finance Inc.	LROs	29119530	0	$6,935,960 were issued and sold pursuant to Offering Circular File No. 024-10496. $18,139,200 were issued and sold pursuant to Offering Circular File No. 024-10753. $4,054,370 were issued and sold pursuant to Offering Circular File No. 024-10753 (as may be amended and supplemented from time to time).	
0001144204-18-039192	1	Groundfloor Finance Inc.	LROs	29119530	0	$6,935,960 were issued and sold pursuant to Offering Circular File No. 024-10496. $18,139,200 were issued and sold pursuant to Offering Circular File No. 024-10753. $4,054,370 were issued and sold pursuant to Offering Circular File No. 024-10753 (as may be amended and supplemented from time to time).	
0001144204-18-039192	3	Groundfloor Finance Inc.	LROs	29119530	0	$6,935,960 were issued and sold pursuant to Offering Circular File No. 024-10496. $18,139,200 were issued and sold pursuant to Offering Circular File No. 024-10753. $4,054,370 were issued and sold pursuant to Offering Circular File No. 024-10753 (as may be amended and supplemented from time to time).	
0001477932-18-003588	3	Webb Interactive Services, Inc.	Common Stock	2700000000	0	100% Allocation Media as determined by Board of Directors	
0001477932-18-003588	2	Webb Interactive Services, Inc.	Common Stock	2700000000	0	100% Allocation Media as determined by Board of Directors	
0001477932-18-003588	1	Webb Interactive Services, Inc.	Common Stock	2700000000	0	100% Allocation Media as determined by Board of Directors	
0001477932-18-003588	4	Webb Interactive Services, Inc.	Common Stock	2700000000	0	100% Allocation Media as determined by Board of Directors	
0001628279-18-000150	1	Soliton, Inc.	Convertible 8.25 Percent Bridge Notes	5000000	0	5,000,000	$21,000 (7% of proceeds)
0001628279-18-000150	3	Soliton, Inc.	Convertible 8.25 Percent Bridge Notes	5000000	0	5,000,000	$21,000 (7% of proceeds)
0001628279-18-000150	2	Soliton, Inc.	Convertible 8.25 Percent Bridge Notes	5000000	0	5,000,000	$21,000 (7% of proceeds)
0001628279-18-000150	4	Soliton, Inc.	Convertible 8.25 Percent Bridge Notes	5000000	0	5,000,000	$21,000 (7% of proceeds)
0001144204-18-039119	1	Building Bits Properties I, LLC	Common Bits	25000	0	25000	
0001683168-18-001987	2	Hylete, Inc.	Class B Common Stock	2368618	0	2,960,772	
0001683168-18-001987	1	Hylete, Inc.	Class B Common Stock	2368618	0	2,960,772	
0001477932-18-003573	1	Social Investment Holdings, Inc.	Common	7500000	0	$750 at $.0001 par value	
0001615774-18-006622	1	ADiTx Therapeutics, Inc.	Founders Shares, Shares of Common Stock	7294250	0	Founders shares issued at $0.001 per share at $7,100 in the aggregate; 131,250 shares of Common Stock issued for gross proceeds of $262,500.	
0001144204-18-038669	1	Groundfloor Finance Inc.	LROs	29077580	0	$6,925 were issued and sold pursuant to Offering Circular File No. 024-10496. $18,097,250 were issued and sold pursuant to Offering Circular File No. 024-10753. $4,054,370 were issued and sold pursuant to Offering Circular File No. 024-10758 (as may be amended and supplemented from time to time).	
0001144204-18-038669	2	Groundfloor Finance Inc.	LROs	29077580	0	$6,925 were issued and sold pursuant to Offering Circular File No. 024-10496. $18,097,250 were issued and sold pursuant to Offering Circular File No. 024-10753. $4,054,370 were issued and sold pursuant to Offering Circular File No. 024-10758 (as may be amended and supplemented from time to time).	
0001144204-18-038669	3	Groundfloor Finance Inc.	LROs	29077580	0	$6,925 were issued and sold pursuant to Offering Circular File No. 024-10496. $18,097,250 were issued and sold pursuant to Offering Circular File No. 024-10753. $4,054,370 were issued and sold pursuant to Offering Circular File No. 024-10758 (as may be amended and supplemented from time to time).	
0001144204-18-038659	1	Denim.LA, Inc.	Series A Preferred Stock	5932742	0	$2,966,371, at $0.50 per share which was based on a pre-money valuation of $30,214,597 and 58,429,194 outstanding shares.	
0001144204-18-038659	2	Denim.LA, Inc.	Series A Preferred Stock	5932742	0	$2,966,371, at $0.50 per share which was based on a pre-money valuation of $30,214,597 and 58,429,194 outstanding shares.	
0001079974-18-000396	1	Ultimate Holdings Corp	common	16000	0	16000 at one dollar per share	
0001477932-18-003545	1	InSitu Biologics, Inc.	Class A Common Shares	25000000	0	0	
0001477932-18-003545	3	InSitu Biologics, Inc.	Class A Common Shares	25000000	0	0	
0001477932-18-003545	2	InSitu Biologics, Inc.	Class A Common Shares	25000000	0	0	
0001549212-18-000022	1	SW Innovative Holdings, Inc.	Common	389250000	0	$299250	
0001193125-18-217650	1	XY - the Findables Company	Options to purchase shares of the Company's Class A Common Stock	21107650	0	N/A	
0001193125-18-217650	2	XY - the Findables Company	Options to purchase shares of the Company's Class A Common Stock	21107650	0	N/A	
0001683168-18-001942	1	Smart Decision, Inc.	Common Stock, $0.0001 par value	68400000	0	$6840 based on $0.0001 par value, for employment compensation and for cash.	
0001477932-18-003448	2	InSitu Biologics, Inc.	Class A Common Shares	25000000	0	0	
0001477932-18-003448	3	InSitu Biologics, Inc.	Class A Common Shares	25000000	0	0	
0001477932-18-003448	1	InSitu Biologics, Inc.	Class A Common Shares	25000000	0	0	
0001213900-18-009052	4	20/20 GeneSystems, Inc.	Series A-2 Preferred Stock	327388	0	$1,067,285 ($3.26/share).	
0001213900-18-009052	3	20/20 GeneSystems, Inc.	Series A-2 Preferred Stock	327388	0	$1,067,285 ($3.26/share).	
0001213900-18-009052	2	20/20 GeneSystems, Inc.	Series A-2 Preferred Stock	327388	0	$1,067,285 ($3.26/share).	
0001213900-18-009052	1	20/20 GeneSystems, Inc.	Series A-2 Preferred Stock	327388	0	$1,067,285 ($3.26/share).	
0001213900-18-009052	5	20/20 GeneSystems, Inc.	Series A-2 Preferred Stock	327388	0	$1,067,285 ($3.26/share).	
0001683168-18-001926	1	Advance Green Energy, Inc.	Class A Common Stock, $0.0001 par value	33863900	0	338639	
0001539497-18-001036	1	Vermundi Inc.	Common Stock	10000000	0	48,179	
0001213900-18-008945	1	Legion Capital Corp.	Corporate Notes	1181000	0	$1,181,000 - face amount of Notes	
0001683168-18-001909	1	Saddle Ranch Media, Inc.	Common Stock, $0.0001 par value	403149000	0	683,489	
0001477932-18-003405	1	SPRiZZi Bev-Co, Inc.	Common Stock	25500000	0	$51,000	
0001213900-18-008863	1	Hightimes Holding Corp.	Convertible Notes and Class A Common Stock	53473948	0	$13,000,000 senior secured note to ExWorks Capital Fund I, LP; $28,500,000 of convertible notes to former stockholders of Trans-High Corporation; $375,000 for Bio Cup Note; and 20,717,496 shares of Class A Common Stock for $11,598,948.	
0001144204-18-037572	1	Groundfloor Finance Inc.	LROs	28846340	0	$9,200,380 were issued and sold pursuant to Offering Circular File No. 024-10496. $15,862,050 were issued and sold pursuant to Offering Circular File No. 024-10753. $3,783,910 were issued and sold pursuant to Offering Circular File No. 024-10758 (as may be amended and supplemented from time to time).	
0001144204-18-037572	2	Groundfloor Finance Inc.	LROs	28846340	0	$9,200,380 were issued and sold pursuant to Offering Circular File No. 024-10496. $15,862,050 were issued and sold pursuant to Offering Circular File No. 024-10753. $3,783,910 were issued and sold pursuant to Offering Circular File No. 024-10758 (as may be amended and supplemented from time to time).	
0001144204-18-037572	3	Groundfloor Finance Inc.	LROs	28846340	0	$9,200,380 were issued and sold pursuant to Offering Circular File No. 024-10496. $15,862,050 were issued and sold pursuant to Offering Circular File No. 024-10753. $3,783,910 were issued and sold pursuant to Offering Circular File No. 024-10758 (as may be amended and supplemented from time to time).	
0001628279-18-000127	3	Soliton, Inc.	Convertible 8.25 Percent Bridge Notes	5000000	0	5,000,000	$21,000 (7% of proceeds)
0001628279-18-000127	2	Soliton, Inc.	Convertible 8.25 Percent Bridge Notes	5000000	0	5,000,000	$21,000 (7% of proceeds)
0001628279-18-000127	1	Soliton, Inc.	Convertible 8.25 Percent Bridge Notes	5000000	0	5,000,000	$21,000 (7% of proceeds)
0001628279-18-000127	4	Soliton, Inc.	Convertible 8.25 Percent Bridge Notes	5000000	0	5,000,000	$21,000 (7% of proceeds)
0001144204-18-037531	1	Esoteric Brewing Company, LLC	Series B Common	1508	0	$145,000 were paid for 1508 Series B Common Units, representing $100.00 per unit, with a discount of approximately 10% on the first 708 Units sold.	
0001683168-18-001883	1	The Movie Studio, Inc.	Common Stock	1763024	0	93810	
0001615774-18-006217	1	ADiTx Therapeutics, Inc.	Founders Shares, Shares of Common Stock	7294250	0	Founders shares issued at $0.001 per share at $7,100 in the aggregate; 131,250 shares of Common Stock issued for gross proceeds of $262,500.	
0001477932-18-003316	1	Cardone Equity Fund V, LLC	Class B Interests	1000	0	1000	
0001477932-18-003307	1	SPRiZZi Bev-Co, Inc.	Common Stock	25500000	0	$51,000	
0001493152-18-009539	1	Soligen Technologies, Inc.	Series D Preferred stock (no conversion feature)	1000	0	$0.00	
0001724115-18-000007	1	Lykuid Inc	Common stock	32500000	0	25,000	
