ACCESSION_NUMBER	INFO_ID	ISSUERNAME	CIK	JURISDICTIONORGANIZATION
0001689536-18-000001	1	NANO STONE INC	0001689536	DE
0001659173-18-000278	1	CapWest Income, LLC	0001683719	NV
0001144204-18-047193	1	Red Mountain Ventures Limited Partnership	0001712949	A1
0001683168-18-002545	1	Hylete, Inc.	0001599738	CA
0001079974-18-000408	1	HempTech Corp	0001671132	NV
0001477932-18-003687	1	Social Investment Holdings, Inc.	0001697831	FL
0001213900-18-009631	1	Property Income Trust LLC	0001694046	DE
0001493152-18-010348	1	APPLIQATE, INC.	0001669778	WY
0001213900-18-009492	1	EMERALD HEALTH PHARMACEUTICALS INC.	0001700800	DE
0001712534-18-000001	1	Business Lines Corp	0001712534	DE
