ACCESSION_NUMBER	ED_ID	TYPE	NAME	OUTSTANDING	CUSIP	PUBLICYTRADED
0001654954-18-010627	1	Preferred	N/A	0	000000000	N/A
0001654954-18-010627	2	Common	Class B Units	0	000000000	None
0001654954-18-010627	1	Debt Securities	7 percent Unsecured Bond	19458	40417L106	None
0001654954-18-010627	1	Common	Class A Units	616948650	000000000	None
0001104659-18-059321	1	Common	Class A	6068338	N/A	N/A
0001104659-18-059321	1	Preferred		0		
0001104659-18-059321	1	Debt Securities		0		
0001104659-18-059321	2	Common	Class B	1630876	N/A	N/A
0001144204-18-051336	1	Common	Common Stock	2534713	61972D107	N/A
0001144204-18-051336	1	Debt Securities	Promissory Notes	3527878	000000N/A	N/A
0001144204-18-051336	1	Preferred	Preferred Stock	0	000000N/A	N/A
0001376474-18-000135	1	Preferred		0		
0001376474-18-000135	1	Debt Securities		0		
0001376474-18-000135	1	Common	2020000	0		
0001477932-18-004654	1	Common	Class A	0		
0001477932-18-004654	1	Debt Securities	None	0		
0001477932-18-004654	1	Preferred	None	0		
0001144204-18-051107	1	Preferred	Series Seed	568796	000000N/A	N/A
0001144204-18-051107	2	Preferred	Series A Preferred Stock	747373	000000N/A	N/A
0001144204-18-051107	1	Debt Securities	Convertible Promissory Notes	2050000	000000N/A	N/A
0001144204-18-051107	1	Common	Common Stock	1136406	000000N/A	N/A
0001493152-18-013782	1	Debt Securities	NONE	0	000000000	NONE
0001493152-18-013782	1	Preferred	None	0	000000000	NONE
0001493152-18-013782	1	Common	Membership Interests	16015	000000000	NONE
0001477932-18-004634	1	Common	Class B Interests	1000	None	None
0001477932-18-004634	1	Preferred	Class A Interests	0		
0001477932-18-004634	1	Debt Securities	Debt Securities	0		
0001683168-18-002845	1	Preferred	A, B, C	13	22547L107	na
0001683168-18-002845	1	Debt Securities	none	0	0000000na	na
0001683168-18-002845	1	Common	Common	2148512607	22547L107	OTC Pink
0001213900-18-013021	1	Debt Securities	N/A	0	000000000	N/A
0001213900-18-013021	1	Preferred	N/A	0	000000000	N/A
0001213900-18-013021	1	Common	N/A	0	000000000	N/A
0001144204-18-050575	1	Common	Class A Common Stock	1000	000000000	N/A
0001144204-18-050575	1	Debt Securities	N/A	0	000000000	N/A
0001144204-18-050575	1	Preferred	N/A	0	000000000	N/A
0001144204-18-050575	2	Common	Class D Common Stock	1000	000000000	N/A
0001144204-18-050445	1	Preferred	Series Seed	568796	000000N/A	N/A
0001144204-18-050445	2	Preferred	Series A Preferred Stock	747373	000000N/A	N/A
0001144204-18-050445	1	Debt Securities	Convertible Promissory Notes	2050000	000000N/A	N/A
0001144204-18-050445	1	Common	Common Stock	1136406	000000N/A	N/A
0001213900-18-012878	1	Debt Securities	N/A	0	000000000	N/A
0001213900-18-012878	1	Preferred	N/A	0	000000000	N/A
0001213900-18-012878	1	Common	N/A	0	000000000	N/A
0001213900-18-012865	1	Preferred	Preferred Equity	0	000000000	N/A
0001213900-18-012865	1	Common	Common Stock	24645294	53952P101	N/A
0001213900-18-012865	1	Debt Securities	Convertible Notes	1448965	000000000	N/A
0001144204-18-050378	1	Common	Series A Common	1000	000000000	N/A
0001144204-18-050378	1	Debt Securities	Series C Common	0	000000000	N/A
0001144204-18-050378	1	Preferred	Series B Common	2008	000000000	N/A
0001213900-18-012832	1	Common	Class A Common Stock	28666666	000000000	N/A
0001213900-18-012832	2	Common	Class B Common Stock	1720000	000000000	N/A
0001213900-18-012832	1	Debt Securities	Notes	0	000000000	N/A
0001213900-18-012832	3	Common	Class C Common Stock	0	000000000	N/A
0001213900-18-012832	1	Preferred	N/A	0	000000000	N/A
0001683168-18-002809	1	Common	Common Stock	1948238976	786239103	OTCMarkets, Pink Open Market
0001683168-18-002809	1	Preferred	Series B preferred stock	1000000	0000000na	na
0001683168-18-002809	1	Debt Securities	none	0	0000000na	na
0001144204-18-050196	1	Debt Securities	N/A	0	000000000	N/A
0001144204-18-050196	1	Preferred	Non Voting Pref Series A	108027418	45113R208	OTC RWRDP
0001144204-18-050196	1	Common	Common Stock	100000000	000000000	N/A
0001144204-18-050071	1	Common	Common Stock	1136406	000000N/A	N/A
0001144204-18-050071	1	Debt Securities	Convertible Promissory Notes	2050000	000000N/A	N/A
0001144204-18-050071	2	Preferred	Series A Preferred Stock	747373	000000N/A	N/A
0001144204-18-050071	1	Preferred	Series Seed	568796	000000N/A	N/A
0001477932-18-004556	1	Common		0		
0001477932-18-004556	1	Preferred		0		
0001477932-18-004556	1	Debt Securities		0		
0001144204-18-049933	1	Debt Securities	Convertible Promissory Notes	2050000	000000N/A	N/A
0001144204-18-049933	2	Preferred	Series A Preferred Stock	747373	000000N/A	N/A
0001144204-18-049933	1	Preferred	Series Seed	568796	000000N/A	N/A
0001144204-18-049933	1	Common	Common Stock	1136406	000000N/A	N/A
0001712534-18-000005	1	Preferred	N/A	0	N/A	N/A
0001712534-18-000005	1	Debt Securities	N/A	0	N/A	N/A
0001712534-18-000005	1	Common	Common	15000000	NA	N/A
0001144204-18-049880	1	Preferred	N/A	0	000000N/A	N/A
0001144204-18-049880	1	Debt Securities	N/A	0	000000N/A	N/A
0001144204-18-049880	1	Common	Common Stock	43498162	68621M107	OTC Pink
0001477932-18-004549	1	Debt Securities	None	0		
0001477932-18-004549	1	Preferred	None	0		
0001477932-18-004549	1	Common	Common Stock	12391000	None	None
0001144204-18-049660	1	Preferred	Series C	1500000	000000000	N/A
0001144204-18-049660	1	Common	N/A	139192962	45074L109	OTCPinksheets
0001144204-18-049660	1	Debt Securities	N/A	0	000000000	N/A
0001144204-18-049628	1	Preferred	N/A	0	000000000	N/A
0001144204-18-049628	1	Debt Securities	N/A	0	000000000	N/A
0001144204-18-049628	2	Common	Class D Common Stock	1000	000000000	N/A
0001144204-18-049628	1	Common	Class A Common Stock	1000	000000000	N/A
0001683168-18-002771	1	Common	Common Stock	82306	000000000	N/A
0001683168-18-002771	1	Debt Securities	N/A	0	000000000	N/A
0001683168-18-002771	1	Preferred	Series A Preferred Stock	0	000000000	N/A
0001213900-18-012614	1	Preferred	N/A	0	000000000	N/A
0001213900-18-012614	1	Common	N/A	0	000000000	N/A
0001213900-18-012614	1	Debt Securities	N/A	0	000000000	N/A
0001144204-18-049475	5	Common	Class AA Common	0	000000000	None
0001144204-18-049475	5	Preferred	Series AA Non-Voting Preferred	0	000000000	None
0001144204-18-049475	4	Preferred	Series REG A Non-Voting Pref'd	0	000000000	None
0001144204-18-049475	1	Common	Original Common	552100	000000000	None
0001144204-18-049475	2	Common	Class A Common	5800	000000000	None
0001144204-18-049475	3	Common	Class A Plus Common	71900	000000000	None
0001144204-18-049475	4	Common	Class REG A Common	0	000000000	None
0001144204-18-049475	1	Debt Securities	None	0	000000000	None
0001144204-18-049475	1	Preferred	Original Non-Voting Preferred	2163800	000000000	None
0001144204-18-049475	2	Preferred	Series A Non-Voting Preferred	249500	000000000	None
0001144204-18-049475	3	Preferred	Series A Plus Non-Voting Pref'	215000	000000000	None
0001213900-18-012531	1	Debt Securities	Corporate Notes	2184341	000000000	None
0001213900-18-012531	1	Preferred	Membership Units	0	000000000	None
0001213900-18-012531	1	Common	Class A Common	16052435	000000000	None
0001144204-18-049243	1	Common	Common Stock	10377615	000000N/A	N/A
0001144204-18-049243	1	Preferred	Series Seed Preferred Stock	20714518	000000N/A	N/A
0001144204-18-049243	1	Debt Securities	N/A	0	000000N/A	N/A
0001144204-18-049243	3	Preferred	Series A-2 Preferred Stock	5932742	000000N/A	N/A
0001144204-18-049243	4	Preferred	Series CF Preferred Stock	124204	000000N/A	N/A
0001144204-18-049243	2	Preferred	Series A Preferred Stock	5648865	000000N/A	N/A
0001477932-18-004474	1	Common	Common Stock	12391000	None	None
0001477932-18-004474	1	Debt Securities	None	0		
0001477932-18-004474	1	Preferred	None	0		
0001144204-18-049023	1	Common	Common Stock	2534713	61972D107	N/A
0001144204-18-049023	1	Preferred	Preferred Stock	0	000000N/A	N/A
0001144204-18-049023	1	Debt Securities	Promissory Notes	3527878	000000N/A	N/A
0001144204-18-048911	1	Debt Securities	Series C Common	0	000000000	N/A
0001144204-18-048911	1	Preferred	Series B Common	2008	000000000	N/A
0001144204-18-048911	1	Common	Series A Common	1000	000000000	N/A
0001078782-18-000966	1	Common	Common stock	11475000	None	None
0001078782-18-000966	1	Debt Securities		0		
0001078782-18-000966	1	Preferred	Preferred stock	1000000	None	None
0001683168-18-002680	1	Common	Common Stock	4066148	00062459P	OTC Markets, Pink Open Market
0001683168-18-002680	1	Preferred	Series A	17855171	000000000	none
0001683168-18-002680	1	Debt Securities	N/A	0	000000000	N/A
0001144204-18-048832	1	Common	Class A Common Stock	9714391	000000N/A	N/A
0001144204-18-048832	2	Common	GAB Tokens	0	000000N/A	N/A
0001144204-18-048832	1	Preferred	N/A	0	000000N/A	N/A
0001144204-18-048832	1	Debt Securities	N/A	0	000000N/A	N/A
0001683168-18-002673	7	Common	Series Amers	36	000000N/A	N/A
0001683168-18-002673	6	Common	Series Soul Beam	62	000000N/A	N/A
0001683168-18-002673	5	Common	Series Cairo Kiss	16	000000N/A	N/A
0001683168-18-002673	4	Common	Series Bullion	25	000000N/A	N/A
0001683168-18-002673	3	Common	Series Swiss Minister	27	000000N/A	N/A
0001683168-18-002673	2	Common	Series Sigesmund	54	000000N/A	N/A
0001683168-18-002673	1	Common	Series Moonless Sky	199	000000N/A	N/A
0001683168-18-002673	9	Common	Series Takeo Squared	100	000000N/A	N/A
0001683168-18-002673	10	Common	Series Zestful	67	000000N/A	N/A
0001683168-18-002673	1	Preferred	none	0	000000N/A	N/A
0001683168-18-002673	1	Debt Securities	none	0	000000N/A	N/A
0001683168-18-002673	8	Common	Series Tavasco Road	33	000000N/A	N/A
0001144204-18-048713	2	Preferred	Series A Preferred Stock	747373	000000N/A	N/A
0001144204-18-048713	1	Debt Securities	Convertible Promissory Notes	2050000	000000N/A	N/A
0001144204-18-048713	1	Preferred	Series Seed	568796	000000N/A	N/A
0001144204-18-048713	1	Common	Common Stock	1136406	000000N/A	N/A
0001213900-18-012312	1	Debt Securities	Debt Securities	4000000000	000000N/A	N/A
0001213900-18-012312	1	Preferred	Preferred Stock	10000001	000000N/A	N/A
0001213900-18-012312	1	Common	Common Stock	4161506596	45331T200	Application to OTCMARKETS Upon Effective Date
0001683168-18-002664	1	Debt Securities	Convertible notes payable	386825	000000N/A	N/A
0001683168-18-002664	1	Common	Common Equity	10536004	000000N/A	N/A
0001683168-18-002664	1	Preferred	None	0	000000N/A	N/A
0001144204-18-048616	1	Common	Common Shares	688365	000000000	N/A
0001144204-18-048616	1	Debt Securities	N/A	0	000000000	N/A
0001144204-18-048616	1	Preferred	N/A	0	000000000	N/A
0001144204-18-048575	1	Common	Common Bits	25000	000000N/A	N/A
0001144204-18-048575	1	Preferred	N/A	0	000000N/A	N/A
0001144204-18-048575	1	Debt Securities	N/A	0	000000N/A	N/A
0001213900-18-012262	1	Debt Securities	-	0	000000000	-
0001213900-18-012262	1	Common	Common Units	4872654	90266X107	-
0001213900-18-012262	1	Preferred	-	0	000000000	-
0001477932-18-004409	1	Preferred	None	0		
0001477932-18-004409	1	Common	Class A	0		
0001477932-18-004409	1	Debt Securities	None	0		
0001213900-18-012215	1	Preferred	Membership Units	0	000000000	None
0001213900-18-012215	1	Common	Class A Common	16052435	000000000	None
0001213900-18-012215	1	Debt Securities	Corporate Notes	2184341	000000000	None
0001144204-18-048302	1	Preferred	N/A	0	000000000	N/A
0001144204-18-048302	2	Common	Class D Common Stock	1000	000000000	N/A
0001144204-18-048302	1	Common	Class A Common Stock	1000	000000000	N/A
0001144204-18-048302	1	Debt Securities	N/A	0	000000000	N/A
0001477932-18-004373	1	Debt Securities	None	0		
0001477932-18-004373	1	Common	Common Stock	12391000	None	None
0001477932-18-004373	1	Preferred	None	0		
0001615774-18-009107	1	Debt Securities	None	0	000000000	None
0001615774-18-009107	1	Preferred	None	0	000000000	None
0001615774-18-009107	1	Common	Common Stock	7304250	000000000	None
0001144204-18-047831	1	Common	Common Stock	1136406	000000N/A	N/A
0001144204-18-047831	1	Debt Securities	Convertible Promissory Notes	2050000	000000N/A	N/A
0001144204-18-047831	2	Preferred	Series A Preferred Stock	747373	000000N/A	N/A
0001144204-18-047831	1	Preferred	Series Seed	568796	000000N/A	N/A
0001078782-18-000945	1	Debt Securities		0		
0001078782-18-000945	1	Preferred	Preferred stock	1000000	None	None
0001078782-18-000945	1	Common	Common stock	11475000	None	None
0001640334-18-001710	1	Preferred	Series C Preferred Stock	9996000	N/A	N/A
0001640334-18-001710	1	Debt Securities		0		
0001640334-18-001710	1	Common	Common Stock	207050000	92904T100	OTC Markets
0001213900-18-012014	1	Debt Securities	Convertible Notes	1313015	000000000	N/A
0001213900-18-012014	1	Preferred	Preferred Equity	0	000000000	N/A
0001213900-18-012014	1	Common	Common Stock	24296037	53952P101	N/A
0001477932-18-004354	1	Debt Securities	None	0		
0001477932-18-004354	1	Common	Membership Interests	100	000000000	N/A
0001477932-18-004354	1	Preferred	None	0		
0001144204-18-047564	1	Debt Securities	N/A	0	000000000	N/A
0001144204-18-047564	1	Common	Common Stock	158960	33622A106	N/A
0001144204-18-047564	1	Preferred	N/A	0	000000000	N/A
0000927089-18-000327	1	Preferred	Preferred Stock	0	0	None
0000927089-18-000327	1	Common	Common Stock	1099313	156635104	OTCQX Marketplace
0000927089-18-000327	1	Debt Securities	None	0	0	None
0001213900-18-011987	1	Common	Common Stock	16920357	000000000	n/a
0001213900-18-011987	1	Preferred	Series Seed Preferred Stock	3011469	000000000	n/a
0001213900-18-011987	1	Debt Securities	n/a	0	000000000	n/a
0001079974-18-000483	1	Preferred	preferred	0	65339W203	none
0001079974-18-000483	1	Debt Securities	none	0	65339W203	none
0001079974-18-000483	1	Common	common	16627175	65339W203	otclink
0001104659-18-054571	1	Debt Securities		0		
0001104659-18-054571	1	Preferred	Preferred Stock	0		
0001104659-18-054571	1	Common	Common Stock	1053733	0	0
0001144204-18-047406	1	Common	Class A	558879	000000000	N/A
0001144204-18-047406	1	Debt Securities	N/A	0	000000000	N/A
0001144204-18-047406	1	Preferred	N/A	0	000000000	N/A
0001144204-18-047406	2	Common	Class B	1637243	000000000	N/A
0001628279-18-000225	1	Common	Common	1820556	000000000	NA
0001628279-18-000225	1	Debt Securities	Convertible Bridge Notes	6900000	000000000	NA
0001628279-18-000225	1	Preferred	Series A	416666	000000000	NA
0001628279-18-000225	2	Preferred	Series B	2118100	000000000	NA
0001683168-18-002566	1	Common	Common Stock, $0.001 par value	501082694	552681108	OTCMarkets, Pink Open Market
0001683168-18-002566	1	Preferred	none	0	000000000	none
0001683168-18-002566	1	Debt Securities	none	0	000000000	none
0001615774-18-008816	1	Common	Common Stock	7284250	000000000	None
0001615774-18-008816	1	Preferred	None	0	000000000	None
0001615774-18-008816	1	Debt Securities	None	0	000000000	None
0001144204-18-047205	1	Preferred	Series B Common	2008	000000000	N/A
0001144204-18-047205	1	Debt Securities	Series C Common	0	000000000	N/A
0001144204-18-047205	1	Common	Series A Common	1000	000000000	N/A
0000927089-18-000320	1	Debt Securities	None	0	000000000	None
0000927089-18-000320	1	Preferred	Preferred Stock	0	000000000	None
0000927089-18-000320	1	Common	Common Stock	1099313	156635104	OTC Pink Marketplace
0001144204-18-047057	1	Debt Securities	N/A	0	000000000	N/A
0001144204-18-047057	1	Preferred	N/A	0	000000000	N/A
0001144204-18-047057	1	Common	Common Shares	100	000000000	N/A
0001144204-18-046826	1	Preferred	Series Seed	3500000	000000N/A	N/A
0001144204-18-046826	1	Common	Common Stock	7430310	000000N/A	N/A
0001144204-18-046826	1	Debt Securities	Series A	3254261	000000N/A	N/A
0001683168-18-002529	1	Common	Common Stock	4587922087	83082Y102	OTC Pink Open Market
0001683168-18-002529	1	Preferred	none	0	000000n/a	N/A
0001683168-18-002529	1	Debt Securities	none	0	000000n/a	N/A
0001213900-18-011797	1	Preferred	-	0	000000000	-
0001213900-18-011797	1	Common	Common Units	4872654	90266X107	-
0001213900-18-011797	1	Debt Securities	-	0	000000000	-
0001654954-18-009584	1	Debt Securities	NONE	0	000000000	N/A
0001654954-18-009584	1	Common	Common	1	000000000	N/A
0001654954-18-009584	1	Preferred	NONE	0	000000000	N/A
0001477932-18-004312	1	Debt Securities	Debt Securities	0		
0001477932-18-004312	1	Common	Class B Interests	1000	None	None
0001477932-18-004312	1	Preferred	Class A Interests	0		
0001683168-18-002516	1	Debt Securities	none	0	00000none	none
0001683168-18-002516	1	Preferred	none	0	00000none	none
0001683168-18-002516	1	Common	Common Stock	10076298915	000891107	DRWN
0001493152-18-012569	1	Debt Securities	NONE	0	000000000	NONE
0001493152-18-012569	1	Common	Membership Interests	16015	000000000	NONE
0001493152-18-012569	1	Preferred	None	0	000000000	NONE
0001688804-18-000015	4	Common	Series #88LJ1	2000	0	None
0001688804-18-000015	1	Debt Securities		0		
0001688804-18-000015	1	Preferred		0		
0001688804-18-000015	8	Common	Series #89PS1	2000	0	None
0001688804-18-000015	7	Common	Series #90FM1	2000	0	None
0001688804-18-000015	6	Common	Series #95BL1	2000	0	None
0001688804-18-000015	5	Common	Series #55PS1	2000	0	None
0001688804-18-000015	3	Common	Series #85FT1	2000	0	None
0001688804-18-000015	2	Common	Series #69BM1	2000	0	None
0001688804-18-000015	1	Common	Series #77LE1	2000	0	None
0001683168-18-002498	2	Preferred	Series A-1	5970300	000000n/a	N/A
0001683168-18-002498	3	Preferred	Series A-2	4721500	000000n/a	N/A
0001683168-18-002498	1	Common	Class A Common Stock	7859600	000000n/a	N/A
0001683168-18-002498	1	Preferred	Series A	1712200	000000n/a	N/A
0001683168-18-002498	1	Debt Securities	Class A Bonds	482	000000000	N/A
0001683168-18-002498	2	Common	Class B Common Stock	3368618	000000n/a	N/A
0001104659-18-053400	1	Preferred	Preferred Stock	0		
0001104659-18-053400	1	Common	Common Stock	1053733	0	0
0001104659-18-053400	1	Debt Securities		0		
0001683168-18-002490	1	Debt Securities	none	0	00000none	none
0001683168-18-002490	1	Preferred	none	0	00000none	none
0001683168-18-002490	1	Common	Common Stock	10076298915	000891107	DRWN
0001750063-18-000006	1	Common	Class P Common Stock	564000	none	none
0001750063-18-000006	1	Preferred		0		
0001750063-18-000006	2	Common	Class F Common Stock	100	none	none
0001750063-18-000006	1	Debt Securities		0		
0001144204-18-046031	1	Debt Securities	Convertible Promissory Notes	2050000	000000N/A	N/A
0001144204-18-046031	2	Preferred	Series A Preferred Stock	747373	000000N/A	N/A
0001144204-18-046031	1	Preferred	Series Seed	568796	000000N/A	N/A
0001144204-18-046031	1	Common	Common Stock	1136406	000000N/A	N/A
0001144204-18-045891	1	Common	Series A Common	1000	000000000	N/A
0001144204-18-045891	1	Preferred	Series B Common	2008	000000000	N/A
0001144204-18-045891	1	Debt Securities	Series C Common	0	000000000	N/A
0001213900-18-011527	1	Debt Securities	None	0	000000000	None
0001213900-18-011527	1	Preferred	None	0	000000000	None
0001213900-18-011527	1	Common	Common Stock	23339400	000000000	Common Stock
0001144204-18-045790	1	Preferred	N/A	0	000000N/A	N/A
0001144204-18-045790	1	Common	Common Stock	38351590	000000N/A	N/A
0001144204-18-045790	1	Debt Securities	N/A	0	000000N/A	N/A
0001144204-18-045747	1	Common	N/A	139192962	45074L109	OTCPinksheets
0001144204-18-045747	1	Preferred	Series C	1500000	000000000	N/A
0001144204-18-045747	1	Debt Securities	N/A	0	000000000	N/A
0001683168-18-002436	1	Common	Common Stock	360533444	11777J304	None
0001683168-18-002436	1	Debt Securities	None	0	00000None	None
0001683168-18-002436	1	Preferred	Preferred Equity Series A	2000000	00000None	None
0001683168-18-002436	2	Preferred	Preferred Equity Series B	40000000	00000None	None
0001393905-18-000257	1	Debt Securities		0		
0001393905-18-000257	1	Preferred		0		
0001393905-18-000257	1	Common	Common	615422000	47714A105	OTC Pink
0001144204-18-045412	1	Common	Common Stock	1136406	000000N/A	N/A
0001144204-18-045412	1	Debt Securities	Convertible Promissory Notes	2050000	000000N/A	N/A
0001144204-18-045412	1	Preferred	Series Seed	568796	000000N/A	N/A
0001144204-18-045412	2	Preferred	Series A Preferred Stock	747373	000000N/A	N/A
0001078782-18-000895	1	Debt Securities		0		
0001078782-18-000895	1	Preferred	Preferred stock	1000000	None	None
0001078782-18-000895	1	Common	Common stock	11475000	None	None
0001213900-18-011367	1	Preferred	N/A	0	000000000	N/A
0001213900-18-011367	3	Common	Class C Common Stock	0	000000000	N/A
0001213900-18-011367	2	Common	Class B Common Stock	1720000	000000000	N/A
0001213900-18-011367	1	Common	Class A Common Stock	28666666	000000000	N/A
0001213900-18-011367	1	Debt Securities	Notes	0	000000000	N/A
0001615774-18-008289	1	Common	Common Stock	7284250	000000000	None
0001615774-18-008289	1	Debt Securities	None	0	000000000	None
0001615774-18-008289	1	Preferred	None	0	000000000	None
0001683168-18-002403	1	Preferred	Series A	1712200	000000n/a	N/A
0001683168-18-002403	2	Preferred	Series A-1	5970300	000000n/a	N/A
0001683168-18-002403	1	Common	Class A Common Stock	7859600	000000n/a	N/A
0001683168-18-002403	2	Common	Class B Common Stock	3368618	000000n/a	N/A
0001683168-18-002403	1	Debt Securities	Class A Bonds	482	000000000	N/A
0001683168-18-002403	3	Preferred	Series A-2	4721500	000000n/a	N/A
0001654954-18-009305	1	Common	Common	1	000000000	N/A
0001654954-18-009305	1	Preferred	NONE	0	000000000	N/A
0001654954-18-009305	1	Debt Securities	NONE	0	000000000	N/A
0001644516-18-000003	1	Preferred		0		
0001644516-18-000003	1	Common	Common/voting	13333000	none	none
0001644516-18-000003	1	Debt Securities		0		
0001742808-18-000002	1	Debt Securities		0		
0001742808-18-000002	1	Common	Common Shares	5000000	None	None
0001742808-18-000002	1	Preferred		0		
0001644516-18-000002	1	Preferred		0		
0001644516-18-000002	1	Common	common	4000000	0	n/a
0001644516-18-000002	1	Debt Securities		0		
0001683168-18-002381	1	Preferred	Convertible Preferred Stock Cl	28500000	000000000	none
0001683168-18-002381	1	Debt Securities	none	0	000000000	none
0001683168-18-002381	1	Common	Common Stock Class A	0	000000000	None
0001079974-18-000465	1	Common	common	16627175	65339W203	otclink
0001079974-18-000465	1	Debt Securities	none	0	65339W203	none
0001079974-18-000465	1	Preferred	preferred	0	65339W203	none
0001144204-18-045015	1	Preferred	N/A	0	000000N/A	N/A
0001144204-18-045015	1	Common	Common Stock	43498162	68621M107	OTC Pink
0001144204-18-045015	1	Debt Securities	N/A	0	000000N/A	N/A
0001144204-18-044971	1	Common	Common Shares	500	000000000	N/A
0001144204-18-044971	1	Preferred	N/A	0	000000000	N/A
0001144204-18-044971	1	Debt Securities	N/A	0	000000000	N/A
0001144204-18-044968	1	Preferred	N/A	0	000000000	N/A
0001144204-18-044968	1	Debt Securities	N/A	0	000000000	N/A
0001144204-18-044968	1	Common	Common Shares	500	000000000	N/A
0001493152-18-012063	1	Debt Securities	NONE	0	000000000	NONE
0001493152-18-012063	1	Preferred	None	0	000000000	NONE
0001493152-18-012063	1	Common	Membership Interests	100	000000000	NONE
0001144204-18-044758	1	Preferred	Series A Preferred Stock	11865046	000000N/A	N/A
0001144204-18-044758	1	Common	Class A Common Stock	2529087	000000N/A	N/A
0001144204-18-044758	4	Common	Class M Common Stock	0	000000N/A	N/A
0001144204-18-044758	3	Common	Class F Common Stock	10000000	000000N/A	N/A
0001144204-18-044758	2	Common	Class B Common Stock	3567927	000000N/A	N/A
0001144204-18-044758	1	Debt Securities	N/A	0	000000N/A	N/A
0001213900-18-010940	1	Debt Securities	n/a	0	000000000	n/a
0001213900-18-010940	3	Preferred	Series A-2 Preferred Stock	463107	000000000	n/a
0001213900-18-010940	2	Preferred	Series A-1 Preferred Stock	651465	000000000	n/a
0001213900-18-010940	1	Preferred	Series A Preferred Stock	846368	000000000	n/a
0001213900-18-010940	1	Common	Common Stock	4724633	000000000	n/a
0001477932-18-003937	1	Common	Common Stock	25500000	None	None
0001477932-18-003937	1	Debt Securities	None	0		
0001477932-18-003937	1	Preferred	None	0		
0001628279-18-000193	1	Common	Common	1820556	000000000	NA
0001628279-18-000193	2	Preferred	Series B	2118100	000000000	NA
0001628279-18-000193	1	Preferred	Series A	416666	000000000	NA
0001628279-18-000193	1	Debt Securities	Convertible Bridge Notes	6900000	000000000	NA
0001683168-18-002243	1	Debt Securities	none	0	000000000	n/a
0001683168-18-002243	1	Preferred	none	0	000000000	n/a
0001683168-18-002243	1	Common	Common Stock	3053024472	82668Y106	OTCMarkets, Pink Open Market
0001213900-18-010626	1	Debt Securities	n/a	0	000000000	n/a
0001213900-18-010626	1	Preferred	Series Seed Preferred Stock	3011469	000000000	n/a
0001213900-18-010626	1	Common	Common Stock	16920357	000000000	n/a
0001683168-18-002227	1	Common	Common Stock	1948238976	786239103	OTCMarkets, Pink Open Market
0001683168-18-002227	1	Preferred	Series B preferred stock	1000000	0000000na	na
0001683168-18-002227	1	Debt Securities	none	0	0000000na	na
0001731122-18-000053	1	Preferred	Series A Convertible Preferred	10000000	000000N/A	N/A
0001731122-18-000053	1	Debt Securities	N/A	0	000000N/A	N/A
0001731122-18-000053	1	Common	Common Stock	184523960	70324A208	OTC PINK
0001445866-18-000809	1	Debt Securities		0		
0001445866-18-000809	1	Preferred		0		
0001445866-18-000809	1	Common	N/A	1000000	N/A	N/A
0001144204-18-042871	1	Common	Common Shares	688365	000000000	N/A
0001144204-18-042871	1	Preferred	N/A	0	000000000	N/A
0001144204-18-042871	1	Debt Securities	N/A	0	000000000	N/A
0001144204-18-042870	1	Debt Securities	N/A	0	000000000	N/A
0001144204-18-042870	1	Preferred	N/A	0	000000000	N/A
0001144204-18-042870	1	Common	Common Shares	1359306	000000000	N/A
0001144204-18-042869	1	Debt Securities	N/A	0	000000000	N/A
0001144204-18-042869	1	Common	Common Shares	2826987	000000000	N/A
0001144204-18-042869	1	Preferred	N/A	0	000000000	N/A
0001742134-18-000007	1	Preferred		0		
0001742134-18-000007	1	Debt Securities		0		
0001742134-18-000007	1	Common	Common Shares	20000000	None	None
0001493152-18-011105	1	Preferred	Preferred D	1000	000000000	None
0001493152-18-011105	1	Common	Common	38946389	83423G109	Pink Open Market
0001493152-18-011105	1	Debt Securities	None	0	000000000	None
0001683168-18-002167	1	Debt Securities	none	0	000000000	none
0001683168-18-002167	1	Preferred	Convertible Preferred Stock Cl	28500000	000000000	none
0001683168-18-002167	1	Common	Common Stock Class A	0	000000000	None
0001144204-18-042362	1	Preferred	Series Seed	568796	000000N/A	N/A
0001144204-18-042362	2	Preferred	Series A Preferred Stock	747373	000000N/A	N/A
0001144204-18-042362	1	Common	Common Stock	1136406	000000N/A	N/A
0001144204-18-042362	1	Debt Securities	Convertible Promissory Notes	2050000	000000N/A	N/A
0001615774-18-007626	1	Debt Securities	None	0	000000000	None
0001615774-18-007626	1	Preferred	None	0	000000000	None
0001615774-18-007626	1	Common	Common Stock	7284250	000000000	None
0001652577-18-000006	1	Debt Securities		0		
0001652577-18-000006	1	Preferred		0		
0001652577-18-000006	2	Common	Class B	26000000	88557R201	none
0001652577-18-000006	1	Common	Class A	23259893	88557R201	none
0001652577-18-000005	1	Debt Securities		0		
0001652577-18-000005	2	Common	Class B	26000000	88557R201	none
0001652577-18-000005	1	Preferred		0		
0001652577-18-000005	1	Common	Class A	23259893	88557R201	none
0001144204-18-041951	1	Preferred	NA	0	000000000	NA
0001144204-18-041951	1	Common	Common Shares	4781516	000000000	NA
0001144204-18-041951	1	Debt Securities	NA	0	000000000	NA
0001144204-18-041947	1	Debt Securities	N/A	0	000000000	N/A
0001144204-18-041947	1	Preferred	N/A	0	000000000	N/A
0001144204-18-041947	1	Common	Common Shares	4755003	000000000	N/A
0001144204-18-041944	1	Common	Common Shares	4587001	000000000	N/A
0001144204-18-041944	1	Preferred	N/A	0	000000000	N/A
0001144204-18-041944	1	Debt Securities	N/A	0	000000000	N/A
0001144204-18-041937	1	Debt Securities	N/A	0	000000000	N/A
0001144204-18-041937	1	Preferred	N/A	0	000000000	N/A
0001144204-18-041937	1	Common	Common Shares	8427368	000000000	N/A
0001144204-18-041934	1	Debt Securities	N/A	0	000000N/A	N/A
0001144204-18-041934	1	Common	Common Shares	8516527	000000N/A	N/A
0001144204-18-041934	1	Preferred	N/A	0	000000N/A	N/A
0001144204-18-041924	1	Common	Common Shares	500	000000000	N/A
0001144204-18-041924	1	Preferred	N/A	0	000000000	N/A
0001144204-18-041924	1	Debt Securities	N/A	0	000000000	N/A
0001144204-18-041922	1	Debt Securities	N/A	0	000000000	N/A
0001144204-18-041922	1	Preferred	N/A	0	000000000	N/A
0001144204-18-041922	1	Common	Common Shares	500	000000000	N/A
0001558891-18-000068	1	Common	Common Stock	45000572	86845r207	OTC PINKS
0001558891-18-000068	1	Preferred	Series A	727600	00000None	N/A
0001558891-18-000068	1	Debt Securities	None	0	00000None	None
0001078782-18-000773	1	Common	Common stock	11475000	None	None
0001078782-18-000773	1	Preferred	Preferred stock	1000000	None	None
0001078782-18-000773	1	Debt Securities		0		
0001683168-18-002108	1	Common	Common Stock Class A	0	000000000	None
0001683168-18-002108	1	Debt Securities	none	0	000000000	none
0001683168-18-002108	1	Preferred	Convertible Preferred Stock Cl	28500000	000000000	none
0001549212-18-000028	1	Preferred	PREFERRED STOCK	80000	NONE	NONE
0001549212-18-000028	1	Debt Securities		0		
0001549212-18-000028	1	Common	COMMON STOCK	392062103	785014200	OTC PINK SHEETS- SWHI
0001477932-18-003778	1	Preferred	None	0		
0001477932-18-003778	1	Debt Securities	None	0		
0001477932-18-003778	1	Common	Common Stock	12391000	None	None
0001104659-18-048899	1	Common	Class A Common Stock	2000000	N/A	N/A
0001104659-18-048899	1	Preferred		0		
0001104659-18-048899	1	Debt Securities		0		
0001477932-18-003772	1	Debt Securities	None	0		
0001477932-18-003772	1	Preferred	None	0		
0001477932-18-003772	1	Common	Common Stock	12391000	None	None
0001477932-18-003766	1	Debt Securities	Debt Securities	0		
0001477932-18-003766	1	Preferred	Class A Interests	0		
0001477932-18-003766	1	Common	Class B Interests	1000	None	None
0001213900-18-010023	3	Preferred	Series A-2 Preferred Stock	463107	000000000	n/a
0001213900-18-010023	1	Debt Securities	n/a	0	000000000	n/a
0001213900-18-010023	2	Preferred	Series A-1 Preferred Stock	651465	000000000	n/a
0001213900-18-010023	1	Preferred	Series A Preferred Stock	846368	000000000	n/a
0001213900-18-010023	1	Common	Common Stock	4724633	000000000	n/a
0001144204-18-041214	1	Common	Class A	558879	000000000	N/A
0001144204-18-041214	1	Debt Securities	N/A	0	000000000	N/A
0001144204-18-041214	1	Preferred	N/A	0	000000000	N/A
0001144204-18-041214	2	Common	Class B	1637243	000000000	N/A
0001654954-18-008259	1	Common	Common	1	000000000	N/A
0001654954-18-008259	1	Debt Securities	NONE	0	000000000	N/A
0001654954-18-008259	1	Preferred	NONE	0	000000000	N/A
0001078782-18-000766	1	Preferred	Series B Convertible	0		
0001078782-18-000766	1	Common	Common	126643110	243443108	OTC Pink
0001078782-18-000766	3	Preferred	Series D 2012 Convertible	40	NONE	NONE
0001078782-18-000766	2	Preferred	Series C 2011 Patent Enforceme	6683	NONE	NONE
0001078782-18-000766	1	Debt Securities	Convertible Promissory Notes	1576301	NONE	NONE
0001078782-18-000766	4	Preferred	Series E Convertible	743240	NONE	NONE
0001493152-18-010739	1	Preferred	None	0	000000000	NONE
0001493152-18-010739	1	Common	Membership Interests	16015	000000000	NONE
0001493152-18-010739	1	Debt Securities	NONE	0	000000000	NONE
0001213900-18-009946	1	Common	Class A Common	16052435	000000000	None
0001213900-18-009946	1	Debt Securities	Corporate Notes	2184341	000000000	None
0001213900-18-009946	1	Preferred	Membership Units	0	000000000	None
0001683168-18-002058	1	Preferred	none	0	000000000	n/a
0001683168-18-002058	1	Debt Securities	none	0	000000000	n/a
0001683168-18-002058	1	Common	Class A, $0.0001 par value	68400000	001734669	SDEC to be requested
0001213900-18-009878	1	Preferred	Membership Units	0	000000000	None
0001213900-18-009878	1	Common	Class A Common	16052435	000000000	None
0001213900-18-009878	1	Debt Securities	Corporate Notes	2184341	000000000	None
0001477932-18-003708	1	Preferred	None	0		
0001477932-18-003708	1	Debt Securities	None	0		
0001477932-18-003708	1	Common	Common Stock	25500000	None	None
0001683168-18-002048	1	Common	Common Stock	4066148	00062459P	OTC Markets, Pink Open Market
0001683168-18-002048	1	Preferred	Series A	17855171	000000000	none
0001683168-18-002048	1	Debt Securities	N/A	0	000000000	N/A
0001493152-18-010612	1	Common	Common	38946389	83423G109	Pink Open Market
0001493152-18-010612	1	Preferred	Preferred D	1000	000000000	None
0001493152-18-010612	1	Debt Securities	None	0	000000000	None
0001640334-18-001474	1	Common	Common Stock	207050000	92904T100	OTC Markets
0001640334-18-001474	1	Preferred	Series C Preferred Stock	9996000	N/A	N/A
0001640334-18-001474	1	Debt Securities		0		
0001213900-18-009787	1	Preferred	Preferred Equity	0	000000000	N/A
0001213900-18-009787	1	Common	Common Stock	24191959	53952P101	N/A
0001213900-18-009787	1	Debt Securities	Convertible Notes	771015	000000000	N/A
0001683168-18-002040	1	Preferred	none	0	000000000	n/a
0001683168-18-002040	1	Debt Securities	none	0	000000000	n/a
0001683168-18-002040	1	Common	Class A, $0.0001 par value	68400000	001734669	SDEC to be requested
0001683168-18-002034	1	Common	Common Stock	4587922087	83082Y102	OTC Pink Open Market
0001683168-18-002034	1	Preferred	none	0	000000n/a	N/A
0001683168-18-002034	1	Debt Securities	none	0	000000n/a	N/A
0001144204-18-040420	1	Preferred	Series A Preferred Stock	11865046	000000N/A	N/A
0001144204-18-040420	1	Debt Securities	N/A	0	000000N/A	N/A
0001144204-18-040420	1	Common	Class A Common Stock	2529087	000000N/A	N/A
0001144204-18-040420	3	Common	Class F Common Stock	10000000	000000N/A	N/A
0001144204-18-040420	4	Common	Class M Common Stock	0	000000N/A	N/A
0001144204-18-040420	2	Common	Class B Common Stock	3567927	000000N/A	N/A
0001493152-18-010534	1	Preferred	Preferred	0	000000000	0
0001493152-18-010534	1	Common	common	61370000	000000000	0
0001493152-18-010534	1	Debt Securities	Debt	0	000000000	0
0001683168-18-002029	1	Common	Common Stock	4587922087	83082Y102	OTC Pink Open Market
0001683168-18-002029	1	Debt Securities	none	0	000000n/a	N/A
0001683168-18-002029	1	Preferred	none	0	000000n/a	N/A
0001493152-18-010523	1	Common	Common Stock	186248501	85221L107	OTCMarkets, Pink Open Market
0001493152-18-010523	1	Preferred	None	30000	000000000	None
0001493152-18-010523	1	Debt Securities	None	0	000000000	None
0001264931-18-000090	1	Common	Common Equity	35502516	926462102	OTC Markets
0001264931-18-000090	1	Preferred	Preferred Equity	60000	000000000	N/A
0001264931-18-000090	1	Debt Securities	None	0	000000000	N/A
0001549212-18-000026	1	Common	COMMON STOCK	392062103	785014200	OTC PINK SHEETS- SWHI
0001549212-18-000026	1	Preferred	PREFERRED STOCK	80000	NONE	NONE
0001549212-18-000026	1	Debt Securities		0		
0001144204-18-040075	1	Debt Securities	Series C Common	0	000000000	N/A
0001144204-18-040075	1	Preferred	Series B Common	1508	000000000	N/A
0001144204-18-040075	1	Common	Series A Common	1000	000000000	N/A
0001486452-18-000006	1	Debt Securities		0		
0001486452-18-000006	1	Common	Common	2471435	18717D206	OTC Pink
0001486452-18-000006	1	Preferred	Series A Super Voting	2000000	na	na
0001144204-18-039859	1	Common	Common Stock	38351590	000000N/A	N/A
0001144204-18-039859	1	Preferred	N/A	0	000000N/A	N/A
0001144204-18-039859	1	Debt Securities	N/A	0	000000N/A	N/A
0001144204-18-039810	1	Debt Securities	Convertible Promissory Notes	2050000	000000N/A	N/A
0001144204-18-039810	2	Preferred	Series A Preferred Stock	747373	000000N/A	N/A
0001144204-18-039810	1	Preferred	Series Seed	568796	000000N/A	N/A
0001144204-18-039810	1	Common	Common Stock	1136406	000000N/A	N/A
0001683168-18-002010	1	Common	Common	24525000	000000N/A	N/A
0001683168-18-002010	1	Preferred	Preferred	0	000000N/A	N/A
0001683168-18-002010	1	Debt Securities	None	0	000000N/A	N/A
0001683168-18-002006	1	Debt Securities	None	0	000000N/A	N/A
0001683168-18-002006	1	Preferred	Preferred	0	000000N/A	N/A
0001683168-18-002006	1	Common	Common	24525000	000000N/A	N/A
0001144204-18-039192	1	Common	Common Stock	1136406	000000N/A	N/A
0001144204-18-039192	2	Preferred	Series A Preferred Stock	747373	000000N/A	N/A
0001144204-18-039192	1	Preferred	Series Seed	568796	000000N/A	N/A
0001144204-18-039192	1	Debt Securities	Convertible Promissory Notes	2050000	000000N/A	N/A
0001477932-18-003588	1	Debt Securities		0		
0001477932-18-003588	3	Preferred	Series C Preferred	8500	n/a	n/a
0001477932-18-003588	2	Preferred	Series B Preferred	1000000	n/a	n/a
0001477932-18-003588	1	Common	Common Stock	3092676667	94748P104	OTC
0001477932-18-003588	1	Preferred	Series A Preferred	10000000	n/a	n/a
0001628279-18-000150	2	Preferred	Series B	2118100	000000000	NA
0001628279-18-000150	1	Preferred	Series A	416666	000000000	NA
0001628279-18-000150	1	Common	Common	1820556	000000000	NA
0001628279-18-000150	1	Debt Securities	Convertible Bridge Notes	6900000	000000000	NA
0001144204-18-039119	1	Preferred	N/A	0	000000N/A	N/A
0001144204-18-039119	1	Debt Securities	N/A	0	000000N/A	N/A
0001144204-18-039119	1	Common	Common Bits	25000	000000N/A	N/A
0001683168-18-001987	1	Preferred	Series A	1712200	000000n/a	N/A
0001683168-18-001987	2	Common	Class B Common Stock	3368618	000000n/a	N/A
0001683168-18-001987	1	Common	Class A Common Stock	7859600	000000n/a	N/A
0001683168-18-001987	2	Preferred	Series A-1	5970300	000000n/a	N/A
0001683168-18-001987	1	Debt Securities	Class A Bonds	200	000000000	N/A
0001683168-18-001987	3	Preferred	Series A-2	4721500	000000n/a	N/A
0001477932-18-003573	1	Common	Common Equity	7500000	N/A	N/A
0001477932-18-003573	1	Preferred	Preferred Equity	0		
0001477932-18-003573	1	Debt Securities	Debt Securities	0		
0001144204-18-038914	1	Debt Securities	None	0	000000000	None
0001144204-18-038914	1	Preferred	Preferred Stock	0	000000000	None
0001144204-18-038914	1	Common	Common Stock	1099313	156635104	OTC Pink Marketplace
0001144204-18-038840	1	Common	Common Stock	485317243	776616104	OTC Markets
0001144204-18-038840	1	Preferred	N/A	0	000000N/A	N/A
0001144204-18-038840	1	Debt Securities	N/A	0	000000N/A	N/A
0001477932-18-003561	1	Preferred	Preferred Membership Interests	0		
0001477932-18-003561	1	Debt Securities		0		
0001477932-18-003561	1	Common	Management Interests	100	None	None
0001615774-18-006622	1	Debt Securities	None	0	000000000	None
0001615774-18-006622	1	Preferred	None	0	000000000	None
0001615774-18-006622	1	Common	Common Stock	7294250	000000000	None
0001193125-18-219731	1	Preferred	N/A	0	000000000	N/A
0001193125-18-219731	1	Common	N/A	1623701	000000000	N/A
0001193125-18-219731	1	Debt Securities	N/A	0	000000000	N/A
0001144204-18-038669	2	Preferred	Series A Preferred Stock	747373	000000N/A	N/A
0001144204-18-038669	1	Debt Securities	Convertible Promissory Notes	2050000	000000N/A	N/A
0001144204-18-038669	1	Preferred	Series Seed	568796	000000N/A	N/A
0001144204-18-038669	1	Common	Common Stock	1136406	000000N/A	N/A
0001144204-18-038659	4	Preferred	Series CF Preferred Stock	92305	000000N/A	N/A
0001144204-18-038659	1	Preferred	Series Seed Preferred Stock	20714518	000000N/A	N/A
0001144204-18-038659	1	Common	Common Stock	10377615	000000N/A	N/A
0001144204-18-038659	2	Preferred	Series A Preferred Stock	5648865	000000N/A	N/A
0001144204-18-038659	3	Preferred	Series A-2 Preferred Stock	5932742	000000N/A	N/A
0001144204-18-038659	1	Debt Securities	N/A	0	000000N/A	N/A
0001079974-18-000396	1	Debt Securities	none	0	65339W203	none
0001079974-18-000396	1	Common	common	16627175	65339W203	otclink
0001079974-18-000396	1	Preferred	preferred	0	65339W203	none
0001477932-18-003545	1	Common	Common Stock	0	None	
0001477932-18-003545	1	Debt Securities		0		
0001477932-18-003545	1	Preferred		0		
0001549212-18-000022	1	Common	COMMON STOCK	392062103	785014200	OTC PINK SHEETS- SWHI
0001549212-18-000022	1	Preferred	PREFERRED STOCK	80000	NONE	NONE
0001549212-18-000022	1	Debt Securities		0		
0001193125-18-217650	1	Debt Securities	Debt Securities	0	000000000	n/a
0001193125-18-217650	1	Preferred	Preferred Equity	0	000000000	n/a
0001193125-18-217650	2	Common	Class A common stock	1805522	000000000	n/a
0001193125-18-217650	1	Common	Class B common stock	32315700	000000000	n/a
0001683168-18-001942	1	Common	Class A, $0.0001 par value	68400000	001734669	SDEC to be requested
0001683168-18-001942	1	Debt Securities	none	0	000000000	n/a
0001683168-18-001942	1	Preferred	none	0	000000000	n/a
0001477932-18-003448	1	Common	Common Stock	0	None	
0001477932-18-003448	1	Preferred		0		
0001477932-18-003448	1	Debt Securities		0		
0001213900-18-009052	1	Preferred	Series A Preferred Stock	846368	000000000	n/a
0001213900-18-009052	3	Preferred	Series A-2 Preferred Stock	463107	000000000	n/a
0001213900-18-009052	2	Preferred	Series A-1 Preferred Stock	651465	000000000	n/a
0001213900-18-009052	1	Common	Common Stock	4724633	000000000	n/a
0001213900-18-009052	1	Debt Securities	n/a	0	000000000	n/a
0001683168-18-001926	1	Debt Securities	none	0	0000000na	na
0001683168-18-001926	1	Preferred	none	0	0000000na	na
0001683168-18-001926	1	Common	Class A Common Stock	1362786900	0000000na	na
0001539497-18-001036	1	Common	Common Equity	90000000	000000000	none
0001539497-18-001036	1	Debt Securities	N/A	0	000000000	none
0001539497-18-001036	1	Preferred	N/A	0	000000000	none
0001213900-18-008945	1	Debt Securities	Corporate Notes	2184341	000000000	None
0001213900-18-008945	1	Preferred	Membership Units	0	000000000	None
0001213900-18-008945	1	Common	Class A Common	16017235	000000000	None
0001683168-18-001909	1	Debt Securities	none	0	0000000na	na
0001683168-18-001909	1	Preferred	Series B preferred stock	1000000	0000000na	na
0001683168-18-001909	1	Common	Common Stock	1948238976	786239103	OTCMarkets, Pink Open Market
0001477932-18-003405	1	Preferred	None	0		
0001477932-18-003405	1	Debt Securities	None	0		
0001477932-18-003405	1	Common	Common Stock	25500000	None	None
0001477932-18-003397	1	Common	Common Stock	0		
0001477932-18-003397	1	Preferred	Preferred Equity	0		
0001477932-18-003397	1	Debt Securities	Debt Securities	0		
0001213900-18-008863	1	Common	Class A Class B	20717496	000000000	NA
0001213900-18-008863	1	Preferred	0	0	000000000	NA
0001213900-18-008863	1	Debt Securities	Purchase Notes	43066390	000000000	NA
0001144204-18-037572	1	Preferred	Series Seed	568796	000000N/A	N/A
0001144204-18-037572	2	Preferred	Series A Preferred Stock	747373	000000N/A	N/A
0001144204-18-037572	1	Common	Common Stock	1136406	000000N/A	N/A
0001144204-18-037572	1	Debt Securities	Convertible Promissory Notes	2050000	000000N/A	N/A
0001628279-18-000127	1	Preferred	Series A	416666	000000000	NA
0001628279-18-000127	1	Common	Common	1820556	000000000	NA
0001628279-18-000127	2	Preferred	Series B	2118100	000000000	NA
0001628279-18-000127	1	Debt Securities	Convertible Bridge Notes	6900000	000000000	NA
0001144204-18-037531	1	Debt Securities	Series C Common	0	000000000	N/A
0001144204-18-037531	1	Common	Series A Common	1000	000000000	N/A
0001144204-18-037531	1	Preferred	Series B Common	1508	000000000	N/A
0001683168-18-001883	1	Preferred	Series A	17855171	000000000	none
0001683168-18-001883	1	Common	Common Stock	4066148	00062459P	OTC Markets, Pink Open Market
0001683168-18-001883	1	Debt Securities	N/A	0	000000000	N/A
0001193125-18-213210	1	Common	N/A	1623701	000000000	N/A
0001193125-18-213210	1	Preferred	N/A	0	000000000	N/A
0001193125-18-213210	1	Debt Securities	N/A	0	000000000	N/A
0001437749-18-013015	1	Debt Securities		0		
0001437749-18-013015	1	Preferred		0		
0001437749-18-013015	1	Common	Common Stock	43334000	0	n/a
0001615774-18-006217	1	Common	Common Stock	7294250	000000000	None
0001615774-18-006217	1	Preferred	None	0	000000000	None
0001615774-18-006217	1	Debt Securities	None	0	000000000	None
0001477932-18-003311	4	Common		0		
0001477932-18-003311	1	Preferred	None	0		
0001477932-18-003311	1	Common	Voting Common Stock	10000000	None	None
0001477932-18-003311	3	Common		0		
0001477932-18-003311	1	Debt Securities	None	0		
0001477932-18-003311	2	Common	Non-Voting Common Stock	0	None	None
0001477932-18-003311	5	Common		0		
0001477932-18-003316	1	Debt Securities	Debt Securities	0		
0001477932-18-003316	1	Preferred	Class A Interests	0		
0001477932-18-003316	1	Common	Class B Interests	1000	None	None
0001493152-18-009580	1	Debt Securities	None	0	000000000	N/A
0001493152-18-009580	1	Preferred	None	0	000000000	N/A
0001493152-18-009580	1	Common	Common Stock	10000000	000000000	N/A
0001477932-18-003307	1	Preferred	None	0		
0001477932-18-003307	1	Debt Securities	None	0		
0001477932-18-003307	1	Common	Common Stock	25500000	None	None
0001493152-18-009539	1	Common	Common	38946389	83423G109	Pink Open Market
0001493152-18-009539	1	Debt Securities	None	0	000000000	None
0001493152-18-009539	1	Preferred	Preferred D	1000	000000000	None
0001724115-18-000007	1	Preferred	N/A	0	N/A	N/A
0001724115-18-000007	1	Debt Securities	N/A	0	N/A	N/A
0001724115-18-000007	1	Common	Common	32500000	N/A	N/A
