ACCESSION_NUMBER	SO_ID	SECURITIESOFFEREDTYPES	SECURITIESOFFEREDOTHERDESC
0001654954-18-010627	1	Debt	
0001104659-18-059321	1	Equity (common or preferred stock)	
0001144204-18-051336	1	Equity (common or preferred stock)	
0001376474-18-000135	1	Equity (common or preferred stock)	
0001477932-18-004654	1	Equity (common or preferred stock)	
0001144204-18-051107	1	Other(describe)	Limited Recourse Obligation (LRO), a limited debt obligation of the issuer
0001493152-18-013782	1	Equity (common or preferred stock)	
0001477932-18-004634	1	Equity (common or preferred stock)	
0001683168-18-002845	1	Equity (common or preferred stock)	
0001213900-18-013021	1	Debt	
0001144204-18-050575	1	Equity (common or preferred stock)	
0001144204-18-050445	1	Other(describe)	Limited Recourse Obligation (LRO), a limited debt obligation of the issuer
0001213900-18-012878	1	Debt	
0001213900-18-012865	2	Option, warrant or other right to acquire another security	
0001213900-18-012865	1	Equity (common or preferred stock)	
0001144204-18-050378	1	Equity (common or preferred stock)	
0001213900-18-012832	1	Equity (common or preferred stock)	
0001683168-18-002809	1	Equity (common or preferred stock)	
0001144204-18-050196	1	Equity (common or preferred stock)	
0001144204-18-050071	1	Other(describe)	Limited Recourse Obligation (LRO), a limited debt obligation of the issuer
0001477932-18-004556	1	Equity (common or preferred stock)	
0001144204-18-049933	1	Other(describe)	Limited Recourse Obligation (LRO), a limited debt obligation of the issuer
0001712534-18-000005	1	Equity (common or preferred stock)	
0001144204-18-049880	1	Equity (common or preferred stock)	
0001477932-18-004549	1	Equity (common or preferred stock)	
0001144204-18-049660	1	Equity (common or preferred stock)	
0001144204-18-049628	1	Equity (common or preferred stock)	
0001683168-18-002771	1	Equity (common or preferred stock)	
0001213900-18-012614	1	Debt	
0001144204-18-049475	1	Equity (common or preferred stock)	
0001213900-18-012531	1	Equity (common or preferred stock)	
0001144204-18-049243	1	Equity (common or preferred stock)	
0001477932-18-004474	1	Equity (common or preferred stock)	
0001144204-18-049023	1	Equity (common or preferred stock)	
0001144204-18-048911	1	Equity (common or preferred stock)	
0001078782-18-000966	1	Equity (common or preferred stock)	
0001683168-18-002680	1	Equity (common or preferred stock)	
0001144204-18-048832	1	Equity (common or preferred stock)	
0001683168-18-002673	1	Other(describe)	Series LLC Interests
0001144204-18-048713	1	Other(describe)	Limited Recourse Obligation (LRO), a limited debt obligation of the issuer
0001213900-18-012312	1	Equity (common or preferred stock)	
0001683168-18-002664	2	Security to be acquired upon exercise of option, warrant or other right to acquire security	
0001683168-18-002664	1	Equity (common or preferred stock)	
0001144204-18-048616	1	Equity (common or preferred stock)	
0001144204-18-048575	1	Equity (common or preferred stock)	
0001213900-18-012262	1	Other(describe)	Common Units representing limited partner interests
0001477932-18-004409	1	Equity (common or preferred stock)	
0001213900-18-012215	1	Equity (common or preferred stock)	
0001144204-18-048302	1	Equity (common or preferred stock)	
0001477932-18-004373	1	Equity (common or preferred stock)	
0001615774-18-009107	1	Equity (common or preferred stock)	
0001615774-18-009107	2	Option, warrant or other right to acquire another security	
0001144204-18-047831	1	Other(describe)	Limited Recourse Obligation (LRO), a limited debt obligation of the issuer
0001078782-18-000945	1	Equity (common or preferred stock)	
0001640334-18-001710	1	Equity (common or preferred stock)	
0001213900-18-012014	1	Equity (common or preferred stock)	
0001213900-18-012014	2	Option, warrant or other right to acquire another security	
0001477932-18-004354	1	Other(describe)	BUY ERC-20 Security Tokens
0001144204-18-047564	1	Equity (common or preferred stock)	
0000927089-18-000327	1	Equity (common or preferred stock)	
0001213900-18-011987	1	Equity (common or preferred stock)	
0001079974-18-000483	1	Equity (common or preferred stock)	
0001104659-18-054571	1	Equity (common or preferred stock)	
0001144204-18-047406	1	Equity (common or preferred stock)	
0001628279-18-000225	1	Equity (common or preferred stock)	
0001683168-18-002566	1	Equity (common or preferred stock)	
0001615774-18-008816	2	Option, warrant or other right to acquire another security	
0001615774-18-008816	1	Equity (common or preferred stock)	
0001144204-18-047205	1	Equity (common or preferred stock)	
0000927089-18-000320	1	Equity (common or preferred stock)	
0001144204-18-047057	1	Equity (common or preferred stock)	
0001144204-18-046826	1	Equity (common or preferred stock)	
0001683168-18-002529	1	Equity (common or preferred stock)	
0001213900-18-011797	1	Other(describe)	Common Units representing limited partner interests
0001654954-18-009584	1	Debt	
0001477932-18-004312	1	Equity (common or preferred stock)	
0001683168-18-002516	1	Equity (common or preferred stock)	
0001493152-18-012569	1	Equity (common or preferred stock)	
0001688804-18-000015	1	Other(describe)	LLC Interests
0001683168-18-002498	1	Equity (common or preferred stock)	
0001104659-18-053400	1	Equity (common or preferred stock)	
0001683168-18-002490	1	Equity (common or preferred stock)	
0001750063-18-000006	1	Equity (common or preferred stock)	
0001144204-18-046031	1	Other(describe)	Limited Recourse Obligation (LRO), a limited debt obligation of the issuer
0001144204-18-045891	1	Equity (common or preferred stock)	
0001213900-18-011527	1	Equity (common or preferred stock)	
0001144204-18-045790	1	Equity (common or preferred stock)	
0001144204-18-045747	1	Equity (common or preferred stock)	
0001683168-18-002436	1	Equity (common or preferred stock)	
0001393905-18-000257	1	Equity (common or preferred stock)	
0001144204-18-045412	1	Other(describe)	Limited Recourse Obligation (LRO), a limited debt obligation of the issuer
0001078782-18-000895	1	Equity (common or preferred stock)	
0001213900-18-011367	1	Equity (common or preferred stock)	
0001615774-18-008289	1	Equity (common or preferred stock)	
0001615774-18-008289	2	Option, warrant or other right to acquire another security	
0001683168-18-002403	1	Equity (common or preferred stock)	
0001654954-18-009305	1	Debt	
0001644516-18-000003	1	Equity (common or preferred stock)	
0001742808-18-000002	1	Equity (common or preferred stock)	
0001644516-18-000002	1	Equity (common or preferred stock)	
0001683168-18-002381	1	Equity (common or preferred stock)	
0001079974-18-000465	1	Equity (common or preferred stock)	
0001144204-18-045015	1	Equity (common or preferred stock)	
0001144204-18-044971	1	Equity (common or preferred stock)	
0001144204-18-044968	1	Equity (common or preferred stock)	
0001493152-18-012063	1	Equity (common or preferred stock)	
0001144204-18-044758	1	Equity (common or preferred stock)	
0001213900-18-010940	1	Equity (common or preferred stock)	
0001477932-18-003937	1	Equity (common or preferred stock)	
0001628279-18-000193	1	Equity (common or preferred stock)	
0001683168-18-002243	1	Equity (common or preferred stock)	
0001213900-18-010626	1	Equity (common or preferred stock)	
0001683168-18-002227	1	Equity (common or preferred stock)	
0001731122-18-000053	1	Equity (common or preferred stock)	
0001445866-18-000809	1	Equity (common or preferred stock)	
0001144204-18-042871	1	Equity (common or preferred stock)	
0001144204-18-042870	1	Equity (common or preferred stock)	
0001144204-18-042869	1	Equity (common or preferred stock)	
0001742134-18-000007	2	Other(describe)	Simple Agreement to Convert Common Shares to Tokens
0001742134-18-000007	1	Equity (common or preferred stock)	
0001493152-18-011105	1	Equity (common or preferred stock)	
0001683168-18-002167	1	Equity (common or preferred stock)	
0001144204-18-042362	1	Other(describe)	Limited Recourse Obligation (LRO), a limited debt obligation of the issuer
0001615774-18-007626	2	Option, warrant or other right to acquire another security	
0001615774-18-007626	1	Equity (common or preferred stock)	
0001652577-18-000006	1	Equity (common or preferred stock)	
0001652577-18-000005	1	Equity (common or preferred stock)	
0001144204-18-041951	1	Equity (common or preferred stock)	
0001144204-18-041947	1	Equity (common or preferred stock)	
0001144204-18-041944	1	Equity (common or preferred stock)	
0001144204-18-041937	1	Equity (common or preferred stock)	
0001144204-18-041934	1	Equity (common or preferred stock)	
0001144204-18-041924	1	Equity (common or preferred stock)	
0001144204-18-041922	1	Equity (common or preferred stock)	
0001558891-18-000068	1	Equity (common or preferred stock)	
0001078782-18-000773	1	Equity (common or preferred stock)	
0001683168-18-002108	1	Equity (common or preferred stock)	
0001549212-18-000028	1	Equity (common or preferred stock)	
0001477932-18-003778	1	Equity (common or preferred stock)	
0001104659-18-048899	1	Equity (common or preferred stock)	
0001477932-18-003772	1	Equity (common or preferred stock)	
0001477932-18-003766	1	Equity (common or preferred stock)	
0001213900-18-010023	1	Equity (common or preferred stock)	
0001144204-18-041214	1	Equity (common or preferred stock)	
0001654954-18-008259	1	Debt	
0001078782-18-000766	1	Equity (common or preferred stock)	
0001493152-18-010739	1	Equity (common or preferred stock)	
0001213900-18-009946	1	Equity (common or preferred stock)	
0001683168-18-002058	1	Equity (common or preferred stock)	
0001213900-18-009878	1	Equity (common or preferred stock)	
0001477932-18-003708	1	Equity (common or preferred stock)	
0001683168-18-002048	1	Equity (common or preferred stock)	
0001493152-18-010612	1	Equity (common or preferred stock)	
0001640334-18-001474	1	Equity (common or preferred stock)	
0001213900-18-009787	1	Equity (common or preferred stock)	
0001683168-18-002040	1	Equity (common or preferred stock)	
0001683168-18-002034	1	Equity (common or preferred stock)	
0001144204-18-040420	1	Equity (common or preferred stock)	
0001493152-18-010534	1	Equity (common or preferred stock)	
0001683168-18-002029	1	Equity (common or preferred stock)	
0001493152-18-010523	1	Equity (common or preferred stock)	
0001264931-18-000090	1	Equity (common or preferred stock)	
0001549212-18-000026	1	Equity (common or preferred stock)	
0001144204-18-040075	1	Equity (common or preferred stock)	
0001486452-18-000006	1	Equity (common or preferred stock)	
0001144204-18-039859	1	Equity (common or preferred stock)	
0001144204-18-039810	1	Other(describe)	Limited Recourse Obligation (LRO), a limited debt obligation of the issuer
0001683168-18-002010	1	Equity (common or preferred stock)	
0001683168-18-002006	1	Equity (common or preferred stock)	
0001144204-18-039192	1	Other(describe)	Limited Recourse Obligation (LRO), a limited debt obligation of the issuer
0001477932-18-003588	1	Equity (common or preferred stock)	
0001628279-18-000150	1	Equity (common or preferred stock)	
0001144204-18-039119	1	Equity (common or preferred stock)	
0001683168-18-001987	1	Equity (common or preferred stock)	
0001477932-18-003573	1	Equity (common or preferred stock)	
0001144204-18-038914	1	Equity (common or preferred stock)	
0001144204-18-038840	1	Equity (common or preferred stock)	
0001477932-18-003561	1	Debt	
0001615774-18-006622	2	Option, warrant or other right to acquire another security	
0001615774-18-006622	1	Equity (common or preferred stock)	
0001193125-18-219731	1	Equity (common or preferred stock)	
0001144204-18-038669	1	Other(describe)	Limited Recourse Obligation (LRO), a limited debt obligation of the issuer
0001144204-18-038659	1	Equity (common or preferred stock)	
0001079974-18-000396	1	Equity (common or preferred stock)	
0001477932-18-003545	1	Equity (common or preferred stock)	
0001549212-18-000022	1	Equity (common or preferred stock)	
0001193125-18-217650	1	Equity (common or preferred stock)	
0001683168-18-001942	1	Equity (common or preferred stock)	
0001477932-18-003448	1	Equity (common or preferred stock)	
0001213900-18-009052	1	Equity (common or preferred stock)	
0001683168-18-001926	1	Equity (common or preferred stock)	
0001539497-18-001036	1	Equity (common or preferred stock)	
0001213900-18-008945	1	Equity (common or preferred stock)	
0001683168-18-001909	1	Equity (common or preferred stock)	
0001477932-18-003405	1	Equity (common or preferred stock)	
0001477932-18-003397	1	Equity (common or preferred stock)	
0001213900-18-008863	1	Equity (common or preferred stock)	
0001144204-18-037572	1	Other(describe)	Limited Recourse Obligation (LRO), a limited debt obligation of the issuer
0001628279-18-000127	1	Equity (common or preferred stock)	
0001144204-18-037531	1	Equity (common or preferred stock)	
0001683168-18-001883	1	Equity (common or preferred stock)	
0001193125-18-213210	1	Equity (common or preferred stock)	
0001437749-18-013015	1	Equity (common or preferred stock)	
0001615774-18-006217	1	Equity (common or preferred stock)	
0001615774-18-006217	2	Option, warrant or other right to acquire another security	
0001477932-18-003311	1	Equity (common or preferred stock)	
0001477932-18-003316	1	Equity (common or preferred stock)	
0001493152-18-009580	1	Equity (common or preferred stock)	
0001477932-18-003307	1	Equity (common or preferred stock)	
0001493152-18-009539	1	Equity (common or preferred stock)	
0001724115-18-000007	1	Equity (common or preferred stock)	
