ACCESSION_NUMBER	SIGN_ID	CIK	REGULATIONISSUERNAME1	REGULATIONISSUERNAME2	SIGNATUREBY	SIGNATURE_DATE	TITLE
0001144204-18-051167	1	0001654595	Medalist Diversified REIT	Medalist Diversified REIT	/s/ Thomas E. Messier	27-SEP-2018	President
0001644600-18-000030	1	0001721217	Bitzumi, Inc.	Bitzumi, Inc.	Scot Cohen	05-SEP-2018	Chief Executive Officer & Chairman of the Board of Directors
0001477932-18-004301	1	0001594139	PFG Fund III, LLC	PFG Fund III, LLC	Kevin Amolsch	24-AUG-2018	CEO Pine Financial Group, Inc. Manager
0001477932-18-004298	1	0001646036	United Group Fund, Inc	United Group Fund, Inc	Cherif Medawar	24-AUG-2018	CEO
0001652577-18-000008	1	0001652577	360 Sports, Inc.	360 Sports, Inc.	Robert F Licopoli	24-AUG-2018	CEO
0001213900-18-010924	1	0001682110	Duke Robotics, Inc.	Duke Robotics, Inc.	Mr. Sagiv Aharon	14-AUG-2018	CEO & President
0001506275-18-000001	1	0001506275	Our Microlending LLC	Our Microlending LLC	Emilio Santandreu	03-JUL-2018	CEO
