ACCESSION_NUMBER	STREET1	STREET2	CITY	STATEORCOUNTRY	ZIPCODE	PHONENUMBER	CONNECTIONNAME	INDUSTRYGROUP	CASHEQUIVALENTS	INVESTMENTSECURITIES	TOTALINVESTMENTS	ACCOUNTSRECEIVABLE	LOANS	PROPERTYPLANTEQUIPMENT	PROPERTYANDEQUIPMENT	TOTALASSETS	ACCOUNTSPAYABLE	POLICYLIABILITIESANDACCRUALS	DEPOSITS	LONGTERMDEBT	TOTALLIABILITIES	TOTALSTOCKHOLDEREQUITY	TOTALLIABILITIESANDEQUITY	TOTALREVENUES	TOTALINTERESTINCOME	COSTANDEXPENSESAPPLTOREVENUES	TOTALINTERESTEXPENSES	DEPRECIATIONANDAMORTIZATION	NETINCOME	EARNINGSPERSHAREBASIC	EARNINGSPERSHAREDILUTED	NAMEAUDITOR	CERTIFYIFTRUE	CERTIFYIFNOTDISQUALIFIED	CERTIFYIFBADACTOR	JURISDICTIONSOFSECOFFEREDNONE	JURISDICTIONSOFSECOFFEREDSAME	IFUNREGSITEREDNONE	SECURITIESACTEXCEMPTION
0001654954-18-010627	257 EAST MAIN STREET	SUITE 200	BARRINGTON	IL	60010	8472779930	Rhys James	Other	1569096.0	0.0		59206.0		55753225.0		58239508.0	491114.0			55416366.0	57921160.0	318348.0	58239508.0	2905125.0		2346715.0		1441872.0	-1093358.0	0.0	0.0	Eide Bailly LLP and Plante & Moran, PLLC	true	true			true	true	
0001104659-18-059321	3003 32nd Avenue South		Fargo	ND	58103	701-239-8425	Randy Sparling	Other	4100614.0	0.0		1854980.0		465803419.0		486438325.0	10403818.0			358891210.0	375324654.0	111113671.0	486438325.0	57619008.0		50023257.0		11037525.0	2976997.0	0.39	0.39	Eide Bailly LLP	true	true	false	false	true	false	Rule 230.251(a)(1) under Section 3(b) of the Securities Act.
0001144204-18-051336	60 South Market Street		San Jose	CA	95113	408-370-1248	Michael Faro	Other	74376.0	0.0		75505.0		5960.0		1784941.0	5360973.0			1964564.0	10537840.0	-8752899.0	1784941.0	1603131.0		1484738.0		78212.0	-3716433.0	-1.47	-1.47	RBSM LLP	true	true		true			Convertible Notes: Section 4(2) and Rule 506(b) - solely accredited investors  Shares: No cash payment but covered in any event by Regulation S.
0001376474-18-000135	1030 West White Horse Pike		Egg Harbor City	NJ	08215	609-965-6555	Christopher Netelkos	Other	51500.0	1050.0		0.0		97800.0		150350.0	350.0			50000.0	50350.0	100000.0	150350.0	0.0		0.0		0.0	0.0	0.0	0.0		true	true	false	true	false	true	
0001477932-18-004654	236 BICKNELL AVENUE	APT 11	SANTA MONICA	CA	90405	724-809-9710	Jillian Sidoti	Other	1000.0	0.0		0.0		0.0		1000.0	0.0			0.0	0.0	1000.0	1000.0	0.0		0.0		0.0	0.0	0.0	0.0	IndigoSpire CPA Group	true	true	false	true		true	
0001144204-18-051107	75 Fifth Street, NW	Suite 2170	ATLANTA	GA	30308	404-850-9225	Nick Bhargava	Other	921594.0	0.0		20120085.0		433452.0		21507228.0	16872490.0			0.0	22787493.0	-1280265.0	21507228.0	804936.0		117587.0		102471.0	-1976473.0	-1.75	-1.75	Hughes Pittman and Gupton LLP	true	true		true			Regulation A, Rule 506 of Regulation D, and Rule 506 of Regulation D, respectively.
0001493152-18-013782	SPRING PLACE, 6 ST JOHNS LANE	7th FLOOR	NEW YORK	NY	10013	203-518-5172	LAURA ANTHONY	Other	100.0	0.0		0.0		0.0		100.0	0.0			0.0	0.0	100.0	100.0	0.0		0.0		0.0	0.0	0.0	0.0	Mayer Hoffman McCann, P.C.	true	true		true			The foregoing issuances were pursuant to Section 4(a)(2) of the Securities Act of 1933, as amended, for transactions by an issuer not involving any public offering.
0001477932-18-004634	18909 NE 29th Avenue		Aventura	FL	33180	310-777-0255	Jillian Sidoti, Esq.	Other	18000.0	0.0		0.0		0.0		18000.0	18000.0			0.0	18000.0	0.0	18000.0	0.0		0.0		0.0	0.0	0.0	0.0	EisnerAmper	true	true	false	true		false	Such interests were issued as founders' interests without consideration under 4(2).
0001683168-18-002845	18351 Eddy Street	Suite B	Northridge	CA	91325	818-465-1295	John Lux	Other	9635.0	0.0		69017.0		377303.0		1129043.0	4049.0			525737.0	579786.0	549257.0	1129043.0	545056.0		473373.0		37756.0	34927.0	0.0	0.0		true	true			true	true	
0001213900-18-013021	435 Brannan Street, Suite 100		San Francisco	CA	94107	415-633-9300	John Katovich, Esq.	Other	5861145.0	0.0		3443467.0		585065.0		10824495.0	3105598.0			0.0	3105598.0	7718897.0	10824495.0	33533166.0		31984410.0		464671.0	1084085.0	0.0	0.0	Moss Adams LLP	true	true	true		true	true	
0001144204-18-050575	4220 Shawnee Mission Parkway	Suite 200B	Fairway	KS	66205	913-229-9650	Greg Steinberg	Other	1000.0	0.0		0.0		0.0		1000.0	0.0			0.0	0.0	1000.0	1000.0	0.0		0.0		0.0	0.0	0.0	0.0	RSM US LLP	true	true		true			Platform Ventures, LLC has purchased 100 common shares for a purchase price of $1,000 in a private offering. Such issuance was exempt from the registration requirements of the Securities Act pursuant to Section 4(a)(2) thereof.
0001144204-18-050445	75 Fifth Street, NW	Suite 2170	ATLANTA	GA	30308	404-850-9225	Nick Bhargava	Other	921594.0	0.0		20120085.0		433452.0		21507228.0	16872490.0			0.0	22787493.0	-1280265.0	21507228.0	804936.0		117587.0		102471.0	-1976473.0	-1.75	-1.75	Hughes Pittman and Gupton LLP	true	true		true			Regulation A, Rule 506 of Regulation D, and Rule 506 of Regulation D, respectively.
0001213900-18-012878	435 Brannan Street, Suite 100		San Francisco	CA	94107	415-633-9300	John Katovich, Esq.	Other	5861145.0	0.0		3443467.0		585065.0		10824495.0	3105598.0			0.0	3105598.0	7718897.0	10824495.0	33533166.0		31984410.0		464671.0	1084085.0	0.0	0.0	Moss Adams LLP	true	true	true		true	true	
0001213900-18-012865	601 N. State Road 7		Plantation	FL	33317	954-895-0352	Samer Salahel-Din Tawfik	Other	217360.0	0.0		85851.0		185659.0		4256672.0	599914.0			0.0	1724465.0	2532207.0	4256672.0	3759031.0		3994079.0		29291.0	-1423662.0	-0.07	-0.07	Grassi & Co., CPAs, P.C.	true	true			true		Rule 506 and Rule 701 of the Securities Act
0001144204-18-050378	3713 CHARLOE CT		CINCINNATI	OH	45227	513-549-9483	Anthony Robertson	Other	37400.0	0.0		0.0		27236.0		64636.0	0.0			0.0	0.0	64636.0	64636.0	0.0		0.0		0.0	0.0	0.0	0.0	Franz CPAs, Inc.	true	true		true			Relied on Rule 147a and Ohio R.C. 1707.03(O).  Offering made to Ohio residents only by issuer without general solicitation. Currently sales have been made to 6 Ohio residents, as defined under Ohio law.
0001213900-18-012832	154 Grand Street - 2N		New York	NY	10013	212-334-0233	Jeanne Campanelli	Other	70335.0	0.0		4485.0		30000.0		104820.0	2242.0			125000.0	127242.0	-22422.0	104820.0	0.0		22422.0		0.0	-22422.0	0.0	0.0	dbbmckennon	true	true			true		Section 4(a)(2) of the Securities Act
0001683168-18-002809	5020 Campus Drive		Newport Beach	CA	92660	949-296-7004	John E. Lux, Esq.	Other	1319.0	0.0		0.0		0.0		4124828.0	450309.0			1164969.0	1845926.0	2278902.0	4124828.0	14274.0		-6374.0		0.0	-321499.0	0.0	0.0		true	true		true			Exempt from registration under Section 3(a)(10) of the Securities Act and Rules promulgated thereunder.
0001144204-18-050196	73 Greentree Drive	#558	DOVER	DE	19904	888-546-7980	Jeanne Campanelli	Other	0.0	0.0		18867.0		0.0		32034.0	234307.0			333144.0	567451.0	-535417.0	32034.0	416435.0		666526.0		0.0	-1129751.0	-0.01	-0.01	Wipfli, LLP	true	true		true			Rule 506(c) of Regulation D.
0001144204-18-050071	75 Fifth Street, NW	Suite 2170	ATLANTA	GA	30308	404-850-9225	Nick Bhargava	Other	921594.0	0.0		20120085.0		433452.0		21507228.0	16872490.0			0.0	22787493.0	-1280265.0	21507228.0	804936.0		117587.0		102471.0	-1976473.0	-1.75	-1.75	Hughes Pittman and Gupton LLP	true	true		true			Regulation A, Rule 506 of Regulation D, and Rule 506 of Regulation D, respectively.
0001477932-18-004556	10200 W. 44th Ave.	Suite 220	Wheat Ridge	CO	80033	303-835-4445	Jillian Sidoti	Other	1335.0	3685231.0		0.0		0.0		3686566.0	3642524.0			0.0	3642524.0	44042.0	3686566.0	94055.0		67357.0		0.0	26698.0	0.0	0.0		true	true	false	true		true	
0001144204-18-049933	75 Fifth Street, NW	Suite 2170	ATLANTA	GA	30308	404-850-9225	Nick Bhargava	Other	921594.0	0.0		20120085.0		433452.0		21507228.0	16872490.0			0.0	22787493.0	-1280265.0	21507228.0	804936.0		117587.0		102471.0	-1976473.0	-1.75	-1.75	Hughes Pittman and Gupton LLP	true	true		true			Regulation A, Rule 506 of Regulation D, and Rule 506 of Regulation D, respectively.
0001712534-18-000005	100 Gordon St		ELK GROVE VILLAGE	IL	60007	7737241313	Andy Altahawi/Adamson Brothers	Other	100.0	0.0		0.0		0.0		100.0	10000.0			5000.0	150000.0	-14900.0	100.0	0.0		0.0		0.0	0.0	0.0	0.0	IndigoSpire CPA Group, LLC	true	true	false	true	false	false	Section 4(a)(2) - an issuer not involved in any public offering. All securities sold to current directors only.
0001144204-18-049880	774 Mays Boulevard	10-536	Incline Village	NV	89451	310-460-8426	Marc Adesso	Other	11270.0	215000.0		128218.0		1928.0		356416.0	43955.0			921084.0	965039.0	608623.0	356416.0	0.0		-26292.0		941.0	-26292.0	0.0	0.0	N/A	true	true		true			860,000 shares of Common Stock were sold to accredited investors pursuant to the exemption from registration pursuant to Rule 506(b) under Regulation D of the Securities Act of 1933, as amended
0001477932-18-004549	8500 Wilshire Blvd.	Suite 700B	Beverly Hills	CA	90211	424-313-7471	Jillian Sidoti	Other	73492.0	0.0		60510.0		25000.0		159002.0	149800.0			0.0	149800.0	9202.0	159002.0	0.0		1548.0		0.0	-1548.0	0.0	0.0	Spiegel Accountancy Corp.	true	true	false	true		false	Section 4(a)(2)
0001144204-18-049660	1401 N. EL CAMINO REAL	Suite 203	SAN CLEMENTE	CA	92672	949-361-3959	William Eilers, Eilers Law Gro	Other	16507.0	0.0		344567.0		0.0		395444.0	733748.0			332249.0	2158000.0	-1762556.0	395444.0	307352.0		53547.0		0.0	-154483.0	0.0	0.0		true	true		true			Rule 506 Reg. D.
0001144204-18-049628	4220 Shawnee Mission Parkway	Suite 200B	Fairway	KS	66205	913-229-9650	Greg Steinberg	Other	1000.0	0.0		0.0		0.0		1000.0	0.0			0.0	0.0	1000.0	1000.0	0.0		0.0		0.0	0.0	0.0	0.0	RSM US LLP	true	true		true			Platform Ventures, LLC has purchased 100 common shares for a purchase price of $1,000 in a private offering. Such issuance was exempt from the registration requirements of the Securities Act pursuant to Section 4(a)(2) thereof.
0001683168-18-002771	440 S. LASALLE STREET	SUITE 1110	CHICAGO	IL	60605	866-247-8326	Markley S. Roderick, Esq.	Other	591598.0	0.0		0.0		208010.0		799608.0	218254.0			200000.0	418254.0	381354.0	799608.0	495192.0		132405.0		0.0	-565412.0	0.0	0.0	Artesian CPA, LLC	true	true		true			SEC Rule 701 (restricted grants to officers and employees of the issuer)
0001213900-18-012614	435 Brannan Street, Suite 100		San Francisco	CA	94107	415-633-9300	John Katovich, Esq.	Other	5861145.0	0.0		3443467.0		585065.0		10824495.0	3105598.0			0.0	3105598.0	7718897.0	10824495.0	33533166.0		31984410.0		464671.0	1084085.0	0.0	0.0	Moss Adams LLP	true	true	true		true	true	
0001144204-18-049475	ATTN: MICHAEL SCILLIA	18946 N. DALE MABRY HWY, SUITE 102	LUTZ	FL	33548	954-254-0044	Thomas G. Voekler, Esq.	Other	1459185.0	0.0		230400.0		1453902.0		9989702.0	2460160.0			872000.0	3332160.0	6657541.0	9989702.0	638856.0		3228634.0		350175.0	-2939953.0	-4.09	-4.09	Brian Soto, CPA	true	true			true		All securities relied on exemption in Section (4) (a) (1) of Securities Act of 1933 as shares were issued to our founders not in connection with any offerings, whom are Qualified Purchasers or Institutional Buyers.
0001213900-18-012531	301 E. PINE ST	SUITE 850	ORLANDO	FL	32801	407-968-4234	James S. Byrd, Jr.	Other	2588772.0	0.0		7884978.0		13860.0		10962882.0	476552.0			2147000.0	2623552.0	8339330.0	10962882.0	1080667.0		5568460.0		0.0	-4661317.0	-0.36	-0.36	Soles, Heyn & Company LLP	true	true			true		506 (B) Corporate Notes were sold to accredited and no more than 35 non-accredited investors
0001144204-18-049243	8899 BEVERLY BLVD	SUITE 600	WEST HOLLYWOOD	CA	90048	888-246-7163	Andrew Stephenson, Esq.	Other	346900.0	0.0		0.0		28772.0		1506061.0	998435.0			0.0	4045615.0	-2539554.0	1506061.0	3849646.0		2259531.0		20557.0	-3287809.0	-0.32	-0.32	dbbmckennon	true	true			true		N/A
0001477932-18-004474	8500 Wilshire Blvd.	Suite 700B	Beverly Hills	CA	90211	424-313-7471	Jillian Sidoti	Other	73492.0	0.0		60510.0		25000.0		159002.0	149800.0			0.0	149800.0	9202.0	159002.0	0.0		1548.0		0.0	-1548.0	0.0	0.0	Spiegel Accountancy Corp.	true	true	false	true		false	Section 4(a)(2)
0001144204-18-049023	60 South Market Street		San Jose	CA	95113	408-370-1248	Michael Faro	Other	74376.0	0.0		75505.0		5960.0		1784941.0	5360973.0			1964564.0	10537840.0	-8752899.0	1784941.0	1603131.0		1484738.0		78212.0	-3716433.0	-1.47	-1.47	RBSM LLP	true	true		true			Convertible Notes: Section 4(2) and Rule 506(b) - solely accredited investors  Shares: No cash payment but covered in any event by Regulation S.
0001144204-18-048911	3713 CHARLOE CT		CINCINNATI	OH	45227	513-549-9483	Anthony Robertson	Other	37400.0	0.0		0.0		27236.0		64636.0	0.0			0.0	0.0	64636.0	64636.0	0.0		0.0		0.0	0.0	0.0	0.0	Franz CPAs, Inc.	true	true		true			Relied on Rule 147a and Ohio R.C. 1707.03(O).  Offering made to Ohio residents only by issuer without general solicitation. Currently sales have been made to 5 Ohio residents, as defined under Ohio law.
0001078782-18-000966	23501 CINCO RANCH BLVD	STE H120 - #325	KATY	TX	77494	713-857-8142	Morgan E. Petitti, Esq.	Other	28800.0	0.0		150136.0		0.0		794936.0	175305.0			241317.0	831891.0	-36955.0	794936.0	3368297.0		0.0		0.0	-392714.0	0.0	0.0	M&K CPAS, PLLC	true	true	false	false	true	false	The foregoing issuances of securities were executed in reliance upon the exemption from registration provided by section 4 (2) under the Securities Act of 1933 (the Act) as amended.
0001683168-18-002680	2598 East Sunrise Blvd.	Suite 2104	Ft. Lauderdale	FL	33304	954-332-6600	John E. Lux, Esq.	Other	2733.0	0.0		0.0		0.0		1023936.0	189940.0			855490.0	1045430.0	-21494.0	1023936.0	9311.0		287544.0		0.0	-278233.0	0.0	0.0	None	true	true		true			Securities Act of 1933, Section 4(2), sales to persons associated with company officers and directors, prior investors and shareholders, noteholders and to the Company's President.
0001144204-18-048832	1900 Market Street		Philadelphia	PA	19103	650-477-5525	Jeffrey Marks	Other	637291.0	0.0		0.0		0.0		776569.0	2662.0			0.0	50958.0	725611.0	776569.0	93260.0		49843.0		0.0	-201704.0	-0.02	-0.02	dbbmckennon	true	true		true			Regulation CF
0001683168-18-002673	250 W. FIRST ST., STE. 256		CLAREMONT	CA	91711	909-740-9175	Michael Behrens	Other	0.0	0.0		0.0		0.0		0.0	0.0			0.0	10200.0	-10200.0	0.0	0.0		0.0		0.0	0.0	0.0	0.0	IndigoSpire CPA Group, LLC	true	true		true			My Racehorse CA LLC relied on the intrastate offering exemption Section 3(a)(11) from the registration requirements of the Securities Act.
0001144204-18-048713	75 Fifth Street, NW	Suite 2170	ATLANTA	GA	30308	404-850-9225	Nick Bhargava	Other	921594.0	0.0		20120085.0		433452.0		21507228.0	16872490.0			0.0	22787493.0	-1280265.0	21507228.0	804936.0		117587.0		102471.0	-1976473.0	-1.75	-1.75	Hughes Pittman and Gupton LLP	true	true		true			Regulation A, Rule 506 of Regulation D, and Rule 506 of Regulation D, respectively.
0001213900-18-012312	1876 Horse Creek Rd.		Cheyenne	WY	82009	682-229-7476	Gregory Martin	Other	721.0	0.0		7000.0		706.0		8427.0	383119.0			947881.0	1331000.0	1322573.0	8427.0	3347.0		2541642.0		385161.0	8427.0	0.0	0.0	Anton and Chia	true	true		true			Regulation A Offering - Tier 2 not being subject to state registration or qualification.
0001683168-18-002664	2100 WEST LOOP SOUTH	SUITE 900	HOUSTON	TX	77027	800-946-9185	Matthew Lourie	Other	242689.0	0.0		0.0		0.0		249134.0	92342.0			121825.0	214167.0	34967.0	249134.0	0.0		0.0		0.0	-306699.0	-0.03	-0.03	GBH CPAs PC	true	true			true		Section 4 (a)(2) of the Securities Act of 1933
0001144204-18-048616	1601 CONNECTICUT AVENUE NW	SUITE 300	WASHINGTON	DC	20009	202-584-0550	Benjamin S. Miller	Other	5000.0	0.0		0.0		0.0		868.0	85.0			0.0	868.0	0.0	868.0	0.0		0.0		0.0	6.0	16.22	0.0	RSM US LLP	true	true		true			Fundrise, LP, an affiliate of our sponsor, has purchased 9,500 common shares for a purchase price of $95,000 in a private offering. Such issuance was exempt from the registration requirements of the Securities Act pursuant to Section 4(a)(2) thereof.
0001144204-18-048575	425 NW 10th Ave	Suite 306	Portland	OR	97209	503-546-4049	Andrew Stephenson	Other	7936.0	0.0		0.0		0.0		7936.0	0.0			0.0	0.0	7936.0	7936.0	0.0		0.0		0.0	-17064.0	-0.68	-0.68	dbbmckennon	true	true			true		Section 4(a)(2)
0001213900-18-012262	2299 Perimeter Park Drive, Suite 120		Atlanta	GA	30341	470-475-1035	Larry Xianghong Wu	Other	178689.0	7532508.0		42955.0		3742.0		7748552.0	146000.0			0.0	146000.0	7602552.0	7748552.0	882932.0		249969.0		1902.0	631061.0	0.14	0.14	Daszkal Bolton LLP	true	true		true			Section 4(a)(2) and Rule 506(b) of Regulation D promulgated thereunder and/or Regulation S. The limited partner interests were offered and sold outside the U.S. solely to accredited investors who were non-U.S. persons
0001477932-18-004409	236 BICKNELL AVENUE	APT 11	SANTA MONICA	CA	90405	724-809-9710	Jillian Sidoti	Other	1000.0	0.0		0.0		0.0		1000.0	0.0			0.0	0.0	1000.0	1000.0	0.0		0.0		0.0	0.0	0.0	0.0	IndigoSpire CPA Group	true	true	false	true		true	
0001213900-18-012215	301 E. PINE ST	SUITE 850	ORLANDO	FL	32801	407-968-4234	James S. Byrd, Jr.	Other	2588772.0	0.0		7884978.0		13860.0		10962882.0	476552.0			2147000.0	2623552.0	8339330.0	10962882.0	1080667.0		5568460.0		0.0	-4661317.0	-0.36	-0.36	Soles, Heyn & Company LLP	true	true			true		506 (B) Corporate Notes were sold to accredited and no more than 35 non-accredited investors
0001144204-18-048302	4220 Shawnee Mission Parkway	Suite 200B	Fairway	KS	66205	816-285-3872	Greg Steinberg	Other	1000.0	0.0		0.0		0.0		1000.0	0.0			0.0	0.0	1000.0	1000.0	0.0		0.0		0.0	0.0	0.0	0.0	RSM US LLP	true	true		true			Platform Ventures, LLC has purchased 100 common shares for a purchase price of $1,000 in a private offering. Such issuance was exempt from the registration requirements of the Securities Act pursuant to Section 4(a)(2) thereof.
0001477932-18-004373	8500 Wilshire Blvd.	Suite 700B	Beverly Hills	CA	90211	424-313-7471	Jillian Sidoti	Other	73492.0	0.0		60510.0		25000.0		159002.0	149800.0			0.0	149800.0	9202.0	159002.0	0.0		1548.0		0.0	-1548.0	0.0	0.0	Spiegel Accountancy Corp.	true	true	false	true		false	Section 4(a)(2)
0001615774-18-009107	11161 Anderson Street	Suite 105-10014	Loma Linda	CA	92354	909-488-0844	Richard A. Friedman, Esq.	Other	25000.0	0.0		0.0		0.0		25000.0	8566.0			0.0	84900.0	-59900.0	25000.0	0.0		-212986.0		0.0	-212896.0	0.03	0.03	dbbmckennon	true	true	true	false	true	false	Private Placement under Rule 506(b) and/or Section 4(a)(2) of the Securities Act.
0001144204-18-047831	75 Fifth Street, NW	Suite 2170	ATLANTA	GA	30308	404-850-9225	Nick Bhargava	Other	921594.0	0.0		20120085.0		433452.0		21507228.0	16872490.0			0.0	22787493.0	-1280265.0	21507228.0	804936.0		117587.0		102471.0	-1976473.0	-1.75	-1.75	Hughes Pittman and Gupton LLP	true	true		true			Regulation A, Rule 506 of Regulation D, and Rule 506 of Regulation D, respectively.
0001078782-18-000945	23501 CINCO RANCH BLVD	STE H120 - #325	KATY	TX	77494	713-857-8142	Morgan E. Petitti, Esq.	Other	28800.0	0.0		150136.0		0.0		794936.0	175305.0			241317.0	831891.0	-36955.0	794936.0	3368297.0		0.0		0.0	-392714.0	0.0	0.0	M&K CPAS, PLLC	true	true	false	false	true	false	The foregoing issuances of securities were executed in reliance upon the exemption from registration provided by section 4 (2) under the Securities Act of 1933 (the Act) as amended.
0001640334-18-001710	3511 Del Paso Rd., Ste. 160 PMB 208		Sacramento	CA	95835	213-260-0321	Todd Higley	Other	107217.0	0.0		0.0		94591.0		201808.0	0.0			0.0	0.0	201808.0	201808.0	0.0		0.0		0.0	-33192.0	0.0	0.0	HAYNIE & COMPANY	true	true	false	true		false	Section 4(a)(2)
0001213900-18-012014	601 N. State Road 7		Plantation	FL	33317	954-895-0352	Samer Salahel-Din Tawfik	Other	217360.0	0.0		85851.0		185659.0		4256672.0	599914.0			0.0	1724465.0	2532207.0	4256672.0	3759031.0		3994079.0		29291.0	-1423662.0	-0.07	-0.07	Grassi & Co., CPAs, P.C.	true	true			true		Rule 506 and Rule 701 of the Securities Act
0001477932-18-004354	205 West Main Street		Newcastle	WY	82701	973-868-1948	Jeanmarie Gabriel	Other	956186.0	0.0		0.0		268321.0		1224507.0	16667.0			1258472.0	1275139.0	-50632.0	1224507.0	0.0		50632.0		0.0	-50632.0	0.0	0.0	Wipfli LLP	true	true	false	true		false	100% membership interests were issued to Jeanmarie Gabriel, a manager of the Company. These membership interests were issued in reliance on the exemption from registration under Section 4(a)(2) of the Securities Act of 1933.
0001144204-18-047564	11601 Wilshire Boulevard	Suite 1690	Los Angeles	CA	90025	310-421-1030	Eliot Bencuya	Other	2489665.0	0.0		1277339.0		26172632.0		30185182.0	888517.0			24133425.0	26170201.0	4014981.0	30185182.0	7065914.0		4895545.0		2366617.0	-212868.0	-39.68	-39.68	RSM US LLP	true	true		true			Section 4(a)(2).  Represents initial capitalization of issuer by sole stockholder.
0000927089-18-000327	505 NORTH VIENNA STREET		RUSTON	LA	71270	318-255-3733	Eric M. Marion, Esq.	Banking	30611000.0	1155000.0			237449000.0		5627000.0	283613000.0	176000.0		227922000.0	22134000.0	255461000.0	28152000.0	283613000.0		12100000.0		1658000.0	280000.0	2355000.0	2.2600000000000002	2.18	Heard McElroy & Vestal LLC	true	true	false	true	false	true	
0001213900-18-011987	501 SILVERSIDE RD.	PMB #352	WILMINGTON	DE	19809	302-307-3668	Alexander M. Woods-Leo	Other	11290.0	0.0		0.0		3500.0		103790.0	5803.0			0.0	5803.0	97987.0	103790.0	8500.0		15599.0		0.0	-430908.0	-0.03	-0.03	M&K CPAS, PLLC	true	true		true			4(a)(2) for Common Stock and 4(a)(6), Regulation CF, for Series Seed Preferred Stock
0001079974-18-000483	4663 South Enterprise Street		BOISE	ID	83705	6123860606	William Rieser	Other	10449.0	0.0		0.0		0.0		10449.0	55.0			0.0	55.0	10394.0	10449.0	0.0		0.0		0.0	-7306.0	0.0	0.0		true	true		true			4 2 sold to friends and business associates without public solicitation
0001104659-18-054571	10780 SANTA MONICA BLVD	SUITE 140	LOS ANGELES	CA	90025	310-907-7129	Lauren B. Prevost	Other	1169000.0	0.0		16000.0		0.0		49325000.0	504000.0			0.0	38721000.0	10604000.0	49325000.0	1087000.0		0.0		462000.0	-674000.0	0.0	0.0	CohnReznick LLP	true	true	false	false	true	false	Section 4(2) of the Securities Act. The transaction was seed capital investment from the sponsor and was not made pursuant to a public offering.
0001144204-18-047406	1801 CENTURY PARK EAST 24TH FLOOR		LOS ANGELES	CA	90067	510-459-7894	Jamie Ostrow	Other	611755.0	0.0		132822.0		0.0		1154234.0	58923.0			0.0	79397.0	1074837.0	1154234.0	415372.0		257156.0		9344.0	-1922699.0	-1.0	-1.0	Artesian CPA, LLC	true	true		true			Regulation CF under Section 4(a)(6) and Regulation A
0001628279-18-000225	5304 ASHBROOK DRIVE		HOUSTON	TX	77081	832-661-3453	Cavas Pavri	Other	10535.0	0.0		0.0		306541.0		445665.0	1430432.0			0.0	12472372.0	-12026707.0	445665.0	0.0		0.0		30561.0	-1351665.0	-0.74	-0.74	GBH CPAs, PC	true	true	false	false	true	false	4(a)(2) and Regulation D of the Securities Act of 1933; sold only to accredited investors
0001683168-18-002566	33865 MARIANA UNIT C		DANA POINT	CA	92629	310-986-6373	John E. Lux, Esq.	Other	12915.0	0.0		4537.0		0.0		17452.0	3393.0			96545.0	99938.0	-82486.0	17452.0	51283.0		0.0		27.0	-522113.0	0.0	0.0		true	true		true			Exempt from registration under Section 4(2) Securities Act and Rules promulgated thereunder.
0001615774-18-008816	11161 Anderson Street	Suite 105-10014	Loma Linda	CA	92354	909-488-0844	Richard A. Friedman, Esq.	Other	25000.0	0.0		0.0		0.0		25000.0	8566.0			0.0	84900.0	-59900.0	25000.0	0.0		-212986.0		0.0	-212896.0	0.03	0.03	dbbmckennon	true	true	true	false	true	false	Private Placement under Rule 506(b) and/or Section 4(a)(2) of the Securities Act.
0001144204-18-047205	3713 CHARLOE CT		CINCINNATI	OH	45227	513-549-9483	Anthony Robertson	Other	37400.0	0.0		0.0		27236.0		64636.0	0.0			0.0	0.0	64636.0	64636.0	0.0		0.0		0.0	0.0	0.0	0.0	Franz CPAs, Inc.	true	true		true			Relied on Rule 147a and Ohio R.C. 1707.03(O).  Offering made to Ohio residents only by issuer without general solicitation. Currently sales have been made to 5 Ohio residents, as defined under Ohio law.
0000927089-18-000320	505 NORTH VIENNA STREET		RUSTON	LA	71270	318-255-3733	Eric M. Marion, Esq.	Banking	30611000.0	1155000.0			237449000.0		5627000.0	283613000.0	176000.0		227922000.0	22134000.0	255461000.0	28152000.0	283613000.0		12100000.0		1658000.0	280000.0	2355000.0	2.2600000000000002	2.18	Heard McElroy & Vestal LLC	true	true	false	true	false	true	
0001144204-18-047057	623 E. Fort Union Blvd	Suite 101	Salt Lake City	UT	84121	415-315-9916	Jeanne Campanelli	Other	0.0	0.0		0.0		0.0		0.0	40322.0			0.0	40322.0	-40322.0	0.0	0.0		40322.0		0.0	-40322.0	0.0	0.0	Jason M. Tyra, CPA, PLLC	true	true			true		Section 4(a)(2) of the Securities Act.
0001144204-18-046826	750  N. SAN VICENTE BLVD	SUITE 800	WEST HOLLYWOOD	CA	90069	800-317-2200	Jamie Ostrow	Other	954599.0	1566192.0		159100.0		7005.0		2956855.0	562461.0			0.0	781886.0	2174969.0	2956855.0	2046948.0		729108.0		2517.0	-2280174.0	-0.35000000000000003	-0.35000000000000003	dbbmckennon	true	true		true		true	
0001683168-18-002529	300 Spectrum Center Drive	Suite 400	Irvine	CA	92618	855-759-4400	John E. Lux, Esq.	Other	3.0	0.0		0.0		0.0		3.0	87802.0			114340.0	1952351.0	-1952348.0	3.0	0.0		74248.0		0.0	-351099.0	0.0	0.0	None	true	true		true			Exempt from registration under Section 4(2) Securities Act and Rules promulgated thereunder.
0001213900-18-011797	2299 Perimeter Park Drive, Suite 120		Atlanta	GA	30341	470-475-1035	Larry Xianghong Wu	Other	178689.0	7532508.0		42955.0		3742.0		7748552.0	146000.0			0.0	146000.0	7602552.0	7748552.0	882932.0		249969.0		1902.0	631061.0	0.14	0.14	Daszkal Bolton LLP	true	true		true			Section 4(a)(2) and Rule 506(b) of Regulation D promulgated thereunder and/or Regulation S. The limited partner interests were offered and sold outside the U.S. solely to accredited investors who were non-U.S. persons
0001654954-18-009584	625 Kenmoor Avenue SE	Suite 211	Grand Rapids	MI	49546	616-734-6099	Trevor Wind, Esq.	Other	0.0	0.0		0.0		0.0		0.0	0.0			0.0	0.0	0.0	0.0	0.0		0.0		0.0	0.0	0.0	0.0	UHY LLP	true	true		false	false	true	
0001477932-18-004312	18909 NE 29th Avenue		Aventura	FL	33180	310-777-0255	Jillian Sidoti, Esq.	Other	18000.0	0.0		0.0		0.0		18000.0	18000.0			0.0	18000.0	0.0	18000.0	0.0		0.0		0.0	0.0	0.0	0.0	EisnerAmper	true	true	false	true		false	Such interests were issued as founders' interests without consideration under 4(2).
0001683168-18-002516	14090 Southwest Frwy	Suite 300	Sugar Land	TX	77478	832-521-1880	John E. Lux, Esq.	Other	12846.0	0.0		40800.0		26875.0		1331667.0	225000.0			445000.0	699400.0	632267.0	1331667.0	498756.0		65345.0		0.0	10761.0	0.0	0.0	none	true	true		true			Exempt from registration under Section 3 (1) (10) Securities Act and Rules promulgated thereunder.
0001493152-18-012569	SPRING PLACE, 6 ST JOHNS LANE	7th FLOOR	NEW YORK	NY	10013	203-518-5172	LAURA ANTHONY	Other	100.0	0.0		0.0		0.0		100.0	0.0			0.0	0.0	100.0	100.0	0.0		0.0		0.0	0.0	0.0	0.0	Mayer Hoffman McCann, P.C.	true	true		true			The foregoing issuances were pursuant to Section 4(a)(2) of the Securities Act of 1933, as amended, for transactions by an issuer not involving any public offering.
0001688804-18-000015	41 W. 25TH STREET	8TH FLOOR	NEW YORK	NY	10010	3479528058	Max Niederste-Ostholt	Other	5374.0	0.0		497.0		528161.0		534032.0	73438.0			400781.0	474219.0	59813.0	534032.0	0.0		25735.0		0.0	-38922.0	0.0	0.0	EisnerAmper LLP	true	true	false	true	false	false	Rule 506(c) - sale to verified accredited investors of interests in Series #77LE1
0001683168-18-002498	564 STEVENS AVENUE		SOLANA BEACH	CA	92075	858-225-8998	Jeanne Campanelli	Other	616262.0	0.0		75319.0		392275.0		3528380.0	1726667.0			3006356.0	6341852.0	-9030770.0	3528380.0	8773025.0		4065845.0		195358.0	-3232973.0	-0.45	-0.45	dbbmckennon	true	true			true		Class B Common Stock-Regulation A of the Securities Act and section 4(a)(2). Class A Common Bonds - Regulation A of the Securities Act.
0001104659-18-053400	10780 SANTA MONICA BLVD	SUITE 140	LOS ANGELES	CA	90025	310-907-7129	Lauren B. Prevost	Other	1169000.0	0.0		16000.0		0.0		49325000.0	504000.0			0.0	38721000.0	10604000.0	49325000.0	1087000.0		0.0		462000.0	-674000.0	0.0	0.0	CohnReznick LLP	true	true	false	false	true	false	Section 4(2) of the Securities Act. The transaction was seed capital investment from the sponsor and was not made pursuant to a public offering.
0001683168-18-002490	14090 Southwest Frwy	Suite 300	Sugar Land	TX	77478	832-521-1880	John E. Lux, Esq.	Other	12846.0	0.0		40800.0		26875.0		1331667.0	225000.0			445000.0	699400.0	632267.0	1331667.0	498756.0		65345.0		0.0	10761.0	0.0	0.0	none	true	true		true			Exempt from registration under Section 3 (1) (10) Securities Act and Rules promulgated thereunder.
0001750063-18-000006	901 CRYSTAL FALLS PKWY, STE 207		LEANDER	TX	78641	512-826-7355	Andrew R. Stokesbary	Other	1213932.0	0.0		721903.0		1111235.0		3280276.0	2132211.0			586672.0	2718883.0	561393.0	3280276.0	7347385.0		2635069.0		79413.0	418171.0	0.42	0.42	PMB Helin Donovan, LLP	true	true	false	true	false	false	Exempt under Securities Act Section 4(a)(2): 500,100 shares issued to an officer/director without involving any public offering. Exempt under Rule 701: 64,000 shares issued to employees pursuant to a written compensatory benefit plan.
0001144204-18-046031	75 Fifth Street, NW	Suite 2170	ATLANTA	GA	30308	404-850-9225	Nick Bhargava	Other	921594.0	0.0		20120085.0		433452.0		21507228.0	16872490.0			0.0	22787493.0	-1280265.0	21507228.0	804936.0		117587.0		102471.0	-1976473.0	-1.75	-1.75	Hughes Pittman and Gupton LLP	true	true		true			Regulation A, Rule 506 of Regulation D, and Rule 506 of Regulation D, respectively.
0001144204-18-045891	3713 CHARLOE CT		CINCINNATI	OH	45227	513-549-9483	Anthony Robertson	Other	37400.0	0.0		0.0		27236.0		64636.0	0.0			0.0	0.0	64636.0	64636.0	0.0		0.0		0.0	0.0	0.0	0.0	Franz CPAs, Inc.	true	true		true			Relied on Rule 147a and Ohio R.C. 1707.03(O).  Offering made to Ohio residents only by issuer without general solicitation. Currently sales have been made to 5 Ohio residents, as defined under Ohio law.
0001213900-18-011527	7582 LAS VEGAS BLVD.		LAS VEGAS	NV	89123	702-721-9915	Mr. Darryl Payne	Other	1949.0	0.0		0.0		0.0		1949.0	73184.0			0.0	73184.0	-71235.0	1949.0	0.0		0.0		0.0	-16831.0	0.0	0.0	AJ Robbins CPA, LLC	true	true			true		The issuances of the shares were made in reliance on the exemption from registration provided in Section 4(a)(2) of the Securities Act for transactions not involving any public offering.
0001144204-18-045790	7395 S. Peoria St.	SUITE 206	ENGLEWOOD	CO	80112	3035035660	Sara Hanks	Other	436973.0	0.0		0.0		0.0		601934.0	745437.0			1281866.0	2433170.0	-1831236.0	601934.0	0.0		0.0		0.0	-3192836.0	0.0	0.0	EKS&H LLLP	true	true			true		Regulation A of the Securities Act of 1933 and Section 4(a)(2) of the Securities Act
0001144204-18-045747	1401 N. EL CAMINO REAL	Suite 203	SAN CLEMENTE	CA	92672	949-361-3959	William Eilers, Eilers Law Gro	Other	16507.0	0.0		344567.0		0.0		395444.0	733748.0			332249.0	2158000.0	-1762556.0	395444.0	307352.0		53547.0		0.0	-154483.0	0.0	0.0		true	true		true			Rule 506 Reg. D.
0001683168-18-002436	4522 West Village Drive	Suite 215	Tampa	FL	33624	813-961-3051	John E. Lux, Esq.	Other	6428.0	0.0		0.0		64756.0		278741.0	220842.0			20000.0	240842.0	37899.0	278741.0	171092.0		6377.0		0.0	-176745.0	0.0	0.0	M. Vail & Associates, pc	true	true			true		Exempt from registration under Section 4(2) Securities Act and Rules promulgated thereunder.
0001393905-18-000257	4949 SW Macadam Ave	2nd Floor #84	Portland	OR	97239	888-611-5825	Marc J. Adesco	Other	0.0	0.0		0.0		5933.78		360438.75	0.0			0.0	65731.97	294706.78	360438.75	0.0		30.0		0.0	-189368.26	0.0	0.0		true	true	false	true	false	false	Section 4(a)(2); Rule 506 of Regulation D. Shares were issued to the Company's CEO to repay $48,000 in capital expenditures made on behalf of the Company.
0001144204-18-045412	75 Fifth Street, NW	Suite 2170	ATLANTA	GA	30308	404-850-9225	Nick Bhargava	Other	921594.0	0.0		20120085.0		433452.0		21507228.0	16872490.0			0.0	22787493.0	-1280265.0	21507228.0	804936.0		117587.0		102471.0	-1976473.0	-1.75	-1.75	Hughes Pittman and Gupton LLP	true	true		true			Regulation A, Rule 506 of Regulation D, and Rule 506 of Regulation D, respectively.
0001078782-18-000895	23501 CINCO RANCH BLVD	STE H120 - #325	KATY	TX	77494	713-857-8142	Morgan E. Petitti, Esq.	Other	28800.0	0.0		150136.0		0.0		794936.0	175305.0			241317.0	831891.0	-36955.0	794936.0	3368297.0		0.0		0.0	-392714.0	0.0	0.0	M&K CPAS, PLLC	true	true	false	false	true	false	The foregoing issuances of securities were executed in reliance upon the exemption from registration provided by section 4 (2) under the Securities Act of 1933 (the Act) as amended.
0001213900-18-011367	154 Grand Street - 2N		New York	NY	10013	212-334-0233	Jeanne Campanelli	Other	70335.0	0.0		4485.0		30000.0		104820.0	2242.0			125000.0	127242.0	-22422.0	104820.0	0.0		22422.0		0.0	-22422.0	0.0	0.0	dbbmckennon	true	true			true		Section 4(a)(2) of the Securities Act
0001615774-18-008289	11161 Anderson Street	Suite 105-10014	Loma Linda	CA	92354	909-488-0844	Richard A. Friedman, Esq.	Other	25000.0	0.0		0.0		0.0		25000.0	8566.0			0.0	84900.0	-59900.0	25000.0	0.0		-212986.0		0.0	-212896.0	0.03	0.03	dbbmckennon	true	true	true	false	true	false	Private Placement under Rule 506(b) and/or Section 4(a)(2) of the Securities Act.
0001683168-18-002403	564 STEVENS AVENUE		SOLANA BEACH	CA	92075	858-225-8998	Jeanne Campanelli	Other	616262.0	0.0		75319.0		392275.0		3528380.0	1726667.0			3006356.0	6341852.0	-9030770.0	3528380.0	8773025.0		4065845.0		195358.0	-3232973.0	-0.45	-0.45	dbbmckennon	true	true			true		Class B Common Stock-Regulation A of the Securities Act and section 4(a)(2). Class A Common Bonds - Regulation A of the Securities Act.
0001654954-18-009305	625 Kenmoor Avenue SE	Suite 211	Grand Rapids	MI	49546	616-734-6099	Trevor Wind, Esq.	Other	0.0	0.0		0.0		0.0		0.0	0.0			0.0	0.0	0.0	0.0	0.0		0.0		0.0	0.0	0.0	0.0	UHY LLP	true	true	false	false	false	true	
0001644516-18-000003	2426 L'ENFANT SQUARE, SE	SUITE 700	WASHINGTON	DC	20020	202-2363427	Tony Ramos	Other	0.0	0.0		0.0		0.0		0.0	0.0			0.0	0.0	0.0	0.0	0.0		0.0		0.0	0.0	0.0	0.0		true	true	false	false	true	true	
0001742808-18-000002	56 Pine Street	7th Floor	Providence	RI	02903	7194400333	MARK THATCHER	Other	52733.0	0.0		88250.0		4525.0		50173372.0	0.0			0.0	1790000.0	28383372.0	50173372.0	540333.0		21742.0		0.0	32707.0	10.03	8.36		true	true	false	false	true	true	
0001644516-18-000002	2426 L'ENFANT SQUARE, SE	SUITE 700	WASHINGTON	DC	20020	202-236-3427	Tony Ramos	Other	0.0	0.0		0.0		0.0		0.0	0.0			0.0	0.0	0.0	0.0	0.0		0.0		0.0	0.0	0.0	0.0	none	true	true	false	false	true	true	
0001683168-18-002381	999 18th Street, Suite 3000		Denver	CO	80202	720-262-5245	Francesca Albano	Other	77.0	0.0		0.0		0.0		77.0	3239.0			0.0	33328.0	-33251.0	77.0	0.0		45244.0		0.0	-45691.0	0.0	0.0	Salberg & Company, P.A.	true	true		true			Section 4(2) of the Securities Act of 1933 relating to transactions not involving a public offering.
0001079974-18-000465	4663 South Enterprise Street		BOISE	ID	83705	6123860606	William Rieser	Other	10449.0	0.0		0.0		0.0		10449.0	55.0			0.0	55.0	10394.0	10449.0	0.0		0.0		0.0	-7306.0	0.0	0.0		true	true		true			4 2 sold to friends and business associates without public solicitation
0001144204-18-045015	774 Mays Boulevard	10-536	Incline Village	NV	89451	310-460-8426	Marc Adesso	Other	11270.0	215000.0		128218.0		1928.0		356416.0	43955.0			921084.0	965039.0	608623.0	356416.0	0.0		-26292.0		941.0	-26292.0	0.0	0.0	N/A	true	true		true			860,000 shares of Common Stock were sold to accredited investors pursuant to the exemption from registration pursuant to Rule 506(b) under Regulation D of the Securities Act of 1933, as amended
0001144204-18-044971	1601 CONNECTICUT AVENUE NW, STE	STE 300	WASHINGTON	DC	20009	202-584-0550	Benjamin S. Miller	Other	5000.0	0.0		0.0		0.0		5000.0	0.0			0.0	0.0	5000.0	5000.0	0.0		0.0		0.0	0.0	0.0	0.0	RSM US LLP	true	true		true			Rise Companies Corp. has purchased 500 common shares for a purchase price of $5,000 in a private offering. Such issuance was exempt from the registration requirements of the Securities Act pursuant to Section 4(a)(2) thereof.
0001144204-18-044968	1601 CONNECTICUT AVENUE NW, STE	STE 300	WASHINGTON	DC	20009	202-584-0550	Benjamin S. Miller	Other	5000.0	0.0		0.0		0.0		5000.0	0.0			0.0	0.0	5000.0	5000.0	0.0		0.0		0.0	0.0	0.0	0.0	RSM US LLP	true	true		true			Rise Companies Corp. has purchased 500 common shares for a purchase price of $5,000 in a private offering. Such issuance was exempt from the registration requirements of the Securities Act pursuant to Section 4(a)(2) thereof.
0001493152-18-012063	SPRING PLACE, 6 ST JOHNS LANE	7th FLOOR	NEW YORK	NY	10013	203-518-5172	LAURA ANTHONY	Other	100.0	0.0		0.0		0.0		100.0	0.0			0.0	0.0	100.0	100.0	0.0		0.0		0.0	0.0	0.0	0.0	Mayer Hoffman McCann, P.C.	true	true		true			The foregoing issuances were pursuant to Section 4(a)(2) of the Securities Act of 1933, as amended, for transactions by an issuer not involving any public offering.
0001144204-18-044758	1601 CONNECTICUT AVENUE NW, STE 300		WASHINGTON	DC	20009	202-584-0550	Benjamin S. Miller	Other	62844000.0	0.0		5067000.0		381000.0		274482000.0	5131000.0			8970000.0	22935000.0	251547000.0	274482000.0	14732000.0		13607000.0		0.0	-4122000.0	-0.6900000000000001	-0.6900000000000001	RSM US LLP	true	true		true		true	
0001213900-18-010940	9430 Key West Avenue, Suite 100		Rockville	MD	20850	240-453-6339	Louis A. Bevilacqua, Esq.	Other	1040083.0	0.0		53106.0		7017.0		1422121.0	754437.0			0.0	965937.0	456184.0	1422121.0	313207.0		182275.0		10606.0	-1264194.0	-0.27	-0.27	dbbmckennon	true	true			true		With respect to the issuance of 327,388 shares noted in the first item, Section 4(a)(6) of the Securities Act and Regulation Crowdfunding promulgated thereunder.  With respect to all other issuances, Section 4(a)(2) of the Securities Act.
0001477932-18-003937	897 Via Lata, Suite C		Colton	CA	92324	844-477-7499	Jillian Sidoti, Esq.	Other	151000.0	0.0		0.0		0.0		151000.0	100000.0			0.0	100000.0	51000.0	151000.0	0.0		0.0		0.0	0.0	0.0	0.0	Spiegel Accountancy Corp.	true	true	false		true	false	Section 4(2)
0001628279-18-000193	5304 ASHBROOK DRIVE		HOUSTON	TX	77081	832-661-3453	Cavas Pavri	Other	10535.0	0.0		0.0		306541.0		445665.0	1430432.0			0.0	12472372.0	-12026707.0	445665.0	0.0		0.0		30561.0	-1351665.0	-0.74	-0.74	GBH CPAs, PC	true	true	false	false	true	false	4(a)(2) and Regulation D of the Securities Act of 1933; sold only to accredited investors
0001683168-18-002243	30 N. GOULD STREET	SUITE 5187	SHERIDAN	WY	82801	650-654-4800	John E. Lux, Esq.	Other	35756.0	0.0		82055.0		1206051.0		1325216.0	419070.0			0.0	718182.0	607034.0	1325216.0	140281.0		57443.0		3477.0	-17443.0	0.0	0.0		true	true		true		true	
0001213900-18-010626	501 SILVERSIDE RD.	PMB #352	WILMINGTON	DE	19809	302-307-3668	Alexander M. Woods-Leo	Other	11290.0	0.0		0.0		3500.0		103790.0	5803.0			0.0	5803.0	97987.0	103790.0	8500.0		15599.0		0.0	-430908.0	-0.03	-0.03	M&K CPAS, PLLC	true	true		true			4(a)(2) for Common Stock and 4(a)(6), Regulation CF, for Series Seed Preferred Stock
0001683168-18-002227	5020 Campus Drive		Newport Beach	CA	92660	949-296-7004	John E. Lux, Esq.	Other	1319.0	0.0		0.0		0.0		4124828.0	450309.0			1164969.0	1845926.0	2278902.0	4124828.0	14274.0		-6374.0		0.0	-321499.0	0.0	0.0		true	true		true			Exempt from registration under Section 3(a)(10) of the Securities Act and Rules promulgated thereunder.
0001731122-18-000053	131 Sunnyside Boulevard	Suite 100	Plainview	NY	11803	631-241-9404	Marc Adesso	Other	500.0	0.0		0.0		601749.0		2033545.0	2006468.0			200000.0	2206468.0	-172923.0	2033545.0	889367.0		6753411.0		45537.0	-5864044.0	0.0	0.0	N/A	true	true		true			During the period ended April 30, 2018, 64,591,818 shares were issued to investors and 40,000,000 shares were issued to service providers. All such shares were issued under Section 4(a)(2) of the Securities Act.
0001445866-18-000809	206 W College Avenue		Friendsville	TN	37737	866-646-6230	Mike Reppe	Other	22015.0	0.0		28400.0		85000.0		135415.0	400000.0			0.0	400000.0	-264586.0	135415.0	0.0		64586.0		0.0	-264586.0	0.0	0.0	Jason M. Tyra, CPA PLLC	true	true	false	true	false	true	
0001144204-18-042871	1601 CONNECTICUT AVENUE NW	SUITE 300	WASHINGTON	DC	20009	202-584-0550	Benjamin S. Miller	Other	5000.0	0.0		0.0		0.0		868.0	85.0			0.0	868.0	0.0	868.0	0.0		0.0		0.0	6.0	16.22	0.0	RSM US LLP	true	true		true			Fundrise, LP, an affiliate of our sponsor, has purchased 9,500 common shares for a purchase price of $95,000 in a private offering. Such issuance was exempt from the registration requirements of the Securities Act pursuant to Section 4(a)(2) thereof.
0001144204-18-042870	1601 CONNECTICUT AVENUE NW	SUITE 300	WASHINGTON	DC	20009	202-584-0550	Benjamin S. Miller	Other	2953000.0	0.0		14000.0		0.0		8969000.0	85000.0			0.0	199000.0	8770000.0	8969000.0	66000.0		115000.0		0.0	-49000.0	-0.18	-0.18	RSM US LLP	true	true		true		true	
0001144204-18-042869	1601 CONNECTICUT AVENUE NW	SUITE 300	WASHINGTON	DC	20009	202-584-0550	Benjamin S. Miller	Other	178000.0	0.0		0.0		0.0		13211000.0	147000.0			0.0	3508000.0	9703000.0	13211000.0	163000.0		183000.0		10000.0	-20000.0	-0.07	-0.07	RSM US LLP	true	true		true		true	
0001742134-18-000007	201 Main Street	Number B	Hardeeville	SC	29927	404-396-6759	MARK THATCHER	Other	118.0	0.0		0.0		0.0		118.0	0.0			0.0	182.0	118.0	118.0	0.0		0.0		0.0	0.0	0.0	0.0		true	true	false	true	false	false	Section 4(2), Issuer transactions to Founders not involving any public offering
0001493152-18-011105	Pennzoil Plza. Bldg., 700 Milam St.	Suite 1300	Houston	TX	77002	832-871-5107	John E. Lux, Esq.	Other	0.0	0.0		0.0		0.0		0.0	0.0			0.0	0.0	0.0	0.0	0.0		0.0		0.0	0.0	0.0	0.0	n/a	true	true		true			Exempt from registration under Section 4(2) Securities Act and Rules promulgated thereunder.
0001683168-18-002167	999 18th Street, Suite 3000		Denver	CO	80202	720-262-5245	Francesca Albano	Other	77.0	0.0		0.0		0.0		77.0	3239.0			0.0	33328.0	-33251.0	77.0	0.0		45244.0		0.0	-45691.0	0.0	0.0	Salberg & Company, P.A.	true	true		true			Section 4(2) of the Securities Act of 1933 relating to transactions not involving a public offering.
0001144204-18-042362	75 Fifth Street, NW	Suite 2170	ATLANTA	GA	30308	404-850-9225	Nick Bhargava	Other	921594.0	0.0		20120085.0		433452.0		21507228.0	16872490.0			0.0	22787493.0	-1280265.0	21507228.0	804936.0		117587.0		102471.0	-1976473.0	-1.75	-1.75	Hughes Pittman and Gupton LLP	true	true		true			Regulation A, Rule 506 of Regulation D, and Rule 506 of Regulation D, respectively.
0001615774-18-007626	11161 Anderson Street	Suite 105-10014	Loma Linda	CA	92354	909-488-0844	Richard A. Friedman, Esq.	Other	25000.0	0.0		0.0		0.0		25000.0	8566.0			0.0	84900.0	-59900.0	25000.0	0.0		-212986.0		0.0	-212896.0	0.03	0.03	dbbmckennon	true	true	true	false	true	false	Private Placement under Rule 506(b) and/or Section 4(a)(2) of the Securities Act.
0001652577-18-000006	412 e 79th street	apt 2a	New York City	NY	10075	6464776733	Robert Licopoli	Other	32568.0	0.0		0.0		0.0		32976.0	3849.0			0.0	32976.0	29128.0	32976.0	37610.0		60500.0		0.0	-22890.0	0.0	0.0		true	true	false	false	true	true	
0001652577-18-000005	412 e 79th street	apt 2a	New York City	NY	10075	6464776733	Robert Licopoli	Other	32568.0	0.0		0.0		0.0		32976.0	3849.0			0.0	32976.0	29128.0	32976.0	37610.0		60500.0		0.0	-22890.0	0.0	0.0		true	true	false	false	true	true	
0001144204-18-041951	1601 Connecticut Avenue NW	Suite 300	Washington	DC	20009	202-584-0550	Bjorn J. Hall	Other	10442000.0	0.0		916000.0		0.0		29455000.0	60000.0			0.0	1359000.0	28096000.0	29455000.0	1342000.0		403000.0		0.0	939000.0	0.51	0.51	RSM US LLP	true	true		true		true	
0001144204-18-041947	1601 CONNECTICUT AVENUE NW	STE 300	WASHINGTON	DC	20009	202-584-0550	Benjamin S. Miller	Other	1579000.0	0.0		313000.0		0.0		32160000.0	59000.0			0.0	7294000.0	24866000.0	32160000.0	0.0		399000.0		0.0	-1030000.0	-0.61	-0.61	RSM US LLP	true	true		true		true	
0001144204-18-041944	1601 Connecticut Avenue NW	Suite 300	Washington	DC	20009	202-584-0550	Bjorn J. Hall	Other	9371000.0	0.0		85000.0		0.0		26727000.0	56000.0			0.0	2174000.0	24553000.0	26727000.0	0.0		470000.0		0.0	-561000.0	-0.32	-0.32	RSM US LLP	true	true		true		true	
0001144204-18-041937	1601 Connecticut Avenue, NW	Suite 300	WASHINGTON	DC	20009	202-584-0550	Benjamin S. Miller	Other	10339000.0	0.0		0.0		0.0		56490000.0	54000.0			0.0	2498000.0	53992000.0	56490000.0	552000.0		663000.0		0.0	-111000.0	-0.02	-0.02	RSM US LLP	true	true		true		true	
0001144204-18-041934	1601 Connecticut Avenue, NW, Suite 300		Washington	DC	20009	202-584-0550	Benjamin S. Miller	Other	11169000.0	0.0		1736000.0		0.0		73734000.0	68000.0			0.0	2888000.0	70846000.0	73734000.0	5408000.0		180000.0		0.0	5212000.0	0.92	0.92	RSM US LLP	true	true		true		true	
0001144204-18-041924	1601 CONNECTICUT AVENUE NW, STE	STE 300	WASHINGTON	DC	20009	202-584-0550	Benjamin S. Miller	Other	5000.0	0.0		0.0		0.0		5000.0	0.0			0.0	0.0	5000.0	5000.0	0.0		0.0		0.0	0.0	0.0	0.0	RSM US LLP	true	true		true			Rise Companies Corp. has purchased 500 common shares for a purchase price of $5,000 in a private offering. Such issuance was exempt from the registration requirements of the Securities Act pursuant to Section 4(a)(2) thereof.
0001144204-18-041922	1601 CONNECTICUT AVENUE NW, STE	STE 300	WASHINGTON	DC	20009	202-584-0550	Benjamin S. Miller	Other	5000.0	0.0		0.0		0.0		5000.0	0.0			0.0	0.0	5000.0	5000.0	0.0		0.0		0.0	0.0	0.0	0.0	RSM US LLP	true	true		true			Rise Companies Corp. has purchased 500 common shares for a purchase price of $5,000 in a private offering. Such issuance was exempt from the registration requirements of the Securities Act pursuant to Section 4(a)(2) thereof.
0001558891-18-000068	265 Sunrise Highway, Suite 1-276		Rockville Centre	NY	11570	785-422-9121	Philip Magri, Esq.	Other	79.0	0.0		6238.0		1636853.0		442370.0	244190.0			594000.0	1295942.0	-853572.0	442370.0	83108.0		541971.0		166466.0	-313394.0	-0.01	-0.01		true	true		true		true	
0001078782-18-000773	23501 CINCO RANCH BLVD., STE H120 - #32		KATY	TX	77494	713-857-8142	Morgan E. Petitti, Esq.	Other	28800.0	0.0		150136.0		0.0		794936.0	175305.0			241317.0	831891.0	-36955.0	794936.0	3368297.0		0.0		0.0	-392714.0	0.0	0.0	M&K CPAS, PLLC	true	true	false	false	true	false	The foregoing issuances of securities were executed in reliance upon the exemption from registration provided by section 4 (2) under the Securities Act of 1933 (the Act) as amended.
0001683168-18-002108	999 18th Street, Suite 3000		Denver	CO	80202	720-262-5245	Francesca Albano	Other	77.0	0.0		0.0		0.0		77.0	3239.0			0.0	33328.0	-33251.0	77.0	0.0		45244.0		0.0	-45691.0	0.0	0.0	Salberg & Company, P.A.	true	true		true			Section 4(2) of the Securities Act of 1933 relating to transactions not involving a public offering.
0001549212-18-000028	6666 HARWIN DRIVE	SUITE 664	HOUSTON	TX	77036	7132681610	Norman George	Other	45672.0	0.0		0.0		3336.0		101008.0	281096.0			0.0	281096.0	-180088.0	101008.0	36905.0		291353.0		1026.0	-255474.0	0.0	0.0		true	true	false	false	true	false	Regulation A provides that shares sold by an issuer pursuant to that regulation are exempt from registration under Section 5 of the Act.
0001477932-18-003778	8500 Wilshire Blvd.	Suite 700B	Beverly Hills	CA	90211	424-313-7471	Jillian Sidoti	Other	73492.0	0.0		60510.0		25000.0		159002.0	149800.0			0.0	149800.0	9202.0	159002.0	0.0		1548.0		0.0	-1548.0	0.0	0.0	Spiegel Accountancy Corp.	true	true	false	true		false	Section 4(a)(2)
0001104659-18-048899	1 N. Church Street	3rd Floor	West Chester	PA	19380	929-273-1572	Kristen Howell Fox Rothschild	Other	62090.0	0.0		4060.0		174100.0		240250.0	0.0			210272.0	210272.0	29978.0	240250.0	0.0		-140012.0		0.0	-140012.0	0.0	0.0	WithumSmith Brown PC	true	true	false	true	false	false	Section 4(a)(2); private issuance of restricted equity to accredited investor
0001477932-18-003772	8500 Wilshire Blvd.	Suite 700B	Beverly Hills	CA	90211	424-313-7471	Jillian Sidoti	Other	73492.0	0.0		60510.0		25000.0		159002.0	149800.0			0.0	149800.0	9202.0	159002.0	0.0		1548.0		0.0	-1548.0	0.0	0.0	Spiegel Accountancy Corp.	true	true	false	true		false	Section 4(a)(2)
0001477932-18-003766	18909 NE 29th Avenue		Aventura	FL	33180	310-777-0255	Jillian Sidoti, Esq.	Other	18000.0	0.0		0.0		0.0		18000.0	18000.0			0.0	18000.0	0.0	18000.0	0.0		0.0		0.0	0.0	0.0	0.0	EisnerAmper	true	true	false	true		false	Such interests were issued as founders' interests without consideration under 4(2).
0001213900-18-010023	9430 Key West Avenue, Suite 100		Rockville	MD	20850	240-453-6339	Louis A. Bevilacqua, Esq.	Other	1040083.0	0.0		53106.0		7017.0		1422121.0	754437.0			0.0	965937.0	456184.0	1422121.0	313207.0		182275.0		10606.0	-1264194.0	-0.27	-0.27	dbbmckennon	true	true			true		With respect to the issuance of 327,388 shares noted in the first item, Section 4(a)(6) of the Securities Act and Regulation Crowdfunding promulgated thereunder.  With respect to all other issuances, Section 4(a)(2) of the Securities Act.
0001144204-18-041214	1801 CENTURY PARK EAST 24TH FLOOR		LOS ANGELES	CA	90067	510-459-7894	Jamie Ostrow	Other	611755.0	0.0		132822.0		0.0		1154234.0	58923.0			0.0	79397.0	1074837.0	1154234.0	415372.0		257156.0		9344.0	-1922699.0	-1.0	-1.0	Artesian CPA, LLC	true	true		true			Regulation CF under Section 4(a)(6) and Regulation A
0001654954-18-008259	625 Kenmoor Avenue SE	Suite 211	Grand Rapids	MI	49546	616-734-6099	Trevor Wind, Esq.	Other	0.0	0.0		0.0		0.0		0.0	0.0			0.0	0.0	0.0	0.0	0.0		0.0		0.0	0.0	0.0	0.0	UHY LLP	true	true	false	false	false	true	
0001078782-18-000766	2660 TOWNSGATE ROAD, SUITE 300		WESTLAKE VILLAGE	CA	91361	805-446-1973	KEITH BERMAN	Other	816183.0	0.0		548095.0		802315.0		4619637.0	812065.0			0.0	2686682.0	1687885.0	4619637.0	559004.0		346174.0		0.0	-573155.0	-0.01	-0.01		true	true	false	true	false	false	4(a)(2)
0001493152-18-010739	SPRING PLACE, 6 ST JOHNS LANE	7th FLOOR	NEW YORK	NY	10013	203-518-5172	LAURA ANTHONY	Other	100.0	0.0		0.0		0.0		100.0	0.0			0.0	0.0	100.0	100.0	0.0		0.0		0.0	0.0	0.0	0.0	Mayer Hoffman McCann, P.C.	true	true		true			The foregoing issuances were pursuant to Section 4(a)(2) of the Securities Act of 1933, as amended, for transactions by an issuer not involving any public offering.
0001213900-18-009946	301 E. PINE ST	SUITE 850	ORLANDO	FL	32801	407-968-4234	James S. Byrd, Jr.	Other	2588772.0	0.0		7884978.0		13860.0		10962882.0	476552.0			2147000.0	2623552.0	8339330.0	10962882.0	1080667.0		5568460.0		0.0	-4661317.0	-0.36	-0.36	Soles, Heyn & Company LLP	true	true			true		506 (B) Corporate Notes were sold to accredited and no more than 35 non-accredited
0001683168-18-002058	1825 CORPORATE BLVD. NW, SUITE 110		BOCA RATON	FL	33431	877-267-6278	John E. Lux, Esq.	Other	4009.0	0.0		0.0		0.0		4009.0	12741.0			0.0	12741.0	-8732.0	4009.0	0.0		12066.0		0.0	-12107.0	0.0	0.0	Salberg & Company, P.A.	true	true		true			Exempt from registration under 4(2) Securities Act and Rules promulgated thereunder.
0001213900-18-009878	301 E. PINE ST	SUITE 850	ORLANDO	FL	32801	407-968-4234	James S. Byrd, Jr.	Other	2588772.0	0.0		7884978.0		13860.0		10962882.0	476552.0			2147000.0	2623552.0	8339330.0	10962882.0	1080667.0		5568460.0		0.0	-4661317.0	-0.36	-0.36	Soles, Heyn & Company LLP	true	true			true		506 (B) Corporate Notes were sold to accredited and no more than 35 non-accredited
0001477932-18-003708	897 Via Lata, Suite C		Colton	CA	92324	844-477-7499	Jillian Sidoti, Esq.	Other	151000.0	0.0		0.0		0.0		151000.0	100000.0			0.0	100000.0	51000.0	151000.0	0.0		0.0		0.0	0.0	0.0	0.0	Spiegel Accountancy Corp.	true	true	false		true	false	Section 4(2)
0001683168-18-002048	2598 East Sunrise Blvd.	Suite 2104	Ft. Lauderdale	FL	33304	954-332-6600	John E. Lux, Esq.	Other	19197.0	0.0		111528.0		0.0		1096200.0	928304.0			1089490.0	2017794.0	-921594.0	1096200.0	6813.0		81190.0		0.0	-74377.0	0.0	0.0	None	true	true		true			Securities Act of 1933, Section 4(2), sales to persons associated with company officers and directors, prior investors and shareholders, noteholders and to the Company's President.
0001493152-18-010612	Pennzoil Plza. Bldg., 700 Milam St.	Suite 1300	Houston	TX	77002	832-871-5107	John E. Lux, Esq.	Other	0.0	0.0		0.0		0.0		0.0	0.0			0.0	0.0	0.0	0.0	0.0		0.0		0.0	0.0	0.0	0.0	n/a	true	true		true			Exempt from registration under Section 4(2) Securities Act and Rules promulgated thereunder.
0001640334-18-001474	3511 Del Paso Rd., Ste. 160 PMB 208		Sacramento	CA	95835	213-260-0321	Todd Higley	Other	107217.0	0.0		0.0		94591.0		201808.0	0.0			0.0	0.0	201808.0	201808.0	0.0		0.0		0.0	-33192.0	0.0	0.0	HAYNIE & COMPANY	true	true	false	true		false	Section 4(a)(2)
0001213900-18-009787	601 N. State Road 7		Plantation	FL	33317	954-895-0352	Samer Salahel-Din Tawfik	Other	217360.0	0.0		85851.0		185659.0		4256672.0	599914.0			0.0	1724465.0	2532207.0	4256672.0	3759031.0		3994079.0		29291.0	-1423662.0	-0.07	-0.07	Grassi & Co., CPAs, P.C.	true	true			true		Rule 506 and Rule 701 of the Securities Act
0001683168-18-002040	1825 CORPORATE BLVD. NW, SUITE 110		BOCA RATON	FL	33431	877-267-6278	John E. Lux, Esq.	Other	4009.0	0.0		0.0		0.0		4009.0	12741.0			0.0	12741.0	-8732.0	4009.0	0.0		12066.0		0.0	-12107.0	0.0	0.0	Salberg & Company, P.A.	true	true		true			Exempt from registration under 4(2) Securities Act and Rules promulgated thereunder.
0001683168-18-002034	714-264-5866	Suite 400	Irvine	CA	92618	855-759-4400	John E. Lux, Esq.	Other	3.0	0.0		0.0		0.0		3.0	87802.0			114340.0	1952351.0	-1952348.0	3.0	0.0		74248.0		0.0	-351099.0	0.0	0.0	None	true	true		true			Exempt from registration under Section 4(2) Securities Act and Rules promulgated thereunder.
0001144204-18-040420	1601 CONNECTICUT AVENUE NW, STE 300		WASHINGTON	DC	20009	202-584-0550	Benjamin S. Miller	Other	62844000.0	0.0		5067000.0		381000.0		274482000.0	5131000.0			8970000.0	22935000.0	251547000.0	274482000.0	14732000.0		13607000.0		0.0	-4122000.0	-0.6900000000000001	-0.6900000000000001	RSM US LLP	true	true		true			These purchases of shares in private offerings were exempt from the registration requirements of the Securities Act pursuant to Section 4(a)(2) thereof.
0001493152-18-010534	12465 South Fort Street	Suite 240	Draper	UT	84020	8012033978	John Brannelly, Attorney	Other	1219.0	0.0		0.0		0.0		42886.0	10734.0			65000.0	75734.0	-32848.0	42886.0	24208.0		0.0		8333.0	-126668.0	0.0	0.0	MaloneBailey, LLP	true	true			true		JOBS Act, Rule 506
0001683168-18-002029	300 Spectrum Center Drive	Suite 400	Irvine	CA	92618	855-759-4400	John E. Lux, Esq.	Other	3.0	0.0		0.0		0.0		3.0	87802.0			114340.0	1952351.0	-1952348.0	3.0	0.0		74248.0		0.0	-351099.0	0.0	0.0	None	true	true		true			Exempt from registration under Section 4(2) Securities Act and Rules promulgated thereunder.
0001493152-18-010523	Square Chain Corporation	3609 Hammerkop Drive	North Las Vegas	NV	89084	727-510-9525	John E. Lux, Esq.	Other	0.0	0.0		0.0		0.0		0.0	75978.0			0.0	75978.0	-75.97	0.0	0.0		75978.0		81040.0	-157018.0	0.0	0.0		true	true		true			Exempt from registration under Section 4(2) Securities Act and Rules promulgated thereunder.
0001264931-18-000090	7951 S.W. 6TH STREET	SUITE  216	PLANTATION	FL	33324	305-219-4323	Brett Verona	Other	38993.0	0.0		0.0		0.0		38993.0	374160.0			0.0	676824.0	-637831.0	38993.0	0.0		0.0		0.0	-113491.0	0.0	0.0		true	true		true			Section 4(a)(2) of Securities Act.
0001549212-18-000026	6666 HARWIN DRIVE	SUITE 664	HOUSTON	TX	77036	7132681610	Norman George	Other	45672.0	0.0		0.0		3336.0		101008.0	281096.0			0.0	281096.0	-180088.0	101008.0	36905.0		291353.0		1026.0	-255474.0	0.0	0.0		true	true	false	false	true	false	Regulation A provides that shares sold by an issuer pursuant to that regulation are exempt from registration under Section 5 of the Act.
0001144204-18-040075	3713 CHARLOE CT		CINCINNATI	OH	45227	513-549-9483	Anthony Robertson	Other	37400.0	0.0		0.0		27236.0		64636.0	0.0			0.0	0.0	64636.0	64636.0	0.0		0.0		0.0	0.0	0.0	0.0	Franz CPAs, Inc.	true	true		true			Relied on Rule 147a and Ohio R.C. 1707.03(O).  Offering made to Ohio residents only by issuer without general solicitation. Currently sales have been made to 5 Ohio residents, as defined under Ohio law.
0001486452-18-000006	7117 FLORIDA BOULEVARD	SUITE 203	BATON ROUGE	LA	70806	800-584-3808	Eric Newlan	Other	272578.0	0.0		0.0		1284.0		654460.0	172013.0			0.0	1015763.0	-361303.0	654460.0	1413.0		693053.0		0.0	-541640.0	0.0	0.0		true	true	false	true	false	false	Section 4(a)(2), Section 4(a)(2), Section 4(a)(2), Section 4(a)(1), Section 4(a)(2), Section 3(a)(10), Section 4(a)(1), Section 4(a)(2), Section 4(a)(2), Section 4(a)(2), Section 4(a)(2), Section 4(a)(2), Section 4(a)(2) and Section 4(a)(2) respectively
0001144204-18-039859	7395 S. Peoria St.	SUITE 206	ENGLEWOOD	CO	80112	3035035660	Sara Hanks	Other	436973.0	0.0		0.0		0.0		601934.0	745437.0			1281866.0	2433170.0	-1831236.0	601934.0	0.0		0.0		0.0	-3192836.0	0.0	0.0	EKS&H LLLP	true	true			true		Regulation A of the Securities Act of 1933 and Section 4(a)(2) of the Securities Act
0001144204-18-039810	75 Fifth Street, NW	Suite 2170	ATLANTA	GA	30308	404-850-9225	Nick Bhargava	Other	921594.0	0.0		20120085.0		433452.0		21507228.0	16872490.0			0.0	22787493.0	-1280265.0	21507228.0	804936.0		117587.0		102471.0	-1976473.0	-1.75	-1.75	Hughes Pittman and Gupton LLP	true	true		true			Regulation A, Rule 506 of Regulation D, and Rule 506 of Regulation D, respectively.
0001683168-18-002010	170 S. Green Valley Parkway, Suite 300		HENDERSON	NV	89012	702-202-0068	David Syme, Esq	Other	2503.0	0.0		0.0		0.0		2503.0	34574.0			0.0	34574.0	-32071.0	2503.0	0.0		-6159.0		0.0	-6159.0	0.0	0.0	Thayer O'Neal Company, LLC	true	true		true			Thinking Green relied upon the exemption from the registration requirements of the Securities Act set forth in Section 4(a)(2) of   such Act.
0001683168-18-002006	170 S. Green Valley Parkway, Suite 300		HENDERSON	NV	89012	702-202-0068	David Syme, Esq	Other	2503.0	0.0		0.0		0.0		2503.0	34574.0			0.0	34574.0	-32071.0	2503.0	0.0		-6159.0		0.0	-6159.0	0.0	0.0	Thayer O'Neal Company, LLC	true	true		true			Thinking Green relied upon the exemption from the registration requirements of the Securities Act set forth in Section 4(a)(2) of   such Act.
0001144204-18-039192	75 Fifth Street, NW	Suite 2170	ATLANTA	GA	30308	404-850-9225	Nick Bhargava	Other	921594.0	0.0		20120085.0		433452.0		21507228.0	16872490.0			0.0	22787493.0	-1280265.0	21507228.0	804936.0		117587.0		102471.0	-1976473.0	-1.75	-1.75	Hughes Pittman and Gupton LLP	true	true		true			Regulation A, Rule 506 of Regulation D, and Rule 506 of Regulation D, respectively.
0001477932-18-003588	3940 LAUREL CANYON BLD #160		STUDIO CITY	CA	10001	347-983-9208	Steve Slome	Other	33.0	0.0		0.0		0.0		33.0	6095.0			0.0	6095.0	-6062.0	33.0	0.0		0.0		0.0	-7062.0	0.0	0.0	MALONEBAILEY, LLP	true	true	false		true	false	Exempt from registration under Rule 4(a)(2) of the Securities Act.
0001628279-18-000150	5304 ASHBROOK DRIVE		HOUSTON	TX	77081	832-661-3453	Cavas Pavri	Other	10535.0	0.0		0.0		306541.0		445665.0	1430432.0			0.0	12472372.0	-12026707.0	445665.0	0.0		0.0		30561.0	-1351665.0	-0.74	-0.74	GBH CPAs, PC	true	true	false	false	true	false	4(a)(2) and Regulation D of the Securities Act of 1933; sold only to accredited investors
0001144204-18-039119	425 NW 10th Ave	Suite 306	Portland	OR	97209	503-546-4049	Andrew Stephenson	Other	7936.0	0.0		0.0		0.0		7936.0	0.0			0.0	0.0	7936.0	7936.0	0.0		0.0		0.0	-17064.0	-0.68	-0.68	dbbmckennon	true	true			true		Section 4(a)(2)
0001683168-18-001987	564 STEVENS AVENUE		SOLANA BEACH	CA	92075	858-225-8998	Jeanne Campanelli	Other	616262.0	0.0		75319.0		392275.0		3528380.0	1726667.0			3006356.0	6341852.0	-9030770.0	3528380.0	8773025.0		4065845.0		195358.0	-3232973.0	-0.38	-0.38	dbbmckennon	true	true			true		Class B Common Stock-Regulation A of the Securities Act and section 4(a)(2). Class A Common Bonds - Regulation A of the Securities Act.
0001477932-18-003573	2121 SW 3rd Ave.	Suite 601	Miami	FL	33129	305-351-2407	Randall S. Goulding, Esq.	Other	72.0	0.0		338529.0		0.0		343601.0	393592.0			0.0	393592.0	-49991.0	343601.0	0.0		-401342.0		0.0	-401342.0	0.0	0.0	Dazkal Bolton, LLP	true	true	false		true	false	'33 Act Section 3(b) and Regulation A as filed with the Commission thereunder
0001144204-18-038914	505 NORTH VIENNA STREET		RUSTON	LA	71270	318-255-3733	Eric M. Marion, Esq.	Banking	30611000.0	1155000.0			237449000.0		5627000.0	283613000.0	176000.0		227922000.0	22134000.0	255461000.0	28152000.0	283613000.0		12100000.0		1658000.0	280000.0	2355000.0	2.2600000000000002	2.18	Heard McElroy & Vestal LLC	true	true		true		true	
0001144204-18-038840	105 PINE CREEK TRAIL		ORMOND BEACH	FL	32174	386-673-7246	Marc Adesso, Esq.	Other	393.0	0.0		33313.0		11670.0		218668.0	305629.0			25444.0	331073.0	-112405.0	218668.0	0.0		0.0		1411.0	-37245.0	0.0	0.0		true	true	false	true	false	true	
0001477932-18-003561	16000 TRADE ZONE AVENUE/UNIT 105		Upper Marlboro	MD	20774	3012184333ex221	Jillian Sidoti, Esq.	Other	84.0	0.0		0.0		0.0		84.0	0.0			0.0	0.0	84.0	84.0	0.0		0.0		0.0	0.0	0.0	0.0		true	true	false	true		true	
0001615774-18-006622	11161 Anderson Street	Suite 105-10014	Loma Linda	CA	92354	909-488-0844	Richard A. Friedman, Esq.	Other	25000.0	0.0		0.0		0.0		25000.0	8566.0			0.0	84900.0	-59900.0	25000.0	0.0		-212986.0		0.0	-212896.0	0.03	0.03	dbbmckennon	true	true	true	false	true	false	Private Placement under Rule 506(b) and/or Section 4(a)(2) of the Securities Act.
0001193125-18-219731	6340 South 3000 East	Suite 500	Salt Lake	UT	84121	801-278-0700	Darryl Steinhause	Other	15896000.0	0.0		270000.0		0.0		16166000.0	73000.0			0.0	73000.0	16093000.0	16166000.0	0.0		0.0		0.0	-11000.0	-0.01	-0.01	Ernst & Young LLP	true	true	true	false		true	
0001144204-18-038669	75 Fifth Street, NW	Suite 2170	ATLANTA	GA	30308	404-850-9225	Nick Bhargava	Other	921594.0	0.0		20120085.0		433452.0		21507228.0	16872490.0			0.0	22787493.0	-1280265.0	21507228.0	804936.0		117587.0		102471.0	-1976473.0	-1.75	-1.75	Hughes Pittman and Gupton LLP	true	true		true			Regulation A, Rule 506 of Regulation D, and Rule 506 of Regulation D, respectively.
0001144204-18-038659	8899 BEVERLY BLVD	SUITE 600	WEST HOLLYWOOD	CA	90048	888-246-7163	Andrew Stephenson, Esq.	Other	346900.0	0.0		0.0		28772.0		1506061.0	998435.0			0.0	4045615.0	-2539554.0	1506061.0	3849646.0		2259531.0		20557.0	-3287809.0	-0.32	-0.32	DBB McKennon	true	true			true		N/A
0001079974-18-000396	4663 South Enterprise Street		BOISE	ID	83705	6123860606	William Rieser	Other	10449.0	0.0		0.0		0.0		10449.0	55.0			0.0	55.0	10394.0	10449.0	0.0		0.0		0.0	-7306.0	0.0	0.0		true	true		true			4 2 sold to friends and business associates without public solicitation
0001477932-18-003545	2155 Woodlane Drive	Ste 102	Woodbury	MN	55125	651-337-4799	Jillian Sidoti	Other	204694.0	0.0		0.0		0.0		204694.0	126684.0			409891.0	536575.0	-331881.0	204694.0	0.0		317252.0		0.0	317252.0	0.0	0.0	Baker Tilly	true	true	false	true		false	180,131 Preferred Shares were sold pursuant Rule 506(c). 2,500,000 Class A Common Shares were sold pursuant to Rule 506(b). 1,500,000 Class B Common Shares were sold officers and insiders were sold pursuant to 4(2).
0001549212-18-000022	6666 HARWIN DRIVE	SUITE 664	HOUSTON	TX	77036	7132681610	Norman George	Other	45672.0	0.0		0.0		3336.0		101008.0	281096.0			0.0	281096.0	-180088.0	101008.0	36905.0		291353.0		1026.0	-255474.0	0.0	0.0		true	true	false	false	true	false	Regulation A provides that shares sold by an issuer pursuant to that regulation are exempt from registration under Section 5 of the Act.
0001193125-18-217650	1133 Columbia Street #205		San Diego	CA	92101	619-431-1567	Amit Singh, Esq.	Other	71998.0	0.0		33507.0		44026.0		829533.0	1339667.0			889070.0	3741817.0	0.0	829533.0	1030389.0		800889.0		20824.0	0.0	0.0	0.0	PKF, LLP	true	true	false	true		false	The Company relied on Rule 701 and Rule 506 promulgated under the Securities Act of 1933, as amended, in connection with the issuance of options and warrants to purchase common stock.
0001683168-18-001942	1825 CORPORATE BLVD. NW, SUITE 110		BOCA RATON	FL	33431	877-267-6278	John E. Lux, Esq.	Other	4009.0	0.0		0.0		0.0		4009.0	12741.0			0.0	12741.0	-8732.0	4009.0	0.0		12066.0		0.0	-12107.0	0.0	0.0	Salberg & Company, P.A.	true	true		true			Exempt from registration under 4(2) Securities Act and Rules promulgated thereunder.
0001477932-18-003448	2155 Woodlane Drive	Ste 102	Woodbury	MN	55125	651-337-4799	Jillian Sidoti	Other	204694.0	0.0		0.0		0.0		204694.0	126684.0			409891.0	536575.0	-331881.0	204694.0	0.0		317252.0		0.0	317252.0	0.0	0.0	Baker Tilly	true	true	false	true		false	180,131 Preferred Shares were sold pursuant Rule 506(c). 2,500,000 Class A Common Shares were sold pursuant to Rule 506(b). 1,500,000 Class B Common Shares were sold officers and insiders were sold pursuant to 4(2).
0001213900-18-009052	9430 Key West Avenue, Suite 100		Rockville	MD	20850	240-453-6339	Louis A. Bevilacqua, Esq.	Other	1040083.0	0.0		53106.0		7017.0		1422121.0	754437.0			0.0	965937.0	456184.0	1422121.0	313207.0		182275.0		10606.0	-1264194.0	-0.27	-0.27	dbbmckennon	true	true			true		With respect to the issuance of 327,388 shares noted in the first item, Section 4(a)(6) of the Securities Act and Regulation Crowdfunding promulgated thereunder.  With respect to all other issuances, Section 4(a)(2) of the Securities Act.
0001683168-18-001926	523 S. HIGHWAY 41		INVERNESS	FL	34450	352-765-3850	John E. Lux, Esq.	Other	6946.0	0.0		0.0		287661.0		294607.0	169316.0			261106.0	430422.0	-135815.0	294607.0	0.0		753624.0		2909.0	-779009.0	0.0	0.0	Assurance Dimensions	true	true		true			Exempt from registration under Section 4(2) Securities Act and Rules promulgated thereunder.
0001539497-18-001036	29 Court Dr.		Shrewsbury	NJ	07702	732-977-2192	Gregory Shinnick	Other	0.0	0.0		0.0		0.0		0.0	400.0			0.0	400.0	-400.0	0.0	0.0		579.0		0.0	-579.0	0.0	0.0	PKF O'Connor Davies LLP	true	true		true			"Section 4(a)(2) of the Securities Act of 1933 (Securities Act) as amended by the JOBS Act ""transactions by an issuer not involving any public offering""."
0001213900-18-008945	301 E. PINE ST	SUITE 850	ORLANDO	FL	32801	407-968-4234	James S. Byrd, Jr.	Other	2588772.0	0.0		7884978.0		13860.0		10962882.0	476552.0			2147000.0	2623552.0	8339330.0	10962882.0	1080667.0		5568460.0		0.0	-4661317.0	-0.36	-0.36	Soles, Heyn & Company LLP	true	true			true		506 (B) Corporate Notes were sold to accredited and no more than 35 non-accredited
0001683168-18-001909	5020 Campus Drive		Newport Beach	CA	92660	949-296-7004	John E. Lux, Esq.	Other	1319.0	0.0		0.0		0.0		4124828.0	450309.0			1164969.0	1845926.0	2278902.0	4124828.0	14274.0		-6374.0		0.0	-321499.0	0.0	0.0		true	true		true			Exempt from registration under Section 3(a)(10) of the Securities Act and Rules promulgated thereunder.
0001477932-18-003405	897 Via Lata, Suite C		Colton	CA	92324	844-477-7499	Jillian Sidoti, Esq.	Other	151000.0	0.0		0.0		0.0		151000.0	100000.0			0.0	100000.0	51000.0	151000.0	0.0		0.0		0.0	0.0	0.0	0.0	Spiegel Accountancy Corp.	true	true	false		true	false	Section 4(2)
0001477932-18-003397	7343 W. Sand Lake Road	Unit 311	Orlando	FL	32819	321-246-2050	Jillian Sidoti	Other	100.0	0.0		100.0		0.0		100.0	100.0			0.0	100.0	0.0	100.0	0.0		0.0		0.0	0.0	0.0	0.0	Spiegel Accountancy	true	true	false	true		true	
0001213900-18-008863	10990 Wilshire Blvd.	Penthouse	Los Angeles	CA	90024	844-933-3287	Stephen A. Weiss, Esq.	Other	1768000.0	1313000.0		1516000.0		742000.0		14207000.0	8987000.0			19603000.0	67881000.0	-53675000.0	14207000.0	1481000.0		503000.0		61000.0	-12304000.0	-0.62	-0.62	RBSM, LLP	true	true			true		4(2) Private Placements to accredited investors only.
0001144204-18-037572	75 Fifth Street, NW	Suite 2170	ATLANTA	GA	30308	404-850-9225	Nick Bhargava	Other	921594.0	0.0		20120085.0		433452.0		21507228.0	16872490.0			0.0	22787493.0	-1280265.0	21507228.0	804936.0		117587.0		102471.0	-1976473.0	-1.75	-1.75	Hughes Pittman and Gupton LLP	true	true		true			Regulation A, Rule 506 of Regulation D, and Rule 506 of Regulation D, respectively.
0001628279-18-000127	5304 ASHBROOK DRIVE		HOUSTON	TX	77081	832-661-3453	Cavas Pavri	Other	10535.0	0.0		0.0		306541.0		445665.0	1430432.0			0.0	12472372.0	-12026707.0	445665.0	0.0		0.0		30561.0	-1351665.0	-0.74	-0.74	GBH CPAs, PC	true	true	false	false	true	false	4(a)(2) and Regulation D of the Securities Act of 1933; sold only to accredited investors
0001144204-18-037531	3713 CHARLOE CT		CINCINNATI	OH	45227	513-549-9483	Anthony Robertson	Other	37400.0	0.0		0.0		27236.0		64636.0	0.0			0.0	0.0	64636.0	64636.0	0.0		0.0		0.0	0.0	0.0	0.0	Franz CPAs, Inc.	true	true		true			Relied on Rule 147a and Ohio R.C. 1707.03(O).  Offering made to Ohio residents only by issuer without general solicitation. Currently sales have been made to 5 Ohio residents, as defined under Ohio law.
0001683168-18-001883	2598 East Sunrise Blvd.	Suite 2104	Ft. Lauderdale	FL	33304	954-332-6600	John E. Lux, Esq.	Other	19197.0	0.0		111528.0		0.0		1096200.0	928304.0			1089490.0	2017794.0	-921594.0	1096200.0	6813.0		81190.0		0.0	-74377.0	0.0	0.0	None	true	true		true			Securities Act of 1933, Section 4(2), sales to persons associated with company officers and directors, prior investors and shareholders, noteholders and to the Company's President.
0001193125-18-213210	6340 South 3000 East	Suite 500	Salt Lake	UT	84121	801-278-0700	Darryl Steinhause	Other	15896000.0	0.0		270000.0		0.0		16166000.0	73000.0			0.0	73000.0	16093000.0	16166000.0	0.0		0.0		0.0	-11000.0	-0.01	-0.01	Ernst & Young LLP	true	true	true	false		true	
0001437749-18-013015	6165 GREENWICH DRIVE	SUITE 150	SAN DIEGO	CA	92122	310-444-4321	Joe Tagliaferro, Esq.	Other	0.0	0.0		0.0		6026.0		151114.0	453627.0			0.0	459808.0	-308694.0	151114.0	0.0		-208975.0		0.0	-208975.0	0.0	0.0	EisnerAmper LLP	true	true	true	false	true	true	
0001615774-18-006217	11161 Anderson Street	Suite 105-10014	Loma Linda	CA	92354	909-488-0844	Richard A. Friedman, Esq.	Other	25000.0	0.0		0.0		0.0		25000.0	8566.0			0.0	84900.0	-59900.0	25000.0	0.0		-212986.0		0.0	-212896.0	0.03	0.03	dbbmckennon	true	true	true	false	true	false	Private Placement under Rule 506(b) and/or Section 4(a)(2) of the Securities Act.
0001477932-18-003311	42062 B Street		Murrieta	CA	92563	800-515-3141	Jillian Sidoti, Esq.	Other	0.0	0.0		0.0		0.0		0.0	0.0			0.0	0.0	0.0	0.0	0.0		0.0		0.0	0.0	0.0	0.0	IndigoSpire	true	true	false		true	true	
0001477932-18-003316	18909 NE 29th Avenue		Aventura	FL	33180	310-777-0255	Jillian Sidoti, Esq.	Other	18000.0	0.0		0.0		0.0		18000.0	18000.0			0.0	18000.0	0.0	18000.0	0.0		0.0		0.0	0.0	0.0	0.0	EisnerAmper	true	true	false	true		false	Such interests were issued as founders' interests without consideration under 4(2).
0001493152-18-009580	11921 Freedom Drive	Suite 550	Reston	VA	20190-5667	703-904-4315	Louis A. Bevilacqua, Esq.,	Other	3490.0	0.0		10250.0		0.0		13740.0	24565.0			0.0	24565.0	-10825.0	13740.0	135000.0		152708.0		0.0	-17708.0	0.0	0.0	Friedman LLP	true	true			true	true	
0001477932-18-003307	897 Via Lata, Suite C		Colton	CA	92324	844-477-7499	Jillian Sidoti, Esq.	Other	151000.0	0.0		0.0		0.0		151000.0	100000.0			0.0	100000.0	51000.0	151000.0	0.0		0.0		0.0	0.0	0.0	0.0	Spiegel Accountancy Corp.	true	true	false		true	false	Section 4(2)
0001493152-18-009539	Pennzoil Plza. Bldg., 700 Milam St.	Suite 1300	Houston	TX	77002	832-871-5107	John E. Lux, Esq.	Other	0.0	0.0		0.0		0.0		0.0	0.0			0.0	0.0	0.0	0.0	0.0		0.0		0.0	0.0	0.0	0.0	n/a	true	true		true			Exempt from registration under Section 4(2) Securities Act and Rules promulgated thereunder.
0001724115-18-000007	688 MERIDIAN AVE, STE 700		MIAMI BEACH	FL	33139	9492753697	Andy Altahawi/Adamson Brothers	Other	22500.0	0.0		0.0		0.0		22500.0	814.0			25000.0	25814.0	-3314.0	22500.0	0.0		0.0		0.0	0.0	0.0	0.0	IndigoSpire CPA Group, LLC	true	true	false	true	false	false	Section 4(a)(2) - an issuer not involved in any public offering. All securities sold to current directors, and or Exempt from registration of the securities act.
