ACCESSION_NUMBER	NID	SINFO_ID	NAME_TYPE	NAME
0001144204-18-051167	1	1	underwrittenSpName	Moloney Securities Co., Inc.
0001144204-18-051167	1	1	blueSkySpName	Kaplan Voekler Cunningham & Frank, PLC
0001144204-18-051167	1	1	legalSpName	Kaplan Voekler Cunningham & Frank, PLC and Sands Anderson PC
0001144204-18-051167	1	1	auditorSpName	Keiter
0001644600-18-000030	1	1	blueSkySpName	Various States
0001644600-18-000030	1	1	legalSpName	CrowdCheck Law LLP
0001644600-18-000030	1	1	auditorSpName	Rosenberg Rich Baker Berman & Company
0001659173-18-000278	1	1	auditorSpName	Hall & Company
0001659173-18-000278	1	1	salesCommissionsSpName	JumpStart Securities
0001659173-18-000278	1	1	blueSkySpName	JumpStart Securities
0001659173-18-000278	1	1	legalSpName	Bryan R Clark PC
0001144204-18-047193	1	1	legalSpName	Alliance Legal Partners, Inc.
0001144204-18-047193	1	1	auditorSpName	HRP CPAs
0001144204-18-047193	1	1	blueSkySpName	CrowdCheck
0001477932-18-004301	1	1	legalSpName	Trowbridge Sidoti LLP
0001213900-18-010924	1	1	auditorSpName	Brightman Almagor Zohar & Co, Member firm of Deloitte Touche Tohmatsu Limited
0001213900-18-010924	1	1	salesCommissionsSpName	Jumpstart Securities LLC
0001213900-18-010924	1	1	legalSpName	Sullivan & Worcester LLP
0001213900-18-009492	1	1	findersSpName	N/A
0001213900-18-009492	1	1	promoterSpName	N/A
0001213900-18-009492	1	1	underwrittenSpName	N/A
0001213900-18-009492	1	1	salesCommissionsSpName	N/A
0001213900-18-009492	1	1	blueSkySpName	N/A
0001213900-18-009492	1	1	auditorSpName	Deloitte & Touche LLP
0001213900-18-009492	1	1	legalSpName	Morrison & Foerster LLP
0001506275-18-000001	2	1	legalSpName	P.A.
0001506275-18-000001	1	1	legalSpName	Recor Rieber
