ACCESSION_NUMBER	INDICATETIER1TIER2OFFERING	FINANCIALSTATEMENTAUDITSTATUS	OFFERDELAYEDCONTINUOUSFLAG	OFFERINGYEARFLAG	OFFERINGAFTERQUALIFFLAG	OFFERINGBESTEFFORTSFLAG	SOLICITATIONPROPOSEDOFFERFLAG	RESALESECURITIESAFFILIATESFLAG	SECURITIESOFFERED	OUTSTANDINGSECURITIES	PRICEPERSECURITY	ISSUERAGGREGATEOFFERING	SECURITYHOLDERAGGEGATE	QUALIFICATIONOFFERINGAGGREGATE	CONCURRENTOFFERINGAGGREGATE	TOTALAGGREGATEOFFERING	UNDERWRITERSERVICEPROVIDERNAME	UNDERWRITERSFEES	SALECOMMISSIONSSVCPROVIDERNAME	SALECOMMISSIONSSVCEROVIDERFEE	FINDERSFEESSERVICEPROVIDERNAME	FINDERFEESFEE	AUDITORSERVICEPROVIDERNAME	AUDITORFEES	LEGALSERVICEPROVIDERNAME	LEGALFEES	PROMOTERSSERVICEPROVIDERNAME	PROMOTERSFEES	BLUESKYSERVICEPROVIDERNAME	BLUESKYFEES	BROKERDEALERCRDNUMBER	ESTIMATEDNETAMOUNT	CLARIFICATIONRESPONSES
0001654954-18-010627	Tier2	Audited	Y	N	N	Y	N	N	50000	19548	1000.0	50000000.0	0.0	0.0	0.0	50000000.0	JCC Advisors, LLC	1000000.0	JCC Advisors, LLC	2500000.0			Eide Bailly LLP and Plante & Moran, PLLC	75000.0	Kaplan Voekler Cunningham & Frank PLC	200000.0	GK Development, Inc.	1000000.0	Kaplan Voekler Cunningham & Frank PLC	75000.0		44650000.0	
0001104659-18-059321	Tier1	Audited	Y	N	N	Y	N	N	491640	8588914	15.5	7773870.0	0.0	0.0	0.0	7773870.0			Gardner Financial, Pierce Financial and Capitol Financial	621910.0			Eide Bailly	12000.0	Felhaber Larson	30000.0			Various States	5000.0		7102110.0	Shares includes both Class A and B. DRIP participants pay no commissions and pay $13.95 per share. Thus commissions paid and net proceeds will be less based on level of DRIP purchases.
0001144204-18-051336	Tier2	Audited	Y	N	N	Y	N	N	2000000	2534713	5.0	0.0	0.0	0.0	0.0	0.0							RBSM LLP (only relates to fees in connection with this offering)	95000.0	Sullivan & Worcester LLP	50000.0						9750000.0	
0001376474-18-000135	Tier1	Unaudited	N	N	N	N	N	N	1000000	2020000	2.25	2250000.0	0.0	100000.0	0.0	2350000.0													Christopher Netelkos	125.0			
0001477932-18-004654	Tier2	Audited	N	N	N	Y	N	N	1000000	0	50.0	50000000.0	0.0	0.0	0.0	50000000.0		0.0		0.0		0.0	IndigoSpire CPA Group	2500.0	Trowbridge Sidoti	32500.0		0.0	Agile	3500.0		50000000.0	
0001144204-18-051107	Tier2	Audited	Y	Y	N	Y	N	N	3687520	0	10.0	3687520.0	0.0	31787680.0	2367890.0	37843090.0									Smith Anderson; Robbins Ross	4500.0							
0001493152-18-013782	Tier2	Audited	Y	N	N	Y	Y	N	34939	0	20.0	698780.0	0.0	0.0	0.0	698780.0	N/A	0.0	N/A	0.0	N/A	0.0	Mayer Hoffman McCann, P.C	20000.0	Legal and Compliance, LLC	100000.0	N/A	0.0	Legal and Compliance, LLC	9500.0	000000000	698780.0	Estimated Net Proceeds Calculation (above) of $698,780 does not include any offering fees as all fees in connection with the offering are to be paid by Masterworks Administrative Services, LLC.
0001477932-18-004634	Tier2	Audited	N	N	N	Y	N	N	50000	0	1000.0	50000000.0	0.0	0.0	0.0	50000000.0		0.0		0.0		0.0	EisnerAmper	2000.0	Trowbridge Sidoti	50000.0		0.0		0.0		50000000.0	
0001683168-18-002845	Tier1	Unaudited	N	N	Y	Y	N	N	1000000000	2148512607	0.005	5000000.0	0.0	0.0	0.0	5000000.0									John E. Lux, Esq.	30000.0						4970000.0	
0001213900-18-013021	Tier2	Audited	N	N	N	Y	N	N	81670	0		11500000.0	0.0	0.0	0.0	11500000.0	N/A	0.0	N/A	0.0	N/A	0.0	Moss Adams LLP, SD Mayer & Assoc., LLP	76500.0	Cutting Edge Counsel	90000.0	N/A	0.0	Cutting Edge Counsel	5000.0	0	11328500.0	TechSoup auditor, Moss Adams LLP, determined that its FY 2016 audit would not comply with the independence qualifications for that year. A re-audit by SD Mayer & Associates was completed for FY 2016 and Moss Adams LLP resumed auditing again for FY 2017.
0001144204-18-050575	Tier2	Audited	Y	Y	N	Y	Y	N	5000000	100	10.0	50000000.0	0.0	0.0	0.0	50000000.0							RSM US LLP	0.0	Goodwin Procter LLP	0.0						0.0	If broker or dealer used, it will not be an expense of the issuer.
0001144204-18-050445	Tier2	Audited	Y	Y	N	Y	N	N	2895840	0	10.0	2895840.0	0.0	31009430.0	3594740.0	37500010.0									Smith Anderson; Robbins Ross	4500.0							
0001213900-18-012878	Tier2	Audited	N	N	N	Y	N	N	81670	0		11500000.0	0.0	0.0	0.0	11500000.0	N/A	0.0	N/A	0.0	N/A	0.0	Moss Adams LLP, SD Mayer & Assoc., LLP	76500.0	Cutting Edge Counsel	90000.0	N/A	0.0	Cutting Edge Counsel	5000.0	0	11328500.0	TechSoup auditor, Moss Adams LLP, determined that its FY 2016 audit would not comply with the independence qualifications for that year. A re-audit by SD Mayer & Associates was completed for FY 2016 and Moss Adams LLP resumed auditing again for FY 2017.
0001213900-18-012865	Tier2	Audited	Y	N	N	Y	N	N	4922000	24645294	5.0	23000000.0	0.0	0.0	0.0	23000000.0			Boustead Securities, Inc.	0.0	N/A	0.0	Grassi & Co., CPAs, P.C.	0.0	Duane Morris LLP	0.0	N/A	0.0			141391		Assumes sale of up to 4,600,000 shares. See Part II for a description of the warrants, and underlying shares, to be qualified in this Offering Statement. The issuer also anticipates other costs and fees relating the offering.
0001144204-18-050378	Tier2	Audited	N	N	N	Y	N	N	6992	0	100.0	699200.0	0.0	0.0	0.0	699200.0							Franz CPAs, Inc.	6000.0	Graydon Head & Ritchie LLP	35000.0						648200.0	
0001213900-18-012832	Tier2	Audited	Y	N	N	Y	Y	N	10000000	0	5.0	50000000.0	0.0	0.0	0.0	50000000.0	Sageworks Capital, LLC	528000.0	Worldpay Group Plc	1800000.0			dbbmckennon	10000.0	CrowdCheck Law LLP/McCormick & O'Brien	63786.0	Various	761800.0	Various	20000.0	162182	46816414.0	"Fee listed for ""Sales Commissions"" represents payment processing fees. Fee listed for ""Promoters"" represents advertising and other offering expenses. Fees listed for ""Underwriters"" includes $10,000 agreement and integration fees and an $8,000 FINRA fee."
0001683168-18-002809	Tier1	Unaudited	Y	N	Y	Y	N	N	1000000000	1948238976	0.0025	2500000.0	0.0	0.0	0.0	2500000.0									John E. Lux, Esq.	25000.0			Various States	2500.0		2500000.0	
0001144204-18-050196	Tier2	Audited	Y	Y	N	Y	Y	N	625127	108027418	0.09	0.0	0.0	0.0	0.0	0.0									CrowdCheck Law LLP	6000.0							
0001144204-18-050071	Tier2	Audited	Y	Y	N	Y	N	N	2895840	0	10.0	2895840.0	0.0	31009430.0	3594740.0	37500010.0									Smith Anderson; Robbins Ross	4500.0							
0001477932-18-004556	Tier1	Unaudited	N	N	N	Y	N	N	800	0	25000.0	20000000.0	0.0	0.0	0.0	20000000.0		0.0		0.0		0.0		0.0	Trowbridge Sidoti	10000.0	Kevin Amolsch	0.0	Colorado and Minnesota	0.0		20000000.0	
0001144204-18-049933	Tier2	Audited	Y	Y	N	Y	N	N	4823050	0	10.0	4823050.0	0.0	31338440.0	2817130.0	38978620.0									Smith Anderson; Robbins Ross	4500.0							
0001712534-18-000005	Tier2	Audited	Y	N	N	Y	N	N	3000000	15000000	5.0	15000000.0	0.0	0.0	0.0	15000000.0																	
0001144204-18-049880	Tier1	Unaudited	N	N	N	Y	N	Y	80000000	43498162	0.25	16750000.0	3250000.0	0.0	0.0	20000000.0									Waller Lansden Dortch & Davis, LLP	50000.0			TBD	100000.0			
0001477932-18-004549	Tier2	Audited	N	N	N	Y	Y	N	50000000	12391000	10.0	50000000.0	0.0	0.0	0.0	50000000.0		0.0		0.0		0.0	Spiegel Accountancy Corp.	5000.0	Trowbridge Sidoti LLP	50000.0		0.0		0.0		50000000.0	
0001144204-18-049660	Tier1	Unaudited	Y	N	Y	Y	N	N	280000	139192962	0.015000000000000001	2200000.0	0.0	507500.0	0.0	2707500.0									Eilers Law Group, P.A.	15000.0						1000000.0	
0001144204-18-049628	Tier2	Audited	Y	Y	N	Y	Y	N	5000000	100	10.0	50000000.0	0.0	0.0	0.0	50000000.0							RSM US LLP	0.0	Goodwin Procter LLP	0.0						0.0	If broker or dealer used, it will not be an expense of the issuer.
0001683168-18-002771	Tier2	Audited	Y	Y	N	Y	N	N	5000000	0	10.0	50000000.0	0.0	0.0	0.0	50000000.0							Artesian CPA, LLC	2000.0	Flaster/Greenberg P.C.	50000.0						49948000.0	
0001213900-18-012614	Tier2	Audited	N	N	N	Y	N	N	81670	0		11500000.0	0.0	0.0	0.0	11500000.0	N/A	0.0	N/A	0.0	N/A	0.0	Moss Adams LLP, SD Mayer & Assoc., LLP	76500.0	Cutting Edge Counsel	90000.0	N/A	0.0	Cutting Edge Counsel	5000.0	0	11328500.0	TechSoup auditor, Moss Adams LLP, determined that its FY 2016 audit would not comply with the independence qualifications for that year. A re-audit by SD Mayer & Associates was completed for FY 2016 and Moss Adams LLP resumed auditing again for FY 2017.
0001144204-18-049475	Tier2	Audited	Y	N	Y	Y	N	N	5000000	0	10.0	50000000.0	0.0	0.0	0.0	50000000.0	To be provided by amendment	1500000.0	To be provided by amendment	3500000.0			Brian Soto, CPA	25000.0	Kaplan, Voekler, Cunningham & Frank, PLC	125000.0			Kaplan, Voekler, Cunningham & Frank, PLC	25000.0		44000000.0	We expect to engage Co-Managing Broker Dealers to lead a syndicate of Selected Dealers, and provide Web Portals for the administration of online sales.
0001213900-18-012531	Tier2	Audited	Y	N	N	Y	Y	N	1500000	16052435	4.0	6000000.0	0.0	0.0	434000.0	6434000.0	Craft Capital Management	510000.0							Sheppard, Mullin, Richter & Hampton, LLP	75000.0					171350	5515000.0	
0001144204-18-049243	Tier2	Audited	Y	N	N	Y	Y	N	18867925	10377615	0.53	10000000.0	0.0	0.0	0.0	10000000.0			SI Securities, LLC	850000.0			dbbmckennon	30000.0	CrowdCheck Law LLP	12000.0					170937	9108000.0	
0001477932-18-004474	Tier2	Audited	N	N	N	Y	Y	N	50000000	12391000	10.0	50000000.0	0.0	0.0	0.0	50000000.0		0.0		0.0		0.0	Spiegel Accountancy Corp.	5000.0	Trowbridge Sidoti LLP	50000.0		0.0		0.0		50000000.0	
0001144204-18-049023	Tier2	Audited	Y	N	N	Y	N	N	2000000	2534713	5.0	0.0	0.0	0.0	0.0	0.0							RBSM LLP (only relates to fees in connection with this offering)	95000.0	Sullivan & Worcester LLP	50000.0						9750000.0	
0001144204-18-048911	Tier2	Audited	N	N	N	Y	N	N	6992	0	100.0	699200.0	0.0	0.0	0.0	699200.0							Franz CPAs, Inc.	6000.0	Graydon Head & Ritchie LLP	35000.0						648200.0	
0001078782-18-000966	Tier2	Audited	Y	N	Y	Y	Y	Y	10475000	11475000	1.5	15000000.0	712500.0	0.0	0.0	15712500.0							M&K CPAS, PLLC	18000.0	Morgan E. Petitti	3500.0						14625000.0	
0001683168-18-002680	Tier1	Unaudited	Y	N	Y	Y	N	Y	9306593	4066148	0.005	10000000.0	1633241.0	0.0	0.0	11633241.0									John E. Lux, Esq.	10000.0						9600000.0	
0001144204-18-048832	Tier2	Audited	Y	N	N	Y	Y	N	2000000	0	5.0	10000000.0	0.0	0.0	0.0	10000000.0							dbbmckennon	37500.0	Alliance Legal Partners, Inc.	62500.0			CrowdCheck, Inc.	10000.0		9654542.0	
0001683168-18-002673	Tier2	Audited	Y	Y	N	Y	N	N	510	0	120.0	61200.0	0.0	0.0	0.0	61200.0							IndigoSpire CPA Group, LLC	0.0	Procopio, Cory, Hargreaves & Savitch, LLP	0.0						61200.0	Estimated net proceeds does not reflect offering expenses because such expenses will be paid by the Manager as it relates to the Series Palace Foal.
0001144204-18-048713	Tier2	Audited	Y	Y	N	Y	N	N	2895840	0	10.0	2895840.0	0.0	31009430.0	3594740.0	37500010.0									Smith Anderson; Robbins Ross	4500.0							
0001213900-18-012312	Tier2	Audited	Y	Y	Y	Y	N	N	50000000	4161506596	1.0	50000000.0	0.0	0.0	0.0	50000000.0							Anton & Chia	26000.0	Attorney Steve Roberts	42000.0					000000000	49900000.0	The balance of the estimated $100,000 in expenses above reflect accounting, Edgar filing preparation, costs of preparing and expenses from company transfer agent.
0001683168-18-002664	Tier2	Audited	Y	N	N	Y	N	N	2875000	10536004	6.0	17250000.0	0.0	0.0	0.0	17250000.0	Boustead Securities, LLC	1207500.0					GBH CPAs PC	17000.0	Schiff Hardin LLP	170000.0						15667500.0	
0001144204-18-048616	Tier2	Audited	Y	Y	N	Y	N	N	4327061	688365	10.0	43270610.0	0.0	6729386.5600000005	0.0	49999996.56									Goodwin Procter LLP	40000.0						43230610.0	
0001144204-18-048575	Tier2	Audited	Y	N	N	Y	N	N	50000000	5000	1.0	50000000.0	0.0	0.0	0.0	50000000.0							dbbmckennon	11000.0	CrowdCheck Law LLP (f/k/a KHLK LLP)	85000.0						49904000.0	
0001213900-18-012262	Tier2	Audited	Y	N	N	Y	N	N	1500000	4872654	1.9000000000000001	2850000.0	0.0	0.0	0.0	2850000.0							Daszkal Bolton LLP	25000.0	Reed Smith LLP	150000.0						2650000.0	
0001477932-18-004409	Tier2	Audited	N	N	N	Y	N	N	1000000	0	50.0	50000000.0	0.0	0.0	0.0	50000000.0		0.0		0.0		0.0	IndigoSpire CPA Group	2500.0	Trowbridge Sidoti	32500.0		0.0	Agile	3500.0		50000000.0	
0001213900-18-012215	Tier2	Audited	Y	N	N	Y	Y	N	1500000	16052435	4.0	6000000.0	0.0	0.0	434000.0	6434000.0	Craft Capital Management	510000.0							Sheppard, Mullin, Richter & Hampton, LLP	75000.0					171350	5515000.0	
0001144204-18-048302	Tier2	Audited	Y	Y	N	Y	Y	N	5000000	100	10.0	50000000.0	0.0	0.0	0.0	50000000.0							RSM US LLP	0.0	Goodwin Procter LLP	0.0						0.0	If broker or dealer used, it will not be an expense of the issuer.
0001477932-18-004373	Tier2	Audited	N	N	N	Y	Y	N	50000000	12391000	10.0	50000000.0	0.0	0.0	0.0	50000000.0		0.0		0.0		0.0	Spiegel Accountancy Corp.	5000.0	Trowbridge Sidoti LLP	50000.0		0.0		0.0		50000000.0	
0001615774-18-009107	Tier2	Audited	Y	N	N	Y	Y	N	1666666	7304250	6.0	10000000.0	0.0	0.0	0.0	10000000.0			Network 1 Financial Securities, Inc.	700000.0									0	0.0	13577	9300000.0	
0001144204-18-047831	Tier2	Audited	Y	Y	N	Y	N	N	3479410	0	10.0	3479410.0	0.0	29518530.0	2660940.0	35658880.0									Smith Anderson; Robbins Ross	4500.0							
0001078782-18-000945	Tier2	Audited	Y	N	Y	Y	Y	Y	10475000	11475000	1.5	15000000.0	712500.0	0.0	0.0	15712500.0							M&K CPAS, PLLC	18000.0	Morgan E. Petitti	3500.0						14625000.0	
0001640334-18-001710	Tier2	Audited	N	N	N	Y	N	N	1000000000	207050000	0.005	5000000.0	0.0	0.0	0.0	5000000.0		0.0		0.0		0.0	HAYNIE & COMPANY	20000.0		0.0		0.0		0.0		4980000.0	
0001213900-18-012014	Tier2	Audited	Y	N	N	Y	N	N	2461000	24296037	5.0	11500000.0	0.0	0.0	0.0	11500000.0			Boustead Securities, Inc.	0.0	N/A	0.0	Grassi & Co., CPAs, P.C	0.0	Duane Morris LLP	0.0	N/A	0.0			141391		Assumes sale of up to 2,300,000 shares. See Part II for a description of the warrants, and underlying shares, to be qualified in this Offering Statement. The issuer also anticipates other costs and fees relating the offering.
0001477932-18-004354	Tier2	Audited	Y	N	N	Y	N	N	495833333	0		49999999.96	0.0	0.0	0.0	49999999.96		0.0		0.0		0.0		0.0		0.0		0.0		0.0		49999996.96	
0001144204-18-047564	Tier2	Audited	Y	Y	N	Y	Y	N	5000000	158960	10.0	50000000.0	0.0	0.0	0.0	50000000.0							RSM US LLP	0.0	Goodwin Procter LLP	0.0	Tryperion Partners, LLC	0.0				0.0	
0000927089-18-000327	Tier1	Audited	N	N	N	N	N	N	425339	1524652	54.160000000000004	12761125.0	0.0	0.0	0.0	12761125.0							Heard McElroy & Vestal LLC	10000.0	Silver, Freedman, Taff & Tiernan	175000.0							
0001213900-18-011987	Tier2	Audited	Y	N	N	Y	Y	N	5000000	16920357	0.2	1000000.0	0.0	0.0	0.0	1000000.0							M&K CPAS, PLLC	12500.0	BEVILACQUA PLLC	63000.0						910000.0	
0001079974-18-000483	Tier1	Unaudited	Y	N	Y	Y	N	N	1500000	16627175	2.0	3000000.0	0.0	0.0	0.0	3000000.0									E Dowling	10000.0			New York State	1800.0		2980000.0	other expenses such as printing and mailing to total $20,000
0001104659-18-054571	Tier2	Audited	Y	Y	N	Y	N	N	3923017	1076983	10.0	39230170.0	0.0	0.0	0.0	39230170.0			North Capital Private Securities Corp. and Mogul Securities, LLC	600000.0			CohnReznick LLP	10000.0	Morris, Manning & Martin, LLP	250000.0	Realty Mogul Sponsor, LLC and Realty Mogul, Co.	0.0			154559	48500000.0	Sales commissions will not be paid by the issuer. As such, the sales commissions do not reduce net proceeds to the issuer.
0001144204-18-047406	Tier2	Audited	N	N	N	Y	Y	N	300480	558879	8.88	2500000.0	0.0	0.0	0.0	2500000.0									CrowdCheck Law LLP	10000.0			State filing fees	5000.0		2475000.0	Certain investors are able to invest for some securities at a price of $8.32 per share.
0001628279-18-000225	Tier2	Audited	Y	N	N	Y	N	N	3000000	1898056	5.0	15000000.0	0.0	0.0	0.0	15000000.0	Boustead Securities, LLC	1200000.0			N/A	0.0	GBH CPAs, PC	35000.0	Schiff Hardin	90000.0						13675000.0	Underwriter fees include reimbursement for certain diligence, travel and legal expenses.
0001683168-18-002566	Tier1	Unaudited	Y	N	N	Y	N	N	100000000	501082694	0.015000000000000001	1500000.0	0.0	0.0	0.0	1500000.0									John E. Lux, Esq.	25000.0			Various States	2500.0		1000000.0	
0001615774-18-008816	Tier2	Audited	Y	N	N	Y	Y	N	1666666	7284250	6.0	10000000.0	0.0	0.0	0.0	10000000.0			Network 1 Financial Securities, Inc.	700000.0									0	0.0	13577	9300000.0	
0001144204-18-047205	Tier2	Audited	N	N	N	Y	N	N	6992	0	100.0	699200.0	0.0	0.0	0.0	699200.0							Franz CPAs, Inc.	6000.0	Graydon Head & Ritchie LLP	35000.0						648200.0	
0000927089-18-000320	Tier1	Audited	N	N	N	N	N	N	425339	1524652	54.160000000000004	12761125.0	0.0	0.0	0.0	12761125.0							Heard McElroy & Vestal LLC	10000.0	Silver, Freedman, Taff & Tiernan	175000.0							
0001144204-18-047057	Tier2	Audited	Y	N	N	Y	Y	N	5000000	100	10.0	50000000.0	0.0	0.0	0.0	50000000.0							Jason M. Tyra, CPA, PLLC	2500.0	CrowdCheck Law LLP (f/k/a KHLK LLP)	50000.0					154559		
0001144204-18-046826	Tier2	Audited	Y	N	N	Y	N	N	1000000	7430310	10.0	10000000.0	0.0	0.0	0.0	10000000.0							ddmckennon	22000.0	CrowdCheck Law	35000.0			State filing fees	10000.0		9600000.0	There will be two class of securities sold.  The information included is for the common shares.
0001683168-18-002529	Tier1	Unaudited	Y	N	N	Y	N	N	2000000000	4587922087	0.001	2000000.0	0.0	0.0	0.0	2000000.0									John E. Lux, Esq.	25000.0			John E. Lux, Esq.	2000.0		1973000.0	
0001213900-18-011797	Tier2	Audited	Y	N	N	Y	N	N	1500000	4872654	1.9000000000000001	2850000.0	0.0	0.0	0.0	2850000.0							Daszkal Bolton LLP	25000.0	Reed Smith LLP	150000.0						2650000.0	
0001654954-18-009584	Tier2	Audited	Y	Y	Y	Y	N	N	50000	0	1000.0	50000000.0	0.0	0.0	0.0	50000000.0	Crescent Securities Group, Inc.	600000.0	Crescent Securities Group, Inc.	4375000.0			UHY LLP	10000.0	KVCF PLC	100000.0			KVCF PLC	75000.0	114993	44839000.0	
0001477932-18-004312	Tier2	Audited	N	N	N	Y	N	N	50000	0	1000.0	50000000.0	0.0	0.0	0.0	50000000.0		0.0		0.0		0.0	EisnerAmper	2000.0	Trowbridge Sidoti	50000.0		0.0		0.0		50000000.0	
0001683168-18-002516	Tier1	Unaudited	Y	N	N	Y	N	N	20000000000	10076298915	0.0001	2000000.0	0.0	0.0	0.0	2000000.0									John E. Lux, Esq.	25000.0			John E. Lux, Esq.	2500.0		1960000.0	
0001493152-18-012569	Tier2	Audited	Y	N	N	Y	Y	N	99825	0	20.0	1996500.0	0.0	0.0	0.0	1996500.0	N/A	0.0	N/A	0.0	N/A	0.0	Mayer Hoffman McCann, P.C	20000.0	Legal and Compliance, LLC	100000.0	N/A	0.0	Legal and Compliance, LLC	9500.0	000000000	1996500.0	Estimated Net Proceeds Calculation (above) of $1,996,500 does not include any offering fees as all fees in connection with the offering are to be paid by Masterworks Administrative Services, LLC.
0001688804-18-000015	Tier2	Audited	Y	Y	N	Y	Y	N	5000	0	127.0	635000.0	0.0	0.0	0.0	635000.0							EisnerAmper LLP	0.0	Nixon Peabody LLP	0.0	Cuttone & Company, LLC	4310.0			33038	630690.0	
0001683168-18-002498	Tier2	Audited	Y	N	N	Y	Y	N	2000000	3368618	1.75	3500000.0	0.0	0.0	0.0	3500000.0	WealthForge Securities, LLC	248333.0					dbbmkennon	5000.0	CrowdCheck Law LLP (f/k/a KHLK, LLP)	30000.0			Various States	12000.0	152550	3266667.0	Underwriter Fees estimate assumes the maximum amount of fees payable to WealthForge Securities, LLC for their services in this offering.
0001104659-18-053400	Tier2	Audited	Y	Y	N	Y	N	N	5000000	1053733	10.0	50000000.0	0.0	0.0	0.0	50000000.0			North Capital Private Securities Corp. and Mogul Securities, LLC	600000.0			CohnReznick LLP	10000.0	Morris, Manning & Martin, LLP	250000.0	Realty Mogul Sponsor, LLC and Realty Mogul, Co.	0.0			154559	48500000.0	Sales commissions will not be paid by the issuer. As such, the sales commissions do not reduce net proceeds to the issuer.
0001683168-18-002490	Tier1	Unaudited	Y	N	Y	Y	N	N	2000000000	10076298915	0.0001	2000000.0	0.0	0.0	0.0	2000000.0									John E. Lux, Esq.	25000.0			John E. Lux, Esq.	2500.0		18000000.0	
0001750063-18-000006	Tier2	Audited	Y	Y	N	Y	N	N	250000	0	1.0	250000.0	0.0	0.0	0.0	250000.0							PMB Helin Donovan, LLP	5000.0	Stokesbary PLLC	15000.0						230000.0	
0001144204-18-046031	Tier2	Audited	Y	Y	N	Y	N	N	5239720	0	10.0	5239720.0	0.0	31529110.0	1525510.0	38294340.0									Smith Anderson; Robbins Ross	4500.0							
0001144204-18-045891	Tier2	Audited	N	N	N	Y	N	N	6992	0	100.0	699200.0	0.0	0.0	0.0	699200.0							Franz CPAs, Inc.	6000.0	Graydon Head & Ritchie LLP	35000.0						648200.0	
0001213900-18-011527	Tier2	Audited	Y	Y	N	Y	N	Y	3600000	23339400	5.0	18000000.0	0.0	0.0	0.0	18000000.0									Cost of Regulation A Offering	75000.0						17925000.0	
0001144204-18-045790	Tier2	Audited	Y	N	N	Y	N	N	15000000	38351590	1.5	22500000.0	0.0	0.0	0.0	22500000.0	JumpStart Securities, LLC	533636.0					EKS&H LLLP	5000.0	CrowdCheck Law LLP	10000.0					156214	21951364.0	
0001144204-18-045747	Tier1	Unaudited	Y	N	Y	Y	N	N	280000	139192962	0.015000000000000001	2200000.0	0.0	507500.0	0.0	2707500.0									Eilers Law Group, P.A.	15000.0						1000000.0	
0001683168-18-002436	Tier2	Audited	Y	N	N	Y	N	Y	800000000	360533444	0.01	8000000.0	1100000.0	0.0	0.0	9100000.0									John E. Lux, Esq.	26000.0			John E. Lux	2500.0		7200000.0	
0001393905-18-000257	Tier1	Unaudited	N	N	N	Y	N	Y	8500000	615422000	0.65	5200000.0	325000.0	0.0	0.0	5525000.0									Waller Lansden Dortch & Davis, LLP	40000.0			TBD	10000.0			
0001144204-18-045412	Tier2	Audited	Y	Y	N	Y	N	N	3479410	0	10.0	3479410.0	0.0	29518530.0	2660940.0	35658880.0									Smith Anderson; Robbins Ross	4500.0							
0001078782-18-000895	Tier2	Audited	Y	N	Y	Y	Y	Y	10475000	11475000	1.5	15000000.0	712500.0	0.0	0.0	15712500.0							M&K CPAS, PLLC	18000.0	Morgan E. Petitti	3500.0						14625000.0	
0001213900-18-011367	Tier2	Audited	Y	N	N	Y	Y	N	10000000	0	5.0	50000000.0	0.0	0.0	0.0	50000000.0	Sageworks Capital, LLC	528000.0	Worldpay Group Plc	1800000.0			dbbmckennon	10000.0	CrowdCheck Law LLP/McCormick & O'Brien	63786.0	Various	761800.0	Various	20000.0	162182	46816414.0	"Fee listed for ""Sales Commissions"" represents payment processing fees. Fee listed for ""Promoters"" represents advertising and other offering expenses. Fees listed for ""Underwriters"" includes $10,000 agreement and integration fees and an $8,000 FINRA fee."
0001615774-18-008289	Tier2	Audited	Y	N	N	Y	Y	N	1666666	7284250	6.0	10000000.0	0.0	0.0	0.0	10000000.0			Network 1 Financial Securities, Inc.	700000.0									0	0.0	13577	9300000.0	
0001683168-18-002403	Tier2	Audited	Y	N	N	Y	Y	N	2000000	3368618	1.75	3500000.0	0.0	0.0	0.0	3500000.0	WealthForge Securities, LLC	248333.0					dbbmkennon	5000.0	CrowdCheck Law LLP (f/k/a KHLK, LLP)	30000.0			Various States	12000.0	152550	3266667.0	Underwriter Fees estimate assumes the maximum amount of fees payable to WealthForge Securities, LLC for their services in this offering.
0001654954-18-009305	Tier2	Audited	Y	Y	Y	Y	N	N	50000	0	1000.0	50000000.0	0.0	0.0	0.0	50000000.0	Crescent Securities Group, Inc.	600000.0	Crescent Securities Group, Inc.	4375000.0			UHY LLP	10000.0	KVCF PLC	100000.0			KVCF PLC	75000.0	114993	44839000.0	
0001644516-18-000003	Tier1	Unaudited	Y	Y	N	N	N	N	13333000			14000000.0	6000000.0	0.0	0.0	20000000.0																	
0001742808-18-000002	Tier1	Unaudited	Y	N	N	Y	N	N	1000000	5000000	20.0	20000000.0	0.0	0.0	0.0	20000000.0	TBD	1250000.0	N/A	0.0	N/A	0.0	N/A	0.0	Simmons Associates, Ltd.	750000.0	TBD	0.0	Simmons Associates, Ltd.	0.0		18000000.0	
0001644516-18-000002	Tier1	Unaudited	N	N	N	N	N	N	450000	450000	1.5	6000000.0	0.0	0.0	0.0	6000000.0																	
0001683168-18-002381	Tier2	Audited	N	Y	N	Y	N	N	50000000	0	0.5	25000000.0	0.0	0.0	0.0	25000000.0							Salberg & Company, P.A.	1000.0	Pete Wilke, Esq.	4000.0						25000000.0	Audit and Legal fees are estimates based on the number of hours anticipated including responding to SEC Staff comments
0001079974-18-000465	Tier1	Unaudited	Y	N	Y	Y	N	N	1500000	16627175	2.0	3000000.0	0.0	0.0	0.0	3000000.0									E Dowling	10000.0			New York State	1800.0		2980000.0	other expenses such as printing and mailing to total $20,000
0001144204-18-045015	Tier1	Unaudited	N	N	N	Y	N	Y	80000000	43498162	0.25	16750000.0	3250000.0	0.0	0.0	20000000.0									Waller Lansden Dortch & Davis, LLP	50000.0			TBD	100000.0			
0001144204-18-044971	Tier2	Audited	Y	Y	N	Y	N	N	5000000	500	10.0	50000000.0	0.0	0.0	0.0	50000000.0							RSM US LLP	15000.0	Goodwin Procter LLP	312500.0	Rise Companies Corp	0.0				49500000.0	
0001144204-18-044968	Tier2	Audited	Y	Y	N	Y	N	N	5000000	500	10.0	50000000.0	0.0	0.0	0.0	50000000.0							RSM US LLP	15000.0	Goodwin Procter LLP	312500.0	Rise Companies Corp	0.0				49500000.0	
0001493152-18-012063	Tier2	Audited	Y	N	N	Y	Y	N	171588	0	21.05	3612374.5300000003	0.0	0.0	0.0	3612374.5300000003	N/A	0.0	N/A	0.0	N/A	0.0	Mayer Hoffman McCann, P.C	15000.0	Legal and Compliance, LLC	20000.0	N/A	0.0	Legal and Compliance, LLC	9500.0	000000000		Estimated Net Proceeds Calculation (above) of $3,612,374.53 does not include any offering fees as all fees in connection with the offering are to be paid by Masterworks Administrative Services, LLC.
0001144204-18-044758	Tier2	Audited	Y	N	N	Y	Y	N	10000000	4474379	6.6000000000000005	36469099.0	0.0	9263737.0	0.0	45732836.0									Goodwin Procter LLP	25000.0							
0001213900-18-010940	Tier2	Audited	Y	N	N	Y	Y	N	3399433	0	3.5300000000000002	12000000.0	0.0	0.0	0.0	12000000.0	SI Securities, LLC	900000.0					dbbmckennon	56000.0	Bevilacqua PLLC	65000.0					170937	10655750.0	
0001477932-18-003937	Tier2	Audited	Y	N	Y	Y	N	N	5000000	0	10.0	50000000.0	0.0	0.0	0.0	50000000.0		0.0		0.0		0.0	Spiegel Accountancy Corp.	5000.0	Trowbridge Sidoti	45000.0		0.0		0.0		50000000.0	
0001628279-18-000193	Tier2	Audited	Y	N	N	Y	N	N	3000000	1898056	5.0	15000000.0	0.0	0.0	0.0	15000000.0	Boustead Securities, LLC	1200000.0			N/A	0.0	GBH CPAs, PC	35000.0	Schiff Hardin	90000.0						13675000.0	Underwriter fees include reimbursement for certain diligence, travel and legal expenses.
0001683168-18-002243	Tier1	Unaudited	Y	N	N	Y	N	N	5000000000	3053024472	0.001	5000000.0	0.0	0.0	0.0	5000000.0									John E. Lux, Esq.	25000.0			Various	2500.0		4650000.0	
0001213900-18-010626	Tier2	Audited	Y	N	N	Y	N	N	5000000	16920357	0.2	1000000.0	0.0	0.0	0.0	1000000.0							M&K CPAS, PLLC	12500.0	BEVILACQUA PLLC	38000.0						910000.0	
0001683168-18-002227	Tier1	Unaudited	Y	N	Y	N	N	N	1000000000	1948238976	0.0025	2500000.0	0.0	0.0	0.0	2500000.0									John E. Lux, Esq.	25000.0			Various States	2500.0		2500000.0	
0001731122-18-000053	Tier1	Unaudited	N	N	N	Y	N	N	350000000	184523960	0.01	3500000.0	0.0	0.0	0.0	3500000.0									Waller Lansden Dortch & Davis, LLP	30000.0			TBD	20000.0	000000000	3450000.0	
0001445866-18-000809	Tier2	Audited	Y	N	N	Y	N	N	5000000	10000000	2.5	12500000.0	0.0	0.0	0.0	12500000.0							Jason M. Tyra, CPA	10000.0	Carman Lehnhof Israelsen, LLP	30000.0						12460000.0	
0001144204-18-042871	Tier2	Audited	Y	Y	N	Y	N	N	4327061	688365	10.0	43270610.0	0.0	6729386.5600000005	0.0	49999996.56									Goodwin Procter LLP	40000.0						43230610.0	
0001144204-18-042870	Tier2	Audited	Y	Y	N	Y	N	N	3868091	1359306	10.0	38680910.0	0.0	11319088.31	0.0	49999998.31									Goodwin Procter LLP	40000.0						38640911.0	
0001144204-18-042869	Tier2	Audited	Y	Y	N	Y	N	N	2438854	2826987	10.0	24388540.0	0.0	25611457.25	0.0	49999997.25									Goodwin Procter LLP	40000.0						24348540.0	
0001742134-18-000007	Tier1	Unaudited	Y	N	N	Y	N	N	5000000	20000000	4.0	20000000.0	0.0	0.0	0.0	20000000.0	TBD	1250000.0	N/A	0.0	N/A	0.0	N/A	0.0	Simmons Associates, Ltd.	750000.0	N/A	0.0	Simmons Associates	0.0		18000000.0	
0001493152-18-011105	Tier1	Unaudited	Y	N	N	Y	N	N	500000000	38946389	0.03	15000000.0	0.0	0.0	0.0	15000000.0									John E. Lux, Esq	25000.0			New York State Regulatory Filing Fees	2500.0			
0001683168-18-002167	Tier2	Audited	N	Y	N	Y	N	N	50000000	0	0.5	25000000.0	0.0	0.0	0.0	25000000.0							Salberg & Company, P.A.	1000.0	Pete Wilke, Esq.	4000.0						25000000.0	Audit and Legal fees are estimates based on the number of hours anticipated including responding to SEC Staff comments
0001144204-18-042362	Tier2	Audited	Y	Y	N	Y	N	N	2349190	0	10.0	2349190.0	0.0	26672180.0	3712670.0	32734040.0									Smith Anderson; Robbins Ross	4500.0							
0001615774-18-007626	Tier2	Audited	Y	N	N	Y	Y	N	1666666	7284250	6.0	10000000.0	0.0	0.0	0.0	10000000.0			Network 1 Financial Securities, Inc.	700000.0									0	0.0	13577	9300000.0	
0001652577-18-000006	Tier1	Unaudited	N	N	Y	Y	N	N	20000000	23259893	1.0	20000000.0	0.0	0.0	0.0	20000000.0																	
0001652577-18-000005	Tier1	Unaudited	N	N	Y	Y	N	N	20000000	23259893	1.0	20000000.0	0.0	0.0	0.0	20000000.0																	
0001144204-18-041951	Tier2	Audited	Y	Y	N	Y	Y	N	2166897	4781516	10.0	21668970.0	0.0	28331030.0	0.0	50000000.0							RSM US LLP	0.0	Goodwin Procter LLP	40000.0						21628970.0	Minus expenses.
0001144204-18-041947	Tier2	Audited	Y	Y	N	Y	N	N	2028994	4755003	10.0	20289940.0	0.0	29710060.0	0.0	50000000.0							RSM US LLP	0.0	Goodwin Procter LLP	40000.0						20249940.0	
0001144204-18-041944	Tier2	Audited	Y	Y	N	Y	Y	N	2085441	4587001	10.51	21917980.0	0.0	28082020.0	0.0	50000000.0							RSM US LLP	0.0	Goodwin Procter LLP	40000.0						21877980.0	Minus expenses.
0001144204-18-041937	Tier2	Audited	Y	Y	N	Y	N	N	1202616	8427368	11.03	13264853.0	0.0	36735147.0	0.0	50000000.0									Goodwin Procter LLP	40000.0						13224853.0	Minus expenses.
0001144204-18-041934	Tier2	Audited	Y	Y	N	Y	N	N	1515893	8516527	10.0	15158938.0	0.0	34841062.0	0.0	50000000.0							RSM US LLP (formerly McGladrey, LLP)	0.0	Goodwin Procter LLP	40000.0						15118938.0	Minus expenses.
0001144204-18-041924	Tier2	Audited	Y	Y	N	Y	N	N	5000000	500	10.0	50000000.0	0.0	0.0	0.0	50000000.0							RSM US LLP	15000.0	Goodwin Procter LLP	312500.0	Rise Companies Corp	0.0				49500000.0	
0001144204-18-041922	Tier2	Audited	Y	Y	N	Y	N	N	5000000	500	10.0	50000000.0	0.0	0.0	0.0	50000000.0							RSM US LLP	15000.0	Goodwin Procter LLP	312500.0	Rise Companies Corp	0.0				49500000.0	
0001558891-18-000068	Tier1	Unaudited	Y	N	N	Y	N	N	2000000000	45000572	0.005	10000000.0	0.0	0.0	0.0	10000000.0	N/A	0.0	N/A	0.0	N/A	0.0	N/A	0.0	Magri Law	15000.0			Margi Law	1000.0		9985000.0	
0001078782-18-000773	Tier2	Audited	Y	N	Y	Y	Y	Y	10475000	11475000	1.5	15000000.0	712500.0	0.0	0.0	15712500.0							M&K CPAS, PLLC	18000.0	Morgan E. Petitti	3500.0						14625000.0	
0001683168-18-002108	Tier2	Audited	N	Y	N	Y	N	N	50000000	0	0.5	25000000.0	0.0	0.0	0.0	25000000.0							Salberg & Company, P.A.	1000.0	Pete Wilke, Esq.	4000.0						25000000.0	Audit and Legal fees are estimates based on the number of hours anticipated including responding to SEC Staff comments
0001549212-18-000028	Tier1	Unaudited	Y	N	N	Y	N	N	500000000	392062103	0.001	0.0	0.0	0.0	0.0	0.0													NEW YORK	0.0		500000.0	
0001477932-18-003778	Tier2	Audited	N	N	N	N	N	N	50000000	12391000	10.0	50000000.0	0.0	0.0	0.0	50000000.0		0.0		0.0		0.0	Spiegel Accountancy Corp.	5000.0	Trowbridge Sidoti LLP	50000.0		0.0		0.0		50000000.0	
0001104659-18-048899	Tier2	Audited	Y	Y	N	Y	N	N	2500000	0	2.25	5625000.0	0.0	0.0	0.0	5625000.0							WithumSmith Brown PC	25000.0	Fox Rothschild LLP	150000.0			Fox Rothschild LLP	10000.0		5325000.0	
0001477932-18-003772	Tier2	Audited	N	N	N	N	N	N	50000000	12391000	10.0	50000000.0	0.0	0.0	0.0	50000000.0		0.0		0.0		0.0	Spiegel Accountancy Corp.	5000.0	Trowbridge Sidoti LLP	50000.0		0.0		0.0		50000000.0	
0001477932-18-003766	Tier2	Audited	N	N	N	Y	N	N	50000	0	1000.0	50000000.0	0.0	0.0	0.0	50000000.0		0.0		0.0		0.0	EisnerAmper	2000.0	Trowbridge Sidoti	50000.0		0.0		0.0		50000000.0	
0001213900-18-010023	Tier2	Audited	Y	N	N	Y	Y	N	3399433	0	3.5300000000000002	12000000.0	0.0	0.0	0.0	12000000.0	SI Securities, LLC	900000.0					dbbmckennon	56000.0	Bevilacqua PLLC	65000.0					170937	10655750.0	
0001144204-18-041214	Tier2	Audited	N	N	N	Y	Y	N	300480	558879	8.88	2500000.0	0.0	0.0	0.0	2500000.0									CrowdCheck Law LLP	10000.0			CrowdCheck Law LLP	5000.0		2475000.0	Certain investors are able to invest for some securities at a price of $8.32 per share.
0001654954-18-008259	Tier2	Audited	Y	Y	Y	Y	N	N	50000	0	1000.0	50000000.0	0.0	0.0	0.0	50000000.0	Crescent Securities Group, Inc.	600000.0	Crescent Securities Group, Inc.	4375000.0			UHY LLP	10000.0	KVCF PLC	100000.0			KVCF PLC	75000.0	114993	44839000.0	
0001078782-18-000766	Tier1	Unaudited	Y	N	Y	Y	N	N	153061225	126643110	0.049	7500000.0	0.0	0.0	0.0	7500000.0									Lucosky Brookman LLP	28000.0							
0001493152-18-010739	Tier2	Audited	Y	N	N	Y	Y	N	99825	0	20.0	1996500.0	0.0	0.0	0.0	1996500.0	N/A	0.0	N/A	0.0	N/A	0.0	Mayer Hoffman McCann, P.C	20000.0	Legal and Compliance, LLC	100000.0	N/A	0.0	Legal and Compliance, LLC	9500.0	000000000	1996500.0	Estimated Net Proceeds Calculation (above) of $1,996,500 does not include any offering fees as all fees in connection with the offering are to be paid by Masterworks Administrative Services, LLC.
0001213900-18-009946	Tier2	Audited	Y	N	N	Y	Y	N	1500000	16052435	4.0	6000000.0	0.0	0.0	434000.0	6434000.0	Craft Capital Management	510000.0							Sheppard, Mullin, Richter & Hampton, LLP	75000.0					171350	5515000.0	
0001683168-18-002058	Tier2	Audited	Y	N	Y	Y	N	N	527500000	68400000	0.01	5000000.0	275000.0	27500.0	0.0	5302500.0							Salberg & Company, P.A.	6500.0	John E. Lux, Esq.	25000.0			Various	2500.0			
0001213900-18-009878	Tier2	Audited	Y	N	N	Y	Y	N	1500000	16052435	4.0	6000000.0	0.0	0.0	434000.0	6434000.0	Craft Capital Management	510000.0							Sheppard, Mullin, Richter & Hampton, LLP	75000.0					171350	5515000.0	
0001477932-18-003708	Tier2	Audited	Y	N	Y	Y	N	N	5000000	0	10.0	50000000.0	0.0	0.0	0.0	50000000.0		0.0		0.0		0.0	Spiegel Accountancy Corp.	5000.0	Trowbridge Sidoti	45000.0		0.0		0.0		50000000.0	
0001683168-18-002048	Tier1	Unaudited	Y	N	Y	Y	N	Y	9306593	4066148	0.005	10000000.0	1633241.0	0.0	0.0	11633241.0									John E. Lux, Esq.	10000.0						9600000.0	
0001493152-18-010612	Tier1	Unaudited	Y	N	N	Y	N	N	500000000	38946389	0.03	15000000.0	0.0	0.0	0.0	15000000.0									John E. Lux, Esq	25000.0			New York State Regulatory Filing Fees	2500.0			
0001640334-18-001474	Tier2	Audited	N	N	N	Y	N	N	1000000000	207050000	0.005	5000000.0	0.0	0.0	0.0	5000000.0		0.0		0.0		0.0	HAYNIE & COMPANY	20000.0		0.0		0.0		0.0		4980000.0	
0001213900-18-009787	Tier2	Audited	Y	N	N	Y	Y	N	3000000	24191959		0.0	0.0	0.0	0.0	0.0			Boustead Securities, Inc.	0.0	N/A	0.0	Grassi & Co., CPAs, P.C	0.0	Duane Morris LLP	0.0	N/A	0.0			141391		Assumes sale of $10,000,000 of shares; provided, however, that the Company may sell an additional shares pursuant to the Over-Subscription Option. The issuer also anticipates other costs and fees relating the offering.
0001683168-18-002040	Tier2	Audited	Y	N	Y	Y	N	N	527500000	68400000	0.01	5000000.0	275000.0	27500.0	0.0	5302500.0							Salberg & Company, P.A.	6500.0	John E. Lux, Esq.	25000.0			Various	2500.0			
0001683168-18-002034	Tier1	Unaudited	Y	N	N	Y	N	N	2000000000	4587922087	0.001	2000000.0	0.0	0.0	0.0	2000000.0									John E. Lux, Esq.	25000.0			John E. Lux, Esq.	2000.0		1973000.0	
0001144204-18-040420	Tier2	Audited	Y	N	N	Y	Y	N	5000000	4474379	6.6000000000000005	3469099.0	0.0	9263737.0	0.0	12732836.0							Aronson LLC	108000.0	Goodwin Procter LLP	25000.0							
0001493152-18-010534	Tier2	Audited	Y	Y	N	Y	Y	N	100000000	61370000	0.01	0.0	0.0	0.0	0.0	0.0			(1)	0.0			MaloneBailey, LLP (2)	0.0	BrannellyLaw, PLLC (2)	0.0							(1) The company may use registered broker-dealers to sell shares in the offering. As of the date hereof, the Company has not entered into sales agreements with any broker-dealers. (2) To be provided by amendment.
0001683168-18-002029	Tier1	Unaudited	Y	N	N	Y	N	N	2000000000	4587922087	0.001	2000000.0	0.0	0.0	0.0	2000000.0									John E. Lux, Esq.	25000.0			John E. Lux, Esq.	2000.0		1973000.0	
0001493152-18-010523	Tier1	Unaudited	Y	N	N	Y	N	N	80000000	186248501	0.05	4000000.0	0.0	0.0	0.0	4000000.0									John E. Lux, Esq.	25000.0			New York State Regulatory Filing Fees	2500.0			
0001264931-18-000090	Tier1	Unaudited	Y	N	Y	Y	N	N	27200000	35502516	0.15	3750000.0	330000.0	0.0	0.0	4080000.0	N/A	0.0	N/A	0.0	N/A	0.0	N/A	0.0	N/A	0.0	N/A	0.0	N/A	0.0			
0001549212-18-000026	Tier1	Unaudited	Y	N	N	Y	N	N	500000000	392062103	0.001	0.0	0.0	0.0	0.0	0.0													NEW YORK	0.0		500000.0	
0001144204-18-040075	Tier2	Audited	N	N	N	Y	N	N	7492	0	100.0	749200.0	0.0	0.0	0.0	749200.0							Franz CPAs, Inc.	6000.0	Graydon Head & Ritchie LLP	25000.0						718200.0	
0001486452-18-000006	Tier1	Unaudited	Y	N	Y	Y	N	N	30000000	2471435	0.1	3000000.0	0.0	0.0	0.0	3000000.0		0.0		0.0		0.0		0.0	Newlan & Newlan, Ltd.	10000.0		0.0	Newlan & Newlan, Ltd.	15000.0		2975000.0	
0001144204-18-039859	Tier2	Audited	Y	N	N	Y	Y	N	15000000	38351590	1.5	22500000.0	0.0	0.0	0.0	22500000.0	JumpStart Securities, LLC	533636.0					EKS&H LLLP	5000.0	CrowdCheck Law LLP	10000.0					156214	21951364.0	
0001144204-18-039810	Tier2	Audited	Y	Y	N	Y	N	N	945260	0	10.0	945260.0	0.0	29119530.0	4265320.0	34330110.0									Smith Anderson; Robbins Ross	4500.0							
0001683168-18-002010	Tier2	Audited	Y	N	N	Y	N	N	12500000	24525000	2.0	25000000.0	0.0	0.0	0.0	25000000.0	None	0.0	None	0.0	None	0.0	Thayer O'Neal Company, LLC	7500.0	The Syme Law Firm	5000.0	None	0.0	None	0.0	0	22500000.0	
0001683168-18-002006	Tier2	Audited	Y	N	N	Y	N	N	12500000	24525000	2.0	25000000.0	0.0	0.0	0.0	25000000.0	None	0.0	None	0.0	None	0.0	Thayer O'Neal Company, LLC	7500.0	The Syme Law Firm	5000.0	None	0.0	None	0.0	0	22500000.0	
0001144204-18-039192	Tier2	Audited	Y	Y	N	Y	N	N	1436540	0	10.0	1436540.0	0.0	29119530.0	1714240.0	32270310.0									Smith Anderson; Robbins Ross	4500.0							
0001477932-18-003588	Tier2	Audited	Y	N	Y	Y	N	N	1400000000	3092676667	0.005	5000000.0	2000000.0	0.0	0.0	7000000.0		0.0		0.0		0.0		0.0	Nathaniel Reinking	2500.0		0.0		0.0		6897500.0	
0001628279-18-000150	Tier2	Audited	Y	N	N	Y	N	N	3000000	1898056	5.0	15000000.0	0.0	0.0	0.0	15000000.0	Boustead Securities, LLC	1200000.0			N/A	0.0	GBH CPAs, PC	35000.0	Schiff Hardin	90000.0						13675000.0	Underwriter fees include reimbursement for certain diligence, travel and legal expenses.
0001144204-18-039119	Tier2	Audited	Y	N	N	Y	N	N	50000000	5000	1.0	50000000.0	0.0	0.0	0.0	50000000.0							dbbmckennon	11000.0	CrowdCheck Law LLP (f/k/a KHLK LLP)	85000.0						49904000.0	
0001683168-18-001987	Tier2	Audited	Y	N	N	Y	Y	N	2000000	3368618	1.75	3500000.0	0.0	0.0	0.0	3500000.0	WealthForge Securities, LLC	376915.0					dbbmkennon	5000.0	CrowdCheck Law LLP (f/k/a KHLK, LLP)	30000.0			Various States	12000.0	152550	3074085.0	Underwriter Fees estimate assumes the maximum amount of fees payable to WealthForge Securities, LLC for their services in this offering.
0001477932-18-003573	Tier2	Audited	N	N	N	Y	N	N	2500000	7500000	10.0	0.0	0.0	0.0	0.0	0.0		0.0		0.0		0.0	Dazkal Bolton, LLP	8000.0	Securities Counselors, Inc.	20000.0		0.0		0.0		24900000.0	
0001144204-18-038914	Tier1	Audited	N	N	N	N	N	N	425339	1524652	54.160000000000004	12761125.0	0.0	0.0	0.0	12761125.0							Heard McElroy & Vestal LLC	10000.0	Silver, Freedman, Taff & Tiernan	175000.0							
0001144204-18-038840	Tier1	Unaudited	N	N	N	Y	N	N	1000000000	485317243	0.001	1000000.0	0.0	0.0	0.0	1000000.0									Waller Lansden Dortch & Davis	30000.0			TBD	20000.0			
0001477932-18-003561	Tier1	Unaudited	N	N	N	Y	N	N	5000	0	1000.0	5000000.0	0.0	0.0	0.0	5000000.0		0.0		0.0		0.0		0.0	Trowbridge Sidoti	15000.0	Sherman Ragland	0.0		0.0		5000000.0	
0001615774-18-006622	Tier2	Audited	Y	N	N	Y	Y	N	1666666	7294250	6.0	10000000.0	0.0	0.0	0.0	10000000.0			Network 1 Financial Securities, Inc.	800000.0									0	0.0	13577	9200000.0	
0001193125-18-219731	Tier2	Audited	Y	Y	N	Y	N	N	228247	1623701	10.0	2282479.0	0.0	47717521.0	0.0	50000000.0	Orchard Securities, LLC, a portion of which	0.0	Orchard Securities, LLC, which it will reallow	0.0			Ernst & Young LLP	0.0	DLA Piper LLP (US)	0.0			DLA Piper LLP (US) to file notices, but payments made to various states	0.0	133378	2282479.0	All organizational and offering costs, managing broker-dealer fees and selling commissions will be paid by our sponsor, Cottonwood Capital Property Management II, LLC. See initial Form 1-A filing for anticipated fees for total offering.
0001144204-18-038669	Tier2	Audited	Y	Y	N	Y	N	N	1436540	0	10.0	1436540.0	0.0	29077580.0	1423220.0	31937340.0									Smith Anderson; Robbins Ross	4500.0							
0001144204-18-038659	Tier2	Audited	Y	N	N	Y	Y	N	30000000	0	0.53	15900000.0	0.0	0.0	0.0	15900000.0			SI Securities, LLC	1192500.0			dbbmckennon	30000.0	CrowdCheck Law LLP	12000.0					152559	14665500.0	
0001079974-18-000396	Tier1	Unaudited	Y	N	Y	Y	N	N	1500000	16627175	2.0	3000000.0	0.0	0.0	0.0	3000000.0									E Dowling	10000.0			New York State	1800.0		2980000.0	other expenses such as printing and mailing to total $20,000
0001477932-18-003545	Tier2	Audited	Y	N	N	Y	N	N	1739132	2500000	4.0	10000009.0	0.0	0.0	0.0	10000009.0		0.0		0.0		0.0	Baker Tilly	15000.0	Trowbridge Sidoti	50000.0		0.0		0.0		10000009.0	
0001549212-18-000022	Tier1	Unaudited	Y	N	N	Y	N	N	500000000	392062103	0.001	0.0	0.0	0.0	0.0	0.0													NEW YORK	0.0		500000.0	
0001193125-18-217650	Tier2	Audited	Y	Y	N	Y	Y	N	7397697	1805522	8.0	42962112.9	5219309.1	1580608.0	0.0	49762030.0							PKF, LLC	73379.0	Stradling Yocca Carlson & Rauth, P.C.	125000.0	XY - the Findables Company	10999.0				44178387.9	All fees will be updated in a subsequent amendment to this Form 1-A.
0001683168-18-001942	Tier2	Audited	Y	N	Y	Y	N	N	527500000	68400000	0.01	5000000.0	275000.0	27500.0	0.0	5302500.0							Salberg & Company, P.A.	6500.0	John E. Lux, Esq.	25000.0			Various	2500.0			
0001477932-18-003448	Tier2	Audited	Y	N	N	Y	N	N	1739132	2500000	4.0	10000009.0	0.0	0.0	0.0	10000009.0		0.0		0.0		0.0	Baker Tilly	15000.0	Trowbridge Sidoti	50000.0		0.0		0.0		10000009.0	
0001213900-18-009052	Tier2	Audited	Y	N	N	Y	Y	N	3399433	0	3.5300000000000002	12000000.0	0.0	0.0	0.0	12000000.0	SI Securities, LLC	900000.0					dbbmckennon	56000.0	Bevilacqua PLLC	65000.0					170937	10937000.0	
0001683168-18-001926	Tier2	Audited	Y	N	Y	Y	N	N	200000000	1362786900	0.25	50000000.0	0.0	0.0	0.0	50000000.0									John E. Lux, Esq.	75000.0			Various States	12500.0			
0001539497-18-001036	Tier2	Audited	Y	N	N	Y	N	N	10000000	90000000	1.0	10000000.0	0.0	0.0	0.0	10000000.0							PKF O'Connor Davies LLP	5000.0								10000000.0	
0001213900-18-008945	Tier2	Audited	Y	N	N	Y	Y	N	2000000	16017235	3.0	6000000.0	0.0	0.0	434000.0	6434000.0	Craft Capital Management	510000.0							Sheppard, Mullin, Richter & Hampton, LLP	75000.0					171350	5515000.0	
0001683168-18-001909	Tier1	Unaudited	Y	N	Y	N	N	N	1000000000	1948238976	0.0025	2500000.0	0.0	0.0	0.0	2500000.0									John E. Lux, Esq.	25000.0			Various States	2500.0		2500000.0	
0001477932-18-003405	Tier2	Audited	Y	N	Y	Y	N	N	5000000	0	10.0	50000000.0	0.0	0.0	0.0	50000000.0		0.0		0.0		0.0	Spiegel Accountancy Corp.	5000.0	Trowbridge Sidoti	45000.0		0.0		0.0		50000000.0	
0001477932-18-003397	Tier2	Audited	Y	N	N	Y	N	N	10000000	0	10.0	50000000.0	0.0	0.0	0.0	50000000.0		0.0		0.0		0.0	Spiegel Accountancy	2500.0	Trowbridge Sidoti	50000.0		0.0		0.0		49500000.0	
0001213900-18-008863	Tier2	Audited	Y	N	N	Y	N	N	4545454	20717496	11.0	50000000.0	0.0	0.0	0.0	50000000.0	NMS Capital Advisors, LLC	3500000.0	7 perc. of all shares sold and 3 perc. of processed orders	3500000.0			RBSM, LLP	50000.0	CKR Law, LLP	150000.0							As Selling Agent, NMS may engage sub-agents. NMS is not obligated to sell any shares, but merely to process orders received from investors. The $3,500,000 amount listed above assumes NMS and all sub-agents sell 100% of the offering to its clients.
0001144204-18-037572	Tier2	Audited	Y	Y	N	Y	N	N	1447510	0	10.0	1447510.0	0.0	28846340.0	4339010.0	34632860.0									Smith Anderson; Robbins Ross	4500.0							
0001628279-18-000127	Tier2	Audited	Y	N	N	Y	N	N	3000000	1820556	5.0	15000000.0	0.0	0.0	0.0	15000000.0	Boustead Securities, LLC	1200000.0			N/A	0.0	GBH CPAs, PC	35000.0	Schiff Hardin	90000.0						13675000.0	Underwriter fees include reimbursement for certain diligence, travel and legal expenses.
0001144204-18-037531	Tier2	Audited	N	N	N	Y	N	N	7492	0	100.0	749200.0	0.0	0.0	0.0	749200.0							Franz CPAs, Inc.	6000.0	Graydon Head & Ritchie LLP	25000.0						718200.0	
0001683168-18-001883	Tier1	Unaudited	Y	N	Y	Y	N	Y	9306593	4066148	0.005	10000000.0	1633241.0	0.0	0.0	11633241.0									John E. Lux, Esq.	10000.0						9600000.0	
0001193125-18-213210	Tier2	Audited	Y	N	N	Y	N	N	5000000	1623701	10.0	50000000.0	0.0	0.0	0.0	50000000.0	Orchard Securities, LLC, a portion of which	1500000.0	Orchard Securities, LLC, which it will reallow	3000000.0			Ernst & Young LLP	75000.0	DLA Piper LLP (US)	250000.0			DLA Piper LLP (US) to file notices, but payments made to various states	20350.0	133378	50000000.0	All organizational and offering costs, managing broker-dealer fees and selling commissions will be paid by our sponsor, Cottonwood Capital Property Management II, LLC.
0001437749-18-013015	Tier2	Audited	N	N	N	Y	N	N	8333333	43334000	6.0	49999998.0	0.0	0.0	0.0	49999998.0			WEST PARK CAPITAL, INC.	2750000.0							VC Media Partners, LLC	3000000.0				44249998.0	Assuming sale of maximum shares
0001615774-18-006217	Tier2	Audited	Y	N	N	Y	Y	N	1666666	7294250	6.0	10000000.0	0.0	0.0	0.0	10000000.0			Network 1 Financial Securities, Inc.	800000.0									0	0.0	13577	9200000.0	
0001477932-18-003311	Tier2	Audited	Y	N	N	Y	N	N	10000000	0	4.2	42000000.0	0.0	0.0	0.0	42000000.0		0.0		0.0		0.0	IndigoSpire	2500.0	Trowbridge Sidoti	50000.0	Pete Asmus, Mark Scarola	0.0		0.0		42000000.0	
0001477932-18-003316	Tier2	Audited	N	N	N	Y	N	N	50000	0	1000.0	50000000.0	0.0	0.0	0.0	50000000.0		0.0		0.0		0.0	EisnerAmper	2000.0	Trowbridge Sidoti	50000.0		0.0		0.0		50000000.0	
0001493152-18-009580	Tier2	Audited	Y	N	N	Y	N	N	5000000	10000000	1.0	5000000.0	0.0	0.0	0.0	5000000.0							Friedman LLP	14000.0	Bevilacqua PLLC	20000.0			Bevilacqua PLLC	2500.0		4967500.0	Up to $500,000 may be paid in commissions if the maximum amount is sold and a registered broker-dealer is engaged as a placement agent.
0001477932-18-003307	Tier2	Audited	Y	N	Y	Y	N	N	5000000	0	10.0	50000000.0	0.0	0.0	0.0	50000000.0		0.0		0.0		0.0	Spiegel Accountancy Corp.	5000.0	Trowbridge Sidoti	45000.0		0.0		0.0		50000000.0	
0001493152-18-009539	Tier1	Unaudited	Y	N	Y	Y	N	N	500000000	38946389	0.03	15000000.0	0.0	0.0	0.0	15000000.0									John E. Lux, Esq	25000.0			New York State Regulatory Filing Fees	2500.0			
0001724115-18-000007	Tier2	Audited	N	N	N	Y	N	N	8750000	32500000	4.0	35000000.0	0.0	0.0	0.0	35000000.0																	
