ACCESSION_NUMBER	EMP_ID	ISSUERNAME	JURISDICTIONORGANIZATION	YEARINCORPORATION	CIK	SICCODE	FULLTIMEEMPLOYEES	PARTTIMEEMPLOYEES
0001654954-18-010627	1	GK INVESTMENT HOLDINGS, LLC	DE	2015	0001656108	6500	0	0
0001104659-18-059321	1	DAKOTA REAL ESTATE INVESTMENT TRUST	ND	1997	0001074922	6798	0	0
0001144204-18-051336	1	Mota Group, Inc.	DE	2003	0001672750	3721	19	2
0001376474-18-000135	1	First Jersey Cannabis Corp	WY	2018	0001753267	7380	1	3
0001477932-18-004654	1	Keystone Investors - Urban Node Fund II, LP	CA	2018	0001744652	6500	1	0
0001144204-18-051107	1	GROUNDFLOOR FINANCE INC.	GA	2013	0001588504	6199	25	0
0001493152-18-013782	1	Masterworks 001, LLC	DE	2018	0001738134	7380	0	0
0001477932-18-004634	1	CARDONE EQUITY FUND V, LLC	CA	2018	0001741665	6500	0	3
0001683168-18-002845	1	Crednology Holding Corp.	DE	1998	0001101588	7373	1	11
0001213900-18-013021	1	TechSoup Global, A California 501(c)(3) Nonprofit Public Benefit Corporation	CA	1988	0001714680	7372	197	12
0001144204-18-050575	1	Platform Ventures Diversified Housing REIT, LLC	DE	2017	0001726676	6798	0	0
0001144204-18-050445	1	GROUNDFLOOR FINANCE INC.	GA	2013	0001588504	6199	25	0
0001213900-18-012878	1	TechSoup Global, A California 501(c)(3) Nonprofit Public Benefit Corporation	CA	1988	0001714680	7372	197	12
0001213900-18-012865	1	LMP Automotive Holdings, Inc.	DE	2017	0001731727	5500	24	0
0001144204-18-050378	1	Esoteric Brewing Company, LLC	OH	2013	0001737337	2082	0	2
0001213900-18-012832	1	Collective Wisdom Technologies, Inc.	DE	2018	0001741298	6199	2	0
0001683168-18-002809	1	SADDLE RANCH MEDIA, INC.	UT	1988	0000841533	7380	2	0
0001144204-18-050196	1	iConsumer Corp.	DE	2010	0001652350	7200	0	0
0001144204-18-050071	1	GROUNDFLOOR FINANCE INC.	GA	2013	0001588504	6199	25	0
0001477932-18-004556	1	PFG FUND III, LLC	CO	2013	0001594139	6500	0	1
0001144204-18-049933	1	GROUNDFLOOR FINANCE INC.	GA	2013	0001588504	6199	25	0
0001712534-18-000005	1	Busniess Lines Corp	DE	2017	0001712534	4700	2	0
0001144204-18-049880	1	OrgHarvest, Inc.	DE	1997	0001054476	9995	1	0
0001477932-18-004549	1	Elegance Spirits, Inc.	DE	2017	0001745449	2080	4	0
0001144204-18-049660	1	Image Protect, Inc.	DE	1994	0001110648	7389	4	1
0001144204-18-049628	1	Platform Ventures Diversified Housing REIT, LLC	DE	2017	0001726676	6798	0	0
0001683168-18-002771	1	AHP Servicing LLC	DE	2017	0001746078	6162	17	0
0001213900-18-012614	1	TechSoup Global, A California 501(c)(3) Nonprofit Public Benefit Corporation	CA	1988	0001714680	7372	197	12
0001144204-18-049475	1	SMART RX SYSTEMS INC	FL	2013	0001672227	5912	18	4
0001213900-18-012531	1	Legion Capital Corp	FL	2015	0001661166	6282	15	6
0001144204-18-049243	1	Denim.LA, Inc.	DE	2013	0001668010	5600	13	0
0001477932-18-004474	1	Elegance Spirits, Inc.	DE	2017	0001745449	2080	4	0
0001144204-18-049023	1	Mota Group, Inc.	DE	2003	0001672750	3721	19	2
0001144204-18-048911	1	Esoteric Brewing Company, LLC	OH	2013	0001737337	2082	0	2
0001078782-18-000966	1	CW Petroleum Corp	WY	2018	0001741220	5172	2	1
0001683168-18-002680	1	The Movie Studio, Inc.	DE	1961	0001109067	7812	1	0
0001144204-18-048832	1	GAB AI INC.	DE	2016	0001709244	8600	2	0
0001683168-18-002673	1	My Racehorse CA LLC	NV	2016	0001744448	7948	0	0
0001144204-18-048713	1	GROUNDFLOOR FINANCE INC.	GA	2013	0001588504	6199	25	0
0001213900-18-012312	1	INCAPTA, INC	WY	2017	0001099234	7841	2	1
0001683168-18-002664	1	CNS Pharmaceuticals, Inc.	NV	2017	0001729427	2834	0	4
0001144204-18-048616	1	Fundrise National For-Sale Housing eFund, LLC	DE	2017	0001706656	6500	0	0
0001144204-18-048575	1	Building Bits Properties I, LLC	DE	2017	0001709981	6510	2	0
0001213900-18-012262	1	UC Asset LP	DE	2016	0001723517	6532	1	2
0001477932-18-004409	1	Keystone Investors - Urban Node Fund II, LP	CA	2018	0001744652	6500	1	0
0001213900-18-012215	1	Legion Capital Corp	FL	2015	0001661166	6282	15	6
0001144204-18-048302	1	Platform Ventures Diversified Housing REIT, LLC	DE	2017	0001726676	6798	0	0
0001477932-18-004373	1	Elegance Spirits, Inc.	DE	2017	0001745449	2080	4	0
0001615774-18-009107	1	ADiTx Therapeutics, Inc.	DE	2017	0001726711	2834	1	1
0001144204-18-047831	1	GROUNDFLOOR FINANCE INC.	GA	2013	0001588504	6199	25	0
0001078782-18-000945	1	CW Petroleum Corp	WY	2018	0001741220	5172	2	1
0001640334-18-001710	1	VORTEX BRANDS CO.	CO	2005	0001373467	7389	0	0
0001213900-18-012014	1	LMP Automotive Holdings, Inc.	DE	2017	0001731727	5500	20	0
0001477932-18-004354	1	Buying.com LLC	WY	2018	0001746195	7370	5	0
0001144204-18-047564	1	1st stREIT Office Inc.	MD	2016	0001700461	6798	0	0
0000927089-18-000327	1	CENTURY NEXT FINANCIAL Corp	LA	2010	0001493006	6035	57	0
0001213900-18-011987	1	Apex Farms Corp.	NV	2017	0001729481	3590	2	0
0001079974-18-000483	1	Ultimate Holdings Corp	NV	2017	0001713757	4213	4	0
0001104659-18-054571	1	MogulREIT II, Inc.	MD	2017	0001699573	6798	0	0
0001144204-18-047406	1	Legion M Entertainment, Inc.	DE	2016	0001674163	7812	5	5
0001628279-18-000225	1	Soliton, Inc.	DE	2012	0001548187	3845	6	2
0001683168-18-002566	1	MC Endeavors, Inc.	NV	2001	0001157509	7370	3	4
0001615774-18-008816	1	ADiTx Therapeutics, Inc.	DE	2017	0001726711	2834	1	1
0001144204-18-047205	1	Esoteric Brewing Company, LLC	OH	2013	0001737337	2082	0	2
0000927089-18-000320	1	CENTURY NEXT FINANCIAL Corp	LA	2010	0001493006	6035	57	0
0001144204-18-047057	1	Reitless Impact Income Strategies LLC	DE	2018	0001742092	6798	0	0
0001144204-18-046826	1	StartEngine Crowdfunding, Inc.	DE	2014	0001661779	7370	31	0
0001683168-18-002529	1	Sky440, Inc.	DE	2001	0001661264	8742	1	1
0001213900-18-011797	1	UC Asset LP	DE	2016	0001723517	6532	1	2
0001654954-18-009584	1	Red Oak Capital Fund II, LLC	DE	2017	0001742521	6500	0	0
0001477932-18-004312	1	CARDONE EQUITY FUND V, LLC	CA	2018	0001741665	6500	0	3
0001683168-18-002516	1	Quantum Medical Transport, Inc.	DE	1993	0001021282	7373	1	0
0001493152-18-012569	1	Masterworks 001, LLC	DE	2018	0001738134	7380	0	0
0001688804-18-000015	1	RSE Collection, LLC	DE	2016	0001688804	3711	0	0
0001683168-18-002498	1	Hylete, Inc.	CA	2015	0001599738	2300	22	4
0001104659-18-053400	1	MogulREIT II, Inc.	MD	2017	0001699573	6798	0	0
0001683168-18-002490	1	Quantum Medical Transport, Inc.	DE	1993	0001021282	7373	1	0
0001750063-18-000006	1	Fifteen Five Partners PBC	DE	2018	0001750063	8200	40	216
0001144204-18-046031	1	GROUNDFLOOR FINANCE INC.	GA	2013	0001588504	6199	25	0
0001144204-18-045891	1	Esoteric Brewing Company, LLC	OH	2013	0001737337	2082	0	2
0001213900-18-011527	1	StreamNet, Inc.	NV	2016	0001681343	4841	1	0
0001144204-18-045790	1	XTI Aircraft Co	DE	2009	0001638850	3721	0	0
0001144204-18-045747	1	Image Protect, Inc.	DE	1994	0001110648	7389	4	1
0001683168-18-002436	1	B2Digital, Incorporated	DE	1991	0000725929	7990	1	0
0001393905-18-000257	1	Jetblack Corp	NV	2002	0001213106	7373	2	0
0001144204-18-045412	1	GROUNDFLOOR FINANCE INC.	GA	2013	0001588504	6199	25	0
0001078782-18-000895	1	CW Petroleum Corp	WY	2018	0001741220	5172	2	1
0001213900-18-011367	1	Collective Wisdom Technologies, Inc.	DE	2018	0001741298	6199	3	0
0001615774-18-008289	1	ADiTx Therapeutics, Inc.	DE	2017	0001726711	2834	1	1
0001683168-18-002403	1	Hylete, Inc.	CA	2015	0001599738	2300	22	4
0001654954-18-009305	1	Red Oak Capital Fund II, LLC	DE	2017	0001742521	6500	0	0
0001644516-18-000003	1	Southern Tier Region Rural Broadband Company, Inc.	NY	2013	0001587999	7380	1	5
0001742808-18-000002	1	UMBRA Technologies (US) Inc.	DE	2015	0001742808	7374	27	0
0001644516-18-000002	1	Mid-Hudson Broadband Co	NY	2013	0001644516	7380	1	3
0001683168-18-002381	1	Advanced Bio-Oil Technologies Ltd.	WY	2016	0001706951	2070	2	1
0001079974-18-000465	1	Ultimate Holdings Corp	NV	2017	0001713757	4213	4	0
0001144204-18-045015	1	OrgHarvest, Inc.	DE	1997	0001054476	9995	1	0
0001144204-18-044971	1	Fundrise Income eREIT II, LLC	DE	2015	0001660998	6798	0	0
0001144204-18-044968	1	Fundrise Growth eREIT II, LLC	DE	2015	0001661000	6798	0	0
0001493152-18-012063	1	Masterworks 002, LLC	DE	2018	0001750148	7380	0	0
0001144204-18-044758	1	Rise Companies Corp.	DE	2014	0001640967	6500	44	0
0001213900-18-010940	1	20/20 GeneSystems, Inc.	DE	2000	0001139685	8071	5	7
0001477932-18-003937	1	SPRiZZi Bev-Co., Inc.,	DE	2018	0001733226	2080	2	0
0001628279-18-000193	1	Soliton, Inc.	DE	2012	0001548187	3845	6	2
0001683168-18-002243	1	Signature Devices Inc.	DE	2002	0001267919	7373	2	1
0001213900-18-010626	1	Apex Farms Corp.	NV	2017	0001729481	3590	2	0
0001683168-18-002227	1	SADDLE RANCH MEDIA, INC.	UT	1988	0000841533	7380	2	0
0001731122-18-000053	1	Patient Access Solutions, Inc.	NV	2006	0001393570	3576	4	0
0001445866-18-000809	1	MINMAX SPACES	WY	2018	0001748865	5110	0	0
0001144204-18-042871	1	Fundrise National For-Sale Housing eFund, LLC	DE	2017	0001706656	6500	0	0
0001144204-18-042870	1	Fundrise For-Sale Housing eFUND - Washington DC, LLC	DE	2015	0001660983	6500	0	0
0001144204-18-042869	1	Fundrise For-Sale Housing eFUND - Los Angeles CA, LLC	DE	2015	0001660987	6500	0	0
0001742134-18-000007	1	Item Banc	SC	2018	0001742134	7374	0	0
0001493152-18-011105	1	Soligen Technologies, Inc	WY	1993	0000916460	1382	1	0
0001683168-18-002167	1	Advanced Bio-Oil Technologies Ltd.	WY	2016	0001706951	2070	2	1
0001144204-18-042362	1	GROUNDFLOOR FINANCE INC.	GA	2013	0001588504	6199	25	0
0001615774-18-007626	1	ADiTx Therapeutics, Inc.	DE	2017	0001726711	2834	1	1
0001652577-18-000006	1	360 Sports, Inc.	DE	2015	0001652577	7997	5	10
0001652577-18-000005	1	360 Sports, Inc.	DE	2015	0001652577	7997	5	10
0001144204-18-041951	1	Fundrise West Coast Opportunistic REIT, LLC	DE	2015	0001660919	6798	0	0
0001144204-18-041947	1	Fundrise Midland Opportunistic REIT, LLC	DE	2015	0001661023	6798	0	0
0001144204-18-041944	1	Fundrise East Coast Opportunistic REIT, LLC	DE	2015	0001660918	6798	0	0
0001144204-18-041937	1	FUNDRISE EQUITY REIT, LLC	DE	2015	0001648956	6798	0	0
0001144204-18-041934	1	FUNDRISE REAL ESTATE INVESTMENT TRUST, LLC	DE	2015	0001645583	6798	0	0
0001144204-18-041924	1	Fundrise Income eREIT II, LLC	DE	2015	0001660998	6798	0	0
0001144204-18-041922	1	Fundrise Growth eREIT II, LLC	DE	2015	0001661000	6798	0	0
0001558891-18-000068	1	Supernova Energy, Inc.	NV	2009	0001486597	1311	1	0
0001078782-18-000773	1	CW Petroleum Corp	WY	2018	0001741220	5172	2	1
0001683168-18-002108	1	Advanced Bio-Oil Technologies Ltd.	WY	2016	0001706951	2070	2	1
0001549212-18-000028	1	SW Innovative Holdings, Inc.	TX	2003	0001621388	7385	3	0
0001477932-18-003778	1	Elegance Spirits, Inc.	DE	2017	0001745449	2080	4	0
0001104659-18-048899	1	Rentalist, Inc.	DE	2018	0001746876	7359	1	1
0001477932-18-003772	1	Elegance Spirits, Inc.	DE	2017	0001745449	2080	4	0
0001477932-18-003766	1	CARDONE EQUITY FUND V, LLC	CA	2018	0001741665	6500	0	3
0001213900-18-010023	1	20/20 GeneSystems, Inc.	DE	2000	0001139685	8071	5	7
0001144204-18-041214	1	Legion M Entertainment, Inc.	DE	2016	0001674163	7812	5	5
0001654954-18-008259	1	Red Oak Capital Fund II, LLC	DE	2017	0001742521	6500	0	0
0001078782-18-000766	1	DECISION DIAGNOSTICS CORP	NV	2001	0001144225	7371	12	7
0001493152-18-010739	1	Masterworks 001, LLC	DE	2018	0001738134	7380	0	0
0001213900-18-009946	1	Legion Capital Corp	FL	2015	0001661166	6282	15	6
0001683168-18-002058	1	Smart Decision, Inc.	WY	2017	0001734669	7373	2	2
0001213900-18-009878	1	Legion Capital Corp	FL	2015	0001661166	6282	15	6
0001477932-18-003708	1	SPRiZZi Bev-Co., Inc.,	DE	2018	0001733226	2080	2	0
0001683168-18-002048	1	The Movie Studio, Inc.	DE	1961	0001109067	7812	1	0
0001493152-18-010612	1	Soligen Technologies, Inc	WY	1993	0000916460	1382	1	0
0001640334-18-001474	1	VORTEX BRANDS, INC.	CO	2005	0001373467	7389	0	0
0001213900-18-009787	1	LMP Automotive Holdings, Inc.	DE	2017	0001731727	5500	14	0
0001683168-18-002040	1	Smart Decision, Inc.	WY	2017	0001734669	7373	2	2
0001683168-18-002034	1	Sky440, Inc.	NV	2001	0001661264	8742	1	1
0001144204-18-040420	1	Rise Companies Corp.	DE	2014	0001640967	6500	44	0
0001493152-18-010534	1	Appliqate Inc	WY	2015	0001669778	7311	2	2
0001683168-18-002029	1	Sky440, Inc.	NV	2001	0001661264	8742	1	1
0001493152-18-010523	1	Square Chain Corporation	NV	1994	0001027235	7374	1	0
0001264931-18-000090	1	Victory Marine Holdings Corp.	NV	1954	0000895287	3612	1	0
0001549212-18-000026	1	SW Innovative Holdings, Inc.	TX	2003	0001621388	7385	3	0
0001144204-18-040075	1	Esoteric Brewing Company, LLC	OH	2013	0001737337	2082	0	2
0001486452-18-000006	1	Clikia Corp.	NV	2002	0001486452	7822	1	4
0001144204-18-039859	1	XTI Aircraft Co	DE	2009	0001638850	3721	0	0
0001144204-18-039810	1	GROUNDFLOOR FINANCE INC.	GA	2013	0001588504	6199	25	0
0001683168-18-002010	1	Thinking Green	NV	2013	0001736539	100	0	2
0001683168-18-002006	1	Thinking Green	NV	2013	0001736539	100	0	2
0001144204-18-039192	1	GROUNDFLOOR FINANCE INC.	GA	2013	0001588504	6199	25	0
0001477932-18-003588	1	WEBB INTERACTIVE SERVICES INC	CO	1994	0001011901	7819	2	0
0001628279-18-000150	1	Soliton, Inc.	DE	2012	0001548187	3845	6	2
0001144204-18-039119	1	Building Bits Properties I, LLC	DE	2017	0001709981	6510	2	0
0001683168-18-001987	1	Hylete, Inc.	CA	2015	0001599738	2300	21	3
0001477932-18-003573	1	Social Investment Holdings, Inc.	FL	2017	0001697831	2400	0	0
0001144204-18-038914	1	CENTURY NEXT FINANCIAL Corp	LA	2010	0001493006	6035	57	0
0001144204-18-038840	1	Rooshine, Inc.	NV	1998	0001743277	5180	0	1
0001477932-18-003561	1	Capital Cities Fund, LLC	MD	2013	0001640613	6500	0	1
0001615774-18-006622	1	ADiTx Therapeutics, Inc.	DE	2017	0001726711	2834	1	1
0001193125-18-219731	1	Cottonwood Multifamily REIT II, Inc.	MD	2016	0001677881	6798	0	0
0001144204-18-038669	1	GROUNDFLOOR FINANCE INC.	GA	2013	0001588504	6199	25	0
0001144204-18-038659	1	Denim.LA, Inc.	DE	2013	0001668010	5600	13	0
0001079974-18-000396	1	Ultimate Holdings Corp	NV	2017	0001713757	4213	4	0
0001477932-18-003545	1	Insitu Biologics, Inc.	DE	2018	0001723443	2836	2	0
0001549212-18-000022	1	SW Innovative Holdings, Inc.	TX	2003	0001621388	7385	3	0
0001193125-18-217650	1	XY - the Findables Company	DE	2016	0001577351	3670	15	1
0001683168-18-001942	1	Smart Decision, Inc.	WY	2017	0001734669	7373	2	2
0001477932-18-003448	1	Insitu Biologics, Inc.	DE	2018	0001723443	2836	2	0
0001213900-18-009052	1	20/20 GeneSystems, Inc.	DE	2000	0001139685	8071	5	7
0001683168-18-001926	1	Advance Green Energy, Inc.	FL	2016	0001693966	1311	2	0
0001539497-18-001036	1	Vermundi Inc.	DE	2017	0001732129	7374	4	0
0001213900-18-008945	1	Legion Capital Corp	FL	2015	0001661166	6282	15	6
0001683168-18-001909	1	SADDLE RANCH MEDIA, INC.	UT	1988	0000841533	7380	2	0
0001477932-18-003405	1	SPRiZZi Bev-Co., Inc.,	DE	2018	0001733226	2080	2	0
0001477932-18-003397	1	Oi2Go Media Technologies, Inc.	FL	2017	0001729525	7822	0	4
0001213900-18-008863	1	Hightimes Holding Corp.	DE	2016	0001714420	2721	31	0
0001144204-18-037572	1	GROUNDFLOOR FINANCE INC.	GA	2013	0001588504	6199	25	0
0001628279-18-000127	1	Soliton, Inc.	DE	2012	0001548187	3845	6	2
0001144204-18-037531	1	Esoteric Brewing Company, LLC	OH	2013	0001737337	2082	0	2
0001683168-18-001883	1	The Movie Studio, Inc.	DE	1961	0001109067	7812	1	0
0001193125-18-213210	1	Cottonwood Multifamily REIT II, Inc.	MD	2016	0001677881	6798	0	0
0001437749-18-013015	1	Neurmedix, Inc.	DE	2014	0001704466	2834	0	0
0001615774-18-006217	1	ADiTx Therapeutics, Inc.	DE	2017	0001726711	2834	1	1
0001477932-18-003311	1	Alchemy Kings, Inc.	NV	2018	0001738818	2834	2	0
0001477932-18-003316	1	CARDONE EQUITY FUND V, LLC	CA	2018	0001741665	6500	0	3
0001493152-18-009580	1	ASI Aviation, Inc.	NV	2015	0001669368	6799	2	1
0001477932-18-003307	1	SPRiZZi Bev-Co., Inc.,	DE	2018	0001733226	2080	2	0
0001493152-18-009539	1	Soligen Technologies, Inc	WY	1993	0000916460	1382	1	0
0001724115-18-000007	1	Lykuid Inc	FL	2017	0001724115	7370	7	0
