ACCESSION_NUMBER	FORMINDICATION	ISSUERNAME	FISCALYEAREND	STREET1	STREET2	CITY	STATEORCOUNTRY	ZIPCODE	PHONENUMBER	REGARULE257
0001144204-18-051167		Medalist Diversified REIT, Inc.		11 S. 12th Street	Suite 401	RICHMOND	VA	23219	804-344-4435	
0001689536-18-000001	Annual Report		31-DEC-2017	SANJAY MODY	2125 CENTER AVE, SUITE 414	FORT LEE	NJ	07024	2013678436	true
0001644600-18-000030		Bitzumi, Inc.		55 5th Avenue, Suite 1702		New York	NY	10003	347-491-4011	
0001659173-18-000278	Annual Report		30-JUN-2018	2009 E WINDMILL LANE		LAS VEGAS	NV	89123	702-987-8603	false
0001144204-18-047193	Annual Report		30-APR-2018	1938-C COLUMBIA AVENUE, BOX 670		ROSLAND	A1	V0G 1Y0	250-362-7384	false
0001683168-18-002545	Annual Report		31-DEC-2017	564 STEVENS AVENUE		SOLANA BEACH	CA	92075	858-225-8998	true
0001477932-18-004301		PFG FUND III, LLC		10200 W 44th Ave.	Suite 220	Wheat Ridge	CO	80033	303-835-4445	
0001477932-18-004298		UNITED GROUP FUND, INC		121 South Orange Ave.	Suite 1500	Orlando	FL	32801	408-858-5748	
0001652577-18-000008		360 Sports, Inc.		244 5th Avenue	Suite R260	New York	NY	10001	9177191360	
0001213900-18-010924		Duke Robotics, Inc.		515 E Las Olas Boulevard, Suite 120		FORT LAUDERDALE	FL	33301	954-616-4446	
0001079974-18-000408	Annual Report		31-MAR-2018	10901 ROOSEVELT BLVD	SUITE 1000C	SAINT PETERSBURG	FL	33716	727-474-1810	true
0001477932-18-003687	Annual Report		31-MAR-2018	2121 SW 3rd Ave.	Suite 601	Miami	FL	33129	305-351-2407	false
0001213900-18-009631	Special Financial Report for the fiscal year		31-DEC-2017	2407 COLUMBIA PIKE, SUITE 200		ARLINGTON	VA	22204	703-920-2200	false
0001493152-18-010348	Annual Report		31-JAN-2018	12465 South Fort St, Suite 240		Draper	UT	84020	801-203-3978	true
0001213900-18-009492	Special Financial Report for the fiscal year		31-DEC-2017	5910 PACIFIC CENTER BLVD.	SUITE 300	SAN DIEGO	CA	92121	858-352-0622	false
0001712534-18-000001	Annual Report		31-DEC-2017	2195 ARTHUR AVENUE		ELK GROVE VILLAGE	IL	60007	7737241313	true
0001506275-18-000001		Our Microlending LLC		3191 Coral Way Suite 109		Miami	FL	33145	305-854-8113	
