ACCESSION_NUMBER	NID	SINFO_ID	NAME_TYPE	NAME
0001213900-19-018897	1	1	legalSpName	John E. Lux, Esq.
0001213900-19-018897	1	1	promoterSpName	Seaside Advisors, LLC
0001477932-19-005122	1	1	blueSkySpName	Colorado/NY
0001477932-19-005122	1	1	legalSpName	John E Lux
0001144204-19-040771	1	1	legalSpName	Goodwin Procter LLP
0001144204-19-040771	1	1	auditorSpName	RSM LLP
0001683168-19-002644	1	1	legalSpName	John E. Lux
0001683168-19-002644	1	2	blueSkySpName	Various
0001683168-19-002644	1	2	legalSpName	John E. Lux
0001683168-19-002644	1	1	blueSkySpName	Various
0001395005-19-000001	1	1	blueSkySpName	New York
0001395005-19-000001	1	1	legalSpName	John E. Lux Esq.
0001395005-19-000001	2	1	blueSkySpName	Michigan
0001640334-19-001399	1	1	legalSpName	YK Legal Services
0001640334-19-001399	1	1	auditorSpName	Haynie & Company
0001144204-19-033407	1	1	legalSpName	Graydon Head & Ritchey LLP
0001144204-19-033407	1	1	auditorSpName	Franz CPAs, Inc.
0001144204-19-033407	1	1	blueSkySpName	Graydon Head & Ritchey LLP
