ACCESSION_NUMBER	SINFO_ID	COMMISSIONFILENUMBER	OFFERINGQUALIFICATIONDATE	OFFERINGCOMMENCEDATE	QUALIFIEDSECURITIESSOLD	OFFERINGSECURITIESSOLD	PORTIONSECURITIESSOLDISSUER	PORTIONSOLDSECURITYHOLDERS	PRICEPERSECURITY	AGGREGRATEOFFERINGPRICE	AGGREGRATEOFFERINGPRICEHOLDERS	UNDERWRITERFEES	SALESCOMMISSIONSFEE	FINDERSFEES	AUDITORFEES	LEGALFEES	PROMOTERSFEES	BLUESKYFEES	CRDNUMBERBROKERDEALER	ISSUERNETPROCEEDS	CLARIFICATIONRESPONSES
0001213900-19-018897	1	024-10733	25-OCT-2017	29-NOV-2017	200000000	20000000	10000000.0	0.0	0.022000000000000002							12000.0	150000.0			268000.0	The offering price varied. Average offering price is shown.
0001477932-19-005122	1	024-10701	13-SEP-2017	13-SEP-2018	1000000000	3000000	265000.0	0.0	0.01			0.0	0.0	0.0	0.0	20000.0	0.0	10000.0		235000.0	
0001144204-19-040771	1	024-10859	27-SEP-2018		5000000	0	0.0	0.0	10.0						0.0	0.0				0.0	
0001683168-19-002644	2		08-FEB-2019	08-FEB-2019	3000000000	534375	128250.0	0.0	0.0002							2452.0		675.0		125123.0	
0001683168-19-002644	1	024-10866	08-FEB-2019	08-FEB-2019	3000000000	1456526807	436958.0	0.0	0.00030000000000000003							2453.0		675.0		433830.0	
0001671132-19-000001	1	024-10588	31-AUG-2017	14-SEP-2017	20000000	597000			2.0	1194000.0	0.0	0.0	0.0	0.0	0.0	0.0	0.0	0.0			
0001395005-19-000001	1	024-10800	14-JUN-2018	14-JUN-2018	4000000000	99000000	0.0	0.0	0.005			0.0	0.0	0.0	0.0	7500.0	0.0	1485.0		486015.0	
0001640334-19-001399	1	024-10875	25-FEB-2019	26-FEB-2019	1000000000	30250000			0.0	125000.0	0.0	0.0	0.0	0.0	19219.600000000002	3295.0	0.0	0.0		102485.40000000001	Price per security:  026,250,000 shares sold at $0.004 and 54,000,000 shares sold at $0.005
0001144204-19-033407	1	024-10830	28-SEP-2018	01-OCT-2018	6992	5658	565800.0	0.0	100.0						15000.0	22000.0		5000.0		523800.0	
