ACCESSION_NUMBER	SI_ID	ISSUEDSECURITIESTITLE
0001144204-19-044920	1	Class A Preferred Stock
0001654954-19-010471	1	7% unsecured bonds
0001144204-19-043048	1	Class D USD$ Series Limited Partnership Units
0001214659-19-005495	1	Common Stock
0001144204-19-040565	1	Limited Recourse Obligations (LROs); Common Stock
0001683168-19-002665	1	Common Stock; par value $0.0001
0001698370-19-000004	1	Common Shares
0001671132-19-000001	1	COMMON
0001599916-19-000124	1	common stock
0001213900-19-013660	1	Class A Investor Shares
0001477932-19-004276	1	Class A Common Stock
0001640334-19-001399	1	Common Stock
