ACCESSION_NUMBER	STREET1	STREET2	CITY	STATEORCOUNTRY	ZIPCODE	PHONENUMBER	CONNECTIONNAME	INDUSTRYGROUP	CASHEQUIVALENTS	INVESTMENTSECURITIES	TOTALINVESTMENTS	ACCOUNTSRECEIVABLE	LOANS	PROPERTYPLANTEQUIPMENT	PROPERTYANDEQUIPMENT	TOTALASSETS	ACCOUNTSPAYABLE	POLICYLIABILITIESANDACCRUALS	DEPOSITS	LONGTERMDEBT	TOTALLIABILITIES	TOTALSTOCKHOLDEREQUITY	TOTALLIABILITIESANDEQUITY	TOTALREVENUES	TOTALINTERESTINCOME	COSTANDEXPENSESAPPLTOREVENUES	TOTALINTERESTEXPENSES	DEPRECIATIONANDAMORTIZATION	NETINCOME	EARNINGSPERSHAREBASIC	EARNINGSPERSHAREDILUTED	NAMEAUDITOR	CERTIFYIFTRUE	CERTIFYIFNOTDISQUALIFIED	CERTIFYIFBADACTOR	JURISDICTIONSOFSECOFFEREDNONE	JURISDICTIONSOFSECOFFEREDSAME	IFUNREGSITEREDNONE	SECURITIESACTEXCEMPTION
0001493152-19-014779	9720 WILSHIRE BLVD.	SUITE 500	BEVERLY HILLS	CA	90212	310-319-1850	Allen Z. Sussman, Esq.	Other	653000.0	0.0		17570000.0		0.0		57960000.0	5491000.0			15400000.0	52221000.0	5739000.0	57960000.0	18367000.0		14131000.0		358000.0	-1798000.0	-0.16	-0.16	Hutchinson & Bloodgood LLP	true	true			true		Section 4(a)(2) of the Securities Act and Rule 506 promulgated under Regulation D under the Securities Act.
0001144204-19-046554	110 16th Street, Suite 300		DENVER	CO	80202	303-222-8437	Brownstein, Hyatt, Farber, Sch	Other	1696.0	0.0		1283.0		12506.0		15485.0	11700.0			0.0	11700.0	3785.0	15485.0	2294.0		7370.0		124.0	-5076.0	-0.05	-0.05	BDO USA, LLP	true	true	false	false	true	false	Section 4(a)(2) of the Securities Act or Rule 506(b) promulgated thereunder.
0001493152-19-014709	23501 CINCO RANCH BLVD	STE H120 - #325	KATY	TX	77494	713-857-8142	Morgan E. Petitti, Esq.	Other	28800.0	0.0		150136.0		0.0		794936.0	175305.0			241317.0	831891.0	-36955.0	794936.0	3368297.0		0.0		0.0	-392714.0	0.0	0.0	M&K CPAS, PLLC	true	true			true	true	
0001761911-19-000013	418 BROADWAY		ALBANY	NY	12207	1-518-396-5853	Andy Altahawi	Other	356543.0	0.0		0.0		676154.0		1032697.0	108597.0			76252.0	184849.0	847848.0	1032697.0	60441.0		435914.0		0.0	-375473.0	0.0	0.0	IndigoSpire CPA Group, LLC	true	true	false	false	true	false	Class A stock Exempt from registration under Rule 506(c) of the Securities Act. Class B stock under Section 4(a)(2).
0001628279-19-000314	C/O YOUNOW, INC.	245 5TH AVE., 6TH FLOOR	NEW YORK	NY	10016	302-658-7581	Robert Rosenblum	Other	7181920.0	0.0		527981.0		153800.0		12054465.0	2026422.0			0.0	23465766.0	-11411301.0	12054465.0	12377332.0		7728860.0		73792.0	-13904786.0	0.0	0.0	Rosen Kuslansky, CPA, PC	true	true	false	false	true	false	Tokens: 4(a)(2) of the Securities Act of 1933; Grants to Advisers: 4(a)(2) in one-on-one transactions
0001213900-19-019204	22809 Pacific Coast Highway		Malibu	CA	90265	424-346-1254	Peter DiChiara	Other	5190.84	0.0		0.0		915654.15		1105844.99	41100.0			0.0	45952.06	1059892.93	1105844.99	0.0		0.0		0.0	-83065.54000000001	0.0	0.0		true	true			true		Exempt from registration under the Securities Act of 1933 and Rules promulgated thereunder.
0001493152-19-014674	2990 REDHILL AVE		COSTA MESA	CA	92626	949-273-4990	Robert Newman	Other	960328.0	0.0		646502.0		78438.0		4642854.0	8308674.0			689246.0	8997920.0	-4355066.0	4642854.0	328531.0		1897103.0		0.0	1565572.0	0.0	0.0	None	true	true		true			Regulation S and Section 4(a)(2)
0001213900-19-019161	45 Wall Street	Suite 920	New York	NY	10005	650-862-5391	William Eilers, Eilers Law Gro	Other	782666.0	4752840.0		0.0		0.0		5536762.0	14819860.0			20719825.0	35539685.0	-30002923.0	5536762.0	0.0		874090.0		50000.0	-824090.0	-0.01	-0.01		true	true		true			Section 4(a)(2) and Section 3(a)(9) of the Securities Act
0001766214-19-000022	1001 4TH AVE	STE. 3200	SEATTLE	WA	98104	866-777-3433	Devon Parks	Other	0.0	0.0		0.0		0.0		0.0	7465.0			0.0	7465.0	0.0	0.0	0.0		-7465.0		0.0	0.0	0.0	0.0		true	true	true	false	true	true	
0001477932-19-005549	590 Madison Avenue	21st Floor	New York	NY	10022	212-417-9800	Ellery R. Roberts	Other	317836.0	0.0		2587894.0		4012365.0		19468768.0	4051714.0			7951190.0	22956660.0	-3487893.0	19468768.0	13020584.0		9545726.0		688086.0	-1193530.0	-0.38	-0.38	Sadler, Gibb & Associates, LLC	true	true	false		true	false	The transaction was exempt from the registration requirements of Section 5 of the Securities Act as it was a transaction not involving a public offering.
0001144204-19-046019	623 E FORT UNION BLVD, SUITE 101		SALT LAKE CITY	UT	84121	415-315-9916	Jeanne Campanelli	Other	0.0	0.0		0.0		0.0		0.0	20294.0			0.0	20294.0	-20294.0	0.0	0.0		20294.0		0.0	-20294.0	0.0	0.0	Jason M. Tyra, CPA, PLLC	true	true			true		Section 4(a)(2) of the Securities Act of 1933, as amended
0001144204-19-045953	11601 Wilshire Boulevard	Suite 1690	Los Angeles	CA	90025	310-421-1030	Eliot Bencuya	Other	2855838.0	0.0		1983152.0		56807211.0		63260516.0	1592994.0			41466733.0	55759776.0	7500740.0	63260516.0	5447685.0		3745219.0		1820145.0	-413546.0	-1.46	-1.46	RSM US LLP	true	true		true			Section 4(a)(2). Represents initial capitalization of issuer by sole stockholder.
0001213900-19-018880	335 Madison Ave, 3rd Floor		New York	NY	10017	201-479-4408	Michael Karnjanaprakorn	Other	0.0	0.0		0.0		0.0		0.0	0.0			0.0	0.0	0.0	0.0	0.0		0.0		0.0	0.0	0.0	0.0	Jason M. Tyra, CPA, PLLC	true	true			true	true	
0001775196-19-000006	7135 Collins Ave	No.624	Miami Beach	FL	33141	3058658193	Indrajith Andrew Weeraratne	Other	14552.0	0.0		0.0		0.0		14552.0	0.0			0.0	0.0	14552.0	14552.0	0.0		5078.0		0.0	-5078.0	0.0	0.0	Malone Bailey LLC	true	true	false	true	false	true	
0001688804-19-000020	250 Lafayette Street	3R	NEW YORK	NY	10012	3479528058	Max Niederste-Ostholt	Other	91861.0	0.0		2497.0		7080811.0		7175169.0	13478.0			2173911.0	2187389.0	4987780.0	7175169.0	0.0		62785.0		0.0	-62785.0	0.0	0.0	EisnerAmper LLP	true	true	false	true	false	false	Rule 506(c) - sale to verified accredited investors of interests in Series #77LE1
0001214659-19-006003	201 Shipyard Way	Suite E	Newport Beach	CA	92663	949-444-5464	Henry Nisser	Other	867518.0	410205.0		3868813.0		7610362.0		52423397.0	13568185.0			836885.0	30573594.0	21849803.0	52423397.0	13087110.0		9707515.0		2126183.0	-10744660.0	-22.42	-22.42	Marcum LLP	true	true		true			These securities were sold in reliance upon the exemption provided by Section 4(a)(2) of the Securities Act and the safe harbor of Rule 506 under Regulation D promulgated under the Securities Act.
0001078782-19-000732	300 ARAGON AVENUE SUITE 375		CORAL GABLES	FL	33134	954-951-8191	Scott Doney	Other	80486.0	0.0		1978125.0		265826.0		2324437.0	4740877.0			0.0	4740877.0	-2416440.0	2324437.0	8416562.0		9907100.0		19281.0	-1509819.0	-0.1	-0.1	Boyle CPA LLC	true	true	false	true	false	false	Section 4(a)(2) and/or Rule 506(b).
0001721469-19-000016	1306 MONTE VISTA AVE., NO. 5		UPLAND	CA	91786	909-437-8390	Jack Jmaev - Attry for issuer	Other	998.0	0.0		0.0		0.0		998.0	0.0			0.0	0.0	998.0	998.0	0.0		2.0		0.0	-2.0	0.0	0.0	Kho & Patel	true	true	false	true	false	false	1933 ACT, SECT. 4(a)(2) - Sold 100 shares to promoter at formation.
0001721469-19-000015	1306 MONTE VISTA AVE., NO. 5		UPLAND	CA	91786	909-437-8390	Jack Jmaev - Attry for issuer	Other	998.0	0.0		0.0		0.0		998.0	0.0			0.0	0.0	998.0	998.0	0.0		2.0		0.0	-2.0	0.0	0.0	Kho & Patel	true	true	false	true	false	false	1933 ACT, SECT. 4(a)(2) - Sold 100 shares to promoter at formation.
0001213900-19-018729	435 Brannan Street, Suite 100		San Francisco	CA	94107	415-633-9300	Kim Arnone, Esq.	Other	8189745.0	0.0		2131121.0		334103.0		11554159.0	3680895.0			0.0	3680895.0	7873264.0	11554159.0	34205584.0		33617974.0		430320.0	154367.0	0.0	0.0	Moss Adams LLP	true	true	true		true		Qualification of the Offering pursuant to Regulation A (17 C.F.R. ss.230.251 et seq.) on September 28, 2018.
0001213900-19-018688	2885 Sanford Ave SW #41437		Grandville	MI	49418	616-552-9653	William R. Eilers, Esq.	Other	1884.0	259281.0		14500.0		275665.0		275665.0	421823.0			295093.0	806916.0	-531251.0	275665.0	0.0		48895.0		67204.0	-114099.0	0.0	0.0		true	true			true	true	
0001721469-19-000013	1306 MONTE VISTA AVE., NO. 5		UPLAND	CA	91786	909-437-8390	Jack Jmaev - Attry for issuer	Other	998.0	0.0		0.0		0.0		998.0	0.0			0.0	0.0	998.0	998.0	0.0		2.0		0.0	-2.0	0.0	0.0	Kho & Patel	true	true	false	true	false	false	1933 ACT, SECT. 4(a)(2) - Sold 100 shares to promoter at formation.
0001683168-19-003022	11445 E. VIA LINDA, UNIT 2-496		SCOTTSDALE	AZ	85259	480-776-0281	John E. Lux, Esq.	Other	22492.0	0.0		147977.0		0.0		1483992.0	92195.0			365676.0	457871.0	1026121.0	1483992.0	52073.0		373997.0		0.0	-529037.0	-0.02	-0.02		true	true			true		Sections 3(a)(10), 4(a)(1)
0001493152-19-014415	11222 Richmond Avenue, Suite 195		Houston	TX	77082	281-496-9971	Arden Anderson, Esq.	Other	703.0	0.0		0.0		0.0		703.0	3606.0			0.0	17503.0	-16827.0	703.0	0.0		-5112672.0		0.0	-5112672.0	-0.76	-0.76	M&K CPAS, PLLC	true	true		true			Section 4(a)(2)
0001469709-19-000144	18716 East Old Beau Trail		Quartz Creek	AZ	85142	760-582-5115	ANDREW COLDICUTT	Other	155316.0	0.0		34371.0		5567.0		260750.0	87547.0			375000.0	462547.0	-201797.0	260750.0	149035.0		-373487.0		0.0	-370182.0	0.0	0.0		true	true		true			Section 4(2)
0001144204-19-045512	8901 E. Mountain View Rd, Ste 150		Scottsdale	AZ	85258	480-295-7600	Thomas Poletti, Brian S. Korn	Other	5954795.0	0.0		1439382.0		171943086.0		172134797.0	22154703.0			117489726.0	164671778.0	3621085.0	172134797.0	70672140.0		71593143.0		9025829.0	-2992701.0	-0.13	-0.13	Marcum LLP	true	true		true			"All securities issued pursuant to safe harbor of R. 506(b) of Reg D of Sec. Act of 1933, as amended, or other available exemptions such as Section 4(a)(2) or R. 701. All investors certified ""accredited investor"" status through income & net worth test."
0000806171-19-000070	11705 Willake Street		Santa Fe Springs	CA	90670	323-489-8119	Joseph Collins	Other	0.0	0.0		0.0		0.0		0.0	0.0			0.0	0.0	0.0	0.0	0.0		0.0		0.0	0.0	0.0	0.0	Ira Viener CPA	true	true		true		true	
0001731122-19-000555	223 W. B Street.,		Colton	CA	92324	951-549-9490	Elaine Dowling, Esq.	Other	510333.0	0.0		810584.0		684034.0		3542620.0	465873.0			568547.0	1034420.0	2508200.0	3542620.0	695346.0		197193.0		0.0	680347.0	-0.01	-0.01	OLAYINKA OYEBOLA & CO.	true	true			true		Exchange Dividend 3(a)(9) and 4(a)
0001144204-19-045488	6540 LUSK BLVD C240		SAN DIEGO	CA	92121	619-344-0291	Jamie Ostrow	Other	0.0	0.0		0.0		0.0		0.0	27500.0			0.0	31948.0	-4448.0	0.0	0.0		0.0		0.0	0.0	0.0	0.0	PKF, LLP	true	true		true		true	
0001213900-19-018517	228	Park Avenue South #67157	New York	NY	10003	844-736-7531	Paul Birkett	Other	0.0	0.0		0.0		0.0		32046.0	34046.0			0.0	34046.0	-2000.0	32046.0	0.0		0.0		0.0	-2000.0	0.0	0.0	Artesian CPA, LLC	true	true		true		true	
0001683168-19-002996	228 North Pinellas Avenue		Tarpon Springs	FL	34689	727-743-6008	John E.Lux, Esq.	Other	10791.0	0.0		0.0		356827.0		833686.0	1808583.0			0.0	1808583.0	-974897.0	833686.0	7242.0		358871.0		35369.0	-380304.0	0.0	0.0	Brian K. White, CPA	true	true		true			Securities Act Section 4(2)
0001477932-19-005471	1621 Central Avenue		Cheyenne	WY	82001	612-615-9334	Jonathan Leinwand	Other	567001.0	0.0		648449.0		400310.0		2657310.0	3219.0			0.0	218348.0	2438962.0	2657310.0	676613.0		280651.0		6099.0	301065.0	0.0	0.0		true	true	false	true		false	The shares were issued pursuant to Section 3(a)(9) of the Securities Act as they were the result of the conversion of a convertible note, and thus were the exchange of a security without any additional consideration.
0001140361-19-017021	604 MARKET STREET		ST. AUGUSTINE	FL	32095	800-350-8061	Ira Levine	Other	0.0	0.0		0.0		0.0		0.0	0.0			0.0	0.0	0.0	0.0	0.0		0.0		0.0	0.0	0.0	0.0		true	true	false	true	false	true	
0001144204-19-045346	75 Fifth Street, NW	Suite 2170	ATLANTA	GA	30308	404-850-9225	Nick Bhargava	Other	1069392.0	0.0		41067181.0		813104.0		43013583.0	35584837.0			0.0	45864289.0	-2850706.0	43013583.0	2889961.0		-423776.0		375365.0	-6100655.0	-2.0	-2.0	Hughes Pittman & Gupton LLP	true	true		true			Regulation A, Rule 506 of Regulation D, and Rule 506 of Regulation D, respectively.
0001144204-19-045341	5340 Alla Road	Suite 105	Los Angeles	CA	90066	855-282-5829	Jeanne Campanelli	Other	1903085.0	0.0		1155828.0		1052033.0		15231652.0	10535812.0			4910000.0	16633000.0	-1401348.0	15231652.0	40626034.0		23649224.0		605325.0	-1159149.0	-0.02	-0.02	Squar Milner LLP	true	true			true		Regulation D Rule 506(b)
0001144204-19-045241	75 Fifth Street, NW	Suite 2170	ATLANTA	GA	30308	404-850-9225	Nick Bhargava	Other	1069392.0	0.0		41067181.0		813104.0		43013583.0	35584837.0			0.0	45864289.0	-2850706.0	43013583.0	2889961.0		-423776.0		375365.0	-6100655.0	-2.0	-2.0	Hughes Pittman & Gupton LLP	true	true		true			Regulation A, Rule 506 of Regulation D, and Rule 506 of Regulation D, respectively.
0001766914-19-000005	572 BRECKENRIDGE WAY		BEAVERCREEK	OH	45430	9374100041	Kendall Almerico	Other	222616.0	0.0		183954.0		0.0		406579.0	386492.0			0.0	386492.0	20087.0	406579.0	450.0		85567.0		0.0	-85117.0	-0.01	-0.01	Clark Schaefer Hackett	true	true	false	false	false	true	
0001144204-19-045090	537 S. BROADWAY	FLOOR 6	LOS ANGELES	CA	90013	888-246-7163	Andrew Stephenson, Esq.	Other	584481.0	0.0		0.0		113630.0		2244929.0	1506487.0			0.0	5971106.0	-3726177.0	2244929.0	3777493.0		2121161.0		26346.0	-4725533.0	-0.46	-0.46	dbbmckennon	true	true			true		N/A
0001477932-19-005447	29465 Ridgeline Court		Temecula	CA	92590	805-236-2647	Jillian Sidoti, Esq.	Other	0.0	0.0		0.0		0.0		20000.0	0.0			0.0	20000.0	0.0	20000.0	0.0		0.0		0.0	0.0	0.0	0.0	IndigoSpire CPA Group	true	true	false	true		false	Such interests were issued in exchange for cash, services, including company management, and services related to this Offering.
0001654954-19-010788	257 East Main Street, Suite 200		Barrington	IL	60010	847-277-9930	Matt Leiter	Other	0.0	0.0		0.0		0.0		0.0	0.0			0.0	0.0	0.0	0.0	0.0		0.0		0.0	0.0	0.0	0.0	Cherry Bekaert LLP	true	true		true		false	All of our outstanding Class A Units were issued to affiliates, officers and employees of our manager upon formation of our company, and in reliance upon the private offering exemption under Section 4(a)(2) of the Securities Act.
0001778052-19-000012	333 N LANTANA ST SUITE # 126		CAMARILLO	CA	93010	4243463102	Leon Holiday	Other	25776.0	0.0		0.0		9528.0		35304.0	3290.0			0.0	33190.0	2114.0	35304.0	7275.0		81617.0		4345.0	9202.0	0.58	0.42		true	true	false	false	true	false	Section 4(a)(2) of the Securities Act of 1933 and Section 506 of Regulation D.
0001144204-19-044726	2224 OLD MIDDLEFIELD WAY		MOUNTAIN VIEW	CA	94043	650-386-5761	Jeanne Campanelli	Other	4253065.0	0.0		356316.0		383553.0		5681761.0	589495.0			0.0	589495.0	5092266.0	5681761.0	4743075.0		-4108233.0		30945.0	-3000901.0	-0.53	-0.53	Fruci & Associates II, PLLC	true	true			true		Regulation D for SAFE agreements and Regulation A under the Securities Act for Series A Preferred Stock.
0001683168-19-002933	2375 E. Tropicana Avenue	Suite 8-259	LAS VEGAS	NV	89119	877-807-8880	John E. Lux, Esq.	Other	2852.0	0.0		88425.0		0.0		1070255.0	527493.0			0.0	997178.0	73077.0	1070255.0	0.0		0.0		0.0	-61267.0	0.0	0.0		true	true		true			Rule 144, Section 4(2)
0001768126-19-000012	250 LAFAYETTE STREET	3R	NEW YORK	NY	10012	3479528058	Max Niederste-Ostholt	Other	0.0	0.0		0.0		0.0		0.0	0.0			0.0	0.0	0.0	0.0	0.0		0.0		0.0	0.0	0.0	0.0	EisnerAmper LLP	true	true	false	true	false	true	
0001144204-19-044606	2224 OLD MIDDLEFIELD WAY		MOUNTAIN VIEW	CA	94043	650-386-5761	Jeanne Campanelli	Other	4253065.0	0.0		356316.0		383553.0		5681761.0	589495.0			0.0	589495.0	5092266.0	5681761.0	4743075.0		-4108233.0		30945.0	-3000901.0	-0.53	-0.53	Fruci & Associates II, PLLC	true	true			true		Regulation D for SAFE agreements and Regulation A under the Securities Act for Series A Preferred Stock.
0001780914-19-000002	1300 Quail Street Suite 100		Newport Beach	CA	92660	9498330222	Kendall Almerico	Other	61899.0	0.0		23067.0		52904.0		1767635.0	162989.0			0.0	2482952.0	-715317.0	1767635.0	30525.0		72164.0		0.0	-715317.0	-0.03	-0.03	Artesian CPA, LLC	true	true	false	true	false	true	
0001144204-19-044535	c/o XTI Aircraft Company	2209 Green Oaks Lane	Greenwood Village	CO	80121	303-503-5660	Andrew Stephenson	Other	556847.0	0.0		0.0		0.0		848970.0	1001673.0			1806929.0	3354249.0	-2505279.0	848970.0	0.0		0.0		0.0	-3798753.0	-0.1	-0.1	Artesian CPA, LLC	true	true			true		Regulation A of the Securities Act of 1933 and Section 4(a)(2) of the Securities Act
0001663577-19-000362	100 Challanger Road	8th Floor	Ridgefield Park	NJ	07660	646-201-5242	Max Khan	Other	0.0	0.0		0.0		0.0		75000.0	53811.0			0.0	147931.0	-72931.0	75000.0	3302.0		2254.0		0.0	-8323311.0	0.1	0.1		true	true		true			Section 4a(2) and Rule 506 of Regulation D
0001477932-19-005360	550 West Baseline Rd.	Suite 102-199	Mesa	AZ	85210	888-693-8733	Shelly Befumo	Other	163697.0	0.0		5014.0		39742.0		208453.0	18653.0			0.0	18653.0	189800.0	208453.0	0.0		78374.0		0.0	-78374.0	-0.31	-0.31	dbbmckennon	true	true	false		true	false	Regulation Crowdfunding + Regulation D, * 4(a)(6) of the Securities Act of 1933, * 4(a)(2) of the Securities Act of 1933
0001213900-19-017786	2885 Sanford Ave SW #41437		Grandville	MI	49418	616-552-9653	William R. Eilers, Esq.	Other	1884.0	259281.0		14500.0		275665.0		275665.0	421823.0			295093.0	806916.0	-531251.0	275665.0	0.0		48895.0		67204.0	-114099.0	0.0	0.0		true	true			true	true	
0001213900-19-017771	435 Brannan Street, Suite 100		San Francisco	CA	94107	415-633-9300	Kim Arnone, Esq.	Other	8189745.0	0.0		2131121.0		334103.0		11554159.0	3680895.0			0.0	3680895.0	7873264.0	11554159.0	34205584.0		33617974.0		430320.0	154367.0	0.0	0.0	Moss Adams LLP	true	true	true		true		Qualification of the Offering pursuant to Regulation A (17 C.F.R. ss.230.251 et seq.) on September 28, 2018.
0001213900-19-017713	1732 1st Avenue #25955		New York	NY	10128	347-464-7532	William R. Eilers, Esq.	Other	0.0	0.0		2653.0		17237.0		19890.0	1480256.0			0.0	2225646.0	-2205755.0	19890.0	0.0		127537.0		0.0	-38938.0	0.0	0.0		true	true			true		Section 4(a)(2) and Regulation D
0001144204-19-044195	2900 SW 28th Terrace	Suite 202	Miami	FL	33133	786-235-9130	James Dodrill	Other	200.0	0.0		0.0		0.0		200.0	0.0			0.0	0.0	200.0	200.0	0.0		0.0		0.0	0.0	0.0	0.0	Templeton & Company Certified Public Accountants and Consultants	true	true		true			4(2) - issuance to founder of issuer.
0001144204-19-044154	53 BRIDGE STREET UNIT 507		BROOKLYN	NY	11251	718-576-3205	Andrew Stephenson	Other	922108.0	0.0		0.0		0.0		1184254.0	423280.0			223000.0	2575280.0	-1391026.0	1184254.0	0.0		0.0		30957.0	-712268.0	-6.890000000000001	-6.890000000000001	Fruci and Associates II, PLLC	true	true			true		Rule 506(c) of Regulation D and Section 4(a)(2), respectively
0001350455-19-000009	5401 OLD NATIONAL HIGHWAY #419	C/O MICHAEL L GILMORE	ATLANTA	GA	30349	601-582-1851	Michael Gilmore	Other	0.0	0.0		0.0		0.0		0.0	0.0			0.0	0.0	0.0	0.0	0.0		0.0		0.0	0.0	1.0	1.0	Michael Gilmore is still searching for auditors after being turned down by many with no valid legal reasons given.	true	true	false	true	false	true	
0001493152-19-013853	719 JADWIN AVENUE		RICHLAND	WA	99352	509-736-4000	Daniel W. Rumsey	Other	8502.0	0.0		0.0		0.0		48287.0	939093.0			340774.0	1279867.0	-1231580.0	48287.0	0.0		0.0		0.0	-436687.0	0.0	0.0	Fruci & Associates II, PLLC	true	true		true			4(a)(2) and/or 3(a)(9) of 1933 Act
0001144204-19-043857	5340 Alla Road	Suite 105	Los Angeles	CA	90066	855-282-5829	Jeanne Campanelli	Other	1903085.0	0.0		1155828.0		1052033.0		15231652.0	10535812.0			4910000.0	16633000.0	-1401348.0	15231652.0	40626034.0		23649224.0		605325.0	-1159149.0	-0.02	-0.02	Squar Milner LLP	true	true			true		Regulation D Rule 506(b)
0001144204-19-043855	75 Fifth Street, NW	Suite 2170	ATLANTA	GA	30308	404-850-9225	Nick Bhargava	Other	1069392.0	0.0		41067181.0		813104.0		43013583.0	35584837.0			0.0	45864289.0	-2850706.0	43013583.0	2889961.0		-423776.0		375365.0	-6100655.0	-2.0	-2.0	Hughes Pittman & Gupton LLP	true	true		true			Regulation A, Rule 506 of Regulation D, and Rule 506 of Regulation D, respectively.
0001144204-19-043601	11 Dupont Circle NW	9th Fl	Washington	DC	20036	202-584-0550	Bjorn J. Hall	Other	4064000.0	0.0		27593000.0		0.0		52574000.0	75000.0			0.0	3298000.0	49276000.0	52574000.0	2542000.0		560000.0		0.0	1982000.0	0.46	0.46	RSM US LLP	true	true		true		true	
0001144204-19-043605	11 Dupont Circle NW	9th Fl	WASHINGTON	DC	20036	202-584-0550	Benjamin S. Miller	Other	327000.0	0.0		35013000.0		0.0		48510000.0	91000.0			0.0	2157000.0	46353000.0	48510000.0	681000.0		572000.0		0.0	94000.0	0.02	0.02	RSM US LLP	true	true		true		true	
0001493152-19-013748	662 N. Sepulveda Blvd., Suite 300		Los Angeles	CA	90049	310-648-8410	Andrew Stephenson	Other	491974.0	0.0		188958.0		83326.0		1462217.0	2845911.0			128673.0	6771710.0	-5309493.0	1462217.0	6092615.0		5122638.0		24350.0	-582389.0	-0.01	-0.01	MaughanSullivan LLC	true	true			true		Section 4(a)(2)
0001144204-19-043603	11 Dupont Circle NW	9th Fl	Washington	DC	20036	202-584-0550	Bjorn J. Hall	Other	6511000.0	0.0		41089000.0		0.0		54586000.0	71000.0			0.0	2339000.0	52247000.0	54586000.0	2380000.0		552000.0		0.0	1828000.0	0.41000000000000003	0.41000000000000003	RSM US LLP	true	true		true		true	
0001214659-19-005675	189 South Orange Ave	Suite 1650	Orlando	FL	32801	4072066577	William Johnston	Other	50000.0	0.0		0.0		0.0		50000.0	0.0			0.0	0.0	50000.0	50000.0	0.0		0.0		0.0	0.0	0.0	0.0	Grennan Fender Hess & Poparad LLP	true	true			true		Rule 506 of Regulation D
0001144204-19-043582	53 BRIDGE STREET UNIT 507		BROOKLYN	NY	11251	718-576-3205	Andrew Stephenson	Other	922108.0	0.0		0.0		0.0		1184254.0	423280.0			223000.0	2575280.0	-1391026.0	1184254.0	0.0		0.0		30957.0	-712268.0	-6.890000000000001	-6.890000000000001	Fruci and Associates II, PLLC	true	true			true		Rule 506(c) of Regulation D and Section 4(a)(2), respectively
0001683168-19-002835	4522 West Village Drive	Suite 215	Tampa	FL	33624	813-961-3051	Brian Higley, Esq.	Other	27579.0	0.0		65416.0		55065.0		347365.0	109627.0			14000.0	198627.0	148738.0	347365.0	346688.0		251550.0		12951.0	-133811.0	0.0	0.0	Accell Audit and Compliance, PA	true	true			true		Exempt from registration under Section 4(a)(2) Securities Act and Rules promulgated thereunder.
0001213900-19-017240	228 Park Avenue South #67157		New York	NY	10003	844-736-7531	Paul Birkett	Other	0.0	0.0		0.0		0.0		32046.0	34046.0			0.0	34046.0	-2000.0	32046.0	0.0		0.0		0.0	-2000.0	0.0	0.0	Artesian CPA, LLC	true	true		true		true	
0001019056-19-000510	120 WALL STREET	25TH FLOOR	NEW YORK	NY	10005	212-269-1400	Andrew Russell	Other	4206734.0	0.0		0.0		11950.0		13286535.0	25000.0			0.0	7473700.0	5812835.0	13286535.0	0.0		0.0		3991.0	-1066378.0	0.0	0.0	Friedman LLP	true	true		true			Securities Act Section 4(a)(2)
0001683168-19-002832	535 FIFTH AVE, 4TH FL.		NEW YORK	NY	10017	845-536-4861	Vince Sykes, Esq.	Other	23786.0	0.0		71448.0		36127.0		245691.0	258529.0			0.0	1155028.0	-909337.0	245691.0	748676.0		383703.0		10544.0	60265.0	0.0	0.0		true	true		true		true	
0001754259-19-000003	8400 EAST PRENTICE AVNUE	SUITE 1360	GREENWOOD VILLAGE	CO	80111	9202070100	Mark Thatcher	Other	21630.0	0.0		0.0		0.0		599007.0	577337.0			0.0	577337.0	11307.0	599007.0	0.0		118762.0		0.0	0.0	0.0	0.0		true	true	false	true	false	true	
0001019056-19-000508	120 WALL STREET	25TH FLOOR	NEW YORK	NY	10005	212-269-1400	Andrew Russell	Other	4206734.0	0.0		0.0		11950.0		13286535.0	25000.0			0.0	7473700.0	5812835.0	13286535.0	0.0		0.0		3991.0	-1066378.0	0.0	0.0	Friedman LLP	true	true		true			Securities Act Section 4(a)(2)
0001144204-19-043144	75 Fifth Street, NW	Suite 2170	ATLANTA	GA	30308	404-850-9225	Nick Bhargava	Other	1069392.0	0.0		41067181.0		813104.0		43013583.0	35584837.0			0.0	45864289.0	-2850706.0	43013583.0	2889961.0		-423776.0		375365.0	-6100655.0	-2.0	-2.0	Hughes Pittman & Gupton LLP	true	true		true			Regulation A, Rule 506 of Regulation D, and Rule 506 of Regulation D, respectively.
0001775730-19-000002	401 S Boston Ave	Suite 500	Tulsa	OK	74105	888-886-8583	Ron Brewer	Other	1200.0	11811.0		153903.0		105000.0		271914.0	143500.0			255750.0	399250.0	-127336.0	271914.0	195332.0		1015.0		0.0	-65346.0	-0.04	-0.04		true	true	false	true	false	false	4(a)(2) of the Securities Act for transactions not involving any public offering.
0001786960-19-000001	1350 NE 125 STREET	Suite 201C	North Miami	FL	33161	5612107553	Hamon Fytton	Other	6500.0	0.0		13500.0		0.0		6500.0	0.0			0.0	13500.0	5000.0	6500.0	0.0		13500.0		0.0	-13500.0	0.0	0.0	H. Francis Fytton	true	true	false	false	true	false	Section 4 (2) of the Act
0001213900-19-017046	321 Sixth Street		San Antonio	TX	78215	805-964-3313	Gregory A. Sichenzia	Other	116312.0	0.0		1002456.0		138739.0		9840759.0	2385275.0			224257.0	5663317.0	4177442.0	9840759.0	11756828.0		0.0		1017262.0	-2870013.0	-0.02	-0.02	M&K CPAS, PLLC	true	true			true		These securities were sold in reliance upon the exemption provided by Section 4(a)(2) of the Securities Act and the safe harbor of Rule 506 under Regulation D promulgated under the Securities Act. Section 4(a)(2).
0001144204-19-043041	11 Dupont Circle NW	9th FL	WASHINGTON	DC	20036	202-584-0550	Bjorn Hall	Other	5000.0	0.0		0.0		0.0		5000.0	0.0			0.0	0.0	5000.0	5000.0	0.0		0.0		0.0	0.0	0.0	0.0	RSM US LLP	true	true		true			Rise Companies Corp. has purchased 500 common shares for a purchase price of $5,000 in a private offering. Such issuance was exempt from the registration requirements of the Securities Act pursuant to Section 4(a)(2) thereof.
0001144204-19-043038	11 Dupont Circle NW	9th FL	WASHINGTON	DC	20036	202-584-0550	Bjorn Hall	Other	5000.0	0.0		0.0		0.0		5000.0	0.0			0.0	0.0	5000.0	5000.0	0.0		0.0		0.0	0.0	0.0	0.0	RSM US LLP	true	true		true			Rise Companies Corp. has purchased 500 common shares for a purchase price of $5,000 in a private offering. Such issuance was exempt from the registration requirements of the Securities Act pursuant to Section 4(a)(2) thereof.
0001477932-19-005246	6350 W. Cheyenne Ave.		Las Vegas	NV	89108	877-843-5852	Bryan Clark, Esq.	Other	59980.0	0.0		0.0		0.0		61444.0	10000.0			0.0	10000.0	51444.0	61444.0	0.0		8556.0		0.0	8556.0	-0.01	-0.01	Hall & Company Certified Public Accountants & Consultants, Inc.	true	true	false	true		false	Regulation D, Rule 506(b)
0001654954-19-010193	625 Kenmoor Avenue SE, Suite 211		Grand Rapids	MI	49546	616-734-6099	Rhys James	Other	0.0	0.0		0.0		0.0		0.0	0.0			0.0	0.0	0.0	0.0	0.0		0.0		0.0	0.0	0.0	0.0	UHY LLP	true	true	false	false	false	false	Red Oak Capital Fund III, LLC relied on the private placement exemption in Section(4)(a)(2) of the Securities Act for the issuance of LLC interests to its sole member. There was no public solicitation.
0001688804-19-000017	250 Lafayette Street	3R	NEW YORK	NY	10012	3479528058	Max Niederste-Ostholt	Other	56787.0	0.0		2306.0		5384780.0		5443873.0	1212.0			2568883.0	2660095.0	2783778.0	5443873.0	0.0		64654.0		0.0	-64654.0	0.0	0.0	EisnerAmper LLP	true	true	false	true	false	false	Rule 506(c) - sale to verified accredited investors of interests in Series #77LE1
0001683168-19-002771	250 W. FIRST ST., STE. 256		CLAREMONT	CA	91711	909-740-9175	Michael Behrens	Other	0.0	0.0		47407.0		206105.0		253512.0	55851.0			15606.0	71457.0	182055.0	253512.0	36888.0		70998.0		40286.0	-159165.0	0.0	0.0	IndigoSpire CPA Group, LLC	true	true		true			Issuer has relied on Rule 147A, promulgated under Section 28 of the Securities Act, for intrastate offerings in California, Rule 506(c) or Regulation A, respectively, for such offerings.
0001144204-19-042113	c/o XTI Aircraft Company	2209 Green Oaks Lane	Greenwood Village	CO	80121	303-503-5660	Sara Hanks	Other	556847.0	0.0		0.0		0.0		848970.0	1001673.0			1806929.0	3354249.0	-2505279.0	848970.0	0.0		0.0		0.0	-3798753.0	-0.1	-0.1	Artesian CPA, LLC	true	true			true		Regulation A of the Securities Act of 1933 and Section 4(a)(2) of the Securities Act
0001477932-19-005226	550 West Baseline Rd.	Suite 102-199	Mesa	AZ	85210	888-693-8733	Shelly Befumo	Other	163697.0	0.0		5014.0		39742.0		208453.0	18653.0			0.0	18653.0	189800.0	208453.0	0.0		78374.0		0.0	-78374.0	-0.31	-0.31	dbbmckennon	true	true	false		true	false	Regulation Crowdfunding + Regulation D, * 4(a)(6) of the Securities Act of 1933, * 4(a)(2) of the Securities Act of 1933
0001477932-19-005221	411 Eastgate road, Suite A		Henderson	NV	89001	702-572-8050	William R. Eilers, Esq	Other	220.0	0.0		1324.0		0.0		1544.0	156424.0			0.0	1496925.0	-1495381.0	1544.0	0.0		0.0		0.0	2797656.0	0.02	0.01		true	true	false		true	false	Sections 4(a)(2) and 3(a)(10) of the Securities Act.  Rule 506(b) of Regulation D of the Securities Act.
0001477932-19-005200	411 Eastgate road, Suite A		Henderson	NV	89001	702-572-8050	William R. Eilers, Esq	Other	220.0	0.0		1324.0		0.0		1544.0	156424.0			0.0	1496925.0	-1495381.0	1544.0	0.0		0.0		0.0	2797656.0	0.02	0.01		true	true	false		true	false	Sections 4(a)(2) and 3(a)(10) of the Securities Act.  Rule 506(b) of Regulation D of the Securities Act.
0001766914-19-000004	572 BRECKENRIDGE WAY		BEAVERCREEK	OH	45430	9374100041	Kendall Almerico	Other	222616.0	0.0		183954.0		0.0		406579.0	386492.0			0.0	386492.0	20087.0	406579.0	450.0		85567.0		0.0	-85117.0	-0.01	-0.01	Clark Schaefer Hackett	true	true	false	false	false	true	
0001144204-19-041730	1438 9th Street		Santa Monica	CA	90401	818-522-7480	Andrew Stephenson, Esq.	Other	46250.0	0.0		257685.0		0.0		303935.0	0.0			0.0	0.0	303935.0	303935.0	0.0		0.0		0.0	-9602.0	0.0	0.0	Artesian CPA	true	true			true	true	
0001742808-19-000005	56 PINE STREET	7TH FLOOR	PROVIDENCE	RI	02903	4012725800	MARK THATCHER	Other	52733.0	0.0		88250.0		0.0		50173372.0	0.0			0.0	1790000.0	48383372.0	50173372.0	569835.0		252837.0		0.0	35757.0	10.03	8.36	UMBRA Technologies (US) Inc.	true	true	true	true	false	true	
0001477932-19-005178	9755 SW Barnes Road	Suite 420	Portland	OR	97225	503-225-0300	Gregory E. Struxness	Other	588576.0	0.0		68022052.0		9730174.0		78340802.0	0.0			0.0	58016690.0	20324112.0	78340802.0	10929075.0		8027412.0		0.0	2880986.0	0.14	0.14	Armanino LLP	true	true	false	true		false	All securities issued pursuant to the exemption provided by Rule 506(b) of Regulation D under the Securities Act of 1933, as amended.
0001213900-19-016675	2885 Sanford Ave SW #41437		Grandville	MI	49418	616-552-9653	William R. Eilers, Esq.	Other	1884.0	259281.0		14500.0		275665.0		275665.0	421823.0			295093.0	806916.0	-531251.0	275665.0	0.0		48895.0		67204.0	-114099.0	0.0	0.0		true	true			true	true	
0000806171-19-000063	11705 Willake Street		Santa Fe Springs	CA	90670	323-489-8119	Joseph Collins	Other	0.0	0.0		0.0		0.0		870175.0	0.0			0.0	0.0	914389.0	870175.0	0.0		0.0		0.0	0.0	0.0	0.0	Ira Viener CPA	true	true		true		true	
0001477932-19-005137	590 Madison Avenue	21st Floor	New York	NY	10022	212-521-4052	Ellery R. Roberts	Other	317836.0	0.0		2587894.0		4012365.0		19468767.0	4051714.0			7951190.0	22956660.0	-3487893.0	19468767.0	13020584.0		9545726.0		688086.0	-1193530.0	-0.38	-0.38	Sadler, Gibb & Associates, LLC	true	true	false		true	false	The transaction was exempt from the registration requirements of Section 5 of the Securities Act as it was a transaction not involving a public offering.
0001477932-19-005133	7950 NW 53rd Street	Suite 337	Miami	FL	33166	410-733-6551	Frederick M. Lehrer, Esq.	Other	0.0	0.0		0.0		0.0		0.0	716665.0			0.0	716665.0	-716665.0	0.0	0.0		73721.0		0.0	-73721.0	0.0	0.0		true	true	true	true		true	
0001654954-19-009937	136 Main Street		Pineville	NC	28134	980-273-1702	Michael Z. Anise	Other	1358522.0	0.0		19000.0		17577416.0		18323081.0	110368.0			17691387.0	18303741.0	-1468590.0	18323081.0	1184576.0		430935.0		292247.0	-1073580.0	0.09	0.09	Liggett & Webb, P.A.	true	true		false	true	false	Rule 506 of Regulation D of the Securities Act of 1933, as amended
0001214659-19-005420	Room 4980, 304 S. Jones Blvd		Las Vegas	NV	89107	5043561292	Haoquan Addison Lin	Other	110.96000000000001	0.0		0.0		253.0		363.96	0.0			0.0	0.0	363.96	363.96	0.0		0.0		0.0	0.0	0.0	0.0		true	true			true	true	
0001144204-19-041179	2738 FALKENBURG ROAD SOUTH		RIVERVIEW	FL	33578	813-621-5000	Jamie Ostrow	Other	160.0	0.0		0.0		0.0		22062.0	0.0			0.0	269855.0	247793.0	22062.0	0.0		247953.0		0.0	-247953.0	0.0	0.0	IndigoSpires CPA Group, LLC	true	true			true		Section 4(a)(2) of the Securities Act
0001778052-19-000011	333 N LANTANA ST SUITE # 126		CAMARILLO	CA	93010	4243463102	Leon Holiday	Other	25776.0	0.0		0.0		9528.0		35304.0	3290.0			0.0	33190.0	2114.0	35304.0	7275.0		81617.0		4345.0	9202.0	0.58	0.42		true	true	false	false	true	false	Section 4(a)(2) of the Securities Act of 1933 and Section 506 of Regulation D.
0001477932-19-005108	29465 Ridgeline Court		Temecula	CA	92590	805-236-2647	Jillian Sidoti, Esq.	Other	0.0	0.0		0.0		0.0		20000.0	0.0			0.0	20000.0	0.0	20000.0	0.0		0.0		0.0	0.0	0.0	0.0	IndigoSpire CPA Group	true	true	false	true		false	Such interests were issued in exchange for cash, services, including company management, and services related to this Offering.
0001683168-19-002740	2375 E. Tropicana Avenue	Suite 8-259	LAS VEGAS	NV	89119	877-807-8880	John E. Lux, Esq.	Other	2852.0	0.0		88425.0		0.0		1070255.0	527493.0			0.0	997178.0	73077.0	1070255.0	0.0		0.0		0.0	-61267.0	0.0	0.0		true	true		true			Rule 144, Section 4(2)
0001144204-19-040903	75 Fifth Street, NW	Suite 2170	ATLANTA	GA	30308	404-850-9225	Nick Bhargava	Other	1069392.0	0.0		41067181.0		813104.0		43013583.0	35584837.0			0.0	45864289.0	-2850706.0	43013583.0	2889961.0		-423776.0		375365.0	-6100655.0	-2.0	-2.0	Hughes Pittman & Gupton LLP	true	true		true			Regulation A, Rule 506 of Regulation D, and Rule 506 of Regulation D, respectively.
0001144204-19-040711	2738 FALKENBURG ROAD SOUTH		RIVERVIEW	FL	33578	813-621-5000	Jamie Ostrow	Other	160.0	0.0		0.0		0.0		12660.0	0.0			0.0	169875.0	-157375.0	12660.0	0.0		0.0		0.0	-157375.0	0.0	0.0	IndigoSpires CPA Group, LLC	true	true			true		Section 4(a)(2) of the Securities Act
0001144204-19-040653	2738 FALKENBURG RD. S.		RIVERVIEW	FL	33578	813-621-5000	Jamie Ostrow	Other	180.0	0.0		0.0		0.0		6513.0	143514.0			0.0	143514.0	-137181.0	6513.0	0.0		0.0		0.0	0.0	0.0	0.0	IndigoSpires CPA Group, LLC	true	true			true		Section 4(a)(2) of the Securities Act
0001144204-19-040650	2738 FALKENBURG RD. S.		RIVERVIEW	FL	33578	813-621-5000	Jamie Ostrow	Other	180.0	0.0		0.0		0.0		6513.0	143514.0			0.0	143514.0	-137181.0	6513.0	0.0		0.0		0.0	0.0	0.0	0.0	IndigoSpires CPA Group, LLC	true	true			true		Section 4(a)(2) of the Securities Act
0001683168-19-002692	5020 Campus Drive		Newport Beach	CA	92660	949-296-7004	John E. Lux, Esq.	Other	158167.0	0.0		53369.0		0.0		6321533.0	978631.0			2168039.0	3146670.0	3174836.0	6321533.0	43369.0		0.0		0.0	-327394.0	0.0	0.0		true	true		true			Exempt from registration under Section 4(2) Securities Act and Rules promulgated thereunder.
0001144204-19-040648	2738 FALKENBURG RD. S.		RIVERVIEW	FL	33578	813-621-5000	Jamie Ostrow	Other	180.0	0.0		0.0		0.0		6513.0	143514.0			0.0	143514.0	-137181.0	6513.0	0.0		0.0		0.0	0.0	0.0	0.0	IndigoSpires CPA Group, LLC	true	true			true		Section 4(a)(2) of the Securities Act
0001144204-19-040645	2738 FALKENBURG RD. S.		RIVERVIEW	FL	33578	813-621-5000	Jamie Ostrow	Other	180.0	0.0		0.0		0.0		6513.0	143514.0			0.0	143514.0	-137181.0	6513.0	0.0		0.0		0.0	0.0	0.0	0.0	IndigoSpires CPA Group, LLC	true	true			true		Section 4(a)(2) of the Securities Act
0001144204-19-040644	2738 FALKENBURG RD. S.		RIVERVIEW	FL	33578	813-621-5000	Jamie Ostrow	Other	180.0	0.0		0.0		0.0		6513.0	143514.0			0.0	143514.0	-137181.0	6513.0	0.0		0.0		0.0	0.0	0.0	0.0	IndigoSpires CPA Group, LLC	true	true			true		Section 4(a)(2) of the Securities Act
0001520138-19-000302	Wellsburg Street #7		Cole Bay	P8	00000	949-264-1475	William R. Eilers, Esq.	Other	223.0	0.0		0.0		0.0		223.0	1008312.0			133696.0	1142009.0	-1141786.0	223.0	146788.0		17656.0		17656.0	-164444.0	0.0	0.0		true	true		true			Section 4(a)(2) and Rule 506 of Regulation D
0001768126-19-000011	250 LAFAYETTE STREET	3R	NEW YORK	NY	10012	3479528058	Max Niederste-Ostholt	Other	0.0	0.0		0.0		0.0		0.0	0.0			0.0	0.0	0.0	0.0	0.0		0.0		0.0	0.0	0.0	0.0	EisnerAmper LLP	true	true	false	true	false	true	
0001144204-19-040575	8901 E. Mountain View Rd, Ste 150		Scottsdale	AZ	85258	480-295-7600	Thomas Poletti, Brian S. Korn	Other	5954795.0	0.0		1439382.0		171943086.0		172134797.0	22154703.0			117489726.0	164671778.0	3621085.0	172134797.0	70672140.0		71593143.0		9025829.0	-2992701.0	-0.13	-0.13	Marcum LLP	true	true		true			"All securities issued pursuant to safe harbor of R. 506(b) of Reg D of Sec. Act of 1933, as amended, or other available exemptions such as Section 4(a)(2) or R. 701. All investors certified ""accredited investor"" status through income & net worth test."
0001264931-19-000177	725 N Hwy A1A	Suite C-106	Jupiter	FL	33477	561-406-2469	Brian S. John	Other	103134.0	0.0		0.0		716.0		169313.0	8538.0			0.0	28538.0	140775.0	169313.0	0.0		73541.0		0.0	-73541.0	-0.01	0.0	M&K CPA's PLLC	true	true		true			Founders shares and private offering pursuant to Rule 506 (b) of Regulation D under the Securities Act.
0001144204-19-040481	53 BRIDGE STREET UNIT 507		BROOKLYN	NY	11251	718-576-3205	Andrew Stephenson	Other	922108.0	0.0		0.0		0.0		1184254.0	423280.0			223000.0	2575280.0	-1391026.0	1184254.0	0.0		0.0		30957.0	-712268.0	-6.890000000000001	-6.890000000000001	Fruci and Associates II, PLLC	true	true			true		Rule 506(c) of Regulation D and Section 4(a)(2), respectively
0001493152-19-012883	497 BROOME STREET		NEW YORK	NY	10013	203-518-5172	LAURA ANTHONY	Other	100.0	0.0		0.0		0.0		100.0	0.0			0.0	0.0	100.0	100.0	0.0		0.0		0.0	0.0	0.0	0.0	Mayer Hoffman McCann, P.C.	true	true			true		The foregoing issuances were pursuant to Section 4(a)(2) of the Securities Act of 1933, as amended, for transactions by an issuer not involving any public offering.
0001144204-19-040474	8901 E. Mountain View Rd, Ste 150		Scottsdale	AZ	85258	480-295-7600	Thomas Poletti, Brian S. Korn	Other	5954795.0	0.0		1439382.0		171943086.0		172134797.0	22154703.0			117489726.0	164671778.0	3621085.0	172134797.0	70672140.0		71593143.0		9025829.0	-2992701.0	-0.13	-0.13	Marcum LLP	true	true		true			"All securities issued pursuant to safe harbor of R. 506(b) of Reg D of Sec. Act of 1933, as amended, or other available exemptions such as Section 4(a)(2) or R. 701. All investors certified ""accredited investor"" status through income & net worth test."
0001144204-19-040467	8901 E. Mountain View Rd, Ste 150		Scottsdale	AZ	85258	480-295-7600	Thomas Poletti, Brian S. Korn	Other	5954795.0	0.0		1439382.0		171943086.0		172134797.0	22154703.0			117489726.0	164671778.0	3621085.0	172134797.0	70672140.0		71593143.0		9025829.0	-2992701.0	-0.13	-0.13	Marcum LLP	true	true		true			"All securities issued pursuant to safe harbor of R. 506(b) of Reg D of Sec. Act of 1933, as amended, or other available exemptions such as Section 4(a)(2) or R. 701. All investors certified ""accredited investor"" status through income & net worth test."
0001493152-19-012896	9720 WILSHIRE BLVD.	SUITE 500	BEVERLY HILLS	CA	90212	310-319-1850	Allen Z. Sussman, Esq.	Other	653000.0	0.0		17570000.0		0.0		57960000.0	5491000.0			15400000.0	52221000.0	5739000.0	57960000.0	18367000.0		14131000.0		358000.0	-1798000.0	-0.16	-0.16	Hutchinson & Bloodgood LLP	true	true			true		Section 4(a)(2) of the Securities Act and Rule 506 promulgated under Regulation D under the Securities Act.
0001594062-19-000073	1500 - 885 WEST GEORGIA STREET		VANCOUVER	A1	V6C 3E8	833-333-5882	Rebecca DiStefano	Other	1.0	0.0		0.0		0.0		1.0	0.0			0.0	0.0	1.0	1.0	0.0		0.0		0.0	0.0	0.0	0.0	Davidson & Company LLP	true	true	false	false	false	false	Section 4(a)(2); Rule 506(b) sales not involving general solicitations; Regulation S sales to non-US persons; RSUS to accredited /sophisticated investors w/ no public offering involved & legend restricting resale.
0001213900-19-016176	2885 Sanford Ave SW #41437		Grandville	MI	49418	616-552-9653	William R. Eilers, Esq.	Other	1884.0	259281.0		14500.0		275665.0		275665.0	421823.0			295093.0	806916.0	-531251.0	275665.0	0.0		48895.0		67204.0	-114099.0	0.0	0.0		true	true			true	true	
0001213900-19-016157	3225 McLeod Drive, Suite 100		Las Vegas	NV	89103	800-351-3021	William R. Eilers, Esq.	Other	127841.0	0.0		15950.0		19481.0		163272.0	681439.0			0.0	4531071.0	-4367799.0	163272.0	4469.0		404525.0		203415.0	-3734415.0	-0.11	-0.11	Michael T. Studer CPA P.C.	true	true		true			Regulation D of Rule 506 of the 1933 Securities Act and Sections 4(a)2 of the 1933 Securities Act.
0001144204-19-040323	75 Fifth Street, NW,	Suite 2170	ATLANTA	GA	30308	404-850-9225	Nick Bhargava	Other	1069392.0	0.0		41067181.0		813104.0		43013583.0	35584837.0			0.0	45864289.0	-2850706.0	43013583.0	2889961.0		-423776.0		375365.0	-6100655.0	-2.0	-2.0	Hughes Pittman & Gupton, LLP	true	true		true			Regulation A, Rule 506 of Regulation D, and Rule 506 of Regulation D, respectively.
0001646269-19-000003	96 GENDER RD		CANAL WINCHESTER	OH	43110	614-400-3077	Kendall Almerico	Other	724963.0	0.0		0.0		39679289.0		42607400.0	4356521.0			0.0	42948675.0	-1288732.0	42607400.0	17298075.0		11000824.0		2517435.0	-2499727.0	-0.39	-0.39	EY	true	true	false	false	false	true	
0001144204-19-040140	2224 OLD MIDDLEFIELD WAY		MOUNTAIN VIEW	CA	94043	650-386-5761	Jeanne Campanelli	Other	4253065.0	0.0		356316.0		383553.0		5681761.0	589495.0			0.0	589495.0	5092266.0	5681761.0	4743075.0		-4108233.0		30945.0	-3000901.0	-0.53	-0.53	Fruci & Associates II, PLLC	true	true			true		Regulation A under the Securities Act
0001144204-19-039714	11 DUPONT CIRCLE NW	9TH FL	WASHINGTON	DC	20009	202-584-0550	Benjamin S. Miller	Other	383000.0	0.0		0.0		0.0		11334000.0	274000.0			0.0	1851000.0	9483000.0	11334000.0	296000.0		420000.0		41000.0	-165000.0	-0.35000000000000003	-0.35000000000000003	RSM US LLP	true	true		true		true	
0001144204-19-039712	11 Dupont Circle, NW	9th Floor	WASHINGTON	DC	20036	202-584-0550	Bjorn Hall	Other	1822000.0	0.0		19776000.0		0.0		85228000.0	109000.0			0.0	3132000.0	82096000.0	85228000.0	1250000.0		942000.0		0.0	308000.0	0.04	0.04	RSM US LLP	true	true		true		true	
0001214659-19-005198	201 Shipyard Way	Suite E	Newport Beach	CA	92663	949-444-5464	Henry Nisser	Other	1283607.0	283988.0		6734559.0		8605306.0		54773791.0	15836780.0			3740076.0	36741354.0	18032195.0	54773791.0	5551651.0		5118313.0		961438.0	-6711026.0	-1.17	-1.17	Marcum LLP	true	true		true			These securities were sold in reliance upon the exemption provided by Section 4(a)(2) of the Securities Act and the safe harbor of Rule 506 under Regulation D promulgated under the Securities Act.
0001493152-19-012272	497 BROOME STREET		NEW YORK	NY	10013	203-518-5172	LAURA ANTHONY	Other	100.0	0.0		0.0		0.0		100.0	0.0			0.0	0.0	100.0	100.0	0.0		0.0		0.0	0.0	0.0	0.0	Mayer Hoffman McCann, P.C.	true	true			true		The foregoing issuances were pursuant to Section 4(a)(2) of the Securities Act of 1933, as amended, for transactions by an issuer not involving any public offering.
0001477932-19-004730	16000 TRADE ZONE AVENUE/UNIT 105		Upper Marlboro	MD	20774	3012184333ex221	Jillian Sidoti, Esq.	Other	66.0	0.0		0.0		0.0		66.0	0.0			0.0	0.0	66.0	66.0	0.0		0.0		0.0	0.0	0.0	0.0		true	true	false	true		true	
0001350455-19-000008	5401 OLD NATIONAL HIGHWAY #419	C/O MICHAEL L GILMORE	ATLANTA	GA	30349	601-582-1851	Michael Gilmore	Other	0.0	0.0		0.0		0.0		0.0	0.0			0.0	0.0	0.0	0.0	0.0		0.0		0.0	0.0	1.0	1.0	Michael Gilmore is still searching for auditors after being turned down by many with no valid legal reasons given.	true	true	false	true	false	true	
0001768126-19-000009	250 LAFAYETTE STREET	3R	NEW YORK	NY	10012	3479528058	Max Niederste-Ostholt	Other	0.0	0.0		0.0		0.0		0.0	0.0			0.0	0.0	0.0	0.0	0.0		0.0		0.0	0.0	0.0	0.0	EisnerAmper LLP	true	true	false	true	false	true	
0001213900-19-015358	9430 Key West Avenue	Suite 100	ROCKVILLE	MD	20850	240-453-6339	Louis A. Bevilacqua, Esq.	Other	3273494.0	0.0		15488.0		60994.0		4105209.0	820542.0			0.0	820542.0	3284667.0	4105209.0	277047.0		217595.0		11689.0	-1463105.0	-0.31	-0.31	dbbmckennon	true	true			true		Regulation A.
0001731122-19-000459	701 E. FRONT AVENUE	FLOOR 2	COEUR D'ALENE	ID	83814	800-971-5988	Kevin Kim Geraci Law Firm	Other	25000.0	0.0		3000.0		0.0		28000.0	3000.0			0.0	3000.0	25000.0	28000.0	0.0		0.0		0.0	0.0	0.0	0.0	Armanino LLP	true	true		true			"Securities offered by Secured Investment High Yield Fund II, LLC (""SIHYF II"") were exempt under Regulation D of the Securities Act of 1933. SIHYF II is not offering any securities as part of this offering."
0001477932-19-004641	318 Half Day Road	Suite 201	Buffalo Grove	IL	60089	224-602-9569	Jillian Sidoti, Esq.	Other	1120693.0	0.0		0.0		0.0		1120693.0	70534.0			850000.0	920534.0	200159.0	1120693.0	0.0		577240.0		0.0	-609963.0	0.0	0.0	IndigoSpire	true	true	false		true	true	
0001213900-19-015198	3225 McLeod Drive, Suite 100		Las Vegas	NV	89103	800-351-3021	William R. Eilers, Esq.	Other	127841.0	0.0		15950.0		19481.0		163272.0	681439.0			0.0	4531071.0	-4367799.0	163272.0	4469.0		404525.0		203415.0	-3734415.0	-0.11	-0.11	Michael T. Studer CPA P.C.	true	true		true			Regulation D of Rule 506 of the 1933 Securities Act and Sections 4(a)2 of the 1933 Securities Act.
0001213900-19-015111	435 Brannan Street, Suite 100		San Francisco	CA	94107	415-633-9300	Kim Arnone, Esq.	Other	8189745.0	0.0		2131121.0		334103.0		11554159.0	3680895.0			0.0	3680895.0	7873264.0	11554159.0	34205584.0		33617974.0		430320.0	154367.0	0.0	0.0	Moss Adams LLP	true	true	true		true		Qualification of the Offering pursuant to Regulation A (17 C.F.R. ss.230.251 et seq.) on September 28, 2018.
0001144204-19-038846	75 Fifth Street, NW,	Suite 2170	ATLANTA	GA	30308	404-850-9225	Nick Bhargava	Other	1069392.0	0.0		41067181.0		813104.0		43013583.0	35584837.0			0.0	45864289.0	-2850706.0	43013583.0	2889961.0		-423776.0		375365.0	-6100655.0	-2.0	-2.0	Hughes Pittman & Gupton, LLP	true	true		true			Regulation A, Rule 506 of Regulation D, and Rule 506 of Regulation D, respectively.
0001683168-19-002515	1401 N. El Camino Real	Suite 203	San Clemente	CA	92672	949-361-3959	William Eilers, Eilers Law	Other	19425.0	0.0		654686.0		0.0		708481.0	782213.0			235878.0	2180311.0	-2702268.0	708481.0	47538.0		123446.0		0.0	-124111.0	0.0	0.0		true	true		true			Rule 506 Reg. D
0001213900-19-015000	1732 1st Avenue #25955		New York	NY	10128	347-464-7532	William R. Eilers, Esq.	Other	0.0	0.0		2653.0		17237.0		19890.0	1480256.0			0.0	2225646.0	-2205755.0	19890.0	0.0		127537.0		0.0	-38938.0	0.0	0.0		true	true			true		Section 4(a)(2) and Regulation D
0001350455-19-000007	5401 OLD NATIONAL HIGHWAY #419	C/O MICHAEL L GILMORE	ATLANTA	GA	30349	601-582-1851	Michael Gilmore	Other	0.0	0.0		0.0		0.0		0.0	0.0			0.0	0.0	0.0	0.0	0.0		0.0		0.0	0.0	1.0	1.0	Michael Gilmore is still searching for auditors after being turned down by many with no valid legal reasons given.	true	true	false	true	false	true	
0001683168-19-002472	6245 N. FEDERAL HIGHWAY	SUITE 504	FORT LAUDERDALE	FL	33308	561-654-5722	John Lux	Other	2537.0	0.0		0.0		265680.0		55206.0	107752.0			1906646.0	2497246.0	-2442040.0	55206.0	395.0		0.0		920.0	-71585.0	0.0	0.0	None	true	true		true			Securities Act Section 4(2)
0001477932-19-004552	411 Eastgate road, Suite A		Henderson	NV	89001	702-572-8050	William R. Eilers, Esq	Other	220.0	0.0		1324.0		0.0		1544.0	156424.0			0.0	1496925.0	-1495381.0	1544.0	0.0		0.0		0.0	2797656.0	0.02	0.01		true	true	false		true	true	
0001683168-19-002456	11445 E. VIA LINDA, UNIT 2-496		SCOTTSDALE	AZ	85259	480-776-0281	John E. Lux, Esq.	Other	22492.0	0.0		147977.0		0.0		1483992.0	92195.0			365676.0	457871.0	1026121.0	1483992.0	52076.0		373997.0		0.0	-529037.0	-0.02	-0.02		true	true			true		Sections 3(a)(10), 4(a)(1)
0001144204-19-038002	1900 Campus Commons Drive	Suite 200	Reston	VA	20191	800-560-1435	Mark Rockefeller	Other	12410180.0	0.0		18863127.0		356547.0		33796158.0	524309.0			325000.0	25889617.0	7906541.0	33796158.0	1888660.0		7249195.0		61186.0	-6385045.0	-0.55	-0.55	Baker Tilly Virchow Krause, LLP for Fiscal Years 2017 and 2018 (statements for interim financial period ended 12/31/18 are unaudited)	true	true		true			"StreetShares, Inc. relied on the ""safe harbor"" provided in Rule 506(b) of Section 4(a)(2) of the Securities Act of 1933."
0001477932-19-004488	C/O TULSA FOUNDERS, LLC	3355 Lenox Rd, NE, Suite 750	Atlanta	GA	30326	888-564-6562	Jillian Sidoti, Esq.	Other	3767251.0	0.0		217003.0		2943831.0		6928534.0	17630.0			0.0	19630.0	6910904.0	6928534.0	0.0		0.0		0.0	0.0	1.0	1.0	Artesian CPA	true	true	false	true		true	
0001683168-19-002413	38625 Calistoga Drive, Suite #200		Murrieta	CA	92563	951-550-7641	Christopher A. Wilson	Other	0.0	193050.0		0.0		0.0		193050.0	0.0			0.0	0.0	193050.0	193050.0	0.0		0.0		0.0	-23738.0	-0.17	-0.17	BF Borgers CPA PC	true	true		true			Rule 506(b) and Section 4(2)
0001477932-19-004476	7950 NW 53rd Street	Suite 337	Miami	FL	33166	410-733-6551	Frederick M. Lehrer, Esq.	Other	0.0	0.0		0.0		0.0		0.0	716665.0			0.0	716665.0	-716665.0	0.0	0.0		73721.0		0.0	-73721.0	0.0	0.0		true	true	true	true		true	
0001683168-19-002406	1170 Peachtree Street	#1200	Atlanta	GA	30309	404-885-6045	John E. Lux, Esq.	Other	8099.0	0.0		122873.0		40894.0		178229.0	622338.0			0.0	622338.0	-444109.0	178229.0	0.0		0.0		0.0	-49254.0	0.0	0.0		true	true			true		Section 4(a)(1)
0001213900-19-014367	2885 Sanford Ave SW #41437		Grandville	MI	49418	616-552-9653	William R. Eilers, Esq.	Other	1884.0	259281.0		14500.0		275665.0		275665.0	421823.0			295093.0	806916.0	-531251.0	275665.0	0.0		48895.0		67204.0	-114099.0	0.0	0.0		true	true			true	true	
0001144204-19-037166	53 BRIDGE STREET UNIT 507		BROOKLYN	NY	11251	718-576-3205	Andrew Stephenson	Other	922108.0	0.0		0.0		0.0		1184254.0	423280.0			223000.0	2575280.0	-1391026.0	1184254.0	0.0		0.0		30957.0	-712268.0	-6.890000000000001	-6.890000000000001	Fruci and Associates II, PLLC	true	true			true		Rule 506(c) of Regulation D and Section 4(a)(2), respectively
0001654954-19-008680	136 Main Street		Pineville	NC	28134	9802731702	Michael Z. Anise	Other	881319.0	0.0		9242.0		12207343.0		13351553.0	48357.0			13282499.0	13840531.0	-488978.0	13351553.0	536374.0		199821.0		134926.0	-719314.0	-0.06	-0.06	Liggett & Webb, P.A.	true	true		false	true	false	Rule 506 of Regulation D of the Securities Act of 1933, as amended
0001654954-19-008675	625 Kenmoor Avenue SE, Suite 211		Grand Rapids	MI	49546	616-734-6099	Rhys James	Other	0.0	0.0		0.0		0.0		0.0	0.0			0.0	0.0	0.0	0.0	0.0		0.0		0.0	0.0	0.0	0.0	UHY LLP	true	true	false	false	false	false	Red Oak Capital Fund III, LLC relied on the private placement exemption in Section(4)(a)(2) of the Securities Act for the issuance of LLC interests to its sole member. There was no public solicitation.
0001683168-19-002388	1170 Peachtree Street	#1200	Atlanta	GA	30309	404-885-6045	John E. Lux, Esq.	Other	8099.0	0.0		122873.0		40894.0		178229.0	622338.0			0.0	622338.0	-444109.0	178229.0	0.0		0.0		0.0	-49254.0	0.0	0.0		true	true			true		Section 4(a)(1)
0001144204-19-036804	75 Fifth Street, NW,	Suite 2170	ATLANTA	GA	30308	404-850-9225	Nick Bhargava	Other	1069392.0	0.0		41067181.0		813104.0		43013583.0	35584837.0			0.0	45864289.0	-2850706.0	43013583.0	2889961.0		-423776.0		375365.0	-6100655.0	-2.0	-2.0	Hughes Pittman & Gupton, LLP	true	true		true			Regulation A, Rule 506 of Regulation D, and Rule 506 of Regulation D, respectively.
0001683168-19-002385	33865 MARIANA UNIT C		DANA POINT	CA	92629	310-986-6373	John E. Lux, Esq.	Other	80560.0	0.0		0.0		11095.0		94155.0	335566.0			0.0	335566.0	-241411.0	94155.0	76874.0		114377.0		0.0	-49407.0	0.0	0.0		true	true		true		true	
0001743305-19-000011	1660 S. ALBION ST.	SUITE 321	DENVER	CO	80222	3039416001	N Nora Nye	Other	0.0	0.0		0.0		0.0		0.0	0.0			0.0	0.0	0.0	0.0	0.0		28602.5		0.0	-28602.5	-286.02	-286.02	N Nora Nye	true	true	false	true	false	false	Budding Equity Management, Inc. has purchased 100 Class A Units for a purchase price of $95,000 in a private offering. Such issuance was exempt from the registration requirements of the Securities Act pursuant to Section 4(a)(2) thereof.
0001493152-19-011350	9720 WILSHIRE BLVD.	SUITE 500	BEVERLY HILLS	CA	90212	310-319-1850	Allen Z. Sussman, Esq.	Other	653000.0	0.0		17570000.0		0.0		57960000.0	5491000.0			15400000.0	52221000.0	5739000.0	57960000.0	18367000.0		14131000.0		358000.0	-1798000.0	-0.16	-0.16	Hutchinson & Bloodgood LLP	true	true			true		Section 4(a)(2) of the Securities Act and Rule 506 promulgated under Regulation D under the Securities Act.
0001654954-19-008625	625 Kenmoor Avenue SE, Suite 211		Grand Rapids	MI	49546	616-734-6099	Rhys James	Other	0.0	0.0		0.0		0.0		0.0	0.0			0.0	0.0	0.0	0.0	0.0		0.0		0.0	0.0	0.0	0.0	UHY LLP	true	true	false	false	false	false	Red Oak Capital Fund III, LLC relied on the private placement exemption in Section(4)(a)(2) of the Securities Act for the issuance of LLC interests to its sole member. There was no public solicitation.
0001683168-19-002376	20 E. THOMAS ROAD, SUITE 2200		PHOENIX	AZ	85012	602-502-0602	John E. Lux, Esq.	Other	20492.0	0.0		0.0		4921.0		228940.0	1116456.0			0.0	7451865.0	-7222925.0	228940.0	6283.0		407739.0		0.0	-1036017.0	0.0	0.0		true	true		true		true	
0001477932-19-004373	550 West Baseline Rd.	Suite 102-199	Mesa	AZ	85210	888-693-8733	Shelly Befumo	Other	163697.0	0.0		5014.0		39742.0		208453.0	18653.0			0.0	18653.0	189800.0	208453.0	0.0		78374.0		0.0	-78374.0	-0.31	-0.31	dbbmckennon	true	true	false		true	false	Regulation Crowdfunding + Regulation D, * 4(a)(6) of the Securities Act of 1933, * 4(a)(2) of the Securities Act of 1933
0001144204-19-036465	5340 Alla Road	Suite 105	Los Angeles	CA	90066	855-282-5829	Jeanne Campanelli	Other	1903085.0	0.0		1155828.0		1052033.0		15231652.0	10535812.0			4910000.0	16633000.0	-1401348.0	15231652.0	40626034.0		17644781.0		605325.0	-1159149.0	-0.02	-0.02	Squar Milner LLP	true	true			true		Regulation D Rule 506(b)
0001264931-19-000148	725 N Hwy A1A	Suite C-106	Jupiter	FL	33477	561-406-2469	Brian S. John	Other	103134.0	0.0		0.0		716.0		169313.0	8538.0			0.0	28538.0	140775.0	169313.0	0.0		73541.0		0.0	-73541.0	-0.01	0.0	M&K CPA's PLLC	true	true		true			Founders shares and private offering pursuant to Rule 506 (b) of Regualtion D under the Securities Act.
0001477932-19-004366	16 LAGOON CT.		SAN RAFAEL	CA	94903	415-335-6370	Jillian Sidoti	Other	0.0	0.0		0.0		0.0		0.0	0.0			0.0	0.0	0.0	0.0	0.0		0.0		0.0	0.0	0.0	0.0	CohnReznick	true	true	false	true		true	
0001493152-19-011262	719 JADWIN AVENUE		RICHLAND	WA	99352	509-736-4000	Daniel W. Rumsey	Other	41789.0	0.0		0.0		0.0		57319.0	863111.0			240251.0	1103362.0	-1046043.0	57319.0	0.0		0.0		0.0	-236382.0	0.0	0.0	Fruci & Associates II, PLLC	true	true		true			4(a)(2) and/or 3(a)(9) of 1933 Act
0001766914-19-000003	572 BRECKENRIDGE WAY		BEAVERCREEK	OH	45430	9374100041	Kendall Almerico	Other	222616.0	0.0		183954.0		0.0		406579.0	386492.0			0.0	386492.0	20087.0	406579.0	450.0		85567.0		0.0	-85117.0	-0.01	-0.01	Clark Schaefer Hackett	true	true	false	false	false	true	
0000806171-19-000056	11705 Willake Street		Santa Fe Springs	CA	90670	323-489-8119	Joseph Collins	Other	0.0	0.0		0.0		0.0		870175.0	0.0			0.0	0.0	914389.0	870175.0	0.0		0.0		0.0	0.0	0.0	0.0	Ira Viener CPA	true	true		true		true	
0001594062-19-000065	1500 - 885 WEST GEORGIA STREET		VANCOUVER	A1	V6C 3E8	833-333-5882	Rebecca DiStefano	Other	1.0	0.0		0.0		0.0		1.0	0.0			0.0	0.0	1.0	1.0	0.0		0.0		0.0	0.0	0.0	0.0	Davidson & Company LLP	true	true	false	false	false	false	Section 4(a)(2); Rule 506(b) sales not involving general solicitations; Regulation S sales to non-US persons; RSUS to accredited /sophisticated investors w/ no public offering involved & legend restricting resale.
0001477932-19-004328	318 Half Day Road	Suite 201	Buffalo Grove	IL	60089	224-602-9569	Jillian Sidoti, Esq.	Other	600427.0	0.0		0.0		0.0		600427.0	602579.0			0.0	602579.0	-2152.0	600427.0	0.0		1831.0		0.0	-1831.0	0.0	0.0	IndigoSpire	true	true	false		true	true	
0001214659-19-004745	189 South Orange Ave	Suite 1650	Orlando	FL	32801	4072066577	William Johnston	Other	50000.0	0.0		0.0		0.0		50000.0	0.0			0.0	0.0	50000.0	50000.0	0.0		0.0		0.0	0.0	0.0	0.0	Grennan Fender Hess & Poparad LLP	true	true			true		Rule 506 of Regulation D
0001703429-19-000033	16950 NORTH BAY ROAD, SUITE 1803		Sunny Isles Beach	FL	33160	347-301-8431	Thomas DeNunzio	Other	98248.0	0.0		0.0		0.0		7345115.0	25806.0			0.0	1014704.0	6330411.0	7345115.0	0.0		0.0		0.0	0.0	0.0	0.0	Paritz & Co.	true	true		true		true	
0001683168-19-002340	1170 Peachtree Street	#1200	Atlanta	GA	30309	404-885-6045	John E. Lux, Esq.	Other	2290.0	0.0		43373.0		41487.0		93513.0	526187.0			0.0	526187.0	-516425.0	93513.0	0.0		8183.0		5635.0	0.0	0.0	0.0		true	true			true		Section 4(a)(1)
0001144204-19-035548	2738 FALKENBURG RD. S.		RIVERVIEW	FL	33578	813-621-5000	Jamie Ostrow	Other	180.0	0.0		0.0		0.0		6513.0	143514.0			0.0	143514.0	-137181.0	6513.0	0.0		0.0		0.0	0.0	0.0	0.0	IndigoSpires CPA Group, LLC	true	true			true		Section 4(a)(2) of the Securities Act
0001213900-19-013392	2885 Sanford Ave SW #41437		Grandville	MI	49418	616-552-9653	William R. Eilers, Esq.	Other	1884.0	259281.0		14500.0		275665.0		275665.0	421823.0			295093.0	806916.0	-531251.0	275665.0	0.0		48895.0		67204.0	-114099.0	0.0	0.0		true	true			true	true	
0001144204-19-035546	2738 FALKENBURG RD. S.		RIVERVIEW	FL	33578	813-621-5000	Jamie Ostrow	Other	180.0	0.0		0.0		0.0		6513.0	143514.0			0.0	143514.0	-137181.0	6513.0	0.0		0.0		0.0	0.0	0.0	0.0	IndigoSpires CPA Group, LLC	true	true			true		Section 4(a)(2) of the Securities Act
0001144204-19-035541	2738 FALKENBURG RD. S.		RIVERVIEW	FL	33578	813-621-5000	Jamie Ostrow	Other	180.0	0.0		0.0		0.0		6513.0	143514.0			0.0	143514.0	-137181.0	6513.0	0.0		0.0		0.0	0.0	0.0	0.0	IndigoSpires CPA Group, LLC	true	true			true		Section 4(a)(2) of the Securities Act
0001144204-19-035539	2738 FALKENBURG RD. S.		RIVERVIEW	FL	33578	813-621-5000	Jamie Ostrow	Other	180.0	0.0		0.0		0.0		6513.0	143514.0			0.0	143514.0	-137181.0	6513.0	0.0		0.0		0.0	0.0	0.0	0.0	IndigoSpires CPA Group, LLC	true	true			true		Section 4(a)(2) of the Securities Act
0001144204-19-035537	2738 FALKENBURG RD. S.		RIVERVIEW	FL	33578	813-621-5000	Jamie Ostrow	Other	180.0	0.0		0.0		0.0		6513.0	143514.0			0.0	143514.0	-137181.0	6513.0	0.0		0.0		0.0	0.0	0.0	0.0	IndigoSpires CPA Group, LLC	true	true			true		Section 4(a)(2) of the Securities Act
0001654954-19-008426	1500 West Georgia St., Suite 1300		Vancouver	A1	V6G-2Z4	604-200-0071	Brad J. Moynes, CEO	Other	493810.0	0.0		33383.0		0.0		527193.0	129279.0			11961.0	778130.0	-250937.0	527193.0	0.0		913892.0		0.0	-1122820.0	-0.01	-0.01	WDM Chartered Professional Accountants	true	true	false	true		false	Section 4(a)(2), Regulation D - See attached Exhibit 6.5 with all the securities issued since March 25, 2018 to current.
0001477932-19-004260	8236 Remmet Ave.		Canoga Park	CA	91304	818-349-2870	Mark J. Richardson	Other	709723.0	0.0		70643.0		318852.0		1819090.0	926195.0			53021.0	1098590.0	720500.0	1819090.0	646917.0		451329.0		0.0	-3433277.0	-0.03	-0.03	MJF & Associates APC	true	true	false		true	false	Exempt offering under Section 3(b) and Regulation A+ (Tier 2) from May 1, 2018 until April 30, 2019. Private placement under Section 4(a)(2) from May 1, 2018 to April 30, 2019.
0001743305-19-000010	1660 S. Albion St.	Suite 321	Denver	CO	80222	3039416001	N Nora Nye	Other	0.0	0.0		0.0		0.0		0.0	0.0			0.0	0.0	0.0	0.0	0.0		28602.5		0.0	-28602.5	-286.02	-286.02	N Nora Nye	true	true	false	true	false	false	Budding Equity Management, Inc. has purchased 100 Class A Units for a purchase price of $95,000 in a private offering. Such issuance was exempt from the registration requirements of the Securities Act pursuant to Section 4(a)(2) thereof.
0001144204-19-035491	75 Fifth Street, NW,	Suite 2170	ATLANTA	GA	30308	404-850-9225	Nick Bhargava	Other	1069392.0	0.0		41067181.0		813104.0		43013583.0	35584837.0			0.0	45864289.0	-2850706.0	43013583.0	2889961.0		-423776.0		375365.0	-6100655.0	-2.0	-2.0	Hughes Pittman & Gupton, LLP	true	true		true			Regulation A, Rule 506 of Regulation D, and Rule 506 of Regulation D, respectively.
0001743305-19-000009	1660 S. Albion St.	Suite 321	Denver	CO	80222	3039416001	N Nora Nye	Other	0.0	0.0		0.0		0.0		0.0	0.0			0.0	0.0	0.0	0.0	0.0		28602.5		0.0	-28602.5	-286.02	-286.02	N Nora Nye	true	true	false	true	false	false	Budding Equity Management, Inc. has purchased 100 Class A Units for a purchase price of $95,000 in a private offering. Such issuance was exempt from the registration requirements of the Securities Act pursuant to Section 4(a)(2) thereof.
0001213900-19-013354	3225 McLeod Drive, Suite 100		Las Vegas	NV	89103	800-351-3021	William R. Eilers, Esq.	Other	127841.0	0.0		15950.0		19481.0		163272.0	681439.0			0.0	4531071.0	-4367799.0	163272.0	4469.0		404525.0		203415.0	-3734415.0	-0.11	-0.11	Michael T. Studer CPA P.C.	true	true		true			Regulation D of Rule 506 of the 1933 Securities Act and Sections 4(a)2 of the 1933 Securities Act.
0001776230-19-000010	800 W EL CAMINO STE 180		MOUNTAIN VIEW	CA	94040	6509620888	Jeremy Tian	Other	331831000.0	38593000.0		51885000.0		4264000.0		905018000.0	209045000.0			4589000.0	213634000.0	691394000.0	905018000.0	318964000.0		5304460000.0		0.0	-206490000.0	-2.07	-2.07		true	true	true	false	true	true	
0001144204-19-035421	17760 Newhope Street		Fountain Valley	CA	92708	714-751-7998	Thomas Poletti, Esq.	Other	955.0	0.0		0.0		34.0		7049.0	4885.0			0.0	7588.0	-542.0	7049.0	13107.0		9739.0		14.0	-568.0	-0.11	-0.11	CohnReznick LLP	true	true			true	true	
0001144204-19-035281	2738 FALKENBURG ROAD SOUTH		RIVERVIEW	FL	33578	813-621-5000	Jamie Ostrow	Other	160.0	0.0		0.0		0.0		22062.0	0.0			0.0	269855.0	247793.0	22062.0	0.0		247953.0		0.0	-247953.0	0.0	0.0	IndigoSpires CPA Group, LLC	true	true			true		Section 4(a)(2) of the Securities Act
0001493152-19-010900	7 Sarah Crescent		Templestowe Victoria	C3	3106	61-398464288	Matheau J. W. Stout, Esq.	Other	2201.0	0.0		17253.0		105951.0		177725.0	869387.0			91166.0	3429855.0	443335.0	177725.0	34748.0		42365.0		0.0	-158856.0	0.0	0.0	ShineWing Australia	true	true		true			Between April 1, 2018 and June 30, 2018, the Company issued 120,000,000 shares of common stock due to conversions of note holders for principal totaling $120,000 into the Company's common stock under Section 4(a)(2) and/or Rule 144 of the Securities Act.
0001683168-19-002261	250 W. FIRST ST., STE. 256		CLAREMONT	CA	91711	909-740-9175	Michael Behrens	Other	0.0	0.0		47407.0		206105.0		253512.0	55851.0			15606.0	71457.0	182055.0	253512.0	36888.0		70998.0		40286.0	-159165.0	0.0	0.0	IndigoSpire CPA Group, LLC	true	true		true			Issuer has relied on Rule 147A, promulgated under Section 28 of the Securities Act, for intrastate offerings in California, Rule 506(c) or Regulation A, respectively, for such offerings.
0001703429-19-000031	16950 NORTH BAY ROAD, SUITE 1803		Sunny Isles Beach	FL	33160	347-301-8431	Thomas DeNunzio	Other	98248.0	0.0		0.0		0.0		7345115.0	25806.0			0.0	1014704.0	6330411.0	7345115.0	0.0		0.0		0.0	0.0	0.0	0.0	Paritz & Co.	true	true		true		true	
0001778052-19-000004	333 Lantana St Suite # 126		Camarillo	CA	93010	4243463102	Leon Holiday	Other	25776.0	0.0		0.0		9528.0		35304.0	3290.0			0.0	33190.0	2114.0	35304.0	7275.0		81617.0		4345.0	9202.0	0.58	0.42		true	true	false	false	true	false	Section 4(a)(2) of the Securities Act of 1933 and Section 506 of Regulation D.
0001144204-19-035041	1070 TERRA BELLA AVENUE		MOUNTAIN VIEW	CA	94043	650-924-1025	Mariya Pivtoraiko	Other	1358399.0	0.0		1178625.0		106265.0		6987497.0	1419409.0			0.0	3110651.0	-34880369.0	6987497.0	2938634.0		17309828.0		1207186.0	-13389827.0	-1.32	-1.32	Ernst & Young LLP	true	true			true		Section 4(a)(2) of the Securities Act, and Rule 506(b) and 506(c) of Regulation D under the Securities Act
0001768344-19-000007	1411 Warner Ave.,#B		Tustin	CA	92780	714-716-5000	Majid Safaie	Other	0.0	0.0		0.0		0.0		0.0	0.0			0.0	0.0	0.0	0.0	0.0		0.0		0.0	0.0	0.0	0.0	Jose Flores, CAP	true	true	false	false	true	true	
0001683168-19-002230	1170 Peachtree Street	#1200	Atlanta	GA	30309	404-885-6045	John E. Lux, Esq.	Other	2290.0	0.0		43373.0		41487.0		93513.0	526187.0			0.0	526187.0	-516425.0	93513.0	0.0		8183.0		5635.0	0.0	0.0	0.0		true	true			true		Section 4(a)(1)
0001144204-19-034931	1900 Campus Commons Drive	Suite 200	Reston	VA	20191	800-560-1435	Mark Rockefeller	Other	12410180.0	0.0		18863127.0		356547.0		33796158.0	524309.0			325000.0	25889617.0	7906541.0	33796158.0	1888660.0		7249195.0		61186.0	-6385045.0	-0.55	-0.55	Baker Tilly Virchow Krause, LLP for Fiscal Years 2017 and 2018 (statements for interim financial period ended 12/31/18 are unaudited)	true	true		true			"StreetShares, Inc. relied on the ""safe harbor"" provided in Rule 506(b) of Section 4(a)(2) of the Securities Act of 1933."
0001477932-19-004144	16 LAGOON CT.		SAN RAFAEL	CA	94903	415-335-6370	Jillian Sidoti	Other	0.0	0.0		0.0		0.0		0.0	0.0			0.0	0.0	0.0	0.0	0.0		0.0		0.0	0.0	0.0	0.0	CohnReznick	true	true	false	true		true	
0001213900-19-012961	228 Park Avenue South #67157		New York	NY	10003	844-736-7531	Paul Birkett	Other	0.0	0.0		0.0		0.0		32046.0	34046.0			0.0	34046.0	-2000.0	32046.0	0.0		0.0		0.0	-2000.0	0.0	0.0	Artesian CPA, LLC	true	true		true		true	
0001493152-19-010719	11921 Freedom Drive	Suite 550	Reston	VA	20190-5667	703-904-4315	Louis A. Bevilacqua, Esq.,	Other	20967.0	0.0		0.0		0.0		20967.0	73941.0			0.0	73941.0	-52974.0	20967.0	0.0		84499.0		0.0	-84499.0	-0.01	-0.01	Friedman LLP	true	true			true	true	
0001477932-19-004141	29465 Ridgeline Court		Temecula	CA	92590	805-236-2647	Jillian Sidoti, Esq.	Other	0.0	0.0		0.0		0.0		20000.0	0.0			0.0	20000.0	0.0	20000.0	0.0		0.0		0.0	0.0	0.0	0.0	IndigoSpire CPA Group	true	true	false	true		false	Such interests were issued in exchange for cash, services, including company management, and services related to this Offering.
0001144204-19-034715	2738 FALKENBURG ROAD SOUTH		RIVERVIEW	FL	33578	813-621-5000	Jamie Ostrow	Other	160.0	0.0		0.0		0.0		12660.0	0.0			0.0	169875.0	-157375.0	12660.0	0.0		0.0		0.0	-157375.0	0.0	0.0	IndigoSpires CPA Group, LLC	true	true			true		Section 4(a)(2) of the Securities Act
0001144204-19-034629	75 Fifth Street, NW,	Suite 2170	ATLANTA	GA	30308	404-850-9225	Nick Bhargava	Other	1069392.0	0.0		41067181.0		813104.0		43013583.0	35584837.0			0.0	45864289.0	-2850706.0	43013583.0	2889961.0		-423776.0		375365.0	-6100655.0	-2.0	-2.0	Hughes Pittman & Gupton, LLP	true	true		true			Regulation A, Rule 506 of Regulation D, and Rule 506 of Regulation D, respectively.
0001477932-19-004057	8236 Remmet Ave.		Canoga Park	CA	91304	818-349-2870	Mark J. Richardson	Other	709723.0	0.0		70643.0		318852.0		1819090.0	926195.0			53021.0	1098590.0	720500.0	1819090.0	646917.0		451329.0		0.0	-3433277.0	-0.03	-0.03	MJF & Associates APC	true	true	false		true	false	Exempt offering under Section 3(b) and Regulation A+ (Tier 2) from May 1, 2018 until April 30, 2019. Private placement under Section 4(a)(2) from May 1, 2018 to April 30, 2019.
0001493152-19-010588	497 BROOME STREET		NEW YORK	NY	10013	203-518-5172	LAURA ANTHONY	Other	100.0	0.0		0.0		0.0		100.0	0.0			0.0	0.0	100.0	100.0	0.0		0.0		0.0	0.0	0.0	0.0	Mayer Hoffman McCann, P.C.	true	true			true		The foregoing issuances were pursuant to Section 4(a)(2) of the Securities Act of 1933, as amended, for transactions by an issuer not involving any public offering.
0001493152-19-010584	9720 WILSHIRE BLVD.	SUITE 500	BEVERLY HILLS	CA	90212	310-319-1850	Allen Z. Sussman, Esq.	Other	653000.0	0.0		17570000.0		0.0		57960000.0	5491000.0			15400000.0	52221000.0	5739000.0	57960000.0	18367000.0		14131000.0		358000.0	-1798000.0	-0.16	-0.16	Hutchinson & Bloodgood LLP	true	true			true		Section 4(a)(2) of the Securities Act and Rule 506 promulgated under Regulation D under the Securities Act.
0001144204-19-034549	2738 FALKENBURG RD. S.		RIVERVIEW	FL	33578	813-621-5000	Jamie Ostrow	Other	180.0	0.0		0.0		0.0		6513.0	143514.0			0.0	143514.0	-137181.0	6513.0	0.0		0.0		0.0	0.0	0.0	0.0	IndigoSpires CPA Group, LLC	true	true			true		Section 4(a)(2) of the Securities Act
0001144204-19-034545	2738 FALKENBURG RD. S.		RIVERVIEW	FL	33578	813-621-5000	Jamie Ostrow	Other	180.0	0.0		0.0		0.0		6513.0	143514.0			0.0	143514.0	-137181.0	6513.0	0.0		0.0		0.0	0.0	0.0	0.0	IndigoSpires CPA Group, LLC	true	true			true		Section 4(a)(2) of the Securities Act
0001144204-19-034541	2738 FALKENBURG RD. S.		RIVERVIEW	FL	33578	813-621-5000	Jamie Ostrow	Other	180.0	0.0		0.0		0.0		6513.0	143514.0			0.0	143514.0	-137181.0	6513.0	0.0		0.0		0.0	0.0	0.0	0.0	IndigoSpires CPA Group, LLC	true	true			true		Section 4(a)(2) of the Securities Act
0001144204-19-034536	2738 FALKENBURG RD. S.		RIVERVIEW	FL	33578	813-621-5000	Jamie Ostrow	Other	180.0	0.0		0.0		0.0		6513.0	143514.0			0.0	143514.0	-137181.0	6513.0	0.0		0.0		0.0	0.0	0.0	0.0	IndigoSpires CPA Group, LLC	true	true			true		Section 4(a)(2) of the Securities Act
0001144204-19-034533	2738 FALKENBURG RD. S.		RIVERVIEW	FL	33578	813-621-5000	Jamie Ostrow	Other	180.0	0.0		0.0		0.0		6513.0	143514.0			0.0	143514.0	-137181.0	6513.0	0.0		0.0		0.0	0.0	0.0	0.0	IndigoSpires CPA Group, LLC	true	true			true		Section 4(a)(2) of the Securities Act
0001144204-19-034473	132 East 43rd Street	Suite 441	New York	NY	10017	718-384-0678	Jesse Prince	Other	1051.0	0.0		0.0		0.0		1051.0	0.0			0.0	51.0	1000.0	1051.0	0.0		0.0		0.0	0.0	0.0	0.0	RSM US LLP	true	true		true			Section 4(a)(2)
0001703429-19-000029	16950 NORTH BAY ROAD, SUITE 1803		Sunny Isles Beach	FL	33160	347-301-8431	Thomas DeNunzio	Other	98248.0	0.0		0.0		0.0		7345115.0	25806.0			0.0	1014704.0	6330411.0	7345115.0	0.0		0.0		0.0	0.0	0.0	0.0	Paritz & Co.	true	true		true		true	
0001144204-19-034323	2900 SW 28th Terrace	Suite 202	Miami	FL	33133	786-235-9130	James Dodrill	Other	200.0	0.0		0.0		0.0		200.0	0.0			0.0	0.0	200.0	200.0	0.0		0.0		0.0	0.0	0.0	0.0	Templeton & Company Certified Public Accountants and Consultants	true	true		true			4(2) - issuance to founder of issuer.
0001628279-19-000256	C/O YOUNOW, INC.	245 5TH AVE., 6TH FLOOR	NEW YORK	NY	10016	302-658-7581	Robert Rosenblum	Other	7181920.0	0.0		527981.0		153800.0		12054465.0	2026422.0			0.0	23465766.0	-11411301.0	12054465.0	12377332.0		7728860.0		73792.0	-13904786.0	0.0	0.0	Rosen Kuslansky, CPA, PC	true	true	false	true	false	false	Tokens: 4(a)(2) of the Securities Act of 1933; Grants to Advisers: 4(a)(2) in one-on-one transactions
0001144204-19-034309	53 BRIDGE STREET UNIT 507		BROOKLYN	NY	11251	718-576-3205	Andrew Stephenson	Other	922108.0	0.0		0.0		0.0		1184254.0	423280.0			223000.0	2575280.0	-1391026.0	1184254.0	0.0		0.0		30957.0	-712268.0	-6.890000000000001	-6.890000000000001	Fruci and Associates II, PLLC	true	true			true		Rule 506(c) of Regulation D and Section 4(a)(2), respectively
0001104659-19-039831	101 W. 23RD STREET	SUITE 224	NEW YORK	NY	10011	212-634-4254	ROBERT ROSENBLUM	Other	21126000.0	290000.0		0.0		95000.0		32035000.0	8372000.0			0.0	8372000.0	23663000.0	32035000.0	36763000.0		0.0		19000.0	11680000.0	0.0	0.0	WithumSmith&Brown, PC	true	true	false	true	false	false	Section 4(a) of the Securities Act and issued to accredited investors, Regulation S and issued to non-U.S. persons, or issued in compliance with Rule 701
0001213900-19-012418	335 Madison Ave, 3rd Floor		New York	NY	10017	201-479-4408	Michael Karnjanaprakorn	Other	0.0	0.0		0.0		0.0		0.0	0.0			0.0	0.0	0.0	0.0	0.0		0.0		0.0	0.0	0.0	0.0	Jason M. Tyra, CPA, PLLC	true	true			true	true	
0001022183-19-000010	10901 ROOSEVELT BLVD	SUITE 1000C	SAINT PETERSBURG	FL	33716	7274179338	sam Talari	Other	6820.0	40471.0		11678.0		3714.0		62683.0	175340.0			433549.0	1443898.0	1380715.0	62683.0	35695.0		265539.0		0.0	245653.0	0.0	0.0	Karin Rohret	true	true	false	true	false	true	
0001628279-19-000254	C/O YOUNOW, INC.	245 5TH AVE., 6TH FLOOR	NEW YORK	NY	10016	302-658-7581	Robert Rosenblum	Other	7181920.0	0.0		527981.0		153800.0		12054465.0	2026422.0			0.0	23465766.0	-11411301.0	12054465.0	12377332.0		7728860.0		73792.0	-13904786.0	0.0	0.0	Rosen Kuslansky, CPA, PC	true	true	false	true	false	false	Tokens: 4(a)(2) of the Securities Act of 1933; Grants to Advisers: 4(a)(2) in one-on-one transactions
0001104659-19-039757	101 W. 23RD STREET	SUITE 224	NEW YORK	NY	10011	212-634-4254	ROBERT ROSENBLUM	Other	21126000.0	290000.0		0.0		95000.0		32035000.0	8372000.0			0.0	8372000.0	23663000.0	32035000.0	36763000.0		0.0		19000.0	11680000.0	0.0	0.0	WithumSmith&Brown, PC	true	true	false	true	false	false	Section 4(a) of the Securities Act and issued to accredited investors, Regulation S and issued to non-U.S. persons, or issued in compliance with Rule 701
0001683168-19-002139	5020 Campus Drive		Newport Beach	CA	92660	949-296-7004	John E. Lux, Esq.	Other	158167.0	0.0		53369.0		0.0		6321533.0	978631.0			2168039.0	3146670.0	3174836.0	6321533.0	43369.0		0.0		0.0	-327394.0	0.0	0.0		true	true		true			Exempt from registration under Section 4(2) Securities Act and Rules promulgated thereunder.
0001213900-19-012240	2885 Sanford Ave SW #41437		Grandville	MI	49418	616-552-9653	William R. Eilers, Esq.	Other	1884.0	259281.0		14500.0		275665.0		275665.0	421823.0			295093.0	806916.0	-531251.0	275665.0	0.0		48895.0		67204.0	-114099.0	0.0	0.0		true	true			true	true	
0001144204-19-034038	315 S. Coast Hwy 101	Suite U38	ENCINITAS	CA	92024	760-266-5313	Jamie Ostrow	Other	107041.0	0.0		41204.0		259124.0		905387.0	261130.0			0.0	1647938.0	-742551.0	905387.0	902048.0		514564.0		182534.0	-10660495.0	-0.15	-0.15	dbbmckennon	true	true		true			Regulation A
0001688804-19-000013	250 Lafayette Street	3R	NEW YORK	NY	10012	3479528058	Max Niederste-Ostholt	Other	56787.0	0.0		2306.0		5384780.0		5443873.0	1212.0			2568883.0	2660095.0	2783778.0	5443873.0	0.0		64654.0		0.0	-64654.0	0.0	0.0	EisnerAmper LLP	true	true	false	true	false	false	Rule 506(c) - sale to verified accredited investors of interests in Series #77LE1
0001213900-19-012236	195 Montague St	Suite 1121	Brooklyn	NY	11201	800-277-3813	William R. Eilers, Esq.	Other	55.0	79320.0		1615.0		1500000.0		1509602.0	178291.0			62135.0	240426.0	1119176.0	1509602.0	0.0		60738.0		0.0	-60738.0	0.0	0.0		true	true		true		true	
0001350455-19-000006	5401 OLD NATIONAL HIGHWAY #419	C/O MICHAEL L GILMORE	ATLANTA	GA	30349	601-582-1851	Michael Gilmore	Other	0.0	0.0		0.0		0.0		0.0	0.0			0.0	0.0	0.0	0.0	0.0		0.0		0.0	0.0	1.0	1.0	Michael Gilmore has amended information in accordance with SEC Comment Letter; An Audit will be conducted and amended when resources allow.	true	true	false	true	false	true	
0001104659-19-039476	101 W. 23RD STREET	SUITE 224	NEW YORK	NY	10011	212-634-4254	ROBERT ROSENBLUM	Other	21126000.0	290000.0		0.0		95000.0		32035000.0	8372000.0			0.0	8372000.0	23663000.0	32035000.0	36763000.0		0.0		19000.0	11680000.0	0.0	0.0	WithumSmith&Brown, PC	true	true	false	true	false	false	Section 4(a) of the Securities Act and issued to accredited investors, Regulation S and issued to non-U.S. persons, or issued in compliance with Rule 701
0001628279-19-000251	C/O YOUNOW, INC.	245 5TH AVE., 6TH FLOOR	NEW YORK	NY	10016	302-658-7581	Robert Rosenblum	Other	7181920.0	0.0		527981.0		153800.0		12054465.0	2026422.0			0.0	23465766.0	-11411301.0	12054465.0	12377332.0		7728860.0		73792.0	-13904786.0	0.0	0.0	Rosen Kuslansky, CPA, PC	true	true	false	true	false	false	Tokens: 4(a)(2) of the Securities Act of 1933; Grants to Advisers: 4(a)(2) in one-on-one transactions
0001213900-19-012121	3225 McLeod Drive, Suite 100		Las Vegas	NV	89103	800-351-3021	William R. Eilers, Esq.	Other	127841.0	0.0		15950.0		19481.0		163272.0	681439.0			0.0	4531071.0	-4367799.0	163272.0	4469.0		404525.0		203415.0	-3734415.0	-0.11	-0.11	Michael T. Studer CPA P.C.	true	true		true			Regulation D of Rule 506 of the 1933 Securities Act and Sections 4(a)2 of the 1933 Securities Act.
0001766570-19-000008	2100 POWERS FERRY ROAD S.E.	SUITE 370	ATLANTA	GA	30339	8334264260	Kendall Almerico	Other	0.0	0.0		0.0		0.0		0.0	0.0			0.0	0.0	0.0	0.0	0.0		0.0		0.0	-34013.0	0.0	0.0	Indigospire	true	true	false	false	false	true	
0001144204-19-033796	Rise Companies Corp.	11 Dupont Circle NW, 9th Floor	WASHINGTON	DC	20036	202-584-0550	Benjamin S. Miller	Other	54130000.0	0.0		8695000.0		335000.0		490962000.0	9988000.0			6000000.0	28386000.0	462576000.0	490962000.0	20790000.0		26056000.0		0.0	-7896000.0	-1.33	-1.33	RSM US LLP	true	true		true		true	
0001193125-19-189212	1817 Olde Homestead Lane, Suite 101		Lancaster	PA	17601	717-398-0700	Kimberly Decker	Other	1318783.0	0.0		17702476.0		0.0		46563649.0	2829218.0			16714664.0	34415365.0	12148284.0	46563649.0	70274381.0		65775858.0		53907.0	2575448.0	0.0	0.0		true	true	false	true		true	
0001144204-19-033660	5950 Berkshire Lane	Suite 850	Dallas	TX	75225	214-750-2976	Kenneth Betts	Other	25000.0	0.0		0.0		0.0		125000.0	109000.0			0.0	109000.0	16000.0	125000.0	0.0		9000.0		0.0	-9000.0	0.0	0.0	Moss Adams LLP	true	true			true		Regulation D--Sale to an accredited investor
0001703429-19-000027	16950 NORTH BAY ROAD, SUITE 1803		Sunny Isles Beach	FL	33160	347-301-8431	Thomas DeNunzio	Other	98248.0	0.0		0.0		0.0		7345115.0	25806.0			0.0	1014704.0	6330411.0	7345115.0	0.0		0.0		0.0	0.0	0.0	0.0	Paritz & Co.	true	true		true		true	
0001683168-19-002072	300 Spectrum Center Drive, Suite 400		IRVINE	CA	92618	855-759-4400	John E. Lux, Esq.	Other	1988.0	0.0		0.0		0.0		1988.0	137915.0			118996.0	2429527.0	-2427539.0	1988.0	0.0		0.0		0.0	-110729.0	0.0	0.0		true	true		true			Exempt from registration under Section 4(2) Securities Act and Rules promulgated thereunder.
0001445866-19-000773	2090 N. KOLB ROAD, STE 120.		TUCSON	AZ	85715	888-444-2102	J Martin Tate	Other	3113.0	0.0		2663721.0		0.0		2815883.0	43135.0			148253.0	209082.0	2606801.0	2815883.0	308977.0		118278.0		0.0	129650.0	129650.0	0.0	Summit, LLC	true	true	false	false	true	true	
0001594062-19-000062	1500 - 885 WEST GEORGIA STREET		VANCOUVER	A1	V6C 3E8	833-333-5882	Rebecca DiStefano	Other	1.0	0.0		0.0		0.0		1.0	0.0			0.0	0.0	1.0	1.0	0.0		0.0		0.0	0.0	0.0	0.0	Davidson &Company LLP	true	true	false	false	false	false	The Issuer relied on the exemptions from registration provided under Section 4(a)(2) and Regulation D, Rule 506(b) for sales not involving any general solicitations and Regulation S for sales made to non-US persons.
0001477932-19-003818	90 Canal Street	Suite 400	Boston	MA	02114	857-323-9025	Randall S. Goulding, Esq.	Other	0.0	0.0		0.0		0.0		15000.0	0.0			0.0	0.0	15000.0	15000.0	0.0		0.0		0.0	-203350.0	-0.01	-0.01	Daszkal Bolton LLP	true	true	false	true		false	Exempt from registration under Section 4(a)(2) of the Securities Act of 1933 and Rules promulgated thereunder.
0001683168-19-002062	1401 N. El Camino Real	Suite 203	San Clemente	CA	92672	949-361-3959	William Eilers, Eilers Law	Other	19425.0	0.0		654686.0		0.0		708481.0	782213.0			235878.0	2180311.0	-2702268.0	708481.0	47538.0		123446.0		0.0	-124111.0	0.0	0.0		true	true		true			Rule 506 Reg. D
0001477932-19-003809	8236 Remmet Ave.		Canoga Park	CA	91304	818-349-2870	Mark J. Richardson	Other	709723.0	0.0		70643.0		318852.0		1819090.0	926195.0			53021.0	1098590.0	720500.0	1819090.0	646917.0		451329.0		0.0	-3433277.0	-0.03	-0.03	MJF & Associates APC	true	true	false		true	false	Exempt offering under Section 3(b) and Regulation A+ (Tier 2) from May 1, 2018 until April 30, 2019. Private placement under Section 4(a)(2) from May 1, 2018 to April 30, 2019.
0001654954-19-007796	1500 West Georgia St., Suite 1300		Vancouver	A1	V6G-2Z4	604-200-0071	Brad J. Moynes, CEO	Other	493810.0	0.0		33383.0		0.0		527193.0	129279.0			11961.0	778130.0	-250937.0	527193.0	0.0		913892.0		0.0	-1122820.0	-0.01	-0.01	WDM Chartered Professional Accountants	true	true	false	true		false	Section 4(a)(2), Regulation D - See attached Exhibit 6.5 with all the securities issued since March 25, 2018 to current.
0001774589-19-000011	244 5TH AVE #2		NEW YORK	NY	10001	7182159277	Liu Xia	Other	192584000.0	23064533000.0		137682000.0		310585000.0		23705384000.0	67486000.0			1709281000.0	17097387000.0	6540544000.0	23705384000.0	982377000.0		801897000.0		0.0	180480000.0	6.88	6.7700000000000005		true	true	true	false	true	true	
