ACCESSION_NUMBER	ED_ID	TYPE	NAME	OUTSTANDING	CUSIP	PUBLICYTRADED
0001493152-19-014779	1	Common	Common Stock	11807349	30258N105	Nasdaq Capital Market
0001493152-19-014779	2	Preferred	SeriesA-1 FixedRate Cumulative	45000	30258N303	N/A
0001493152-19-014779	1	Preferred	Series A Fixed Rate Cumulative	100000	30258N204	N/A
0001493152-19-014779	1	Debt Securities	N/A	0	000000000	N/A
0001144204-19-046554	1	Debt Securities	N/A	0	000000N/A	N/A
0001144204-19-046554	1	Preferred	N/A	0	000000N/A	N/A
0001144204-19-046554	1	Common	Class A Common	119230720	75601N500	OTCQX
0001493152-19-014709	1	Preferred	Preferred stock	1000000	12671N102	CWPE
0001493152-19-014709	1	Common	Common stock	11698500	12671N102	CWPE
0001493152-19-014709	1	Debt Securities	Common and Preferred	0	12671N102	CWPE
0001761911-19-000013	1	Debt Securities	None	0	N/A	N/A
0001761911-19-000013	1	Common	Class A and B Common	58235000	N/A	N/A
0001761911-19-000013	1	Preferred	None	0	N/A	N/A
0001628279-19-000314	1	Debt Securities	Debt Payable by Assets	1281374	000000000	N/A
0001628279-19-000314	1	Common	Common	139189499	000000000	N/A
0001628279-19-000314	1	Preferred		0		
0001213900-19-019204	1	Debt Securities	n/a	0	000000000	n/a
0001213900-19-019204	2	Preferred	Series B Convertible Preferred	600000	000000000	n/a
0001213900-19-019204	1	Common	Common stock	25834000	00000GSFI	OTC Markets
0001213900-19-019204	1	Preferred	Series A Convertible Preferred	53000	000000000	n/a
0001213900-19-019204	3	Preferred	Series C Convertible Preferred	760000	000000000	n/a
0001493152-19-014674	1	Preferred	Series D	6500	000000000	NA
0001493152-19-014674	1	Debt Securities	N/A	0	000000000	NA
0001493152-19-014674	1	Common	N/A	748657656	18452H107	OTCQB
0001213900-19-019161	6	Preferred	Series H	455	000000000	N/A
0001213900-19-019161	5	Preferred	Series E	1140	000000000	N/A
0001213900-19-019161	4	Preferred	Series D	0	000000000	N/A
0001213900-19-019161	3	Preferred	Series C	99	000000000	N/A
0001213900-19-019161	2	Preferred	Series B	249999	000000000	N/A
0001213900-19-019161	1	Preferred	Series A	250	000000000	N/A
0001213900-19-019161	1	Common	N/A	252504841	02300U205	OTCPinksheets
0001213900-19-019161	1	Debt Securities	N/A	0	000000000	N/A
0001766214-19-000022	1	Common	Common Shares	323000000	-	-
0001766214-19-000022	1	Debt Securities	Convertible Bonds	0		
0001766214-19-000022	1	Preferred	Convertible Preferred Stock	0		
0001477932-19-005549	1	Common	Common Shares	3165625	28252B309	OTC Pink Market
0001477932-19-005549	1	Debt Securities	Secured Convertible Note	714286	N/A	N/A
0001477932-19-005549	1	Preferred	Allocation Shares	1000	N/A	N/A
0001144204-19-046019	1	Preferred	N/A	0	000000000	N/A
0001144204-19-046019	1	Debt Securities	N/A	0	000000000	N/A
0001144204-19-046019	1	Common	N/A	0	000000000	N/A
0001144204-19-045953	1	Preferred	N/A	0	000000000	N/A
0001144204-19-045953	1	Debt Securities	N/A	0	000000000	N/A
0001144204-19-045953	1	Common	Common Stock	343951	33622A106	N/A
0001213900-19-018880	8	Common	Series Drop 008	1	000000000	n/a
0001213900-19-018880	7	Common	Series Drop 007	1	000000000	n/a
0001213900-19-018880	6	Common	Series Drop 006	1	000000000	n/a
0001213900-19-018880	5	Common	Series Drop 005	1	000000000	n/a
0001213900-19-018880	4	Common	Series Drop 004	1	000000000	n/a
0001213900-19-018880	1	Debt Securities	n/a	0	000000000	n/a
0001213900-19-018880	9	Common	Series Drop 009	1	000000000	n/a
0001213900-19-018880	10	Common	Series Drop 010	1	000000000	n/a
0001213900-19-018880	3	Common	Series Drop 003	1	000000000	n/a
0001213900-19-018880	1	Preferred	n/a	0	000000000	n/a
0001213900-19-018880	2	Common	Series Drop 002	1	000000000	n/a
0001213900-19-018880	1	Common	Series #KW	1	000000000	n/a
0001775196-19-000006	1	Preferred		0		
0001775196-19-000006	1	Common	Class A Common Stock	4130000	None	None
0001775196-19-000006	2	Common	Class B Common Stock	11000000	None	None
0001775196-19-000006	1	Debt Securities		0		
0001688804-19-000020	1	Preferred		0		
0001688804-19-000020	10	Common	#98DV1	2000	0	None
0001688804-19-000020	9	Common	Series #83FB1	5000	0	None
0001688804-19-000020	8	Common	Series #89PS1	2000	0	None
0001688804-19-000020	7	Common	Series #90FM1	2000	0	None
0001688804-19-000020	6	Common	Series #95BL1	2000	0	None
0001688804-19-000020	5	Common	Series #55PS1	2000	0	None
0001688804-19-000020	4	Common	Series #88LJ1	2000	0	None
0001688804-19-000020	1	Debt Securities		0		
0001688804-19-000020	2	Common	Series #69BM1	2000	0	None
0001688804-19-000020	3	Common	Series #85FT1	2000	0	None
0001688804-19-000020	1	Common	Series #77LE1	2000	0	None
0001214659-19-006003	1	Debt Securities	Debt Securities	321981	000000000	N/A
0001214659-19-006003	1	Common	Common Equity	2477391	26140E600	NYSE American
0001214659-19-006003	2	Common	Options to Purchase Common Stk	3350	000000000	N/A
0001214659-19-006003	3	Common	Warrants to Acquire Common Stk	82965	000000000	N/A
0001214659-19-006003	1	Preferred	Series A Preferred Equity	7040	U23339507	N/A
0001214659-19-006003	2	Preferred	Series B Preferred Equity	125000	000000000	N/A
0001078782-19-000732	1	Debt Securities	Debt	832602	None	None
0001078782-19-000732	1	Common	Common Stock	16103713	46265G107	OTC Pink
0001078782-19-000732	1	Preferred	Preferred Stock	0		
0001721469-19-000016	1	Common	COMMON	100	0	0
0001721469-19-000016	1	Debt Securities		0		
0001721469-19-000016	1	Preferred		0		
0001721469-19-000015	1	Preferred		0		
0001721469-19-000015	1	Debt Securities		0		
0001721469-19-000015	1	Common	COMMON	100	0	0
0001213900-19-018729	1	Common	N/A	0	000000000	N/A
0001213900-19-018729	1	Debt Securities	TechSoup Global Regulation A	181	000000000	N/A
0001213900-19-018729	1	Preferred	N/A	0	000000000	N/A
0001213900-19-018688	1	Preferred	Preferred Series A	10000000	000000000	None
0001213900-19-018688	1	Common	Common	351034387	86678L103	OTCPink
0001213900-19-018688	1	Debt Securities	None	0	000000000	None
0001721469-19-000013	1	Debt Securities		0		
0001721469-19-000013	1	Preferred		0		
0001721469-19-000013	1	Common	COMMON	100	0	0
0001683168-19-003022	1	Common	Common Stock, $0.001 par value	83455000	68403M200	OTC Markets
0001683168-19-003022	1	Preferred	Series A Non-Convertible	16081530	000000000	none
0001683168-19-003022	1	Debt Securities	not applicable	0	000000000	none
0001493152-19-014415	1	Preferred	Preferred Stock	0	000000000	N/A
0001493152-19-014415	1	Common	Common Stock	24468355	02687R106	OTC Markets
0001493152-19-014415	1	Debt Securities	Promissory Note	390000	000000000	N/A
0001469709-19-000144	1	Preferred	SERIES A PREF $0.001 PAR VALUE	9250000	65486W105	NONE
0001469709-19-000144	1	Common	COMMON STOCK $0.001 PAR VALUE	293476200	65486W105	OTC Markets, Pink Sheets
0001469709-19-000144	1	Debt Securities	NOT APPLICABLE	0	000000000	NONE
0001144204-19-045512	1	Common	Common Stock	27974212	000000000	N/A
0001144204-19-045512	1	Debt Securities	None	0	000000000	N/A
0001144204-19-045512	1	Preferred	Series A Preferred Stock	1657396	000000000	N/A
0000806171-19-000070	1	Preferred	none	0	000000000	none
0000806171-19-000070	1	Common	Common	76200000	00000none	none
0000806171-19-000070	1	Debt Securities	none	0	000000000	none
0001731122-19-000555	1	Common	Common	86199423	000000000	OTC PINK
0001731122-19-000555	1	Preferred	Preferred	1000000	000000000	none
0001731122-19-000555	1	Debt Securities	None	0	000000000	none
0001144204-19-045488	1	Debt Securities	N/A	0	000000000	N/A
0001144204-19-045488	1	Common	Limited Partnership Interest	1	000000N/A	N/A
0001144204-19-045488	1	Preferred	N/A	0	000000000	N/A
0001213900-19-018517	1	Preferred	Series A Preferred Stock	0	000000000	N/A
0001213900-19-018517	1	Common	Common Stock	1000000	000000000	N/A
0001213900-19-018517	1	Debt Securities	N/A	0	000000000	N/A
0001683168-19-002996	1	Preferred	n/a	0	0000000na	n/a
0001683168-19-002996	1	Debt Securities	n/a	0	000000n/a	n/a
0001683168-19-002996	1	Common	Common Stock	15784717	000000000	OTCMarkets, Pink Open Market
0001477932-19-005471	1	Debt Securities	Debt Securities	0	N/A	N/A
0001477932-19-005471	1	Preferred	Preferred Equity	4400000	N/A	N/A
0001477932-19-005471	1	Common	Common Equity	146616216	58403T107	OTC Markets
0001140361-19-017021	1	Common	N/A	100	N/A	N/A
0001140361-19-017021	1	Preferred		0		
0001140361-19-017021	1	Debt Securities		0		
0001144204-19-045346	2	Preferred	Series A Preferred Stock	747373	000000N/A	N/A
0001144204-19-045346	1	Preferred	Series Seed	568796	000000N/A	N/A
0001144204-19-045346	1	Common	Common Stock	1732585	000000N/A	N/A
0001144204-19-045346	1	Debt Securities	Convertible Promissory Notes	2050000	000000N/A	N/A
0001144204-19-045341	4	Preferred	Series B-1	6870229	000000N/A	N/A
0001144204-19-045341	3	Preferred	Series B	13358810	000000N/A	N/A
0001144204-19-045341	2	Preferred	Series A	8276928	000000N/A	N/A
0001144204-19-045341	1	Preferred	Series Seed	13241627	000000N/A	N/A
0001144204-19-045341	1	Common	Common Sock	7116479	000000N/A	N/A
0001144204-19-045341	1	Debt Securities	N/A	0	000000N/A	N/A
0001144204-19-045341	5	Preferred	Series C	8209586	000000N/A	N/A
0001144204-19-045241	1	Debt Securities	Convertible Promissory Notes	2050000	000000N/A	N/A
0001144204-19-045241	1	Preferred	Series Seed	568796	000000N/A	N/A
0001144204-19-045241	2	Preferred	Series A Preferred Stock	747373	000000N/A	N/A
0001144204-19-045241	1	Common	Common Stock	1732585	000000N/A	N/A
0001766914-19-000005	1	Preferred	NA	0	NA	NA
0001766914-19-000005	1	Common	Class A Units	9000000	NA	NA
0001766914-19-000005	1	Debt Securities	NA	0	NA	NA
0001144204-19-045090	1	Debt Securities	N/A	0	000000N/A	N/A
0001144204-19-045090	1	Common	Common Stock	10377615	000000N/A	N/A
0001144204-19-045090	1	Preferred	Series Seed Preferred Stock	20714518	000000N/A	N/A
0001144204-19-045090	5	Preferred	Series CF Preferred Stock	124204	000000N/A	N/A
0001144204-19-045090	3	Preferred	Series A-2 Preferred Stock	5932742	000000N/A	N/A
0001144204-19-045090	4	Preferred	Series A-3 Preferred Stock	3447608	000000N/A	N/A
0001144204-19-045090	2	Preferred	Series A Preferred Stock	5650903	000000N/A	N/A
0001477932-19-005447	1	Debt Securities	Debt Securities	0		
0001477932-19-005447	1	Preferred	Class A Interests	0		
0001477932-19-005447	1	Common	Class B Interests	1000	None	None
0001654954-19-010788	1	Common	Class A Units	100	000000000	none
0001654954-19-010788	1	Debt Securities	none	0		
0001654954-19-010788	1	Preferred	none	0		
0001778052-19-000012	1	Preferred	Series A Preferred	1	0	n/a
0001778052-19-000012	1	Debt Securities		0		
0001778052-19-000012	1	Common	Class B Common Stock	33826200	0	n/a
0001144204-19-044726	1	Debt Securities	N/A	0	000000000	N/A
0001144204-19-044726	1	Common	Common Stock	8527500	000000000	N/A
0001144204-19-044726	1	Preferred	Series A Preferred Stock	8853173	000000000	N/A
0001683168-19-002933	1	Debt Securities	none	0	000000n/a	n/a
0001683168-19-002933	2	Preferred	Convertible Preferred Series C	6500000	000000n/a	n/a
0001683168-19-002933	1	Common	Common Stock	264780133	378987101	OTCMarkets, Pink Open Market
0001683168-19-002933	1	Preferred	Convertible Preferred Series B	3990314	000000n/a	n/a
0001768126-19-000012	1	Debt Securities		0		
0001768126-19-000012	1	Preferred		0		
0001768126-19-000012	1	Common		0		
0001144204-19-044606	1	Common	Common Stock	8527500	000000000	N/A
0001144204-19-044606	1	Preferred	Series A Preferred Stock	8853173	000000000	N/A
0001144204-19-044606	1	Debt Securities	N/A	0	000000000	N/A
0001780914-19-000002	2	Common	Class B Common Stock	24999000	N/A	N/A
0001780914-19-000002	1	Preferred	N/A	0	N/A	N/A
0001780914-19-000002	1	Debt Securities	N/A	0	N/A	N/A
0001780914-19-000002	1	Common	Class A Common Stock	1000	N/A	N/A
0001144204-19-044535	1	Common	Common Stock	38476770	000000N/A	N/A
0001144204-19-044535	1	Preferred	N/A	0	000000N/A	N/A
0001144204-19-044535	1	Debt Securities	N/A	0	000000N/A	N/A
0001663577-19-000362	1	Common	Common Stock	88294700	53222D201	OTCPink
0001663577-19-000362	1	Debt Securities	N/A	0	000000000	N/A
0001663577-19-000362	1	Preferred	N/A	0	000000000	N/A
0001477932-19-005360	1	Debt Securities	None	0		
0001477932-19-005360	2	Common	Series B Voting Units	10000	N/A	N/A
0001477932-19-005360	1	Preferred	None	0		
0001477932-19-005360	3	Common	Series A 2018 COP Units	240296	N/A	N/A
0001477932-19-005360	1	Common	Series A 2016 Units	200000	N/A	N/A
0001213900-19-017786	1	Preferred	Preferred Series A	10000000	000000000	None
0001213900-19-017786	1	Common	Common	351034387	86678L103	OTCPink
0001213900-19-017786	1	Debt Securities	None	0	000000000	None
0001213900-19-017771	1	Preferred	N/A	0	000000000	N/A
0001213900-19-017771	1	Debt Securities	TechSoup Global Regulation A	181	000000000	N/A
0001213900-19-017771	1	Common	N/A	0	000000000	N/A
0001213900-19-017713	1	Common	Common Stock	385563721	37253Y101	OTC Pink Sheets
0001213900-19-017713	1	Debt Securities	None	0	000000000	n/a
0001213900-19-017713	1	Preferred	Preference Series AA	1000	000000000	n/a
0001144204-19-044195	1	Preferred	N/A	0	000000000	N/A
0001144204-19-044195	1	Debt Securities	N/A	0	000000000	N/A
0001144204-19-044195	1	Common	Class B Units	12500000	000000000	N/A
0001144204-19-044154	1	Debt Securities	N/A	0	000000N/A	N/A
0001144204-19-044154	1	Preferred	N/A	0	000000N/A	N/A
0001144204-19-044154	1	Common	Common Stock	4787704	000000N/A	N/A
0001350455-19-000009	1	Preferred	None	0		
0001350455-19-000009	1	Common	None: Class B sold After Offer	0		
0001350455-19-000009	1	Debt Securities	None	0		
0001493152-19-013853	1	Debt Securities	Convertible Notes	1892594	000000000	n/a
0001493152-19-013853	3	Preferred	Series C Conv. Preferred Stock	821292	000000000	n/a
0001493152-19-013853	2	Preferred	Series B Conv. Preferred Stock	1543245	000000000	n/a
0001493152-19-013853	1	Common	Common Stock	177710821	92858K204	OTC Pink Marketplace
0001493152-19-013853	1	Preferred	Series A Conv. Preferred Stock	2552642	000000000	n/a
0001144204-19-043857	3	Preferred	Series B	13358810	000000N/A	N/A
0001144204-19-043857	2	Preferred	Series A	8276928	000000N/A	N/A
0001144204-19-043857	1	Preferred	Series Seed	13241627	000000N/A	N/A
0001144204-19-043857	1	Common	Common Sock	7116479	000000N/A	N/A
0001144204-19-043857	5	Preferred	Series C	8209586	000000N/A	N/A
0001144204-19-043857	4	Preferred	Series B-1	6870229	000000N/A	N/A
0001144204-19-043857	1	Debt Securities	N/A	0	000000N/A	N/A
0001144204-19-043855	1	Preferred	Series Seed	568796	000000N/A	N/A
0001144204-19-043855	1	Common	Common Stock	1732585	000000N/A	N/A
0001144204-19-043855	2	Preferred	Series A Preferred Stock	747373	000000N/A	N/A
0001144204-19-043855	1	Debt Securities	Convertible Promissory Notes	2050000	000000N/A	N/A
0001144204-19-043601	1	Debt Securities	N/A	0	000000000	N/A
0001144204-19-043601	1	Preferred	N/A	0	000000000	N/A
0001144204-19-043601	1	Common	Common Shares	7148279	000000000	N/A
0001144204-19-043605	1	Debt Securities	N/A	0	000000000	N/A
0001144204-19-043605	1	Preferred	N/A	0	000000000	N/A
0001144204-19-043605	1	Common	Common Shares	7248027	000000000	N/A
0001493152-19-013748	1	Preferred	Preferred Stock	5768956	000000N/A	N/A
0001493152-19-013748	1	Common	Common Stock	70135036	000000N/A	N/A
0001493152-19-013748	1	Debt Securities	N/A	0	000000N/A	N/A
0001144204-19-043603	1	Preferred	NA	0	000000000	NA
0001144204-19-043603	1	Common	Common Shares	7545195	000000000	NA
0001144204-19-043603	1	Debt Securities	NA	0	000000000	NA
0001214659-19-005675	1	Preferred	Class A Non-Voting $1,000 Par	0	000000N/A	N/A
0001214659-19-005675	1	Debt Securities	N/A	0	000000N/A	N/A
0001214659-19-005675	1	Common	Voting, $1.00 Par Value	50000	000000N/A	N/A
0001144204-19-043582	1	Preferred	N/A	0	000000N/A	N/A
0001144204-19-043582	1	Debt Securities	N/A	0	000000N/A	N/A
0001144204-19-043582	1	Common	Common Stock	4787704	000000N/A	N/A
0001683168-19-002835	1	Debt Securities	Loan	60000	00000None	None
0001683168-19-002835	1	Preferred	Preferred Equity Series A	2000000	00000None	None
0001683168-19-002835	2	Preferred	Preferred Equity Series B	0	00000None	None
0001683168-19-002835	1	Common	Common Stock	377620110	11777J304	OTC Markets
0001213900-19-017240	1	Preferred	Series A Preferred Stock	0	000000000	N/A
0001213900-19-017240	1	Debt Securities	N/A	0	000000000	N/A
0001213900-19-017240	1	Common	Common Stock	1000000	000000000	N/A
0001019056-19-000510	1	Common	Common Stock	237500000	74349G109	N/A
0001019056-19-000510	1	Debt Securities	N/A	0	000000000	N/A
0001019056-19-000510	1	Preferred	Perferred Stock	0	000000000	N/A
0001683168-19-002832	1	Common	Class A Common Stock	295761699	02563X102	OTC Markets, Pink Open Market
0001683168-19-002832	1	Debt Securities	n/a	0	000000000	none
0001683168-19-002832	1	Preferred	n/a	0	000000000	none
0001754259-19-000003	1	Preferred		0		
0001754259-19-000003	1	Common	Common Shares	6000000	None	None
0001754259-19-000003	1	Debt Securities		0		
0001019056-19-000508	1	Preferred	Perferred Stock	0	000000000	N/A
0001019056-19-000508	1	Debt Securities	N/A	0	000000000	N/A
0001019056-19-000508	1	Common	Common Stock	237500000	74349G109	N/A
0001144204-19-043144	2	Preferred	Series A Preferred Stock	747373	000000N/A	N/A
0001144204-19-043144	1	Debt Securities	Convertible Promissory Notes	2050000	000000N/A	N/A
0001144204-19-043144	1	Common	Common Stock	1732585	000000N/A	N/A
0001144204-19-043144	1	Preferred	Series Seed	568796	000000N/A	N/A
0001775730-19-000002	1	Preferred	Preferred Stock	274550	000000000	Preferred Stock
0001775730-19-000002	1	Debt Securities		0		
0001775730-19-000002	1	Common	Common Stock	204969031	000000000	Common Stock
0001786960-19-000001	1	Preferred	SERIES A Preferred	1000000	00000000	none
0001786960-19-000001	1	Debt Securities		0		
0001786960-19-000001	1	Common	COMMON	4000000	00000000	none
0001213900-19-017046	3	Preferred	Series C Preferred Stock	14425	000000000	There is no trading market for these securities.
0001213900-19-017046	1	Debt Securities	Convertible Notes	225089	000000000	There is no trading market for these securities.
0001213900-19-017046	6	Preferred	Series F Preferred Stock	0	000000000	There is no trading market for these securities.
0001213900-19-017046	5	Preferred	Series E Preferred Stock	10000	000000000	There is no trading market for these securities.
0001213900-19-017046	4	Preferred	Series D Preferred Stock	90000	000000000	There is no trading market for these securities.
0001213900-19-017046	2	Preferred	Series B Preferred Stock	18025	000000000	There is no trading market for these securities.
0001213900-19-017046	1	Preferred	Series A Preferred Stock	10000	000000000	There is no trading market for these securities.
0001213900-19-017046	1	Common	Common Stock	145892369	189125107	OTCQB
0001144204-19-043041	1	Preferred	None	0	000000000	None
0001144204-19-043041	1	Debt Securities	None	0	000000000	None
0001144204-19-043041	1	Common	Common Shares	500	000000000	None
0001144204-19-043038	1	Debt Securities	None	0	000000000	None
0001144204-19-043038	1	Common	Common Shares	500	000000000	None
0001144204-19-043038	1	Preferred	None	0	000000000	None
0001477932-19-005246	1	Preferred		0		
0001477932-19-005246	1	Common	1200000	0		
0001477932-19-005246	1	Debt Securities		0		
0001654954-19-010193	1	Common	Common	1	000000000	None
0001654954-19-010193	1	Preferred	None	0	000000000	None
0001654954-19-010193	1	Debt Securities	None	0	000000000	None
0001688804-19-000017	1	Common	Series #77LE1	2000	0	None
0001688804-19-000017	2	Common	Series #69BM1	2000	0	None
0001688804-19-000017	3	Common	Series #85FT1	2000	0	None
0001688804-19-000017	4	Common	Series #88LJ1	2000	0	None
0001688804-19-000017	5	Common	Series #55PS1	2000	0	None
0001688804-19-000017	1	Debt Securities		0		
0001688804-19-000017	7	Common	Series #90FM1	2000	0	None
0001688804-19-000017	8	Common	Series #89PS1	2000	0	None
0001688804-19-000017	9	Common	Series #83FB1	5000	0	None
0001688804-19-000017	10	Common	#98DV1	2000	0	None
0001688804-19-000017	1	Preferred		0		
0001688804-19-000017	6	Common	Series #95BL1	2000	0	None
0001683168-19-002771	1	Common	See Part II for full listing	7282	000000N/A	N/A
0001683168-19-002771	1	Preferred	none	0	000000N/A	N/A
0001683168-19-002771	1	Debt Securities	none	0	000000N/A	N/A
0001144204-19-042113	1	Debt Securities	N/A	0	000000N/A	N/A
0001144204-19-042113	1	Common	Common Stock	38476770	000000N/A	N/A
0001144204-19-042113	1	Preferred	N/A	0	000000N/A	N/A
0001477932-19-005226	3	Common	Series A 2018 COP Units	240296	N/A	N/A
0001477932-19-005226	2	Common	Series B Voting Units	10000	N/A	N/A
0001477932-19-005226	1	Debt Securities	None	0		
0001477932-19-005226	1	Preferred	None	0		
0001477932-19-005226	1	Common	Series A 2016 Units	200000	N/A	N/A
0001477932-19-005221	1	Preferred	None	0	None	None
0001477932-19-005221	1	Debt Securities	None	0	None	None
0001477932-19-005221	1	Common	Common	1646486640	05575C206	None
0001477932-19-005200	1	Common	Common	462383968	05575C206	None
0001477932-19-005200	1	Preferred	None	0	None	None
0001477932-19-005200	1	Debt Securities	None	0	None	None
0001766914-19-000004	1	Common	Class A Units	9000000	NA	NA
0001766914-19-000004	1	Preferred	NA	0	NA	NA
0001766914-19-000004	1	Debt Securities	NA	0	NA	NA
0001144204-19-041730	1	Preferred	Series A Preferred Stock	0	000000N/A	N/A
0001144204-19-041730	1	Debt Securities	N/A	0	000000N/A	N/A
0001144204-19-041730	1	Common	Class F Stock	3000000	000000N/A	N/A
0001742808-19-000005	1	Debt Securities		0		
0001742808-19-000005	1	Common	Common Shares	5000000	None	None
0001742808-19-000005	1	Preferred		0		
0001477932-19-005178	1	Preferred	10 Percent Pref Particip	20201127	000000000	N/A
0001477932-19-005178	1	Common	N/A	0	000000000	N/A
0001477932-19-005178	1	Debt Securities	8 Percent Secured Notes	28386836	000000000	N/A
0001213900-19-016675	1	Common	Common	351034387	86678L103	OTCPink
0001213900-19-016675	1	Debt Securities	None	0	000000000	None
0001213900-19-016675	1	Preferred	Preferred Series A	10000000	000000000	None
0000806171-19-000063	1	Preferred	none	0	000000000	none
0000806171-19-000063	1	Debt Securities	none	0	000000000	none
0000806171-19-000063	1	Common	Common	85700000	00000none	none
0001477932-19-005137	1	Common	Common Shares	3165625	28252B309	OTC Pink Market
0001477932-19-005137	1	Preferred	Allocation Shares	1000	N/A	N/A
0001477932-19-005137	1	Debt Securities	Secured Convertible Note	714286	N/A	N/A
0001477932-19-005133	1	Preferred	Series A Preferred Stock	10000000	None	None
0001477932-19-005133	1	Debt Securities	None	0	None	None
0001477932-19-005133	1	Common	Common Stock	1394211721	78461L20	OTCMarkets, Pink Open Market
0001654954-19-009937	1	Preferred	Series A Cum Conv Pref Stock	570000	000000000	n/a
0001654954-19-009937	1	Common	Common stock	12849568	00056469P	OTC Pink Market
0001654954-19-009937	1	Debt Securities	n/a	0	000000000	n/a
0001214659-19-005420	1	Preferred	N/A	0	000000000	N/A
0001214659-19-005420	1	Common	Common Stock	200000000	000000000	N/A
0001214659-19-005420	1	Debt Securities	N/A	0	000000000	N/A
0001144204-19-041179	1	Common	Class B Common Stock	1600000	000000000	N/A
0001144204-19-041179	1	Debt Securities	N/A	0	000000000	N/A
0001144204-19-041179	1	Preferred	N/A	0	000000000	N/A
0001778052-19-000011	1	Preferred	Series A Preferred	1	0	n/a
0001778052-19-000011	1	Common	Class B Common Stock	33826200	0	n/a
0001778052-19-000011	1	Debt Securities		0		
0001477932-19-005108	1	Debt Securities	Debt Securities	0		
0001477932-19-005108	1	Common	Class B Interests	1000	None	None
0001477932-19-005108	1	Preferred	Class A Interests	0		
0001683168-19-002740	2	Preferred	Convertible Preferred Series C	6500000	000000n/a	n/a
0001683168-19-002740	1	Common	Common Stock	264780133	378987101	OTCMarkets, Pink Open Market
0001683168-19-002740	1	Preferred	Convertible Preferred Series B	3990314	000000n/a	n/a
0001683168-19-002740	1	Debt Securities	none	0	000000n/a	n/a
0001144204-19-040903	1	Preferred	Series Seed	568796	000000N/A	N/A
0001144204-19-040903	1	Common	Common Stock	1732585	000000N/A	N/A
0001144204-19-040903	1	Debt Securities	Convertible Promissory Notes	2050000	000000N/A	N/A
0001144204-19-040903	2	Preferred	Series A Preferred Stock	747373	000000N/A	N/A
0001144204-19-040711	1	Common	Class B Common Stock	1600000	000000000	N/A
0001144204-19-040711	1	Preferred	N/A	0	000000000	N/A
0001144204-19-040711	1	Debt Securities	N/A	0	000000000	N/A
0001144204-19-040653	1	Preferred	N/A	0	000000N/A	N/A
0001144204-19-040653	1	Common	Class B Common Stock	18000000	000000N/A	N/A
0001144204-19-040653	1	Debt Securities	N/A	0	000000N/A	N/A
0001144204-19-040650	1	Debt Securities	N/A	0	000000N/A	N/A
0001144204-19-040650	1	Preferred	N/A	0	000000N/A	N/A
0001144204-19-040650	1	Common	Class B Common Stock	18000000	000000N/A	N/A
0001683168-19-002692	1	Preferred	Series B preferred stock	3000000	0000000na	na
0001683168-19-002692	1	Common	Common Stock	5702809783	786239103	OTCMarkets, Pink Open Market
0001683168-19-002692	1	Debt Securities	none	0	0000000na	na
0001144204-19-040648	1	Preferred	N/A	0	000000N/A	N/A
0001144204-19-040648	1	Debt Securities	N/A	0	000000N/A	N/A
0001144204-19-040648	1	Common	Class B Common Stock	18000000	000000N/A	N/A
0001144204-19-040645	1	Common	Class B Common Stock	18000000	000000N/A	N/A
0001144204-19-040645	1	Debt Securities	N/A	0	000000N/A	N/A
0001144204-19-040645	1	Preferred	N/A	0	000000N/A	N/A
0001144204-19-040644	1	Preferred	N/A	0	000000N/A	N/A
0001144204-19-040644	1	Debt Securities	N/A	0	000000N/A	N/A
0001144204-19-040644	1	Common	Class B Common Stock	18000000	000000N/A	N/A
0001520138-19-000302	1	Preferred	PREFERRED A	19486	000000000	NONE
0001520138-19-000302	1	Debt Securities	PREFERRED B	100000	000000000	NONE
0001520138-19-000302	1	Common	Common	731119660	88680R102	OTCPINK
0001768126-19-000011	1	Common		0		
0001768126-19-000011	1	Debt Securities		0		
0001768126-19-000011	1	Preferred		0		
0001144204-19-040575	1	Preferred	Series A Preferred Stock	1657396	000000000	N/A
0001144204-19-040575	1	Debt Securities	None	0	000000000	N/A
0001144204-19-040575	1	Common	Common Stock	27974212	000000000	N/A
0001264931-19-000177	1	Common	Common Stock	6158000	000000000	TBD
0001264931-19-000177	1	Preferred	N/A	0	000000000	N/A
0001264931-19-000177	1	Debt Securities	N/A	0	000000000	N/A
0001144204-19-040481	1	Preferred	N/A	0	000000N/A	N/A
0001144204-19-040481	1	Debt Securities	N/A	0	000000N/A	N/A
0001144204-19-040481	1	Common	Common Stock	4787704	000000N/A	N/A
0001493152-19-012883	1	Debt Securities	NONE	0	000000000	NONE
0001493152-19-012883	1	Preferred	None	0	000000000	NONE
0001493152-19-012883	1	Common	Membership Interests	100	000000000	NONE
0001144204-19-040474	1	Common	Common Stock	27974212	000000000	N/A
0001144204-19-040474	1	Preferred	Series A Preferred Stock	1657396	000000000	N/A
0001144204-19-040474	1	Debt Securities	None	0	000000000	N/A
0001144204-19-040467	1	Debt Securities	None	0	000000000	N/A
0001144204-19-040467	1	Preferred	Series A Preferred Stock	1657396	000000000	N/A
0001144204-19-040467	1	Common	Common Stock	27974212	000000000	N/A
0001493152-19-012896	2	Preferred	SeriesA-1 FixedRate Cumulative	45000	30258N303	N/A
0001493152-19-012896	1	Common	Common Stock	11807349	30258N105	Nasdaq Capital Market
0001493152-19-012896	1	Preferred	Series A Fixed Rate Cumulative	100000	30258N204	N/A
0001493152-19-012896	1	Debt Securities	N/A	0	000000000	N/A
0001594062-19-000073	1	Common	Common	90298808	n/a	n/a
0001594062-19-000073	1	Preferred	n/a	0	n/a	n/a
0001594062-19-000073	1	Debt Securities	n/a	0	n/a	n/a
0001213900-19-016176	1	Common	Common	351034387	86678L103	OTCPink
0001213900-19-016176	1	Debt Securities	None	0	000000000	None
0001213900-19-016176	1	Preferred	Preferred Series A	10000000	000000000	None
0001213900-19-016157	1	Preferred	Series A	200	000000000	None
0001213900-19-016157	1	Debt Securities	None	0	000000000	None
0001213900-19-016157	1	Common	Common	349339793	57161M106	OTC Markets
0001144204-19-040323	2	Preferred	Series A Preferred Stock	747373	000000N/A	N/A
0001144204-19-040323	1	Preferred	Series Seed	568796	000000N/A	N/A
0001144204-19-040323	1	Debt Securities	Convertible Promissory Notes	2050000	000000N/A	N/A
0001144204-19-040323	1	Common	Common Stock	1732585	000000N/A	N/A
0001646269-19-000003	1	Debt Securities		0		
0001646269-19-000003	1	Preferred		0		
0001646269-19-000003	1	Common	Common Stock	6508246	NA	NA
0001144204-19-040140	1	Debt Securities	N/A	0	000000000	N/A
0001144204-19-040140	1	Common	Common Stock	8527500	000000000	N/A
0001144204-19-040140	1	Preferred	Series A Preferred Stock	8841630	000000000	N/A
0001144204-19-039714	1	Preferred	N/A	0	000000000	N/A
0001144204-19-039714	1	Debt Securities	N/A	0	000000000	N/A
0001144204-19-039714	1	Common	Common Shares	1612489	000000000	N/A
0001144204-19-039712	1	Debt Securities	N/A	0	000000000	N/A
0001144204-19-039712	1	Common	Common Shares	10618276	000000000	N/A
0001144204-19-039712	1	Preferred	N/A	0	000000000	N/A
0001214659-19-005198	2	Preferred	Series B Preferred Equity	125000	000000000	N/A
0001214659-19-005198	3	Common	Warrants to Acquire Common Stk	82965	000000000	N/A
0001214659-19-005198	2	Common	Options to Purchase Common Stk	27756	000000000	N/A
0001214659-19-005198	1	Common	Common Equity	1106512	26140E600	NYSE American
0001214659-19-005198	1	Debt Securities	Debt Securities	406253	000000000	N/A
0001214659-19-005198	1	Preferred	Series A Preferred Equity	7040	U23339507	N/A
0001493152-19-012272	1	Common	Membership Interests	100	000000000	NONE
0001493152-19-012272	1	Debt Securities	NONE	0	000000000	NONE
0001493152-19-012272	1	Preferred	None	0	000000000	NONE
0001477932-19-004730	1	Preferred	Preferred Membership Interests	0		
0001477932-19-004730	1	Common	Management Interests	100	None	None
0001477932-19-004730	1	Debt Securities		0		
0001350455-19-000008	1	Common	None: Class B sold After Offer	0		
0001350455-19-000008	1	Debt Securities	None	0		
0001350455-19-000008	1	Preferred	None	0		
0001768126-19-000009	1	Preferred		0		
0001768126-19-000009	1	Debt Securities		0		
0001768126-19-000009	1	Common		0		
0001213900-19-015358	2	Preferred	Series A-1 Preferred Stock	651465	000000000	n/a
0001213900-19-015358	4	Preferred	Series B Preferred Stock	1471487	000000000	n/a
0001213900-19-015358	1	Preferred	Series A Preferred Stock	846368	000000000	n/a
0001213900-19-015358	1	Common	Common Stock	4725633	000000000	n/a
0001213900-19-015358	3	Preferred	Series A-2 Preferred Stock	463107	000000000	n/a
0001213900-19-015358	1	Debt Securities	n/a	0	000000000	n/a
0001731122-19-000459	1	Preferred	Membership Interests	0	000000000	N/A
0001731122-19-000459	1	Debt Securities	Membership Interests	0	000000000	N/A
0001731122-19-000459	1	Common	Membership Interests	50000	000000000	N/A
0001477932-19-004641	1	Preferred	None	0		
0001477932-19-004641	2	Common	Non-Voting Common Stock	349314	None	None
0001477932-19-004641	1	Common	Voting Common Stock	10200000	None	None
0001477932-19-004641	1	Debt Securities	None	0		
0001213900-19-015198	1	Common	Common	349339793	57161M106	OTC Markets
0001213900-19-015198	1	Preferred	Series A	200	000000000	None
0001213900-19-015198	1	Debt Securities	None	0	000000000	None
0001213900-19-015111	1	Preferred	N/A	0	000000000	N/A
0001213900-19-015111	1	Debt Securities	TechSoup Global Regulation A	181	000000000	N/A
0001213900-19-015111	1	Common	N/A	0	000000000	N/A
0001144204-19-038846	1	Common	Common Stock	1732585	000000N/A	N/A
0001144204-19-038846	1	Debt Securities	Convertible Promissory Notes	2050000	000000N/A	N/A
0001144204-19-038846	2	Preferred	Series A Preferred Stock	747373	000000N/A	N/A
0001144204-19-038846	1	Preferred	Series Seed	568796	000000N/A	N/A
0001683168-19-002515	1	Preferred	Series C	1500000	000000000	N/A
0001683168-19-002515	1	Common	Common Stock	521859629	45074L109	OTCPinksheets
0001683168-19-002515	1	Debt Securities	N/A	0	000000000	N/A
0001213900-19-015000	1	Common	Common Stock	385563721	37253Y101	OTC Pink Sheets
0001213900-19-015000	1	Debt Securities	None	0	000000000	n/a
0001213900-19-015000	1	Preferred	Preference Series AA	1000	000000000	n/a
0001350455-19-000007	1	Preferred	None	0		
0001350455-19-000007	1	Common	None: Class B sold After Offer	0		
0001350455-19-000007	1	Debt Securities	None	0		
0001683168-19-002472	1	Debt Securities	None	0	000000N/A	N/A
0001683168-19-002472	1	Preferred	Preferred Stock	355000	000000N/A	N/A
0001683168-19-002472	1	Common	Common Stock	122046461	23328Q109	OTC Pink
0001477932-19-004552	1	Debt Securities	None	0	None	None
0001477932-19-004552	1	Common	Common	462383968	05575C206	None
0001477932-19-004552	1	Preferred	None	0	None	None
0001683168-19-002456	1	Debt Securities	not applicable	0	000000000	none
0001683168-19-002456	1	Common	Common Stock, $0.001 par value	83455000	68403M200	OTC Markets
0001683168-19-002456	1	Preferred	Series A Non-Convertible	16081530	000000000	none
0001144204-19-038002	3	Preferred	Series B Preferred Equity	34785700	000000000	N/A
0001144204-19-038002	1	Debt Securities	StreetShares Notes	26025077	000000000	N/A
0001144204-19-038002	2	Debt Securities	StreetShares Pro Securities	6667018	000000000	N/A
0001144204-19-038002	1	Common	Common Stock	11861903	000000000	N/A
0001144204-19-038002	2	Common	Options to Purchase Common Stk	6069736	000000000	N/A
0001144204-19-038002	3	Common	Warrants to Acquire Common Stk	374448	000000000	N/A
0001144204-19-038002	1	Preferred	Series Seed Preferred Equity	4735924	000000000	N/A
0001144204-19-038002	2	Preferred	Series A Preferred Equity	14488075	000000000	N/A
0001477932-19-004488	1	Debt Securities	None	0		
0001477932-19-004488	1	Preferred	Class A Interests	145069	None	None
0001477932-19-004488	1	Common	Class B Interests	1	None	None
0001683168-19-002413	1	Common	Class A Common Units	1384615	00000000.	none
0001683168-19-002413	1	Debt Securities	None	0	00000000.	none
0001683168-19-002413	1	Preferred	none	0	00000000.	none
0001477932-19-004476	1	Preferred	Series A Preferred Stock	10000000	None	None
0001477932-19-004476	1	Common	Common Stock	1394211721	78461L20	OTCMarkets, Pink Open Market
0001477932-19-004476	1	Debt Securities	None	0	None	None
0001683168-19-002406	1	Debt Securities	none	0	00000none	none
0001683168-19-002406	1	Common	Common Stock	131250000	86845R207	OTCMarkets, Pink Open Market
0001683168-19-002406	1	Preferred	Series A Convertible Preferred	5000000	00000none	none
0001213900-19-014367	1	Preferred	Preferred Series A	10000000	000000000	None
0001213900-19-014367	1	Common	Common	351034387	86678L103	OTCPink
0001213900-19-014367	1	Debt Securities	None	0	000000000	None
0001144204-19-037166	1	Common	Common Stock	4787704	000000N/A	N/A
0001144204-19-037166	1	Debt Securities	N/A	0	000000N/A	N/A
0001144204-19-037166	1	Preferred	N/A	0	000000N/A	N/A
0001654954-19-008680	1	Debt Securities	N/A	0	000000000	N/A
0001654954-19-008680	1	Preferred	Series A Preferred Stock	570000	000000000	N/A
0001654954-19-008680	1	Common	Common Stock	12545062	00056469P	OTC Pink Market
0001654954-19-008675	1	Debt Securities	None	0	000000000	None
0001654954-19-008675	1	Common	Common	1	000000000	None
0001654954-19-008675	1	Preferred	None	0	000000000	None
0001683168-19-002388	1	Debt Securities	none	0	00000none	none
0001683168-19-002388	1	Common	Common Stock	131250000	86845R207	OTCMarkets, Pink Open Market
0001683168-19-002388	1	Preferred	Series A Convertible Preferred	5000000	00000none	none
0001144204-19-036804	2	Preferred	Series A Preferred Stock	747373	000000N/A	N/A
0001144204-19-036804	1	Preferred	Series Seed	568796	000000N/A	N/A
0001144204-19-036804	1	Common	Common Stock	1732585	000000N/A	N/A
0001144204-19-036804	1	Debt Securities	Convertible Promissory Notes	2050000	000000N/A	N/A
0001683168-19-002385	1	Preferred	Preferred Stock, $0.001 par va	20000000	000000000	none
0001683168-19-002385	1	Debt Securities	none	0	000000000	none
0001683168-19-002385	1	Common	Common Stock	626082694	86845R207	OTCMarkets, Pink Open Market
0001683168-19-002385	2	Preferred	Special 2017 Series A	1	000000000	none
0001743305-19-000011	1	Debt Securities		0		
0001743305-19-000011	1	Common	Class A Units	100	N/A	N/A
0001743305-19-000011	1	Preferred		0		
0001493152-19-011350	1	Preferred	Series A Fixed Rate Cumulative	100000	30258N204	N/A
0001493152-19-011350	1	Common	Common Stock	11807349	30258N105	Nasdaq Capital Market
0001493152-19-011350	1	Debt Securities	N/A	0	000000000	N/A
0001493152-19-011350	2	Preferred	Series A-1 Fixed Rate Cumulati	45000	30258N303	N/A
0001654954-19-008625	1	Debt Securities	None	0	000000000	None
0001654954-19-008625	1	Common	Common	1	000000000	None
0001654954-19-008625	1	Preferred	None	0	000000000	None
0001683168-19-002376	1	Common	Common Stock	4801506953	34512L202	OTCMarkets, Pink Open Market
0001683168-19-002376	1	Debt Securities	none	0	000000n/a	none
0001683168-19-002376	1	Preferred	none	0	000000n/a	none
0001477932-19-004373	2	Common	Series B Voting Units	10000	N/A	N/A
0001477932-19-004373	3	Common	Series A 2018 COP Units	240296	N/A	N/A
0001477932-19-004373	1	Preferred	None	0		
0001477932-19-004373	1	Common	Series A 2016 Units	200000	N/A	N/A
0001477932-19-004373	1	Debt Securities	None	0		
0001144204-19-036465	4	Preferred	Series B-1	6870229	000000N/A	N/A
0001144204-19-036465	1	Debt Securities	N/A	0	000000N/A	N/A
0001144204-19-036465	5	Preferred	Series C	8209586	000000N/A	N/A
0001144204-19-036465	3	Preferred	Series B	13358810	000000N/A	N/A
0001144204-19-036465	2	Preferred	Series A	8276928	000000N/A	N/A
0001144204-19-036465	1	Common	Common Sock	7116479	000000N/A	N/A
0001144204-19-036465	1	Preferred	Series Seed	13241627	000000N/A	N/A
0001264931-19-000148	1	Preferred	N/A	0	000000000	N/A
0001264931-19-000148	1	Common	Common Stock	6158000	000000000	TBD
0001264931-19-000148	1	Debt Securities	N/A	0	000000000	N/A
0001477932-19-004366	1	Debt Securities		0		
0001477932-19-004366	1	Common	Interests in a Series LLC	0	None	
0001477932-19-004366	1	Preferred		0		
0001493152-19-011262	1	Common	Common Stock	177710821	92858K204	OTC Pink Marketplace
0001493152-19-011262	1	Preferred	Series A Conv. Preferred Stock	2552642	000000000	n/a
0001493152-19-011262	2	Preferred	Series B Conv. Preferred Stock	1543245	000000000	n/a
0001493152-19-011262	3	Preferred	Series C Conv. Preferred Stock	821292	000000000	n/a
0001493152-19-011262	1	Debt Securities	Convertible Notes	1892594	000000000	n/a
0001766914-19-000003	1	Preferred	NA	0	NA	NA
0001766914-19-000003	1	Common	Class A Units	9000000	NA	NA
0001766914-19-000003	1	Debt Securities	NA	0	NA	NA
0000806171-19-000056	1	Debt Securities	none	0	000000000	none
0000806171-19-000056	1	Common	Common	85700000	00000none	none
0000806171-19-000056	1	Preferred	none	0	000000000	none
0001594062-19-000065	1	Preferred	n/a	0	n/a	n/a
0001594062-19-000065	1	Common	Common	90298808	n/a	n/a
0001594062-19-000065	1	Debt Securities	n/a	0	n/a	n/a
0001477932-19-004328	1	Debt Securities	None	0		
0001477932-19-004328	1	Preferred	None	0		
0001477932-19-004328	2	Common	Non-Voting Common Stock	88500	None	None
0001477932-19-004328	1	Common	Voting Common Stock	8388607	None	None
0001214659-19-004745	1	Debt Securities	N/A	0	000000N/A	N/A
0001214659-19-004745	1	Preferred	Class A Non-Voting $1,000 Par	0	000000N/A	N/A
0001214659-19-004745	1	Common	Voting, $1.00 Par Value	50000	000000N/A	N/A
0001703429-19-000033	1	Common	Common	329996002	45338P102	OTC Pink Market Tier
0001703429-19-000033	1	Debt Securities	None	0	000000000	OTC MarketPlace
0001703429-19-000033	1	Preferred	Preferred	0	45338P102	OTC MarketPlace
0001683168-19-002340	1	Preferred	Series A Convertible Preferred	5000000	00000none	none
0001683168-19-002340	1	Debt Securities	none	0	00000none	none
0001683168-19-002340	1	Common	Common Stock	98250000	86845R207	OTCMarkets, Pink Open Market
0001144204-19-035548	1	Common	Class B Common Stock	18000000	000000N/A	N/A
0001144204-19-035548	1	Debt Securities	N/A	0	000000N/A	N/A
0001144204-19-035548	1	Preferred	N/A	0	000000N/A	N/A
0001213900-19-013392	1	Debt Securities	None	0	000000000	None
0001213900-19-013392	1	Common	Common	351034387	86678L103	OTCPink
0001213900-19-013392	1	Preferred	Preferred Series A	10000000	000000000	None
0001144204-19-035546	1	Common	Class B Common Stock	18000000	000000N/A	N/A
0001144204-19-035546	1	Debt Securities	N/A	0	000000N/A	N/A
0001144204-19-035546	1	Preferred	N/A	0	000000N/A	N/A
0001144204-19-035541	1	Debt Securities	N/A	0	000000N/A	N/A
0001144204-19-035541	1	Preferred	N/A	0	000000N/A	N/A
0001144204-19-035541	1	Common	Class B Common Stock	18000000	000000N/A	N/A
0001144204-19-035539	1	Common	Class B Common Stock	18000000	000000N/A	N/A
0001144204-19-035539	1	Debt Securities	N/A	0	000000N/A	N/A
0001144204-19-035539	1	Preferred	N/A	0	000000N/A	N/A
0001144204-19-035537	1	Debt Securities	N/A	0	000000N/A	N/A
0001144204-19-035537	1	Common	Class B Common Stock	18000000	000000N/A	N/A
0001144204-19-035537	1	Preferred	N/A	0	000000N/A	N/A
0001654954-19-008426	1	Debt Securities	None	0	000000000	N/A
0001654954-19-008426	2	Common	Class B Voting/Now Particip	1100000	000000000	N/A
0001654954-19-008426	1	Common	Class A Common	302251877	25381C109	OTC.PK
0001654954-19-008426	1	Preferred	None	0	000000000	N/A
0001477932-19-004260	1	Debt Securities	None	0	None	None
0001477932-19-004260	1	Preferred	Series A Preferred Stock	0	None	None
0001477932-19-004260	1	Common	Common Stock	102969086	None	None
0001743305-19-000010	1	Common	Class A Units	100	N/A	N/A
0001743305-19-000010	1	Debt Securities		0		
0001743305-19-000010	1	Preferred		0		
0001144204-19-035491	1	Debt Securities	Convertible Promissory Notes	2050000	000000N/A	N/A
0001144204-19-035491	2	Preferred	Series A Preferred Stock	747373	000000N/A	N/A
0001144204-19-035491	1	Common	Common Stock	1732585	000000N/A	N/A
0001144204-19-035491	1	Preferred	Series Seed	568796	000000N/A	N/A
0001743305-19-000009	1	Preferred		0		
0001743305-19-000009	1	Common	Class A Units	100	N/A	N/A
0001743305-19-000009	1	Debt Securities		0		
0001213900-19-013354	1	Debt Securities	None	0	000000000	None
0001213900-19-013354	1	Preferred	Series A	200	000000000	None
0001213900-19-013354	1	Common	Common	349339793	57161M106	OTC Markets
0001776230-19-000010	1	Preferred	NONE	0		
0001776230-19-000010	1	Common	Common	100000	NONE	NASD
0001776230-19-000010	1	Debt Securities	NONE	0		
0001144204-19-035421	1	Common	Common Stock	5000000	000000000	NA
0001144204-19-035421	1	Debt Securities	NA	0	000000000	NA
0001144204-19-035421	1	Preferred	NA	0	000000000	NA
0001144204-19-035281	1	Common	Class B Common Stock	1600000	000000000	N/A
0001144204-19-035281	1	Debt Securities	N/A	0	000000000	N/A
0001144204-19-035281	1	Preferred	N/A	0	000000000	N/A
0001493152-19-010900	1	Debt Securities	N/A	0	000000000	N/A
0001493152-19-010900	1	Preferred	Series A Preferred	3000000	000000000	N/A
0001493152-19-010900	1	Common	Common Stock	443354541	49374X201	OTC Markets
0001493152-19-010900	2	Preferred	Series B Preferred	20000000	000000000	N/A
0001683168-19-002261	1	Common	See Part II for full listing	1349	000000N/A	N/A
0001683168-19-002261	1	Preferred	none	0	000000N/A	N/A
0001683168-19-002261	1	Debt Securities	none	0	000000N/A	N/A
0001703429-19-000031	1	Debt Securities	None	0	000000000	OTC MarketPlace
0001703429-19-000031	1	Preferred	Preferred	0	45338P102	OTC MarketPlace
0001703429-19-000031	1	Common	Common	329996002	45338P102	OTC Pink Market Tier
0001778052-19-000004	1	Preferred	Series A Preferred	1	0	n/a
0001778052-19-000004	1	Debt Securities		0		
0001778052-19-000004	1	Common	Class B Common Stock	33826200	0	n/a
0001144204-19-035041	6	Preferred	Series m-3 Preferred Stock	16757	000000N/A	N/A
0001144204-19-035041	1	Debt Securities	Convertible Promissory Notes	1372000	000000N/A	N/A
0001144204-19-035041	8	Preferred	Preferred Stock Warrant	2166735	000000N/A	N/A
0001144204-19-035041	7	Preferred	Series m-4 Preferred Stock	1432786	000000N/A	N/A
0001144204-19-035041	1	Common	Class A Common Stock	0	000000N/A	N/A
0001144204-19-035041	5	Preferred	Series m-2 Preferred Stock	1660756	000000N/A	N/A
0001144204-19-035041	3	Common	Class B Common Stock Warrants	121913	000000N/A	N/A
0001144204-19-035041	1	Preferred	Series S Preferred Stock	469140	000000N/A	N/A
0001144204-19-035041	2	Preferred	Series A Preferred Stock	8936015	000000N/A	N/A
0001144204-19-035041	3	Preferred	Series B Preferred Stock	4653583	000000N/A	N/A
0001144204-19-035041	4	Preferred	Series m Preferred Stock	5339215	000000N/A	N/A
0001144204-19-035041	2	Common	Class B Common Stock	10179000	000000N/A	N/A
0001768344-19-000007	1	Common	Common	5000000	none	n/a
0001768344-19-000007	1	Preferred	Preferred	3000000	none	n/a
0001768344-19-000007	1	Debt Securities	0	0	0	
0001683168-19-002230	1	Debt Securities	none	0	00000none	none
0001683168-19-002230	1	Common	Common Stock	131250000	86845R207	OTCMarkets, Pink Open Market
0001683168-19-002230	1	Preferred	Series A Convertible Preferred	5000000	00000none	none
0001144204-19-034931	2	Common	Options to Purchase Common Stk	6069736	000000000	N/A
0001144204-19-034931	1	Debt Securities	StreetShares Notes	26025077	000000000	N/A
0001144204-19-034931	3	Preferred	Series B Preferred Equity	34785700	000000000	N/A
0001144204-19-034931	2	Preferred	Series A Preferred Equity	14488075	000000000	N/A
0001144204-19-034931	1	Preferred	Series Seed Preferred Equity	4735924	000000000	N/A
0001144204-19-034931	3	Common	Warrants to Acquire Common Stk	374448	000000000	N/A
0001144204-19-034931	2	Debt Securities	StreetShares Pro Securities	6667018	000000000	N/A
0001144204-19-034931	1	Common	Common Stock	11861903	000000000	N/A
0001477932-19-004144	1	Debt Securities		0		
0001477932-19-004144	1	Preferred		0		
0001477932-19-004144	1	Common	Interests in a Series LLC	0	None	
0001213900-19-012961	1	Preferred	Series A Preferred Stock	0	000000000	N/A
0001213900-19-012961	1	Debt Securities	N/A	0	000000000	N/A
0001213900-19-012961	1	Common	Common Stock	1000000	000000000	N/A
0001493152-19-010719	1	Debt Securities	None	0	000000000	N/A
0001493152-19-010719	1	Preferred	None	0	000000000	N/A
0001493152-19-010719	1	Common	Common Stock	10042350	000000000	N/A
0001477932-19-004141	1	Debt Securities	Debt Securities	0		
0001477932-19-004141	1	Preferred	Class A Interests	0		
0001477932-19-004141	1	Common	Class B Interests	1000	None	None
0001144204-19-034715	1	Preferred	N/A	0	000000000	N/A
0001144204-19-034715	1	Debt Securities	N/A	0	000000000	N/A
0001144204-19-034715	1	Common	Class B Common Stock	1600000	000000000	N/A
0001144204-19-034629	2	Preferred	Series A Preferred Stock	747373	000000N/A	N/A
0001144204-19-034629	1	Debt Securities	Convertible Promissory Notes	2050000	000000N/A	N/A
0001144204-19-034629	1	Common	Common Stock	1732585	000000N/A	N/A
0001144204-19-034629	1	Preferred	Series Seed	568796	000000N/A	N/A
0001477932-19-004057	1	Debt Securities	None	0	None	None
0001477932-19-004057	1	Preferred	Series A Preferred Stock	0	None	None
0001477932-19-004057	1	Common	Common Stock	102969086	None	None
0001493152-19-010588	1	Preferred	None	0	000000000	NONE
0001493152-19-010588	1	Debt Securities	NONE	0	000000000	NONE
0001493152-19-010588	1	Common	Membership Interests	100	000000000	NONE
0001493152-19-010584	1	Common	Common Stock	11807349	30258N105	Nasdaq Capital Market
0001493152-19-010584	2	Preferred	Series A-1 Fixed Rate Cumulati	45000	30258N303	N/A
0001493152-19-010584	1	Preferred	Series A Fixed Rate Cumulative	100000	30258N204	N/A
0001493152-19-010584	1	Debt Securities	N/A	0	000000000	N/A
0001144204-19-034549	1	Preferred	N/A	0	000000N/A	N/A
0001144204-19-034549	1	Common	Class B Common Stock	18000000	000000N/A	N/A
0001144204-19-034549	1	Debt Securities	N/A	0	000000N/A	N/A
0001144204-19-034545	1	Common	Class B Common Stock	18000000	000000N/A	N/A
0001144204-19-034545	1	Preferred	N/A	0	000000N/A	N/A
0001144204-19-034545	1	Debt Securities	N/A	0	000000N/A	N/A
0001144204-19-034541	1	Preferred	N/A	0	000000N/A	N/A
0001144204-19-034541	1	Debt Securities	N/A	0	000000N/A	N/A
0001144204-19-034541	1	Common	Class B Common Stock	18000000	000000N/A	N/A
0001144204-19-034536	1	Preferred	N/A	0	000000N/A	N/A
0001144204-19-034536	1	Common	Class B Common Stock	18000000	000000N/A	N/A
0001144204-19-034536	1	Debt Securities	N/A	0	000000N/A	N/A
0001144204-19-034533	1	Debt Securities	N/A	0	000000N/A	N/A
0001144204-19-034533	1	Common	Class B Common Stock	18000000	000000N/A	N/A
0001144204-19-034533	1	Preferred	N/A	0	000000N/A	N/A
0001144204-19-034473	1	Preferred	None	0	000000000	None
0001144204-19-034473	1	Common	Common Stock	100	000000000	None
0001144204-19-034473	1	Debt Securities	None	0	000000000	None
0001703429-19-000029	1	Debt Securities	None	0	000000000	OTC MarketPlace
0001703429-19-000029	1	Preferred	Preferred	0	45338P102	OTC MarketPlace
0001703429-19-000029	1	Common	Common	329996002	45338P102	OTC Pink Market Tier
0001144204-19-034323	1	Debt Securities	N/A	0	000000000	N/A
0001144204-19-034323	1	Preferred	N/A	0	000000000	N/A
0001144204-19-034323	1	Common	Class B Units	12500000	000000000	N/A
0001628279-19-000256	1	Common	Common	139189499	000000000	N/A
0001628279-19-000256	1	Preferred		0		
0001628279-19-000256	1	Debt Securities	Debt Payable by Assets	1349832	000000000	N/A
0001144204-19-034309	1	Debt Securities	N/A	0	000000N/A	N/A
0001144204-19-034309	1	Common	Common Stock	4787704	000000N/A	N/A
0001144204-19-034309	1	Preferred	N/A	0	000000N/A	N/A
0001104659-19-039831	6	Preferred	Series A-6	83523	000000N/A	N/A
0001104659-19-039831	1	Debt Securities		0	000000N/A	
0001104659-19-039831	4	Preferred	Series A-4	1162059	000000N/A	N/A
0001104659-19-039831	3	Preferred	Series A-3	120238	000000N/A	N/A
0001104659-19-039831	2	Preferred	Series A-2	440365	000000N/A	N/A
0001104659-19-039831	1	Preferred	Series A-1	2638835	000000N/A	N/A
0001104659-19-039831	1	Common	Common Stock	9131646	000000N/A	N/A
0001104659-19-039831	5	Preferred	Series A-5	94332	000000N/A	N/A
0001104659-19-039831	7	Preferred	Series A-7	19146	000000N/A	N/A
0001213900-19-012418	1	Common	Series #KW	1	000000000	n/a
0001213900-19-012418	1	Preferred	n/a	0	000000000	n/a
0001213900-19-012418	1	Debt Securities	n/a	0	000000000	n/a
0001022183-19-000010	1	Common	1,000,000,000	58593479	12506E 10	OTC Markets CBSC
0001022183-19-000010	1	Preferred	100,000,000	1000000	12506E 10	None
0001022183-19-000010	1	Debt Securities	NONE	0		
0001628279-19-000254	1	Preferred		0		
0001628279-19-000254	1	Common	Common	139189499	000000000	N/A
0001628279-19-000254	1	Debt Securities	Debt Payable by Assets	1349832	000000000	N/A
0001104659-19-039757	6	Preferred	Series A-6	83523	000000N/A	N/A
0001104659-19-039757	5	Preferred	Series A-5	94332	000000N/A	N/A
0001104659-19-039757	4	Preferred	Series A-4	1162059	000000N/A	N/A
0001104659-19-039757	3	Preferred	Series A-3	120238	000000N/A	N/A
0001104659-19-039757	7	Preferred	Series A-7	19146	000000N/A	N/A
0001104659-19-039757	1	Preferred	Series A-1	2638835	000000N/A	N/A
0001104659-19-039757	1	Common	Common Stock	9131646	000000N/A	N/A
0001104659-19-039757	1	Debt Securities		0	000000N/A	
0001104659-19-039757	2	Preferred	Series A-2	440365	000000N/A	N/A
0001683168-19-002139	1	Common	Common Stock	4480205783	786239103	OTCMarkets, Pink Open Market
0001683168-19-002139	1	Preferred	Series B preferred stock	3000000	0000000na	na
0001683168-19-002139	1	Debt Securities	none	0	0000000na	na
0001213900-19-012240	1	Debt Securities	None	0	000000000	None
0001213900-19-012240	1	Common	Common	351034387	86678L103	OTCPink
0001213900-19-012240	1	Preferred	Preferred Series A	10000000	000000000	None
0001144204-19-034038	1	Preferred	N/A	0	000000000	N/A
0001144204-19-034038	1	Debt Securities	N/A	0	000000000	N/A
0001144204-19-034038	1	Common	Class A Common Stock	11516986	000000000	N/A
0001144204-19-034038	2	Common	Class B Common Stock	5400	000000000	N/A
0001688804-19-000013	1	Debt Securities		0		
0001688804-19-000013	1	Common	Series #77LE1	2000	0	None
0001688804-19-000013	2	Common	Series #69BM1	2000	0	None
0001688804-19-000013	3	Common	Series #85FT1	2000	0	None
0001688804-19-000013	4	Common	Series #88LJ1	2000	0	None
0001688804-19-000013	5	Common	Series #55PS1	2000	0	None
0001688804-19-000013	6	Common	Series #95BL1	2000	0	None
0001688804-19-000013	7	Common	Series #90FM1	2000	0	None
0001688804-19-000013	8	Common	Series #89PS1	2000	0	None
0001688804-19-000013	9	Common	Series #83FB1	5000	0	None
0001688804-19-000013	10	Common	#98DV1	2000	0	None
0001688804-19-000013	1	Preferred		0		
0001213900-19-012236	1	Debt Securities	None	0	000000000	None
0001213900-19-012236	1	Common	Common	140342956	717141105	OTCPink
0001213900-19-012236	1	Preferred	Preferred Series D	10000	000000000	None
0001350455-19-000006	1	Common	Class B Interests	0		
0001350455-19-000006	1	Preferred	None	0		
0001350455-19-000006	1	Debt Securities	None	0		
0001104659-19-039476	5	Preferred	Series A-5	94332	000000N/A	N/A
0001104659-19-039476	7	Preferred	Series A-7	19146	000000N/A	N/A
0001104659-19-039476	6	Preferred	Series A-6	83523	000000N/A	N/A
0001104659-19-039476	1	Debt Securities		0	000000N/A	
0001104659-19-039476	4	Preferred	Series A-4	1162059	000000N/A	N/A
0001104659-19-039476	3	Preferred	Series A-3	120238	000000N/A	N/A
0001104659-19-039476	2	Preferred	Series A-2	440365	000000N/A	N/A
0001104659-19-039476	1	Preferred	Series A-1	2638835	000000N/A	N/A
0001104659-19-039476	1	Common	Common Stock	9131646	000000N/A	N/A
0001628279-19-000251	1	Preferred		0		
0001628279-19-000251	1	Debt Securities	Debt Payable by Assets	1349832	000000000	N/A
0001628279-19-000251	1	Common	Common	139189499	000000000	N/A
0001213900-19-012121	1	Debt Securities	None	0	000000000	None
0001213900-19-012121	1	Preferred	Series A	200	000000000	None
0001213900-19-012121	1	Common	Common	59700131	57161M106	OTC Markets
0001766570-19-000008	1	Debt Securities		0		
0001766570-19-000008	1	Common	Voting Shares	1000	N/A	N/A
0001766570-19-000008	1	Preferred		0		
0001144204-19-033796	2	Common	Class B Common Stock	5767747	000000N/A	N/A
0001144204-19-033796	3	Common	Class F Common Stock	10000000	000000N/A	N/A
0001144204-19-033796	4	Common	Class M Common Stock	0	000000N/A	N/A
0001144204-19-033796	1	Preferred	Series A Preferred Stock	11865046	000000N/A	N/A
0001144204-19-033796	1	Debt Securities	N/A	0	000000N/A	N/A
0001144204-19-033796	1	Common	Class A Common Stock	2468465	000000N/A	N/A
0001193125-19-189212	1	Debt Securities	Notes	34	000000000	N/A
0001193125-19-189212	1	Preferred	Preferred Equity Class A	0	000000000	N/A
0001193125-19-189212	1	Common	Common Equity Class B	0	000000000	N/A
0001144204-19-033660	1	Common	Common Stock	2500	000000000	None
0001144204-19-033660	1	Debt Securities	None	0	000000000	None
0001144204-19-033660	1	Preferred	None	0	000000000	None
0001703429-19-000027	1	Preferred	Preferred	0	45338P102	OTC MarketPlace
0001703429-19-000027	1	Common	Common	329996002	45338P102	OTC Pink Market Tier
0001703429-19-000027	1	Debt Securities	None	0	000000000	OTC MarketPlace
0001683168-19-002072	1	Preferred	none	0	000000000	N/A
0001683168-19-002072	1	Debt Securities	none	0	000000n/a	n/a
0001683168-19-002072	1	Common	Common Stock	5058067087	83082Y102	OTC Pink Open Market
0001445866-19-000773	1	Common	Class A Units	264775	0	0
0001445866-19-000773	1	Preferred	Class B Units	100	0	0
0001445866-19-000773	1	Debt Securities	0	0		
0001594062-19-000062	1	Debt Securities	n/a	0	n/a	n/a
0001594062-19-000062	1	Preferred	n/a	0	n/a	n/a
0001594062-19-000062	1	Common	Common	86046843	n/a	n/a
0001477932-19-003818	1	Preferred	None	0		
0001477932-19-003818	1	Common	Common Stock	20335000	N/A	N/A
0001477932-19-003818	1	Debt Securities	None	0		
0001683168-19-002062	1	Debt Securities	N/A	0	000000000	N/A
0001683168-19-002062	1	Preferred	Series C	1500000	000000000	N/A
0001683168-19-002062	1	Common	Common Stock	521859629	45074L109	OTCPinksheets
0001477932-19-003809	1	Common	Common Stock	102969086	None	None
0001477932-19-003809	1	Preferred	Series A Preferred Stock	0	None	None
0001477932-19-003809	1	Debt Securities	None	0	None	None
0001654954-19-007796	1	Preferred	None	0	000000000	N/A
0001654954-19-007796	2	Common	Class B Voting/Now Particip	1100000	000000000	N/A
0001654954-19-007796	1	Common	Class A Common	302251877	25381C109	OTC.PK
0001654954-19-007796	1	Debt Securities	None	0	000000000	N/A
0001774589-19-000011	1	Preferred		0		
0001774589-19-000011	1	Common	COMMON	5010	NONE	NASD
0001774589-19-000011	1	Debt Securities		0		
