ACCESSION_NUMBER	INFO_ID	ISSUERNAME	CIK	JURISDICTIONORGANIZATION
0001144204-19-044920	1	GolfSuites 1, Inc.	0001765347	DE
0001654954-19-010471	1	GK Investment Holdings	0001656108	DE
0001144204-19-043048	1	Red Mountain Ventures Limited Partnership	0001712949	A1
0001214659-19-005495	1	Alzamend Neuro, Inc.	0001677077	DE
0001144204-19-040565	1	GROUNDFLOOR FINANCE INC.	0001588504	GA
0001683168-19-002665	1	Movie Studio, Inc.	0001109067	DE
0001698370-19-000004	1	True Leaf Brands Inc.	0001698370	A1
0001671132-19-000001	1	Nuvus Gro Corp	0001671132	NV
0001599916-19-000124	1	Sigmata Electronics, Inc.	0001675426	DE
0001213900-19-013660	1	DF Growth REIT, LLC	0001750695	DE
0001477932-19-004276	1	Insitu Biologics, Inc.	0001723443	DE
0001640334-19-001399	1	VORTEX BRANDS CO.	0001373467	CO
