ACCESSION_NUMBER	EMP_ID	ISSUERNAME	JURISDICTIONORGANIZATION	YEARINCORPORATION	CIK	SICCODE	FULLTIMEEMPLOYEES	PARTTIMEEMPLOYEES
0001493152-19-014779	1	Fat Brands, Inc.	DE	2017	0001705012	5812	54	0
0001144204-19-046554	1	Real Goods Solar, Inc.	CO	2008	0001425565	1700	56	0
0001493152-19-014709	1	CW Petroleum Corp	WY	2018	0001741220	5172	2	1
0001761911-19-000013	1	Nowigence Inc.	NY	2011	0001761911	7370	17	0
0001628279-19-000314	1	YouNow, Inc.	DE	2011	0001725129	7372	31	0
0001213900-19-019204	1	GREEN STREAM HOLDINGS INC.	WY	2004	0001437476	4991	0	0
0001493152-19-014674	1	Clean Energy Technologies, Inc.	NV	1995	0001329606	3672	10	0
0001213900-19-019161	1	Amarantus Bioscience Holdings, Inc.	NV	2008	0001424812	2834	4	1
0001766214-19-000022	1	EHEDGE FINANCIAL HOLDING CORP	DE	2019	0001766214	6199	1	3
0001477932-19-005549	1	1847 HOLDINGS LLC	DE	2013	0001599407	3630	115	2
0001144204-19-046019	1	Reitless Impact Opportunity Zone Strategies LLC	DE	2019	0001764460	6798	0	0
0001144204-19-045953	1	1st stREIT Office Inc.	MD	2016	0001700461	6798	0	0
0001213900-19-018880	1	Otis Gallery LLC	DE	2018	0001767876	7389	0	0
0001775196-19-000006	1	Acqusalut Inc.	FL	2019	0001775196	7900	1	1
0001688804-19-000020	1	RSE Collection, LLC	DE	2016	0001688804	3711	0	0
0001214659-19-006003	1	DPW Holdings, Inc.	DE	2017	0000896493	3679	248	0
0001078782-19-000732	1	iQSTEL Inc	NV	2011	0001527702	4813	18	0
0001721469-19-000016	1	RAD Diversified REIT, Inc.	MD	2017	0001721469	6798	0	0
0001721469-19-000015	1	RAD Diversified REIT, Inc.	MD	2017	0001721469	6798	0	0
0001213900-19-018729	1	TechSoup Global, A California 501(c)(3) Nonprofit Public Benefit Corporation	CA	1988	0001714680	7372	201	12
0001213900-19-018688	1	Sun Kissed Industries, Inc., f/k/a DNA Dynamics, Inc.	WY	1981	0001086313	5734	0	0
0001721469-19-000013	1	RAD Diversified REIT, Inc.	MD	2017	0001721469	6798	0	0
0001683168-19-003022	1	CBD Life Sciences, Inc.	NV	1998	0001776073	5900	5	0
0001493152-19-014415	1	American International Holdings Corp.	NV	1986	0001300524	1389	5	3
0001469709-19-000144	1	No Borders, Inc.	NV	1999	0001091418	7389	2	0
0001144204-19-045512	1	CaliberCos Inc.	DE	2014	0001627282	6500	70	0
0000806171-19-000070	1	PunchFlix INC	DE	2018	0001755037	7819	1	0
0001731122-19-000555	1	GP SOLUTIONS INC.	NV	1990	0001424264	3448	4	4
0001144204-19-045488	1	CalTier Fund I, LP	DE	2019	0001771232	6500	0	0
0001213900-19-018517	1	Automation Finance Reperformance Fund IV LLC	DE	2018	0001756950	6199	0	0
0001683168-19-002996	1	Aqua Quest International, Inc.	FL	2012	0001558636	4400	8	11
0001477932-19-005471	1	MEDX HOLDINGS INC.	WY	2006	0001393901	1540	1	0
0001140361-19-017021	1	DLP Positive Fixed Returns Fund LLC	DE	2017	0001731302	6500	0	0
0001144204-19-045346	1	GROUNDFLOOR FINANCE INC.	GA	2013	0001588504	6199	40	0
0001144204-19-045341	1	Winc, Inc.	DE	2011	0001782627	5961	80	1
0001144204-19-045241	1	GROUNDFLOOR FINANCE INC.	GA	2013	0001588504	6199	40	0
0001766914-19-000005	1	Wiley Area Development LLC	OH	2017	0001766914	5810	2	2
0001144204-19-045090	1	Denim.LA, Inc.	DE	2013	0001668010	5600	16	0
0001477932-19-005447	1	Paradyme Equities, LLC	CA	2017	0001718714	6799	0	2
0001654954-19-010788	1	GK Investment Property Holdings II, LLC	DE	2019	0001788427	6500	0	0
0001778052-19-000012	1	Ijascode Handsoff Marketing system, LLc	CA	2017	0001778052	3670	2	7
0001144204-19-044726	1	NowRx, Inc.	DE	2015	0001702206	5912	23	2
0001683168-19-002933	1	Global Entertainment Holdings, Inc.	NV	1996	0001142488	7812	1	4
0001768126-19-000012	1	RSE Archive, LLC	DE	2019	0001768126	3949	0	0
0001144204-19-044606	1	NowRx, Inc.	DE	2015	0001702206	5912	23	2
0001780914-19-000002	1	Golden Seed, Inc.	DE	2019	0001780914	100	16	0
0001144204-19-044535	1	XTI Aircraft Co	DE	2009	0001638850	3721	0	0
0001663577-19-000362	1	LIFEQUEST WORLD CORP.	MN	1997	0001060888	4950	4	0
0001477932-19-005360	1	WORLD TREE COP USA, LLC	NV	2015	0001687316	100	5	1
0001213900-19-017786	1	Sun Kissed Industries, Inc., f/k/a DNA Dynamics, Inc.	WY	1981	0001086313	5734	0	0
0001213900-19-017771	1	TechSoup Global, A California 501(c)(3) Nonprofit Public Benefit Corporation	CA	1988	0001714680	7372	201	12
0001213900-19-017713	1	GenTech Holdings,Inc.	FL	2013	0001591157	5812	1	0
0001144204-19-044195	1	School of Whales Commercial Real Estate Equity Fund, LLC	FL	2018	0001760097	6798	0	3
0001144204-19-044154	1	Monogram Orthopaedics Inc.	DE	2016	0001769759	3841	2	2
0001350455-19-000009	1	GILMORE HOMES - GILMORE LOANS, LLC	GA	2018	0001350455	6798	0	0
0001493152-19-013853	1	VIVOS INC	DE	1994	0001449349	3841	1	1
0001144204-19-043857	1	Winc, Inc.	DE	2011	0001782627	5961	80	1
0001144204-19-043855	1	GROUNDFLOOR FINANCE INC.	GA	2013	0001588504	6199	40	0
0001144204-19-043601	1	Fundrise East Coast Opportunistic REIT, LLC	DE	2015	0001660918	6798	0	0
0001144204-19-043605	1	Fundrise Midland Opportunistic REIT, LLC	DE	2015	0001661023	6798	0	0
0001493152-19-013748	1	Wizard Entertainment, Inc.	DE	2001	0001162896	7900	9	3
0001144204-19-043603	1	Fundrise West Coast Opportunistic REIT, LLC	DE	2015	0001660919	6798	0	0
0001214659-19-005675	1	TUSCAN GARDENS SENIOR LIVING COMMUNITIES, INC.	FL	2018	0001746666	6500	0	5
0001144204-19-043582	1	Monogram Orthopaedics Inc.	DE	2016	0001769759	3841	2	2
0001683168-19-002835	1	B2Digital, Incorporated	DE	1991	0000725929	7990	1	0
0001213900-19-017240	1	Automation Finance Reperformance Fund IV LLC	DE	2018	0001756950	6199	0	0
0001019056-19-000510	1	Prometheum, Inc.	DE	2017	0001718271	6199	6	3
0001683168-19-002832	1	KYN Capital Group, Inc.	NV	2004	0001724293	6172	1	0
0001754259-19-000003	1	American Condor Resources, Corp	CO	2018	0001754259	1400	0	12
0001019056-19-000508	1	Prometheum, Inc.	DE	2017	0001718271	6199	6	3
0001144204-19-043144	1	GROUNDFLOOR FINANCE INC.	GA	2013	0001588504	6199	40	0
0001775730-19-000002	1	AppSwarm, Corp.	WY	2016	0001775730	7371	2	0
0001786960-19-000001	1	QUALITY OF LIFE MARKETING INC	WY	2019	0001786960	7900	0	1
0001213900-19-017046	1	CloudCommerce, Inc.	NV	2002	0000743758	5900	57	3
0001144204-19-043041	1	Fundrise Income eREIT V, LLC	DE	2019	0001776860	6798	0	0
0001144204-19-043038	1	Fundrise Growth eREIT V, LLC	DE	2019	0001776857	6798	0	0
0001477932-19-005246	1	KULA VENTURES LTD.	NV	2019	0001785031	6500	0	0
0001654954-19-010193	1	Red Oak Capital Fund III, LLC	DE	2019	0001780633	6500	0	0
0001688804-19-000017	1	RSE Collection, LLC	DE	2016	0001688804	3711	0	0
0001683168-19-002771	1	My Racehorse CA LLC	NV	2016	0001744448	7948	0	0
0001144204-19-042113	1	XTI Aircraft Co	DE	2009	0001638850	3721	0	0
0001477932-19-005226	1	WORLD TREE COP USA, LLC	NV	2015	0001687316	100	5	1
0001477932-19-005221	1	BRK, INC.	NV	2008	0001532926	3089	0	0
0001477932-19-005200	1	BRK, INC.	NV	2008	0001532926	3089	0	0
0001766914-19-000004	1	Wiley Area Development LLC	OH	2017	0001766914	5810	2	2
0001144204-19-041730	1	Future Labs V, Inc.	DE	2017	0001734237	3524	2	4
0001742808-19-000005	1	UMBRA Technologies (US) Inc.	DE	2015	0001742808	7374	27	0
0001477932-19-005178	1	Iron Bridge Mortgage Fund, LLC	OR	2008	0001462371	6162	0	0
0001213900-19-016675	1	Sun Kissed Industries, Inc., f/k/a DNA Dynamics, Inc.	WY	1981	0001086313	5734	0	0
0000806171-19-000063	1	PunchFlix INC	DE	2018	0001755037	7819	1	0
0001477932-19-005137	1	1847 HOLDINGS LLC	DE	2013	0001599407	3630	115	2
0001477932-19-005133	1	SNM Global Holdings	NV	2006	0001706907	7990	1	2
0001654954-19-009937	1	Manufactured Housing Properties Inc.	NV	2003	0001277998	6500	10	0
0001214659-19-005420	1	BFFI GROUP INC	DE	2019	0001779297	8111	2	1
0001144204-19-041179	1	ERC HOMEBUILDERS 2, INC.	DE	2019	0001774831	6552	0	0
0001778052-19-000011	1	Ijascode Handsoff Marketing system, LLc	CA	2017	0001778052	3670	2	7
0001477932-19-005108	1	Paradyme Equities, LLC	CA	2017	0001718714	6799	0	2
0001683168-19-002740	1	Global Entertainment Holdings, Inc.	NV	1996	0001142488	7812	1	4
0001144204-19-040903	1	GROUNDFLOOR FINANCE INC.	GA	2013	0001588504	6199	40	0
0001144204-19-040711	1	ERC Homebuilders 1, Inc.	DE	2018	0001772602	6552	0	0
0001144204-19-040653	1	GolfSuites 6. Inc.	DE	2019	0001774901	7900	0	0
0001144204-19-040650	1	GolfSuites 5. Inc.	DE	2019	0001774905	7900	0	0
0001683168-19-002692	1	SADDLE RANCH MEDIA, INC.	UT	1988	0000841533	7380	2	0
0001144204-19-040648	1	GolfSuites 4, Inc.	DE	2019	0001774904	7900	0	0
0001144204-19-040645	1	GolfSuites 3, Inc.	DE	2019	0001774903	7900	0	0
0001144204-19-040644	1	GolfSuites 2. Inc.	DE	2019	0001774902	7900	0	0
0001520138-19-000302	1	Tiger Reef, Inc.	CO	2013	0001593470	4991	1	0
0001768126-19-000011	1	RSE Archive, LLC	DE	2019	0001768126	3949	0	0
0001144204-19-040575	1	CaliberCos Inc.	DE	2014	0001627282	6500	70	0
0001264931-19-000177	1	CBD Brands Inc	DE	2018	0001760903	2844	3	0
0001144204-19-040481	1	Monogram Orthopaedics Inc.	DE	2016	0001769759	3841	2	2
0001493152-19-012883	1	Masterworks 002, LLC	DE	2018	0001750148	7380	0	0
0001144204-19-040474	1	CaliberCos Inc.	DE	2014	0001627282	6500	70	0
0001144204-19-040467	1	CaliberCos Inc.	DE	2014	0001627282	6500	70	0
0001493152-19-012896	1	Fat Brands, Inc.	DE	2017	0001705012	5812	54	0
0001594062-19-000073	1	JUVA LIFE INC./Canada	A1	2019	0001778651	2833	8	0
0001213900-19-016176	1	Sun Kissed Industries, Inc., f/k/a DNA Dynamics, Inc.	WY	1981	0001086313	5734	0	0
0001213900-19-016157	1	The Marquie Group, Inc	FL	2008	0001434601	2833	1	4
0001144204-19-040323	1	GROUNDFLOOR FINANCE INC.	GA	2013	0001588504	6199	40	0
0001646269-19-000003	1	BREWDOG USA INC.	DE	2015	0001646269	5180	121	53
0001144204-19-040140	1	NowRx, Inc.	DE	2015	0001702206	5912	23	2
0001144204-19-039714	1	Fundrise National For-Sale Housing eFund, LLC	DE	2017	0001706656	6500	0	0
0001144204-19-039712	1	FUNDRISE EQUITY REIT, LLC	DE	2015	0001648956	6798	0	0
0001214659-19-005198	1	DPW Holdings, Inc.	DE	2017	0000896493	3679	248	0
0001493152-19-012272	1	Masterworks 003, LLC	DE	2019	0001781737	7380	0	0
0001477932-19-004730	1	Capital Cities Fund, LLC	MD	2013	0001640613	6500	0	1
0001350455-19-000008	1	GILMORE HOMES - GILMORE LOANS, LLC	GA	2018	0001350455	6798	0	0
0001768126-19-000009	1	RSE Archive, LLC	DE	2019	0001768126	3949	0	0
0001213900-19-015358	1	20/20 GeneSystems, Inc.	DE	2000	0001139685	8071	8	10
0001731122-19-000459	1	Circle of Wealth Fund III LLC	ID	2018	0001762825	6199	0	0
0001477932-19-004641	1	BioLife4D Corporation	DE	2016	0001714919	8731	1	0
0001213900-19-015198	1	The Marquie Group, Inc	FL	2008	0001434601	2833	1	4
0001213900-19-015111	1	TechSoup Global, A California 501(c)(3) Nonprofit Public Benefit Corporation	CA	1988	0001714680	7372	201	12
0001144204-19-038846	1	GROUNDFLOOR FINANCE INC.	GA	2013	0001588504	6199	40	0
0001683168-19-002515	1	Image Protect, Inc.	DE	1994	0001110648	7372	4	1
0001213900-19-015000	1	GenTech Holdings,Inc.	FL	2013	0001591157	5812	1	0
0001350455-19-000007	1	GILMORE HOMES - GILMORE LOANS, LLC	GA	2018	0001350455	6798	0	0
0001683168-19-002472	1	DNA Brands Inc.	CO	2007	0001419995	7510	1	1
0001477932-19-004552	1	BRK, INC.	NV	2008	0001532926	3089	0	0
0001683168-19-002456	1	CBD Life Sciences, Inc.	NV	1998	0001776073	5900	5	0
0001144204-19-038002	1	StreetShares, Inc.	DE	2013	0001607838	6199	55	0
0001477932-19-004488	1	Tulsa Real Estate Fund, LLC	GA	2016	0001704303	6798	0	0
0001683168-19-002413	1	Zabala Farms Group, LLC	DE	2018	0001761475	2833	0	0
0001477932-19-004476	1	SNM Global Holdings	NV	2006	0001706907	7990	1	2
0001683168-19-002406	1	Aureus, Inc.	NV	2013	0001624517	2020	2	0
0001213900-19-014367	1	Sun Kissed Industries, Inc., f/k/a DNA Dynamics, Inc.	WY	1981	0001086313	5734	0	0
0001144204-19-037166	1	Monogram Orthopaedics Inc.	DE	2016	0001769759	3841	2	2
0001654954-19-008680	1	Manufactured Housing Properties Inc.	NV	2003	0001277998	6500	10	0
0001654954-19-008675	1	Red Oak Capital Fund III, LLC	DE	2019	0001780633	6500	0	0
0001683168-19-002388	1	Aureus, Inc.	NV	2013	0001624517	2020	2	0
0001144204-19-036804	1	GROUNDFLOOR FINANCE INC.	GA	2013	0001588504	6199	40	0
0001683168-19-002385	1	MC Endeavors, Inc.	NV	2001	0001157509	7370	3	4
0001743305-19-000011	1	Seed Equity Properties LLC	CO	2017	0001743305	6798	0	0
0001493152-19-011350	1	Fat Brands, Inc.	DE	2017	0001705012	5812	44	0
0001654954-19-008625	1	Red Oak Capital Fund III, LLC	DE	2019	0001780633	6500	0	0
0001683168-19-002376	1	For the Earth Corp.	DE	1993	0000932265	2840	1	0
0001477932-19-004373	1	WORLD TREE COP USA, LLC	NV	2015	0001687316	100	5	1
0001144204-19-036465	1	Winc, Inc.	DE	2011	0001782627	5961	80	1
0001264931-19-000148	1	CBD Brands Inc.	DE	2018	0001760903	2844	2	0
0001477932-19-004366	1	MYTHIC COLLECTION, LLC	DE	2019	0001773026	5945	2	0
0001493152-19-011262	1	VIVOS INC	DE	1994	0001449349	3841	1	1
0001766914-19-000003	1	Wiley Area Development LLC	OH	2017	0001766914	5810	2	2
0000806171-19-000056	1	PunchFlix INC	DE	2018	0001755037	7819	1	0
0001594062-19-000065	1	JUVA LIFE INC./Canada	A1	2019	0001778651	2833	8	0
0001477932-19-004328	1	BioLife4D Corporation	DE	2016	0001714919	8731	1	0
0001214659-19-004745	1	TUSCAN GARDENS SENIOR LIVING COMMUNITIES, INC.	FL	2018	0001746666	6500	0	5
0001703429-19-000033	1	Hemp Naturals, Inc.	DE	2015	0001664038	2300	0	2
0001683168-19-002340	1	Aureus, Inc.	NV	2013	0001624517	2020	2	0
0001144204-19-035548	1	GolfSuites 6. Inc.	DE	2019	0001774901	7900	0	0
0001213900-19-013392	1	Sun Kissed Industries, Inc., f/k/a DNA Dynamics, Inc.	WY	1981	0001086313	5734	0	0
0001144204-19-035546	1	GolfSuites 5. Inc.	DE	2019	0001774905	7900	0	0
0001144204-19-035541	1	GolfSuites 4, Inc.	DE	2019	0001774904	7900	0	0
0001144204-19-035539	1	GolfSuites 3, Inc.	DE	2019	0001774903	7900	0	0
0001144204-19-035537	1	GolfSuites 2. Inc.	DE	2019	0001774902	7900	0	0
0001654954-19-008426	1	Digatrade Financial Corp	A1	2000	0001369128	5180	4	0
0001477932-19-004260	1	MED-X	NV	2014	0001620704	2833	14	0
0001743305-19-000010	1	Seed Equity Properties LLC	CO	2017	0001743305	6798	0	0
0001144204-19-035491	1	GROUNDFLOOR FINANCE INC.	GA	2013	0001588504	6199	40	0
0001743305-19-000009	1	Seed Equity Properties LLC	CO	2017	0001743305	6798	0	0
0001213900-19-013354	1	The Marquie Group, Inc	FL	2008	0001434601	2833	1	4
0001776230-19-000010	1	Tian Tian Inc	SD	2007	0001776230	7371	107	83
0001144204-19-035421	1	Moving iMage Technologies, Inc.	DE	2003	0001770236	3861	42	2
0001144204-19-035281	1	ERC HOMEBUILDERS 2, INC.	DE	2019	0001774831	6552	0	0
0001493152-19-010900	1	Kibush Capital Corp	NV	2006	0001614466	1400	33	0
0001683168-19-002261	1	My Racehorse CA LLC	NV	2016	0001744448	7948	0	0
0001703429-19-000031	1	Hemp Naturals, Inc.	DE	2015	0001664038	2300	0	2
0001778052-19-000004	2	Ijascode Handsoff Marketing System, LLC	CA	2017	0001778052	3670	3	7
0001778052-19-000004	1	Ijascode Handsoff Marketing system, LLc	CA	2017	0001778052	3670	2	7
0001144204-19-035041	1	Knightscope, Inc.	DE	2013	0001600983	3669	35	0
0001768344-19-000007	1	TeleAmerica Television Network Corp.	CA	2017	0001768344	4833	8	3
0001683168-19-002230	1	Aureus, Inc.	NV	2013	0001624517	2020	2	0
0001144204-19-034931	1	StreetShares, Inc.	DE	2013	0001607838	6199	55	0
0001477932-19-004144	1	MYTHIC COLLECTION, LLC	DE	2019	0001773026	5945	2	0
0001213900-19-012961	1	AF 2019 NPL A LLC	DE	2018	0001756950	6199	0	0
0001493152-19-010719	1	ASI Aviation, Inc.	NV	2015	0001669368	6799	2	1
0001477932-19-004141	1	Paradyme Equities, LLC	CA	2017	0001718714	6799	0	2
0001144204-19-034715	1	ERC Homebuilders 1, Inc.	DE	2018	0001772602	6552	0	0
0001144204-19-034629	1	GROUNDFLOOR FINANCE INC.	GA	2013	0001588504	6199	40	0
0001477932-19-004057	1	MED-X	NV	2014	0001620704	2833	14	0
0001493152-19-010588	1	Masterworks 003, LLC	DE	2019	0001781737	7380	0	0
0001493152-19-010584	1	Fat Brands, Inc.	DE	2017	0001705012	5812	44	0
0001144204-19-034549	1	GolfSuites 6. Inc.	DE	2019	0001774901	7900	0	0
0001144204-19-034545	1	GolfSuites 5. Inc.	DE	2019	0001774905	7900	0	0
0001144204-19-034541	1	GolfSuites 4, Inc.	DE	2019	0001774904	7900	0	0
0001144204-19-034536	1	GolfSuites 3, Inc.	DE	2019	0001774903	7900	0	0
0001144204-19-034533	1	GolfSuites 2. Inc.	DE	2019	0001774902	7900	0	0
0001144204-19-034473	1	HappyNest REIT, Inc.	MD	2018	0001732217	6798	1	0
0001703429-19-000029	1	Hemp Naturals, Inc.	DE	2015	0001664038	2300	0	2
0001144204-19-034323	1	School of Whales Commercial Real Estate Equity Fund, LLC	FL	2018	0001760097	6798	0	3
0001628279-19-000256	1	YouNow, Inc.	DE	2011	0001725129	7372	31	0
0001144204-19-034309	1	Monogram Orthopaedics Inc.	DE	2016	0001769759	3841	2	2
0001104659-19-039831	1	Blockstack PBC	DE	2013	0001693656	7370	24	0
0001213900-19-012418	1	Otis Gallery LLC	DE	2018	0001767876	7389	0	0
0001022183-19-000010	1	CB SCIENTIFIC, INC.	OR	1987	0001022183	3826	5	2
0001628279-19-000254	1	YouNow, Inc.	DE	2011	0001725129	7372	31	0
0001104659-19-039757	1	Blockstack PBC	DE	2013	0001693656	7370	24	0
0001683168-19-002139	1	SADDLE RANCH MEDIA, INC.	UT	1988	0000841533	7380	2	0
0001213900-19-012240	1	Sun Kissed Industries, Inc., f/k/a DNA Dynamics, Inc.	WY	1981	0001086313	5734	0	0
0001144204-19-034038	1	To The Stars Academy of Arts and Science Inc.	DE	2017	0001710274	7819	7	1
0001688804-19-000013	1	RSE Collection, LLC	DE	2016	0001688804	3711	0	0
0001213900-19-012236	1	Nexus Energy Services, Inc.	NV	2013	0001781595	4899	0	0
0001350455-19-000006	1	GILMORE HOMES - GILMORE LOANS, LLC	GA	2018	0001350455	6798	0	0
0001104659-19-039476	1	Blockstack PBC	DE	2017	0001693656	7370	24	0
0001628279-19-000251	1	YouNow, Inc.	DE	2011	0001725129	7372	31	0
0001213900-19-012121	1	The Marquie Group, Inc	FL	2008	0001434601	2833	1	4
0001766570-19-000008	1	HCo Cape May LLC	DE	2018	0001766570	7011	0	0
0001144204-19-033796	1	Rise Companies Corp.	DE	2014	0001640967	6500	81	0
0001193125-19-189212	1	Noble Advisors, LLC	PA	2008	0001716516	6799	37	8
0001144204-19-033660	1	American Hospitality Properties REIT, Inc.	DE	2019	0001759214	6510	0	0
0001703429-19-000027	1	Hemp Naturals, Inc.	DE	2015	0001664038	2300	0	2
0001683168-19-002072	1	Sky440, Inc.	DE	2001	0001661264	8742	1	1
0001445866-19-000773	1	Secured Real Estate Income Fund II, LLC	DE	2016	0001678107	6199	0	0
0001594062-19-000062	1	JUVA LIFE INC./Canada	A1	2019	0001778651	2833	8	0
0001477932-19-003818	1	Sensortecnics Inc.	CO	2018	0001755699	9995	1	3
0001683168-19-002062	1	Image Protect, Inc.	DE	1994	0001110648	7372	4	1
0001477932-19-003809	1	MED-X	NV	2014	0001620704	2833	14	0
0001654954-19-007796	1	Digatrade Financial Corp	A1	2000	0001369128	5180	4	0
0001774589-19-000011	1	Huixinjia Capital Group, Inc.	NY	2019	0001774589	6199	250	133
