ACCESSION_NUMBER	SO_ID	SECURITIESOFFEREDTYPES	SECURITIESOFFEREDOTHERDESC
0001493152-19-014779	1	Equity (common or preferred stock)	
0001493152-19-014779	2	Option, warrant or other right to acquire another security	
0001493152-19-014779	3	Security to be acquired upon exercise of option, warrant or other right to acquire security	
0001144204-19-046554	1	Equity (common or preferred stock)	
0001493152-19-014709	1	Equity (common or preferred stock)	
0001761911-19-000013	1	Equity (common or preferred stock)	
0001628279-19-000314	1	Other(describe)	Props Tokens
0001213900-19-019204	1	Equity (common or preferred stock)	
0001493152-19-014674	1	Equity (common or preferred stock)	
0001213900-19-019161	1	Equity (common or preferred stock)	
0001766214-19-000022	1	Equity (common or preferred stock)	
0001477932-19-005549	1	Equity (common or preferred stock)	
0001144204-19-046019	1	Equity (common or preferred stock)	
0001144204-19-045953	1	Equity (common or preferred stock)	
0001213900-19-018880	1	Equity (common or preferred stock)	
0001775196-19-000006	1	Equity (common or preferred stock)	
0001688804-19-000020	1	Other(describe)	LLC Interests
0001214659-19-006003	1	Debt	
0001078782-19-000732	1	Equity (common or preferred stock)	
0001721469-19-000016	1	Equity (common or preferred stock)	
0001721469-19-000015	1	Equity (common or preferred stock)	
0001213900-19-018729	1	Debt	
0001213900-19-018688	1	Equity (common or preferred stock)	
0001721469-19-000013	1	Equity (common or preferred stock)	
0001683168-19-003022	1	Equity (common or preferred stock)	
0001493152-19-014415	1	Equity (common or preferred stock)	
0001469709-19-000144	1	Equity (common or preferred stock)	
0001144204-19-045512	1	Equity (common or preferred stock)	
0000806171-19-000070	1	Equity (common or preferred stock)	
0001731122-19-000555	1	Equity (common or preferred stock)	
0001144204-19-045488	1	Equity (common or preferred stock)	
0001213900-19-018517	1	Equity (common or preferred stock)	
0001683168-19-002996	1	Equity (common or preferred stock)	
0001477932-19-005471	1	Equity (common or preferred stock)	
0001140361-19-017021	1	Debt	
0001144204-19-045346	1	Other(describe)	Limited Recourse Obligation (LRO), a limited debt obligation of the issuer
0001144204-19-045341	1	Equity (common or preferred stock)	
0001144204-19-045241	1	Other(describe)	Limited Recourse Obligation (LRO), a limited debt obligation of the issuer
0001766914-19-000005	1	Equity (common or preferred stock)	
0001144204-19-045090	1	Equity (common or preferred stock)	
0001477932-19-005447	1	Equity (common or preferred stock)	
0001654954-19-010788	1	Debt	
0001778052-19-000012	1	Equity (common or preferred stock)	
0001144204-19-044726	1	Equity (common or preferred stock)	
0001683168-19-002933	1	Equity (common or preferred stock)	
0001768126-19-000012	1	Other(describe)	LLC Interests
0001144204-19-044606	1	Equity (common or preferred stock)	
0001780914-19-000002	1	Equity (common or preferred stock)	
0001144204-19-044535	1	Equity (common or preferred stock)	
0001663577-19-000362	1	Equity (common or preferred stock)	
0001477932-19-005360	1	Equity (common or preferred stock)	
0001213900-19-017786	1	Equity (common or preferred stock)	
0001213900-19-017771	1	Debt	
0001213900-19-017713	1	Equity (common or preferred stock)	
0001144204-19-044195	1	Equity (common or preferred stock)	
0001144204-19-044154	1	Equity (common or preferred stock)	
0001350455-19-000009	1	Equity (common or preferred stock)	
0001493152-19-013853	1	Equity (common or preferred stock)	
0001144204-19-043857	1	Equity (common or preferred stock)	
0001144204-19-043855	1	Other(describe)	Limited Recourse Obligation (LRO), a limited debt obligation of the issuer
0001144204-19-043601	1	Equity (common or preferred stock)	
0001144204-19-043605	1	Equity (common or preferred stock)	
0001493152-19-013748	1	Equity (common or preferred stock)	
0001144204-19-043603	1	Equity (common or preferred stock)	
0001214659-19-005675	1	Equity (common or preferred stock)	
0001144204-19-043582	1	Equity (common or preferred stock)	
0001683168-19-002835	1	Equity (common or preferred stock)	
0001213900-19-017240	1	Equity (common or preferred stock)	
0001019056-19-000510	4	Other(describe)	Units consisting of 1 share of common stock and 1 Ember Warrant exercisable to purchase Ember Tokens
0001019056-19-000510	2	Option, warrant or other right to acquire another security	
0001019056-19-000510	1	Equity (common or preferred stock)	
0001019056-19-000510	3	Security to be acquired upon exercise of option, warrant or other right to acquire security	
0001683168-19-002832	1	Equity (common or preferred stock)	
0001754259-19-000003	1	Equity (common or preferred stock)	
0001019056-19-000508	4	Other(describe)	Units consisting of 1 share of common stock and 1 Ember Warrant exercisable to purchase Ember Tokens
0001019056-19-000508	3	Security to be acquired upon exercise of option, warrant or other right to acquire security	
0001019056-19-000508	2	Option, warrant or other right to acquire another security	
0001019056-19-000508	1	Equity (common or preferred stock)	
0001144204-19-043144	1	Other(describe)	Limited Recourse Obligation (LRO), a limited debt obligation of the issuer
0001775730-19-000002	1	Equity (common or preferred stock)	
0001786960-19-000001	1	Equity (common or preferred stock)	
0001213900-19-017046	1	Equity (common or preferred stock)	
0001144204-19-043041	1	Equity (common or preferred stock)	
0001144204-19-043038	1	Equity (common or preferred stock)	
0001477932-19-005246	1	Debt	
0001654954-19-010193	1	Debt	
0001688804-19-000017	1	Other(describe)	LLC Interests
0001683168-19-002771	1	Other(describe)	Series LLC Interests
0001144204-19-042113	1	Equity (common or preferred stock)	
0001477932-19-005226	1	Equity (common or preferred stock)	
0001477932-19-005221	1	Equity (common or preferred stock)	
0001477932-19-005200	1	Equity (common or preferred stock)	
0001766914-19-000004	1	Equity (common or preferred stock)	
0001144204-19-041730	1	Equity (common or preferred stock)	
0001742808-19-000005	1	Equity (common or preferred stock)	
0001477932-19-005178	1	Debt	
0001213900-19-016675	1	Equity (common or preferred stock)	
0000806171-19-000063	1	Equity (common or preferred stock)	
0001477932-19-005137	1	Equity (common or preferred stock)	
0001477932-19-005133	1	Equity (common or preferred stock)	
0001654954-19-009937	1	Equity (common or preferred stock)	
0001214659-19-005420	1	Equity (common or preferred stock)	
0001144204-19-041179	1	Equity (common or preferred stock)	
0001778052-19-000011	1	Equity (common or preferred stock)	
0001477932-19-005108	1	Equity (common or preferred stock)	
0001683168-19-002740	1	Equity (common or preferred stock)	
0001144204-19-040903	1	Other(describe)	Limited Recourse Obligation (LRO), a limited debt obligation of the issuer
0001144204-19-040711	1	Equity (common or preferred stock)	
0001144204-19-040653	1	Equity (common or preferred stock)	
0001144204-19-040650	1	Equity (common or preferred stock)	
0001683168-19-002692	1	Equity (common or preferred stock)	
0001144204-19-040648	1	Equity (common or preferred stock)	
0001144204-19-040645	1	Equity (common or preferred stock)	
0001144204-19-040644	1	Equity (common or preferred stock)	
0001520138-19-000302	1	Equity (common or preferred stock)	
0001768126-19-000011	1	Other(describe)	LLC Interests
0001144204-19-040575	1	Equity (common or preferred stock)	
0001264931-19-000177	1	Equity (common or preferred stock)	
0001144204-19-040481	1	Equity (common or preferred stock)	
0001493152-19-012883	1	Equity (common or preferred stock)	
0001144204-19-040474	1	Equity (common or preferred stock)	
0001144204-19-040467	1	Equity (common or preferred stock)	
0001493152-19-012896	3	Security to be acquired upon exercise of option, warrant or other right to acquire security	
0001493152-19-012896	2	Option, warrant or other right to acquire another security	
0001493152-19-012896	1	Equity (common or preferred stock)	
0001594062-19-000073	2	Option, warrant or other right to acquire another security	
0001594062-19-000073	3	Security to be acquired upon exercise of option, warrant or other right to acquire security	
0001594062-19-000073	1	Equity (common or preferred stock)	
0001213900-19-016176	1	Equity (common or preferred stock)	
0001213900-19-016157	1	Equity (common or preferred stock)	
0001144204-19-040323	1	Other(describe)	Limited Recourse Obligation (LRO), a limited debt obligation of the issuer
0001646269-19-000003	1	Equity (common or preferred stock)	
0001144204-19-040140	1	Equity (common or preferred stock)	
0001144204-19-040140	2	Option, warrant or other right to acquire another security	
0001144204-19-039714	1	Equity (common or preferred stock)	
0001144204-19-039712	1	Equity (common or preferred stock)	
0001214659-19-005198	1	Debt	
0001493152-19-012272	1	Equity (common or preferred stock)	
0001477932-19-004730	1	Debt	
0001350455-19-000008	1	Equity (common or preferred stock)	
0001768126-19-000009	1	Other(describe)	LLC Interests
0001213900-19-015358	1	Equity (common or preferred stock)	
0001731122-19-000459	1	Equity (common or preferred stock)	
0001477932-19-004641	1	Equity (common or preferred stock)	
0001213900-19-015198	1	Equity (common or preferred stock)	
0001213900-19-015111	1	Debt	
0001144204-19-038846	1	Other(describe)	Limited Recourse Obligation (LRO), a limited debt obligation of the issuer
0001683168-19-002515	1	Equity (common or preferred stock)	
0001213900-19-015000	1	Equity (common or preferred stock)	
0001350455-19-000007	1	Equity (common or preferred stock)	
0001683168-19-002472	1	Equity (common or preferred stock)	
0001477932-19-004552	1	Equity (common or preferred stock)	
0001683168-19-002456	1	Equity (common or preferred stock)	
0001144204-19-038002	1	Debt	
0001477932-19-004488	1	Equity (common or preferred stock)	
0001683168-19-002413	1	Equity (common or preferred stock)	
0001477932-19-004476	1	Equity (common or preferred stock)	
0001683168-19-002406	1	Equity (common or preferred stock)	
0001213900-19-014367	1	Equity (common or preferred stock)	
0001144204-19-037166	1	Equity (common or preferred stock)	
0001654954-19-008680	1	Equity (common or preferred stock)	
0001654954-19-008675	1	Debt	
0001683168-19-002388	1	Equity (common or preferred stock)	
0001144204-19-036804	1	Other(describe)	Limited Recourse Obligation (LRO), a limited debt obligation of the issuer
0001683168-19-002385	1	Equity (common or preferred stock)	
0001743305-19-000011	1	Equity (common or preferred stock)	
0001493152-19-011350	1	Equity (common or preferred stock)	
0001493152-19-011350	2	Option, warrant or other right to acquire another security	
0001493152-19-011350	3	Security to be acquired upon exercise of option, warrant or other right to acquire security	
0001654954-19-008625	1	Debt	
0001683168-19-002376	1	Equity (common or preferred stock)	
0001477932-19-004373	1	Equity (common or preferred stock)	
0001144204-19-036465	1	Equity (common or preferred stock)	
0001264931-19-000148	1	Equity (common or preferred stock)	
0001477932-19-004366	1	Equity (common or preferred stock)	
0001493152-19-011262	1	Equity (common or preferred stock)	
0001766914-19-000003	1	Equity (common or preferred stock)	
0000806171-19-000056	1	Equity (common or preferred stock)	
0001594062-19-000065	3	Security to be acquired upon exercise of option, warrant or other right to acquire security	
0001594062-19-000065	1	Equity (common or preferred stock)	
0001594062-19-000065	2	Option, warrant or other right to acquire another security	
0001477932-19-004328	1	Equity (common or preferred stock)	
0001214659-19-004745	1	Equity (common or preferred stock)	
0001703429-19-000033	1	Equity (common or preferred stock)	
0001683168-19-002340	1	Equity (common or preferred stock)	
0001144204-19-035548	1	Equity (common or preferred stock)	
0001213900-19-013392	1	Equity (common or preferred stock)	
0001144204-19-035546	1	Equity (common or preferred stock)	
0001144204-19-035541	1	Equity (common or preferred stock)	
0001144204-19-035539	1	Equity (common or preferred stock)	
0001144204-19-035537	1	Equity (common or preferred stock)	
0001654954-19-008426	1	Equity (common or preferred stock)	
0001477932-19-004260	1	Equity (common or preferred stock)	
0001743305-19-000010	1	Equity (common or preferred stock)	
0001144204-19-035491	1	Other(describe)	Limited Recourse Obligation (LRO), a limited debt obligation of the issuer
0001743305-19-000009	1	Equity (common or preferred stock)	
0001213900-19-013354	1	Equity (common or preferred stock)	
0001776230-19-000010	1	Equity (common or preferred stock)	
0001144204-19-035421	1	Equity (common or preferred stock)	
0001144204-19-035281	1	Equity (common or preferred stock)	
0001493152-19-010900	1	Equity (common or preferred stock)	
0001683168-19-002261	1	Other(describe)	Series LLC Interests
0001703429-19-000031	1	Equity (common or preferred stock)	
0001778052-19-000004	1	Equity (common or preferred stock)	
0001144204-19-035041	1	Equity (common or preferred stock)	
0001768344-19-000007	1	Equity (common or preferred stock)	
0001683168-19-002230	1	Equity (common or preferred stock)	
0001144204-19-034931	1	Debt	
0001477932-19-004144	1	Equity (common or preferred stock)	
0001213900-19-012961	1	Equity (common or preferred stock)	
0001493152-19-010719	1	Equity (common or preferred stock)	
0001477932-19-004141	1	Equity (common or preferred stock)	
0001144204-19-034715	1	Equity (common or preferred stock)	
0001144204-19-034629	1	Other(describe)	Limited Recourse Obligation (LRO), a limited debt obligation of the issuer
0001477932-19-004057	1	Equity (common or preferred stock)	
0001493152-19-010588	1	Equity (common or preferred stock)	
0001493152-19-010584	2	Option, warrant or other right to acquire another security	
0001493152-19-010584	1	Equity (common or preferred stock)	
0001493152-19-010584	3	Security to be acquired upon exercise of option, warrant or other right to acquire security	
0001144204-19-034549	1	Equity (common or preferred stock)	
0001144204-19-034545	1	Equity (common or preferred stock)	
0001144204-19-034541	1	Equity (common or preferred stock)	
0001144204-19-034536	1	Equity (common or preferred stock)	
0001144204-19-034533	1	Equity (common or preferred stock)	
0001144204-19-034473	1	Equity (common or preferred stock)	
0001703429-19-000029	1	Equity (common or preferred stock)	
0001144204-19-034323	1	Equity (common or preferred stock)	
0001628279-19-000256	1	Other(describe)	Props Tokens
0001144204-19-034309	1	Equity (common or preferred stock)	
0001104659-19-039831	1	Other(describe)	Stacks Tokens
0001213900-19-012418	1	Equity (common or preferred stock)	
0001022183-19-000010	1	Equity (common or preferred stock)	
0001628279-19-000254	1	Other(describe)	Cryptocurrency
0001104659-19-039757	1	Other(describe)	Cryptocurrency
0001683168-19-002139	1	Equity (common or preferred stock)	
0001213900-19-012240	1	Equity (common or preferred stock)	
0001144204-19-034038	1	Equity (common or preferred stock)	
0001688804-19-000013	1	Other(describe)	LLC Interests
0001213900-19-012236	1	Equity (common or preferred stock)	
0001350455-19-000006	1	Equity (common or preferred stock)	
0001104659-19-039476	1	Other(describe)	Cryptocurrency
0001628279-19-000251	1	Other(describe)	Cryptocurrency
0001213900-19-012121	1	Equity (common or preferred stock)	
0001766570-19-000008	1	Equity (common or preferred stock)	
0001144204-19-033796	1	Equity (common or preferred stock)	
0001193125-19-189212	1	Debt	
0001144204-19-033660	1	Equity (common or preferred stock)	
0001703429-19-000027	1	Equity (common or preferred stock)	
0001683168-19-002072	1	Equity (common or preferred stock)	
0001445866-19-000773	1	Equity (common or preferred stock)	
0001594062-19-000062	2	Option, warrant or other right to acquire another security	
0001594062-19-000062	1	Equity (common or preferred stock)	
0001594062-19-000062	3	Security to be acquired upon exercise of option, warrant or other right to acquire security	
0001477932-19-003818	1	Equity (common or preferred stock)	
0001683168-19-002062	1	Equity (common or preferred stock)	
0001477932-19-003809	1	Equity (common or preferred stock)	
0001654954-19-007796	1	Equity (common or preferred stock)	
0001774589-19-000011	1	Equity (common or preferred stock)	
