ACCESSION_NUMBER	INDICATETIER1TIER2OFFERING	FINANCIALSTATEMENTAUDITSTATUS	OFFERDELAYEDCONTINUOUSFLAG	OFFERINGYEARFLAG	OFFERINGAFTERQUALIFFLAG	OFFERINGBESTEFFORTSFLAG	SOLICITATIONPROPOSEDOFFERFLAG	RESALESECURITIESAFFILIATESFLAG	SECURITIESOFFERED	OUTSTANDINGSECURITIES	PRICEPERSECURITY	ISSUERAGGREGATEOFFERING	SECURITYHOLDERAGGEGATE	QUALIFICATIONOFFERINGAGGREGATE	CONCURRENTOFFERINGAGGREGATE	TOTALAGGREGATEOFFERING	UNDERWRITERSERVICEPROVIDERNAME	UNDERWRITERSFEES	SALECOMMISSIONSSVCPROVIDERNAME	SALECOMMISSIONSSVCEROVIDERFEE	FINDERSFEESSERVICEPROVIDERNAME	FINDERFEESFEE	AUDITORSERVICEPROVIDERNAME	AUDITORFEES	LEGALSERVICEPROVIDERNAME	LEGALFEES	PROMOTERSSERVICEPROVIDERNAME	PROMOTERSFEES	BLUESKYSERVICEPROVIDERNAME	BLUESKYFEES	BROKERDEALERCRDNUMBER	ESTIMATEDNETAMOUNT	CLARIFICATIONRESPONSES
0001493152-19-014779	Tier2	Audited	Y	N	N	Y	Y	N	1200000	0	25.0	30000000.0	0.0	0.0	0.0	30000000.0			TriPoint Global Equities LLC / Digital Offering, LLC	2184000.0			Hutchinson & Bloodgood LLP	25000.0	Loeb & Loeb LLP	50000.0					143174		
0001144204-19-046554	Tier2	Audited	Y	Y	N	Y	Y	N	5000000	0	10.0	20000000.0	0.0	0.0	0.0	20000000.0	Advisory Group Equity Services Ltd., d/b/a RHK Capital	1625000.0					BDO USA LLP and Moss Adams LLP	60000.0	Brownstein Hyatt Farber Schreck, LLP	150000.0					15427	18165000.0	
0001493152-19-014709	Tier2	Audited	Y	N	Y	Y	Y	Y	12995000	11698500	1.5	15000000.0	4492500.0	12750.0	0.0	19505250.0							M&K CPAS, PLLC	35000.0	Morgan E. Petitti	5500.0						14959500.0	
0001761911-19-000013	Tier2	Audited	Y	N	N	Y	N	N	2000000	23272730	5.0	10000000.0	0.0	0.0	0.0	10000000.0	Dalmore Group, LLC	12000.0	Dalmore Group, LLC	800000.0			IndigoSpire CPA Group, LLC	16000.0	Global Quantitatives	65000.0						9107000.0	
0001628279-19-000314	Tier2	Audited	Y	Y	N	Y	Y	Y	180000000	207281407	0.1369	35000000.0	15000000.0	0.0	0.0	50000000.0							Rosen Kuslansky, CPA, PC	220000.0	Wilson Sonsini Goodrich & Rosati, PC	1600000.0							65,000 in fees to financial printer (Workiva)
0001213900-19-019204	Tier1	Unaudited	N	N	N	Y	N	N	13333333	25834000	0.75	10000000.0	0.0	0.0	0.0	10000000.0									Carmel, Milazzo & DiChiara LLP	50000.0						10000000.0	
0001493152-19-014674	Tier2	Audited	Y	N	Y	Y	Y	N	300000000	748657656	0.063	10000000.0	0.0	0.0	0.0	10000000.0	N/A	0.0	N/A	0.0	N/A	0.0	Fruci & Associates II, PLLC	3000.0	The Newman Law Firm, PLLC	15000.0	N/A	0.0	The Newman Law Firm, PLLC	1000.0		9998100.0	
0001213900-19-019161	Tier1	Unaudited	Y	N	Y	Y	N	N	50000000		0.1	5000000.0	0.0	0.0	0.0	5000000.0									Eilers Law Group, P.A.	15000.0			N/A	2000.0		4983000.0	
0001766214-19-000022	Tier1	Unaudited	N	Y	N	Y	N	N	1400000	300000	25.0	0.0	0.0	0.0	0.0	0.0													KYCaaS	6500.0			
0001477932-19-005549	Tier2	Audited	Y	N	N	Y	N	N	320000	0	25.0	8000000.0	0.0	0.0	0.0	8000000.0	Craft Capital Management LLC	680000.0		0.0		0.0	Sadler, Gibb & Associates, LLC	72000.0	Bevilacqua PLLC	75000.0		0.0	Bevilacqua PLLC	5000.0	171350	7149000.0	
0001144204-19-046019	Tier2	Audited	Y	N	N	Y	Y	N	5000000		10.0	50000000.0	0.0	0.0	0.0	50000000.0							Jason M. Tyra, CPA, PLLC	2500.0	CrowdCheck Law LLP	50000.0					154559		
0001144204-19-045953	Tier2	Audited	Y	Y	N	Y	Y	N	5000000	343951	10.11	50000000.0	0.0	0.0	0.0	50000000.0							RSM US LLP	0.0	Goodwin Procter LLP	0.0	Tryperion Partners, LLC	0.0				0.0	
0001213900-19-018880	Tier2	Audited	Y	N	N	Y	Y	N	21705	10	45.14	979750.0	0.0	0.0	0.0	979750.0							JASON M. TYRA, CPA, PLLC	2500.0	BEVILACQUA PLLC	70000.0	NORTH CAPITAL PRIVATE SECURITIES CORPORATION	9602.0	BEVILACQUA PLLC	12000.0	154559	970148.0	
0001775196-19-000006	Tier2	Audited	N	N	N	Y	N	N	100000000	4130000	0.2	20000000.0	0.0	0.0	0.0	20000000.0		0.0		0.0		0.0	Malone Bailey LLC	3500.0	Clifford Hunt	4000.0		0.0	Various States	7000.0			
0001688804-19-000020	Tier2	Audited	Y	Y	N	Y	Y	N	4000	0	189.0	945000.0	0.0	0.0	0.0	945000.0							EisnerAmper LLP	0.0	Duane Morris LLP	0.0	Dalmore Group, LLC	9450.0			136352	935550.0	
0001214659-19-006003	Tier2	Audited	Y	Y	Y	Y	N	N	500000	0	100.0	50000000.0	0.0	0.0	0.0	50000000.0			Sales Commissions	5000000.0			Marcum LLP	10000.0	Sichenzia Ross Ference LLP	7500.0							The above table excludes fees to be paid to Transfer Online, Inc. but includes $5,000,000 for sales commissions that will be payable if the Company uses such a service provider
0001078782-19-000732	Tier2	Audited	Y	N	Y	Y	N	Y	4900000	16103713	3.0	12000000.0	2700000.0	0.0	0.0	14700000.0							Boyle CPA LLC	20000.0	The Doney Law Firm	5000.0			Various	25000.0		11950000.0	
0001721469-19-000016	Tier2	Audited	Y	Y	N	Y	N	N	5000000	100	10.0	50000000.0	0.0	0.0	0.0	50000000.0							Kho & Patel	7000.0			RAD Management, LLC	585000.0				49080000.0	
0001721469-19-000015	Tier2	Audited	Y	Y	N	Y	N	N	5000000	100	10.0	50000000.0	0.0	0.0	0.0	50000000.0							Kho & Patel	7000.0			RAD Management, LLC	585000.0				49080000.0	
0001213900-19-018729	Tier2	Audited	Y	Y	N	Y	N	N	723	181		3350000.0	0.0	0.0	0.0	3350000.0	N/A	0.0	Bequia Securities (Pending)	100500.0	N/A	0.0	Moss Adams LLP	30000.0	Cutting Edge Counsel	20000.0	N/A	0.0	Cutting Edge Counsel	5000.0	2857830	3194500.0	Based on the timing of this filing, Fiscal Year 2018 audited financial statements are included in this Offering Circular. The FY2018 financial statements do not include Debt Securities Offered in Fiscal Year 2019 (July 1, 2018-June 30, 2019).
0001213900-19-018688	Tier1	Unaudited	Y	Y	Y	Y	N	N	215000000	351034387	0.052500000000000005	3000000.0	0.0	0.0	0.0	3000000.0																3000000.0	
0001721469-19-000013	Tier2	Audited	Y	Y	N	Y	N	N	5000000	100	10.0	50000000.0	0.0	0.0	0.0	50000000.0							Kho & Patel	7000.0			RAD Management, LLC	585000.0				49080000.0	
0001683168-19-003022	Tier1	Unaudited	Y	N	N	Y	N	N	400000000	83455000	0.005	2000000.0	0.0	0.0	0.0	2000000.0									John E. Lux, Esq.	25000.0			Various states	2500.0		192500.0	
0001493152-19-014415	Tier2	Audited	N	N	N	Y	N	N	10000000	24468355	1.0	10000000.0	0.0	0.0	0.0	10000000.0							M&K CPAS, PLLC	0.0	Austin Legal Group, APC	30000.0					0	10000000.0	
0001469709-19-000144	Tier1	Unaudited	Y	N	N	Y	N	N	300000000	293476200	0.01	3000000.0	0.0	0.0	0.0	3000000.0									ANDREW COLDICUTT, ESQ.	15000.0			VARIOUS STATES	2500.0		2970000.0	
0001144204-19-045512	Tier2	Audited	N	N	Y	Y	N	N	1	27974212		40067305.0	9932695.0	0.0	0.0	50000000.0	N/A	0.0	N/A	0.0	N/A	0.0	Marcum LLP	700000.0	Manatt, Phelps & Phillips, LLP	400000.0	N/A	0.0	N/A	0.0	000000000		
0000806171-19-000070	Tier2	Audited	Y	N	N	Y	N	N	5000000	5000000	10.0	0.0	0.0	0.0	0.0	0.0																	
0001731122-19-000555	Tier2	Audited	N	N	N	Y	N	N	5000000	86199423	3.0	15000000.0	0.0	0.0	0.0	15000000.0							OLAYINKA OYEBOLA & CO	5000.0	EAD LAWGROUP	7500.0						14987500.0	
0001144204-19-045488	Tier2	Audited	Y	N	N	Y	N	N	10000000	1	5.0	50000000.0	0.0	0.0	0.0	50000000.0							PKF LLP	5200.0	CrowdCheck Law, LLC	50000.0			State Filing Fees	10000.0		46000000.0	
0001213900-19-018517	Tier2	Audited	N	Y	N	Y	N	N	5000000	0	10.0	50000000.0	0.0	0.0	0.0	50000000.0							Artesian CPA	2000.0	Flaster/Greenberg P.C.	30000.0							
0001683168-19-002996	Tier2	Audited	Y	N	N	Y	N	N	2000000	15784717	1.5	3000000.0	0.0	0.0	0.0	3000000.0									John E. Lux, Esq.	35000.0			Various	2500.0		2962600.0	
0001477932-19-005471	Tier1	Unaudited	Y	N	N	Y	N	N	500000000	146616216	0.005	2500000.0	0.0	0.0	0.0	2500000.0		0.0		0.0		0.0		0.0	Jonathan D. Leinwand, P.A.	13000.0		0.0		0.0		0.0	
0001140361-19-017021	Tier1	Unaudited	N	Y	N	Y	N	N	100000000	0	50000.0	50000.0	0.0	0.0	0.0	50000.0		0.0		0.0		0.0		0.0				0.0			0	19500000.0	
0001144204-19-045346	Tier2	Audited	Y	Y	N	Y	N	N	3014110	0	10.0	3014110.0	0.0	43515840.0	1500000.0	48029950.0									Manatt Phelps; Robbins Ross	1000.0							
0001144204-19-045341	Tier2	Audited	Y	N	N	Y	Y	N	10611205	0	1.4136	15000000.0	0.0	0.0	0.0	15000000.0	SI Securities, LLC	1049979.0					Squar Milner LLP	2500.0	CrowdCheck Law, LLP	55000.0	Miscellaneous	1292521.0			170937	12600000.0	"Fees included in ""Promoters"" includes estimated advertising costs, marketing agencies and printing costs."
0001144204-19-045241	Tier2	Audited	Y	Y	N	Y	N	N	1647230	0	10.0	1647230.0	0.0	43515840.0	1500000.0	46663070.0									Manatt Phelps; Robbins Ross	1000.0							
0001766914-19-000005	Tier2	Audited	Y	N	N	Y	Y	N	1000000	0	5.0	5000000.0	0.0	0.0	0.0	5000000.0			Cuttone & Company, LLC	250000.0			Clark Schaefer Hackett	30000.0	Kendall A. Almerico, P.A.	130000.0					33038	4520000.0	
0001144204-19-045090	Tier2	Audited	Y	N	N	Y	Y	N	18867925	10377615	0.53	10000000.0	0.0	0.0	0.0	10000000.0			StartEngine Crowdfunding, Inc.	478773.0			dbbmckennon	30000.0	CrowdCheck Law LLP	20000.0					291773	9235685.0	The company previously paid $235,542 to SI Securities, LLC (CRD 170937) on gross receipts of $2,980,159
0001477932-19-005447	Tier2	Audited	N	N	N	Y	N	N	50000	0	1000.0	50000000.0	0.0	0.0	0.0	50000000.0		0.0		0.0		0.0	IndigoSpire CPA Group	2500.0	Trowbridge Sidoti	50000.0	Ivan Oberon, Ryan Garland	0.0		0.0		50000000.0	
0001654954-19-010788	Tier2	Audited	Y	Y	N	Y	N	N	50000	0	1000.0	0.0	0.0	0.0	0.0	0.0	JCC Advisors, LLC	1250000.0	JCC Advisors, LLC	2750000.0			Cherry Bekaert LLP	15000.0	Kaplan Voekler Cunningham & Frank PLC	67500.0	GK Development, Inc.	1250000.0	Kaplan Voekler Cunningham & Frank PLC	40000.0		44250000.0	
0001778052-19-000012	Tier1	Unaudited	Y	N	N	Y	Y	Y	20000000	33826200	1.0	16000000.0	4000000.0	0.0	0.0	20000000.0		0.0		0.0		0.0		0.0	Attorney's fee and California Filing Fee	75000.0		0.0		0.0		15875000.0	We estimate that, at a per share price of $1.00, the net proceeds from the sale of the 20,000,000 shares in this offering will be approximately $15,875,000, after deducting the estimated offering expenses of approximately $125,000.
0001144204-19-044726	Tier2	Audited	Y	Y	N	Y	Y	N	5800969	0	3.4477	20000000.0	0.0	0.0	0.0	20000000.0	SI Securities, LLC	1750000.0					Fruci & Associates II, PLLC	3000.0	CrowdCheck Law LLP	50000.0					170937	18197000.0	
0001683168-19-002933	Tier1	Unaudited	Y	N	N	Y	N	N	375000000	264780133	0.008	3000000.0	0.0	0.0	0.0	3000000.0									John E. Lux, Esq.	15000.0			Various	2500.0		2982500.0	
0001768126-19-000012	Tier2	Audited	Y	Y	N	Y	Y	N	26100	0	33.3	619300.0	0.0	0.0	0.0	619300.0							EisnerAmper LLP	0.0	Duane Morris LLP	0.0	Dalmore Group, LLC	6193.0			136352	613107.0	
0001144204-19-044606	Tier2	Audited	Y	Y	N	Y	Y	N	5800969	0	3.4477	20000000.0	0.0	0.0	0.0	20000000.0	SI Securities, LLC	1750000.0					Fruci & Associates II, PLLC	3000.0	CrowdCheck Law LLP	50000.0					170937	18197000.0	
0001780914-19-000002	Tier2	Audited	Y	N	N	Y	Y	N	1000000	24990000	10.0	10000000.0	0.0	0.0	0.0	10000000.0							Artesian CPA LLC	19022.0	Kendall A. Almerico, P.A.	125000.0						9855978.0	
0001144204-19-044535	Tier2	Audited	Y	N	N	Y	N	N	15000000	38476770	1.5	22500000.0	0.0	0.0	0.0	22500000.0	JumpStart Securities, LLC	533636.0					Artesian CPA, LLC	24000.0	CrowdCheck Law LLP	10000.0					156214	21932364.0	
0001663577-19-000362	Tier1	Unaudited	Y	N	Y	Y	N	Y	20000000	88294700	0.5	7500000.0	2500000.0	0.0	0.0	10000000.0									The Doney Law Firm	5000.0							
0001477932-19-005360	Tier2	Audited	N	N	N	Y	N	N	7000000	0	1.25	10000000.0	0.0	0.0	0.0	10000000.0		0.0	Potential Commissions	1000000.0		0.0	dbbmckennon	20000.0	Befumo & Schaeffer PLLC	20000.0		0.0		0.0		8960000.0	
0001213900-19-017786	Tier1	Unaudited	Y	Y	Y	Y	N	N	215000000	351034387	0.052500000000000005	3000000.0	0.0	0.0	0.0	3000000.0																3000000.0	
0001213900-19-017771	Tier2	Audited	Y	Y	N	Y	N	N	723	181		3350000.0	0.0	0.0	0.0	3350000.0	N/A	0.0	Bequia Securities	100500.0	N/A	0.0	Moss Adams LLP	30000.0	Cutting Edge Counsel	20000.0	N/A	0.0	Cutting Edge Counsel	5000.0	2857830	3194500.0	Based on the timing of this filing, Fiscal Year 2018 audited financial statements are included in this Offering Circular. The FY2018 financial statements do not include Debt Securities Offered in Fiscal Year 2019 (July 1, 2018-June 30, 2019).
0001213900-19-017713	Tier1	Unaudited	Y	N	Y	Y	N	N	2000000000	385563721	0.005	10000000.0	0.0	0.0	0.0	10000000.0									Eilers Law Group, P.A.	10000.0							
0001144204-19-044195	Tier2	Audited	Y	N	N	N	N	N	1000000	0	50.0	50000000.0	0.0	0.0	0.0	50000000.0							Templeton & Company	10000.0	Law Office of James G Dodrill II, P.A.	55000.0						50000000.0	
0001144204-19-044154	Tier2	Audited	Y	N	N	Y	N	N	5000000	0	4.0	20000000.0	0.0	0.0	0.0	20000000.0	SI Securities, LLC	1750000.0					Fruci & Associates II, PLLC	12000.0	CrowdCheck Law LLP	50000.0					170937	18175000.0	Sales Commissions estimate assumes the maximum amount of commissions payable to SI Securities, LLC for their services in this offering. The company also estimates it will incur $13,000 in Edgarization fees in addition to the fees above.
0001350455-19-000009	Tier2	Audited	Y	N	N	Y	N	N	1000000	1000000	50.0	50000000.0	0.0	0.0	0.0	50000000.0		0.0		0.0		0.0	Issuer Michael Gilmore is still seeking auditors after being turned down with no valid legal reasons given.	2500.0	Lerman Law Associates, PC	5000.0		0.0		0.0		50000000.0	Michael Gilmore will issue 1,000,000 Class A Interests of which none have been sold, which leaves 1,000,000 outstanding for sell to the general public once qualified. Class B Interests will be sold After Offering. Issuer Gilmore is still seeking auditors.
0001493152-19-013853	Tier2	Audited	Y	N	Y	Y	N	N	150000000	177710821	0.05	7500000.0	0.0	0.0	0.0	7500000.0			Potential commissions	1200000.0			Fruci & Associates II, PLLC	2500.0	Disclosure Law Group, a professional corporation	20000.0						6277500.0	
0001144204-19-043857	Tier2	Audited	Y	N	N	Y	Y	N	10611205	0	1.4136	15000000.0	0.0	0.0	0.0	15000000.0	SI Securities, LLC	1049979.0					Squar Milner LLP	2500.0	CrowdCheck Law, LLP	55000.0	Miscellaneous	1292521.0			170937	12600000.0	"Fees included in ""Promoters"" includes estimated advertising costs, marketing agencies and printing costs."
0001144204-19-043855	Tier2	Audited	Y	Y	N	Y	N	N	4707960	0	10.0	4707960.0	0.0	44025290.0	1150000.0	49883250.0									Manatt Phelps; Robbins Ross	1000.0							
0001144204-19-043601	Tier2	Audited	Y	Y	N	Y	Y	N	1800814	7148279	10.870000000000001	19574854.0	0.0	30425146.0	0.0	50000000.0							RSM US LLP	5000.0	Goodwin Procter LLP	40000.0						19529854.0	Minus expenses.
0001144204-19-043605	Tier2	Audited	Y	Y	N	Y	N	N	2228246	7248027	10.0	22282464.0	0.0	27717536.0	0.0	50000000.0							RSM US LLP	5000.0	Goodwin Procter LLP	40000.0						22237464.0	
0001493152-19-013748	Tier2	Audited	Y	N	N	Y	N	N	3333333	70135036	3.0	10000000.0	0.0	0.0	0.0	10000000.0	StartEngine Primary LLC	700000.0					MaughanSullivan LLC	10000.0	CrowdCheck Law LLP (f/k/a KHLK LLP)	40000.0					291773	9250000.0	Underwriting fees estimate assumes the maximum amount of commissions payable to StartEngine Primary LLC for their services in this offering.
0001144204-19-043603	Tier2	Audited	Y	Y	N	Y	Y	N	1931581	7545195	10.0	19315815.0	0.0	30684185.0	0.0	50000000.0							RSM US LLP	5000.0	Goodwin Procter LLP	40000.0						19270815.0	Minus expenses.
0001214659-19-005675	Tier2	Audited	N	N	N	Y	N	N	50000	0	1000.0	50000000.0	0.0	0.0	0.0	50000000.0			TBD	4250000.0			Grennan Fender Hess & Poparad LLP	6500.0	Pino Nicholson PLLC	350000.0						42250000.0	Placement Agents' Commissions have been quantified but Placement Agents have not yet been appointed.
0001144204-19-043582	Tier2	Audited	Y	N	N	Y	N	N	5000000	0	4.0	20000000.0	0.0	0.0	0.0	20000000.0	SI Securities, LLC	1750000.0					Fruci & Associates II, PLLC	12000.0	CrowdCheck Law LLP	50000.0					170937	18175000.0	Sales Commissions estimate assumes the maximum amount of commissions payable to SI Securities, LLC for their services in this offering. The company also estimates it will incur $13,000 in Edgarization fees in addition to the fees above.
0001683168-19-002835	Tier2	Audited	Y	N	N	Y	N	N	600000000	526463860	0.0064	3840000.0	0.0	0.0	0.0	3840000.0									Business Legal Advisors, LLC	5000.0			Business Legal Advisors, LLC	2500.0		3832500.0	
0001213900-19-017240	Tier2	Audited	N	Y	N	Y	N	N	5000000	0	10.0	50000000.0	0.0	0.0	0.0	50000000.0							Artesian CPA	2000.0	Flaster/Greenberg P.C.	30000.0							
0001019056-19-000510	Tier2	Audited	Y	N	N	Y	N	N	49500000	284180000	1.0	49500000.0	0.0	0.0	0.0	49500000.0							Friedman LLP, Fruci & Associates II, PLLC and Lipner, Sofferman & Co., LLC	51111.0	Gusrae Kaplan Nusbaum PLLC	165776.0						48010000.0	Estimated net proceeds assumes sale of Max Amount, offering expenses of $500,000, administrative fees of $990,00.
0001683168-19-002832	Tier1	Unaudited	Y	N	Y	Y	N	N	2271300000	295761699	0.0001	340695.0	0.0	0.0	0.0	340695.0									Vince Sykes, Esq.	5000.0						434260.0	
0001754259-19-000003	Tier1	Unaudited	Y	N	N	Y	N	Y	4000000	6000000	5.0	20000000.0	0.0	0.0	0.0	20000000.0	TBD	1250000.0	N/A	0.0	N/A	0.0	N/A	0.0	Simmons Associates, Ltd.	250000.0	TBD	0.0	Simmons Associates, Ltd.	0.0		18500000.0	
0001019056-19-000508	Tier2	Audited	Y	N	N	Y	N	N	49500000	284180000	1.0	49500000.0	0.0	0.0	0.0	49500000.0							Friedman LLP, Fruci & Associates II, PLLC and Lipner, Sofferman & Co., LLC	51111.0	Gusrae Kaplan Nusbaum PLLC	165776.0						48010000.0	Estimated net proceeds assumes sale of Max Amount, offering expenses of $500,000, administrative fees of $990,00.
0001144204-19-043144	Tier2	Audited	Y	Y	N	Y	N	N	2390750	0	10.0	2390750.0	0.0	44025290.0	962170.0	47378210.0									Manatt Phelps; Robbins Ross	1000.0							
0001775730-19-000002	Tier1	Unaudited	Y	N	N	Y	N	N	200000000	204969031	0.01	2000000.0	0.0	0.0	0.0	2000000.0									Cost of Regulation A Offering	5000.0						1995000.0	
0001786960-19-000001	Tier1	Unaudited	Y	N	N	Y	N	N	4000000	4000000	0.5	2000000.0	0.0	0.0	0.0	2000000.0																	
0001213900-19-017046	Tier2	Audited	Y	N	Y	Y	N	N	800000	0	25.0	20000000.0	0.0	0.0	0.0	20000000.0	n/a	0.0	Dalmore Group, LLC	200000.0	n/a	0.0	M&K CPAS, PLLC and Liggett &Webb, P.A	5000.0	Sichenzia Ross Ference LLP	120000.0	n/a	0.0	n/a	0.0	136352	19675000.0	Assumes sale of maximum offering.
0001144204-19-043041	Tier2	Audited	Y	Y	N	Y	N	N	5000000	500	10.0	50000000.0	0.0	0.0	0.0	50000000.0							RSM US LLP	15000.0	Goodwin Procter LLP	312500.0	Rise Companies Corp	0.0				49500000.0	
0001144204-19-043038	Tier2	Audited	Y	Y	N	Y	N	N	5000000	500	10.0	50000000.0	0.0	0.0	0.0	50000000.0							RSM US LLP	15000.0	Goodwin Procter LLP	312500.0	Rise Companies Corp	0.0				49500000.0	
0001477932-19-005246	Tier2	Audited	Y	N	N	Y	N	N	40000000	0	10000.0	40000000.0	0.0	0.0	0.0	40000000.0		0.0		0.0		0.0	Hall & Company Certified Public Accountants & Consultants, Inc.	0.0	Bryan R. Clark PC	0.0		0.0		0.0		39900000.0	
0001654954-19-010193	Tier2	Audited	Y	Y	N	Y	N	N	50000	0	1000.0	50000000.0	0.0	0.0	0.0	50000000.0	Crescent Securities Group, Inc.	475000.0	Crescent Securities Group, Inc.	3725000.0			UHY LLP	10000.0	Kaplan, Voekler, Cunningham & Frank, PLC	100000.0			Kaplan, Voekler, Cunningham & Frank, PLC	75000.0	114993	45615000.0	
0001688804-19-000017	Tier2	Audited	Y	Y	N	Y	Y	N	4000	0	189.0	945000.0	0.0	0.0	0.0	945000.0							EisnerAmper LLP	0.0	Duane Morris LLP	0.0	Dalmore Group, LLC	9450.0			136352	935550.0	
0001683168-19-002771	Tier2	Audited	Y	Y	N	Y	N	N	11132	6590		2550210.0	0.0	0.0	0.0	2550210.0							IndigoSpire CPA Group, LLC	0.0	Procopio, Cory, Hargreaves & Savitch, LLP	0.0						2550210.0	Estimated net proceeds do not reflect offering expenses because such expenses will be paid by the Manager
0001144204-19-042113	Tier2	Audited	Y	N	N	Y	N	N	15000000	38476770	1.5	22500000.0	0.0	0.0	0.0	22500000.0	JumpStart Securities, LLC	533636.0					Artesian CPA, LLC	24000.0	CrowdCheck Law LLP	10000.0					156214	21932364.0	
0001477932-19-005226	Tier2	Audited	N	N	N	Y	N	N	7000000	0	1.25	10000000.0	0.0	0.0	0.0	10000000.0		0.0	Potential Commissions	1000000.0		0.0	dbbmckennon	20000.0	Befumo & Schaeffer PLLC	20000.0		0.0		0.0		8960000.0	
0001477932-19-005221	Tier1	Unaudited	Y	N	N	Y	N	N	540000000	462383968	0.007500000000000001	3600000.0	0.0	0.0	0.0	3600000.0		0.0		0.0		0.0		0.0		0.0		0.0		0.0		3600000.0	
0001477932-19-005200	Tier1	Unaudited	Y	N	N	Y	N	N	540000000	462383968	0.007500000000000001	3600000.0	0.0	0.0	0.0	3600000.0		0.0		0.0		0.0		0.0		0.0		0.0		0.0		3600000.0	
0001766914-19-000004	Tier2	Audited	Y	N	N	Y	Y	N	1000000	0	5.0	5000000.0	0.0	0.0	0.0	5000000.0			Cuttone & Company, LLC	250000.0			Clark Schaefer Hackett	30000.0	Kendall A. Almerico, P.A.	130000.0					33038	4520000.0	
0001144204-19-041730	Tier2	Audited	Y	N	N	Y	N	N	1250000	0	8.0	10000000.0	0.0	0.0	0.0	10000000.0			SI Securities, LLC	850000.0			Artesian CPA	4000.0	CrowdCheck Law, LLP, O'Melveny & Myers LLP, Vintage	36000.0					170937	9110000.0	
0001742808-19-000005	Tier1	Unaudited	Y	N	N	Y	N	N	1000000	5000000	20.0	20000000.0	0.0	0.0	0.0	20000000.0	TBD	1250000.0	N/A	0.0	N/A	0.0	N/A	0.0	Simmons Associates, Ltd.	750000.0	TBD	0.0	Simmons Associates, Ltd.	0.0		18000000.0	
0001477932-19-005178	Tier2	Audited	Y	Y	N	Y	N	N	30800000	19185582	1.0	30800000.0	0.0	0.0	0.0	30800000.0		0.0		0.0		0.0	Armanino LLP	140000.0	Ater Wynne LLP	20000.0		0.0	Ater Wynne LLP	5000.0		30635000.0	
0001213900-19-016675	Tier1	Unaudited	Y	Y	Y	Y	N	N	215000000	351034387	0.052500000000000005	3000000.0	0.0	0.0	0.0	3000000.0																3000000.0	
0000806171-19-000063	Tier2	Audited	Y	N	N	Y	N	N	5000000	5000000	10.0	0.0	0.0	0.0	0.0	0.0																	
0001477932-19-005137	Tier2	Audited	Y	N	N	Y	N	N	320000	0	25.0	8000000.0	0.0	0.0	0.0	8000000.0	Craft Capital Management LLC	680000.0		0.0		0.0	Sadler, Gibb & Associates, LLC	72000.0	Bevilacqua PLLC	75000.0		0.0	Bevilacqua PLLC	5000.0	171350	7149000.0	
0001477932-19-005133	Tier1	Unaudited	Y	N	Y	Y	N	N	1500000000	1533493471	0.0125	1625000.0	0.0	0.0	0.0	1625000.0		0.0		0.0		0.0	Dennis Atkins	2500.0	Frederick M. Lehrer, Esq.	7500.0		0.0	Frederick M. Lehrer, P. A.	7500.0		0.0	
0001654954-19-009937	Tier2	Audited	Y	N	N	Y	N	N	1000000	0	10.0	10000000.0	0.0	0.0	0.0	10000000.0	Digital Offering LLC	730000.0					Liggett & Webb, P.A.	10000.0	Bevilacqua PLLC	60000.0			Bevilacqua PLLC	5000.0	166401	9185000.0	
0001214659-19-005420	Tier1	Unaudited	N	N	Y	Y	N	N	20000000	0	1.0	20000000.0	0.0	0.0	0.0	20000000.0																18000000.0	
0001144204-19-041179	Tier2	Audited	Y	N	N	Y	N	N	8333333	0	6.0	50000000.0	0.0	0.0	0.0	50000000.0			Sageworks Capital, LLC	518000.0			IndigoSpire CPA LLC	2500.0	CrowdCheck Law, LLC	50000.0			State Filing Fees	10000.0	162182	44500000.0	
0001778052-19-000011	Tier1	Unaudited	Y	N	N	Y	Y	N	20000000	33826200	1.0	16000000.0	4000000.0	0.0	0.0	20000000.0		0.0		0.0		0.0		0.0	Attorney's fee and California Filing Fee	75000.0		0.0		0.0		15875000.0	We estimate that, at a per share price of $1.00, the net proceeds from the sale of the 20,000,000 shares in this offering will be approximately $15,875,000, after deducting the estimated offering expenses of approximately $125,000.
0001477932-19-005108	Tier2	Audited	N	N	N	Y	N	N	50000	0	1000.0	50000000.0	0.0	0.0	0.0	50000000.0		0.0		0.0		0.0	IndigoSpire CPA Group	2500.0	Trowbridge Sidoti	50000.0	Ivan Oberon, Ryan Garland	0.0		0.0		50000000.0	
0001683168-19-002740	Tier1	Unaudited	Y	N	N	Y	N	N	375000000	264780133	0.008	3000000.0	0.0	0.0	0.0	3000000.0									John E. Lux, Esq.	15000.0			Various	2500.0		2982500.0	
0001144204-19-040903	Tier2	Audited	Y	Y	N	Y	N	N	4650980	0	10.0	4650980.0	0.0	42069110.0	1213110.0	47933200.0									Manatt Phelps; Robbins Ross	1000.0							
0001144204-19-040711	Tier2	Audited	Y	N	N	Y	N	N	8333333	0	6.0	50000000.0	0.0	0.0	0.0	50000000.0			Sageworks Capital, LLC	518000.0			IndigoSpire CPA LLC	2500.0	CrowdCheck Law, LLC	50000.0			State Filing Fees	10000.0	162182	44500000.0	
0001144204-19-040653	Tier2	Audited	Y	N	N	Y	Y	N	10000000	0	5.0	50000000.0	0.0	0.0	0.0	50000000.0			Sageworks Capital, LLC	513000.0			IndigoSpire CPA LLC	2500.0	CrowdCheck Law, LLC	15000.0			State Filing Fees	10000.0	162182	44500000.0	
0001144204-19-040650	Tier2	Audited	Y	N	N	Y	Y	N	10000000	0	5.0	50000000.0	0.0	0.0	0.0	50000000.0			Sageworks Capital, LLC	513000.0			IndigoSpire CPA LLC	2500.0	CrowdCheck Law, LLC	15000.0			State Filing Fees	10000.0	162182	44500000.0	
0001683168-19-002692	Tier1	Unaudited	Y	N	Y	Y	N	N	1500000000	5221580783	0.0001	150000.0	0.0	0.0	0.0	150000.0									John E. Lux, Esq.	15000.0						135000.0	
0001144204-19-040648	Tier2	Audited	Y	N	N	Y	Y	N	10000000	0	5.0	50000000.0	0.0	0.0	0.0	50000000.0			Sageworks Capital, LLC	513000.0			IndigoSpire CPA LLC	2500.0	CrowdCheck Law, LLC	15000.0			State Filing Fees	10000.0	162182	44500000.0	
0001144204-19-040645	Tier2	Audited	Y	N	N	Y	Y	N	10000000	0	5.0	50000000.0	0.0	0.0	0.0	50000000.0			Sageworks Capital, LLC	513000.0			IndigoSpire CPA LLC	2500.0	CrowdCheck Law, LLC	15000.0			State Filing Fees	10000.0	162182	44500000.0	
0001144204-19-040644	Tier2	Audited	Y	N	N	Y	Y	N	10000000	0	5.0	50000000.0	0.0	0.0	0.0	50000000.0			Sageworks Capital, LLC	513000.0			IndigoSpire CPA LLC	2500.0	CrowdCheck Law, LLC	25000.0			State Filing Fees	10000.0	162182	44500000.0	
0001520138-19-000302	Tier1	Audited	Y	Y	Y	Y	N	N	2307692308		0.0033	7500000.0	0.0	0.0	0.0	7500000.0									Eilers Law Group, P.A.	20000.0							
0001768126-19-000011	Tier2	Audited	Y	Y	N	Y	Y	N	26100	0	49.480000000000004	1291500.0	0.0	0.0	0.0	1291500.0							EisnerAmper LLP	0.0	Duane Morris LLP	0.0	Dalmore Group, LLC	12915.0			136352	1278585.0	
0001144204-19-040575	Tier2	Audited	N	N	Y	Y	N	N	1	27974212		40067305.0	9932695.0	0.0	0.0	50000000.0	N/A	0.0	N/A	0.0	N/A	0.0	Marcum LLP	700000.0	Manatt, Phelps & Phillips, LLP	400000.0	N/A	0.0	N/A	0.0	000000000		
0001264931-19-000177	Tier2	Audited	Y	N	N	Y	N	N	2000000	6158000	1.0	2000000.0	0.0	0.0	0.0	2000000.0	N/A	0.0	N/A	0.0	N/A	0.0	M&K CPA's PLLC	4000.0	Law Offices of Harold H. Martin, P.A	18000.0	N/A	0.0	TBS	0.0	0	1978000.0	$2,000,000.00 less anticipated fees.
0001144204-19-040481	Tier2	Audited	Y	N	N	Y	N	N	5000000	0	4.0	20000000.0	0.0	0.0	0.0	20000000.0	SI Securities, LLC	1750000.0					Fruci & Associates II, PLLC	12000.0	CrowdCheck Law LLP	50000.0					170937	18175000.0	Sales Commissions estimate assumes the maximum amount of commissions payable to SI Securities, LLC for their services in this offering. The company also estimates it will incur $13,000 in Edgarization fees in addition to the fees above.
0001493152-19-012883	Tier2	Audited	Y	N	N	Y	Y	N	343175	0	20.0	6863500.0	0.0	0.0	0.0	6863500.0	SDDCO Brokerage Advisors LLC	26000.0	SDDCO Brokerage Advisors LLC	205905.0	N/A	0.0	Mayer Hoffman McCann, P.C	15000.0	Anthony L.G., PLLC	20000.0	N/A	0.0	Anthony L.G., PLLC	9500.0	153563	6863500.0	Estimated Net Proceeds Calculation (above) of $6,863,500.00 does not include any offering fees as all fees in connection with the offering are to be paid by Masterworks Administrative Services, LLC.
0001144204-19-040474	Tier2	Audited	N	N	Y	Y	N	N	1	27974212		40067305.0	9932695.0	0.0	0.0	50000000.0	N/A	0.0	N/A	0.0	N/A	0.0	Marcum LLP	700000.0	Manatt, Phelps & Phillips, LLP	400000.0	N/A	0.0	N/A	0.0	000000000		
0001144204-19-040467	Tier2	Audited	N	N	Y	Y	N	N	1	27974212		40067305.0	9932695.0	0.0	0.0	50000000.0	N/A	0.0	N/A	0.0	N/A	0.0	Marcum LLP	700000.0	Manatt, Phelps & Phillips, LLP	400000.0	N/A	0.0	N/A	0.0	000000000		
0001493152-19-012896	Tier2	Audited	Y	N	N	Y	Y	N	1200000	0	25.0	30000000.0	0.0	0.0	0.0	30000000.0			TriPoint Global Equities LLC / Digital Offering, LLC	2184000.0			Hutchinson & Bloodgood LLP	25000.0	Loeb & Loeb LLP	50000.0					143174		
0001594062-19-000073	Tier2	Audited	Y	Y	N	Y	Y	N	57000000	90298808	0.5	49875000.0	0.0	0.0	0.0	49875000.0	none	0.0	Dalmore Group, LLC	1521250.0	none	0.0	Davidson & Company LLP	25000.0	Greenberg Traurig and McMillan	150000.0	none	0.0	Various states	25000.0	136352	48003750.0	Additional expenses not outlined above are estimated at $150,000. This Offering consists of 57,000,000 Units at $0.50 per Unit and 28,500,000 Warrant Shares at $0.75 per Warrant Share.
0001213900-19-016176	Tier1	Unaudited	Y	Y	Y	Y	N	N	215000000	351034387	0.052500000000000005	3000000.0	0.0	0.0	0.0	3000000.0																3000000.0	
0001213900-19-016157	Tier2	Audited	Y	N	Y	Y	N	N	228571429	349339793	0.0437	10000000.0	0.0	0.0	0.0	10000000.0																10000000.0	
0001144204-19-040323	Tier2	Audited	Y	Y	N	Y	N	N	4401920	0	10.0	4401920.0	0.0	44548520.0	0.0	48950440.0									Manatt Phelps; Robbins Ross	1000.0							
0001646269-19-000003	Tier2	Audited	Y	N	N	Y	N	N	650000	6508246	60.0	39000000.0	0.0	0.0	0.0	39000000.0			Cuttone & Co. LLC	2445000.0			Ernst & Young LLP	25000.0	Kendall A. Almerico, P.A.	50000.0					33038	36480000.0	
0001144204-19-040140	Tier2	Audited	Y	Y	N	Y	Y	N	5800969	0	3.4477	20000000.0	0.0	0.0	0.0	20000000.0	SI Securities, LLC	1750000.0					Fruci & Associates II, PLLC	3000.0	CrowdCheck Law LLP	50000.0					170937	18197000.0	
0001144204-19-039714	Tier2	Audited	Y	Y	N	Y	N	N	3848864	1612489	10.25	39450851.0	0.0	10549149.0	0.0	50000000.0							RSM US LLP	5000.0	Goodwin Procter LLP	40000.0						39450851.0	
0001144204-19-039712	Tier2	Audited	Y	Y	N	Y	N	N	1737431	10618276	11.55	20067336.0	0.0	29932664.0	0.0	50000000.0							RSM US LP	5000.0	Goodwin Procter LLP	40000.0						20022336.0	Minus expenses.
0001214659-19-005198	Tier2	Audited	Y	Y	Y	Y	N	N	50000000	0	100.0	5000000.0	0.0	0.0	0.0	5000000.0			Sales Commissions	500000.0			Marcum LLP	10000.0	Sichenzia Ross Ference LLP	7500.0							The above table excludes fees to be paid to Transfer Online, Inc. but includes $5,000,000 for sales commissions that will be payable if the Company uses such a service provider
0001493152-19-012272	Tier2	Audited	Y	N	N	Y	Y	N	51950	0	20.0	1039000.0	0.0	0.0	0.0	1039000.0	SDDCO Brokerage Advisors LLC	57170.0	SDDCO Brokerage Advisors LLC	31170.0	N/A	0.0	Mayer Hoffman McCann, P.C	15000.0	Anthony L.G., PLLC	15000.0	N/A	0.0	Anthony L.G., PLLC	5000.0	153563	1039000.0	Estimated Net Proceeds Calculation (above) of $1,039,000 does not include any offering fees as all fees in connection with the offering are to be paid by Masterworks Administrative Services, LLC.
0001477932-19-004730	Tier1	Unaudited	N	N	N	Y	N	N	5000	0	1000.0	5000000.0	0.0	0.0	0.0	5000000.0		0.0		0.0		0.0		0.0	Trowbridge Sidoti	15000.0	Sherman Ragland	0.0		0.0		5000000.0	
0001350455-19-000008	Tier2	Audited	Y	N	N	Y	N	N	1000000	1000000	50.0	50000000.0	0.0	0.0	0.0	50000000.0		0.0		0.0		0.0	Issuer Michael Gilmore is still seeking auditors after being turned down with no valid legal reasons given.	2500.0	Lerman Law Associates, PC	5000.0		0.0		0.0		50000000.0	Michael Gilmore will issue 1,000,000 Class A Interests of which none have been sold, which leaves 1,000,000 outstanding for sell to the general public once qualified. Class B Interests will be sold After Offering. Issuer Gilmore is still seeking auditors.
0001768126-19-000009	Tier2	Audited	Y	Y	N	Y	Y	N	26100	0	49.480000000000004	1291500.0	0.0	0.0	0.0	1291500.0							EisnerAmper LLP	0.0	Duane Morris LLP	0.0	Dalmore Group, LLC	12915.0			136352	1278585.0	
0001213900-19-015358	Tier2	Audited	Y	N	N	Y	N	N	2309470	0		0.0	0.0	0.0	0.0	0.0							dbbmckennon	5000.0	Bevilacqua PLLC	50000.0							
0001731122-19-000459	Tier2	Audited	Y	Y	N	Y	N	N	50000	50000	1000.0	50000000.0	0.0	0.0	0.0	50000000.0							Armanino LLP	10000.0	Geraci Law Firm	53000.0							
0001477932-19-004641	Tier2	Audited	Y	Y	N	Y	N	N	3965493	223498	12.0	47585920.0	0.0	0.0	2414080.0	50000000.0		0.0	Sageworks Capital, LLC	500000.0		0.0	IndigoSpire	2500.0	Trowbridge Sidoti	40000.0	Steve Morris	0.0		0.0		49500000.0	
0001213900-19-015198	Tier2	Audited	Y	N	N	Y	N	N	228571429	349339793	0.0437	10000000.0	0.0	0.0	0.0	10000000.0																10000000.0	
0001213900-19-015111	Tier2	Audited	Y	Y	N	Y	N	N	723	181		3350000.0	0.0	0.0	0.0	3350000.0	N/A	0.0	Bequia Securities	100500.0	N/A	0.0	Moss Adams LLP	30000.0	Cutting Edge Counsel	20000.0	N/A	0.0	Cutting Edge Counsel	5000.0	2857830	3194500.0	Based on the timing of this filing, Fiscal Year 2018 audited financial statements are included in this Offering Circular. The FY2018 financial statements do not include Debt Securities Offered in Fiscal Year 2019 (July 1, 2018-June 30, 2019).
0001144204-19-038846	Tier2	Audited	Y	Y	N	Y	N	N	2213110	0	10.0	2213110.0	0.0	42686970.0	3661550.0	48561630.0									Manatt Phelps; Robbins Ross	1000.0							
0001683168-19-002515	Tier1	Unaudited	Y	N	Y	Y	N	N	3750000000	521859629	0.0008	3000000.0	0.0	1310000.0	0.0	4310000.0									Eilers Law Group, P.A.	15000.0						1000000.0	
0001213900-19-015000	Tier1	Unaudited	Y	N	Y	Y	N	N	2000000000	385563721	0.005	10000000.0	0.0	0.0	0.0	10000000.0									Eilers Law Group, P.A.	10000.0							
0001350455-19-000007	Tier2	Audited	Y	N	N	Y	N	N	1000000	1000000	50.0	50000000.0	0.0	0.0	0.0	50000000.0		0.0		0.0		0.0	Issuer Michael Gilmore is still seeking auditors after being turned down with no valid legal reasons given.	2500.0	Lerman Law Associates, PC	5000.0		0.0		0.0		50000000.0	Michael Gilmore will issue 1,000,000 Class A Interests of which none have been sold, which leaves 1,000,000 outstanding for sell to the general public once qualified. Class B Interests will be sold After Offering. Issuer Gilmore is still seeking auditors.
0001683168-19-002472	Tier1	Unaudited	Y	Y	Y	Y	N	N	2500000	122046461	0.02	2500000.0	0.0	0.0	0.0	2500000.0									John Lux, Esq.	25000.0			various	2500.0		2500000.0	
0001477932-19-004552	Tier1	Unaudited	Y	N	N	Y	N	N	540000000	462383968	0.007500000000000001	3600000.0	0.0	0.0	0.0	3600000.0		0.0		0.0		0.0		0.0		0.0		0.0		0.0		3600000.0	
0001683168-19-002456	Tier1	Unaudited	Y	N	N	Y	N	N	400000000	83455000	0.005	2000000.0	0.0	0.0	0.0	2000000.0									John E. Lux, Esq.	25000.0			Various states	2500.0		192500.0	
0001144204-19-038002	Tier2	Audited	Y	Y	N	Y	N	N	25692700	26025077	1.0	25692700.0	0.0	23318975.0	0.0	49011675.0							Baker Tilly Virchow Krause, LLP	15000.0	Manatt, Phelps & Phillips, LLP	100000.0			INTERNAL OUT-OF-POCKET EXPENSES(3)	50000.0		25527700.0	(1) Outstanding securities as of May 31, 2019. (2) $23,318,975.00 for August 1, 2018 through July 31, 2019. (3) The Issuer will provide for its own blue sky compliance through in-house counsel.
0001477932-19-004488	Tier2	Audited	Y	N	N	Y	N	N	850127	149873	50.0	42506340.0	0.0	7493660.0	0.0	50000000.0		0.0		0.0		0.0	Artesian CPA	2500.0	Trowbridge Sidoti	50000.0		0.0		0.0		50000000.0	
0001683168-19-002413	Tier2	Audited	N	N	N	Y	N	N	14000000	1384615	1.3	18200000.0	0.0	0.0	0.0	18200000.0									Wilson Bradshaw & Cao, LLP	35000.0			Wilson Bradshaw & Cao, LLP	1000.0	0		
0001477932-19-004476	Tier1	Unaudited	Y	N	Y	Y	N	N	1500000000	1533493471	0.0125	1625000.0	0.0	0.0	0.0	1625000.0		0.0		0.0		0.0	Dennis Atkins	2500.0	Frederick M. Lehrer, Esq.	7500.0		0.0	Frederick M. Lehrer, P. A.	7500.0		0.0	
0001683168-19-002406	Tier1	Unaudited	Y	N	N	Y	N	N	228000000	131250000	0.0025	570000.0	0.0	0.0	0.0	570000.0							Accountant and Misc other	42500.0	John E. Lux, Esq.	25000.0			Various	2500.0		500000.0	
0001213900-19-014367	Tier1	Unaudited	Y	Y	Y	Y	N	N	215000000	351034387	0.052500000000000005	3000000.0	0.0	0.0	0.0	3000000.0																3000000.0	
0001144204-19-037166	Tier2	Audited	Y	N	N	Y	N	N	5000000	0	4.0	20000000.0	0.0	0.0	0.0	20000000.0	SI Securities, LLC	1750000.0					Fruci & Associates II, PLLC	12000.0	CrowdCheck Law LLP	50000.0					170937	18175000.0	Sales Commissions estimate assumes the maximum amount of commissions payable to SI Securities, LLC for their services in this offering. The company also estimates it will incur $13,000 in Edgarization fees in addition to the fees above.
0001654954-19-008680	Tier2	Audited	Y	N	N	Y	N	N	1040000	12545062	10.0	10000000.0	0.0	0.0	0.0	10000000.0	Digital Offering LLC	730000.0					Liggett & Webb, P.A.	10000.0	Bevilacqua PLLC	60000.0			Bevilacqua PLLC	5000.0	166401	9185000.0	
0001654954-19-008675	Tier2	Audited	Y	Y	N	Y	N	N	50000	0	1000.0	50000000.0	0.0	0.0	0.0	50000000.0	Crescent Securities Group, Inc.	475000.0	Crescent Securities Group, Inc.	3725000.0			UHY LLP	10000.0	Kaplan, Voekler, Cunningham & Frank, PLC	100000.0			Kaplan, Voekler, Cunningham & Frank, PLC	75000.0	114993	45615000.0	
0001683168-19-002388	Tier1	Unaudited	Y	N	N	Y	N	N	228000000	131250000	0.0025	570000.0	0.0	0.0	0.0	570000.0							Accountant and Misc other	42500.0	John E. Lux, Esq.	25000.0			Various	2500.0		500000.0	
0001144204-19-036804	Tier2	Audited	Y	Y	N	Y	N	N	3661550	0	10.0	3661550.0	0.0	41928090.0	3204140.0	48793780.0									Manatt Phelps; Robbins Ross	1000.0							
0001683168-19-002385	Tier1	Unaudited	Y	N	N	Y	N	N	157000000	626082694	0.0028	447450.0	0.0	0.0	0.0	447450.0									John E. Lux, Esq.	25000.0			Various States	2500.0		419950.0	
0001743305-19-000011	Tier2	Audited	Y	N	N	N	N	N	5000000	0	10.0	0.0	0.0	0.0	50000000.0	50000000.0									Kaplan & Associates	50000.0							
0001493152-19-011350	Tier2	Audited	Y	N	N	Y	Y	N	1200000	0	25.0	30000000.0	0.0	0.0	0.0	30000000.0			TriPoint Global Equities LLC / Digital Offering, LLC	2184000.0			Hutchinson & Bloodgood LLP	25000.0	Loeb & Loeb LLP	50000.0					143174		
0001654954-19-008625	Tier2	Audited	Y	Y	N	Y	N	N	50000	0	1000.0	50000000.0	0.0	0.0	0.0	50000000.0	Crescent Securities Group, Inc.	475000.0	Crescent Securities Group, Inc.	3725000.0			UHY LLP	10000.0	Kaplan, Voekler, Cunningham & Frank, PLC	100000.0			Kaplan, Voekler, Cunningham & Frank, PLC	75000.0	114993	45615000.0	
0001683168-19-002376	Tier1	Unaudited	Y	N	N	Y	N	N	5000000000	4801506953	0.0001	500000.0	0.0	0.0	0.0	500000.0									John E. Lux, Esq.	22500.0			Various	2500.0		475000.0	
0001477932-19-004373	Tier2	Audited	N	N	N	Y	N	N	7000000	0	1.25	10000000.0	0.0	0.0	0.0	10000000.0		0.0	Potential Commissions	1000000.0		0.0	dbbmckennon	20000.0	Befumo & Schaeffer PLLC	20000.0		0.0		0.0		8960000.0	
0001144204-19-036465	Tier2	Audited	Y	N	N	Y	Y	N	10611205	0	1.4136	15000000.0	0.0	0.0	0.0	15000000.0	SI Securities, LLC	1049979.0					Squar Milner LLP	2500.0	CrowdCheck Law, LLP	55000.0	Miscellaneous	1292521.0			170937	12600000.0	"Fees included in ""Promoters"" includes estimated advertising costs, marketing agencies and printing costs."
0001264931-19-000148	Tier2	Audited	Y	N	N	Y	N	N	2000000	6158000	1.0	2000000.0	0.0	0.0	0.0	2000000.0	N/A	0.0	StartEngine Primary LLC	140000.0	N/A	0.0	M&K CPA's PLLC	4000.0	Law Offices of Harold H. Martin, P.A	18000.0	N/A	0.0	TBD	0.0	291773	1833000.0	$2,000,000 less anticipated fees. StartEngine Primary LLC will also receive warrants to purchase shares of our Common Stock equal to 5% of the amount raised in the offering.
0001477932-19-004366	Tier2	Audited	N	N	N	Y	N	N	2000	0	62.5	125000.0	0.0	0.0	0.0	125000.0		0.0		0.0		0.0	CohnReznick	15000.0	Trowbridge Sidoti	50000.0		0.0		0.0		125000.0	
0001493152-19-011262	Tier2	Audited	Y	N	Y	Y	N	N	150000000	177710821	0.05	7500000.0	0.0	0.0	0.0	7500000.0			Potential commissions	1200000.0			Fruci & Associates II, PLLC	2500.0	Disclosure Law Group, a professional corporation	20000.0						6277500.0	
0001766914-19-000003	Tier2	Audited	Y	N	N	Y	N	N	1000000	0	5.0	5000000.0	0.0	0.0	0.0	5000000.0			Cuttone & Company, LLC	250000.0			Clark Schaefer Hackett	30000.0	Kendall A. Almerico, P.A.	130000.0					33038	4520000.0	
0000806171-19-000056	Tier2	Audited	Y	N	N	Y	N	N	5000000	5000000	10.0	0.0	0.0	0.0	0.0	0.0																	
0001594062-19-000065	Tier2	Audited	Y	Y	N	Y	Y	N	57000000	90298808	0.5	49875000.0	0.0	0.0	0.0	49875000.0	none	0.0	Dalmore Group, LLC	1521250.0	none	0.0	Davidson & Company LLP	25000.0	Greenberg Traurig and McMillan	150000.0	none	0.0	Various states	25000.0	136352	48003750.0	Additional expenses not outlined above are estimated at $150,000. This Offering consists of 57,000,000 Units at $0.50 per Unit and 28,500,000 Warrant Shares at $0.75 per Warrant Share.
0001477932-19-004328	Tier2	Audited	Y	Y	N	Y	N	N	500000	0	10.0	50000000.0	0.0	0.0	0.0	50000000.0		0.0	Sageworks Capital, LLC	500000.0		0.0	IndigoSpire	2500.0	Trowbridge Sidoti	40000.0	Steve Morris	0.0		0.0		49500000.0	
0001214659-19-004745	Tier2	Audited	N	N	N	Y	N	N	50000	0	1000.0	50000000.0	0.0	0.0	0.0	50000000.0			TBD	5250000.0			Grennan Fender Hess & Poparad LLP	6500.0	Pino Nicholson PLLC	350000.0						44750000.0	Placement Agents' Commissions have been quantified but Placement Agents have not yet been appointed.
0001703429-19-000033	Tier2	Audited	Y	Y	Y	Y	N	N	100000000	329996002	0.9750000000000001	50000000.0	0.0	0.0	0.0	50000000.0																	
0001683168-19-002340	Tier1	Unaudited	Y	N	N	Y	N	N	38000000	98250000	0.015000000000000001	570000.0	0.0	0.0	0.0	570000.0							Accountant and Misc other	42500.0	John E. Lux, Esq.	25000.0			Various	2500.0		500000.0	
0001144204-19-035548	Tier2	Audited	Y	N	N	Y	Y	N	10000000	0	5.0	50000000.0	0.0	0.0	0.0	50000000.0			Sageworks Capital, LLC	513000.0			IndigoSpire CPA LLC	2500.0	CrowdCheck Law, LLC	15000.0			State Filing Fees	10000.0	162182	44500000.0	
0001213900-19-013392	Tier1	Unaudited	Y	Y	Y	Y	N	N	215000000	351034387	0.052500000000000005	3000000.0	0.0	0.0	0.0	3000000.0																3000000.0	
0001144204-19-035546	Tier2	Audited	Y	N	N	Y	Y	N	10000000	0	5.0	50000000.0	0.0	0.0	0.0	50000000.0			Sageworks Capital, LLC	513000.0			IndigoSpire CPA LLC	2500.0	CrowdCheck Law, LLC	15000.0			State Filing Fees	10000.0	162182	44500000.0	
0001144204-19-035541	Tier2	Audited	Y	N	N	Y	Y	N	10000000	0	5.0	50000000.0	0.0	0.0	0.0	50000000.0			Sageworks Capital, LLC	513000.0			IndigoSpire CPA LLC	2500.0	CrowdCheck Law, LLC	15000.0			State Filing Fees	10000.0	162182	44500000.0	
0001144204-19-035539	Tier2	Audited	Y	N	N	Y	Y	N	10000000	0	5.0	50000000.0	0.0	0.0	0.0	50000000.0			Sageworks Capital, LLC	513000.0			IndigoSpire CPA LLC	2500.0	CrowdCheck Law, LLC	15000.0			State Filing Fees	10000.0	162182	44500000.0	
0001144204-19-035537	Tier2	Audited	Y	N	N	Y	Y	N	10000000	0	5.0	50000000.0	0.0	0.0	0.0	50000000.0			Sageworks Capital, LLC	513000.0			IndigoSpire CPA LLC	2500.0	CrowdCheck Law, LLC	25000.0			State Filing Fees	10000.0	162182	44500000.0	
0001654954-19-008426	Tier2	Audited	N	N	N	Y	N	N	500000000	302251877	0.01	5000000.0	0.0	0.0	0.0	5000000.0							WDM Chartered Professional Accountants	10000.0	Procopio, Cory Hargreaves & Saviitch LLP	25000.0							
0001477932-19-004260	Tier2	Audited	Y	N	N	Y	N	Y	12500000	102969086	0.8	9200000.0	800000.0	0.0	0.0	10000000.0	NMS Capital Advisors, LLC	0.0	NMS Capital Advisors, LLC	800000.0		0.0	MJF & Associates APC	25000.0	Richardson & Associates	55000.0		0.0	MLS Blue Sky	30000.0		8362800.0	The selling commissions assume the maximum selling commission on all sales. Does not include escrow fees and fees charged by startengine.com for hosting the crowdfunding portal.
0001743305-19-000010	Tier2	Audited	Y	N	N	N	N	N	5000000	0	10.0	0.0	0.0	0.0	50000000.0	50000000.0									Kaplan & Associates	50000.0							
0001144204-19-035491	Tier2	Audited	Y	Y	N	Y	N	N	2204140	0	10.0	2204140.0	0.0	41998800.0	3365380.0	47568320.0									Manatt Phelps; Robbins Ross	1000.0							
0001743305-19-000009	Tier2	Audited	Y	N	N	N	N	N	5000000	0	10.0	0.0	0.0	0.0	50000000.0	50000000.0									Kaplan & Associates	50000.0							
0001213900-19-013354	Tier2	Audited	Y	N	N	Y	N	N	228571429	349339793	0.0437	10000000.0	0.0	0.0	0.0	10000000.0																10000000.0	
0001776230-19-000010	Tier1	Unaudited	N	N	Y	Y	N	N	12000000	50000	10.0	0.0	0.0	0.0	0.0	0.0																	
0001144204-19-035421	Tier2	Audited	N	N	Y	N	N	N	2100000	4982478		9000000.0	0.0	0.0	0.0	9000000.0	Westpark Capital, Inc.; Boustead Securities, LLC	270000.0	Westpark Capital, Inc.; Boustead Securities, LLC	900000.0			CohnReznick LLP	200000.0	Manatt, Phelps & Phillips, LLP	400000.0					39914	7100000.0	
0001144204-19-035281	Tier2	Audited	Y	N	N	Y	N	N	8333333	0	6.0	50000000.0	0.0	0.0	0.0	50000000.0			Sageworks Capital, LLC	518000.0			IndigoSpire CPA LLC	2500.0	CrowdCheck Law, LLC	50000.0			State Filing Fees	10000.0	162182	44500000.0	
0001493152-19-010900	Tier2	Audited	Y	N	N	Y	N	N	250000000	443354541	0.002	500000.0	0.0	0.0	0.0	500000.0									Stout Law Group	25000.0						475000.0	
0001683168-19-002261	Tier2	Audited	Y	Y	N	Y	N	N	10112	744		1461270.0	0.0	0.0	0.0	1461270.0							IndigoSpire CPA Group, LLC	0.0	Procopio, Cory, Hargreaves & Savitch, LLP	0.0						1461270.0	Estimated net proceeds do not reflect offering expenses because such expenses will be paid by the Manager
0001703429-19-000031	Tier2	Audited	Y	Y	Y	Y	N	N	100000000	329996002	0.9750000000000001	50000000.0	0.0	0.0	0.0	50000000.0																	
0001778052-19-000004	Tier1	Unaudited	Y	N	N	Y	Y	N	20000000	33826200	1.0	16000000.0	4000000.0	0.0	0.0	20000000.0		0.0		0.0		0.0		0.0	Attorney's fee and California Filing Fee	75000.0		0.0		0.0		15875000.0	We estimate that, at a per share price of $1.00, the net proceeds from the sale of the 20,000,000 shares in this offering will be approximately $15,875,000, after deducting the estimated offering expenses of approximately $125,000.
0001144204-19-035041	Tier2	Audited	Y	N	N	Y	Y	N	6250000	469140	8.0	50000000.0	0.0	0.0	0.0	50000000.0							Ernst & Young LLP	20000.0	Wilson Sonsini Goodrich & Rosati P.C.	500000.0	Maxim Group LLC, StartEngine Primary LLC	3250000.0				46230000.0	
0001768344-19-000007	Tier1	Unaudited	Y	Y	N	Y	N	N	5000000	5000000	1.0	5000000.0	0.0	0.0	0.0	5000000.0	none	0.0	none	0.0	none	0.0	Jose Flores, CAP	0.0	Arya Law Center, PC	0.0		0.0		0.0		5000000.0	
0001683168-19-002230	Tier1	Unaudited	Y	N	N	Y	N	N	228000000	131250000	0.0025	570000.0	0.0	0.0	0.0	570000.0							Accountant and Misc other	42500.0	John E. Lux, Esq.	25000.0			Various	2500.0		500000.0	
0001144204-19-034931	Tier2	Audited	Y	Y	N	Y	N	N	25692700	26025077	1.0	25692700.0	0.0	24307300.0	0.0	50000000.0							Baker Tilly Virchow Krause, LLP	15000.0	Manatt, Phelps & Phillips, LLP	100000.0			INTERNAL OUT-OF-POCKET EXPENSES(3)	50000.0		25527700.0	(1) Outstanding securities as of May 31, 2019. (2) $24,307,300 for July 1, 2018 through June 30, 2019. (3) The Issuer will provide for its own blue sky compliance through in-house counsel.
0001477932-19-004144	Tier2	Audited	N	N	N	Y	N	N	2000	0	62.5	125000.0	0.0	0.0	0.0	125000.0		0.0		0.0		0.0	CohnReznick	15000.0	Trowbridge Sidoti	50000.0		0.0		0.0		125000.0	
0001213900-19-012961	Tier2	Audited	N	Y	N	Y	N	N	5000000	0	10.0	50000000.0	0.0	0.0	0.0	50000000.0							Artesian CPA	2000.0	Flaster/Greenberg P.C.	30000.0							
0001493152-19-010719	Tier2	Audited	Y	Y	N	Y	N	N	5000000	10042350	1.0	5000000.0	0.0	0.0	0.0	5000000.0							Friedman LLP	14000.0	Bevilacqua PLLC	20000.0			Bevilacqua PLLC	2500.0		4963500.0	Up to $500,000 may be paid in commissions if the maximum amount is sold and a registered broker-dealer is engaged as a placement agent. The Issuer will amend this Form 1-A to reflect the engagement of, and the fees payable to, any such broker-dealer.
0001477932-19-004141	Tier2	Audited	N	N	N	Y	N	N	50000	0	1000.0	50000000.0	0.0	0.0	0.0	50000000.0		0.0		0.0		0.0	IndigoSpire CPA Group	2500.0	Trowbridge Sidoti	50000.0	Ivan Oberon, Ryan Garland	0.0		0.0		50000000.0	
0001144204-19-034715	Tier2	Audited	Y	N	N	Y	N	N	8333333	0	6.0	50000000.0	0.0	0.0	0.0	50000000.0			Sageworks Capital, LLC	518000.0			IndigoSpire CPA LLC	2500.0	CrowdCheck Law, LLC	50000.0			State Filing Fees	10000.0	162182	44500000.0	
0001144204-19-034629	Tier2	Audited	Y	Y	N	Y	N	N	2482950	0	10.0	2482950.0	0.0	43446310.0	2882880.0	48812140.0									Manatt Phelps; Robbins Ross	1000.0							
0001477932-19-004057	Tier2	Audited	Y	N	N	Y	N	Y	12500000	102969086	0.8	9200000.0	800000.0	0.0	0.0	10000000.0	NMS Capital Advisors, LLC	0.0	NMS Capital Advisors, LLC	800000.0		0.0	MJF & Associates APC	25000.0	Richardson & Associates	55000.0		0.0	MLS Blue Sky	30000.0		8362800.0	The selling commissions assume the maximum selling commission on all sales. Does not include escrow fees and fees charged by startengine.com for hosting the crowdfunding portal.
0001493152-19-010588	Tier2	Audited	Y	N	N	Y	Y	N	51950	0	20.0	1039000.0	0.0	0.0	0.0	1039000.0	SDDCO Brokerage Advisors LLC	57170.0	SDDCO Brokerage Advisors LLC	31170.0	N/A	0.0	Mayer Hoffman McCann, P.C	15000.0	Anthony L.G., PLLC	15000.0	N/A	0.0	Anthony L.G., PLLC	5000.0	153563	1039000.0	Estimated Net Proceeds Calculation (above) of $1,039,000 does not include any offering fees as all fees in connection with the offering are to be paid by Masterworks Administrative Services, LLC.
0001493152-19-010584	Tier2	Audited	Y	N	N	Y	Y	N	1200000	0	25.0	30000000.0	0.0	0.0	0.0	30000000.0			TriPoint Global Equities LLC / Digital Offering, LLC	2184000.0			Hutchinson & Bloodgood LLP	25000.0	Loeb & Loeb LLP	50000.0					143174		
0001144204-19-034549	Tier2	Audited	Y	N	N	Y	Y	N	10000000	0	5.0	50000000.0	0.0	0.0	0.0	50000000.0			Sageworks Capital, LLC	513000.0			IndigoSpire CPA LLC	2500.0	CrowdCheck Law, LLC	15000.0			State Filing Fees	10000.0	162182	44500000.0	
0001144204-19-034545	Tier2	Audited	Y	N	N	Y	Y	N	10000000	0	5.0	50000000.0	0.0	0.0	0.0	50000000.0			Sageworks Capital, LLC	513000.0			IndigoSpire CPA LLC	2500.0	CrowdCheck Law, LLC	15000.0			State Filing Fees	10000.0	162182	44500000.0	
0001144204-19-034541	Tier2	Audited	Y	N	N	Y	Y	N	10000000	0	5.0	50000000.0	0.0	0.0	0.0	50000000.0			Sageworks Capital, LLC	513000.0			IndigoSpire CPA LLC	2500.0	CrowdCheck Law, LLC	15000.0			State Filing Fees	10000.0	162182	44500000.0	
0001144204-19-034536	Tier2	Audited	Y	N	N	Y	Y	N	10000000	0	5.0	50000000.0	0.0	0.0	0.0	50000000.0			Sageworks Capital, LLC	513000.0			IndigoSpire CPA LLC	2500.0	CrowdCheck Law, LLC	15000.0			State Filing Fees	10000.0	162182	44500000.0	
0001144204-19-034533	Tier2	Audited	Y	N	N	Y	Y	N	10000000	0	5.0	50000000.0	0.0	0.0	0.0	50000000.0			Sageworks Capital, LLC	513000.0			IndigoSpire CPA LLC	2500.0	CrowdCheck Law, LLC	25000.0			State Filing Fees	10000.0	162182	44500000.0	
0001144204-19-034473	Tier2	Audited	Y	Y	N	Y	Y	N	5000000	100	10.0	50000000.0	0.0	0.0	0.0	50000000.0							RSM US LLP	25000.0	Herrick, Feinstein LLP	129000.0							
0001703429-19-000029	Tier2	Audited	Y	Y	Y	Y	N	N	100000000	329996002	0.9750000000000001	50000000.0	0.0	0.0	0.0	50000000.0																	
0001144204-19-034323	Tier2	Audited	Y	N	N	N	N	N	1000000	0	50.0	50000000.0	0.0	0.0	0.0	50000000.0							Templeton & Company	10000.0	Law Office of James G Dodrill II, P.A.	55000.0						50000000.0	
0001628279-19-000256	Tier2	Audited	Y	Y	N	Y	Y	Y	178000000	200174427	0.1369	35000000.0	15000000.0	0.0	0.0	50000000.0							Rosen Kuslansky, CPA, PC	200000.0	Wilson Sonsini Goodrich & Rosati, PC	1400000.0							65,000 in fees to financial printer (Workiva)
0001144204-19-034309	Tier2	Audited	Y	N	N	Y	N	N	5000000	0	4.0	20000000.0	0.0	0.0	0.0	20000000.0	SI Securities, LLC	1750000.0					Fruci & Associates II, PLLC	12000.0	CrowdCheck Law LLP	50000.0					170937	18175000.0	Sales Commissions estimate assumes the maximum amount of commissions payable to SI Securities, LLC for their services in this offering. The company also estimates it will incur $13,000 in Edgarization fees in addition to the fees above.
0001104659-19-039831	Tier2	Audited	Y	Y	N	Y	Y	N	180333333	756827880	0.3	40000000.0	0.0	0.0	0.0	40000000.0							WithumSmith&Brown, PC	250000.0	Wilson Sonsini Goodrich & Rosati, PC	1500000.0						25200000.0	Up to an additional $1050000 in fees for software, web development, investor verification, printing, advertising
0001213900-19-012418	Tier2	Audited	Y	N	N	Y	Y	N	10000	1	25.0	250000.0	0.0	0.0	0.0	250000.0							JASON M. TYRA, CPA, PLLC	2500.0	BEVILACQUA PLLC	60000.0	NORTH CAPITAL PRIVATE SECURITIES CORPORATION	2450.0			154559	247550.0	
0001022183-19-000010	Tier1	Unaudited	Y	N	N	Y	N	Y	24000000	58593479	0.05	1000000.0	200000.0	0.0	0.0	1200000.0		0.0		0.0		0.0		0.0		0.0		0.0		0.0		1000000.0	
0001628279-19-000254	Tier2	Audited	Y	Y	N	Y	Y	Y	178000000	200174427	0.1369	35000000.0	15000000.0	0.0	0.0	50000000.0							Rosen Kuslansky, CPA, PC	200000.0	Wilson Sonsini Goodrich & Rosati, PC	1400000.0							65,000 in fees to financial printer (Workiva)
0001104659-19-039757	Tier2	Audited	Y	Y	N	Y	Y	N	180333333	756827880	0.3	40000000.0	0.0	0.0	0.0	40000000.0							WithumSmith&Brown, PC	250000.0	Wilson Sonsini Goodrich & Rosati, PC	1500000.0						25200000.0	Up to an additional $1050000 in fees for software, web development, investor verification, printing, advertising
0001683168-19-002139	Tier1	Unaudited	Y	N	Y	Y	N	N	1500000000	5221580783	0.0001	150000.0	0.0	0.0	0.0	150000.0									John E. Lux, Esq.	15000.0						135000.0	
0001213900-19-012240	Tier1	Unaudited	Y	Y	Y	Y	N	N	215000000	351034387	0.052500000000000005	3000000.0	0.0	0.0	0.0	3000000.0																3000000.0	
0001144204-19-034038	Tier2	Audited	Y	N	N	Y	Y	N	6000000	11516986	5.0	30000000.0	0.0	0.0	0.0	30000000.0							dbbmckennon	2000.0	CrowdCheck Law LLP	40000.0						27300000.0	
0001688804-19-000013	Tier2	Audited	Y	Y	N	Y	Y	N	1000	0	1250.0	1250000.0	0.0	0.0	0.0	1250000.0							EisnerAmper LLP	0.0	Duane Morris LLP	0.0	Dalmore Group, LLC	12500.0			136352	1237500.0	
0001213900-19-012236	Tier1	Unaudited	Y	N	Y	Y	N	N	343750000	140342956	0.0044	500000.0	0.0	0.0	0.0	500000.0									Eilers Law Group, P.A	15000.0						485000.0	
0001350455-19-000006	Tier2	Audited	Y	N	N	Y	N	N	50000	0	50.0	50000000.0	0.0	0.0	0.0	50000000.0		0.0		0.0		0.0	Michael Gilmore; To be filed by Amendment; auditor hired when resources are raised.	3000.0	Michael Gilmore; To be filed by 2nd Amendment; An undue hardship has occur because Attorneys has not prepared my offering and decline legal opinion;	47000.0		0.0		0.0		50000000.0	
0001104659-19-039476	Tier2	Audited	Y	Y	N	Y	Y	N	180333333	756827880	0.3	40000000.0	0.0	0.0	0.0	40000000.0							WithumSmith&Brown, PC	250000.0	Wilson Sonsini Goodrich & Rosati, PC	1500000.0						25200000.0	Up to an additional $1050000 in fees for software, web development, investor verification, printing, advertising
0001628279-19-000251	Tier2	Audited	Y	Y	N	Y	Y	Y	178000000	200174427	0.1369	35000000.0	15000000.0	0.0	0.0	50000000.0							Rosen Kuslansky, CPA, PC	200000.0	Wilson Sonsini Goodrich & Rosati, PC	1400000.0							65,000 in fees to financial printer (Workiva)
0001213900-19-012121	Tier2	Audited	Y	N	N	Y	N	N	5062500000	146136719	0.0405	10000000.0	0.0	0.0	0.0	10000000.0																10000000.0	
0001766570-19-000008	Tier2	Audited	Y	N	N	Y	Y	N	70000	0	500.0	35000000.0	0.0	0.0	0.0	35000000.0			North Capital Private Securities Corp	227500.0					Kendall A. Almerico PA	100000.0					154559	34672500.0	
0001144204-19-033796	Tier2	Audited	Y	N	N	Y	Y	N	10000000	7343078	8.05	21388222.1	0.0	18426807.5	0.0	39815029.6									Goodwin Procter LLP	25000.0							
0001193125-19-189212	Tier1	Audited	Y	Y	N	Y	N	N	20000000	0	50000.0	11316560.0	0.0	8683440.0	0.0	20000000.0									Barley Snyder	50000.0			Barley Snyder	5500.0		19944500.0	
0001144204-19-033660	Tier2	Audited	Y	N	N	Y	N	N	5000000	2500	10.0	50000000.0	0.0	0.0	0.0	50000000.0			JCC Advisors LLC	4750000.0			Moss Adams LLP	80000.0	Winston & Strawn LLP	200000.0					146776	43750000.0	
0001703429-19-000027	Tier2	Audited	Y	Y	Y	Y	N	N	100000000	329996002	0.9750000000000001	50000000.0	0.0	0.0	0.0	50000000.0																	
0001683168-19-002072	Tier1	Unaudited	Y	N	N	Y	N	N	20000000000	5058067087	0.0001	1000000.0	0.0	0.0	0.0	1000000.0									John E. Lux, Esq	25000.0			John E. Lux, Esq	2000.0		973000.0	
0001445866-19-000773	Tier2	Audited	Y	Y	N	Y	Y	N	47100000	2900000	10.0	47100000.0	0.0	0.0	0.0	47100000.0							Summit, LLC	15000.0	Carman Lehnhof Israelsen, Durham Jones & Pinnegar	15000.0					154559	47070000.0	
0001594062-19-000062	Tier2	Audited	Y	Y	N	Y	Y	N	57000000	86046843	0.5	28500000.0	0.0	0.0	0.0	28500000.0	none	0.0	Dalmore Group, LLC	150000.0	none	0.0	Davidson & Company LLP	25000.0	Greenberg Traurig and McMillan	150000.0	none	0.0	Various states	25000.0	136352	28000000.0	Additional expenses not outlined above are estimated at $150,000
0001477932-19-003818	Tier2	Audited	Y	Y	N	Y	N	N	8333333	20335000	6.0	50000000.0	0.0	0.0	0.0	50000000.0		0.0		0.0		0.0	Daszkal Bolton, LLP	1500.0	Securities Counselors, Inc.	28500.0		0.0		0.0		49970000.0	
0001683168-19-002062	Tier1	Unaudited	Y	N	Y	Y	N	N	3750000000	521859629	0.0008	3000000.0	0.0	1310000.0	0.0	4310000.0									Eilers Law Group, P.A.	15000.0						1000000.0	
0001477932-19-003809	Tier2	Audited	Y	N	N	Y	N	Y	12500000	102969086	0.8	9200000.0	800000.0	0.0	0.0	10000000.0	NMS Capital Advisors, LLC	0.0	NMS Capital Advisors, LLC	800000.0		0.0	MJF & Associates APC	25000.0	Richardson & Associates	55000.0		0.0	MLS Blue Sky	30000.0		8362800.0	The selling commissions assume the maximum selling commission on all sales. Does not include escrow fees and fees charged by startengine.com for hosting the crowdfunding portal.
0001654954-19-007796	Tier2	Audited	N	N	N	Y	N	N	500000000	302251877	0.01	5000000.0	0.0	0.0	0.0	5000000.0							WDM Chartered Professional Accountants	10000.0	Procopio, Cory Hargreaves & Saviitch LLP	25000.0							
0001774589-19-000011	Tier1	Unaudited	Y	N	Y	Y	N	Y	30000000	5010	3.5	0.0	0.0	0.0	0.0	0.0																	
