ACCESSION_NUMBER	FORMINDICATION	ISSUERNAME	FISCALYEAREND	STREET1	STREET2	CITY	STATEORCOUNTRY	ZIPCODE	PHONENUMBER	REGARULE257
0001213900-19-018897		AMERICAN ENERGY PARTNERS, INC.		PO Box 443		ALLENTOWN	PA	18105	610-217-3275	
0001144204-19-044920	Special Financial Report for the fiscal year		31-DEC-2018	2738 FALKENBURG RD. S.		RIVERVIEW	FL	33578	813-621-5000	true
0001654954-19-010471	Annual Report		31-DEC-2018	257 EAST MAIN STREET	SUITE 200	BARRINGTON	IL	60010	8472779930	true
0001144204-19-043048	Annual Report		30-APR-2019	1938-C COLUMBIA AVENUE, BOX 670		ROSLAND	A1	V0G 1Y0	250-362-7384	true
0001214659-19-005495	Annual Report		30-APR-2019	3802 SPECTRUM BLVD	SUITE 112C	TAMPA	FL	33612	844-722-6333	true
0001477932-19-005122		SNM Global Holdings		7950 NW 53rd Street	Suite 337	Miami	FL	35166	410-733-6551	
0001144204-19-040771		Platform Ventures Diversified Housing REIT, LLC		4220 Shawnee Mission Parkway	Suite 200B	Fairway	KS	66205	913-229-9650	
0001144204-19-040565	Annual Report		31-DEC-2018	600 Peachtree Street NE	Ste. 810	ATLANTA	GA	30308	404-850-9225	true
0001683168-19-002665	Annual Report		30-JUN-2019	2598 EAST SUNRISE BLVD.	SUITE 2104	FT. LAUDERDALE	FL	33304	954-332-6600	true
0001683168-19-002644		Saddle Ranch Media, Inc.		5020 Campus Drive		Newport Beach	CA	92660	551-486-3980	
0001698370-19-000004	Annual Report		31-MAR-2019	100 KALAMALKA LAKE ROAD	UNIT 32	VERNON	A1	V1T 9G1	778-389-9933	true
0001671132-19-000001	Annual Report		31-MAR-2019	10901 ROOSEVELT BLVD	SUITE 1000C	SAINT PETERSBURG	FL	33716	727-474-1810	false
0001599916-19-000124	Annual Report		28-FEB-2019	780 Reservoir Avenue, #123		Cranston	RI	02910	401-440-9533	true
0001213900-19-013660	Annual Report		31-DEC-2018	750 B Street, Suite 1930		San Diego	CA	92101	858-430-8528	false
0001477932-19-004276	Annual Report		31-DEC-2018	2155 WOODLANE DRIVE	SUITE 102	WOODBURY	MN	55125	651-419-8504	true
0001395005-19-000001		BITFRONTIER CAPITAL HOLDINGS, INC.		1320 Central Park Blvd	Ste 200	Fredericksburg	VA	22401	5407363069	
0001640334-19-001399	Annual Report		28-FEB-2019	3511 Del Paso Rd., Ste. 160 PMB 208		Sacramento	CA	95835	213-260-0321	false
0001144204-19-033407		Esoteric Brewing Company, LLC		3713 CHARLOE CT.		CINCINNATI	OH	45227	513-549-9483	
