ACCESSION_NUMBER	SECURITY_ID	SECURITIESISSUERNAME	SECURITIESISSUERTITLE	SECURITIESISSUEDTOTALAMOUNT	SECURITIESPRINCIPALHOLDERAMT	SECURITIESISSUEDAGGREGATEAMT	AGGREGATECONSIDERATIONBASIS
0001493152-19-014779	1	FAT Brands, Inc.	Common Stock / Series A Fixed Rate Cumulative Preferred Stock / Series A-1 Fixed Rate Cumulative Preferred Stock	483978	0	Various	
0001144204-19-046554	1	Real Goods Solar, Inc.	Class A common stock; warrant exercisable for Class A common stock	38175228	0	$4,029,950 for the shares of Class A common stock; $100 for the warrant exercisable for Class A common stock	
0001761911-19-000013	2	Nowigence Inc	Class B Common	37827270	0	The Founders' Class B stock was issued for an aggregate amount of $102,000 which represents $0.002 per share.	
0001761911-19-000013	1	Nowigence Inc	Class B Common	37827270	0	The Founders' Class B stock was issued for an aggregate amount of $102,000 which represents $0.002 per share.	
0001628279-19-000314	4	YouNow, Inc.	Tokens	200174247	0	Upon conversion of SAFTs and DPAs, and pursuant to adviser grants for services.	
0001628279-19-000314	1	YouNow, Inc.	Tokens	200174247	0	Upon conversion of SAFTs and DPAs, and pursuant to adviser grants for services.	
0001628279-19-000314	3	YouNow, Inc.	Tokens	200174247	0	Upon conversion of SAFTs and DPAs, and pursuant to adviser grants for services.	
0001628279-19-000314	2	YouNow, Inc.	Tokens	200174247	0	Upon conversion of SAFTs and DPAs, and pursuant to adviser grants for services.	
0001213900-19-019204	1	GREEN STREAM HOLDINGS INC.	Common stock; Series B Preferred Stock	31494015	0	0	
0001493152-19-014674	1	Clean Energy Technologies, Inc.	Convertible Promissory Notes Units, Common Stock & Warrants	169000000	0	$2,019,200 common stock and units. $266,000 received from Convertible Promissory Notes after OID.	
0001213900-19-019161	2	Amarantus Bioscience Holding, Inc.	Series A Preferred	250	0	250	
0001213900-19-019161	1	Amarantus Bioscience Holding, Inc.	Series A Preferred	250	0	250	
0001213900-19-019161	3	Amarantus Bioscience Holding, Inc.	Series A Preferred	250	0	250	
0001477932-19-005549	1	1847 Holdings LLC, jointly and severally with 1847 Goedeker Holdco Inc. and 1847 Goedeker Inc.	Promissory Note - $714,285.71; Warrant for 200,000 common shares of issuer; 150 common shares of 1847 Goedeker; and 50,000 common shares of issuer	714286	0	$650,000	
0001144204-19-046019	1	REITless Impact Opportunity Zone Strategies LLC	Common Shares	100	0	$1,000 shares @ $10.00 per share	
0001144204-19-045953	1	1st stREIT Office Inc.	Common Stock	7500	7500	$75000 ($10 per share of common stock)	Same as above
0001688804-19-000020	1	RSE Collection, LLC	Series #77LE1, a series of RSE Collection, LLC	2000	0	Aggregate amount: $77,700 Basis of Computing: 2000 LLC Interests at $38.85 per Interest	
0001214659-19-006003	4	DPW Holdings, Inc.	Common Stock	9375	0	$253,019 based on an average of $26.99 per share of Common Stock for services rendered by consultants.	
0001214659-19-006003	2	DPW Holdings, Inc.	Common Stock	9375	0	$253,019 based on an average of $26.99 per share of Common Stock for services rendered by consultants.	
0001214659-19-006003	1	DPW Holdings, Inc.	Common Stock	9375	0	$253,019 based on an average of $26.99 per share of Common Stock for services rendered by consultants.	
0001214659-19-006003	3	DPW Holdings, Inc.	Common Stock	9375	0	$253,019 based on an average of $26.99 per share of Common Stock for services rendered by consultants.	
0001078782-19-000732	1	iQSTEL Inc	Common Stock	1101114	0	0	
0001721469-19-000016	1	RAD DIVERSIFIED REIT, INC.	COMMON STOCK	100	0	$10 PER SHARE x 100 SHARES = $1,000	
0001721469-19-000015	1	RAD DIVERSIFIED REIT, INC.	COMMON STOCK	100	0	$10 PER SHARE x 100 SHARES = $1,000	
0001213900-19-018729	1	TechSoup Global	Community Capital Notes, Patient Capital Notes, Risk Capital Notes	1303850	0	1303850	
0001721469-19-000013	1	RAD DIVERSIFIED REIT, INC.	COMMON STOCK	100	0	$10 PER SHARE x 100 SHARES = $1,000	
0001683168-19-003022	1	CBD Life Sciences, Inc.	Common Stock, $0.001 par value	1458088	0	550146	
0001493152-19-014415	2	American International Holdings Corp.	Common Stock	18400000	0	18,000,000 shares issued for acquisition of Novopelle Diamond, LLC, valued at $0.10 per share; 250,000 shares issued in connection with an exclusive license agreement with Novo MedSpa Addison Corp., valued at $0.10 per share; 100,000 sold to an investor for $10,000; and 50,000 to an investor for lending $40,000 to the issuer.	Everett Bassie exchanged 650,000 shares of common stock for a $42,500 note; Charles Zeller exchanged 400,000 shares of common stock for a $25,000 note; Daniel Dror exchanged 4,200,000 shares of common stock for a $240,000 note; Winfred Fields exchanged 650,000 shares of common stock for a $42,500 note.
0001493152-19-014415	1	American International Holdings Corp.	Common Stock	18400000	0	18,000,000 shares issued for acquisition of Novopelle Diamond, LLC, valued at $0.10 per share; 250,000 shares issued in connection with an exclusive license agreement with Novo MedSpa Addison Corp., valued at $0.10 per share; 100,000 sold to an investor for $10,000; and 50,000 to an investor for lending $40,000 to the issuer.	Everett Bassie exchanged 650,000 shares of common stock for a $42,500 note; Charles Zeller exchanged 400,000 shares of common stock for a $25,000 note; Daniel Dror exchanged 4,200,000 shares of common stock for a $240,000 note; Winfred Fields exchanged 650,000 shares of common stock for a $42,500 note.
0001469709-19-000144	1	NO BORDERS, INC.	COMMON STOCK	10300000	0	164,585	
0001144204-19-045512	2	CaliberCos Inc.	Common Stock	839448	30619	1438148	55,941
0001144204-19-045512	1	CaliberCos Inc.	Common Stock	839448	30619	1438148	55,941
0001683168-19-002996	1	Aqua Quest International, Inc.	Common Stock	1001500	0	510750	
0001477932-19-005471	1	MedX Holdings, Inc.	Common Shares	24300000	0	$5,960. The price per share was determined pursuant to the debt conversion formula in the convertible note pursuant to which the shares were issued. The conversion formula is 50% of the lowest price per share for the 30 days prior to conversion.	
0001144204-19-045346	1	Groundfloor Finance Inc.	LROs	43515840	0	$43,515,850 were issued and sold pursuant to Offering Circular File No. 024-10753.	
0001144204-19-045346	2	Groundfloor Finance Inc.	LROs	43515840	0	$43,515,850 were issued and sold pursuant to Offering Circular File No. 024-10753.	
0001144204-19-045346	3	Groundfloor Finance Inc.	LROs	43515840	0	$43,515,850 were issued and sold pursuant to Offering Circular File No. 024-10753.	
0001144204-19-045341	1	Winc, Inc.	Series C Preferred Stock	8209586	0	$10,000,000, at a per share price of $1.218088	
0001144204-19-045241	1	Groundfloor Finance Inc.	LROs	43515840	0	$44,025,290 were issued and sold pursuant to Offering Circular File No. 024-10753.	
0001144204-19-045241	3	Groundfloor Finance Inc.	LROs	43515840	0	$44,025,290 were issued and sold pursuant to Offering Circular File No. 024-10753.	
0001144204-19-045241	2	Groundfloor Finance Inc.	LROs	43515840	0	$44,025,290 were issued and sold pursuant to Offering Circular File No. 024-10753.	
0001144204-19-045090	1	Denim.LA, Inc.	Series A-2 Preferred Stock	5932742	0	$2,966,371, at $0.50 per share which was based on a pre-money valuation of $30,214,597 and 58,429,194 outstanding shares.	
0001144204-19-045090	2	Denim.LA, Inc.	Series A-2 Preferred Stock	5932742	0	$2,966,371, at $0.50 per share which was based on a pre-money valuation of $30,214,597 and 58,429,194 outstanding shares.	
0001477932-19-005447	1	Paradyme Equities, LLC	Class B Interests	1000	0	1000	
0001654954-19-010788	1	Garo Kholamian	Class A units	100	0	None	
0001778052-19-000012	2	Ijascode Handsoff Marketing System	Converted Units From Founders, Executives and Directors	30758900	0	Based on capital, skills, time and effort contributed to Ijascode handsoff marketing System, and in exchange for units, with such units converted into share of class B common stocks of the company.	
0001778052-19-000012	4	Ijascode Handsoff Marketing System	Converted Units From Founders, Executives and Directors	30758900	0	Based on capital, skills, time and effort contributed to Ijascode handsoff marketing System, and in exchange for units, with such units converted into share of class B common stocks of the company.	
0001778052-19-000012	5	Ijascode Handsoff Marketing System	Converted Units From Founders, Executives and Directors	30758900	0	Based on capital, skills, time and effort contributed to Ijascode handsoff marketing System, and in exchange for units, with such units converted into share of class B common stocks of the company.	
0001778052-19-000012	1	Ijascode Handsoff Marketing System	Converted Units From Founders, Executives and Directors	30758900	0	Based on capital, skills, time and effort contributed to Ijascode handsoff marketing System, and in exchange for units, with such units converted into share of class B common stocks of the company.	
0001778052-19-000012	3	Ijascode Handsoff Marketing System	Converted Units From Founders, Executives and Directors	30758900	0	Based on capital, skills, time and effort contributed to Ijascode handsoff marketing System, and in exchange for units, with such units converted into share of class B common stocks of the company.	
0001144204-19-044726	1	NowRx, Inc.	Series A Preferred Stock	1013449	0	$2,026,897. Consideration was $2.00 per share	
0001144204-19-044726	2	NowRx, Inc.	Series A Preferred Stock	1013449	0	$2,026,897. Consideration was $2.00 per share	
0001683168-19-002933	1	Global Entertainment Holdings Inc.	Common Stock	34321704	0	293805	
0001144204-19-044606	1	NowRx, Inc.	Series A Preferred Stock	1013449	0	$2,026,897. Consideration was $2.00 per share	
0001144204-19-044606	2	NowRx, Inc.	Series A Preferred Stock	1013449	0	$2,026,897. Consideration was $2.00 per share	
0001144204-19-044535	2	XTI Aircraft Company	Common Stock	125135	0	$187,703	
0001144204-19-044535	1	XTI Aircraft Company	Common Stock	125135	0	$187,703	
0001663577-19-000362	1	LifeQuest World Corp.	Common Stock	77000000	0	7700	
0001477932-19-005360	1	World Tree USA, LLC	Series A 2018 COP Units	240296	0	$189,294	
0001213900-19-017771	1	TechSoup Global	Community Capital Notes, Patient Capital Notes, Risk Capital Notes	1303850	0	1303850	
0001213900-19-017713	1	Gentech Holdings, Inc.	Common	1224876054	0	71267.46	
0001144204-19-044195	1	School of Whales Commercial Real Estate Equity Fund, LLC	Class B Units	12500000	0	200	
0001144204-19-044154	2	Monogram Orthopaedics, Inc.	Convertible Promissory Notes	1168000	0	$1,168,000	
0001144204-19-044154	1	Monogram Orthopaedics, Inc.	Convertible Promissory Notes	1168000	0	$1,168,000	
0001493152-19-013853	1	Vivos Inc.	Series B Convertible Preferred Stock	100000	100000	$50,000	$50,000
0001493152-19-013853	2	Vivos Inc.	Series B Convertible Preferred Stock	100000	100000	$50,000	$50,000
0001493152-19-013853	30	Vivos Inc.	Series B Convertible Preferred Stock	100000	100000	$50,000	$50,000
0001493152-19-013853	29	Vivos Inc.	Series B Convertible Preferred Stock	100000	100000	$50,000	$50,000
0001493152-19-013853	28	Vivos Inc.	Series B Convertible Preferred Stock	100000	100000	$50,000	$50,000
0001493152-19-013853	3	Vivos Inc.	Series B Convertible Preferred Stock	100000	100000	$50,000	$50,000
0001493152-19-013853	4	Vivos Inc.	Series B Convertible Preferred Stock	100000	100000	$50,000	$50,000
0001493152-19-013853	5	Vivos Inc.	Series B Convertible Preferred Stock	100000	100000	$50,000	$50,000
0001493152-19-013853	6	Vivos Inc.	Series B Convertible Preferred Stock	100000	100000	$50,000	$50,000
0001493152-19-013853	7	Vivos Inc.	Series B Convertible Preferred Stock	100000	100000	$50,000	$50,000
0001493152-19-013853	8	Vivos Inc.	Series B Convertible Preferred Stock	100000	100000	$50,000	$50,000
0001493152-19-013853	9	Vivos Inc.	Series B Convertible Preferred Stock	100000	100000	$50,000	$50,000
0001493152-19-013853	10	Vivos Inc.	Series B Convertible Preferred Stock	100000	100000	$50,000	$50,000
0001493152-19-013853	11	Vivos Inc.	Series B Convertible Preferred Stock	100000	100000	$50,000	$50,000
0001493152-19-013853	12	Vivos Inc.	Series B Convertible Preferred Stock	100000	100000	$50,000	$50,000
0001493152-19-013853	13	Vivos Inc.	Series B Convertible Preferred Stock	100000	100000	$50,000	$50,000
0001493152-19-013853	14	Vivos Inc.	Series B Convertible Preferred Stock	100000	100000	$50,000	$50,000
0001493152-19-013853	15	Vivos Inc.	Series B Convertible Preferred Stock	100000	100000	$50,000	$50,000
0001493152-19-013853	16	Vivos Inc.	Series B Convertible Preferred Stock	100000	100000	$50,000	$50,000
0001493152-19-013853	17	Vivos Inc.	Series B Convertible Preferred Stock	100000	100000	$50,000	$50,000
0001493152-19-013853	18	Vivos Inc.	Series B Convertible Preferred Stock	100000	100000	$50,000	$50,000
0001493152-19-013853	19	Vivos Inc.	Series B Convertible Preferred Stock	100000	100000	$50,000	$50,000
0001493152-19-013853	20	Vivos Inc.	Series B Convertible Preferred Stock	100000	100000	$50,000	$50,000
0001493152-19-013853	21	Vivos Inc.	Series B Convertible Preferred Stock	100000	100000	$50,000	$50,000
0001493152-19-013853	22	Vivos Inc.	Series B Convertible Preferred Stock	100000	100000	$50,000	$50,000
0001493152-19-013853	23	Vivos Inc.	Series B Convertible Preferred Stock	100000	100000	$50,000	$50,000
0001493152-19-013853	24	Vivos Inc.	Series B Convertible Preferred Stock	100000	100000	$50,000	$50,000
0001493152-19-013853	25	Vivos Inc.	Series B Convertible Preferred Stock	100000	100000	$50,000	$50,000
0001493152-19-013853	26	Vivos Inc.	Series B Convertible Preferred Stock	100000	100000	$50,000	$50,000
0001493152-19-013853	27	Vivos Inc.	Series B Convertible Preferred Stock	100000	100000	$50,000	$50,000
0001144204-19-043857	1	Winc, Inc.	Series C Preferred Stock	8209586	0	$10,000,000, at a per share price of $1.218088	
0001144204-19-043855	1	Groundfloor Finance Inc.	LROs	44025290	0	$44,025,290 were issued and sold pursuant to Offering Circular File No. 024-10753.	
0001144204-19-043855	2	Groundfloor Finance Inc.	LROs	44025290	0	$44,025,290 were issued and sold pursuant to Offering Circular File No. 024-10753.	
0001144204-19-043855	3	Groundfloor Finance Inc.	LROs	44025290	0	$44,025,290 were issued and sold pursuant to Offering Circular File No. 024-10753.	
0001493152-19-013748	1	Wizard Entertainment, Inc.	Preferred Stock	5768956	0	$709,581.51 at $0.123 per share	
0001214659-19-005675	3	Tuscan Gardens Senior Living Fund, LLC	Preferred Multi-Class Units of Membership Interes	2410000	0	2410000	
0001214659-19-005675	1	Tuscan Gardens Senior Living Fund, LLC	Preferred Multi-Class Units of Membership Interes	2410000	0	2410000	
0001214659-19-005675	2	Tuscan Gardens Senior Living Fund, LLC	Preferred Multi-Class Units of Membership Interes	2410000	0	2410000	
0001144204-19-043582	1	Monogram Orthopaedics, Inc.	Convertible Promissory Notes	1168000	0	$1,168,000	
0001144204-19-043582	2	Monogram Orthopaedics, Inc.	Convertible Promissory Notes	1168000	0	$1,168,000	
0001683168-19-002835	1	B2Digital, Incorporated	Common Stock, $0.00001 par value	123000000	0	For services.	
0001683168-19-002835	2	B2Digital, Incorporated	Common Stock, $0.00001 par value	123000000	0	For services.	
0001683168-19-002835	3	B2Digital, Incorporated	Common Stock, $0.00001 par value	123000000	0	For services.	
0001683168-19-002835	4	B2Digital, Incorporated	Common Stock, $0.00001 par value	123000000	0	For services.	
0001019056-19-000510	1	Prometheum, Inc.	Common Stock and Ember Warrants	284180000	0	$3 million cash plus technology and services valued at $9 million.	
0001019056-19-000508	1	Prometheum, Inc.	Common Stock and Ember Warrants	284180000	0	$3 million cash plus technology and services valued at $9 million.	
0001144204-19-043144	1	Groundfloor Finance Inc.	LROs	44025290	0	$44,025,290 were issued and sold pursuant to Offering Circular File No. 024-10753.	
0001144204-19-043144	3	Groundfloor Finance Inc.	LROs	44025290	0	$44,025,290 were issued and sold pursuant to Offering Circular File No. 024-10753.	
0001144204-19-043144	2	Groundfloor Finance Inc.	LROs	44025290	0	$44,025,290 were issued and sold pursuant to Offering Circular File No. 024-10753.	
0001775730-19-000002	1	AppSwarm Corp	Preferred Stock	274550	0	274550	
0001786960-19-000001	2	Quality Of Life Marketing Inc	Common	4000000	0	0.001 par value	
0001786960-19-000001	1	Quality Of Life Marketing Inc	Common	4000000	0	0.001 par value	
0001213900-19-017046	1	CloudCommerce, Inc.	Convertible Promissory Notes	397000	0	397000	
0001144204-19-043041	1	Fundrise Income eREIT V, LLC	Common Shares	500	500	$5,000 ($10.00 per common share)	Same as above
0001144204-19-043038	1	Fundrise Growth eREIT V, LLC	Common Shares	500	500	$5,000 ($10.00 per common share)	Same as above
0001477932-19-005246	1	Kula Ventures Ltd.	Common Shares	1200000	0	$ 60,000.00; 1.2 million shares at $0.05 per share.	
0001654954-19-010193	1	Red Oak Capital Fund III, LLC	Limited Liability Company Interests	1	1	$100.00	At its formation, Red Oak Capital Fund III, LLC issued one limited liability company interest to Red Oak Capital GP, LLC, its sole member for a cash contribution of $100.00.
0001688804-19-000017	1	RSE Collection, LLC	Series #77LE1, a series of RSE Collection, LLC	2000	0	Aggregate amount: $77,700 Basis of Computing: 2000 LLC Interests at $38.85 per Interest	
0001683168-19-002771	1	My Racehorse CA LLC	See Exhibit 15.1	11435	0	1823000	
0001144204-19-042113	2	XTI Aircraft Company	Common Stock	125135	0	$187,703	
0001144204-19-042113	1	XTI Aircraft Company	Common Stock	125135	0	$187,703	
0001477932-19-005226	1	World Tree USA, LLC	Series A 2018 COP Units	240296	0	$189,294	
0001477932-19-005221	1	BRK, Inc.	Common stock	1646486640	0	$1,193,625	
0001477932-19-005200	1	BRK, Inc.	Common stock	2974529693	0	$1,193,625	
0001477932-19-005178	2	Iron Bridge Mortgage Fund, LLC	10 percent Preferred, Particip LLC Ownership Interests (Equity)	6901500	0	August 2018 - July 2019 = 6,901,500	
0001477932-19-005178	1	Iron Bridge Mortgage Fund, LLC	10 percent Preferred, Particip LLC Ownership Interests (Equity)	6901500	0	August 2018 - July 2019 = 6,901,500	
0001477932-19-005137	1	1847 Holdings LLC, jointly and severally with 1847 Goedeker Holdco Inc. and 1847 Goedeker Inc.	Promissory Note - $714,285.71; Warrant for 200,000 common shares of issuer; 150 common shares of 1847 Goedeker; and 50,000 common shares of issuer	714286	0	$650,000	
0001654954-19-009937	2	Manufactured Housing Properties Inc.	Series A Cumulative Convertible Preferred Stock	570000	0	1425000	
0001654954-19-009937	1	Manufactured Housing Properties Inc.	Series A Cumulative Convertible Preferred Stock	570000	0	1425000	
0001144204-19-041179	1	ERC HOMEBUILDERS 2, INC.	Class B Common Stock	16000000	0	$160 (determined at $0.00001 per share)	
0001778052-19-000011	4	Ijascode Handsoff Marketing System	Converted Units From Founders, Executives and Directors	30758900	0	Based on capital, skills, time and effort contributed to Ijascode handsoff marketing System, and in exchange for units, with such units converted into share of class B common stocks of the company.	
0001778052-19-000011	5	Ijascode Handsoff Marketing System	Converted Units From Founders, Executives and Directors	30758900	0	Based on capital, skills, time and effort contributed to Ijascode handsoff marketing System, and in exchange for units, with such units converted into share of class B common stocks of the company.	
0001778052-19-000011	1	Ijascode Handsoff Marketing System	Converted Units From Founders, Executives and Directors	30758900	0	Based on capital, skills, time and effort contributed to Ijascode handsoff marketing System, and in exchange for units, with such units converted into share of class B common stocks of the company.	
0001778052-19-000011	2	Ijascode Handsoff Marketing System	Converted Units From Founders, Executives and Directors	30758900	0	Based on capital, skills, time and effort contributed to Ijascode handsoff marketing System, and in exchange for units, with such units converted into share of class B common stocks of the company.	
0001778052-19-000011	3	Ijascode Handsoff Marketing System	Converted Units From Founders, Executives and Directors	30758900	0	Based on capital, skills, time and effort contributed to Ijascode handsoff marketing System, and in exchange for units, with such units converted into share of class B common stocks of the company.	
0001477932-19-005108	1	Paradyme Equities, LLC	Class B Interests	1000	0	1000	
0001683168-19-002740	1	Global Entertainment Holdings Inc.	Common Stock	34321704	0	293805	
0001144204-19-040903	2	Groundfloor Finance Inc.	LROs	42069110	0	$42,069,110 were issued and sold pursuant to Offering Circular File No. 024-10753.	
0001144204-19-040903	1	Groundfloor Finance Inc.	LROs	42069110	0	$42,069,110 were issued and sold pursuant to Offering Circular File No. 024-10753.	
0001144204-19-040903	3	Groundfloor Finance Inc.	LROs	42069110	0	$42,069,110 were issued and sold pursuant to Offering Circular File No. 024-10753.	
0001144204-19-040711	1	ERC Homebuilders 1, Inc.	Class B Common Stock	16000000	0	$160 (determined at $0.00001 per share)	
0001144204-19-040653	1	GolfSuites 6, Inc.	Class B Common Shares	18000000	0	$180 (determined at $0.00001 per share)	
0001144204-19-040650	1	GolfSuites 5, Inc.	Class B Common Shares	18000000	0	$180 (determined at $0.00001 per share)	
0001683168-19-002692	1	Saddle Ranch Media, Inc.	Common Stock, $0.0001 par value	5702809783	0	$4,984,554	
0001144204-19-040648	1	GolfSuites 4, Inc.	Class B Common Shares	18000000	0	$180 (determined at $0.00001 per share)	
0001144204-19-040645	1	GolfSuites 3, Inc.	Class B Common Shares	18000000	0	$180 (determined at $0.00001 per share)	
0001144204-19-040644	1	GolfSuites 2, Inc.	Class B Common Shares	18000000	0	$180 (determined at $0.00001 per share)	
0001520138-19-000302	1	Tiger Reef, Inc.	Common	648679099	0	1054103	
0001144204-19-040575	2	CaliberCos Inc.	Common Stock	839448	30619	1438148	55,941
0001144204-19-040575	1	CaliberCos Inc.	Common Stock	839448	30619	1438148	55,941
0001264931-19-000177	1	CDB Brands Inc.	Common Stock $0.001	6158000	0	5,000,000 founders shares at $0.001 (par value) equals $5,000. 1,158,000 shares at $0.25. Total equals $294,500.	
0001144204-19-040481	2	Monogram Orthopaedics, Inc.	Convertible Promissory Notes	1168000	0	$1,168,000	
0001144204-19-040481	1	Monogram Orthopaedics, Inc.	Convertible Promissory Notes	1168000	0	$1,168,000	
0001493152-19-012883	1	Masterworks 002, LLC	Membership Interests	100	0	100% of the membership interests in Masterworks 002, LLC were issued to Masterworks Gallery, LLC in return for a capital contribution of $100	
0001144204-19-040474	2	CaliberCos Inc.	Common Stock	839448	30619	1438148	55,941
0001144204-19-040474	1	CaliberCos Inc.	Common Stock	839448	30619	1438148	55,941
0001144204-19-040467	1	CaliberCos Inc.	Common Stock	839448	30619	1438148	55,941
0001144204-19-040467	2	CaliberCos Inc.	Common Stock	839448	30619	1438148	55,941
0001493152-19-012896	1	FAT Brands, Inc.	Common Stock / Series A Fixed Rate Cumulative Preferred Stock / Series A-1 Fixed Rate Cumulative Preferred Stock	483978	0	Various	
0001594062-19-000073	1	Juva Life, Inc. (California, USA)	Common Shares	86046843	0	$5,142,294 USD	
0001594062-19-000073	5	Juva Life, Inc. (California, USA)	Common Shares	86046843	0	$5,142,294 USD	
0001594062-19-000073	3	Juva Life, Inc. (California, USA)	Common Shares	86046843	0	$5,142,294 USD	
0001594062-19-000073	4	Juva Life, Inc. (California, USA)	Common Shares	86046843	0	$5,142,294 USD	
0001594062-19-000073	2	Juva Life, Inc. (California, USA)	Common Shares	86046843	0	$5,142,294 USD	
0001213900-19-016157	1	The Marquie Group, Inc.	Common Stock	307339791	0	$303,325.39	
0001144204-19-040323	3	Groundfloor Finance Inc.	LROs	44548520	0	$44,548,520 were issued and sold pursuant to Offering Circular File No. 024-10753.	
0001144204-19-040323	2	Groundfloor Finance Inc.	LROs	44548520	0	$44,548,520 were issued and sold pursuant to Offering Circular File No. 024-10753.	
0001144204-19-040323	1	Groundfloor Finance Inc.	LROs	44548520	0	$44,548,520 were issued and sold pursuant to Offering Circular File No. 024-10753.	
0001144204-19-040140	1	NowRx, Inc.	Series A Preferred Stock	1013449	0	$2,026,897. Consideration was $2.00 per share	
0001214659-19-005198	5	DPW Holdings, Inc.	Common Stock	10625	0	$474,871 based on an average of $44.69 per share of Common Stock for services rendered by consultants.	
0001214659-19-005198	1	DPW Holdings, Inc.	Common Stock	10625	0	$474,871 based on an average of $44.69 per share of Common Stock for services rendered by consultants.	
0001214659-19-005198	2	DPW Holdings, Inc.	Common Stock	10625	0	$474,871 based on an average of $44.69 per share of Common Stock for services rendered by consultants.	
0001214659-19-005198	6	DPW Holdings, Inc.	Common Stock	10625	0	$474,871 based on an average of $44.69 per share of Common Stock for services rendered by consultants.	
0001214659-19-005198	4	DPW Holdings, Inc.	Common Stock	10625	0	$474,871 based on an average of $44.69 per share of Common Stock for services rendered by consultants.	
0001214659-19-005198	3	DPW Holdings, Inc.	Common Stock	10625	0	$474,871 based on an average of $44.69 per share of Common Stock for services rendered by consultants.	
0001493152-19-012272	1	Masterworks 003, LLC	Membership Interests	100	0	100% of the membership interests in Masterworks 003, LLC were issued to Masterworks Gallery LLC, a Delaware limited liability company, in return for a capital contribution of $100.	
0001213900-19-015358	1	20/20 GeneSystems, Inc.	Series B Preferred Stock	1471487	0	$5,194,349 ($3.53/share).	
0001731122-19-000459	1	Secured Investment High Yield Fund II, LLC	Membership Interests	1226997	0	$1,226,997 Book Value of the Membership Interests	
0001213900-19-015198	1	The Marquie Group, Inc.	Common Stock	307339791	0	$303,325.39	
0001213900-19-015111	1	TechSoup Global	Community Capital Notes, Patient Capital Notes, Risk Capital Notes	1303850	0	1303850	
0001144204-19-038846	3	Groundfloor Finance Inc.	LROs	42686970	0	$42,686,970 were issued and sold pursuant to Offering Circular File No. 024-10753.	
0001144204-19-038846	2	Groundfloor Finance Inc.	LROs	42686970	0	$42,686,970 were issued and sold pursuant to Offering Circular File No. 024-10753.	
0001144204-19-038846	1	Groundfloor Finance Inc.	LROs	42686970	0	$42,686,970 were issued and sold pursuant to Offering Circular File No. 024-10753.	
0001683168-19-002515	1	Image Protect, Inc.	Common	521859629	0	165634	
0001213900-19-015000	1	Gentech Holdings, Inc.	Common	1224876054	0	71267.46	
0001683168-19-002472	1	DNA Brands, Inc.	Convertible Note	50000	0	50000	
0001683168-19-002472	4	DNA Brands, Inc.	Convertible Note	50000	0	50000	
0001683168-19-002472	3	DNA Brands, Inc.	Convertible Note	50000	0	50000	
0001683168-19-002472	2	DNA Brands, Inc.	Convertible Note	50000	0	50000	
0001683168-19-002456	1	CBD Life Sciences, Inc.	Common Stock, $0.001 par value	1458088	0	550146	
0001144204-19-038002	1	StreetShares, Inc.	Debt securities	9542677	19280	$9,542,677 for debt securities issued to accredited investors in 2019 fiscal year (July 1, 2018 to June 30, 2019).	$19,280 for debt securities issued to accredited investors who were officers or directors in 2019 fiscal year.
0001683168-19-002413	1	Zabala Farms Group, LLC	Class A Common Units	164567	0	0	
0001683168-19-002406	1	Aureus, Inc.	Convertible debt	31050	0	31050	
0001144204-19-037166	2	Monogram Orthopaedics, Inc.	Convertible Promissory Notes	1168000	0	$1,168,000	
0001144204-19-037166	1	Monogram Orthopaedics, Inc.	Convertible Promissory Notes	1168000	0	$1,168,000	
0001654954-19-008680	2	Manufactured Housing Properties Inc.	Series A Cumulative Convertible Preferred Stock	570000	0	1425000	
0001654954-19-008680	1	Manufactured Housing Properties Inc.	Series A Cumulative Convertible Preferred Stock	570000	0	1425000	
0001654954-19-008675	1	Red Oak Capital Fund III, LLC	Limited Liability Company Interests	1	1	$100.00	At its formation, Red Oak Capital Fund III, LLC issued one limited liability company interest to Red Oak Capital GP, LLC, its sole member for a cash contribution of $100.00.
0001683168-19-002388	1	Aureus, Inc.	Convertible debt	31050	0	31050	
0001144204-19-036804	3	Groundfloor Finance Inc.	LROs	41928090	0	$41,928,090 were issued and sold pursuant to Offering Circular File No. 024-10753.	
0001144204-19-036804	2	Groundfloor Finance Inc.	LROs	41928090	0	$41,928,090 were issued and sold pursuant to Offering Circular File No. 024-10753.	
0001144204-19-036804	1	Groundfloor Finance Inc.	LROs	41928090	0	$41,928,090 were issued and sold pursuant to Offering Circular File No. 024-10753.	
0001743305-19-000011	1	Seed Equity Properties, LLC	Class A Units	100	0	$125,000	
0001493152-19-011350	1	FAT Brands, Inc.	Common Stock / Series A Fixed Rate Cumulative Preferred Stock / Series A-1 Fixed Rate Cumulative Preferred Stock	483978	0	Various	
0001654954-19-008625	1	Red Oak Capital Fund III, LLC	Limited Liability Company Interests	1	1	$100.00	At its formation, Red Oak Capital Fund III, LLC issued one limited liability company interest to Red Oak Capital GP, LLC, its sole member for a cash contribution of $100.00.
0001477932-19-004373	1	World Tree USA, LLC	Series A 2018 COP Units	240296	0	$189,294	
0001144204-19-036465	1	Winc, Inc.	Series C Preferred Stock	8209586	0	$10,000,000, at a per share price of $1.218088	
0001264931-19-000148	1	CDB Brands Inc.	Common Stock $0.001	6158000	0	5,000,000 founders shares at $0.001 (par value) equals $5,000. 1,158,000 shares at $0.25. Total equals $294,500.	
0001493152-19-011262	13	Vivos Inc.	Series B Convertible Preferred Stock	100000	100000	$50,000	$50,000
0001493152-19-011262	12	Vivos Inc.	Series B Convertible Preferred Stock	100000	100000	$50,000	$50,000
0001493152-19-011262	11	Vivos Inc.	Series B Convertible Preferred Stock	100000	100000	$50,000	$50,000
0001493152-19-011262	10	Vivos Inc.	Series B Convertible Preferred Stock	100000	100000	$50,000	$50,000
0001493152-19-011262	9	Vivos Inc.	Series B Convertible Preferred Stock	100000	100000	$50,000	$50,000
0001493152-19-011262	8	Vivos Inc.	Series B Convertible Preferred Stock	100000	100000	$50,000	$50,000
0001493152-19-011262	7	Vivos Inc.	Series B Convertible Preferred Stock	100000	100000	$50,000	$50,000
0001493152-19-011262	6	Vivos Inc.	Series B Convertible Preferred Stock	100000	100000	$50,000	$50,000
0001493152-19-011262	5	Vivos Inc.	Series B Convertible Preferred Stock	100000	100000	$50,000	$50,000
0001493152-19-011262	4	Vivos Inc.	Series B Convertible Preferred Stock	100000	100000	$50,000	$50,000
0001493152-19-011262	3	Vivos Inc.	Series B Convertible Preferred Stock	100000	100000	$50,000	$50,000
0001493152-19-011262	2	Vivos Inc.	Series B Convertible Preferred Stock	100000	100000	$50,000	$50,000
0001493152-19-011262	1	Vivos Inc.	Series B Convertible Preferred Stock	100000	100000	$50,000	$50,000
0001493152-19-011262	14	Vivos Inc.	Series B Convertible Preferred Stock	100000	100000	$50,000	$50,000
0001493152-19-011262	30	Vivos Inc.	Series B Convertible Preferred Stock	100000	100000	$50,000	$50,000
0001493152-19-011262	29	Vivos Inc.	Series B Convertible Preferred Stock	100000	100000	$50,000	$50,000
0001493152-19-011262	28	Vivos Inc.	Series B Convertible Preferred Stock	100000	100000	$50,000	$50,000
0001493152-19-011262	27	Vivos Inc.	Series B Convertible Preferred Stock	100000	100000	$50,000	$50,000
0001493152-19-011262	26	Vivos Inc.	Series B Convertible Preferred Stock	100000	100000	$50,000	$50,000
0001493152-19-011262	25	Vivos Inc.	Series B Convertible Preferred Stock	100000	100000	$50,000	$50,000
0001493152-19-011262	24	Vivos Inc.	Series B Convertible Preferred Stock	100000	100000	$50,000	$50,000
0001493152-19-011262	23	Vivos Inc.	Series B Convertible Preferred Stock	100000	100000	$50,000	$50,000
0001493152-19-011262	22	Vivos Inc.	Series B Convertible Preferred Stock	100000	100000	$50,000	$50,000
0001493152-19-011262	15	Vivos Inc.	Series B Convertible Preferred Stock	100000	100000	$50,000	$50,000
0001493152-19-011262	16	Vivos Inc.	Series B Convertible Preferred Stock	100000	100000	$50,000	$50,000
0001493152-19-011262	17	Vivos Inc.	Series B Convertible Preferred Stock	100000	100000	$50,000	$50,000
0001493152-19-011262	18	Vivos Inc.	Series B Convertible Preferred Stock	100000	100000	$50,000	$50,000
0001493152-19-011262	19	Vivos Inc.	Series B Convertible Preferred Stock	100000	100000	$50,000	$50,000
0001493152-19-011262	20	Vivos Inc.	Series B Convertible Preferred Stock	100000	100000	$50,000	$50,000
0001493152-19-011262	21	Vivos Inc.	Series B Convertible Preferred Stock	100000	100000	$50,000	$50,000
0001594062-19-000065	4	Juva Life, Inc. (California, USA)	Common Shares	86046843	0	$5,142,294 USD	
0001594062-19-000065	3	Juva Life, Inc. (California, USA)	Common Shares	86046843	0	$5,142,294 USD	
0001594062-19-000065	2	Juva Life, Inc. (California, USA)	Common Shares	86046843	0	$5,142,294 USD	
0001594062-19-000065	1	Juva Life, Inc. (California, USA)	Common Shares	86046843	0	$5,142,294 USD	
0001594062-19-000065	5	Juva Life, Inc. (California, USA)	Common Shares	86046843	0	$5,142,294 USD	
0001214659-19-004745	3	Tuscan Gardens Senior Living Fund, LLC	Preferred Multi-Class Units of Membership Interes	2410000	0	2410000	
0001214659-19-004745	2	Tuscan Gardens Senior Living Fund, LLC	Preferred Multi-Class Units of Membership Interes	2410000	0	2410000	
0001214659-19-004745	1	Tuscan Gardens Senior Living Fund, LLC	Preferred Multi-Class Units of Membership Interes	2410000	0	2410000	
0001683168-19-002340	1	Aureus, Inc.	Convertible debt	31050	0	31050	
0001144204-19-035548	1	GolfSuites 6, Inc.	Class B Common Shares	18000000	0	$180 (determined at $0.00001 per share)	
0001144204-19-035546	1	GolfSuites 5, Inc.	Class B Common Shares	18000000	0	$180 (determined at $0.00001 per share)	
0001144204-19-035541	1	GolfSuites 4, Inc.	Class B Common Shares	18000000	0	$180 (determined at $0.00001 per share)	
0001144204-19-035539	1	GolfSuites 3, Inc.	Class B Common Shares	18000000	0	$180 (determined at $0.00001 per share)	
0001144204-19-035537	1	GolfSuites 2, Inc.	Class B Common Shares	18000000	0	$180 (determined at $0.00001 per share)	
0001477932-19-004260	1	Med-X, Inc.	Common Stock	2055832	0	2,055,832 at $0.60 per share ($1,203,499)	
0001743305-19-000010	1	Seed Equity Properties, LLC	Class A Units	100	0	$125,000	
0001144204-19-035491	3	Groundfloor Finance Inc.	LROs	41998800	0	$41,998,800 were issued and sold pursuant to Offering Circular File No. 024-10753.	
0001144204-19-035491	2	Groundfloor Finance Inc.	LROs	41998800	0	$41,998,800 were issued and sold pursuant to Offering Circular File No. 024-10753.	
0001144204-19-035491	1	Groundfloor Finance Inc.	LROs	41998800	0	$41,998,800 were issued and sold pursuant to Offering Circular File No. 024-10753.	
0001743305-19-000009	1	Seed Equity Properties, LLC	Class A Units	100	0	$125,000	
0001213900-19-013354	1	The Marquie Group, Inc.	Common Stock	307339791	0	$303,325.39	
0001144204-19-035281	1	ERC HOMEBUILDERS 2, INC.	Class B Common Stock	16000000	0	$160 (determined at $0.00001 per share)	
0001493152-19-010900	1	Kibush Capital Corp.	common stock	120000000	0	120,000	
0001683168-19-002261	1	My Racehorse CA LLC	Series: Amers; Bella Chica; Country Whirl '17; Daddy's Joy; De Mystique 17; Madarnas; Martita Sangrita '17; Miss Puzzle; Night of Idiots; Sigesmund; Soul Beam; Tavasco Road; Zestful; Vertical Threat; Shake it Up Baby; Tizmagician.	1349	0	348800	
0001778052-19-000004	5	Ijascode Handsoff Marketing System	Converted Units From Founders, Executives and Directors	30758900	0	Based on capital, skills, time and effort contributed to Ijascode handsoff marketing System, and in exchange for units, with such units converted into share of class B common stocks of the company.	
0001778052-19-000004	3	Ijascode Handsoff Marketing System	Converted Units From Founders, Executives and Directors	30758900	0	Based on capital, skills, time and effort contributed to Ijascode handsoff marketing System, and in exchange for units, with such units converted into share of class B common stocks of the company.	
0001778052-19-000004	1	Ijascode Handsoff Marketing System	Converted Units From Founders, Executives and Directors	30758900	0	Based on capital, skills, time and effort contributed to Ijascode handsoff marketing System, and in exchange for units, with such units converted into share of class B common stocks of the company.	
0001778052-19-000004	2	Ijascode Handsoff Marketing System	Converted Units From Founders, Executives and Directors	30758900	0	Based on capital, skills, time and effort contributed to Ijascode handsoff marketing System, and in exchange for units, with such units converted into share of class B common stocks of the company.	
0001778052-19-000004	4	Ijascode Handsoff Marketing System	Converted Units From Founders, Executives and Directors	30758900	0	Based on capital, skills, time and effort contributed to Ijascode handsoff marketing System, and in exchange for units, with such units converted into share of class B common stocks of the company.	
0001144204-19-035041	1	Knightscope, Inc.	Series S Preferred Stock, Series m-4 Preferred Stock, Series S Preferred Stock Warrants	2176326	0	$3,753,120 cash purchase price paid for the 469,140 shares of Series S Preferred Stock. The preferred stock warrants were issued in connection with the purchase of convertible promissory notes. The shares of Series m-4 Preferred Stock were issued in exchange for outstanding shares of Series m-3 Preferred Stock at a ratio of 1 to 1.	
0001683168-19-002230	1	Aureus, Inc.	Convertible debt	31050	0	31050	
0001144204-19-034931	1	StreetShares, Inc.	Debt securities	9542677	19280	$9,542,677 for debt securities issued to accredited investors in 2019 fiscal year (July 1, 2018 to June 30, 2019).	$19,280 for debt securities issued to accredited investors who were officers or directors in 2019 fiscal year.
0001477932-19-004141	1	Paradyme Equities, LLC	Class B Interests	1000	0	1000	
0001144204-19-034715	1	ERC Homebuilders 1, Inc.	Class B Common Stock	16000000	0	$160 (determined at $0.00001 per share)	
0001144204-19-034629	1	Groundfloor Finance Inc.	LROs	43446310	0	$43,446,310 were issued and sold pursuant to Offering Circular File No. 024-10753.	
0001144204-19-034629	3	Groundfloor Finance Inc.	LROs	43446310	0	$43,446,310 were issued and sold pursuant to Offering Circular File No. 024-10753.	
0001144204-19-034629	2	Groundfloor Finance Inc.	LROs	43446310	0	$43,446,310 were issued and sold pursuant to Offering Circular File No. 024-10753.	
0001477932-19-004057	1	Med-X, Inc.	Common Stock	2055832	0	2,055,832 at $0.60 per share ($1,203,499)	
0001493152-19-010588	1	Masterworks 003, LLC	Membership Interests	100	0	100% of the membership interests in Masterworks 003, LLC were issued to Masterworks Gallery LLC, a Delaware limited liability company, in return for a capital contribution of $100.	
0001493152-19-010584	1	FAT Brands, Inc.	Common Stock / Series A Fixed Rate Cumulative Preferred Stock / Series A-1 Fixed Rate Cumulative Preferred Stock	483978	0	Various	
0001144204-19-034549	1	GolfSuites 6, Inc.	Class B Common Shares	18000000	0	$180 (determined at $0.00001 per share)	
0001144204-19-034545	1	GolfSuites 5, Inc.	Class B Common Shares	18000000	0	$180 (determined at $0.00001 per share)	
0001144204-19-034541	1	GolfSuites 4, Inc.	Class B Common Shares	18000000	0	$180 (determined at $0.00001 per share)	
0001144204-19-034536	1	GolfSuites 3, Inc.	Class B Common Shares	18000000	0	$180 (determined at $0.00001 per share)	
0001144204-19-034533	1	GolfSuites 2, Inc.	Class B Common Shares	18000000	0	$180 (determined at $0.00001 per share)	
0001144204-19-034473	1	HappyNest REIT, Inc.	Common Stock, par value $0.0001 per share	100	0	$1,000, or $10.00 per share	
0001144204-19-034323	1	School of Whales Commercial Real Estate Equity Fund, LLC	Class B Units	12500000	0	200	
0001628279-19-000256	4	YouNow, Inc.	Tokens	200174247	0	Upon conversion of SAFTs and DPAs, and pursuant to adviser grants for services.	
0001628279-19-000256	3	YouNow, Inc.	Tokens	200174247	0	Upon conversion of SAFTs and DPAs, and pursuant to adviser grants for services.	
0001628279-19-000256	2	YouNow, Inc.	Tokens	200174247	0	Upon conversion of SAFTs and DPAs, and pursuant to adviser grants for services.	
0001628279-19-000256	1	YouNow, Inc.	Tokens	200174247	0	Upon conversion of SAFTs and DPAs, and pursuant to adviser grants for services.	
0001144204-19-034309	2	Monogram Orthopaedics, Inc.	Convertible Promissory Notes	1168000	0	$1,168,000	
0001144204-19-034309	1	Monogram Orthopaedics, Inc.	Convertible Promissory Notes	1168000	0	$1,168,000	
0001104659-19-039831	2	Blockstack Token LLC	Stacks Tokens	756827880	0	47926345.75	
0001104659-19-039831	1	Blockstack Token LLC	Stacks Tokens	756827880	0	47926345.75	
0001628279-19-000254	2	YouNow, Inc.	Tokens	200174247	0	Upon conversion of SAFTs and DPAs, and pursuant to adviser grants for services.	
0001628279-19-000254	1	YouNow, Inc.	Tokens	200174247	0	Upon conversion of SAFTs and DPAs, and pursuant to adviser grants for services.	
0001628279-19-000254	3	YouNow, Inc.	Tokens	200174247	0	Upon conversion of SAFTs and DPAs, and pursuant to adviser grants for services.	
0001628279-19-000254	4	YouNow, Inc.	Tokens	200174247	0	Upon conversion of SAFTs and DPAs, and pursuant to adviser grants for services.	
0001104659-19-039757	2	Blockstack Token LLC	Stacks Tokens	756827880	0	47926345.75	
0001104659-19-039757	1	Blockstack Token LLC	Stacks Tokens	756827880	0	47926345.75	
0001683168-19-002139	1	Saddle Ranch Media, Inc.	Common Stock, $0.0001 par value	4480205783	0	$4,984,554	
0001144204-19-034038	1	To The Stars Academy of Arts and Science Inc.	Class A Common Stock	274046	0	$1,370,230 at $5.00 per share.	
0001688804-19-000013	1	RSE Collection, LLC	Series #77LE1, a series of RSE Collection, LLC	2000	0	Aggregate amount: $77,700 Basis of Computing: 2000 LLC Interests at $38.85 per Interest	
0001104659-19-039476	1	Blockstack Token LLC	Stacks Tokens	756827880	0	47926345.75	
0001104659-19-039476	2	Blockstack Token LLC	Stacks Tokens	756827880	0	47926345.75	
0001628279-19-000251	3	YouNow, Inc.	Tokens	200174247	0	Upon conversion of SAFTs and DPAs, and pursuant to adviser grants for services.	
0001628279-19-000251	2	YouNow, Inc.	Tokens	200174247	0	Upon conversion of SAFTs and DPAs, and pursuant to adviser grants for services.	
0001628279-19-000251	4	YouNow, Inc.	Tokens	200174247	0	Upon conversion of SAFTs and DPAs, and pursuant to adviser grants for services.	
0001628279-19-000251	1	YouNow, Inc.	Tokens	200174247	0	Upon conversion of SAFTs and DPAs, and pursuant to adviser grants for services.	
0001213900-19-012121	1	The Marquie Group, Inc.	Common Stock	42000002	0	$41,000	
0001144204-19-033660	1	American Hospitality Properties REIT, Inc.	Common Stock	2500	0	25000	
0001683168-19-002072	1	Sky440, Inc.	Common Stock, $0.0001 par value	100000000	0	Price per share was 0.00005	
0001594062-19-000062	2	Juva Life, Inc. (California, USA)	Common Shares	86046843	0	$5,142,294 USD	
0001594062-19-000062	1	Juva Life, Inc. (California, USA)	Common Shares	86046843	0	$5,142,294 USD	
0001477932-19-003818	1	Sensortecnics Inc.	Common Shares	20335000	0	0	
0001683168-19-002062	1	Image Protect, Inc.	Common	521859629	0	165634	
0001477932-19-003809	1	Med-X, Inc.	Common Stock	2055832	0	2,055,832 at $0.60 per share ($1,203,499)	
