ACCESSION_NUMBER	SIGN_ID	CIK	REGULATIONISSUERNAME1	REGULATIONISSUERNAME2	SIGNATUREBY	SIGNATURE_DATE	TITLE
0001213900-19-018897	1	0001715688	American Energy Partners, Inc.	American Energy Partners, Inc.	/s/ Brad J. Domitrovitsch	24-SEP-2019	Chief Executive Officer
0001477932-19-005122	1	0001706907	SNM Global Holdings, Inc.	SNM Global Holdings, Inc.	Troy Lowman	23-AUG-2019	CEO
0001144204-19-040771	1	0001726676	Platform Ventures Diversified Housing REIT, LLC	Platform Ventures Diversified Housing REIT, LLC	/s/ Kyle Siner	19-AUG-2019	Chief Financial Officer of PVDH Manager, LLC
0001683168-19-002644	1	0000841533	Saddle Ranch Media, Inc.	Saddle Ranch Media, Inc.	Max Chin Li	13-AUG-2019	President
0001395005-19-000001	1	0001395005	BITFRONTIER CAPITAL HOLDINGS, INC.	BITFRONTIER CAPITAL HOLDINGS, INC.	Spencer Payne	18-JUL-2019	President
0001144204-19-033407	1	0001737337	Esoteric Brewing Company, LLC	Esoteric Brewing Company, LLC	/s/ Brian Jackson	30-JUN-2019	CEO
