ACCESSION_NUMBER	STREET1	STREET2	CITY	STATEORCOUNTRY	ZIPCODE	PHONENUMBER	CONNECTIONNAME	INDUSTRYGROUP	CASHEQUIVALENTS	INVESTMENTSECURITIES	TOTALINVESTMENTS	ACCOUNTSRECEIVABLE	LOANS	PROPERTYPLANTEQUIPMENT	PROPERTYANDEQUIPMENT	TOTALASSETS	ACCOUNTSPAYABLE	POLICYLIABILITIESANDACCRUALS	DEPOSITS	LONGTERMDEBT	TOTALLIABILITIES	TOTALSTOCKHOLDEREQUITY	TOTALLIABILITIESANDEQUITY	TOTALREVENUES	TOTALINTERESTINCOME	COSTANDEXPENSESAPPLTOREVENUES	TOTALINTERESTEXPENSES	DEPRECIATIONANDAMORTIZATION	NETINCOME	EARNINGSPERSHAREBASIC	EARNINGSPERSHAREDILUTED	NAMEAUDITOR	CERTIFYIFTRUE	CERTIFYIFNOTDISQUALIFIED	CERTIFYIFBADACTOR	JURISDICTIONSOFSECOFFEREDNONE	JURISDICTIONSOFSECOFFEREDSAME	IFUNREGSITEREDNONE	SECURITIESACTEXCEMPTION
0001144204-16-091524	75 Fifth Street, NW	Suite 214	Atlanta	GA	30308	404-850-9225	Nick Bhargava	Other	4331031.0	0.0		1135993.0		20461.0		5608559.0	1284573.0			0.0	1302153.0	4306966.0	5608559.0	46764.0		6384.0		48179.0	-1948415.0	-1.73	-1.73	Hughes Pittman and Gupton LLP	true	true		true			Regulation A, Rule 506 of Regulation D, Rule 506 of Regulation D, and Rule 506 of Regulation D, respectively.
0001651699-16-000016	1123 EAST REDONDO BLVD.	SUITE 200	INGLEWOOD	CA	90302	909-486-4742	Joseph Collins	Other	24.0	0.0		0.0		1300000.0		1302047.0	21000.0			0.0	21000.0	1280574.0	1302047.0	34490.0		137641.0		168683.0	271834.0	0.0	0.0	Daniel R. Leonard	true	true	false	false	true	true	
0001019687-16-005608	2344 CORTE DE LA JARA		PLEASANTON	CA	94566	760-579-9885	Peter Allen Schuh	Other	1980.0	0.0		0.0		0.0		1980.0	0.0			0.0	0.0	1980.0	1980.0	0.0		3020.0		0.0	-3020.0	0.0	0.0	none	true	true		true			Section 4(2) of the Securities Act of 1933 relating to transactions not involving a public offering.
0001669914-16-000003	19500 CRYSTAL CT		HARRAH	OK	73045	4054968304	David Greene	Other	0.0	0.0		0.0		0.0		0.0	0.0			0.0	0.0	0.0	0.0	0.0		0.0		0.0	0.0	0.0	0.0	N/A	true	true	false	true	false	true	
0001644600-16-000118	7380 W. SAND LAKE RD. SUITE 500		ORLANDO	FL	32819	4074687131	Sara Hanks	Other	100000.0	0.0		0.0		0.0		100000.0	100000.0			0.0	100000.0	0.0	100000.0	0.0		0.0		0.0	0.0	0.0	0.0	CohnReznick LLP	true	true	false	false	true	false	Section 4(a)(2): Private placement to initial investors
0001493152-16-008310	2150 Trade Zone Blvd.	Suite 203	San Jose	CA	95131	408-708-4000	Jamin Horn	Other	303386.0	0.0		311959.0		0.0		623315.0	799584.0			1884315.0	2683899.0	11441885.0	623315.0	592521.0		941586.0		0.0	-349065.0	0.0	0.0		true	true		true		true	
0001144204-16-090454	51 SHARON STREET		SAN FRANCISCO	CA	94114	415-948-4216	Jamie Ostrow	Other	421813.0	0.0		1138021.0		39801.0		1733601.0	740896.0			1060659.0	1843542.0	-109941.0	1733601.0	3095269.0		2044933.0		15925.0	-2608924.0	-0.63	-0.63	Craig Denlinger, Artesian CPA, LLC	true	true			true		Non-public offering to accredited investors.
0001615774-16-004612	3440 LEHIGH ST. BOX 163		ALLENTOWN	PA	18103	484-712-7372	Kevin Kim, Geraci Law Firm	Other	1000.0	0.0		0.0		0.0		1000.0	0.0			0.0	0.0	0.0	1000.0	0.0		0.0		0.0	0.0	0.0	0.0	Spiegel Accountancy Corporation	true	true	false	true	false	false	Notes Payable offered by Conquest Funding, Inc., a Pennsylvania corporation. Offering exempt under Regulation D, Rule 506(B).
0000906318-16-000102	3534 NE 45TH AVENUE, #J		PORTLAND	OR	97213	503-232-3479	David J. Lavan	Other	150569.13	0.0		0.0		2778445.25		2929014.38	2923160.86			0.0	2923160.86	5853.52	2929014.38	0.0		-146.48		0.0	-146.48	0.0	0.0		true	true	false	true	false	false	The Company believes that to the extent that the transaction involving Class A Membership Units constitutes a sale of securities, we believe such transaction qualifies as an exempt transaction under Section 4(a)(2), amongst other exemptions.
0001193125-16-517822	Suite 200, 265 Rimrock Road		North York	A6	M3J3C6	347-284-0192	Allen C. Tucci	Other	71675.0	0.0		9324.0		0.0		1473315.0	128956.0			15400.0	144356.0	1328959.0	1473315.0	0.0		610638.0		0.0	-549094.0	0.0	0.0	KBL, LLP	true	true	false	true		true	
0001668916-16-000001	Park Plaza	Second Floor	Wyomissing	PA	19610	312-617-9018	Mr. David Wallach	Other	1000.0	0.0		0.0		0.0		1000.0	0.0			0.0	0.0	1000.0	1000.0	0.0		0.0		0.0	0.0	0.0	0.0	None	true	true	false	false	true	true	
0001477932-16-009158	13835 N. TATUM BLVD.	#9-419	PHOENIX	AZ	85032	602-768-2520	Michael T. Williams	Other	120934.0	0.0		0.0		0.0		120934.0	23500.0			0.0	23500.0	97434.0	120934.0	0.0		523638.0		0.0	-523638.0	0.0	0.0	The Pun Group LLP- Accountants & Advisors	true	true	false	true	false	false	Section 4(2) of 1933 Act as limited number of investors, all accredited or sophisticated, no general advertising or solicitation and full access to all company information granted.
0001144204-16-089831	8899 BEVERLY BLVD	SUITE 600	WEST HOLLYWOOD	CA	90048	888-246-7163	Andrew Stephenson, Esq.	Other	0.0	0.0		137802.0		34938.0		542564.0	1248669.0			361079.0	1609748.0	-1067184.0	542564.0	1720432.0		1073194.0		61006.0	-1652863.0	-0.23	-0.23	Artesian CPA, LLC	true	true		true			Rule 506(b) of Regulation D.
0001376474-16-000597	ONE STEUBEN SQUARE		HORNELL	NY	14843-1699	607-324-5010	James Nicoloff	Banking	8156.0	180714.0			277468.0		6684.0	489698.0	4905.0		394598.0	2062.0	440631.0	49067.0	489698.0		17340.0		1037.0	0.0	5123.0	3.12	3.11	Crowe Horwath LLP	true	true	false	true	false	true	
0000939798-16-000116	4210 W. GRAY ST., SUITE 1		TAMPA	FL	33609	813-708-9910	Gary R. Henrie	Other	10417.0	0.0		10100.0		11643.0		406651.0	11374.0			558371.0	1140766.0	-734115.0	406651.0	52166.0		4945.0		0.0	-31390.0	0.0	0.0		true	true	true	true	false	true	
0001019687-16-005539	2344 CORTE DE LA JARA		PLEASANTON	CA	94566	760-579-9885	Peter Allen Schuh	Other	1980.0	0.0		0.0		0.0		1980.0	0.0			0.0	0.0	1980.0	1980.0	0.0		3020.0		0.0	-3020.0	0.0	0.0	none	true	true		true			Section 4(2) of the Securities Act of 1933 relating to transactions not involving a public offering.
0001650352-16-000016	PO BOX 48899A		LOS ANGELES	CA	90048	404-819-4866	John Berner	Other	8430.0	0.0		0.0		0.0		8430.0	0.0			0.0	0.0	8430.0	8430.0	0.0		1570.0		0.0	-1570.0	0.0	0.0	Rick Toussaint	true	true	false	true	false	false	Rule 506
0001144204-16-089204	75 Fifth Street, NW	Suite 214	Atlanta	GA	30308	404-850-9225	Nick Bhargava	Other	4331031.0	0.0		1135993.0		20461.0		5608559.0	1284573.0			0.0	1302153.0	4306966.0	5608559.0	46764.0		6384.0		48179.0	-1948415.0	-1.73	-1.73	Hughes Pittman and Gupton LLP	true	true		true			Regulation A, Rule 506 of Regulation D, Rule 506 of Regulation D, and Rule 506 of Regulation D, respectively.
0001354488-16-006630	11011 RICHMOND AVENUE	SUITE 525	HOUSTON	TX	77042	713-479-7050	D. Hughes Watler, Jr.	Other	394487.0	0.0		122429.0		567940.0		1110360.0	1004584.0			137295.0	1402459.0	0.0	1110360.0	272624.0		499760.0		147798.0	-1497987.0	-0.29	-0.29	Malone Bailey LLP	true	true			true		The issuances were made to accredited investors pursuant to Section 4(a)(2) of the Securities Act, or pursuant to Regulation D of the Securities Act.
0001644600-16-000114	19821 NW 2ND AVE SUITE 351		MIAMI GARDENS	FL	33169	800-372-6095	Sara Hanks	Other	67.0	0.0		0.0		0.0		67.0	42383.18			0.0	42383.18	0.0	67.0	0.0		39105.38		0.0	-39105.38	0.0	0.0	Artesian CPA, LLC	true	true	false	true	false	true	
0001144204-16-088744	75 Fifth Street, NW, Suite 214		ATLANTA	GA	30308	404-850-9225	Nick Bhargava	Other	4331013.0	0.0		1135993.0		20461.0		5608559.0	1284573.0			0.0	1302153.0	4306966.0	5608559.0	46764.0		6384.0		48179.0	-1948415.0	-1.73	-1.73	Hughes Pittman and Gupton LLP	true	true		true			Regulation A, Rule 506 of Regulation D, Rule 506 of Regulation D, and Rule 506 of Regulation D, respectively.
0001144204-16-088479	124 Main Street		Delhi	NY	13753	855-413-3544	Christina M. Gattuso	Banking	16691113.0	119197537.0			100372504.0		3041041.0	285451037.0	0.0		255225231.0	0.0	258935119.0	26515918.0	285451037.0		7893806.0		976718.0	0.0	1720707.0	1.1500000000000001	0.0	Baker Tilly Virchow Krause, LLP	true	true		true			Exempt offering under Regulation A pursuant to a qualified offering statement dated March 19, 2015.
0001651699-16-000013	1123 EAST REDONDO BLVD.	SUITE 200	INGLEWOOD	CA	90302	909-486-4742	Joseph Collins	Other	24.0	0.0		0.0		1300000.0		1302047.0	21000.0			0.0	21000.0	1280574.0	1302047.0	34490.0		137641.0		168683.0	271834.0	0.0	0.0	Daniel R. Leonard	true	true	false	false	true	true	
0001652577-16-000028	244 5TH AVENUE	SUITE R260	NEW YORK	NY	10001	9177191360	Robert Licopoli	Other	99744.95	0.0		247606.0		0.0		-26212.0	0.0			0.0	0.0	26212.0	-26212.0	247606.0		3687.0		0.0	99744.0	0.0	0.0		true	true	false	false	true	false	The foregoing transactions were deemed to be exempt from the registration requirements of the Securities Act of 1933 by virtue of Section 4(2) thereof, as a transaction by an issuer not involving a public offering.
0001144204-16-088255	35 William Street		Lyons	NY	14489	315-946-4871	Diana R Johnson	Banking	29781.0	195185.0			605201.0		20880.0	868161.0	8379.0		772111.0	8867.0	809483.0	58622.0	868161.0		29384.0		24577.0	978.0	7366.0	2.47	2.34	Bonadio & Co., LLP	true	true		true			The shares set forth in (b)(2) were issued under deferred compensation plans and exempt under Rule 701 of the Securities Act.
0001477932-16-009061	13835 N. TATUM BLVD.	#9-419	PHOENIX	AZ	85032	602-768-2520	Michael T. Williams	Other	120934.0	0.0		0.0		0.0		120934.0	23500.0			0.0	23500.0	97434.0	120934.0	0.0		523638.0		0.0	-523638.0	0.0	0.0	The Pun Group LLP- Accountants & Advisors	true	true	false	true	false	false	Section 4(2) of 1933 Act as limited number of investors, all accredited or sophisticated, no general advertising or solicitation and full access to all company information granted.
0001144204-16-088129	322-326 ELM STREET		LUDLOW	KY	41016	513-206-4622	Richard G. Schmalzl	Other	47.26	0.0		14084.52		100000.0		114131.78	0.0			0.0	60000.0	48320.56	114131.78	2207.0		8258.87		0.0	-6049.57	0.0	0.0	N/A	true	true		true		true	
0001213900-16-011589	985 Citadel Drive Northeast, Suite A		Atlanta	GA	30324	1-917-300-0651	Sunny Barkats	Other	65.0	0.0		70.0		5.0		140.0	948.0			302.0	1250.0	-1110.0	140.0	0.0		0.0		0.0	-855.0	-0.72	-0.72	Deloitte & Touche Tohmatsu Limited	true	true			true		Prior offerings were all conducted at the subsidiary level pursuant to Israeli law in compliance with the law state of Israel. The Company entered into a share swap agreement with its R&D subsidiary in Israel and all offerings were performed at the Israel
0001019687-16-005448	2344 CORTE DE LA JARA		PLEASANTON	CA	94566	760-579-9885	Peter Allen Schuh	Other	1980.0	0.0		0.0		0.0		1980.0	0.0			0.0	0.0	1980.0	1980.0	0.0		3020.0		0.0	-3020.0	0.0	0.0	none	true	true		true			Section 4(2) of the Securities Act of 1933 relating to transactions not involving a public offering.
0001644600-16-000111	7380 W. SAND LAKE RD. SUITE 500		ORLANDO	FL	32819	4074687131	Sara Hanks	Other	100000.0	0.0		0.0		0.0		100000.0	100000.0			0.0	100000.0	0.0	100000.0	0.0		0.0		0.0	0.0	0.0	0.0	CohnReznick LLP	true	true	false	false	true	false	Section 4(a)(2): Private placement to initial investors
0001657250-16-000041	340 W. 42ND STREET, FL 2, P.O. BOX 2455		NEW YORK	NY	10036	631-991-5461	Thomas DeNunzio	Other	0.0	0.0		0.0		0.0		0.0	3365.0			0.0	3365.0	3365.0	0.0	0.0		0.0		0.0	-25439.0	0.0	62019231.0	Scrudato & Co., PA	true	true					Section 4 (2) of the Act.
0001144204-16-087625	75 Fifth Street, NW	Suite 214	Atlanta	GA	30308	404-850-9225	Nick Bhargava	Other	713481.0	0.0		762067.0		3449.0		1570256.0	706418.0			0.0	1479004.0	91252.0	1570256.0	16224.0		5243.0		18392.0	-948266.0	-0.84	-0.84	Hughes Pittman and Gupton LLP	true	true		true			Regulation A, Rule 506 of Regulation D, Rule 506 of Regulation D, and Rule 506 of Regulation D, respectively.
0001354488-16-006521	11011 RICHMOND AVENUE	SUITE 525	HOUSTON	TX	77042	713-479-7050	D. Hughes Watler, Jr.	Other	394487.0	0.0		122429.0		567940.0		1110360.0	1004584.0			137295.0	1402459.0	0.0	1110360.0	272624.0		499760.0		147798.0	-1497987.0	-0.29	-0.29	Malone Bailey LLP	true	true			true		The issuances were made to accredited investors pursuant to Section 4(a)(2) of the Securities Act, or pursuant to Regulation D of the Securities Act.
0000906318-16-000093	3534 NE 45TH AVENUE, #J		PORTLAND	OR	97213	503-232-3479	David J. Lavan	Other	150569.13	0.0		0.0		2778445.25		2929014.38	2923160.86			0.0	2923160.86	5853.52	2929014.38	0.0		-146.48		0.0	-146.48	0.0	0.0		true	true	false	true	false	false	The Company believes that to the extent that the transaction involving Class A Membership Units constitutes a sale of securities, we believe such transaction qualifies as an exempt transaction under Section 4(a)(2), amongst other exemptions.
0001646269-16-000006	65 E STATE ST, SUITE 1800		COLUMBUS	OH	43215	6144003077	Kendall Almerico	Other	0.0	0.0		0.0		3447632.0		3512254.0	2015013.0			0.0	2015013.0	1497241.0	3512254.0	0.0		0.0		266.0	-252760.0	-0.04	-0.04	Ernst & Young LLP	true	true	true	false	false	true	
0001644600-16-000108	7380 W. SAND LAKE RD. SUITE 500		ORLANDO	FL	32819	4074687131	Sara Hanks	Other	100000.0	0.0		0.0		0.0		100000.0	100000.0			0.0	100000.0	0.0	100000.0	0.0		0.0		0.0	0.0	0.0	0.0	CohnReznick LLP	true	true	false	false	true	false	Section 4(a)(2): Private placement to initial investors
0001144204-16-087294	John Hilburn Davis IV	6101 W. Centinela Ave, Ste. 394	Culver City	CA	90230	310-417-9149	Gregg Jaclin	Other	515653.0	0.0		1791383.0		21299.0		3141377.0	639690.0			2000000.0	2741590.0	399787.0	3141377.0	517713.0		722657.0		109959.0	2061775.0	-0.24	-0.24	Vogel CPAs, PC	true	true			true		Section 4(a)(2) of the Securities Act of 1933 and Section 506 of Regulation D.
0001644600-16-000106	1826 KRAMER LANE, SUITE H		AUSTIN	TX	78758	832-260-3337	Andrew Stephenson	Other	2601601.0	0.0		0.0		252005.0		3186430.0	2717984.0			418300.0	3136284.0	50146.0	3186430.0	0.0		0.0		0.0	-2146176.0	-0.39	-0.39	Craig Denlinger, Artesian CPA	true	true	false	false	true	false	Rule 506(b) of Regulation D; sold in private transactions with accredited investors
0001650352-16-000015	PO BOX 48899A		LOS ANGELES	CA	90048	404-819-4866	John Berner	Other	8430.0	0.0		0.0		0.0		8430.0	0.0			0.0	0.0	8430.0	8430.0	0.0		1570.0		0.0	-1570.0	0.0	0.0	Rick Toussaint	true	true	false	true	false	false	Rule 506
0001650352-16-000014	PO BOX 48899A		LOS ANGELES	CA	90048	404-819-4866	John Berner	Other	8430.0	0.0		0.0		0.0		8430.0	0.0			0.0	0.0	8430.0	8430.0	0.0		1570.0		0.0	-1570.0	0.0	0.0	Rick Toussaint	true	true	false	true	false	false	Rule 506
0001213900-16-011475	715 BRYANT STREET	SUITE 202	SAN FRANCISCO	CA	94107	415-689-5789	Justin Bailey	Other	0.0	0.0		0.0		9780.0		120960.0	266565.0			0.0	267729.0	-146769.0	120960.0	0.0		0.0		543.0	-388930.0	0.0	0.0	Marcum LLP	true	true		true			Fig Publishing, Inc. relied upon the exemption from the registration requirements of the Securities Act set forth in Section 4(a)(2) of such Act.
0001144204-16-086961	John Hilburn Davis IV	6101 W. Centinela Ave, Ste. 394	Culver City	CA	90230	310-417-9149	Gregg Jaclin	Other	515653.0	0.0		1791383.0		21299.0		3141377.0	639690.0			2000000.0	2741590.0	399787.0	3141377.0	517713.0		722657.0		109959.0	2061775.0	-0.24	-0.24	Vogel CPAs, PC	true	true			true		Section 4(a)(2) of the Securities Act of 1933 and Section 506 of Regulation D.
0001652577-16-000027	244 5TH AVENUE	SUITE R260	NEW YORK	NY	10001	9177191360	Robert Licopoli	Other	99744.95	0.0		247606.0		0.0		-26212.0	0.0			0.0	0.0	26212.0	-26212.0	247606.0		3687.0		0.0	99744.0	0.0	0.0		true	true	false	false	true	false	The foregoing transactions were deemed to be exempt from the registration requirements of the Securities Act of 1933 by virtue of Section 4(2) thereof, as a transaction by an issuer not involving a public offering.
0001493152-16-007883	224 28TH STREET		SAN FRANCISCO	CA	94131	415-828-2301	Laura Anthony	Other	392970.0	0.0		1401.0		1313.0		559684.0	231.0			0.0	231.0	559453.0	559684.0	0.0		57247.0		0.0	-57247.0	-2816.0	-2816.0	N/A	true	true		true			Regulation D - Rule 505
0001651699-16-000011	1123 EAST REDONDO BLVD.	SUITE 200	INGLEWOOD	CA	90302	909-486-4742	Joseph Collins	Other	24.0	0.0		0.0		1300000.0		1302047.0	21000.0			0.0	21000.0	1280574.0	1302047.0	34490.0		137641.0		168683.0	271834.0	0.0	0.0	Daniel R. Leonard	true	true	false	false	true	true	
0001144204-16-085843	3123 NW Industrial Street		Portland	OR	97210	503-954-1126	Richard Baumann	Other	123867.0	0.0		10280.0		133522.0		367764.0	416515.0			1205884.0	1662399.0	-1294635.0	367764.0	64167.0		531895.0		22818.0	-1252324.0	-0.02	-0.02	Marcum LLP	true	true			true		Exempt from registration under Rule 506(b) and Rule 701 promulgated under the Securities Act.
0001644600-16-000101	205 EAST 42ND ST. 17TH FLOOR		NEW YORK	NY	10017	212-348-8238	Sara Hanks	Other	4885092.0	0.0		0.0		25099.0		5075612.0	33201.0			0.0	3791643.0	1283969.0	5075612.0	1560979.0		735870.0		6468.0	-609448.0	-0.06	-0.06	Craig Denlinger, Artesian CPA, LLC	true	true	false	false	true	false	Non-public offering to accredited investors
0000906318-16-000091	3534 NE 45th Avenue, #J		Portland	OR	97213	503-232-3479	David J. Lavan	Other	150569.13	0.0		0.0		2778445.25		2929014.38	2923160.86			0.0	2923160.86	5853.52	2929014.38	0.0		-146.48		0.0	-146.48	0.0	0.0		true	true	false	true	false	false	The Company believes that to the extent that the transaction involving Class A Membership Units constitutes a sale of securities, we believe such transaction qualifies as an exempt transaction under Section 4(a)(2), amongst other exemptions.
0001214659-16-009969	14550 N. Frank Lloyd Wright Blvd.	Suite 200	Scottsdale	AZ	85260	206-310-9034	Mark Roth	Other	3000.0	0.0		0.0		86703.0		89703.0	16393.0			0.0	16393.0	73310.0	89703.0	0.0		45643.0		0.0	-45643.0	0.0	0.0	Haskell & White LLP	true	true		true			Section 4.2 of Securities Act of 1933
0001193125-16-487926	Suite 200, 265 Rimrock Road		North York	A6	M3J3C6	347-284-0192	Allen C. Tucci	Other	71675.0	0.0		9324.0		0.0		1473315.0	128956.0			15400.0	144356.0	1328959.0	1473315.0	0.0		610638.0		0.0	-549094.0	0.0	0.0	KBL, LLP	true	true	false	true		true	
0001144204-16-085027	75 Fifth Street, NW	Suite 214	Atlanta	GA	30308	404-850-9225	Nick Bhargava	Other	713481.0	0.0		762067.0		3449.0		1570256.0	706418.0			0.0	1479004.0	91252.0	1570256.0	16224.0		5243.0		18392.0	-948266.0	-0.84	-0.84	Hughes Pittman and Gupton LLP	true	true		true			Regulation A, Rule 506 of Regulation D, Rule 506 of Regulation D, and Rule 506 of Regulation D, respectively.
0001354488-16-006398	1100 Boulders Parkway	Suite 605	Richmond	VA	23225	866-842-7545	Stevens M. Sadler	Other	1897015.0	0.0		71762.0		47145.0		6483051.0	228319.0			0.0	228319.0	6254732.0	6483051.0	3337908.0		1291932.0		72586.0	-302204.0	-0.16	-0.14	Keiter, Stephens, Hurst, Gary and Shreaves, P.C.	true	true			true		The Company relied on the private placement exemption found in Section 4(a)(2) of the Securities Act of 1933, or the Securities Act, for the issuance of its Class B Units to TriStone.  There was no public solicitation with respect to this issuance.
0001193125-16-482771	6340 South 3000 East	Suite 500	Salt Lake	UT	84121	801-278-0700	Darryl Steinhause	Other	10000.0	0.0		0.0		0.0		10000.0	0.0			0.0	0.0	10000.0	10000.0	0.0		0.0		0.0	0.0	0.0	0.0	Ernst & Young LLP	true	true	false	false		false	Section 4(2) of the Securities Act
0001644600-16-000099	205 EAST 42ND ST. 17TH FLOOR		NEW YORK	NY	10017	212-348-8238	Sara Hanks	Other	4885092.0	0.0		0.0		25099.0		5075612.0	33201.0			0.0	3791643.0	1283969.0	5075612.0	1560979.0		735870.0		6468.0	-609448.0	-0.06	-0.06	Craig Denlinger, Artesian CPA, LLC	true	true	false	false	true	false	Non-public offering to accredited investors
0001650352-16-000013	PO BOX 48899A		LOS ANGELES	CA	90048	404-819-4866	John Berner	Other	8430.0	0.0		0.0		0.0		8430.0	0.0			0.0	0.0	8430.0	8430.0	0.0		1570.0		0.0	-1570.0	0.0	0.0	Rick Toussaint	true	true	false	true	false	false	Rule 506
0001644600-16-000096	205 EAST 42ND ST. 17TH FLOOR		NEW YORK	NY	10017	212-348-8238	Sara Hanks	Other	4885092.0	0.0		0.0		25099.0		5075612.0	33201.0			0.0	3791643.0	1283969.0	5075612.0	1560979.0		735870.0		6468.0	-609448.0	-0.06	-0.06	Craig Denlinger, Artesian CPA, LLC	true	true	false	false	true	false	Non-public offering to accredited investors
0001354488-16-006368	36 SEA ISLAND PKWY		BEAUFORT	SC	29907	843-522-1228	Lyn G. Schroeder, Esq.	Banking	4178000.0	24837000.0			267928000.0		7237000.0	421931000.0	7687000.0		285663000.0	90717000.0	384067000.0	37864000.0	421931000.0		17731000.0		2527000.0	2946000.0	3118000.0	0.86	0.86	Mauldin & Jenkins, LLP	true	true		true			The shares set forth in (b)(2) were issued under issuer employee benefit plans and exempt under Rule 701.  The shares set forth in Item (b)(3) were sold pursuant to Rule 144 in a broker transaction.
0001650352-16-000012	PO BOX 48899A		LOS ANGELES	CA	90048	404-819-4866	John Berner	Other	8430.0	0.0		0.0		0.0		8430.0	0.0			0.0	0.0	8430.0	8430.0	0.0		1570.0		0.0	-1570.0	0.0	0.0	Rick Toussaint	true	true	false	true	false	false	Rule 506
0001657250-16-000031	16950 NORTH BAY ROAD, SUITE 1803		SUNNY ISLES BEACH	FL	33160	347-301-8431	Jeffrey DeNunzio	Other	100.0	0.0		0.0		0.0		100.0	3099.0			0.0	3099.0	0.0	100.0	0.0		0.0		0.0	-14319.0	0.0	0.0	Malone Bailey, LLP	true	true		true			Section 4 (2) of the Securities Act.
0001657250-16-000028	16950 NORTH BAY ROAD, SUITE 1803		SUNNY ISLES BEACH	FL	33160	347-301-8431	Jeffrey DeNunzio	Other	100.0	0.0		0.0		0.0		100.0	3099.0			0.0	3099.0	0.0	100.0	0.0		0.0		0.0	-14319.0	0.0	0.0	Malone Bailey, LLP	true	true		true			Section 4 (2) of the Securities Act.
0001354488-16-006336	36 SEA ISLAND PKWY		BEAUFORT	SC	29907	843-522-1228	Lyn G. Schroeder, Esq.	Banking	4178000.0	24837000.0			267928000.0		7237000.0	421931000.0	7687000.0		285663000.0	90717000.0	384067000.0	37864000.0	421931000.0		17731000.0		2527000.0	2946000.0	3118000.0	0.86	0.86	Mauldin & Jenkins, LLP	true	true		true			The shares set forth in (b)(2) were issued under issuer employee benefit plans and exempt under Rule 701.  The shares set forth in Item (b)(3) were sold pursuant to Rule 144 in a broker transaction.
0001477932-16-008772	18622 ROCOSO PL		TARZANA	CA	91356	408-858-5748	Jillian Sidoti, Esq.	Other	5000.0	15000.0		15000.0		0.0		21500.0	633.0			0.0	633.0	20867.0	21500.0	0.0		1633.0		0.0	-1633.0	0.0	0.0	Artesian CPA, LLC	true	true	false	true	false	false	These shares of our preferred stock qualified for exemption under Section 4(2) of the Securities Act of 1933 since the issuance shares by us did not involve a public offering.
0001144204-16-083364	75 Fifth Street, NW, Suite 214		ATLANTA	GA	30308	404-850-9225	Nick Bhargava	Other	713481.0	0.0		762067.0		3449.0		1570256.0	706418.0			0.0	1479004.0	91252.0	1570256.0	16224.0		5243.0		18392.0	-948266.0	-0.84	-0.84	Hughes Pittman and Gupton LLP	true	true		true			Regulation A, Rule 506 of Regulation D, Rule 506 of Regulation D, and Rule 506 of Regulation D, respectively.
0001144204-16-083190	75 Fifth Street, NW, Suite 214		ATLANTA	GA	30308	404-850-9225	Nick Bhargava	Other	713481.0	0.0		762067.0		3449.0		1570256.0	706418.0			0.0	1479004.0	91252.0	1570256.0	16224.0		5243.0		18392.0	-948266.0	-0.84	-0.84	Hughes Pittman and Gupton LLP	true	true		true			Regulation A, Rule 506 of Regulation D, Rule 506 of Regulation D, and Rule 506 of Regulation D, respectively.
0001477932-16-008677	257 EAST MAIN STREET, SUITE 200		BARRINGTON	IL	60010	847-277-9930	Matt Leiter	Other	1000.0	0.0		0.0		0.0		1000.0	0.0			0.0	0.0	1000.0	1000.0	0.0		0.0		0.0	0.0	0.0	0.0	Eide Bailly LLP	true	true	false	true	false	false	All of our outstanding Class A Units and Class B Units were issued to affiliates, officers and employees of our manager upon formation of our company, and in reliance upon the private offering exemption under Section 4(a)(2) of the Securities Act.
0001144204-16-083054	11 S. 12th Street	Suite 401	Richmond	VA	23219	804-344-4435	Thomas G. Voekler, Esq.	Other	100.0	0.0		0.0		0.0		100.0	0.0			0.0	0.0	100.0	100.0	0.0		0.0		0.0	0.0	0.0	0.0	Keiter, Stephens, Hurst, Gary and Shreaves, PC	true	true			true	true	
0001644600-16-000091	205 EAST 42ND ST. 17TH FLOOR		NEW YORK	NY	10017	212-348-8238	Sara Hanks	Other	4249672.0	0.0		150000.0		21735.0		4439368.0	90614.0			0.0	2651007.0	1788361.0	4439368.0	2047873.0		978045.0		37119.0	460380.0	0.06	0.06	Craig Denlinger, Artesian CPA, LLC	true	true	false	false	true	false	Non-public offering to accredited investors
0001144204-16-081250	75 Fifth Street, NW, Suite 214		ATLANTA	GA	30308	404-850-9225	Nick Bhargava	Other	713481.0	0.0		762067.0		3449.0		1570256.0	706418.0			0.0	1479004.0	91252.0	1570256.0	16224.0		5243.0		18392.0	-948266.0	-0.84	-0.84	Hughes Pittman and Gupton LLP	true	true		true			Regulation A, Rule 506 of Regulation D, Rule 506 of Regulation D, and Rule 506 of Regulation D, respectively.
0001571049-16-011678	1985 Isaac Newton Square West	Suite 103	Reston	VA	20190	571-325-2966	Brian S. Korn, Esq.	Other	1542482.0	2003686.0		8931.0		54516.0		4167339.0	15359.0			2063855.0	4862357.0	0.0	4167339.0	94574.0		-2019606.0		0.0	-1931295.0	-0.2	-0.12	Baker Tilly Virchow Krause, LLP	true	true		true			All securities were issued pursuant to the safe harbor of Rule 506(b) of Regulation D pursuant to the Securities Act of 1933, as amended or its predecessor.
0001477932-16-008532	13835 N. Tatum Blvd.	#9-419	Phoenix	AZ	85032	602-768-2520	Michael T. Williams	Other	120934.0	0.0		0.0		0.0		120934.0	23500.0			0.0	23500.0	97434.0	120934.0	0.0		523638.0		0.0	-523638.0	0.0	0.0	The Pun Group LLP- Accountants & Advisors	true	true	false	true	false	false	Section 4(2) of 1933 Act as limited number of investors, all accredited or sophisticated, no general advertising or solicitation and full access to all company information granted.
0001658959-16-000003	110 ALPHA PARK		CLEVELAND	OH	44143	440-573-0008	Louis S. Fisi	Other	112827.0	0.0		116172.0		51381.0		280380.0	1309355.0			2307752.0	3617107.0	-3336727.0	280380.0	783450.0		5370536.0		0.0	-4587086.0	-0.08	-0.08	Artesian CPA, LLC	true	true	false	true	false	false	Regulation D of the Securities Act of 1933
0001144204-16-079930	c/o The Lightstone Group	1985 Cedar Bridge Avenue, Suite 1	Lakewood	NJ	08701	732-367-0129	John D. Hogoboom	Other	200000.0	0.0		0.0		0.0		300000.0	100000.0			0.0	100000.0	200000.0	300000.0	0.0		0.0		0.0	0.0	0.0	0.0	EisnerAmper LLP	true	true		true			Section 4(a)(2). Represents initial capitalization of issuer by sole stockholder.
0001144204-16-079846	75 Fifth Street, NW, Suite 214		ATLANTA	GA	30308	404-850-9225	Nick Bhargava	Other	713481.0	0.0		762067.0		3449.0		1570256.0	706418.0			0.0	1479004.0	91252.0	1570256.0	16224.0		5243.0		18392.0	-948266.0	-0.84	-0.84	Hughes Pittman and Gupton LLP	true	true		true			Regulation A, Rule 506 of Regulation D, Rule 506 of Regulation D, and Rule 506 of Regulation D, respectively.
0001658959-16-000001	110 Alpha Park		Cleveland	OH	44143	440-573-0008	Louis S. Fisi	Other	112827.0	0.0		116172.0		51381.0		280380.0	1309355.0			2307752.0	3617107.0	-3336727.0	280380.0	783450.0		5370536.0		0.0	-4587086.0	-0.08	-0.08	Artesian CPA, LLC	true	true	false	true	false	false	Regulation D of the Securities Act of 1933
0001651699-16-000009	1123 EAST REDONDO BLVD.	SUITE 200	INGLEWOOD	CA	90302	909-486-4742	Joseph Collins	Other	24.0	0.0		0.0		1300000.0		1302047.0	21000.0			0.0	21000.0	1280574.0	1302047.0	34490.0		137641.0		168683.0	271834.0	0.0	0.0	Daniel R. Leonard	true	true	false	false	true	true	
0001571049-16-011531	1985 Isaac Newton Square West	Suite 103	Reston	VA	20190	571-325-2966	Brian S. Korn, Esq.	Other	1542482.0	2003686.0		8931.0		54516.0		4167339.0	15359.0			2063855.0	4862357.0	0.0	4167339.0	94574.0		-2019606.0		0.0	-1931295.0	-0.2	-0.12	Baker Tilly Virchow Krause, LLP	true	true		true			All securities were issued pursuant to the safe harbor of Rule 506(b) of Regulation D pursuant to the Securities Act of 1933, as amended or its predecessor.
0001144204-16-079327	John Hilburn Davis IV	6101 W. Centinela Ave, Ste. 394	Culver City	CA	90230	310-417-9149	Gregg Jaclin	Other	515653.0	0.0		1791383.0		21299.0		3141377.0	639690.0			2000000.0	2741590.0	399787.0	3141377.0	517713.0		722657.0		109959.0	2061775.0	-0.24	-0.24	Vogel CPAs, PC	true	true			true		Section 4(a)(2) of the Securities Act of 1933 and Section 506 of Regulation D.
0001144204-16-079225	75 Fifth Street, NW, Suite 214		ATLANTA	GA	30308	404-850-9225	Nick Bhargava	Other	713481.0	0.0		762067.0		3449.0		1570256.0	706418.0			0.0	1479004.0	91252.0	1570256.0	16224.0		5243.0		18392.0	-948266.0	-0.84	-0.84	Hughes Pittman and Gupton LLP	true	true		true			Regulation A, Rule 506 of Regulation D, Rule 506 of Regulation D, and Rule 506 of Regulation D, respectively.
0001354488-16-006071	11011 RICHMOND AVENUE	SUITE 525	HOUSTON	TX	77042	713-479-7050	D. Hughes Watler, Jr.	Other	394487.0	0.0		122429.0		567940.0		1110360.0	1004584.0			137295.0	1402459.0	0.0	1110360.0	272624.0		499760.0		147798.0	-1497987.0	-0.29	-0.29	Malone Bailey LLP	true	true			true		The issuances were made to accredited investors pursuant to Section 4(a)(2) of the Securities Act, or pursuant to Regulation D of the Securities Act.
0001214659-16-009233	14550 N. Frank Lloyd Wright Blvd.	Suite 200	Scottsdale	AZ	85260	206-310-9034	Mark Roth	Other	3000.0	0.0		0.0		0.0		89703.0	16393.0			0.0	16393.0	73310.0	89703.0	0.0		45643.0		0.0	-45643.0	0.0	0.0	Haskell & White LLP	true	true		true			Section 4.2 of Securities Act of 1933
0001615774-16-004070	3405 COLONY PLAZA		NEWPORT BEACH	CA	92660	954-803-5191	George D. Pursglove	Other	1062.0	0.0		200.0		319500.0		320762.0	173883.0			254198.0	428081.0	-107319.0	320762.0	0.0		0.0		200000.0	-403983.0	-0.03	-0.03	LJ Soldinger & Associates	true	true	false	true	false	false	Form D Rule 506(b) This exemption allows the Company to raise money from an unlimited number of accredited investors and up to 35 non-accredited investors.
0001644600-16-000087	1826 KRAMER LANE, SUITE H		AUSTIN	TX	78758	832-260-3337	Andrew Stephenson	Other	2601601.0	0.0		0.0		252005.0		3186430.0	2717984.0			418300.0	3136284.0	50146.0	3186430.0	0.0		0.0		0.0	-2146176.0	-0.39	-0.39	Craig Denlinger, Artesian CPA	true	true	false	false	true	false	Rule 506(b) of Regulation D; sold in private transactions with accredited investors
0001144204-16-077761	75 Fifth Street, NW, Suite 214		ATLANTA	GA	30308	404-850-9225	Nick Bhargava	Other	713481.0	0.0		762067.0		3449.0		1570256.0	706418.0			0.0	1479004.0	91252.0	1570256.0	16224.0		5243.0		18392.0	-948266.0	-0.84	-0.84	Hughes Pittman and Gupton LLP	true	true		true			Regulation A, Rule 506 of Regulation D, Rule 506 of Regulation D, and Rule 506 of Regulation D, respectively.
0001657250-16-000014	16950 NORTH BAY ROAD, SUITE 1803		SUNNY ISLES BEACH	FL	33160	347-301-8431	Jeffrey DeNunzio	Other	100.0	0.0		0.0		0.0		100.0	3099.0			0.0	3099.0	0.0	100.0	0.0		0.0		0.0	-14319.0	0.0	0.0	Malone Bailey, LLP	true	true		true			Section 4 (2) of the Securities Act.
0000906318-16-000084	3534 NE 45th Avenue, #J		Portland	OR	97213	503-232-3479	David J. Lavan	Other	25026.88	0.0		0.0		2735312.15		2760339.0300000003	2754485.51			0.0	2754485.51	5853.52	2760339.0300000003	0.0		-146.48		0.0	-146.48	0.0	0.0		true	true	false	true	false	false	The Company believes that to the extent that the transaction involving Class A Membership Units constitutes a sale of securities, we believe such transaction qualifies as an exempt transaction under Section 4(a)(2), amongst other exemptions.
0001657250-16-000012	340 W. 42ND STREET, FL 2, P.O. BOX 2455		NEW YORK	NY	10036	631-991-5461	Thomas DeNunzio	Other	0.0	0.0		0.0		0.0		0.0	3365.0			0.0	3365.0	3365.0	0.0	0.0		0.0		0.0	-25439.0	0.0	62019231.0	Scrudato & Co., PA	true	true					Section 4 (2) of the Act.
0001477932-16-008303	18622 ROCOSO PL		TARZANA	CA	91356	408-858-5748	Jillian Sidoti, Esq.	Other	5000.0	15000.0		15000.0		0.0		21500.0	633.0			0.0	633.0	20867.0	21500.0	0.0		1633.0		0.0	-1633.0	0.0	0.0	Artesian CPA, LLC	true	true	false	true	false	false	These shares of our preferred stock qualified for exemption under Section 4(2) of the Securities Act of 1933 since the issuance shares by us did not involve a public offering.
0001161697-16-000643	1000 North Ashley Drive	Suite 610	Tampa	FL	33602	813-282-6000	Dan Mirman	Other	0.0	0.0		0.0		0.0		14000.0	746.0			0.0	4746.0	9254.0	14000.0	0.0		746.0		0.0	-746.0	0.0	0.0	MaloneBailey LLP	true	true		true			N/A
0001376474-16-000542	31 STRANRAER PLACE SW		CALGARY	A0	T3H 1H5	403-457-2697	Jan Alston	Other	11782.0	0.0		29336.0		489649.0		530767.0	67616.0			217530.0	619287.0	0.0	530767.0	0.0		87999.0		0.0	-103535.0	0.0	0.0	MNP LLP	true	true	false	true	false	true	
0001665080-16-000001	111 West Washington Blvd.		Chicago	IL	60602	630-207-2234	Mr. John Koutropoulos	Other	1000.0	0.0		0.0		248200.0		249200.0	0.0			0.0	0.0	249200.0	249200.0	0.0		0.0		0.0	0.0	1.1300000000000001	1.1300000000000001		true	true	false	false	true	true	
0001213900-16-010386	18 East 41st Street, Floor 14		New York	NY	10017	646-502-7007	Gila Fish	Other	65.0	0.0		70.0		5.0		140.0	948.0			302.0	1250.0	-1110.0	140.0	0.0		0.0		0.0	-855.0	-0.72	-0.72	Deloitte & Touche Tohmatsu Limited	true	true			true		Prior offerings were all conducted at the subsidiary level pursuant to Israeli law in compliance with the law state of Israel. The Company entered into a share swap agreement with its R&D subsidiary in Israel and all offerings were performed at the Israel
0001477932-16-008275	8236 REMMET AVE.		CANOGA PARK	CA	91304	818-349-2870	Mark J. Richardson	Other	177428.0	0.0		0.0		191080.0		369838.0	946.0			0.0	946.0	368892.0	369838.0	0.0		0.0		0.0	-138304.0	0.0	0.0	MJF & Associates APC	true	true	false	true	false	false	Private placement under Rule 506(c) of Regulation D of the Securities Act of 1933, as amended.
0001019687-16-004918	2344 CORTE DE LA JARA		PLEASANTON	CA	94566	760-579-9885	Peter Allen Schuh	Other	1980.0	0.0		0.0		0.0		1980.0	0.0			0.0	0.0	1980.0	1980.0	0.0		3020.0		0.0	-3020.0	0.0	0.0	none	true	true		true			Section 4(2) of the Securities Act of 1933 relating to transactions not involving a public offering.
0001354488-16-005965	11011 RICHMOND AVENUE	SUITE 525	HOUSTON	TX	77042	713-479-7050	D. Hughes Watler, Jr.	Other	394487.0	0.0		122429.0		567940.0		1110360.0	1004584.0			137295.0	1402459.0	0.0	1110360.0	272624.0		499760.0		147798.0	-1497987.0	-0.29	-0.29	Malone Bailey LLP	true	true			true		The issuances were made to accredited investors pursuant to Section 4(a)(2) of the Securities Act, or pursuant to Regulation D of the Securities Act.
0001652577-16-000021	244 5TH AVENUE	SUITE R260	NEW YORK	NY	10001	9177191360	Robert Licopoli	Other	99744.95	0.0		247606.0		0.0		-26212.0	0.0			0.0	0.0	26212.0	-26212.0	247606.0		3687.0		0.0	99744.0	0.0	0.0		true	true	false	false	true	false	The foregoing transactions were deemed to be exempt from the registration requirements of the Securities Act of 1933 by virtue of Section 4(2) thereof, as a transaction by an issuer not involving a public offering.
0001065949-16-000331	11693 San Vicente Boulevard, Suite 445		Los Angeles	CA	90049	310-923-2827	Mark J. Richardson, Esq.	Other	138898.0	0.0		558508.0		0.0		697406.0	473267.0			0.0	749120.0	-51714.0	697406.0	205944.0		0.0		0.0	-232308.0	-0.02	-0.02	dbbmckennon	true	true	false	true	false	false	Rule 506(b) of Regulation D of Section 4(2)/issuance of founders shares
0001376474-16-000534	31 STRANRAER PLACE SW		CALGARY	A0	T3H 1H5	403-457-2697	Jan Alston	Other	11782.0	0.0		29336.0		489649.0		530767.0	67616.0			217530.0	619287.0	0.0	530767.0	0.0		87999.0		0.0	-103535.0	0.0	0.0	MNP LLP	true	true	false	true	false	true	
0001354488-16-005963	36 SEA ISLAND PKWY		BEAUFORT	SC	29907	843-522-1228	Lyn G. Schroeder, Esq.	Banking	4178000.0	24837000.0			267928000.0		7237000.0	421931000.0	7687000.0		285663000.0	90717000.0	384067000.0	37864000.0	421931000.0		17731000.0		2527000.0	2946000.0	3118000.0	0.86	0.86	Mauldin & Jenkins, LLP	true	true		true			The shares set forth in (b)(2) were issued under issuer employee benefit plans and exempt under Rule 701.  The shares set forth in Item (b)(3) were sold pursuant to Rule 144 in a broker transaction.
0001652577-16-000020	244 5TH AVENUE	SUITE R260	NEW YORK	NY	10001	9177191360	Robert Licopoli	Other	99744.95	0.0		247606.0		0.0		-26212.0	0.0			0.0	0.0	26212.0	-26212.0	247606.0		3687.0		0.0	99744.0	0.0	0.0		true	true	false	false	true	false	The foregoing transactions were deemed to be exempt from the registration requirements of the Securities Act of 1933 by virtue of Section 4(2) thereof, as a transaction by an issuer not involving a public offering.
0000939798-16-000101	4210 W. Gray St., Suite 1		Tampa	FL	33609	813-708-9910	Gary R. Henrie	Other	10417.0	0.0		10100.0		11643.0		406651.0	11374.0			558371.0	1140766.0	-734115.0	406651.0	52166.0		4945.0		0.0	-31390.0	0.0	0.0	none	true	true	false	true	false	false	964,000,000 were issued pursuant to Regulation A.  The balance were issued to a total of 3 persons pursuant to section 4(2) of the Securities Act of 1933.
0001651699-16-000006	1123 EAST REDONDO BLVD.	SUITE 200	INGLEWOOD	CA	90302	909-486-4742	Joseph Collins	Other	24.0	0.0		0.0		1300000.0		1302047.0	21000.0			0.0	21000.0	1280574.0	1302047.0	34490.0		137641.0		168683.0	271834.0	0.0	0.0	Daniel R. Leonard	true	true	false	false	true	true	
0001650352-16-000011	PO BOX 48899A		LOS ANGELES	CA	90048	404-819-4866	John Berner	Other	8430.0	0.0		0.0		0.0		8430.0	0.0			0.0	0.0	8430.0	8430.0	0.0		1570.0		0.0	-1570.0	0.0	0.0	Rick Toussaint	true	true	false	true	false	false	Rule 506
0001213900-16-010324	116 South Franklin Street		Rocky Mount	NC	27804	252-984-3800	William M. Mower	Other	100000.0	0.0		0.0		0.0		100000.0	0.0			0.0	0.0	100000.0	100000.0	0.0		0.0		0.0	0.0	0.0	0.0	RSM US LLP	true	true			true		The foregoing transactions were deemed to be exempt from the registration requirements of the Securities Act of 1933 by virtue of Section 4(2) thereof, as a transaction by an issuer not involving a public offering.
0001644600-16-000085	13000 CONTROL TOWER RD., SUITE 217		ENGLEWOOD	CO	80112	3035035660	Sara Hanks	Other	34031.0	0.0		0.0		0.0		163374.0	1171191.0			0.0	1171191.0	0.0	163374.0	0.0		865783.0		0.0	-865783.0	0.0	0.0	EKS&H LLLP	true	true	false	true	false	false	Section 4(a)(2) Private placement to accredited investors.
0001354488-16-005945	1100 Boulders Parkway	Suite 605	Richmond	VA	23225	866-842-7545	Stevens M. Sadler	Other	1897015.0	0.0		71762.0		47145.0		6483051.0	228319.0			0.0	228319.0	6254732.0	6483051.0	3337908.0		1291932.0		72586.0	-302204.0	-0.16	-0.14	Keiter, Stephens, Hurst, Gary and Shreaves, P.C.	true	true			true		The Company relied on the private placement exemption found in Section 4(a)(2) of the Securities Act of 1933, or the Securities Act, for the issuance of its Class B Units to TriStone.  There was no public solicitation with respect to this issuance.
0001644600-16-000083	13000 CONTROL TOWER RD., SUITE 217		ENGLEWOOD	CO	80112	3035035660	Sara Hanks	Other	34031.0	0.0		0.0		0.0		163374.0	1171191.0			0.0	1171191.0	0.0	163374.0	0.0		865783.0		0.0	-865783.0	0.0	0.0	EKS&H LLLP	true	true	false	true	false	false	Section 4(a)(2) Private placement to accredited investors.
0001644600-16-000081	13000 CONTROL TOWER RD., SUITE 217		ENGLEWOOD	CO	80112	3035035660	Sara Hanks	Other	34031.0	0.0		0.0		0.0		163374.0	1171191.0			0.0	1171191.0	0.0	163374.0	0.0		865783.0		0.0	-865783.0	0.0	0.0	EKS&H LLLP	true	true	false	true	false	false	Section 4(a)(2) Private placement to accredited investors.
0001213900-16-010256	116 South Franklin Street		Rocky Mount	NC	27804	252-984-3800	William M. Mower	Other	100000.0	0.0		0.0		0.0		100000.0	0.0			0.0	0.0	100000.0	100000.0	0.0		0.0		0.0	0.0	0.0	0.0	RSM US LLP	true	true			true		The foregoing transactions were deemed to be exempt from the registration requirements of the Securities Act of 1933 by virtue of Section 4(2) thereof, as a transaction by an issuer not involving a public offering.
0001644600-16-000078	13000 CONTROL TOWER RD., SUITE 217		ENGLEWOOD	CO	80112	3035035660	Sara Hanks	Other	34031.0	0.0		0.0		0.0		163374.0	1171191.0			0.0	1171191.0	0.0	163374.0	0.0		865783.0		0.0	-865783.0	0.0	0.0	EKS&H LLLP	true	true	false	true	false	false	Section 4(a)(2) Private placement to accredited investors.
0001644600-16-000076	1826 KRAMER LANE, SUITE H		AUSTIN	TX	78758	832-260-3337	Andrew Stephenson	Other	2601601.0	0.0		0.0		252005.0		3186430.0	2717984.0			418300.0	3136284.0	50146.0	3186430.0	0.0		0.0		0.0	-2146176.0	-0.39	-0.39	Craig Denlinger, Artesian CPA	true	true	false	false	true	false	Rule 506(b) of Regulation D; sold in private transactions with accredited investors
0001144204-16-076029	75 Fifth Street, NW, Suite 214		ATLANTA	GA	30308	404-850-9225	Nick Bhargava	Other	713481.0	0.0		762067.0		3449.0		1570256.0	706418.0			0.0	1479004.0	91252.0	1570256.0	16224.0		5243.0		18392.0	-948266.0	-0.84	-0.84	Hughes Pittman and Gupton LLP	true	true		true			Regulation A, Rule 506 of Regulation D, Rule 506 of Regulation D, and Rule 506 of Regulation D, respectively.
0001644600-16-000074	1826 KRAMER LANE, SUITE H		AUSTIN	TX	78758	832-260-3337	Andrew Stephenson	Other	2601601.0	0.0		0.0		252005.0		3186430.0	2717984.0			418300.0	3136284.0	50146.0	3186430.0	0.0		0.0		0.0	-2146176.0	-0.39	-0.39	Craig Denlinger, Artesian CPA	true	true	false	false	true	false	Rule 506(b) of Regulation D; sold in private transactions with accredited investors
0001644600-16-000072	1826 KRAMER LANE, SUITE H		AUSTIN	TX	78758	832-260-3337	Andrew Stephenson	Other	2601601.0	0.0		0.0		252005.0		3186430.0	2717984.0			418300.0	3136284.0	50146.0	3186430.0	0.0		0.0		0.0	-2146176.0	-0.39	-0.39	Craig Denlinger, Artesian CPA	true	true	false	false	true	false	Rule 506(b) of Regulation D; sold in private transactions with accredited investors
0001144204-16-076011	11969 STARCREST DR		SAN ANTONIO	TX	78247	210-858-7056	Daniel R. Lee	Other	28375.0	0.0		0.0		46866.0		537888.0	1635351.0			1030000.0	16747062.0	0.0	537888.0	34000.0		16334.0		14587.0	-2690547.0	-12.200000000000001	-12.200000000000001	Marcum LLP	true	true			true		Section 506 of Regulation D and Section 701 of Regulation D.
0001644600-16-000068	205 EAST 42ND ST. 17TH FLOOR		NEW YORK	NY	10017	212-348-8238	Sara Hanks	Other	4249672.0	0.0		150000.0		21735.0		4439368.0	90614.0			0.0	2651007.0	1788361.0	4439368.0	2047873.0		978045.0		37119.0	460380.0	0.06	0.06	Craig Denlinger, Artesian CPA, LLC	true	true	false	false	true	false	Non-public offering to accredited investors
0001376474-16-000522	31 STRANRAER PLACE SW		CALGARY	A0	T3H 1H5	403-457-2697	Jan Alston	Other	11782.0	0.0		29336.0		489649.0		530767.0	67616.0			217530.0	619287.0	0.0	530767.0	0.0		87999.0		0.0	-103535.0	0.0	0.0	MNP LLP	true	true	false	true	false	true	
0001644600-16-000066	13000 CONTROL TOWER RD., SUITE 217		ENGLEWOOD	CO	80112	3035035660	Sara Hanks	Other	34031.0	0.0		0.0		0.0		163374.0	1171191.0			0.0	1171191.0	0.0	163374.0	0.0		865783.0		0.0	-865783.0	0.0	0.0	EKS&H LLLP	true	true	false	true	false	false	Section 4(a)(2) Private placement to accredited investors.
0001571049-16-010720	1985 Isaac Newton Square West	Suite 103	Reston	VA	20190	571-325-2966	Brian S. Korn, Esq.	Other	1542482.0	2003686.0		8931.0		54516.0		4167339.0	15359.0			2063855.0	4862357.0	0.0	4167339.0	94574.0		-2019606.0		0.0	-1931295.0	-0.2	-0.12	Baker Tilly Virchow Krause, LLP	true	true		true			All securities were issued pursuant to the safe harbor of Rule 506(b) of Regulation D pursuant to the Securities Act of 1933, as amended or its predecessor.
0001354488-16-005903	11011 RICHMOND AVENUE	SUITE 525	HOUSTON	TX	77042	713-479-7050	D. Hughes Watler, Jr.	Other	394487.0	0.0		122429.0		567940.0		1110360.0	1004584.0			137295.0	1402459.0	0.0	1110360.0	272624.0		499760.0		147798.0	-1497987.0	-0.29	-0.29	Malone Bailey LLP	true	true			true		The issuances were made to accredited investors pursuant to Section 4(a)(2) of the Securities Act, or pursuant to Regulation D of the Securities Act.
0001615774-16-003831	3440 LEHIGH ST. BOX 163		ALLENTOWN	PA	18103	484-712-7372	Kevin Kim, Geraci Law Firm	Other	1000.0	0.0		0.0		0.0		1000.0	0.0			0.0	0.0	0.0	1000.0	0.0		0.0		0.0	0.0	0.0	0.0	Not Applicable	true	true	false	true	false	false	Notes Payable offered by Conquest Funding, Inc., a Pennsylvania corporation. Offering exempt under Regulation D, Rule 506(B).
0001660947-16-000001	1710 Estero Blvd.	Unit 6	Fort Myers Beach	FL	33931	239-537-1333	Mr. Joe Orlandini	Other	1000.0	0.0		0.0		0.0		1000.0	0.0			0.0	0.0	1000.0	1000.0	0.0		0.0		0.0	0.0	0.0	0.0		true	true	false	false	true	true	
0001144204-16-074611	75 Fifth Street, NW	Suite 214	ATLANTA	GA	30308	404-850-9225	Nick Bhargava	Other	713481.0	0.0		762067.0		3449.0		1570256.0	706418.0			0.0	1479004.0	91252.0	1570256.0	16224.0		5243.0		18392.0	-948266.0	-0.84	-0.84	Hughes Pittman and Gupton LLP	true	true		true			Regulation A, Rule 506 of Regulation D, Rule 506 of Regulation D, and Rule 506 of Regulation D, respectively.
0001615774-16-003801	3440 LEHIGH ST. BOX 163		ALLENTOWN	PA	18103	484-712-7372	Kevin Kim, Geraci Law Firm	Other	1000.0	0.0		0.0		0.0		1000.0	0.0			0.0	0.0	0.0	1000.0	0.0		0.0		0.0	0.0	0.0	0.0	Not Applicable	true	true	false	true	false	false	Notes Payable offered by Conquest Funding, Inc., a Pennsylvania corporation. Offering exempt under Regulation D, Rule 506(B).
0001144204-16-074004	1519 CONNECTICUT AVENUE NW	STE 200	WASHINGTON	DC	20036	202-584-0550	Benjamin S. Miller	Other	1000.0	0.0		0.0		0.0		1000.0	0.0			0.0	0.0	1000.0	1000.0	0.0		0.0		0.0	0.0	0.0	0.0	RSM US LLP (formerly McGladrey LLP)	true	true		true			Rise Companies Corp. has purchased 100 common shares for a purchase price of $1,000 in a private offering. Such issuance was exempt from the registration requirements of the Securities Act pursuant to Section 4(a)(2) thereof.
0001644600-16-000063	1826 KRAMER LANE, SUITE H		AUSTIN	TX	78758	832-260-3337	Andrew Stephenson	Other	2601601.0	0.0		0.0		252005.0		3186430.0	2717984.0			418300.0	3136284.0	50146.0	3186430.0	0.0		0.0		0.0	-2146176.0	-0.39	-0.39	Craig Denlinger, Artesian CPA	true	true	false	false	true	false	Rule 506(b) of Regulation D; sold in private transactions with accredited investors
0001657737-16-000006	20511 ABBEY DRIVE		FRANKFORT	IL	60423	612-964-7334	Mr. Geoff Thompson	Other	1000.0	0.0		0.0		0.0		1000.0	0.0			0.0	0.0	1000.0	1000.0	0.0		0.0		0.0	0.0	0.0	0.0		true	true	false	false	true	true	
0001644600-16-000060	1826 KRAMER LANE, SUITE H		AUSTIN	TX	78758	832-260-3337	Andrew Stephenson	Other	2601601.0	0.0		0.0		252005.0		3186430.0	2717984.0			418300.0	3136284.0	50146.0	3186430.0	0.0		0.0		0.0	-2146176.0	-0.39	-0.39	Craig Denlinger, Artesian CPA	true	true	false	false	true	false	Rule 506(b) of Regulation D; sold in private transactions with accredited investors
0001651699-16-000004	1123 EAST REDONDO BLVD.	SUITE 200	INGLEWOOD	CA	90302	909-486-4742	Joseph Collins	Other	24.0	0.0		0.0		1300000.0		1302047.0	21000.0			0.0	21000.0	1280574.0	1302047.0	34490.0		137641.0		168683.0	271834.0	0.0	0.0	Daniel R. Leonard	true	true	false	false	true	true	
