ACCESSION_NUMBER	SO_ID	SECURITIESOFFEREDTYPES	SECURITIESOFFEREDOTHERDESC
0001144204-16-091524	1	Other(describe)	Limited Recourse Obligation (LRO), a limited debt obligation of the issuer
0001651699-16-000016	1	Equity (common or preferred stock)	
0001019687-16-005608	1	Equity (common or preferred stock)	
0001669914-16-000003	1	Equity (common or preferred stock)	
0001644600-16-000118	1	Equity (common or preferred stock)	
0001493152-16-008310	1	Equity (common or preferred stock)	
0001144204-16-090454	1	Equity (common or preferred stock)	
0001615774-16-004612	1	Debt	
0000906318-16-000102	1	Equity (common or preferred stock)	
0001193125-16-517822	1	Equity (common or preferred stock)	
0001477932-16-009158	1	Equity (common or preferred stock)	
0001668916-16-000001	1	Debt	
0001144204-16-089831	1	Equity (common or preferred stock)	
0001376474-16-000597	1	Equity (common or preferred stock)	
0000939798-16-000116	1	Equity (common or preferred stock)	
0001019687-16-005539	1	Equity (common or preferred stock)	
0001650352-16-000016	1	Equity (common or preferred stock)	
0001144204-16-089204	1	Other(describe)	Limited Recourse Obligation (LRO), a limited debt obligation of the issuer
0001354488-16-006630	1	Equity (common or preferred stock)	
0001644600-16-000114	1	Equity (common or preferred stock)	
0001144204-16-088744	1	Other(describe)	Limited Recourse Obligation (LRO), a limited debt obligation of the issuer
0001144204-16-088479	1	Equity (common or preferred stock)	
0001651699-16-000013	1	Equity (common or preferred stock)	
0001652577-16-000028	1	Equity (common or preferred stock)	
0001144204-16-088255	2	Option, warrant or other right to acquire another security	
0001144204-16-088255	1	Equity (common or preferred stock)	
0001477932-16-009061	1	Equity (common or preferred stock)	
0001144204-16-088129	1	Equity (common or preferred stock)	
0001213900-16-011589	1	Equity (common or preferred stock)	
0001019687-16-005448	1	Equity (common or preferred stock)	
0001644600-16-000111	1	Equity (common or preferred stock)	
0001657250-16-000041	1	Equity (common or preferred stock)	
0001144204-16-087625	1	Other(describe)	Limited Recourse Obligation (LRO), a limited debt obligation of the issuer
0001354488-16-006521	1	Equity (common or preferred stock)	
0000906318-16-000093	1	Equity (common or preferred stock)	
0001646269-16-000006	1	Equity (common or preferred stock)	
0001644600-16-000108	1	Equity (common or preferred stock)	
0001644600-16-000106	1	Equity (common or preferred stock)	
0001144204-16-087294	1	Equity (common or preferred stock)	
0001650352-16-000015	1	Equity (common or preferred stock)	
0001650352-16-000014	1	Equity (common or preferred stock)	
0001213900-16-011475	1	Equity (common or preferred stock)	
0001144204-16-086961	1	Equity (common or preferred stock)	
0001652577-16-000027	1	Equity (common or preferred stock)	
0001493152-16-007883	1	Equity (common or preferred stock)	
0001651699-16-000011	1	Equity (common or preferred stock)	
0001144204-16-085843	1	Equity (common or preferred stock)	
0001644600-16-000101	1	Equity (common or preferred stock)	
0000906318-16-000091	1	Equity (common or preferred stock)	
0001214659-16-009969	1	Other(describe)	Class A Units of Limited Liability Company Membership Interest
0001193125-16-487926	1	Equity (common or preferred stock)	
0001144204-16-085027	1	Other(describe)	Limited Recourse Obligation (LRO), a limited debt obligation of the issuer
0001354488-16-006398	1	Equity (common or preferred stock)	
0001354488-16-006398	2	Option, warrant or other right to acquire another security	
0001193125-16-482771	1	Equity (common or preferred stock)	
0001644600-16-000099	1	Equity (common or preferred stock)	
0001650352-16-000013	1	Equity (common or preferred stock)	
0001644600-16-000096	1	Equity (common or preferred stock)	
0001354488-16-006368	2	Option, warrant or other right to acquire another security	
0001354488-16-006368	1	Equity (common or preferred stock)	
0001650352-16-000012	1	Equity (common or preferred stock)	
0001657250-16-000031	1	Equity (common or preferred stock)	
0001657250-16-000028	1	Equity (common or preferred stock)	
0001354488-16-006336	2	Option, warrant or other right to acquire another security	
0001354488-16-006336	1	Equity (common or preferred stock)	
0001477932-16-008772	1	Equity (common or preferred stock)	
0001144204-16-083364	1	Other(describe)	Limited Recourse Obligation (LRO), a limited debt obligation of the issuer
0001144204-16-083190	1	Other(describe)	Limited Recourse Obligation (LRO), a limited debt obligation of the issuer
0001477932-16-008677	1	Debt	
0001144204-16-083054	1	Equity (common or preferred stock)	
0001644600-16-000091	1	Equity (common or preferred stock)	
0001144204-16-081250	1	Other(describe)	Limited Recourse Obligation (LRO), a limited debt obligation of the issuer
0001571049-16-011678	1	Debt	
0001477932-16-008532	1	Equity (common or preferred stock)	
0001658959-16-000003	1	Equity (common or preferred stock)	
0001144204-16-079930	1	Equity (common or preferred stock)	
0001144204-16-079846	1	Other(describe)	Limited Recourse Obligation (LRO), a limited debt obligation of the issuer
0001658959-16-000001	1	Equity (common or preferred stock)	
0001651699-16-000009	1	Equity (common or preferred stock)	
0001571049-16-011531	1	Debt	
0001144204-16-079327	1	Equity (common or preferred stock)	
0001144204-16-079225	1	Other(describe)	Limited Recourse Obligation (LRO), a limited debt obligation of the issuer
0001354488-16-006071	1	Equity (common or preferred stock)	
0001214659-16-009233	1	Other(describe)	Class A Units of Limited Liability Company Membership Interest
0001615774-16-004070	1	Debt	
0001644600-16-000087	1	Equity (common or preferred stock)	
0001144204-16-077761	1	Other(describe)	Limited Recourse Obligation (LRO), a limited debt obligation of the issuer
0001657250-16-000014	1	Equity (common or preferred stock)	
0000906318-16-000084	1	Equity (common or preferred stock)	
0001657250-16-000012	1	Equity (common or preferred stock)	
0001161697-16-000643	1	Equity (common or preferred stock)	
0001477932-16-008303	1	Equity (common or preferred stock)	
0001376474-16-000542	2	Option, warrant or other right to acquire another security	
0001376474-16-000542	1	Equity (common or preferred stock)	
0001665080-16-000001	1	Equity (common or preferred stock)	
0001213900-16-010386	1	Equity (common or preferred stock)	
0001477932-16-008275	1	Equity (common or preferred stock)	
0001019687-16-004918	1	Equity (common or preferred stock)	
0001354488-16-005965	1	Equity (common or preferred stock)	
0001065949-16-000331	1	Equity (common or preferred stock)	
0001652577-16-000021	1	Equity (common or preferred stock)	
0001376474-16-000534	2	Option, warrant or other right to acquire another security	
0001376474-16-000534	1	Equity (common or preferred stock)	
0001354488-16-005963	2	Option, warrant or other right to acquire another security	
0001354488-16-005963	1	Equity (common or preferred stock)	
0001652577-16-000020	1	Equity (common or preferred stock)	
0000939798-16-000101	1	Equity (common or preferred stock)	
0001651699-16-000006	1	Equity (common or preferred stock)	
0001650352-16-000011	1	Equity (common or preferred stock)	
0001213900-16-010324	2	Option, warrant or other right to acquire another security	
0001213900-16-010324	1	Equity (common or preferred stock)	
0001644600-16-000085	1	Equity (common or preferred stock)	
0001354488-16-005945	2	Option, warrant or other right to acquire another security	
0001354488-16-005945	1	Equity (common or preferred stock)	
0001644600-16-000083	1	Equity (common or preferred stock)	
0001644600-16-000081	1	Equity (common or preferred stock)	
0001213900-16-010256	2	Option, warrant or other right to acquire another security	
0001213900-16-010256	1	Equity (common or preferred stock)	
0001644600-16-000078	1	Equity (common or preferred stock)	
0001644600-16-000076	1	Equity (common or preferred stock)	
0001144204-16-076029	1	Other(describe)	Limited Recourse Obligation (LRO), a limited debt obligation of the issuer
0001644600-16-000074	1	Equity (common or preferred stock)	
0001644600-16-000072	1	Equity (common or preferred stock)	
0001144204-16-076011	1	Equity (common or preferred stock)	
0001644600-16-000068	1	Equity (common or preferred stock)	
0001376474-16-000522	1	Equity (common or preferred stock)	
0001376474-16-000522	2	Option, warrant or other right to acquire another security	
0001644600-16-000066	1	Equity (common or preferred stock)	
0001571049-16-010720	1	Debt	
0001354488-16-005903	1	Equity (common or preferred stock)	
0001615774-16-003831	1	Debt	
0001660947-16-000001	1	Debt	
0001144204-16-074611	1	Other(describe)	Limited Recourse Obligation (LROs), a limited debt obligation of the issuer
0001615774-16-003801	1	Debt	
0001144204-16-074004	1	Equity (common or preferred stock)	
0001644600-16-000063	1	Equity (common or preferred stock)	
0001657737-16-000006	1	Equity (common or preferred stock)	
0001644600-16-000060	1	Equity (common or preferred stock)	
0001651699-16-000004	1	Equity (common or preferred stock)	
