ACCESSION_NUMBER	ED_ID	TYPE	NAME	OUTSTANDING	CUSIP	PUBLICYTRADED
0001144204-16-091524	1	Preferred	Series Seed	568796	000000N/A	N/A
0001144204-16-091524	2	Preferred	Series A Preferred Stock	747373	000000N/A	N/A
0001144204-16-091524	1	Debt Securities	N/A - excludes LROs	0	000000N/A	N/A
0001144204-16-091524	1	Common	Common Stock	1123750	000000N/A	N/A
0001651699-16-000016	1	Debt Securities		0		
0001651699-16-000016	1	Preferred		0		
0001651699-16-000016	1	Common		0		
0001019687-16-005608	1	Common	Class A Common Stock	100000000	000000000	None
0001019687-16-005608	1	Preferred	None	0	000000000	
0001019687-16-005608	1	Debt Securities	None	0	000000000	
0001669914-16-000003	1	Preferred	Perferred Member Unit	0	0	N/A
0001669914-16-000003	1	Debt Securities	N/A	0	0	N/A
0001669914-16-000003	1	Common	Common Member Unit	0	0	N/A
0001644600-16-000118	1	Debt Securities	0	0	N/A	N/A
0001644600-16-000118	1	Preferred	0	0	N/A	N/A
0001644600-16-000118	1	Common	10383750	0	N/A	N/A
0001493152-16-008310	1	Common	Common Shares	276275566	835413105	OTC Markets - Pink Sheets - SSFT
0001493152-16-008310	1	Preferred	None	0	0000000NA	
0001493152-16-008310	1	Debt Securities	Debt  issued solely as individ	0	0000000NA	NA
0001144204-16-090454	1	Debt Securities	N/A	0	000000N/A	N/A
0001144204-16-090454	2	Preferred	Series Seed 2 Preferred	788972	000000N/A	N/A
0001144204-16-090454	1	Preferred	Series Seed Preferred	2280418	000000N/A	N/A
0001144204-16-090454	1	Common	Common	4138530	000000N/A	N/A
0001615774-16-004612	1	Preferred	n/a	0	000000000	n/a
0001615774-16-004612	1	Common	MEMBERSHIP INTERESTS	100	000000000	n/a
0001615774-16-004612	1	Debt Securities	n/a	0	000000000	n/a
0000906318-16-000102	1	Preferred	Class A Membership Units	1500	N/A	N/A
0000906318-16-000102	1	Debt Securities		0		
0000906318-16-000102	1	Common		0		
0001193125-16-517822	1	Debt Securities	N/A	0	000000000	N/A
0001193125-16-517822	1	Common	Common Equity	932728571	92763N202	N/A
0001193125-16-517822	1	Preferred	N/A	0	000000000	N/A
0001668916-16-000001	1	Common	Membership Units	1000	None	Membership Units
0001477932-16-009158	1	Preferred		0		
0001477932-16-009158	1	Debt Securities		0		
0001668916-16-000001	1	Preferred		0	None	
0001477932-16-009158	1	Common	Common Equity	7272000	None	None
0001668916-16-000001	1	Debt Securities		0	None	
0001144204-16-089831	1	Common	Common Stock	9396362	000000N/A	N/A
0001144204-16-089831	1	Preferred	Series Seed Preferred Stock	20714518	000000N/A	N/A
0001144204-16-089831	1	Debt Securities	Promissory Notes	361079	000000N/A	N/A
0001376474-16-000597	1	Debt Securities		0		
0001376474-16-000597	1	Preferred		0		
0001376474-16-000597	1	Common	Common	1748623	0	0
0000939798-16-000116	1	Common	common stock	2515070400	29403A109	OTC Markets PK
0000939798-16-000116	1	Debt Securities		0		
0000939798-16-000116	1	Preferred		0		
0001019687-16-005539	1	Common	Class A Common Stock	100000000	000000000	None
0001019687-16-005539	1	Preferred	None	0	000000000	
0001019687-16-005539	1	Debt Securities	None	0	000000000	
0001650352-16-000016	1	Common	Common Stock	200000000	n/a	n/a
0001650352-16-000016	1	Preferred		0		
0001650352-16-000016	1	Debt Securities		0		
0001144204-16-089204	1	Preferred	Series Seed	568796	000000N/A	N/A
0001144204-16-089204	1	Common	Common Stock	1123750	000000N/A	N/A
0001144204-16-089204	1	Debt Securities	N/A - excludes LROs	0	000000N/A	N/A
0001144204-16-089204	2	Preferred	Series A Preferred Stock	747373	000000N/A	N/A
0001354488-16-006630	1	Debt Securities	N/A	0	000000000	N/A
0001354488-16-006630	1	Common	Common Stock	19898015	85235G102	OTC Pink Market
0001354488-16-006630	1	Preferred	N/A	0	000000000	N/A
0001644600-16-000114	1	Common	Common	100000000	N/A	N/A
0001644600-16-000114	1	Debt Securities		0		
0001644600-16-000114	1	Preferred	Preferred	100000000	N/A	N/A
0001144204-16-088744	1	Debt Securities	N/A - excludes LROs	0	000000N/A	N/A
0001144204-16-088744	2	Preferred	Series A Preferred Stock	747373	000000N/A	N/A
0001144204-16-088744	1	Preferred	Series Seed	568796	000000N/A	N/A
0001144204-16-088744	1	Common	Common Stock	1123750	000000N/A	N/A
0001144204-16-088479	1	Debt Securities	N/A	0	000000N/A	N/A
0001144204-16-088479	1	Common	Common Stock	1528958	246694103	OTC Markets
0001144204-16-088479	1	Preferred	Preferred Stock	0	000000N/A	N/A
0001651699-16-000013	1	Common		0		
0001651699-16-000013	1	Preferred		0		
0001651699-16-000013	1	Debt Securities		0		
0001652577-16-000028	1	Debt Securities		0		
0001652577-16-000028	1	Common	Class A	23259893	88557R102	none
0001652577-16-000028	2	Common	Class B	26000000	88557R201	none
0001652577-16-000028	1	Preferred		0		
0001144204-16-088255	1	Common	Common Stock	3003928	552112104	Other OTC
0001144204-16-088255	1	Preferred	Preferred Stock	0	000000N/A	N/A
0001144204-16-088255	1	Debt Securities	Debt Securities	2507000	000000N/A	N/A
0001477932-16-009061	1	Preferred		0		
0001477932-16-009061	1	Debt Securities		0		
0001477932-16-009061	1	Common	Common Equity	7272000	None	None
0001144204-16-088129	1	Debt Securities	N/A	0	000000N/A	N/A
0001144204-16-088129	1	Preferred	N/A	0	000000N/A	N/A
0001144204-16-088129	1	Common	Common Units	1000	000000N/A	N/A
0001019687-16-005448	1	Common	Class A Common Stock	100000000	000000000	None
0001019687-16-005448	1	Preferred	None	0	000000000	
0001213900-16-011589	1	Common	N/A	1447743	000000000	N/A
0001213900-16-011589	1	Preferred	N/A	0	000000000	N/A
0001019687-16-005448	1	Debt Securities	None	0	000000000	
0001213900-16-011589	1	Debt Securities	N/A	0	000000000	N/A
0001644600-16-000111	1	Preferred	0	0	N/A	N/A
0001644600-16-000111	1	Debt Securities	0	0	N/A	N/A
0001644600-16-000111	1	Common	10383750	0	N/A	N/A
0001657250-16-000041	1	Debt Securities	none	0	000000000	0
0001657250-16-000041	1	Common	common stock	64500000	000000000	none
0001657250-16-000041	1	Preferred	preferred stock	2000000	000000000	none
0001144204-16-087625	2	Preferred	Series A Preferred Stock	747373	000000N/A	N/A
0001144204-16-087625	1	Preferred	Series Seed	568796	000000N/A	N/A
0001144204-16-087625	1	Common	Common Stock	1123750	000000N/A	N/A
0001144204-16-087625	1	Debt Securities	N/A	0	000000N/A	N/A
0001354488-16-006521	1	Debt Securities	N/A	0	000000000	N/A
0001354488-16-006521	1	Preferred	N/A	0	000000000	N/A
0001354488-16-006521	1	Common	Common Stock	19898015	85235G102	OTC Pink Market
0000906318-16-000093	1	Common		0		
0000906318-16-000093	1	Debt Securities		0		
0000906318-16-000093	1	Preferred	Class A Membership Units	1500	N/A	N/A
0001646269-16-000006	1	Common	Common Stock	6315789	N/A	N/A
0001644600-16-000106	2	Preferred	N/A	0	N/A	N/A
0001644600-16-000106	1	Preferred	Preferred Stock	7351709	N/A	N/A
0001144204-16-087294	1	Common	Common Stock	1301632	000000N/A	N/A
0001644600-16-000106	1	Common	Common Stock	5500000	N/A	N/A
0001144204-16-087294	2	Preferred	Series A-2 Preferred	1071429	000000N/A	N/A
0001144204-16-087294	1	Preferred	Series A Preferred	806352	000000N/A	N/A
0001144204-16-087294	3	Common	Warrant to Purchase Common	559672	000000N/A	N/A
0001144204-16-087294	2	Common	Option to Purchase Common	716497	000000N/A	N/A
0001144204-16-087294	1	Debt Securities	Promissory Note	2000000	000000N/A	N/A
0001644600-16-000106	1	Debt Securities	Notes payable	824975	N/A	N/A
0001644600-16-000108	1	Debt Securities	0	0	N/A	N/A
0001646269-16-000006	1	Debt Securities		0		
0001644600-16-000108	1	Preferred	0	0	N/A	N/A
0001644600-16-000108	1	Common	10383750	0	N/A	N/A
0001646269-16-000006	1	Preferred		0		
0001650352-16-000015	1	Common	Common Stock	200000000	n/a	n/a
0001650352-16-000015	1	Preferred		0		
0001650352-16-000015	1	Debt Securities		0		
0001650352-16-000014	1	Preferred		0		
0001650352-16-000014	1	Debt Securities		0		
0001650352-16-000014	1	Common	Common Stock	200000000	n/a	n/a
0001213900-16-011475	1	Debt Securities	-	0	000000000	-
0001213900-16-011475	1	Preferred	-	0	000000000	-
0001213900-16-011475	1	Common	-	1000000	000000000	-
0001144204-16-086961	1	Common	Common Stock	1301632	000000N/A	N/A
0001144204-16-086961	2	Common	Option to Purchase Common	716497	000000N/A	N/A
0001144204-16-086961	1	Debt Securities	Promissory Note	2000000	000000N/A	N/A
0001144204-16-086961	1	Preferred	Series A Preferred	806352	000000N/A	N/A
0001144204-16-086961	2	Preferred	Series A-2 Preferred	1071429	000000N/A	N/A
0001144204-16-086961	3	Common	Warrant to Purchase Common	559672	000000N/A	N/A
0001493152-16-007883	1	Common	Series A Units	28	000000000	N/A
0001493152-16-007883	1	Preferred	N/A	0	000000000	N/A
0001652577-16-000027	1	Common	Class A	23259893	88557R102	none
0001652577-16-000027	1	Debt Securities		0		
0001652577-16-000027	1	Preferred		0		
0001493152-16-007883	1	Debt Securities	N/A	0	000000000	N/A
0001652577-16-000027	2	Common	Class B	26000000	88557R201	none
0001651699-16-000011	1	Common		0		
0001651699-16-000011	1	Debt Securities		0		
0001651699-16-000011	1	Preferred		0		
0001144204-16-085843	1	Common	Common Equity	88553333	000000n/a	n/a
0001144204-16-085843	1	Debt Securities	Debt Securities	818045	000000n/a	n/a
0001144204-16-085843	1	Preferred	Preferred Equity	7016200	000000n/a	n/a
0001644600-16-000101	1	Preferred	Preferred	14874856	N/A	N/A
0001644600-16-000101	1	Debt Securities		0		
0001644600-16-000101	1	Common	Common Stock	10977227	N/A	N/A
0000906318-16-000091	1	Debt Securities		0		
0000906318-16-000091	1	Preferred	Class A Membership Units	1500	N/A	N/A
0000906318-16-000091	1	Common		0		
0001214659-16-009969	1	Common	Class A Units	5	000000000	None
0001214659-16-009969	1	Debt Securities	None	0	000000000	None
0001214659-16-009969	1	Preferred	None	0	000000000	None
0001193125-16-487926	1	Common	Common Equity	932728571	92763N202	N/A
0001193125-16-487926	1	Debt Securities	N/A	0	000000000	N/A
0001193125-16-487926	1	Preferred	N/A	0	000000000	N/A
0001144204-16-085027	2	Preferred	Series A Preferred Stock	747373	000000N/A	N/A
0001144204-16-085027	1	Preferred	Series Seed	568796	000000N/A	N/A
0001144204-16-085027	1	Common	Common Stock	1123750	000000N/A	N/A
0001144204-16-085027	1	Debt Securities	N/A	0	000000N/A	N/A
0001354488-16-006398	1	Debt Securities	N/A	0	000000000	
0001354488-16-006398	1	Preferred	Class A Units	499997	01748M106	NONE
0001354488-16-006398	1	Common	Class B Units	1378700	000000000	NONE
0001193125-16-482771	1	Preferred	N/A	0	000000000	N/A
0001193125-16-482771	1	Debt Securities	N/A	0	000000000	N/A
0001193125-16-482771	1	Common	N/A	1000	000000000	N/A
0001644600-16-000099	1	Common	Common Stock	10977227	N/A	N/A
0001644600-16-000099	1	Preferred	Preferred	14874856	N/A	N/A
0001644600-16-000099	1	Debt Securities		0		
0001650352-16-000013	1	Common	Common Stock	200000000	n/a	n/a
0001650352-16-000013	1	Preferred		0		
0001650352-16-000013	1	Debt Securities		0		
0001644600-16-000096	1	Common	Common Stock	10977227	N/A	N/A
0001644600-16-000096	1	Preferred	Preferred	14874856	N/A	N/A
0001644600-16-000096	1	Debt Securities		0		
0001354488-16-006368	2	Debt Securities	Junior Subordinated Indenture	4124000	000000000	n/a
0001354488-16-006368	1	Common	Common	2698388	19041N100	OTCQX
0001354488-16-006368	1	Preferred	NONE	0	000000000	n/a
0001354488-16-006368	1	Debt Securities	Indenture dated May 18, 2004	3093000	000000000	n/a
0001650352-16-000012	1	Debt Securities		0		
0001650352-16-000012	1	Common	Common Stock	200000000	n/a	n/a
0001650352-16-000012	1	Preferred		0		
0001657250-16-000031	1	Preferred	Preferred Stock	0	000000000	none
0001657250-16-000031	1	Common	Common Stock	12200000	000000000	none
0001657250-16-000031	1	Debt Securities	none	0	000000000	none
0001657250-16-000028	1	Debt Securities	none	0	000000000	none
0001657250-16-000028	1	Preferred	Preferred Stock	0	000000000	none
0001657250-16-000028	1	Common	Common Stock	12200000	000000000	none
0001477932-16-008772	1	Debt Securities		0		
0001354488-16-006336	1	Debt Securities	Indenture dated May 18, 2004	3093000	000000000	n/a
0001354488-16-006336	2	Debt Securities	Junior Subordinated Indenture	4124000	000000000	n/a
0001477932-16-008772	1	Common		0		
0001477932-16-008772	1	Preferred	Preferred Stock	2250000	None	None
0001354488-16-006336	1	Common	Common	2698388	19041N100	OTCQX
0001354488-16-006336	1	Preferred	NONE	0	000000000	n/a
0001144204-16-083364	1	Debt Securities	N/A	0	000000N/A	N/A
0001144204-16-083364	2	Preferred	Series A Preferred Stock	747373	000000N/A	N/A
0001144204-16-083364	1	Preferred	Series Seed	568796	000000N/A	N/A
0001144204-16-083364	1	Common	Common Stock	1123750	000000N/A	N/A
0001144204-16-083190	1	Preferred	Series Seed	568796	000000N/A	N/A
0001144204-16-083190	1	Common	Common Stock	1123750	000000N/A	N/A
0001144204-16-083190	1	Debt Securities	N/A	0	000000N/A	N/A
0001144204-16-083190	2	Preferred	Series A Preferred Stock	747373	000000N/A	N/A
0001477932-16-008677	1	Preferred	None	0		
0001477932-16-008677	1	Common	Class A Units	123389730	None	None
0001477932-16-008677	1	Debt Securities	None	0		
0001477932-16-008677	2	Common	Class B Units	123389730	None	None
0001144204-16-083054	1	Debt Securities	N/A	0	000000000	N/A
0001144204-16-083054	1	Preferred	N/A	0	000000000	N/A
0001144204-16-083054	1	Common	Common Stock	0	000000000	N/A
0001644600-16-000091	1	Debt Securities		0		
0001644600-16-000091	1	Preferred	Preferred	13699459	N/A	N/A
0001644600-16-000091	1	Common	Common Stock	10110000	N/A	N/A
0001144204-16-081250	1	Preferred	Series Seed	568796	000000N/A	N/A
0001144204-16-081250	1	Common	Common Stock	1123750	000000N/A	N/A
0001144204-16-081250	1	Debt Securities	N/A	0	000000N/A	N/A
0001144204-16-081250	2	Preferred	Series A Preferred Stock	747373	000000N/A	N/A
0001571049-16-011678	2	Debt Securities	Member Payment Dependent Notes	1740737	000000000	N/A
0001571049-16-011678	1	Preferred	Series Seed Preferred Equity	4735924	000000000	N/A
0001571049-16-011678	3	Common	Warrants to Acquire Common Stk	390196	000000000	N/A
0001571049-16-011678	2	Common	Options to Purchase Common Stk	1140695	000000000	N/A
0001571049-16-011678	1	Common	Common Stock	10030396	000000000	N/A
0001571049-16-011678	1	Debt Securities	Convertible Note	2449500	000000000	N/A
0001477932-16-008532	1	Debt Securities		0		
0001477932-16-008532	1	Preferred		0		
0001477932-16-008532	1	Common	Common Equity	7272000	None	None
0001658959-16-000003	1	Debt Securities		0		
0001658959-16-000003	1	Preferred	Preferred Equity	518000	0	NONE
0001658959-16-000003	1	Common	Common Stock	61415898	0	NONE
0001144204-16-079930	1	Common	Common Stock	20000	000000000	N/A
0001144204-16-079930	1	Debt Securities	Not Applicable	0	000000000	N/A
0001144204-16-079930	1	Preferred	Not Applicable	0	000000000	N/A
0001144204-16-079846	2	Preferred	Series A Preferred Stock	747373	000000N/A	N/A
0001144204-16-079846	1	Common	Common Stock	1123750	000000N/A	N/A
0001144204-16-079846	1	Debt Securities	N/A	0	000000N/A	N/A
0001144204-16-079846	1	Preferred	Series Seed	568796	000000N/A	N/A
0001658959-16-000001	1	Common	Common Stock	61415898	0	NONE
0001658959-16-000001	1	Debt Securities		0		
0001658959-16-000001	1	Preferred	Preferred Equity	518000	0	NONE
0001651699-16-000009	1	Debt Securities		0		
0001651699-16-000009	1	Preferred		0		
0001651699-16-000009	1	Common		0		
0001571049-16-011531	3	Common	Warrants to Acquire Common Stk	390196	000000000	N/A
0001571049-16-011531	2	Common	Options to Purchase Common Stk	1140695	000000000	N/A
0001571049-16-011531	1	Common	Common Stock	10030396	000000000	N/A
0001571049-16-011531	1	Debt Securities	Convertible Note	2449500	000000000	N/A
0001571049-16-011531	2	Debt Securities	Member Payment Dependent Notes	1740737	000000000	N/A
0001571049-16-011531	1	Preferred	Series Seed Preferred Equity	4735924	000000000	N/A
0001144204-16-079327	2	Preferred	Series A-2 Preferred	1071429	000000N/A	N/A
0001144204-16-079327	1	Preferred	Series A Preferred	806352	000000N/A	N/A
0001144204-16-079327	2	Common	Option to Purchase Common	791161	000000N/A	N/A
0001144204-16-079327	1	Common	Common Stock	1226916	000000N/A	N/A
0001144204-16-079327	1	Debt Securities	Promissory Note	2000000	000000N/A	N/A
0001144204-16-079327	3	Common	Warrant to Purchase Common	559672	000000N/A	N/A
0001144204-16-079225	1	Debt Securities	N/A	0	000000N/A	N/A
0001144204-16-079225	2	Preferred	Series A Preferred Stock	747373	000000N/A	N/A
0001144204-16-079225	1	Common	Common Stock	1123750	000000N/A	N/A
0001144204-16-079225	1	Preferred	Series Seed	568796	000000N/A	N/A
0001354488-16-006071	1	Common	Common Stock	19898015	85235G102	OTC Pink Market
0001354488-16-006071	1	Debt Securities	N/A	0	000000000	N/A
0001354488-16-006071	1	Preferred	N/A	0	000000000	N/A
0001214659-16-009233	1	Common	Class A Units	5	000000000	None
0001214659-16-009233	1	Debt Securities	None	0	000000000	None
0001214659-16-009233	1	Preferred	None	0	000000000	None
0001615774-16-004070	1	Common	Common Stock	12234000	000000000	none
0001615774-16-004070	1	Debt Securities	Convertible Notes	150000	000000000	none
0001615774-16-004070	1	Preferred	Preferred Stock	2005000	000000000	none
0001615774-16-004070	2	Common	Common Stock Warrants	650000	000000000	none
0001644600-16-000087	1	Debt Securities	Notes payable	824975	N/A	N/A
0001644600-16-000087	2	Preferred	N/A	0	N/A	N/A
0001644600-16-000087	1	Common	Common Stock	5500000	N/A	N/A
0001644600-16-000087	1	Preferred	Preferred Stock	7351709	N/A	N/A
0001144204-16-077761	2	Preferred	Series A Preferred Stock	747373	000000N/A	N/A
0001144204-16-077761	1	Common	Common Stock	1123750	000000N/A	N/A
0001144204-16-077761	1	Preferred	Series Seed	568796	000000N/A	N/A
0001144204-16-077761	1	Debt Securities	N/A	0	000000N/A	N/A
0001657250-16-000014	1	Common	Common Stock	12200000	000000000	none
0001657250-16-000014	1	Debt Securities	none	0	000000000	none
0001657250-16-000014	1	Preferred	Preferred Stock	0	000000000	none
0000906318-16-000084	1	Preferred	Class A Membership Units	1500	N/A	N/A
0000906318-16-000084	1	Debt Securities		0		
0000906318-16-000084	1	Common		0		
0001657250-16-000012	1	Debt Securities	none	0	000000000	0
0001657250-16-000012	1	Preferred	preferred stock	2000000	000000000	none
0001657250-16-000012	1	Common	common stock	64500000	000000000	none
0001477932-16-008303	1	Preferred	Preferred Stock	2250000	None	None
0001477932-16-008303	1	Common		0		
0001161697-16-000643	1	Common	Common Equity	1000000	000000000	None
0001161697-16-000643	1	Preferred	Preferred Equity	0	000000000	None
0001477932-16-008303	1	Debt Securities		0		
0001161697-16-000643	1	Debt Securities	Debt Securities	0	000000000	None
0001376474-16-000542	1	Common	Common Shares	32653224	126037100	Canadian Securities Exchange
0001376474-16-000542	1	Preferred		0		
0001376474-16-000542	1	Debt Securities		0		
0001665080-16-000001	1	Preferred	Preferred Stock	0	None	Preferred Stock
0001665080-16-000001	1	Common	Common Stock	220000	None	Common Stock
0001665080-16-000001	1	Debt Securities		0	None	
0001213900-16-010386	1	Common	N/A	1447743	000000000	N/A
0001213900-16-010386	1	Debt Securities	N/A	0	000000000	N/A
0001213900-16-010386	1	Preferred	N/A	0	000000000	N/A
0001477932-16-008275	1	Common	Common Stock	92394850	None	None
0001477932-16-008275	1	Preferred		0		
0001477932-16-008275	1	Debt Securities		0		
0001019687-16-004918	1	Common	Class A Common Stock	100000000	000000000	None
0001019687-16-004918	1	Preferred	None	0	000000000	
0001019687-16-004918	1	Debt Securities	None	0	000000000	
0001652577-16-000021	1	Preferred		0		
0001652577-16-000021	1	Common	Class A	23259893	88557R102	none
0001065949-16-000331	1	Preferred		0		
0001065949-16-000331	1	Common	Common	10000000	N/A	N/A
0001354488-16-005965	1	Preferred	N/A	0	000000000	N/A
0001354488-16-005965	1	Common	Common Stock	19898015	85235G102	OTC Pink Market
0001652577-16-000021	2	Common	Class B	26000000	88557R201	none
0001652577-16-000021	1	Debt Securities		0		
0001354488-16-005965	1	Debt Securities	N/A	0	000000000	N/A
0001065949-16-000331	1	Debt Securities		0		
0001376474-16-000534	1	Preferred		0		
0001376474-16-000534	1	Common	Common Shares	32653224	126037100	Canadian Securities Exchange
0001376474-16-000534	1	Debt Securities		0		
0001354488-16-005963	1	Debt Securities	Indenture dated May 18, 2004	3093000	000000000	n/a
0001354488-16-005963	2	Debt Securities	Junior Subordinated Indenture	4124000	000000000	n/a
0001354488-16-005963	1	Common	Common	2698388	01904N100	OTCQX
0001354488-16-005963	1	Preferred	NONE	0	000000000	n/a
0001652577-16-000020	1	Debt Securities		0		
0001652577-16-000020	1	Common	Class A	23259893	88557R102	none
0001652577-16-000020	2	Common	Class B	26000000	88557R201	none
0001652577-16-000020	1	Preferred		0		
0000939798-16-000101	1	Debt Securities		0		
0000939798-16-000101	1	Common	common stock	2515070400	29403A109	OTC Markets PK
0000939798-16-000101	1	Preferred	Series A Preferred	8170151	none	none
0001651699-16-000006	1	Debt Securities		0		
0001651699-16-000006	1	Preferred		0		
0001651699-16-000006	1	Common		0		
0001650352-16-000011	1	Preferred		0		
0001650352-16-000011	1	Common	Common Stock	200000000	n/a	n/a
0001650352-16-000011	1	Debt Securities		0		
0001213900-16-010324	1	Preferred	Class B Units	0	000000000	None
0001213900-16-010324	1	Common	Class A Common Units	2001378	000000000	None
0001213900-16-010324	1	Debt Securities	Class M Units	1050000	000000000	None
0001644600-16-000085	1	Common	Common Stock	35869565	N/A	N/A
0001644600-16-000085	1	Debt Securities	N/A	0	N/A	N/A
0001644600-16-000085	1	Preferred	N/A	0	N/A	N/A
0001354488-16-005945	1	Common	Class B Units	1378700	000000000	NONE
0001354488-16-005945	1	Preferred	Class A Units	499997	01748M106	NONE
0001354488-16-005945	1	Debt Securities	N/A	0	000000000	
0001644600-16-000083	1	Debt Securities	N/A	0	N/A	N/A
0001644600-16-000083	1	Preferred	N/A	0	N/A	N/A
0001644600-16-000083	1	Common	Common Stock	35869565	N/A	N/A
0001644600-16-000081	1	Preferred	N/A	0	N/A	N/A
0001644600-16-000081	1	Debt Securities	N/A	0	N/A	N/A
0001644600-16-000081	1	Common	Common Stock	35869565	N/A	N/A
0001213900-16-010256	1	Debt Securities	Class M Units	1050000	000000000	None
0001213900-16-010256	1	Preferred	Class B Units	0	000000000	None
0001213900-16-010256	1	Common	Class A Common Units	2001378	000000000	None
0001644600-16-000078	1	Debt Securities	N/A	0	N/A	N/A
0001644600-16-000078	1	Common	Common Stock	35869565	N/A	N/A
0001644600-16-000078	1	Preferred	N/A	0	N/A	N/A
0001644600-16-000076	2	Preferred	N/A	0	N/A	N/A
0001644600-16-000076	1	Preferred	Preferred Stock	7351709	N/A	N/A
0001644600-16-000076	1	Common	Common Stock	5500000	N/A	N/A
0001644600-16-000076	1	Debt Securities	Notes payable	824975	N/A	N/A
0001144204-16-076029	2	Preferred	Series A Preferred Stock	747373	000000N/A	N/A
0001144204-16-076029	1	Preferred	Series Seed	568796	000000N/A	N/A
0001144204-16-076029	1	Common	Common Stock	1123750	000000N/A	N/A
0001144204-16-076029	1	Debt Securities	N/A	0	000000N/A	N/A
0001644600-16-000074	1	Preferred	Preferred Stock	7351709	N/A	N/A
0001644600-16-000074	1	Debt Securities	Notes payable	824975	N/A	N/A
0001644600-16-000074	2	Preferred	N/A	0	N/A	N/A
0001644600-16-000074	1	Common	Common Stock	5500000	N/A	N/A
0001644600-16-000072	2	Preferred	N/A	0	N/A	N/A
0001644600-16-000072	1	Preferred	Preferred Stock	7351709	N/A	N/A
0001644600-16-000072	1	Common	Common Stock	5500000	N/A	N/A
0001644600-16-000072	1	Debt Securities	Notes payable	824975	N/A	N/A
0001144204-16-076011	1	Common	N/A	4196192	US03753V1	N/A
0001144204-16-076011	1	Debt Securities	N/A	0	000000000	N/A
0001144204-16-076011	1	Preferred	N/A	0	000000000	N/A
0001644600-16-000068	1	Common	Common Stock	10110000	N/A	N/A
0001644600-16-000068	1	Debt Securities		0		
0001644600-16-000068	1	Preferred	Preferred	13699459	N/A	N/A
0001376474-16-000522	1	Common	Common Shares	32653224	126037100	Canadian Securities Exchange
0001376474-16-000522	1	Preferred		0		
0001376474-16-000522	1	Debt Securities		0		
0001644600-16-000066	1	Debt Securities	N/A	0	N/A	N/A
0001644600-16-000066	1	Preferred	N/A	0	N/A	N/A
0001644600-16-000066	1	Common	Common Stock	35869565	N/A	N/A
0001571049-16-010720	1	Common	Common Stock	10030396	000000000	N/A
0001571049-16-010720	2	Common	Options to Purchase Common Stk	1140695	000000000	N/A
0001571049-16-010720	2	Debt Securities	Member Payment Dependent Notes	1740737	000000000	N/A
0001571049-16-010720	1	Preferred	Series Seed Preferred Equity	4735924	000000000	N/A
0001571049-16-010720	1	Debt Securities	Convertible Note	2449500	000000000	N/A
0001571049-16-010720	3	Common	Warrants to Acquire Common Stk	390196	000000000	N/A
0001354488-16-005903	1	Common	Common Stock	19898015	85235G102	OTC Pink Market
0001354488-16-005903	1	Debt Securities	N/A	0	000000000	N/A
0001354488-16-005903	1	Preferred	N/A	0	000000000	N/A
0001615774-16-003831	1	Common	MEMBERSHIP INTERESTS	1	000000000	n/a
0001615774-16-003831	1	Debt Securities	n/a	0	000000000	n/a
0001615774-16-003831	1	Preferred	n/a	0	000000000	n/a
0001660947-16-000001	1	Common	Membership Units	1000	None	Membership Units
0001660947-16-000001	1	Preferred		0	None	
0001660947-16-000001	1	Debt Securities	Secured Class A Debt Notes	0	None	Secured Class A Debt Notes
0001144204-16-074611	1	Debt Securities	N/A	0	000000N/A	N/A
0001144204-16-074611	2	Preferred	Series A Preferred Stock	747373	000000N/A	N/A
0001144204-16-074611	1	Preferred	Series Seed	568796	000000N/A	N/A
0001144204-16-074611	1	Common	Common Stock	1123750	000000N/A	N/A
0001615774-16-003801	1	Common	MEMBERSHIP INTERESTS	1	000000000	n/a
0001615774-16-003801	1	Preferred	n/a	0	000000000	n/a
0001615774-16-003801	1	Debt Securities	n/a	0	000000000	n/a
0001144204-16-074004	1	Debt Securities	N/A	0	000000000	N/A
0001144204-16-074004	1	Preferred	N/A	0	000000000	N/A
0001144204-16-074004	1	Common	Common Shares	100	000000000	N/A
0001644600-16-000063	1	Debt Securities	Notes payable	824975	N/A	N/A
0001644600-16-000063	1	Common	Common Stock	5500000	N/A	N/A
0001644600-16-000063	1	Preferred	Preferred Stock	7351709	N/A	N/A
0001644600-16-000063	2	Preferred	N/A	0	N/A	N/A
0001657737-16-000006	1	Preferred	Preferred Stock	0	None	Preferred Stock
0001657737-16-000006	1	Common	Common Stock	36000000	None	Common Stock
0001657737-16-000006	1	Debt Securities		0	None	
0001644600-16-000060	2	Preferred	N/A	0	N/A	N/A
0001644600-16-000060	1	Common	Common Stock	5500000	N/A	N/A
0001644600-16-000060	1	Debt Securities	Notes payable	824975	N/A	N/A
0001644600-16-000060	1	Preferred	Preferred Stock	7351709	N/A	N/A
0001651699-16-000004	1	Common		0		
0001651699-16-000004	1	Preferred		0		
0001651699-16-000004	1	Debt Securities		0		
