ACCESSION_NUMBER	INDICATETIER1TIER2OFFERING	FINANCIALSTATEMENTAUDITSTATUS	OFFERDELAYEDCONTINUOUSFLAG	OFFERINGYEARFLAG	OFFERINGAFTERQUALIFFLAG	OFFERINGBESTEFFORTSFLAG	SOLICITATIONPROPOSEDOFFERFLAG	RESALESECURITIESAFFILIATESFLAG	SECURITIESOFFERED	OUTSTANDINGSECURITIES	PRICEPERSECURITY	ISSUERAGGREGATEOFFERING	SECURITYHOLDERAGGEGATE	QUALIFICATIONOFFERINGAGGREGATE	CONCURRENTOFFERINGAGGREGATE	TOTALAGGREGATEOFFERING	UNDERWRITERSERVICEPROVIDERNAME	UNDERWRITERSFEES	SALECOMMISSIONSSVCPROVIDERNAME	SALECOMMISSIONSSVCEROVIDERFEE	FINDERSFEESSERVICEPROVIDERNAME	FINDERFEESFEE	AUDITORSERVICEPROVIDERNAME	AUDITORFEES	LEGALSERVICEPROVIDERNAME	LEGALFEES	PROMOTERSSERVICEPROVIDERNAME	PROMOTERSFEES	BLUESKYSERVICEPROVIDERNAME	BLUESKYFEES	BROKERDEALERCRDNUMBER	ESTIMATEDNETAMOUNT	CLARIFICATIONRESPONSES
0001144204-16-091524	Tier1	Audited	Y	N	N	Y	N	N	1142750	0	10.0	1142750.0	0.0	4280845.0	1357418.0	6781013.0									Smith Anderson, et al., Robbins Ross, et al.	4500.0							"""Number of securities offered"" is the aggregate principal amount of LROs being offered under this post-qualification amendment (PQA)."
0001651699-16-000016	Tier2	Audited	Y	N	N	Y	N	N	50000000	125000000	1.0	50000000.0	0.0	0.0	0.0	50000000.0																	
0001019687-16-005608	Tier1	Unaudited	Y	Y	N	Y	N	N	60000000	0	1.0	10000.0	0.0	0.0	0.0	10000.0	N/A	0.0	N/A	0.0	N/A	0.0	N/A	0.0	N/A	0.0	N/A	0.0	N/A	0.0		0.0	Please see explanatory statements immediately following this form.
0001669914-16-000003	Tier1	Unaudited	N	N	Y	Y	N	N	3000	0	1000.0	3000000.0	0.0	0.0	0.0	3000000.0	NA	0.0	NA	0.0	NA	0.0	NA	0.0	NA	0.0	NA	0.0	NA	0.0		3000000.0	The Manager has paid the Blue Sky Compliance cost with no encumbrance to the company.
0001644600-16-000118	Tier2	Audited	Y	N	N	Y	Y	N	5000000	383750	10.0	50000000.0	0.0	0.0	0.0	50000000.0							CohnReznick LLP	10000.0	KHLK LLP	40000.0						48000000.0	
0001493152-16-008310	Tier1	Unaudited	N	N	N	Y	N	N	97000000	276275566	0.02	2425000.0	0.0	0.0	0.0	2425000.0	None	0.0	None	0.0	None	0.0	None	0.0	Methven & Associates	40000.0	None	0.0	None	5000.0		2365000.0	
0001144204-16-090454	Tier2	Audited	Y	N	N	Y	Y	N	2857143	0		0.0	0.0	0.0	0.0	0.0							Artesian CPA	8000.0	KHLK LLP	50000.0							
0001615774-16-004612	Tier1	Audited	Y	Y	N	Y	N	N	800	0	50000.0	0.0	0.0	0.0	0.0	0.0							Spiegel Accountancy Corporation	5000.0	Geraci Law Firm	30000.0			Geraci Law Firm	20000.0			
0000906318-16-000102	Tier1	Audited	N	N	N	Y	N	N	1500	0	1000.0	1500000.0	0.0	0.0	0.0	1500000.0							Artesian CPA LLC	6000.0	Dinsmore & Shohl LLP	75000.0			Dinsmore & Shohl LLP	45000.0			
0001193125-16-517822	Tier1	Unaudited	N	N	N	Y	N	N	1666666	932728571		0.0	0.0	0.0	0.0	0.0									White and Williams LLP	15000.0							
0001477932-16-009158	Tier2	Audited	Y	N	N	Y	N	N	1500000	7272000	0.15	225000.0	0.0	0.0	0.0	225000.0							The Pun Group LLP- Accountants & Advisors	5000.0	Williams Securities Law Firm, P.A.	32000.0						189000.0	
0001668916-16-000001	Tier1	Unaudited	N	N	N	Y	N	N	14000	0	1000.0	1000.0	0.0	0.0	0.0	1000.0	AltaVista Capital Markets, LLC	52500.0							TBD	2500.0			New York	1200.0		13943800.0	
0001144204-16-089831	Tier2	Audited	Y	N	N	Y	N	N	11111111	0	0.9	10000000.0	0.0	0.0	0.0	10000000.0			North Capital Private Securities Corporation	750000.0			Artesian CPA, LLC	6000.0	KHLK LLP	40000.0					152559	9204000.0	
0001376474-16-000597	Tier1	Audited	Y	Y	Y	N	N	N	165000	1748623		0.0	0.0	0.0	0.0	0.0	0	0.0	0	0.0	0	0.0	Crowe Horwath LLP	3000.0	Underberg & Kessler LLP	1750.0	0	0.0	0	0.0	0	0.0	
0000939798-16-000116	Tier1	Unaudited	Y	N	N	Y	N	N	2434929600	2515070400	0.01	243493.0	0.0	0.0	0.0	243493.0		0.0		0.0		0.0		0.0	Gary R. Henrie	15000.0		0.0		0.0		228493.0	
0001019687-16-005539	Tier1	Unaudited	Y	Y	N	Y	N	N	60000000	0	1.0	10000.0	0.0	0.0	0.0	10000.0	N/A	0.0	N/A	0.0	N/A	0.0	N/A	0.0	N/A	0.0	N/A	0.0	N/A	0.0		0.0	Please see explanatory statements immediately following this form.
0001650352-16-000016	Tier2	Audited	Y	N	Y	Y	N	Y	200000000	200000000	0.1	19267500.0	732500.0	0.0	0.0	20000000.0							Rick Toussaint	1000.0	Jehu Hand	500.0						1926600.0	
0001144204-16-089204	Tier1	Audited	Y	N	N	Y	N	N	746000	0	10.0	746000.0	0.0	3988675.0	903588.0	5638263.0									Smith Anderson, et al., Robbins Ross, et al.	5000.0							"""Number of securities offered"" is the aggregate principal amount of LROs being offered under this post-qualification amendment (PQA)."
0001354488-16-006630	Tier2	Audited	Y	N	N	Y	Y	N	10000000	19898015	0.7000000000000001	7000000.0	0.0	0.0	0.0	7000000.0			(1)	0.0			Malone Bailey LLP	28500.0	Schiff Hardin LLP	16378.0							(1) The company may use registered broker-dealers to sell shares in the offering.  As of the date hereof, the Company has not entered into sales agreements with any broker-dealers.
0001644600-16-000114	Tier2	Audited	Y	N	N	Y	N	N	102777778	100000000	0.09	9250000.02	0.0	0.0	0.0	9250000.02		0.0		0.0		0.0	Artesian CPA, LLC	2500.0	KHLK LLP	0.0		0.0		0.0		1850000.0	Less misc. expenses
0001144204-16-088744	Tier1	Audited	Y	N	N	Y	N	N	818588	0	10.0	818588.0	0.0	3988675.0	85000.0	4892263.0									Smith Anderson, et al., Robbins Ross, et al.	5000.0							Number of securities offered includes the four series of LROs covered by PQA No. 10. This PQA updates prior disclosure.
0001144204-16-088479	Tier1	Audited	Y	N	N	N	N	N	212012	1528958	27.5	5830330.0	0.0	551172.0	0.0	6381502.0							Baker Tilly Virchow Krause, LLP	5000.0	Kilpatrick Townsend & Stockton LLP	16000.0						5815330.0	The Company is offering to its stockholders residing in certain states shares of its common stock through a Dividend Reinvestment Plan. Price of shares purchased under the Plan will depend on the market price of our shares preceding the investment date.
0001651699-16-000013	Tier2	Audited	Y	N	N	Y	N	N	50000000	125000000	1.0	50000000.0	0.0	0.0	0.0	50000000.0																	
0001652577-16-000028	Tier1	Unaudited	N	N	Y	Y	N	N	20000000	23259893	1.0	20000000.0	0.0	0.0	0.0	20000000.0																	
0001144204-16-088255	Tier1	Audited	N	N	N	Y	N	N	347000	3003928	27.5	9542500.0	0.0	0.0	0.0	9542500.0							Bonadio & Co., LLP	30000.0	Woods, Oviatt, Gilman	60000.0			Woods, Oviatt, Gilman	5000.0		9447500.0	
0001477932-16-009061	Tier2	Audited	Y	N	N	Y	N	N	1500000	7272000	0.15	225000.0	0.0	0.0	0.0	225000.0							The Pun Group LLP- Accountants & Advisors	5000.0	Williams Securities Law Firm, P.A.	32000.0						189000.0	
0001144204-16-088129	Tier1	Unaudited	N	N	N	Y	N	N	500	1000	1000.0	500000.0	0.0	0.0	0.0	500000.0									Graydon Head & Ritchey LLP	25000.0						475000.0	
0001019687-16-005448	Tier1	Unaudited	Y	Y	N	Y	N	N	60000000	0	1.0	10000.0	0.0	0.0	0.0	10000.0	N/A	0.0	N/A	0.0	N/A	0.0	N/A	0.0	N/A	0.0	N/A	0.0	N/A	0.0		0.0	Please see explanatory statements immediately following this form.
0001213900-16-011589	Tier2	Audited	N	N	N	Y	N	Y	802065	1447743	12.47	8137635.19	1864115.31	0.0	0.0	10001750.5							Deloitte & Touche Tohmatsu Limited	40000.0	JSBarkats PLLC	60000.0						7637635.0	Ancillary fees, such as legal, auditor's and marketing fees associated with the offering may be approximately $500,000.00. In addition 149,488 shares out of the 802,065 are resale shares for an existing shareholder for an aggregate of $1,864,115.
0001644600-16-000111	Tier2	Audited	Y	N	N	Y	Y	N	5000000	383750	10.0	0.0	0.0	0.0	0.0	0.0							CohnReznick LLP	10000.0	KHLK LLP	40000.0							
0001657250-16-000041	Tier2	Audited	Y	N	N	Y	N	Y	62500000	64500000	0.02	1250000.0	375000.0	0.0	0.0	1625000.0																	
0001144204-16-087625	Tier1	Audited	Y	N	N	Y	N	N	818588	0	10.0	818588.0	0.0	4027175.0	85000.0	4930763.0									Smith Anderson, et al., Robbins Ross, et al.	5000.0							"""Number of securities offered"" is the aggregate principal amount of LROs being offered under this post-qualification amendment (PQA)."
0001354488-16-006521	Tier2	Audited	Y	N	N	Y	Y	N	10000000	19898015	0.7000000000000001	7000000.0	0.0	0.0	0.0	7000000.0			(1)	0.0			Malone Bailey LLP	28500.0	Schiff Hardin LLP	16378.0							(1) The company may use registered broker-dealers to sell shares in the offering.  As of the date hereof, the Company has not entered into sales agreements with any broker-dealers.
0000906318-16-000093	Tier1	Audited	N	N	N	Y	N	N	1500	0	1000.0	1500000.0	0.0	0.0	0.0	1500000.0							Artesian CPA LLC	4500.0	Dinsmore & Shohl LLP	75000.0			Dinsmore & Shohl LLP	45000.0			
0001644600-16-000108	Tier2	Audited	Y	N	N	Y	Y	N	5000000	383750	10.0	0.0	0.0	0.0	0.0	0.0							CohnReznick LLP	10000.0	KHLK LLP	40000.0							
0001646269-16-000006	Tier2	Audited	N	N	N	Y	N	N	1052632	6315789	47.5	50000000.0	0.0	0.0	0.0	50000000.0	Source Capital Group Inc	3325000.0					Ernst & Young	25000.0	Kendall Almerico - DiMuroGinsberg	50000.0					36719	46600000.0	
0001644600-16-000106	Tier2	Audited	Y	N	N	Y	Y	N	7500000	0	3.0	15000000.0	0.0	0.0	0.0	15000000.0			SI Securities, LLC	1125000.0			Artesian CPA	6000.0	KHLK LLP	35000.0					170937	13834000.0	Sales commissions will only be earned on sales by SI Securities, LLC. Any sales pursuant to preemptive rights of current investors will not result in commissions owed to SI Securities, LLC.
0001144204-16-087294	Tier2	Audited	Y	N	N	Y	N	N	1600000	3739085	6.25	10000000.0	0.0	0.0	0.0	10000000.0	W.R. Hambrecht Co., LLC	500000.0					Vogel CPAs, PC	27000.0	Szaferman, Lakind, Blumstein & Blader, PC	50000.0					45040	9300000.0	
0001650352-16-000015	Tier2	Audited	Y	N	Y	Y	N	Y	200000000	200000000	0.1	19267500.0	732500.0	0.0	0.0	20000000.0							Rick Toussaint	1000.0	Jehu Hand	500.0						1926600.0	
0001650352-16-000014	Tier2	Audited	Y	N	Y	Y	N	Y	200000000	200000000	0.1	19267500.0	732500.0	0.0	0.0	20000000.0							Rick Toussaint	1000.0	Jehu Hand	500.0						1926600.0	
0001213900-16-011475	Tier2	Audited	Y	N	N	Y	Y	N	20000	0	500.0	500.0	0.0	0.0	0.0	500.0	None	0.0	None	0.0	None	0.0	Marcum LLP	37500.0	Ellenoff Grossman & Schole LLP	275000.0	None	0.0	Ellenoff Grossman & Schole LLP	25000.0	0	10000000.0	Estimated net proceeds does not reflect offering expenses because some amount less than $250,000 of such expenses will be paid by the issuer, with remainder to be paid by the issuer's parent pursuant to a Master Services Agreement described in Part II.
0001144204-16-086961	Tier2	Audited	Y	N	N	Y	N	N	1600000	3739085	6.25	10000000.0	0.0	0.0	0.0	10000000.0	W.R. Hambrecht Co., LLC	500000.0					Vogel CPAs, PC	27000.0	Szaferman, Lakind, Blumstein & Blader, PC	50000.0					45040	9300000.0	
0001652577-16-000027	Tier1	Unaudited	N	N	Y	Y	N	N	20000000	23259893	1.0	20000000.0	0.0	0.0	0.0	20000000.0																	
0001493152-16-007883	Tier1	Unaudited	N	N	N	Y	N	N	200	0	5000.0	5000.0	0.0	0.0	0.0	5000.0	N/A	0.0	N/A	0.0	N/A	0.0	N/A	0.0	Legal & Compliance, LLC	15000.0	N/A	0.0	Legal & Compliance, LLC	7500.0	000000000	977500.0	
0001651699-16-000011	Tier2	Audited	Y	N	N	Y	N	N	50000000	125000000	1.0	50000000.0	0.0	0.0	0.0	50000000.0																	
0001144204-16-085843	Tier2	Audited	Y	N	Y	Y	Y	N	100000000	71652498		50000000.0	0.0	0.0	0.0	50000000.0	W.R. Hambrecht & Co., LLC	2500000.0	None	0.0	None	0.0	Marcum LLP	175000.0	Ellenoff Grossman & Schole LLP; Morrison & Foerster LLP	223500.0	None	0.0	Ellenoff Grossman & Schole LLP	0.0	45040		
0001644600-16-000101	Tier2	Audited	Y	N	N	Y	Y	N	20000000	0	1.0	20000000.0	0.0	0.0	0.0	20000000.0			North Capital Private Securities Corporation	1500000.0			Artesian CPA	6000.0	Gunderson Dettmer Stough Villeneuve Franklin & Hachigian, LLP; KHLK LLP	70000.0					154559	18400000.0	
0000906318-16-000091	Tier1	Audited	N	N	N	Y	N	N	1500	0	1000.0	1500000.0	0.0	0.0	0.0	1500000.0							Artesian CPA LLC	4500.0	Dinsmore & Shohl LLP	75000.0			Dinsmore & Shohl LLP	45000.0			
0001214659-16-009969	Tier2	Audited	Y	N	N	Y	N	N	200	5	25000.0	5000000.0	0.0	0.0	0.0	5000000.0	n/a	0.0	n/a	0.0	n/a	0.0	n/a	4000.0	n/a	1000.0	n/a	0.0	n/a	0.0		4970000.0	Estimated net proceeds reflect deduction of $25,000 as estimate of filing, printing and marketing expenses.
0001193125-16-487926	Tier1	Unaudited	N	N	N	Y	N	N	1666666	932728571		0.0	0.0	0.0	0.0	0.0									White and Williams LLP	15000.0							
0001144204-16-085027	Tier1	Audited	Y	N	N	Y	N	N	756000	0	10.0	756000.0	0.0	3203175.0	1336800.0	5295975.0									Smith Anderson, et al., Robbins Ross, et al.	5000.0							"""Number of securities offered"" is the aggregate principal amount of LROs being offered under this post-qualification amendment (PQA). ""The estimated portion of aggregate sales ..."" includes the 3 series of LROs covered by PQA No. 8."
0001354488-16-006398	Tier2	Audited	Y	N	N	Y	Y	N	2150000	1378700	14.0	30100000.0	0.0	0.0	0.0	30100000.0	W.R. Hambrecht Co., LLC	1505000.0	N/A	0.0	N/A	0.0	Keiter, Artesian CPA	65000.0	Kaplan, Voekler, Cunningham and Frank, PLC and Wyrick Robbins Yates & Ponton LLP	225000.0	N/A	0.0	KVCF and State Regulators	75000.0		28230000.0	N/A
0001193125-16-482771	Tier2	Audited	N	N	N	Y	N	N	5000000	1000	10.0	50000000.0	0.0	0.0	0.0	50000000.0	Orchard Securities, LLC, a portion of which may be reallowed, in whole or in part, to the selling group members and wholesalers	1500000.0	Orchard Securities, LLC, which it will reallow to the selling group members	3500000.0			Ernst & Young LLP	75000.0	DLA Piper LLP (US)	250000.0			DLA Piper LLP (US) to file notices, but payments made to various states	20350.0	133378	50000000.0	All organizational and offering costs, managing broker-dealer fees and sellilng commissions will be paid by our sponsor, Cottonwood Capital Property Management II, LLC.
0001644600-16-000099	Tier2	Audited	Y	N	N	Y	Y	N	20000000	0	1.0	20000000.0	0.0	0.0	0.0	20000000.0			North Capital Private Securities Corporation	1500000.0			Artesian CPA	6000.0	Gunderson Dettmer Stough Villeneuve Franklin & Hachigian, LLP; KHLK LLP	70000.0					154559	18400000.0	
0001650352-16-000013	Tier2	Audited	Y	N	Y	Y	N	Y	200000000	200000000	0.1	19267500.0	732500.0	0.0	0.0	20000000.0							Rick Toussaint	1000.0	Jehu Hand	500.0						1926600.0	
0001644600-16-000096	Tier2	Audited	Y	N	N	Y	Y	N	20000000	0	1.0	20000000.0	0.0	0.0	0.0	20000000.0			North Capital Private Securities Corporation	1500000.0			Artesian CPA	6000.0	Gunderson Dettmer Stough Villeneuve Franklin & Hachigian, LLP; KHLK LLP	70000.0					154559	18400000.0	
0001354488-16-006368	Tier1	Audited	N	N	N	N	Y	N	1023110	2698388	11.5	11765765.0	0.0	0.0	0.0	11765765.0							Mauldin & Jenkins, LLP	25000.0	Bryan Cave, LLP	150000.0							The securities will be issued to the shareholders of First Avenue National Bank by the issuer in connection with the merger of First Avenue National Bank with and into a wholly-owned subsidiary of the issuer pursuant to an Agreement and Plan of Merger.
0001650352-16-000012	Tier2	Audited	Y	N	Y	Y	N	Y	200000000	200000000	0.1	19267500.0	732500.0	0.0	0.0	20000000.0							Rick Toussaint	1000.0	Jehu Hand	500.0						1926600.0	
0001657250-16-000031	Tier2	Audited	Y	N	N	Y	N	Y	10200000	12200000	0.03	270000.0	36000.0	0.0	0.0	306000.0																	
0001657250-16-000028	Tier2	Audited	Y	N	N	Y	N	Y	10200000	12200000	3.0	270000.0	36000.0	0.0	0.0	306000.0																	
0001477932-16-008772	Tier2	Audited	Y	N	N	Y	N	N	25000000	0	1.0	25000000.0	0.0	0.0	0.0	25000000.0							Artesian CPA, LLC	2500.0	Trowbridge Taylor Sidoti	35000.0	Cherif Medawar	0.0				25000000.0	
0001354488-16-006336	Tier1	Audited	N	N	N	N	Y	N	1023110	2698388	11.5	11765765.0	0.0	0.0	0.0	11765765.0							Mauldin & Jenkins, LLP	25000.0	Bryan Cave, LLP	150000.0							The securities will be issued to the shareholders of First Avenue National Bank by the issuer in connection with the merger of First Avenue National Bank with and into a wholly-owned subsidiary of the issuer pursuant to an Agreement and Plan of Merger.
0001144204-16-083364	Tier1	Audited	Y	N	N	Y	N	N	371000	0	10.0	371000.0	0.0	3128375.0	1040600.0	4539975.0									Smith Anderson, et al., Robbins Ross, et al.	5000.0							"""Number of securities offered"" is the aggregate principal amount of LROs being offered under this post-qualification amendment (PQA). ""The estimated portion of aggregate sales ..."" includes the 5 series of LROs covered by PQA Nos. 6 and 7."
0001144204-16-083190	Tier1	Audited	Y	N	N	Y	N	N	388000	0	10.0	388000.0	0.0	3128375.0	652600.0	4168975.0									Smith Anderson, et al., Robbins Ross, et al.	5000.0							"""Number of securities offered"" is the aggregate principal amount of LROs being offered under this post-qualification amendment (PQA). ""The estimated portion of aggregate sales ..."" includes the 2 series of LROs covered by PQA No. 6."
0001477932-16-008677	Tier2	Audited	Y	N	N	Y	N	N	50000	0	1000.0	0.0	0.0	0.0	0.0	0.0	JCC Advisors, LLC	1000000.0	JCC Advisors, LLC	2500000.0			Eide Bailly LLP	75000.0	Kaplan Voekler Cunningham & Frank PLC	200000.0	GK Development, Inc.	1000000.0	Kaplan Voekler Cunningham & Frank PLC	75000.0		44150000.0	
0001144204-16-083054	Tier2	Audited	Y	N	N	Y	N	N	3000000	0	10.0	30000000.0	0.0	0.0	0.0	30000000.0	Moloney Securities Co., Inc.	2700000.0	TBD	0.0			Keiter Stephens	65000.0	Kaplan Voekler Cunningham & Frank, PLC and Sands Anderson PC	225000.0			Kaplan Voekler Cunningham & Frank, PLC	75000.0		26935000.0	
0001644600-16-000091	Tier2	Audited	Y	N	N	Y	Y	N	20000000	0	1.0	20000000.0	0.0	0.0	0.0	20000000.0			North Capital Private Securities Corporation	1500000.0			Artesian CPA	6000.0	Gunderson Dettmer Stough Villeneuve Franklin & Hachigian, LLP; KHLK LLP	70000.0					154559	18400000.0	
0001144204-16-081250	Tier1	Audited	Y	N	N	Y	N	N	185000	0	10.0	185000.0	0.0	3128375.0	855600.0	4168975.0									Smith Anderson, et al., Robbins Ross, et al.	5000.0							"""Number of securities offered"" is the aggregate principal amount of LROs being offered under this post-qualification amendment (PQA). ""The estimated portion of aggregate sales ..."" includes the six series of LROs covered by PQA Nos. 4 and 5."
0001571049-16-011678	Tier2	Audited	Y	Y	Y	N	N	N	50000000			50000000.0	0.0	0.0	0.0	50000000.0							Baker Tilly Virchow Krause, LLP	75000.0	Manatt, Phelps & Phillips, LLP	200000.0			INTERNAL OUT-OF-POCKET EXPENSES(1)	50000.0		49500000.0	(1) The Issuer will provide for its own blue sky compliance through in-house counsel.
0001477932-16-008532	Tier2	Audited	Y	N	N	Y	N	N	1500000	7272000	0.15	225000.0	0.0	0.0	0.0	225000.0							The Pun Group LLP- Accountants & Advisors	5000.0	Williams Securities Law Firm, P.A.	32000.0						189000.0	
0001658959-16-000003	Tier2	Audited	Y	N	N	Y	N	N	9800000	61414898	5.0	49000000.0	0.0	589000.0	0.0	49589000.0	TBD	0.0	TBD	0.0			Artesian CPA, LLC	20000.0	Cowden & Humphrey	30000.0						44100000.0	
0001144204-16-079930	Tier2	Audited	Y	Y	N	Y	N	N	5000000	20000	10.0	50000000.0	0.0	0.0	0.0	50000000.0																50000000.0	Not Applicable
0001144204-16-079846	Tier1	Audited	Y	N	N	Y	N	N	283600	0	10.0	283600.0	0.0	3128375.0	663500.0	4075475.0									Smith Anderson, et al., Robbins Ross, et al.	5000.0							"""Number of securities offered"" is the aggregate principal amount of LROs being offered under this post-qualification amendment (PQA). ""The estimated portion of aggregate sales ..."" includes the four series of LROs covered by PQA No. 4."
0001658959-16-000001	Tier2	Audited	Y	N	N	Y	N	N	9800000	61414898	5.0	49000000.0	0.0	589000.0	0.0	49589000.0	TBD	0.0	TBD	0.0			Artesian CPA, LLC	20000.0	Cowden & Humphrey	30000.0						44100000.0	
0001651699-16-000009	Tier2	Audited	Y	N	N	Y	N	N	50000000	125000000	1.0	50000000.0	0.0	0.0	0.0	50000000.0																	
0001571049-16-011531	Tier2	Audited	Y	Y	Y	N	N	N	50000000			50000000.0	0.0	0.0	0.0	50000000.0							Baker Tilly Virchow Krause, LLP	75000.0	Manatt, Phelps & Phillips, LLP	200000.0			INTERNAL OUT-OF-POCKET EXPENSES(1)	50000.0		49500000.0	(1) The Issuer will provide for its own blue sky compliance through in-house counsel.
0001144204-16-079327	Tier2	Audited	Y	N	N	Y	N	N	1600000	3664369	6.25	10000000.0	0.0	0.0	0.0	10000000.0	W.R. Hambrecht Co., LLC	500000.0					Vogel CPAs, PC	27000.0	Szaferman, Lakind, Blumstein & Blader, PC	50000.0					45040	9300000.0	
0001144204-16-079225	Tier1	Audited	Y	N	N	Y	N	N	388000	0	10.0	388000.0	0.0	2974165.0	429710.0	3791875.0									Smith Anderson, et al., Robbins Ross, et al.	5000.0							"""Number of securities offered"" is the aggregate principal amount of LROs being offered under this post-qualification amendment (PQA)."
0001354488-16-006071	Tier2	Audited	Y	N	N	Y	Y	N	10000000	19898015	0.7000000000000001	7000000.0	0.0	0.0	0.0	7000000.0			(1)	0.0			Malone Bailey LLP (2)	0.0	Schiff Hardin LLP (2)	0.0							(1) The company may use registered broker-dealers to sell shares in the offering.  As of the date hereof, the Company has not entered into sales agreements with any broker-dealers.  (2) To be provided by amendment.
0001214659-16-009233	Tier2	Audited	Y	N	N	Y	N	N	200	5	25000.0	5000000.0	0.0	0.0	0.0	5000000.0	n/a	0.0	n/a	0.0	n/a	0.0	n/a	4000.0	n/a	1000.0	n/a	0.0	n/a	0.0		4970000.0	Estimated net proceeds reflect deduction of $25,000 as estimate of filing, printing and marketing expenses.
0001615774-16-004070	Tier2	Audited	Y	N	Y	Y	N	N	1000	0	10000.0	10000000.0	0.0	0.0	0.0	10000000.0	to be added	200000.0	to be added	800000.0	Unaccountable Fees	200000.0	LJ Soldinger and Associates	35000.0	Flangas, Dalacas Law Group	35000.0	NA	0.0	to be added	20000.0	16944	8710000.0	Unaccountabe fees associated with the offering are listed under finders fee. There are no finders fee.
0001644600-16-000087	Tier2	Audited	Y	N	N	Y	Y	N	7500000	0	3.0	15000000.0	0.0	0.0	0.0	15000000.0			SI Securities, LLC	1125000.0			Artesian CPA	6000.0	KHLK LLP	35000.0					170937	13834000.0	Sales commissions will only be earned on sales by SI Securities, LLC. Any sales pursuant to preemptive rights of current investors will not result in commissions owed to SI Securities, LLC.
0001144204-16-077761	Tier1	Audited	Y	N	N	Y	N	N	344710	0	10.0	344710.0	0.0	2732000.0	327165.0	3403875.0									Smith Anderson, et al., Robbins Ross, et al.	5000.0							"""Number of securities offered"" is the aggregate principal amount of LROs being offered under this post-qualification amendment (PQA)."
0001657250-16-000014	Tier2	Audited	Y	N	N	Y	N	Y	10200000	12200000	3.0	270000.0	36000.0	0.0	0.0	306000.0																	
0000906318-16-000084	Tier1	Audited	N	N	N	Y	N	N	1500	0	1000.0	1500000.0	0.0	0.0	0.0	1500000.0							Artesian CPA LLC	4500.0	Dinsmore & Shohl LLP	75000.0			Dinsmore & Shohl LLP	45000.0			
0001657250-16-000012	Tier2	Audited	Y	N	N	Y	N	Y	62500000	64500000	2.0	1250000.0	375000.0	0.0	0.0	1625000.0																	
0001477932-16-008303	Tier2	Audited	Y	N	N	Y	N	N	25000000	0	1.0	25000000.0	0.0	0.0	0.0	25000000.0							Artesian CPA, LLC	2500.0	Trowbridge Taylor Sidoti	35000.0	Cherif Medawar	0.0				25000000.0	
0001161697-16-000643	Tier2	Audited	Y	N	N	Y	N	N	4000000	1000000	5.0	20000000.0	0.0	0.0	0.0	20000000.0	N/A	0.0	N/A	0.0	N/A	0.0	Malone Bailey, LLP	4000.0	Everett & Everett PLLC and Alston & Bird LLP (tax)	235000.0	N/A	0.0	N/A	0.0			
0001376474-16-000542	Tier2	Audited	Y	N	N	Y	N	N	6000000	32653224	0.08	480000.0	0.0	0.0	0.0	480000.0		0.0		0.0		0.0		0.0		0.0		0.0		0.0		480000.0	
0001665080-16-000001	Tier1	Unaudited	N	N	N	Y	N	N	2000000	0	10.0	10.0	0.0	0.0	0.0	10.0									Doc Prep / Filing / Review / Opinion	52000.0			NY / IL	1600.0		19946400.0	
0001213900-16-010386	Tier2	Audited	N	N	N	Y	N	Y	802065	1447743	12.47	8137635.19	1864115.31	0.0	0.0	10001750.5							Deloitte & Touche Tohmatsu Limited	40000.0	JSBarkats PLLC	60000.0						7637635.0	Ancillary fees, such as legal, auditor's and marketing fees associated with the offering may be approximately $500,000.00. In addition 149,488 shares out of the 802,065 are resale shares for an existing shareholder for an aggregate of $1,864,115.
0001477932-16-008275	Tier2	Audited	Y	N	N	Y	N	N	25000000	92394850	0.6	15000000.0	0.0	0.0	0.0	15000000.0	None	0.0	None	0.0	None	0.0	MJF & Associates APC	15000.0	Richardson & Associates	35000.0	Employees, StartEngine.com	745000.0	Richardson & Associates	5000.0		13000000.0	The estimated net also reflects anticipated charges by StartEngine.com, the portal, and FundAmerica, our FINRA administrative agent for the offering.
0001019687-16-004918	Tier1	Unaudited	Y	Y	N	Y	N	N	60000000	0	1.0	10000.2	0.0	0.0	0.0	10000.2	N/A	0.0	N/A	0.0	N/A	0.0	N/A	0.0	N/A	0.0	N/A	0.0	N/A	0.0		0.0	Please see explanatory statements immediately following this form.
0001354488-16-005965	Tier2	Audited	Y	N	N	Y	Y	N	10000000	19898015	0.7000000000000001	7000000.0	0.0	0.0	0.0	7000000.0			(1)	0.0			Malone Bailey LLP (2)	0.0	Schiff Hardin LLP (2)	0.0							(1) The company may use registered broker-dealers to sell shares in the offering.  As of the date hereof, the Company has not entered into sales agreements with any broker-dealers.  (2) To be provided by amendment.
0001065949-16-000331	Tier2	Audited	Y	N	N	Y	N	N	4000000	10000000	5.0	20000000.0	0.0	0.0	0.0	20000000.0	None	0.0	None	0.0	None	0.0	dbmckennon	20000.0	Richardson & Associates	45000.0	FundAmerica Securities, Inc.	1001050.0	Richardson & Associates	10000.0		17900000.0	$1,001,050* - includes estimated service and escrow fees expected to be charged by third parties. $17,900,000* - Offering costs include reserve for addition syndication costs which may be incurred.
0001652577-16-000021	Tier1	Unaudited	N	N	Y	Y	N	N	20000000	23259893	1.0	20000000.0	0.0	0.0	0.0	20000000.0																	
0001376474-16-000534	Tier2	Audited	Y	N	N	Y	N	N	6000000	32653224	0.08	480000.0	0.0	0.0	0.0	480000.0		0.0		0.0		0.0		0.0		0.0		0.0		0.0		480000.0	
0001354488-16-005963	Tier1	Audited	N	N	N	N	Y	N	885447	2698388	11.9	10536819.0	0.0	0.0	0.0	10536819.0							Mauldin & Jenkins, LLP	25000.0	Bryan Cave, LLP	150000.0							The securities will be issued to the shareholders of First Avenue National Bank by the issuer in connection with the merger of First Avenue National Bank with and into a wholly-owned subsidiary of the issuer pursuant to an Agreement and Plan of Merger.
0001652577-16-000020	Tier1	Unaudited	N	N	Y	Y	N	N	20000000	23259893	1.0	20000000.0	0.0	0.0	0.0	20000000.0																	
0000939798-16-000101	Tier1	Unaudited	Y	N	N	Y	N	N	2434929600	2515070400	0.01	243493.0	0.0	0.0	0.0	243493.0									Gary R. Henrie	15000.0							This amendment extends the offering period of a prior Reg A offering.  The amount offered pursuant to this amendment is the remainder amount of the original offering.
0001651699-16-000006	Tier2	Audited	Y	N	N	Y	N	N	50000000	125000000	1.0	50000000.0	0.0	0.0	0.0	50000000.0																	
0001650352-16-000011	Tier2	Audited	Y	N	Y	Y	N	Y	200000000	200000000	0.1	19267500.0	532500.0	200000.0	0.0	20000000.0							Rick Toussaint	1000.0	Jehu Hand	500.0						1926600.0	
0001213900-16-010324	Tier2	Audited	Y	N	N	Y	N	N	1428572	2001378	14.0	20000000.0	0.0	0.0	0.0	20000000.0							RSM US LLP	65000.0	Maslon LLP	125000.0			N/A	0.0		19800000.0	The foregoing assumes the maximum amount of Class A Common Units sold in the Offering at $14.00 per Unit  The Partnership reserves the right to pay fees to online platform providers, placement agent and finders as set forth in the Offering Circular.
0001644600-16-000085	Tier2	Audited	Y	N	N	Y	Y	N	20000000	35869565	1.0	20000000.0	0.0	0.0	0.0	20000000.0							EKS&H LLLP	7500.0	KHLK LLP	30000.0							
0001354488-16-005945	Tier2	Audited	Y	N	N	Y	Y	N	2150000	1378700	14.0	30100000.0	0.0	0.0	0.0	30100000.0	W.R. Hambrecht Co., LLC	1505000.0	N/A	0.0	N/A	0.0	Keiter, Artesian CPA	65000.0	Kaplan, Voekler, Cunningham and Frank, PLC and Wyrick Robbins Yates & Ponton LLP	225000.0	N/A	0.0	KVCF and State Regulators	75000.0		28230000.0	N/A
0001644600-16-000083	Tier2	Audited	Y	N	N	Y	Y	N	20000000	35869565	1.0	20000000.0	0.0	0.0	0.0	20000000.0							EKS&H LLLP	7500.0	KHLK LLP	30000.0							
0001644600-16-000081	Tier2	Audited	Y	N	N	Y	Y	N	20000000	35869565	1.0	20000000.0	0.0	0.0	0.0	20000000.0							EKS&H LLLP	7500.0	KHLK LLP	30000.0							
0001213900-16-010256	Tier2	Audited	Y	N	N	Y	N	N	1428572	2001378	14.0	20000000.0	0.0	0.0	0.0	20000000.0							RSM US LLP	65000.0	Maslon LLP	125000.0			N/A	0.0		19800000.0	The foregoing assumes the maximum amount of Class A Common Units sold in the Offering at $14.00 per Unit  The Partnership reserves the right to pay fees to online platform providers, placement agent and finders as set forth in the Offering Circular.
0001644600-16-000078	Tier2	Audited	Y	N	N	Y	Y	N	20000000	35869565	1.0	20000000.0	0.0	0.0	0.0	20000000.0							EKS&H LLLP	7500.0	KHLK LLP	30000.0							
0001644600-16-000076	Tier2	Audited	Y	N	N	Y	Y	N	7500000	0	3.0	15000000.0	0.0	0.0	0.0	15000000.0			SI Securities, LLC	1125000.0			Artesian CPA	6000.0	KHLK LLP	35000.0					170937	13834000.0	Sales commissions will only be earned on sales by SI Securities, LLC. Any sales pursuant to preemptive rights of current investors will not result in commissions owed to SI Securities, LLC.
0001144204-16-076029	Tier1	Audited	Y	N	N	Y	N	N	327165	0	10.0	327165.0	0.0	2387500.0	659500.0	3374165.0									Smith Anderson, et al., Robbins Ross, et al.	5000.0							"""Number of securities offered"" is the aggregate principal amount of LROs being offered under this post-qualification amendment (PQA). ""The estimated portion of aggregate sales ..."" includes the 9 series of LROs covered by PQA No. 1."
0001644600-16-000074	Tier2	Audited	Y	N	N	Y	Y	N	7500000	0	3.0	15000000.0	0.0	0.0	0.0	15000000.0			SI Securities, LLC	1125000.0			Artesian CPA	6000.0	KHLK LLP	35000.0					170937	13834000.0	Sales commissions will only be earned on sales by SI Securities, LLC. Any sales pursuant to preemptive rights of current investors will not result in commissions owed to SI Securities, LLC.
0001644600-16-000072	Tier2	Audited	Y	N	N	Y	Y	N	7500000	0	3.0	15000000.0	0.0	0.0	0.0	15000000.0			SI Securities, LLC	1125000.0			Artesian CPA	6000.0	KHLK LLP	35000.0					170937	13834000.0	Sales commissions will only be earned on sales by SI Securities, LLC. Any sales pursuant to preemptive rights of current investors will not result in commissions owed to SI Securities, LLC.
0001144204-16-076011	Tier2	Audited	N	N	N	Y	Y	N	3100000	4196192	8.0	24800000.0	0.0	0.0	0.0	24800000.0	WR Hambrecht & Co LLC	1364000.0					Marcum LLP	120000.0	Morgan Lewis & Bockius LLP	500000.0					45040		
0001644600-16-000068	Tier2	Audited	Y	N	N	Y	Y	N	20000000	0	1.0	20000000.0	0.0	0.0	0.0	20000000.0			North Capital Private Securities Corporation	1500000.0			Artesian CPA	6000.0	Gunderson Dettmer Stough Villeneuve Franklin & Hachigian, LLP; KHLK LLP	70000.0					154559	18400000.0	
0001376474-16-000522	Tier2	Audited	Y	N	N	Y	N	N	6000000	32653224	0.08	480000.0	0.0	0.0	0.0	480000.0		0.0		0.0		0.0		0.0		0.0		0.0		0.0		480000.0	
0001644600-16-000066	Tier2	Audited	Y	N	N	Y	Y	N	20000000	35869565	1.0	20000000.0	0.0	0.0	0.0	20000000.0							EKS&H LLLP	7500.0	KHLK LLP	30000.0							
0001571049-16-010720	Tier2	Audited	Y	Y	Y	N	N	N	50000000			50000000.0	0.0	0.0	0.0	50000000.0							Baker Tilly Virchow Krause, LLP	75000.0	Manatt, Phelps & Phillips, LLP	200000.0			INTERNAL OUT-OF-POCKET EXPENSES(1)	50000.0		49500000.0	(1) The Issuer will provide for its own blue sky compliance through in-house counsel.
0001354488-16-005903	Tier2	Audited	Y	N	N	Y	Y	N	10000000	19898015	0.7000000000000001	7000000.0	0.0	0.0	0.0	7000000.0			(1)	0.0			Malone Bailey LLP (2)	0.0	Schiff Hardin LLP (2)	0.0							(1) The company may use registered broker-dealers to sell shares in the offering.  As of the date hereof, the Company has not entered into sales agreements with any broker-dealers.  (2) To be provided by amendment.
0001615774-16-003831	Tier1	Unaudited	Y	Y	N	Y	N	N	100000000	0	300000.0	0.0	0.0	0.0	0.0	0.0									Geraci Law Firm	30000.0			Geraci Law Firm	20000.0			
0001660947-16-000001	Tier1	Unaudited	N	N	N	Y	N	N	200000	0	100.0	100.0	0.0	0.0	0.0	100.0			TBD FINRA Broker Dealer	1000000.0					Doc Prep / Filing / Review / Opinion	52500.0			Florida	1000.0		18946500.0	
0001144204-16-074611	Tier1	Audited	Y	N	N	Y	N	N	659500	0	10.0	659500.0	0.0	1953000.0	434500.0	3047000.0									Smith Anderson, et al. Robbins Ross, et al.	10000.0							"""Number of securities offered"" is the aggregate principal amount of LROs being offered under this post-qualification amendment.  ""The estimated portion of aggregate sales . . ."" gives effect to the withdrawal of the 4 series of LROs described in Part II."
0001615774-16-003801	Tier1	Unaudited	Y	Y	N	Y	N	N	100000000	0	300000.0	0.0	0.0	0.0	0.0	0.0									Geraci Law Firm	30000.0			Geraci Law Firm	20000.0			
0001144204-16-074004	Tier2	Audited	Y	Y	N	Y	N	N	5000000	100	10.0	50000000.0	0.0	0.0	0.0	50000000.0							RSM US LLP (formerly McGladrey LLP)	15000.0	Goodwin Procter LLP	275000.0	Rise Companies Corp	0.0				49500000.0	
0001644600-16-000063	Tier2	Audited	Y	N	N	Y	Y	N	7500000	0	3.0	15000000.0	0.0	0.0	0.0	15000000.0			SI Securities, LLC	1125000.0			Artesian CPA	6000.0	KHLK LLP	35000.0					170937	13834000.0	Sales commissions will only be earned on sales by SI Securities, LLC. Any sales pursuant to preemptive rights of current investors will not result in commissions owed to SI Securities, LLC.
0001657737-16-000006	Tier1	Unaudited	N	N	N	Y	N	N	200000	0	100.0	100.0	0.0	0.0	0.0	100.0			TBD FINRA Broker Dealer	2000000.0					Approx Offering Costs	50000.0			New York	1200.0		17948800.0	
0001644600-16-000060	Tier2	Audited	Y	N	N	Y	Y	N	7500000	0	3.0	15000000.0	0.0	0.0	0.0	15000000.0			SI Securities, LLC	1125000.0			Artesian CPA	6000.0	KHLK LLP	35000.0					170937	13834000.0	Sales commissions will only be earned on sales by SI Securities, LLC. Any sales pursuant to preemptive rights of current investors will not result in commissions owed to SI Securities, LLC.
0001651699-16-000004	Tier2	Audited	Y	N	N	Y	N	N	50000000	125000000	1.0	50000000.0	0.0	0.0	0.0	50000000.0																	
