ACCESSION_NUMBER	SECURITY_ID	SECURITIESISSUERNAME	SECURITIESISSUERTITLE	SECURITIESISSUEDTOTALAMOUNT	SECURITIESPRINCIPALHOLDERAMT	SECURITIESISSUEDAGGREGATEAMT	AGGREGATECONSIDERATIONBASIS
0001144204-16-091524	2	Groundfloor Finance Inc.	LROs	4280845	0	LROs were issued for aggregate principal amount of $4,280,845.  LROs in the amount of $505,000 were issued and sold pursuant to Offering Circular File No. 024-10440, LROs in the amount of $1,303,000 were issued and sold pursuant to Offering Circular File No. 024-10488 and LROs in the amount of $2,446,845 were issued and sold pursuant to Offering Circular File No. 024-10496 (as may be amended and supplemented from time to time).	
0001144204-16-091524	3	Groundfloor Finance Inc.	LROs	4280845	0	LROs were issued for aggregate principal amount of $4,280,845.  LROs in the amount of $505,000 were issued and sold pursuant to Offering Circular File No. 024-10440, LROs in the amount of $1,303,000 were issued and sold pursuant to Offering Circular File No. 024-10488 and LROs in the amount of $2,446,845 were issued and sold pursuant to Offering Circular File No. 024-10496 (as may be amended and supplemented from time to time).	
0001144204-16-091524	4	Groundfloor Finance Inc.	LROs	4280845	0	LROs were issued for aggregate principal amount of $4,280,845.  LROs in the amount of $505,000 were issued and sold pursuant to Offering Circular File No. 024-10440, LROs in the amount of $1,303,000 were issued and sold pursuant to Offering Circular File No. 024-10488 and LROs in the amount of $2,446,845 were issued and sold pursuant to Offering Circular File No. 024-10496 (as may be amended and supplemented from time to time).	
0001144204-16-091524	1	Groundfloor Finance Inc.	LROs	4280845	0	LROs were issued for aggregate principal amount of $4,280,845.  LROs in the amount of $505,000 were issued and sold pursuant to Offering Circular File No. 024-10440, LROs in the amount of $1,303,000 were issued and sold pursuant to Offering Circular File No. 024-10488 and LROs in the amount of $2,446,845 were issued and sold pursuant to Offering Circular File No. 024-10496 (as may be amended and supplemented from time to time).	
0001019687-16-005608	1	Sprinter Football Club, Inc.	Class A Common Stock	100000000	0	$5,000.00 - paid for by the Founder (2,000.00 in cash and $3,000.00 paid directly to Sturzman & Klotz for legal services).	
0001644600-16-000118	1	ThrillCorp, Inc.	Class A Common Stock; Class B Common Stock	10383750	0	500000 for Class B Common Stock; contract rights for Class A Common Stock	
0001144204-16-090454	1	8tracks, Inc.	Series Seed 2 Preferred Shares	146196	0	A total of $316,876. was raised, at a price per share of $2.1824	
0001615774-16-004612	1	CONQUEST FUNDING, INC. , a Pennsylvania Corporation	NOTES PAYABLE	1350000	0	$1,350,000; Book Value of Note	
0000906318-16-000102	1	Fair-Haired Dumbbell LLC	Class A Membership Units	1500	0	The Manager contributed $6,000 in capital in exchange for the Class A Membership Units it received. The consideration paid by the Manager for all of the outstanding Class A Membership Units was based on an estimate of initial capital needed to form the Company and begin the registration process.	
0001477932-16-009158	1	Innovative Climatic Technologies Corporation	Common Stock	7272000	0	5,000,000 shares for license agreement; 1,072,000 founder shares at $.001 par value upon formation 1,200,000 for $.10 per share pre incorporation	
0001144204-16-089831	1	Demin.LA, Inc.	Promissory Notes	361079	0	$361,079 at par	
0001144204-16-089831	2	Demin.LA, Inc.	Promissory Notes	361079	0	$361,079 at par	
0001019687-16-005539	1	Sprinter Football Club, Inc.	Class A Common Stock	100000000	0	$5,000.00 - paid for by the Founder (2,000.00 in cash and $3,000.00 paid directly to Sturzman & Klotz for legal services).	
0001650352-16-000016	1	Media Assets Group, Inc.	Common Stock	500000	2000000	$10000	Equity Purchase Agreement
0001144204-16-089204	3	Groundfloor Finance Inc.	LROs	3988675	0	LROs were issued for aggregate principal amount of $3,988,675.  LROs in the amount of $505,000 were issued and sold pursuant to Offering Circular File No. 024-10440, LROs in the amount of $1,303,000 were issued and sold pursuant to Offering Circular File No. 024-10488 and LROs in the amount of $2,154,675 were issued and sold pursuant to Offering Circular File No. 024-10496 (as may be amended and supplemented from time to time).	
0001144204-16-089204	2	Groundfloor Finance Inc.	LROs	3988675	0	LROs were issued for aggregate principal amount of $3,988,675.  LROs in the amount of $505,000 were issued and sold pursuant to Offering Circular File No. 024-10440, LROs in the amount of $1,303,000 were issued and sold pursuant to Offering Circular File No. 024-10488 and LROs in the amount of $2,154,675 were issued and sold pursuant to Offering Circular File No. 024-10496 (as may be amended and supplemented from time to time).	
0001144204-16-089204	1	Groundfloor Finance Inc.	LROs	3988675	0	LROs were issued for aggregate principal amount of $3,988,675.  LROs in the amount of $505,000 were issued and sold pursuant to Offering Circular File No. 024-10440, LROs in the amount of $1,303,000 were issued and sold pursuant to Offering Circular File No. 024-10488 and LROs in the amount of $2,154,675 were issued and sold pursuant to Offering Circular File No. 024-10496 (as may be amended and supplemented from time to time).	
0001144204-16-089204	4	Groundfloor Finance Inc.	LROs	3988675	0	LROs were issued for aggregate principal amount of $3,988,675.  LROs in the amount of $505,000 were issued and sold pursuant to Offering Circular File No. 024-10440, LROs in the amount of $1,303,000 were issued and sold pursuant to Offering Circular File No. 024-10488 and LROs in the amount of $2,154,675 were issued and sold pursuant to Offering Circular File No. 024-10496 (as may be amended and supplemented from time to time).	
0001354488-16-006630	1	Stack-It Storage, Inc.	Common Stock	14716667	0	$232,500 (Shares issued for cash at prices of between $0.012 and $0.025)	
0001144204-16-088744	1	Groundfloor Finance Inc.	LROs	3988675	0	LROs were issued for aggregate principal amount of $4,027,175.  LROs in the amount of $505,000 were issued and sold pursuant to Offering Circular File No. 024-10440, LROs in the amount of $1,303,000 were issued and sold pursuant to Offering Circular File No. 024-10488 and LROs in the amount of $2,154,675 were issued and sold pursuant to Offering Circular File No. 024-10496 (as may be amended and supplemented from time to time).	
0001144204-16-088744	2	Groundfloor Finance Inc.	LROs	3988675	0	LROs were issued for aggregate principal amount of $4,027,175.  LROs in the amount of $505,000 were issued and sold pursuant to Offering Circular File No. 024-10440, LROs in the amount of $1,303,000 were issued and sold pursuant to Offering Circular File No. 024-10488 and LROs in the amount of $2,154,675 were issued and sold pursuant to Offering Circular File No. 024-10496 (as may be amended and supplemented from time to time).	
0001144204-16-088744	3	Groundfloor Finance Inc.	LROs	3988675	0	LROs were issued for aggregate principal amount of $4,027,175.  LROs in the amount of $505,000 were issued and sold pursuant to Offering Circular File No. 024-10440, LROs in the amount of $1,303,000 were issued and sold pursuant to Offering Circular File No. 024-10488 and LROs in the amount of $2,154,675 were issued and sold pursuant to Offering Circular File No. 024-10496 (as may be amended and supplemented from time to time).	
0001144204-16-088744	4	Groundfloor Finance Inc.	LROs	3988675	0	LROs were issued for aggregate principal amount of $4,027,175.  LROs in the amount of $505,000 were issued and sold pursuant to Offering Circular File No. 024-10440, LROs in the amount of $1,303,000 were issued and sold pursuant to Offering Circular File No. 024-10488 and LROs in the amount of $2,154,675 were issued and sold pursuant to Offering Circular File No. 024-10496 (as may be amended and supplemented from time to time).	
0001144204-16-088479	1	DELHI BANK CORP	Common Stock	26707	0	$551,172. Based on market price preceding the investment date.	
0001652577-16-000028	1	360 Sports, Inc.	Common A	23259893	0	360 Sports, Inc. issued shares based on sweat equity and consulting services.	
0001652577-16-000028	2	360 Sports, Inc.	Common A	23259893	0	360 Sports, Inc. issued shares based on sweat equity and consulting services.	
0001144204-16-088255	1	LYONS BANCORP INC	Common stock	7140	0	$179,607	
0001477932-16-009061	1	Innovative Climatic Technologies Corporation	Common Stock	7272000	0	5,000,000 shares for license agreement; 1,072,000 founder shares at $.001 par value upon formation 1,200,000 for $.10 per share pre incorporation	
0001213900-16-011589	1	POMM Inc.	Common stock	1447743	0	1 to 1 share swap agreement with its subsidiary.	
0001019687-16-005448	1	Sprinter Football Club, Inc.	Class A Common Stock	100000000	0	$5,000.00 - paid for by the Founder (2,000.00 in cash and $3,000.00 paid directly to Sturzman & Klotz for legal services).	
0001644600-16-000111	1	ThrillCorp, Inc.	Class A Common Stock; Class B Common Stock	10383750	0	500000 for Class B Common Stock; contract rights for Class A Common Stock	
0001657250-16-000041	1	Weed Real Estate, Inc.	common stock	62500000	62500000	.0001 par value	0
0001144204-16-087625	4	Groundfloor Finance Inc.	LROs	4027175	0	LROs were issued for aggregate principal amount of $4,027,175.  LROs in the amount of $505,000 were issued and sold pursuant to Offering Circular File No. 024-10440, LROs in the amount of $1,303,000 were issued and sold pursuant to Offering Circular File No. 024-10488 and LROs in the amount of $2,219,175 were issued and sold pursuant to Offering Circular File No. 024-10496 (as may be amended and supplemented from time to time).	
0001144204-16-087625	3	Groundfloor Finance Inc.	LROs	4027175	0	LROs were issued for aggregate principal amount of $4,027,175.  LROs in the amount of $505,000 were issued and sold pursuant to Offering Circular File No. 024-10440, LROs in the amount of $1,303,000 were issued and sold pursuant to Offering Circular File No. 024-10488 and LROs in the amount of $2,219,175 were issued and sold pursuant to Offering Circular File No. 024-10496 (as may be amended and supplemented from time to time).	
0001144204-16-087625	2	Groundfloor Finance Inc.	LROs	4027175	0	LROs were issued for aggregate principal amount of $4,027,175.  LROs in the amount of $505,000 were issued and sold pursuant to Offering Circular File No. 024-10440, LROs in the amount of $1,303,000 were issued and sold pursuant to Offering Circular File No. 024-10488 and LROs in the amount of $2,219,175 were issued and sold pursuant to Offering Circular File No. 024-10496 (as may be amended and supplemented from time to time).	
0001144204-16-087625	1	Groundfloor Finance Inc.	LROs	4027175	0	LROs were issued for aggregate principal amount of $4,027,175.  LROs in the amount of $505,000 were issued and sold pursuant to Offering Circular File No. 024-10440, LROs in the amount of $1,303,000 were issued and sold pursuant to Offering Circular File No. 024-10488 and LROs in the amount of $2,219,175 were issued and sold pursuant to Offering Circular File No. 024-10496 (as may be amended and supplemented from time to time).	
0001354488-16-006521	1	Stack-It Storage, Inc.	Common Stock	14716667	0	$232,500 (Shares issued for cash at prices of between $0.012 and $0.025)	
0000906318-16-000093	1	Fair-Haired Dumbbell LLC	Class A Membership Units	1500	0	The Manager contributed $6,000 in capital in exchange for the Class A Membership Units it received. The consideration paid by the Manager for all of the outstanding Class A Membership Units was based on an estimate of initial capital needed to form the Company and begin the registration process.	
0001644600-16-000106	1	Virtuix Holdings Inc.	Convertible Promissory Note	879701	0	$879,701 at par	
0001644600-16-000106	2	Virtuix Holdings Inc.	Convertible Promissory Note	879701	0	$879,701 at par	
0001644600-16-000108	1	ThrillCorp, Inc.	Class A Common Stock; Class B Common Stock	10383750	0	500000 for Class B Common Stock; contract rights for Class A Common Stock	
0001144204-16-087294	4	BeautyKind, LLC	Series A-2 Convertible Preferred Membership Units	1071429	0	$6,000,000 at $5.60 for each unit.	No consideration was paid. These options were compensation for services rendered to past companies in which the director/officer was involved.
0001144204-16-087294	1	BeautyKind, LLC	Series A-2 Convertible Preferred Membership Units	1071429	0	$6,000,000 at $5.60 for each unit.	No consideration was paid. These options were compensation for services rendered to past companies in which the director/officer was involved.
0001144204-16-087294	3	BeautyKind, LLC	Series A-2 Convertible Preferred Membership Units	1071429	0	$6,000,000 at $5.60 for each unit.	No consideration was paid. These options were compensation for services rendered to past companies in which the director/officer was involved.
0001144204-16-087294	2	BeautyKind, LLC	Series A-2 Convertible Preferred Membership Units	1071429	0	$6,000,000 at $5.60 for each unit.	No consideration was paid. These options were compensation for services rendered to past companies in which the director/officer was involved.
0001650352-16-000015	1	Media Assets Group, Inc.	Common Stock	500000	2000000	$10000	Equity Purchase Agreement
0001650352-16-000014	1	Media Assets Group, Inc.	Common Stock	500000	2000000	$10000	Equity Purchase Agreement
0001213900-16-011475	1	Fig Publishing, Inc.	Common Stock	1000000	0	$242,161. The issuer's parent, Loose Tooth Industries, Inc., formed the issuer, has taken its ownership interest in the issuer in the form of 1,000,000 shares of common stock, and as of September 30, 2015 had made a net transfer to the issuer in the foregoing amount, as described in the issuer's financial statements.	
0001144204-16-086961	4	BeautyKind, LLC	Series A-2 Convertible Preferred Membership Units	1071429	0	$6,000,000 at $5.60 for each unit.	No consideration was paid. These options were compensation for services rendered to past companies in which the director/officer was involved.
0001144204-16-086961	2	BeautyKind, LLC	Series A-2 Convertible Preferred Membership Units	1071429	0	$6,000,000 at $5.60 for each unit.	No consideration was paid. These options were compensation for services rendered to past companies in which the director/officer was involved.
0001144204-16-086961	1	BeautyKind, LLC	Series A-2 Convertible Preferred Membership Units	1071429	0	$6,000,000 at $5.60 for each unit.	No consideration was paid. These options were compensation for services rendered to past companies in which the director/officer was involved.
0001144204-16-086961	3	BeautyKind, LLC	Series A-2 Convertible Preferred Membership Units	1071429	0	$6,000,000 at $5.60 for each unit.	No consideration was paid. These options were compensation for services rendered to past companies in which the director/officer was involved.
0001652577-16-000027	1	360 Sports, Inc.	Common A	23259893	0	360 Sports, Inc. issued shares based on sweat equity and consulting services.	
0001652577-16-000027	2	360 Sports, Inc.	Common A	23259893	0	360 Sports, Inc. issued shares based on sweat equity and consulting services.	
0001493152-16-007883	1	Sam Lee Laundry LLC	Units of Series A limited liability company interests	28	0	$830,000	
0001144204-16-085843	4	NewsBeat Social, Inc.	Warrants to purchase Common Stock	1375000	0	None	
0001144204-16-085843	3	NewsBeat Social, Inc.	Warrants to purchase Common Stock	1375000	0	None	
0001144204-16-085843	1	NewsBeat Social, Inc.	Warrants to purchase Common Stock	1375000	0	None	
0001144204-16-085843	2	NewsBeat Social, Inc.	Warrants to purchase Common Stock	1375000	0	None	
0001644600-16-000101	1	WayBetter, Inc.	Series A-1 Preferred Shares	581838	0	A total of $433,411 was raised, at a price per share of $0.7449	
0000906318-16-000091	1	Fair-Haired Dumbbell LLC	Class A Membership Units	1500	0	The Manager contributed $6,000 in capital in exchange for the Class A Membership Units it received. The consideration paid by the Manager for all of the outstanding Class A Membership Units was based on an estimate of initial capital needed to form the Company and begin the registration process.	
0001214659-16-009969	1	Luna Azul Development Fund, LLC	8 Percent Preferred Profit Participating Class A Units	5	0	$125,000	
0001144204-16-085027	4	Groundfloor Finance Inc.	LROs	3203175	0	LROs were issued for aggregate principal amount of $3,203,175.  LROs in the amount of $505,000 were issued and sold pursuant to Offering Circular File No. 024-10440, LROs in the amount of $1,303,000 were issued and sold pursuant to Offering Circular File No. 024-10488 and LROs in the amount of $1,395,175 were issued and sold pursuant to Offering Circular File No. 024-10496 (as may be amended and supplemented from time to time).	
0001144204-16-085027	3	Groundfloor Finance Inc.	LROs	3203175	0	LROs were issued for aggregate principal amount of $3,203,175.  LROs in the amount of $505,000 were issued and sold pursuant to Offering Circular File No. 024-10440, LROs in the amount of $1,303,000 were issued and sold pursuant to Offering Circular File No. 024-10488 and LROs in the amount of $1,395,175 were issued and sold pursuant to Offering Circular File No. 024-10496 (as may be amended and supplemented from time to time).	
0001144204-16-085027	2	Groundfloor Finance Inc.	LROs	3203175	0	LROs were issued for aggregate principal amount of $3,203,175.  LROs in the amount of $505,000 were issued and sold pursuant to Offering Circular File No. 024-10440, LROs in the amount of $1,303,000 were issued and sold pursuant to Offering Circular File No. 024-10488 and LROs in the amount of $1,395,175 were issued and sold pursuant to Offering Circular File No. 024-10496 (as may be amended and supplemented from time to time).	
0001144204-16-085027	1	Groundfloor Finance Inc.	LROs	3203175	0	LROs were issued for aggregate principal amount of $3,203,175.  LROs in the amount of $505,000 were issued and sold pursuant to Offering Circular File No. 024-10440, LROs in the amount of $1,303,000 were issued and sold pursuant to Offering Circular File No. 024-10488 and LROs in the amount of $1,395,175 were issued and sold pursuant to Offering Circular File No. 024-10496 (as may be amended and supplemented from time to time).	
0001354488-16-006398	1	Allegiancy, LLC (to be converted into Allegiancy, Inc.)	Class B Units (to be converted into common stock of Allegiancy, Inc.)	128600	0	"The Class B Units issued to TriStone Realty Management, LLC (""TriStone"") were issued in connection with a negotiated joint venture transaction in which TriStone contributed its assets to Allegiancy Houston, LLC, a subsidiary of the issuer in which the issuer owns a 70% economic interest, in consideration, in part, for the issuance of the 128,600 Class B Units to TriStone.  The issuer and TriStone valued the aggregate Class B Units issued to TriStone at $1,284,881.50, or approximately $9.91 per Class B Unit. The Class B Units received by Tristone will be converted into common stock of Allegiancy, Inc. upon the conversion of Allegiancy, LLC into Allegiancy, Inc."	
0001193125-16-482771	1	Cottonwood Multifamily REIT I, Inc.	Common stock	1000	1000	$10,000 paid in cash	$10,000 paid in cash
0001644600-16-000099	1	WayBetter, Inc.	Series A-1 Preferred Shares	581838	0	A total of $433,411 was raised, at a price per share of $0.7449	
0001650352-16-000013	1	Media Assets Group, Inc.	Common Stock	500000	2000000	$10000	Equity Purchase Agreement
0001644600-16-000096	1	WayBetter, Inc.	Series A-1 Preferred Shares	581838	0	A total of $433,411 was raised, at a price per share of $0.7449	
0001354488-16-006368	1	Coastal Banking Company, Inc.	Common Stock	39601	3000	$377,984 - Cash received by CBCO upon issuance of shares	28530
0001650352-16-000012	1	Media Assets Group, Inc.	Common Stock	500000	2000000	$10000	Equity Purchase Agreement
0001657250-16-000031	1	Hemp Naturals, Inc.	Common Stock	12200000	12000000	.0001 par value	0
0001657250-16-000028	1	Hemp Naturals, Inc.	Common Stock	12200000	12000000	.0001 par value	0
0001477932-16-008772	1	United Group Fund, Inc.	Preferred Stock	2250000	0	$22,500 at $0.01 per share	
0001354488-16-006336	1	Coastal Banking Company, Inc.	Common Stock	39601	3000	$377,984 - Cash received by CBCO upon issuance of shares	28530
0001144204-16-083364	4	Groundfloor Finance Inc.	LROs	3128375	0	LROs were issued for aggregate principal amount of $3,128,375.  LROs in the amount of $505,000 were issued and sold pursuant to Offering Circular File No. 024-10440, LROs in the amount of $1,303,000 were issued and sold pursuant to Offering Circular File No. 024-10488 and LROs in the amount of $1,320,375 were issued and sold pursuant to Offering Circular File No. 024-10496 (as may be amended and supplemented from time to time).	
0001144204-16-083364	2	Groundfloor Finance Inc.	LROs	3128375	0	LROs were issued for aggregate principal amount of $3,128,375.  LROs in the amount of $505,000 were issued and sold pursuant to Offering Circular File No. 024-10440, LROs in the amount of $1,303,000 were issued and sold pursuant to Offering Circular File No. 024-10488 and LROs in the amount of $1,320,375 were issued and sold pursuant to Offering Circular File No. 024-10496 (as may be amended and supplemented from time to time).	
0001144204-16-083364	1	Groundfloor Finance Inc.	LROs	3128375	0	LROs were issued for aggregate principal amount of $3,128,375.  LROs in the amount of $505,000 were issued and sold pursuant to Offering Circular File No. 024-10440, LROs in the amount of $1,303,000 were issued and sold pursuant to Offering Circular File No. 024-10488 and LROs in the amount of $1,320,375 were issued and sold pursuant to Offering Circular File No. 024-10496 (as may be amended and supplemented from time to time).	
0001144204-16-083364	3	Groundfloor Finance Inc.	LROs	3128375	0	LROs were issued for aggregate principal amount of $3,128,375.  LROs in the amount of $505,000 were issued and sold pursuant to Offering Circular File No. 024-10440, LROs in the amount of $1,303,000 were issued and sold pursuant to Offering Circular File No. 024-10488 and LROs in the amount of $1,320,375 were issued and sold pursuant to Offering Circular File No. 024-10496 (as may be amended and supplemented from time to time).	
0001144204-16-083190	2	Groundfloor Finance Inc.	LROs	3128375	0	LROs were issued for aggregate principal amount of $2,974,165.  LROs in the amount of $505,000 were issued and sold pursuant to Offering Circular File No. 024-10440, LROs in the amount of $1,303,000 were issued and sold pursuant to Offering Circular File No. 024-10488 and LROs in the amount of $1,320,375 were issued and sold pursuant to Offering Circular File No. 024-10496 (as may be amended and supplemented from time to time).	
0001144204-16-083190	3	Groundfloor Finance Inc.	LROs	3128375	0	LROs were issued for aggregate principal amount of $2,974,165.  LROs in the amount of $505,000 were issued and sold pursuant to Offering Circular File No. 024-10440, LROs in the amount of $1,303,000 were issued and sold pursuant to Offering Circular File No. 024-10488 and LROs in the amount of $1,320,375 were issued and sold pursuant to Offering Circular File No. 024-10496 (as may be amended and supplemented from time to time).	
0001144204-16-083190	1	Groundfloor Finance Inc.	LROs	3128375	0	LROs were issued for aggregate principal amount of $2,974,165.  LROs in the amount of $505,000 were issued and sold pursuant to Offering Circular File No. 024-10440, LROs in the amount of $1,303,000 were issued and sold pursuant to Offering Circular File No. 024-10488 and LROs in the amount of $1,320,375 were issued and sold pursuant to Offering Circular File No. 024-10496 (as may be amended and supplemented from time to time).	
0001144204-16-083190	4	Groundfloor Finance Inc.	LROs	3128375	0	LROs were issued for aggregate principal amount of $2,974,165.  LROs in the amount of $505,000 were issued and sold pursuant to Offering Circular File No. 024-10440, LROs in the amount of $1,303,000 were issued and sold pursuant to Offering Circular File No. 024-10488 and LROs in the amount of $1,320,375 were issued and sold pursuant to Offering Circular File No. 024-10496 (as may be amended and supplemented from time to time).	
0001477932-16-008677	1	GK Investment Holdings, LLC	Class A & Class B units	246779460	0	None	
0001644600-16-000091	1	WayBetter, Inc.	Series A-1 Preferred Shares	581838	0	A total of $433,411 was raised, at a price per share of $0.7449	
0001144204-16-081250	1	Groundfloor Finance Inc.	LROs	3128375	0	LROs were issued for aggregate principal amount of $3,128,375.  LROs in the amount of $505,000 were issued and sold pursuant to Offering Circular File No. 024-10440, LROs in the amount of $1,303,000 were issued and sold pursuant to Offering Circular File No. 024-10488 and LROs in the amount of $1,320,375 were issued and sold pursuant to Offering Circular File No. 024-10496 (as may be amended and supplemented from time to time).	
0001144204-16-081250	2	Groundfloor Finance Inc.	LROs	3128375	0	LROs were issued for aggregate principal amount of $3,128,375.  LROs in the amount of $505,000 were issued and sold pursuant to Offering Circular File No. 024-10440, LROs in the amount of $1,303,000 were issued and sold pursuant to Offering Circular File No. 024-10488 and LROs in the amount of $1,320,375 were issued and sold pursuant to Offering Circular File No. 024-10496 (as may be amended and supplemented from time to time).	
0001144204-16-081250	3	Groundfloor Finance Inc.	LROs	3128375	0	LROs were issued for aggregate principal amount of $3,128,375.  LROs in the amount of $505,000 were issued and sold pursuant to Offering Circular File No. 024-10440, LROs in the amount of $1,303,000 were issued and sold pursuant to Offering Circular File No. 024-10488 and LROs in the amount of $1,320,375 were issued and sold pursuant to Offering Circular File No. 024-10496 (as may be amended and supplemented from time to time).	
0001144204-16-081250	4	Groundfloor Finance Inc.	LROs	3128375	0	LROs were issued for aggregate principal amount of $3,128,375.  LROs in the amount of $505,000 were issued and sold pursuant to Offering Circular File No. 024-10440, LROs in the amount of $1,303,000 were issued and sold pursuant to Offering Circular File No. 024-10488 and LROs in the amount of $1,320,375 were issued and sold pursuant to Offering Circular File No. 024-10496 (as may be amended and supplemented from time to time).	
0001571049-16-011678	6	StreetShares, Inc.	Common Stock	10253914	401929	10,253,914 total shares issued, 401,929 (vested) shares sold to officers, directors, and principal security holders of the Issuer, approximately $20,096 (vested) Total Consideration (Total Shares x Price per Share less fees and expenses).	none
0001571049-16-011678	5	StreetShares, Inc.	Common Stock	10253914	401929	10,253,914 total shares issued, 401,929 (vested) shares sold to officers, directors, and principal security holders of the Issuer, approximately $20,096 (vested) Total Consideration (Total Shares x Price per Share less fees and expenses).	none
0001571049-16-011678	4	StreetShares, Inc.	Common Stock	10253914	401929	10,253,914 total shares issued, 401,929 (vested) shares sold to officers, directors, and principal security holders of the Issuer, approximately $20,096 (vested) Total Consideration (Total Shares x Price per Share less fees and expenses).	none
0001571049-16-011678	3	StreetShares, Inc.	Common Stock	10253914	401929	10,253,914 total shares issued, 401,929 (vested) shares sold to officers, directors, and principal security holders of the Issuer, approximately $20,096 (vested) Total Consideration (Total Shares x Price per Share less fees and expenses).	none
0001571049-16-011678	2	StreetShares, Inc.	Common Stock	10253914	401929	10,253,914 total shares issued, 401,929 (vested) shares sold to officers, directors, and principal security holders of the Issuer, approximately $20,096 (vested) Total Consideration (Total Shares x Price per Share less fees and expenses).	none
0001571049-16-011678	1	StreetShares, Inc.	Common Stock	10253914	401929	10,253,914 total shares issued, 401,929 (vested) shares sold to officers, directors, and principal security holders of the Issuer, approximately $20,096 (vested) Total Consideration (Total Shares x Price per Share less fees and expenses).	none
0001477932-16-008532	1	Innovative Climatic Technologies Corporation	Common Stock	7272000	0	5,000,000 shares for license agreement; 1,072,000 founder shares at $.001 par value upon formation 1,200,000 for $.10 per share pre incorporation	
0001658959-16-000003	1	Teraphysics Coroporation	Common Stock	2764420000	0	$475,000 raised on sale of 2,764420 shares	
0001144204-16-079930	1	Hamilton National Income Trust, Inc.	Common Stock	20000	0	$200,000 (20,000 shares @ $10 per share)	
0001144204-16-079846	1	Groundfloor Finance Inc.	LROs	3128375	0	LROs were issued for aggregate principal amount of $3,128,375.  LROs in the amount of $505,000 were issued and sold pursuant to Offering Circular File No. 024-10440, LROs in the amount of $1,303,000 were issued and sold pursuant to Offering Circular File No. 024-10488 and LROs in the amount of $1,320,375 were issued and sold pursuant to Offering Circular File No. 024-10496 (as may be amended and supplemented from time to time).	
0001144204-16-079846	4	Groundfloor Finance Inc.	LROs	3128375	0	LROs were issued for aggregate principal amount of $3,128,375.  LROs in the amount of $505,000 were issued and sold pursuant to Offering Circular File No. 024-10440, LROs in the amount of $1,303,000 were issued and sold pursuant to Offering Circular File No. 024-10488 and LROs in the amount of $1,320,375 were issued and sold pursuant to Offering Circular File No. 024-10496 (as may be amended and supplemented from time to time).	
0001144204-16-079846	3	Groundfloor Finance Inc.	LROs	3128375	0	LROs were issued for aggregate principal amount of $3,128,375.  LROs in the amount of $505,000 were issued and sold pursuant to Offering Circular File No. 024-10440, LROs in the amount of $1,303,000 were issued and sold pursuant to Offering Circular File No. 024-10488 and LROs in the amount of $1,320,375 were issued and sold pursuant to Offering Circular File No. 024-10496 (as may be amended and supplemented from time to time).	
0001144204-16-079846	2	Groundfloor Finance Inc.	LROs	3128375	0	LROs were issued for aggregate principal amount of $3,128,375.  LROs in the amount of $505,000 were issued and sold pursuant to Offering Circular File No. 024-10440, LROs in the amount of $1,303,000 were issued and sold pursuant to Offering Circular File No. 024-10488 and LROs in the amount of $1,320,375 were issued and sold pursuant to Offering Circular File No. 024-10496 (as may be amended and supplemented from time to time).	
0001658959-16-000001	1	Teraphysics Coroporation	Common Stock	2764420000	0	$475,000 raised on sale of 2,764420 shares	
0001571049-16-011531	6	StreetShares, Inc.	Common Stock	10253914	401929	10,253,914 total shares issued, 401,929 (vested) shares sold to officers, directors, and principal security holders of the Issuer, approximately $20,096 (vested) Total Consideration (Total Shares x Price per Share less fees and expenses).	none
0001571049-16-011531	5	StreetShares, Inc.	Common Stock	10253914	401929	10,253,914 total shares issued, 401,929 (vested) shares sold to officers, directors, and principal security holders of the Issuer, approximately $20,096 (vested) Total Consideration (Total Shares x Price per Share less fees and expenses).	none
0001571049-16-011531	4	StreetShares, Inc.	Common Stock	10253914	401929	10,253,914 total shares issued, 401,929 (vested) shares sold to officers, directors, and principal security holders of the Issuer, approximately $20,096 (vested) Total Consideration (Total Shares x Price per Share less fees and expenses).	none
0001571049-16-011531	3	StreetShares, Inc.	Common Stock	10253914	401929	10,253,914 total shares issued, 401,929 (vested) shares sold to officers, directors, and principal security holders of the Issuer, approximately $20,096 (vested) Total Consideration (Total Shares x Price per Share less fees and expenses).	none
0001571049-16-011531	1	StreetShares, Inc.	Common Stock	10253914	401929	10,253,914 total shares issued, 401,929 (vested) shares sold to officers, directors, and principal security holders of the Issuer, approximately $20,096 (vested) Total Consideration (Total Shares x Price per Share less fees and expenses).	none
0001571049-16-011531	2	StreetShares, Inc.	Common Stock	10253914	401929	10,253,914 total shares issued, 401,929 (vested) shares sold to officers, directors, and principal security holders of the Issuer, approximately $20,096 (vested) Total Consideration (Total Shares x Price per Share less fees and expenses).	none
0001144204-16-079327	4	BeautyKind, LLC	Series A-2 Convertible Preferred Membership Units	1071429	0	$6,000,000 at $5.60 for each unit.	No consideration was paid. These options were compensation for services rendered to past companies in which the director/officer was involved.
0001144204-16-079327	3	BeautyKind, LLC	Series A-2 Convertible Preferred Membership Units	1071429	0	$6,000,000 at $5.60 for each unit.	No consideration was paid. These options were compensation for services rendered to past companies in which the director/officer was involved.
0001144204-16-079327	2	BeautyKind, LLC	Series A-2 Convertible Preferred Membership Units	1071429	0	$6,000,000 at $5.60 for each unit.	No consideration was paid. These options were compensation for services rendered to past companies in which the director/officer was involved.
0001144204-16-079327	1	BeautyKind, LLC	Series A-2 Convertible Preferred Membership Units	1071429	0	$6,000,000 at $5.60 for each unit.	No consideration was paid. These options were compensation for services rendered to past companies in which the director/officer was involved.
0001144204-16-079225	4	Groundfloor Finance Inc.	LROs	2974165	0	LROs were issued for aggregate principal amount of $2,974,165.  LROs in the amount of $505,000 were issued and sold pursuant to Offering Circular File No. 024-10440, LROs in the amount of $1,303,000 were issued and sold pursuant to Offering Circular File No. 024-10488 and LROs in the amount of $1,166,165 were issued and sold pursuant to Offering Circular File No. 024-10496 (as may be amended and supplemented from time to time).	
0001144204-16-079225	3	Groundfloor Finance Inc.	LROs	2974165	0	LROs were issued for aggregate principal amount of $2,974,165.  LROs in the amount of $505,000 were issued and sold pursuant to Offering Circular File No. 024-10440, LROs in the amount of $1,303,000 were issued and sold pursuant to Offering Circular File No. 024-10488 and LROs in the amount of $1,166,165 were issued and sold pursuant to Offering Circular File No. 024-10496 (as may be amended and supplemented from time to time).	
0001144204-16-079225	2	Groundfloor Finance Inc.	LROs	2974165	0	LROs were issued for aggregate principal amount of $2,974,165.  LROs in the amount of $505,000 were issued and sold pursuant to Offering Circular File No. 024-10440, LROs in the amount of $1,303,000 were issued and sold pursuant to Offering Circular File No. 024-10488 and LROs in the amount of $1,166,165 were issued and sold pursuant to Offering Circular File No. 024-10496 (as may be amended and supplemented from time to time).	
0001144204-16-079225	1	Groundfloor Finance Inc.	LROs	2974165	0	LROs were issued for aggregate principal amount of $2,974,165.  LROs in the amount of $505,000 were issued and sold pursuant to Offering Circular File No. 024-10440, LROs in the amount of $1,303,000 were issued and sold pursuant to Offering Circular File No. 024-10488 and LROs in the amount of $1,166,165 were issued and sold pursuant to Offering Circular File No. 024-10496 (as may be amended and supplemented from time to time).	
0001354488-16-006071	1	Stack-It Storage, Inc.	Common Stock	14716667	0	$232,500 (Shares issued for cash at prices of between $0.012 and $0.025)	
0001214659-16-009233	1	Luna Azul Development Fund, LLC	8 Percent Preferred Profit Participating Class A Units	5	0	$125,000	
0001615774-16-004070	1	Advanced Predictive Analytics, Inc.	Common	200000	0	$100000.00	
0001644600-16-000087	2	Virtuix Holdings Inc.	Convertible Promissory Note	879701	0	$879,701 at par	
0001644600-16-000087	1	Virtuix Holdings Inc.	Convertible Promissory Note	879701	0	$879,701 at par	
0001144204-16-077761	4	Groundfloor Finance Inc.	LROs	2732000	0	LROs were issued for aggregate principal amount of $2,732,000.  LROs in the amount of $505,000 were issued and sold pursuant to Offering Circular File No. 024-10440, LROs in the amount of $1,303,000 were issued and sold pursuant to Offering Circular File No. 024-10488 and LROs in the amount of $924,000 were issued and sold pursuant to Offering Circular File No. 024-10496 (as may be amended and supplemented from time to time).	
0001144204-16-077761	3	Groundfloor Finance Inc.	LROs	2732000	0	LROs were issued for aggregate principal amount of $2,732,000.  LROs in the amount of $505,000 were issued and sold pursuant to Offering Circular File No. 024-10440, LROs in the amount of $1,303,000 were issued and sold pursuant to Offering Circular File No. 024-10488 and LROs in the amount of $924,000 were issued and sold pursuant to Offering Circular File No. 024-10496 (as may be amended and supplemented from time to time).	
0001144204-16-077761	2	Groundfloor Finance Inc.	LROs	2732000	0	LROs were issued for aggregate principal amount of $2,732,000.  LROs in the amount of $505,000 were issued and sold pursuant to Offering Circular File No. 024-10440, LROs in the amount of $1,303,000 were issued and sold pursuant to Offering Circular File No. 024-10488 and LROs in the amount of $924,000 were issued and sold pursuant to Offering Circular File No. 024-10496 (as may be amended and supplemented from time to time).	
0001144204-16-077761	1	Groundfloor Finance Inc.	LROs	2732000	0	LROs were issued for aggregate principal amount of $2,732,000.  LROs in the amount of $505,000 were issued and sold pursuant to Offering Circular File No. 024-10440, LROs in the amount of $1,303,000 were issued and sold pursuant to Offering Circular File No. 024-10488 and LROs in the amount of $924,000 were issued and sold pursuant to Offering Circular File No. 024-10496 (as may be amended and supplemented from time to time).	
0001657250-16-000014	1	Hemp Naturals, Inc.	Common Stock	12200000	12000000	.0001 par value	0
0000906318-16-000084	1	Fair-Haired Dumbbell LLC	Class A Membership Units	1500	0	The Manager contributed $6,000 in capital in exchange for the Class A Membership Units it received. The consideration paid by the Manager for all of the outstanding Class A Membership Units was based on an estimate of initial capital needed to form the Company and begin the registration process.	
0001657250-16-000012	1	Weed Real Estate, Inc.	common stock	62500000	62500000	.0001 par value	0
0001161697-16-000643	1	Generation Income Properties, Inc.	Common Stock	1000000	0	$10,000 at $0.01 per share	
0001477932-16-008303	1	United Group Fund, Inc.	Preferred Stock	2250000	0	$22,500 at $0.01 per share	
0001213900-16-010386	1	POMM Inc.	Common stock	1447743	0	1 to 1 share swap agreement with its subsidiary.	
0001477932-16-008275	1	Med-X, Inc.	Common Stock	1205400	0	$602,700 at $0.50 per share	
0001019687-16-004918	1	Sprinter Football Club, Inc.	Class A Common Stock	100000000	0	$5,000.00 - paid for by the Founder ($2,000.00 in cash and $3,000.00 paid directly to Sturzman & Klotz for legal services).	
0001065949-16-000331	1	Hygen Industries, Inc.	common stock	10000000	0	None	
0001354488-16-005965	1	Stack-It Storage, Inc.	Common Stock	14716667	0	$232,500 (Shares issued for cash at prices of between $0.012 and $0.025)	
0001652577-16-000021	2	360 Sports, Inc.	Common A	23259893	0	360 Sports, Inc. issued shares based on sweat equity and consulting services.	
0001652577-16-000021	1	360 Sports, Inc.	Common A	23259893	0	360 Sports, Inc. issued shares based on sweat equity and consulting services.	
0001354488-16-005963	1	Coastal Banking Company, Inc.	Common Stock	39601	3000	$377,984 - Cash received by CBCO upon issuance of shares	28530
0001652577-16-000020	1	360 Sports, Inc.	Common A	23259893	0	360 Sports, Inc. issued shares based on sweat equity and consulting services.	
0001652577-16-000020	2	360 Sports, Inc.	Common A	23259893	0	360 Sports, Inc. issued shares based on sweat equity and consulting services.	
0000939798-16-000101	1	Enviro-Serv, Inc.	common stock	1378080000	0	964,000,000 were issued at $.00015 per share (Reg A offering price) for total consideration of $144,600.  164,080,000 were issued at $.0001 pursuant to a contract conversion right for total consideration of $16,408.  250,000,000 were issued for no additional consideration pursuant to a contractual right.	
0001650352-16-000011	1	Media Assets Group, Inc.	Common Stock	500000	2000000	$10000	Equity Purchase Agreement
0001213900-16-010324	2	AWA Group LP	Class A Common Units	2001378	0	0	N/A
0001213900-16-010324	1	AWA Group LP	Class A Common Units	2001378	0	0	N/A
0001213900-16-010324	3	AWA Group LP	Class A Common Units	2001378	0	0	N/A
0001644600-16-000085	1	XTI Aircraft Co	Convertible Notes	800000	0	800000	
0001354488-16-005945	1	Allegiancy, LLC (to be converted into Allegiancy, Inc.)	Class B Units (to be converted into common stock of Allegiancy, Inc.)	128600	0	"The Class B Units issued to TriStone Realty Management, LLC (""TriStone"") were issued in connection with a negotiated joint venture transaction in which TriStone contributed its assets to Allegiancy Houston, LLC, a subsidiary of the issuer in which the issuer owns a 70% economic interest, in consideration, in part, for the issuance of the 128,600 Class B Units to TriStone.  The issuer and TriStone valued the aggregate Class B Units issued to TriStone at $1,284,881.50, or approximately $9.91 per Class B Unit. The Class B Units received by Tristone will be converted into common stock of Allegiancy, Inc. upon the conversion of Allegiancy, LLC into Allegiancy, Inc."	
0001644600-16-000083	1	XTI Aircraft Co	Convertible Notes	800000	0	800000	
0001644600-16-000081	1	XTI Aircraft Co	Convertible Notes	800000	0	800000	
0001213900-16-010256	3	AWA Group LP	Class A Common Units	2001378	0	0	N/A
0001213900-16-010256	1	AWA Group LP	Class A Common Units	2001378	0	0	N/A
0001213900-16-010256	2	AWA Group LP	Class A Common Units	2001378	0	0	N/A
0001644600-16-000078	1	XTI Aircraft Co	Convertible Notes	800000	0	800000	
0001644600-16-000076	2	Virtuix Holdings Inc.	Convertible Promissory Note	879701	0	$879,701 at par	
0001644600-16-000076	1	Virtuix Holdings Inc.	Convertible Promissory Note	879701	0	$879,701 at par	
0001144204-16-076029	3	Groundfloor Finance Inc.	LROs	2387500	0	LROs were issued for aggregate principal amount of $2,387,500.  LROs in the amount of $505,000 were issued and sold pursuant to Offering Circular File No. 024-10440, LROs in the amount of $1,303,000 were issued and sold pursuant to Offering Circular File No. 024-10488 and LROs in the amount of $579,500 were issued and sold pursuant to Offering Circular File No. 024-10496 (as may be amended and supplemented from time to time).	
0001144204-16-076029	2	Groundfloor Finance Inc.	LROs	2387500	0	LROs were issued for aggregate principal amount of $2,387,500.  LROs in the amount of $505,000 were issued and sold pursuant to Offering Circular File No. 024-10440, LROs in the amount of $1,303,000 were issued and sold pursuant to Offering Circular File No. 024-10488 and LROs in the amount of $579,500 were issued and sold pursuant to Offering Circular File No. 024-10496 (as may be amended and supplemented from time to time).	
0001144204-16-076029	1	Groundfloor Finance Inc.	LROs	2387500	0	LROs were issued for aggregate principal amount of $2,387,500.  LROs in the amount of $505,000 were issued and sold pursuant to Offering Circular File No. 024-10440, LROs in the amount of $1,303,000 were issued and sold pursuant to Offering Circular File No. 024-10488 and LROs in the amount of $579,500 were issued and sold pursuant to Offering Circular File No. 024-10496 (as may be amended and supplemented from time to time).	
0001144204-16-076029	4	Groundfloor Finance Inc.	LROs	2387500	0	LROs were issued for aggregate principal amount of $2,387,500.  LROs in the amount of $505,000 were issued and sold pursuant to Offering Circular File No. 024-10440, LROs in the amount of $1,303,000 were issued and sold pursuant to Offering Circular File No. 024-10488 and LROs in the amount of $579,500 were issued and sold pursuant to Offering Circular File No. 024-10496 (as may be amended and supplemented from time to time).	
0001644600-16-000074	2	Virtuix Holdings Inc.	Convertible Promissory Note	879701	0	$879,701 at par	
0001644600-16-000074	1	Virtuix Holdings Inc.	Convertible Promissory Note	879701	0	$879,701 at par	
0001644600-16-000072	2	Virtuix Holdings Inc.	Convertible Promissory Note	879701	0	$879,701 at par	
0001644600-16-000072	1	Virtuix Holdings Inc.	Convertible Promissory Note	879701	0	$879,701 at par	
0001144204-16-076011	1	Aperion Biologics, Inc.	Convertible Promissory Notes, convertible into Series D and Series E Preferred Stock of the Company	1270000	0	$1,165,000 cash and satisfaction of account payable $105,000.	
0001144204-16-076011	3	Aperion Biologics, Inc.	Convertible Promissory Notes, convertible into Series D and Series E Preferred Stock of the Company	1270000	0	$1,165,000 cash and satisfaction of account payable $105,000.	
0001144204-16-076011	2	Aperion Biologics, Inc.	Convertible Promissory Notes, convertible into Series D and Series E Preferred Stock of the Company	1270000	0	$1,165,000 cash and satisfaction of account payable $105,000.	
0001644600-16-000068	1	WayBetter, Inc.	Series A-1 Preferred Shares	581838	0	A total of $433,411 was raised, at a price per share of $0.7449	
0001644600-16-000066	1	XTI Aircraft Co	Convertible Notes	800000	0	800000	
0001571049-16-010720	3	StreetShares, Inc.	Common Stock	10253914	401929	10,253,914 total shares issued, 401,929 (vested) shares sold to officers, directors, and principal security holders of the Issuer, approximately $20,096 (vested) Total Consideration (Total Shares x Price per Share less fees and expenses).	none
0001571049-16-010720	4	StreetShares, Inc.	Common Stock	10253914	401929	10,253,914 total shares issued, 401,929 (vested) shares sold to officers, directors, and principal security holders of the Issuer, approximately $20,096 (vested) Total Consideration (Total Shares x Price per Share less fees and expenses).	none
0001571049-16-010720	5	StreetShares, Inc.	Common Stock	10253914	401929	10,253,914 total shares issued, 401,929 (vested) shares sold to officers, directors, and principal security holders of the Issuer, approximately $20,096 (vested) Total Consideration (Total Shares x Price per Share less fees and expenses).	none
0001571049-16-010720	6	StreetShares, Inc.	Common Stock	10253914	401929	10,253,914 total shares issued, 401,929 (vested) shares sold to officers, directors, and principal security holders of the Issuer, approximately $20,096 (vested) Total Consideration (Total Shares x Price per Share less fees and expenses).	none
0001571049-16-010720	1	StreetShares, Inc.	Common Stock	10253914	401929	10,253,914 total shares issued, 401,929 (vested) shares sold to officers, directors, and principal security holders of the Issuer, approximately $20,096 (vested) Total Consideration (Total Shares x Price per Share less fees and expenses).	none
0001571049-16-010720	2	StreetShares, Inc.	Common Stock	10253914	401929	10,253,914 total shares issued, 401,929 (vested) shares sold to officers, directors, and principal security holders of the Issuer, approximately $20,096 (vested) Total Consideration (Total Shares x Price per Share less fees and expenses).	none
0001354488-16-005903	1	Stack-It Storage, Inc.	Common Stock	14716667	0	$232,500 (Shares issued for cash at prices of between $0.012 and $0.025)	
0001615774-16-003831	1	CONQUEST FUNDING, INC. , a Pennsylvania Corporation	NOTES PAYABLE	1350000	0	$1,350,000; Book Value of Note	
0001144204-16-074611	4	Groundfloor Finance Inc.	LROs	1953000	0	LROs were issued for aggregate principal amount of $1,953,000.  LROs in the amount of $505,000 were issued and sold pursuant to Offering Circular File No. 024-10440, LROs in the amount of $1,303,000 were issued and sold pursuant to Offering Circular File No. 024-10488 and LROs in the amount of $145,000 were issued and sold pursuant to Offering Circular File No. 024-10496 (as may be amended and supplemented from time to time).	
0001144204-16-074611	3	Groundfloor Finance Inc.	LROs	1953000	0	LROs were issued for aggregate principal amount of $1,953,000.  LROs in the amount of $505,000 were issued and sold pursuant to Offering Circular File No. 024-10440, LROs in the amount of $1,303,000 were issued and sold pursuant to Offering Circular File No. 024-10488 and LROs in the amount of $145,000 were issued and sold pursuant to Offering Circular File No. 024-10496 (as may be amended and supplemented from time to time).	
0001144204-16-074611	2	Groundfloor Finance Inc.	LROs	1953000	0	LROs were issued for aggregate principal amount of $1,953,000.  LROs in the amount of $505,000 were issued and sold pursuant to Offering Circular File No. 024-10440, LROs in the amount of $1,303,000 were issued and sold pursuant to Offering Circular File No. 024-10488 and LROs in the amount of $145,000 were issued and sold pursuant to Offering Circular File No. 024-10496 (as may be amended and supplemented from time to time).	
0001144204-16-074611	1	Groundfloor Finance Inc.	LROs	1953000	0	LROs were issued for aggregate principal amount of $1,953,000.  LROs in the amount of $505,000 were issued and sold pursuant to Offering Circular File No. 024-10440, LROs in the amount of $1,303,000 were issued and sold pursuant to Offering Circular File No. 024-10488 and LROs in the amount of $145,000 were issued and sold pursuant to Offering Circular File No. 024-10496 (as may be amended and supplemented from time to time).	
0001615774-16-003801	1	CONQUEST FUNDING, INC. , a Pennsylvania Corporation	NOTES PAYABLE	1350000	0	$1,350,000; Book Value of Note	
0001144204-16-074004	1	Fundrise Equity REIT, LLC	Common Shares	100	100	$1,000 ($10.00 per common share)	same as above
0001644600-16-000063	2	Virtuix Holdings Inc.	Convertible Promissory Note	879701	0	$879,701 at par	
0001644600-16-000063	1	Virtuix Holdings Inc.	Convertible Promissory Note	879701	0	$879,701 at par	
0001644600-16-000060	2	Virtuix Holdings Inc.	Convertible Promissory Note	879701	0	$879,701 at par	
0001644600-16-000060	1	Virtuix Holdings Inc.	Convertible Promissory Note	879701	0	$879,701 at par	
