ACCESSION_NUMBER	SECURITY_ID	SECURITIESISSUERNAME	SECURITIESISSUERTITLE	SECURITIESISSUEDTOTALAMOUNT	SECURITIESPRINCIPALHOLDERAMT	SECURITIESISSUEDAGGREGATEAMT	AGGREGATECONSIDERATIONBASIS
0001445866-20-000905	1	Parallel Flight Technologies, Inc.	Class A Common Stock	796859	0	$1,070,000 (at $1.40 per share)	
0001171520-20-000274	1	Fast Casual Concepts, Inc.	Common stock	100000000	0	0	
0001477932-20-003566	1	World Tree USA, LLC	Series A 2019 Eco-Tree Units	1769864	0	$2,177,738	
0001214659-20-005899	1	Atlis Motor Vehicles, Inc	Class A Common Stock	342355	0	178212.63	
0001520138-20-000281	6	Sugarmade, Inc.	Common	1000000	0	29000	
0001520138-20-000281	8	Sugarmade, Inc.	Common	1000000	0	29000	
0001520138-20-000281	7	Sugarmade, Inc.	Common	1000000	0	29000	
0001520138-20-000281	5	Sugarmade, Inc.	Common	1000000	0	29000	
0001520138-20-000281	9	Sugarmade, Inc.	Common	1000000	0	29000	
0001520138-20-000281	10	Sugarmade, Inc.	Common	1000000	0	29000	
0001520138-20-000281	11	Sugarmade, Inc.	Common	1000000	0	29000	
0001520138-20-000281	1	Sugarmade, Inc.	Common	1000000	0	29000	
0001520138-20-000281	2	Sugarmade, Inc.	Common	1000000	0	29000	
0001520138-20-000281	3	Sugarmade, Inc.	Common	1000000	0	29000	
0001520138-20-000281	4	Sugarmade, Inc.	Common	1000000	0	29000	
0001493152-20-011803	1	Masterworks 014, LLC	Membership Interests	1000	0	100% of the membership interests in Masterworks 014, LLC were issued to Masterworks Gallery, LLC in return for a capital contribution of $100	
0001553350-20-000553	1	Energy and Water Development Corp	Common Shares	5548550	0	420,000 shares issued as payment of services, 4,,917,350 shares issued for conversion of debt and 211,200 shares issued as a sale to investors	
0001493152-20-011782	1	BacTech Environmental Corporation	Common Stock	4266667	0	$64,000	
0001493152-20-011742	1	Masterworks 017, LLC	Membership Interests	1000	0	100% of the membership interests in Masterworks 017, LLC were issued to Masterworks Gallery, LLC in return for a capital contribution of $100	
0001493152-20-011741	1	Masterworks 014, LLC	Membership Interests	1000	0	100% of the membership interests in Masterworks 014, LLC were issued to Masterworks Gallery, LLC in return for a capital contribution of $100	
0001213900-20-015716	1	Audition Showdown Inc.	Multiple Voting Shares	18000000	0	$1,800, at $0.0001 per share (expressed in Canadian dollars)	
0001213900-20-015716	2	Audition Showdown Inc.	Multiple Voting Shares	18000000	0	$1,800, at $0.0001 per share (expressed in Canadian dollars)	
0001213900-20-015716	3	Audition Showdown Inc.	Multiple Voting Shares	18000000	0	$1,800, at $0.0001 per share (expressed in Canadian dollars)	
0001493152-20-011694	1	Dakota Real Estate Investment Trust	Class A or Class B Shares	204679	0	$3,172,529	
0001683168-20-002046	1	LiquidPiston, Inc.	Series Seed-1 Preferred Stock	88105	0	$1,063,591 principal and interest	
0001683168-20-002046	2	LiquidPiston, Inc.	Series Seed-1 Preferred Stock	88105	0	$1,063,591 principal and interest	
0001683168-20-002046	3	LiquidPiston, Inc.	Series Seed-1 Preferred Stock	88105	0	$1,063,591 principal and interest	
0001213900-20-015601	3	YouNow, Inc.	Tokens	95609143	0	Upon conversion of SAFTs and DPAs; pursuant to adviser grants for services; pursuant to these offerings; and in a Regulation D offering for $1,880,000 of cash and other consideration (at a price of $0.07 per token).	
0001213900-20-015601	2	YouNow, Inc.	Tokens	95609143	0	Upon conversion of SAFTs and DPAs; pursuant to adviser grants for services; pursuant to these offerings; and in a Regulation D offering for $1,880,000 of cash and other consideration (at a price of $0.07 per token).	
0001213900-20-015601	1	YouNow, Inc.	Tokens	95609143	0	Upon conversion of SAFTs and DPAs; pursuant to adviser grants for services; pursuant to these offerings; and in a Regulation D offering for $1,880,000 of cash and other consideration (at a price of $0.07 per token).	
0001104659-20-075778	1	To The Stars Academy of Arts and Science Inc.	Class A Common Stock	137200	0	$686,000 at $5.00 per share.	
0001683168-20-002018	3	Cloudastructure, Inc.	Simple Agreement for Future Equity (SAFEs)	712675	0	712675	
0001683168-20-002018	2	Cloudastructure, Inc.	Simple Agreement for Future Equity (SAFEs)	712675	0	712675	
0001683168-20-002018	1	Cloudastructure, Inc.	Simple Agreement for Future Equity (SAFEs)	712675	0	712675	
0001104659-20-075382	1	CaliberCos Inc.	Common Stock	2582746	5885	616,125; issuance of 2,071,761 shares of common stock in connection with conversion of 1,657,396 shares of Series A Pref. Stock.	10,005
0001688804-20-000005	1	RSE Collection, LLC	Series #77LE1, a series of RSE Collection, LLC	2000	0	Aggregate amount: $77,700 Basis of Computing: 2000 LLC Interests at $38.85 per Interest	
0001493152-20-011525	1	MogulREIT I, LLC	Common shares	2192782	0	$21,825,910	
0001493152-20-011491	1	Elegance Brands, Inc.	Class B Common Stock	91400000	0	201,887 paid in cash	
0001445866-20-000882	1	CityZenith Holdings, Inc.	CrowdSafe	1377500	0	$1,070,000	
0001493152-20-011459	1	BacTech Environmental Corporation	Common Stock	4266667	0	$64,000	
0001477932-20-003462	1	Kula Ventures #2 Ltd.	Common Shares	60000	0	$60,000.00; 1.2 million shares at $0.05 per share.	
0001104659-20-074861	1	CaliberCos Inc.	Common Stock	2582746	5885	616,125; issuance of 2,071,761 shares of common stock in connection with conversion of 1,657,396 shares of Series A Pref. Stock.	10,005
0001104659-20-074618	2	StorEn Technologies Inc.	Common Stock	267977	0	$1,061,810 at $4.20	
0001104659-20-074618	3	StorEn Technologies Inc.	Common Stock	267977	0	$1,061,810 at $4.20	
0001104659-20-074618	1	StorEn Technologies Inc.	Common Stock	267977	0	$1,061,810 at $4.20	
0001104659-20-074594	1	Solutions Vending International, Inc.	Convertible Promissory Notes	30000	0	$30,000	
0001104659-20-074594	2	Solutions Vending International, Inc.	Convertible Promissory Notes	30000	0	$30,000	
0001445866-20-000873	1	CityZenith Holdings, Inc.	CrowdSafe	1377500	0	$1,070,000	
0001663577-20-000176	1	Cannagistics Inc.	Common Stock	40000000	0	N/A	
0001104659-20-074073	1	SmartCard Marketing Systems Inc	Debt Conversion	228050000	0	Debt conversion of $3,402,000	
0001104659-20-073830	1	BRIX REIT, Inc.	Common Stock	12200	0	$61,000 at $5.00 per share	
0001104659-20-073736	2	Cytonics Corporation	Convertible Promissory Note	486511	0	$486,511 in cash proceeds.	
0001104659-20-073736	1	Cytonics Corporation	Convertible Promissory Note	486511	0	$486,511 in cash proceeds.	
0001213900-20-015093	3	Audition Showdown Inc.	Multiple Voting Shares	18000000	0	$1,800, at $0.0001 per share (expressed in Canadian dollars)	
0001213900-20-015093	1	Audition Showdown Inc.	Multiple Voting Shares	18000000	0	$1,800, at $0.0001 per share (expressed in Canadian dollars)	
0001213900-20-015093	2	Audition Showdown Inc.	Multiple Voting Shares	18000000	0	$1,800, at $0.0001 per share (expressed in Canadian dollars)	
0001640334-20-001535	1	Draganfly Inc.	Common Shares	1868050	0	USD $1,868,050 at C$0.50 per share.	
0001213900-20-015042	2	Emerald Health Pharmaceuticals Inc.	Common Stock	2910788	0	$9,964,728 for 1,660,788 shares issued under this offering at $6.00 per share and $2,500,000 for 1,250,000 shares issued to Emerald Health Sciences at $2.00 per share upon conversion of unpaid principal balance under loan agreement	
0001213900-20-015042	1	Emerald Health Pharmaceuticals Inc.	Common Stock	2910788	0	$9,964,728 for 1,660,788 shares issued under this offering at $6.00 per share and $2,500,000 for 1,250,000 shares issued to Emerald Health Sciences at $2.00 per share upon conversion of unpaid principal balance under loan agreement	
0001104659-20-073451	1	GROUNDFLOOR FINANCE INC.	Warrants for purchase of Common Stock	10550	0	Fair market value of the warrants at the time of issuance was $140,000, using the Black-Scholes-Morton pricing model.	
0001104659-20-073399	4	Knightscope, Inc.	Series S Preferred Stock,	908166	0	$7,259,024	
0001104659-20-073399	2	Knightscope, Inc.	Series S Preferred Stock,	908166	0	$7,259,024	
0001104659-20-073399	1	Knightscope, Inc.	Series S Preferred Stock,	908166	0	$7,259,024	
0001104659-20-073399	3	Knightscope, Inc.	Series S Preferred Stock,	908166	0	$7,259,024	
0001445866-20-000852	1	CityZenith Holdings, Inc.	CrowdSafe	1377500	0	$1,070,000	
0001477932-20-003355	1	LB 1 LLC	Common Membership Interest	100	0	$100.00 Founding Capital Contribution	
0001104659-20-072822	1	Guard Dog, Inc. (predecessor)	convertible notes	350000	0	0	
0001683168-20-001940	1	My Racehorse CA LLC	See Exhibit 16.1	40275	0	5,709,835.00	
0001751158-20-000031	1	Jamestown Invest 1, LLC	Common Shares	550100	550100	$5,501,000 (10.00 per common share)	Same as above
0001594062-20-000053	2	Brazil Potash Corp.	Common Shares	2982172	0	Issued 2,982,172 common shares for gross proceeds of $3,782,172	
0001594062-20-000053	1	Brazil Potash Corp.	Common Shares	2982172	0	Issued 2,982,172 common shares for gross proceeds of $3,782,172	
0001594062-20-000053	3	Brazil Potash Corp.	Common Shares	2982172	0	Issued 2,982,172 common shares for gross proceeds of $3,782,172	
0001062993-20-002780	1	Shackelford Pharma Inc.	Common Shares	800000	0	$40,000 CAN, issued at $0.05	
0001683168-20-001927	2	Cloudastructure, Inc.	Simple Agreement for Future Equity (SAFEs)	712675	0	712675	
0001683168-20-001927	1	Cloudastructure, Inc.	Simple Agreement for Future Equity (SAFEs)	712675	0	712675	
0001683168-20-001927	3	Cloudastructure, Inc.	Simple Agreement for Future Equity (SAFEs)	712675	0	712675	
0001477932-20-003289	1	Beyond Wellness International, Inc.	Common Stock	668000	0	$668,000 cash purchase	
0001683168-20-001907	1	Advanced Bio-Oil Technologies Ltd.	Convertible Preferred Stock Class A	28500000	0	$28,500.00 - $0.001/share; paid for in full by the Founders and initial Management, also founding shareholders.	
0001493152-20-010742	1	BacTech Environmental Corporation	Common Stock	4266667	0	$64,000	
0001758533-20-000006	1	Evolution Development Group, Inc.	Class B Common Stock	200000	0	$250,000 at $1.25 per share	
0001213900-20-014314	1	Fig Publishing, Inc.	Fig Game Shares - Chorus	372	0	$372,000	
0001213900-20-014314	2	Fig Publishing, Inc.	Fig Game Shares - Chorus	372	0	$372,000	
0001104659-20-070546	1	GROUNDFLOOR FINANCE INC.	Warrants for purchase of Common Stock	10550	0	Fair market value of the warrants at the time of issuance was $140,000, using the Black-Scholes-Morton pricing model.	
0001683168-20-001888	1	Iroquois Valley Farms LLC	Debt Securities	1005000	0	$1,005,000 cash	
0001683168-20-001888	2	Iroquois Valley Farms LLC	Debt Securities	1005000	0	$1,005,000 cash	
0001575705-20-000100	1	Zimmerman BioPharma Holding, Inc.	Series A-1 Preferred Stock	3000000	3000000	$1.00. The shares were first transferred by the issuer's chief executive officer to the corporation's secretary to hold the shares as an accommodation pending negotiation of final terms for the acquisition of Zimmerman Bioparmaceuticals, Inc. Upon completion of negotiations, the corporation's secretary transferred the shares to the stockholders of Zimmerman Biopharmaceuticals, Inc. and a designee as consideration for the stockholders' transfer of all the equity securities of Zimmerman Bioparmaceuticals, Inc. to the issuer.	Series A-1 Preferred Stock was issued in 2016 for acquisition valued at $1.00
0001731122-20-000621	1	GME Innotainment, Inc.	Common Stock	230118278	0	208070	
0001214659-20-005420	1	Atlis Motor Vehicles, Inc	Class A Common Stock	342355	0	178212.63	
0001493152-20-010587	1	Masterworks 017, LLC	Membership Interests	1000	0	100% of the membership interests in Masterworks 017, LLC were issued to Masterworks Gallery, LLC in return for a capital contribution of $100	
0001477932-20-003219	1	Beyond Wellness International, Inc.	Common Stock	668000	0	$668,000 cash purchase	
0001493152-20-010410	1	Can B Corp.	Common Stock	1347195	25616	$3,088,100 and services, basis was price negotiated between investors and issuer.	Issued to officers and significant employees pursuant to executive employment agreements.
0001493152-20-010410	3	Can B Corp.	Common Stock	1347195	25616	$3,088,100 and services, basis was price negotiated between investors and issuer.	Issued to officers and significant employees pursuant to executive employment agreements.
0001493152-20-010410	2	Can B Corp.	Common Stock	1347195	25616	$3,088,100 and services, basis was price negotiated between investors and issuer.	Issued to officers and significant employees pursuant to executive employment agreements.
0001754259-20-000006	1	American Condor Resources Corporation	Common Shares	470120	0	$470,120 at discretion of the Board of Directors	
0001493152-20-010344	25	Vivos Inc.	Series B Convertible Preferred Stock	100000	100000	$50,000	$50,000
0001493152-20-010344	26	Vivos Inc.	Series B Convertible Preferred Stock	100000	100000	$50,000	$50,000
0001493152-20-010344	27	Vivos Inc.	Series B Convertible Preferred Stock	100000	100000	$50,000	$50,000
0001493152-20-010344	28	Vivos Inc.	Series B Convertible Preferred Stock	100000	100000	$50,000	$50,000
0001493152-20-010344	29	Vivos Inc.	Series B Convertible Preferred Stock	100000	100000	$50,000	$50,000
0001493152-20-010344	30	Vivos Inc.	Series B Convertible Preferred Stock	100000	100000	$50,000	$50,000
0001493152-20-010344	31	Vivos Inc.	Series B Convertible Preferred Stock	100000	100000	$50,000	$50,000
0001493152-20-010344	32	Vivos Inc.	Series B Convertible Preferred Stock	100000	100000	$50,000	$50,000
0001493152-20-010344	1	Vivos Inc.	Series B Convertible Preferred Stock	100000	100000	$50,000	$50,000
0001493152-20-010344	2	Vivos Inc.	Series B Convertible Preferred Stock	100000	100000	$50,000	$50,000
0001493152-20-010344	3	Vivos Inc.	Series B Convertible Preferred Stock	100000	100000	$50,000	$50,000
0001493152-20-010344	4	Vivos Inc.	Series B Convertible Preferred Stock	100000	100000	$50,000	$50,000
0001493152-20-010344	5	Vivos Inc.	Series B Convertible Preferred Stock	100000	100000	$50,000	$50,000
0001493152-20-010344	6	Vivos Inc.	Series B Convertible Preferred Stock	100000	100000	$50,000	$50,000
0001493152-20-010344	7	Vivos Inc.	Series B Convertible Preferred Stock	100000	100000	$50,000	$50,000
0001493152-20-010344	8	Vivos Inc.	Series B Convertible Preferred Stock	100000	100000	$50,000	$50,000
0001493152-20-010344	9	Vivos Inc.	Series B Convertible Preferred Stock	100000	100000	$50,000	$50,000
0001493152-20-010344	10	Vivos Inc.	Series B Convertible Preferred Stock	100000	100000	$50,000	$50,000
0001493152-20-010344	11	Vivos Inc.	Series B Convertible Preferred Stock	100000	100000	$50,000	$50,000
0001493152-20-010344	12	Vivos Inc.	Series B Convertible Preferred Stock	100000	100000	$50,000	$50,000
0001493152-20-010344	13	Vivos Inc.	Series B Convertible Preferred Stock	100000	100000	$50,000	$50,000
0001493152-20-010344	14	Vivos Inc.	Series B Convertible Preferred Stock	100000	100000	$50,000	$50,000
0001493152-20-010344	15	Vivos Inc.	Series B Convertible Preferred Stock	100000	100000	$50,000	$50,000
0001493152-20-010344	16	Vivos Inc.	Series B Convertible Preferred Stock	100000	100000	$50,000	$50,000
0001493152-20-010344	17	Vivos Inc.	Series B Convertible Preferred Stock	100000	100000	$50,000	$50,000
0001493152-20-010344	18	Vivos Inc.	Series B Convertible Preferred Stock	100000	100000	$50,000	$50,000
0001493152-20-010344	19	Vivos Inc.	Series B Convertible Preferred Stock	100000	100000	$50,000	$50,000
0001493152-20-010344	20	Vivos Inc.	Series B Convertible Preferred Stock	100000	100000	$50,000	$50,000
0001493152-20-010344	21	Vivos Inc.	Series B Convertible Preferred Stock	100000	100000	$50,000	$50,000
0001493152-20-010344	22	Vivos Inc.	Series B Convertible Preferred Stock	100000	100000	$50,000	$50,000
0001493152-20-010344	33	Vivos Inc.	Series B Convertible Preferred Stock	100000	100000	$50,000	$50,000
0001493152-20-010344	23	Vivos Inc.	Series B Convertible Preferred Stock	100000	100000	$50,000	$50,000
0001493152-20-010344	24	Vivos Inc.	Series B Convertible Preferred Stock	100000	100000	$50,000	$50,000
0001754259-20-000004	1	American Condor Resources Corporation	Common Shares	28500	0	28500	
0001493152-20-010270	1	Elegance Brands, Inc.	Class B Common Stock	91400000	0	201,887 paid in cash	
0001486452-20-000004	3	CLIKIA CORP.	COMMON STOCK	13200	0	ISSUED PURSUANT TO SETTLEMENT AGREEMENT AND STIPULATION CONVERSION FOR $2100	SAME AS (c)(1)
0001486452-20-000004	2	CLIKIA CORP.	COMMON STOCK	13200	0	ISSUED PURSUANT TO SETTLEMENT AGREEMENT AND STIPULATION CONVERSION FOR $2100	SAME AS (c)(1)
0001486452-20-000004	1	CLIKIA CORP.	COMMON STOCK	13200	0	ISSUED PURSUANT TO SETTLEMENT AGREEMENT AND STIPULATION CONVERSION FOR $2100	SAME AS (c)(1)
0001486452-20-000004	4	CLIKIA CORP.	COMMON STOCK	13200	0	ISSUED PURSUANT TO SETTLEMENT AGREEMENT AND STIPULATION CONVERSION FOR $2100	SAME AS (c)(1)
0001486452-20-000003	1	CLIKIA CORP.	COMMON STOCK	13200	0	ISSUED PURSUANT TO SETTLEMENT AGREEMENT AND STIPULATION CONVERSION FOR $2100	SAME AS (c)(1)
0001486452-20-000003	2	CLIKIA CORP.	COMMON STOCK	13200	0	ISSUED PURSUANT TO SETTLEMENT AGREEMENT AND STIPULATION CONVERSION FOR $2100	SAME AS (c)(1)
0001486452-20-000003	3	CLIKIA CORP.	COMMON STOCK	13200	0	ISSUED PURSUANT TO SETTLEMENT AGREEMENT AND STIPULATION CONVERSION FOR $2100	SAME AS (c)(1)
0001486452-20-000003	4	CLIKIA CORP.	COMMON STOCK	13200	0	ISSUED PURSUANT TO SETTLEMENT AGREEMENT AND STIPULATION CONVERSION FOR $2100	SAME AS (c)(1)
0001104659-20-067911	1	BRIX REIT, Inc.	Common Stock	12200	0	$61,000 at $5.00 per share	
0001683168-20-001793	1	My Racehorse CA LLC	See Exhibit 16.1	39640	0	4,799,668.00	
0001760319-20-000020	1	CANNABINOID BIOSCIENCES, INC	COMMON STOCK	7700000	0	56100	
0001104659-20-067786	2	Fisher Wallace Laboratories Inc.	Class A Common Stock	6000000	0	Assets of predecessor entity.	
0001104659-20-067786	1	Fisher Wallace Laboratories Inc.	Class A Common Stock	6000000	0	Assets of predecessor entity.	
0001104659-20-067672	4	Scopus Biopharma Inc.	units comprised of shares of common stock and warrants	150169	0	$450,507 in connection with the sale of each unit, consisting of one share of common stock and two warrants, for $3.00 per unit.	
0001104659-20-067672	3	Scopus Biopharma Inc.	units comprised of shares of common stock and warrants	150169	0	$450,507 in connection with the sale of each unit, consisting of one share of common stock and two warrants, for $3.00 per unit.	
0001104659-20-067672	2	Scopus Biopharma Inc.	units comprised of shares of common stock and warrants	150169	0	$450,507 in connection with the sale of each unit, consisting of one share of common stock and two warrants, for $3.00 per unit.	
0001104659-20-067672	1	Scopus Biopharma Inc.	units comprised of shares of common stock and warrants	150169	0	$450,507 in connection with the sale of each unit, consisting of one share of common stock and two warrants, for $3.00 per unit.	
0001104659-20-067632	1	Cytonics Corporation	Convertible Promissory Note	486511	0	$486,511 in cash proceeds.	
0001104659-20-067632	2	Cytonics Corporation	Convertible Promissory Note	486511	0	$486,511 in cash proceeds.	
0001493152-20-010056	1	Masterworks 016, LLC	Membership Interests	1000	0	100% of the membership interests in Masterworks 016, LLC were issued to Masterworks Gallery, LLC in return for a capital contribution of $100	
0001493152-20-010018	2	Zenlabs Holdings, Inc.	Subordinate Voting Stock	20454523	1	4,580,194, basis was price negotiated between investors and issuer.	Issued to Michael Boshart for incorporation services
0001493152-20-010018	1	Zenlabs Holdings, Inc.	Subordinate Voting Stock	20454523	1	4,580,194, basis was price negotiated between investors and issuer.	Issued to Michael Boshart for incorporation services
0001104659-20-066991	1	GROUNDFLOOR FINANCE INC.	Warrants for purchase of Common Stock	10550	0	Fair market value of the warrants at the time of issuance was $140,000, using the Black-Scholes-Morton pricing model.	
0001758533-20-000005	1	Evolution Development Group, Inc.	Class B Common Stock	200000	0	$250,000 at $1.25 per share	
0001754259-20-000002	1	American Condor Resources Corporation	Common Shares	28500	0	28500	
0001376474-20-000130	1	Alt 5 Sigma, Inc.	Common stock	762527	0	$762,527, Shares sold at $1.00 per share	
0001477932-20-003076	1	World Tree USA, LLC	Series A 2018 COP Units	240296	0	$189,294	
0001493152-20-009972	1	Quara Devices Inc.	Shares of Common Stock and Options exercisable for shares of Common Stock	41957361	0	$907,036, representing 20,357,361 shares issued at $0.0001 per share and 18,100,000 shares issued at $0.05 per share (including per share value of services for grants of shares). No consideration was received in connection with the issuance of Options.	
0001104659-20-065956	1	CaliberCos Inc.	Common Stock	839448	30619	1438148	55,941
0001104659-20-065956	2	CaliberCos Inc.	Common Stock	839448	30619	1438148	55,941
0001493152-20-009852	1	Masterworks 015, LLC	Membership Interests	1000	0	100% of the membership interests in Masterworks 015, LLC were issued to Masterworks Gallery, LLC in return for a capital contribution of $100	
0001683168-20-001736	3	Cloudastructure, Inc.	Simple Agreement for Future Equity (SAFEs)	712675	0	712675	
0001683168-20-001736	1	Cloudastructure, Inc.	Simple Agreement for Future Equity (SAFEs)	712675	0	712675	
0001683168-20-001736	2	Cloudastructure, Inc.	Simple Agreement for Future Equity (SAFEs)	712675	0	712675	
0001493152-20-009791	1	Masterworks 012, LLC	Membership Interests	1000	0	100% of the membership interests in Masterworks 012, LLC were issued to Masterworks Gallery, LLC in return for a capital contribution of $100	
0001171520-20-000240	2	GEAR Capital Inc.	Common stock	10000000	0	10.00 ($0.000001 per share)	
0001171520-20-000240	1	GEAR Capital Inc.	Common stock	10000000	0	10.00 ($0.000001 per share)	
0001477932-20-003017	1	Beyond Wellness International, Inc.	Common Stock	668000	0	$668,000 cash purchase	
0001445866-20-000730	1	CityZenith Holdings, Inc.	CrowdSafe	1377500	0	$1,070,000	
0001493152-20-009732	1	Masterworks 009, LLC	Membership Interests	1000	0	100% of the membership interests in Masterworks 009, LLC were issued to Masterworks Gallery, LLC in return for a capital contribution of $100	
0001575705-20-000092	1	Clickstream Corporation	Series A Preferred Stock	4000000	0	$4,000 for cash and services provided	
0001493152-20-009687	1	No Borders, Inc.	Common Stock	100350000	0	$2,007,000	
0001493152-20-009679	1	Novo Integrated Sciences, Inc.	Common Stock	9963249	0	Aggregate consideration: $6,513,457: 913,113 shares issued at average price of $0.8584 per share and 9,050,136 shares issued in connection with acquisitions at average value of $0.6331 per share.	
0001104659-20-064903	1	Solutions Vending International, Inc.	Convertible Promissory Notes	30000	0	$30,000	
0001104659-20-064903	2	Solutions Vending International, Inc.	Convertible Promissory Notes	30000	0	$30,000	
0001493152-20-009618	1	Masterworks 014, LLC	Membership Interests	1000	0	100% of the membership interests in Masterworks 014, LLC were issued to Masterworks Gallery, LLC in return for a capital contribution of $100	
0001493152-20-009586	21	Vivos Inc.	Series B Convertible Preferred Stock	100000	100000	$50,000	$50,000
0001493152-20-009586	22	Vivos Inc.	Series B Convertible Preferred Stock	100000	100000	$50,000	$50,000
0001493152-20-009586	23	Vivos Inc.	Series B Convertible Preferred Stock	100000	100000	$50,000	$50,000
0001493152-20-009586	24	Vivos Inc.	Series B Convertible Preferred Stock	100000	100000	$50,000	$50,000
0001493152-20-009586	25	Vivos Inc.	Series B Convertible Preferred Stock	100000	100000	$50,000	$50,000
0001493152-20-009586	26	Vivos Inc.	Series B Convertible Preferred Stock	100000	100000	$50,000	$50,000
0001493152-20-009586	27	Vivos Inc.	Series B Convertible Preferred Stock	100000	100000	$50,000	$50,000
0001493152-20-009586	28	Vivos Inc.	Series B Convertible Preferred Stock	100000	100000	$50,000	$50,000
0001493152-20-009586	29	Vivos Inc.	Series B Convertible Preferred Stock	100000	100000	$50,000	$50,000
0001493152-20-009586	30	Vivos Inc.	Series B Convertible Preferred Stock	100000	100000	$50,000	$50,000
0001493152-20-009586	31	Vivos Inc.	Series B Convertible Preferred Stock	100000	100000	$50,000	$50,000
0001493152-20-009586	32	Vivos Inc.	Series B Convertible Preferred Stock	100000	100000	$50,000	$50,000
0001493152-20-009586	33	Vivos Inc.	Series B Convertible Preferred Stock	100000	100000	$50,000	$50,000
0001493152-20-009586	1	Vivos Inc.	Series B Convertible Preferred Stock	100000	100000	$50,000	$50,000
0001493152-20-009586	2	Vivos Inc.	Series B Convertible Preferred Stock	100000	100000	$50,000	$50,000
0001493152-20-009586	3	Vivos Inc.	Series B Convertible Preferred Stock	100000	100000	$50,000	$50,000
0001493152-20-009586	4	Vivos Inc.	Series B Convertible Preferred Stock	100000	100000	$50,000	$50,000
0001493152-20-009586	5	Vivos Inc.	Series B Convertible Preferred Stock	100000	100000	$50,000	$50,000
0001493152-20-009586	6	Vivos Inc.	Series B Convertible Preferred Stock	100000	100000	$50,000	$50,000
0001493152-20-009586	7	Vivos Inc.	Series B Convertible Preferred Stock	100000	100000	$50,000	$50,000
0001493152-20-009586	8	Vivos Inc.	Series B Convertible Preferred Stock	100000	100000	$50,000	$50,000
0001493152-20-009586	9	Vivos Inc.	Series B Convertible Preferred Stock	100000	100000	$50,000	$50,000
0001493152-20-009586	10	Vivos Inc.	Series B Convertible Preferred Stock	100000	100000	$50,000	$50,000
0001493152-20-009586	11	Vivos Inc.	Series B Convertible Preferred Stock	100000	100000	$50,000	$50,000
0001493152-20-009586	12	Vivos Inc.	Series B Convertible Preferred Stock	100000	100000	$50,000	$50,000
0001493152-20-009586	13	Vivos Inc.	Series B Convertible Preferred Stock	100000	100000	$50,000	$50,000
0001493152-20-009586	14	Vivos Inc.	Series B Convertible Preferred Stock	100000	100000	$50,000	$50,000
0001493152-20-009586	15	Vivos Inc.	Series B Convertible Preferred Stock	100000	100000	$50,000	$50,000
0001493152-20-009586	16	Vivos Inc.	Series B Convertible Preferred Stock	100000	100000	$50,000	$50,000
0001493152-20-009586	17	Vivos Inc.	Series B Convertible Preferred Stock	100000	100000	$50,000	$50,000
0001493152-20-009586	18	Vivos Inc.	Series B Convertible Preferred Stock	100000	100000	$50,000	$50,000
0001493152-20-009586	19	Vivos Inc.	Series B Convertible Preferred Stock	100000	100000	$50,000	$50,000
0001493152-20-009586	20	Vivos Inc.	Series B Convertible Preferred Stock	100000	100000	$50,000	$50,000
0001213900-20-013167	1	Called Higher Studios, Inc.	Class A Voting Common Stock	1074993	0	$1,006,248 at $1.00 per share.	
0001683168-20-001689	3	LiquidPiston, Inc.	Series Seed-1 Preferred Stock	88105	0	$1,063,591 principal and interest	
0001683168-20-001689	2	LiquidPiston, Inc.	Series Seed-1 Preferred Stock	88105	0	$1,063,591 principal and interest	
0001683168-20-001689	1	LiquidPiston, Inc.	Series Seed-1 Preferred Stock	88105	0	$1,063,591 principal and interest	
0001760319-20-000019	1	CANNABINOID BIOSCIENCES, INC	Common Stock	7700000	0	56100	
0001477932-20-002933	1	Paradyme Equities, LLC	Class B Interests	1000	0	1000	
0001477932-20-002931	1	World Tree USA, LLC	Series A 2018 COP Units	240296	0	$189,294	
0001640334-20-001269	1	Chemesis International Inc.	Convertible debt	1100000	0	$1,100,000, $1/ convertible debt unit convertible into shares at USD$1/ share	
0001104659-20-063364	2	StartEngine Crowdfunding, Inc.	Common Stock	1067383	0	$8,005,372.50 at $7.50 per shares	
0001104659-20-063364	1	StartEngine Crowdfunding, Inc.	Common Stock	1067383	0	$8,005,372.50 at $7.50 per shares	
0001731122-20-000534	1	GME Innotainment, Inc.	Common Stock	230118278	0	208070	
0001213900-20-012706	1	Remembrance Group, Inc.	Unsecured Convertible Notes	1600000	0	1600000	
0001493152-20-008860	1	Masterworks 009, LLC	Membership Interests	1000	0	100% of the membership interests in Masterworks 009, LLC were issued to Masterworks Gallery, LLC in return for a capital contribution of $100	
0001477932-20-002629	1	LB 1 LLC	Common Membership Interest	100	0	$100.00 Founding Capital Contribution	
0001104659-20-060692	1	GROUNDFLOOR FINANCE INC.	Warrants for purchase of Common Stock	10550	0	Fair market value of the warrants at the time of issuance was $140,000, using the Black-Scholes-Morton pricing model.	
0001213900-20-011960	2	Concreit Fund I LLC	Common Shares	10000	0	$10,000 ($1.00 per Common Share)	
0001213900-20-011960	1	Concreit Fund I LLC	Common Shares	10000	0	$10,000 ($1.00 per Common Share)	
0001104659-20-060415	1	DIGITAL DEVELOPMENT PARTNERS, INC.	COMMON STOCK	18221906	0	$894,454 of debt cancelled.	
0001104659-20-060415	4	DIGITAL DEVELOPMENT PARTNERS, INC.	COMMON STOCK	18221906	0	$894,454 of debt cancelled.	
0001104659-20-060415	3	DIGITAL DEVELOPMENT PARTNERS, INC.	COMMON STOCK	18221906	0	$894,454 of debt cancelled.	
0001104659-20-060415	2	DIGITAL DEVELOPMENT PARTNERS, INC.	COMMON STOCK	18221906	0	$894,454 of debt cancelled.	
0001493152-20-008401	1	Masterworks 013, LLC	Membership Interests	1000	0	100% of the membership interests in Masterworks 013, LLC were issued to Masterworks Gallery, LLC in return for a capital contribution of $100	
0001213900-20-011738	3	Audition Showdown Inc.	Multiple Voting Shares	18000000	0	$1,800, at $0.0001 per share (expressed in Canadian dollars)	
0001213900-20-011738	1	Audition Showdown Inc.	Multiple Voting Shares	18000000	0	$1,800, at $0.0001 per share (expressed in Canadian dollars)	
0001213900-20-011738	2	Audition Showdown Inc.	Multiple Voting Shares	18000000	0	$1,800, at $0.0001 per share (expressed in Canadian dollars)	
0001213900-20-011711	1	YouNow, Inc.	Tokens	22344558	0	Upon conversion of SAFTs and DPAs; pursuant to adviser grants for services; pursuant to this offering; and in a Regulation D offering for $1,880,000 of cash and other consideration (at a price of $0.07 per token).	
0001213900-20-011711	3	YouNow, Inc.	Tokens	22344558	0	Upon conversion of SAFTs and DPAs; pursuant to adviser grants for services; pursuant to this offering; and in a Regulation D offering for $1,880,000 of cash and other consideration (at a price of $0.07 per token).	
0001213900-20-011711	2	YouNow, Inc.	Tokens	22344558	0	Upon conversion of SAFTs and DPAs; pursuant to adviser grants for services; pursuant to this offering; and in a Regulation D offering for $1,880,000 of cash and other consideration (at a price of $0.07 per token).	
0001722969-20-000007	1	Atlis Motor Vehicles, Inc	Class A Common Stock	342355	0	178212.63	
0001493152-20-008125	1	Masterworks 009, LLC	Membership Interests	1000	0	100% of the membership interests in Masterworks 009, LLC were issued to Masterworks Gallery, LLC in return for a capital contribution of $100	
0001663577-20-000122	1	LifeQuest World Corp.	Common Stock	77000000	0	7700	
0001722969-20-000006	1	Atlis Motor Vehicles, Inc	Class A Common Stock	342355	0	178212.63	
0001445866-20-000557	1	CityZenith Holdings, Inc.	CrowdSafe	1377500	0	$1,070,000	
0001663577-20-000117	1	Cannagistics Inc.	Common Stock	40000000	0	N/A	
0001171520-20-000206	1	Gulf Chronic Care Inc.	common stock	11450000	0	$145000	
0001594062-20-000036	1	Brazil Potash Corp.	Common Shares	2982172	0	Issued 2,982,172 common shares for gross proceeds of $3,782,172	
0001594062-20-000036	2	Brazil Potash Corp.	Common Shares	2982172	0	Issued 2,982,172 common shares for gross proceeds of $3,782,172	
0001594062-20-000036	3	Brazil Potash Corp.	Common Shares	2982172	0	Issued 2,982,172 common shares for gross proceeds of $3,782,172	
0001731122-20-000438	1	GME Innotainment, Inc.	Common Stock	86695638	0	208070	
0001104659-20-056081	1	iConsumer Corp.	Series A Non-Voting Preferred Stock	917469	0	$146,402, at various prices per share	
0001722969-20-000004	1	Atlis Motor Vehicles, Inc	Class A Common Stock	342355	0	178212.63	
0001062993-20-002097	1	Shackelford Pharma Inc.	Common Shares	800000	0	$40,000 CAN, issued at $0.05	
0001760319-20-000016	1	CANNABINOID BIOSCIENCES, INC	COMMON STOCK	7700000	0	56100	
0001104659-20-055027	2	StartEngine Crowdfunding, Inc.	Common Stock	1067383	0	$8,005,372.50 at $7.50 per shares	
0001104659-20-055027	1	StartEngine Crowdfunding, Inc.	Common Stock	1067383	0	$8,005,372.50 at $7.50 per shares	
0001104659-20-054693	1	Fundrise Balanced eREIT II, LLC	Common Shares	500	500	$5,000 ($10.00 per common share)	Same as above
0001575705-20-000063	1	Clickstream Corporation	Series A Preferred Stock	4000000	0	$4,000 for cash and services provided	
0001683168-20-001361	1	My Racehorse CA LLC	See Exhibit 16.1	34892	0	4,366,176	
0001104659-20-054561	3	T Stamp Inc.	SAFE	2239953	0	$2,236,953 - valuation cap of $20,000,000	
0001104659-20-054561	2	T Stamp Inc.	SAFE	2239953	0	$2,236,953 - valuation cap of $20,000,000	
0001104659-20-054561	1	T Stamp Inc.	SAFE	2239953	0	$2,236,953 - valuation cap of $20,000,000	
0001104659-20-054561	4	T Stamp Inc.	SAFE	2239953	0	$2,236,953 - valuation cap of $20,000,000	
0001104659-20-054283	1	T Stamp Inc.	SAFE	2239953	0	$2,236,953 - valuation cap of $20,000,000	
0001104659-20-054283	2	T Stamp Inc.	SAFE	2239953	0	$2,236,953 - valuation cap of $20,000,000	
0001104659-20-054283	4	T Stamp Inc.	SAFE	2239953	0	$2,236,953 - valuation cap of $20,000,000	
0001104659-20-054283	3	T Stamp Inc.	SAFE	2239953	0	$2,236,953 - valuation cap of $20,000,000	
0001213900-20-010594	3	Manufactured Housing Properties Inc.	Series A Cumulative Convertible Preferred Stock	1890000	0	$4,725,000 ($2.5 per share)	
0001213900-20-010594	1	Manufactured Housing Properties Inc.	Series A Cumulative Convertible Preferred Stock	1890000	0	$4,725,000 ($2.5 per share)	
0001213900-20-010594	2	Manufactured Housing Properties Inc.	Series A Cumulative Convertible Preferred Stock	1890000	0	$4,725,000 ($2.5 per share)	
0001213900-20-010594	4	Manufactured Housing Properties Inc.	Series A Cumulative Convertible Preferred Stock	1890000	0	$4,725,000 ($2.5 per share)	
0001493152-20-007407	17	Vivos Inc.	Series B Convertible Preferred Stock	100000	100000	$50,000	$50,000
0001493152-20-007407	18	Vivos Inc.	Series B Convertible Preferred Stock	100000	100000	$50,000	$50,000
0001493152-20-007407	19	Vivos Inc.	Series B Convertible Preferred Stock	100000	100000	$50,000	$50,000
0001493152-20-007407	20	Vivos Inc.	Series B Convertible Preferred Stock	100000	100000	$50,000	$50,000
0001493152-20-007407	21	Vivos Inc.	Series B Convertible Preferred Stock	100000	100000	$50,000	$50,000
0001493152-20-007407	22	Vivos Inc.	Series B Convertible Preferred Stock	100000	100000	$50,000	$50,000
0001493152-20-007407	23	Vivos Inc.	Series B Convertible Preferred Stock	100000	100000	$50,000	$50,000
0001493152-20-007407	24	Vivos Inc.	Series B Convertible Preferred Stock	100000	100000	$50,000	$50,000
0001493152-20-007407	25	Vivos Inc.	Series B Convertible Preferred Stock	100000	100000	$50,000	$50,000
0001493152-20-007407	26	Vivos Inc.	Series B Convertible Preferred Stock	100000	100000	$50,000	$50,000
0001493152-20-007407	27	Vivos Inc.	Series B Convertible Preferred Stock	100000	100000	$50,000	$50,000
0001493152-20-007407	28	Vivos Inc.	Series B Convertible Preferred Stock	100000	100000	$50,000	$50,000
0001493152-20-007407	29	Vivos Inc.	Series B Convertible Preferred Stock	100000	100000	$50,000	$50,000
0001493152-20-007407	30	Vivos Inc.	Series B Convertible Preferred Stock	100000	100000	$50,000	$50,000
0001493152-20-007407	31	Vivos Inc.	Series B Convertible Preferred Stock	100000	100000	$50,000	$50,000
0001493152-20-007407	32	Vivos Inc.	Series B Convertible Preferred Stock	100000	100000	$50,000	$50,000
0001493152-20-007407	33	Vivos Inc.	Series B Convertible Preferred Stock	100000	100000	$50,000	$50,000
0001493152-20-007407	1	Vivos Inc.	Series B Convertible Preferred Stock	100000	100000	$50,000	$50,000
0001493152-20-007407	2	Vivos Inc.	Series B Convertible Preferred Stock	100000	100000	$50,000	$50,000
0001493152-20-007407	3	Vivos Inc.	Series B Convertible Preferred Stock	100000	100000	$50,000	$50,000
0001493152-20-007407	4	Vivos Inc.	Series B Convertible Preferred Stock	100000	100000	$50,000	$50,000
0001493152-20-007407	5	Vivos Inc.	Series B Convertible Preferred Stock	100000	100000	$50,000	$50,000
0001493152-20-007407	6	Vivos Inc.	Series B Convertible Preferred Stock	100000	100000	$50,000	$50,000
0001493152-20-007407	7	Vivos Inc.	Series B Convertible Preferred Stock	100000	100000	$50,000	$50,000
0001493152-20-007407	8	Vivos Inc.	Series B Convertible Preferred Stock	100000	100000	$50,000	$50,000
0001493152-20-007407	9	Vivos Inc.	Series B Convertible Preferred Stock	100000	100000	$50,000	$50,000
0001493152-20-007407	10	Vivos Inc.	Series B Convertible Preferred Stock	100000	100000	$50,000	$50,000
0001493152-20-007407	11	Vivos Inc.	Series B Convertible Preferred Stock	100000	100000	$50,000	$50,000
0001493152-20-007407	12	Vivos Inc.	Series B Convertible Preferred Stock	100000	100000	$50,000	$50,000
0001493152-20-007407	13	Vivos Inc.	Series B Convertible Preferred Stock	100000	100000	$50,000	$50,000
0001493152-20-007407	14	Vivos Inc.	Series B Convertible Preferred Stock	100000	100000	$50,000	$50,000
0001493152-20-007407	15	Vivos Inc.	Series B Convertible Preferred Stock	100000	100000	$50,000	$50,000
0001493152-20-007407	16	Vivos Inc.	Series B Convertible Preferred Stock	100000	100000	$50,000	$50,000
0001688804-20-000003	1	RSE Collection, LLC	Series #77LE1, a series of RSE Collection, LLC	2000	0	Aggregate amount: $77,700 Basis of Computing: 2000 LLC Interests at $38.85 per Interest	
0001477932-20-002295	1	World Tree USA, LLC	Series A 2018 COP Units	240296	0	$189,294	
0001683168-20-001302	1	GRASS QOZF, INC.	Common Stock	47814974	47814974	$2,937,793	N/A
0001213900-20-010079	1	Remembrance Group, Inc.	Unsecured Convertible Notes	1600000	0	1600000	
0001663577-20-000104	1	LifeQuest World Corp.	Common Stock	77000000	0	7700	
0001477932-20-002174	1	Beyond Wellness International, Inc.	Common Stock	668000	0	$668,000 cash purchase	
0001493152-20-007077	1	Masterworks 012, LLC	Membership Interests	1000	0	100% of the membership interests in Masterworks 012, LLC were issued to Masterworks Gallery, LLC in return for a capital contribution of $100	
0001493152-20-007030	2	Zenlabs Holdings, Inc.	Subordinate Voting Stock	20454523	1	4,580,194, basis was price negotiated between investors and issuer.	Issued to Michael Boshart for incorporation services
0001493152-20-007030	1	Zenlabs Holdings, Inc.	Subordinate Voting Stock	20454523	1	4,580,194, basis was price negotiated between investors and issuer.	Issued to Michael Boshart for incorporation services
0001213900-20-009859	2	Concreit Fund I LLC	Common Shares	10000	0	$10,000 ($1.00 per Common Share)	
0001213900-20-009859	1	Concreit Fund I LLC	Common Shares	10000	0	$10,000 ($1.00 per Common Share)	
0001553350-20-000352	1	Energy and Water Development Corp	Common Shares	5548550	0	420,000 shares issued as payment of services, 4,,917,350 shares issued for conversion of debt and 211,200 shares issued as a sale to investors	
0001771443-20-000001	1	Priza Technologies, Inc.	SAFT	225000	0	$225000 at Discretion of Management	
0001493152-20-006617	1	Masterworks 011, LLC	Membership Interests	1000	0	100% of the membership interests in Masterworks 011, LLC were issued to Masterworks Gallery, LLC in return for a capital contribution of $100	
0001104659-20-048054	1	T Stamp Inc.	SAFE	2239953	0	$2,236,953 - valuation cap of $20,000,000	
0001104659-20-048054	2	T Stamp Inc.	SAFE	2239953	0	$2,236,953 - valuation cap of $20,000,000	
0001104659-20-048054	3	T Stamp Inc.	SAFE	2239953	0	$2,236,953 - valuation cap of $20,000,000	
0001104659-20-048004	1	Cytonics Corporation	Convertible Promissory Note	486511	0	$486,511 in cash proceeds.	
0001104659-20-048004	2	Cytonics Corporation	Convertible Promissory Note	486511	0	$486,511 in cash proceeds.	
0001683168-20-001212	1	GREEN STREAM HOLDINGS INC.	Common stock; Series B Preferred Stock	31760680	0	0	
0001477932-20-002000	1	Own Our Own Fund I, LLC	Class B Interests	1000	0	1000	
0001683168-20-001195	1	GREEN STREAM HOLDINGS INC.	Common stock; Series B Preferred Stock	31760680	0	0	
0001445866-20-000395	1	Solar Integrated Roofing Corp.	Common Stock	59498716	0	1928047	
0001445866-20-000390	1	CityZenith Holdings, Inc.	CrowdSafe	1377500	0	$1,070,000	
0001683168-20-001148	1	GREEN STREAM HOLDINGS INC.	Common stock; Series B Preferred Stock	31760680	0	0	
0001683168-20-001145	3	Cloudastructure, Inc.	Simple Agreement for Future Equity (SAFEs)	712675	0	712675	
0001683168-20-001145	2	Cloudastructure, Inc.	Simple Agreement for Future Equity (SAFEs)	712675	0	712675	
0001683168-20-001145	1	Cloudastructure, Inc.	Simple Agreement for Future Equity (SAFEs)	712675	0	712675	
0001445866-20-000364	1	Solar Integrated Roofing Corp.	Common Stock	59498716	0	1928047	
0001493152-20-006079	1	BioQuest Corp.	Common Stock	7807000	0	152,320	
0001640334-20-000752	3	Infuzed Brands Inc.	Units (each comprised of one common share one half of one warrant)	3208522	0	1278676	
0001640334-20-000752	2	Infuzed Brands Inc.	Units (each comprised of one common share one half of one warrant)	3208522	0	1278676	
0001640334-20-000752	1	Infuzed Brands Inc.	Units (each comprised of one common share one half of one warrant)	3208522	0	1278676	
0001104659-20-044694	2	T Stamp Inc.	SAFE	2239953	0	$2,236,953 - valuation cap of $20,000,000	
0001104659-20-044694	1	T Stamp Inc.	SAFE	2239953	0	$2,236,953 - valuation cap of $20,000,000	
0001104659-20-044694	3	T Stamp Inc.	SAFE	2239953	0	$2,236,953 - valuation cap of $20,000,000	
0001437749-20-007314	1	Commonwealth Thoroughbreds LLC	Series A-1 Units	5000	5000	$5,000 capital contribution by Manager	Same
0001683168-20-001126	1	My Racehorse CA LLC	See Exhibit 16.1	34892	0	4,366,176	
0001437749-20-007246	1	Commonwealth Thoroughbreds LLC	Series A-1 Units	5000	5000	$5,000 capital contribution by Manager	Same
0001731122-20-000349	1	Secured Investment High Yield Fund II, LLC	Membership Interests	10638133	0	10,638,133 Book Value of the Membership Interests	
0001493152-20-005915	1	Masterworks 010, LLC	Membership Interests	1000	0	100% of the membership interests in Masterworks 010, LLC were issued to Masterworks Gallery, LLC in return for a capital contribution of $100	
0001104659-20-043251	1	T Stamp Inc.	SAFE	2239953	0	$2,236,953 - valuation cap of $20,000,000	
0001104659-20-043251	2	T Stamp Inc.	SAFE	2239953	0	$2,236,953 - valuation cap of $20,000,000	
0001104659-20-043251	3	T Stamp Inc.	SAFE	2239953	0	$2,236,953 - valuation cap of $20,000,000	
0001104659-20-043243	1	GROUNDFLOOR FINANCE INC.	Warrants for purchase of Common Stock	10550	0	Fair market value of the warrants at the time of issuance was $140,000, using the Black-Scholes-Morton pricing model.	
0001493152-20-005704	1	BacTech Environmental Corporation	Common Stock	101153756	0	0	
0001493152-20-005665	1	Novo Integrated Sciences, Inc.	Common Stock	9963249	0	Aggregate consideration: $6,513,457: 913,113 shares issued at average price of $0.8584 per share and 9,050,136 shares issued in connection with acquisitions at average value of $0.6331 per share.	
0001493152-20-005638	1	Masterworks 009, LLC	Membership Interests	1000	0	100% of the membership interests in Masterworks 009, LLC were issued to Masterworks Gallery, LLC in return for a capital contribution of $100	
