ACCESSION_NUMBER	SO_ID	SECURITIESOFFEREDTYPES	SECURITIESOFFEREDOTHERDESC
0001477932-20-003698	1	Equity (common or preferred stock)	
0001477932-20-003675	1	Equity (common or preferred stock)	
0001683168-20-002099	1	Equity (common or preferred stock)	
0001445866-20-000905	1	Equity (common or preferred stock)	
0001104659-20-077307	1	Debt	
0001171520-20-000274	1	Equity (common or preferred stock)	
0001477932-20-003566	1	Equity (common or preferred stock)	
0001214659-20-005899	1	Equity (common or preferred stock)	
0001520138-20-000281	1	Equity (common or preferred stock)	
0001493152-20-011803	1	Equity (common or preferred stock)	
0001553350-20-000553	1	Equity (common or preferred stock)	
0001493152-20-011782	1	Equity (common or preferred stock)	
0001104659-20-076528	1	Equity (common or preferred stock)	
0001493152-20-011742	1	Equity (common or preferred stock)	
0001493152-20-011741	1	Equity (common or preferred stock)	
0001654954-20-006927	1	Equity (common or preferred stock)	
0001213900-20-015716	1	Equity (common or preferred stock)	
0001493152-20-011694	1	Equity (common or preferred stock)	
0001683168-20-002049	1	Equity (common or preferred stock)	
0001683168-20-002046	1	Equity (common or preferred stock)	
0001213900-20-015601	1	Other(describe)	Props Tokens
0001104659-20-075778	1	Equity (common or preferred stock)	
0001477932-20-003494	1	Equity (common or preferred stock)	
0001350455-20-000007	1	Equity (common or preferred stock)	
0001078782-20-000462	1	Equity (common or preferred stock)	
0001683168-20-002018	1	Equity (common or preferred stock)	
0001683168-20-002018	2	Option, warrant or other right to acquire another security	
0001213900-20-015395	1	Equity (common or preferred stock)	
0001104659-20-075417	1	Debt	
0001104659-20-075382	1	Equity (common or preferred stock)	
0001688804-20-000005	1	Other(describe)	LLC Interests
0001104659-20-075332	1	Equity (common or preferred stock)	
0001493152-20-011525	1	Equity (common or preferred stock)	
0001493152-20-011491	1	Equity (common or preferred stock)	
0001213900-20-015338	1	Equity (common or preferred stock)	
0001445866-20-000882	1	Equity (common or preferred stock)	
0001493152-20-011459	1	Equity (common or preferred stock)	
0001477932-20-003462	1	Debt	
0001104659-20-074861	1	Equity (common or preferred stock)	
0001104659-20-074618	1	Equity (common or preferred stock)	
0001104659-20-074594	1	Equity (common or preferred stock)	
0001445866-20-000873	1	Equity (common or preferred stock)	
0001477932-20-003442	1	Equity (common or preferred stock)	
0001663577-20-000176	1	Equity (common or preferred stock)	
0001104659-20-074073	1	Equity (common or preferred stock)	
0001104659-20-073830	1	Equity (common or preferred stock)	
0001104659-20-073736	1	Equity (common or preferred stock)	
0001213900-20-015093	1	Equity (common or preferred stock)	
0001477932-20-003414	1	Equity (common or preferred stock)	
0001640334-20-001535	2	Debt	
0001640334-20-001535	3	Option, warrant or other right to acquire another security	
0001640334-20-001535	1	Equity (common or preferred stock)	
0001213900-20-015042	1	Equity (common or preferred stock)	
0001104659-20-073451	1	Equity (common or preferred stock)	
0001104659-20-073399	1	Equity (common or preferred stock)	
0001445866-20-000852	1	Equity (common or preferred stock)	
0001477932-20-003355	1	Debt	
0001104659-20-072822	1	Equity (common or preferred stock)	
0001683168-20-001940	1	Other(describe)	Series LLC Interests
0001751158-20-000031	1	Equity (common or preferred stock)	
0001767876-20-000028	1	Equity (common or preferred stock)	
0001594062-20-000053	1	Equity (common or preferred stock)	
0001062993-20-002780	1	Equity (common or preferred stock)	
0001683168-20-001927	1	Equity (common or preferred stock)	
0001683168-20-001927	2	Option, warrant or other right to acquire another security	
0001104659-20-072156	1	Equity (common or preferred stock)	
0001477932-20-003289	1	Equity (common or preferred stock)	
0001477932-20-003289	3	Security to be acquired upon exercise of option, warrant or other right to acquire security	
0001477932-20-003289	2	Option, warrant or other right to acquire another security	
0001104659-20-071827	1	Equity (common or preferred stock)	
0001683168-20-001907	1	Equity (common or preferred stock)	
0001104659-20-070867	1	Debt	
0001493152-20-010742	1	Equity (common or preferred stock)	
0001757108-20-000001	1	Equity (common or preferred stock)	
0001758533-20-000006	1	Equity (common or preferred stock)	
0001104659-20-070569	1	Equity (common or preferred stock)	
0001213900-20-014314	1	Equity (common or preferred stock)	
0001104659-20-070526	1	Equity (common or preferred stock)	
0001104659-20-070546	1	Equity (common or preferred stock)	
0001683168-20-001888	1	Equity (common or preferred stock)	
0001575705-20-000100	1	Equity (common or preferred stock)	
0001683168-20-001884	1	Equity (common or preferred stock)	
0001213900-20-014190	1	Equity (common or preferred stock)	
0001731122-20-000621	1	Equity (common or preferred stock)	
0001214659-20-005420	1	Equity (common or preferred stock)	
0001213900-20-014143	1	Equity (common or preferred stock)	
0001493152-20-010587	1	Equity (common or preferred stock)	
0001767876-20-000025	1	Equity (common or preferred stock)	
0001477932-20-003219	2	Option, warrant or other right to acquire another security	
0001477932-20-003219	3	Security to be acquired upon exercise of option, warrant or other right to acquire security	
0001477932-20-003219	1	Equity (common or preferred stock)	
0001078782-20-000411	1	Equity (common or preferred stock)	
0001493152-20-010482	1	Equity (common or preferred stock)	
0001104659-20-069101	1	Equity (common or preferred stock)	
0001493152-20-010410	1	Equity (common or preferred stock)	
0001754259-20-000006	1	Equity (common or preferred stock)	
0001193125-20-157504	1	Debt	
0001493152-20-010344	1	Equity (common or preferred stock)	
0001754259-20-000004	1	Equity (common or preferred stock)	
0001493152-20-010270	1	Equity (common or preferred stock)	
0001486452-20-000004	1	Equity (common or preferred stock)	
0001486452-20-000003	1	Equity (common or preferred stock)	
0001104659-20-067911	1	Equity (common or preferred stock)	
0001350455-20-000006	1	Equity (common or preferred stock)	
0001683168-20-001793	1	Other(describe)	Series LLC Interests
0001760319-20-000020	1	Equity (common or preferred stock)	
0001104659-20-067786	1	Equity (common or preferred stock)	
0001104659-20-067672	1	Equity (common or preferred stock)	
0001104659-20-067632	1	Equity (common or preferred stock)	
0001213900-20-013629	2	Debt	
0001213900-20-013629	1	Equity (common or preferred stock)	
0001477932-20-003102	1	Debt	
0001493152-20-010056	1	Equity (common or preferred stock)	
0001493152-20-010018	1	Equity (common or preferred stock)	
0001493152-20-010018	2	Option, warrant or other right to acquire another security	
0001104659-20-066991	1	Equity (common or preferred stock)	
0001758533-20-000005	1	Equity (common or preferred stock)	
0001754259-20-000002	1	Equity (common or preferred stock)	
0001376474-20-000130	1	Equity (common or preferred stock)	
0001477932-20-003076	1	Equity (common or preferred stock)	
0001493152-20-009972	1	Equity (common or preferred stock)	
0001477932-20-003061	1	Equity (common or preferred stock)	
0001104659-20-066189	1	Debt	
0001104659-20-065956	1	Equity (common or preferred stock)	
0001493152-20-009852	1	Equity (common or preferred stock)	
0001683168-20-001736	1	Equity (common or preferred stock)	
0001683168-20-001736	2	Option, warrant or other right to acquire another security	
0001768126-20-000013	1	Other(describe)	LLC Interests
0001493152-20-009791	1	Equity (common or preferred stock)	
0001171520-20-000240	1	Equity (common or preferred stock)	
0001477932-20-003017	1	Equity (common or preferred stock)	
0001477932-20-003017	2	Option, warrant or other right to acquire another security	
0001477932-20-003017	3	Security to be acquired upon exercise of option, warrant or other right to acquire security	
0001477932-20-003014	1	Equity (common or preferred stock)	
0001445866-20-000730	1	Equity (common or preferred stock)	
0001193125-20-150271	1	Equity (common or preferred stock)	
0001493152-20-009732	1	Equity (common or preferred stock)	
0001575705-20-000092	1	Equity (common or preferred stock)	
0001493152-20-009687	1	Equity (common or preferred stock)	
0001493152-20-009679	1	Equity (common or preferred stock)	
0001140361-20-012215	1	Debt	
0001104659-20-064903	1	Equity (common or preferred stock)	
0001104659-20-064999	1	Equity (common or preferred stock)	
0001104659-20-065001	1	Equity (common or preferred stock)	
0001493152-20-009618	1	Equity (common or preferred stock)	
0001493152-20-009586	1	Equity (common or preferred stock)	
0001213900-20-013167	1	Equity (common or preferred stock)	
0001171520-20-000235	1	Equity (common or preferred stock)	
0001683168-20-001689	1	Equity (common or preferred stock)	
0001748909-20-000004	1	Equity (common or preferred stock)	
0001760319-20-000019	1	Equity (common or preferred stock)	
0001213900-20-013047	1	Equity (common or preferred stock)	
0001477932-20-002933	1	Equity (common or preferred stock)	
0001477932-20-002931	1	Equity (common or preferred stock)	
0001493152-20-009382	1	Equity (common or preferred stock)	
0001640334-20-001269	1	Equity (common or preferred stock)	
0001640334-20-001269	3	Security to be acquired upon exercise of option, warrant or other right to acquire security	
0001640334-20-001269	2	Option, warrant or other right to acquire another security	
0001104659-20-063364	1	Equity (common or preferred stock)	
0001731122-20-000534	1	Equity (common or preferred stock)	
0001213900-20-012706	1	Equity (common or preferred stock)	
0001767876-20-000015	1	Equity (common or preferred stock)	
0001493152-20-008860	1	Equity (common or preferred stock)	
0001213900-20-012189	1	Equity (common or preferred stock)	
0001213900-20-012117	1	Equity (common or preferred stock)	
0001213900-20-012117	2	Debt	
0001477932-20-002629	1	Debt	
0001664038-20-000016	1	Equity (common or preferred stock)	
0001104659-20-060692	1	Equity (common or preferred stock)	
0001477932-20-002602	1	Equity (common or preferred stock)	
0001213900-20-011960	1	Equity (common or preferred stock)	
0001104659-20-060415	1	Equity (common or preferred stock)	
0001350455-20-000004	1	Equity (common or preferred stock)	
0001493152-20-008401	1	Equity (common or preferred stock)	
0001683168-20-001513	1	Equity (common or preferred stock)	
0001213900-20-011738	1	Equity (common or preferred stock)	
0001104659-20-059757	1	Equity (common or preferred stock)	
0001213900-20-011711	1	Other(describe)	Props Tokens
0001493152-20-008255	1	Equity (common or preferred stock)	
0001722969-20-000007	1	Equity (common or preferred stock)	
0001493152-20-008125	1	Equity (common or preferred stock)	
0001104659-20-058926	1	Equity (common or preferred stock)	
0001104659-20-058928	1	Equity (common or preferred stock)	
0001104659-20-058955	1	Equity (common or preferred stock)	
0001663577-20-000122	1	Equity (common or preferred stock)	
0001722969-20-000006	1	Equity (common or preferred stock)	
0001104659-20-058478	1	Equity (common or preferred stock)	
0001350455-20-000003	1	Equity (common or preferred stock)	
0001445866-20-000557	1	Equity (common or preferred stock)	
0001663577-20-000117	1	Equity (common or preferred stock)	
0001171520-20-000206	1	Equity (common or preferred stock)	
0001594062-20-000036	1	Equity (common or preferred stock)	
0001350455-20-000002	1	Equity (common or preferred stock)	
0001731122-20-000438	1	Equity (common or preferred stock)	
0001104659-20-056081	1	Equity (common or preferred stock)	
0001722969-20-000004	1	Equity (common or preferred stock)	
0001062993-20-002097	1	Equity (common or preferred stock)	
0001760319-20-000016	1	Equity (common or preferred stock)	
0001766280-20-000005	1	Equity (common or preferred stock)	
0001104659-20-055027	1	Equity (common or preferred stock)	
0001104659-20-054693	1	Equity (common or preferred stock)	
0001575705-20-000063	1	Equity (common or preferred stock)	
0001683168-20-001361	1	Other(describe)	Series LLC Interests
0001104659-20-054561	1	Equity (common or preferred stock)	
0001104659-20-054283	1	Equity (common or preferred stock)	
0001213900-20-010594	1	Equity (common or preferred stock)	
0001493152-20-007407	1	Equity (common or preferred stock)	
0001688804-20-000003	1	Other(describe)	LLC Interests
0001477932-20-002295	1	Equity (common or preferred stock)	
0001493152-20-007309	1	Equity (common or preferred stock)	
0001683168-20-001302	1	Equity (common or preferred stock)	
0001078782-20-000287	1	Equity (common or preferred stock)	
0001683168-20-001291	1	Equity (common or preferred stock)	
0001213900-20-010079	1	Equity (common or preferred stock)	
0001663577-20-000104	1	Equity (common or preferred stock)	
0001477932-20-002174	2	Security to be acquired upon exercise of option, warrant or other right to acquire security	
0001477932-20-002174	1	Equity (common or preferred stock)	
0001493152-20-007077	1	Equity (common or preferred stock)	
0001664038-20-000011	1	Equity (common or preferred stock)	
0001493152-20-007030	1	Equity (common or preferred stock)	
0001493152-20-007030	2	Option, warrant or other right to acquire another security	
0001748909-20-000002	1	Equity (common or preferred stock)	
0001213900-20-009859	1	Equity (common or preferred stock)	
0001553350-20-000352	1	Equity (common or preferred stock)	
0001771443-20-000001	2	Option, warrant or other right to acquire another security	
0001771443-20-000001	3	Other(describe)	Rights to Acquire Priza Tokens
0001771443-20-000001	1	Equity (common or preferred stock)	
0001768126-20-000009	1	Other(describe)	LLC Interests
0001193125-20-113682	1	Equity (common or preferred stock)	
0001213900-20-009624	1	Equity (common or preferred stock)	
0001766280-20-000003	1	Equity (common or preferred stock)	
0001477932-20-002055	1	Equity (common or preferred stock)	
0001493152-20-006617	1	Equity (common or preferred stock)	
0001104659-20-048054	1	Equity (common or preferred stock)	
0001104659-20-048004	1	Equity (common or preferred stock)	
0001683168-20-001212	1	Equity (common or preferred stock)	
0001683168-20-001211	1	Equity (common or preferred stock)	
0001477932-20-002000	1	Equity (common or preferred stock)	
0001683168-20-001195	1	Equity (common or preferred stock)	
0001445866-20-000395	1	Equity (common or preferred stock)	
0001445866-20-000390	1	Equity (common or preferred stock)	
0001709247-20-000004	1	Equity (common or preferred stock)	
0001213900-20-009062	1	Equity (common or preferred stock)	
0001076310-20-000004	1	Equity (common or preferred stock)	
0001683168-20-001148	1	Equity (common or preferred stock)	
0001683168-20-001145	2	Option, warrant or other right to acquire another security	
0001683168-20-001145	1	Equity (common or preferred stock)	
0001445866-20-000364	1	Equity (common or preferred stock)	
0001766280-20-000001	1	Equity (common or preferred stock)	
0001493152-20-006079	1	Equity (common or preferred stock)	
0001640334-20-000752	3	Security to be acquired upon exercise of option, warrant or other right to acquire security	
0001640334-20-000752	1	Equity (common or preferred stock)	
0001640334-20-000752	2	Option, warrant or other right to acquire another security	
0001104659-20-044694	1	Equity (common or preferred stock)	
0001437749-20-007314	1	Other(describe)	LLC ownership interests
0001683168-20-001126	1	Other(describe)	Series LLC Interests
0001437749-20-007246	1	Other(describe)	LLC ownership interests
0001731122-20-000349	2	Other(describe)	Membership Interests
0001731122-20-000349	1	Equity (common or preferred stock)	
0001477932-20-001838	1	Equity (common or preferred stock)	
0001171520-20-000172	1	Equity (common or preferred stock)	
0001493152-20-005915	1	Equity (common or preferred stock)	
0001104659-20-043251	1	Equity (common or preferred stock)	
0001104659-20-043243	1	Equity (common or preferred stock)	
0001493152-20-005704	1	Equity (common or preferred stock)	
0001493152-20-005665	1	Equity (common or preferred stock)	
0001493152-20-005638	1	Equity (common or preferred stock)	
0001768126-20-000004	1	Other(describe)	LLC Interests
