ACCESSION_NUMBER	NID	SINFO_ID	NAME_TYPE	NAME
0001731122-20-000666	1	1	legalSpName	Geraci LLP
0001213900-20-015025	1	1	legalSpName	Ellenoff Grossman & Schole LLP, Wilson Sonsini Goodrich & Rosati, PC
0001213900-20-015025	1	1	auditorSpName	Rosen Kuslansky, CPA, P.C.
0001104659-20-073430	1	1	auditorSpName	Artesian CPA
0001104659-20-073430	1	1	blueSkySpName	Blue Sky Filings
0001104659-20-073430	1	1	legalSpName	CrowdCheck Law LLP
0001104659-20-073370	1	1	legalSpName	CrowdCheck Law LLP
0001104659-20-073370	1	1	blueSkySpName	Blue Sky Filings
0001104659-20-073370	1	1	auditorSpName	IndigoSpires CPA Group, LLC
0001104659-20-073370	1	1	salesCommissionsSpName	Dalmore Group, LLC
0001052918-20-000149	1	1	legalSpName	Lee & Hayes
0001052918-20-000149	2	1	legalSpName	P.C.
0001052918-20-000149	1	1	blueSkySpName	CrowdCheck
0001052918-20-000149	2	1	blueSkySpName	Inc.
0001052918-20-000149	2	1	salesCommissionsSpName	Crowdcube Capital, 50,000
0001052918-20-000149	2	1	auditorSpName	Maichel & Teague
0001052918-20-000149	1	1	auditorSpName	DeCoria
0001052918-20-000149	1	1	salesCommissionsSpName	SI Securities, LLC 817,600
0001052918-20-000149	3	1	auditorSpName	P.S.
0001731122-20-000646	1	1	legalSpName	Geraci LLP
0001731122-20-000638	1	1	legalSpName	Geraci LLP
0001104659-20-072469	1	1	salesCommissionsSpName	SI Securities, LLC
0001104659-20-072469	1	1	auditorSpName	Fruci & Associates II, PLLC
0001104659-20-072469	1	1	legalSpName	CrowdCheck Law LLP
0001486452-20-000001	1	1	legalSpName	NEWLAN & NEWLAN LTD.
0001486452-20-000001	1	1	blueSkySpName	STATE OF NEW YORK
0001486452-20-000001	2	1	blueSkySpName	STATE OF COLORADO
0001445866-20-000544	1	1	legalSpName	JDT Legal
0001445866-20-000544	2	1	legalSpName	PLLC
0001760319-20-000014	1	1	auditorSpName	Dylan Floyd Accounting & Consulting
0001760319-20-000014	1	1	legalSpName	Law Office Of Mary Shea
0001760319-20-000014	1	1	blueSkySpName	Primetrust LLC
0001688804-20-000002	1	1	promoterSpName	Dalmore Group LLC
0001688804-20-000002	1	1	legalSpName	Duane Morris LLP
0001688804-20-000002	1	1	auditorSpName	EisnerAmper LLP
0001493152-20-007370	1	1	salesCommissionsSpName	SDDCO Brokerage Advisors LLC
0001493152-20-007370	1	1	underwrittenSpName	SDDCO Brokerage Advisors LLC
0001493152-20-007370	1	1	findersSpName	N/A
0001493152-20-007370	1	1	auditorSpName	N/A
0001493152-20-007370	1	1	legalSpName	Anthony L.G., PLLC
0001493152-20-007370	1	1	promoterSpName	N/A
0001493152-20-007370	1	1	blueSkySpName	Anthony L.G., PLLC
0001493152-20-007365	1	1	salesCommissionsSpName	SDDCO Brokerage Advisors LLC
0001493152-20-007365	1	1	underwrittenSpName	SDDCO Brokerage Advisors LLC
0001493152-20-007365	1	1	blueSkySpName	Anthony L.G., PLLC
0001493152-20-007365	1	1	promoterSpName	N/A
0001493152-20-007365	1	1	legalSpName	Anthony L.G., PLLC
0001493152-20-007365	1	1	auditorSpName	N/A
0001493152-20-007365	1	1	findersSpName	N/A
0001493152-20-007362	1	1	underwrittenSpName	SDDCO Brokerage Advisors LLC
0001493152-20-007362	1	1	legalSpName	Anthony L.G., PLLC
0001493152-20-007362	1	1	promoterSpName	N/A
0001493152-20-007362	1	1	blueSkySpName	Anthony L.G., PLLC
0001493152-20-007362	1	1	salesCommissionsSpName	SDDCO Brokerage Advisors LLC
0001493152-20-007362	1	1	findersSpName	N/A
0001493152-20-007362	1	1	auditorSpName	N/A
0001493152-20-007354	1	1	findersSpName	N/A
0001493152-20-007354	1	1	underwrittenSpName	SDDCO Brokerage Advisors LLC
0001493152-20-007354	1	1	salesCommissionsSpName	SDDCO Brokerage Advisors LLC
0001493152-20-007354	1	1	auditorSpName	Mayer Hoffman McCann, P.C
0001493152-20-007354	1	1	legalSpName	Anthony L.G., PLLC
0001493152-20-007354	1	1	promoterSpName	N/A
0001493152-20-007354	1	1	blueSkySpName	Anthony L.G., PLLC
0001767876-20-000003	1	1	blueSkySpName	BEVILACQUA PLLC
0001767876-20-000003	1	1	promoterSpName	NORTH CAPITAL PRIVATE SECURITIES CORPORATION
0001767876-20-000003	1	1	legalSpName	BEVILACQUA PLLC
0001767876-20-000003	1	1	auditorSpName	ARTESIAN CPA, LLC
0001104659-20-053324	1	1	auditorSpName	dbbMcKennon
0001104659-20-053324	1	1	legalSpName	CrowdCheck Law LLP
0001104659-20-053324	1	1	blueSkySpName	Blue Sky Filings
0001193125-20-124379	1	1	auditorSpName	Withum Smith & Brown, PC
0001193125-20-124379	1	1	legalSpName	Wilson Sonsini Goodrich & Rosati, PC
0001213900-20-010328	1	1	legalSpName	Fang and Associates, et al.
0001213900-20-010328	1	1	underwrittenSpName	Industrial Alliance Securities Inc.
0001213900-20-010328	1	1	salesCommissionsSpName	Industrial Alliance Securities Inc.
0001213900-20-010328	1	1	auditorSpName	Davidson & Company LLC
0001493152-20-007129	1	1	auditorSpName	Salberg & Company, P.A./D'Arelli Pruzansky, P.A.
0001493152-20-007129	1	1	underwrittenSpName	N/A
0001493152-20-007129	1	1	promoterSpName	N/A
0001493152-20-007129	1	1	blueSkySpName	Internal out-of-pocket expenses
0001493152-20-007129	1	1	salesCommissionsSpName	N/A
0001493152-20-007129	1	1	findersSpName	N/A
0001493152-20-007129	1	1	legalSpName	Pearlman Law Group LLP/Anthony L.G., PLLC
0001104659-20-050224	1	1	legalSpName	CrowdCheck Law LLP
0001104659-20-050224	1	1	auditorSpName	Jason M. Tyra, CPA, PLLC
0001768126-20-000008	1	1	auditorSpName	EisnerAmper LLP
0001768126-20-000008	1	1	legalSpName	Duane Morris LLP
0001768126-20-000008	1	1	promoterSpName	Dalmore Group
0001768126-20-000008	2	1	promoterSpName	LLC
0001062993-20-001598	1	1	legalSpName	Dorsey & Whitney LLP
0001062993-20-001598	1	1	auditorSpName	Ernst & Young LLP
0001062993-20-001598	1	1	underwrittenSpName	Raymond James (USA) Ltd. and Cormark Securities (USA) Limited
0001768126-20-000003	2	1	promoterSpName	LLC
0001768126-20-000003	1	1	promoterSpName	Dalmore Group
0001768126-20-000003	1	1	legalSpName	Duane Morris LLP
0001768126-20-000003	1	1	auditorSpName	EisnerAmper LLP
