ACCESSION_NUMBER	SIGN_ID	CIK	REGULATIONISSUERNAME1	REGULATIONISSUERNAME2	SIGNATUREBY	SIGNATURE_DATE	TITLE
0001486452-20-000001	1	0001486452	Clikia Corp.	Clikia Corp.	ANIL IDNANI	15-MAY-2020	CEO
0001445866-20-000544	1	0001756704	SOLAR INTEGRATED ROOFING CORP.	SOLAR INTEGRATED ROOFING CORP.	David Massey	05-MAY-2020	Chief Executive Officer
0001213900-20-010328	1	0001779303	Direct Communication Solutions, Inc.	Direct Communication Solutions, Inc.	Rich Gomberg	28-APR-2020	Chief Financial Officer
0001104659-20-050224	1	0001764460	REITless Impact Opportunity Zone Strategies LLC	REITless Impact Opportunity Zone Strategies LLC	/s/ James P. Dowd	23-APR-2020	CEO of North Capital, Inc., its manager
