ACCESSION_NUMBER	STREET1	STREET2	CITY	STATEORCOUNTRY	ZIPCODE	PHONENUMBER	CONNECTIONNAME	INDUSTRYGROUP	CASHEQUIVALENTS	INVESTMENTSECURITIES	TOTALINVESTMENTS	ACCOUNTSRECEIVABLE	LOANS	PROPERTYPLANTEQUIPMENT	PROPERTYANDEQUIPMENT	TOTALASSETS	ACCOUNTSPAYABLE	POLICYLIABILITIESANDACCRUALS	DEPOSITS	LONGTERMDEBT	TOTALLIABILITIES	TOTALSTOCKHOLDEREQUITY	TOTALLIABILITIESANDEQUITY	TOTALREVENUES	TOTALINTERESTINCOME	COSTANDEXPENSESAPPLTOREVENUES	TOTALINTERESTEXPENSES	DEPRECIATIONANDAMORTIZATION	NETINCOME	EARNINGSPERSHAREBASIC	EARNINGSPERSHAREDILUTED	NAMEAUDITOR	CERTIFYIFTRUE	CERTIFYIFNOTDISQUALIFIED	CERTIFYIFBADACTOR	JURISDICTIONSOFSECOFFEREDNONE	JURISDICTIONSOFSECOFFEREDSAME	IFUNREGSITEREDNONE	SECURITIESACTEXCEMPTION
0001477932-20-003698	16 LAGOON CT.		SAN RAFAEL	CA	94903	415-335-6370	Jillian Sidoti	Other	9435.0	0.0		0.0		79000.0		88435.0	0.0			0.0	0.0	88435.0	88435.0	0.0		-2550.0		0.0	-2565.0	-1.28	-1.28	IndigoSpire	true	true	false	true		true	
0001477932-20-003675	4275 Executive Sq. Ste. 200		La Jolla	CA	92037	619-452-1542	Jillian Sidoti	Other	500.0	0.0		31000.0		0.0		31500.0	31000.0			0.0	31000.0	500.0	31500.0	0.0		0.0		0.0	0.0	0.0	0.0	Alan T. Schiffman, CPA, PC	true	true	false	true		true	
0001683168-20-002099	100 CRESCENT COURT	SUITE 700	DALLAS	TX	75201	214-885-0032	DONNELL SUARES	Other	0.0	544000.0		1000000.0		0.0		1846751.0	578311.0			545251.0	2342463.0	-495712.0	1846751.0	0.0		-244.0		0.0	-726111.0	-0.06	-0.06		true	true		true		true	
0001445866-20-000905	450 McQuaide Drive		La Selva Beach	CA	95076	831-252-4175	Jeffrey S. Marks	Other	769181.0	0.0		0.0		5062.0		774207.0	34164.0			0.0	303164.0	471043.0	774207.0	71909.0		0.0		0.0	-274519.0	-0.05	0.0	dbbmckennon	true	true	false	false	true	false	Regulation CF
0001104659-20-077307	600 Peachtree Street	Suite 810	Atlanta	GA	30308	404-850-9225	Nick Bhargava	Other	20100.0	0.0		166973.0		0.0		210642.0	210642.0			0.0	210642.0	0.0	210642.0	0.0		0.0		0.0	0.0	0.0	0.0	N/A	true	true		true		true	
0001171520-20-000274	141 Amsterdam Rd		Grove City	PA	16127	727-692-3348	John Brannelly, Attorney	Other	2165.0	0.0		0.0		514923.0		988237.0	111325.0			536734.0	1297906.0	-309669.0	988237.0	130064.0		67883.0		1438.0	-319669.0	-0.07	0.0	Goff Backa Alfera & Company, LLC,	true	true			true		4(a)(2)
0001477932-20-003566	1910 South Stapley Dr.	Suite 221	Mesa	AZ	85204	888-693-8733	Shelly Befumo	Other	808390.0	0.0		475951.0		144180.0		1428521.0	0.0			0.0	0.0	1428521.0	1428521.0	0.0		1204586.0		0.0	-1204586.0	-0.98	-0.98	dbbmckennon	true	true	false		true	false	Regulation A+, Regulation D, Regulation S, Section 4(a)(2) of the Securities Act of 1933.
0001214659-20-005899	7259 E POSADA AVE		MESA	AZ	85212	6023095425	Annie Pratt	Other	5074.0	0.0		0.0		12388.0		17462.0	0.0			18220.0	50765.0	-33302.0	17462.0	2287.0		464171.0		0.0	-470378.0	-0.03	-0.03	Jason M. Tyra	true	true		true			Section 4(a)(2)
0001520138-20-000281	167 N. Sunset Ave.		City of Industry	CA	91744	888-982-1628	William R. Eilers, Esq.	Other	7510.0	0.0		246588.0		429059.0		4724003.0	1479201.0			287904.0	10315923.0	-5591920.0	4724003.0	1891140.0		1181081.0		47526.0	-11913186.0	-0.01	-0.01	L&L CPAs, PA	true	true			true		All of the aforementioned securities were issued pursuant to Section 4(a)(2) of the Securities Act of 1933, as amended, and Rule 506 thereunder.
0001493152-20-011803	497 BROOME STREET		NEW YORK	NY	10013	203-518-5172	JOSH GOLDSTEIN	Other	100.0	0.0		0.0		0.0		100.0	0.0			0.0	0.0	100.0	100.0	0.0		0.0		0.0	0.0	0.0	0.0	N/A	true	true			true		The foregoing issuances were pursuant to Section 4(a)(2) of the Securities Act of 1933, as amended, for transactions by an issuer not involving any public offering.
0001553350-20-000553	7901 4TH ST. N	SUITE 4174	ST. PETERSBURG	FL	33702	305-517-7330	Amy K. Maliza	Other	0.0	0.0		0.0		0.0		30375.0	1137446.0			0.0	4390635.0	4360260.0	30375.0	0.0		0.0		136082.0	928615.0	-0.01	-0.01	MaloneBailey LLP	true	true		true			Rule 506(b)
0001493152-20-011782	Suite 409, 37 King St.		East Toronto	A6	M5C 1E9	416-813-0303	Andrew Coldicutt, Esq	Other	5017.0	0.0		5030.0		0.0		34161.0	2780514.0			0.0	4234243.0	-4200082.0	34161.0	0.0		0.0		0.0	-810623.0	0.0	0.0	UMY McGovern, Hurley, Cunningham, LLP	true	true		true			Exempt from registration under Regulation S and Section 4(2) of the Securities Act , as Amended, and the Rules promulgated thereunder.
0001104659-20-076528	11 DUPONT CIRCLE NW	9TH FL	WASHINGTON	DC	20036	202-584-0550	Bjorn Hall	Other	4162000.0	0.0		124281000.0		0.0		137235000.0	105000.0			7047000.0	14238000.0	122997000.0	137235000.0	9521000.0		1250000.0		0.0	8271000.0	0.75	0.75	RSM US LLP	true	true		true		true	
0001493152-20-011742	497 BROOME STREET		NEW YORK	NY	10013	203-518-5172	JOSH GOLDSTEIN	Other	100.0	0.0		0.0		0.0		100.0	0.0			0.0	0.0	100.0	100.0	0.0		0.0		0.0	0.0	0.0	0.0	N/A	true	true			true		The foregoing issuances were pursuant to Section 4(a)(2) of the Securities Act of 1933, as amended, for transactions by an issuer not involving any public offering.
0001493152-20-011741	497 BROOME STREET		NEW YORK	NY	10013	203-518-5172	JOSH GOLDSTEIN	Other	100.0	0.0		0.0		0.0		100.0	0.0			0.0	0.0	100.0	100.0	0.0		0.0		0.0	0.0	0.0	0.0	N/A	true	true			true		The foregoing issuances were pursuant to Section 4(a)(2) of the Securities Act of 1933, as amended, for transactions by an issuer not involving any public offering.
0001654954-20-006927	295 W Center St	Suite F	Provo	UT	84601	760-933-8437	Rob Kaplan	Other	1584455.0	0.0		741069.0		36063.0		4027992.0	1814897.0			0.0	5896119.0	-1868127.0	4027992.0	10754844.0		12377116.0		64947.0	1611154.0	-0.07	-0.07	Tanner LLC	true	true		true		true	
0001213900-20-015716	40 King Street West, Suite 1700		Toronto	A6	M5H 3Y2	647-271-1312	Jeanne Campanelli	Other	17342.0	0.0		4200.0		0.0		32693.0	29018.0			0.0	54018.0	-21325.0	32693.0	0.0		0.0		0.0	-34728.0	0.0	0.0	GCSE LLP	true	true			true		Section 4(a)(2) of the Securities Act
0001493152-20-011694	3003 32nd Avenue South		Fargo	ND	58103	701-239-8425	Randy Sparling	Other	15916295.0	0.0		3332302.0		496284544.0		522236996.0	1885274.0			385115979.0	407662185.0	58391515.0	522236996.0	65915533.0		49718023.0		8203219.0	4896394.0	1.77	1.77	Eide Bailly LLP	true	true		true			SEC Rule 506(b) as an offering to accredited investors and up to 35 sophisticated non-accredited investors. Subscribers completed subscription agreements and non-accredited investors completed qualification questionnaires as to sophistication.
0001683168-20-002049	1227 N. Atlantic Avenue		New Smyrna Beach	FL	32169	833-422-7300	Donnell E. Suares, Esq.	Other	55682.0	0.0		0.0		0.0		55682.0	18180.0			0.0	18180.0	37502.0	55682.0	328266.0		55966.0		0.0	272300.0	0.01	0.0		true	true		true		true	
0001683168-20-002046	1292A BLUE HILLS AVE.		BLOOMFIELD	CT	06002	860-838-2677	Jeanne Campanelli	Other	1554653.0	0.0		302171.0		46466.0		2596438.0	302566.0			2895040.0	3197606.0	-601168.0	2596438.0	2093908.0		454415.0		54027.0	-1205366.0	-1.09	-1.09	Bennett & Company, PC	true	true			true		Section 3(a)(9) for Preferred Stock; Section 3(a)(9), Regulation D and Regulation CF for common stock; Regulation D for promissory notes.
0001213900-20-015601	YOUNOW, INC.	161 BOWERY, FL 6	NEW YORK	NY	10002	302-658-7581	Richard Baumann	Other	2111756.0	0.0		202584.0		50350.0		4556776.0	1393120.0			0.0	3806811.0	749965.0	4556776.0	9845347.0		6786653.0		51967.0	11658204.0	0.13	0.1	Rosen Kuslansky, CPA, PC	true	true			true		Tokens: Section 4(a)(2) of the Securities Act of 1933 and Rule 506(b) under the Securities Act; Grants to Advisers: Section 4(a)(2) and Rule 903(a) under the Securities Act in one-on-one transactions; Warrants: Rule 506(b) under the Securities Act
0001104659-20-075778	315 S. COAST HIGHWAY 101	SUITE U38	ENCINITAS	CA	92024	760-266-5313	Jamie Ostrow	Other	78096.0	0.0		81565.0		194507.0		805743.0	39671.0			0.0	1595620.0	-789877.0	805743.0	1198508.0		584846.0		166226.0	-9392988.0	-0.33	-0.33	dbbmckennon	true	true			true		Regulation A
0001477932-20-003494	2151 Consulate Dr., Suite 6		Orlando	FL	32837	407-347-6461	Nancee Tegeder	Other	0.0	0.0		0.0		0.0		50000.0	0.0			0.0	0.0	50000.0	50000.0	0.0		0.0		0.0	0.0	0.0	0.0	Spiegel Accountancy Corp.	true	true	false	true		true	
0001350455-20-000007	5401 OLD NATIONAL HIGHWAY #419	C/O MICHAEL L GILMORE	ATLANTA	GA	30349	601-582-1851	Michael Gilmore	Other	0.0	0.0		0.0		0.0		0.0	0.0			0.0	0.0	0.0	0.0	0.0		0.0		0.0	0.0	1.0	1.0	BF Borgers CPA PC	true	true	false	true	false	true	
0001078782-20-000462	41 MEADOWVIEW LANE		BERKELEY HEIGHTS	NJ	07922	917-838-8617	Frank J. Hariton	Other	0.0	0.0		0.0		1500.0		1500.0	7500.0			0.0	7500.0	-6000.0	1500.0	0.0		0.0		0.0	-7604.0	0.0	0.0	BF Borgers CPA PC	true	true	false	true	false	true	
0001683168-20-002018	55 E 3RD AVE		SAN MATEO	CA	94401	650-644-4160	Jeanne Campanelli	Other	3000.0	0.0		17000.0		6000.0		26000.0	1804000.0			747000.0	2551000.0	-2525000.0	26000.0	77000.0		76000.0		0.0	-536000.0	-0.01	-0.01	IndigoSpire CPA Group, LLC	true	true		true			Regulation Crowdfunding for SAFEs and Section 4(a)(2) for Common Stock and Convertible Promissory Notes
0001213900-20-015395	621 South Virgil Avenue	#470	Los Angeles	CA	90005	213-219-7746	Matthew McMurdo	Other	7229.0	0.0		0.0		0.0		7229.0	7465.0			0.0	7465.0	-236.0	7229.0	0.0		-20845.0		0.0	-17936.0	0.0	0.0	MICHAEL GILLESPIE & ASSOCIATES, PLLC	true	true		true		true	
0001104659-20-075417	600 Peachtree Street	Suite 810	Atlanta	GA	30308	404-850-9225	Nick Bhargava	Other	20100.0	0.0		166973.0		0.0		210642.0	210642.0			0.0	210642.0	0.0	210642.0	0.0		0.0		0.0	0.0	0.0	0.0	N/A	true	true		true		true	
0001104659-20-075382	8901 E. Mountain View Rd, Ste 150		Scottsdale	AZ	85258	480-295-7600	Thomas Poletti, Brian S. Korn	Other	16690858.0	0.0		5113203.0		171901717.0		175885200.0	21759457.0			131301793.0	161855800.0	10187466.0	175885200.0	77867868.0		64402003.0		8365932.0	6467490.0	0.22	0.18	Marcum LLP	true	true			true		"All securities issued pursuant to safe harbor of R. 506(b) of Reg D of Sec. Act of 1933, as amended, or other available exemptions such as Section 4(a)(2) or R. 701. All investors certified ""accredited investor"" status through income & net worth test."
0001688804-20-000005	250 LAFAYETTE STREET	2ND FLOOR	NEW YORK	NY	10012	3479528058	Max Niederste-Ostholt	Other	118518.0	0.0		0.0		8162553.0		8281071.0	26209.0			1280839.0	1307048.0	6974022.0	8281071.0	0.0		186736.0		0.0	-174602.0	0.0	0.0	EisnerAmper LLP	true	true	false	true	false	false	Rule 506(c) - sale to verified accredited investors of interests in Series #77LE1
0001104659-20-075332	11 DUPONT CIRCLE NW	9TH FL	WASHINGTON	DC	20036	202-584-0550	Bjorn J. Hall	Other	3507000.0	0.0		33053000.0		0.0		76012000.0	81000.0			0.0	3433000.0	72579000.0	76012000.0	3184000.0		811000.0		0.0	2373000.0	0.35000000000000003	0.35000000000000003	RSM US LLP	true	true		true		true	
0001493152-20-011525	10573 W Pico Blvd	PMB #603	Los Angeles	CA	90064	310-907-7144	Lauren B. Prevost	Other	9159357.0	0.0		37697575.0		0.0		125225849.0	1937639.0			53072607.0	58514397.0	66711452.0	125225849.0	7437162.0		0.0		1351126.0	2952903.0	0.45	0.45	CohnReznick LLP	true	true			true		Section 4(a)(2) of the Securities Act
0001493152-20-011491	9100 Wilshire Blvd.	Suite 362W	Beverly Hills	CA	90212	424-313-7471	Stephen A. Weiss	Other	332772.0	0.0		130952.0		2085.0		5983616.0	698575.0			73990.0	1443930.0	4539686.0	5983616.0	3420.0		3047.0		110.0	-2845831.0	-0.03	-0.02	Alan T. Schiffman, CPA, PC	true	true		true			Section 4(a)(2)
0001213900-20-015338	1732 1st Avenue #25955		NEW YORK	NY	10128	347-464-7532	William R. Eilers, Esq.	Other	3218.0	0.0		0.0		16499.0		48351.0	1325340.0			0.0	2909096.0	-2860745.0	48351.0	15411.0		203604.0		0.0	-280567.0	0.0	0.0		true	true			true	true	
0001445866-20-000882	2506 NORTH CLARK STREET #235		CHICAGO	IL	60614	312-282-2900	Marty Tate	Other	144368.0	0.0		71567.0		145774.0		374853.0	100142.0			2304000.0	2404142.0	2029289.0	374853.0	182632.0		0.0		401062.0	-2187357.0	0.21	0.21	Indigo Spire	true	true	false	false	true	false	Regulation CF
0001493152-20-011459	Suite 409, 37 King St.		East Toronto	A6	M5C 1E9	416-813-0303	Andrew Coldicutt, Esq	Other	5017.0	0.0		5030.0		0.0		34161.0	2780514.0			0.0	4234243.0	-4200082.0	34161.0	0.0		0.0		0.0	-810623.0	0.0	0.0	UMY McGovern, Hurley, Cunningham, LLP	true	true		true			Exempt from registration under Regulation S and Section 4(2) of the Securities Act , as Amended, and the Rules promulgated thereunder.
0001477932-20-003462	6350 W. Cheyenne Ave.		Las Vegas	NV	89108	702-582-7667	Bryan Clark, Esq.	Other	59980.0	0.0		0.0		0.0		59980.0	1475.0			0.0	1475.0	58505.0	59980.0	0.0		1495.0		0.0	-1495.0	0.0	0.0	Larson & Company PC.	true	true	false	true		false	Rule 506
0001104659-20-074861	8901 E. Mountain View Rd, Ste 150		Scottsdale	AZ	85258	480-295-7600	Thomas Poletti, Brian S. Korn	Other	16690858.0	0.0		5113203.0		171901717.0		175885200.0	21759457.0			131301793.0	161855800.0	10187466.0	175885200.0	77867868.0		64402003.0		8365932.0	6467490.0	0.22	0.18	Marcum LLP	true	true			true		"All securities issued pursuant to safe harbor of R. 506(b) of Reg D of Sec. Act of 1933, as amended, or other available exemptions such as Section 4(a)(2) or R. 701. All investors certified ""accredited investor"" status through income & net worth test."
0001104659-20-074618	25 Health Sciences Drive		Stony Brook	NY	11790	202-674-8413	Jeffrey S. Marks	Other	275338.0	0.0		0.0		0.0		318231.0	484634.0			100000.0	584634.0	-266403.0	318231.0	50000.0		42894.0		0.0	-613742.0	-0.09	-0.09	Jason M. Tyra, CPA PLLC	true	true			true		Regulation CF and Regulation D
0001104659-20-074594	1275 KINNEAR AVE.		COLUMBUS	OH	43212	305-967-4765	Jeffrey S. Marks	Other	53723.0	0.0		0.0		0.0		53723.0	66707.0			0.0	81707.0	-27984.0	53723.0	0.0		0.0		0.0	-932510.0	-0.02	-0.02	Artesian CPA, LLC	true	true			true		Section 4(a)(2) of the Securities Act / Regulation CF
0001445866-20-000873	2506 NORTH CLARK STREET #235		CHICAGO	IL	60614	312-282-2900	Marty Tate	Other	144368.0	0.0		71567.0		145774.0		374853.0	100142.0			2304000.0	2404142.0	2029289.0	374853.0	182632.0		0.0		401062.0	-2187357.0	0.21	0.21	Indigo Spire	true	true	false	false	true	false	Regulation CF
0001477932-20-003442	4275 Executive Sq. Ste. 200		La Jolla	CA	92037	619-452-1542	Jillian Sidoti	Other	500.0	0.0		31000.0		0.0		31500.0	31000.0			0.0	31000.0	500.0	31500.0	0.0		0.0		0.0	0.0	0.0	0.0	Alan T. Schiffman, CPA, PC	true	true	false	true		true	
0001663577-20-000176	1200	Suite 310	Hauppauge	NY	11788	631-676-7230	Scott Doney, Esq.	Other	4830.0	0.0		497389.0		0.0		529536.0	841996.0			0.0	4150382.0	-3620846.0	529536.0	0.0		0.0		0.0	-177045.0	0.0	0.0	BMKR, LLP	true	true			true		N/A
0001104659-20-074073	20C Trolley Square		Wilmington	DE	19806	844-843-7296	William Eilers, Esq.	Other	2075.0	0.0		88490.0		2531231.0		2621796.0	1486414.0			1871293.0	3357707.0	-735910.0	2621796.0	71222.0		0.0		0.0	-116965.0	0.0	0.0		true	true	true	true			None
0001104659-20-073830	120 Newport Center Drive		Newport Beach	CA	92660	855-742-4862	Lauren Prevost, Esq.	Other	226132.0	5141949.0		6660.0		14418715.0		20016367.0	379219.0			5996419.0	10796809.0	8680758.0	20016367.0	546184.0		1031503.0		265443.0	-1090238.0	-0.51	-0.51	Squar Milner LLP	true	true			true		Regulation D. Private offering of 12,200 total shares issued to independent directors in 2019 for services rendered.
0001104659-20-073736	658 West Indiantown Road	Suite 214	Jupiter	FL	33458	561-406-2864	LAURA ANTHONY	Other	537592.0	0.0		18417.0		0.0		1056608.0	157633.0			1061904.0	1219537.0	-162929.0	1056608.0	365169.0		1119923.0		28823.0	-976922.0	-0.1	-0.1	D. Brooks and Associates CPA's, P.A.	true	true			true		The foregoing issuances were pursuant to Rule 506(c) of Regulation D and Regulation CF promulgated under the Securities Act of 1933, as amended.
0001213900-20-015093	40 King Street West, Suite 1700		Toronto	A6	M5H 3Y2	647-271-1312	Jeanne Campanelli	Other	17342.0	0.0		4200.0		0.0		32693.0	29018.0			0.0	54018.0	-21325.0	32693.0	0.0		0.0		0.0	-34728.0	0.0	0.0	GCSE LLP	true	true			true		Section 4(a)(2) of the Securities Act
0001477932-20-003414	3465 Gaylord Court	Suite A509	Englewood	CO	80113	855-933-3277	Kenneth Tapp, CEO	Other	5500.0	0.0		43000.0		0.0		53158.0	0.0			0.0	381222.0	-328063.0	53158.0	234584.0		244192.0		0.0	-328063.0	-218.71	0.0	BF Borgers CPA PC	true	true	false	true		true	
0001640334-20-001535	2108 St. George Ave		Saskatoon	A9	S7M 0C7	306-955-9907	Paul Sun	Other	2429375.0	0.0		224695.0		115141.0		3221783.0	894357.0			0.0	1030430.0	2191353.0	3221783.0	1380427.0		218800.0		49636.0	-11095057.0	-0.23	-0.23	Dale Matheson Carr-Hilton Labonte LLP Chartered Professional Accounts	true	true	false		true	false	Sales to accredited investors under Rule 506(b) of Regulation D.
0001213900-20-015042	5910 Pacific Center Blvd	Ste 300	San Diego	CA	92121	800-268-0719	Lisa Sanford	Other	983261.0	0.0		1420107.0		52458.0		3004106.0	8179166.0			0.0	8179166.0	-5175060.0	3004106.0	0.0		14096699.0		28545.0	-16368910.0	-1.27	-1.27	Deloitte & Touche LLP	true	true			true		Rule 506(b) of Regulation D and Rule 701 of the Securities Act.
0001104659-20-073451	600 PEACHTREE STREET	SUITE 810	ATLANTA	GA	30308	404-850-9225	NICK BHARGAVA	Other	1699196.0	0.0		3805559.0		1014210.0		80370961.0	81900103.0			0.0	81900103.0	-1529142.0	80370961.0	6403113.0		9082610.0		0.0	-3837266.0	-1.87	-1.54	Cherry Bekaert LLP	true	true			true		Rule 506 of Reg. D and Regulation A, as applicable. For all offerings made pursuant to Rule 506, issuer relies on preexisting relationships or investors that meet the definition of accredited investor in Rule 501 of Reg. D.
0001104659-20-073399	1070 TERRA BELLA AVENUE		MOUNTAIN VIEW	CA	94043	650-924-1025	Jeanne Campanelli	Other	608674.0	0.0		655659.0		63055.0		7736152.0	1639064.0			3262917.0	11471814.0	-46708367.0	7736152.0	3025303.0		4632863.0		1464045.0	-11957667.0	-1.21	-1.21	Ernst & Young LLP	true	true			true		Regulation A and Regulation D for the Series S Preferred Stock; Regulation D for the Preferred Stock warrants and Convertible Notes and Class B Common Stock
0001445866-20-000852	2506 NORTH CLARK STREET #235		CHICAGO	IL	60614	312-282-2900	Marty Tate	Other	144368.0	0.0		71567.0		145774.0		374853.0	100142.0			2304000.0	2404142.0	2029289.0	374853.0	182632.0		0.0		401062.0	-2187357.0	0.21	0.21	Indigo Spire	true	true	false	false	true	false	Regulation CF
0001477932-20-003355	818 Natchez Valley Trace		Grayson	GA	30017	410-627-1569	Wallace A. Glausi	Other	100.0	0.0		0.0		0.0		45900.0	0.0			45800.0	45800.0	100.0	45900.0	0.0		0.0		0.0	0.0	0.0	0.0	Alan T. Schiffman, CPA, PC	true	true	false	true		false	Securities Act Rule 4(a)(2)
0001104659-20-072822	1022 Nevada Highway		Boulder City	NE	89005	702-840-4433	George A. Sharp	Other	215643.0	0.0		0.0		0.0		215643.0	255198.0			245555.0	500753.0	-285110.0	215643.0	0.0		0.0		0.0	-126015.0	0.0	0.0		true	true			true		Exempt from registration under Section 4(2) of the Securities Act of 1933, as amended, and Rules promulgated thereunder.
0001683168-20-001940	250 W. FIRST ST., STE. 256		CLAREMONT	CA	91711	909-740-9175	Michael Behrens	Other	0.0	0.0		484670.0		2990695.0		3511580.0	1724875.0			15606.0	1740481.0	1771099.0	3511580.0	263655.0		502233.0		472260.0	-1288347.0	0.0	0.0	IndigoSpire CPA Group, LLC	true	true		true			Issuer has relied on Rule 147A, promulgated under Section 28 of the Securities Act, for intrastate offerings in California, Rule 506(c) or Regulation A, respectively, for such offerings.
0001751158-20-000031	675 PONCE DE LEON AVENUE, NE	7TH FLOOR	ATLANTA	GA	30308	770-805-1000	Gretchen Nagy	Other	5718072.0	0.0		8300.0		0.0		5726372.0	49496.0			0.0	49496.0	5676876.0	5726372.0	19925.0		49549.0		0.0	-29624.0	0.0	0.0	Moore, Colson & Company, P.C.	true	true	false	false	false	false	The issuer has sold 550,100 common shares for a purchase price of $10.00 per share in a private offering. Such issuance was exempt from the registration requirements of the Securities Act pursuant to Section 4(a)(2) thereof.
0001767876-20-000028	335 Madison Ave, 16th Floor		New York	NY	10017	201-479-4408	Michael Karnjanaprakorn	Other	10175.0	0.0		216719.0		0.0		1467885.0	1011897.0			0.0	1011897.0	455988.0	1467885.0	0.0		0.0		0.0	-12231.0	0.0	0.0	Artesian CPA, LLC	true	true			true	true	
0001594062-20-000053	800, 65 QUEEN STREET WEST		TORONTO	A6	M5H2M5	1-416-309-2963	Neil Said	Other	1360010.0	0.0		340815.0		1202988.0		131963951.0	5356293.0			0.0	8502553.0	123461398.0	131963951.0	0.0		11853740.0		12293.0	-12312530.0	-0.1	-0.1	KPMG LLP	true	true	false	false	false	false	No sales to US purchasers and thus no Securities Act exemption relied upon.
0001062993-20-002780	SUITE 2300 - 1177 WEST HASTINGS ST.		VANCOUVER	A1	V6E2K3	604-679-2776	Daniel Nauth	Other	2106.0	0.0		21040.0		0.0		23146.0	212550.0			0.0	212550.0	-189404.0	23146.0	0.0		0.0		0.0	0.0	0.0	0.0	Dale Matheson Carr-Hilton Labonte LLP	true	true	false	false	true	false	Rule 506(b) of Regulation D
0001683168-20-001927	55 E 3RD AVE		SAN MATEO	CA	94401	650-644-4160	Jeanne Campanelli	Other	3000.0	0.0		17000.0		6000.0		26000.0	1804000.0			747000.0	2551000.0	-2525000.0	26000.0	77000.0		76000.0		0.0	-536000.0	-0.01	-0.01	IndigoSpire CPA Group, LLC	true	true		true			Regulation Crowdfunding for SAFEs and Section 4(a)(2) for Common Stock and Convertible Promissory Notes
0001104659-20-072156	11 DUPONT CIRCLE NW	9TH FL	WASHINGTON	DC	20036	202-584-0550	Bjorn Hall	Other	4162000.0	0.0		124281000.0		0.0		137235000.0	105000.0			7047000.0	14238000.0	122997000.0	137235000.0	9521000.0		1250000.0		0.0	8271000.0	0.75	0.75	RSM US LLP	true	true		true		true	
0001477932-20-003289	303 E. 4th St.		Los Angeles	CA	90013	323-994-1180	Peter Berkman, Esq.	Other	2953.0	0.0		0.0		93391.0		811875.0	637953.0			0.0	637953.0	173922.0	811875.0	95098.0		38214.0		32776.0	-229259.0	-0.01	-0.01	MaughanSullivan LLC	true	true	true	true		false	Regulation D, Rule 506 Form D filed March 4, 2019
0001104659-20-071827	333 WESTCHESTER AVENUE	SUITE W2100	WHITE PLAINS	NY	10604	914-372-7337	Ezra Levine	Other	0.0	0.0		0.0		0.0		0.0	0.0			0.0	0.0	0.0	0.0	0.0		0.0		0.0	-396.0	0.0	0.0	Jason M. Tyra, CPA, PLLC	true	true			true	true	
0001683168-20-001907	999 18th Street, Suite 3000		Denver	CO	80202	720-262-5245	Francesca Albano	Other	4578.0	0.0		0.0		0.0		4578.0	211673.0			0.0	219782.0	-215204.0	4578.0	0.0		119496.0		0.0	-121841.0	0.0	0.0	Salberg & Company, P.A.	true	true		true			Section 4(2) of the Securities Act of 1933 relating to transactions not involving a public offering.
0001104659-20-070867	600 Peachtree Street	Suite 810	Atlanta	GA	30308	404-850-9225	Nick Bhargava	Other	20100.0	0.0		166973.0		0.0		210642.0	210642.0			0.0	210642.0	0.0	210642.0	0.0		0.0		0.0	0.0	0.0	0.0	N/A	true	true		true		true	
0001493152-20-010742	Suite 409, 37 King St.		East Toronto	A6	M5C 1E9	416-813-0303	Andrew Coldicutt, Esq	Other	5017.0	0.0		5030.0		0.0		34161.0	2780514.0			0.0	4234243.0	-4200082.0	34161.0	0.0		0.0		0.0	-810623.0	0.0	0.0	UMY McGovern, Hurley, Cunningham, LLP	true	true		true			Exempt from registration under Regulation S and Section 4(2) of the Securities Act , as Amended, and the Rules promulgated thereunder.
0001757108-20-000001	36 CHRISTOPHER COLUMBUS BLVD		JACKSON	NJ	08527	732-654-2600	Kendall Almerico	Other	387.0	0.0		2008.0		0.0		103984.0	0.0			0.0	23543.0	80441.0	103984.0	0.0		127195.0		0.0	-127195.0	0.01	0.01	Jason M Tyra CPA	true	true	false	false	false	true	
0001758533-20-000006	10949 ESTEBAN DRIVE		FT. MYERS	FL	33912	2393133693	Kendall Almerico	Other	28949.0	0.0		0.0		0.0		43849.0	26987.0			0.0	26987.0	16862.0	43849.0	0.0		191577.0		0.0	-191577.0	-0.01	-0.01	IndiegoSpire CPA	true	true	false	false	true	false	Regulation D, Rule 506(C)
0001104659-20-070569	11 DUPONT CIRCLE NW	9TH FL	WASHINGTON	DC	20036	202-584-0550	Bjorn J. Hall	Other	7467000.0	0.0		32039000.0		108033000.0		170781000.0	131000.0			63834000.0	75222000.0	86905000.0	170781000.0	3500000.0		1018000.0		433000.0	2049000.0	0.31	0.31	RSM US LLP	true	true		true		true	
0001213900-20-014314	335 Madison Avenue	Suite 7E	New York	NY	10017	415-689-5605	Chuck Pettid	Other	20440.0	0.0		13231.0		0.0		33671.0	41324.0			0.0	62842.0	-29171.0	33671.0	5093706.0		0.0		0.0	4091901.0	-203.39000000000001	-203.39000000000001	Lear & Pannepacker, LLP	true	true					Regulation D, Rule 506(c)
0001104659-20-070526	11 Dupont Circle NW	9th FL	WASHINGTON	DC	20036	202-584-0550	Bjorn Hall	Other	5213000.0	0.0		26000.0		0.0		41760000.0	114000.0			0.0	3335000.0	38425000.0	41760000.0	0.0		291000.0		0.0	-6419000.0	-2.5100000000000002	-2.5100000000000002	RSM US LLP	true	true		true		true	
0001104659-20-070546	600 PEACHTREE STREET	SUITE 810	ATLANTA	GA	30308	404-850-9225	NICK BHARGAVA	Other	1699196.0	0.0		3805559.0		1014210.0		80370961.0	81900103.0			0.0	81900103.0	-1529142.0	80370961.0	6403113.0		9082610.0		0.0	-3837266.0	-1.87	-1.54	Cherry Bekaert LLP	true	true			true		Rule 506 of Reg. D and Regulation A, as applicable. For all offerings made pursuant to Rule 506, issuer relies on preexisting relationships or investors that meet the definition of accredited investor in Rule 501 of Reg. D.
0001683168-20-001888	708 CHURCH STREET	SUITE 234	EVANSTON	IL	60201	847-859-6645	Brett Heeger	Other	1629184.0	0.0		13283538.0		39969822.0		55152874.0	403415.0			17079830.0	17483245.0	37669629.0	55152874.0	1990333.0		1686574.0		189837.0	-124401.0	0.0	0.0	Plante & Moran, PLLC	true	true		true			Section 4(a)(2) of the Securities Act and Rule 506(c) of SEC Regulation D.
0001575705-20-000100	SUITE 1540 401 CONGRESS AVE		AUSTIN	TX	78701	512-855-7704	Jackson L. Morris, Esq.	Other	0.0	0.0		0.0		0.0		0.0	0.0			0.0	125000.0	-125000.0	0.0	1415640.0		852621.0		0.0	-7959.0	0.0	0.0		true	true		true			Section 4(a)(2) [so called Section 4(a)(2)( 1/2)] of the Securities Act in that the transfer did not involve a public offering or the payment of any fees or commissions.
0001683168-20-001884	1227 N. Atlantic Avenue		New Smyrna Beach	FL	32169	833-422-7300	Donnell E. Suares, Esq.	Other	55682.0	0.0		0.0		0.0		55682.0	18180.0			0.0	18180.0	37502.0	55682.0	328266.0		55966.0		0.0	272300.0	0.01	0.0		true	true		true		true	
0001213900-20-014190	9 Cedar Lane		Old Saybrook	CT	06475	860-316-7466	Mark Roderick, Esq.	Other	100.0	0.0		0.0		0.0		100.0	12657.0			0.0	12657.0	-12557.0	100.0	0.0		0.0		0.0	0.0	0.0	0.0	Mahoney Sabol & Company, LLP	true	true		true		true	
0001731122-20-000621	208 East 51st Street	Suite 170	New York	NY	10022	212-508-2130	Andrew Coldicutt, Esq	Other	14.0	0.0		1050.0		0.0		3893728.0	2517498.0			0.0	8862244.0	-4968515.0	3893728.0	0.0		0.0		0.0	-1649009.0	0.0	0.0	N/A	true	true		true			Exempt from registration under Section 4(2) of the Securities Act , as Amended, and the Rules promulgated thereunder.
0001214659-20-005420	7259 E POSADA AVE		MESA	AZ	85212	6023095425	Annie Pratt	Other	5074.0	0.0		0.0		12388.0		17462.0	0.0			18220.0	50765.0	-33302.0	17462.0	2287.0		464171.0		0.0	-470378.0	-0.03	-0.03	Jason M. Tyra	true	true		true			Section 4(a)(2)
0001213900-20-014143	9 Cedar Lane		Old Saybrook	CT	06475	860-316-7466	Mark Roderick, Esq.	Other	100.0	0.0		0.0		0.0		100.0	12657.0			0.0	12657.0	-12557.0	100.0	0.0		0.0		0.0	0.0	0.0	0.0	Mahoney Sabol & Company, LLP	true	true		true		true	
0001493152-20-010587	497 BROOME STREET		NEW YORK	NY	10013	203-518-5172	JOSH GOLDSTEIN	Other	100.0	0.0		0.0		0.0		100.0	0.0			0.0	0.0	100.0	100.0	0.0		0.0		0.0	0.0	0.0	0.0	N/A	true	true			true		The foregoing issuances were pursuant to Section 4(a)(2) of the Securities Act of 1933, as amended, for transactions by an issuer not involving any public offering.
0001767876-20-000025	335 Madison Ave, 16th Floor		New York	NY	10017	201-479-4408	Michael Karnjanaprakorn	Other	10175.0	0.0		216719.0		0.0		1467885.0	1011897.0			0.0	1011897.0	455988.0	1467885.0	0.0		0.0		0.0	-12231.0	0.0	0.0	Artesian CPA, LLC	true	true			true	true	
0001477932-20-003219	303 E. 4th St.		Los Angeles	CA	90013	323-994-1180	Peter Berkman, Esq.	Other	2953.0	0.0		0.0		93391.0		811875.0	637953.0			0.0	637953.0	173922.0	811875.0	95098.0		38214.0		32776.0	-229259.0	-0.01	-0.01	MaughanSullivan LLC	true	true	true	true		false	Regulation D, Rule 506 Form D filed March 4, 2019
0001078782-20-000411	41 MEADOWVIEW LANE		BERKELEY HEIGHTS	NJ	07922	917-838-8617	Frank J. Hariton	Other	0.0	0.0		0.0		1500.0		1500.0	7500.0			0.0	7500.0	-6000.0	1500.0	0.0		0.0		0.0	-7604.0	0.0	0.0	BF Borgers CPA PC	true	true	false	true	false	true	
0001493152-20-010482	1600 N Kraemer Blvd.		Anaheim	CA	92806	714-740-5144	William R. Eilers, Esq.	Other	537301.0	935253.0		1111794.0		1222179.0		3322956.0	638462.0			2465088.0	3103550.0	219406.0	3322956.0	1354400.0		2582605.0		0.0	-1899538.0	0.0	0.0		true	true			true	true	
0001104659-20-069101	11 Dupont Circle NW	9th FL	WASHINGTON	DC	20036	202-584-0550	Bjorn Hall	Other	2475000.0	0.0		0.0		0.0		44247000.0	100000.0			0.0	1245000.0	43002000.0	44247000.0	0.0		286000.0		15000.0	-785000.0	-0.26	-0.26	RSM US LLP	true	true		true		true	
0001493152-20-010410	960 South Broadway	Suite 120	Hicksville	NY	11801	516-595-9544	Gina Austin, Esq.	Other	46540.0	0.0		1275877.0		1075242.0		6930870.0	505668.0			0.0	564666.0	6366204.0	6930870.0	2305503.0		6291036.0		154720.0	-4592470.0	-0.1	-0.1	BMKR, LLP	true	true		true			Section 4(a)(2)
0001754259-20-000006	8400 EAST PRENTICE AVNUE	SUITE 1360	GREENWOOD VILLAGE	CO	80111	9202070100	Mark Thatcher	Other	546.0	0.0		698427.0		0.0		698933.0	0.0			551337.0	551337.0	147596.0	698933.0	0.0		0.0		0.0	-83016.0	0.0	0.0		true	true	false	true	false	false	Section 4(2), Regulation D, Rule 506(b), Regulation S and Section 147
0001193125-20-157504	1521 Westbranch Drive	Suite 100	McLean	VA	22102	703-287-5800	Erin M. Lett	Other	25414822.0	8712784.0		19014643.0		329471.0		56698155.0	22039475.0			0.0	32253724.0	24444431.0	56698155.0	37587256.0		33446834.0		65248.0	3135369.0	31353.690000000002	31353.690000000002	PricewaterhouseCoopers LLP	true	true	false	false		true	
0001493152-20-010344	719 JADWIN AVENUE		RICHLAND	WA	99352	509-736-4000	Daniel W. Rumsey	Other	20381.0	0.0		0.0		0.0		43873.0	511817.0			0.0	1523562.0	-1479689.0	43873.0	9500.0		-6028.0		0.0	-1610097.0	-0.01	-0.01	Fruci & Associates II, PLLC	true	true		true			4(a)(2) and/or 3(a)(9) of 1933 Act
0001754259-20-000004	8400 EAST PRENTICE AVNUE	SUITE 1360	GREENWOOD VILLAGE	CO	80111	9202070100	Mark Thatcher	Other	564.0	0.0		698337.0		0.0		698933.0	0.0			551337.0	551337.0	147596.0	698933.0	0.0		-83016.0		0.0	0.0	0.0	0.0		true	true	false	true	false	false	Regulation D, Rule 506(b), Rule 504, Regulation S and Section 4(2) of the Act
0001493152-20-010270	9100 Wilshire Blvd.	Suite 362W	Beverly Hills	CA	90212	424-313-7471	Stephen A. Weiss	Other	332772.0	0.0		130952.0		2085.0		5983616.0	698575.0			73990.0	1443930.0	4539686.0	5983616.0	3420.0		3047.0		110.0	-2845831.0	-0.03	-0.02	Alan T. Schiffman, CPA, PC	true	true		true			Section 4(a)(2)
0001486452-20-000004	1 BRIDGE PLAZA	2ND FLOOR	FORT LEE	NJ	07024	551-486-3980	Eric Newlan	Other	0.0	0.0		225000.0		0.0		225662.0	722662.0			0.0	772662.0	-542574.0	225662.0	0.0		172000.0		0.0	-244534.0	-1.6300000000000001	-1.6300000000000001		true	true	false	true	false	false	Sec. 3(a)(10); Sec. 3(a)(10); Sec. 4(a)(2); Sec. 4(a)(2)
0001486452-20-000003	1 BRIDGE PLAZA	2ND FLOOR	FORT LEE	NJ	07024	551-486-3980	Eric Newlan	Other	0.0	0.0		225000.0		0.0		225662.0	722662.0			0.0	772662.0	-542574.0	225662.0	0.0		172000.0		0.0	-244534.0	-1.6300000000000001	-1.6300000000000001		true	true	false	true	false	false	Sec. 3(a)(10); Sec. 3(a)(10); Sec. 4(a)(2); Sec. 4(a)(2)
0001104659-20-067911	3090 BRISTOL STREET	SUITE 550	COSTA MESA	CA	92626	855-742-4862	Lauren Prevost, Esq.	Other	2116012.0	5463511.0		3882.0		12775963.0		20364540.0	164067.0			6054996.0	11891290.0	7152043.0	20364540.0	54302.0		72412.0		19094.0	-502040.0	-0.27	-0.27	Squar Milner LLP	true	true			true		Regulation D. Private offering of 12,200 total shares issued to independent directors in 2019 for services rendered.
0001350455-20-000006	5401 OLD NATIONAL HIGHWAY #419	C/O MICHAEL L GILMORE	ATLANTA	GA	30349	601-582-1851	Michael Gilmore	Other	0.0	0.0		0.0		0.0		0.0	0.0			0.0	0.0	0.0	0.0	0.0		0.0		0.0	0.0	1.0	1.0	BF Borgers CPA PC	true	true	false	true	false	true	
0001683168-20-001793	250 W. FIRST ST., STE. 256		CLAREMONT	CA	91711	909-740-9175	Michael Behrens	Other	0.0	0.0		484670.0		2990695.0		3511580.0	1724875.0			15606.0	1740481.0	1771099.0	3511580.0	263655.0		502233.0		472260.0	-1288347.0	0.0	0.0	IndigoSpire CPA Group, LLC	true	true		true			Issuer has relied on Rule 147A, promulgated under Section 28 of the Securities Act, for intrastate offerings in California, Rule 506(c) or Regulation A, respectively, for such offerings.
0001760319-20-000020	370 AMAPOLA AVE	SUITE 200A	TORRANCE	CA	90501	3108951839	Frank Igwealor	Other	1393.0	0.0		0.0		0.0		1393.0	2400.0			9038.0	11438.0	-10045.0	1393.0	0.0		30154.0		0.0	-30154.0	0.0	0.0	MICHAEL J HADZIPANAJOTIS, CPA	true	true	false	false	true	false	The issuance of the 7,700,000 exchange shares of Common Stock is exempted from registration under Section 4(a)(2) of Securities
0001104659-20-067786	325 Rutledge Street		Brooklyn	NY	11211	800-692-4380	Jeffrey S. Marks	Other	339584.0	0.0		30560.0		0.0		459266.0	161154.0			576525.0	1227009.0	-767743.0	459266.0	3864706.0		947495.0		0.0	-543056.0	-0.09	-0.09	IndigoSpire CPAs & Advisors	true	true			true		Section 4(a)(2) Regulation CF
0001104659-20-067672	420 LEXINGTON AVENUE	SUITE 300	NEW YORK	NY	10170	2124792513	Mark Wishner	Other	36747.0	0.0		0.0		3659.0		771682.0	854541.0			0.0	854541.0	-82859.0	771682.0	0.0		0.0		0.0	-2713839.0	-0.22	-0.22	Citrin Cooperman & Company, LLP	true	true		true			Private placements of units of common stock and warrants and convertible promissory notes were conducted under Rule 506(b) without general solicitation. Private placements of options to employees, consultants and advisors were conducted under Rule 701.
0001104659-20-067632	658 West Indiantown Road	Suite 214	Jupiter	FL	33458	561-406-2864	LAURA ANTHONY	Other	537592.0	0.0		18417.0		0.0		1056608.0	157633.0			1061904.0	1219537.0	-162929.0	1056608.0	365169.0		1119923.0		28823.0	-976922.0	-0.1	-0.1	D. Brooks and Associates CPA's, P.A.	true	true			true		The foregoing issuances were pursuant to Rule 506(c) of Regulation D and Regulation CF promulgated under the Securities Act of 1933, as amended.
0001213900-20-013629	301 E. PINE ST, SUITE 850		ORLANDO	FL	32801	407-986-4234	James S. Byrd, Jr.	Other	750812.0	0.0		17981705.0		11929.0		20768515.0	588842.0			9482690.0	17245236.0	3523279.0	20768515.0	2130926.0		-4423722.0		6033.0	-2484184.0	-0.16	-0.16	Rosenfield and Company PLLC	true	true			true	true	
0001477932-20-003102	16000 TRADE ZONE AVENUE/UNIT 105		Upper Marlboro	MD	20774	3012184333ex221	Jillian Sidoti, Esq.	Other	66.0	0.0		0.0		0.0		66.0	0.0			0.0	0.0	66.0	66.0	0.0		0.0		0.0	0.0	0.0	0.0		true	true	false	true		true	
0001493152-20-010056	497 BROOME STREET		NEW YORK	NY	10013	203-518-5172	JOSH GOLDSTEIN	Other	100.0	0.0		0.0		0.0		100.0	0.0			0.0	0.0	100.0	100.0	0.0		0.0		0.0	0.0	0.0	0.0	N/A	true	true			true		The foregoing issuances were pursuant to Section 4(a)(2) of the Securities Act of 1933, as amended, for transactions by an issuer not involving any public offering.
0001493152-20-010018	7745 Arjons Drive		San Diego	CA	92126	619-763-4901	Gina Austin, Esq.	Other	3529942.0	0.0		79.0		0.0		4337843.0	24205.0			0.0	24205.0	4313649.0	4337843.0	0.0		0.0		0.0	-100663.0	-0.01	-0.01	N/A	true	true		true			Section 4(a)(2)
0001104659-20-066991	600 PEACHTREE STREET	SUITE 810	ATLANTA	GA	30308	404-850-9225	NICK BHARGAVA	Other	1699196.0	0.0		3805559.0		1014210.0		80370961.0	81900103.0			0.0	81900103.0	-1529142.0	80370961.0	6403113.0		9082610.0		0.0	-3837266.0	-1.87	-1.54	Cherry Bekaert LLP	true	true			true		Rule 506 of Reg. D and Regulation A, as applicable. For all offerings made pursuant to Rule 506, issuer relies on preexisting relationships or investors that meet the definition of accredited investor in Rule 501 of Reg. D.
0001758533-20-000005	10949 ESTEBAN DRIVE		FT. MYERS	FL	33912	2393133693	Kendall Almerico	Other	28949.0	0.0		0.0		0.0		43849.0	26987.0			0.0	26987.0	16862.0	43849.0	0.0		191577.0		0.0	-191577.0	-0.01	-0.01	IndiegoSpire CPA	true	true	false	false	true	false	Regulation D, Rule 506(C)
0001754259-20-000002	8400 EAST PRENTICE AVNUE	SUITE 1360	GREENWOOD VILLAGE	CO	80111	9202070100	Mark Thatcher	Other	564.0	0.0		698337.0		0.0		698933.0	0.0			551337.0	551337.0	147596.0	698933.0	0.0		-83016.0		0.0	0.0	0.0	0.0		true	true	false	true	false	false	Regulation D, Rule 506(b), Rule 504, Regulation S and Section 4(2) of the Act
0001376474-20-000130	420 Lexington Avenue, Suite #2320		New York	NY	10170	212-661-6800	Paul Goodman	Other	370942.0	0.0		264282.0		0.0		1084817.0	727906.0			866448.0	2212407.0	-1127590.0	1084817.0	53091.0		1027350.0		0.0	-1106576.0	-0.1	-0.1	LA Posta & Associates	true	true	false	true	false	false	--
0001477932-20-003076	1910 South Stapley Dr.	Suite 221	Mesa	AZ	85204	888-693-8733	Shelly Befumo	Other	808390.0	0.0		475951.0		144180.0		1428521.0	0.0			0.0	0.0	1428521.0	1428521.0	0.0		1204586.0		0.0	-1204586.0	-0.98	-0.98	dbbmckennon	true	true	false		true	false	Regulation Crowdfunding + Regulation D, * 4(a)(6) of the Securities Act of 1933, * 4(a)(2) of the Securities Act of 1933
0001493152-20-009972	1712 Pearl Street		Boulder	CO	80302	888-887-6658	Heidi Mortensen	Other	360359.0	0.0		50000.0		0.0		430359.0	440250.0			0.0	440250.0	-9891.0	430359.0	0.0		0.0		0.0	-911927.0	-0.03	-0.03	dbbmckennon	true	true			true		Regulation D (17,009,501 shares), Regulation S (20,215,360 shares) and Rule 701 (1,232,500 shares and Options exercisable for 3,500,000 shares of Common Stock) under the Securities Act of 1933, as amended.
0001477932-20-003061	4275 Executive Sq. Ste. 200		La Jolla	CA	92037	619-452-1542	Jillian Sidoti	Other	500.0	0.0		31000.0		0.0		31500.0	31000.0			0.0	31000.0	500.0	31500.0	0.0		0.0		0.0	0.0	0.0	0.0	Alan T. Schiffman, CPA, PC	true	true	false	true		true	
0001104659-20-066189	600 Peachtree Street	Suite 810	Atlanta	GA	30308	404-850-9225	Nick Bhargava	Other	20100.0	0.0		166973.0		0.0		210642.0	210642.0			0.0	210642.0	0.0	210642.0	0.0		0.0		0.0	0.0	0.0	0.0	N/A	true	true		true		true	
0001104659-20-065956	8901 E. Mountain View Rd, Ste 150		Scottsdale	AZ	85258	480-295-7600	Thomas Poletti, Brian S. Korn	Other	6913176.0	0.0		2162389.0		170853001.0		172726013.0	21312953.0			122778843.0	165642447.0	3242858.0	172726013.0	43796783.0		36541624.0		3683569.0	1642007.0	0.07	0.06	Marcum LLP	true	true			true		"All securities issued pursuant to safe harbor of R. 506(b) of Reg D of Sec. Act of 1933, as amended, or other available exemptions such as Section 4(a)(2) or R. 701. All investors certified ""accredited investor"" status through income & net worth test."
0001493152-20-009852	497 BROOME STREET		NEW YORK	NY	10013	203-518-5172	JOSH GOLDSTEIN	Other	100.0	0.0		0.0		0.0		100.0	0.0			0.0	0.0	100.0	100.0	0.0		0.0		0.0	0.0	0.0	0.0	N/A	true	true			true		The foregoing issuances were pursuant to Section 4(a)(2) of the Securities Act of 1933, as amended, for transactions by an issuer not involving any public offering.
0001683168-20-001736	55 E 3RD AVE		SAN MATEO	CA	94401	650-644-4160	Jeanne Campanelli	Other	3000.0	0.0		17000.0		6000.0		26000.0	1804000.0			747000.0	2551000.0	-2525000.0	26000.0	77000.0		76000.0		0.0	-536000.0	-0.01	-0.01	IndigoSpire CPA Group, LLC	true	true		true			Regulation Crowdfunding for SAFEs and Section 4(a)(2) for Common Stock and Convertible Promissory Notes
0001768126-20-000013	250 LAFAYETTE STREET	2ND FLOOR	NEW YORK	NY	10012	3479528058	Max Niederste-Ostholt	Other	24459.0	0.0		1881.0		1584178.0		1610518.0	2737.0			577500.0	580237.0	1030281.0	1610518.0	0.0		8041.0		0.0	-8041.0	0.0	0.0	EisnerAmper LLP	true	true	false	true	false	true	
0001493152-20-009791	497 BROOME STREET		NEW YORK	NY	10013	203-518-5172	JOSH GOLDSTEIN	Other	100.0	0.0		0.0		0.0		100.0	0.0			0.0	0.0	100.0	100.0	0.0		0.0		0.0	0.0	0.0	0.0	N/A	true	true			true		The foregoing issuances were pursuant to Section 4(a)(2) of the Securities Act of 1933, as amended, for transactions by an issuer not involving any public offering.
0001171520-20-000240	65 QUEEN STREET WEST SUITE 800		TORONTO	A6	M5H 2M5	416-861-2267	Marc Boiron, Esq.	Other	182267.0	0.0		0.0		0.0		202267.0	11959.0			0.0	11959.0	190308.0	202267.0	0.0		20000.0		0.0	-109692.0	-0.01	-0.01	McGovern Hurley LLP	true	true					Not applicable as no securities were issued to US residents in either offering. The Company relied on Canadian securities laws exemptions.
0001477932-20-003017	303 E. 4th St.		Los Angeles	CA	90013	323-994-1180	Peter Berkman, Esq.	Other	2953.0	0.0		0.0		93391.0		811875.0	637953.0			0.0	637953.0	173922.0	811875.0	95098.0		38214.0		32776.0	-229259.0	-0.01	-0.01	MaughanSullivan LLC	true	true	true	true		false	Regulation D, Rule 506 Form D filed March 4, 2019
0001477932-20-003014	3465 Gaylord Court	Suite A509	Englewood	CO	80113	855-933-3277	Kenneth Tapp, CEO	Other	5500.0	0.0		43000.0		0.0		53158.0	0.0			0.0	381222.0	-328063.0	53158.0	234584.0		244192.0		0.0	-328063.0	-218.71	0.0	BF Borgers CPA PC	true	true	false	true		true	
0001445866-20-000730	2506 NORTH CLARK STREET #235		CHICAGO	IL	60614	312-282-2900	Marty Tate	Other	144368.0	0.0		71567.0		145774.0		374853.0	100142.0			2304000.0	2404142.0	2029289.0	374853.0	182632.0		0.0		401062.0	-2187357.0	0.21	0.21	Indigo Spire	true	true	false	false	true	false	Regulation CF
0001193125-20-150271	333 W. Main Street		Clarion	PA	16214	814-226-6000	Edward C. Ned Hogan	Banking	9184822.0	23224065.0			133090142.0		2980142.0	175386527.0	1493911.0		151654760.0	0.0	158148671.0	17237856.0	175386527.0		7850444.0		2082023.0	480617.0	819220.0	0.49	0.49	S.R. Snodgrass, P.C.	true	true	false	true		true	
0001493152-20-009732	497 BROOME STREET		NEW YORK	NY	10013	203-518-5172	JOSH GOLDSTEIN	Other	100.0	0.0		0.0		0.0		100.0	0.0			0.0	0.0	100.0	100.0	0.0		0.0		0.0	0.0	0.0	0.0	N/A	true	true			true		The foregoing issuances were pursuant to Section 4(a)(2) of the Securities Act of 1933, as amended, for transactions by an issuer not involving any public offering.
0001575705-20-000092	1801 Century Park East, Suite 1201		Los Angeles	CA	90067	310-860-9975	David Ficksman	Other	1500.0	0.0		0.0		0.0		7500.0	1315707.0			0.0	1445695.0	-1445695.0	7500.0	0.0		0.0		0.0	-8632.0	0.0	0.0		true	true		true			These securities were sold in reliance upon the exemption provided by Section 4(a)(2) of the Securities Act of 1933, as amended for transactions not involving a public market.
0001493152-20-009687	18716 E. Old Beau Trail		Queen Creek,	AZ	85142	760-582-5115	Andrew Coldicutt, Esq.	Other	43926.0	0.0		0.0		8205.0		65085.0	180016.0			395000.0	575016.0	-509931.0	65085.0	425075.0		265968.0		0.0	-1393621.0	0.0	0.0	n/a	true	true		true			Exempt from registration under Section 4(2) of the Securities Act , as Amended, and the Rules promulgated thereunder.
0001493152-20-009679	11120 NE 2nd Street	Suite 200	Bellevue	WA	98004	206-617-9797	LAURA ANTHONY	Other	1209339.0	0.0		2548257.0		368261.0		36639684.0	1342044.0			3677408.0	6339636.0	30300048.0	36639684.0	4977474.0		3218801.0		40968.0	-594788.0	0.0	0.0	NVS Chartered Accountants Professional Corporation	true	true		true			The foregoing issuances were pursuant to Rule 506 of Regulation D, Section 4(2), and Regulation S of the Securities Act of 1933, as amended, for transactions by an issuer not involving any public offering.
0001140361-20-012215	605 PALENCIA CLUB DRIVE		ST. AUGUSTINE	FL	32095	800-350-8061	Ira Levine	Other	0.0	0.0		0.0		0.0		0.0	0.0			0.0	0.0	0.0	0.0	0.0		0.0		0.0	0.0	0.0	0.0	N/A	true	true	false	true	false	true	
0001104659-20-064903	1275 KINNEAR AVE.		COLUMBUS	OH	43212	305-967-4765	Jeffrey S. Marks	Other	53723.0	0.0		0.0		0.0		53723.0	66707.0			0.0	81707.0	-27984.0	53723.0	0.0		0.0		0.0	-932510.0	-0.02	-0.02	Artesian CPA, LLC	true	true			true		Section 4(a)(2) of the Securities Act / Regulation CF
0001104659-20-064999	11 Dupont Circle NW	9th FL	WASHINGTON	DC	20036	202-584-0550	Bjorn Hall	Other	5785000.0	0.0		0.0		0.0		45853000.0	143000.0			0.0	900000.0	44953000.0	45853000.0	111000.0		160000.0		63000.0	-112000.0	-0.06	-0.06	RSM US LLP	true	true		true		true	
0001104659-20-065001	11 Dupont Circle NW	9th FL	WASHINGTON	DC	20036	202-584-0550	Bjorn Hall	Other	1999000.0	0.0		16665000.0		0.0		46412000.0	47000.0			0.0	2208000.0	44204000.0	46412000.0	0.0		154000.0		0.0	-1182000.0	-1.03	-1.03	RSM US LLP	true	true		true		true	
0001493152-20-009618	497 BROOME STREET		NEW YORK	NY	10013	203-518-5172	JOSH GOLDSTEIN	Other	100.0	0.0		0.0		0.0		100.0	0.0			0.0	0.0	100.0	100.0	0.0		0.0		0.0	0.0	0.0	0.0	N/A	true	true			true		The foregoing issuances were pursuant to Section 4(a)(2) of the Securities Act of 1933, as amended, for transactions by an issuer not involving any public offering.
0001493152-20-009586	719 JADWIN AVENUE		RICHLAND	WA	99352	509-736-4000	Daniel W. Rumsey	Other	20381.0	0.0		0.0		0.0		43873.0	511817.0			0.0	1523562.0	-1479689.0	43873.0	9500.0		-6028.0		0.0	-1610097.0	-0.01	-0.01	Fruci & Associates II, PLLC	true	true		true			4(a)(2) and/or 3(a)(9) of 1933 Act
0001213900-20-013167	231 Public Square	Suite 300, PMB-41	Franklin	TN	37064	1-888-552-2553	Andrew Stephenson	Other	38156.0	0.0		51101.0		1193.0		114650.0	2502.0			0.0	2502.0	112148.0	114650.0	0.0		0.0		0.0	-52740.0	-0.04	-0.04	Artesian CPA, LLC	true	true			true		Regulation Crowdfunding
0001171520-20-000235	141 Amsterdam Rd		Grove City	PA	16127	727-692-3348	John Brannelly, Attorney	Other	2165.0	0.0		0.0		514923.0		988237.0	111325.0			536734.0	1297906.0	-309669.0	988237.0	130064.0		67883.0		1438.0	-319669.0	-0.07	0.0	Goff Backa Alfera & Company, LLC,	true	true			true		4(a)(2)
0001683168-20-001689	1292A BLUE HILLS AVE.		BLOOMFIELD	CT	06002	860-838-2677	Jeanne Campanelli	Other	1554653.0	0.0		302171.0		46466.0		2596438.0	302566.0			2895040.0	3197606.0	-601168.0	2596438.0	2093908.0		454415.0		54027.0	-1205366.0	-1.09	-1.09	Bennett & Company, PC	true	true			true		Section 3(a)(9) for Preferred Stock; Section 3(a)(9), Regulation D and Regulation CF for common stock; Regulation D for promissory notes.
0001748909-20-000004	299 CAMINO GARDENS	SUITE 300	BOCA RATON	FL	33432	561-609-2537	Hamon Fytton	Other	8870.0	0.0		5620.0		0.0		14490.0	725.0			10000.0	10725.0	3765.0	14490.0	61468.0		48825.0		0.0	9810.0	0.08	0.08		true	true	false	false	true	true	
0001760319-20-000019	370 AMAPOLA AVE	SUITE 200A	TORRANCE	CA	90501	3108951839	Frank I Igwealor	Other	10878.0	41579.0		8620.0		17550.0		78628.0	800.0			41559.0	42359.0	36269.0	78628.0	6189.0		0.0		2278.0	-143944.0	0.0	0.0	Dylan Floyd Accounting & Consulting	true	true	false	false	true	false	The issuance of the 7,700,000 exchange shares of Common Stock is exempted from registration under Section 4(a)(2) of Securities
0001213900-20-013047	9 Cedar Lane		Old Saybrook	CT	06475	860-316-7466	Mark Roderick, Esq.	Other	100.0	0.0		0.0		0.0		100.0	12657.0			0.0	12657.0	-12557.0	100.0	0.0		0.0		0.0	0.0	0.0	0.0	Mahoney Sabol & Company, LLP	true	true		true		true	
0001477932-20-002933	29465 Ridgeline Court		Temecula	CA	92590	805-236-2647	Jillian Sidoti, Esq.	Other	0.0	0.0		0.0		0.0		20000.0	0.0			0.0	20000.0	0.0	20000.0	0.0		0.0		0.0	0.0	0.0	0.0	IndigoSpire CPA Group	true	true	false	true		false	Such interests were issued in exchange for cash, services, including company management, and services related to this Offering.
0001477932-20-002931	1910 South Stapley Dr.	Suite 221	Mesa	AZ	85204	888-693-8733	Shelly Befumo	Other	1098632.0	0.0		31394.0		174047.0		2208809.0	0.0			0.0	0.0	2208809.0	2208809.0	0.0		459110.0		0.0	-459110.0	-1.82	-1.82	dbbmckennon	true	true	false		true	false	Regulation Crowdfunding + Regulation D, * 4(a)(6) of the Securities Act of 1933, * 4(a)(2) of the Securities Act of 1933
0001493152-20-009382	1600 N Kraemer Blvd.		Anaheim	CA	92806	714-740-5144	William R. Eilers, Esq.	Other	537301.0	935253.0		1111794.0		1222179.0		3322956.0	638462.0			2465088.0	3103550.0	219406.0	3322956.0	1354400.0		2582605.0		0.0	-1899538.0	0.0	0.0		true	true			true	true	
0001640334-20-001269	Edgar Montero	Suite 2710, Granville Street	Vancouver	A1	V6C1S4	604-398-3378	Eli Dusenbury	Other	1343696.0	91007.0		1647071.0		9034365.0		29806832.0	5504238.0			0.0	14598904.0	15207929.0	29806832.0	5645291.0		3788513.0		2620743.0	-20502492.0	-2.04	-2.04	Davidson & Company LLP	true	true	false			false	N/A
0001104659-20-063364	8687 MELROSE AVE	7TH FLOOR (GREEN BUILDING)	WEST HOLLYWOOD	CA	90069	800-317-2200	Jamie Ostrow	Other	2200337.0	309684.0		785440.0		1873.0		3921757.0	901320.0			0.0	1372708.0	2549049.0	3921757.0	4323791.0		2106293.0		2561.0	-4012954.0	-0.52	-0.52	dbbmckennon	true	true		true			Regulation CF
0001731122-20-000534	208 East 51st Street	Suite 170	New York	NY	10022	212-508-2130	Andrew Coldicutt, Esq	Other	14.0	0.0		1050.0		0.0		3893728.0	2517498.0			0.0	8862244.0	-4968515.0	3893728.0	0.0		0.0		0.0	-1649009.0	0.0	0.0	N/A	true	true		true			Exempt from registration under Section 4(2) of the Securities Act , as Amended, and the Rules promulgated thereunder.
0001213900-20-012706	365 5th Ave South	Suite 201	Naples	FL	34102	239-666-3440	Dennis L. Smith	Other	459099.0	0.0		427478.0		11415628.0		15705934.0	1267781.0			20506900.0	27065673.0	-11359739.0	15705934.0	8854905.0		1752413.0		896005.0	-1202468.0	-0.47000000000000003	-0.47000000000000003	Somerset CPAs, P.C.	true	true			true		Section 4(a)(2) of the Securities Act of 1933 and Regulation D thereunder, for sale to accredited investors.
0001767876-20-000015	335 Madison Ave, 16th Floor		New York	NY	10017	201-479-4408	Michael Karnjanaprakorn	Other	10175.0	0.0		216719.0		0.0		1467885.0	1011897.0			0.0	1011897.0	455988.0	1467885.0	0.0		0.0		0.0	-12231.0	0.0	0.0	Artesian CPA, LLC	true	true			true	true	
0001493152-20-008860	497 BROOME STREET		NEW YORK	NY	10013	203-518-5172	JOSH GOLDSTEIN	Other	100.0	0.0		0.0		0.0		100.0	0.0			0.0	0.0	100.0	100.0	0.0		0.0		0.0	0.0	0.0	0.0	N/A	true	true			true		The foregoing issuances were pursuant to Section 4(a)(2) of the Securities Act of 1933, as amended, for transactions by an issuer not involving any public offering.
0001213900-20-012189	621 South Virgil Avenue	#470	Los Angeles	CA	90005	213-219-7746	Matthew McMurdo	Other	7229.0	0.0		0.0		0.0		7229.0	7465.0			0.0	7465.0	-236.0	7229.0	0.0		-20845.0		0.0	-17936.0	0.0	0.0	MICHAEL GILLESPIE & ASSOCIATES, PLLC	true	true		true		true	
0001213900-20-012117	301 E. PINE ST, SUITE 850		ORLANDO	FL	32801	407-986-4234	James S. Byrd, Jr.	Other	750812.0	0.0		17981705.0		11929.0		20768515.0	588842.0			9482690.0	17245236.0	3523279.0	20768515.0	2130926.0		-4423722.0		6033.0	-2484184.0	-0.16	-0.16	Rosenfield and Company PLLC	true	true			true	true	
0001477932-20-002629	818 Natchez Valley Trace		Grayson	GA	30017	410-627-1569	Wallace A. Glausi	Other	100.0	0.0		0.0		0.0		45900.0	0.0			45800.0	45800.0	100.0	45900.0	0.0		0.0		0.0	0.0	0.0	0.0	Alan T. Schiffman, CPA, PC	true	true	false	true		false	Securities Act Rule 4(a)(2)
0001664038-20-000016	16950 NORTH BAY ROAD, SUITE 1803		SUNNY ISLES BEACH	FL	33160	347-301-8431	Thomas DeNunzio	Other	33918.0	0.0		0.0		0.0		1790659.0	1043022.0			0.0	1043022.0	747637.0	1790659.0	0.0		0.0		0.0	0.0	0.0	0.0		true	true		true		true	
0001104659-20-060692	600 PEACHTREE STREET	SUITE 810	ATLANTA	GA	30308	404-850-9225	NICK BHARGAVA	Other	1699196.0	0.0		3805559.0		1014210.0		80370961.0	81900103.0			0.0	81900103.0	-1529142.0	80370961.0	6403113.0		9082610.0		0.0	-3837266.0	-1.87	-1.54	Cherry Bekaert LLP	true	true			true		Rule 506 of Reg. D and Regulation A, as applicable. For all offerings made pursuant to Rule 506, issuer relies on preexisting relationships or investors that meet the definition of accredited investor in Rule 501 of Reg. D.
0001477932-20-002602	4275 Executive Sq. Ste. 200		La Jolla	CA	92037	619-452-1542	Jillian Sidoti	Other	500.0	0.0		31000.0		0.0		31500.0	31000.0			0.0	31000.0	500.0	31500.0	0.0		0.0		0.0	0.0	0.0	0.0	Alan T. Schiffman, CPA, PC	true	true	false	true		true	
0001213900-20-011960	1411 4th Avenue		Seattle	WA	98101	206-607-6080	Robin Sosnow, Esq.	Other	54001.0	315065.0		2965.0		0.0		372031.0	4974.0			0.0	4974.0	367057.0	372031.0	68030.0		1674.0		0.0	66356.0	0.0	0.0	dbbmckennon	true	true			true		Common Shares - Section 4(a)(2) of the Securities Act of 1933. Investor Shares - Rule 506(c) of Regulation D.
0001104659-20-060415	17800 CASTLETON ST.	SUITE 300	CITY OF INDUSTRY	CA	91748	626-581-3335	ERIC NEWLAN	Other	1534.0	0.0		0.0		0.0		1534.0	1109612.0			0.0	1109612.0	-1108078.0	1534.0	0.0		-89250.0		0.0	-89250.0	0.0	0.0	MALONEBAILEY LLP	true	true		true			Section 4(a)(2); transaction did not involve any public offering
0001350455-20-000004	5401 OLD NATIONAL HIGHWAY #419	C/O MICHAEL L GILMORE	ATLANTA	GA	30349	601-582-1851	Michael Gilmore	Other	0.0	0.0		0.0		0.0		0.0	0.0			0.0	0.0	0.0	0.0	0.0		0.0		0.0	0.0	1.0	1.0	BF Borgers CPA PC	true	true	false	true	false	true	
0001493152-20-008401	497 BROOME STREET		NEW YORK	NY	10013	203-518-5172	JOSH GOLDSTEIN	Other	100.0	0.0		0.0		0.0		100.0	0.0			0.0	0.0	100.0	100.0	0.0		0.0		0.0	0.0	0.0	0.0	N/A	true	true			true		The foregoing issuances were pursuant to Section 4(a)(2) of the Securities Act of 1933, as amended, for transactions by an issuer not involving any public offering.
0001683168-20-001513	707 W. Corsicana St.		Athens	TX	75751	903-264-7892	Craig S. Fischer	Other	98.0	0.0		0.0		186535.0		191633.0	453145.0			0.0	453145.0	-261512.0	191633.0	165000.0		150403.0		0.0	14597.0	0.0	0.0		true	true		true		true	
0001213900-20-011738	40 King Street West, Suite 1700		Toronto	A6	M5H 3Y2	647-271-1312	Jeanne Campanelli	Other	17342.0	0.0		4200.0		0.0		32693.0	29018.0			0.0	54018.0	-21325.0	32693.0	0.0		0.0		0.0	-34728.0	0.0	0.0	GCSE LLP	true	true			true		Section 4(a)(2) of the Securities Act
0001104659-20-059757	11 DUPONT CIRCLE NW	9TH FL	WASHINGTON	DC	20036	202-584-0550	Bjorn J. Hall	Other	3507000.0	0.0		33053000.0		0.0		76012000.0	81000.0			0.0	3433000.0	72579000.0	76012000.0	3184000.0		811000.0		0.0	2373000.0	0.35000000000000003	0.35000000000000003	RSM US LLP	true	true		true		true	
0001213900-20-011711	YOUNOW, INC.	161 BOWERY, FL 6	NEW YORK	NY	10002	302-658-7581	Richard Baumann	Other	3366737.0	0.0		506202.0		121353.0		7412009.0	3036689.0			0.0	7414540.0	-2531.0	7412009.0	3144909.0		1846678.0		185654.0	11084707.0	0.0	0.0	Rosen Kuslansky, CPA, PC	true	true			true		Tokens: Section 4(a)(2) of the Securities Act of 1933 and Rule 506(b) under the Securities Act; Grants to Advisers: Section 4(a)(2) and Rule 903(a) under the Securities Act in one-on-one transactions; Warrants: Rule 506(b) under the Securities Act
0001493152-20-008255	1600 N Kraemer Blvd.		Anaheim	CA	92806	714-740-5144	William R. Eilers, Esq.	Other	537301.0	935253.0		1111794.0		1222179.0		3322956.0	638462.0			2465088.0	3103550.0	219406.0	3322956.0	1354400.0		2582605.0		0.0	-1899538.0	0.0	0.0		true	true			true	true	
0001722969-20-000007	7259 E POSADA AVE		MESA	AZ	85212	6023095425	Annie Pratt	Other	5074.0	0.0		0.0		12388.0		17462.0	0.0			18220.0	50765.0	-33302.0	17462.0	2287.0		464171.0		0.0	-470378.0	-0.03	-0.03	Jason M. Tyra	true	true	false	true	false	false	Section 4(a)(2)
0001493152-20-008125	497 BROOME STREET		NEW YORK	NY	10013	203-518-5172	JOSH GOLDSTEIN	Other	100.0	0.0		0.0		0.0		100.0	0.0			0.0	0.0	100.0	100.0	0.0		0.0		0.0	0.0	0.0	0.0	N/A	true	true			true		The foregoing issuances were pursuant to Section 4(a)(2) of the Securities Act of 1933, as amended, for transactions by an issuer not involving any public offering.
0001104659-20-058926	11 Dupont Circle NW	9th FL	WASHINGTON	DC	20036	202-584-0550	Bjorn Hall	Other	1676000.0	0.0		5243000.0		27128000.0		39000000.0	299000.0			0.0	643000.0	38357000.0	39000000.0	1221000.0		558000.0		154000.0	509000.0	0.14	0.14	RSM US LLP	true	true		true		true	
0001104659-20-058928	11 DUPONT CIRCLE NW	9th FL	WASHINGTON	DC	20036	202-584-0550	Benjamin S. Miller	Other	5832000.0	0.0		0.0		19215000.0		25149000.0	512000.0			0.0	632000.0	24517000.0	25149000.0	317000.0		316000.0		44000.0	-43000.0	-0.02	-0.02	RSM US LLP	true	true		true		true	
0001104659-20-058955	11 DUPONT CIRCLE NW	9TH FL	WASHINGTON	DC	20036	202-584-0550	Bjorn Hall	Other	4162000.0	0.0		124281000.0		0.0		137235000.0	105000.0			7047000.0	14238000.0	122997000.0	137235000.0	9521000.0		1250000.0		0.0	8271000.0	0.75	0.75	RSM US LLP	true	true		true		true	
0001663577-20-000122	100 CHALLENGER ROAD	8TH FLOOR	RIDGEFIELD PARK	NJ	07660	646-201-5242	Max Khan	Other	599897.0	0.0		180000.0		29654.0		889443.0	6882.0			0.0	294877.0	594566.0	889443.0	260905.0		25205.0		7000.0	15877.0	0.0	0.0		true	true		true			Section 4a(2) and Rule 506 of Regulation D
0001722969-20-000006	7259 E POSADA AVE		MESA	AZ	85212	6023095425	Annie Pratt	Other	5074.0	0.0		0.0		12388.0		17462.0	0.0			18220.0	50765.0	-33302.0	17462.0	2287.0		464171.0		0.0	-470378.0	-0.03	-0.03	Jason M. Tyra	true	true	false	true	false	false	Section 4(a)(2)
0001104659-20-058478	333 WESTCHESTER AVENUE	SUITE W2100	WHITE PLAINS	NY	10604	914-372-7337	Ezra Levine	Other	0.0	0.0		0.0		0.0		0.0	0.0			0.0	0.0	0.0	0.0	0.0		0.0		0.0	-396.0	0.0	0.0	Jason M. Tyra, CPA, PLLC	true	true			true	true	
0001350455-20-000003	5401 OLD NATIONAL HIGHWAY #419	C/O MICHAEL L GILMORE	ATLANTA	GA	30349	601-582-1851	Michael Gilmore	Other	0.0	0.0		0.0		0.0		0.0	0.0			0.0	0.0	0.0	0.0	0.0		0.0		0.0	0.0	1.0	1.0	BF Borgers CPA PC	true	true	false	true	false	true	
0001445866-20-000557	2506 NORTH CLARK STREET #235		CHICAGO	IL	60614	312-282-2900	Marty Tate	Other	144368.0	0.0		71567.0		145774.0		374853.0	100142.0			2304000.0	2404142.0	2029289.0	374853.0	182632.0		0.0		401062.0	-2187357.0	0.21	0.21	Indigo Spire	true	true	false	false	true	false	Regulation CF
0001663577-20-000117	1200	Suite 310	Hauppauge	NY	11788	631-676-7230	Scott Doney, Esq.	Other	4830.0	0.0		497389.0		0.0		529536.0	841996.0			0.0	4150382.0	-3620846.0	529536.0	0.0		0.0		0.0	-177045.0	0.0	0.0	BMKR, LLP	true	true			true		N/A
0001171520-20-000206	1830 Prospector Ave		Park City	UT	84060	941-225-6699	John Brannelly, Attorney	Other	91810.0	0.0		0.0		0.0		91810.0	7705.0			0.0	68030.0	23780.0	91810.0	0.0		171220.0		0.0	171220.0	0.02	0.02	n/a	true	true			true		Jobs act, rule 506 and Regulation D
0001594062-20-000036	800, 65 QUEEN STREET WEST		TORONTO	A6	M5H2M5	1-416-309-2963	Neil Said	Other	1360010.0	0.0		340815.0		1202988.0		131963951.0	5356293.0			0.0	8502553.0	123461398.0	131963951.0	0.0		11853740.0		12293.0	-12312530.0	-0.1	-0.1	KPMG LLP	true	true	false	false	false	false	No sales to US purchasers and thus no Securities Act exemption relied upon.
0001350455-20-000002	5401 OLD NATIONAL HIGHWAY #419	C/O MICHAEL L GILMORE	ATLANTA	GA	30349	601-582-1851	Michael Gilmore	Other	0.0	0.0		0.0		0.0		0.0	0.0			0.0	0.0	0.0	0.0	0.0		0.0		0.0	0.0	1.0	1.0	BF Borgers CPA PC	true	true	false	true	false	true	
0001731122-20-000438	208 East 51st Street	Suite 170	New York	NY	10022	212-508-2130	Andrew Coldicutt, Esq	Other	14.0	0.0		1050.0		0.0		3893728.0	2517498.0			0.0	8862244.0	-4968515.0	3893728.0	0.0		0.0		0.0	-1649009.0	0.0	0.0	N/A	true	true	false	true	false	false	Exempt from registration under Section 4(2) of the Securities Act , as Amended, and the Rules promulgated thereunder.
0001104659-20-056081	73 Greentree Drive	#558	DOVER	DE	19904	888-546-7980	Jeanne Campanelli	Other	0.0	0.0		11543.0		0.0		18731.0	476244.0			349535.0	825779.0	-807048.0	18731.0	177791.0		237431.0		0.0	-506841.0	0.0	0.0	Wipfli, LLP	true	true		true			Regulation A
0001722969-20-000004	7259 E Posada Ave		Mesa	AZ	85212	6023095425	Annie Pratt	Other	5074.0	0.0		0.0		12388.0		17462.0	0.0			18220.0	50765.0	-33302.0	17462.0	2287.0		464171.0		0.0	-470378.0	-0.03	-0.03	Jason M. Tyra	true	true	false	true	false	false	Section 4(a)(2)
0001062993-20-002097	Suite 2300 - 1177 West Hastings St.		Vancouver	A1	V6E2K3	604-679-2776	Daniel Nauth	Other	2106.0	0.0		21040.0		0.0		23146.0	212550.0			0.0	212550.0	-189404.0	23146.0	0.0		0.0		0.0	0.0	0.0	0.0	Dale Matheson Carr-Hilton Labonte LLP	true	true	false	false	true	false	Rule 506(b) of Regulation D
0001760319-20-000016	370 AMAPOLA AVE	SUITE 200A	TORRANCE	CA	90501	3108951839	Frank Igwealor	Other	10878.0	41579.0		8620.0		17550.0		78628.0	800.0			41559.0	42359.0	36269.0	78628.0	6189.0		0.0		2278.0	-143944.0	0.0	0.0	Dylan Floyd Accounting & Consulting	true	true	false	false	true	false	The issuance of the 7,700,000 exchange shares of Common Stock is exempted from registration under Section 4(a)(2) of Securities
0001766280-20-000005	30 N GOULD STREET, STE R		SHERIDAN	WY	82801	914-364-1126	Mauricio Rauld	Other	10464.0	0.0		0.0		0.0		10464.0	17602.0			0.0	17602.0	-7138.0	10464.0	0.0		0.0		0.0	0.0	0.0	0.0	Artesian CPA, LLC	true	true	true	true	false	true	
0001104659-20-055027	8687 MELROSE AVE	7TH FLOOR (GREEN BUILDING)	WEST HOLLYWOOD	CA	90069	800-317-2200	Jamie Ostrow	Other	2200337.0	785440.0		137724.0		1873.0		3921757.0	901320.0			0.0	1372708.0	2549049.0	3921757.0	4323791.0		2106293.0		2561.0	-4012954.0	-0.52	-0.52	dbbmckennon	true	true		true			Regulation CF
0001104659-20-054693	11 Dupont Circle NW, 9th FL		WASHINGTON	DC	20036	202-584-0550	Bjorn Hall	Other	5000.0	0.0		0.0		0.0		5000.0	0.0			0.0	0.0	5000.0	5000.0	0.0		0.0		0.0	0.0	0.0	0.0	RSM US LLP	true	true		true			Rise Companies Corp. has purchased 500 common shares for a purchase price of $5,000 in a private offering. Such issuance was exempt from the registration requirements of the Securities Act pursuant to Section 4(a)(2) thereof.
0001575705-20-000063	1801 Century Park East, Suite 1201		Los Angeles	CA	90067	310-860-9975	David Ficksman	Other	1500.0	0.0		0.0		0.0		7500.0	1315707.0			0.0	1445695.0	-1445695.0	7500.0	0.0		0.0		0.0	-8632.0	0.0	0.0		true	true		true			These securities were sold in reliance upon the exemption provided by Section 4(a)(2) of the Securities Act of 1933, as amended for transactions not involving a public market.
0001683168-20-001361	250 W. FIRST ST., STE. 256		CLAREMONT	CA	91711	909-740-9175	Michael Behrens	Other	0.0	0.0		484670.0		2990695.0		3511580.0	1724875.0			15606.0	1740481.0	1771099.0	3511580.0	263655.0		502233.0		472260.0	-1288347.0	0.0	0.0	IndigoSpire CPA Group, LLC	true	true		true			Issuer has relied on Rule 147A, promulgated under Section 28 of the Securities Act, for intrastate offerings in California, Rule 506(c) or Regulation A, respectively, for such offerings.
0001104659-20-054561	75 5th St NW	Suite 2290	Atlanta	GA	30308	1-404-806-9906	Andrew Stephenson	Other	331761.0	0.0		104081.0		1167147.0		3992125.0	403118.0			832250.0	3901071.0	91054.0	3992125.0	2108884.0		4145001.0		303054.0	-2143506.0	-1.11	-0.9	Cherry Bekaert LLP	true	true			true		Section 4(a)(2)
0001104659-20-054283	75 5th St NW	Suite 2290	Atlanta	GA	30308	1-404-806-9906	Andrew Stephenson	Other	331761.0	0.0		104081.0		1167147.0		3992125.0	403118.0			832250.0	3901071.0	91054.0	3992125.0	2108884.0		4145001.0		303054.0	-2143506.0	-1.11	-0.9	Cherry Bekaert LLP	true	true			true		Section 4(a)(2)
0001213900-20-010594	136 Main Street		Pineville	NC	28134	980-273-1702	Michael Z. Anise	Other	4146411.0	0.0		31881.0		34811785.0		38152131.0	778887.0			30887153.0	31982075.0	-2712554.0	38152131.0	3021691.0		1149788.0		786179.0	-2038747.0	-0.19	-0.19	Liggett & Webb, P.A.	true	true			true		Rule 506 of Regulation D of the Securities Act of 1933, as amended, for Common Stock and Series A Cumulative Convertible Preferred Stock. Regulation A for Series B Cumulative Redeemable Preferred Stock.
0001493152-20-007407	719 JADWIN AVENUE		RICHLAND	WA	99352	509-736-4000	Daniel W. Rumsey	Other	20381.0	0.0		0.0		0.0		43873.0	511817.0			0.0	1523562.0	-1479689.0	43873.0	9500.0		-6028.0		0.0	-1610097.0	-0.01	-0.01	Fruci & Associates II, PLLC	true	true		true			4(a)(2) and/or 3(a)(9) of 1933 Act
0001688804-20-000003	250 Lafayette Street	2nd Floor	NEW YORK	NY	10012	3479528058	Max Niederste-Ostholt	Other	118518.0	0.0		0.0		8162553.0		8281071.0	26209.0			1280839.0	1307048.0	6974022.0	8281071.0	0.0		186736.0		0.0	-174602.0	0.0	0.0	EisnerAmper LLP	true	true	false	true	false	false	Rule 506(c) - sale to verified accredited investors of interests in Series #77LE1
0001477932-20-002295	1910 South Stapley Dr.	Suite 221	Mesa	AZ	85204	888-693-8733	Shelly Befumo	Other	1098632.0	0.0		31394.0		174047.0		2208809.0	0.0			0.0	0.0	2208809.0	2208809.0	0.0		459110.0		0.0	-459110.0	-1.82	-1.82	dbbmckennon	true	true	false		true	false	Regulation Crowdfunding + Regulation D, * 4(a)(6) of the Securities Act of 1933, * 4(a)(2) of the Securities Act of 1933
0001493152-20-007309	1600 N Kraemer Blvd.		Anaheim	CA	92806	714-740-5144	William R. Eilers, Esq.	Other	5321.0	935253.0		883629.0		602973.0		3081048.0	475465.0			2066013.0	2541478.0	539570.0	3081048.0	603382.0		387060.0		102350.0	-1278924.0	0.0	0.0		true	true			true	true	
0001683168-20-001302	204 WEST SPEAR STREET #3861		CARSON CITY	NV	89703	775-886-0802	Brian Higley	Other	294093.0	1185450.0		0.0		0.0		1492157.0	16525.0			0.0	16525.0	1475632.0	1492157.0	0.0		75082.0		12614.0	-62468.0	0.0	0.0	Haynie & Company	true	true	true	true			47,814,974 shares of Common Stock pursuant to Section 4(a)(2) of the Securities Act, as amended.
0001078782-20-000287	41 Meadowview Lane		Berkeley Heights	NJ	07922	917-838-8617	Frank J. Hariton	Other	0.0	0.0		0.0		1500.0		1500.0	7500.0			0.0	7500.0	-6000.0	1500.0	0.0		0.0		0.0	-7604.0	0.0	0.0	BF Borgers CPA PC	true	true	false	true	false	true	
0001683168-20-001291	707 W. Corsicana St.		Athens	TX	75751	903-264-7892	Craig S. Fischer	Other	131.0	0.0		0.0		186535.0		341666.0	589762.0			0.0	589762.0	-248096.0	341666.0	165000.0		0.0		0.0	69155.0	0.0	0.0		true	true		true		true	
0001213900-20-010079	365 5th Ave South	Suite 201	Naples	FL	34102	239-666-3440	Dennis L. Smith	Other	459099.0	0.0		427478.0		11415628.0		15705934.0	1267781.0			20506900.0	27065673.0	-11359739.0	15705934.0	8854905.0		1752413.0		896005.0	-1805708.0	-0.12	-0.12	Somerset CPAs, P.C.	true	true			true		Section 4(a)(2) of the Securities Act of 1933 and Regulation D thereunder, for sale to accredited investors.
0001663577-20-000104	100 CHALLENGER ROAD	8TH FLOOR	RIDGEFIELD PARK	NJ	07660	646-201-5242	Max Khan	Other	599897.0	0.0		180000.0		29654.0		889443.0	6882.0			0.0	294877.0	594566.0	889443.0	260905.0		25205.0		7000.0	15877.0	0.0	0.0		true	true		true			Section 4a(2) and Rule 506 of Regulation D
0001477932-20-002174	303 E. 4th St.		Los Angeles	CA	90013	323-994-1180	Peter Berkman, Esq.	Other	2953.0	0.0		0.0		93391.0		811875.0	637953.0			0.0	637953.0	173922.0	811875.0	95098.0		38214.0		32776.0	-229259.0	-0.01	-0.01	MaughanSullivan LLC	true	true	true	true		false	Regulation D, Rule 506 Form D filed March 4, 2019
0001493152-20-007077	497 BROOME STREET		NEW YORK	NY	10013	203-518-5172	JOSH GOLDSTEIN	Other	100.0	0.0		0.0		0.0		100.0	0.0			0.0	0.0	100.0	100.0	0.0		0.0		0.0	0.0	0.0	0.0	N/A	true	true			true		The foregoing issuances were pursuant to Section 4(a)(2) of the Securities Act of 1933, as amended, for transactions by an issuer not involving any public offering.
0001664038-20-000011	16950 NORTH BAY ROAD, SUITE 1803		SUNNY ISLES BEACH	FL	33160	347-301-8431	Thomas DeNunzio	Other	33918.0	0.0		0.0		0.0		1790659.0	1043022.0			0.0	1043022.0	747637.0	1790659.0	0.0		0.0		0.0	0.0	0.0	0.0		true	true		true		true	
0001493152-20-007030	7745 Arjons Drive		San Diego	CA	92126	619-763-4901	Gina Austin, Esq.	Other	3529942.0	0.0		79.0		0.0		4337843.0	24205.0			0.0	24205.0	4313649.0	4337843.0	0.0		0.0		0.0	-100663.0	-0.01	-0.01	N/A	true	true		true			Section 4(a)(2)
0001748909-20-000002	299 CAMINO GARDENS	SUITE 300	BOCA RATON	FL	33432	561-609-2537	Hamon Fytton	Other	8870.0	0.0		5620.0		0.0		14490.0	725.0			10000.0	10725.0	3765.0	14490.0	61468.0		48825.0		0.0	9810.0	0.08	0.08		true	true	false	false	true	true	
0001213900-20-009859	1411 4th Avenue		Seattle	WA	98101	206-607-6080	Robin Sosnow, Esq.	Other	54001.0	315065.0		2965.0		0.0		372031.0	4974.0			0.0	4974.0	367057.0	372031.0	68030.0		1674.0		0.0	66356.0	0.0	0.0	dbbmckennon	true	true			true		Common Shares - Section 4(a)(2) of the Securities Act of 1933. Investor Shares - Rule 506(c) of Regulation D.
0001553350-20-000352	7901 4TH ST. N	SUITE 4174	ST. PETERSBURG	FL	33702	305-517-7330	Amy K. Maliza	Other	0.0	0.0		0.0		0.0		30375.0	1137446.0			0.0	4390635.0	4360260.0	30375.0	0.0		0.0		136082.0	928615.0	-0.01	-0.01	MaloneBailey LLP	true	true		true			Rule 506(b)
0001771443-20-000001	1525 MCCARTHY BLVD	SUITE 1110	MILPITAS	CA	95035	4088344805	James R. Simmons, Esq.	Other	0.0	0.0		0.0		0.0		2000000.0	0.0			0.0	0.0	1998400.0	2000000.0	0.0		0.0		0.0	0.0	0.0	0.0		true	true	false	true	false	false	Regulation D, Rue 506(c), Section 4(2) of Securities Act of 1933
0001768126-20-000009	250 LAFAYETTE STREET	2ND FLOOR	NEW YORK	NY	10012	3479528058	Max Niederste-Ostholt	Other	24459.0	0.0		1881.0		1584178.0		1610518.0	2737.0			577500.0	580237.0	1030281.0	1610518.0	0.0		8041.0		0.0	-8041.0	0.0	0.0	EisnerAmper LLP	true	true	false	true	false	true	
0001193125-20-113682	333 W. Main Street		Clarion	PA	16214	814-226-6000	Edward C. Ned Hogan	Banking	9184822.0	23224065.0			133090142.0		2980142.0	175386527.0	1493911.0		151654760.0	0.0	158148671.0	17237856.0	175386527.0		7850444.0		2082023.0	480617.0	819220.0	0.49	0.49	S.R. Snodgrass, P.C.	true	true	false	true		true	
0001213900-20-009624	1365 Fourth Avenue		San Diego	CA	92101	619-234-5884	John D. Tishler	Other	0.0	0.0		0.0		0.0		0.0	0.0			0.0	0.0	0.0	0.0	0.0		0.0		0.0	0.0	0.0	0.0	Mayer Hoffman McCann P.C.	true	true		true		true	
0001766280-20-000003	30 N Gould Street, STE R		Sheridan	WY	82801	914-364-1126	Mauricio Rauld	Other	10464.0	0.0		0.0		0.0		10464.0	17602.0			0.0	17602.0	-7138.0	10464.0	0.0		0.0		0.0	0.0	0.0	0.0	Artesian CPA, LLC	true	true	true	true	false	true	
0001477932-20-002055	4275 Executive Sq. Ste. 200		La Jolla	CA	92037	619-452-1542	Jillian Sidoti	Other	500.0	0.0		31000.0		0.0		31500.0	31000.0			0.0	31000.0	500.0	31500.0	0.0		0.0		0.0	0.0	0.0	0.0	Alan T. Schiffman, CPA, PC	true	true	false	true		true	
0001493152-20-006617	497 BROOME STREET		NEW YORK	NY	10013	203-518-5172	JOSH GOLDSTEIN	Other	100.0	0.0		0.0		0.0		100.0	0.0			0.0	0.0	100.0	100.0	0.0		0.0		0.0	0.0	0.0	0.0	N/A	true	true			true		The foregoing issuances were pursuant to Section 4(a)(2) of the Securities Act of 1933, as amended, for transactions by an issuer not involving any public offering.
0001104659-20-048054	75 5th St NW	Suite 2290	Atlanta	GA	30308	1-404-806-9906	Andrew Stephenson	Other	331761.0	0.0		104081.0		1167147.0		3992125.0	403118.0			832250.0	3901071.0	91054.0	3992125.0	2108884.0		4145001.0		303054.0	-2143506.0	-1.11	-0.9	Cherry Bekaert LLP	true	true			true		Section 4(a)(2)
0001104659-20-048004	658 West Indiantown Road	Suite 214	Jupiter	FL	33458	561-406-2864	LAURA ANTHONY	Other	537592.0	0.0		18417.0		0.0		1056608.0	157633.0			0.0	1219537.0	-162929.0	1056608.0	365169.0		1119923.0		28823.0	-976922.0	-0.1	-0.1	D. Brooks and Associates CPA's, P.A.	true	true			true		The foregoing issuances were pursuant to Rule 506(c) of Regulation D and Regulation CF promulgated under the Securities Act of 1933, as amended.
0001683168-20-001212	16620 Marquez Ave Pacific		Palisades	CA	90272	954-903-7856	Jonathan D. Leinwand, P.A.	Other	19555.0	0.0		0.0		915654.0		1120209.0	244163.0			0.0	244163.0	876046.0	1120209.0	0.0		0.0		0.0	-111894.0	0.0	0.0		true	true			true		Section 4(a)(2)
0001683168-20-001211	1227 N. Atlantic Avenue		New Smyrna Beach	FL	32169	833-422-7300	Donnell E. Suares, Esq.	Other	55682.0	0.0		0.0		0.0		55682.0	18180.0			0.0	18180.0	37502.0	55682.0	328266.0		55966.0		0.0	272300.0	0.01	0.0		true	true		true		true	
0001477932-20-002000	1411 5th Street - Ste 505		Santa Monica	CA	90401	323-799-1342	Jillian Sidoti, Esq.	Other	100.0	0.0		0.0		0.0		55230.0	27130.0			0.0	27130.0	28100.0	55230.0	0.0		0.0		0.0	0.0	0.0	0.0	Alan T. Schiffman, CPA, PC	true	true	false	true		false	Such interests were issued as founders' interests without consideration under 4(2).
0001683168-20-001195	16620 Marquez Ave Pacific		Palisades	CA	90272	954-903-7856	Jonathan D. Leinwand, P.A.	Other	19555.0	0.0		0.0		915654.0		1120209.0	244163.0			0.0	244163.0	876046.0	1120209.0	0.0		0.0		0.0	-111894.0	0.0	0.0		true	true			true		Section 4(a)(2)
0001445866-20-000395	12411 POWAY ROAD		POWAY	CA	92064	760-916-7444	Jeffrey Turner	Other	76112.0	0.0		110114.0		186226.0		10172763.0	632213.0			497954.0	1130167.0	9042596.0	10172763.0	4895815.0		4175324.0		0.0	654805.0	0.01	0.01	NONE	true	true	false	true	false	false	Rule 144 and/or Section 4(a)(2) of the Securities Act of 1933
0001445866-20-000390	2506 NORTH CLARK STREET #235		CHICAGO	IL	60614	312-282-2900	Marty Tate	Other	144368.0	0.0		71567.0		145774.0		374853.0	100142.0			2304000.0	2404142.0	2029289.0	374853.0	182632.0		0.0		401062.0	-2187357.0	0.21	0.21	Indigo Spire	true	true	false	false	true	false	Regulation CF
0001709247-20-000004	24654 N LAKE PLEASANT PARKWAY, 103-321	103-321	PEORIA	AZ	85383	4807790599	Morris Anderson	Other	1000.0	0.0		0.0		5000.0		6000.0	0.0			26037.0	26038.0	0.0	6000.0	1916.0		7471.37		0.0	0.0	0.0	0.0		true	true	false	true	false	true	
0001213900-20-009062	3773 Howard Hughes Parkway	South Tower Suite 500	Las Vegas	NV	89169	41-0-91-941-8758	William R. Eilers, Esq.	Other	31576.0	85346.0		23664.0		70607.0		211193.0	116985.0			52114.0	169099.0	42094.0	211193.0	195686.0		185902.0		0.0	9784.0	0.0	0.0		true	true			true	true	
0001076310-20-000004	14 WALL STREET	20TH FLOOR	NEW YORK	NY	10005	212-618-1371	Tony Ramos	Other	0.0	0.0		0.0		0.0		0.0	0.0			0.0	0.0	0.0	0.0	0.0		0.0		0.0	0.0	0.0	0.0		true	true	true	false	true	true	
0001683168-20-001148	16620 Marquez Ave Pacific		Palisades	CA	90272	310-230-0240	Peter DiChiara	Other	19555.0	0.0		0.0		915654.0		1120209.0	244163.0			0.0	244163.0	876046.0	1120209.0	0.0		0.0		0.0	-111894.0	0.0	0.0		true	true			true		Section 4(a)(2)
0001683168-20-001145	55 E 3RD AVE		SAN MATEO	CA	94401	650-644-4160	Jeanne Campanelli	Other	3000.0	0.0		11000.0		6000.0		20000.0	157000.0			1812000.0	2466000.0	-2446000.0	20000.0	77000.0		76000.0		0.0	-543000.0	-0.01	-0.01	IndigoSpire CPA Group, LLC	true	true		true			Regulation Crowdfunding for SAFEs and Section 4(a)(2) for Common Stock and Convertible Promissory Notes
0001445866-20-000364	12411 POWAY ROAD		POWAY	CA	92064	760-916-7444	Jeffrey Turner	Other	76112.0	0.0		110114.0		186226.0		10172763.0	632213.0			497954.0	1130167.0	9042596.0	10172763.0	4895815.0		4175324.0		0.0	654805.0	0.01	0.01	NONE	true	true	false	true	false	false	Rule 144 and/or Section 4(a)(2) of the Securities Act of 1933
0001766280-20-000001	30 N Gould Street, STE R		Sheridan	WY	82801	914-364-1126	Mauricio Rauld	Other	10464.0	0.0		0.0		0.0		10464.0	17602.0			0.0	17602.0	-7138.0	10464.0	0.0		0.0		0.0	0.0	0.0	0.0	Artesian CPA, LLC	true	true	true	true	false	true	
0001493152-20-006079	3700 Campus Drive	Suite 206	Newport Beach	CA	92660	7149784425	Andrew Coldicutt, Esq.	Other	34727.0	0.0		0.0		0.0		34727.0	6430.0			35000.0	41430.0	6703.0	34727.0	0.0		0.0		0.0	-241153.0	-0.09	-0.09	n/a	true	true		true			Exempt from registration under Section 4(2) of the Securities Act , as Amended, and the Rules promulgated thereunder.
0001640334-20-000752	SUITE 1000, 409 GRANVILLE STREET		Vancouver	A1	V6C 1T2	1-833-383-6500	Roop Mundi	Other	647450.0	0.0		10993.0		204885.0		863328.0	129139.0			0.0	129139.0	734189.0	863328.0	4688.0		1326.0		0.0	-907309.0	-0.04	-0.04	Crowe MacKay LLP	true	true	false			false	Regulation D Rule 506(c) offering to accredited investors only
0001104659-20-044694	75 5th St NW	Suite 2290	Atlanta	GA	30308	1-404-806-9906	Andrew Stephenson	Other	331761.0	0.0		104081.0		1167147.0		3992125.0	403118.0			832250.0	3901071.0	91054.0	3992125.0	2108884.0		4145001.0		303054.0	-2143506.0	-1.11	-0.9	Cherry Bekaert LLP	true	true			true		Section 4(a)(2)
0001437749-20-007314	1450 NORTH BROADWAY		LEXINGTON	KY	40505	8599770124	ALAN K. MACDONALD	Other	5000.0	0.0		0.0		10088.0		15088.0	7505.0			0.0	7505.0	7583.0	15088.0	0.0		153043.0		112.0	-153160.0	-153160.0	-153160.0	DEAN DORTON ALLEN FORD, PLLC	true	true	false	false	true	false	4(a)(2) - initial capital contribution by Manager to found the Issuer.
0001683168-20-001126	250 W. FIRST ST., STE. 256		CLAREMONT	CA	91711	909-740-9175	Michael Behrens	Other	0.0	0.0		47407.0		206105.0		253512.0	55851.0			15606.0	71457.0	182055.0	253512.0	36888.0		70998.0		40286.0	-159165.0	0.0	0.0	IndigoSpire CPA Group, LLC	true	true		true			Issuer has relied on Rule 147A, promulgated under Section 28 of the Securities Act, for intrastate offerings in California, Rule 506(c) or Regulation A, respectively, for such offerings.
0001437749-20-007246	1450 NORTH BROADWAY		LEXINGTON	KY	40505	8599770124	ALAN K. MACDONALD	Other	5000.0	0.0		0.0		10088.0		15088.0	7505.0			0.0	7505.0	7583.0	15088.0	0.0		153043.0		112.0	-153160.0	-153160.0	-153160.0	DEAN DORTON ALLEN FORD, PLLC	true	true	false	false	true	false	4(a)(2) - initial capital contribution by Manager to found the Issuer.
0001731122-20-000349	701 East Front Street, 2nd Floor		Coeur D'Alene	ID	83814	800-971-5988	Kevin Kim, Tae Kim	Other	179641.0	0.0		461034.0		0.0		640675.0	23891.0			0.0	23891.0	616784.0	640675.0	17419.0		25635.0		0.0	-8216.0	0.0	0.0	Armanino LLP	true	true	true	true			Membership Interests offered by Secured Investment High Yield Fund II, LLC, a Delaware limited liability company. Offering exempt from registration under Regulation D Rule 506(c).
0001477932-20-001838	16 LAGOON CT.		SAN RAFAEL	CA	94903	415-335-6370	Jillian Sidoti	Other	9435.0	0.0		0.0		79000.0		88435.0	0.0			0.0	0.0	88435.0	88435.0	0.0		-2550.0		0.0	-2565.0	-1.28	-1.28	IndigoSpire	true	true	false	true		true	
0001171520-20-000172	141 Amsterdam Rd		Grove City	PA	16127	727-692-3348	John Brannelly, Attorney	Other	2165.0	0.0		0.0		514923.0		988237.0	111325.0			536734.0	1297906.0	-309669.0	988237.0	130064.0		67883.0		1438.0	-319669.0	-0.07	0.0	Goff Backa Alfera & Company, LLC,	true	true			true		4(a)(2)
0001493152-20-005915	497 BROOME STREET		NEW YORK	NY	10013	203-518-5172	JOSH GOLDSTEIN	Other	100.0	0.0		0.0		0.0		100.0	0.0			0.0	0.0	100.0	100.0	0.0		0.0		0.0	0.0	0.0	0.0	N/A	true	true			true		The foregoing issuances were pursuant to Section 4(a)(2) of the Securities Act of 1933, as amended, for transactions by an issuer not involving any public offering.
0001104659-20-043251	75 5th St NW	Suite 2290	Atlanta	GA	30308	1-404-806-9906	Andrew Stephenson	Other	331761.0	0.0		104081.0		1167147.0		3992125.0	403118.0			832250.0	3901071.0	91054.0	3992125.0	2108884.0		4145001.0		303054.0	-2143506.0	-1.11	-0.9	Cherry Bekaert LLP	true	true			true		Section 4(a)(2)
0001104659-20-043243	600 PEACHTREE STREET	SUITE 810	ATLANTA	GA	30308	404-850-9225	NICK BHARGAVA	Other	1699196.0	0.0		3805559.0		1014210.0		80370961.0	81900103.0			0.0	81900103.0	-1529142.0	80370961.0	6403113.0		9082610.0		0.0	-3837266.0	-1.87	-1.54	Cherry Bekaert LLP	true	true			true		Rule 506 of Reg. D and Regulation A, as applicable. For all offerings made pursuant to Rule 506, issuer relies on preexisting relationships or investors that meet the definition of accredited investor in Rule 501 of Reg. D.
0001493152-20-005704	Suite 409, 37 King St.		East Toronto	A6	M5C 1E9	416-813-0303	Andrew Coldicutt, Esq	Other	1243.0	0.0		5030.0		0.0		21473.0	2793023.0			0.0	4065569.0	-4044096.0	21473.0	0.0		0.0		0.0	-891357.0	0.0	0.0	UMY McGovern, Hurley, Cunningham, LLP	true	true		true			Exempt from registration under Section 4(2) of the Securities Act , as Amended, and the Rules promulgated thereunder.
0001493152-20-005665	11120 NE 2nd Street	Suite 200	Bellevue	WA	98004	206-617-9797	LAURA ANTHONY	Other	1931702.0	0.0		1934171.0		391668.0		32104291.0	1589046.0			3582155.0	6530566.0	25573725.0	32104291.0	2548610.0		1632941.0		19918.0	-88959.0	0.0	0.0	NVS Chartered Accountants Professional Corporation	true	true		true			The foregoing issuances were pursuant to Rule 506 of Regulation D, Section 4(2), and Regulation S of the Securities Act of 1933, as amended, for transactions by an issuer not involving any public offering.
0001493152-20-005638	497 BROOME STREET		NEW YORK	NY	10013	203-518-5172	JOSH GOLDSTEIN	Other	100.0	0.0		0.0		0.0		100.0	0.0			0.0	0.0	100.0	100.0	0.0		0.0		0.0	0.0	0.0	0.0	N/A	true	true			true		The foregoing issuances were pursuant to Section 4(a)(2) of the Securities Act of 1933, as amended, for transactions by an issuer not involving any public offering.
0001768126-20-000004	250 LAFAYETTE STREET	2nd Floor	NEW YORK	NY	10012	3479528058	Max Niederste-Ostholt	Other	24459.0	0.0		1881.0		1584178.0		1610518.0	2737.0			577500.0	580237.0	1030281.0	1610518.0	0.0		8041.0		0.0	-8041.0	0.0	0.0	EisnerAmper LLP	true	true	false	true	false	true	
