ACCESSION_NUMBER	FORMINDICATION	ISSUERNAME	FISCALYEAREND	STREET1	STREET2	CITY	STATEORCOUNTRY	ZIPCODE	PHONENUMBER	REGARULE257
0001445866-20-000930	Annual Report		31-DEC-2019	2090 N. KOLB ROAD, STE 120.		TUCSON	AZ	85715	888-444-2102	true
0001264931-20-000134	Annual Report		31-DEC-2019	725 N. HWY A1A	SUITE C-106	JUPITER	FL	33477	516-406-2469	true
0001775196-20-000004	Annual Report		31-DEC-2019	7135 COLLINS AVE	NO.624	MIAMI BEACH	FL	33141	3058658193	false
0001731122-20-000666	Annual Report		31-DEC-2019	2400 E. COLONIAL DR., STE. 200		ORLANDO	FL	32803	407-447-5000	false
0001654954-20-006845	Annual Report		31-DEC-2019	625 KENMOOR AVENUE SE	SUITE 211	GRAND RAPIDS	MI	495546	616-734-6099	true
0001493152-20-011482	Annual Report		31-MAR-2020	One Boca Commerce Center 551 NW	77 Street STE 212	BOCA RATON	FL	33487	561-288-8467	true
0001104659-20-074855	Annual Report		31-DEC-2019	8901 E. MOUNTAIN VIEW RD.	SUITE 150	SCOTTSDALE	AZ	85258	480-295-7600	true
0001654954-20-006800	Annual Report		31-DEC-2019	257 EAST MAIN STREET	SUITE 200	BARRINGTON	IL	60010	847-277-9930	true
0001104659-20-074616	Annual Report		31-DEC-2019	120 Newport Center Drive		Newport Beach	CA	92660	855-742-4862	true
0001683168-20-001978	Annual Report		31-DEC-2019	440 S. LASALLE STREET	SUITE 1110	CHICAGO	IL	60605	866-247-8326	true
0001683168-20-001972	Annual Report		31-DEC-2019	440 S. LA SALLE STREET	SUITE 1110	CHICAGO	IL	60605	866-247-8326	true
0001213900-20-015058	Annual Report		31-DEC-2019	750 B Street	Suite 1930	San Diego	CA	92101	858-430-8528	true
0001735770-20-000003	Annual Report		31-DEC-2019	9679 MYRTLE GROVE LANE	3RD FLOOR	EASTON	MD	21601	503-868-0400	true
0001213900-20-015025	Annual Report		31-DEC-2019	161 Bowery, 6th Floor		New York	NY	10002	302-658-7581	false
0001104659-20-073430	Annual Report		31-DEC-2019	1801 CENTURY PARK EAST 24TH FLOOR		LOS ANGELES	CA	90067	415-371-9632	false
0001780914-20-000002	Annual Report		31-DEC-2019	1300 QUAIL STREET SUITE 100		NEWPORT BEACH	CA	92660	9498330222	true
0001104659-20-073370	Annual Report		31-DEC-2019	2738 FALKENBURG RD. S.		RIVERVIEW	FL	33578	813-621-5000	false
0001104659-20-073365	Annual Report		31-DEC-2019	2738 Falkenburg Road S.		Riverview	FL	33578	813-621-5000	true
0001052918-20-000149	Annual Report		31-DEC-2019	522 N Fiske St Suite 1		SPOKANE	WA	99202	509-994-8577	false
0001104659-20-073057	Annual Report		31-DEC-2019	6540 LUSK BLVD C240		SAN DIEGO	CA	92121	619-344-0291	true
0001731122-20-000646	Annual Report		31-DEC-2018	2400 E. COLONIAL DR., STE. 200		ORLANDO	FL	32803	407-447-5000	false
0001646269-20-000009	Annual Report		31-DEC-2019	572 BRECKENRIDGE WAY		BEAVERCREEK	OH	45430	9374100041	true
0001646269-20-000008	Annual Report		31-DEC-2019	96 GENDER RD		CANAL WINCHESTER	OH	43110	614-400-3077	true
0001213900-20-014852	Annual Report		31-DEC-2019	228 PARK AVENUE SOUTH #67157		NEW YORK	NY	10003	332-209-4902	false
0001723028-20-000012	Annual Report		31-DEC-2019	120 NEWPORT CENTER DRIVE		NEWPORT BEACH	CA	92660	855-742-4862	true
0001654954-20-006546	Annual Report		31-DEC-2019	4 S. 2600 W., SUITE 5		HURRICANE	UT	84737	435-767-1338	true
0001104659-20-072815	Annual Report		31-DEC-2019	315 S. COAST HIGHWAY 101	SUITE U38	ENCINITAS	CA	92024	7602665313	true
0001731122-20-000638	Annual Report		31-DEC-2018	2400 E. COLONIAL DR., STE. 200		ORLANDO	FL	32803	407-447-5000	false
0001104659-20-072485	Annual Report		31-DEC-2019	132 East 43rd Street	Suite 441	New York	NY	10017	718-384-0678	true
0001104659-20-072469	Annual Report		31-DEC-2019	3913 Todd Lane, Suite 307		Austin	TX	78744	512-399-2656	false
0001104659-20-070934	Annual Report		31-DEC-2019	16112 HART ST.		VAN NUYS	CA	91406	310-458-5900	true
0001654954-20-006264	Annual Report		31-DEC-2019	625 KENMOOR AVENUE SE, SUITE 211		GRAND RAPIDS	MI	49546	616-734-6099	true
0001104659-20-066319	Special Financial Report for the fiscal year		31-DEC-2019	505 Irving Avenue, Suite 3100AB		Syracuse	NY	13210	315-614-2325	true
0001683168-20-001705	Annual Report		31-DEC-2019	708 CHURCH STREET	SUITE 227	EVANSTON	IL	60201	847-859-6645	true
0001193125-20-148975	Annual Report		31-DEC-2019	6340 South 3000 East	Suite 500	Salt Lake City	UT	84121	801-287-0700	true
0001079973-20-000433	Annual Report		31-DEC-2019	100 TECHNOLOGY DRIVE	SUITE 315	SUITE 315	CO	80021	303-447-3100	true
0001193125-20-146109	Annual Report		31-DEC-2019	1405 30th St, Suite A		San Diego	CA	92154	866-200-5685	true
0001477932-20-002917	Annual Report		31-DEC-2019	8236 REMMET AVE.		CANOGA PARK	CA	91304	818-349-2870	true
0001079973-20-000429	Annual Report		31-DEC-2019	100 TECHNOLOGY DRIVE	SUITE 315	SUITE 315	CO	80021	303-447-3100	true
0001104659-20-062894	Annual Report		31-DEC-2019	1070 TERRA BELLA AVENUE		MOUNTAIN VIEW	CA	94043	650-924-1025	true
0001171520-20-000228	Annual Report		31-DEC-2019	1830 Prospector Ave		Park City	UT	84060	941-225-6699	true
0001651699-20-000010	Annual Report		31-AUG-2019	11705 Willake Street		Santa Fe Springs	CA	90670	323-489-8119	true
0001104659-20-062617	Annual Report		31-DEC-2019	420 LEXINGTON AVENUE, SUITE 300		NEW YORK	NY	10170	212-479-2513	false
0001486452-20-000001		Clikia Corp.		1 BRIDGE PLAZA	2ND FLOOR	FORT LEE	NJ	07024	551-486-3980	
0001651699-20-000006	Annual Report		31-AUG-2019	11705 Willake Street		Santa Fe Springs	CA	90670	323-489-8119	true
0001477932-20-002702	Annual Report		31-DEC-2019	318 Half Day Road	Suite 201	Buffalo Grove	IL	60089	224-602-9569	true
0001213900-20-011970	Annual Report		31-DEC-2019	301 E. Pine Street, Suite: 850		Orlando	FL	32801	407-486-9234	true
0001104659-20-060255	Annual Report		31-DEC-2019	1070 TERRA BELLA AVENUE		MOUNTAIN VIEW	CA	94043	650-924-1025	true
0001104659-20-060190	Special Financial Report for the fiscal year		31-DEC-2019	5701 OLD HARDING PIKE	SUITE 200	NASHVILLE	TN	37205	615-352-9519	true
0001520138-20-000197	Annual Report		31-DEC-2019	65 Church Street	Second Floor	New Brunswick	NJ	08901	732-354-4766	true
0001654954-20-004953	Annual Report		31-DEC-2019	249 N. UNIVERSITY AVENUE		PROVO	UT	84601	760-933-8437	true
0001445866-20-000544		SOLAR INTEGRATED ROOFING CORP.		1475 N. CUYAMACA ST.,		EL CAJON	CA	92020	8584375330	
0001477932-20-002339	Annual Report		31-DEC-2019	318 Half Day Road	Suite 201	Buffalo Grove	IL	60089	224-602-9569	true
0001761911-20-000007	Annual Report		31-DEC-2019	101 S TRYON STREET		CHARLLOTE	NC	28280	704-275-8546	false
0001760319-20-000014	Annual Report		31-DEC-2019	370 Amapola Ave	Suite 200A	Torrance	CA	90501	3108951839	false
0001104659-20-054422	Annual Report		31-DEC-2019	1438 9th Street		Santa Monica	CA	90401	310-310-2410	true
0001654954-20-004703	Annual Report		31-DEC-2019	625 KENMOOR AVENUE SE	SUITE 211	GRAND RAPIDS	MI	49546	616-734-6099	true
0001721469-20-000006	Annual Report		31-DEC-2019	1306 MONTE VISTA AVE., NO. 5		UPLAND	CA	91786	855-909-9294	true
0001104659-20-053620	Annual Report		31-DEC-2019	2323 ROSS AVENUE	SUITE 200	DALLAS	TX	75201	214-269-9500	true
0001477932-20-002285	Annual Report		31-DEC-2019	1910 South Stapley Dr.	Suite 221	Mesa	AZ	85204	888-693-8733	false
0001010549-20-000068	Annual Report		31-DEC-2019	125 GREENWICH AVENUE	3RD FLOOR	GREENWICH	CT	06830	203-622-6000	true
0001104659-20-053560	Annual Report		31-DEC-2019	11 DUPONT CIRCLE NW, 9TH FLOOR		WASHINGTON	DC	20036	202-584-0550	true
0001214659-20-003866	Annual Report		31-DEC-2019	2323 BROADWAY		OAKLAND	CA	94612	800-449-6275	true
0001688804-20-000002	Annual Report		31-DEC-2019	250 LAFAYETTE STREET	2ND FLOOR	NEW YORK	NY	10012	3479528058	false
0001104659-20-053523	Annual Report		31-DEC-2019	121 NEW YORK AVENUE		TRENTON	NJ	08638	609-656-5100	true
0001493152-20-007378	Annual Report		31-DEC-2019	10573 W Pico Blvd.	PMB #603	LOS ANGELES	CA	90064	310-907-7129	true
0001493152-20-007373	Annual Report		31-DEC-2019	10573 W Pico Blvd.	PMB #603	LOS ANGELES	CA	90064	310-907-7144	true
0001493152-20-007370	Special Financial Report for the fiscal year		31-DEC-2019	497 BROOME STREET		NEW YORK	NY	10023	203-518-5172	false
0001493152-20-007365	Annual Report		31-DEC-2019	497 BROOME STREET		NEW YORK	NY	10023	203-518-5172	false
0001493152-20-007362	Annual Report		31-DEC-2019	497 BROOME STREET		NEW YORK	NY	10023	203-518-5172	false
0001493152-20-007359	Annual Report		31-DEC-2019	497 BROOME STREET		NEW YORK	NY	10023	203-518-5172	true
0001493152-20-007354	Annual Report		31-DEC-2019	497 BROOME STREET		NEW YORK	NY	10013	203-518-5172	false
0001594062-20-000032	Annual Report		31-DEC-2019	65 QUEEN STREET WEST, SUITE 800		TORONTO	A6	M5H2M5	416-861-2267	true
0001683168-20-001319	Annual Report		31-DEC-2019	999 18TH ST. SUITE 3000		DENVER	CO	80202	719-937-6109	false
0001767876-20-000003	Annual Report		31-DEC-2019	335 Madison Ave, 16th Floor		New York	NY	10017	201-479-4408	false
0001193125-20-126087	Annual Report		31-DEC-2019	6340 South 3000 East	Suite 500	Salt Lake	UT	84121	801-278-0700	true
0001193125-20-126056	Annual Report		31-DEC-2019	6340 South 3000 East, Suite 500		Salt Lake	UT	84121	801-278-0700	true
0001104659-20-053324	Annual Report		31-DEC-2019	8687 MELROSE AVE	7TH FLOOR (GREEN BUILDING)	WEST HOLLYWOOD	CA	90069	800-317-2200	false
0001104659-20-053287	Annual Report		31-DEC-2019	16561 N 92ND STREET	SUITE 101	SCOTTSDALE	AZ	85260	888-880-7888	true
0001477932-20-002253	Annual Report		31-DEC-2019	9755 SW Barnes Road	Suite 420	Portland	OR	97225	503-225-0300	false
0001104659-20-053237	Special Financial Report for the fiscal year		31-DEC-2019	10845 GRIFFITH PEAK DRIVE	SUITE 200	LAS VEGAS	NV	89135	702-747-4000	true
0001104659-20-053221	Annual Report		31-DEC-2019	73 GREENTREE DRIVE, #558		DOVER	DE	19904	800-372-6095	true
0001683168-20-001313	Annual Report		31-DEC-2019	564 STEVENS AVE		SOLANA BEACH	CA	92075	858-225-8998	true
0001683168-20-001312	Annual Report		31-DEC-2019	250 W. FIRST ST., STE. 256		CLAREMONT	CA	91711	909-740-9175	true
0001683168-20-001307	Annual Report		31-DEC-2019	10855 N. 116th Street Suite 115		Scottsdale	AZ	85259	480-410-6780	true
0001751158-20-000019	Annual Report		31-DEC-2019	675 PONCE DE LEON AVENUE, NE	7TH FLOOR	ATLANTA	GA	30308	770-805-1000	true
0001104659-20-052835	Annual Report		31-DEC-2019	5340 Alla Road, Suite 105		Los Angeles	CA	90066	855-282-5829	true
0001193125-20-124379	Annual Report		31-DEC-2019	101 W. 23rd Street	Suite 224	New York	NY	10011	212-634-4254	false
0001213900-20-010328		Direct Communication Solutions, Inc.		17150 Via Del Campo Ste. 200		San Diego	CA	92127	858-798-7100	
0001477932-20-002235	Annual Report		31-DEC-2019	18909 NE 29th Avenue		Aventura	FL	33180	310-777-0255	true
0001213900-20-010304	Annual Report		31-DEC-2019	5910 Pacific Center Blvd	Suite 300	San Diego	CA	92121	858-352-0622	false
0001104659-20-052110	Annual Report		31-DEC-2019	c/o XTI Aircraft Company,	2209 Green Oaks Lane	GREENWOOD VILLAGE	CO	80121	303-503-5660	true
0001104659-20-051903	Annual Report		31-DEC-2019	75 FIFTH STREET, NW	SUITE 2170	ATLANTA	GA	30308	404-594-7857	true
0001104659-20-051829	Annual Report		31-DEC-2019	11 Dupont Circle NW	9th Floor	WASHINGTON	DC	20036	202-584-0550	true
0001104659-20-051694	Annual Report		31-DEC-2019	2224 OLD MIDDLEFIELD WAY		MOUNTAIN VIEW	CA	94043	650-386-5761	true
0001493152-20-007129	Annual Report		31-DEC-2019	One Boca Commerce Center 551 NW	77 Street STE 212	BOCA RATON	FL	33487	561-288-8467	false
0001104659-20-051146	Annual Report		31-DEC-2019	11 Dupont Circle NW, 9th Floor		Washington	DC	20036	202-584-0550	true
0001104659-20-051120	Annual Report		31-DEC-2019	11 Dupont Circle NW, 9th Floor		Washington	DC	20036	202-584-0550	true
0001594062-20-000030	Annual Report		31-DEC-2019	1500 - 885 WEST GEORGIA STREET		VANCOUVER	A1	V6C 3E8	833-333-5882	true
0001104659-20-050500	Annual Report		31-DEC-2019	11 Dupont Circle NW	9th Floor	Washington	DC	20036	202-584-0550	true
0001104659-20-050509	Annual Report		31-DEC-2019	11 DUPONT CIRCLE NW	9TH FL	WASHINGTON	DC	20036	202-584-0550	true
0001104659-20-050224		REITless Impact Opportunity Zone Strategies LLC		623 E FORT UNION BLVD	SUITE 101	SALT LAKE CITY	UT	84047	415-315-9916	
0001104659-20-049851	Annual Report		31-DEC-2019	11 Dupont Circle NW	9th Floor	Washington	DC	20036	202-584-0550	true
0001104659-20-049838	Annual Report		31-DEC-2019	11 Dupont Circle NW, 9th Floor		Washington	DC	20036	202-584-0550	true
0001477932-20-002114	Annual Report		31-DEC-2019	18909 NE 29th Avenue		Aventura	FL	33180	310-777-0255	true
0001104659-20-049379	Annual Report		31-DEC-2019	11 DUPONT CIRCLE NW	9TH FL	WASHINGTON	DC	20036	202-584-0550	true
0001768126-20-000008	Annual Report		31-DEC-2019	250 LAFAYETTE STREET	2nd Floor	New York	NY	10012	3479528058	false
0001104659-20-049358	Annual Report		31-DEC-2019	11 DUPONT CIRCLE NW	9TH FL	WASHINGTON	DC	20036	202-584-0550	true
0001214659-20-003605	Annual Report		31-DEC-2019	189 SOUTH ORANGE AVENUE	SUITE 1650	ORLANDO	FL	32801	407-206-6577	true
0001493152-20-006825	Annual Report		31-DEC-2019	23501 Cinco Ranch Blvd.	Suite H120 - #325	KATY	TX	77494	281-817-8099	true
0001104659-20-048858	Annual Report		31-DEC-2019	11 DUPONT CIRCLE NW	9TH FL	WASHINGTON	DC	20036	202-584-0550	true
0001104659-20-048313	Annual Report		31-DEC-2019	11 DUPONT CIRCLE NW	9TH FL	WASHINGTON	DC	20036	202-584-0550	true
0001104659-20-047818	Annual Report		31-DEC-2019	11 DUPONT CIRCLE NW	9TH FL	WASHINGTON	DC	20036	202-584-0550	true
0001104659-20-046936	Annual Report		31-DEC-2019	11601 WILSHIRE BOULEVARD	SUITE 1690	LOS ANGELES	CA	90025	310-421-1030	true
0001104659-20-046096	Annual Report		31-DEC-2019	11 Dupont Circle, NW	9th Floor	WASHINGTON	DC	20036	202-584-0550	true
0001193125-20-105571	Annual Report		31-DEC-2019	4110 Campus Point Court		San Diego	CA	92121	858-299-4669	true
0001104659-20-046092	Annual Report		31-DEC-2019	11 Dupont Circle, NW	9th Floor	WASHINGTON	DC	20036	202-584-0550	true
0001104659-20-045313	Annual Report		31-DEC-2019	11 DUPONT CIRCLE NW, 9TH FL		WASHINGTON	DC	20036	202-584-0550	true
0001104659-20-045311	Annual Report		31-DEC-2019	11 DUPONT CIRCLE NW, 9TH FL		WASHINGTON	DC	20036	202-584-0550	true
0001104659-20-043337	Annual Report		31-DEC-2019	600 PEACHTREE STREET	SUITE 810	ATLANTA	GA	30308	404-850-9225	true
0001654954-20-003767	Annual Report		31-DEC-2019	390 S. LIBERTY STREET, SUITE 100		WINSTON-SALEM	NC	27101	3364772535	true
0001161697-20-000148	Annual Report		31-DEC-2019	401 East Jackson Street	Suite 3300	Tampa	FL	33602	813-448-1234	true
0001062993-20-001598	Annual Report		31-DEC-2019	400 BURRARD ST., SUITE 1050		VANCOUVER	A1	V6C 3A6	604-449-3361	false
0001768126-20-000003	Annual Report		31-DEC-2019	250 LAFAYETTE STREET	3R	NEW YORK	NY	10012	3479528058	false
0001213900-20-008274	Annual Report		31-DEC-2019	2299 Perimeter Park Drive, Suite 120		Atlanta	GA	30341	470-475-1035	true
