ACCESSION_NUMBER	INFO_ID	ISSUERNAME	CIK	JURISDICTIONORGANIZATION
0001445866-20-000930	1	Secured Real Estate Income Strategies, LLC	0001678107	DE
0001264931-20-000134	1	Jupiter Wellness Inc	0001760903	DE
0001775196-20-000004	1	Acqusalut Inc.	0001775196	FL
0001731122-20-000666	1	Bridgewell Preferred Income LP	0001700976	FL
0001654954-20-006845	1	Red Oak Capital Fund II	0001742521	MI
0001493152-20-011482	1	Worthy Peer Capital II, Inc.	0001800207	FL
0001104659-20-074855	1	CaliberCos Inc.	0001627282	DE
0001654954-20-006800	1	GK Investment Property Holdings II LLC	0001788427	DE
0001104659-20-074616	1	Reitless Impact Income Strategies LLC	0001742092	DE
0001683168-20-001978	1	AHP Servicing LLC	0001746078	DE
0001683168-20-001972	1	American Homeowner Preservation 2015A LLC	0001667307	DE
0001213900-20-015058	1	DF Growth REIT, LLC	0001750695	DE
0001735770-20-000003	1	Steward Realty Trust, Inc.	0001735770	MD
0001213900-20-015025	1	YouNow, Inc.	0001725129	DE
0001104659-20-073430	1	Legion M Entertainment	0001674163	DE
0001780914-20-000002	1	Golden Seed, Inc.	0001780914	DE
0001104659-20-073370	1	GolfSuites 1, Inc.	0001765347	DE
0001104659-20-073365	1	ERC Homebuilders 1, Inc.	0001772602	DE
0001052918-20-000149	1	HyperSciences, Inc.	0001646921	DE
0001104659-20-073057	1	Caltier Fund I LP	0001771232	DE
0001731122-20-000646	1	Bridgewell Preferred Income	0001700976	FL
0001646269-20-000009	1	Wiley Area Development LLC	0001766914	OH
0001646269-20-000008	1	BREWDOG USA INC.	0001646269	DE
0001213900-20-014852	1	Automation Finance Reperformance Fund IV LLC	0001756950	DE
0001723028-20-000012	1	BRIX REIT, Inc.	0001723028	MD
0001654954-20-006546	1	The Chosen, LLC	0001733443	UT
0001104659-20-072815	1	To The Stars Academy of Arts & Science Inc.	0001710274	DE
0001731122-20-000638	1	Bridgewell Preferred Income	0001700976	FL
0001104659-20-072485	1	HappyNest REIT, Inc.	0001732217	MD
0001104659-20-072469	1	MONOGRAM ORTHOPAEDICS INC	0001769759	DE
0001104659-20-070934	1	Rayton Solar Inc.	0001654124	DE
0001654954-20-006264	1	Red Oak Capital Fund III	0001780633	DE
0001104659-20-066319	1	Quadrant Biosciences Inc	0001651239	DE
0001683168-20-001705	1	Iroquois Valley Farmland REIT PBC	0001706350	DE
0001193125-20-148975	1	Cottonwood Multifamily Opportunity Fund, Inc.	0001680657	MD
0001079973-20-000433	1	Feel The World, Inc.	0001690455	DE
0001193125-20-146109	1	XY - The Persistent Co	0001577351	DC
0001477932-20-002917	1	MED-X	0001620704	NV
0001079973-20-000429	1	Feel The World, Inc.	0001690455	DE
0001104659-20-062894	1	Knightscope, Inc.	0001600983	DE
0001171520-20-000228	1	LiveCare	0001762400	DE
0001651699-20-000010	1	Punch TV Studios Inc	0001651699	DE
0001104659-20-062617	1	Scopus BioPharma Inc.	0001772028	DE
0001651699-20-000006	1	Punch TV Studios Inc	0001651699	DE
0001477932-20-002702	1	BioLife4D Corporation	0001714919	DE
0001213900-20-011970	1	Legion Capital Corp	0001661166	FL
0001104659-20-060255	1	Knightscope, Inc.	0001600983	DE
0001104659-20-060190	1	Virtuoso Surgical, Inc.	0001742075	TN
0001520138-20-000197	1	DatChat, Inc.	0001648960	NV
0001654954-20-004953	1	VidAngel	0001671941	DE
0001477932-20-002339	1	BioLife4D Corporation	0001714919	DE
0001761911-20-000007	1	Nowigence Inc.	0001761911	NY
0001760319-20-000014	1	CANNABINOID BIOSCIENCES, INC.	0001760319	CA
0001104659-20-054422	1	Future Labs V, Inc.	0001734237	DE
0001654954-20-004703	1	Red Oak Capital Fund IV	0001794418	DE
0001721469-20-000006	1	RAD Diversified REIT, Inc.	0001721469	MD
0001104659-20-053620	1	Hall Structured Finance II, LLC	0001720014	TX
0001477932-20-002285	1	World Tree USA, LLC	0001687316	NV
0001010549-20-000068	1	Belpointe REIT, Inc.	0001749817	MD
0001104659-20-053560	1	Rise Companies Corp	0001640967	DE
0001214659-20-003866	1	CNote Group, Inc.	0001683145	DE
0001688804-20-000002	1	RSE Collection, LLC	0001688804	DE
0001104659-20-053523	1	TerraCycle US Inc.	0001714781	DE
0001493152-20-007378	1	MogulREIT II	0001699573	MD
0001493152-20-007373	1	MogulREIT I, LLC	0001669664	DE
0001493152-20-007370	1	Masterworks 005, LLC	0001794758	DE
0001493152-20-007365	1	Masterworks 004, LLC	0001791539	DE
0001493152-20-007362	1	Masterworks 003, LLC	0001781737	DE
0001493152-20-007359	1	Masterworks 002, LLC	0001750148	DE
0001493152-20-007354	1	Masterworks 001, LLC	0001738134	DE
0001594062-20-000032	1	Flora Growth Corp.	0001790169	A6
0001683168-20-001319	1	Advanced Bio-Oil Technologies, Ltd.	0001706951	WY
0001767876-20-000003	1	Otis Gallery LLC	0001767876	DE
0001193125-20-126087	1	Cottonwood Multifamily REIT II, Inc.	0001677881	MD
0001193125-20-126056	1	Cottonwood Multifamily REIT I, Inc.	0001646910	MD
0001104659-20-053324	1	STARTENGINE CROWDFUNDING, INC.	0001661779	DE
0001104659-20-053287	1	Electromedical Technologies, Inc.	0001715819	DE
0001477932-20-002253	1	Iron Bridge Mortgage Fund, LLC	0001462371	OR
0001104659-20-053237	1	Jet Token Inc.	0001756014	DE
0001104659-20-053221	1	iConsumer Corp.	0001652350	DE
0001683168-20-001313	1	Hylete, Inc.	0001599738	DE
0001683168-20-001312	1	My Racehorse CA LLC	0001744448	NV
0001683168-20-001307	1	CBD Life Sciences, Inc.	0001776073	NV
0001751158-20-000019	1	Jamestown Invest 1, LLC	0001751158	DE
0001104659-20-052835	1	Internal server error. CIK may be invalid.	0001782627	DE
0001193125-20-124379	1	Blockstack PBC	0001693656	DE
0001477932-20-002235	1	Cardone Equity Fund VI, LLC	0001766343	DE
0001213900-20-010304	1	Emerald Health Pharmaceuticals Inc.	0001700800	DE
0001104659-20-052110	1	XTI Aircraft Co	0001638850	DE
0001104659-20-051903	1	GROUNDFLOOR REAL ESTATE 1	0001694600	GA
0001104659-20-051829	1	Fundrise For-Sale Housing eFUND - Los Angeles CA, LLC	0001660987	DE
0001104659-20-051694	1	NowRx, Inc.	0001702206	DE
0001493152-20-007129	1	Worthy Peer Capital, Inc.	0001699834	DE
0001104659-20-051146	1	Fundrise Midland Opportunistic REIT, LLC	0001661023	DE
0001104659-20-051120	1	Fundrise Income eREIT 2019, LLC	0001768760	DE
0001594062-20-000030	1	JUVA LIFE INC./Canada	0001778651	A1
0001104659-20-050500	1	Fundrise Income eREIT III, LLC	0001758745	DE
0001104659-20-050509	1	Fundrise West Coast Opportunistic REIT, LLC	0001660919	DE
0001104659-20-049851	1	Fundrise Equity REIT, LLC	0001648956	DE
0001104659-20-049838	1	Fundrise Income eREIT II, LLC	0001660998	DE
0001477932-20-002114	1	CARDONE EQUITY FUND V, LLC	0001741665	DE
0001104659-20-049379	1	Fundrise Real Estate Investment Trust, LLC	0001645583	DE
0001768126-20-000008	1	RSE Archive, LLC	0001768126	DE
0001104659-20-049358	1	Fundrise East Coast Opportunistic REIT, LLC	0001660918	DE
0001214659-20-003605	1	TUSCAN GARDENS SENIOR LIVING COMMUNITIES	0001746666	FL
0001493152-20-006825	1	CW Petroleum Corp	0001741220	WY
0001104659-20-048858	1	Fundrise Growth eREIT II, LLC	0001661000	DE
0001104659-20-048313	1	Fundrise Growth eREIT 2019, LLC	0001768726	DE
0001104659-20-047818	1	Fundrise Growth eREIT III, LLC	0001758744	DE
0001104659-20-046936	1	1st stREIT Office Inc.	0001700461	MD
0001104659-20-046096	1	Fundrise For-Sale Housing eFund - Washington DC, LLC	0001660983	DE
0001193125-20-105571	1	LunaDNA, LLC	0001741687	DE
0001104659-20-046092	1	Fundrise National For-Sale Housing eFund, LLC	0001706656	DE
0001104659-20-045313	1	Fundrise Growth eREIT V, LLC	0001776857	DE
0001104659-20-045311	1	Fundrise Income eREIT V, LLC	0001776860	DE
0001104659-20-043337	1	GROUNDFLOOR FINANCE INC.	0001588504	GA
0001654954-20-003767	1	HC Government Realty Trust	0001670010	MD
0001161697-20-000148	1	Generation Income Properties, Inc.	0001651721	MD
0001062993-20-001598	1	Contact Gold Corp.	0001759352	NV
0001768126-20-000003	1	RSE Archive, LLC	0001768126	DE
0001213900-20-008274	1	UC Asset Limited Partnership	0001723517	DE
