ACCESSION_NUMBER	EMP_ID	ISSUERNAME	JURISDICTIONORGANIZATION	YEARINCORPORATION	CIK	SICCODE	FULLTIMEEMPLOYEES	PARTTIMEEMPLOYEES
0001477932-20-003698	1	MYTHIC COLLECTION, LLC	DE	2019	0001773026	5945	2	0
0001477932-20-003675	1	LEGION WORKS, INC	DE	2019	0001802719	7372	2	0
0001683168-20-002099	1	Principal Solar, Inc.	DE	2012	0001587476	1381	2	0
0001445866-20-000905	1	Parallel Flight Technologies, Inc.	DE	2018	0001788756	3721	5	2
0001104659-20-077307	1	Groundfloor Real Estate 1, LLC	GA	2016	0001694600	6500	0	0
0001171520-20-000274	1	Fast Casual Concepts, Inc.	WY	2019	0001807689	5812	1	30
0001477932-20-003566	1	World Tree USA, LLC	NV	2015	0001687316	100	5	1
0001214659-20-005899	1	Atlis Motor Vehicles Inc	DE	2016	0001722969	3711	15	0
0001520138-20-000281	1	Sugarmade, Inc.	DE	2007	0000919175	5110	4	2
0001493152-20-011803	1	Masterworks 014, LLC	DE	2020	0001812768	7380	0	0
0001553350-20-000553	1	Energy and Water Development Corp	FL	2007	0001563298	3585	2	0
0001493152-20-011782	1	BACTECH ENVIRONMENTAL CORPORATION	A6	2010	0001807387	1040	2	2
0001104659-20-076528	1	FUNDRISE REAL ESTATE INVESTMENT TRUST, LLC	DE	2015	0001645583	6798	0	0
0001493152-20-011742	1	Masterworks 017, LLC	DE	2020	0001814041	7380	0	0
0001493152-20-011741	1	Masterworks 014, LLC	DE	2020	0001812768	7380	0	0
0001654954-20-006927	1	VidAngel, Inc.	DE	2014	0001671941	7829	33	5
0001213900-20-015716	1	Audition Showdown Inc.	A6	2019	0001811091	7371	3	0
0001493152-20-011694	1	Dakota Real Estate Investment trust	ND	1997	0001074922	6798	0	0
0001683168-20-002049	1	Starstream Entertainment, Inc.	NV	2012	0001561686	7389	2	0
0001683168-20-002046	1	LiquidPiston, Inc.	DE	2004	0001446275	8731	18	0
0001213900-20-015601	1	YouNow, Inc.	DE	2011	0001725129	7372	6	4
0001104659-20-075778	1	To The Stars Academy of Arts and Science Inc.	DE	2017	0001710274	7819	7	1
0001477932-20-003494	1	HIS Capital Fund III, LLC	DE	2019	0001805200	6500	3	0
0001350455-20-000007	1	GILMORE HOMES - GILMORE LOANS, LLC	GA	2018	0001350455	6798	0	0
0001078782-20-000462	1	HAIBO SYM, INC.	WY	2019	0001809964	7311	1	0
0001683168-20-002018	1	CLOUDASTRUCTURE, INC.	DE	2003	0001709628	7373	1	1
0001213900-20-015395	1	Hi-Great Group Holding Co.	NV	2010	0001807616	700	3	0
0001104659-20-075417	1	Groundfloor Real Estate 1, LLC	GA	2016	0001694600	6500	0	0
0001104659-20-075382	1	CaliberCos Inc.	DE	2014	0001627282	6500	70	0
0001688804-20-000005	1	RSE Collection, LLC	DE	2016	0001688804	3711	0	0
0001104659-20-075332	1	Fundrise East Coast Opportunistic REIT, LLC	DE	2015	0001660918	6798	0	0
0001493152-20-011525	1	MogulREIT I, LLC	DE	2016	0001669664	6798	0	0
0001493152-20-011491	1	Elegance Brands, Inc.	DE	2017	0001745449	2082	5	0
0001213900-20-015338	1	GENTECH HOLDINGS	FL	2013	0001591157	5812	1	3
0001445866-20-000882	1	Cityzenith Holdings, Inc.	DE	2009	0001778262	7371	18	4
0001493152-20-011459	1	BACTECH ENVIRONMENTAL CORPORATION	A6	2010	0001807387	1040	2	2
0001477932-20-003462	1	KULA VENTURES #2 LTD.	NV	2020	0001807553	6500	0	0
0001104659-20-074861	1	CaliberCos Inc.	DE	2014	0001627282	6500	70	0
0001104659-20-074618	1	StorEn Technologies Inc.	DE	2017	0001720258	3690	4	0
0001104659-20-074594	1	Solutions Vending International, Inc.	DE	2017	0001759081	3690	1	0
0001445866-20-000873	1	Cityzenith Holdings, Inc.	DE	2009	0001778262	7371	18	4
0001477932-20-003442	1	LEGION WORKS, INC	DE	2019	0001802719	7372	2	0
0001663577-20-000176	1	Cannagistics Inc.	NV	2004	0001304741	1000	1	0
0001104659-20-074073	1	SmartCard Marketing Systems Inc	DE	2006	0000900475	8900	6	14
0001104659-20-073830	1	BRIX REIT, Inc.	MD	2017	0001723028	6798	0	0
0001104659-20-073736	1	Cytonics Corporation	FL	2006	0001421744	2836	1	0
0001213900-20-015093	1	Audition Showdown Inc.	A6	2019	0001811091	7371	3	0
0001477932-20-003414	1	MjLink.com, Inc.	DE	2018	0001794790	7374	0	0
0001640334-20-001535	1	Draganfly Inc.	A1	2018	0001786286	3721	22	0
0001213900-20-015042	1	Emerald Health Pharmaceuticals Inc.	DE	2017	0001700800	2834	15	3
0001104659-20-073451	1	GROUNDFLOOR FINANCE INC.	GA	2013	0001588504	6199	40	0
0001104659-20-073399	1	Knightscope, Inc	DE	2013	0001600983	3669	29	0
0001445866-20-000852	1	Cityzenith Holdings, Inc.	DE	2009	0001778262	7371	18	4
0001477932-20-003355	1	LB 1 LLC	DE	2018	0001779420	6500	0	0
0001104659-20-072822	1	Forwardly, Inc.	NV	1972	0001812441	7363	1	0
0001683168-20-001940	1	My Racehorse CA LLC	NV	2016	0001744448	7948	0	0
0001751158-20-000031	1	Jamestown Invest 1, LLC	DE	2018	0001751158	6798	0	0
0001767876-20-000028	1	Otis Gallery LLC	DE	2018	0001767876	7389	0	0
0001594062-20-000053	1	Brazil Potash Corp.	A6	2006	0001472326	1400	1	8
0001062993-20-002780	1	Shackelford Pharma Inc.	A1	2018	0001811112	2833	1	0
0001683168-20-001927	1	CLOUDASTRUCTURE, INC.	DE	2003	0001709628	7373	1	1
0001104659-20-072156	1	FUNDRISE REAL ESTATE INVESTMENT TRUST, LLC	DE	2015	0001645583	6798	0	0
0001477932-20-003289	1	Beyond Wellness International, Inc.	NV	2017	0001744320	2833	6	10
0001104659-20-071827	1	Collectable Sports Assets, LLC	DE	2020	0001804446	7389	0	3
0001683168-20-001907	1	Advanced Bio-Oil Technologies Ltd.	WY	2016	0001706951	2070	2	1
0001104659-20-070867	1	Groundfloor Real Estate 1, LLC	GA	2016	0001694600	6500	0	0
0001493152-20-010742	1	BACTECH ENVIRONMENTAL CORPORATION	A6	2010	0001807387	1040	2	2
0001757108-20-000001	1	EmpireBIT, Inc.	DE	2018	0001757108	6199	0	0
0001758533-20-000006	1	Evolution Development Group, Inc.	FL	2018	0001758533	8742	0	0
0001104659-20-070569	1	Fundrise Midland Opportunistic REIT, LLC	DE	2015	0001661023	6798	0	0
0001213900-20-014314	1	Fig Publishing, Inc.	DE	2015	0001658966	7372	0	0
0001104659-20-070526	1	Fundrise Income eREIT III, LLC	DE	2018	0001758745	6798	0	0
0001104659-20-070546	1	GROUNDFLOOR FINANCE INC.	GA	2013	0001588504	6199	40	0
0001683168-20-001888	1	Iroquois Valley Farmland REIT, PBC	DE	2016	0001706350	6798	8	1
0001575705-20-000100	1	Zimmerman BioPharma Holding, Inc.	FL	1994	0001797807	2834	2	0
0001683168-20-001884	1	Starstream Entertainment, Inc.	NV	2012	0001561686	7389	2	0
0001213900-20-014190	1	Energea Portfolio 1 LLC	DE	2020	0001808949	4911	0	0
0001731122-20-000621	1	GME INNOTAINMENT, INC	FL	1983	0001382112	100	0	0
0001214659-20-005420	1	Atlis Motor Vehicles Inc	DE	2016	0001722969	3711	15	0
0001213900-20-014143	1	Energea Portfolio 1 LLC	DE	2020	0001808949	4911	0	0
0001493152-20-010587	1	Masterworks 017, LLC	DE	2020	0001814041	7380	0	0
0001767876-20-000025	1	Otis Gallery LLC	DE	2018	0001767876	7389	0	0
0001477932-20-003219	1	Beyond Wellness International, Inc.	NV	2017	0001744320	2833	6	10
0001078782-20-000411	1	HAIBO SYM, INC.	WY	2019	0001809964	7311	1	0
0001493152-20-010482	1	Livewire Ergogenics, Inc.	NV	2007	0001421289	2060	1	0
0001104659-20-069101	1	Fundrise Growth eREIT III, LLC	DE	2018	0001758744	6798	0	0
0001493152-20-010410	1	Can B Corp.	FL	2005	0001509957	5122	10	4
0001754259-20-000006	1	American Condor Resources, Corp	CO	2018	0001754259	1000	4	12
0001193125-20-157504	1	Gladstone Companies, Inc.	DE	2009	0001805586	6282	70	0
0001493152-20-010344	1	VIVOS INC	DE	1994	0001449349	3841	1	1
0001754259-20-000004	1	American Condor Resources, Corp	CO	2018	0001754259	1000	4	12
0001493152-20-010270	1	Elegance Brands, Inc.	DE	2017	0001745449	2082	5	0
0001486452-20-000004	1	Clikia Corp.	NV	2002	0001486452	3911	1	0
0001486452-20-000003	1	Clikia Corp.	NV	2002	0001486452	3911	1	0
0001104659-20-067911	1	BRIX REIT, Inc.	MD	2017	0001723028	6798	0	0
0001350455-20-000006	1	GILMORE HOMES - GILMORE LOANS, LLC	GA	2018	0001350455	6798	0	0
0001683168-20-001793	1	My Racehorse CA LLC	NV	2016	0001744448	7948	0	0
0001760319-20-000020	1	CANNABINOID BIOSCIENCES, INC.	CA	2014	0001760319	2834	5	8
0001104659-20-067786	1	Fisher Wallace Laboratories Inc.	DE	2019	0001787792	3845	4	4
0001104659-20-067672	1	Scopus BioPharma Inc.	DE	2017	0001772028	2834	1	0
0001104659-20-067632	1	Cytonics Corporation	FL	2006	0001421744	2836	1	0
0001213900-20-013629	1	Legion Capital Corporation	FL	2015	0001661166	6799	13	0
0001477932-20-003102	1	Capital Cities Fund, LLC	MD	2013	0001640613	6500	0	1
0001493152-20-010056	1	Masterworks 016, LLC	DE	2020	0001813339	7380	0	0
0001493152-20-010018	1	Zenlabs Holdings Inc.	A1	2019	0001803705	2000	9	0
0001104659-20-066991	1	GROUNDFLOOR FINANCE INC.	GA	2013	0001588504	6199	40	0
0001758533-20-000005	1	Evolution Development Group, Inc.	FL	2018	0001758533	8742	0	0
0001754259-20-000002	1	American Condor Resources, Corp	CO	2018	0001754259	1000	4	12
0001376474-20-000130	1	Alt 5 Sigma, Inc.	DE	2018	0001769312	8900	10	0
0001477932-20-003076	1	World Tree USA, LLC	NV	2015	0001687316	100	5	1
0001493152-20-009972	1	Quara Devices Inc.	WY	2019	0001770427	3841	1	6
0001477932-20-003061	1	LEGION WORKS, INC	DE	2019	0001802719	7372	2	0
0001104659-20-066189	1	Groundfloor Real Estate 1, LLC	GA	2016	0001694600	6500	0	0
0001104659-20-065956	1	CaliberCos Inc.	DE	2014	0001627282	6500	70	0
0001493152-20-009852	1	Masterworks 015, LLC	DE	2020	0001812818	7380	0	0
0001683168-20-001736	1	CLOUDASTRUCTURE, INC.	DE	2003	0001709628	7373	1	1
0001768126-20-000013	1	RSE Archive, LLC	DE	2019	0001768126	3949	0	0
0001493152-20-009791	1	Masterworks 012, LLC	DE	2020	0001810272	7380	0	0
0001171520-20-000240	1	GEAR Capital Inc.	A6	2019	0001805956	6799	0	0
0001477932-20-003017	1	Beyond Wellness International, Inc.	NV	2017	0001744320	2833	6	10
0001477932-20-003014	1	MjLink.com, Inc.	DE	2018	0001794790	7374	0	0
0001445866-20-000730	1	Cityzenith Holdings, Inc.	DE	2009	0001778262	7371	18	4
0001193125-20-150271	1	CCCB Bancorp, Inc.	PA	2019	0001803408	6022	40	10
0001493152-20-009732	1	Masterworks 009, LLC	DE	2020	0001806903	7380	0	0
0001575705-20-000092	1	Clickstream Corporation	NV	2005	0001393548	7374	0	2
0001493152-20-009687	1	No Borders, Inc.	NV	1999	0001091418	7389	2	0
0001493152-20-009679	1	Novo Integrated Sciences, Inc.	NV	2000	0001138978	8000	33	18
0001140361-20-012215	1	DLP Positive Note Fund LLC	DE	2020	0001806014	6500	0	0
0001104659-20-064903	1	Solutions Vending International, Inc.	DE	2017	0001759081	3690	6	0
0001104659-20-064999	1	Fundrise Growth eREIT 2019, LLC	DE	2019	0001768726	6798	0	0
0001104659-20-065001	1	Fundrise Income eREIT 2019, LLC	DE	2019	0001768760	6798	0	0
0001493152-20-009618	1	Masterworks 014, LLC	DE	2020	0001812768	7380	0	0
0001493152-20-009586	1	VIVOS INC	DE	1994	0001449349	3841	1	1
0001213900-20-013167	1	Called Higher Studios, Inc.	DE	2019	0001786874	7812	1	0
0001171520-20-000235	1	Fast Casual Concepts, Inc.	WY	2019	0001807689	5812	1	30
0001683168-20-001689	1	LiquidPiston, Inc.	DE	2004	0001446275	8731	18	0
0001748909-20-000004	1	Take It National, Inc.	FL	2010	0001748909	7389	3	14
0001760319-20-000019	1	CANNABINOID BIOSCIENCES, INC.	CA	2014	0001760319	2834	5	8
0001213900-20-013047	1	Energea Portfolio 1 LLC	DE	2020	0001808949	4911	0	0
0001477932-20-002933	1	Paradyme Equities, LLC	CA	2017	0001718714	6799	0	2
0001477932-20-002931	1	World Tree USA, LLC	NV	2015	0001687316	100	5	1
0001493152-20-009382	1	Livewire Ergogenics, Inc.	NV	2007	0001421289	2060	1	0
0001640334-20-001269	1	Chemesis International Inc.	A1	2013	0001788379	2833	3	0
0001104659-20-063364	1	STARTENGINE CROWDFUNDING, INC.	DE	2014	0001661779	7374	28	1
0001731122-20-000534	1	GME INNOTAINMENT, INC	FL	1983	0001382112	100	0	0
0001213900-20-012706	1	Remembrance Group, Inc.	DE	2020	0001804060	8744	39	60
0001767876-20-000015	1	Otis Gallery LLC	DE	2018	0001767876	7389	0	0
0001493152-20-008860	1	Masterworks 009, LLC	DE	2020	0001806903	7380	0	0
0001213900-20-012189	1	Hi-Great Group Holding Co.	NV	2010	0001807616	700	3	0
0001213900-20-012117	1	Legion Capital Corporation	FL	2015	0001661166	6799	13	0
0001477932-20-002629	1	LB 1 LLC	DE	2018	0001779420	6500	0	0
0001664038-20-000016	1	Hemp Naturals, Inc.	DE	2015	0001664038	2300	0	2
0001104659-20-060692	1	GROUNDFLOOR FINANCE INC.	GA	2013	0001588504	6199	40	0
0001477932-20-002602	1	LEGION WORKS, INC	DE	2019	0001802719	7372	2	0
0001213900-20-011960	1	Concreit Fund I LLC	DE	2019	0001781324	6798	0	0
0001104659-20-060415	1	DIGITAL DEVELOPMENT PARTNERS, INC.	NV	2006	0001409999	3663	0	0
0001350455-20-000004	1	GILMORE HOMES - GILMORE LOANS, LLC	GA	2018	0001350455	6798	0	0
0001493152-20-008401	1	Masterworks 013, LLC	DE	2020	0001811847	7380	0	0
0001683168-20-001513	1	Demand Brands, Inc.	WA	2005	0001791469	1382	1	0
0001213900-20-011738	1	Audition Showdown Inc.	A6	2019	0001811091	7371	3	0
0001104659-20-059757	1	Fundrise East Coast Opportunistic REIT, LLC	DE	2015	0001660918	6798	0	0
0001213900-20-011711	1	YouNow, Inc.	DE	2011	0001725129	7372	5	4
0001493152-20-008255	1	Livewire Ergogenics, Inc.	NV	2007	0001421289	2060	1	0
0001722969-20-000007	1	Atlis Motor Vehicles Inc	DE	2016	0001722969	3711	15	0
0001493152-20-008125	1	Masterworks 009, LLC	DE	2020	0001806903	7380	0	0
0001104659-20-058926	1	Fundrise For-Sale Housing eFUND - Los Angeles CA, LLC	DE	2015	0001660987	6500	0	0
0001104659-20-058928	1	Fundrise For-Sale Housing eFUND - Washington DC, LLC	DE	2015	0001660983	6500	0	0
0001104659-20-058955	1	FUNDRISE REAL ESTATE INVESTMENT TRUST, LLC	DE	2015	0001645583	6798	0	0
0001663577-20-000122	1	LIFEQUEST WORLD CORP.	MN	1997	0001060888	4950	4	0
0001722969-20-000006	1	Atlis Motor Vehicles Inc	DE	2016	0001722969	3711	15	0
0001104659-20-058478	1	Collectable Sports Assets, LLC	DE	2020	0001804446	7389	0	3
0001350455-20-000003	1	GILMORE HOMES - GILMORE LOANS, LLC	GA	2018	0001350455	6798	0	0
0001445866-20-000557	1	Cityzenith Holdings, Inc.	DE	2009	0001778262	7371	18	4
0001663577-20-000117	1	Cannagistics Inc.	NV	2004	0001304741	1000	1	0
0001171520-20-000206	1	LiveCare, Inc.	DE	2018	0001762400	8082	2	0
0001594062-20-000036	1	Brazil Potash Corp.	A6	2006	0001472326	1400	1	8
0001350455-20-000002	1	GILMORE HOMES - GILMORE LOANS, LLC	GA	2018	0001350455	6798	0	0
0001731122-20-000438	1	GME INNOTAINMENT, INC	FL	1983	0001382112	100	0	0
0001104659-20-056081	1	iConsumer Corp.	DE	2010	0001652350	7200	0	0
0001722969-20-000004	1	Atlis Motor Vehicles Inc	DE	2016	0001722969	3711	15	0
0001062993-20-002097	1	Shackelford Pharma Inc.	A1	2018	0001811112	2833	1	0
0001760319-20-000016	1	CANNABINOID BIOSCIENCES, INC.	CA	2014	0001760319	2834	5	8
0001766280-20-000005	1	Legacy Teak, LLC	WY	2018	0001766280	6500	0	0
0001104659-20-055027	1	STARTENGINE CROWDFUNDING, INC.	DE	2014	0001661779	7374	28	1
0001104659-20-054693	1	Fundrise Balanced eREIT II, LLC	DE	2020	0001803986	6798	0	0
0001575705-20-000063	1	Clickstream Corporation	NV	2005	0001393548	7374	0	2
0001683168-20-001361	1	My Racehorse CA LLC	NV	2016	0001744448	7948	0	0
0001104659-20-054561	1	T Stamp Inc.	DE	2016	0001718939	7370	6	1
0001104659-20-054283	1	T Stamp Inc.	DE	2016	0001718939	7370	6	1
0001213900-20-010594	1	Manufactured Housing Properties Inc.	NV	2003	0001277998	6500	17	0
0001493152-20-007407	1	VIVOS INC	DE	1994	0001449349	3841	1	1
0001688804-20-000003	1	RSE Collection, LLC	DE	2016	0001688804	3711	0	0
0001477932-20-002295	1	World Tree USA, LLC	NV	2015	0001687316	100	5	1
0001493152-20-007309	1	Livewire Ergogenics, Inc.	NV	2007	0001421289	2060	1	0
0001683168-20-001302	1	GRASS QOZF, INC.	NV	2019	0001797087	8741	0	0
0001078782-20-000287	1	HAIBO SYM, INC.	WY	2019	0001809964	7311	1	0
0001683168-20-001291	1	Demand Brands, Inc.	WA	2005	0001791469	1382	1	0
0001213900-20-010079	1	Remembrance Group, Inc.	DE	2020	0001804060	8744	39	60
0001663577-20-000104	1	LIFEQUEST WORLD CORP.	MN	1997	0001060888	4950	4	0
0001477932-20-002174	1	Beyond Wellness International, Inc.	NV	2017	0001744320	2833	6	10
0001493152-20-007077	1	Masterworks 012, LLC	DE	2020	0001810272	7380	0	0
0001664038-20-000011	1	Hemp Naturals, Inc.	DE	2015	0001664038	2300	0	2
0001493152-20-007030	1	Zenlabs Holdings Inc.	A1	2019	0001803705	2000	9	0
0001748909-20-000002	1	Take It National, Inc.	FL	2010	0001748909	7389	3	14
0001213900-20-009859	1	Concreit Fund I LLC	DE	2019	0001781324	6798	0	0
0001553350-20-000352	1	Energy and Water Development Corp	FL	2007	0001563298	3585	2	0
0001771443-20-000001	1	Priza Technologies Inc.	CO	2019	0001771443	7370	4	12
0001768126-20-000009	1	RSE Archive, LLC	DE	2019	0001768126	3949	0	0
0001193125-20-113682	1	CCCB Bancorp, Inc.	PA	2019	0001803408	6022	40	10
0001213900-20-009624	1	SavvyShares LLC	DE	2020	0001801255	7374	0	0
0001766280-20-000003	1	Legacy Teak, LLC	WY	2018	0001766280	6500	0	0
0001477932-20-002055	1	LEGION WORKS, INC	DE	2019	0001802719	7372	2	0
0001493152-20-006617	1	Masterworks 011, LLC	DE	2020	0001809772	7380	0	0
0001104659-20-048054	1	T Stamp Inc.	DE	2016	0001718939	7370	6	1
0001104659-20-048004	1	Cytonics Corporation	FL	2006	0001421744	2836	1	0
0001683168-20-001212	1	Green Stream Holdings Inc.	WY	2004	0001437476	4991	0	0
0001683168-20-001211	1	Starstream Entertainment, Inc.	NV	2012	0001561686	7389	1	0
0001477932-20-002000	1	OWN OUR OWN FUND I, LLC	DE	2019	0001802892	6500	0	1
0001683168-20-001195	1	Green Stream Holdings Inc.	WY	2004	0001437476	4991	0	0
0001445866-20-000395	1	SOLAR INTEGRATED ROOFING CORP.	NV	2007	0001756704	1700	30	0
0001445866-20-000390	1	Cityzenith Holdings, Inc.	DE	2009	0001778262	7371	18	4
0001709247-20-000004	1	Dragonize Studio's & Institute, Inc.	AZ	2017	0001709247	2711	2	0
0001213900-20-009062	1	SStarTradeTech Inc.	NV	2005	0001349810	8742	0	0
0001076310-20-000004	1	INFINEX VENTURES INC	NY	2020	0001076310	7380	1	5
0001683168-20-001148	1	GREEN STREAM HOLDINGS INC.	WY	2004	0001437476	4991	0	0
0001683168-20-001145	1	CLOUDASTRUCTURE, INC.	DE	2003	0001709628	7373	1	1
0001445866-20-000364	1	SOLAR INTEGRATED ROOFING CORP.	NV	2007	0001756704	1700	30	0
0001766280-20-000001	1	Legacy Teak, LLC	WY	2018	0001766280	6500	0	0
0001493152-20-006079	1	Bioquest Corp	NV	2011	0001568628	4841	0	0
0001640334-20-000752	1	INFUZED BRANDS INC.	A1	2019	0001793154	2080	4	0
0001104659-20-044694	1	T Stamp Inc.	DE	2016	0001718939	7370	6	1
0001437749-20-007314	1	Commonwealth Thoroughbreds LLC	DE	2019	0001789339	7948	0	0
0001683168-20-001126	1	My Racehorse CA LLC	NV	2016	0001744448	7948	0	0
0001437749-20-007246	1	Commonwealth Thoroughbreds LLC	DE	2019	0001789339	7948	0	0
0001731122-20-000349	1	Circle of Wealth Fund III LLC	ID	2018	0001762825	6199	0	0
0001477932-20-001838	1	MYTHIC COLLECTION, LLC	DE	2019	0001773026	5945	2	0
0001171520-20-000172	1	Fast Casual Concepts, Inc.	WY	2019	0001807689	5812	1	30
0001493152-20-005915	1	Masterworks 010, LLC	DE	2020	0001806902	7380	0	0
0001104659-20-043251	1	T Stamp Inc.	DE	2016	0001718939	7370	6	1
0001104659-20-043243	1	GROUNDFLOOR FINANCE INC.	GA	2013	0001588504	6199	40	0
0001493152-20-005704	1	BACTECH ENVIRONMENTAL CORPORATION	A6	2010	0001807387	1040	2	2
0001493152-20-005665	1	Novo Integrated Sciences, Inc.	NV	2000	0001138978	8000	81	53
0001493152-20-005638	1	Masterworks 009, LLC	DE	2020	0001806903	7380	0	0
0001768126-20-000004	1	RSE Archive, LLC	DE	2019	0001768126	3949	0	0
