ACCESSION_NUMBER	ED_ID	TYPE	NAME	OUTSTANDING	CUSIP	PUBLICYTRADED
0001477932-20-003698	1	Common	Interests in a Series LLC	2000	None	None
0001477932-20-003698	1	Debt Securities		0		
0001477932-20-003698	1	Preferred		0		
0001477932-20-003675	1	Preferred		0		
0001477932-20-003675	1	Debt Securities		0		
0001477932-20-003675	1	Common	Common Stock	5000000	None	None
0001683168-20-002099	1	Debt Securities	None	0	000000000	None
0001683168-20-002099	1	Preferred	PREFERRED STOCK SERIES B	1000000	000000000	None
0001683168-20-002099	1	Common	Common Stock	62014392	74255T202	None
0001445866-20-000905	2	Common	Class B Common Stock	0	n/a	n/a
0001445866-20-000905	1	Preferred		0		
0001445866-20-000905	1	Common	Class A Common Stock	6007811	n/a	n/a
0001445866-20-000905	2	Debt Securities	Stock Options	277437	n/a	n/a
0001445866-20-000905	1	Debt Securities		0		
0001104659-20-077307	1	Debt Securities	N/A	0	000000000	N/A
0001104659-20-077307	1	Preferred	N/A	0	000000000	N/A
0001104659-20-077307	1	Common	N/A	0	000000000	N/A
0001171520-20-000274	1	Common	Common Stock	100000000	0000000NA	N/A
0001171520-20-000274	1	Debt Securities	N/A	0	0000000NA	N/A
0001171520-20-000274	1	Preferred	N/A	0	0000000NA	N/A
0001477932-20-003566	4	Common	Series A 2019 Eco-Tree Units	1769864	N/A	N/A
0001477932-20-003566	1	Preferred	None	0		
0001477932-20-003566	3	Common	Series A 2018 COP Units	240296	N/A	N/A
0001477932-20-003566	2	Common	Series B Voting Units	10000	N/A	N/A
0001477932-20-003566	1	Common	Series A 2016 Units	200000	N/A	N/A
0001477932-20-003566	1	Debt Securities	None	0		
0001214659-20-005899	1	Preferred	N/A	0	000000000	N/A
0001214659-20-005899	1	Common	Class A Common Stock	4871129	000000000	N/A
0001214659-20-005899	1	Debt Securities	N/A	0	000000000	N/A
0001214659-20-005899	2	Common	Class D Common Stock	12225048	000000000	N/A
0001520138-20-000281	1	Preferred	Series A preferred stock	2000000	000000000	None
0001520138-20-000281	2	Preferred	Series B preferred stock	2541500	000000000	None
0001520138-20-000281	1	Debt Securities	Convertible notes	3210502	000000000	None
0001520138-20-000281	1	Common	Common stock	1524999511	865040109	OTCQB
0001493152-20-011803	1	Debt Securities	None	0	000000000	NONE
0001493152-20-011803	1	Preferred	None	0	000000000	NONE
0001493152-20-011803	1	Common	Membership Interests	1000	000000000	NONE
0001553350-20-000553	1	Preferred	N/A	0	000000N/A	N/A
0001553350-20-000553	1	Debt Securities	Convertible Notes	508500	000000N/A	N/A
0001553350-20-000553	1	Common	Common Shares	93462483	29880V105	OTC
0001493152-20-011782	1	Common	Common Stock, $.001 par value	105420423	070490206	CSE
0001493152-20-011782	1	Preferred	None.	0	000000000	None.
0001493152-20-011782	1	Debt Securities	Debt Securities	961788	000000000	Convertible and Other Notes payable.
0001104659-20-076528	1	Common	Common Shares	13472176	000000000	N/A
0001104659-20-076528	1	Debt Securities	N/A	0	000000000	N/A
0001104659-20-076528	1	Preferred	N/A	0	000000000	N/A
0001493152-20-011742	1	Debt Securities	None	0	000000000	NONE
0001493152-20-011742	1	Preferred	None	0	000000000	NONE
0001493152-20-011742	1	Common	Membership Interests	1000	000000000	NONE
0001493152-20-011741	1	Common	Membership Interests	1000	000000000	NONE
0001493152-20-011741	1	Preferred	None	0	000000000	NONE
0001493152-20-011741	1	Debt Securities	None	0	000000000	NONE
0001654954-20-006927	1	Debt Securities	NA	0	000000000	NA
0001654954-20-006927	1	Common	Class A	18251622	000000000	NA
0001654954-20-006927	1	Preferred	Class B	3313335	000000000	NA
0001213900-20-015716	1	Debt Securities	N/A	0	000000000	0
0001213900-20-015716	2	Common	Multiple Voting Shares	18000000	000000000	N/A
0001213900-20-015716	1	Preferred	N/A	0	000000000	0
0001213900-20-015716	1	Common	Common Shares	36310200	000000000	N/A
0001493152-20-011694	1	Common	Class A	6659907	000000000	NA
0001493152-20-011694	1	Preferred	Class B	2006990	000000000	NA
0001493152-20-011694	1	Debt Securities	Class I	0	000000000	NA
0001683168-20-002049	1	Preferred	Convertible Preferred Stock	3	0000000na	None
0001683168-20-002049	1	Debt Securities	None	0	0000000na	None
0001683168-20-002049	1	Common	Common Stock	18010196	0000000na	None
0001683168-20-002046	1	Debt Securities	Convertible Notes	2912466	000000N/A	N/A
0001683168-20-002046	1	Preferred	Series Seed-1 Preferred Shares	88105	000000N/A	N/A
0001683168-20-002046	1	Common	Common Shares	1129130	000000N/A	N/A
0001213900-20-015601	1	Debt Securities	Debt Payable by Assets	837034	000000000	N/A
0001213900-20-015601	1	Common	Common	92854286	000000000	N/A
0001213900-20-015601	1	Preferred	None	0	000000000	N/A
0001104659-20-075778	2	Common	Class B Common Stock	5400	000000000	N/A
0001104659-20-075778	1	Common	Class A Common Stock	12209267	000000000	N/A
0001104659-20-075778	1	Debt Securities	N/A	0	000000000	N/A
0001104659-20-075778	1	Preferred	N/A	0	000000000	N/A
0001477932-20-003494	1	Common		0		
0001477932-20-003494	1	Debt Securities		0		
0001477932-20-003494	1	Preferred		0		
0001350455-20-000007	1	Debt Securities	None	0		
0001350455-20-000007	1	Preferred	None	0		
0001350455-20-000007	1	Common	None: Class B sold After Offer	0		
0001078782-20-000462	1	Debt Securities	None	0		
0001078782-20-000462	1	Common	Common Stock	16035000	NONE	NONE
0001078782-20-000462	1	Preferred	None	0		
0001683168-20-002018	2	Debt Securities	Convertible Promissory Notes	2585712	0000000na	none
0001683168-20-002018	2	Common	Common Stock Class B	2980888	0000000na	none
0001683168-20-002018	1	Debt Securities	SAFEs	712675	0000000na	none
0001683168-20-002018	1	Common	Common Stock Class A	0	0000000na	none
0001683168-20-002018	1	Preferred	none	0	0000000na	none
0001213900-20-015395	1	Debt Securities	None	0	000000000	No
0001213900-20-015395	1	Common	Common	100000000	428371108	OTCPinksheets
0001213900-20-015395	1	Preferred	Series A Preferred	0	000000000	None
0001104659-20-075417	1	Debt Securities	N/A	0	000000000	N/A
0001104659-20-075417	1	Preferred	N/A	0	000000000	N/A
0001104659-20-075417	1	Common	N/A	0	000000000	N/A
0001104659-20-075382	1	Common	Common Stock A and B	27967289	000000000	N/A
0001104659-20-075382	1	Debt Securities	Convertible Notes	434860	000000000	N/A
0001104659-20-075382	1	Preferred	Series A Preferred Stock	1657396	000000000	N/A
0001688804-20-000005	6	Common	Series #95BL1	2000	0	None
0001688804-20-000005	5	Common	Series #55PS1	2000	0	None
0001688804-20-000005	1	Debt Securities		0		
0001688804-20-000005	3	Common	Series #85FT1	2000	0	None
0001688804-20-000005	2	Common	Series #69BM1	2000	0	None
0001688804-20-000005	1	Common	Series #77LE1	2000	0	None
0001688804-20-000005	1	Preferred		0		
0001688804-20-000005	10	Common	#98DV1	2000	0	None
0001688804-20-000005	9	Common	Series #83FB1	5000	0	None
0001688804-20-000005	4	Common	Series #88LJ1	2000	0	None
0001688804-20-000005	7	Common	Series #90FM1	2000	0	None
0001688804-20-000005	8	Common	Series #89PS1	2000	0	None
0001104659-20-075332	1	Debt Securities	N/A	0	000000000	N/A
0001104659-20-075332	1	Common	Common Shares	8988019	000000000	N/A
0001104659-20-075332	1	Preferred	N/A	0	000000000	N/A
0001493152-20-011525	1	Preferred	N/A	0	000000000	N/A
0001493152-20-011525	1	Common	Common shares	7123253	000000000	N/A
0001493152-20-011525	1	Debt Securities	N/A	0	000000000	N/A
0001493152-20-011491	1	Preferred	None	0	00000None	None
0001493152-20-011491	1	Common	Class A, Class B Common Stock	132718340	00000None	None
0001493152-20-011491	1	Debt Securities	None	0	00000None	None
0001213900-20-015338	1	Debt Securities	None	0	000000000	n/a
0001213900-20-015338	1	Preferred	Preference Series AA	1000	000000000	n/a
0001213900-20-015338	1	Common	Common Stock	2005558634	373253Y10	OTC Pink Sheets
0001445866-20-000882	1	Debt Securities	CrowdSafe	1377500	0	none
0001445866-20-000882	1	Common	Common Shares	14191546	0	None
0001445866-20-000882	1	Preferred	Series A	618808	0	none
0001493152-20-011459	1	Preferred	None.	0	000000000	None.
0001493152-20-011459	1	Common	Common Stock, $.001 par value	105420423	070490206	CSE
0001493152-20-011459	1	Debt Securities	Debt Securities	961788	000000000	Convertible and Other Notes payable.
0001477932-20-003462	1	Common	Common Equity	1200000	N/A	N/A
0001477932-20-003462	1	Debt Securities	None	0	N/A	N/A
0001477932-20-003462	1	Preferred	None	0	N/A	N/A
0001104659-20-074861	1	Debt Securities	Convertible Notes	434860	000000000	N/A
0001104659-20-074861	1	Common	Common Stock A and B	27967289	000000000	N/A
0001104659-20-074861	1	Preferred	Series A Preferred Stock	1657396	000000000	N/A
0001104659-20-074618	1	Common	Common Stock	6728268	000000N/A	N/A
0001104659-20-074618	1	Debt Securities	N/A	0	000000N/A	N/A
0001104659-20-074618	1	Preferred	N/A	0	000000N/A	N/A
0001104659-20-074594	1	Common	Class A Common Stock	24928678	000000N/A	N/A
0001104659-20-074594	1	Debt Securities	Convertible Notes	30000	000000N/A	N/A
0001104659-20-074594	1	Preferred	Class B Warrants	590459	000000N/A	N/A
0001104659-20-074594	2	Common	Class B Common Stock	20000000	000000N/A	N/A
0001445866-20-000873	1	Preferred	Series A	618808	0	none
0001445866-20-000873	1	Debt Securities	CrowdSafe	1377500	0	none
0001445866-20-000873	1	Common	Common Shares	14191546	0	None
0001477932-20-003442	1	Common	Common Stock	5000000	None	None
0001477932-20-003442	1	Debt Securities		0		
0001477932-20-003442	1	Preferred		0		
0001663577-20-000176	1	Common	Common Stock	100099277	13767H108	OTC Pink
0001663577-20-000176	1	Debt Securities	None	0	000000000	None
0001663577-20-000176	1	Preferred	Preferred Stock	10000000	13767H108	OTC Pink
0001104659-20-074073	1	Preferred	None	0	000000000	None
0001104659-20-074073	1	Debt Securities	None	0	000000000	None
0001104659-20-074073	1	Common	common	442792840	000900475	None
0001104659-20-073830	1	Preferred	N/A	0	000000N/A	N/A
0001104659-20-073830	1	Debt Securities	N/A	0	000000N/A	N/A
0001104659-20-073830	1	Common	Common Stock	2433214	000000N/A	N/A
0001104659-20-073736	3	Preferred	Series B Preferred Stock	2574865	000000N/A	N/A
0001104659-20-073736	4	Preferred	Series C Preferred Stock	0	000000N/A	N/A
0001104659-20-073736	2	Preferred	Series A Preferred Stock	576190	000000N/A	N/A
0001104659-20-073736	1	Preferred	Initial Preferred Stock	150000	000000N/A	N/A
0001104659-20-073736	1	Common	Common Stock	9547120	000000N/A	N/A
0001104659-20-073736	1	Debt Securities	Convertible Notes	1390511	000000N/A	N/A
0001213900-20-015093	1	Preferred	N/A	0	000000000	0
0001213900-20-015093	1	Common	Common Shares	36310200	000000000	N/A
0001213900-20-015093	2	Common	Multiple Voting Shares	18000000	000000000	N/A
0001213900-20-015093	1	Debt Securities	N/A	0	000000000	0
0001477932-20-003414	1	Preferred	Preferred	10068087	000000000	N/A
0001477932-20-003414	1	Debt Securities		0	000000000	N/A
0001477932-20-003414	1	Common	Common	5270682	000000000	N/A
0001640334-20-001535	1	Common	Common Shares	69670613	26142Q106	n/a
0001640334-20-001535	1	Preferred		0		
0001640334-20-001535	1	Debt Securities		0		
0001213900-20-015042	1	Debt Securities	None	0	000000000	None
0001213900-20-015042	1	Common	Common Stock	15441324	000000000	None
0001213900-20-015042	1	Preferred	None	0	000000000	None
0001104659-20-073451	1	Debt Securities	Convertible Notes	3238464	000000N/A	N/A
0001104659-20-073451	1	Preferred	Series Seed	568796	000000N/A	N/A
0001104659-20-073451	1	Common	Common Stock	1732585	000000N/A	N/A
0001104659-20-073399	3	Preferred	Series B Preferred Stock	4653583	000000N/A	N/A
0001104659-20-073399	4	Preferred	Series m Preferred Stock	5339215	000000N/A	N/A
0001104659-20-073399	5	Preferred	Series m-2 Preferred Stock	1660756	000000N/A	N/A
0001104659-20-073399	6	Preferred	Series m-3 Preferred Stock	16757	000000N/A	N/A
0001104659-20-073399	7	Preferred	Series m-4 Preferred Stock	1432786	000000N/A	N/A
0001104659-20-073399	2	Preferred	Series A Preferred Stock	8936015	000000N/A	N/A
0001104659-20-073399	1	Preferred	Series S Preferred Stock	1347301	000000N/A	N/A
0001104659-20-073399	3	Common	Class B Common Stock Warrants	121913	000000N/A	N/A
0001104659-20-073399	8	Preferred	Preferred Stock Warrant	4021872	000000N/A	N/A
0001104659-20-073399	1	Common	Class A Common Stock	0	000000N/A	N/A
0001104659-20-073399	1	Debt Securities	Convertible Promissory Notes	3757250	000000N/A	N/A
0001104659-20-073399	2	Common	Class B Common Stock	10189000	000000N/A	N/A
0001445866-20-000852	1	Preferred	Series A	618808	0	none
0001445866-20-000852	1	Common	Common Shares	14191546	0	None
0001445866-20-000852	1	Debt Securities	CrowdSafe	1377500	0	none
0001477932-20-003355	1	Debt Securities		0		
0001477932-20-003355	1	Common	Common	100	None	None
0001477932-20-003355	1	Preferred		0		
0001104659-20-072822	1	Common	Common Equity	269073696	34986W106	OTC Pink
0001104659-20-072822	2	Preferred	Class B	123478	0000000NA	NA
0001104659-20-072822	4	Preferred	Class D	300000	0000000NA	NA
0001104659-20-072822	3	Preferred	Class C	5000000	0000000NA	NA
0001104659-20-072822	1	Debt Securities	Debt Securities	350000	0000000NA	NA
0001104659-20-072822	1	Preferred	Class A	521413	0000000NA	NA
0001683168-20-001940	1	Common	See Part II for full listing	48497	000000N/A	N/A
0001683168-20-001940	1	Debt Securities	none	0	000000N/A	N/A
0001683168-20-001940	1	Preferred	none	0	000000N/A	N/A
0001751158-20-000031	1	Preferred	N/A	0	000000000	N/A
0001751158-20-000031	1	Common	Common Shares	780185	000000000	N/A
0001751158-20-000031	1	Debt Securities	N/A	0	000000000	N/A
0001767876-20-000028	1	Common	NONE	0	000000000	NONE
0001767876-20-000028	1	Debt Securities	N/A	0	000000000	N/A
0001767876-20-000028	1	Preferred	NONE	0	000000000	NONE
0001594062-20-000053	1	Preferred	N/A	0	N/A	N/A
0001594062-20-000053	1	Debt Securities	N/A	0	N/A	N/A
0001594062-20-000053	1	Common	Common	129294334	N/A	N/A
0001062993-20-002780	1	Common	Common Shares	40049997	N/A	N/A
0001062993-20-002780	1	Preferred		0		
0001062993-20-002780	1	Debt Securities		0		
0001683168-20-001927	1	Preferred	none	0	0000000na	none
0001683168-20-001927	1	Common	Common Stock Class A	0	0000000na	none
0001683168-20-001927	2	Debt Securities	Convertible Promissory Notes	2585712	0000000na	none
0001683168-20-001927	1	Debt Securities	SAFEs	712675	0000000na	none
0001683168-20-001927	2	Common	Common Stock Class B	2980888	0000000na	none
0001104659-20-072156	1	Common	Common Shares	13472176	000000000	N/A
0001104659-20-072156	1	Debt Securities	N/A	0	000000000	N/A
0001104659-20-072156	1	Preferred	N/A	0	000000000	N/A
0001477932-20-003289	1	Common	Common Stock	23589000	08888P104	None
0001477932-20-003289	1	Debt Securities		0		
0001477932-20-003289	1	Preferred		0		
0001104659-20-071827	1	Preferred	N/A	0	000000N/A	N/A
0001104659-20-071827	1	Debt Securities	N/A	0	000000N/A	N/A
0001104659-20-071827	1	Common	N/A	0	000000N/A	N/A
0001683168-20-001907	1	Debt Securities	none	0	000000000	none
0001683168-20-001907	1	Preferred	Convertible Preferred Stock Cl	28500000	000000000	none
0001683168-20-001907	1	Common	Common Stock Class A	0	000000000	None
0001104659-20-070867	1	Debt Securities	N/A	0	000000000	N/A
0001104659-20-070867	1	Common	N/A	0	000000000	N/A
0001104659-20-070867	1	Preferred	N/A	0	000000000	N/A
0001493152-20-010742	1	Common	Common Stock, $.001 par value	105420423	070490206	CSE
0001493152-20-010742	1	Preferred	None.	0	000000000	None.
0001493152-20-010742	1	Debt Securities	Debt Securities	961788	000000000	Convertible and Other Notes payable.
0001757108-20-000001	1	Preferred	NA	0	NA	NA
0001757108-20-000001	2	Common	Class B Common Stock	50000000	NA	NA
0001757108-20-000001	1	Debt Securities	NA	0	NA	NA
0001757108-20-000001	1	Common	Class A Common Stock	23876318	NA	NA
0001758533-20-000006	1	Common	Class A Common	1000	N/A	N/A
0001758533-20-000006	1	Debt Securities	N/A	0	N/A	N/A
0001758533-20-000006	1	Preferred	Preferred	0	N/A	N/A
0001758533-20-000006	2	Common	Class B Common	42690046	N/A	N/A
0001104659-20-070569	1	Debt Securities	N/A	0	000000000	N/A
0001104659-20-070569	1	Common	Common Shares	9631882	000000000	N/A
0001104659-20-070569	1	Preferred	N/A	0	000000000	N/A
0001213900-20-014314	1	Preferred	Fig Game Shares (10 series out	1811	000000000	-
0001213900-20-014314	1	Common	-	1000	000000000	-
0001213900-20-014314	1	Debt Securities	-	0	000000000	-
0001104659-20-070526	1	Common	Common Shares	4730342	000000000	None
0001104659-20-070526	1	Debt Securities	None	0	000000000	None
0001104659-20-070526	1	Preferred	None	0	000000000	None
0001104659-20-070546	1	Preferred	Series Seed	568796	000000N/A	N/A
0001104659-20-070546	1	Common	Common Stock	1732585	000000N/A	N/A
0001104659-20-070546	1	Debt Securities	Convertible Notes	3238464	000000N/A	N/A
0001683168-20-001888	1	Common	Common Stock	71774	000000000	N/A
0001683168-20-001888	1	Debt Securities	None	0	000000000	N/A
0001683168-20-001888	1	Preferred	None	0	000000000	N/A
0001575705-20-000100	1	Preferred	Series A-1 Preferred Stock	3000000	000000000	None
0001575705-20-000100	1	Debt Securities	Debt Securities	0	000000000	None
0001575705-20-000100	1	Common	Common Stock	699991000	989574108	Over-the-Counter
0001683168-20-001884	1	Common	Common Stock	18010196	0000000na	None
0001683168-20-001884	1	Preferred	Convertible Preferred Stock	3	0000000na	None
0001683168-20-001884	1	Debt Securities	None	0	0000000na	None
0001213900-20-014190	1	Debt Securities	None	0	000000000	n/a
0001213900-20-014190	1	Common	Common Shares	10000	000000000	n/a
0001213900-20-014190	1	Preferred	Class A Investor Shares	0	000000000	n/a
0001731122-20-000621	1	Debt Securities	Debt Securities	5924051	000000000	Convertible and Other Notes payable.
0001731122-20-000621	1	Preferred	Series A Preferred Stock	100000	000000000	None
0001731122-20-000621	1	Common	Common Stock, $.001 par value	230118278	403775109	OTC Markets
0001214659-20-005420	1	Preferred	N/A	0	000000000	N/A
0001214659-20-005420	2	Common	Class D Common Stock	12225048	000000000	N/A
0001214659-20-005420	1	Common	Class A Common Stock	4871129	000000000	N/A
0001214659-20-005420	1	Debt Securities	N/A	0	000000000	N/A
0001213900-20-014143	1	Common	Common Shares	10000	000000000	n/a
0001213900-20-014143	1	Debt Securities	None	0	000000000	n/a
0001213900-20-014143	1	Preferred	Class A Investor Shares	0	000000000	n/a
0001493152-20-010587	1	Common	Membership Interests	1000	000000000	NONE
0001493152-20-010587	1	Debt Securities	None	0	000000000	NONE
0001493152-20-010587	1	Preferred	None	0	000000000	NONE
0001767876-20-000025	1	Common	NONE	0	000000000	NONE
0001767876-20-000025	1	Debt Securities	N/A	0	000000000	N/A
0001767876-20-000025	1	Preferred	NONE	0	000000000	NONE
0001477932-20-003219	1	Common	Common Stock	23589000	08888P104	None
0001477932-20-003219	1	Preferred		0		
0001477932-20-003219	1	Debt Securities		0		
0001078782-20-000411	1	Common	Common Stock	16035000	NONE	NONE
0001078782-20-000411	1	Preferred	None	0		
0001078782-20-000411	1	Debt Securities	None	0		
0001493152-20-010482	1	Preferred	Class B Preferred	10000	000000000	N/A
0001493152-20-010482	1	Common	Common	1197471830	53838A104	OTC
0001493152-20-010482	1	Debt Securities	None	0	000000000	N/A
0001493152-20-010482	2	Preferred	Class C Preferred	75	000000000	N/A
0001104659-20-069101	1	Preferred	None	0	000000000	None
0001104659-20-069101	1	Debt Securities	None	0	000000000	None
0001104659-20-069101	1	Common	Common Shares	4696980	000000000	None
0001493152-20-010410	1	Preferred	Series A Preferred	20	000000000	N/A
0001493152-20-010410	1	Common	Common	2861740	13470W103	OTCMarkets.com
0001493152-20-010410	1	Debt Securities	N/A	0	000000000	N/A
0001493152-20-010410	2	Preferred	Series B Preferred	0	000000000	N/A
0001754259-20-000006	1	Common	Common Shares	6470120	None	None
0001754259-20-000006	1	Debt Securities		0		
0001754259-20-000006	1	Preferred		0		
0001193125-20-157504	1	Common	Common Equity	100	0	NONE
0001193125-20-157504	1	Debt Securities	Debt Securities	0	0	NONE
0001193125-20-157504	1	Preferred	Preferred Equity	0	0	NONE
0001493152-20-010344	3	Preferred	Series C Conv. Preferred Stock	821292	000000000	n/a
0001493152-20-010344	2	Preferred	Series B Conv. Preferred Stock	1113245	000000000	n/a
0001493152-20-010344	1	Preferred	Series A Conv. Preferred Stock	2552642	000000000	n/a
0001493152-20-010344	1	Debt Securities	Convertible Notes	10914782	000000000	n/a
0001493152-20-010344	1	Common	Common Stock	184845821	92858K204	OTCQB Marketplace
0001754259-20-000004	1	Common	Common	6470120	None	None
0001754259-20-000004	1	Debt Securities		0		
0001754259-20-000004	1	Preferred		0		
0001493152-20-010270	1	Common	Class A, Class B Common Stock	132718340	00000None	None
0001493152-20-010270	1	Debt Securities	None	0	00000None	None
0001493152-20-010270	1	Preferred	None	0	00000None	None
0001486452-20-000004	1	Preferred	SERIES A SUPER VOTING	2000000	N/A	N/A
0001486452-20-000004	1	Common	COMMON STOCK	3156273	18717D305	OVER THE COUNTER - OTC MARKETS INC.
0001486452-20-000004	1	Debt Securities	CONVERITBLE PROMISSORY NOTE	276000	N/A	N/A
0001486452-20-000003	1	Preferred	SERIES A SUPER VOTING	2000000	N/A	N/A
0001486452-20-000003	1	Common	COMMON STOCK	3156273	18717D305	OVER THE COUNTER - OTC MARKETS INC.
0001486452-20-000003	1	Debt Securities	CONVERITBLE PROMISSORY NOTE	276000	N/A	N/A
0001104659-20-067911	1	Preferred	N/A	0	000000N/A	N/A
0001104659-20-067911	1	Debt Securities	N/A	0	000000N/A	N/A
0001104659-20-067911	1	Common	Common Stock	2426552	000000N/A	N/A
0001350455-20-000006	1	Preferred	None	0		
0001350455-20-000006	1	Common	None: Class B sold After Offer	0		
0001350455-20-000006	1	Debt Securities	None	0		
0001683168-20-001793	1	Preferred	none	0	000000N/A	N/A
0001683168-20-001793	1	Common	See Part II for full listing	46766	000000N/A	N/A
0001683168-20-001793	1	Debt Securities	none	0	000000N/A	N/A
0001760319-20-000020	1	Common	Common Stock	19700000	0	0
0001760319-20-000020	1	Preferred	0	0	0	
0001760319-20-000020	1	Debt Securities	0	0	0	0
0001104659-20-067786	1	Common	Class A Common Stock	8000000	000000N/A	N/A
0001104659-20-067786	1	Preferred	Class B Common Stock	2200000	000000N/A	N/A
0001104659-20-067786	1	Debt Securities	N/A	0	000000N/A	N/A
0001104659-20-067672	1	Preferred	N/A	0	000000000	N/A
0001104659-20-067672	3	Common	private placement warrants	2481713	000000000	N/A
0001104659-20-067672	2	Common	options and warrants	1050000	000000000	N/A
0001104659-20-067672	1	Common	common stock	12509024	809171101	N/A
0001104659-20-067672	1	Debt Securities	convertible promissory notes	436230	000000000	N/A
0001104659-20-067632	1	Common	Common Stock	9547120	000000N/A	N/A
0001104659-20-067632	1	Preferred	Initial Preferred Stock	150000	000000N/A	N/A
0001104659-20-067632	2	Preferred	Series A Preferred Stock	576190	000000N/A	N/A
0001104659-20-067632	3	Preferred	Series B Preferred Stock	2574865	000000N/A	N/A
0001104659-20-067632	4	Preferred	Series C Preferred Stock	0	000000N/A	N/A
0001104659-20-067632	1	Debt Securities	Convertible Notes	1390511	000000N/A	N/A
0001213900-20-013629	1	Debt Securities	Corporate Notes	6200688	000000000	None
0001213900-20-013629	1	Common	Class A Common	16413548	000000000	None
0001213900-20-013629	1	Preferred	None	0	000000000	None
0001477932-20-003102	1	Debt Securities		0		
0001477932-20-003102	1	Common	Management Interests	100	None	None
0001477932-20-003102	1	Preferred	Preferred Membership Interests	0		
0001493152-20-010056	1	Preferred	None	0	000000000	NONE
0001493152-20-010056	1	Debt Securities	None	0	000000000	NONE
0001493152-20-010056	1	Common	Membership Interests	1000	000000000	NONE
0001493152-20-010018	1	Debt Securities	N/A	0	000000000	N/A
0001493152-20-010018	1	Common	Subordinate Voting	20454523	000000000	N/A
0001493152-20-010018	1	Preferred	Multiple Voting	149998	000000000	N/A
0001104659-20-066991	1	Preferred	Series Seed	568796	000000N/A	N/A
0001104659-20-066991	1	Common	Common Stock	1732585	000000N/A	N/A
0001104659-20-066991	1	Debt Securities	Convertible Notes	3238464	000000N/A	N/A
0001758533-20-000005	1	Debt Securities	N/A	0	N/A	N/A
0001758533-20-000005	1	Preferred	Preferred	0	N/A	N/A
0001758533-20-000005	2	Common	Class B Common	42690046	N/A	N/A
0001758533-20-000005	1	Common	Class A Common	1000	N/A	N/A
0001754259-20-000002	1	Debt Securities		0		
0001754259-20-000002	1	Preferred		0		
0001754259-20-000002	1	Common	Common	6470120	None	None
0001376474-20-000130	1	Debt Securities		0		
0001376474-20-000130	1	Preferred		0		
0001376474-20-000130	1	Common	Common	11511000	--	--
0001477932-20-003076	1	Preferred	None	0		
0001477932-20-003076	2	Common	Series B Voting Units	10000	N/A	N/A
0001477932-20-003076	1	Common	Series A 2016 Units	200000	N/A	N/A
0001477932-20-003076	3	Common	Series A 2018 COP Units	240296	N/A	N/A
0001477932-20-003076	1	Debt Securities	None	0		
0001493152-20-009972	1	Debt Securities	0	0	000000000	N/A
0001493152-20-009972	1	Preferred	0	0	000000000	N/A
0001493152-20-009972	1	Common	Common Stock	38457361	000000000	N/A
0001477932-20-003061	1	Preferred		0		
0001477932-20-003061	1	Common	Common Stock	5000000	None	None
0001477932-20-003061	1	Debt Securities		0		
0001104659-20-066189	1	Common	N/A	0	000000000	N/A
0001104659-20-066189	1	Debt Securities	N/A	0	000000000	N/A
0001104659-20-066189	1	Preferred	N/A	0	000000000	N/A
0001104659-20-065956	1	Common	Common Stock A and B	27969904	000000000	N/A
0001104659-20-065956	1	Preferred	Series A Preferred Stock	1657396	000000000	N/A
0001104659-20-065956	1	Debt Securities	Convertible Notes	1921870	000000000	N/A
0001493152-20-009852	1	Common	Membership Interests	1000	000000000	NONE
0001493152-20-009852	1	Preferred	None	0	000000000	NONE
0001493152-20-009852	1	Debt Securities	None	0	000000000	NONE
0001683168-20-001736	2	Debt Securities	Convertible Promissory Notes	2585712	0000000na	none
0001683168-20-001736	1	Debt Securities	SAFEs	712675	0000000na	none
0001683168-20-001736	1	Preferred	none	0	0000000na	none
0001683168-20-001736	2	Common	Common Stock Class B	2980888	0000000na	none
0001683168-20-001736	1	Common	Common Stock Class A	0	0000000na	none
0001768126-20-000013	5	Common	Series #POTTER	3000	0	None
0001768126-20-000013	6	Common	Series #TWOCITIES	200	0	None
0001768126-20-000013	2	Common	Series #71MAYS	2000	0	None
0001768126-20-000013	3	Common	Series #RLEXPEPSI	2000	0	None
0001768126-20-000013	7	Common	Series #FROST	200	0	None
0001768126-20-000013	8	Common	Series #BIRKINBLEU	1000	0	None
0001768126-20-000013	9	Common	Series #SMURF	2000	0	None
0001768126-20-000013	10	Common	Series #70RLEX	1000	0	None
0001768126-20-000013	1	Preferred		0		
0001768126-20-000013	1	Debt Securities		0		
0001768126-20-000013	1	Common	Series #52MANTLE	1000	0	None
0001768126-20-000013	4	Common	Series #10COBB	1000	0	None
0001493152-20-009791	1	Common	Membership Interests	1000	000000000	NONE
0001493152-20-009791	1	Preferred	None	0	000000000	NONE
0001493152-20-009791	1	Debt Securities	None	0	000000000	NONE
0001171520-20-000240	1	Debt Securities	Debt Securities	0	000000000	n/a
0001171520-20-000240	1	Common	Common Stock	32500000	000000000	n/a
0001171520-20-000240	1	Preferred	Preferred Equity	0	000000000	n/a
0001477932-20-003017	1	Debt Securities		0		
0001477932-20-003017	1	Preferred		0		
0001477932-20-003017	1	Common	Common Stock	23589000	08888P104	None
0001477932-20-003014	1	Common	Common	5270682	000000000	N/A
0001477932-20-003014	1	Preferred	Preferred	10068087	000000000	N/A
0001477932-20-003014	1	Debt Securities		0	000000000	N/A
0001445866-20-000730	1	Debt Securities	CrowdSafe	1377500	0	none
0001445866-20-000730	1	Common	Common Shares	14191546	0	None
0001445866-20-000730	1	Preferred	Series A	618808	0	none
0001193125-20-150271	1	Common	Common Stock	1665667	18051R100	OTC Pink Marketplace
0001193125-20-150271	1	Preferred	N/A	0	N/A	N/A
0001193125-20-150271	1	Debt Securities	N/A	0	N/A	N/A
0001493152-20-009732	1	Preferred	None	0	000000000	NONE
0001493152-20-009732	1	Common	Membership Interests	1000	000000000	NONE
0001493152-20-009732	1	Debt Securities	None	0	000000000	NONE
0001575705-20-000092	1	Debt Securities	NA	0	000000000	NA
0001575705-20-000092	1	Common	Common	83438231	18683A103	OTC
0001575705-20-000092	1	Preferred	Series A Convertible Preferred	4000000	000000000	NA
0001493152-20-009687	1	Debt Securities	Convertible and Other Notes	395000	000000000	None
0001493152-20-009687	1	Common	Common Stock, $.001 par value	379626200	65486W 10	Grey Sheets
0001493152-20-009687	1	Preferred	Series A Preferred, $.001 par	9250000	000000000	None
0001493152-20-009679	1	Preferred	Preferred Stock	0	000000000	None
0001493152-20-009679	1	Common	Common Stock	233011454	67011T102	NVOS
0001493152-20-009679	1	Debt Securities	None	0	000000000	None
0001140361-20-012215	1	Preferred		0		
0001140361-20-012215	1	Common	N/A	100	N/A	N/A
0001140361-20-012215	1	Debt Securities		0		
0001104659-20-064903	2	Common	Class B Common Stock	20000000	000000N/A	N/A
0001104659-20-064903	1	Debt Securities	Convertible Notes	30000	000000N/A	N/A
0001104659-20-064903	1	Common	Class A Common Stock	24928678	000000N/A	N/A
0001104659-20-064903	1	Preferred	Class B Warrants	590459	000000N/A	N/A
0001104659-20-064999	1	Debt Securities	None	0	000000000	None
0001104659-20-064999	1	Common	Common Shares	4475663	000000000	None
0001104659-20-064999	1	Preferred	None	0	000000000	None
0001104659-20-065001	1	Preferred	None	0	000000000	None
0001104659-20-065001	1	Debt Securities	None	0	000000000	None
0001104659-20-065001	1	Common	Common Shares	4847959	000000000	None
0001493152-20-009618	1	Preferred	None	0	000000000	NONE
0001493152-20-009618	1	Common	Membership Interests	1000	000000000	NONE
0001493152-20-009618	1	Debt Securities	None	0	000000000	NONE
0001493152-20-009586	1	Debt Securities	Convertible Notes	10914782	000000000	n/a
0001493152-20-009586	1	Preferred	Series A Conv. Preferred Stock	2552642	000000000	n/a
0001493152-20-009586	1	Common	Common Stock	184845821	92858K204	OTCQB Marketplace
0001493152-20-009586	2	Preferred	Series B Conv. Preferred Stock	1113245	000000000	n/a
0001493152-20-009586	3	Preferred	Series C Conv. Preferred Stock	821292	000000000	n/a
0001213900-20-013167	1	Preferred	Preferred Stock	0	000000000	N/A
0001213900-20-013167	2	Common	Class B Voting Common Stock	1687500	000000000	N/A
0001213900-20-013167	1	Common	Class A Voting Common Stock	1074993	000000000	N/A
0001213900-20-013167	1	Debt Securities	N/A	0	000000000	N/A
0001171520-20-000235	1	Common	Common Stock	100000000	0000000NA	N/A
0001171520-20-000235	1	Debt Securities	N/A	0	0000000NA	N/A
0001171520-20-000235	1	Preferred	N/A	0	0000000NA	N/A
0001683168-20-001689	1	Preferred	Series Seed-1 Preferred Shares	88105	000000N/A	N/A
0001683168-20-001689	1	Common	Common Shares	1129130	000000N/A	N/A
0001683168-20-001689	1	Debt Securities	Convertible Notes	2912466	000000N/A	N/A
0001748909-20-000004	1	Debt Securities		0		
0001748909-20-000004	1	Common	common	3000000	000000000	nil
0001748909-20-000004	1	Preferred	preferred	1000000	000000000	none
0001760319-20-000019	1	Debt Securities	0	0	0	0
0001760319-20-000019	1	Preferred	0	0	0	0
0001760319-20-000019	1	Common	Common Stock	19722927	0	0
0001213900-20-013047	1	Preferred	Class A Investor Shares	0	000000000	n/a
0001213900-20-013047	1	Common	Common Shares	10000	000000000	n/a
0001213900-20-013047	1	Debt Securities	None	0	000000000	n/a
0001477932-20-002933	1	Preferred	Class A Interests	0		
0001477932-20-002933	1	Common	Class B Interests	1000	None	None
0001477932-20-002933	1	Debt Securities	Debt Securities	0		
0001477932-20-002931	3	Common	Series A 2018 COP Units	240296	N/A	N/A
0001477932-20-002931	2	Common	Series B Voting Units	10000	N/A	N/A
0001477932-20-002931	1	Common	Series A 2016 Units	200000	N/A	N/A
0001477932-20-002931	1	Debt Securities	None	0		
0001477932-20-002931	1	Preferred	None	0		
0001493152-20-009382	2	Preferred	Class C Preferred	75	000000000	N/A
0001493152-20-009382	1	Debt Securities	None	0	000000000	N/A
0001493152-20-009382	1	Common	Common	1197471830	53838A104	OTC
0001493152-20-009382	1	Preferred	Class B Preferred	10000	000000000	N/A
0001640334-20-001269	1	Common	Common Shares	28295783	163599202	Canadian and Frankfurt Stock Exchange, OTC
0001640334-20-001269	1	Debt Securities	None	0	N/A	N/A
0001640334-20-001269	1	Preferred	N/A	0	N/A	N/A
0001104659-20-063364	1	Common	Common Stock	8648210	000000N/A	N/A
0001104659-20-063364	1	Debt Securities	N/A	0	000000N/A	N/A
0001104659-20-063364	1	Preferred	Preferred Stock	6947574	000000N/A	N/A
0001731122-20-000534	1	Common	Common Stock, $.001 par value	230118278	403775109	OTC Markets
0001731122-20-000534	1	Debt Securities	Debt Securities	5924051	000000000	Convertible and Other Notes payable.
0001731122-20-000534	1	Preferred	Series A Preferred Stock	100000	000000000	None
0001213900-20-012706	1	Preferred	n/a	0	000000000	n/a
0001213900-20-012706	1	Debt Securities	Convertible Notes	0	000000000	n/a
0001213900-20-012706	1	Common	common stock	9850522	000000000	n/a
0001767876-20-000015	1	Common	Series #KW	10000	000000000	N/A
0001767876-20-000015	2	Common	Series Drop 002	1000	000000000	N/A
0001767876-20-000015	3	Common	Series Drop 003	1000	000000000	N/A
0001767876-20-000015	4	Common	Series Drop 004	1000	000000000	N/A
0001767876-20-000015	5	Common	Series Drop 005	1250	000000000	N/A
0001767876-20-000015	6	Common	Series Drop 008	1000	000000000	N/A
0001767876-20-000015	7	Common	Series Drop 009	1	000000000	N/A
0001767876-20-000015	8	Common	Series Drop 010	1000	000000000	N/A
0001767876-20-000015	9	Common	Series Gallery Drop 011	1	000000000	N/A
0001767876-20-000015	10	Common	Series Gallery Drop 012	1	000000000	N/A
0001767876-20-000015	1	Preferred	N/A	0	000000000	N/A
0001767876-20-000015	1	Debt Securities	N/A	0	000000000	N/A
0001493152-20-008860	1	Preferred	None	0	000000000	NONE
0001493152-20-008860	1	Common	Membership Interests	1000	000000000	NONE
0001493152-20-008860	1	Debt Securities	None	0	000000000	NONE
0001213900-20-012189	1	Common	Common	100000000	428371108	OTCPinksheets
0001213900-20-012189	1	Debt Securities	None	0	000000000	No
0001213900-20-012189	1	Preferred	Series A Preferred	0	000000000	None
0001213900-20-012117	1	Debt Securities	Corporate Notes	6200688	000000000	None
0001213900-20-012117	1	Preferred	None	0	000000000	None
0001213900-20-012117	1	Common	Class A Common	16413548	000000000	None
0001477932-20-002629	1	Preferred		0		
0001477932-20-002629	1	Debt Securities		0		
0001477932-20-002629	1	Common	Common	100	None	None
0001664038-20-000016	1	Preferred	Series A	1000000	000000000	None
0001664038-20-000016	1	Debt Securities	None	0	000000000	None
0001664038-20-000016	1	Common	Common	1023521895	45338P102	OTC Pink Market Tier
0001104659-20-060692	1	Preferred	Series Seed	568796	000000N/A	N/A
0001104659-20-060692	1	Common	Common Stock	1732585	000000N/A	N/A
0001104659-20-060692	1	Debt Securities	Convertible Notes	3238464	000000N/A	N/A
0001477932-20-002602	1	Preferred		0		
0001477932-20-002602	1	Debt Securities		0		
0001477932-20-002602	1	Common	Common Stock	5000000	None	None
0001213900-20-011960	1	Debt Securities	-	0	000000000	-
0001213900-20-011960	1	Preferred	Common Shares	10000	000000000	-
0001213900-20-011960	1	Common	Investor Shares	392713	000000000	-
0001104659-20-060415	1	Common	COMMON	150100000	25386D102	OTC
0001104659-20-060415	1	Preferred	N/A	0	000000000	N/A
0001104659-20-060415	1	Debt Securities	N/A	0	000000000	N/A
0001350455-20-000004	1	Debt Securities	None	0		
0001350455-20-000004	1	Common	None: Class B sold After Offer	0		
0001350455-20-000004	1	Preferred	None	0		
0001493152-20-008401	1	Common	Membership Interests	1000	000000000	NONE
0001493152-20-008401	1	Preferred	None	0	000000000	NONE
0001493152-20-008401	1	Debt Securities	None	0	000000000	NONE
0001683168-20-001513	1	Preferred	Series A	100000	0000000na	n/a
0001683168-20-001513	2	Preferred	Series B	200	0000000na	n/a
0001683168-20-001513	1	Debt Securities	none	0	0000000na	na
0001683168-20-001513	1	Common	Common	431424670	0000000na	OTC
0001213900-20-011738	2	Common	Multiple Voting Shares	18000000	000000000	N/A
0001213900-20-011738	1	Common	Common Shares	36310200	000000000	N/A
0001213900-20-011738	1	Debt Securities	N/A	0	000000000	0
0001213900-20-011738	1	Preferred	N/A	0	000000000	0
0001104659-20-059757	1	Common	Common Shares	8987573	000000000	N/A
0001104659-20-059757	1	Debt Securities	N/A	0	000000000	N/A
0001104659-20-059757	1	Preferred	N/A	0	000000000	N/A
0001213900-20-011711	1	Common	Common	139189499	000000000	N/A
0001213900-20-011711	1	Debt Securities	Debt Payable by Assets	837034	000000000	N/A
0001213900-20-011711	1	Preferred	None	0	000000000	N/A
0001493152-20-008255	1	Preferred	Class B Preferred	10000	000000000	N/A
0001493152-20-008255	2	Preferred	Class C Preferred	75	000000000	N/A
0001493152-20-008255	1	Common	Common	1197471830	53838A104	OTC
0001493152-20-008255	1	Debt Securities	None	0	000000000	N/A
0001722969-20-000007	1	Common	Class A Common Stock	4871129	0	N/A
0001722969-20-000007	1	Preferred		0		
0001722969-20-000007	2	Common	Class D Common Stock	12225048	0	N/A
0001722969-20-000007	1	Debt Securities		0		
0001493152-20-008125	1	Preferred	None	0	000000000	NONE
0001493152-20-008125	1	Debt Securities	None	0	000000000	NONE
0001493152-20-008125	1	Common	Membership Interests	1000	000000000	NONE
0001104659-20-058926	1	Preferred	N/A	0	000000000	N/A
0001104659-20-058926	1	Debt Securities	N/A	0	000000000	N/A
0001104659-20-058926	1	Common	Common Shares	3782911	000000000	N/A
0001104659-20-058928	1	Preferred	N/A	0	000000000	N/A
0001104659-20-058928	1	Common	Common Shares	2443118	000000000	N/A
0001104659-20-058928	1	Debt Securities	N/A	0	000000000	N/A
0001104659-20-058955	1	Debt Securities	N/A	0	000000000	N/A
0001104659-20-058955	1	Preferred	N/A	0	000000000	N/A
0001104659-20-058955	1	Common	Common Shares	13448377	000000000	N/A
0001663577-20-000122	1	Debt Securities	N/A	0	000000000	N/A
0001663577-20-000122	1	Preferred	N/A	0	000000000	N/A
0001663577-20-000122	1	Common	Common Stock	90344700	53222D201	OTCPink
0001722969-20-000006	1	Preferred		0		
0001722969-20-000006	1	Common	Class A Common Stock	4871129	0	N/A
0001722969-20-000006	1	Debt Securities		0		
0001722969-20-000006	2	Common	Class D Common Stock	12225048	0	N/A
0001104659-20-058478	1	Preferred	N/A	0	000000N/A	N/A
0001104659-20-058478	1	Debt Securities	N/A	0	000000N/A	N/A
0001104659-20-058478	1	Common	N/A	0	000000N/A	N/A
0001350455-20-000003	1	Debt Securities	None	0		
0001350455-20-000003	1	Preferred	None	0		
0001350455-20-000003	1	Common	None: Class B sold After Offer	0		
0001445866-20-000557	1	Common	Common Shares	14191546	0	None
0001445866-20-000557	1	Debt Securities	CrowdSafe	1377500	0	none
0001445866-20-000557	1	Preferred	Series A	618808	0	none
0001663577-20-000117	1	Preferred	Preferred Stock	8000000	13767H108	OTC Pink
0001663577-20-000117	1	Debt Securities	None	0	000000000	None
0001663577-20-000117	1	Common	Common Stock	100099277	13767H108	OTC Pink
0001171520-20-000206	1	Common	Common Stock	11150000	000000000	None
0001171520-20-000206	1	Debt Securities	None	0	000000000	None
0001171520-20-000206	1	Preferred	None	0	000000000	None
0001594062-20-000036	1	Preferred	N/A	0	N/A	N/A
0001594062-20-000036	1	Common	Common	129294334	N/A	N/A
0001594062-20-000036	1	Debt Securities	N/A	0	N/A	N/A
0001350455-20-000002	1	Debt Securities	None	0		
0001350455-20-000002	1	Preferred	None	0		
0001350455-20-000002	1	Common	None: Class B sold After Offer	0		
0001731122-20-000438	1	Preferred	Series A Preferred Stock	100000	000000000	None
0001731122-20-000438	1	Debt Securities	Debt Securities	5924051	000000000	Convertible and Other Notes payable.
0001731122-20-000438	1	Common	Common Stock, $.001 par value	86695638	403775109	OTC Markets
0001104659-20-056081	1	Debt Securities	N/A	0	000000000	N/A
0001104659-20-056081	1	Common	Common Stock	100000000	000000000	N/A
0001104659-20-056081	1	Preferred	Non Voting Pref Series A	110058576	45113R208	OTC RWRDP
0001722969-20-000004	2	Common	Class D Common Stock	12225048	0	N/A
0001722969-20-000004	1	Common	Class A Common Stock	4871129	0	N/A
0001722969-20-000004	1	Debt Securities		0		
0001722969-20-000004	1	Preferred		0		
0001062993-20-002097	1	Common	Common Shares	40049997	N/A	N/A
0001062993-20-002097	1	Debt Securities		0		
0001062993-20-002097	1	Preferred		0		
0001760319-20-000016	1	Preferred	0	0	0	
0001760319-20-000016	1	Debt Securities	0	0	0	0
0001760319-20-000016	1	Common	Common Stock	19722927	0	0
0001766280-20-000005	1	Preferred	Class A Membership Interests	160	None	None
0001766280-20-000005	1	Common	Class B Membership Interests	160	None	None
0001766280-20-000005	1	Debt Securities		0		
0001104659-20-055027	1	Preferred	Preferred Stock	6947574	000000N/A	N/A
0001104659-20-055027	1	Common	Common Stock	8648210	000000N/A	N/A
0001104659-20-055027	1	Debt Securities	N/A	0	000000N/A	N/A
0001104659-20-054693	1	Preferred	None	0	000000000	None
0001104659-20-054693	1	Debt Securities	None	0	000000000	None
0001104659-20-054693	1	Common	Common Shares	500	000000000	None
0001575705-20-000063	1	Common	Common	83438231	18683A103	OTC - Pink Current
0001575705-20-000063	1	Debt Securities	NA	0	000000000	NA
0001575705-20-000063	1	Preferred	Series A Convertible Preferred	4000000	000000000	NA
0001683168-20-001361	1	Common	See Part II for full listing	35586	000000N/A	N/A
0001683168-20-001361	1	Preferred	none	0	000000N/A	N/A
0001683168-20-001361	1	Debt Securities	none	0	000000N/A	N/A
0001104659-20-054561	1	Common	Common Stock (Class A)	1924996	000000000	N/A
0001104659-20-054561	1	Preferred	Series A Preferred	130240	000000000	N/A
0001104659-20-054561	1	Debt Securities	SAFEs & Convertible Notes	3066953	000000000	N/A
0001104659-20-054283	1	Debt Securities	SAFEs & Convertible Notes	3066953	000000000	N/A
0001104659-20-054283	1	Preferred	Series A Preferred	130240	000000000	N/A
0001104659-20-054283	1	Common	Common Stock (Class A)	1924996	000000000	N/A
0001213900-20-010594	1	Debt Securities	n/a	0	000000n/a	n/a
0001213900-20-010594	2	Preferred	Series B Cumulative Redeemable	502362	56469P308	n/a
0001213900-20-010594	1	Preferred	Series A Cumulative Convertibl	1890000	000000n/a	n/a
0001213900-20-010594	1	Common	Common Stock	12341980	56469P209	OTC Pink Market
0001493152-20-007407	1	Common	Common Stock	184845821	92858K204	OTCQB Marketplace
0001493152-20-007407	1	Preferred	Series A Conv. Preferred Stock	2552642	000000000	n/a
0001493152-20-007407	2	Preferred	Series B Conv. Preferred Stock	1113245	000000000	n/a
0001493152-20-007407	3	Preferred	Series C Conv. Preferred Stock	821292	000000000	n/a
0001493152-20-007407	1	Debt Securities	Convertible Notes	10914782	000000000	n/a
0001688804-20-000003	10	Common	#98DV1	2000	0	None
0001688804-20-000003	1	Preferred		0		
0001688804-20-000003	9	Common	Series #83FB1	5000	0	None
0001688804-20-000003	8	Common	Series #89PS1	2000	0	None
0001688804-20-000003	7	Common	Series #90FM1	2000	0	None
0001688804-20-000003	1	Common	Series #77LE1	2000	0	None
0001688804-20-000003	5	Common	Series #55PS1	2000	0	None
0001688804-20-000003	6	Common	Series #95BL1	2000	0	None
0001688804-20-000003	2	Common	Series #69BM1	2000	0	None
0001688804-20-000003	3	Common	Series #85FT1	2000	0	None
0001688804-20-000003	4	Common	Series #88LJ1	2000	0	None
0001688804-20-000003	1	Debt Securities		0		
0001477932-20-002295	1	Common	Series A 2016 Units	200000	N/A	N/A
0001477932-20-002295	1	Debt Securities	None	0		
0001477932-20-002295	2	Common	Series B Voting Units	10000	N/A	N/A
0001477932-20-002295	3	Common	Series A 2018 COP Units	240296	N/A	N/A
0001477932-20-002295	1	Preferred	None	0		
0001493152-20-007309	1	Debt Securities	None	0	000000000	N/A
0001493152-20-007309	2	Preferred	Class C Preferred	75	000000000	N/A
0001493152-20-007309	1	Preferred	Class B Preferred	10000	000000000	N/A
0001493152-20-007309	1	Common	Common	1197471830	53838A104	OTC
0001683168-20-001302	1	Debt Securities	N/A	0	000000n/a	n/a
0001683168-20-001302	1	Preferred	N/A	0	000000n/a	n/a
0001683168-20-001302	1	Common	Common Stock	47814974	000000N/A	N/A
0001078782-20-000287	1	Debt Securities	None	0		
0001078782-20-000287	1	Preferred	None	0		
0001078782-20-000287	1	Common	Common Stock	16035000	NONE	NONE
0001683168-20-001291	1	Debt Securities	none	0	0000000na	na
0001683168-20-001291	1	Preferred	Series A	100000	0000000na	n/a
0001683168-20-001291	1	Common	Common	431424670	0000000na	OTC
0001683168-20-001291	2	Preferred	Series B	200	0000000na	n/a
0001213900-20-010079	1	Debt Securities	Convertible Notes	0	000000000	n/a
0001213900-20-010079	1	Common	common stock	9850522	000000000	n/a
0001213900-20-010079	1	Preferred	n/a	0	000000000	n/a
0001663577-20-000104	1	Debt Securities	N/A	0	000000000	N/A
0001663577-20-000104	1	Preferred	N/A	0	000000000	N/A
0001663577-20-000104	1	Common	Common Stock	90344700	53222D201	OTCPink
0001477932-20-002174	1	Preferred		0		
0001477932-20-002174	1	Debt Securities		0		
0001477932-20-002174	1	Common	Common Stock	23589000	08888P104	None
0001493152-20-007077	1	Common	Membership Interests	1000	000000000	NONE
0001493152-20-007077	1	Debt Securities	None	0	000000000	NONE
0001493152-20-007077	1	Preferred	None	0	000000000	NONE
0001664038-20-000011	1	Preferred	Series A	1000000	000000000	None
0001664038-20-000011	1	Common	Common	1023521895	45338P102	OTC Pink Market Tier
0001664038-20-000011	1	Debt Securities	None	0	000000000	None
0001493152-20-007030	1	Common	Subordinate Voting	20454523	000000000	N/A
0001493152-20-007030	1	Debt Securities	N/A	0	000000000	N/A
0001493152-20-007030	1	Preferred	Multiple Voting	149998	000000000	N/A
0001748909-20-000002	1	Common	common	3000000	000000000	nil
0001748909-20-000002	1	Debt Securities		0		
0001748909-20-000002	1	Preferred	preferred	1000000	000000000	none
0001213900-20-009859	1	Preferred	Common Shares	10000	000000000	-
0001213900-20-009859	1	Debt Securities	-	0	000000000	-
0001213900-20-009859	1	Common	Investor Shares	390711	000000000	-
0001553350-20-000352	1	Preferred	N/A	0	000000N/A	N/A
0001553350-20-000352	1	Debt Securities	Convertible Notes	508500	000000N/A	N/A
0001553350-20-000352	1	Common	Common Shares	93462483	29880V105	OTC
0001771443-20-000001	1	Preferred		0		
0001771443-20-000001	1	Common	Common Stock	16000000	N/A	N/A
0001771443-20-000001	1	Debt Securities	N/A	0	N/A	N/A
0001768126-20-000009	2	Common	Series #71MAYS	2000	0	None
0001768126-20-000009	3	Common	Series #RLEXPEPSI	2000	0	None
0001768126-20-000009	4	Common	Series #10COBB	1000	0	None
0001768126-20-000009	5	Common	Series #POTTER	3000	0	None
0001768126-20-000009	6	Common	Series #TWOCITIES	200	0	None
0001768126-20-000009	1	Common	Series #52MANTLE	1000	0	None
0001768126-20-000009	8	Common	Series #BIRKINBLEU	1000	0	None
0001768126-20-000009	9	Common	Series #SMURF	2000	0	None
0001768126-20-000009	10	Common	Series #70RLEX	1000	0	None
0001768126-20-000009	1	Preferred		0		
0001768126-20-000009	1	Debt Securities		0		
0001768126-20-000009	7	Common	Series #FROST	200	0	None
0001193125-20-113682	1	Debt Securities	N/A	0	N/A	N/A
0001193125-20-113682	1	Preferred	N/A	0	N/A	N/A
0001193125-20-113682	1	Common	Common Stock	1665667	18051R100	OTC Pink Marketplace
0001213900-20-009624	1	Preferred	0	0	000000000	n/a
0001213900-20-009624	1	Common	0	0	000000000	n/a
0001213900-20-009624	1	Debt Securities	0	0	000000000	n/a
0001766280-20-000003	1	Common	Class B Membership Interests	160	None	None
0001766280-20-000003	1	Debt Securities		0		
0001766280-20-000003	1	Preferred	Class A Membership Interests	160	None	None
0001477932-20-002055	1	Preferred		0		
0001477932-20-002055	1	Debt Securities		0		
0001477932-20-002055	1	Common	Common Stock	5000000	None	None
0001493152-20-006617	1	Common	Membership Interests	1000	000000000	NONE
0001493152-20-006617	1	Debt Securities	None	0	000000000	NONE
0001493152-20-006617	1	Preferred	None	0	000000000	NONE
0001104659-20-048054	1	Preferred	Series A Preferred	130240	000000000	N/A
0001104659-20-048054	1	Debt Securities	SAFEs & Convertible Notes	3066953	000000000	N/A
0001104659-20-048054	1	Common	Common Stock (Class A)	1924996	000000000	N/A
0001104659-20-048004	1	Debt Securities	Convertible Notes	1390511	000000N/A	N/A
0001104659-20-048004	3	Preferred	Series B Preferred Stock	2574865	000000N/A	N/A
0001104659-20-048004	4	Preferred	Series C Preferred Stock	0	000000N/A	N/A
0001104659-20-048004	1	Common	Common Stock	9547120	000000N/A	N/A
0001104659-20-048004	1	Preferred	Initial Preferred Stock	150000	000000N/A	N/A
0001104659-20-048004	2	Preferred	Series A Preferred Stock	576190	000000N/A	N/A
0001683168-20-001212	2	Preferred	Series B Convertible Preferred	600000	000000000	n/a
0001683168-20-001212	3	Preferred	Series C Convertible Preferred	760000	000000000	n/a
0001683168-20-001212	1	Debt Securities	n/a	0	000000000	n/a
0001683168-20-001212	1	Preferred	Series A Convertible Preferred	53000	000000000	n/a
0001683168-20-001212	1	Common	Common stock	26100665	00000GSFI	OTC Markets
0001683168-20-001211	1	Preferred	Convertible Preferred Stock	3	0000000na	None
0001683168-20-001211	1	Debt Securities	None	0	0000000na	None
0001683168-20-001211	1	Common	Common Stock	18010196	0000000na	None
0001477932-20-002000	1	Common	Class B interests	1000	None	None
0001477932-20-002000	1	Debt Securities	Debt Securities	0		
0001477932-20-002000	1	Preferred	Class A Interests	28	None	None
0001683168-20-001195	2	Preferred	Series B Convertible Preferred	600000	000000000	n/a
0001683168-20-001195	1	Preferred	Series A Convertible Preferred	53000	000000000	n/a
0001683168-20-001195	1	Debt Securities	n/a	0	000000000	n/a
0001683168-20-001195	3	Preferred	Series C Convertible Preferred	760000	000000000	n/a
0001683168-20-001195	1	Common	Common stock	26100665	00000GSFI	OTC Markets
0001445866-20-000395	1	Common	COMMON	90535416	51509W108	OTC Pinksheets
0001445866-20-000395	1	Debt Securities		0		
0001445866-20-000395	1	Preferred	Preferred A	5000000	51509W108	NONE
0001445866-20-000390	1	Common	Common Shares	15408024	0	None
0001445866-20-000390	1	Debt Securities	CrowdSafe	1377500	0	none
0001445866-20-000390	1	Preferred	Series A	618808	0	none
0001709247-20-000004	1	Preferred		0		
0001709247-20-000004	1	Debt Securities		0		
0001709247-20-000004	1	Common	Common	252661500	0	0
0001213900-20-009062	1	Common	Common	99610855	85235N107	OTC Markets: SSTT
0001213900-20-009062	1	Debt Securities	None	0	000000000	None
0001213900-20-009062	1	Preferred	None	0	000000000	None
0001076310-20-000004	1	Common	common/voting	0		
0001076310-20-000004	1	Debt Securities		0		
0001076310-20-000004	1	Preferred		0		
0001683168-20-001148	3	Preferred	Series C Convertible Preferred	760000	000000000	n/a
0001683168-20-001148	2	Preferred	Series B Convertible Preferred	600000	000000000	n/a
0001683168-20-001148	1	Preferred	Series A Convertible Preferred	53000	000000000	n/a
0001683168-20-001148	1	Debt Securities	n/a	0	000000000	n/a
0001683168-20-001148	1	Common	Common stock	26100665	00000GSFI	OTC Markets
0001683168-20-001145	2	Common	Common Stock Class B	2980888	0000000na	none
0001683168-20-001145	1	Common	Common Stock Class A	0	0000000na	none
0001683168-20-001145	2	Debt Securities	Convertible Promissory Notes	2585712	0000000na	none
0001683168-20-001145	1	Preferred	none	0	0000000na	none
0001683168-20-001145	1	Debt Securities	SAFEs	712675	0000000na	none
0001445866-20-000364	1	Common	COMMON	90535416	51509W108	OTC Pinksheets
0001445866-20-000364	1	Debt Securities		0		
0001445866-20-000364	1	Preferred	Preferred A	5000000	51509W108	NONE
0001766280-20-000001	1	Debt Securities		0		
0001766280-20-000001	1	Common	Class B Membership Interests	160	None	None
0001766280-20-000001	1	Preferred	Class A Membership Interests	160	None	None
0001493152-20-006079	1	Common	Common Stock, $.001 par value	8044233	09076H102	OTC Markets
0001493152-20-006079	1	Preferred	None	0	000000000	None
0001493152-20-006079	1	Debt Securities	Debt Securities	35000	000000000	Convertible Note Payable
0001640334-20-000752	1	Preferred	N/A	0	N/A	N/A
0001640334-20-000752	1	Debt Securities	N/A	0	N/A	N/A
0001640334-20-000752	1	Common	Common Shares	37218925	N/A	N/A
0001104659-20-044694	1	Common	Common Stock (Class A)	1924996	000000000	N/A
0001104659-20-044694	1	Debt Securities	SAFEs & Convertible Notes	3066953	000000000	N/A
0001104659-20-044694	1	Preferred	Series A Preferred	130240	000000000	N/A
0001437749-20-007314	1	Common	Series A1	50	N/A	None
0001437749-20-007314	1	Debt Securities	None	0	N/A	None
0001437749-20-007314	1	Preferred	None	0	N/A	None
0001683168-20-001126	1	Common	See Part II for full listing	35586	000000N/A	N/A
0001683168-20-001126	1	Preferred	none	0	000000N/A	N/A
0001683168-20-001126	1	Debt Securities	none	0	000000N/A	N/A
0001437749-20-007246	1	Debt Securities	None	0	N/A	None
0001437749-20-007246	1	Preferred	None	0	N/A	None
0001437749-20-007246	1	Common	Series A1	50	N/A	None
0001731122-20-000349	1	Preferred	N/A	0	000000000	N/A
0001731122-20-000349	1	Debt Securities	N/A	0	000000000	N/A
0001731122-20-000349	1	Common	Membership Interests	49375	000000000	N/A
0001477932-20-001838	1	Common	Interests in a Series LLC	2000	None	None
0001477932-20-001838	1	Debt Securities		0		
0001477932-20-001838	1	Preferred		0		
0001171520-20-000172	1	Debt Securities	N/A	0	0000000NA	N/A
0001171520-20-000172	1	Common	Common Stock	100000000	0000000NA	N/A
0001171520-20-000172	1	Preferred	N/A	0	0000000NA	N/A
0001493152-20-005915	1	Common	Membership Interests	1000	000000000	NONE
0001493152-20-005915	1	Debt Securities	None	0	000000000	NONE
0001493152-20-005915	1	Preferred	None	0	000000000	NONE
0001104659-20-043251	1	Preferred	Series A Preferred	130240	000000000	N/A
0001104659-20-043251	1	Debt Securities	SAFEs & Convertible Notes	3066953	000000000	N/A
0001104659-20-043251	1	Common	Common Stock (Class A)	1924996	000000000	N/A
0001104659-20-043243	1	Debt Securities	Convertible Notes	3238464	000000N/A	N/A
0001104659-20-043243	1	Preferred	Series Seed	568796	000000N/A	N/A
0001104659-20-043243	1	Common	Common Stock	1732585	000000N/A	N/A
0001493152-20-005704	1	Common	Common Stock, $.001 par value	101153756	070490206	CSE
0001493152-20-005704	1	Debt Securities	Debt Securities	961251	000000000	Convertible and Other Notes payable.
0001493152-20-005704	1	Preferred	None.	0	000000000	None.
0001493152-20-005665	1	Debt Securities	None	0	000000000	None
0001493152-20-005665	1	Common	Common Stock	233011454	67011T102	NVOS
0001493152-20-005665	1	Preferred	Preferred Stock	0	000000000	None
0001493152-20-005638	1	Preferred	None	0	000000000	NONE
0001493152-20-005638	1	Debt Securities	None	0	000000000	NONE
0001493152-20-005638	1	Common	Membership Interests	1000	000000000	NONE
0001768126-20-000004	1	Debt Securities		0		
0001768126-20-000004	1	Common	Series #52MANTLE	1000	0	None
0001768126-20-000004	2	Common	Series #71MAYS	2000	0	None
0001768126-20-000004	3	Common	Series #RLEXPEPSI	2000	0	None
0001768126-20-000004	4	Common	Series #10COBB	1000	0	None
0001768126-20-000004	1	Preferred		0		
0001768126-20-000004	6	Common	Series #TWOCITIES	200	0	None
0001768126-20-000004	7	Common	Series #FROST	200	0	None
0001768126-20-000004	8	Common	Series #BIRKINBLEU	1000	0	None
0001768126-20-000004	9	Common	Series #SMURF	2000	0	None
0001768126-20-000004	10	Common	Series #70RLEX	1000	0	None
0001768126-20-000004	5	Common	Series #POTTER	3000	0	None
