ACCESSION_NUMBER	INDICATETIER1TIER2OFFERING	FINANCIALSTATEMENTAUDITSTATUS	OFFERDELAYEDCONTINUOUSFLAG	OFFERINGYEARFLAG	OFFERINGAFTERQUALIFFLAG	OFFERINGBESTEFFORTSFLAG	SOLICITATIONPROPOSEDOFFERFLAG	RESALESECURITIESAFFILIATESFLAG	SECURITIESOFFERED	OUTSTANDINGSECURITIES	PRICEPERSECURITY	ISSUERAGGREGATEOFFERING	SECURITYHOLDERAGGEGATE	QUALIFICATIONOFFERINGAGGREGATE	CONCURRENTOFFERINGAGGREGATE	TOTALAGGREGATEOFFERING	UNDERWRITERSERVICEPROVIDERNAME	UNDERWRITERSFEES	SALECOMMISSIONSSVCPROVIDERNAME	SALECOMMISSIONSSVCEROVIDERFEE	FINDERSFEESSERVICEPROVIDERNAME	FINDERFEESFEE	AUDITORSERVICEPROVIDERNAME	AUDITORFEES	LEGALSERVICEPROVIDERNAME	LEGALFEES	PROMOTERSSERVICEPROVIDERNAME	PROMOTERSFEES	BLUESKYSERVICEPROVIDERNAME	BLUESKYFEES	BROKERDEALERCRDNUMBER	ESTIMATEDNETAMOUNT	CLARIFICATIONRESPONSES
0001477932-20-003698	Tier2	Audited	N	N	N	Y	N	N	6000	2000		308000.0	0.0	90000.0	0.0	398000.0		0.0		0.0		0.0	IndigoSpire	15000.0	Trowbridge Sidoti	50000.0		0.0		0.0		0.0	
0001477932-20-003675	Tier2	Audited	N	N	N	Y	N	N	11400000	5000000	2.5	47025000.0	0.0	0.0	0.0	47025000.0		0.0	Dalmore Group, LLC	498750.0		0.0	Alan T. Schiffman, CPA, PC	5000.0	Trowbridge Sidoti	50000.0		0.0		0.0		46555000.0	
0001683168-20-002099	Tier1	Unaudited	Y	N	Y	Y	N	N	100000000	62014392	0.1	10000000.0	0.0	0.0	0.0	10000000.0									Donnell E. Suares	40000.0			Various States	2500.0		9900000.0	
0001445866-20-000905	Tier2	Audited	N	Y	N	Y	N	N	1605996		4.67	7499996.65	0.0	0.0	0.0	7499996.65							dbbMcKennon	15000.0	Alliance Legal Partners, Inc.	50000.0						7292872.0	
0001104659-20-077307	Tier2	Audited	Y	N	N	Y	N	N	4114750	0	10.0	4114750.0	0.0	6000000.0	2965190.0	13079940.0									Manatt, Phelps & Phillips, LLP	1000.0							"The response to ""Number of securities offered"" above represents the aggregate principal amount of LROs being offered by the issuer."
0001171520-20-000274	Tier2	Audited	Y	N	N	Y	N	N	50000000	100000000	0.1	5000000.0	0.0	0.0	0.0	5000000.0																5000000.0	
0001477932-20-003566	Tier2	Audited	N	N	N	Y	N	N	7000000	1769864	1.5	10500000.0	0.0	0.0	0.0	10500000.0		0.0	Vanderbilt Securities, LLC	630000.0		0.0	dbbmckennon	20000.0	Befumo & Schaeffer PLLC	20000.0		0.0		0.0		9870000.0	
0001214659-20-005899	Tier2	Audited	Y	Y	N	Y	N	N	3033981	17151882	8.24	25000000.0	0.0	0.0	0.0	25000000.0			JumpStart Broker/Dealer	5000000.0											156214	23750000.0	
0001520138-20-000281	Tier2	Audited	Y	N	Y	Y	N	N	11998800	1524999511	0.5	6000000.0	0.0	0.0	0.0	6000000.0	None	0.0	None	0.0	None	0.0	L&L CPAs, PA	1000.0	Eilers Law Group, P.A.	12500.0	None	0.0	Eilers Law Group, P.A.	10000.0		5976500.0	
0001493152-20-011803	Tier2	Audited	Y	Y	N	Y	Y	N	250000	0	20.0	5000000.0	0.0	0.0	0.0	5000000.0	SDDCO Brokerage Advisors LLC	64786.0	SDDCO Brokerage Advisors LLC	150000.0	N/A	0.0	N/A	0.0	Anthony L.G., PLLC	5000.0	N/A	0.0	N/A	5000.0	153563	5000000.0	Estimated Net Proceeds Calculation (above) of $5,000,000 does not include any offering fees as all fees in connection with the offering are to be paid by Masterworks Administrative Services, LLC.
0001553350-20-000553	Tier2	Audited	N	N	N	Y	N	N	20000000	93462483	1.0	20000000.0	0.0	0.0	0.0	20000000.0			Outsourced services	100000.0	Outsourced services	50000.0	MaloneBailey LLP	50000.0	di Santo Law PLLC	50000.0						18850000.0	
0001493152-20-011782	Tier2	Audited	Y	N	Y	Y	N	N	100000000	105420423	0.01	1000000.0	0.0	0.0	0.0	1000000.0									Andrew Coldicutt, Esq	18000.0			Various States	3000.0			
0001104659-20-076528	Tier2	Audited	Y	Y	N	Y	N	N	2226375	13472176	10.0	22263753.0	0.0	27736247.0	0.0	50000000.0							RSM US LLP	5000.0	Goodwin Procter LLP	40000.0						22218753.0	Minus expenses
0001493152-20-011742	Tier2	Audited	Y	Y	N	Y	Y	N	82500	0	20.0	1650000.0	0.0	0.0	0.0	1650000.0	SDDCO Brokerage Advisors LLC	24621.0	SDDCO Brokerage Advisors LLC	49500.0	N/A	0.0	N/A	0.0	Anthony L.G., PLLC	5000.0	N/A	0.0	N/A	5000.0	153563	1650000.0	Estimated Net Proceeds Calculation (above) of $1,650,000 does not include any offering fees as all fees in connection with the offering are to be paid by Masterworks Administrative Services, LLC.
0001493152-20-011741	Tier2	Audited	Y	Y	N	Y	Y	N	250000	0	20.0	5000000.0	0.0	0.0	0.0	5000000.0	SDDCO Brokerage Advisors LLC	64786.0	SDDCO Brokerage Advisors LLC	150000.0	N/A	0.0	N/A	0.0	Anthony L.G., PLLC	5000.0	N/A	0.0	N/A	5000.0	153563	5000000.0	Estimated Net Proceeds Calculation (above) of $5,000,000 does not include any offering fees as all fees in connection with the offering are to be paid by Masterworks Administrative Services, LLC.
0001654954-20-006927	Tier2	Audited	N	N	N	Y	N	N	7462686	3313335	6.7	6.7	0.0	0.0	0.0	6.7	N/A	0.0	N/A	0.0	N/A	0.0	Tanner LLC	0.0	Kaplan Voekler Cunningham and Frank, PLC	30000.0	N/A	0.0	Kaplan Voekler Cunningham and Frank, PLC	20500.0	000000000	49675000.0	Estimated net proceeds to issuer if the Maximum Offering Amount is raised
0001213900-20-015716	Tier2	Audited	Y	Y	N	Y	Y	N	25000000	36310200	2.0	50000000.0	0.0	0.0	0.0	50000000.0	Dalmore Group LLC	525000.0					GCSE LLP	17500.0	CrowdCheck Law LLP	40000.0					136352	49417500.0	GCSE LLP fee expressed in Canadian Dollars
0001493152-20-011694	Tier1	Audited	Y	Y	N	N	N	N	600000	8586100	14.73	8838000.0	0.0	5249398.0	0.0	14087398.0							Eide Bailly LLP	12000.0	Felhaber Larson	30000.0			Various States	500.0	0	0.0	
0001683168-20-002049	Tier1	Unaudited	Y	N	Y	Y	N	N	300000000	18010196	0.001	3000000.0	0.0	0.0	0.0	3000000.0									Donnell E. Suares, Esq.	35000.0			Various States	2500.0		2940000.0	
0001683168-20-002046	Tier2	Audited	Y	Y	N	Y	Y	Y	638888	1129130	45.0	21249978.75	3749996.25	0.0	0.0	24999975.0	StartEngine Primary	900000.0					Bennett & Company, PC	11000.0	CrowdCheck Law LLP	50000.0					291773	19006229.49	Company assumes additional $539,000 in potential expenses to support this offering (including state fees, edgarization, escrow, FINRA fee, and stock transfer agent).
0001213900-20-015601	Tier2	Audited	Y	Y	N	Y	Y	Y	180000000	280391592	0.1369	35000000.0	15000000.0	0.0	0.0	50000000.0							Rosen Kuslansky, CPA, PC	260000.0	Ellenoff Grossman & Schole LLP, Wilson Sonsini Goodrich & Rosati, PC	2085000.0							
0001104659-20-075778	Tier2	Audited	Y	Y	N	Y	N	N	6000000	12209267	5.0	30000000.0	0.0	0.0	0.0	30000000.0							dbbmckennon	2000.0	CrowdCheck Law LLP	25000.0					166401	27700000.0	
0001477932-20-003494	Tier2	Audited	N	N	N	Y	N	N	50000	0	1000.0	50000000.0	0.0	0.0	0.0	50000000.0		0.0		0.0		0.0	Spiegel Accountancy Corp.	0.0	Crowdfunding Lawyers LLP	50000.0		0.0		0.0		50000000.0	
0001350455-20-000007	Tier2	Audited	Y	N	N	Y	N	N	1000000	1000000	50.0	50000000.0	0.0	0.0	0.0	50000000.0		0.0		0.0		0.0	BF Borgers CPA PC -- Certified Public Accountants	6795.0	Lerman Law Associates, PC	5500.0		0.0		0.0		50000000.0	Michael Gilmore will issue 1,000,000 Class A Interests of which none have been sold, which leaves 1,000,000 outstanding for sell to the general public once qualified. Class B Interests will be sold After Offering. Issuer Gilmore is still seeking auditors.
0001078782-20-000462	Tier2	Audited	Y	N	Y	Y	N	N	7000000	16035000	1.5	10500000.0	0.0	0.0	0.0	10500000.0							BF Borgers CPA	6000.0	Frank J Hariton	1000.0						10493000.0	
0001683168-20-002018	Tier2	Audited	Y	Y	N	Y	N	N	85714284	0	1.0	50000000.0	0.0	0.0	0.0	50000000.0			Dalmore Group, LLC	500000.0			IndogoSpire CPA Group, LLC	13500.0	CrowdCheck Law, LLP / Wilson Sonsini Goodrich & Rosati	80000.0					136352	49379000.0	The Company estimates additional expenses comprised of a one-time advance expense allowance of $5,000 and a $22,500 consulting fee payable to Dalmore Group, LLC
0001213900-20-015395	Tier2	Audited	Y	N	N	Y	N	N	29999000	100000000	0.2	5000000.0	999800.0	0.0	0.0	5999800.0							MICHAEL GILLESPIE & ASSOCIATES, PLLC	7750.0	McMurdo Law Group, LLC	10000.0						5000000.0	
0001104659-20-075417	Tier2	Audited	Y	N	N	Y	N	N	1583030	0	10.0	1583030.0	0.0	6000000.0	2956190.0	10539220.0									Manatt, Phelps & Phillips, LLP	1000.0							"The response to ""Number of securities offered"" above represents the aggregate principal amount of LROs being offered by the issuer."
0001104659-20-075382	Tier2	Audited	N	N	Y	Y	N	N	12500000	0	4.0	50000000.0	0.0	0.0	0.0	50000000.0	N/A	0.0	SI Securities, LLC	2750000.0	N/A	0.0	Marcum LLP	2200000.0	Manatt, Phelps & Phillips, LLP	1000000.0	N/A	0.0	N/A	0.0	170937	43800000.0	This offering circular qualifies both shares of Series B Preferred Stock offered & shares of Class A Common Stock issuable upon conversion of such shares.
0001688804-20-000005	Tier2	Audited	Y	Y	N	Y	Y	N	36000	0	32.36	1165000.0	0.0	0.0	0.0	1165000.0							EisnerAmper LLP	0.0	Duane Morris LLP	0.0	Dalmore Group, LLC	11650.0			136352	1153350.0	
0001104659-20-075332	Tier2	Audited	Y	Y	N	Y	N	N	1885605	8988019	11.24	21194201.0	0.0	28805799.0	0.0	50000000.0							RSM US LLP	5000.0	Goodwin Procter LLP	40000.0						21149201.0	Minus expenses
0001493152-20-011525	Tier2	Audited	Y	Y	N	Y	N	N	2981385	2192782	9.450000000000001	28174089.0	0.0	0.0	0.0	28174089.0			North Capital Private Securities Corp. and Mogul Securities, LLC	281740.0			CohnReznick, LLP	10000.0	Morris, Manning & Martin, LLP	250000.0	Realty Mogul Sponsor, LLC and Realty Mogul, Co.	0.0			154559	27914089.0	Sales commissions will not be paid by the issuer. As such, the sales commissions do not reduce net proceeds to the issuer.
0001493152-20-011491	Tier2	Audited	Y	N	N	Y	Y	N	15681660	41318340	0.5	13721453.0	0.0	0.0	0.0	13721453.0	Dalmore Group	10000.0	Dalmore Group	78408.3	None.	0.0	Alan T. Schiffman, CPA, PC	5000.0	Michelman & Robinson LLP	100000.0	None	0.0	Colonial Stock Transfer	67920.0	136352	13721453.0	Estimated net proceeds to issuer includes exercise of all underlying warrants
0001213900-20-015338	Tier1	Unaudited	Y	N	Y	Y	N	N	14545454545	2005558634	0.0005	8000000.0	0.0	0.0	0.0	8000000.0									Eilers Law Group, P.A.	10000.0							
0001445866-20-000882	Tier2	Audited	Y	Y	N	Y	N	Y	27000000	14191546	1.1500000000000001	20000000.0	8050000.0	0.0	0.0	28050000.0			StartEngine Primary LLC	1000000.0			Indigo Spire	19500.0	Carman Lehnhof Israelsen	50000.0					291773	18930500.0	
0001493152-20-011459	Tier2	Audited	Y	N	Y	Y	N	N	100000000	105420423	0.01	1000000.0	0.0	0.0	0.0	1000000.0									Andrew Coldicutt, Esq	18000.0			Various States	3000.0			
0001477932-20-003462	Tier2	Audited	Y	Y	N	Y	N	N	40000000	0	500.0	40000000.0	0.0	0.0	0.0	40000000.0		0.0		0.0		0.0	Larson & Company PC	10000.0	Bryan R. Clark PC	40000.0		0.0		0.0		38180000.0	
0001104659-20-074861	Tier2	Audited	N	N	Y	Y	N	N	12500000	0	4.0	50000000.0	0.0	0.0	0.0	50000000.0	N/A	0.0	SI Securities, LLC	2750000.0	N/A	0.0	Marcum LLP	2200000.0	Manatt, Phelps & Phillips, LLP	1000000.0	N/A	0.0	N/A	0.0	170937	43800000.0	This offering circular qualifies both shares of Series B Preferred Stock offered & shares of Class A Common Stock issuable upon conversion of such shares.
0001104659-20-074618	Tier2	Audited	N	N	N	Y	Y	N	2000000	6728268	6.0	12000000.0	0.0	0.0	0.0	12000000.0			StartEngine Primary LLC	420000.0			Jason M. Tyra, CPA PLLC	15000.0	Alliance Legal Partners, Inc.	60000.0					291773	10581000.0	
0001104659-20-074594	Tier2	Audited	N	N	N	Y	Y	N	9090909	24928678	0.55	5000000.0	0.0	0.0	0.0	5000000.0			StartEngine Primary LLC	200000.0			Artesian CPA, LLC	22500.0	Alliance Legal Partners, Inc. / KF Law	85000.0					291773	4800000.0	
0001445866-20-000873	Tier2	Audited	Y	Y	N	Y	N	Y	27000000	14191546	1.1500000000000001	20000000.0	8050000.0	0.0	0.0	28050000.0			StartEngine Primary LLC	1000000.0			Indigo Spire	19500.0	Carman Lehnhof Israelsen	50000.0					291773	18930500.0	
0001477932-20-003442	Tier2	Audited	N	N	N	Y	N	N	11400000	5000000	2.5	47025000.0	0.0	0.0	0.0	47025000.0		0.0	Dalmore Group, LLC	498750.0		0.0	Alan T. Schiffman, CPA, PC	5000.0	Trowbridge Sidoti	50000.0		0.0		0.0		46555000.0	
0001663577-20-000176	Tier2	Audited	Y	N	Y	Y	N	N	43000000	100099277	0.25	10000000.0	750000.0	0.0	0.0	10750000.0									The Doney Law Firm	7500.0			None	5000.0			
0001104659-20-074073	Tier1	Unaudited	Y	N	Y	Y	N	N	666666667	442792840	0.015000000000000001	10000000.0	0.0	0.0	0.0	10000000.0									Eilers Law Group, P.A.	12500.0							
0001104659-20-073830	Tier2	Audited	Y	Y	N	Y	Y	N	114633750	2433214	0.32	36682800.0	0.0	0.0	0.0	36682800.0	North Capital Private Securities Corporation	266897.0					Squar Milner LLP	35000.0	Morris, Manning & Martin, LLP and Corporate Law Solutions, PC	90000.0			Morris, Manning & Martin, LLP and Corporate Law Solutions, PC	10000.0	154559	36280903.0	
0001104659-20-073736	Tier2	Audited	Y	N	N	Y	Y	N	9500000	0	2.0	19000000.0	0.0	0.0	0.0	19000000.0			SI Securities, LLC	1662500.0			D. Brooks and Associates CPA's, P.A.	25000.0	Anthony L.G., PLLC	125000.0	The Ridge, LLC	60000.0	Anthony L.G., PLLC	7000.0	170937	17120500.0	Estimated Net Proceeds Calculation of $17,120,500.00 includes Estimated Fees of: Advertising: $1,900,000; Financial Printer Fees: $12,000; and Transfer Agent Fees: $500.
0001213900-20-015093	Tier2	Audited	Y	Y	N	Y	Y	N	25000000	36310200	2.0	50000000.0	0.0	0.0	0.0	50000000.0	Dalmore Group LLC	525000.0					GCSE LLP	17500.0	CrowdCheck Law LLP	40000.0					136352	49417500.0	GCSE LLP fee expressed in Canadian Dollars
0001477932-20-003414	Tier2	Audited	N	N	N	Y	N	N	20000000	5270682	2.5	50000000.0	0.0	0.0	0.0	50000000.0		0.0		0.0		0.0	BF Borgers CPA PC	10000.0		0.0		0.0		0.0		46000000.0	
0001640334-20-001535	Tier2	Audited	Y	Y	N	Y	N	N	20000000	0		0.0	0.0	0.0	0.0	0.0		0.0	Dalmore Group, LLC	25000.0		0.0	Dale Matheson Carr-Hilton Labonte LLP Chartered Professional Accounts	10000.0	Greenberg Traurig PA & Gowlings WLG	120000.0	CDMG	0.0	Various States	28000.0		0.0	
0001213900-20-015042	Tier2	Audited	Y	Y	N	Y	Y	N	6216803	15441324	6.0	37300820.0	0.0	12699180.0	0.0	50000000.0			Dalmore Group, LLC	373000.0			Deloitte & Touche LLP	150000.0	Greenberg Traurig, P.A.	350000.0			States	35000.0	136352	48427000.0	
0001104659-20-073451	Tier2	Audited	Y	Y	Y	Y	N	N	548546	0	18.23	9999993.58	0.0	0.0	0.0	9999993.58			SI Securities, LLC	799999.49			Cherry Bekaert LLP	8000.0	Manatt, Phelps & Phillips, LLP; Robbins Ross Alloy Belinfante Littlefield LLC	102500.0					170937	9089494.09	This offering circular qualifies both shares of Series B Preferred Stock offered & shares of Common Stock issuable upon conversion of such shares.
0001104659-20-073399	Tier2	Audited	Y	Y	N	Y	N	N	3000000	1347301	10.0	30000000.0	0.0	7259024.0	0.0	37259024.0	StartEngine Primary	1950000.0					Ernst & Young LLP	60000.0	CrowdCheck Law LLP/Wilson, Sonsini, Goodrich & Rosati	30000.0					291773	27910000.0	
0001445866-20-000852	Tier2	Audited	Y	Y	N	Y	N	N	17491304	14191546	1.1500000000000001	1.1500000000000001	0.0	0.0	0.0	1.1500000000000001			StartEngine Primary LLC	1000000.0			Indigo Spire	19500.0	Carman Lehnhof Israelsen	50000.0					291773	18930500.0	
0001477932-20-003355	Tier2	Audited	Y	N	N	Y	N	N	100000	0	500.0	50000000.0	0.0	0.0	0.0	50000000.0		0.0		0.0		0.0	Alan T. Schiffman, CPA, PC	5000.0	Wallace A. Glausi	75000.0		0.0	Wallace A. Glausi	20000.0		49900000.0	
0001104659-20-072822	Tier1	Unaudited	Y	N	N	Y	N	N	150000000	269074376	0.1	15000000.0	0.0	0.0	0.0	15000000.0									Culhane Meadows PLLC	60000.0						14950000.0	
0001683168-20-001940	Tier2	Audited	Y	Y	N	Y	N	N	64255	48497		9529390.0	0.0	0.0	0.0	9529390.0							IndigoSpire CPA Group, LLC	0.0	Procopio, Cory, Hargreaves & Savitch, LLP	0.0						9529390.0	Estimated net proceeds do not reflect offering expenses because such expenses will be paid by the Manager.
0001751158-20-000031	Tier2	Audited	Y	Y	N	Y	Y	N	4760357	780185	10.02	47698780.0	0.0	0.0	0.0	47698780.0			North Capital Private Securities	300000.0			Moore, Colson & Company, P.C.	35000.0	King & Spalding, LLP	400000.0					154559	47698780.0	Fee will not be charged to the Issuer and will be paid by Sponsor. As such the fees do not reduce net proceeds to the issuer.
0001767876-20-000028	Tier2	Audited	Y	Y	N	Y	Y	N	37750	20263	44.516600000000004	1680500.0	0.0	0.0	0.0	1680500.0							Artesian CPA, LLC	10000.0	Bevilacqua PLLC	50000.0	North Capital Private Securities Corporation	26469.0	Bevilacqua PLLC	17000.0	154559	1577031.0	
0001594062-20-000053	Tier2	Audited	Y	Y	N	Y	N	N	12500000	130144334	4.0	50000000.0	0.0	0.0	0.0	50000000.0			Dalmore Group LLC	1500000.0			KPMG	50000.0	Greenberg Traurig/Wildeboer Dellelce	150000.0			Various states	25000.0	136352	48275000.0	N/A
0001062993-20-002780	Tier2	Audited	N	N	N	Y	N	N	7500000	40049997	1.0	7500000.0	0.0	0.0	0.0	7500000.0			TBD	150000.0			DMCL LLP	15000.0	See Note	45000.0						7250000.0	The Company may appoint one or more broker dealers or placement agents, but has not yet confirmed any at this time, and expects to incur some additional fees not outlined above.
0001683168-20-001927	Tier2	Audited	Y	Y	N	Y	N	N	85714284	0	1.0	50000000.0	0.0	0.0	0.0	50000000.0			Dalmore Group, LLC	500000.0			IndogoSpire CPA Group, LLC	13500.0	CrowdCheck Law, LLP / Wilson Sonsini Goodrich & Rosati	80000.0					136352	49379000.0	The Company estimates additional expenses comprised of a one-time advance expense allowance of $5,000 and a $22,500 consulting fee payable to Dalmore Group, LLC
0001104659-20-072156	Tier2	Audited	Y	Y	N	Y	N	N	2226375	13472176	10.0	22263753.0	0.0	27736247.0	0.0	50000000.0							RSM US LLP	5000.0	Goodwin Procter LLP	40000.0						22218753.0	Minus expenses
0001477932-20-003289	Tier2	Audited	Y	Y	N	Y	N	N	2000000	23589000	3.0	6000000.0	0.0	0.0	0.0	6000000.0		0.0		0.0		0.0	MaughanSullivan LLC	25000.0	Peter Berkman, Esq.	25000.0		0.0	Peter Berkman, Esq.	25000.0		5925000.0	
0001104659-20-071827	Tier2	Audited	Y	N	N	Y	N	N	5778	0	20.0	542625.0	0.0	0.0	0.0	542625.0							Jason M. Tyra, CPA, PLLC	4000.0	Nelson Mullins Riley & Scarborough LLP	75000.0	North Capital Private Securities Corporation	2500.0			154559	250500.0	Five separate series are being offered - the price per security is the average of the per unit price of the five series. Aggregate price is based upon the maximum offering of each series. Offering expenses are being absorbed by the Manager.
0001683168-20-001907	Tier2	Audited	N	Y	N	Y	N	N	50000000	388620	0.5	25000000.0	0.0	0.0	0.0	25000000.0							Salberg & Company, P.A.	1000.0	Pete Wilke, Esq.	1500.0						25000000.0	Audit and Legal fees are estimates based on the number of hours anticipated including responding to SEC Staff comments
0001104659-20-070867	Tier2	Audited	Y	N	N	Y	N	N	1583030	0	10.0	1583030.0	0.0	6000000.0	2956190.0	10539220.0									Manatt, Phelps & Phillips, LLP	1000.0							"The response to ""Number of securities offered"" above represents the aggregate principal amount of LROs being offered by the issuer."
0001493152-20-010742	Tier2	Audited	Y	N	Y	Y	N	N	100000000	105420423	0.01	1000000.0	0.0	0.0	0.0	1000000.0									Andrew Coldicutt, Esq	18000.0			Various States	3000.0			
0001757108-20-000001	Tier2	Audited	Y	N	N	Y	Y	N	5000000	23876318	0.5	2500000.0	0.0	0.0	0.0	2500000.0			Dalmore Group LLC	62500.0			Jason M. Tyra, CPA, PLLC	3500.0	Kendall A. Almerico PA	125000.0					33038	2237500.0	
0001758533-20-000006	Tier2	Audited	Y	N	N	Y	Y	N	3200000	42690046	0.75	2400000.0	0.0	0.0	0.0	2400000.0			Dalmore Group LLC	120000.0			IndigoSpire CPA LLC	5500.0	Kendall A. Almerico, P.A.	130000.0					136352	2080000.0	
0001104659-20-070569	Tier2	Audited	Y	Y	N	Y	N	N	1565860	9631882	10.0	15658600.0	0.0	34341400.0	0.0	50000000.0							RSM US LLP	5000.0	Goodwin Procter LLP	40000.0						15613600.0	
0001213900-20-014314	Tier2	Audited	Y	N	N	Y	Y	N	14711	289	1000.0	14711000.0	0.0	0.0	0.0	14711000.0	None	0.0	None	0.0	None	0.0	Lear & Pannepacker, LLP	46000.0	Ellenoff Grossman & Schole LLP	45000.0	None	0.0	Ellenoff Grossman & Schole LLP	5000.0	0	14711000.0	Total estimated aggregate offering expenses are $106,000.
0001104659-20-070526	Tier2	Audited	Y	Y	N	Y	N	N	1060430	4730342	10.06	10667929.0	0.0	39332071.0	0.0	50000000.0							RSM US LLP	5000.0	Goodwin Procter LLP	40000.0						10622929.0	Minus expenses
0001104659-20-070546	Tier2	Audited	Y	Y	Y	Y	N	N	548546	0	18.23	9999993.58	0.0	0.0	0.0	9999993.58			SI Securities, LLC	799999.49			Cherry Bekaert LLP	8000.0	Manatt, Phelps & Phillips, LLP; Robbins Ross Alloy Belinfante Littlefield LLC	102500.0					170937	9089494.09	This offering circular qualifies both shares of Series B Preferred Stock offered & shares of Common Stock issuable upon conversion of such shares.
0001683168-20-001888	Tier2	Audited	Y	Y	N	Y	N	N	72416	71774	595.0	43087726.0	0.0	6912274.0	0.0	50000000.0	N/A	0.0	N/A	0.0	N/A	0.0	Plante & Moran, PLLC	85000.0	Gundzik Gundzik Heeger LLP	50000.0	N/A	0.0	N/A	20000.0			
0001575705-20-000100	Tier1	Audited	Y	N	N	Y	N	N	70000000	699991000	0.18	12600000.0	0.0	0.0	0.0	12600000.0	None	0.0	None	0.0	None	0.0	None	0.0	Jackson L. Morris	0.0	None	0.0	Jackson L. Morris	0.0		0.0	to be added by amendment
0001683168-20-001884	Tier1	Unaudited	Y	N	Y	Y	N	N	300000000	18010196	0.001	3000000.0	0.0	0.0	0.0	3000000.0									Donnell E. Suares, Esq.	35000.0			Various States	2500.0		2940000.0	
0001213900-20-014190	Tier2	Audited	Y	Y	N	Y	N	N	50000000	0	1.0	50000000.0	0.0	0.0	0.0	50000000.0							Mahoney Sabol & Company, LLP	15000.0	Lex Nova Law LLC	60000.0			Virtual Paralegal Services	5000.0			
0001731122-20-000621	Tier1	Unaudited	Y	N	N	Y	N	N	1500000000	230118278	0.001	1500000.0	0.0	0.0	0.0	1500000.0									Andrew Coldicutt, Esq	15000.0			Various States	3000.0			
0001214659-20-005420	Tier2	Audited	Y	Y	N	Y	N	N	3033981	4871129	8.24	25000000.0	0.0	0.0	0.0	25000000.0			JumpStart Broker/Dealer	5000000.0											156214	20000000.0	
0001213900-20-014143	Tier2	Audited	Y	Y	N	Y	N	N	50000000	0	1.0	50000000.0	0.0	0.0	0.0	50000000.0							Mahoney Sabol & Company, LLP	15000.0	Lex Nova Law LLC	60000.0			Virtual Paralegal Services	5000.0			
0001493152-20-010587	Tier2	Audited	Y	Y	N	Y	Y	N	82500	0	20.0	1650000.0	0.0	0.0	0.0	1650000.0	SDDCO Brokerage Advisors LLC	24621.0	SDDCO Brokerage Advisors LLC	49500.0	N/A	0.0	N/A	0.0	Anthony L.G., PLLC	5000.0	N/A	0.0	N/A	5000.0	153563	1650000.0	Estimated Net Proceeds Calculation (above) of $1,650,000 does not include any offering fees as all fees in connection with the offering are to be paid by Masterworks Administrative Services, LLC.
0001767876-20-000025	Tier2	Audited	Y	Y	N	Y	Y	N	28080	20259	44.809200000000004	1467500.0	0.0	0.0	0.0	1467500.0							Artesian CPA, LLC	10000.0	Bevilacqua PLLC	50000.0	North Capital Private Securities Corporation	24382.0	Bevilacqua PLLC	17000.0	154559	1366119.0	
0001477932-20-003219	Tier2	Audited	Y	Y	N	Y	N	N	2000000	23589000	3.0	6000000.0	0.0	0.0	0.0	6000000.0		0.0		0.0		0.0	MaughanSullivan LLC	25000.0	Peter Berkman, Esq.	25000.0		0.0	Peter Berkman, Esq.	25000.0		5925000.0	
0001078782-20-000411	Tier2	Audited	Y	N	Y	Y	N	N	7000000	16035000	1.5	10500000.0	0.0	0.0	0.0	10500000.0							BF Borgers CPA	6000.0	Frank J Hariton	1000.0						10493000.0	
0001493152-20-010482	Tier1	Unaudited	Y	N	Y	Y	N	N	1333333334	1197471830	0.015000000000000001	2000000.0	0.0	0.0	0.0	2000000.0	n.a.	0.0	n.a.	0.0	n.a.	0.0	Blue Chip Accounting	5000.0	Eilers Law Group, P.A.	30000.0	n.a.	0.0	n.a.	10000.0		1955000.0	
0001104659-20-069101	Tier2	Audited	Y	Y	N	Y	N	N	3044936	4696980	10.0	30449364.0	0.0	19550636.0	0.0	50000000.0							RSM US LLP	5000.0	Goodwin Procter LLP	40000.0						30404364.0	
0001493152-20-010410	Tier2	Audited	N	N	N	Y	N	N	4000000	3189285	3.25	13000000.0	0.0	0.0	0.0	13000000.0	N/A	0.0	TBD	130000.0	N/A	0.0	BMKR, LLP	5000.0	Austin Legal Group, APC	30000.0					0	13000000.0	The Company has not identified a selling entity, however it anticipates appointing one or more placement agents or broker-dealers to sell this offering
0001754259-20-000006	Tier1	Unaudited	N	N	Y	Y	N	N	4000000	6470120	5.0	5.0	0.0	0.0	0.0	5.0	None	0.0	None	0.0	None	0.0	None	0.0	Simmons Associates, Ltd.	250000.0	None	0.0	Simmons Associates, Ltd.	125000.0	000000000	18000000.0	
0001193125-20-157504	Tier2	Audited	Y	Y	N	Y	N	N	2000000	0	25.0	50000000.0	0.0	0.0	0.0	50000000.0	Timbrel Capital	1500000.0	Timbrel Capital	3000000.0			PricewaterhouseCoopers LLP	65000.0	Proskauer Rose LLP	150000.0					298131	45100000.0	
0001493152-20-010344	Tier2	Audited	Y	N	N	Y	Y	N	150000000	184845821	0.027	4050000.0	0.0	0.0	0.0	4050000.0			To be determined	0.0	To be determined	0.0	Fruci & Associates II, PLLC	5000.0	Disclosure Law Group, a professional corporation	50000.0						3950000.0	Issuer may retain a broker or sales agent to assist in the offering, the identity of whom and the exact amount to be paid, not to exceed 10%, to be determined.
0001754259-20-000004	Tier1	Unaudited	Y	N	N	Y	N	N	4000000	6470120	5.0	5.0	0.0	0.0	0.0	5.0	None	0.0	None	0.0	None	0.0	None	0.0	Simmons Associates, Ltd.	250000.0	None	0.0	Simmons Associates, Ltd.	50000.0		18000000.0	
0001493152-20-010270	Tier2	Audited	Y	N	N	Y	Y	N	57000000	41318340	0.5	29215830.0	0.0	20659170.0	0.0	49875000.0	Dalmore Group	10000.0	Dalmore Group	213750.0	None.	0.0	Alan T. Schiffman, CPA, PC	5000.0	Michelman & Robinson LLP	100000.0	None	0.0	Colonial Stock Transfer	67920.0	136352	49875000.0	Estimated net proceeds to issuer includes exercise of all underlying warrants
0001486452-20-000004	Tier1	Unaudited	Y	N	Y	Y	N	N	5000000	3156273	1.375	6875000.0	0.0	0.0	0.0	6875000.0									NEWLAN & NEWLAN, LTD	7000.0			NEW YORK, COLORADO	500.0		68676500.0	
0001486452-20-000003	Tier1	Unaudited	Y	N	Y	Y	N	N	5000000	3156273	1.375	6875000.0	0.0	0.0	0.0	6875000.0									NEWLAN & NEWLAN, LTD	7000.0			NEW YORK, COLORADO	500.0		68676500.0	
0001104659-20-067911	Tier2	Audited	Y	Y	N	Y	Y	N	7336560	2426552	5.0	36682800.0	0.0	0.0	0.0	36682800.0	North Capital Private Securities Corporation	266897.0					Squar Milner LLP	35000.0	Morris, Manning & Martin, LLP and Corporate Law Solutions, PC	90000.0			Morris, Manning & Martin, LLP and Corporate Law Solutions, PC	10000.0		36280903.0	
0001350455-20-000006	Tier2	Audited	Y	N	N	Y	N	N	1000000	1000000	50.0	50000000.0	0.0	0.0	0.0	50000000.0		0.0		0.0		0.0	BF Borgers CPA PC -- Certified Public Accountants	6795.0	Lerman Law Associates, PC	5500.0		0.0		0.0		50000000.0	Michael Gilmore will issue 1,000,000 Class A Interests of which none have been sold, which leaves 1,000,000 outstanding for sell to the general public once qualified. Class B Interests will be sold After Offering. Issuer Gilmore is still seeking auditors.
0001683168-20-001793	Tier2	Audited	Y	Y	N	Y	N	N	49755	46766		6630390.0	0.0	0.0	0.0	6630390.0							IndigoSpire CPA Group, LLC	0.0	Procopio, Cory, Hargreaves & Savitch, LLP	0.0						6630390.0	Estimated net proceeds do not reflect offering expenses because such expenses will be paid by the Manager.
0001760319-20-000020	Tier2	Audited	Y	N	N	Y	Y	N	5000000	19700000	10.0	50000000.0	0.0	0.0	0.0	50000000.0		0.0		0.0		0.0		0.0		0.0		0.0		0.0	0	0.0	
0001104659-20-067786	Tier2	Audited	N	N	N	Y	Y	N	1610305	440214	6.21	10000000.0	0.0	0.0	0.0	10000000.0			StartEngine Primary LLC	700000.0			IndigoSpire CPAs & Advisors,	15000.0	Alliance Legal Partners, Inc.	60000.0					291773	6668496.0	Underwriter fees include, in addition to the 5.5% of the gross amount of the funds raised to be deducted from the proceeds of the offering, a 3.5% commission to be paid directly by the investors.
0001104659-20-067672	Tier2	Audited	N	N	N	Y	N	N	1	12509024		0.0	0.0	0.0	0.0	0.0							Citrin Cooperman & Company, LLP	0.0	Kaufman & Associates, LLC and Greenberg Traurig, LLP	0.0							
0001104659-20-067632	Tier2	Audited	Y	N	N	Y	Y	N	9500000	0	2.0	19000000.0	0.0	0.0	0.0	19000000.0			SI Securities, LLC	1662500.0			D. Brooks and Associates CPA's, P.A.	25000.0	Anthony L.G., PLLC	125000.0	The Ridge, LLC	60000.0	Anthony L.G., PLLC	7000.0	170937	17120500.0	Estimated Net Proceeds Calculation of $17,120,500.00 includes Estimated Fees of: Advertising: $1,900,000; Financial Printer Fees: $12,000; and Transfer Agent Fees: $500.
0001213900-20-013629	Tier2	Audited	Y	N	Y	Y	N	N	40000000			40000000.0	0.0	0.0	0.0	40000000.0	Sequence Financial Specialists, LLC	0.0	Sequence Financial Specialists, LLC	2888000.0	N/A	0.0	Rosenfield and Company PLLC	15000.0	Byrd Law Firm, PA	30000.0	N/A	0.0	N/A	0.0		36955000.0	Assumes $20,000,000 of 2 yr bonds with 4% selling commission, 0.75% broker dealer fee, and 0.55% soliciting dealer fee and $20,000,000 of Preferred Stock with 7.00% selling commission, 1.25% broker dealer fee, and 0.89% soliciting dealer fee.
0001477932-20-003102	Tier1	Unaudited	N	N	N	Y	N	N	5000	0	1000.0	5000000.0	0.0	0.0	0.0	5000000.0		0.0		0.0		0.0		0.0	Trowbridge Sidoti	15000.0	Sherman Ragland	0.0		0.0		5000000.0	
0001493152-20-010056	Tier2	Audited	Y	Y	N	Y	Y	N	82500	0	20.0	1650000.0	0.0	0.0	0.0	1650000.0	SDDCO Brokerage Advisors LLC	24419.0	SDDCO Brokerage Advisors LLC	49500.0	N/A	0.0	N/A	0.0	Anthony L.G., PLLC	5000.0	N/A	0.0	N/A	5000.0	153563	1650000.0	Estimated Net Proceeds Calculation (above) of $1,650,000 does not include any offering fees as all fees in connection with the offering are to be paid by Masterworks Administrative Services, LLC.
0001493152-20-010018	Tier2	Audited	N	N	N	Y	N	N	17000000	20454523	1.2	20400000.0	0.0	0.0	0.0	20400000.0			TBA	200000.0			Dale Matheson Carr-Hilton Labonte LLP Chartered Professional Accountants	30000.0	Austin Legal Group, APC	30000.0					0	20140000.0	The Company has not identified a selling entity, however it anticipates appointing one or more placement agents or broker-dealers to sell this offering.
0001104659-20-066991	Tier2	Audited	Y	Y	Y	Y	N	N	548546	0	18.23	9999993.58	0.0	0.0	0.0	9999993.58			SI Securities, LLC	799999.49			Cherry Bekaert LLP	8000.0	Manatt, Phelps & Phillips, LLP; Robbins Ross Alloy Belinfante Littlefield LLC	102500.0					170937	9089494.09	This offering circular qualifies both shares of Series B Preferred Stock offered & shares of Common Stock issuable upon conversion of such shares.
0001758533-20-000005	Tier2	Audited	Y	N	N	Y	Y	N	3200000	42690046	0.75	2400000.0	0.0	0.0	0.0	2400000.0			Dalmore Group LLC	120000.0			IndigoSpire CPA LLC	5500.0	Kendall A. Almerico, P.A.	130000.0					136352	2080000.0	
0001754259-20-000002	Tier1	Unaudited	Y	N	N	Y	N	N	4000000	6470120	5.0	5.0	0.0	0.0	0.0	5.0	None	0.0	None	0.0	None	0.0	None	0.0	Simmons Associates, Ltd.	250000.0	None	0.0	Simmons Associates, Ltd.	50000.0		18000000.0	
0001376474-20-000130	Tier2	Audited	Y	N	N	Y	N	N	10000000	11150000	5.0	50000000.0	0.0	0.0	0.0	50000000.0							LA Posta & Associates	35000.0	--	25000.0						49940000.0	
0001477932-20-003076	Tier2	Audited	N	N	N	Y	N	N	7000000	0	1.25	10000000.0	0.0	0.0	0.0	10000000.0		0.0	Potential Commissions	1000000.0		0.0	dbbmckennon	20000.0	Befumo & Schaeffer PLLC	20000.0		0.0		0.0		8960000.0	
0001493152-20-009972	Tier2	Audited	Y	Y	N	Y	N	Y	3448276	38457361	5.8	17880118.0	2119883.0	0.0	0.0	20000001.0			Dalmore Group, LLC	200000.0			dbbmckennon	15000.0	CrowdCheck Law, LLP	60000.0			State filing fees	12000.0	136352	17593118.0	
0001477932-20-003061	Tier2	Audited	N	N	N	Y	N	N	57000000	5000000	0.5	49875000.0	0.0	0.0	0.0	49875000.0		0.0	Dalmore Group, LLC	498750.0		0.0	Alan T. Schiffman, CPA, PC	5000.0	Trowbridge Sidoti	50000.0		0.0		0.0		49376250.0	
0001104659-20-066189	Tier2	Audited	Y	N	N	Y	N	N	1583030	0	10.0	1583030.0	0.0	6000000.0	2956190.0	10539220.0									Manatt, Phelps & Phillips, LLP	1000.0							"The response to ""Number of securities offered"" above represents the aggregate principal amount of LROs being offered by the issuer."
0001104659-20-065956	Tier2	Audited	N	N	Y	Y	N	N	12500000	0	4.0	50000000.0	0.0	0.0	0.0	50000000.0	N/A	0.0	SI Securities, LLC	2750000.0	N/A	0.0	Marcum LLP	2200000.0	Manatt, Phelps & Phillips, LLP	1000000.0	N/A	0.0	N/A	0.0	170937	43800000.0	This offering circular qualifies both shares of Series B Preferred Stock offered & shares of Class A Common Stock issuable upon conversion of such shares.
0001493152-20-009852	Tier2	Audited	Y	Y	N	Y	Y	N	82500	0	20.0	1650000.0	0.0	0.0	0.0	1650000.0	SDDCO Brokerage Advisors LLC	26753.0	SDDCO Brokerage Advisors LLC	49500.0	N/A	0.0	N/A	0.0	Anthony L.G., PLLC	5000.0	N/A	0.0	N/A	5000.0	153563	1650000.0	Estimated Net Proceeds Calculation (above) of $1,650,000 does not include any offering fees as all fees in connection with the offering are to be paid by Masterworks Administrative Services, LLC.
0001683168-20-001736	Tier2	Audited	Y	Y	N	Y	N	N	85714284	0	1.0	50000000.0	0.0	0.0	0.0	50000000.0			Dalmore Group, LLC	500000.0			IndogoSpire CPA Group, LLC	13500.0	CrowdCheck Law, LLP / Wilson Sonsini Goodrich & Rosati	80000.0					136352	49379000.0	The Company estimates additional expenses comprised of a one-time advance expense allowance of $27,500 to Dalmore Group, LLC.
0001768126-20-000013	Tier2	Audited	Y	Y	N	Y	Y	N	106500	0	21.62	2302000.0	0.0	0.0	0.0	2302000.0							EisnerAmper LLP	0.0	Duane Morris LLP	0.0	Dalmore Group, LLC	2302000.0			136352	2278980.0	
0001493152-20-009791	Tier2	Audited	Y	Y	N	Y	Y	N	60500	0	20.0	1210000.0	0.0	0.0	0.0	1210000.0	SDDCO Brokerage Advisors LLC	20952.0	SDDCO Brokerage Advisors LLC	36300.0	N/A	0.0	N/A	0.0	Anthony L.G., PLLC	5000.0	N/A	0.0	N/A	5000.0	153563	1210000.0	Estimated Net Proceeds Calculation (above) of $1,210,000 does not include any offering fees as all fees in connection with the offering are to be paid by Masterworks Administrative Services, LLC.
0001171520-20-000240	Tier2	Audited	Y	Y	Y	Y	Y	N	50000000	32500000	1.0	50000000.0	0.0	0.0	0.0	50000000.0			Dalmore Partners LLC	1500000.0			McGovern Hurley LLP	9300.0	FisherBroyles LLP	165000.0			Dalmore Partners LLC, FINRA fees	63000.0	136352	48437000.0	Estimated net proceeds to the issuer were calculated after deducting only sales commissions of $1,500,000 and blue sky compliance/FINRA fees of $63,000.
0001477932-20-003017	Tier2	Audited	Y	Y	N	Y	N	N	2000000	23589000	3.0	6000000.0	0.0	0.0	0.0	6000000.0		0.0		0.0		0.0	MaughanSullivan LLC	25000.0	Peter Berkman, Esq.	25000.0		0.0	Peter Berkman, Esq.	25000.0		5925000.0	
0001477932-20-003014	Tier2	Audited	N	N	N	Y	N	N	20000000	5270682	2.5	50000000.0	0.0	0.0	0.0	50000000.0		0.0		0.0		0.0	BF Borgers CPA PC	10000.0		0.0		0.0		0.0		46000000.0	
0001445866-20-000730	Tier2	Audited	Y	Y	N	Y	N	N	17491304	14191546	1.1500000000000001	1.1500000000000001	0.0	0.0	0.0	1.1500000000000001			StartEngine Primary LLC	1000000.0			Indigo Spire	19500.0	Carman Lehnhof Israelsen	50000.0					291773	18930500.0	
0001193125-20-150271	Tier1	Audited	Y	N	N	N	N	N	1665667	0		0.0	0.0	0.0	0.0	0.0							S.R. Snodgrass, P.C.	0.0	Stevens & Lee, P.C.	50000.0							Shares of issuer's common stock will be issued to Shareholders of Clarion County Community Bank in connection with the formation of a one-bank holding company.
0001493152-20-009732	Tier2	Audited	Y	Y	N	Y	Y	N	33000	0	20.0	660000.0	0.0	0.0	0.0	660000.0	SDDCO Brokerage Advisors LLC	12967.0	SDDCO Brokerage Advisors LLC	19800.0	N/A	0.0	N/A	0.0	Anthony L.G., PLLC	5000.0	N/A	0.0	N/A	5000.0	153563	660000.0	Estimated Net Proceeds Calculation (above) of $660,000 does not include any offering fees as all fees in connection with the offering are to be paid by Masterworks Administrative Services, LLC.
0001575705-20-000092	Tier1	Unaudited	Y	N	N	Y	Y	N	100000000	104710625	0.125	5000000.0	0.0	0.0	0.0	5000000.0	None	0.0	NA	0.0	NA	0.0	NA	7500.0	TroyGould PC	15000.0	NA	0.0	TroyGould PC	5000.0		4970000.0	
0001493152-20-009687	Tier1	Unaudited	Y	N	N	Y	N	N	357142857	379626200	0.007	2500000.0	0.0	0.0	0.0	2500000.0									Andrew Coldicutt, Esq.	15000.0			Various States	3000.0		2470000.0	
0001493152-20-009679	Tier2	Audited	Y	Y	N	Y	N	N	15000000	233011454	2.0	30000000.0	0.0	0.0	0.0	30000000.0	Dalmore Group, LLC	10000.0	Dalmore Group, LLC	300000.0	N/A	0.0	NVS Chartered Accountants	40000.0	Anthony L.G., PLLC	100000.0	N/A	0.0	Anthony L.G., PLLC	15000.0	136352	29535000.0	Net Proceeds Calculation of $29,535,000 includes Additional Estimated Fees of: Transfer Agent Fees of $20,000, Technology Agent Fees of $155,000 and FINRA Filing Fees of $5,000.
0001140361-20-012215	Tier2	Audited	N	Y	N	Y	N	N	50000000	0	50000.0	50000.0	0.0	0.0	0.0	50000.0		0.0		0.0		0.0	Albertjohn DePalantino & Company PC	10000.0	Levine Garfinkel & Eckersley	25000.0		0.0		0.0		49950000.0	
0001104659-20-064903	Tier2	Audited	N	N	N	Y	Y	N	9090909	24928678	0.55	5000000.0	0.0	0.0	0.0	5000000.0			StartEngine Primary LLC	300000.0			Artesian CPA, LLC	22500.0	Alliance Legal Partners, Inc. / KF Law	85000.0					291773	4790000.0	Underwriter fees include, in addition to 4% of the gross amount of the funds raised to be deducted from the proceeds of the offering, each investor shall pay a cash commission to StartEngine Primary, equal to the lesser of 2% of the amount invested and $3
0001104659-20-064999	Tier2	Audited	Y	Y	N	Y	N	N	393698	4475663	10.0	3936982.0	0.0	46063018.0	0.0	50000000.0							RSM US LLP	5000.0	Goodwin Procter LLP	40000.0						3891982.0	
0001104659-20-065001	Tier2	Audited	Y	Y	N	Y	N	N	26723	4847959	10.0	267226.0	0.0	49732774.0	0.0	50000000.0							RSM US LLP	5000.0	Goodwin Procter LLP	40000.0						222226.0	Minus expenses
0001493152-20-009618	Tier2	Audited	Y	Y	N	Y	Y	N	82500	0	20.0	1650000.0	0.0	0.0	0.0	1650000.0	SDDCO Brokerage Advisors LLC	26753.0	SDDCO Brokerage Advisors LLC	49500.0	N/A	0.0	N/A	0.0	Anthony L.G., PLLC	5000.0	N/A	0.0	N/A	5000.0	153563	1650000.0	Estimated Net Proceeds Calculation (above) of $1,650,000 does not include any offering fees as all fees in connection with the offering are to be paid by Masterworks Administrative Services, LLC.
0001493152-20-009586	Tier2	Audited	Y	N	N	Y	Y	N	150000000	184845821	0.027	4050000.0	0.0	0.0	0.0	4050000.0			To be determined	0.0	To be determined	0.0	Fruci & Associates II, PLLC	5000.0	Disclosure Law Group, a professional corporation	50000.0						3950000.0	Issuer may retain a broker or sales agent to assist in the offering, the identity of whom and the exact amount to be paid, not to exceed 10%, to be determined.
0001213900-20-013167	Tier2	Audited	Y	Y	N	Y	N	N	1006039	1074993	5.5200000000000005	5000016.0	0.0	0.0	0.0	5000016.0	StartEngine Primary LLC	175001.0					Artesian CPA, LLC	9450.0	CrowdCheck Law LLP	60000.0					291773	4755565.0	Underwriting fees estimate assumes the maximum amount of commissions payable to StartEngine Primary LLC for their services in this offering.
0001171520-20-000235	Tier2	Audited	Y	N	N	Y	N	N	50000000	100000000	0.1	5000000.0	0.0	0.0	0.0	5000000.0							Goff Backa Alfera & Company, LLC,	20000.0	BrannellyLaw PLLC	20000.0						5000000.0	
0001683168-20-001689	Tier2	Audited	Y	Y	N	Y	Y	Y	638888	1129130	45.0	21249978.75	3749996.25	0.0	0.0	24999975.0	StartEngine Primary	900000.0					Bennett & Company, PC	11000.0	CrowdCheck Law LLP	50000.0					291773	19006229.49	Company assumes additional $539,000 in potential expenses to support this offering (including state fees, edgarization, escrow, FINRA fee, and stock transfer agent).
0001748909-20-000004	Tier1	Unaudited	Y	N	N	Y	N	N	4000000	3000000	0.5	2000000.0	0.0	0.0	0.0	2000000.0																	
0001760319-20-000019	Tier2	Audited	Y	N	N	Y	Y	N	50000000	19722927	1.0	50000000.0	0.0	0.0	0.0	50000000.0		0.0		0.0		0.0	Dylan Floyd Accounting & Consulting	35000.0	Law Office Of Mary Shea	15000.0		0.0	Primetrust LLC	950000.0		49000000.0	
0001213900-20-013047	Tier2	Audited	Y	Y	N	Y	N	N	50000000	0	1.0	50000000.0	0.0	0.0	0.0	50000000.0							Mahoney Sabol & Company, LLP	15000.0	Lex Nova Law LLC	60000.0			Virtual Paralegal Services	5000.0			
0001477932-20-002933	Tier2	Audited	N	N	N	Y	N	N	50000	0	1000.0	50000000.0	0.0	0.0	0.0	50000000.0		0.0		0.0		0.0	IndigoSpire CPA Group	2500.0	Trowbridge Sidoti	50000.0	Ivan Oberon, Ryan Garland	0.0		0.0		50000000.0	
0001477932-20-002931	Tier2	Audited	N	N	N	Y	N	N	7000000	0	1.25	10000000.0	0.0	0.0	0.0	10000000.0		0.0	Potential Commissions	1000000.0		0.0	dbbmckennon	20000.0	Befumo & Schaeffer PLLC	20000.0		0.0		0.0		8960000.0	
0001493152-20-009382	Tier1	Unaudited	Y	N	Y	Y	N	N	1333333334	1197471830	0.015000000000000001	2000000.0	0.0	0.0	0.0	2000000.0	n.a.	0.0	n.a.	0.0	n.a.	0.0	Blue Chip Accounting	5000.0	Eilers Law Group, P.A.	30000.0	n.a.	0.0	n.a.	10000.0		1955000.0	
0001640334-20-001269	Tier2	Audited	Y	Y	N	Y	N	N	120000000	29695106	0.5	0.5	0.0	0.0	0.0	0.5	None	0.0	Dalmore Group LLC	700000.0	None	0.0	Davidson & Company LLP	50000.0	Cassels Brock & Blackwell LLP	250000.0	None	0.0	Various States	25000.0	136362	49000000.0	"40,000,000 units to be sold at USD$0.50 per unit; each Unit is comprised of one common share in the capital of the Company, with no par value (a ""Common Share""), and of one Common Share purchase warrant exercisable at USD $0.75 per Warrant"
0001104659-20-063364	Tier2	Audited	Y	Y	N	Y	Y	N	4444444	8648210	11.25	41000000.0	0.0	0.0	0.0	41000000.0							dbbMcKennon	5000.0	CrowdCheck Law LLP	25000.0						38935000.0	The issuer is offering both shares of Common and Preferred Stock. Certain investors are entitled to a discount.
0001731122-20-000534	Tier1	Unaudited	Y	N	N	Y	N	N	1500000000	230118278	0.001	1500000.0	0.0	0.0	0.0	1500000.0									Andrew Coldicutt, Esq	15000.0			Various States	3000.0			
0001213900-20-012706	Tier2	Audited	Y	N	N	Y	N	N	1200000	0	10.0	12000000.0	0.0	0.0	0.0	12000000.0	Digital Offering LLC	30000.0	Digital Offering LLC	840000.0	-	0.0	Somerset CPAs, P.C.	50000.0	Bevilacqua PLLC	115000.0	-	0.0	Bevilacqua PLLC	13000.0	166401	10882000.0	
0001767876-20-000015	Tier2	Audited	Y	Y	N	Y	Y	N	28080	18257	44.4801	1249000.0	0.0	0.0	0.0	1249000.0							Artesian CPA, LLC	10000.0	Bevilacqua PLLC	50000.0	North Capital Private Securities Corporation	22240.0	Bevilacqua PLLC	17000.0	154559	1149760.0	
0001493152-20-008860	Tier2	Audited	Y	Y	N	Y	Y	N	33000	0	20.0	660000.0	0.0	0.0	0.0	660000.0	SDDCO Brokerage Advisors LLC	12967.0	SDDCO Brokerage Advisors LLC	19800.0	N/A	0.0	N/A	0.0	Anthony L.G., PLLC	5000.0	N/A	0.0	N/A	5000.0	153563	660000.0	Estimated Net Proceeds Calculation (above) of $660,000 does not include any offering fees as all fees in connection with the offering are to be paid by Masterworks Administrative Services, LLC.
0001213900-20-012189	Tier2	Audited	Y	N	N	Y	N	N	29999999	100000000	0.2	5000000.0	999999.8	0.0	0.0	5999999.8							MICHAEL GILLESPIE & ASSOCIATES, PLLC	7750.0	McMurdo Law Group, LLC	10000.0						5000000.0	
0001213900-20-012117	Tier2	Audited	Y	N	Y	Y	N	N	40000000			40000000.0	0.0	0.0	0.0	40000000.0	Sequence Financial Specialists, LLC	0.0	Sequence Financial Specialists, LLC	2888000.0	N/A	0.0	Rosenfield and Company PLLC	15000.0	Byrd Law Firm, PA	30000.0	N/A	0.0	N/A	0.0		36955000.0	Assumes $20,000,000 of 2 yr bonds with 4% selling commission, 0.75% broker dealer fee, and 0.55% soliciting dealer fee and $20,000,000 of Preferred Stock with 7.00% selling commission, 1.25% broker dealer fee, and 0.89% soliciting dealer fee.
0001477932-20-002629	Tier2	Audited	Y	N	N	Y	N	N	100000	0	500.0	50000000.0	0.0	0.0	0.0	50000000.0		0.0		0.0		0.0	Alan T. Schiffman, CPA, PC	5000.0	Wallace A. Glausi	75000.0		0.0	Wallace A. Glausi	20000.0		49900000.0	
0001664038-20-000016	Tier1	Unaudited	Y	Y	Y	Y	N	N	1000000000	1023521895	0.999	2000000.0	0.0	0.0	0.0	2000000.0																	
0001104659-20-060692	Tier2	Audited	Y	Y	Y	Y	N	N	526315	0		9210512.5	0.0	0.0	0.0	9210512.5			SI Securities, LLC	0.0			Cherry Bekaert LLP	0.0	Manatt, Phelps & Phillips, LLP; Robbins Ross Alloy Belinfante Littlefield LLC	0.0					170937		This offering circular qualifies both shares of Series B Preferred Stock offered & shares of Common Stock issuable upon conversion of such shares.
0001477932-20-002602	Tier2	Audited	N	N	N	Y	N	N	57000000	5000000	0.5	49875000.0	0.0	0.0	0.0	49875000.0		0.0	Dalmore Group, LLC	498750.0		0.0	Alan T. Schiffman, CPA, PC	5000.0	Trowbridge Sidoti	50000.0		0.0		0.0		49376250.0	
0001213900-20-011960	Tier2	Audited	Y	Y	N	Y	Y	N	50000000	392713	0.84	50000000.0	0.0	0.0	0.0	50000000.0			North Capital Private Securities Corporation	500000.0			dbbmckennon	5000.0	Sosnow & Associates, PLLC	60000.0					154559	49200000.0	Sales Commissions may be higher or lower due to the adjustment of the purchase price of Investor Shares in accordance with the Net Asset Value of the Issuer.
0001104659-20-060415	Tier2	Audited	Y	N	Y	Y	N	N	20000000	150100000	0.27	5400000.0	0.0	0.0	0.0	5400000.0							MaloneBailey LLP	2500.0					Newlan & Newlan, Ltd.	5000.0		5392500.0	
0001350455-20-000004	Tier2	Audited	Y	N	N	Y	N	N	1000000	1000000	50.0	50000000.0	0.0	0.0	0.0	50000000.0		0.0		0.0		0.0	BF Borgers CPA PC -- Certified Public Accountants	6795.0	Lerman Law Associates, PC	5500.0		0.0		0.0		50000000.0	Michael Gilmore will issue 1,000,000 Class A Interests of which none have been sold, which leaves 1,000,000 outstanding for sell to the general public once qualified. Class B Interests will be sold After Offering. Issuer Gilmore is still seeking auditors.
0001493152-20-008401	Tier2	Audited	Y	Y	N	Y	Y	N	82500	0	20.0	1650000.0	0.0	0.0	0.0	1650000.0	SDDCO Brokerage Advisors LLC	26753.0	SDDCO Brokerage Advisors LLC	49500.0	N/A	0.0	N/A	0.0	Anthony L.G., PLLC	5000.0	N/A	0.0	N/A	5000.0	153563	1650000.0	Estimated Net Proceeds Calculation (above) of $1,650,000 does not include any offering fees as all fees in connection with the offering are to be paid by Masterworks Administrative Services, LLC.
0001683168-20-001513	Tier1	Unaudited	Y	N	Y	Y	N	N	2000000000	431424670	0.001	2000000.0	0.0	0.0	0.0	2000000.0									Stephen Mills, Esq.	5000.0			Various	5000.0		2990000.0	
0001213900-20-011738	Tier2	Audited	Y	Y	N	Y	Y	N	25000000	36310200	2.0	50000000.0	0.0	0.0	0.0	50000000.0	Dalmore Group LLC	525000.0					GCSE LLP	17500.0	CrowdCheck Law LLP	40000.0					136352	49417500.0	GCSE LLP fee expressed in Canadian Dollars
0001104659-20-059757	Tier2	Audited	Y	Y	N	Y	N	N	1223133	8987573	11.24	13748012.0	0.0	36251988.0	0.0	50000000.0							RSM US LLP	5000.0	Goodwin Procter LLP	40000.0						13703012.0	Minus expenses
0001213900-20-011711	Tier2	Audited	Y	Y	N	Y	Y	Y	180000000	254697729	0.1369	35000000.0	15000000.0	0.0	0.0	50000000.0							Rosen Kuslansky, CPA, PC	260000.0	Ellenoff Grossman & Schole LLP, Wilson Sonsini Goodrich & Rosati, PC	2085000.0							
0001493152-20-008255	Tier1	Unaudited	Y	N	Y	Y	N	N	1333333334	1197471830	0.015000000000000001	2000000.0	0.0	0.0	0.0	2000000.0	n.a.	0.0	n.a.	0.0	n.a.	0.0	Blue Chip Accounting	5000.0	Eilers Law Group, P.A.	30000.0	n.a.	0.0	n.a.	10000.0		1955000.0	
0001722969-20-000007	Tier2	Audited	Y	Y	N	Y	N	N	3033981	4871129	8.24	25000000.0	0.0	0.0	0.0	25000000.0			JumpStart Broker/Dealer	5000000.0											156214	20000000.0	
0001493152-20-008125	Tier2	Audited	Y	Y	N	Y	Y	N	82500	0	20.0	1650000.0	0.0	0.0	0.0	1650000.0	SDDCO Brokerage Advisors LLC	21202.0	SDDCO Brokerage Advisors LLC	45000.0	N/A	0.0	N/A	0.0	Anthony L.G., PLLC	5000.0	N/A	0.0	N/A	5000.0	153563	1650000.0	Estimated Net Proceeds Calculation (above) of $1,650,000 does not include any offering fees as all fees in connection with the offering are to be paid by Masterworks Administrative Services, LLC.
0001104659-20-058926	Tier2	Audited	Y	Y	N	Y	N	N	3977077	3782911	10.74	42713805.0	0.0	7286195.0	0.0	50000000.0							RSM US LLP	5000.0	Goodwin Procter LLP	40000.0						42668805.0	
0001104659-20-058928	Tier2	Audited	Y	Y	N	Y	N	N	4170027	2443118	10.0	41700266.0	0.0	8299734.0	0.0	50000000.0							RSM US LLP	5000.0	Goodwin Procter LLP	40000.0						41655266.0	
0001104659-20-058955	Tier2	Audited	Y	Y	N	Y	N	N	1378385	13448377	10.0	13783852.0	0.0	36216148.0	0.0	50000000.0							RSM US LLP	5000.0	Goodwin Procter LLP	40000.0						13738852.0	Minus expenses
0001663577-20-000122	Tier1	Unaudited	Y	N	Y	Y	N	Y	20000000	90334700	0.5	7500000.0	2500000.0	0.0	0.0	10000000.0									The Doney Law Firm	5000.0							
0001722969-20-000006	Tier2	Audited	Y	Y	N	Y	N	N	3033981	4871129	8.24	25000000.0	0.0	0.0	0.0	25000000.0			JumpStart Broker/Dealer	5000000.0											156214	20000000.0	
0001104659-20-058478	Tier2	Audited	Y	N	N	Y	N	N	5778	0	49.9	284000.0	0.0	0.0	0.0	284000.0							Jason M. Tyra, CPA, PLLC	4000.0	Nelson Mullins Riley & Scarborough LLP	60000.0	North Capital Private Securities Corporation	2500.0			154559	250500.0	Five separate series are being offered - the price per security is the average of the per unit price of the five series. Aggregate price is based upon the maximum offering of each series. Offering expenses are being absorbed by the Manager.
0001350455-20-000003	Tier2	Audited	Y	N	N	Y	N	N	1000000	1000000	50.0	50000000.0	0.0	0.0	0.0	50000000.0		0.0		0.0		0.0	BF Borgers CPA PC -- Certified Public Accountants	6795.0	Lerman Law Associates, PC	5500.0		0.0		0.0		50000000.0	Michael Gilmore will issue 1,000,000 Class A Interests of which none have been sold, which leaves 1,000,000 outstanding for sell to the general public once qualified. Class B Interests will be sold After Offering. Issuer Gilmore is still seeking auditors.
0001445866-20-000557	Tier2	Audited	Y	Y	N	Y	N	N	17491304	14191546	1.1500000000000001	1.1500000000000001	0.0	0.0	0.0	1.1500000000000001			StartEngine Primary LLC	1000000.0			Indigo Spire	19500.0	Carman Lehnhof Israelsen	50000.0					291773	18930500.0	
0001663577-20-000117	Tier2	Audited	Y	N	Y	Y	N	N	43000000	100099277	0.25	10000000.0	750000.0	0.0	0.0	10750000.0									The Doney Law Firm	7500.0			None	5000.0			
0001171520-20-000206	Tier2	Audited	Y	N	N	Y	N	N	5000000	0	1.0	5000000.0	0.0	0.0	0.0	5000000.0	None	0.0	None	0.0	None	0.0	MaloneBailey, LLP	0.0	BrannellyLaw, PLLC	0.0	None	0.0	None	0.0	0	0.0	(1) The company may use registered broker-dealers to sell shares in the offering. As of the date hereof, the Company has not entered into sales agreements with any broker-dealers. (2) To be provided by amendment.
0001594062-20-000036	Tier2	Audited	Y	Y	N	Y	N	N	12500000	130144334	4.0	50000000.0	0.0	0.0	0.0	50000000.0			Dalmore Group LLC	1500000.0			KPMG	50000.0	Greenberg Traurig/Wildeboer Dellelce	150000.0			Various states	25000.0	136352	48275000.0	N/A
0001350455-20-000002	Tier2	Audited	Y	N	N	Y	N	N	1000000	1000000	50.0	50000000.0	0.0	0.0	0.0	50000000.0		0.0		0.0		0.0	BF Borgers CPA PC -- Certified Public Accountants	6795.0	Lerman Law Associates, PC	5500.0		0.0		0.0		50000000.0	Michael Gilmore will issue 1,000,000 Class A Interests of which none have been sold, which leaves 1,000,000 outstanding for sell to the general public once qualified. Class B Interests will be sold After Offering. Issuer Gilmore is still seeking auditors.
0001731122-20-000438	Tier1	Unaudited	Y	N	N	Y	N	N	1500000000	86695638	0.001	1500000.0	0.0	0.0	0.0	1500000.0									Andrew Coldicutt, Esq	15000.0			Various States	3000.0			
0001104659-20-056081	Tier2	Audited	Y	Y	N	Y	Y	N	100000000	110058576	0.18	18000000.0	0.0	0.0	0.0	18000000.0							Wipfli, LLP	2500.0	CrowdCheck Law LLP (fka KHLK LLP)	15000.0			Various	17500.0		17830000.0	Escrow processing and other fees estimated to be $135,000
0001722969-20-000004	Tier2	Audited	Y	Y	N	Y	N	N	3033981	4871129	8.24	25000000.0	0.0	0.0	0.0	25000000.0			JumpStart Broker/Dealer	5000000.0											156214	20000000.0	
0001062993-20-002097	Tier2	Audited	N	N	N	Y	N	N	7500000	40049997	1.0	7500000.0	0.0	0.0	0.0	7500000.0			TBD	150000.0			DMCL LLP	15000.0	See Note	45000.0						7250000.0	The Company may appoint one or more broker dealers or placement agents, but has not yet confirmed any at this time, and expects to incur some additional fees not outlined above.
0001760319-20-000016	Tier2	Audited	Y	N	N	Y	Y	N	50000000	19722927	1.0	50000000.0	0.0	0.0	0.0	50000000.0		0.0		0.0		0.0	Dylan Floyd Accounting & Consulting	35000.0	Law Office Of Mary Shea	15000.0		0.0	Primetrust LLC	950000.0	0	49000000.0	
0001766280-20-000005	Tier2	Audited	N	N	N	Y	N	N	160	160	6880.0	6880.0	0.0	0.0	0.0	6880.0																1100800.0	
0001104659-20-055027	Tier2	Audited	Y	Y	N	Y	Y	N	4444444	8648210	11.25	41000000.0	0.0	0.0	0.0	41000000.0							dbbMcKennon	5000.0	CrowdCheck Law LLP	25000.0						38935000.0	The issuer is offering both shares of Common and Preferred Stock. Certain investors are entitled to a discount.
0001104659-20-054693	Tier2	Audited	Y	Y	N	Y	N	N	5000000	500	10.0	50000000.0	0.0	0.0	0.0	50000000.0							RSM US LLP	15000.0	Goodwin Procter LLP	312500.0	Rise Companies Corp	0.0				49672500.0	
0001575705-20-000063	Tier1	Unaudited	Y	N	N	Y	Y	N	100000000	98710625	0.02	2000000.0	0.0	0.0	0.0	2000000.0	None	0.0	NA	0.0	NA	0.0	NA	7500.0	TroyGould PC	15000.0	NA	0.0	TroyGould PC	5000.0		1970000.0	
0001683168-20-001361	Tier2	Audited	Y	Y	N	Y	N	N	48735	35586		6381510.0	0.0	0.0	0.0	6381510.0							IndigoSpire CPA Group, LLC	0.0	Procopio, Cory, Hargreaves & Savitch, LLP	0.0						6381510.0	Estimated net proceeds do not reflect offering expenses because such expenses will be paid by the Manager.
0001104659-20-054561	Tier2	Audited	Y	N	N	Y	N	N	718870	130240	7.79	5600000.0	0.0	0.0	0.0	5600000.0	SI Securities, LLC	490000.0					Cherry Bekaert LLP	100406.0	CrowdCheck Law LLP	60000.0					170937	4982711.0	Sales Commissions estimate assumes the maximum amount of commissions payable to SI Securities, LLC for their services in this offering. The company also estimates it will incur $2,500 in Edgarization fees in addition to the fees above
0001104659-20-054283	Tier2	Audited	Y	N	N	Y	N	N	718870	130240	7.79	5600000.0	0.0	0.0	0.0	5600000.0	SI Securities, LLC	490000.0					Cherry Bekaert LLP	100406.0	CrowdCheck Law LLP	60000.0					170937	4982711.0	Sales Commissions estimate assumes the maximum amount of commissions payable to SI Securities, LLC for their services in this offering. The company also estimates it will incur $2,500 in Edgarization fees in addition to the fees above
0001213900-20-010594	Tier2	Audited	Y	N	N	Y	N	N	1000000	502362	10.0	10000000.0	0.0	0.0	0.0	10000000.0	Digital Offering LLC	730000.0					Liggett & Webb, P.A.	10000.0	Bevilacqua PLLC	60000.0			Bevilacqua PLLC	5000.0	166401	9185000.0	
0001493152-20-007407	Tier2	Audited	Y	N	N	Y	Y	N	150000000	184845821	0.027	4050000.0	0.0	0.0	0.0	4050000.0			To be determined	0.0	To be determined	0.0	Fruci & Associates II, PLLC	5000.0	Disclosure Law Group, a professional corporation	50000.0						3950000.0	Issuer may retain a broker or sales agent to assist in the offering, the identity of whom and the exact amount to be paid, not to exceed 10%, to be determined.
0001688804-20-000003	Tier2	Audited	Y	Y	N	Y	Y	N	81676	0	83.31	6804250.0	0.0	0.0	0.0	6804250.0							EisnerAmper LLP	0.0	Duane Morris LLP	0.0	Dalmore Group, LLC	65689.0			136352	6738561.0	
0001477932-20-002295	Tier2	Audited	N	N	N	Y	N	N	7000000	0	1.25	10000000.0	0.0	0.0	0.0	10000000.0		0.0	Potential Commissions	1000000.0		0.0	dbbmckennon	20000.0	Befumo & Schaeffer PLLC	20000.0		0.0		0.0		8960000.0	
0001493152-20-007309	Tier1	Unaudited	Y	N	Y	Y	N	N	1333333334	1197471830	0.015000000000000001	2000000.0	0.0	0.0	0.0	2000000.0	n.a.	0.0	n.a.	0.0	n.a.	0.0	Blue Chip Accounting	5000.0	Eilers Law Group, P.A.	30000.0	n.a.	0.0	n.a.	10000.0		1955000.0	
0001683168-20-001302	Tier2	Audited	Y	Y	N	Y	Y	N	25000000	47814974	2.0	50000000.0	0.0	0.0	0.0	50000000.0							Haynie & Company	8000.0	Business Legal Advisors, LLC	8000.0						49999984.0	
0001078782-20-000287	Tier2	Audited	Y	N	Y	Y	N	N	7000000	16035000	1.5	10500000.0	0.0	0.0	0.0	10500000.0							BF Borgers CPA	6000.0	Frank J Hariton	1000.0						10493000.0	
0001683168-20-001291	Tier1	Unaudited	Y	N	Y	Y	N	N	2000000000	431424670	0.001	2000000.0	0.0	0.0	0.0	2000000.0									Stephen Mills, Esq.	5000.0			Various	5000.0		2990000.0	
0001213900-20-010079	Tier2	Audited	Y	N	N	Y	N	N	1200000	0	10.0	12000000.0	0.0	0.0	0.0	12000000.0	Digital Offering LLC	30000.0	Digital Offering LLC	840000.0	-	0.0	Somerset CPAs, P.C.	50000.0	Bevilacqua PLLC	115000.0	-	0.0	Bevilacqua PLLC	13000.0	166401	10882000.0	
0001663577-20-000104	Tier1	Unaudited	Y	N	Y	Y	N	Y	20000000	90334700	0.5	7500000.0	2500000.0	0.0	0.0	10000000.0									The Doney Law Firm	5000.0							
0001477932-20-002174	Tier2	Audited	Y	Y	N	Y	N	N	2000000	23589000	3.0	6000000.0	0.0	0.0	0.0	6000000.0		0.0		0.0		0.0	MaughanSullivan LLC	25000.0	Peter Berkman, Esq.	25000.0		0.0	Peter Berkman, Esq.	25000.0		5925000.0	
0001493152-20-007077	Tier2	Audited	Y	Y	N	Y	Y	N	60500	0	20.0	1210000.0	0.0	0.0	0.0	1210000.0	SDDCO Brokerage Advisors LLC	20952.0	SDDCO Brokerage Advisors LLC	36300.0	N/A	0.0	N/A	0.0	Anthony L.G., PLLC	5000.0	N/A	0.0	N/A	5000.0	153563	1210000.0	Estimated Net Proceeds Calculation (above) of $1,210,000 does not include any offering fees as all fees in connection with the offering are to be paid by Masterworks Administrative Services, LLC.
0001664038-20-000011	Tier1	Unaudited	Y	Y	Y	Y	N	N	1000000000	1023521895	0.999	2000000.0	0.0	0.0	0.0	2000000.0																	
0001493152-20-007030	Tier2	Audited	N	N	N	Y	N	N	17000000	20454523	1.2	20400000.0	0.0	0.0	0.0	20400000.0			TBA	200000.0			Dale Matheson Carr-Hilton Labonte LLP Chartered Professional Accountants	30000.0	Austin Legal Group, APC	30000.0					0	20140000.0	The Company has not identified a selling entity, however it anticipates appointing one or more placement agents or broker-dealers to sell this offering.
0001748909-20-000002	Tier1	Unaudited	Y	N	N	Y	N	N	4000000	3000000	0.5	2000000.0	0.0	0.0	0.0	2000000.0																	
0001213900-20-009859	Tier2	Audited	Y	Y	N	Y	Y	N	50000000	390711	0.84	50000000.0	0.0	0.0	0.0	50000000.0			North Capital Private Securities Corporation	500000.0			dbbmckennon	5000.0	Sosnow & Associates, PLLC	60000.0					154559	49200000.0	Sales Commissions may be higher or lower due to the adjustment of the purchase price of Investor Shares in accordance with the Net Asset Value of the Issuer.
0001553350-20-000352	Tier2	Audited	N	N	N	Y	N	N	20000000	93462483	1.0	20000000.0	0.0	0.0	0.0	20000000.0			Outsourced services	100000.0	Outsourced services	50000.0	MaloneBailey LLP	50000.0	di Santo Law PLLC	50000.0						18850000.0	
0001771443-20-000001	Tier1	Unaudited	N	N	Y	Y	N	N	4000000	16000000	5.0	5.0	0.0	225000.0	0.0	225005.0	0	0.0	0	0.0	Blockchain Triangle Systems	800000.0	N/A	0.0	Simmons Associates	450000.0	N/A	0.0	Simmons Associates	75000.0		18000000.0	
0001768126-20-000009	Tier2	Audited	Y	Y	N	Y	Y	N	70700	0	23.900000000000002	1689500.0	0.0	0.0	0.0	1689500.0							EisnerAmper LLP	0.0	Duane Morris LLP	0.0	Dalmore Group, LLC	16895.0			136352	1672605.0	
0001193125-20-113682	Tier1	Audited	Y	N	N	N	N	N	1665667	0		0.0	0.0	0.0	0.0	0.0							S.R. Snodgrass, P.C.	0.0	Stevens & Lee, P.C.	50000.0							Shares of issuer's common stock will be issued to Shareholders of Clarion County Community Bank in connection with the formation of a one-bank holding company.
0001213900-20-009624	Tier2	Audited	Y	Y	N	Y	N	N	200000000	0	0.25	50000000.0	0.0	0.0	0.0	50000000.0							Mayer Hoffman McCann P.C.	25000.0	Sheppard, Mullin, Richter & Hampton, LLP	150000.0							
0001766280-20-000003	Tier2	Audited	N	N	N	Y	N	N	160	160	6880.0	6880.0	0.0	0.0	0.0	6880.0																1100800.0	
0001477932-20-002055	Tier2	Audited	N	N	N	Y	N	N	57000000	5000000	0.5	49875000.0	0.0	0.0	0.0	49875000.0		0.0	Dalmore Group, LLC	498750.0		0.0	Alan T. Schiffman, CPA, PC	5000.0	Trowbridge Sidoti	50000.0		0.0		0.0		49376250.0	
0001493152-20-006617	Tier2	Audited	Y	Y	N	Y	Y	N	49500	0	20.0	990000.0	0.0	0.0	0.0	990000.0	SDDCO Brokerage Advisors LLC	16614.0	SDDCO Brokerage Advisors LLC	29700.0	N/A	0.0	N/A	0.0	Anthony L.G., PLLC	5000.0	N/A	0.0	N/A	5000.0	153563	990000.0	Estimated Net Proceeds Calculation (above) of $990,000 does not include any offering fees as all fees in connection with the offering are to be paid by Masterworks Administrative Services, LLC.
0001104659-20-048054	Tier2	Audited	Y	N	N	Y	N	N	718870	130240	7.79	5600000.0	0.0	0.0	0.0	5600000.0	SI Securities, LLC	490000.0					Cherry Bekaert LLP	100406.0	CrowdCheck Law LLP	60000.0					170937	4982711.0	Sales Commissions estimate assumes the maximum amount of commissions payable to SI Securities, LLC for their services in this offering. The company also estimates it will incur $2,500 in Edgarization fees in addition to the fees above
0001104659-20-048004	Tier2	Audited	Y	N	N	Y	N	N	9500000	0	2.0	19000000.0	0.0	0.0	0.0	19000000.0			SI Securities, LLC	1662500.0			D. Brooks and Associates CPA's, P.A.	25000.0	Anthony L.G., PLLC	125000.0	The Ridge, LLC	60000.0	Anthony L.G., PLLC	7000.0	170937	17120500.0	Estimated Net Proceeds Calculation of $17,120,500.00 includes Estimated Fees of: Advertising: $1,900,000; Financial Printer Fees: $12,000; and Transfer Agent Fees: $500.
0001683168-20-001212	Tier1	Unaudited	N	N	N	Y	N	N	13599998	26100665	0.1	10000000.0	26666.5	0.0	0.0	10026666.5									Jonathan D. Leinwand, P.A.	50000.0						10000000.0	
0001683168-20-001211	Tier1	Unaudited	Y	N	Y	Y	N	N	300000000	18010196	0.001	3000000.0	0.0	0.0	0.0	3000000.0									Donnell E. Suares, Esq.	35000.0			Various States	2500.0		2940000.0	
0001477932-20-002000	Tier2	Audited	N	N	N	Y	N	N	50000	0	1000.0	50000000.0	0.0	0.0	0.0	50000000.0		0.0		0.0		0.0	Alan T. Schiffman, CPA, PC	10000.0	Trowbridge Sidoti	40000.0		0.0		0.0		50000000.0	
0001683168-20-001195	Tier1	Unaudited	N	N	N	Y	N	N	13599998	26100665	0.1	10000000.0	26666.5	0.0	0.0	10026666.5									Jonathan D. Leinwand, P.A.	50000.0						10000000.0	
0001445866-20-000395	Tier1	Unaudited	Y	N	N	Y	N	N	125000000	90535416	0.025	3125000.0	0.0	0.0	0.0	3125000.0		0.0		0.0		0.0		0.0	STOUT LAW GROUP, PA	25000.0		0.0		0.0		4975000.0	
0001445866-20-000390	Tier2	Audited	Y	Y	N	Y	N	N	17491304	15408024	1.1500000000000001	1.1500000000000001	0.0	0.0	0.0	1.1500000000000001			StartEngine Primary LLC	1000000.0			Indigo Spire	19500.0	Carman Lehnhof Israelsen	50000.0					291773	18930500.0	
0001709247-20-000004	Tier1	Unaudited	N	N	N	N	N	N	20000000	252661500	1.0	0.0	0.0	0.0	0.0	0.0			Tumbling Dragons LLC	1650000.0													
0001213900-20-009062	Tier1	Unaudited	Y	N	Y	Y	N	N	50000000	99610855	0.4	20000000.0	0.0	0.0	0.0	20000000.0			Dalmore Group, LLC	400000.0					Eilers Law Group, P.A.	17500.0					136352	19582500.0	
0001076310-20-000004	Tier1	Unaudited	N	Y	N	N	N	N	277777770	277777770	0.18	5000000.0	0.0	0.0	0.0	5000000.0																	No activity in these areas yet as of this filing.
0001683168-20-001148	Tier1	Unaudited	N	N	N	Y	N	N	13599998	26100665	0.1	10000000.0	26666.5	0.0	0.0	10026666.5									Jonathan D. Leinwand, P.A.	50000.0						10000000.0	
0001683168-20-001145	Tier2	Audited	Y	Y	N	Y	N	N	85714284	0	1.0	50000000.0	0.0	0.0	0.0	50000000.0			Dalmore Group, LLC	525000.0			IndogoSpire CPA Group, LLC	13500.0	CrowdCheck Law, LLP / Wilson Sonsini Goodrich & Rosati	80000.0					136352	45781500.0	The Company estimates additional fees of $65,000 to Novation Solutions Inc. (O/A DealMaker) for technology services, and $3,000,000 to Hybrid Financial for providing a call-center for the Company.
0001445866-20-000364	Tier1	Unaudited	Y	N	N	Y	N	N	125000000	90535416	0.025	3125000.0	0.0	0.0	0.0	3125000.0		0.0		0.0		0.0		0.0	STOUT LAW GROUP, PA	25000.0		0.0		0.0		4975000.0	
0001766280-20-000001	Tier2	Audited	N	N	N	Y	N	N	160	160	6880.0	6880.0	0.0	0.0	0.0	6880.0																1100800.0	
0001493152-20-006079	Tier1	Unaudited	Y	N	N	Y	N	N	500000	8044233	2.0	1000000.0	0.0	0.0	0.0	1000000.0									Andrew Coldicutt, Esq.	15000.0			Various States	3000.0		970000.0	
0001640334-20-000752	Tier2	Audited	Y	Y	N	Y	N	N	106500000	37218925	0.4	49700000.0	0.0	0.0	0.0	49700000.0	None	0.0	Dalmore Group LLC	0.0	None	0.0	Crowe MacKay LLP	0.0	Greenberg Traurig LLP and Segev LLP	0.0	None	0.0	Various States	0.0	136362	48730000.0	Offering consists of 71,000,000 Units to be sold at $0.40 per Unit; each Unit is comprised of one common share and one-half Common Share purchase warrant exercisable at $0.60 per warrant share.
0001104659-20-044694	Tier2	Audited	Y	N	N	Y	N	N	718870	130240	7.79	5600000.0	0.0	0.0	0.0	5600000.0	SI Securities, LLC	490000.0					Cherry Bekaert LLP	100406.0	CrowdCheck Law LLP	60000.0					170937	4982711.0	Sales Commissions estimate assumes the maximum amount of commissions payable to SI Securities, LLC for their services in this offering. The company also estimates it will incur $2,500 in Edgarization fees in addition to the fees above
0001437749-20-007314	Tier2	Audited	Y	N	N	Y	Y	N	5500	0	50.0	275000.0	0.0	0.0	0.0	275000.0	N/A	0.0	N/A	0.0	N/A	0.0	DEAN DORTON ALLEN FORD, PLLC	0.0	FROST BROWN TODD LLC	0.0	NORTH CAPITAL PRIVATE SECURITIES CORPORATION	12750.0	N/A	0.0	154559	272250.0	
0001683168-20-001126	Tier2	Audited	Y	Y	N	Y	N	N	48735	35586		6381510.0	0.0	0.0	0.0	6381510.0							IndigoSpire CPA Group, LLC	0.0	Procopio, Cory, Hargreaves & Savitch, LLP	0.0						6381510.0	Estimated net proceeds do not reflect offering expenses because such expenses will be paid by the Manager.
0001437749-20-007246	Tier2	Audited	Y	N	N	Y	Y	N	5500	0	50.0	275000.0	0.0	0.0	0.0	275000.0	N/A	0.0	N/A	0.0	N/A	0.0	DEAN DORTON ALLEN FORD, PLLC	0.0	FROST BROWN TODD LLC	0.0	NORTH CAPITAL PRIVATE SECURITIES CORPORATION	12750.0	N/A	0.0	154559	272250.0	
0001731122-20-000349	Tier2	Audited	Y	Y	N	Y	N	N	50000	49375	1000.0	49375000.0	0.0	625000.0	0.0	50000000.0							Armanino LPP	10000.0	Geraci Law Firm	0.0							
0001477932-20-001838	Tier2	Audited	N	N	N	Y	N	N	6000	2000		308000.0	0.0	90000.0	0.0	398000.0		0.0		0.0		0.0	IndigoSpire	15000.0	Trowbridge Sidoti	50000.0		0.0		0.0		0.0	
0001171520-20-000172	Tier2	Audited	Y	N	N	Y	N	N	50000000	100000000	0.1	5000000.0	0.0	0.0	0.0	5000000.0							Goff Backa Alfera & Company, LLC,	20000.0	BrannellyLaw PLLC	20000.0						5000000.0	
0001493152-20-005915	Tier2	Audited	Y	Y	N	Y	Y	N	38500	0	20.0	770000.0	0.0	0.0	0.0	770000.0	SDDCO Brokerage Advisors LLC	14033.0	SDDCO Brokerage Advisors LLC	23100.0	N/A	0.0	N/A	0.0	Anthony L.G., PLLC	5000.0	N/A	0.0	N/A	5000.0	153563	770000.0	Estimated Net Proceeds Calculation (above) of $770,000 does not include any offering fees as all fees in connection with the offering are to be paid by Masterworks Administrative Services, LLC.
0001104659-20-043251	Tier2	Audited	Y	N	N	Y	N	N	718870	130240	7.79	5600000.0	0.0	0.0	0.0	5600000.0	SI Securities, LLC	490000.0					Cherry Bekaert LLP	100406.0	CrowdCheck Law LLP	60000.0					170937	4982711.0	Sales Commissions estimate assumes the maximum amount of commissions payable to SI Securities, LLC for their services in this offering. The company also estimates it will incur $2,500 in Edgarization fees in addition to the fees above
0001104659-20-043243	Tier2	Audited	Y	Y	Y	Y	N	N	526315	0		9210512.5	0.0	0.0	0.0	9210512.5			SI Securities, LLC	0.0			Cherry Bekaert LLP	0.0	Manatt, Phelps & Phillips, LLP; Robbins Ross Alloy Belinfante Littlefield LLC	0.0					170937		This offering circular qualifies both shares of Series B Preferred Stock offered & shares of Common Stock issuable upon conversion of such shares.
0001493152-20-005704	Tier1	Audited	Y	N	Y	Y	N	N	100000000	101153756	0.0001	1000000.0	0.0	0.0	0.0	1000000.0									Andrew Coldicutt, Esq	18000.0			Various States	3000.0			
0001493152-20-005665	Tier2	Audited	Y	Y	N	Y	N	N	15000000	233011454	2.0	30000000.0	0.0	0.0	0.0	30000000.0	Dalmore Group, LLC	10000.0	Dalmore Group, LLC	300000.0	N/A	0.0	NVS Chartered Accountants	40000.0	Anthony L.G., PLLC	100000.0	N/A	0.0	Anthony L.G., PLLC	15000.0	136352	29535000.0	Net Proceeds Calculation of $29,535,000 includes Additional Estimated Fees of: Transfer Agent Fees of $20,000, Technology Agent Fees of $155,000 and FINRA Filing Fees of $5,000.
0001493152-20-005638	Tier2	Audited	Y	Y	N	Y	Y	N	82500	0	20.0	1650000.0	0.0	0.0	0.0	1650000.0	SDDCO Brokerage Advisors LLC	21202.0	SDDCO Brokerage Advisors LLC	45000.0	N/A	0.0	N/A	0.0	Anthony L.G., PLLC	5000.0	N/A	0.0	N/A	5000.0	153563	1650000.0	Estimated Net Proceeds Calculation (above) of $1,650,000 does not include any offering fees as all fees in connection with the offering are to be paid by Masterworks Administrative Services, LLC.
0001768126-20-000004	Tier2	Audited	Y	Y	N	Y	Y	N	70700	0	23.900000000000002	1689500.0	0.0	0.0	0.0	1689500.0							EisnerAmper LLP	0.0	Duane Morris LLP	0.0	Dalmore Group, LLC	16895.0			136352	1672605.0	
