ACCESSION_NUMBER	SI_ID	ISSUEDSECURITIESTITLE
0001445866-20-000930	1	Class A Unit
0001445866-20-000930	2	Class B Unit
0001264931-20-000134	1	Common Stock, $.001 par value
0001775196-20-000004	1	Class A Common Stock
0001731122-20-000666	1	Limited Partnership Units and General Partnership Units
0001654954-20-006845	1	Senior Secured Bonds
0001493152-20-011482	1	Worthy II Bonds
0001104659-20-074855	1	Series B Preferred Stock
0001654954-20-006800	1	Common Stock
0001104659-20-074616	1	Common Shares
0001683168-20-001978	1	Series A Preferred Stock
0001683168-20-001972	1	Class A Interests
0001213900-20-015058	1	Class A Investor Shares
0001735770-20-000003	1	Class A Common Stock
0001213900-20-015025	1	Props Tokens
0001104659-20-073430	1	Class A Common Stock
0001780914-20-000002	1	Class B Common Stock
0001104659-20-073370	1	Class A Preferred Stock
0001104659-20-073365	1	Class A Preferred Stock
0001052918-20-000149	1	Series A Preferred Stock
0001104659-20-073057	1	Units
0001731122-20-000646	1	Limited Partnership Units and General Partnership Units
0001646269-20-000009	1	Class B Units
0001646269-20-000008	1	Common Stock
0001213900-20-014852	1	Series A Preferred Stock
0001723028-20-000012	1	COMMON STOCK
0001654954-20-006546	1	Common Stock
0001104659-20-072815	1	Class A Common Stock
0001731122-20-000638	1	Class A Interests
0001104659-20-072485	1	Common Shares
0001104659-20-072469	1	Series A Preferred Stock
0001104659-20-070934	1	Common Stock
0001654954-20-006264	1	Senior Secured Bonds
0001104659-20-066319	1	Common Stock
0001683168-20-001705	1	Common Stock
0001193125-20-148975	1	Unclassified Shares of Common Stock
0001079973-20-000433	1	Class A voting common stock and Class B nonvoting common stock
0001193125-20-146109	1	Class A Common Stock
0001477932-20-002917	1	Common Stock
0001079973-20-000429	1	Class A voting common stock and Class B nonvoting common stock
0001104659-20-062894	1	Series m Preferred Stock; Series S Preferred Stock
0001171520-20-000228	1	Common Stock
0001651699-20-000010	1	Common
0001104659-20-062617	1	None
0001651699-20-000006	1	Common
0001477932-20-002702	1	Common Stock
0001213900-20-011970	1	Class A Common and Corporate Notes
0001104659-20-060255	1	Series m Preferred Stock; Series S Preferred Stock
0001104659-20-060190	1	Class A Preferred Stock
0001520138-20-000197	1	Common Stock
0001654954-20-004953	1	Common Stock
0001477932-20-002339	1	Common Stock
0001761911-20-000007	1	Class A Common shares
0001760319-20-000014	1	Common Stock
0001104659-20-054422	1	Series A Preferred Stock
0001654954-20-004703	1	Series A Bonds, Series B Bonds, Series Ra Bonds and Series Rb Bonds
0001721469-20-000006	1	COMMON SHARES
0001104659-20-053620	1	Debentures
0001477932-20-002285	1	Series A 2019 Eco-Tree Units
0001010549-20-000068	1	Common Stock
0001104659-20-053560	1	Common Shares
0001214659-20-003866	1	CNote Notes
0001688804-20-000002	1	Series #69BM1 membership interests
0001688804-20-000002	2	Series #85FT1 membership interests
0001688804-20-000002	3	Series #88LJ1 membership interests
0001688804-20-000002	4	Series #55PS1 membership interests
0001688804-20-000002	5	Series #95BL1 membership interests
0001688804-20-000002	6	Series #89PS1 membership interests
0001688804-20-000002	7	Series #90FM1 membership interests
0001688804-20-000002	8	Series #83FB1 membership interests
0001688804-20-000002	9	Series #98DV1 membership interests
0001688804-20-000002	10	Series #93XJ1 membership interests
0001688804-20-000002	11	Series #06FS1 membership interests
0001688804-20-000002	12	Series #02AX1 membership interests
0001688804-20-000002	13	Series #99LE1 membership interests
0001688804-20-000002	14	Series #91MV1 membership interests
0001688804-20-000002	15	Series #92LD1 membership interests
0001688804-20-000002	16	Series #94DV1 membership interests
0001688804-20-000002	17	Series #00FM1 membership interests
0001688804-20-000002	18	Series #72MC1 membership interests
0001688804-20-000002	19	Series #06FG1 membership interests
0001688804-20-000002	20	Series #11BM1 membership interests
0001688804-20-000002	21	Series #80LC1 membership interests
0001688804-20-000002	22	Series #02BZ1 membership interests
0001688804-20-000002	23	Series #88BM1 membership interests
0001688804-20-000002	24	Series #63CC1 membership interests
0001688804-20-000002	25	Series #76PT1 membership interests
0001688804-20-000002	26	Series #75RA1 membership interests
0001688804-20-000002	27	Series #65AG1 membership interests
0001688804-20-000002	28	Series #93FS1 membership interests
0001688804-20-000002	29	Series #61JE1 membership interests
0001688804-20-000002	30	Series #90MM1 membership interests
0001688804-20-000002	31	Series #65FM1 membership interests
0001688804-20-000002	32	Series #88PT1 membership interests
0001688804-20-000002	33	Series #94LD1 membership interests
0001688804-20-000002	34	Series #99SS1 membership interests
0001688804-20-000002	35	Series #94FS1 membership interests
0001688804-20-000002	36	Series #61MG1 membership interests
0001688804-20-000002	37	Series #92CC1 membership interests
0001688804-20-000002	38	Series #89FT1 membership interests
0001688804-20-000002	39	Series #80PN1 membership interests
0001688804-20-000002	40	Series #89FG2 membership interests
0001688804-20-000002	41	Series #88LL1 membership interests
0001104659-20-053523	1	Class A Preferred Stock
0001493152-20-007378	1	Common Stock
0001493152-20-007373	1	Common Shares
0001493152-20-007370	1	Class A ordinary shares
0001493152-20-007365	1	Class A ordinary shares
0001493152-20-007362	1	Class A ordinary shares
0001493152-20-007359	1	Class A ordinary shares
0001493152-20-007354	1	Class A ordinary shares
0001594062-20-000032	1	Units consisting of Common Stock, no par value and Warrants exercisable into additional shares of Common Stock
0001683168-20-001319	1	Common Stock Class A
0001767876-20-000003	2	Series Drop 002 Interests
0001767876-20-000003	9	Series Gallery Drop 015 Interests
0001767876-20-000003	8	Series Gallery Drop 014 Interests
0001767876-20-000003	7	Series Drop 010 Interests
0001767876-20-000003	6	Series Drop 008 Interests
0001767876-20-000003	5	Series Drop 005 Interests
0001767876-20-000003	4	Series Drop 004 Interests
0001767876-20-000003	3	Series Drop 003 Interests
0001767876-20-000003	1	Series #KW Interests
0001193125-20-126087	1	Unclassified Shares of Common Stock
0001193125-20-126056	1	Unclassified Shares of Common Stock
0001104659-20-053324	1	Common Shares and Series T Preferred Stock
0001104659-20-053287	1	Common Stock
0001477932-20-002253	1	Senior Secured Demand Notes
0001104659-20-053237	1	Non-voting Common Stock
0001104659-20-053221	1	Series A Non-Voting Preferred Stock
0001683168-20-001313	2	Class A Bonds
0001683168-20-001313	1	Class A Common Stock
0001683168-20-001312	1	Series LLC Interests
0001683168-20-001307	1	Common Stock
0001751158-20-000019	1	Common Shares
0001104659-20-052835	1	Series D Preferred Stock
0001193125-20-124379	1	Stacks Tokens
0001477932-20-002235	1	Class A Interests
0001213900-20-010304	1	Common stock, par value $0.0001
0001104659-20-052110	1	Common Stock
0001104659-20-051903	1	Limited Recourse Obligations
0001104659-20-051829	1	Common Shares
0001104659-20-051694	1	Series A Preferred Stock; Series B Preferred Stock
0001493152-20-007129	1	Worthy Bonds
0001104659-20-051146	1	Common Shares
0001104659-20-051120	1	Common Shares
0001594062-20-000030	1	Common Shares, no par value, Warrants and Common Shares underlying the Warrants
0001104659-20-050500	1	Common Shares
0001104659-20-050509	1	Common Shares
0001104659-20-049851	1	Common Shares
0001104659-20-049838	1	Common Shares
0001477932-20-002114	1	Class A Interests
0001104659-20-049379	1	Common Shares
0001768126-20-000008	4	Series #10COBB membership interests
0001768126-20-000008	5	Series #POTTER membership interests
0001768126-20-000008	6	Series #TWOCITIES membership interests
0001768126-20-000008	7	Series #FROST membership interests
0001768126-20-000008	8	Series #BIRKINBLEU membership interests
0001768126-20-000008	9	Series #SMURF membership interests
0001768126-20-000008	10	Series #70RLEX membership interests
0001768126-20-000008	11	Series #EINSTEIN membership interests
0001768126-20-000008	12	Series #HONUS membership interests
0001768126-20-000008	13	Series #75ALI membership interests
0001768126-20-000008	14	Series #71ALI membership interests
0001768126-20-000008	3	Series #RLEXPEPSI membership interests
0001768126-20-000008	1	Series #52MANTLE membership interests
0001768126-20-000008	2	Series #71MAYS membership interests
0001104659-20-049358	1	Common Shares
0001214659-20-003605	1	Class A non-voting preferred shares with $1,000 par value per share
0001493152-20-006825	1	10,475,000 SHARES OF COMMON STOCK
0001104659-20-048858	1	Common Shares
0001104659-20-048313	1	Common Shares
0001104659-20-047818	1	Common Shares
0001104659-20-046936	1	Common Stock
0001104659-20-046096	1	Common Shares
0001193125-20-105571	1	Limited Liability Company Interests
0001104659-20-046092	1	Common Shares
0001104659-20-045313	1	Common Shares
0001104659-20-045311	1	Common Shares
0001104659-20-043337	1	Limited Recourse Obligations and Equity
0001654954-20-003767	1	Common Stock
0001161697-20-000148	1	Common Stock
0001062993-20-001598	1	Common Stock
0001768126-20-000003	3	Series #RLEXPEPSI membership interests
0001768126-20-000003	4	Series #10COBB membership interests
0001768126-20-000003	5	Series #POTTER membership interests
0001768126-20-000003	6	Series #TWOCITIES membership interests
0001768126-20-000003	7	Series #FROST membership interests
0001768126-20-000003	8	Series #BIRKINBLEU membership interests
0001768126-20-000003	9	Series #SMURF membership interests
0001768126-20-000003	10	Series #70RLEX membership interests
0001768126-20-000003	11	Series #EINSTEIN membership interests
0001768126-20-000003	12	Series #HONUS membership interests
0001768126-20-000003	13	Series #75ALI membership interests
0001768126-20-000003	14	Series #71ALI membership interests
0001768126-20-000003	1	Series #52MANTLE membership interests
0001768126-20-000003	2	Series #71MAYS membership interests
0001213900-20-008274	1	Common Units
