ACCESSION_NUMBER	SO_ID	SECURITIESOFFEREDTYPES	SECURITIESOFFEREDOTHERDESC
0001213900-15-004857	1	Equity (common or preferred stock)	
0001587999-15-000011	1	Equity (common or preferred stock)	
0001587999-15-000010	1	Equity (common or preferred stock)	
0001579586-15-000007	1	Equity (common or preferred stock)	
0001579586-15-000006	1	Equity (common or preferred stock)	
0001627469-15-000017	1	Equity (common or preferred stock)	
0001213900-15-004775	1	Equity (common or preferred stock)	
0001587999-15-000007	1	Equity (common or preferred stock)	
0001587999-15-000005	1	Equity (common or preferred stock)	
0001587999-15-000004	1	Equity (common or preferred stock)	
0001587999-15-000003	1	Equity (common or preferred stock)	
0001645471-15-000001	1	Equity (common or preferred stock)	
