ACCESSION_NUMBER	EMP_ID	ISSUERNAME	JURISDICTIONORGANIZATION	YEARINCORPORATION	CIK	SICCODE	FULLTIMEEMPLOYEES	PARTTIMEEMPLOYEES
0001213900-15-004857	1	AWA Group LP	DE	2015	0001645148	6282	2	0
0001587999-15-000011	1	Western Gateway Region Rural Broadband Company, Inc.	AZ	2015	0001640170	7380	1	9
0001587999-15-000010	1	Southern Tier Region Rural Broadband Company, Inc.	NY	2013	0001587999	7380	1	9
0001579586-15-000007	1	Finger Lakes Region Rural Broadband Company, Inc.	NY	2013	0001579586	7380	1	9
0001579586-15-000006	1	Mid-Hudson Broadband Co	NY	2013	0001644516	7380	1	9
0001627469-15-000017	1	Weed Real Estate, Inc.	NV	2015	0001643584	6512	0	1
0001213900-15-004775	1	AWA Group LP	DE	2015	0001645148	6282	2	0
0001587999-15-000007	1	Mid-Hudson Broadband Co	NY	2013	0001644516	7380	1	9
0001587999-15-000005	1	Western Gateway Region Rural Broadband Company, Inc.	AZ	2015	0001640170	7380	1	9
0001587999-15-000004	1	Finger Lakes Region Rural Broadband Company, Inc.	NY	2013	0001579586	7380	1	9
0001587999-15-000003	1	Southern Tier Region Rural Broadband Company, Inc.	NY	2013	0001587999	7380	1	9
0001645471-15-000001	1	Tuscan Gardens Secured Income Fund LLC	FL	2015	0001645471	6500	0	0
