ACCESSION_NUMBER	ED_ID	TYPE	NAME	OUTSTANDING	CUSIP	PUBLICYTRADED
0001213900-15-004857	1	Debt Securities	Class M Units	1050000	N/A	N/A
0001213900-15-004857	1	Common	Class A Common Units	2001378	N/A	N/A
0001213900-15-004857	1	Preferred	Class B Units	0	N/A	N/A
0001587999-15-000011	1	Common	common voting	200000	0	0
0001587999-15-000011	1	Preferred	0	0	0	0
0001587999-15-000011	1	Debt Securities	0	0	0	0
0001587999-15-000010	1	Common	common voting	200000	0	0
0001587999-15-000010	1	Preferred	0	0	0	0
0001587999-15-000010	1	Debt Securities	0	0	0	0
0001579586-15-000007	1	Debt Securities	0	0	0	0
0001579586-15-000007	1	Common	common voting	200000	0	0
0001579586-15-000007	1	Preferred	0	0	0	0
0001579586-15-000006	1	Debt Securities	0	0	0	0
0001579586-15-000006	1	Preferred	0	0	0	0
0001579586-15-000006	1	Common	common voting	200000	0	0
0001627469-15-000017	1	Debt Securities	none	0	000000000	0
0001627469-15-000017	1	Common	common stock	64500000	000000000	none
0001627469-15-000017	1	Preferred	preferred stock	2000000	000000000	none
0001213900-15-004775	1	Common	Class A Common Units	2001378	N/A	N/A
0001213900-15-004775	1	Preferred	Class B Units	0	N/A	N/A
0001213900-15-004775	1	Debt Securities	Class M Units	1050000	N/A	N/A
0001587999-15-000007	1	Preferred	0	0	0	0
0001587999-15-000007	1	Debt Securities	0	0	0	0
0001587999-15-000007	1	Common	common voting	200000	0	0
0001587999-15-000005	1	Common	common voting	200000	0	0
0001587999-15-000005	1	Debt Securities	0	0	0	0
0001587999-15-000005	1	Preferred	0	0	0	0
0001587999-15-000004	1	Common	common voting	200000	0	0
0001587999-15-000004	1	Preferred	0	0	0	0
0001587999-15-000004	1	Debt Securities	0	0	0	0
0001587999-15-000003	1	Debt Securities	0	0	0	0
0001587999-15-000003	1	Preferred	0	0	0	0
0001587999-15-000003	1	Common	common voting	200000	0	0
0001645471-15-000001	1	Debt Securities	0	0	0	0
0001645471-15-000001	1	Preferred	0	0	0	0
0001645471-15-000001	1	Common	0	0	0	0
