ACCESSION_NUMBER	STREET1	STREET2	CITY	STATEORCOUNTRY	ZIPCODE	PHONENUMBER	CONNECTIONNAME	INDUSTRYGROUP	CASHEQUIVALENTS	INVESTMENTSECURITIES	TOTALINVESTMENTS	ACCOUNTSRECEIVABLE	LOANS	PROPERTYPLANTEQUIPMENT	PROPERTYANDEQUIPMENT	TOTALASSETS	ACCOUNTSPAYABLE	POLICYLIABILITIESANDACCRUALS	DEPOSITS	LONGTERMDEBT	TOTALLIABILITIES	TOTALSTOCKHOLDEREQUITY	TOTALLIABILITIESANDEQUITY	TOTALREVENUES	TOTALINTERESTINCOME	COSTANDEXPENSESAPPLTOREVENUES	TOTALINTERESTEXPENSES	DEPRECIATIONANDAMORTIZATION	NETINCOME	EARNINGSPERSHAREBASIC	EARNINGSPERSHAREDILUTED	NAMEAUDITOR	CERTIFYIFTRUE	CERTIFYIFNOTDISQUALIFIED	CERTIFYIFBADACTOR	JURISDICTIONSOFSECOFFEREDNONE	JURISDICTIONSOFSECOFFEREDSAME	IFUNREGSITEREDNONE	SECURITIESACTEXCEMPTION
0001213900-15-004857	116 SOUTH FRANKLIN STREET,		ROCKY MOUNT	NC	27804	252-984-3800	William M. Mower	Other	0.0	0.0		0.0		0.0		0.0	0.0			0.0	0.0	0.0	0.0	0.0		0.0		0.0	0.0	0.0	0.0	McGladrey LLP	true	true	false	false	true	false	The foregoing transactions were deemed to be exempt from the registration requirements of the Securities Act of 1933 by virtue of Section 4(2) thereof, as a transaction by an issuer not involving a public offering.
0001587999-15-000011	1050 CONNECTICUT AVE., NW	10TH FLOOR	WASHINGTON	DC	20036	202-321-7969	Tony Ramos	Other	0.0	0.0		0.0		0.0		0.0	0.0			0.0	0.0	0.0	0.0	0.0		0.0		0.0	0.0	0.0	0.0	0	true	true	true	false	true	true	Regulation A, as amended.
0001587999-15-000010	1050 CONNECTICUT AVE., NW	10TH FLOOR	WASHINGTON	DC	20036	202-321-7969	Tony Ramos	Other	0.0	0.0		0.0		0.0		0.0	0.0			0.0	0.0	0.0	0.0	0.0		0.0		0.0	0.0	0.0	0.0	0	true	true	true	false	true	true	Regulation A, as amended.
0001579586-15-000007	1050 CONNECTICUT AVE. NW	10TH FLOOR	WASHINGTON	DC	20036	202-321-7969	Tony Ramos	Other	0.0	0.0		0.0		0.0		0.0	0.0			0.0	0.0	0.0	0.0	0.0		0.0		0.0	0.0	0.0	0.0	0	true	true	true	false	true	true	Regulation A, as amended.
0001579586-15-000006	1050 CONNECTICUT AVE., NW	10TH FLOOR	WASHINGTON	DC	20036	202-321-7969	Tony Ramos	Other	0.0	0.0		0.0		0.0		0.0	0.0			0.0	0.0	0.0	0.0	0.0		0.0		0.0	0.0	0.0	0.0	0	true	true	true	false	true	true	Regulation A, as amended.
0001627469-15-000017	340 W. 42ND STREET, FL 2, P.O. BOX 2455		NEW YORK	NY	10036	631-991-5461	Thomas DeNunzio	Other	0.0	0.0		0.0		0.0		0.0	3365.0			0.0	3365.0	3365.0	0.0	0.0		0.0		0.0	-25439.0	0.0	62019231.0	Scrudato & Co., PA	true	true				true	Section 4 (2) of the Act
0001213900-15-004775	116 South Franklin Street,		Rocky Mount	NC	27804	252-984-3800	William M. Mower	Other	0.0	0.0		0.0		0.0		0.0	0.0			0.0	0.0	0.0	0.0	0.0		0.0		0.0	0.0	0.0	0.0	McGladrey LLP	true	true	false	false	true	false	The foregoing transactions were deemed to be exempt from the registration requirements of the Securities Act of 1933 by virtue of Section 4(2) thereof, as a transaction by an issuer not involving a public offering.
0001587999-15-000007	1050 Connecticut Ave., NW	10th floor	Washington	DC	20036	202-321-7969	Tony Ramos	Other	0.0	0.0		0.0		0.0		0.0	0.0			0.0	0.0	0.0	0.0	0.0		0.0		0.0	0.0	0.0	0.0	0	true	true	true	false	true	true	Regulation A, as amended.
0001587999-15-000005	1050 Connecticut  Ave., NW	10th floor	Washington	DC	20036	202-321-7969	Tony Ramos	Other	0.0	0.0		0.0		0.0		0.0	0.0			0.0	0.0	0.0	0.0	0.0		0.0		0.0	0.0	0.0	0.0	0	true	true	true	false	true	true	Regulation A, as amended.
0001587999-15-000004	1050 CONNECTICUT AVE. NW	10TH FLOOR	WASHINGTON	DC	20036	202-321-7969	Tony Ramos	Other	0.0	0.0		0.0		0.0		0.0	0.0			0.0	0.0	0.0	0.0	0.0		0.0		0.0	0.0	0.0	0.0	0	true	true	true	false	true	true	Regulation A, as amended.
0001587999-15-000003	1050 CONNECTICUT AVE., NW	10TH FLOOR	WASHINGTON	DC	20036	202-321-7969	Tony Ramos	Other	0.0	0.0		0.0		0.0		0.0	0.0			0.0	0.0	0.0	0.0	0.0		0.0		0.0	0.0	0.0	0.0	0	true	true	true	false	true	true	Regulation A, as amended.
0001645471-15-000001	189 South Orange Avenue, Suite 1650		Orlando	FL	32801	407-331-8004	Myra Nicholson	Other	50000.0	0.0		0.0		0.0		50000.0	0.0			0.0	0.0	50000.0	50000.0	0.0		0.0		0.0	0.0	0.0	0.0	Clifton Larson Allen	true	true	false	true	false	false	The sales were made pursuant to Regulation D, rule 506. The Form D was filed with regards to each entity.
