ACCESSION_NUMBER	SECURITY_ID	SECURITIESISSUERNAME	SECURITIESISSUERTITLE	SECURITIESISSUEDTOTALAMOUNT	SECURITIESPRINCIPALHOLDERAMT	SECURITIESISSUEDAGGREGATEAMT	AGGREGATECONSIDERATIONBASIS
0001213900-15-004857	2	AWA Group LP	Class A Common Units	2001378	1	$1,731,922. Per Unit amounts were computed on a per issuance basis based on agreement between the Partnership and the investor.	The Common Unit issued to IAMC was issued upon formation of the Partnership (and as noted above will be cancelled upon the sale of the minimum amount of Common Units in this Offering) for no consideration.
0001213900-15-004857	1	AWA Group LP	Class A Common Units	2001378	1	$1,731,922. Per Unit amounts were computed on a per issuance basis based on agreement between the Partnership and the investor.	The Common Unit issued to IAMC was issued upon formation of the Partnership (and as noted above will be cancelled upon the sale of the minimum amount of Common Units in this Offering) for no consideration.
0001213900-15-004775	2	AWA Group LP	Class A Common Units	2001378	1	$1,731,922. Per Unit amounts were computed on a per issuance basis based on agreement between the Partnership and the investor.	The Common Unit issued to IAMC was issued upon formation of the Partnership (and as noted above will be cancelled upon the sale of the minimum amount of Common Units in this Offering) for no consideration.
0001213900-15-004775	1	AWA Group LP	Class A Common Units	2001378	1	$1,731,922. Per Unit amounts were computed on a per issuance basis based on agreement between the Partnership and the investor.	The Common Unit issued to IAMC was issued upon formation of the Partnership (and as noted above will be cancelled upon the sale of the minimum amount of Common Units in this Offering) for no consideration.
0001645471-15-000001	2	Tuscan Gardens Income Fund LLC	Preferred Membership Interest	2875000	0	Each unit sold for $10,000 with a minimum purchase of 5 units.	
0001645471-15-000001	3	Tuscan Gardens Income Fund LLC	Preferred Membership Interest	2875000	0	Each unit sold for $10,000 with a minimum purchase of 5 units.	
0001645471-15-000001	1	Tuscan Gardens Income Fund LLC	Preferred Membership Interest	2875000	0	Each unit sold for $10,000 with a minimum purchase of 5 units.	
