ACCESSION_NUMBER	INDICATETIER1TIER2OFFERING	FINANCIALSTATEMENTAUDITSTATUS	OFFERDELAYEDCONTINUOUSFLAG	OFFERINGYEARFLAG	OFFERINGAFTERQUALIFFLAG	OFFERINGBESTEFFORTSFLAG	SOLICITATIONPROPOSEDOFFERFLAG	RESALESECURITIESAFFILIATESFLAG	SECURITIESOFFERED	OUTSTANDINGSECURITIES	PRICEPERSECURITY	ISSUERAGGREGATEOFFERING	SECURITYHOLDERAGGEGATE	QUALIFICATIONOFFERINGAGGREGATE	CONCURRENTOFFERINGAGGREGATE	TOTALAGGREGATEOFFERING	UNDERWRITERSERVICEPROVIDERNAME	UNDERWRITERSFEES	SALECOMMISSIONSSVCPROVIDERNAME	SALECOMMISSIONSSVCEROVIDERFEE	FINDERSFEESSERVICEPROVIDERNAME	FINDERFEESFEE	AUDITORSERVICEPROVIDERNAME	AUDITORFEES	LEGALSERVICEPROVIDERNAME	LEGALFEES	PROMOTERSSERVICEPROVIDERNAME	PROMOTERSFEES	BLUESKYSERVICEPROVIDERNAME	BLUESKYFEES	BROKERDEALERCRDNUMBER	ESTIMATEDNETAMOUNT	CLARIFICATIONRESPONSES
0001213900-15-004857	Tier2	Audited	Y	N	Y	Y	N	N	3125000	2001378		50000000.0	0.0	0.0	0.0	50000000.0		0.0		0.0	N/A	0.0	McGladrey LLP	0.0	Maslon LLP	0.0		0.0	N/A	0.0			
0001587999-15-000011	Tier1	Unaudited	N	N	N	N	N	N	200000	200000	100.0	20000000.0	0.0	0.0	0.0	20000000.0		0.0		0.0		0.0		0.0		0.0		0.0		0.0	0	0.0	
0001587999-15-000010	Tier1	Unaudited	N	N	N	N	N	N	200000	200000	100.0	20000000.0	0.0	0.0	0.0	20000000.0		0.0		0.0		0.0		0.0		0.0		0.0		0.0	0	0.0	
0001579586-15-000007	Tier1	Unaudited	N	N	N	N	N	N	200000	200000	100.0	20000000.0	0.0	0.0	0.0	20000000.0		0.0	0	0.0	0	0.0		0.0		0.0		0.0		0.0	0	0.0	
0001579586-15-000006	Tier1	Unaudited	N	N	N	N	N	N	200000	200000	100.0	20000000.0	0.0	0.0	0.0	20000000.0		0.0		0.0		0.0		0.0		0.0		0.0		0.0	0	0.0	
0001627469-15-000017	Tier2	Audited	Y	N	N	Y	N	Y	62500000	64500000	2.0	1250000.0	375000.0	0.0	0.0	1625000.0																	
0001213900-15-004775	Tier2	Audited	Y	N	Y	Y	N	N	3125000	2001378		50000000.0	0.0	0.0	0.0	50000000.0		0.0		0.0	N/A	0.0	McGladrey LLP	0.0	Maslon LLP	0.0		0.0	N/A	0.0			
0001587999-15-000007	Tier1	Unaudited	N	N	N	N	N	N	200000	200000	100.0	20000000.0	0.0	0.0	0.0	20000000.0		0.0		0.0		0.0		0.0		0.0		0.0		0.0	0	0.0	
0001587999-15-000005	Tier1	Unaudited	N	N	N	N	N	N	200000	200000	100.0	20000000.0	0.0	0.0	0.0	20000000.0		0.0		0.0		0.0		0.0		0.0		0.0		0.0	0	0.0	
0001587999-15-000004	Tier1	Unaudited	N	N	N	N	N	N	200000	200000	100.0	20000000.0	0.0	0.0	0.0	20000000.0		0.0	0	0.0	0	0.0		0.0		0.0		0.0		0.0	0	0.0	
0001587999-15-000003	Tier1	Unaudited	N	N	N	N	N	N	200000	200000	100.0	20000000.0	0.0	0.0	0.0	20000000.0		0.0		0.0		0.0		0.0		0.0		0.0		0.0	0	0.0	
0001645471-15-000001	Tier2	Audited	N	Y	N	Y	N	N	10000	0	5000.0	50000000.0	0.0	0.0	0.0	50000000.0							Clifton Larson Allen	5000.0	PinoNicholson PLLC	20000.0							
