ACCESSION_NUMBER	SECURITY_ID	SECURITIESISSUERNAME	SECURITIESISSUERTITLE	SECURITIESISSUEDTOTALAMOUNT	SECURITIESPRINCIPALHOLDERAMT	SECURITIESISSUEDAGGREGATEAMT	AGGREGATECONSIDERATIONBASIS
0001493152-17-015277	1	BRIGHTWAYS CORPORATION	Common Stock	18000	0	90,000	
0001144204-17-065568	1	Campagna Motors USA, Inc.	Common Stock	4000000	0	$3,333 at $0.0001 per share	
0001640334-17-002741	2	Webb Interactive Services Inc	Common Stock	2700000000	0	100% Allocation Media as determined by Board of Directors	
0001640334-17-002741	1	Webb Interactive Services Inc	Common Stock	2700000000	0	100% Allocation Media as determined by Board of Directors	
0001640334-17-002741	3	Webb Interactive Services Inc	Common Stock	2700000000	0	100% Allocation Media as determined by Board of Directors	
0001493152-17-015100	3	Sack Lunch Productions, Inc.	Common Stock	41401116	0	80,100 Preferred Shares	
0001493152-17-015100	2	Sack Lunch Productions, Inc.	Common Stock	41401116	0	80,100 Preferred Shares	
0001493152-17-015100	4	Sack Lunch Productions, Inc.	Common Stock	41401116	0	80,100 Preferred Shares	
0001493152-17-015100	1	Sack Lunch Productions, Inc.	Common Stock	41401116	0	80,100 Preferred Shares	
0001477932-17-006262	1	111 Crowdfunding, LLC	Class B Interests	1000	0	1000	
0001213900-17-013623	1	iPic-Gold Class Entertainment, LLC	LLC Membership Units	882518	0	$16,000,000, or 882,518 units at $18.13 each.	
0001493152-17-015000	2	VIRTRA, INC.	Series A Preferred Stock (See attached for additional issuances)	50000	0	$2,500. Shares were sold at a purchase price of $0.05 per share.	Aggregate value of options issued was $167,475.04 (an average of $1.63). Options were issued as compensation to certain officers and directors of the Company.
0001493152-17-015000	1	VIRTRA, INC.	Series A Preferred Stock (See attached for additional issuances)	50000	0	$2,500. Shares were sold at a purchase price of $0.05 per share.	Aggregate value of options issued was $167,475.04 (an average of $1.63). Options were issued as compensation to certain officers and directors of the Company.
0001144204-17-065053	2	TerraCycle US Inc.	Common Stock	500000	0	$50, based on par value of 0.0001/share	$3.42, based on par value of 0.0001/share
0001144204-17-065053	1	TerraCycle US Inc.	Common Stock	500000	0	$50, based on par value of 0.0001/share	$3.42, based on par value of 0.0001/share
0001689536-17-000008	1	Nano Stone Inc	Common	9753186	17689943	0	0
0001683168-17-003377	1	GlobalTech Holdings, Inc.	Common Stock, $0.0001 par value	48871129	0	$56,000 total cash was received. $45,000 was received as seed capital for ongoing operations with 4,094,000 shares issued. 10,743,869 shares were issued for consultants. 34,033,260 additional shares were issued for $11,000 between Langmere LLC returning their shares and the company officers receiving shares in lieu of cash compensation.	
0001659173-17-000583	1	CapWest Income, LLC	Common Membership Interest Units	75000	0	75000	
0001193125-17-376767	1	Institute for Wealth Holdings, Inc.	Series D Convertible Preferred Stock	267300	0	The aggregate consideration received for the 267,300 unregistered shares of Series D Convertible Preferred Stock issued by the Issuer was $2,517,630. The shares were sold or exchanged for $10.00 a share, except for 76,637 shares that were subject (i) a 7% discount for clients of Registered Investment Advisers or  (ii) a 15% discount for clients of broker-dealers.	
0001104659-17-074600	1	Aspen REIT, Inc.	Common Stock	100	0	$1,000 for 100 shares of common stock, par value $0.01 per share	
0001477932-17-006228	2	Aspyron Inc	Common Stock	22500000	0	$225.00 at $.00001 per share	
0001477932-17-006228	1	Aspyron Inc	Common Stock	22500000	0	$225.00 at $.00001 per share	
0001387131-17-005924	1	NA	NA	100	0	NA	
0001579586-17-000004	1	Finger Lakes Region Rural Broadband Company, Inc.	common/voting	588238	0	3000000, based upon original project size issue to first shareholders/founders at par value	
0001193125-17-373513	2	Iron Bridge Mortgage Fund, LLC	10 percent Preferred, Particip LLC Ownership Interests (Equity)	2520582	0	October 2016 - September 2017: Equity = $2,520,582	
0001193125-17-373513	1	Iron Bridge Mortgage Fund, LLC	10 percent Preferred, Particip LLC Ownership Interests (Equity)	2520582	0	October 2016 - September 2017: Equity = $2,520,582	
0001688804-17-000027	1	RSE Collection, LLC	Series #77LE1, a series of RSE Collection, LLC	2000	0	Aggregate amount: $77,700 Basis of Computing: 2000 LLC Interests at $38.85 per Interest	
0001718873-17-000014	1	Stone Bancshares, Inc.	Common Stock	90523	0	$1,179,999.02 stock was sold at book value at time of issuance which ranged from $13.03 to $13.12 per share.	
0001718873-17-000013	1	Stone Bancshares, Inc.	Common Stock	90523	0	$1,179,999.02 stock was sold at book value at time of issuance which ranged from $13.03 to $13.12 per share.	
0001144204-17-064099	2	Groundfloor Finance Inc.	LROs	16549400	0	LROs in the amount of $16,549,400 were issued and sold pursuant to Offering Circular File No. 024-10496 (as may be amended and supplemented from time to time).	
0001144204-17-064099	1	Groundfloor Finance Inc.	LROs	16549400	0	LROs in the amount of $16,549,400 were issued and sold pursuant to Offering Circular File No. 024-10496 (as may be amended and supplemented from time to time).	
0001144204-17-064099	3	Groundfloor Finance Inc.	LROs	16549400	0	LROs in the amount of $16,549,400 were issued and sold pursuant to Offering Circular File No. 024-10496 (as may be amended and supplemented from time to time).	
0001688804-17-000026	1	RSE Collection, LLC	Series #77LE1, a series of RSE Collection, LLC	2000	0	Aggregate amount: $77,700 Basis of Computing: 2000 LLC Interests at $38.85 per Interest	
0001718873-17-000009	1	Stone Bancshares, Inc.	Common Stock	90523	0	$1,179,999.02 stock was sold at book value at time of issuance which ranged from $13.03 to $13.12 per share	
0001615774-17-007349	1	Conquest Funding, Inc., a Pennsylvania Corporation	Notes Payable	1350000	0	$1,350,000.00; Book Value of Notes	
0001477932-17-006100	1	Medical Cannabis Payment Solutions	Common Stock, $.0001 par value; warrants	26250000	20000000	4,000,000 shares to two investors for a total of $100,000. $22,250,000 shares issued for services valued at $0.01 per share 4,000,000 warrants issued for services with varying exercise prices.	200000
0001718873-17-000008	1	Stone Bancshares, Inc.	Common Stock	90523	0	$1,179,999.02 stock was sold at book value at time of issuance which ranged from $13.03 to $13.12 per share	
0001477932-17-006091	1	Medical Cannabis Payment Solutions	Common Stock, $.0001 par value; warrants	26250000	20000000	4,000,000 shares to two investors for a total of $100,000. $22,250,000 shares issued for services valued at $0.01 per share 4,000,000 warrants issued for services with varying exercise prices.	200000
0001144204-17-063580	1	Groundfloor Finance Inc.	Limited Recourse Obligations	585860	0	Limited Recourse Obligations in the amount of $585,860 will be issued and sold pursuant to Offering Circular File No. 024-10753 (as may be amended and supplemented from time to time).	
0001144204-17-063580	2	Groundfloor Finance Inc.	Limited Recourse Obligations	585860	0	Limited Recourse Obligations in the amount of $585,860 will be issued and sold pursuant to Offering Circular File No. 024-10753 (as may be amended and supplemented from time to time).	
0001144204-17-063580	4	Groundfloor Finance Inc.	Limited Recourse Obligations	585860	0	Limited Recourse Obligations in the amount of $585,860 will be issued and sold pursuant to Offering Circular File No. 024-10753 (as may be amended and supplemented from time to time).	
0001144204-17-063580	3	Groundfloor Finance Inc.	Limited Recourse Obligations	585860	0	Limited Recourse Obligations in the amount of $585,860 will be issued and sold pursuant to Offering Circular File No. 024-10753 (as may be amended and supplemented from time to time).	
0001213900-17-013201	1	iPic-Gold Class Entertainment, LLC	LLC Membership Units	882518	0	$16,000,000, or 882,518 units at $18.13 each.	
0001144204-17-063462	3	Groundfloor Finance Inc.	LROs	16549400	0	LROs in the amount of $16,549,400 were issued and sold pursuant to Offering Circular File No. 024-10496 (as may be amended and supplemented from time to time).	
0001144204-17-063462	2	Groundfloor Finance Inc.	LROs	16549400	0	LROs in the amount of $16,549,400 were issued and sold pursuant to Offering Circular File No. 024-10496 (as may be amended and supplemented from time to time).	
0001144204-17-063462	1	Groundfloor Finance Inc.	LROs	16549400	0	LROs in the amount of $16,549,400 were issued and sold pursuant to Offering Circular File No. 024-10496 (as may be amended and supplemented from time to time).	
0001214659-17-007281	1	American Gas and Technology LP	Limited Partnership Units	3264750	0	264970	
0001640170-17-000006	1	Finger Lakes Region Rural Broadband Company, Inc.	common/voting	13333333	0	$20,000,000.00 - reg. a tier 1 limit	
0001493152-17-014471	4	Sack Lunch Productions, Inc.	Common Stock	41401116	0	80,100 Preferred Shares	
0001493152-17-014471	3	Sack Lunch Productions, Inc.	Common Stock	41401116	0	80,100 Preferred Shares	
0001493152-17-014471	2	Sack Lunch Productions, Inc.	Common Stock	41401116	0	80,100 Preferred Shares	
0001493152-17-014471	1	Sack Lunch Productions, Inc.	Common Stock	41401116	0	80,100 Preferred Shares	
0001721868-17-000141	1	1212 Development Corp.	Common	100000000	0	10000, value.	
0001713621-17-000008	1	Lemon Tree Passage Inc	Common	20000000	0	5000	
0001144204-17-063013	1	Campagna Motors USA, Inc.	Common Stock	4000000	0	$3,333 at $0.0001 per share	
0001718873-17-000006	1	Stone Bancshares, Inc.	Common Stock	90523	0	$1,179,999.02 stock was sold at book value at time of issuance which ranged from $13.03 to $13.12 per share	
0001144204-17-062842	2	Electromedical Technologies, Inc.	Common Stock	15000000	0	The shares were issued to the founder upon conversion from the prior entity, Electro Medical Technologies LLC	
0001144204-17-062842	1	Electromedical Technologies, Inc.	Common Stock	15000000	0	The shares were issued to the founder upon conversion from the prior entity, Electro Medical Technologies LLC	
0001659173-17-000554	1	CapWest Income, LLC	Common Membership Interest Units	75000	0	75000	
0001144204-17-062776	1	TerraCycle US Inc.	Common Stock	500000	0	$50, based on par value of 0.0001/share	$3.42, based on par value of 0.0001/share
0001144204-17-062776	2	TerraCycle US Inc.	Common Stock	500000	0	$50, based on par value of 0.0001/share	$3.42, based on par value of 0.0001/share
0001477932-17-005952	1	McGraw Conglomerate Corporation	Common	1666667	0	$200 at $.00001 par value	
0001213900-17-012871	5	PogoTec, Inc.	Common Stock	20610	0	$104,904.90 based on a per share price of $5.09.	
0001486452-17-000006	14	Clikia Corp.	Common Stock	125000000	75000000	$13,976 - historical basis of predecessor	$13,976
0001486452-17-000006	13	Clikia Corp.	Common Stock	125000000	75000000	$13,976 - historical basis of predecessor	$13,976
0001486452-17-000006	12	Clikia Corp.	Common Stock	125000000	75000000	$13,976 - historical basis of predecessor	$13,976
0001486452-17-000006	11	Clikia Corp.	Common Stock	125000000	75000000	$13,976 - historical basis of predecessor	$13,976
0001486452-17-000006	10	Clikia Corp.	Common Stock	125000000	75000000	$13,976 - historical basis of predecessor	$13,976
0001486452-17-000006	9	Clikia Corp.	Common Stock	125000000	75000000	$13,976 - historical basis of predecessor	$13,976
0001486452-17-000006	8	Clikia Corp.	Common Stock	125000000	75000000	$13,976 - historical basis of predecessor	$13,976
0001486452-17-000006	7	Clikia Corp.	Common Stock	125000000	75000000	$13,976 - historical basis of predecessor	$13,976
0001486452-17-000006	6	Clikia Corp.	Common Stock	125000000	75000000	$13,976 - historical basis of predecessor	$13,976
0001486452-17-000006	5	Clikia Corp.	Common Stock	125000000	75000000	$13,976 - historical basis of predecessor	$13,976
0001486452-17-000006	4	Clikia Corp.	Common Stock	125000000	75000000	$13,976 - historical basis of predecessor	$13,976
0001486452-17-000006	3	Clikia Corp.	Common Stock	125000000	75000000	$13,976 - historical basis of predecessor	$13,976
0001213900-17-012871	1	PogoTec, Inc.	Common Stock	20610	0	$104,904.90 based on a per share price of $5.09.	
0001213900-17-012871	2	PogoTec, Inc.	Common Stock	20610	0	$104,904.90 based on a per share price of $5.09.	
0001213900-17-012871	3	PogoTec, Inc.	Common Stock	20610	0	$104,904.90 based on a per share price of $5.09.	
0001213900-17-012871	4	PogoTec, Inc.	Common Stock	20610	0	$104,904.90 based on a per share price of $5.09.	
0001213900-17-012871	6	PogoTec, Inc.	Common Stock	20610	0	$104,904.90 based on a per share price of $5.09.	
0001213900-17-012871	7	PogoTec, Inc.	Common Stock	20610	0	$104,904.90 based on a per share price of $5.09.	
0001486452-17-000006	1	Clikia Corp.	Common Stock	125000000	75000000	$13,976 - historical basis of predecessor	$13,976
0001486452-17-000006	2	Clikia Corp.	Common Stock	125000000	75000000	$13,976 - historical basis of predecessor	$13,976
0001579586-17-000002	1	Finger Lakes Region Rural Broadband Company, Inc.	common/voting	588238	0	3000000, based upon original project size issue to first shareholders/founders at par value	
0001493152-17-014057	1	Muscle Maker, Inc	Common Stock	4137817	0	3,899,527 shares issued at average price of $1.54 per share ($6,014,571 cash proceeds) and 238,290 shares issued for services rendered at average value of $6.66 per share.	
0001493152-17-014057	3	Muscle Maker, Inc	Common Stock	4137817	0	3,899,527 shares issued at average price of $1.54 per share ($6,014,571 cash proceeds) and 238,290 shares issued for services rendered at average value of $6.66 per share.	
0001493152-17-014057	2	Muscle Maker, Inc	Common Stock	4137817	0	3,899,527 shares issued at average price of $1.54 per share ($6,014,571 cash proceeds) and 238,290 shares issued for services rendered at average value of $6.66 per share.	
0001144204-17-061738	2	Groundfloor Finance Inc.	LROs	16826050	0	LROs in the amount of $16,826,050 were issued and sold pursuant to Offering Circular File No. 024-10496 (as may be amended and supplemented from time to time).	
0001144204-17-061738	1	Groundfloor Finance Inc.	LROs	16826050	0	LROs in the amount of $16,826,050 were issued and sold pursuant to Offering Circular File No. 024-10496 (as may be amended and supplemented from time to time).	
0001144204-17-061738	3	Groundfloor Finance Inc.	LROs	16826050	0	LROs in the amount of $16,826,050 were issued and sold pursuant to Offering Circular File No. 024-10496 (as may be amended and supplemented from time to time).	
0001493152-17-013975	1	Hologram USA Networks Inc.	Convertible Promissory Note	3000000	0	$3,000,000 in cash proceeds	
0001717993-17-000007	1	RTO Finance Corp	Common	20000000	0	200	
0001477932-17-005870	1	Engenavis, Inc.	Common Stock	6120537	0	Total of $100,549.13 paid in cash. 5,495,537 shares (Founder's round) at $0.0001 par value for $549.13 in cash. Remaining 625,000 shares (First round) at $0.16 per share for $100,000 in cash.	
0001654954-17-011099	1	Bitzumi, Inc.	Common Stock	111076211	0	452499	
0001686327-17-000004	1	TAHAWI aerospace Corp	Common Stock	37250000	0	0	
0001144204-17-061182	1	RW Holdings Student Housing REIT, Inc.	Common Stock	100	0	$1,000 at $10.00 per share	
0001640334-17-002541	1	YILOLIFE INC.	Class A Common Stock	133000	0	No consideration was as they were issued to employees of the company as part of an Equity Incentive Plan.	
0001640334-17-002541	2	YILOLIFE INC.	Class A Common Stock	133000	0	No consideration was as they were issued to employees of the company as part of an Equity Incentive Plan.	
0001144204-17-061104	3	Groundfloor Finance Inc.	LROs	16826050	0	LROs in the amount of $16,826,050 were issued and sold pursuant to Offering Circular File No. 024-10496 (as may be amended and supplemented from time to time).	
0001144204-17-061104	2	Groundfloor Finance Inc.	LROs	16826050	0	LROs in the amount of $16,826,050 were issued and sold pursuant to Offering Circular File No. 024-10496 (as may be amended and supplemented from time to time).	
0001144204-17-061104	1	Groundfloor Finance Inc.	LROs	16826050	0	LROs in the amount of $16,826,050 were issued and sold pursuant to Offering Circular File No. 024-10496 (as may be amended and supplemented from time to time).	
0001713621-17-000007	1	Lemon Tree Passage Inc	Common	20000000	0	5000	
0001717993-17-000006	1	RTO Finance Corp	Common	20000000	0	200	
0001477932-17-005751	1	Royalty Flow Inc.	Class B Common Stock	100	0	In May 2017, 100 shares were issued in exchange for services rendered in connection with the formation of the entity to our controlling stockholders, Royalty Exchange, Inc.	
0001144204-17-060249	1	Fundrise Midland Opportunistic REIT, LLC	Common Shares	10000	10000	$100,000 ($10.00 per common share)	same as above
0001144204-17-060243	1	Fundrise West Coast Opportunistic REIT, LLC	Common Shares	10000	10000	$100,000 ($10.00 per common share)	same as above
0001144204-17-060236	1	Fundrise East Coast Opportunistic REIT, LLC	Common Shares	10000	10000	$100,000 ($10.00 per common share)	same as above
0001387131-17-005612	1	NY Residential REIT, LLC	Common Stock	100	0	$1,000 ($10.00 per common share)	
0001264931-17-000102	1	WATER TECHNOLOGIES INTERNATIONAL, INC.	Common Stock, $.00001; Preferred B Stock,$.00001; Preferred C Stock,$.00001; Preferred D Stock, $.00001	182473	0	150,000 shares of Preferred B Stock to one investor for $10,000 cash; 130,000 shares of Preferred C Stock to one investor for $20,000 cash; 422,541,066 shares issued for convertible debt conversion with varying conversion prices.	
0001698370-17-000017	1	True Leaf Medicine International Ltd.	common shares	14680263	0	$3,626,678 Canadian Dollars	
0001104659-17-069431	1	Viskase Companies, Inc.	Common Stock	339558	0	$0.00  Shares issued upon cahsless exercise of stock options.	
0001144204-17-059765	2	TerraCycle US Inc.	Common Stock	500000	0	$50, based on par value of 0.0001/share	$3.42, based on par value of 0.0001/share
0001144204-17-059765	1	TerraCycle US Inc.	Common Stock	500000	0	$50, based on par value of 0.0001/share	$3.42, based on par value of 0.0001/share
0001477932-17-005671	1	Royalty Flow Inc.	Class B Common Stock	100	0	In May 2017, 100 shares were issued in exchange for services rendered in connection with the formation of the entity to our controlling stockholders, Royalty Exchange, Inc.	
0001144204-17-059738	1	Cottonwood Multifamily Opportunity Fund, Inc.	Common Stock	1000	1000	$10,000 ($10.00 per common share)	same as above
0001213900-17-012233	3	PogoTec, Inc.	Common Stock	20610	0	$104,904.90 based on a per share price of $5.09.	
0001213900-17-012233	6	PogoTec, Inc.	Common Stock	20610	0	$104,904.90 based on a per share price of $5.09.	
0001213900-17-012233	5	PogoTec, Inc.	Common Stock	20610	0	$104,904.90 based on a per share price of $5.09.	
0001213900-17-012233	7	PogoTec, Inc.	Common Stock	20610	0	$104,904.90 based on a per share price of $5.09.	
0001213900-17-012233	2	PogoTec, Inc.	Common Stock	20610	0	$104,904.90 based on a per share price of $5.09.	
0001213900-17-012233	1	PogoTec, Inc.	Common Stock	20610	0	$104,904.90 based on a per share price of $5.09.	
0001213900-17-012233	4	PogoTec, Inc.	Common Stock	20610	0	$104,904.90 based on a per share price of $5.09.	
0001493152-17-013381	3	Muscle Maker, Inc	Common Stock	4137817	0	3,899,527 shares issued at average price of $1.54 per share ($6,014,571 cash proceeds) and 238,290 shares issued for services rendered at average value of $6.66 per share.	
0001493152-17-013386	1	SHANTINIKETAN INTERNATIONAL CORPORATION	Common Stock	25000100	0	$25,000.10 and the contribution of certain intellectual property. Shares were sold at a purchase price of $0.001 per share.	
0001493152-17-013381	2	Muscle Maker, Inc	Common Stock	4137817	0	3,899,527 shares issued at average price of $1.54 per share ($6,014,571 cash proceeds) and 238,290 shares issued for services rendered at average value of $6.66 per share.	
0001493152-17-013381	1	Muscle Maker, Inc	Common Stock	4137817	0	3,899,527 shares issued at average price of $1.54 per share ($6,014,571 cash proceeds) and 238,290 shares issued for services rendered at average value of $6.66 per share.	
0001104659-17-068578	1	Aspen REIT, Inc.	Common Stock	100	0	$1,000 for 100 shares of common stock, par value $0.01 per share	
0001104659-17-068403	1	Solera National Bancorp, Inc.	Common Stock	3750	0	Represents the exercise of options to purchase 1,000 shares of common stock, total consideration paid of $5,300; and the vesting of 2,750 shares of restricted stock, total consideration of $0.	
0001721868-17-000042	1	1212 Development Corp.	Common	100000000	0	10000, value.	
0001698370-17-000016	1	True Leaf Medicine International Ltd.	common shares	14680263	0	$3,626,678 Canadian Dollars	
0001104659-17-067675	1	Aspen REIT, Inc.	Common Stock	100	0	$1,000 for 100 shares of common stock, par value $0.01 per share	
0001615774-17-006452	1	Conquest Funding, Inc., a Pennsylvania Corporation	Notes Payable	1350000	0	$1,350,000.00; Book Value of Notes	
0001717993-17-000005	1	RTO Finance Corp	Common	20000000	0	200	
0001477932-17-005450	1	McGraw Conglomerate Corporation	Common	1666667	0	$200 at $.00001 par value	
0001713621-17-000005	1	Lemon Tree Passage Inc	Common	20000000	0	5000	
0001477932-17-005429	1	Royalty Flow Inc.	Class B Common Stock	100	0	In May 2017, 100 shares were issued in exchange for services rendered in connection with the formation of the entity to our controlling stockholders, Royalty Exchange, Inc.	
0001654954-17-010145	1	HC Government Realty Trust, Inc.	Common Stock	16000	0	After qualification of the offering, our company issued 4,000 shares of its common stock to each of Messrs. William Robert Field, Leo Kiely, John F. O'Reilly and Scott A. Musil for consideration for serving as an independent director of our company. The consideration for which the securities were issued was determined by management.	
0001144204-17-056788	1	Groundfloor Finance Inc.	LROs	17537800	0	LROs in the amount of $17,537,800 were issued and sold pursuant to Offering Circular File No. 024-10496 (as may be amended and supplemented from time to time).	
0001144204-17-056788	2	Groundfloor Finance Inc.	LROs	17537800	0	LROs in the amount of $17,537,800 were issued and sold pursuant to Offering Circular File No. 024-10496 (as may be amended and supplemented from time to time).	
0001144204-17-056788	3	Groundfloor Finance Inc.	LROs	17537800	0	LROs in the amount of $17,537,800 were issued and sold pursuant to Offering Circular File No. 024-10496 (as may be amended and supplemented from time to time).	
0001699683-17-000037	1	Long Fin Corp	Common	7500000	0	75	
0001104659-17-066044	1	Viskase Companies, Inc.	Common Stock	339558	0	$0.00  Shares issued upon cahsless exercise of stock options.	
0001681287-17-000015	1	MOBODEXTER , INC.	Common Stock	20000000	0	267,391	
0001144204-17-056033	1	Groundfloor Finance Inc.	LROs	18846600	0	LROs in the amount of $18,846,600 were issued and sold pursuant to Offering Circular File No. 024-10496 (as may be amended and supplemented from time to time).	
0001144204-17-056033	2	Groundfloor Finance Inc.	LROs	18846600	0	LROs in the amount of $18,846,600 were issued and sold pursuant to Offering Circular File No. 024-10496 (as may be amended and supplemented from time to time).	
0001144204-17-056033	3	Groundfloor Finance Inc.	LROs	18846600	0	LROs in the amount of $18,846,600 were issued and sold pursuant to Offering Circular File No. 024-10496 (as may be amended and supplemented from time to time).	
0001019056-17-000737	1	Prometheum, Inc.	Common Stock	1000	0	The shares were issued in consideration of capital contributions and services valued at $10,000.	
0001486452-17-000004	1	Clikia Corp.	Common Stock	125000000	75000000	$13,976 - historical basis of predecessor	$13,976
0001486452-17-000004	2	Clikia Corp.	Common Stock	125000000	75000000	$13,976 - historical basis of predecessor	$13,976
0001486452-17-000004	3	Clikia Corp.	Common Stock	125000000	75000000	$13,976 - historical basis of predecessor	$13,976
0001486452-17-000004	4	Clikia Corp.	Common Stock	125000000	75000000	$13,976 - historical basis of predecessor	$13,976
0001486452-17-000004	5	Clikia Corp.	Common Stock	125000000	75000000	$13,976 - historical basis of predecessor	$13,976
0001486452-17-000004	6	Clikia Corp.	Common Stock	125000000	75000000	$13,976 - historical basis of predecessor	$13,976
0001486452-17-000004	7	Clikia Corp.	Common Stock	125000000	75000000	$13,976 - historical basis of predecessor	$13,976
0001486452-17-000004	8	Clikia Corp.	Common Stock	125000000	75000000	$13,976 - historical basis of predecessor	$13,976
0001486452-17-000004	10	Clikia Corp.	Common Stock	125000000	75000000	$13,976 - historical basis of predecessor	$13,976
0001486452-17-000004	9	Clikia Corp.	Common Stock	125000000	75000000	$13,976 - historical basis of predecessor	$13,976
0001019056-17-000732	1	Prometheum, Inc.	Common Stock	1000	0	The shares were issued in consideration of capital contributions and services valued at $10,000.	
0001716949-17-000006	1	MiTio, INC.	Common	20000000	0	2000	
0001567619-17-002265	1	Energy Hunter Resources, Inc.	Senior Secured Promissory Notes	3000000	0	In March 2017, the Company sold a $3,000,000 10% Senior Secured Promissory Note to an existing accredited investor. Upon the occurrence of the maturity of the Note, at the option of the holder, the Note may either become due and payable or convert into shares of Common Stock at 75% of the share price in a qualified equity offering. This offering should constitute a qualified equity offering under the Note.	
0001567619-17-002265	2	Energy Hunter Resources, Inc.	Senior Secured Promissory Notes	3000000	0	In March 2017, the Company sold a $3,000,000 10% Senior Secured Promissory Note to an existing accredited investor. Upon the occurrence of the maturity of the Note, at the option of the holder, the Note may either become due and payable or convert into shares of Common Stock at 75% of the share price in a qualified equity offering. This offering should constitute a qualified equity offering under the Note.	
0001214659-17-006247	1	American Gas and Technology LP	Limited Partnership Units	3264750	0	264970	
0001144204-17-054870	1	Groundfloor Finance Inc.	Limited Recourse Obligations	585860	0	Limited Recourse Obligations in the amount of $585,860 will be issued and sold pursuant to Offering Circular File No. 024-10753 (as may be amended and supplemented from time to time).	
0001144204-17-054870	2	Groundfloor Finance Inc.	Limited Recourse Obligations	585860	0	Limited Recourse Obligations in the amount of $585,860 will be issued and sold pursuant to Offering Circular File No. 024-10753 (as may be amended and supplemented from time to time).	
0001144204-17-054870	4	Groundfloor Finance Inc.	Limited Recourse Obligations	585860	0	Limited Recourse Obligations in the amount of $585,860 will be issued and sold pursuant to Offering Circular File No. 024-10753 (as may be amended and supplemented from time to time).	
0001144204-17-054870	3	Groundfloor Finance Inc.	Limited Recourse Obligations	585860	0	Limited Recourse Obligations in the amount of $585,860 will be issued and sold pursuant to Offering Circular File No. 024-10753 (as may be amended and supplemented from time to time).	
0001718873-17-000003	1	Stone Bancshares, Inc.	Common Stock	90523	0	$1,179,999.02 stock was sold at book value at time of issuance which ranged from $13.03 to $13.12 per share	
0001144204-17-054591	1	Campagna Motors USA, Inc.	Common Stock	33333333	0	$3,333 at $0.0001 per share	
0001717993-17-000003	1	RTO Finance Corp	Common	20000000	0	200	
0001477932-17-005267	1	Royalty Flow Inc.	Class B Common Stock	100	0	In May 2017, 100 shares were issued in exchange for services rendered in connection with the formation of the entity to our controlling stockholders, Royalty Exchange, Inc.	
0001193125-17-320687	1	XY - the Findables Company	Options to purchase shares of the Company's class A Common Stock	1058750	0	N/A	
0001698370-17-000014	1	True Leaf Medicine International Ltd.	common shares	14870584	0	$3,524,626 Canadian Dollars	
0001477932-17-005191	1	Royalty Flow Inc.	Class B Common Stock	100	0	In May 2017, 100 shares were issued in exchange for services rendered in connection with the formation of the entity to our controlling stockholders, Royalty Exchange, Inc.	
0001144204-17-053556	3	Groundfloor Finance Inc.	LROs	17903800	0	LROs in the amount of $17,903,800 were issued and sold pursuant to Offering Circular File No. 024-10496 (as may be amended and supplemented from time to time).	
0001144204-17-053556	2	Groundfloor Finance Inc.	LROs	17903800	0	LROs in the amount of $17,903,800 were issued and sold pursuant to Offering Circular File No. 024-10496 (as may be amended and supplemented from time to time).	
0001144204-17-053556	1	Groundfloor Finance Inc.	LROs	17903800	0	LROs in the amount of $17,903,800 were issued and sold pursuant to Offering Circular File No. 024-10496 (as may be amended and supplemented from time to time).	
0001654954-17-009626	10	Level Brands, Inc.	Units consisting of convertible promissory notes and warrants	2125000	0	2,125,000 in cash proceeds	
0001654954-17-009626	23	Level Brands, Inc.	Units consisting of convertible promissory notes and warrants	2125000	0	2,125,000 in cash proceeds	
0001654954-17-009626	22	Level Brands, Inc.	Units consisting of convertible promissory notes and warrants	2125000	0	2,125,000 in cash proceeds	
0001654954-17-009626	21	Level Brands, Inc.	Units consisting of convertible promissory notes and warrants	2125000	0	2,125,000 in cash proceeds	
0001654954-17-009626	20	Level Brands, Inc.	Units consisting of convertible promissory notes and warrants	2125000	0	2,125,000 in cash proceeds	
0001654954-17-009626	19	Level Brands, Inc.	Units consisting of convertible promissory notes and warrants	2125000	0	2,125,000 in cash proceeds	
0001654954-17-009626	18	Level Brands, Inc.	Units consisting of convertible promissory notes and warrants	2125000	0	2,125,000 in cash proceeds	
0001654954-17-009626	17	Level Brands, Inc.	Units consisting of convertible promissory notes and warrants	2125000	0	2,125,000 in cash proceeds	
0001654954-17-009626	16	Level Brands, Inc.	Units consisting of convertible promissory notes and warrants	2125000	0	2,125,000 in cash proceeds	
0001654954-17-009626	15	Level Brands, Inc.	Units consisting of convertible promissory notes and warrants	2125000	0	2,125,000 in cash proceeds	
0001654954-17-009626	14	Level Brands, Inc.	Units consisting of convertible promissory notes and warrants	2125000	0	2,125,000 in cash proceeds	
0001654954-17-009626	13	Level Brands, Inc.	Units consisting of convertible promissory notes and warrants	2125000	0	2,125,000 in cash proceeds	
0001654954-17-009626	12	Level Brands, Inc.	Units consisting of convertible promissory notes and warrants	2125000	0	2,125,000 in cash proceeds	
0001654954-17-009626	11	Level Brands, Inc.	Units consisting of convertible promissory notes and warrants	2125000	0	2,125,000 in cash proceeds	
0001654954-17-009626	9	Level Brands, Inc.	Units consisting of convertible promissory notes and warrants	2125000	0	2,125,000 in cash proceeds	
0001654954-17-009626	8	Level Brands, Inc.	Units consisting of convertible promissory notes and warrants	2125000	0	2,125,000 in cash proceeds	
0001654954-17-009626	7	Level Brands, Inc.	Units consisting of convertible promissory notes and warrants	2125000	0	2,125,000 in cash proceeds	
0001654954-17-009626	6	Level Brands, Inc.	Units consisting of convertible promissory notes and warrants	2125000	0	2,125,000 in cash proceeds	
0001654954-17-009626	5	Level Brands, Inc.	Units consisting of convertible promissory notes and warrants	2125000	0	2,125,000 in cash proceeds	
0001654954-17-009626	4	Level Brands, Inc.	Units consisting of convertible promissory notes and warrants	2125000	0	2,125,000 in cash proceeds	
0001654954-17-009626	3	Level Brands, Inc.	Units consisting of convertible promissory notes and warrants	2125000	0	2,125,000 in cash proceeds	
0001654954-17-009626	2	Level Brands, Inc.	Units consisting of convertible promissory notes and warrants	2125000	0	2,125,000 in cash proceeds	
0001654954-17-009626	1	Level Brands, Inc.	Units consisting of convertible promissory notes and warrants	2125000	0	2,125,000 in cash proceeds	
0001567619-17-002219	1	Energy Hunter Resources, Inc.	Senior Secured Promissory Notes	3000000	0	In March 2017, the Company sold a $3,000,000 10% Senior Secured Promissory Note to an existing accredited investor. Upon the occurrence of the maturity of the Note, at the option of the holder, the Note may either become due and payable or convert into shares of Common Stock at 75% of the share price in a qualified equity offering. This offering should constitute a qualified equity offering under the Note.	
0001567619-17-002219	2	Energy Hunter Resources, Inc.	Senior Secured Promissory Notes	3000000	0	In March 2017, the Company sold a $3,000,000 10% Senior Secured Promissory Note to an existing accredited investor. Upon the occurrence of the maturity of the Note, at the option of the holder, the Note may either become due and payable or convert into shares of Common Stock at 75% of the share price in a qualified equity offering. This offering should constitute a qualified equity offering under the Note.	
0001683168-17-002703	2	GlobalTech Holdings, Inc.	Common Stock, $0.0001 par value	566160770	0	48589.10 based on $0.0001 par value, issued in satisfaction of employment compensation contracts and as compensation	
0001683168-17-002703	1	GlobalTech Holdings, Inc.	Common Stock, $0.0001 par value	566160770	0	48589.10 based on $0.0001 par value, issued in satisfaction of employment compensation contracts and as compensation	
0001716949-17-000004	1	MiTio, INC.	Common	20000000	0	2000	
0001659173-17-000466	1	CapWest Income, LLC	Common Membership Interest Units	75000	0	75000	
0001144204-17-052996	2	Groundfloor Finance Inc.	LROs	18846600	0	LROs in the amount of $18,846,600 were issued and sold pursuant to Offering Circular File No. 024-10496 (as may be amended and supplemented from time to time).	
0001144204-17-052996	3	Groundfloor Finance Inc.	LROs	18846600	0	LROs in the amount of $18,846,600 were issued and sold pursuant to Offering Circular File No. 024-10496 (as may be amended and supplemented from time to time).	
0001144204-17-052996	1	Groundfloor Finance Inc.	LROs	18846600	0	LROs in the amount of $18,846,600 were issued and sold pursuant to Offering Circular File No. 024-10496 (as may be amended and supplemented from time to time).	
0001477932-17-005129	1	Royalty Flow Inc.	Class B Common Stock	100	0	In May 2017, 100 shares were issued in exchange for services rendered in connection with the formation of the entity to our controlling stockholders, Royalty Exchange, Inc.	
0001683168-17-002684	1	Hylete, Inc.	Class B Common Stock	1000000	0	1,000,000	
0001493152-17-011736	1	VIRTRA, INC.	Series A Preferred Stock (See attached for additional issuances)	50000	0	$2,500. Shares were sold at a purchase price of $0.05 per share.	Aggregate value of options issued was $230,459.60 (an average of $2.23). Options were issued as compensation to certain officers and directors of the Company.
0001493152-17-011736	2	VIRTRA, INC.	Series A Preferred Stock (See attached for additional issuances)	50000	0	$2,500. Shares were sold at a purchase price of $0.05 per share.	Aggregate value of options issued was $230,459.60 (an average of $2.23). Options were issued as compensation to certain officers and directors of the Company.
0001567619-17-002194	1	Energy Hunter Resources, Inc.	Senior Secured Promissory Notes	3000000	0	In March 2017, the Company sold a $3,000,000 10% Senior Secured Promissory Note to an existing accredited investor. Upon the occurrence of the maturity of the Note, at the option of the holder, the Note may either become due and payable or convert into shares of Common Stock at 75% of the share price in a qualified equity offering. This offering should constitute a qualified equity offering under the Note.	
0001567619-17-002194	2	Energy Hunter Resources, Inc.	Senior Secured Promissory Notes	3000000	0	In March 2017, the Company sold a $3,000,000 10% Senior Secured Promissory Note to an existing accredited investor. Upon the occurrence of the maturity of the Note, at the option of the holder, the Note may either become due and payable or convert into shares of Common Stock at 75% of the share price in a qualified equity offering. This offering should constitute a qualified equity offering under the Note.	
0001193125-17-310091	1	XY - the Findables Company	Options to purchase shares of the Company's class A Common Stock	1058750	0	N/A	
0001477932-17-005041	1	McGraw Conglomerate Corporation	Common	1666667	0	$200 at $.00001 par value	
0001144204-17-052465	3	Groundfloor Finance Inc.	LROs	18838600	0	LROs in the amount of $18,838,600 were issued and sold pursuant to Offering Circular File No. 024-10496 (as may be amended and supplemented from time to time).	
0001144204-17-052465	2	Groundfloor Finance Inc.	LROs	18838600	0	LROs in the amount of $18,838,600 were issued and sold pursuant to Offering Circular File No. 024-10496 (as may be amended and supplemented from time to time).	
0001144204-17-052465	1	Groundfloor Finance Inc.	LROs	18838600	0	LROs in the amount of $18,838,600 were issued and sold pursuant to Offering Circular File No. 024-10496 (as may be amended and supplemented from time to time).	
0001144204-17-052388	1	Red Mountain Ventures Limited Partnership	Class C Units	2674359	0	Conversion of CDN$23,694,824 in loans owed to a wholly owned subsidiary of the issuer.	
0001144204-17-052388	2	Red Mountain Ventures Limited Partnership	Class C Units	2674359	0	Conversion of CDN$23,694,824 in loans owed to a wholly owned subsidiary of the issuer.	
0001654954-17-009364	1	Level Brands, Inc.	Units consisting of convertible promissory notes and warrants	2125000	0	2,125,000 in cash proceeds	
0001654954-17-009364	2	Level Brands, Inc.	Units consisting of convertible promissory notes and warrants	2125000	0	2,125,000 in cash proceeds	
0001654954-17-009364	3	Level Brands, Inc.	Units consisting of convertible promissory notes and warrants	2125000	0	2,125,000 in cash proceeds	
0001654954-17-009364	4	Level Brands, Inc.	Units consisting of convertible promissory notes and warrants	2125000	0	2,125,000 in cash proceeds	
0001654954-17-009364	5	Level Brands, Inc.	Units consisting of convertible promissory notes and warrants	2125000	0	2,125,000 in cash proceeds	
0001654954-17-009364	6	Level Brands, Inc.	Units consisting of convertible promissory notes and warrants	2125000	0	2,125,000 in cash proceeds	
0001654954-17-009364	7	Level Brands, Inc.	Units consisting of convertible promissory notes and warrants	2125000	0	2,125,000 in cash proceeds	
0001654954-17-009364	8	Level Brands, Inc.	Units consisting of convertible promissory notes and warrants	2125000	0	2,125,000 in cash proceeds	
0001654954-17-009364	9	Level Brands, Inc.	Units consisting of convertible promissory notes and warrants	2125000	0	2,125,000 in cash proceeds	
0001654954-17-009364	10	Level Brands, Inc.	Units consisting of convertible promissory notes and warrants	2125000	0	2,125,000 in cash proceeds	
0001654954-17-009364	11	Level Brands, Inc.	Units consisting of convertible promissory notes and warrants	2125000	0	2,125,000 in cash proceeds	
0001654954-17-009364	12	Level Brands, Inc.	Units consisting of convertible promissory notes and warrants	2125000	0	2,125,000 in cash proceeds	
0001654954-17-009364	13	Level Brands, Inc.	Units consisting of convertible promissory notes and warrants	2125000	0	2,125,000 in cash proceeds	
0001654954-17-009364	14	Level Brands, Inc.	Units consisting of convertible promissory notes and warrants	2125000	0	2,125,000 in cash proceeds	
0001654954-17-009364	15	Level Brands, Inc.	Units consisting of convertible promissory notes and warrants	2125000	0	2,125,000 in cash proceeds	
0001654954-17-009364	16	Level Brands, Inc.	Units consisting of convertible promissory notes and warrants	2125000	0	2,125,000 in cash proceeds	
0001654954-17-009364	17	Level Brands, Inc.	Units consisting of convertible promissory notes and warrants	2125000	0	2,125,000 in cash proceeds	
0001654954-17-009364	18	Level Brands, Inc.	Units consisting of convertible promissory notes and warrants	2125000	0	2,125,000 in cash proceeds	
0001654954-17-009364	19	Level Brands, Inc.	Units consisting of convertible promissory notes and warrants	2125000	0	2,125,000 in cash proceeds	
0001654954-17-009364	20	Level Brands, Inc.	Units consisting of convertible promissory notes and warrants	2125000	0	2,125,000 in cash proceeds	
0001654954-17-009364	21	Level Brands, Inc.	Units consisting of convertible promissory notes and warrants	2125000	0	2,125,000 in cash proceeds	
0001654954-17-009364	22	Level Brands, Inc.	Units consisting of convertible promissory notes and warrants	2125000	0	2,125,000 in cash proceeds	
0001654954-17-009364	23	Level Brands, Inc.	Units consisting of convertible promissory notes and warrants	2125000	0	2,125,000 in cash proceeds	
0001477932-17-004993	1	Royalty Flow Inc.	Class B Common Stock	100	0	In May 2017, 100 shares were issued in exchange for services rendered in connection with the formation of the entity to our controlling stockholders, Royalty Exchange, Inc.	
0001144204-17-052044	2	Groundfloor Finance Inc.	LROs	18838600	0	LROs in the amount of $18,838,600 were issued and sold pursuant to Offering Circular File No. 024-10496 (as may be amended and supplemented from time to time).	
0001144204-17-052044	1	Groundfloor Finance Inc.	LROs	18838600	0	LROs in the amount of $18,838,600 were issued and sold pursuant to Offering Circular File No. 024-10496 (as may be amended and supplemented from time to time).	
0001144204-17-052044	3	Groundfloor Finance Inc.	LROs	18838600	0	LROs in the amount of $18,838,600 were issued and sold pursuant to Offering Circular File No. 024-10496 (as may be amended and supplemented from time to time).	
0001079973-17-000584	1	VirtualArmour International Inc.	Common Shares	3750000	0	Securities issued upon exercise of warrants for a total of $290,662.50.	
0001078782-17-001363	2	Nursori Inc	Common Stock	7500000	0	0	
0001078782-17-001363	1	Nursori Inc	Common Stock	7500000	0	0	
0001615774-17-005658	1	Conquest Funding, Inc., a Pennsylvania Corporation	Notes Payable	1350000	0	$1,350,000.00; Book Value of Notes	
0001567619-17-002160	1	Energy Hunter Resources, Inc.	Senior Secured Promissory Notes	3000000	0	In March 2017, the Company sold a $3,000,000 10% Senior Secured Promissory Note to an existing accredited investor. Upon the occurrence of the maturity of the Note, at the option of the holder, the Note may either become due and payable or convert into shares of Common Stock at 75% of the share price in a qualified equity offering. This offering should constitute a qualified equity offering under the Note.	
0001567619-17-002160	2	Energy Hunter Resources, Inc.	Senior Secured Promissory Notes	3000000	0	In March 2017, the Company sold a $3,000,000 10% Senior Secured Promissory Note to an existing accredited investor. Upon the occurrence of the maturity of the Note, at the option of the holder, the Note may either become due and payable or convert into shares of Common Stock at 75% of the share price in a qualified equity offering. This offering should constitute a qualified equity offering under the Note.	
0001683168-17-002593	1	Hylete, Inc.	Class B Common Stock	1000000	0	1,000,000	
0001712534-17-000009	1	Business Lines Corp.	Common Stock	15000000	0	100	
0001493152-17-011337	1	SHANTINIKETAN INTERNATIONAL CORPORATION	Common Stock	25000100	0	$25,000.10 and the contribution of certain intellectual property. Shares were sold at a purchase price of $0.001 per share.	
0001699683-17-000034	1	Long Fin Corp	Common	7500000	0	75	
0001477932-17-004849	1	McGraw Conglomerate Corporation	Common	1666667	0	$200 at $.00001 par value	
0001104659-17-060430	1	Dakota Real Estate Investment Trust	Class A and Class B Shares	383771	0	$4,903,133 Shares were issued under dividend reinvestment plan to existing shareholders of Dakota REIT and under a distribution investment plan for limited partners of the UPREIT for which Dakota REIT is the general partner. The per share price was at a 10% discount from the value of the units then being offered by the UPREIT. The value of the UPREIT units has been the per share offering price for shares in Dakota REIT.	
