ACCESSION_NUMBER	SIGN_ID	CIK	REGULATIONISSUERNAME1	REGULATIONISSUERNAME2	SIGNATUREBY	SIGNATURE_DATE	TITLE
0001144204-17-065690	1	0001690021	Rabble One, LLC	Rabble One, LLC	/s/ Umber Bawa	28-DEC-2017	Chief Executive Officer and Director, Jane Q, Inc., d/b/a Rabble, as Manager of Rabble One, LLC
0001688361-17-000016	1	0001688361	Dubuc Motors Inc.	Dubuc Motors Inc.	Mike Kakogiannakis	22-DEC-2017	Chief Operating Officer
0001680579-17-000002	1	0001680579	Equity One Net Invest Inc	Equity One Net Invest Inc	Philipp Bruns	05-DEC-2017	CEO
0001654954-17-011116	1	0001579173	Allegiancy, LLC	Allegiancy, LLC	/s/ Steve Sadler	27-NOV-2017	Chief Executive Officer
0001025991-17-000001	1	0001025991	KINDERHOOK BANK CORP	KINDERHOOK BANK CORP	John A. Balli	22-NOV-2017	President & Chief Executive Officer
0001654954-17-010630	1	0001645554	Stocosil Inc.	Stocosil Inc.	Pyng Soon	14-NOV-2017	CEO
0001144204-17-053317	1	0001365794	Chino Commercial Bancorp	Chino Commercial Bancorp	Dann H. Bowman	19-OCT-2017	President, Chief Executive Officer
