ACCESSION_NUMBER	NID	SINFO_ID	NAME_TYPE	NAME
0001144204-17-065690	1	1	blueSkySpName	Morrison & Foerster LLP
0001144204-17-065690	1	1	auditorSpName	PKF O'Connor Davies, LLP
0001144204-17-065690	1	1	legalSpName	Fox Rothschild LLP and Morrison & Foerster LLP
0001688361-17-000016	1	1	auditorSpName	Davidson & Company
0001688361-17-000016	1	1	legalSpName	Venture Law Corporation
0001688361-17-000016	1	1	salesCommissionsSpName	SageWorks Capital
0001025991-17-000001	1	1	auditorSpName	Baker Newman & Noyes
0001025991-17-000001	2	1	auditorSpName	LLC
0001025991-17-000001	2	1	legalSpName	FitzGerald & Meaney
0001025991-17-000001	3	1	legalSpName	LLC
0001025991-17-000001	1	1	legalSpName	Cranmore
0001654954-17-010630	1	1	promoterSpName	Boustead Securities
0001654954-17-010630	1	1	legalSpName	Reed Smith
0001654954-17-010630	1	1	auditorSpName	Malone Bailey
0001654954-17-010630	1	1	underwrittenSpName	Boustead Securities
0001654954-17-010630	1	1	blueSkySpName	Mergent
0001144204-17-053317	1	1	findersSpName	D.A. Davidson
0001144204-17-053317	1	1	blueSkySpName	King, Holmes, Paterno & Soriano, LLP
0001144204-17-053317	1	1	legalSpName	King, Holmes, Paterno & Soriano, LLP
0001144204-17-053317	1	1	auditorSpName	Vavrinek, Trine, Day & Co, LLP
