ACCESSION_NUMBER	SO_ID	SECURITIESOFFEREDTYPES	SECURITIESOFFEREDOTHERDESC
0001493152-17-015307	1	Equity (common or preferred stock)	
0001493152-17-015303	1	Equity (common or preferred stock)	
0001214659-17-007517	1	Equity (common or preferred stock)	
0001144204-17-065880	1	Debt	
0001493152-17-015277	1	Equity (common or preferred stock)	
0001144204-17-065675	1	Equity (common or preferred stock)	
0001144204-17-065568	1	Equity (common or preferred stock)	
0001445866-17-001835	1	Equity (common or preferred stock)	
0001640334-17-002741	1	Equity (common or preferred stock)	
0001493152-17-015100	1	Equity (common or preferred stock)	
0001477932-17-006267	1	Equity (common or preferred stock)	
0001477932-17-006262	1	Equity (common or preferred stock)	
0001213900-17-013623	1	Equity (common or preferred stock)	
0001493152-17-015000	1	Equity (common or preferred stock)	
0001477932-17-006251	1	Equity (common or preferred stock)	
0001144204-17-065053	1	Equity (common or preferred stock)	
0001553350-17-001433	1	Debt	
0001689536-17-000008	1	Equity (common or preferred stock)	
0001683168-17-003377	1	Equity (common or preferred stock)	
0001659173-17-000583	1	Debt	
0001193125-17-376767	1	Equity (common or preferred stock)	
0001104659-17-074600	1	Equity (common or preferred stock)	
0001477932-17-006228	1	Equity (common or preferred stock)	
0001387131-17-005924	1	Equity (common or preferred stock)	
0001477932-17-006192	1	Equity (common or preferred stock)	
0001493152-17-014896	1	Equity (common or preferred stock)	
0001579586-17-000005	1	Equity (common or preferred stock)	
0001579586-17-000004	1	Equity (common or preferred stock)	
0001144204-17-064404	1	Equity (common or preferred stock)	
0001193125-17-373513	1	Equity (common or preferred stock)	
0001688804-17-000027	1	Other(describe)	LLC Interests
0001718873-17-000014	1	Equity (common or preferred stock)	
0001718873-17-000013	1	Equity (common or preferred stock)	
0001553350-17-001390	1	Debt	
0001144204-17-064099	1	Other(describe)	Limited Recourse Obligation (LRO), a limited debt obligation of the issuer
0001688804-17-000026	1	Other(describe)	LLC Interests
0001193125-17-370768	1	Debt	
0001718873-17-000009	1	Equity (common or preferred stock)	
0001615774-17-007349	1	Debt	
0001477932-17-006100	2	Security to be acquired upon exercise of option, warrant or other right to acquire security	
0001477932-17-006100	1	Equity (common or preferred stock)	
0001718873-17-000008	1	Equity (common or preferred stock)	
0001477932-17-006091	2	Security to be acquired upon exercise of option, warrant or other right to acquire security	
0001477932-17-006091	1	Equity (common or preferred stock)	
0001144204-17-063580	1	Equity (common or preferred stock)	
0001213900-17-013201	1	Equity (common or preferred stock)	
0001144204-17-063462	1	Other(describe)	Limited Recourse Obligation (LRO), a limited debt obligation of the issuer
0001214659-17-007281	1	Other(describe)	limited partnership units
0001683168-17-003288	1	Equity (common or preferred stock)	
0001640170-17-000006	1	Equity (common or preferred stock)	
0001640170-17-000004	1	Equity (common or preferred stock)	
0001493152-17-014471	1	Equity (common or preferred stock)	
0001721868-17-000141	1	Equity (common or preferred stock)	
0001713621-17-000008	1	Equity (common or preferred stock)	
0001144204-17-063013	1	Equity (common or preferred stock)	
0001718873-17-000006	1	Equity (common or preferred stock)	
0001144204-17-062842	1	Equity (common or preferred stock)	
0001493152-17-014337	1	Equity (common or preferred stock)	
0001659173-17-000554	1	Debt	
0001144204-17-062776	1	Equity (common or preferred stock)	
0001477932-17-005952	1	Equity (common or preferred stock)	
0001640170-17-000002	1	Equity (common or preferred stock)	
0001486452-17-000006	1	Equity (common or preferred stock)	
0001213900-17-012871	1	Equity (common or preferred stock)	
0001144204-17-061960	1	Debt	
0001579586-17-000002	1	Equity (common or preferred stock)	
0001493152-17-014057	1	Equity (common or preferred stock)	
0001144204-17-061738	1	Other(describe)	Limited Recourse Obligation (LRO), a limited debt obligation of the issuer
0001493152-17-013975	1	Equity (common or preferred stock)	
0001717993-17-000007	1	Equity (common or preferred stock)	
0001445866-17-001723	1	Equity (common or preferred stock)	
0001477932-17-005870	1	Equity (common or preferred stock)	
0001686327-17-000004	2	Other(describe)	Units of one class A share and one digital Coin
0001654954-17-011099	1	Equity (common or preferred stock)	
0001686327-17-000004	1	Equity (common or preferred stock)	
0001144204-17-061182	1	Equity (common or preferred stock)	
0001640334-17-002541	1	Equity (common or preferred stock)	
0001144204-17-061104	1	Other(describe)	Limited Recourse Obligation (LRO), a limited debt obligation of the issuer
0001553350-17-001299	1	Debt	
0001437749-17-019812	1	Equity (common or preferred stock)	
0001713621-17-000007	1	Equity (common or preferred stock)	
0001144204-17-060630	1	Equity (common or preferred stock)	
0001104659-17-070126	1	Equity (common or preferred stock)	
0001144204-17-060545	1	Equity (common or preferred stock)	
0001717993-17-000006	1	Equity (common or preferred stock)	
0001477932-17-005751	1	Equity (common or preferred stock)	
0001144204-17-060249	1	Equity (common or preferred stock)	
0001144204-17-060243	1	Equity (common or preferred stock)	
0001144204-17-060236	1	Equity (common or preferred stock)	
0001387131-17-005612	1	Equity (common or preferred stock)	
0001264931-17-000102	1	Equity (common or preferred stock)	
0001698370-17-000017	1	Equity (common or preferred stock)	
0001477932-17-005695	1	Equity (common or preferred stock)	
0001493152-17-013495	1	Equity (common or preferred stock)	
0001722266-17-000001	1	Equity (common or preferred stock)	
0001104659-17-069431	1	Equity (common or preferred stock)	
0001144204-17-059765	1	Equity (common or preferred stock)	
0001477932-17-005671	1	Equity (common or preferred stock)	
0001144204-17-059738	1	Equity (common or preferred stock)	
0001213900-17-012233	1	Equity (common or preferred stock)	
0001493152-17-013386	1	Equity (common or preferred stock)	
0001493152-17-013381	1	Equity (common or preferred stock)	
0001104659-17-068578	1	Equity (common or preferred stock)	
0001104659-17-068403	1	Equity (common or preferred stock)	
0001721868-17-000042	1	Equity (common or preferred stock)	
0001698370-17-000016	1	Equity (common or preferred stock)	
0001104659-17-067675	1	Equity (common or preferred stock)	
0001615774-17-006452	1	Debt	
0001717993-17-000005	1	Equity (common or preferred stock)	
0001703732-17-000005	1	Equity (common or preferred stock)	
0001477932-17-005450	1	Equity (common or preferred stock)	
0001713621-17-000005	1	Equity (common or preferred stock)	
0001213900-17-011633	1	Equity (common or preferred stock)	
0001477932-17-005429	1	Equity (common or preferred stock)	
0001654954-17-010145	1	Equity (common or preferred stock)	
0001144204-17-056788	1	Other(describe)	Limited Recourse Obligation (LRO), a limited debt obligation of the issuer
0001144204-17-056332	1	Equity (common or preferred stock)	
0001699683-17-000037	1	Equity (common or preferred stock)	
0001104659-17-066044	1	Equity (common or preferred stock)	
0001681287-17-000015	1	Equity (common or preferred stock)	
0001144204-17-056033	1	Other(describe)	Limited Recourse Obligation (LRO), a limited debt obligation of the issuer
0001019056-17-000737	1	Other(describe)	Warrant exchangeable for Ember Tokens
0001486452-17-000004	1	Equity (common or preferred stock)	
0001019056-17-000732	1	Other(describe)	Warrant exchangeable for Ember Tokens
0001445866-17-001505	1	Equity (common or preferred stock)	
0001144204-17-055180	1	Equity (common or preferred stock)	
0001716949-17-000006	1	Equity (common or preferred stock)	
0001703732-17-000003	1	Equity (common or preferred stock)	
0001567619-17-002265	1	Equity (common or preferred stock)	
0001214659-17-006247	1	Other(describe)	limited partnership units
0001144204-17-054870	1	Equity (common or preferred stock)	
0001718873-17-000003	1	Equity (common or preferred stock)	
0001104659-17-064566	1	Equity (common or preferred stock)	
0001144204-17-054591	1	Equity (common or preferred stock)	
0001717993-17-000003	1	Equity (common or preferred stock)	
0001477932-17-005267	1	Equity (common or preferred stock)	
0001193125-17-320687	1	Equity (common or preferred stock)	
0001698370-17-000014	3	Security to be acquired upon exercise of option, warrant or other right to acquire security	
0001698370-17-000014	1	Equity (common or preferred stock)	
0001698370-17-000014	2	Option, warrant or other right to acquire another security	
0001144204-17-054022	1	Equity (common or preferred stock)	
0001477932-17-005191	1	Equity (common or preferred stock)	
0001144204-17-053556	1	Other(describe)	Limited Recourse Obligation (LRO), a limited debt obligation of the issuer
0001654954-17-009626	1	Equity (common or preferred stock)	
0001567619-17-002219	1	Equity (common or preferred stock)	
0001642079-17-000014	1	Equity (common or preferred stock)	
0001683168-17-002703	1	Equity (common or preferred stock)	
0001716949-17-000004	1	Equity (common or preferred stock)	
0001659173-17-000466	1	Debt	
0001144204-17-052996	1	Other(describe)	Limited Recourse Obligation (LRO), a limited debt obligation of the issuer
0001477932-17-005129	1	Equity (common or preferred stock)	
0001642079-17-000013	1	Equity (common or preferred stock)	
0001493152-17-011750	1	Equity (common or preferred stock)	
0001683168-17-002684	1	Equity (common or preferred stock)	
0001493152-17-011736	1	Equity (common or preferred stock)	
0001567619-17-002194	1	Equity (common or preferred stock)	
0001144204-17-052599	1	Equity (common or preferred stock)	
0001144204-17-052554	1	Equity (common or preferred stock)	
0001642079-17-000012	1	Equity (common or preferred stock)	
0001642079-17-000011	1	Equity (common or preferred stock)	
0001193125-17-310091	1	Equity (common or preferred stock)	
0001144204-17-052495	1	Equity (common or preferred stock)	
0001477932-17-005041	1	Equity (common or preferred stock)	
0001144204-17-052465	1	Other(describe)	Limited Recourse Obligation (LRO), a limited debt obligation of the issuer
0001144204-17-052388	1	Equity (common or preferred stock)	
0001642079-17-000010	1	Equity (common or preferred stock)	
0001654954-17-009364	1	Equity (common or preferred stock)	
0001477932-17-004993	1	Equity (common or preferred stock)	
0001144204-17-052044	1	Other(describe)	Limited Recourse Obligation (LRO), a limited debt obligation of the issuer
0001079973-17-000584	1	Equity (common or preferred stock)	
0001078782-17-001363	1	Equity (common or preferred stock)	
0001615774-17-005658	1	Debt	
0001567619-17-002160	1	Equity (common or preferred stock)	
0001683168-17-002593	1	Equity (common or preferred stock)	
0001712534-17-000009	1	Equity (common or preferred stock)	
0001642079-17-000009	1	Equity (common or preferred stock)	
0001493152-17-011337	1	Equity (common or preferred stock)	
0001699683-17-000034	1	Equity (common or preferred stock)	
0001477932-17-004849	1	Equity (common or preferred stock)	
0001104659-17-060430	1	Equity (common or preferred stock)	
0001493152-17-011171	1	Equity (common or preferred stock)	
0001437749-17-016591	1	Equity (common or preferred stock)	
0001493152-17-011109	1	Equity (common or preferred stock)	
