ACCESSION_NUMBER	ED_ID	TYPE	NAME	OUTSTANDING	CUSIP	PUBLICYTRADED
0001493152-17-015307	1	Preferred	None	0	000000000	NA
0001493152-17-015307	1	Common	Common Stock	12000000	000000000	None
0001493152-17-015307	1	Debt Securities	None	0	000000000	NA
0001493152-17-015303	1	Preferred	None	0	000000000	N/A
0001493152-17-015303	1	Common	Common Stock	10000000	000000000	N/A
0001493152-17-015303	1	Debt Securities	None	0	000000000	N/A
0001214659-17-007517	1	Preferred	NONE	0	00000NONE	NONE
0001214659-17-007517	1	Common	NONE	0	00000NONE	NONE
0001214659-17-007517	1	Debt Securities	NONE	0	00000NONE	NONE
0001144204-17-065880	1	Common	Membership Interests	1000	000000000	N/A
0001144204-17-065880	1	Debt Securities	N/A	0	000000000	N/A
0001144204-17-065880	1	Preferred	N/A	0	000000000	N/A
0001493152-17-015277	1	Preferred	None.	0	000000000	NONE
0001493152-17-015277	1	Debt Securities	NONE	0	000000000	NONE
0001493152-17-015277	1	Common	Common Stock	14488614	000000000	NONE
0001144204-17-065675	1	Preferred	Preferred Stock	0	000000N/A	N/A
0001144204-17-065675	1	Common	Common Stock	10000000	000000N/A	N/A
0001144204-17-065675	1	Debt Securities	Promissory Notes	1650000	000000N/A	N/A
0001144204-17-065568	1	Preferred	N/A	0	000000N/A	N/A
0001144204-17-065568	1	Debt Securities	N/A	0	000000N/A	N/A
0001144204-17-065568	1	Common	Common Stock	4000000	000000N/A	N/A
0001445866-17-001835	1	Preferred		0		
0001445866-17-001835	1	Common		0		
0001445866-17-001835	1	Debt Securities		0		
0001640334-17-002741	1	Common	Common Stock	3119781537	94748P104	OTC
0001640334-17-002741	1	Debt Securities	Series B Preferred	1000000	n/a	n/a
0001640334-17-002741	1	Preferred	Series A Preferred	10000000	n/a	n/a
0001493152-17-015100	1	Common	Common Equity	422371	785765207	OTC Pink
0001493152-17-015100	1	Debt Securities	Convertible Debt Securities	2045431	000000000	None
0001493152-17-015100	1	Preferred	Preferred Equity	15653983	000000000	None
0001477932-17-006267	1	Common	Class B Interests	0		
0001477932-17-006267	1	Preferred	None	0		
0001477932-17-006267	1	Debt Securities	None	0		
0001477932-17-006262	1	Debt Securities	Debt Securities	0		
0001477932-17-006262	1	Preferred	Class A Interests	0		
0001477932-17-006262	1	Common	Class B Interests	1000	None	None
0001213900-17-013623	1	Common	Membership Units	10000000	000000000	N/A
0001213900-17-013623	1	Preferred	N/A	0	000000000	N/A
0001213900-17-013623	1	Debt Securities	N/A	0	000000000	N/A
0001493152-17-015000	1	Debt Securities	NONE	0	000000000	NONE
0001493152-17-015000	1	Preferred	Preferred Stock	0	000000000	NONE
0001493152-17-015000	1	Common	Common Stock	15855178	000000000	NONE
0001477932-17-006251	2	Common	Non-Voting Common Stock	88500	None	None
0001477932-17-006251	1	Common	Voting Common Stock	10200000	None	None
0001477932-17-006251	1	Preferred	None	0		
0001477932-17-006251	1	Debt Securities	None	0		
0001144204-17-065053	1	Preferred	Class A	34182	000000N/A	N/A
0001144204-17-065053	1	Common	None	500000	000000N/A	N/A
0001144204-17-065053	1	Debt Securities	None	0	000000N/A	N/A
0001553350-17-001433	1	Common	Common Stock	1000000	000000N/A	None
0001553350-17-001433	2	Common	Options	0	000000N/A	None
0001553350-17-001433	3	Common	Warrants	0	000000N/A	None
0001553350-17-001433	1	Preferred	Series Seed Preferred Stock	0	000000N/A	None
0001553350-17-001433	1	Debt Securities	Convertible Note	0	000000N/A	None
0001689536-17-000008	1	Common	Common	9753186	N/A	N/A
0001689536-17-000008	1	Debt Securities	N/A	0	N/A	N/A
0001689536-17-000008	1	Preferred	N/A	0	N/A	N/A
0001683168-17-003377	1	Preferred	N/A	0	000000000	N/A
0001683168-17-003377	1	Common	Common Stock	487693986	37948L209	OTCMarkets, Pink Open Market
0001683168-17-003377	1	Debt Securities	N/A	0	000000000	N/A
0001193125-17-376767	2	Preferred	Series B Convertible Preferred	42750	000000000	n/a
0001193125-17-376767	3	Preferred	Series C Convertible Preferred	1904404	000000000	n/a
0001659173-17-000583	1	Debt Securities	NA	0	000000000	NA
0001193125-17-376767	1	Debt Securities	Senior Secured Notes	625000	000000000	n/a
0001193125-17-376767	1	Common	Common Stock	2700710	000000000	n/a
0001193125-17-376767	1	Preferred	Series D Convertible Preferred	267300	000000000	n/a
0001659173-17-000583	1	Common	Common Equity	75000	000000000	NA
0001659173-17-000583	1	Preferred	NA	0	000000000	NA
0001104659-17-074600	1	Common	Common Stock	100	000000000	NA
0001104659-17-074600	1	Preferred	Preferred Stock	0	000000000	NA
0001104659-17-074600	1	Debt Securities		0		
0001477932-17-006228	1	Debt Securities	None	0		
0001477932-17-006228	1	Preferred	Preferred Equity	1250000	None	None
0001477932-17-006228	1	Common	Common Equity	22500000	None	None
0001387131-17-005924	1	Common	NA	100	000000000	NA
0001387131-17-005924	1	Preferred	NA	0	000000000	NA
0001477932-17-006192	1	Common	Voting Common Stock	10200000	None	None
0001477932-17-006192	2	Common	Non-Voting Common Stock	88500	None	None
0001477932-17-006192	1	Preferred	None	0		
0001493152-17-014896	1	Common	Doyen Elements, Inc.	17042274	26122P102	To be determined
0001493152-17-014896	1	Preferred	Doyen Elements, Inc.	638	00775B207	To be determined
0001387131-17-005924	1	Debt Securities	NA	0	000000000	NA
0001477932-17-006192	1	Debt Securities	None	0		
0001493152-17-014896	1	Debt Securities	N/A	0	000000000	N/A
0001579586-17-000005	1	Common	common/voting	13333333	0	0
0001579586-17-000005	1	Preferred		0		
0001579586-17-000005	1	Debt Securities		0		
0001579586-17-000004	1	Preferred	0	0	0	0
0001579586-17-000004	1	Debt Securities	0	0	0	0
0001579586-17-000004	1	Common	common voting	200000	0	0
0001144204-17-064404	1	Debt Securities	N/A	0	000000N/A	N/A
0001144204-17-064404	1	Preferred	N/A	0	000000N/A	N/A
0001144204-17-064404	1	Common	Common Stock	38624940	67001L101	N/A
0001193125-17-373513	1	Common	N/A	0	000000000	N/A
0001193125-17-373513	1	Preferred	10 Percent Pref Particip	19739856	000000000	N/A
0001193125-17-373513	1	Debt Securities	8 Percent Secured Notes	30179273	000000000	N/A
0001688804-17-000027	1	Debt Securities		0		
0001688804-17-000027	1	Preferred		0		
0001688804-17-000027	1	Common	Series #77LE1	2000	0	None
0001718873-17-000014	1	Preferred		0		
0001718873-17-000014	1	Common	Common Stock	1438062	None	None
0001718873-17-000014	1	Debt Securities		0		
0001718873-17-000013	1	Debt Securities		0		
0001718873-17-000013	1	Common	Common Stock	1438062	None	None
0001718873-17-000013	1	Preferred		0		
0001553350-17-001390	1	Preferred	Series Seed Preferred Stock	0	000000N/A	None
0001553350-17-001390	3	Common	Warrants	0	000000N/A	None
0001553350-17-001390	1	Common	Common Stock	1000000	000000N/A	None
0001553350-17-001390	2	Common	Options	0	000000N/A	None
0001553350-17-001390	1	Debt Securities	Convertible Note	0	000000N/A	None
0001144204-17-064099	1	Preferred	Series Seed	568796	000000N/A	N/A
0001144204-17-064099	2	Preferred	Series A Preferred Stock	747373	000000N/A	N/A
0001144204-17-064099	1	Debt Securities	Convertible Promissory Notes	1500000	000000N/A	N/A
0001144204-17-064099	1	Common	Common Stock	1132406	000000N/A	N/A
0001688804-17-000026	1	Debt Securities		0		
0001688804-17-000026	1	Common	Series #77LE1	2000	0	None
0001688804-17-000026	1	Preferred		0		
0001193125-17-370768	1	Preferred	Preferred Equity Class A	0	000000000	N/A
0001193125-17-370768	1	Common	Common Equity Class B	0	000000000	N/A
0001193125-17-370768	1	Debt Securities	N/A	0	000000000	N/A
0001718873-17-000009	1	Preferred		0		
0001718873-17-000009	1	Debt Securities		0		
0001718873-17-000009	1	Common	Common Stock	1438062	None	None
0001615774-17-007349	1	Common	Common Equity Membership Inter	100	000000000	N/A
0001615774-17-007349	1	Preferred	Preferred Equity	0	000000000	N/A
0001615774-17-007349	1	Debt Securities	Debt Securities	0	000000000	N/A
0001477932-17-006100	1	Common	Common Equity	227259485	584502108	OTC Links (Pink Sheets)
0001477932-17-006100	1	Preferred	Preferred Equity	33600	N/A	N/A
0001477932-17-006100	1	Debt Securities	Debt Securities	222500	N/A	N/A
0001718873-17-000008	1	Common	Common Stock	1438062	None	None
0001718873-17-000008	1	Preferred		0		
0001718873-17-000008	1	Debt Securities		0		
0001477932-17-006091	1	Common	Common Equity	227259485	584502108	OTC Links (Pink Sheets)
0001477932-17-006091	1	Preferred	Preferred Equity	33600	N/A	N/A
0001477932-17-006091	1	Debt Securities	Debt Securities	222500	N/A	N/A
0001144204-17-063580	1	Debt Securities	Convertible Promissory Notes	825000	000000N/A	N/A
0001144204-17-063580	2	Preferred	Series A Preferred Stock	747373	000000N/A	N/A
0001144204-17-063580	1	Preferred	Series Seed Preferred Stock	568796	000000N/A	N/A
0001144204-17-063580	1	Common	Common Stock	1132406	000000N/A	N/A
0001213900-17-013201	1	Debt Securities	N/A	0	000000000	N/A
0001213900-17-013201	1	Common	Membership Units	10000000	000000000	N/A
0001213900-17-013201	1	Preferred	N/A	0	000000000	N/A
0001144204-17-063462	1	Preferred	Series Seed	568796	000000N/A	N/A
0001144204-17-063462	1	Common	Common Stock	1132406	000000N/A	N/A
0001144204-17-063462	2	Preferred	Series A Preferred Stock	747373	000000N/A	N/A
0001144204-17-063462	1	Debt Securities	Convertible Promissory Notes	1500000	000000N/A	N/A
0001214659-17-007281	1	Debt Securities	None	0	000000n/a	n/a
0001214659-17-007281	1	Common	Limited Partnership Units	14000000	000000n/a	n/a
0001214659-17-007281	1	Preferred	None	0	000000n/a	n/a
0001683168-17-003288	1	Preferred	N/A	0	000000000	none
0001683168-17-003288	1	Common	Class A Common Stock	0	02563X102	OTC Markets, Pink Open Market
0001683168-17-003288	1	Debt Securities	N/A	0	000000000	n/a
0001640170-17-000006	1	Common	common voting	13333333	0	0
0001640170-17-000006	1	Debt Securities	0	0	0	0
0001640170-17-000006	1	Preferred	0	0	0	0
0001640170-17-000004	1	Common	common/voting	13333333	0	0
0001640170-17-000004	1	Preferred		0		
0001640170-17-000004	1	Debt Securities		0		
0001493152-17-014471	1	Common	Common Equity	422371	785765207	OTC Pink
0001493152-17-014471	1	Debt Securities	Convertible Debt Securities	2045431	000000000	None
0001493152-17-014471	1	Preferred	Preferred Equity	15653983	000000000	None
0001721868-17-000141	1	Common	Common	100000000	000000n/a	n/a
0001721868-17-000141	1	Preferred	n/a	0	000000n/a	n/a
0001721868-17-000141	1	Debt Securities	n/a	0	000000n/a	n/a
0001713621-17-000008	1	Debt Securities	N/A	0	N/A	N/A
0001713621-17-000008	1	Preferred	N/A	0	N/A	N/A
0001713621-17-000008	1	Common	Common	20000000	N/A	N/A
0001144204-17-063013	1	Common	Common Stock	4000000	000000N/A	N/A
0001144204-17-063013	1	Preferred	N/A	0	000000N/A	N/A
0001144204-17-063013	1	Debt Securities	N/A	0	000000N/A	N/A
0001718873-17-000006	1	Preferred		0		
0001718873-17-000006	1	Debt Securities		0		
0001718873-17-000006	1	Common	Common Stock	1438062	None	None
0001144204-17-062842	1	Debt Securities	N/A	0	000000N/A	N/A
0001144204-17-062842	1	Preferred	N/A	0	000000N/A	N/A
0001144204-17-062842	1	Common	Common Stock	15000000	000000N/A	N/A
0001493152-17-014337	1	Debt Securities	None	0	000000000	NA
0001493152-17-014337	1	Preferred	None	0	000000000	NA
0001493152-17-014337	1	Common	Common Stock	12000000	000000000	None
0001659173-17-000554	1	Common	Common Equity	75000	000000000	NA
0001659173-17-000554	1	Debt Securities	NA	0	000000000	NA
0001659173-17-000554	1	Preferred	NA	0	000000000	NA
0001144204-17-062776	1	Debt Securities	None	0	000000N/A	N/A
0001144204-17-062776	1	Common	None	500000	000000N/A	N/A
0001144204-17-062776	1	Preferred	Class A	34182	000000N/A	N/A
0001477932-17-005952	1	Common	Common Equity	1666667	None	None
0001477932-17-005952	1	Debt Securities	Debt Securities	0	None	None
0001477932-17-005952	1	Preferred	Preferred Equity	0	None	None
0001640170-17-000002	1	Common	common/voting	333333	0	none
0001640170-17-000002	1	Debt Securities		0		
0001640170-17-000002	1	Preferred		0		
0001213900-17-012871	1	Common	Common Stock	5442786	000000000	None
0001213900-17-012871	1	Preferred	Preferred Stock	3178954	000000000	None
0001486452-17-000006	1	Debt Securities		0		
0001486452-17-000006	1	Preferred	Series A Super Voting	2000000	na	na
0001213900-17-012871	1	Debt Securities	None	0	000000000	None
0001486452-17-000006	1	Common	Common	307814672	18717D107	OTC Pink
0001144204-17-061960	1	Common	Membership Interests	1000	000000000	N/A
0001144204-17-061960	1	Preferred	N/A	0	000000000	N/A
0001144204-17-061960	1	Debt Securities	N/A	0	000000000	N/A
0001579586-17-000002	1	Preferred	0	0	0	0
0001579586-17-000002	1	Debt Securities	0	0	0	0
0001579586-17-000002	1	Common	common voting	333000	0	0
0001493152-17-014057	1	Debt Securities	Convertible Notes	2108500	000000000	None
0001493152-17-014057	1	Preferred	Preferred Stock	0	000000000	None
0001493152-17-014057	1	Common	Common Stock	10277491	000000000	NONE
0001144204-17-061738	1	Preferred	Series Seed	568796	000000N/A	N/A
0001144204-17-061738	2	Preferred	Series A Preferred Stock	747373	000000N/A	N/A
0001144204-17-061738	1	Debt Securities	Convertible Promissory Notes	1500000	000000N/A	N/A
0001144204-17-061738	1	Common	Common Stock	1132406	000000N/A	N/A
0001493152-17-013975	1	Debt Securities	Convertible Note	3000000	000000000	None
0001493152-17-013975	1	Preferred	None	0	000000000	None
0001493152-17-013975	1	Common	Common Stock	38750000	000000000	None
0001717993-17-000007	1	Preferred	N/A	0	N/A	N/A
0001717993-17-000007	1	Common	Common	20000000	N/A	N/A
0001717993-17-000007	1	Debt Securities	N/A	0	N/A	N/A
0001445866-17-001723	1	Preferred		0		
0001445866-17-001723	1	Debt Securities		0		
0001445866-17-001723	1	Common		0		
0001477932-17-005870	1	Common	Common Equity	25000000	None	None
0001477932-17-005870	1	Preferred	Preferred Equity	0		
0001477932-17-005870	1	Debt Securities	Debt Securities	0		
0001654954-17-011099	1	Preferred		0		
0001654954-17-011099	1	Debt Securities		0		
0001686327-17-000004	1	Common	Common Class A & B	37250000	N/A	N/A
0001686327-17-000004	1	Preferred	None	0		
0001654954-17-011099	1	Common	Common Stock	111076211	000000000	n/a
0001686327-17-000004	1	Debt Securities	None	0		
0001144204-17-061182	1	Common	Common Stock	100	000000N/A	N/A
0001144204-17-061182	1	Debt Securities	N/A	0	000000N/A	N/A
0001144204-17-061182	1	Preferred	N/A	0	000000N/A	N/A
0001640334-17-002541	1	Common	Class A Common Stock	180000000	N/A	N/A
0001640334-17-002541	1	Preferred		0		
0001640334-17-002541	2	Common	Class B Common Stock	2000	N/A	N/A
0001640334-17-002541	1	Debt Securities		0		
0001144204-17-061104	1	Common	Common Stock	1132406	000000N/A	N/A
0001144204-17-061104	1	Preferred	Series Seed	568796	000000N/A	N/A
0001144204-17-061104	2	Preferred	Series A Preferred Stock	747373	000000N/A	N/A
0001144204-17-061104	1	Debt Securities	Convertible Promissory Notes	1500000	000000N/A	N/A
0001553350-17-001299	3	Common	Warrants	0	000000N/A	None
0001553350-17-001299	2	Common	Options	0	000000N/A	None
0001553350-17-001299	1	Common	Common Stock	1000000	000000N/A	None
0001553350-17-001299	1	Preferred	Series Seed Preferred Stock	0	000000N/A	None
0001553350-17-001299	1	Debt Securities	Convertible Note	0	000000N/A	None
0001437749-17-019812	1	Common	Unrestricted Stock	470617781	N/A	OTC: PINK
0001437749-17-019812	1	Preferred	Membership Interest	4900000	N/A	N/A
0001437749-17-019812	1	Debt Securities	Debt Securities	0	N/A	N/A
0001713621-17-000007	1	Preferred	N/A	0	N/A	N/A
0001713621-17-000007	1	Common	Common	20000000	N/A	N/A
0001713621-17-000007	1	Debt Securities	N/A	0	N/A	N/A
0001144204-17-060630	1	Common	Common Stock	27232345	98979R101	N/A
0001144204-17-060630	1	Preferred	N/A	0	000000000	N/A
0001144204-17-060630	1	Debt Securities	N/A	0	000000000	N/A
0001104659-17-070126	1	Preferred		0		
0001104659-17-070126	1	Debt Securities		0		
0001104659-17-070126	1	Common	Common Stock	8219576	247035207	OTC Pink Marketplace
0001144204-17-060545	1	Debt Securities	N/A	0	000000000	N/A
0001144204-17-060545	1	Preferred	N/A	0	000000000	N/A
0001144204-17-060545	1	Common	Common Stock	27232345	98979R101	N/A
0001717993-17-000006	1	Debt Securities	N/A	0	N/A	N/A
0001717993-17-000006	1	Preferred	N/A	0	N/A	N/A
0001717993-17-000006	1	Common	Common	20000000	N/A	N/A
0001477932-17-005751	1	Debt Securities	None	0	000000000	N/A
0001477932-17-005751	2	Common	Class A Common Stock	0	000000000	N/A
0001477932-17-005751	1	Common	Class B Common Stock	100	000000000	N/A
0001477932-17-005751	1	Preferred	Preferred Stock	0	000000000	N/A
0001387131-17-005612	1	Debt Securities	N/A	0	000000000	N/A
0001144204-17-060236	1	Debt Securities	N/A	0	000000000	N/A
0001144204-17-060243	1	Debt Securities	N/A	0	000000000	N/A
0001144204-17-060249	1	Debt Securities	N/A	0	000000000	N/A
0001144204-17-060243	1	Common	Common Shares	2323000	000000000	N/A
0001144204-17-060236	1	Preferred	N/A	0	000000000	N/A
0001144204-17-060236	1	Common	Common Shares	2183200	000000000	N/A
0001387131-17-005612	1	Preferred	N/A	0	000000000	N/A
0001387131-17-005612	1	Common	N/A	100	000000000	N/A
0001144204-17-060249	1	Preferred	N/A	0	000000000	N/A
0001144204-17-060243	1	Preferred	N/A	0	000000000	N/A
0001144204-17-060249	1	Common	Common Shares	2148400	000000000	N/A
0001264931-17-000102	1	Preferred	Preferred Equity	1665000	000000000	N/A
0001264931-17-000102	1	Common	Common Equity	794554805	941114G00	OTC Links (Pink Sheets)
0001264931-17-000102	1	Debt Securities	Debt Securities	151000	000000000	N/A
0001698370-17-000017	1	Preferred	preferred shares	0	0	Not Applicable
0001698370-17-000017	1	Debt Securities	none	0	0	Not Applicable
0001698370-17-000017	1	Common	common shares	70517287	89785	Canadian Securities Exchange
0001477932-17-005695	1	Preferred	Class A Preferred Units	0	None	None
0001477932-17-005695	1	Common	Management Interests	0	None	None
0001477932-17-005695	2	Preferred	Class B Preferred Units	0	None	None
0001477932-17-005695	1	Debt Securities	Debt Securities	0	None	None
0001477932-17-005695	3	Preferred	Class C Preferred Units	0	None	None
0001493152-17-013495	1	Common	Common Stock	12000000	000000000	None
0001493152-17-013495	1	Preferred	None	0	000000000	NA
0001493152-17-013495	1	Debt Securities	None	0	000000000	NA
0001722266-17-000001	1	Preferred	0	0	0	0
0001722266-17-000001	1	Debt Securities	0	0	0	0
0001722266-17-000001	1	Common	0	0	0	0
0001104659-17-069431	1	Debt Securities	NA	0	NA	NA
0001104659-17-069431	1	Preferred	NA	0	NA	NA
0001104659-17-069431	1	Common	Common Stock, $0.01 per share	36523999	92831R201	OTC-Markets
0001144204-17-059765	1	Preferred	Class A	34182	000000N/A	N/A
0001144204-17-059765	1	Common	None	500000	000000N/A	N/A
0001144204-17-059765	1	Debt Securities	None	0	000000N/A	N/A
0001477932-17-005671	1	Preferred	Preferred Stock	0	000000000	N/A
0001477932-17-005671	1	Debt Securities	None	0	000000000	N/A
0001477932-17-005671	2	Common	Class A Common Stock	0	000000000	N/A
0001477932-17-005671	1	Common	Class B Common Stock	100	000000000	N/A
0001144204-17-059738	1	Common	Common Stock	1000	000000N/A	N/A
0001144204-17-059738	1	Debt Securities	N/A	0	000000N/A	N/A
0001144204-17-059738	1	Preferred	N/A	0	000000N/A	N/A
0001213900-17-012233	1	Preferred	Preferred Stock	3178954	000000000	None
0001213900-17-012233	1	Common	Common Stock	5442786	000000000	None
0001213900-17-012233	1	Debt Securities	None	0	000000000	None
0001493152-17-013381	1	Common	Common Stock	10277491	000000000	NONE
0001493152-17-013381	1	Preferred	Preferred Stock	0	000000000	None
0001493152-17-013386	1	Common	Common Stock	25000100	000000000	NONE
0001493152-17-013386	1	Preferred	Preferred Stock	0	000000000	NONE
0001493152-17-013381	1	Debt Securities	Convertible Notes	2108500	000000000	None
0001493152-17-013386	1	Debt Securities	NONE	0	000000000	NONE
0001104659-17-068578	1	Common	Common Stock	100	000000000	NA
0001104659-17-068578	1	Preferred	Preferred Stock	0	000000000	NA
0001104659-17-068578	1	Debt Securities		0		
0001104659-17-068403	1	Preferred	N/A	0	N/A	N/A
0001104659-17-068403	1	Debt Securities	N/A	0	N/A	N/A
0001104659-17-068403	1	Common	Common	2726812	83420T104	OTC-Pink
0001721868-17-000042	1	Debt Securities	n/a	0	000000n/a	n/a
0001721868-17-000042	1	Preferred	n/a	0	000000n/a	n/a
0001721868-17-000042	1	Common	Common	100000000	000000n/a	n/a
0001698370-17-000016	1	Preferred	preferred shares	0	0	Not Applicable
0001698370-17-000016	1	Common	common shares	70517287	89785	Canadian Securities Exchange
0001698370-17-000016	1	Debt Securities	none	0	0	Not Applicable
0001104659-17-067675	1	Preferred	Preferred Stock	0	000000000	NA
0001104659-17-067675	1	Debt Securities		0		
0001104659-17-067675	1	Common	Common Stock	100	000000000	NA
0001615774-17-006452	1	Common	Common Equity Membership Inter	100	000000000	N/A
0001615774-17-006452	1	Debt Securities	Debt Securities	0	000000000	N/A
0001615774-17-006452	1	Preferred	Preferred Equity	0	000000000	N/A
0001717993-17-000005	1	Preferred	N/A	0	N/A	N/A
0001717993-17-000005	1	Common	Common	20000000	N/A	N/A
0001717993-17-000005	1	Debt Securities	N/A	0	N/A	N/A
0001703732-17-000005	1	Preferred	Preferred	0		
0001703732-17-000005	1	Common	Class A and B Common Stock	28000000	N/A	N/A
0001703732-17-000005	1	Debt Securities		0		
0001477932-17-005450	1	Common	Common Equity	1666667	None	None
0001477932-17-005450	1	Debt Securities	Debt Securities	0	None	None
0001477932-17-005450	1	Preferred	Preferred Equity	0	None	None
0001713621-17-000005	1	Common	Common	20000000	N/A	N/A
0001713621-17-000005	1	Preferred	N/A	0	N/A	N/A
0001713621-17-000005	1	Debt Securities	N/A	0	N/A	N/A
0001213900-17-011633	1	Preferred	N/A	0	000000000	N/A
0001213900-17-011633	1	Debt Securities	N/A	0	000000000	N/A
0001213900-17-011633	1	Common	Investor Shares	200	000000000	N/A
0001477932-17-005429	1	Debt Securities	None	0	000000000	N/A
0001477932-17-005429	2	Common	Class A Common Stock	0	000000000	N/A
0001477932-17-005429	1	Preferred	Preferred Stock	0	000000000	N/A
0001477932-17-005429	1	Common	Class B Common Stock	100	000000000	N/A
0001654954-17-010145	1	Common	Common Stock	804617	40417L106	N/A
0001654954-17-010145	1	Preferred	Series A	144500	000000000	N/A
0001654954-17-010145	1	Debt Securities	N/A	0	000000000	N/A
0001144204-17-056788	1	Debt Securities	Convertible Promissory Notes	825000	000000N/A	N/A
0001144204-17-056788	2	Preferred	Series A Preferred Stock	747373	000000N/A	N/A
0001144204-17-056788	1	Preferred	Series Seed	568796	000000N/A	N/A
0001144204-17-056788	1	Common	Common Stock	1132406	000000N/A	N/A
0001144204-17-056332	1	Common	Common Stock	38624940	67001L101	N/A
0001144204-17-056332	1	Debt Securities	N/A	0	000000N/A	N/A
0001144204-17-056332	1	Preferred	N/A	0	000000N/A	N/A
0001699683-17-000037	1	Preferred	N/A	0	N/A	N/A
0001699683-17-000037	1	Common	Common	7500000	N/A	N/A
0001699683-17-000037	1	Debt Securities	N/A	0	N/A	N/A
0001104659-17-066044	1	Common	Common Stock, $0.01 per share	36523999	92831R201	OTC-Markets
0001104659-17-066044	1	Debt Securities	NA	0	NA	NA
0001104659-17-066044	1	Preferred	NA	0	NA	NA
0001681287-17-000015	1	Debt Securities	None	0	N/A	N/A
0001681287-17-000015	1	Common	Common	20000000	N/A	N/A
0001681287-17-000015	1	Preferred	N/A	0	n/a	N/A
0001144204-17-056033	1	Debt Securities	Convertible Promissory Notes	825000	000000N/A	N/A
0001144204-17-056033	2	Preferred	Series A Preferred Stock	747373	000000N/A	N/A
0001144204-17-056033	1	Preferred	Series Seed	568796	000000N/A	N/A
0001144204-17-056033	1	Common	Common Stock	1132406	000000N/A	N/A
0001019056-17-000737	1	Common	Common Stock	1000	000000000	N/A
0001019056-17-000737	1	Preferred	Perferred Stock	0	000000000	N/A
0001019056-17-000737	1	Debt Securities	N/A	0	000000000	N/A
0001486452-17-000004	1	Debt Securities		0		
0001486452-17-000004	1	Preferred	Series A Super Voting	2000000	na	na
0001486452-17-000004	1	Common	Common	307814672	18717D107	OTC Pink
0001019056-17-000732	1	Common	Common Stock	1000	000000000	N/A
0001019056-17-000732	1	Debt Securities	N/A	0	000000000	N/A
0001019056-17-000732	1	Preferred	Perferred Stock	0	000000000	N/A
0001445866-17-001505	1	Common		0		
0001445866-17-001505	1	Debt Securities		0		
0001445866-17-001505	1	Preferred		0		
0001144204-17-055180	1	Common	Class A Common Stock	75000000	000000N/A	N/A
0001144204-17-055180	1	Preferred	N/A	0	000000N/A	N/A
0001144204-17-055180	2	Common	Class B Common Stock	400000000	000000N/A	N/A
0001144204-17-055180	1	Debt Securities	N/A	0	000000N/A	N/A
0001716949-17-000006	1	Common	Common	20000000	N/A	N/A
0001716949-17-000006	1	Preferred	N/A	0	N/A	N/A
0001716949-17-000006	1	Debt Securities	N/A	0	N/A	N/A
0001703732-17-000003	1	Debt Securities		0		
0001703732-17-000003	1	Preferred	Preferred	0		
0001703732-17-000003	1	Common	Class A and B Common Stock	28000000	N/A	N/A
0001567619-17-002265	1	Common	COMMON STOCK	999992	292694106	N/A
0001567619-17-002265	1	Preferred	None	0	N/A	N/A
0001567619-17-002265	1	Debt Securities	Senior Secured Promissory Note	3000000	N/A	N/A
0001214659-17-006247	1	Preferred	None	0	000000n/a	n/a
0001214659-17-006247	1	Common	Limited Partnership Units	14000000	000000n/a	n/a
0001214659-17-006247	1	Debt Securities	None	0	000000n/a	n/a
0001144204-17-054870	1	Preferred	Series Seed Preferred Stock	568796	000000N/A	N/A
0001144204-17-054870	1	Debt Securities	Convertible Promissory Notes	825000	000000N/A	N/A
0001144204-17-054870	2	Preferred	Series A Preferred Stock	747373	000000N/A	N/A
0001144204-17-054870	1	Common	Common Stock	1132406	000000N/A	N/A
0001718873-17-000003	1	Common	Common Stock	1438062	None	None
0001718873-17-000003	1	Preferred		0		
0001718873-17-000003	1	Debt Securities		0		
0001104659-17-064566	1	Common	Common	2725813	83420T104	OTC-Pink
0001104659-17-064566	1	Preferred	N/A	0	N/A	N/A
0001104659-17-064566	1	Debt Securities	N/A	0	N/A	N/A
0001144204-17-054591	1	Common	Common Stock	4000000	000000N/A	N/A
0001144204-17-054591	1	Preferred	N/A	0	000000N/A	N/A
0001144204-17-054591	1	Debt Securities	N/A	0	000000N/A	N/A
0001717993-17-000003	1	Common	Common	20000000	N/A	N/A
0001717993-17-000003	1	Debt Securities	N/A	0	N/A	N/A
0001717993-17-000003	1	Preferred	N/A	0	N/A	N/A
0001477932-17-005267	1	Preferred	Preferred Stock	0	000000000	N/A
0001477932-17-005267	1	Common	Class B Common Stock	100	000000000	N/A
0001477932-17-005267	1	Debt Securities	None	0	000000000	N/A
0001477932-17-005267	2	Common	Class A Common Stock	0	000000000	N/A
0001193125-17-320687	1	Debt Securities	Debt Securities	0	000000000	n/a
0001193125-17-320687	2	Common	Class A common stock	471715	000000000	n/a
0001193125-17-320687	1	Common	Class B common stock	32315700	000000000	n/a
0001193125-17-320687	1	Preferred	Preferred Equity	0	000000000	n/a
0001698370-17-000014	1	Debt Securities	none	0	0	Not Applicable
0001698370-17-000014	1	Preferred	preferred shares	0	0	Not Applicable
0001698370-17-000014	1	Common	common shares	70257787	89785	Canadian Securities Exchange
0001144204-17-054022	1	Common	Common Stock	27232345	98979R101	N/A
0001144204-17-054022	1	Debt Securities	N/A	0	000000000	N/A
0001144204-17-054022	1	Preferred	N/A	0	000000000	N/A
0001477932-17-005191	1	Preferred	Preferred Stock	0	000000000	N/A
0001477932-17-005191	1	Debt Securities	None	0	000000000	N/A
0001477932-17-005191	2	Common	Class A Common Stock	0	000000000	N/A
0001477932-17-005191	1	Common	Class B Common Stock	100	000000000	N/A
0001144204-17-053556	1	Common	Common Stock	1132406	000000N/A	N/A
0001144204-17-053556	2	Preferred	Series A Preferred Stock	747373	000000N/A	N/A
0001144204-17-053556	1	Preferred	Series Seed	568796	000000N/A	N/A
0001144204-17-053556	1	Debt Securities	Convertible Promissory Notes	825000	000000N/A	N/A
0001654954-17-009626	1	Common	Common Stock	5764668	52730Q209	N/A
0001654954-17-009626	1	Preferred	N/A	0	000000000	N/A
0001654954-17-009626	1	Debt Securities	N/A	0	000000000	N/A
0001567619-17-002219	1	Debt Securities	Senior Secured Promissory Note	3000000	N/A	N/A
0001567619-17-002219	1	Preferred	None	0	N/A	N/A
0001567619-17-002219	1	Common	COMMON STOCK	999992	292694106	N/A
0001642079-17-000014	1	Common		0		
0001642079-17-000014	1	Preferred		0		
0001642079-17-000014	1	Debt Securities		0		
0001683168-17-002703	1	Common	Common Stock	533160770	37948L209	OTCMarkets, Pink Open Market
0001683168-17-002703	1	Preferred	N/A	0	000000000	N/A
0001683168-17-002703	1	Debt Securities	N/A	0	000000000	N/A
0001659173-17-000466	1	Preferred	NA	0	000000000	NA
0001716949-17-000004	1	Debt Securities	N/A	0	N/A	N/A
0001659173-17-000466	1	Debt Securities	NA	0	000000000	NA
0001659173-17-000466	1	Common	Common Equity	75000	000000000	NA
0001716949-17-000004	1	Preferred	N/A	0	N/A	N/A
0001716949-17-000004	1	Common	Common	20000000	N/A	N/A
0001144204-17-052996	1	Common	Common Stock	1132406	000000N/A	N/A
0001144204-17-052996	1	Preferred	Series Seed	568796	000000N/A	N/A
0001144204-17-052996	2	Preferred	Series A Preferred Stock	747373	000000N/A	N/A
0001144204-17-052996	1	Debt Securities	Convertible Promissory Notes	825000	000000N/A	N/A
0001477932-17-005129	1	Preferred	Preferred Stock	0	000000000	N/A
0001477932-17-005129	2	Common	Class A Common Stock	0	000000000	N/A
0001477932-17-005129	1	Common	Class B Common Stock	100	000000000	N/A
0001477932-17-005129	1	Debt Securities	None	0	000000000	N/A
0001642079-17-000013	1	Common		0		
0001642079-17-000013	1	Debt Securities		0		
0001642079-17-000013	1	Preferred		0		
0001493152-17-011750	1	Common	NA	8000000	30258N105	NA
0001493152-17-011750	1	Preferred	NA	0	000000000	NA
0001493152-17-011750	1	Debt Securities	NA	0	000000000	NA
0001683168-17-002684	3	Preferred	Series A-2	4721500	000000n/a	N/A
0001683168-17-002684	1	Debt Securities	N/A	0	000000000	N/A
0001683168-17-002684	2	Common	Class B Common Stock	1000000	000000n/a	N/A
0001683168-17-002684	1	Preferred	Series A	1712200	000000n/a	N/A
0001683168-17-002684	2	Preferred	Series A-1	5970300	000000n/a	N/A
0001683168-17-002684	1	Common	Class A Common Stock	7824600	000000n/a	N/A
0001493152-17-011736	1	Common	Common Stock	15855178	000000000	NONE
0001493152-17-011736	1	Debt Securities	NONE	0	000000000	NONE
0001493152-17-011736	1	Preferred	Preferred Stock	0	000000000	NONE
0001567619-17-002194	1	Preferred	None	0	N/A	N/A
0001567619-17-002194	1	Common	COMMON STOCK	999992	292694106	N/A
0001567619-17-002194	1	Debt Securities	Senior Secured Promissory Note	3000000	N/A	N/A
0001144204-17-052599	1	Common	Class A Common Stock	75000000	000000N/A	N/A
0001144204-17-052599	1	Debt Securities	N/A	0	000000N/A	N/A
0001144204-17-052599	1	Preferred	N/A	0	000000N/A	N/A
0001144204-17-052599	2	Common	Class B Common Stock	400000000	000000N/A	N/A
0001144204-17-052554	1	Common	Common Stock	38624940	67001L101	N/A
0001144204-17-052554	1	Debt Securities	N/A	0	000000N/A	N/A
0001144204-17-052554	1	Preferred	N/A	0	000000N/A	N/A
0001642079-17-000012	1	Debt Securities		0		
0001642079-17-000012	1	Common		0		
0001642079-17-000012	1	Preferred		0		
0001642079-17-000011	1	Common		0		
0001642079-17-000011	1	Preferred		0		
0001642079-17-000011	1	Debt Securities		0		
0001144204-17-052495	1	Preferred	N/A	0	000000000	N/A
0001144204-17-052495	1	Debt Securities	N/A	0	000000000	N/A
0001193125-17-310091	1	Debt Securities	Debt Securities	0	000000000	n/a
0001193125-17-310091	1	Common	Class B common stock	32315700	000000000	n/a
0001144204-17-052495	1	Common	Common Shares	4965513	000000000	N/A
0001193125-17-310091	1	Preferred	Preferred Equity	0	000000000	n/a
0001193125-17-310091	2	Common	Class A common stock	471715	000000000	n/a
0001477932-17-005041	1	Debt Securities	Debt Securities	0	None	None
0001477932-17-005041	1	Preferred	Preferred Equity	0	None	None
0001477932-17-005041	1	Common	Common Equity	1666667	None	None
0001144204-17-052465	1	Preferred	Series Seed	568796	000000N/A	N/A
0001144204-17-052465	1	Common	Common Stock	1132406	000000N/A	N/A
0001144204-17-052465	1	Debt Securities	Convertible Promissory Notes	825000	000000N/A	N/A
0001144204-17-052465	2	Preferred	Series A Preferred Stock	747373	000000N/A	N/A
0001144204-17-052388	4	Preferred	Class C2 Units	2674359	000000N/A	N/A
0001144204-17-052388	3	Preferred	Class C Units	2674359	000000N/A	N/A
0001144204-17-052388	1	Debt Securities	Convertible Note	1000000	000000N/A	N/A
0001144204-17-052388	1	Preferred	Class A Units	1423608	000000N/A	N/A
0001144204-17-052388	1	Common	General Partner Unit	1	000000N/A	N/A
0001144204-17-052388	2	Preferred	Class B Units	1693250	000000N/A	N/A
0001642079-17-000010	1	Common		0		
0001642079-17-000010	1	Debt Securities		0		
0001642079-17-000010	1	Preferred		0		
0001654954-17-009364	1	Common	Common Stock	5764668	52730Q209	N/A
0001654954-17-009364	1	Debt Securities	N/A	0	000000000	N/A
0001654954-17-009364	1	Preferred	N/A	0	000000000	N/A
0001477932-17-004993	1	Common	Class B Common Stock	100	000000000	N/A
0001477932-17-004993	1	Preferred	Preferred Stock	0	000000000	N/A
0001477932-17-004993	2	Common	Class A Common Stock	0	000000000	N/A
0001477932-17-004993	1	Debt Securities	None	0	000000000	N/A
0001144204-17-052044	1	Debt Securities	Convertible Promissory Notes	825000	000000N/A	N/A
0001144204-17-052044	2	Preferred	Series A Preferred Stock	747373	000000N/A	N/A
0001144204-17-052044	1	Preferred	Series Seed	568796	000000N/A	N/A
0001144204-17-052044	1	Common	Common Stock	1132406	000000N/A	N/A
0001079973-17-000584	1	Preferred		0		
0001079973-17-000584	1	Common	Common Equity	55769447	92828G101	Canadian Securities Excange
0001079973-17-000584	1	Debt Securities		0		
0001078782-17-001363	1	Preferred	Nursori Inc	1000000	0	None
0001078782-17-001363	1	Debt Securities		0		
0001078782-17-001363	1	Common	Nursori Inc	7500000	0	None
0001615774-17-005658	1	Common	Common Equity Membership Inter	100	000000000	N/A
0001615774-17-005658	1	Debt Securities	Debt Securities	0	000000000	N/A
0001615774-17-005658	1	Preferred	Preferred Equity	0	000000000	N/A
0001567619-17-002160	1	Preferred	None	0	N/A	N/A
0001567619-17-002160	1	Common	COMMON STOCK	999992	292694106	N/A
0001567619-17-002160	1	Debt Securities	Senior Secured Promissory Note	3000000	N/A	N/A
0001683168-17-002593	2	Common	Class B Common Stock	1000000	000000n/a	N/A
0001683168-17-002593	3	Preferred	Series A-2	4721500	000000n/a	N/A
0001683168-17-002593	2	Preferred	Series A-1	5970300	000000n/a	N/A
0001683168-17-002593	1	Preferred	Series A	1712200	000000n/a	N/A
0001683168-17-002593	1	Debt Securities	N/A	0	000000000	N/A
0001683168-17-002593	1	Common	Class A Common Stock	7824600	000000n/a	N/A
0001712534-17-000009	1	Debt Securities	N/A	0	N/A	N/A
0001712534-17-000009	1	Preferred	N/A	0	N/A	N/A
0001712534-17-000009	1	Common	Common	15000000	NA	N/A
0001642079-17-000009	1	Debt Securities		0		
0001642079-17-000009	1	Preferred		0		
0001642079-17-000009	1	Common		0		
0001493152-17-011337	1	Common	Common Stock	25000100	000000000	NONE
0001493152-17-011337	1	Debt Securities	NONE	0	000000000	NONE
0001493152-17-011337	1	Preferred	Preferred Stock	0	000000000	NONE
0001699683-17-000034	1	Common	Common	7500000	N/A	N/A
0001699683-17-000034	1	Debt Securities	N/A	0	N/A	N/A
0001699683-17-000034	1	Preferred	N/A	0	N/A	N/A
0001477932-17-004849	1	Debt Securities	Debt Securities	0	None	None
0001477932-17-004849	1	Common	Common Equity	1666667	None	None
0001477932-17-004849	1	Preferred	Preferred Equity	0	None	None
0001104659-17-060430	2	Common	Class B	1527329	N/A	N/A
0001104659-17-060430	1	Common	Class A	5787446	N/A	N/A
0001104659-17-060430	1	Preferred		0		
0001104659-17-060430	1	Debt Securities		0		
0001493152-17-011171	1	Debt Securities	NA	0	000000000	NA
0001493152-17-011171	1	Common	NA	8000000	000000000	NA
0001493152-17-011171	1	Preferred	NA	0	000000000	NA
0001437749-17-016591	1	Common	Common Stock	43334000	0	n/a
0001437749-17-016591	1	Preferred		0		
0001437749-17-016591	1	Debt Securities		0		
0001493152-17-011109	1	Debt Securities	NA	0	000000000	NA
0001493152-17-011109	1	Preferred	NA	0	000000000	NA
0001493152-17-011109	1	Common	NA	8000000	000000000	NA
