ACCESSION_NUMBER	SINFO_ID	COMMISSIONFILENUMBER	OFFERINGQUALIFICATIONDATE	OFFERINGCOMMENCEDATE	QUALIFIEDSECURITIESSOLD	OFFERINGSECURITIESSOLD	PORTIONSECURITIESSOLDISSUER	PORTIONSOLDSECURITYHOLDERS	PRICEPERSECURITY	AGGREGRATEOFFERINGPRICE	AGGREGRATEOFFERINGPRICEHOLDERS	UNDERWRITERFEES	SALESCOMMISSIONSFEE	FINDERSFEES	AUDITORFEES	LEGALFEES	PROMOTERSFEES	BLUESKYFEES	CRDNUMBERBROKERDEALER	ISSUERNETPROCEEDS	CLARIFICATIONRESPONSES
0001144204-17-065690	1	024-10694	07-JUN-2017	07-JUN-2017	6050	0	0.0	0.0	100.0						0.0	45472.0		2200.0		0.0	The fees disclosed above are fees that have been paid by the issuer as of the date hereof.
0001688361-17-000016	1	024-10632	22-FEB-2017	22-FEB-2017	2500000	629196	629196.0	0.0	8.0				3880.12		5000.0	40000.0			162182	534157.97	Net proceeds include $ 30,400 paid to StartEngine and $15,757.91 paid to FundAmerica and Prime Trust for services provided
0001680579-17-000002	1	024-10601	14-DEC-2016	05-DEC-2017	2000000	0	0.0	0.0	1.0											0.0	U.S. Canadian Offering was cancelled
0001654954-17-011116	1	024-10476																			
0001025991-17-000001	1	024-10705	21-JUL-2017	21-JUL-2017	439059	439059	16960849.17	0.0	38.63						30000.0	125000.0				0.0	Offering to effectuate a merger/acquisition
0001654954-17-010630	1	024-10610	28-DEC-2016	28-DEC-2016	0	0	0.0	0.0	5.0			5000.0			30000.0	60000.0	5000.0	10000.0		0.0	
0001690824-17-000107	1	024-10653	13-FEB-2017	13-FEB-2017	40000000	31800			1.0	31800.0	0.0										
0001144204-17-053317	1	024-10693	21-JUN-2017	21-JUN-2017	323277	307883	4618245.0	0.0	15.0					35250.0	2050.0	128522.11		39330.94	NA	4413091.95	"Securities qualified includes ""bonus"" shares to be issued for no additional consideration upon exercise of subscription rights. Securities sold and price per share do not include bonus shares. Blue sky total includes miscellaneous offering expenses."
