ACCESSION_NUMBER	EMP_ID	ISSUERNAME	JURISDICTIONORGANIZATION	YEARINCORPORATION	CIK	SICCODE	FULLTIMEEMPLOYEES	PARTTIMEEMPLOYEES
0001493152-17-015307	1	PSI International, Inc.	VA	1977	0001690921	7374	111	8
0001493152-17-015303	1	ASI Aviation, Inc.	NV	2015	0001669368	6799	2	1
0001214659-17-007517	1	Opening Night Enterprises, LLC	CA	2016	0001707175	7812	0	0
0001144204-17-065880	1	Hall Structured Finance II, LLC	TX	2014	0001720014	6199	0	0
0001493152-17-015277	1	BRIGHTWAYS CORPORATION	PA	2014	0001726252	7370	0	5
0001144204-17-065675	1	Mota Group, Inc.	DE	2003	0001672750	3721	19	2
0001144204-17-065568	1	Campagna Motors USA, Inc.	DE	2016	0001688545	3751	2	0
0001640334-17-002741	1	WEBB INTERACTIVE SERVICES INC	CO	1974	0001011901	7812	2	0
0001445866-17-001835	1	Co-optrade	WY	2017	0001719808	7374	0	0
0001493152-17-015100	1	SACK LUNCH PRODUCTIONS INC.	UT	1987	0000833209	7900	49	67
0001477932-17-006267	1	Tulsa Real Estate Fund, LLC	GA	2016	0001704303	6798	0	0
0001477932-17-006262	1	111 CROWDFUNDING, LLC	NV	2015	0001702014	6799	0	0
0001213900-17-013623	1	iPic Entertainment Inc.	DE	2017	0001720201	5810	204	2176
0001493152-17-015000	1	VIRTRA, INC.	NV	1993	0001085243	7900	79	0
0001477932-17-006251	1	BioLife4D Corporation	DE	2016	0001714919	8731	1	0
0001144204-17-065053	1	TerraCycle US Inc.	DE	2017	0001714781	4953	30	0
0001553350-17-001433	1	WORTHY PEER CAPITAL, INC.	DE	2016	0001699834	6199	0	0
0001689536-17-000008	1	NANO STONE INC	DE	2016	0001689536	3281	7	0
0001683168-17-003377	1	GlobalTech Holdings, Inc.	NV	1995	0000943770	7389	4	0
0001659173-17-000583	1	CapWest Income, LLC	NV	2016	0001683719	6500	0	0
0001193125-17-376767	1	Institute for Wealth Holdings, Inc.	DE	2008	0001715495	6199	10	4
0001104659-17-074600	1	Aspen REIT, Inc.	MD	2016	0001694997	6798	0	0
0001477932-17-006228	1	ASPYRON INC	WY	2015	0001706184	2834	0	3
0001387131-17-005924	1	Reliance Real Estate Trust, LLC	DE	2017	0001717023	6798	0	0
0001477932-17-006192	1	BioLife4D Corporation	DE	2016	0001714919	8731	1	0
0001493152-17-014896	1	Doyen Elements, Inc.	NV	2015	0001657737	6512	64	4
0001579586-17-000005	1	Western Gateway Region Rural Broadband Company, Inc.	DE	2013	0001640170	7380	1	7
0001579586-17-000004	1	Finger Lakes Region Rural Broadband Company, Inc.	NY	2013	0001579586	7380	1	9
0001144204-17-064404	1	Novea Inc.	WY	2015	0001676823	7389	0	0
0001193125-17-373513	1	Iron Bridge Mortgage Fund LLC	OR	2008	0001462371	6162	0	0
0001688804-17-000027	1	RSE Collection, LLC	DE	2016	0001688804	3711	0	0
0001718873-17-000014	1	Stone Bancshares, Inc.	AR	2015	0001718873	6199	65	2
0001718873-17-000013	1	Stone Bancshares, Inc.	AR	2015	0001718873	6199	65	2
0001553350-17-001390	1	WORTHY PEER CAPITAL, INC.	DE	2016	0001699834	6199	0	0
0001144204-17-064099	1	GROUNDFLOOR FINANCE INC.	GA	2013	0001588504	6199	25	0
0001688804-17-000026	1	RSE Collection, LLC	DE	2016	0001688804	3711	0	0
0001193125-17-370768	1	Noble Advisors, LLC	PA	2008	0001716516	6799	32	4
0001718873-17-000009	1	Stone Bancshares, Inc.	AR	2015	0001718873	6199	65	2
0001615774-17-007349	1	CF Fund II, LLC	PA	2015	0001656124	6500	1	0
0001477932-17-006100	1	Medical Cannabis Payment Solutions	NV	2013	0001710243	6199	1	2
0001718873-17-000008	1	Stone Bancshares, Inc.	AR	2015	0001718873	6199	65	2
0001477932-17-006091	1	Medical Cannabis Payment Solutions	NV	2013	0001710243	6199	1	2
0001144204-17-063580	1	GROUNDFLOOR FINANCE INC.	GA	2013	0001588504	6199	20	0
0001213900-17-013201	1	iPic Entertainment Inc.	DE	2017	0001720201	5810	204	2176
0001144204-17-063462	1	GROUNDFLOOR FINANCE INC.	GA	2013	0001588504	6199	25	0
0001214659-17-007281	1	American Gas & Technology LP	OR	2015	0001684098	4924	10	0
0001683168-17-003288	1	KYN Capital Group, Inc.	NV	2004	0001724293	6172	1	0
0001640170-17-000006	1	Finger Lakes Region Rural Broadband Company, Inc.	NY	2013	0001579586	7380	1	9
0001640170-17-000004	1	Western Gateway Region Rural Broadband Company, Inc.	DE	2013	0001640170	7380	1	7
0001493152-17-014471	1	SACK LUNCH PRODUCTIONS INC.	UT	1987	0000833209	7900	49	67
0001721868-17-000141	1	1212 Development Corp	NV	2016	0001705510	7011	0	0
0001713621-17-000008	1	Lemon Tree Passage Inc.	DE	2017	0001713621	6199	1	0
0001144204-17-063013	1	Campagna Motors USA, Inc.	DE	2016	0001688545	3751	2	0
0001718873-17-000006	1	Stone Bancshares, Inc.	AR	2015	0001718873	6199	65	2
0001144204-17-062842	1	Electromedical Technologies, Inc	DE	2017	0001715819	3845	6	0
0001493152-17-014337	1	PSI International, Inc.	VA	1977	0001690921	7374	111	8
0001659173-17-000554	1	CapWest Income, LLC	NV	2016	0001683719	6500	0	0
0001144204-17-062776	1	TerraCycle US Inc.	DE	2017	0001714781	4953	30	0
0001477932-17-005952	1	McGraw Conglomerate Corp.	DE	2016	0001692780	3530	1	1
0001640170-17-000002	1	Western Gateway Region Rural Broadband Company, Inc.	AZ	2013	0001640170	7380	1	1
0001486452-17-000006	1	Clikia Corp.	NV	2002	0001486452	7822	1	4
0001213900-17-012871	1	PogoTec, Inc.	DE	2014	0001649430	3861	20	2
0001144204-17-061960	1	Hall Structured Finance II, LLC	TX	2014	0001720014	6199	0	0
0001579586-17-000002	1	Finger Lakes Region Rural Broadband Company, Inc.	NY	2013	0001579586	7380	1	9
0001493152-17-014057	1	Muscle Maker, Inc	CA	2014	0001701756	5810	380	685
0001144204-17-061738	1	GROUNDFLOOR FINANCE INC.	GA	2013	0001588504	6199	25	0
0001493152-17-013975	1	Hologram USA Networks Inc.	DE	2017	0001723480	7830	10	0
0001717993-17-000007	1	RTO FINANCE CORP	DE	2017	0001717993	6199	1	0
0001445866-17-001723	1	Co-optrade	WY	2017	0001719808	7374	0	0
0001477932-17-005870	1	ENGENAVIS, INC.	DE	2017	0001694417	3714	13	0
0001654954-17-011099	1	Bitzumi, Inc.	DE	2017	0001721217	6099	1	4
0001686327-17-000004	1	TAHAWI aerospace Corp	DE	2016	0001686327	3721	4	3
0001144204-17-061182	1	RW Holdings Student Housing REIT, Inc.	MD	2017	0001723028	6798	0	0
0001640334-17-002541	1	YILOLIFE INC.	DE	2015	0001678097	8742	58	1
0001144204-17-061104	1	GROUNDFLOOR FINANCE INC.	GA	2013	0001588504	6199	25	0
0001553350-17-001299	1	WORTHY PEER CAPITAL, INC.	DE	2016	0001699834	6199	0	0
0001437749-17-019812	1	Spotlight Capital Holdings, Inc	CO	1997	0001077319	7819	2	1
0001713621-17-000007	1	Lemon Tree Passage Inc.	DE	2017	0001713621	6199	1	0
0001144204-17-060630	1	Ziyen Inc	WY	2016	0001680101	7374	0	0
0001104659-17-070126	1	Delmar Bancorp	MD	1988	0000832090	6022	122	14
0001144204-17-060545	1	Ziyen Inc	WY	2016	0001680101	7374	0	0
0001717993-17-000006	1	RTO FINANCE CORP	DE	2017	0001717993	6199	1	0
0001477932-17-005751	1	Royalty Flow Inc.	DE	2017	0001709847	6799	0	0
0001144204-17-060249	1	Fundrise Midland Opportunistic REIT, LLC	DE	2015	0001661023	6798	0	0
0001387131-17-005612	1	NY Residential REIT, LLC	DE	2016	0001692725	6798	0	0
0001144204-17-060243	1	Fundrise West Coast Opportunistic REIT, LLC	DE	2015	0001660919	6798	0	0
0001144204-17-060236	1	Fundrise East Coast Opportunistic REIT, LLC	DE	2015	0001660918	6798	0	0
0001264931-17-000102	1	WATER TECHNOLOGIES INTERNATIONAL,INC.	FL	1998	0001715032	3990	1	1
0001698370-17-000017	1	TRUE LEAF MEDICINE INTERNATIONAL LTD.	A1	2014	0001698370	2000	5	0
0001477932-17-005695	1	Bridgewell Preferred Income Fund, LP	FL	2016	0001700976	6798	0	0
0001493152-17-013495	1	PSI International, Inc.	VA	1977	0001690921	7374	111	8
0001722266-17-000001	1	Multi-Housing Income REIT, Inc.	MD	2017	0001722266	6798	0	0
0001104659-17-069431	1	Viskase Companies, Inc.	DE	1970	0000033073	3089	2300	100
0001144204-17-059765	1	TerraCycle US Inc.	DE	2017	0001714781	4953	30	0
0001477932-17-005671	1	Royalty Flow Inc.	DE	2017	0001709847	6799	0	0
0001144204-17-059738	1	Cottonwood Multifamily Opportunity Fund, Inc.	MD	2016	0001680657	6798	0	0
0001213900-17-012233	1	PogoTec, Inc.	DE	2014	0001649430	3861	20	2
0001493152-17-013386	1	SHANTINIKETAN INTERNATIONAL CORPORATION	NV	2017	0001715397	6552	2	0
0001493152-17-013381	1	Muscle Maker, Inc	CA	2014	0001701756	5810	380	685
0001104659-17-068578	1	Aspen REIT, Inc.	MD	2016	0001694997	6798	0	0
0001104659-17-068403	1	Solera National Bancorp, Inc.	DE	2006	001357231	6021	19	2
0001721868-17-000042	1	1212 Development Corp	NV	2016	0001705510	7011	0	0
0001698370-17-000016	1	TRUE LEAF MEDICINE INTERNATIONAL LTD.	A1	2014	0001698370	2000	5	0
0001104659-17-067675	1	Aspen REIT, Inc.	MD	2016	0001694997	6798	0	0
0001615774-17-006452	1	CF Fund II, LLC	PA	2015	0001656124	6500	1	0
0001717993-17-000005	1	RTO FINANCE CORP	DE	2017	0001717993	6199	1	0
0001703732-17-000005	1	Ithrive PH Inc	DE	2016	0001703732	8000	2	3
0001477932-17-005450	1	McGraw Conglomerate Corp.	DE	2016	0001692780	3530	1	1
0001713621-17-000005	1	Lemon Tree Passage Inc.	DE	2017	0001713621	6199	1	0
0001213900-17-011633	1	PROPERTY INCOME TRUST LLC	DE	2015	0001694046	6500	0	0
0001477932-17-005429	1	Royalty Flow Inc.	DE	2017	0001709847	6799	0	0
0001654954-17-010145	1	HC Government Realty Trust, Inc.	MD	2016	0001670010	6512	0	0
0001144204-17-056788	1	GROUNDFLOOR FINANCE INC.	GA	2013	0001588504	6199	25	0
0001144204-17-056332	1	Novea Inc.	WY	2015	0001676823	7389	0	0
0001699683-17-000037	1	Longfin Corp	DE	2017	0001699683	7374	3	0
0001104659-17-066044	1	Viskase Companies, Inc.	DE	1970	0000033073	3089	2300	100
0001681287-17-000015	1	Mobodexter Inc.	DE	2013	0001681287	7370	12	4
0001144204-17-056033	1	GROUNDFLOOR FINANCE INC.	GA	2013	0001588504	6199	25	0
0001019056-17-000737	1	Prometheum, Inc.	DE	2017	0001718271	6199	0	3
0001486452-17-000004	1	Clikia Corp.	NV	2002	0001486452	7822	1	4
0001019056-17-000732	1	Prometheum, Inc.	DE	2017	0001718271	6199	0	3
0001445866-17-001505	1	Co-optrade	WY	2017	0001719808	7374	0	0
0001144204-17-055180	1	Planet Alpha Corp.	WY	2017	0001703994	800	2	0
0001716949-17-000006	1	MiTio Inc / DE	DE	2017	0001716949	8200	3	0
0001703732-17-000003	1	Ithrive PH Inc	DE	2016	0001703732	8000	2	3
0001567619-17-002265	1	Energy Hunter Resources, Inc.	DE	2016	0001679073	1311	8	0
0001214659-17-006247	1	American Gas & Technology LP	OR	2015	0001684098	4924	10	0
0001144204-17-054870	1	GROUNDFLOOR FINANCE INC.	GA	2013	0001588504	6199	20	0
0001718873-17-000003	1	Stone Bancshares, Inc.	AR	2015	0001718873	6199	65	2
0001104659-17-064566	1	Solera National Bancorp, Inc.	DE	2006	001357231	6021	19	2
0001144204-17-054591	1	Campagna Motors USA, Inc.	DE	2016	0001688545	3751	2	0
0001717993-17-000003	1	RTO FINANCE CORP	DE	2017	0001717993	6199	1	0
0001477932-17-005267	1	Royalty Flow Inc.	DE	2017	0001709847	6799	0	0
0001193125-17-320687	1	XY - the Findables Company	DE	2016	0001577351	3670	29	5
0001698370-17-000014	1	TRUE LEAF MEDICINE INTERNATIONAL LTD.	A1	2014	0001698370	2000	5	0
0001144204-17-054022	1	Ziyen Inc	WY	2016	0001680101	7374	0	0
0001477932-17-005191	1	Royalty Flow Inc.	DE	2017	0001709847	6799	0	0
0001144204-17-053556	1	GROUNDFLOOR FINANCE INC.	GA	2013	0001588504	6199	25	0
0001654954-17-009626	1	Level Brands, Inc.	NC	2015	0001644903	2844	9	0
0001567619-17-002219	1	Energy Hunter Resources, Inc.	DE	2016	0001679073	1311	8	0
0001642079-17-000014	1	ARC287BC CORP	NJ	2015	0001642079	3990	1	1
0001683168-17-002703	1	GlobalTech Holdings, Inc.	NV	1995	0000943770	7389	4	0
0001659173-17-000466	1	CapWest Income, LLC	NV	2016	0001683719	6500	0	0
0001716949-17-000004	1	MiTio Inc / DE	DE	2017	0001716949	8200	3	0
0001144204-17-052996	1	GROUNDFLOOR FINANCE INC.	GA	2013	0001588504	6199	25	0
0001477932-17-005129	1	Royalty Flow Inc.	DE	2017	0001709847	6799	0	0
0001642079-17-000013	1	ARC287BC CORP	NJ	2015	0001642079	3990	1	1
0001493152-17-011750	1	FAT Brands Inc.	DE	2017	0001705012	5812	30	0
0001683168-17-002684	1	Hylete, Inc.	CA	2015	0001599738	2300	18	2
0001493152-17-011736	1	VIRTRA, INC.	NV	1993	0001085243	7900	74	0
0001567619-17-002194	1	Energy Hunter Resources, Inc.	DE	2016	0001679073	1311	8	0
0001144204-17-052599	1	Planet Alpha Corp.	WY	2017	0001703994	800	2	0
0001144204-17-052554	1	Novea Inc.	WY	2015	0001676823	7389	0	0
0001642079-17-000012	1	ARC287BC CORP	NJ	2015	0001642079	3990	1	1
0001642079-17-000011	1	ARC287BC CORP	NJ	2015	0001642079	3990	1	1
0001193125-17-310091	1	XY - the Findables Company	DE	2016	0001577351	3670	29	5
0001144204-17-052495	1	FUNDRISE EQUITY REIT, LLC	DE	2015	0001648956	6798	0	0
0001477932-17-005041	1	McGraw Conglomerate Corp.	DE	2016	0001692780	3530	1	1
0001144204-17-052465	1	GROUNDFLOOR FINANCE INC.	GA	2013	0001588504	6199	25	0
0001144204-17-052388	1	Red Mountain Ventures Limited Partnership	A1	2004	0001712949	7990	146	115
0001642079-17-000010	1	ARC287BC CORP	NJ	2015	0001642079	3990	1	1
0001654954-17-009364	1	Level Brands, Inc.	NC	2015	0001644903	2844	9	0
0001477932-17-004993	1	Royalty Flow Inc.	DE	2017	0001709847	6799	0	0
0001144204-17-052044	1	GROUNDFLOOR FINANCE INC.	GA	2013	0001588504	6199	25	0
0001079973-17-000584	1	VirtualArmour International Inc.	CO	2015	0001714024	7371	20	0
0001078782-17-001363	1	NURSORI INC	NV	2017	0001717970	3670	2	0
0001615774-17-005658	1	CF Fund II, LLC	PA	2015	0001656124	6500	1	0
0001567619-17-002160	1	Energy Hunter Resources, Inc.	DE	2016	0001679073	1311	8	0
0001683168-17-002593	1	Hylete, Inc.	CA	2015	0001599738	2300	18	2
0001712534-17-000009	1	Busniess Lines Corp	DE	2017	0001712534	4700	2	0
0001642079-17-000009	1	ARC287BC CORP	NJ	2015	0001642079	3990	1	1
0001493152-17-011337	1	SHANTINIKETAN INTERNATIONAL CORPORATION	NV	2017	0001715397	6552	2	0
0001699683-17-000034	1	Longfin Corp	DE	2017	0001699683	7374	3	0
0001477932-17-004849	1	McGraw Conglomerate Corp.	DE	2016	0001692780	3530	1	1
0001104659-17-060430	1	DAKOTA REAL ESTATE INVESTMENT TRUST	ND	1997	0001074922	6798	0	0
0001493152-17-011171	1	FAT Brands Inc.	DE	2017	0001705012	5812	30	0
0001437749-17-016591	1	Neurmedix, Inc.	DE	2014	0001704466	2834	0	0
0001493152-17-011109	1	FAT Brands Inc.	DE	2017	0001705012	5812	30	0
