ACCESSION_NUMBER	INDICATETIER1TIER2OFFERING	FINANCIALSTATEMENTAUDITSTATUS	OFFERDELAYEDCONTINUOUSFLAG	OFFERINGYEARFLAG	OFFERINGAFTERQUALIFFLAG	OFFERINGBESTEFFORTSFLAG	SOLICITATIONPROPOSEDOFFERFLAG	RESALESECURITIESAFFILIATESFLAG	SECURITIESOFFERED	OUTSTANDINGSECURITIES	PRICEPERSECURITY	ISSUERAGGREGATEOFFERING	SECURITYHOLDERAGGEGATE	QUALIFICATIONOFFERINGAGGREGATE	CONCURRENTOFFERINGAGGREGATE	TOTALAGGREGATEOFFERING	UNDERWRITERSERVICEPROVIDERNAME	UNDERWRITERSFEES	SALECOMMISSIONSSVCPROVIDERNAME	SALECOMMISSIONSSVCEROVIDERFEE	FINDERSFEESSERVICEPROVIDERNAME	FINDERFEESFEE	AUDITORSERVICEPROVIDERNAME	AUDITORFEES	LEGALSERVICEPROVIDERNAME	LEGALFEES	PROMOTERSSERVICEPROVIDERNAME	PROMOTERSFEES	BLUESKYSERVICEPROVIDERNAME	BLUESKYFEES	BROKERDEALERCRDNUMBER	ESTIMATEDNETAMOUNT	CLARIFICATIONRESPONSES
0001493152-17-015307	Tier2	Audited	N	N	N	Y	N	N	2000000	12000000	15.0	30000000.0	0.0	0.0	0.0	30000000.0	None	0.0	N/A	0.0	N/A	0.0	BDO USA, LLP	100000.0	Magri Law, LLC	50000.0	N/A	0.0	N/A	0.0		28930000.0	
0001493152-17-015303	Tier2	Audited	Y	N	N	Y	N	N	5000000	10000000	1.0	5000000.0	0.0	0.0	0.0	5000000.0							Friedman LLP	14000.0	Bevilacqua PLLC	20000.0			Bevilacqua PLLC	2500.0		4967500.0	
0001214659-17-007517	Tier2	Audited	N	N	N	Y	N	N	100000	0	500.0	50000000.0	0.0	0.0	0.0	50000000.0			Opening Night Capital, LLC	3500000.0											165034	46500000.0	Opening Night Capital, LLC is a licensed broker dealer but is not underwriting any of the Interests that are being sold. It will take a 7% commission on the Interests actually sold, but it receives no compensation if no Interests are sold.
0001144204-17-065880	Tier2	Audited	Y	Y	N	Y	N	N	10000	0	5000.0	50000000.0	0.0	0.0	0.0	50000000.0							KPMG LLP	150000.0	Winston & Strawn LLP	200000.0			Winston & Strawn LLP	20000.0		49630000.0	The estimated net proceeds to the issuer is exclusive of marketing and printing costs.
0001493152-17-015277	Tier1	Unaudited	Y	N	N	Y	N	N	700000	14488614	5.0	3500000.0	0.0	0.0	0.0	3500000.0	N/A	0.0	N/A	0.0	N/A	0.0	N/A	0.0	Legal & Compliance, LLC	22500.0	N/A	0.0	Legal & Compliance, LLC	2500.0		3475000.0	
0001144204-17-065675	Tier2	Audited	Y	N	N	Y	N	N	10000000	2044443		0.0	0.0	0.0	0.0	0.0							RBSM LLP (only relates to fees in connection with this offering)	95000.0	Sullivan & Worcester LLP	50000.0							
0001144204-17-065568	Tier2	Audited	Y	N	N	Y	Y	N	2000000	4000000	7.0	7.0	0.0	0.0	0.0	7.0	Midtown Partners & Co., LLC and NMS Capital Advisors, LLC	980000.0					dbbmckennon	6000.0	CrowdCheck Law LLP f/k/a KHLK LLP	45000.0					104223	12156000.0	"The estimated net proceeds includes repayment of a related party loan and certain advertising expenses for this offering. See Part II, ""Use of Proceeds to the Issuer"" for additional information."
0001640334-17-002741	Tier1	Unaudited	Y	N	N	Y	N	N	1100000000	3119784537	0.005	3500000.0	2000000.0	0.0	0.0	5500000.0									Nathaniel Reinking	2500.0						3497500.0	
0001445866-17-001835	Tier1	Unaudited	Y	Y	Y	N	Y	Y	23500000	7000000	0.8	18800000.0	0.0	0.0	0.0	18800000.0																	
0001493152-17-015100	Tier2	Audited	Y	N	N	Y	N	N	2400000		5.0	12000000.0	0.0	0.0	0.0	12000000.0			Self	840000.0			Sadler Gibb & Associates, LLC	160000.0	Clyde Snow & Sessions	25000.0	Self	840000.0				10320000.0	Promoter expense represents solicitation and marketing expenses.
0001477932-17-006267	Tier2	Audited	Y	N	N	Y	N	N	50000	0	50.0	50000000.0	0.0	0.0	0.0	50000000.0		0.0		0.0		0.0	Artesian CPA	2500.0	Trowbridge Sidoti	50000.0		0.0		0.0		50000000.0	
0001477932-17-006262	Tier2	Audited	Y	N	N	Y	N	N	50000	0	1000.0	50000000.0	0.0	0.0	0.0	50000000.0		0.0		0.0		0.0	IndigoSpire CPA Group	2500.0	Trowbridge Sidoti	50000.0	Jim Kukuuchi	0.0		0.0		50000000.0	
0001213900-17-013623	Tier2	Audited	Y	N	N	Y	Y	N	2165000	0	18.5	40052500.0	0.0	0.0	0.0	40052500.0			TriPoint Global Equities, LLC, Roth Capital Partners, LLC and Telsey Advisory Group, LLC	2903806.25					Fried, Frank, Harris, Shriver & Jacobson LLP	650000.0							
0001493152-17-015000	Tier2	Audited	Y	N	N	Y	Y	N	2857142	15855178	3.5	10000000.0	0.0	0.0	0.0	10000000.0	Boustead Securities, LLC	150000.0	Boustead Securities, LLC	700000.0	N/A	0.0	Friedman LLP/Semple, Marchal & Cooper, LLP	30000.0	Legal & Compliance, LLC	40000.0	N/A	0.0	Legal & Compliance, LLC	7500.0	141391	9072500.0	Net Proceeds Calculation of $9,072,500 includes Additional Estimated Expenses of: Cash Management Fee: $25,000; Technology Fees: $35,000; NASDAQ Fees: $75,000; Financial Printer Fees: $5,000; and Other Offering Deposit Account Fees & Costs $2,000
0001477932-17-006251	Tier2	Audited	Y	N	N	Y	N	N	500000	0	10.0	50000000.0	0.0	0.0	0.0	50000000.0		0.0	Sageworks Capital, LLC	500000.0		0.0	IndigoSpire	2500.0	Trowbridge Sidoti	40000.0	Steve Morris	0.0		0.0		49500000.0	
0001144204-17-065053	Tier2	Audited	Y	N	N	Y	Y	Y	250000	34182	100.0	21581758.0	3418242.0	0.0	0.0	25000000.0			Strategic Capital Investments	1500000.0			KEITER	150000.0	CrowdCheck Law, LLP / COOLEY	100000.0					38924	20036892.0	
0001553350-17-001433	Tier2	Audited	Y	Y	N	Y	N	N	5000000	0	10.0	50000000.0	0.0	0.0	0.0	50000000.0							D'Arelli Pruzansky, P.A.	6000.0	Pearlman Law Group LLP	30000.0			Internal out-of-pocket expenses	10000.0		49950000.0	
0001689536-17-000008	Tier2	Audited	Y	N	N	Y	N	N	3676470	9753186	6.8	24999996.0	0.0	0.0	0.0	24999996.0																	
0001683168-17-003377	Tier1	Unaudited	Y	N	Y	Y	N	N	20000000	487693986	1.0	20000000.0	0.0	0.0	0.0	20000000.0									John E. Lux, Esq.	22000.0			Various States	2500.0		19600000.0	
0001193125-17-376767	Tier2	Audited	Y	N	N	N	N	N	2000000	267300	10.0	20000000.0	0.0	0.0	0.0	20000000.0			Lanier Securities, LLC	1400000.0			Chapman, Hext & Co., P.C.	75000.0	Winstead PC	75000.0					285277	18450000.0	
0001659173-17-000583	Tier2	Audited	N	N	Y	Y	N	N	40000000	0	10000.0	40000000.0	0.0	0.0	0.0	40000000.0			JumpStart Securities	15000.0			Hall & Company Certified Public Accountants & Consultants	2500.0	Bryan R. Clark, PC	5000.0			JumpStart Securities	5000.0	156214	40000000.0	
0001104659-17-074600	Tier2	Audited	N	N	N	Y	Y	N	1675000	100	20.0	33500000.0	0.0	0.0	0.0	33500000.0			Maxim Group LLC	0.0			Grant Thornton LLP	0.0	Clifford Chance US LLP; Ellenoff Grossman & Schole LLP	0.0	ICR Services Inc.	0.0				33500000.0	
0001477932-17-006228	Tier2	Audited	Y	N	N	Y	N	N	2500000	22500000	0.4	1000000.0	0.0	0.0	0.0	1000000.0		0.0		0.0		0.0	Freed Maxick	6500.0	Michael Williams Esq.	36000.0		0.0		0.0		950000.0	An additional $7,500.00 in miscellaneous offering expenses is added for which no category is listed above.
0001493152-17-014896	Tier2	Audited	Y	N	N	Y	N	N	7000000	17042274	7.0	49000000.0	0.0	63800.0	0.0	49063800.0	To be determined	3022500.0	N/A	0.0	N/A	0.0	AJ Robbins	100000.0	Perter Berkman	91300.0	To be determined	770000.0	N/A	0.0		45080000.0	
0001477932-17-006192	Tier2	Audited	N	N	N	Y	N	N	500000	0	10.0	50000000.0	0.0	0.0	0.0	50000000.0		0.0	Sageworks Capital, LLC	500000.0		0.0	IndigoSpire	2500.0	Trowbridge Sidoti	40000.0	Steve Morris	0.0		0.0		49500000.0	
0001387131-17-005924	Tier2	Audited	Y	Y	N	Y	N	N	2500000	100	10.0	25000000.0	0.0	0.0	0.0	25000000.0							Roth & Company LLP	65000.0	Gulkowitz Berger LLP	50000.0			NA	30000.0	0	24500000.0	
0001579586-17-000005	Tier1	Unaudited	N	N	N	N	N	N	13333333	13333333	1.5	14000000.0	6000000.0	0.0	0.0	20000000.0																	
0001579586-17-000004	Tier1	Unaudited	N	N	N	N	N	N	200000	200000	100.0	20000000.0	0.0	0.0	0.0	20000000.0		0.0	0	0.0	0	0.0		0.0		0.0		0.0		0.0	0	0.0	
0001144204-17-064404	Tier1	Unaudited	N	N	N	Y	N	N	5000000	38624940	3.0	13800000.0	1200000.0	0.0	0.0	15000000.0																13800000.0	
0001193125-17-373513	Tier2	Audited	Y	Y	N	Y	N	N	50000000	0	1.0	50000000.0	0.0	0.0	0.0	50000000.0							Armanino LLP	60500.0	Ater Wynne LLP	165000.0			Ater Wynne LLP	15000.0		4975500.0	
0001688804-17-000027	Tier2	Audited	Y	Y	N	Y	Y	N	2000	0	175.0	350000.0	0.0	0.0	0.0	350000.0							EisnerAmper LLP	0.0	Nixon Peabody LLP	0.0	Cuttone & Company, LLC	2573.0			33038	347427.0	
0001718873-17-000014	Tier1	Audited	N	N	N	Y	N	N	1000000	1438062	14.0	14000000.0	0.0	0.0	0.0	14000000.0	N/A	0.0	N/A	0.0	N/A	0.0	S. F. Fiser & Company	5000.0	Hilburn, Calhoon, Harper, Pruniski & Calhoun, Ltd	33500.0	N/A	0.0	Hilburn, Calhoon, Harper, Pruniski & Calhoun, Ltd	1500.0		14000000.0	
0001718873-17-000013	Tier1	Audited	N	N	N	Y	N	N	1000000	1438062	14.0	14000000.0	0.0	0.0	0.0	14000000.0	N/A	0.0	N/A	0.0	N/A	0.0	S. F. Fiser & Company	5000.0	Hilburn, Calhoon, Harper, Pruniski & Calhoun, Ltd	33500.0	N/A	0.0	Hilburn, Calhoon, Harper, Pruniski & Calhoun, Ltd	1500.0		14000000.0	
0001553350-17-001390	Tier2	Audited	Y	Y	N	Y	N	N	5000000	0	10.0	50000000.0	0.0	0.0	0.0	50000000.0							D'Arelli Pruzansky, P.A.	6000.0	Pearlman Law Group LLP	30000.0			Internal out-of-pocket expenses	10000.0		49950000.0	
0001144204-17-064099	Tier2	Audited	Y	Y	N	Y	N	N	1407030	0	10.0	1407030.0	0.0	16549400.0	1059610.0	19016040.0							Hughes Pittman & Gupton, LLP	38000.0	Smith Anderson; Robbins Ross	20000.0			N/A	10000.0			"The response to ""Number of securities offered"" above represents the aggregate principal amount of LROs being offered by the issuer."
0001688804-17-000026	Tier2	Audited	Y	Y	N	Y	Y	N	2000	0	175.0	350000.0	0.0	0.0	0.0	350000.0							EisnerAmper LLP	0.0	Nixon Peabody LLP	0.0	Cuttone & Company, LLC	2573.0			33038	347427.0	
0001193125-17-370768	Tier1	Audited	Y	Y	N	Y	N	N	20000000	0	50000.0	20000000.0	0.0	0.0	0.0	20000000.0									Acuity Advisors & CPAs Barley Snyder	50000.0			Barley Snyder	5500.0		19944500.0	
0001718873-17-000009	Tier1	Audited	N	N	N	Y	N	N	1000000	1438062	14.0	14000000.0	0.0	0.0	0.0	14000000.0	N/A	0.0	N/A	0.0	N/A	0.0	S. F. Fiser & Company	5000.0	Hilburn, Calhoon, Harper, Pruniski & Calhoun, Ltd	33500.0	N/A	0.0	Hilburn, Calhoon, Harper, Pruniski & Calhoun, Ltd	1500.0		14000000.0	
0001615774-17-007349	Tier1	Audited	Y	Y	N	Y	N	N	400	0	50000.0	20000000.0	0.0	0.0	0.0	20000000.0							Spiegel Accountancy Corporation	7000.0	Geraci Law Firm	30000.0			Geraci Law Firm	20000.0			
0001477932-17-006100	Tier1	Unaudited	Y	N	N	Y	N	N	37038000	227259485	0.08	2400000.0	563040.0	0.0	0.0	2963040.0		0.0	(TBD)	0.0		0.0		0.0	Harold H. Martin	25000.0		0.0		0.0		2160000.0	
0001718873-17-000008	Tier1	Audited	N	N	N	Y	N	N	1000000	1438062	14.0	14000000.0	0.0	0.0	0.0	14000000.0	N/A	0.0	N/A	0.0	N/A	0.0	S. F. Fiser & Company	5000.0	Hilburn, Calhoon, Harper, Pruniski & Calhoun, Ltd	33500.0	N/A	0.0	Hilburn, Calhoon, Harper, Pruniski & Calhoun, Ltd	1500.0		14000000.0	
0001477932-17-006091	Tier1	Unaudited	Y	N	N	Y	N	N	37038000	227259485	0.02	600000.0	140760.0	0.0	0.0	740760.0		0.0	(TBD)	0.0		0.0		0.0	Harold H. Martin	25000.0		0.0		0.0		540000.0	
0001144204-17-063580	Tier2	Audited	Y	Y	N	Y	N	N	2500000	1132406	10.0	25000000.0	0.0	0.0	0.0	25000000.0	N/A	0.0	N/A	0.0	N/A	0.0	Hughes Pittman & Gupton, LLP	2000.0	Manatt, Phelps & Phillips, LLP; Robbins Ross Alloy Belinfante Littlefield LLC	101000.0	N/A	0.0	Internal out-of-pocket expenses	10000.0		24887000.0	The Issuer will provide for its own blue sky compliance.
0001213900-17-013201	Tier2	Audited	Y	N	N	Y	Y	N	1350000	0	18.5	24975000.0	0.0	0.0	0.0	24975000.0			TriPoint Global Equities, LLC	1810688.0													
0001144204-17-063462	Tier2	Audited	Y	Y	N	Y	N	N	1407030	0	10.0	1407030.0	0.0	16549400.0	1059610.0	19016040.0							Hughes Pittman & Gupton, LLP	38000.0	Smith Anderson; Robbins Ross	20000.0			N/A	10000.0			"The response to ""Number of securities offered"" above represents the aggregate principal amount of LROs being offered by the issuer."
0001214659-17-007281	Tier2	Audited	Y	N	N	Y	N	N	5000000	14000000	7.0	35000000.0	0.0	0.0	0.0	35000000.0			To be determined	3500000.0			BF Borgers CPA PC & Artesian CPA, LLC	9320.0	Doida Law Group LLC & Adam S. Tracy	16250.0			Doida Law Group LLC	10000.0		31477000.0	
0001683168-17-003288	Tier1	Unaudited	Y	N	Y	N	N	N	3000000000	54011699	0.001	3000000.0	0.0	0.0	0.0	3000000.0									John E. ux, Esq.	20000.0						2700000.0	
0001640170-17-000006	Tier1	Unaudited	N	N	N	N	N	N	200000	200000	1.5	14000000.0	6000000.0	0.0	0.0	20000000.0		0.0	0	0.0	0	0.0		0.0		0.0		0.0		0.0	0	0.0	
0001640170-17-000004	Tier1	Unaudited	N	N	N	N	N	N	13333333	13333333	1.5	14000000.0	6000000.0	0.0	0.0	20000000.0																	
0001493152-17-014471	Tier2	Audited	Y	N	N	Y	N	N	2400000		5.0	12000000.0	0.0	0.0	0.0	12000000.0			Self	840000.0			Sadler Gibb & Associates, LLC	160000.0	Clyde Snow & Sessions	25000.0	Self	840000.0				10320000.0	Promoter expense represents solicitation and marketing expenses.
0001721868-17-000141	Tier2	Audited	N	N	N	Y	N	N	5000000	100000000	10.0	50000000.0	0.0	0.0	0.0	50000000.0																	
0001713621-17-000008	Tier1	Unaudited	Y	N	N	Y	N	N	5000000	20000000	2.0	10000000.0	0.0	0.0	0.0	10000000.0																	
0001144204-17-063013	Tier2	Audited	Y	N	N	Y	Y	N	2000000	4000000	7.0	7.0	0.0	0.0	0.0	7.0	Midtown Partners & Co., LLC and NMS Capital Advisors, LLC	980000.0					dbbmckennon	6000.0	CrowdCheck Law LLP f/k/a KHLK LLP	45000.0					104223	12156000.0	"The estimated net proceeds includes repayment of a related party loan and certain advertising expenses for this offering. See Part II, ""Use of Proceeds to the Issuer"" for additional information."
0001718873-17-000006	Tier1	Audited	N	N	N	Y	N	N	1000000	1438062	14.0	14000000.0	0.0	0.0	0.0	14000000.0	N/A	0.0	N/A	0.0	N/A	0.0	S. F. Fiser & Company	5000.0	Hilburn, Calhoon, Harper, Pruniski & Calhoun, Ltd	33500.0	N/A	0.0	Hilburn, Calhoon, Harper, Pruniski & Calhoun, Ltd	1500.0		14000000.0	
0001144204-17-062842	Tier2	Audited	Y	N	N	Y	Y	N	7042254	15000000	0.71	5000000.0	0.0	0.0	0.0	5000000.0	Fintech Clearing LLC	400000.0					Holthouse Carlin & Van Trigt LLP	30000.0	CrowdCheck Law LLP (f/k/a KHLK LLP)	40000.0			State notice fees (estimated)	10000.0	134742	4380000.0	
0001493152-17-014337	Tier2	Audited	N	N	N	Y	N	N	2000000	12000000	15.0	30000000.0	0.0	0.0	0.0	30000000.0	None	0.0	N/A	0.0	N/A	0.0	BDO USA, LLP	100000.0	Magri Law, LLC	50000.0	N/A	0.0	N/A	0.0		28930000.0	
0001659173-17-000554	Tier2	Audited	N	N	Y	Y	N	N	40000000	0	10000.0	40000000.0	0.0	0.0	0.0	40000000.0			JumpStart Securities	15000.0			Hall & Company Certified Public Accountants & Consultants	2500.0	Bryan R. Clark, PC	5000.0			JumpStart Securities	5000.0	156214	40000000.0	
0001144204-17-062776	Tier2	Audited	Y	N	N	Y	Y	Y	250000	34182	100.0	21581758.0	3418242.0	0.0	0.0	25000000.0			Strategic Capital Investments	1500000.0			KEITER	150000.0	CrowdCheck Law, LLP / COOLEY	100000.0					38924	20036892.0	
0001477932-17-005952	Tier2	Audited	N	N	N	Y	N	N	2500000	1666667	6.0	0.0	0.0	0.0	0.0	0.0	Alexander Capital, LLC	0.0	2 percent - 8 percent of Offering Price	0.0		0.0	Ankit Consulting Services	4250.0	Securities Counselors, Inc.	25000.0		0.0		0.0		14970750.0	
0001640170-17-000002	Tier1	Unaudited	N	N	N	N	N	N	333333	333333	1.5	14000000.0	6000000.0	0.0	0.0	20000000.0																	
0001486452-17-000006	Tier1	Unaudited	Y	N	Y	Y	N	N	1000000000	312814672		0.0	0.0	0.0	0.0	0.0		0.0		0.0		0.0		0.0	Newlan & Newlan, Ltd.	10000.0		0.0	Newlan & Newlan, Ltd.	15000.0		5000000.0	
0001213900-17-012871	Tier2	Audited	Y	N	Y	Y	N	N	6400000	5442786		32000000.0	0.0	0.0	0.0	32000000.0	W.R. Hambrecht & Co., LLC	2080000.0					Marcum LLP	150000.0	Dorsey & Whitney LLP	350000.0							
0001144204-17-061960	Tier2	Audited	Y	Y	N	Y	N	N	10000	0	5000.0	50000000.0	0.0	0.0	0.0	50000000.0							KPMG LLP	150000.0	Winston & Strawn LLP	200000.0			Winston & Strawn LLP	20000.0		49630000.0	The estimated net proceeds to the issuer is exclusive of marketing and printing costs.
0001579586-17-000002	Tier1	Unaudited	N	N	N	N	N	N	200000	200000	100.0	20000000.0	0.0	0.0	0.0	20000000.0		0.0	0	0.0	0	0.0		0.0		0.0		0.0		0.0	0	0.0	
0001493152-17-014057	Tier2	Audited	Y	N	N	Y	Y	N	4200000	10277491	4.75	19950000.0	0.0	0.0	0.0	19950000.0	TriPoint Global Equities, LLC	60000.0	TriPoint Global Equities, LLC	1496250.0	N/A	0.0	Marcum LLP	250000.0	Legal and Compliance, LLC	100000.0	CrowdfundX	145000.0	Legal and Compliance, LLC	17000.0	143174	17881750.0	Net Proceeds Calculation of $17,881,750 includes Additional Estimated Expenses of: Escrow Agent Fees: $2,500; and Financial Printer Fees: $3,500. CrowdfundX is also receiving 35,789 shares of common stock of Muscle Maker at a value of $4.75 per share.
0001144204-17-061738	Tier2	Audited	Y	Y	N	Y	N	N	501310	0	10.0	501310.0	0.0	16826050.0	1800330.0	19127690.0							Hughes Pittman & Gupton, LLP	38000.0	Smith Anderson; Robbins Ross	20000.0			N/A	10000.0			"The response to ""Number of securities offered"" above represents the aggregate principal amount of LROs being offered by the issuer."
0001493152-17-013975	Tier2	Audited	Y	N	N	Y	Y	N	6250000	38750000	8.0	50000000.0	0.0	0.0	0.0	50000000.0			NMS Capital Advisors, LLC	3750000.0			RBSM LLP	125000.0	Olshan Frome Wolosky LLP	200000.0					140356	44800000.0	Assumes sale of $50,000,000 of shares.
0001717993-17-000007	Tier2	Audited	Y	N	N	Y	N	N	5000000	20000000	4.0	20000000.0	0.0	0.0	0.0	20000000.0							IndigoSpire CPA Group, LLC	3000.0	Adamson Brother Corp	25000.0						19975000.0	Adamson Brothers role in this offering is merely a filer/consultant to take the company though this qualification process.
0001445866-17-001723	Tier1	Unaudited	Y	Y	Y	N	Y	Y	23500000	7000000	0.8	18800000.0	0.0	0.0	0.0	18800000.0																	
0001477932-17-005870	Tier2	Audited	Y	N	N	Y	N	N	2500000	25000000	3.0	7500000.0	0.0	0.0	0.0	7500000.0		0.0		0.0		0.0	Artesian CPA	7500.0	Williams Securities Law Firm, PA	50000.0		0.0		0.0		7350000.0	An additional $92,500.00 in miscellaneous offering expenses for which no category is listed above.
0001686327-17-000004	Tier2	Audited	N	N	N	Y	N	N	12500000	37250000	4.0	50000000.0	0.0	0.0	0.0	50000000.0																	
0001654954-17-011099	Tier2	Audited	Y	N	N	Y	N	N	4000000	111076211		10000000.0	0.0	0.0	0.0	10000000.0							Rosenberg Rich Baker Berman & Company	10000.0	CrowdCheck Law LLP (formerly KHLK, LLP)	40000.0			Various States	10000.0	162182	9000000.0	8,000 fee plus 50 basis points on aggregate raise (max $10,000,000 raise would be $50,0000 fee)
0001144204-17-061182	Tier2	Audited	Y	Y	N	Y	Y	N	5000000	100	10.0	50000000.0	0.0	0.0	0.0	50000000.0	None	0.0	None	0.0	None	0.0	Anton & Chia LLP	5000.0	Corporate Law Solutions, PC	90000.0	Rich Uncles LLC (sponsor)	1500000.0	Corporate Law Solutions, PC	10000.0		49895000.0	
0001640334-17-002541	Tier2	Audited	N	Y	N	Y	N	N	5000000	180000000	3.2800000000000002	16400000.0	0.0	0.0	0.0	16400000.0		0.0		0.0		0.0	Metz & Associates, PLLC	60750.0	Booth Udall Fuller, PLC	35790.0		0.0	Booth Udall Fuller, PLC	14023.0		15700000.0	
0001144204-17-061104	Tier1	Audited	Y	N	N	Y	N	N	1204920	0	10.0	1204920.0	0.0	16826050.0	595410.0	18626380.0									Smith Anderson; Robbins Ross	4500.0							
0001553350-17-001299	Tier2	Audited	Y	Y	N	Y	N	N	5000000	0	10.0	50000000.0	0.0	0.0	0.0	50000000.0							D'Arelli Pruzansky, P.A.	6000.0	Pearlman Law Group LLP	30000.0			Internal out-of-pocket expenses	10000.0		49950000.0	
0001437749-17-019812	Tier1	Unaudited	Y	Y	Y	N	N	N	20000000	9382722	1.0	1.0	0.0	0.0	0.0	1.0																20000000.0	
0001713621-17-000007	Tier1	Unaudited	Y	N	N	Y	N	N	5000000	20000000	2.0	10000000.0	0.0	0.0	0.0	10000000.0																	
0001144204-17-060630	Tier1	Unaudited	N	N	N	Y	N	N	10000000	27232345	1.5	15000000.0	0.0	0.0	0.0	15000000.0																15000000.0	
0001104659-17-070126	Tier1	Audited	Y	N	N	N	N	N	1764937	8219576	7.140000000000001	12601650.0	0.0	0.0	0.0	12601650.0	None	0.0	None	0.0	None	0.0	TGM Group LLC	25000.0	Buckley Sandler LLP	150000.0	None	0.0	None	0.0		0.0	Shares of issuer's common stock will be issued to shareholders of Liberty Bell Bank in connection with issuer's acquisition of Liberty Bell Bank pursuant to an Agreement of Merger.
0001144204-17-060545	Tier1	Unaudited	N	N	N	Y	N	N	10000000	27232345	1.5	15000000.0	0.0	0.0	0.0	15000000.0																15000000.0	
0001717993-17-000006	Tier2	Audited	Y	N	N	Y	N	N	5000000	20000000	4.0	20000000.0	0.0	0.0	0.0	20000000.0							IndigoSpire CPA Group, LLC	3000.0	Adamson Brother Corp	25000.0						19975000.0	Adamson Brothers role in this offering is merely a filer/consultant to take the company though this qualification process.
0001477932-17-005751	Tier2	Audited	Y	N	Y	Y	N	N	6666666	0	7.5	50000000.0	0.0	0.0	0.0	50000000.0		0.0		0.0		0.0	Hein & Associates LLP	125000.0	Hogan Lovells US LLP	150000.0		0.0		0.0	141391	49600000.0	Assumes sale of $50,000,000. The issuer also anticipates costs and fees relating to FINRA, transfer agent, escrow fees and roadshow.
0001144204-17-060249	Tier2	Audited	Y	Y	N	Y	N	N	5000000	2148400	10.0	28516000.0	0.0	21484000.0	0.0	50000000.0							RSM US LLP	15000.0	Goodwin Procter LLP	312500.0	Rise Companies Corp	0.0				49500000.0	
0001144204-17-060243	Tier2	Audited	Y	Y	N	Y	N	N	5000000	2323000	10.0	26770000.0	0.0	23230000.0	0.0	50000000.0							RSM US LLP	15000.0	Goodwin Procter LLP	312500.0	Rise Companies Corp	0.0				49500000.0	
0001144204-17-060236	Tier2	Audited	Y	Y	N	Y	N	N	5000000	2183200	10.0	28168000.0	0.0	21832000.0	0.0	50000000.0							RSM US LLP	15000.0	Goodwin Procter LLP	312500.0	Rise Companies Corp	0.0				49500000.0	
0001387131-17-005612	Tier2	Audited	Y	Y	N	Y	N	N	5000000	100	10.0	50000000.0	0.0	0.0	0.0	50000000.0	W.R. Hambrecht & Co., LLC	3000000.0	N/A	0.0	N/A	0.0	Artesian CPA, LLC	3500.0	Duval & Stachenfeld LLP	150000.0	N/A	0.0	N/A	30000.0		46500000.0	
0001264931-17-000102	Tier1	Unaudited	Y	N	Y	Y	N	N	1071428572	794554805	0.0008	1071429.0	0.0	0.0	0.0	1071429.0	None	0.0	None	0.0	None	0.0	None	0.0	Austin Legal Group	15000.0	None	0.0	TBD	4000.0			
0001698370-17-000017	Tier2	Audited	N	N	N	Y	Y	N	14285715	70517287	0.7000000000000001	0.7000000000000001	0.0	0.0	0.0	0.7000000000000001	Boustead Securities LLC	882260.0					Davidson & Company LLP	20000.0	Venture Law Corporation	40000.0					141391	9057740.0	Underwriters will also receive warrants to purchase 6% of the securities issued in this offering at $1.05 per share. Underwriters' warrants and underlying shares (857,143 shares) are also being qualified in this offering statement.
0001477932-17-005695	Tier2	Audited	Y	N	N	Y	N	N	50000	0	1000.0	50000000.0	0.0	0.0	0.0	50000000.0		0.0		0.0		0.0	Spiegel Accountancy Corp.	2500.0	Trowbridge Taylor Sidoti	50000.0	John Parrett	0.0		0.0		0.0	
0001493152-17-013495	Tier2	Audited	N	N	N	Y	N	N	2000000	12000000	15.0	30000000.0	0.0	0.0	0.0	30000000.0	None	0.0	N/A	0.0	N/A	0.0	BDO USA, LLP	100000.0	Magri Law, LLC	50000.0	N/A	0.0	N/A	0.0		28930000.0	
0001722266-17-000001	Tier2	Audited	Y	N	N	Y	Y	N	5000000	0	10.0	50000000.0	0.0	0.0	0.0	50000000.0		0.0		0.0		0.0	Cohn Reznick	15000.0	Riveles Wahab	25000.0	various	50000.0		0.0			Fees are estimated. Have not settled on advertiser/promoter service providers yet.
0001104659-17-069431	Tier2	Audited	N	N	N	N	N	N	16666666	36523999	3.0	50000000.0	0.0	0.0	0.0	50000000.0	NA	0.0	NA	0.0	NA	0.0	Grant Thornton LLP	35000.0	Jenner & Block LLP	190000.0	NA	0.0	NA	0.0		49775000.0	
0001144204-17-059765	Tier2	Audited	Y	N	N	Y	N	Y	250000	34182	100.0	21581758.0	3418242.0	0.0	0.0	25000000.0			Strategic Capital Investments	1500000.0			KEITER	150000.0	KHLK LLP / COOLEY	100000.0					38924	21365982.0	Up to $3,418,242 of the net proceeds will go to a selling securityholder.
0001477932-17-005671	Tier2	Audited	Y	N	Y	Y	N	N	6666666	0	7.5	50000000.0	0.0	0.0	0.0	50000000.0		0.0		0.0		0.0	Hein & Associates LLP	125000.0	Hogan Lovells US LLP	150000.0		0.0		0.0	141391	49600000.0	Assumes sale of $50,000,000. The issuer also anticipates costs and fees relating to FINRA, transfer agent, escrow fees and roadshow.
0001144204-17-059738	Tier2	Audited	N	N	N	Y	N	N	5000000	1000	10.0	50000000.0	0.0	0.0	0.0	50000000.0	Orchard Securities, LLC, a portion of which may be reallowed, in whole or in part, to the selling group members and wholesalers	1500000.0	Orchard Securities, LLC, which it will reallow to the selling group members	3000000.0			Ernst & Young LLP	43000.0	Goodwin Procter LLP	363000.0					133378	50000000.0	All organizational and offering costs, managing broker-dealer fees and selling commissions will be paid by our sponsor, Cottonwood Capital Property Management II, LLC.
0001213900-17-012233	Tier2	Audited	Y	N	Y	Y	N	N	6400000	5442786		32000000.0	0.0	0.0	0.0	32000000.0	W.R. Hambrecht & Co., LLC	2080000.0					Marcum LLP	150000.0	Dorsey & Whitney LLP	350000.0							
0001493152-17-013386	Tier2	Audited	Y	N	N	Y	N	N	25000000	25000100	1.0	25000000.0	0.0	0.0	0.0	25000000.0	N/A	0.0	N/A	0.0	N/A	0.0	Salberg & Co., P.A.	5000.0	Legal & Compliance, LLC	23500.0	N/A	0.0	Legal & Compliance, LLC	1500.0		24726010.0	Net Proceeds of $24,726,010 includes: Escrow Fees (est) $104,875; Subscription and technology fees and website fees (est) $87,115; Edgar Fees $5,000; Transfer agent fees $35,00 and DTC Reg. fees $12,000.
0001493152-17-013381	Tier2	Audited	Y	N	N	Y	Y	N	4200000	10277491	4.75	19950000.0	0.0	0.0	0.0	19950000.0	TriPoint Global Equities, LLC	60000.0	TriPoint Global Equities, LLC	1496250.0	N/A	0.0	Marcum LLP	250000.0	Legal and Compliance, LLC	100000.0	CrowdfundX	145000.0	Legal and Compliance, LLC	17000.0	143174	17881750.0	Net Proceeds Calculation of $17,881,750 includes Additional Estimated Expenses of: Escrow Agent Fees: $2,500; and Financial Printer Fees: $3,500. CrowdfundX is also receiving 35,789 shares of common stock of Muscle Maker at a value of $4.75 per share.
0001104659-17-068578	Tier2	Audited	N	N	N	Y	Y	N	1675000	100	20.0	33500000.0	0.0	0.0	0.0	33500000.0			Maxim Group LLC	0.0			Grant Thornton LLP	0.0	Clifford Chance US LLP; Ellenoff Grossman & Schole LLP	0.0	ICR Services Inc.	0.0				33500000.0	
0001104659-17-068403	Tier1	Audited	N	N	N	Y	N	N	1363406	2726812	7.25	9884693.5	0.0	0.0	0.0	9884693.5							Fortner, Bayens, Levkulich & Garrison, P.C.; Eide Bailly LLP	5000.0	Shapiro Bieging Barber Otteson LLP	35000.0						9834693.5	Expect to spend another $10,000 in fees to our transfer agent to assist with the collection of subscription agreements
0001721868-17-000042	Tier2	Audited	N	N	N	Y	N	N	5000000	100000000	10.0	50000000.0	0.0	0.0	0.0	50000000.0																	
0001698370-17-000016	Tier2	Audited	N	N	N	Y	Y	N	14285715	70517287	0.7000000000000001	0.7000000000000001	0.0	0.0	0.0	0.7000000000000001	Boustead Securities LLC	882260.0					Davidson & Company LLP	20000.0	Venture Law Corporation	40000.0					141391	9057740.0	Underwriters will also receive warrants to purchase 6% of the securities issued in this offering at $1.05 per share. Underwriters' warrants and underlying shares (857,143 shares) are also being qualified in this offering statement.
0001104659-17-067675	Tier2	Audited	N	N	Y	Y	N	N	1675000	100	20.0	33500000.0	0.0	0.0	0.0	33500000.0			Maxim Group LLC	0.0			Grant Thornton LLP	0.0	Clifford Chance US LLP; Ellenoff Grossman & Schole LLP	0.0	ICR Services Inc.	0.0				33500000.0	
0001615774-17-006452	Tier1	Audited	Y	Y	N	Y	N	N	400	0	50000.0	20000000.0	0.0	0.0	0.0	20000000.0							Spiegel Accountancy Corporation	7000.0	Geraci Law Firm	30000.0			Geraci Law Firm	20000.0			
0001717993-17-000005	Tier2	Audited	Y	N	N	Y	N	N	5000000	20000000	4.0	20000000.0	0.0	0.0	0.0	20000000.0							IndigoSpire CPA Group, LLC	3000.0	Adamson Brother Corp	25000.0						19975000.0	Adamson Brothers role in this offering is merely a filer/consultant to take the company though this qualification process.
0001703732-17-000005	Tier2	Audited	Y	N	N	Y	N	N	8333333	10328788	3.0	25000000.0	0.0	0.0	0.0	25000000.0			Jumpstart Securities LLC	1250000.0					DiMuroGinsberg PC	75000.0					156214	11400000.0	
0001477932-17-005450	Tier2	Audited	N	N	N	Y	N	N	2500000	1666667	6.0	0.0	0.0	0.0	0.0	0.0	Alexander Capital, LLC	0.0	2 percent - 8 percent of Offering Price	0.0		0.0	Ankit Consulting Services	4250.0	Securities Counselors, Inc.	25000.0		0.0		0.0		14970750.0	
0001713621-17-000005	Tier1	Unaudited	Y	N	N	Y	N	N	5000000	20000000	2.0	10000000.0	0.0	0.0	0.0	10000000.0																	
0001213900-17-011633	Tier2	Audited	Y	Y	N	Y	N	N	2000000	200	25.0	50000000.0	0.0	0.0	0.0	50000000.0							Artesian CPA, LLC	3500.0	Flaster/Greenberg P.C.	70000.0			Flaster/Greenberg P.C.	5000.0		49215000.0	
0001477932-17-005429	Tier2	Audited	Y	N	Y	Y	N	N	6666666	0	7.5	50000000.0	0.0	0.0	0.0	50000000.0		0.0		0.0		0.0	Hein & Associates LLP	125000.0	Hogan Lovells US LLP	150000.0		0.0		0.0	141391	49600000.0	Assumes sale of $50,000,000. The issuer also anticipates costs and fees relating to FINRA, transfer agent, escrow fees and roadshow.
0001654954-17-010145	Tier2	Audited	Y	N	N	Y	Y	N	3000000	200000	10.0	30000000.0	0.0	0.0	0.0	30000000.0			Orchard Securities, LLC	1800000.0			Cherry Bekaert LLP	200000.0	KVCF	150000.0			KVCF	75000.0	155576	26475000.0	N/A
0001144204-17-056788	Tier1	Audited	Y	N	N	Y	N	N	1049700	0	10.0	1049700.0	0.0	17537800.0	1378820.0	19966320.0									Smith Anderson; Robbins Ross	4500.0							
0001144204-17-056332	Tier1	Unaudited	N	N	N	Y	N	N	5000000	38624940	3.0	13800000.0	1200000.0	0.0	0.0	15000000.0			NMS CAPITAL ADVISORS, LLC	1050000.0											140356	13950000.0	NMS CAPITAL ADVISERS, LLC, 433 NORTH CAMDEN DR., 4TH FL., BEVERLY HILLS CA 90210
0001699683-17-000037	Tier2	Audited	Y	N	N	Y	N	N	20000000	7500000	2.5	50000000.0	0.0	0.0	0.0	50000000.0																	
0001104659-17-066044	Tier2	Audited	N	N	N	N	N	N	16666666	36523999	3.0	50000000.0	0.0	0.0	0.0	50000000.0	NA	0.0	NA	0.0	NA	0.0	Grant Thornton LLP	35000.0	Jenner & Block LLP	190000.0	NA	0.0	NA	0.0		49775000.0	
0001681287-17-000015	Tier1	Unaudited	Y	N	N	Y	N	N	3900000	523188	1.0	3900000.0	0.0	0.0	0.0	3900000.0																	
0001144204-17-056033	Tier1	Audited	Y	N	N	Y	N	N	564010	0	10.0	564010.0	0.0	18846600.0	505890.0	19916500.0									Smith Anderson	1000.0							
0001019056-17-000737	Tier2	Audited	Y	N	N	Y	N	N	50000000	0	1.0	50000000.0	0.0	0.0	0.0	50000000.0	49800000	0.0															Estimated expenses of $200,000. Offering will be conducted by issuer's officers & directors. Issuer reserves the right to engage placement agents &  to pay them commissions equal to 6% of proceeds & issue them warrants to acquire 6% of Warrants sold.
0001486452-17-000004	Tier1	Unaudited	Y	N	Y	Y	N	N	275000000	307814672		0.0	0.0	0.0	0.0	0.0		0.0		0.0		0.0		0.0	Newlan & Newlan, Ltd.	10000.0		0.0	Newlan & Newlan, Ltd.	2000.0			unable to  complete all items until pricing complete
0001019056-17-000732	Tier2	Audited	Y	N	N	Y	N	N	50000000	0	1.0	50000000.0	0.0	0.0	0.0	50000000.0	49800000	0.0															Estimated expenses of $200,000. Offering will be conducted by issuer's officers & directors. Issuer reserves the right to engage placement agents &  to pay them commissions equal to 6% of proceeds & issue them warrants to acquire 6% of Warrants sold.
0001445866-17-001505	Tier1	Unaudited	Y	Y	Y	N	Y	Y	23500000	7000000	0.8	18800000.0	0.0	0.0	0.0	18800000.0																	
0001144204-17-055180	Tier2	Audited	Y	N	N	Y	Y	N	5000000	0	10.0	50000000.0	0.0	0.0	0.0	50000000.0							Artesian CPA, LLC	5000.0	KHLK LLP	50000.0						49945000.0	
0001716949-17-000006	Tier2	Audited	Y	N	N	Y	N	N	5000000	20000000	2.0	10000000.0	0.0	0.0	0.0	10000000.0																	
0001703732-17-000003	Tier2	Audited	Y	N	N	Y	N	N	8333333	10328788	3.0	25000000.0	0.0	0.0	0.0	25000000.0			Jumpstart Securities LLC	1250000.0					DiMuroGinsberg PC	75000.0					156214	11400000.0	
0001567619-17-002265	Tier2	Audited	N	N	Y	N	Y	N	483000	999992	9.0	43470000.0	0.0	0.0	0.0	43470000.0	Stifel Nicolaus & Company, Incorporated; B. Riley & Co. LLC; FBR Capital Markets & Co.; Northland Capital Markets; Drexel Hamilton LLC; Coker & Palmer	3042900.0		0.0		0.0	BDO USA, LLP	0.0	DUANE MORRIS LLP; THOMPSON & KNIGHT LLP	0.0					793	3827100.0	Reserve Engineer Lisitng, and printing fees are also reflected in calculation of estimated net proceeds to the issuer.
0001214659-17-006247	Tier2	Audited	Y	N	N	Y	N	N	5000000	14000000	7.0	35000000.0	0.0	0.0	0.0	35000000.0			To be determined	3500000.0			BF Borgers CPA PC & Artesian CPA, LLC	9320.0	Doida Law Group LLC & Adam S. Tracy	16250.0			Doida Law Group LLC	10000.0		31477000.0	
0001144204-17-054870	Tier2	Audited	Y	Y	N	Y	N	N	2500000	1132406	10.0	25000000.0	0.0	0.0	0.0	25000000.0	N/A	0.0	N/A	0.0	N/A	0.0	Hughes Pittman & Gupton, LLP	2000.0	Manatt, Phelps & Phillips, LLP; Robbins Ross Alloy Belinfante Littlefield LLC	101000.0	N/A	0.0	Internal out-of-pocket expenses	10000.0		24887000.0	The Issuer will provide for its own blue sky compliance.
0001718873-17-000003	Tier1	Audited	N	N	N	Y	N	N	1000000	1438062	14.0	14000000.0	0.0	0.0	0.0	14000000.0	N/A	0.0	N/A	0.0	N/A	0.0	S. F. Fiser & Company	5000.0	Hilburn, Calhoon, Harper, Pruniski & Calhoun, Ltd	33500.0	N/A	0.0	Hilburn, Calhoon, Harper, Pruniski & Calhoun, Ltd	1500.0		14000000.0	
0001104659-17-064566	Tier1	Audited	N	N	N	Y	N	N	1362906	2725813	7.25	9881068.5	0.0	0.0	0.0	9881068.5							Fortner, Bayens, Levkulich & Garrison, P.C.; Eide Bailly LLP	5000.0	Shapiro Bieging Barber Otteson LLP	35000.0						9831068.5	Expect to spend another $10,000 in fees to our transfer agent to assist with the collection of subscription agreements
0001144204-17-054591	Tier2	Audited	Y	N	N	Y	Y	N	7142857	4000000	7.0	7.0	0.0	0.0	0.0	7.0	Midtown Partners & Co., LLC	3500000.0					dbbmckennon	6000.0	KHLK LLP	45000.0					104223	46449000.0	
0001717993-17-000003	Tier2	Audited	Y	N	N	Y	N	N	5000000	20000000	4.0	20000000.0	0.0	0.0	0.0	20000000.0							IndigoSpire CPA Group, LLC	3000.0	Adamson Brother Corp	25000.0						19975000.0	Adamson Brothers role in this offering is merely a filer/consultant to take the company though this qualification process.
0001477932-17-005267	Tier2	Audited	Y	N	Y	Y	N	N	6666666	0	7.5	50000000.0	0.0	0.0	0.0	50000000.0		0.0		0.0		0.0	Hein & Associates LLP	125000.0	Hogan Lovells US LLP	150000.0		0.0		0.0	141391	49600000.0	Assumes sale of $50,000,000. The issuer also anticipates costs and fees relating to FINRA, transfer agent, escrow fees and roadshow.
0001193125-17-320687	Tier2	Audited	Y	Y	N	Y	Y	N	10000000	0	1.0	7000000.0	3000000.0	0.0	0.0	10000000.0							PKF, LLC	35000.0	Stradling Yocca Carlson & Rauth, P.C.	75000.0	XY - the Findables Company	120000.0				6770000.0	The Company previously used StartEngine Crowdfunding, Inc. and FundAmerica, LLC as promoters to which $11,000 in fees was paid. Other fees will be finalized in a subsequent amendment to this Form 1-A.
0001698370-17-000014	Tier2	Audited	N	N	N	Y	Y	N	14285715	70257787	0.7000000000000001	0.7000000000000001	0.0	0.0	0.0	0.7000000000000001	Boustead Securities LLC	882260.0					Davidson & Company LLP	20000.0	Venture Law Corporation	40000.0					141391	9057740.0	Underwriters will also receive warrants to purchase 6% of the securities issued in this offering at $1.05 per share. Underwriters' warrants and underlying shares are also being qualified in this offering statement.
0001144204-17-054022	Tier1	Unaudited	N	N	N	Y	N	N	15000000	27232345	1.5	15000000.0	0.0	0.0	0.0	15000000.0																15000000.0	
0001477932-17-005191	Tier2	Audited	Y	N	Y	Y	N	N	6666666	0	7.5	50000000.0	0.0	0.0	0.0	50000000.0		0.0		0.0		0.0	Hein & Associates LLP	125000.0	Hogan Lovells US LLP	150000.0		0.0		0.0	141391	49600000.0	Assumes sale of $50,000,000. The issuer also anticipates costs and fees relating to FINRA, transfer agent, escrow fees and roadshow.
0001144204-17-053556	Tier1	Audited	Y	N	N	Y	N	N	1263410	0	10.0	1263410.0	0.0	17903800.0	713290.0	19880500.0									Smith Anderson; Robbins Ross	4500.0							
0001654954-17-009626	Tier2	Audited	Y	N	N	Y	N	N	2000000	5792261		12000000.0	0.0	0.0	0.0	12000000.0			Joseph Gunnar and Co. and TriPoint Global Equities LLC	840000.0			Cherry Bekaert LLP	100000.0	Pearlman Law Group LLP	200000.0						10381000.0	Assumes sale of $12,000,000 of shares. Joseph Gunnar and Co. CRD Number is 24795 and TriPoint Global Equities LLC CRD Number is 143174.
0001567619-17-002219	Tier2	Audited	N	N	Y	N	Y	N	483000	999992	9.0	43470000.0	0.0	0.0	0.0	43470000.0	Stifel Nicolaus & Company, Incorporated; B. Riley & Co. LLC; FBR Capital Markets & Co.; Northland Capital Markets; Drexel Hamilton LLC; Coker & Palmer	3042900.0		0.0		0.0	BDO USA, LLP	0.0	DUANE MORRIS LLP; THOMPSON & KNIGHT LLP	0.0					793	3827100.0	Reserve Engineer Lisitng, and printing fees are also reflected in calculation of estimated net proceeds to the issuer.
0001642079-17-000014	Tier2	Audited	N	N	N	N	N	N	50000000		1.0	0.0	0.0	0.0	0.0	0.0																	
0001683168-17-002703	Tier1	Unaudited	Y	N	Y	Y	N	N	20000000	533160770	1.0	20000000.0	0.0	0.0	0.0	20000000.0									John E. Lux, Esq.	22000.0			Various States	2500.0		19600000.0	
0001659173-17-000466	Tier2	Audited	N	N	Y	Y	N	N	40000000	0	10000.0	40000000.0	0.0	0.0	0.0	40000000.0			JumpStart Securities	15000.0			Hall & Company Certified Public Accountants & Consultants	2500.0	Bryan R. Clark, PC	5000.0			JumpStart Securities	5000.0	156214	40000000.0	
0001716949-17-000004	Tier2	Audited	Y	N	N	Y	N	N	5000000	20000000	2.0	10000000.0	0.0	0.0	0.0	10000000.0																	
0001144204-17-052996	Tier1	Audited	Y	N	N	Y	N	N	564010	0	10.0	564010.0	0.0	18846600.0	505890.0	19916500.0									Smith Anderson	1000.0							
0001477932-17-005129	Tier2	Audited	Y	N	Y	Y	N	N	6666666	0	7.5	50000000.0	0.0	0.0	0.0	50000000.0		0.0		0.0		0.0	Hein & Associates LLP	125000.0	Hogan Lovells US LLP	150000.0		0.0		0.0	141391	49600000.0	Assumes sale of $50,000,000. The issuer also anticipates costs and fees relating to FINRA, transfer agent, escrow fees and roadshow.
0001642079-17-000013	Tier2	Audited	N	N	N	N	N	N	50000000		1.0	0.0	0.0	0.0	0.0	0.0																	
0001493152-17-011750	Tier2	Audited	N	N	Y	Y	Y	N	2000000	8000000	12.0	24000000.0	0.0	0.0	0.0	24000000.0			TriPoint Global Equities LLC	1780800.0			Hutchinson & Bloodgood LLP	150000.0	Loeb & Loeb LLP	350000.0	ICR, LLC	350000.0			143174		Financial information above is presented on a pro forma basis before the offering.
0001683168-17-002684	Tier2	Audited	Y	N	N	Y	Y	N	5000000	1000000	1.25	6250000.0	0.0	0.0	0.0	6250000.0							dbbmckennon	35000.0	KHLK, LLP	50000.0			Various States	20000.0	152550	5212500.0	
0001493152-17-011736	Tier2	Audited	Y	N	N	Y	Y	N	2857142	15855178	3.5	10000000.0	0.0	0.0	0.0	10000000.0	Boustead Securities, LLC	150000.0	Boustead Securities, LLC	700000.0	N/A	0.0	Friedman LLP/Semple, Marchal & Cooper, LLP	30000.0	Legal & Compliance, LLC	40000.0	N/A	0.0	Legal & Compliance, LLC	7500.0	141391	9072500.0	Net Proceeds Calculation of $9,072,500 includes Additional Estimated Expenses of: Cash Management Fee: $25,000; Technology Fees: $35,000; NASDAQ Fees: $75,000; Financial Printer Fees: $5,000; and Other Offering Deposit Account Fees & Costs $2,000.
0001567619-17-002194	Tier2	Audited	N	N	Y	N	Y	N	483000	999992	9.0	43470000.0	0.0	0.0	0.0	43470000.0	Stifel Nicolaus & Company, Incorporated; B. Riley & Co. LLC; FBR Capital Markets & Co.; Northland Capital Markets; Drexel Hamilton LLC; Coker & Palmer	3042900.0		0.0		0.0	BDO USA, LLP	0.0	DUANE MORRIS LLP; THOMPSON & KNIGHT LLP	0.0					793	3827100.0	Reserve Engineer Lisitng, and printing fees are also reflected in calculation of estimated net proceeds to the issuer.
0001144204-17-052599	Tier2	Audited	Y	N	N	Y	Y	N	5000000	0	10.0	50000000.0	0.0	0.0	0.0	50000000.0							Artesian CPA, LLC	5000.0	KHLK LLP	50000.0						49945000.0	
0001144204-17-052554	Tier1	Unaudited	N	N	N	Y	N	N	5000000	38624940	3.0	13800000.0	1200000.0	0.0	0.0	15000000.0			NMS CAPITAL ADVISORS, LLC	1050000.0											140356	13950000.0	NMS CAPITAL ADVISERS, LLC, 433 NORTH CAMDEN DR., 4TH FL., BEVERLY HILLS CA 90210
0001642079-17-000012	Tier2	Audited	N	N	N	N	N	N	50000000		1.0	0.0	0.0	0.0	0.0	0.0																	
0001642079-17-000011	Tier2	Audited	N	N	N	N	N	N	50000000		1.0	0.0	0.0	0.0	0.0	0.0																	
0001144204-17-052495	Tier2	Audited	Y	Y	N	Y	N	N	4376118	5856341	10.450000000000001	45730440.0	0.0	4269560.0	0.0	50000000.0							RSM US LLP	5000.0	Goodwin Procter LLP	60000.0	Rise Companies Corp	0.0				45665440.0	Minus expenses.
0001193125-17-310091	Tier2	Audited	Y	Y	N	Y	Y	N	10000000	0	1.0	7000000.0	3000000.0	0.0	0.0	10000000.0							PKF, LLC	35000.0	Stradling Yocca Carlson & Rauth, P.C.	75000.0	XY - the Findables Company	120000.0				6770000.0	The Company previously used StartEngine Crowdfunding, Inc. and FundAmerica, LLC as promoters to which $11,000 in fees was paid. Other fees will be finalized in a subsequent amendment to this Form 1-A.
0001477932-17-005041	Tier2	Audited	N	N	N	Y	N	N	2500000	1666667	6.0	0.0	0.0	0.0	0.0	0.0	Alexander Capital, LLC	0.0	2 percent - 8 percent of Offering Price	0.0		0.0	Ankit Consulting Services	4250.0	Securities Counselors, Inc.	25000.0		0.0		0.0		14970750.0	
0001144204-17-052465	Tier2	Audited	Y	Y	N	Y	N	N	585860	0	10.0	585860.0	0.0	18838600.0	1077900.0	20502360.0							Hughes Pittman & Gupton, LLP	38000.0	Smith Anderson; Robbins Ross	20000.0			N/A	10000.0			"The response to ""Number of securities offered"" above represents the aggregate principal amount of LROs being offered by the issuer."
0001144204-17-052388	Tier2	Audited	Y	N	N	N	Y	N	800000	0	10.0	8000000.0	0.0	0.0	0.0	8000000.0							HRP CPAs	80000.0	Alliance Legal Partners / KHLK LLP	65000.0			Crowdcheck	10000.0		7222901.0	Estimated proceeds include deduction of estimated expenses for both this offering and the concurrent Canadian securities offering.
0001642079-17-000010	Tier2	Audited	N	N	N	N	N	N	50000000		1.0	0.0	0.0	0.0	0.0	0.0																	
0001654954-17-009364	Tier2	Audited	Y	N	N	Y	N	N	2000000	5792261		12000000.0	0.0	0.0	0.0	12000000.0			Joseph Gunnar and Co. and TriPoint Global Equities LLC	840000.0			Cherry Bekaert LLP	100000.0	Pearlman Law Group LLP	200000.0						10381000.0	Assumes sale of $12,000,000 of shares. Joseph Gunnar and Co. CRD Number is 24795 and TriPoint Global Equities LLC CRD Number is 143174.
0001477932-17-004993	Tier2	Audited	Y	N	Y	Y	N	N	6666666	0	7.5	50000000.0	0.0	0.0	0.0	50000000.0		0.0		0.0		0.0	Hein & Associates LLP	125000.0	Hogan Lovells US LLP	150000.0		0.0		0.0	141391	49600000.0	Assumes sale of $50,000,000. The issuer also anticipates costs and fees relating to FINRA, transfer agent, escrow fees and roadshow.
0001144204-17-052044	Tier1	Unaudited	Y	N	N	Y	N	N	564010	0	10.0	564010.0	0.0	18838600.0	513890.0	19916500.0									Smith Anderson; Robbins Ross	4500.0							
0001079973-17-000584	Tier1	Unaudited	N	N	Y	Y	Y	N	11153889	55769447		7919261.0	0.0	0.0	0.0	7919261.0		0.0		0.0		0.0	Saturna Group Chartered Professional Accountants LLP	4000.0	Burns Figa & Will PC and Farthoogian & Co.	75000.0		0.0		0.0			
0001078782-17-001363	Tier2	Audited	Y	N	Y	Y	Y	Y	5400000	7500000	1.5	7500000.0	600000.0	0.0	0.0	8100000.0							Thayer ONeal Company LLC	2500.0									Intelligent Crowd will receive a fee equal to 7.5% of the total funds raised plus reimbursement of $10,000 in expenses.
0001615774-17-005658	Tier1	Audited	Y	Y	N	Y	N	N	400	0	50000.0	20000000.0	0.0	0.0	0.0	20000000.0							Spiegel Accountancy Corporation	7000.0	Geraci Law Firm	30000.0			Geraci Law Firm	20000.0			
0001567619-17-002160	Tier2	Audited	N	N	Y	N	Y	N	483000	999992	9.0	43470000.0	0.0	0.0	0.0	43470000.0	Stifel Nicolaus & Company, Incorporated; B. Riley & Co. LLC; FBR Capital Markets & Co.; Northland Capital Markets; Drexel Hamilton LLC; Coker & Palmer	3042900.0		0.0		0.0	BDO USA, LLP	0.0	DUANE MORRIS LLP; THOMPSON & KNIGHT LLP	0.0					793	3827100.0	Reserve Engineer Lisitng, and printing fees are also reflected in calculation of estimated net proceeds to the issuer.
0001683168-17-002593	Tier2	Audited	Y	N	N	Y	Y	N	5000000	1000000	1.25	6250000.0	0.0	0.0	0.0	6250000.0							dbbmckennon	35000.0	KHLK, LLP	50000.0			Various States	20000.0	152550	5212500.0	
0001712534-17-000009	Tier2	Audited	Y	N	N	Y	N	N	3000000	15000000	5.0	15000000.0	0.0	0.0	0.0	15000000.0																	
0001642079-17-000009	Tier2	Audited	N	N	N	N	N	N	50000000		1.0	0.0	0.0	0.0	0.0	0.0																	
0001493152-17-011337	Tier2	Audited	Y	N	N	Y	N	N	25000000	25000100	1.0	25000000.0	0.0	0.0	0.0	25000000.0	N/A	0.0	N/A	0.0	N/A	0.0	Salberg & Co., P.A.	5000.0	Legal & Compliance, LLC	23500.0	N/A	0.0	Legal & Compliance, LLC	1500.0		24726010.0	Net Proceeds of $24,726,010 includes: Escrow Fees (est) $104,875; Subscription and technology fees and website fees (est) $87,115; Edgar Fees $5,000; Transfer agent fees $35,00 and DTC Reg. fees $12,000.
0001699683-17-000034	Tier2	Audited	Y	N	N	Y	N	N	20000000	7500000	2.5	50000000.0	0.0	0.0	0.0	50000000.0																	
0001477932-17-004849	Tier2	Audited	N	N	N	Y	N	N	2500000	1666667	6.0	0.0	0.0	0.0	0.0	0.0	Alexander Capital, LLC	0.0	2 percent - 8 percent of Offering Price	0.0		0.0	Ankit Consulting Services	4250.0	Securities Counselors, Inc.	25000.0		0.0		0.0		14970750.0	
0001104659-17-060430	Tier1	Audited	Y	N	N	Y	N	N	671140	7314775	14.9	19999972.0	0.0	0.0	0.0	19999972.0			To be determined	1599998.0			Eide Bailly	10000.0	Felhaber Larson	55000.0			Various States	11000.0		18288974.0	677,140 Shares includes both Class A and B. DRIP participants pay no commissions and pay $13.41 per share. Thus commissions paid and net proceeds will be less based on level of DRIP purchases.
0001493152-17-011171	Tier2	Audited	N	N	Y	Y	Y	N	2000000	8000000	12.0	24000000.0	0.0	0.0	0.0	24000000.0			TriPoint Global Equities LLC	1780800.0			Hutchinson & Bloodgood LLP	150000.0	Loeb & Loeb LLP	350000.0	ICR, LLC	350000.0			143174		Financial information above is presented on a pro forma basis before the offering.
0001437749-17-016591	Tier2	Audited	N	N	N	Y	N	N	8333333	43334000	6.0	49999998.0	0.0	0.0	0.0	49999998.0			WEST PARK CAPITAL, INC.	4000000.0												45999998.0	Assuming sale of maximum shares
0001493152-17-011109	Tier2	Audited	N	N	Y	Y	Y	N	2000000	8000000	12.0	24000000.0	0.0	0.0	0.0	24000000.0			TriPoint Global Equities LLC	1780800.0			Hutchinson & Bloodgood LLP	150000.0	Loeb & Loeb LLP	350000.0	ICR, LLC	350000.0			143174		Financial information above is presented on a pro forma basis before the offering.
