ACCESSION_NUMBER	STREET1	STREET2	CITY	STATEORCOUNTRY	ZIPCODE	PHONENUMBER	CONNECTIONNAME	INDUSTRYGROUP	CASHEQUIVALENTS	INVESTMENTSECURITIES	TOTALINVESTMENTS	ACCOUNTSRECEIVABLE	LOANS	PROPERTYPLANTEQUIPMENT	PROPERTYANDEQUIPMENT	TOTALASSETS	ACCOUNTSPAYABLE	POLICYLIABILITIESANDACCRUALS	DEPOSITS	LONGTERMDEBT	TOTALLIABILITIES	TOTALSTOCKHOLDEREQUITY	TOTALLIABILITIESANDEQUITY	TOTALREVENUES	TOTALINTERESTINCOME	COSTANDEXPENSESAPPLTOREVENUES	TOTALINTERESTEXPENSES	DEPRECIATIONANDAMORTIZATION	NETINCOME	EARNINGSPERSHAREBASIC	EARNINGSPERSHAREDILUTED	NAMEAUDITOR	CERTIFYIFTRUE	CERTIFYIFNOTDISQUALIFIED	CERTIFYIFBADACTOR	JURISDICTIONSOFSECOFFEREDNONE	JURISDICTIONSOFSECOFFEREDSAME	IFUNREGSITEREDNONE	SECURITIESACTEXCEMPTION
0001493152-17-015307	11200 Waples Mill Road	Suite 200	Fairfax	VA	22030	703-621-5853	Magri Law, LLC/Philip Magri	Other	450787.0	0.0		9644190.0		28719.0		13943960.0	4493829.0			1610194.0	7266941.0	6677019.0	13943960.0	24034029.0		20983583.0		5421.0	365036.0	0.02	0.02	BDO USA, LLP	true	true		true		true	
0001493152-17-015303	11921 Freedom Drive	Suite 550	Reston	VA	20190-5667	703-904-4315	Louis A. Bevilacqua, Esq.,	Other	18363.0	0.0		0.0		0.0		43613.0	0.0			0.0	21860.0	21753.0	43613.0	45000.0		30130.0		0.0	14870.0	0.0	0.0	Friedman LLP	true	true			true	true	
0001214659-17-007517	80 WEST SIERRA BOULEVARD	#141	SIERRA MADRE	CA	91024	6263551049	Ryan Lewis	Other	446.0	0.0		0.0		0.0		446.0	1475.0			0.0	1475.0	-1029.0	446.0	0.0		8229.0		0.0	-9029.0	0.0	0.0	Cashuk, Wiseman, Goldberg, Birnbaum & Salem, LLP	true	true	true		true	true	
0001144204-17-065880	2323 ROSS AVENUE	SUITE 200	DALLAS	TX	75201	2142699500	Mark Blocher	Other	58754118.0	20807197.0		97530241.0		0.0		177415998.0	51553567.0			19910440.0	71464007.0	105951991.0	177415998.0	8443280.0		2229090.0		0.0	3413610.0	3413.61	3413.61	KPMG LLP	true	true			true	true	
0001493152-17-015277	13 Summit Square Center - #195		Langhorne	PA	19047-2811	267-566-2980	Lazarus Rothstein, Esq	Other	639957.0	0.0		0.0		0.0		641790.0	3000.0			0.0	12550.0	638790.0	641790.0	0.0		112373.0		0.0	112373.0	0.0	0.0	None	true	true		true			Section 4(a)(2) of the Securities Act of 1933, as amended for transactions by an issuer not involving any public offering.
0001144204-17-065675	60 South Market Street		San Jose	CA	95113	408-370-1248	Michael Faro	Other	35064.0	0.0		206611.0		7982.0		2331773.0	3989705.0			2084649.0	9096282.0	-6764509.0	2331773.0	4440863.0		3040515.0		2846.0	-4710373.0	-2.2800000000000002	-2.2800000000000002	RBSM LLP	true	true			true	true	
0001144204-17-065568	100 Walnut St.		CHAMPLAIN	NY	12919	646-878-6672	Andrew Stephenson	Other	32330.0	0.0		0.0		0.0		403776.0	431876.0			0.0	739092.0	-335316.0	403776.0	423922.0		372489.0		0.0	-49132.0	-0.01	-0.01	dbbmckennon	true	true			true		Section 4(a)(2) of the Securities Act
0001640334-17-002741	244 5th Ave		New York	NY	10001	347-983-9208	Steve Slome	Other	33.0	0.0		0.0		0.0		33.0	6095.0			0.0	6095.0	-6062.0	33.0	0.0		0.0		0.0	-7062.0	0.0	0.0		true	true	false	false	true	false	Exempt from registration under Rule 4(a)(2) of the Securities Act.
0001445866-17-001835	30 N GOULD STREET STE R,		SHERIDAN	WY	82801	307-275-8228	Melandrew Santos	Other	557.0	0.0		0.0		0.0		557.0	0.0			0.0	0.0	557.0	557.0	0.0		2548.0		0.0	-2548.0	0.0	0.0		true	true	false	false	true	true	
0001493152-17-015100	59 WEST 100 SOUTH	SECOND FLOOR	SALT LAKE CITY	UT	84101	801-575-8073	Brian Lebrecht	Other	528755.0	0.0		111283.0		2048343.0		5047806.0	2057904.0			641073.0	10947823.0	-14280065.0	5047806.0	4620201.0		6107797.0		118789.0	-1882808.0	-5.38	-5.38	Sadler Gibb & Associates, LLC	true	true		true			Rule 4(a)(2), Rule 506(b)
0001477932-17-006267	C/O TULSA FOUNDERS, LLC	2221 PEACHTREE ROAD NE, SUITE D380	Atlanta	GA	30309	888-564-6562	Jillian Sidoti, Esq.	Other	0.0	0.0		15350.0		0.0		15350.0	15350.0			0.0	15350.0	0.0	15350.0	0.0		0.0		0.0	0.0	1.0	1.0	Artesian CPA	true	true	false	true		true	
0001477932-17-006262	1810 E. Sahara Ave, #123		Las Vegas	NV	89104	702-425-9000	Jillian Sidoti, Esq.	Other	0.0	0.0		0.0		0.0		15000.0	0.0			0.0	15000.0	0.0	15000.0	0.0		0.0		0.0	0.0	0.0	0.0	IndigoSpire CPA Group	true	true	false	true		false	Such interests were issued in exchange for cash, services, including company management, and services related to this Offering.
0001213900-17-013623	Mizner Park, 433 Plaza Real, Ste. 335		Boca Raton	FL	33432	561-886-3232	Hamid Hashemi	Other	4653481.0	0.0		4080789.0		164439145.0		177448239.0	20288567.0			172712556.0	271369405.0	-93921166.0	177448239.0	124815697.0		132214347.0		16019403.0	-34223126.0	0.0	0.0	Crowe Horwath LLP	true	true			true		Private Placements for LLC Membership Units were conducted under Rule 506(b) to accredited investors without general solicitation.
0001493152-17-015000	7970 S. KYRENE ROAD		TEMPE	AZ	85284	480-968-1488	LAURA ANTHONY	Other	4283216.0	0.0		3725431.0		746289.0		14749739.0	604598.0			122777.0	4704060.0	10045679.0	14749739.0	9460852.0		3280412.0		117108.0	2049979.0	0.13	0.12	Friedman LLP	true	true			true		Section 4(a)(2) of the Securities Act of 1933, as amended for transactions by an issuer not involving any public offering.
0001477932-17-006251	318 Half Day Road	Suite 201	Buffalo Grove	IL	60089	224-602-9569	Jillian Sidoti, Esq.	Other	600427.0	0.0		0.0		0.0		600427.0	602579.0			0.0	602579.0	-2152.0	600427.0	0.0		1831.0		0.0	-1831.0	0.0	0.0	IndigoSpire	true	true	false		true	true	
0001144204-17-065053	121 New York Avenue		Trenton	NJ	08638	609-656-5100	Sara Hanks	Other	2918541.0	0.0		3628334.0		967539.0		7862127.0	1112889.0			497901.0	5132290.0	2729836.0	7862127.0	6502734.0		5440849.0		30257.0	647219.0	0.0	0.0	Keiter	true	true			true		Section 4(a)(2) of the Securities Act as transactions by an issuer not involving any public offering.
0001553350-17-001433	4400 North Federal Highway	Suite 210-12	Boca Raton	FL	33431	561-504-4299	Charles B. Pearlman, Esq.	Other	100.0	0.0		0.0		0.0		100.0	36426.0			0.0	36426.0	36326.0	100.0	0.0		36426.0		0.0	-36426.0	0.0	0.0	D'Arelli Pruzansky, P.A.	true	true			true	true	
0001689536-17-000008	SANJAY MODY	2125 CENTER AVE, SUITE 414	FORT LEE	NJ	07024	2013678436	Andy Altahawi	Other	832459.0	1373.0		611000.0		8472001.0		17121579.0	157828.0			140921.0	302062.0	302062.0	17121579.0	0.0		863944.0		0.0	0.0	0.0	0.0	Ram Associate	true	true	false	true	false	false	Section 4(a)(2) - an issuer not involved in any public offering. All securities sold to current directors only.
0001683168-17-003377	116 LAKEWOOD DRIVE		THOMASVILLE	GA	31792	229-224-8636	John Lux	Other	5866.0	0.0		1296.0		3523086.0		3620248.0	579350.0			2542500.0	3121850.0	498398.0	3620248.0	109444.0		344473.0		20634.0	-255623.0	0.0	0.0		true	true	true	true			Section 4(2) Securities Act and Rules promulgated thereunder.
0001193125-17-376767	13455 Noel Road	Suite 100	Dallas	TX	75240	972-450-6000	Chris Williams	Other	6126.0	0.0		100757.0		6638.0		4841337.0	771944.0			3966643.0	5036331.0	-194994.0	4841337.0	3213626.0		2175896.0		235663.0	-861282.0	-0.32	-0.32	N/A	true	true	false	false		false	17 CFR 230.506(c)
0001659173-17-000583	2009 E. Windmill Lane		Las Vegas	NV	89123	702-240-0977	Bryan Clark, Esq.	Other	30278.0	0.0		0.0		0.0		30278.0	0.0			0.0	105356.0	75078.0	30278.0	0.0		124229.0		0.0	124229.0	0.0	0.0	Hall & Company Certified Public Accountants & Consultants, Inc.	true	true			true		Section 4(a)(2) of the Securities Act; Rule 506 (b)
0001104659-17-074600	96 Spring St.	6th Floor	New York	NY	10012	646-780-5451	Stephane De Baets	Other	5356885.0	0.0		687077.0		96699926.0		106481347.0	4403672.0			119374832.0	126366415.0	-19885068.0	106481347.0	34933207.0		16822604.0		3786012.0	162963.0	0.0	0.0	Grant Thornton LLP	true	true	false	false	true	false	Section 4(a)(2) of the Securities Act as a transaction by an issuer not involving a public offering
0001477932-17-006228	763 Linden Ave.	Suite 2	Rochester	NY	14625	941-544-4148	David Olund	Other	170.0	0.0		0.0		0.0		170.0	23325.0			0.0	23325.0	-23155.0	170.0	0.0		6231.0		0.0	-6231.0	0.0	0.0	Freed Maxick	true	true	false	true		false	Section 4(a)2
0001493152-17-014896	1880 OFFICE CLUB POINTE, SUITE 1240		COLORADO SPRINGS	CO	80920	855-369-3687	Cynthia Boerum Peter Berkman	Other	19250.0	0.0		0.0		4399.0		23649.0	20847.0			0.0	20847.0	2802.0	23649.0	0.0		45861.0		0.0	-45861.0	0.0	0.0	AJ Robbins	true	true	true		true	true	
0001477932-17-006192	318 Half Day Road	Suite 201	Buffalo Grove	IL	60089	224-602-9569	Jillian Sidoti, Esq.	Other	600427.0	0.0		0.0		0.0		600427.0	602579.0			0.0	602579.0	-2152.0	600427.0	0.0		1831.0		0.0	-1831.0	0.0	0.0	IndigoSpire	true	true	false		true	true	
0001387131-17-005924	40 Wall Street	60th Floor	New York	NY	10005	212-293-8500	Shaya Berger	Other	1000.0	0.0		0.0		0.0		1000.0	0.0			0.0	0.0	1000.0	1000.0	0.0		0.0		0.0	0.0	0.0	0.0	Roth & Company LLP	true	true		true			Reliance Real Estate Advisors, LLC has purchased 100 common shares for a purchase price of $1,000 in a private offering. Such issuance was exempt from registration requirements of the Securities Act pursuant to Section 4(a)(2) therof.
0001579586-17-000005	2426 L'ENFANT SQUARE SE	SUITE 700	WASHINGTON	DC	20020	202-236-3427	Tony Ramos	Other	0.0	0.0		0.0		0.0		0.0	0.0			0.0	0.0	0.0	0.0	0.0		0.0		0.0	0.0	0.0	0.0		true	true	false	false	true	true	
0001579586-17-000004	2426 L'ENFANT SQUARE SE	7TH FLOOR	WASHINGTON	DC	20020	202-2363427	Tony Ramos	Other	0.0	0.0		0.0		0.0		0.0	0.0			0.0	0.0	0.0	0.0	0.0		0.0		0.0	0.0	0.0	0.0	0	true	true	false	false	true	false	Regulation A, as amended
0001144204-17-064404	11 Cypress Point		Amarillo	TX	79124-4910	619-616-3149	Carlos Arreola	Other	64348.0	0.0		0.0		0.0		64348.0	2583.0			0.0	2583.0	61765.0	64348.0	0.0		171815.0		0.0	-171815.0	0.0	0.0		true	true			true	true	
0001193125-17-373513	9755 SW BARNES ROAD, Suite 420		Portland	OR	97225	503-225-0300	Gregory E. Struxness	Other	953030.0	0.0		1031322.0		3386111.0		73748589.0	0.0			0.0	54008733.0	19739856.0	73748589.0	5867798.0		4456838.0		0.0	1412332.0	0.07	0.07	Armanino LLP	true	true	false	true		false	All securities issued pursuant to the exemption provided by Rule 506(b) of Regulation D under the Securities Act of 1933, as amended.
0001688804-17-000027	41 W. 25TH STREET	8TH FLOOR	NEW YORK	NY	10010	3479528058	Max Niederste-Ostholt	Other	289.0	0.0		0.0		481601.0		481890.0	19822.0			390752.0	410574.0	71316.0	481890.0	0.0		9853.0		0.0	-9853.0	0.0	0.0	EisnerAmper LLP	true	true	false	true	false	false	Rule 506(c) - sale to verified accredited investors of interests in Series #77LE1
0001718873-17-000014	802 EAST MAIN STREET		MOUNTAIN VIEW	AR	72560	870-269-7311	John E. Pruniski, III	Banking	2022153.0	17907590.0			164006302.0		8504089.0	201464575.0	1218565.0		158267109.0	22700000.0	182185673.0	19278902.0	201464575.0		4370992.0		1058303.0	165352.0	603369.0	0.42	0.39	S. F. Fiser & Company	true	true	false	true	false	false	See Rule 701 and Ark. Code Ann. Section 23-42-503(a)(9) and Rule 503.1(a)(9)(I) of the Rules of the Arkansas Security Exchange Comission
0001718873-17-000013	802 EAST MAIN STREET		MOUNTAIN VIEW	AR	72560	870-269-7311	John E. Pruniski, III	Banking	2022153.0	17907590.0			164006302.0		8504089.0	201464575.0	1218565.0		158267109.0	22700000.0	182185673.0	19278902.0	201464575.0		4370992.0		1058303.0	165352.0	603369.0	0.42	0.39	S. F. Fiser & Company	true	true	false	true	false	false	See Rule 701 and Ark. Code Ann. Section 23-42-503(a)(9) and Rule 503.1(a)(9)(I) of the Rules of the Arkansas Security Exchange Comission
0001553350-17-001390	4400 North Federal Highway	Suite 210-12	Boca Raton	FL	33431	561-504-4299	Charles B. Pearlman, Esq.	Other	100.0	0.0		0.0		0.0		100.0	36426.0			0.0	36426.0	36326.0	100.0	0.0		36426.0		0.0	-36426.0	0.0	0.0	D'Arelli Pruzansky, P.A.	true	true			true	true	
0001144204-17-064099	75 Fifth Street, NW	Suite 2170	ATLANTA	GA	30308	404-850-9225	Nick Bhargava	Other	921594.0	0.0		20120085.0		433452.0		21507228.0	16872490.0			0.0	22787493.0	-1280265.0	21507228.0	804936.0		117587.0		102471.0	-1976473.0	-1.75	-1.75	Hughes Pittman and Gupton LLP	true	true		true			Regulation A, Rule 506 of Regulation D, and Rule 506 of Regulation D, respectively.
0001688804-17-000026	41 W. 25TH STREET	8TH FLOOR	NEW YORK	NY	10010	3479528058	Max Niederste-Ostholt	Other	289.0	0.0		0.0		481601.0		481890.0	19822.0			390752.0	410574.0	71316.0	481890.0	0.0		9853.0		0.0	-9853.0	0.0	0.0	EisnerAmper LLP	true	true	false	true	false	false	Rule 506(c) - sale to verified accredited investors of interests in Series #77LE1
0001193125-17-370768	1817 Olde Homestead Lane, Suite 101		Lancaster	PA	17601	717-398-0700	Kimberly Decker	Other	1268197.0	0.0		11024549.0		0.0		42266991.0	2692232.0			9096403.0	32367861.0	9899130.0	42266991.0	45469232.0		7266788.0		39747.0	2085278.0	0.0	0.0		true	true	false	true		true	
0001718873-17-000009	802 East Main Street		Mountain view	AR	72560	870-269-7311	John E. Pruniski, III	Banking	2022153.0	17907590.0			164006302.0		8504089.0	201464575.0	1218565.0		158267109.0	22700000.0	182185673.0	19278902.0	201464575.0		4370992.0		1058303.0	165352.0	603369.0	0.42	0.39	S. F. Fiser & Company	true	true	false	true	false	false	See Rule 701 and Ark. Code Ann. Section 23-42-503(a)(9) and Rule 503.01(a)(9)(I) of the Rules of the Arkansas Security Exchange Commission
0001615774-17-007349	5000 W. Tilghman Street, Suite 249		Allentown	PA	18104-9109	484-712-7372	Melissa L. Lucar - Geraci Law	Other	1000.0	0.0		0.0		0.0		1000.0	0.0			0.0	0.0	1000.0	1000.0	0.0		0.0		0.0	0.0	0.0	0.0	Spiegel Accountancy Corporation	true	true	false	true	false	false	Notes Payable offered by Conquest Funding, Inc., a Pennsylvania corporation. Offering exempt from registration under Regulation D Rule 506(b).
0001477932-17-006100	109 E. 17th Street	Suite 4634	Cheyenne	WY	82001	702-706-7011	Harold H. Martin, Esq.	Other	2787.0	0.0		0.0		0.0		2787.0	45823.0			0.0	271724.0	-268937.0	2787.0	0.0		207190.0		0.0	-215113.0	0.0	0.0	none	true	true	false		true	false	Section 4(2) of the Securities Act.
0001718873-17-000008	802 East Main Street		Mountain view	AR	72560	870-269-7311	John E. Pruniski, III	Banking	2022153.0	17907590.0			164006302.0		8504089.0	201464575.0	1218565.0		158267109.0	22700000.0	182185673.0	19278902.0	201464575.0		4370992.0		1058303.0	165352.0	603369.0	0.42	0.39	S. F. Fiser & Company	true	true	false	true	false	false	See Rule 701 and Ark. Code Ann. Section 23-42-503(a)(9) and Rule 503.01(a)(9)(I) of the Rules of the Arkansas Security Exchange Commission
0001477932-17-006091	109 E. 17th Street	Suite 4634	Cheyenne	WY	82001	702-706-7011	Harold H. Martin, Esq.	Other	2787.0	0.0		0.0		0.0		2787.0	45823.0			0.0	271724.0	-268937.0	2787.0	0.0		207190.0		0.0	-215113.0	0.0	0.0	none	true	true	false		true	false	Section 4(2) of the Securities Act.
0001144204-17-063580	75 Fifth Street, NW	Suite 2170	ATLANTA	GA	30308	404-850-9225	Brian S. Korn, Esq.	Other	921594.0	0.0		20120085.0		433452.0		21507228.0	16872490.0			0.0	22787493.0	-1280265.0	21507228.0	804936.0		117587.0		102471.0	-1976473.0	-1.75	-1.75	Hughes Pittman and Gupton LLP	true	true		true			Regulation A, Rule 506 of Regulation D, and Rule 506 of Regulation D, respectively.
0001213900-17-013201	Mizner Park, 433 Plaza Real, Ste. 335		Boca Raton	FL	33432	561-886-3232	Hamid Hashemi	Other	4653481.0	0.0		4080789.0		164439145.0		177448239.0	20288567.0			172712556.0	271369405.0	-93921166.0	177448239.0	124815697.0		132214347.0		16019403.0	-34223126.0	0.0	0.0	Crowe Horwath LLP	true	true			true		Private Placements for LLC Membership Units were conducted under Rule 506(b) to accredited investors without general solicitation.
0001144204-17-063462	75 Fifth Street, NW	Suite 2170	ATLANTA	GA	30308	404-850-9225	Nick Bhargava	Other	921594.0	0.0		20120085.0		433452.0		21507228.0	16872490.0			0.0	22787493.0	-1280265.0	21507228.0	804936.0		117587.0		102471.0	-1976473.0	-1.75	-1.75	Hughes Pittman and Gupton LLP	true	true		true			Regulation A, Rule 506 of Regulation D, and Rule 506 of Regulation D, respectively.
0001214659-17-007281	1270 SE Monmouth Cutoff Road		dallas	OR	97338	650-299-1979	Fay Matsukage	Other	50000.0	0.0		0.0		97348.0		147348.0	100000.0			0.0	100000.0	47348.0	147348.0	0.0		231909.0		6052.0	-237961.0	-0.01	-0.01	BF Borgers CPA PC	true	true			true		Section 4(a)(2)
0001683168-17-003288	535 FIFTH AVE, 4TH FL.		NEW YORK	NY	10017	845-536-4861	John E. Lux, Esq.	Other	1872.0	0.0		0.0		15138.0		17011.0	2360513.0			0.0	2360516.0	-2343505.0	17011.0	0.0		705238.0		0.0	-705238.0	-0.01	-0.01		true	true		true		true	
0001640170-17-000006	2426 L'ENFANT SQUARE SE	7TH FLOOR	WASHINGTON	DC	20020	202-2363427	Tony Ramos	Other	0.0	0.0		0.0		0.0		0.0	0.0			0.0	0.0	0.0	0.0	0.0		0.0		0.0	0.0	0.0	0.0	0	true	true	false	false	true	false	Regulation A, as amended
0001640170-17-000004	2426 L'ENFANT SQUARE SE	SUITE 700	WASHINGTON	DC	20020	202-236-3427	Tony Ramos	Other	0.0	0.0		0.0		0.0		0.0	0.0			0.0	0.0	0.0	0.0	0.0		0.0		0.0	0.0	0.0	0.0		true	true	false	false	true	true	
0001493152-17-014471	59 WEST 100 SOUTH	SECOND FLOOR	SALT LAKE CITY	UT	84101	801-575-8073	Brian Lebrecht	Other	528755.0	0.0		111283.0		2048343.0		5047806.0	2057904.0			641073.0	10947823.0	-14280065.0	5047806.0	4620201.0		6107797.0		118789.0	-1882808.0	-5.38	-5.38	Sadler Gibb & Associates, LLC	true	true		true			Rule 4(a)(2), Rule 506(b)
0001721868-17-000141	5348 Vegas Drive Suite 205		Las Vegas	NV	92880	7029051212	Dr. William C. Foulk	Other	3868.0	0.0		0.0		0.0		3868.0	0.0			0.0	0.0	3868.0	3868.0	0.0		6132.0		0.0	-6132.0	0.0	0.0	AJSH & CO, LLP	true	true		true			Section 4(a)(2)
0001713621-17-000008	11264 NW 58 TERRACE		DORAL	FL	33178	6466194843	Andy Altahawi	Other	5000.0	0.0		0.0		0.0		5000.0	25000.0			0.0	25000.0	-20000.0	5000.0	0.0		0.0		0.0	0.0	0.0	0.0	n/a	true	true	false	true	false	false	Section 4(a)(2) - an issuer not involved in any public offering. All securities sold to current directors only.
0001144204-17-063013	100 Walnut St.		CHAMPLAIN	NY	12919	646-878-6672	Andrew Stephenson	Other	32330.0	0.0		0.0		0.0		403776.0	431876.0			0.0	739092.0	-335316.0	403776.0	423922.0		372489.0		0.0	-49132.0	-0.01	-0.01	dbbmckennon	true	true			true		Section 4(a)(2) of the Securities Act
0001718873-17-000006	802 East Main Street		Mountain view	AR	72560	870-269-7311	John E. Pruniski, III	Banking	2022153.0	17907590.0			164006302.0		8504089.0	201464575.0	1218565.0		158267109.0	22700000.0	182185673.0	19278902.0	201464575.0		4370992.0		1058303.0	165352.0	603369.0	0.42	0.39	S. F. Fiser & Company	true	true	false	true	false	false	See Rule 701 and Ark. Code Ann. Section 23-42-503(a)(9) and Rule 503.01(a)(9)(I) of the Rules of the Arkansas Security Exchange Commission
0001144204-17-062842	16561 N 92ND STREET	SUITE 101	SCOTTSDALE	AZ	85260	888-880-7888	Jamie Ostrow	Other	98318.0	0.0		31040.0		824066.0		1432266.0	462915.0			1073949.0	1961076.0	-528810.0	1432266.0	664499.0		105530.0		16407.0	-179261.0	0.0	0.0	Holthouse Carlin & Van Trigt LLP	true	true			true		Section 4(a)(2) of the Securities Act
0001493152-17-014337	11200 Waples Mill Road	Suite 200	Fairfax	VA	22030	703-621-5853	Magri Law, LLC/Philip Magri	Other	450787.0	0.0		9644190.0		28719.0		13943960.0	4493829.0			1610194.0	7266941.0	6677019.0	13943960.0	24034029.0		20983583.0		5421.0	365036.0	0.02	0.02	BDO USA, LLP	true	true		true		true	
0001659173-17-000554	2009 E. Windmill Lane		Las Vegas	NV	89123	702-240-0977	Bryan Clark, Esq.	Other	30278.0	0.0		0.0		0.0		30278.0	0.0			0.0	105356.0	75078.0	30278.0	0.0		124229.0		0.0	124229.0	0.0	0.0	Hall & Company Certified Public Accountants & Consultants, Inc.	true	true			true		Section 4(a)(2) of the Securities Act; Rule 506 (b)
0001144204-17-062776	121 New York Avenue		Trenton	NJ	08638	609-656-5100	Sara Hanks	Other	2918541.0	0.0		3628334.0		967539.0		7862127.0	1112889.0			497901.0	5132290.0	2729836.0	7862127.0	6502734.0		5440849.0		30257.0	647219.0	0.0	0.0	Keiter	true	true			true		Section 4(a)(2) of the Securities Act as transactions by an issuer not invloving any public offering.
0001477932-17-005952	1900 E. Golf Road	Suite 950	Schaumburg	IL	60173	888-525-0010	Randall S. Goulding, Esq.	Other	172.0	0.0		0.0		0.0		172.0	42715.0			0.0	42715.0	-42543.0	172.0	0.0		0.0		0.0	-42743.0	-0.03	-0.03	Ankit Consulting Services	true	true	false		true	false	Securities Act Section 4(a)(2) and Rule 506 thereunder.
0001640170-17-000002	2426 L'Enfant Square SE	Suite 700	WASHINGTON	DC	20020	202-236-3427	Tony Ramos	Other	0.0	0.0		0.0		0.0		0.0	0.0			0.0	0.0	0.0	0.0	0.0		0.0		0.0	0.0	0.0	0.0		true	true	false	false	true	true	
0001213900-17-012871	4502 Starkey Road	Suite 109	Roanoke	VA	24018	844-704-0525	Adrian Rich & Anthony Epps	Other	1192813.0	0.0		0.0		619271.0		5663876.0	1765172.0			3820531.0	9762613.0	-4098737.0	5663876.0	0.0		0.0		0.0	-7357904.0	-1.47	-1.47	Marcum LLP	true	true			true		The foregoing issuances were pursuant to Rule 701 or Section 4(a)(2) of the Securities Act of 1933, as amended.
0001486452-17-000006	7117 FLORIDA BOULEVARD	SUITE 203	BATON ROUGE	LA	70806	800-584-3808	Eric Newlan	Other	3923.0	0.0		0.0		1284.0		244805.0	172013.0			0.0	810297.0	-565492.0	244805.0	594.0		441321.0		0.0	-441727.0	0.0	0.0		true	true	false	true	false	false	Section 4(a)(2), Section 4(a)(2), Section 4(a)(2), Section 4(a)(1), Section 4(a)(2), Section 3(a)(10), Section 4(a)(1), Section 4(a)(2), Section 4(a)(2), Section 4(a)(2), Section 4(a)(2), Section 4(a)(2), Section 4(a)(2) and Section 4(a)(2) respectively
0001144204-17-061960	2323 ROSS AVENUE	SUITE 200	DALLAS	TX	75201	2142699500	Mark Blocher	Other	58754118.0	20807197.0		97530241.0		0.0		177415998.0	51553567.0			19910440.0	71464007.0	105951991.0	177415998.0	8443280.0		2229090.0		0.0	3413610.0	3413.61	3413.61	KPMG LLP	true	true			true	true	
0001579586-17-000002	2426 L'Enfant Square SE	7th floor	WASHINGTON	DC	20020	202-2363427	Tony Ramos	Other	0.0	0.0		0.0		0.0		0.0	0.0			0.0	0.0	0.0	0.0	0.0		0.0		0.0	0.0	0.0	0.0	0	true	true	false	false	true	false	Regulation A, as amended
0001493152-17-014057	2200 Space Park Drive	Suite 310	HOUSTON	TX	77058	732-669-1200	LAURA ANTHONY	Other	230976.0	0.0		263233.0		1674878.0		9080945.0	1899099.0			193292.0	5593562.0	3487383.0	9080945.0	3890822.0		3444776.0		167872.0	-6993155.0	-0.75	-0.75	Marcum LLP	true	true			true		The foregoing issuances were pursuant to Rule 506 of Regulation D, Section 4(2) and Rule 701 of the Securities Act of 1933, as amended, for transactions by an issuer not involving any public offering.
0001144204-17-061738	75 Fifth Street, NW	Suite 2170	ATLANTA	GA	30308	404-850-9225	Nick Bhargava	Other	921594.0	0.0		20120085.0		433452.0		21507228.0	16872490.0			0.0	22787493.0	-1280265.0	21507228.0	804936.0		117587.0		102471.0	-1976473.0	-1.75	-1.75	Hughes Pittman and Gupton LLP	true	true		true			Regulation A, Rule 506 of Regulation D, and Rule 506 of Regulation D, respectively.
0001493152-17-013975	342 N. Canon Drive		Beverly Hills	CA	90210	877-733-1830	Alkiviades (Alki) David	Other	51000.0	0.0		0.0		229000.0		1057000.0	2781000.0			0.0	4087000.0	-3303000.0	1057000.0	706000.0		572000.0		145000.0	-647000.0	-0.02	-0.02	RBSM LLP	true	true			true		Rule 506(b) of Regulation D under the Securities Act
0001717993-17-000007	5 PORTOFINO DR SUITE 2002		GULF BREEZE	FL	32561	7316162505	Andy Altahawi	Other	0.0	0.0		0.0		0.0		0.0	15000.0			0.0	15000.0	-15000.0	0.0	0.0		0.0		0.0	0.0	0.0	0.0	IndigoSpire CPA Group	true	true	false	true	false	false	Section 4(a)(2) - an issuer not involved in any public offering. All securities sold to current directors only.
0001445866-17-001723	30 N GOULD STREET STE R,		SHERIDAN	WY	82801	307-275-8228	Melandrew Santos	Other	557.0	0.0		0.0		0.0		557.0	0.0			0.0	0.0	557.0	557.0	0.0		2548.0		0.0	-2548.0	0.0	0.0		true	true	false	false	true	true	
0001477932-17-005870	8541 E. Anderson Dr.	Suite 100	Scottsdale	AZ	85255	480-861-4500	Michael Williams	Other	0.0	0.0		0.0		0.0		0.0	55320.0			0.0	55320.0	-55320.0	0.0	0.0		0.0		0.0	-55830.0	0.0	0.0	Artesian CPA	true	true	false	true		false	Section 4(2) of 1933 Act
0001654954-17-011099	55 5th Avenue	Suite 1702	New York	NY	10003	347-491-4011	Teresa Goody	Other	259249.0	0.0		30000.0		0.0		401332.0	0.0			0.0	0.0	401332.0	401332.0	0.0		51167.0		0.0	-51167.0	0.0	0.0	Rosenberg Rich Baker Berman & Company	true	true		false	true	false	Issuances in non-public transactions exempt from registration under the private offering exemption of Section 4(a)(2) of the Securities Act.
0001686327-17-000004	16500 COLLINS AVE SUITE 1652		SUNNY ISLES BEACH	FL	33160	6466940051	Andy Altahawi	Other	0.0	0.0		0.0		0.0		0.0	10000.0			5000.0	15000.0	0.0	0.0	0.0		0.0		0.0	0.0	0.0	0.0	N/A	true	true	false	true	false	false	Section 4(a)(2) - an issuer not involved in any public offering. All securities sold to current directors only.
0001144204-17-061182	3090 BRISTOL STREET		COSTA MESA	CA	92626	855-742-4862	Gregory W. Preston, Esq.	Other	1000.0	0.0		0.0		0.0		1000.0	0.0			0.0	0.0	1000.0	1000.0	0.0		0.0		0.0	0.0	0.0	0.0	Anton & Chia LLP	true	true		true			Regulation D.  Private offering of 100 shares of common stock at $10.00 per share to Rich Uncles LLC, the sponsor of the issuer.
0001640334-17-002541	201 S. 36th Street		Phoenix	AZ	85034	305-608-2362	W. Scott Lawler, Esq.	Other	385066.0	0.0		6545394.0		1874247.0		8301712.0	67441.0			10845.0	102104.0	8199608.0	8301712.0	4395230.0		2998476.0		112967.0	1210720.0	0.0	0.0	Metz & Associates, PLLC	true	true	false		true	false	Rule 506 of Regulation D. All shares were issued to the company's officers, directors and five (5) employees.
0001144204-17-061104	75 Fifth Street, NW	Suite 2170	ATLANTA	GA	30308	404-850-9225	Nick Bhargava	Other	921594.0	0.0		20120085.0		433452.0		21507228.0	16872490.0			0.0	22787493.0	-1280265.0	21507228.0	804936.0		117587.0		102471.0	-1976473.0	-1.75	-1.75		true	true		true			Regulation A, Rule 506 of Regulation D, and Rule 506 of Regulation D, respectively.
0001553350-17-001299	4400 North Federal Highway	Suite 210-12	Boca Raton	FL	33431	561-504-4299	Charles B. Pearlman, Esq.	Other	100.0	0.0		0.0		0.0		100.0	36426.0			0.0	36426.0	36326.0	100.0	0.0		36426.0		0.0	-36426.0	0.0	0.0	D'Arelli Pruzansky, P.A.	true	true			true	true	
0001437749-17-019812	601 FIGUEROA ST	SUITE 4050	LOS ANGELES	CA	90017	213-337-6784	Andre L. Ligon	Other	0.0	0.0		0.0		439160.0		439160.0	300000.0			222960.0	522960.0	83800.0	439160.0	0.0		0.0		0.0	0.0	0.0	0.0		true	true	false	true	false	true	
0001713621-17-000007	11264 NW 58 TERRACE		DORAL	FL	33178	6466194843	Andy Altahawi	Other	5000.0	0.0		0.0		0.0		5000.0	10000.0			0.0	10000.0	-5000.0	5000.0	0.0		0.0		0.0	0.0	0.0	0.0	n/a	true	true	false	true	false	false	Section 4(a)(2) - an issuer not involved in any public offering. All securities sold to current directors only.
0001144204-17-060630	1623 Central Ave Ste 201		Cheyenne	WY	82001	800-801-4703	Alastair Caithness	Other	9554.0	0.0		8794.0		2810855.0		2829203.0	3100.0			0.0	924126.0	1905077.0	2829203.0	22059.0		81215.0		0.0	-59156.0	-0.01	-0.01		true	true			true	true	
0001104659-17-070126	2245 Northwood Drive		Salisbury	MD	21801	410-548-1100	Noel Gruber	Banking	35648107.0	47814584.0			442257901.0		7595944.0	537464850.0	624109.0		442100815.0	46476786.0	489201710.0	48263140.0	537464850.0		11309735.0		1417829.0	400370.0	2165486.0	0.26	0.26	TGM Group LLC	true	true	false	true	false	true	
0001144204-17-060545	1623 Central Ave Ste 201		Cheyenne	WY	82001	800-801-4703	Alastair Caithness	Other	9554.0	0.0		8794.0		2810855.0		2829203.0	3100.0			0.0	924126.0	1905077.0	2829203.0	22059.0		81215.0		0.0	-59156.0	-0.01	-0.01		true	true			true	true	
0001717993-17-000006	5 PORTOFINO DR SUITE 2002		GULF BREEZE	FL	32561	7316162505	Andy Altahawi	Other	0.0	0.0		0.0		0.0		0.0	15000.0			0.0	15000.0	-15000.0	0.0	0.0		0.0		0.0	0.0	0.0	0.0	IndigoSpire CPA Group	true	true	false	true	false	false	Section 4(a)(2) - an issuer not involved in any public offering. All securities sold to current directors only.
0001477932-17-005751	1444 Wazee Street	Suite 350	Denver	CO	80202	800-718-2891	David Crandall, Hogan Lovells	Other	0.0	0.0		0.0		0.0		0.0	0.0			0.0	0.0	0.0	0.0	0.0		0.0		0.0	0.0	0.0	0.0	Hein & Associates LLP	true	true	false	true		false	Exempt from registration under Rule 4(a)(2) of the Securities Act; private placement to founding entity.
0001144204-17-060236	1601 CONNECTICUT AVENUE NW	STE 300	WASHINGTON	DC	20009	202-584-0550	Benjamin S. Miller	Other	704000.0	0.0		0.0		0.0		19741000.0	61000.0			0.0	2969000.0	16772000.0	19741000.0	395000.0		0.0		0.0	124000.0	0.0	0.0	RSM US LLP	true	true		true			Our sponsor and its affiliate have purchased 10,000 common shares for a purchase price of $100,000 in a private offering. Such issuance was exempt from the registration requirements of the Securities Act pursuant to Section 4(a)(2) thereof.
0001144204-17-060243	1601 CONNECTICUT AVENUE NW	STE 300	WASHINGTON	DC	20009	202-584-0550	Benjamin S. Miller	Other	7040000.0	0.0		0.0		0.0		19868000.0	60000.0			0.0	1690000.0	18178000.0	19868000.0	459000.0		0.0		0.0	277000.0	0.0	0.0	RSM US LLP	true	true		true			Our sponsor and its affiliate have purchased 10,000 common shares for a purchase price of $100,000 in a private offering. Such issuance was exempt from the registration requirements of the Securities Act pursuant to Section 4(a)(2) thereof.
0001144204-17-060249	1601 CONNECTICUT AVENUE NW	STE 300	WASHINGTON	DC	20009	202-584-0550	Benjamin S. Miller	Other	9788000.0	0.0		0.0		0.0		17972000.0	67000.0			0.0	1753000.0	16219000.0	17972000.0	219000.0		0.0		0.0	34000.0	0.0	0.0	RSM US LLP	true	true		true			Our sponsor and its affiliate have purchased 10,000 common shares for a purchase price of $100,000 in a private offering. Such issuance was exempt from the registration requirements of the Securities Act pursuant to Section 4(a)(2) thereof.
0001387131-17-005612	555 Madison Avenue	6th Floor	New York	NY	10022	212-692-5540	Evan Hudson	Other	950.0	0.0		0.0		0.0		84479.0	0.0			0.0	83529.0	950.0	84479.0	0.0		0.0		0.0	50.0	0.0	0.0	Artesian CPA, LLC	true	true			true		Commencement Capital LLC has purchased 100 common shares for a purchase price of $1,000 in a private offering. Such issuance was exempt from the registration requirements of the Securities Act pursuant to Section 4(a)(2) thereof.
0001264931-17-000102	10219 SE LENNARD ROAD		PORT ST. LUCIE	FL	34952	772-335-5550	AUSTIN LEGAL GROUP	Other	1284.0	0.0		0.0		0.0		133784.0	395256.0			0.0	786766.0	-652982.0	133784.0	1400.0		16100.0		20921.0	-537078.0	0.0	0.0		true	true		true			Section 4(2) of the Securities Act.
0001698370-17-000017	100 KALAMALKA LAKE ROAD	UNIT 32	VERNON	A1	V1T 9G1	778-389-9933	Alixe Cormick	Other	2662009.0	50.0		2662059.0		15583.0		2807637.0	218574.0			54502.0	551781.0	2255856.0	2807637.0	294244.0		168030.0		56974.0	-1505621.0	-0.03	-0.03	Davidson & Company LLP	true	true	false	false	false	false	Regulation S - All sales were made to non-American residents.
0001477932-17-005695	496 Delaney Ave	Ste 408	Orlando	FL	32801	866-500-4500	Jillian Sidoti	Other	10000.0	0.0		0.0		0.0		10000.0	0.0			0.0	0.0	10000.0	10000.0	0.0		0.0		0.0	0.0	0.0	0.0	Spiegel Accountancy Corp.	true	true	false	true		true	
0001493152-17-013495	11200 Waples Mill Road	Suite 200	Fairfax	VA	22030	703-621-5853	Magri Law, LLC/Philip Magri	Other	450787.0	0.0		9644190.0		28719.0		13943960.0	4493829.0			1610194.0	7266941.0	6677019.0	13943960.0	24034029.0		20983583.0		5421.0	365036.0	0.02	0.02	BDO USA, LLP	true	true		true		true	
0001722266-17-000001	9050 N. Capital of Texas Highway	Suite 320	Austin	TX	78759	512-872-2898	Terrence Griffiths	Other	0.0	0.0		0.0		0.0		0.0	0.0			0.0	0.0	0.0	0.0	0.0		0.0		0.0	0.0	0.0	0.0	Cohn Reznick	true	true	false	true	false	true	
0001104659-17-069431	333 E. Butterfield Rd	Suite 400	Lombard	IL	60148	630-874-0700	Thomas A. Monson, Esq.	Other	14253000.0	0.0		75443000.0		165776000.0		482487000.0	73863000.0			267372000.0	440577000.0	41910000.0	482487000.0	98440000.0		81434000.0		11676000.0	2027000.0	0.06	0.06	Grant Thornton LLP	true	true	false	true	false	false	Section 4(a)(2).  Shares issued privately to Chief Executive Officer upon exercise of stock options.
0001144204-17-059765	121 New York Avenue		Trenton	NJ	08638	609-656-5100	Sara Hanks	Other	2918541.0	0.0		36283344.0		967539.0		7862127.0	1112889.0			497901.0	5132290.0	2729836.0	7862127.0	6502734.0		5440849.0		30257.0	647219.0	0.0	0.0	Keiter	true	true			true		Section 4(a)(2) of the Securities Act as transactions by an issuer not invloving any public offering.
0001477932-17-005671	1444 Wazee Street	Suite 350	Denver	CO	80202	800-718-2891	David Crandall, Hogan Lovells	Other	0.0	0.0		0.0		0.0		0.0	0.0			0.0	0.0	0.0	0.0	0.0		0.0		0.0	0.0	0.0	0.0	Hein & Associates LLP	true	true	false	true		false	Exempt from registration under Rule 4(a)(2) of the Securities Act; private placement to founding entity.
0001144204-17-059738	6340 SOUTH 3000 EAST	SUITE 500	SALT LAKE CITY	UT	84121	801-278-0700	David Roberts	Other	10000.0	0.0		0.0		0.0		10000.0	0.0			0.0	0.0	10000.0	10000.0	0.0		0.0		0.0	0.0	0.0	0.0	Ernst & Young LLP	true	true	true		true		Section 4(a)(2) of the Securities Act
0001213900-17-012233	4502 Starkey Road	Suite 109	Roanoke	VA	24018	844-704-0525	Adrian Rich & Anthony Epps	Other	1192813.0	0.0		0.0		619271.0		5663876.0	1765172.0			3820531.0	9762613.0	-4098737.0	5663876.0	0.0		0.0		0.0	-7357904.0	-1.47	-1.47	Marcum LLP	true	true			true		The foregoing issuances were pursuant to Rule 701 or Section 4(a)(2) of the Securities Act of 1933, as amended.
0001493152-17-013381	2200 Space Park Drive	Suite 310	HOUSTON	TX	77058	732-669-1200	LAURA ANTHONY	Other	230976.0	0.0		263233.0		1674878.0		9080945.0	1899099.0			193292.0	5593562.0	3487383.0	9080945.0	3890822.0		3444776.0		167872.0	-6993155.0	-0.75	-0.75	Marcum LLP	true	true			true		The foregoing issuances were pursuant to Rule 506 of Regulation D, Section 4(2) and Rule 701 of the Securities Act of 1933, as amended, for transactions by an issuer not involving any public offering.
0001493152-17-013386	2100 ShantiNiketan Blvd		Tavares	FL	32778	352-508-7060	LAURA ANTHONY	Other	25100.0	0.0		0.0		0.0		25100.0	12550.0			0.0	12550.0	12550.0	25100.0	0.0		12450.0		0.0	-12450.0	0.0	0.0	Salberg & Company, P.A.	true	true		true			Section 4(a)(2) of the Securities Act of 1933, as amended for transactions by an issuer not involving any public offering.
0001104659-17-068578	96 Spring St.	6th Floor	New York	NY	10012	646-780-5451	Stephane De Baets	Other	5356885.0	0.0		687077.0		96699926.0		106481347.0	4403672.0			119374832.0	126366415.0	-19885068.0	106481347.0	34933207.0		16822604.0		3786012.0	162963.0	0.0	0.0	Grant Thornton LLP	true	true	false	false	true	false	Section 4(a)(2) of the Securities Act as a transaction by an issuer not involving a public offering
0001104659-17-068403	319 South Sheridan Boulevard		Lakewood	CO	80226	303-209-8600	Christian E. Otteson	Banking	3748505.0	38297094.0			114671262.0		1512316.0	167633892.0	357085.0		134775383.0	7400000.0	143496068.0	24137824.0	167633892.0		4548515.0		1056227.0	89217.0	788326.0	0.29	0.29	Eide Bailly LLP	true	true	false	true	false	false	Rule 701 under the Securities Act of 1933, as amended.
0001721868-17-000042	5348 Vegas Drive Suite 205		Las Vegas	NV	92880	7029051212	Dr. William C. Foulk	Other	3868.0	0.0		0.0		0.0		3868.0	0.0			0.0	0.0	3868.0	3868.0	0.0		6132.0		0.0	-6132.0	0.0	0.0	AJSH & CO, LLP	true	true		true			Section 4(a)(2)
0001698370-17-000016	100 KALAMALKA LAKE ROAD	UNIT 32	VERNON	A1	V1T 9G1	778-389-9933	Alixe Cormick	Other	2662009.0	50.0		2662059.0		15583.0		2807637.0	218574.0			54502.0	551781.0	2255856.0	2807637.0	294244.0		168030.0		56974.0	-1505621.0	-0.03	-0.03	Davidson & Company LLP	true	true	false	false	false	false	Regulation S - All sales were made to non-American residents.
0001104659-17-067675	96 Spring St.	6th Floor	New York	NY	10012	646-780-5451	Stephane De Baets	Other	5356885.0	0.0		687077.0		96699926.0		106481347.0	4403672.0			119374832.0	126366415.0	-19885068.0	106481347.0	34933207.0		16822604.0		3786012.0	162963.0	0.0	0.0	Grant Thornton LLP	true	true	false	false	true	false	Section 4(a)(2) of the Securities Act as a transaction by an issuer not involving a public offering
0001615774-17-006452	5000 W. Tilghman Street, Suite 249		Allentown	PA	18104-9109	484-712-7372	Melissa L. Lucar - Geraci Law	Other	1000.0	0.0		0.0		0.0		1000.0	0.0			0.0	0.0	1000.0	1000.0	0.0		0.0		0.0	0.0	0.0	0.0	Spiegel Accountancy Corporation	true	true	false	true	false	false	Notes Payable offered by Conquest Funding, Inc., a Pennsylvania corporation. Offering exempt from registration under Regulation D Rule 506(b).
0001717993-17-000005	5 PORTOFINO DR SUITE 2002		GULF BREEZE	FL	32561	7316162505	Andy Altahawi	Other	0.0	0.0		0.0		0.0		0.0	15000.0			0.0	15000.0	-15000.0	0.0	0.0		0.0		0.0	0.0	0.0	0.0	IndigoSpire CPA Group	true	true	false	true	false	false	Section 4(a)(2) - an issuer not involved in any public offering. All securities sold to current directors only.
0001703732-17-000005	5415 W. CEDAR LANE		BETHESDA	MD	20814	6104539079	Kendall Almerico	Other	100.0	0.0		0.0		0.0		100.0	14620.0			440900.0	455520.0	-455420.0	100.0	0.0		455520.0		0.0	455520.0	0.0	0.0	IndigoSpire CPA Group, LLC	true	true	true	false	true	true	
0001477932-17-005450	1900 E. Golf Road	Suite 950	Schaumburg	IL	60173	888-525-0010	Randall S. Goulding, Esq.	Other	172.0	0.0		0.0		0.0		172.0	42715.0			0.0	42715.0	-42543.0	172.0	0.0		0.0		0.0	-42743.0	-0.03	-0.03	Ankit Consulting Services	true	true	false		true	false	Securities Act Section 4(a)(2) and Rule 506 thereunder.
0001713621-17-000005	11264 NW 58 TERRACE		DORAL	FL	33178	6466194843	Andy Altahawi	Other	5000.0	0.0		0.0		0.0		5000.0	10000.0			0.0	10000.0	-5000.0	5000.0	0.0		0.0		0.0	0.0	0.0	0.0	n/a	true	true	false	true	false	false	Section 4(a)(2) - an issuer not involved in any public offering. All securities sold to current directors only.
0001213900-17-011633	2407 Columbia Pike, Suite 200		Arlington	VA	22204	703-920-2200	Markley S. Roderick, Esq.	Other	0.0	0.0		0.0		0.0		80984.0	89048.0			0.0	89048.0	-8064.0	80984.0	0.0		0.0		0.0	-5050.0	-25.25	-25.25	Artesian CPA, LLC	true	true		true		true	
0001477932-17-005429	1444 Wazee Street	Suite 350	Denver	CO	80202	800-718-2891	David Crandall, Hogan Lovells	Other	0.0	0.0		0.0		0.0		0.0	0.0			0.0	0.0	0.0	0.0	0.0		0.0		0.0	0.0	0.0	0.0	Hein & Associates LLP	true	true	false	true		false	Exempt from registration under Rule 4(a)(2) of the Securities Act; private placement to founding entity.
0001654954-17-010145	1819 Main Street	Suite 212	Sarasota	FL	34236	941-955-7900	T. Rhys James	Other	1716644.0	0.0		628636.0		56771654.0		62781338.0	6642271.0			40241084.0	46883355.0	15897983.0	62781338.0	1338324.0		1354891.0		0.0	-554803.0	-0.88	-0.88	N/A	true	true		false	true	false	For the above issuances, our company relied on the private placement exemption found in Section 4(a)(2) of the Securities Act of 1933. There was no public solicitation with respect to this issuance.
0001144204-17-056788	75 Fifth Street, NW	Suite 2170	ATLANTA	GA	30308	404-850-9225	Nick Bhargava	Other	921594.0	0.0		20120085.0		433452.0		21507228.0	16872490.0			0.0	22787493.0	-1280265.0	21507228.0	804936.0		117587.0		102471.0	-1976473.0	-1.75	-1.75		true	true		true			Regulation A, Rule 506 of Regulation D, and Rule 506 of Regulation D, respectively.
0001144204-17-056332	11 Cypress Point		Amarillo	TX	79124-4910	619-616-3149	Carlos Arreola	Other	64348.0	0.0		0.0		0.0		64348.0	2583.0			0.0	2583.0	61765.0	64348.0	0.0		171815.0		0.0	-171815.0	0.0	0.0		true	true			true	true	
0001699683-17-000037	16-017, 85 BROAD STREET		NEW YORK	NY	10004	9088640096	Andy Altahawi/Adamson Brothers	Other	75.0	0.0		298786.0		0.0		298861.0	280952.0			12000.0	293827.0	5034.0	298861.0	298786.0		280952.0		12000.0	17834.0	0.0	0.0	AJSH & Co LLP	true	true	false	true	false	false	Section 4(a)(2) - an issuer not involved in any public offering. All securities sold to current directors only.
0001104659-17-066044	333 E. Butterfield Rd	Suite 400	Lombard	IL	60148	630-874-0700	Thomas A. Monson, Esq.	Other	14253000.0	0.0		75443000.0		165776000.0		482487000.0	73863000.0			267372000.0	440577000.0	41910000.0	482487000.0	98440000.0		81434000.0		11676000.0	2027000.0	0.06	0.06	Grant Thornton LLP	true	true	false	true	false	false	Section 4(a)(2).  Shares issued privately to Chief Executive Officer upon exercise of stock options.
0001681287-17-000015	616 CORPORATE WAY, SUITE 2-6564,		VALLEY COTTAGE	NY	10989	845-510-5888	Andy Altahawi	Other	127192.38	0.0		0.0		290000.0		417192.38	13347.23			20188.0	33535.23	383657.15	417192.38	124657.3		4485.27		0.0	120172.03	0.0	0.0	N/A	true	true	false	false	true	false	Section 4(a)(2) and sections 4(a)(6) and 4A of the Securities Act of 1933 and Crowdfunding 227.100-503) and
0001144204-17-056033	75 Fifth Street, NW	Suite 2170	ATLANTA	GA	30308	404-850-9225	Nick Bhargava	Other	921594.0	0.0		20120085.0		433452.0		21507228.0	16872490.0			0.0	22787493.0	-1280265.0	21507228.0	804936.0		117587.0		102471.0	-1976473.0	-1.75	-1.75	Hughes Pittman and Gupton LLP	true	true		true			Regulation A, Rule 506 of Regulation D, and Rule 506 of Regulation D, respectively.
0001019056-17-000737	120 WALL STREET	25TH FLOOR	NEW YORK	NY	10005	212-269-1400	Andrew Russell	Other	10000.0	0.0		0.0		0.0		10000.0	2500.0			0.0	2500.0	10821.0	10000.0	0.0		0.0		0.0	0.0	0.0	0.0	Lipner, Sofferman & Co., LLP	true	true		true			Securities Act Section 4(a)(2)
0001486452-17-000004	7117 Florida Boulevard	Suite 203	Baton Rouge	LA	70806	800-584-3808	Eric Newlan	Other	2654.0	0.0		0.0		1284.0		18656.0	235279.0			0.0	582563.0	-563907.0	18656.0	480.0		256966.0		0.0	-256486.0	0.0	0.0		true	true	false	true	false	false	Section 4(a)(2), Section 4(a)(2), Section 4(a)(2), Section 4(a)(1), Section 4(a)(2), Section 3(a)(10), Section 4(a)(1), Section 4(a)(2), Section 4(a)(2) and Section 4(a)(2), respectively
0001019056-17-000732	120 WALL STREET	25TH FLOOR	NEW YORK	NY	10005	212-269-1400	Andrew Russell	Other	10000.0	0.0		0.0		0.0		10000.0	2500.0			0.0	2500.0	10821.0	10000.0	0.0		0.0		0.0	0.0	0.0	0.0	Lipner, Sofferman & Co., LLP	true	true		true			Securities Act Section 4(a)(2)
0001445866-17-001505	30 N Gould Street Ste R,		Sheridan	WY	82801	307-275-8228	Melandrew Santos	Other	557.0	0.0		0.0		0.0		557.0	0.0			0.0	0.0	557.0	557.0	0.0		2548.0		0.0	-2548.0	0.0	0.0		true	true	false	false	true	true	
0001144204-17-055180	1035 Cambridge Street	Suite 1	Cambridge	MA	02141	857-264-0975	Andrew Stephenson, Esq.	Other	100.0	0.0		0.0		0.0		100.0	21128.0			0.0	21128.0	21028.0	100.0	0.0		0.0		0.0	-27896.0	0.0	0.0	Artesian CPA, LLC	true	true				true	
0001716949-17-000006	289 JONESBORO RD,		MCDONOUGH	GA	30253	678-458-1671	Andy Altahawi	Other	10104.0	0.0		0.0		0.0		10104.0	28104.0			20000.0	48104.0	0.0	10104.0	0.0		0.0		0.0	0.0	0.0	0.0	Ankit Consulting Services Inc.	true	true	false	true	false	false	Section 4(a)(2) - an issuer not involved in any public offering. All securities sold to current directors only.
0001703732-17-000003	5415 W. CEDAR LANE		BETHESDA	MD	20814	6104539079	Kendall Almerico	Other	100.0	0.0		0.0		0.0		100.0	14620.0			440900.0	455520.0	-455420.0	100.0	0.0		455520.0		0.0	455520.0	0.0	0.0	IndigoSpire CPA Group, LLC	true	true	true	false	true	true	
0001567619-17-002265	5005 RIVERWAY DRIVE, SUITE 160		HOUSTON	TX	77056	469-440-8868	DEAN M. COLUCCI, DUANE MORRIS	Other	796531.0	250000.0		184421.0		4241951.0		6692798.0	6876452.0			0.0	6876452.0	-183654.0	6692798.0	0.0		2013859.0		2151.0	-2252072.0	-2.25	-2.25	BDO USA, LLP	true	true	false	false	true	false	Section 4(a)(2); Rule 506.
0001214659-17-006247	1270 SE Monmouth Cutoff Road		dallas	OR	97338	650-299-1979	Fay Matsukage	Other	50000.0	0.0		0.0		97348.0		147348.0	100000.0			0.0	100000.0	47348.0	147348.0	0.0		231909.0		6052.0	-237961.0	-0.01	-0.01	BF Borgers CPA PC	true	true			true		Section 4(a)(2)
0001144204-17-054870	75 Fifth Street, NW	Suite 2170	ATLANTA	GA	30308	404-850-9225	Brian S. Korn, Esq.	Other	921594.0	0.0		20120085.0		433452.0		21507228.0	16872490.0			0.0	22787493.0	-1280265.0	21507228.0	804936.0		117587.0		102471.0	-1976473.0	-1.75	-1.75	Hughes Pittman and Gupton LLP	true	true		true			Regulation A, Rule 506 of Regulation D, and Rule 506 of Regulation D, respectively.
0001718873-17-000003	802 East Main Street		Mountain view	AR	72560	870-269-7311	John E. Pruniski, III	Banking	2276432.0	17225426.0			168982694.0		8724912.0	204246625.0	1179617.0		164396383.0	19200000.0	184776000.0	19470625.0	204246625.0		5699155.0		1273664.0	165352.0	806787.0	0.56	0.52	S. F. Fiser & Company	true	true	false	true	false	false	See Rule 701 and Ark. Code Ann. Section 23-42-503(a)(9) and Rule 503.01(a)(9)(I) of the Rules of the Arkansas Security Exchange Commission
0001104659-17-064566	319 South Sheridan Boulevard		Lakewood	CO	80226	303-209-8600	Christian E. Otteson	Banking	3748505.0	38297094.0			114671262.0		1512316.0	167633892.0	357085.0		134775383.0	7400000.0	143496068.0	24137824.0	167633892.0		4548515.0		1056227.0	89217.0	788326.0	0.29	0.29	Eide Bailly LLP	true	true	false	true	false	true	
0001144204-17-054591	100 Walnut St.		CHAMPLAIN	NY	12919	646-878-6672	Andrew Stephenson	Other	32330.0	0.0		0.0		0.0		403776.0	431876.0			0.0	739092.0	-335316.0	403776.0	423922.0		372489.0		0.0	-49132.0	-0.01	-0.01	dbbmckennon	true	true			true		Section 4(a)(2) of the Securities Act
0001717993-17-000003	5 PORTOFINO DR SUITE 2002		GULF BREEZE	FL	32561	7316162505	Andy Altahawi	Other	0.0	0.0		0.0		0.0		0.0	15000.0			0.0	15000.0	-15000.0	0.0	0.0		0.0		0.0	0.0	0.0	0.0	IndigoSpire CPA Group	true	true	false	true	false	false	Section 4(a)(2) - an issuer not involved in any public offering. All securities sold to current directors only.
0001477932-17-005267	1444 Wazee Street	Suite 350	Denver	CO	80202	800-718-2891	David Crandall, Hogan Lovells	Other	0.0	0.0		0.0		0.0		0.0	0.0			0.0	0.0	0.0	0.0	0.0		0.0		0.0	0.0	0.0	0.0	Hein & Associates LLP	true	true	false	true		false	Exempt from registration under Rule 4(a)(2) of the Securities Act; private placement to founding entity.
0001193125-17-320687	1133 Columbia Street #205		San Diego	CA	92101	619-431-1567	Amit Singh, Esq.	Other	67931.0	0.0		17898.0		54438.0		497510.0	779846.0			1112077.0	2284766.0	0.0	497510.0	441694.0		424583.0		10412.0	0.0	0.0	0.0	PKF, LLP	true	true	false	true		false	The Company relied on Rule 701 promulgated under the Securities Act of 1933, as amended, in connection with the issuance of options to purchase common stock to then-current service providers of the Company.
0001698370-17-000014	100 KALAMALKA LAKE ROAD	UNIT 32	VERNON	A1	V1T 9G1	778-389-9933	Alixe Cormick	Other	2662009.0	50.0		2662059.0		15583.0		2807637.0	218574.0			54502.0	551781.0	2255856.0	2807637.0	294244.0		168030.0		56974.0	-1505621.0	-0.03	-0.03	Davidson & Company LLP	true	true	false	false	false	false	Regulation S - All sales were made to non-American residents.
0001144204-17-054022	1623 Central Ave Ste 201		Cheyenne	WY	82001	800-801-4703	Alastair Caithness	Other	9554.0	0.0		8794.0		2810855.0		2829203.0	3100.0			0.0	924126.0	1905077.0	2829203.0	22059.0		81215.0		0.0	-59156.0	-0.01	-0.01		true	true			true	true	
0001477932-17-005191	1444 Wazee Street	Suite 350	Denver	CO	80202	800-718-2891	David Crandall, Hogan Lovells	Other	0.0	0.0		0.0		0.0		0.0	0.0			0.0	0.0	0.0	0.0	0.0		0.0		0.0	0.0	0.0	0.0	Hein & Associates LLP	true	true	false	true		false	Exempt from registration under Rule 4(a)(2) of the Securities Act; private placement to founding entity.
0001144204-17-053556	75 Fifth Street, NW	Suite 2170	ATLANTA	GA	30308	404-850-9225	Nick Bhargava	Other	921594.0	0.0		20120085.0		433452.0		21507228.0	16872490.0			0.0	22787493.0	-1280265.0	21507228.0	804936.0		117587.0		102471.0	-1976473.0	-1.75	-1.75		true	true		true			Regulation A, Rule 506 of Regulation D, and Rule 506 of Regulation D, respectively.
0001654954-17-009626	4521 SHARON ROAD	SUITE 407	CHARLOTTE	NC	28211	704-445-5800	BRIAN A. PEARLMAN, ESQ.	Other	398350.0	1387000.0		432719.0		149148.0		5097622.0	556272.0			0.0	657855.0	4439767.0	5097622.0	3395387.0		822556.0		0.0	-1127608.0	-0.34	-0.34	CHERRY BEKAERT LLP	true	true		false	true	false	private transaction exempt from registration in reliance on Section 4(a)(2)
0001567619-17-002219	5005 RIVERWAY DRIVE, SUITE 160		HOUSTON	TX	77056	469-440-8868	DEAN M. COLUCCI, DUANE MORRIS	Other	796531.0	250000.0		184421.0		4241951.0		6692798.0	6876452.0			0.0	6876452.0	-183654.0	6692798.0	0.0		2013859.0		2151.0	-2252072.0	-2.25	-2.25	BDO USA, LLP	true	true	false	false	true	false	Section 4(a)(2); Rule 506.
0001642079-17-000014	232 UNION BLVD		TOTOWA	NJ	07512	973-595-7775	Wilson X Bezerra	Other	177.0	0.0		0.0		0.0		177.0	0.0			20795.0	20795.0	-20618.0	177.0	0.0		0.0		0.0	0.0	0.0	0.0	PK Ramachandran	true	true	false	false	false	true	
0001683168-17-002703	116 LAKEWOOD DRIVE		THOMASVILLE	GA	31792	229-224-8636	John Lux	Other	5866.0	0.0		1296.0		3523086.0		3620248.0	579350.0			2542500.0	3121850.0	498398.0	3620248.0	109444.0		344473.0		20634.0	-255623.0	0.0	0.0		true	true	true	true			Section 4(2) Securities Act and Rules promulgated thereunder.
0001659173-17-000466	2009 E. Windmill Lane		Las Vegas	NV	89123	702-240-0977	Bryan Clark, Esq.	Other	30278.0	0.0		0.0		0.0		30278.0	0.0			0.0	105536.0	0.0	30278.0	0.0		124229.0		0.0	124229.0	0.0	0.0	Hall & Company Certified Public Accountants & Consultants, Inc.	true	true			true		Section 4(a)(2) of the Securities Act; Rule 506 (b)
0001716949-17-000004	289 JONESBORO RD,		MCDONOUGH	GA	30253	678-458-1671	Andy Altahawi	Other	10104.0	0.0		0.0		0.0		10104.0	28104.0			20000.0	48104.0	0.0	10104.0	0.0		0.0		0.0	0.0	0.0	0.0	Ankit Consulting Services Inc.	true	true	false	true	false	false	Section 4(a)(2) - an issuer not involved in any public offering. All securities sold to current directors only.
0001144204-17-052996	75 Fifth Street, NW	Suite 2170	ATLANTA	GA	30308	404-850-9225	Nick Bhargava	Other	921594.0	0.0		20120085.0		433452.0		21507228.0	16872490.0			0.0	22787493.0	-1280265.0	21507228.0	804936.0		117587.0		102471.0	-1976473.0	-1.75	-1.75	Hughes Pittman and Gupton LLP	true	true		true			Regulation A, Rule 506 of Regulation D, and Rule 506 of Regulation D, respectively.
0001477932-17-005129	1444 Wazee Street	Suite 350	Denver	CO	80202	800-718-2891	David Crandall, Hogan Lovells	Other	0.0	0.0		0.0		0.0		0.0	0.0			0.0	0.0	0.0	0.0	0.0		0.0		0.0	0.0	0.0	0.0	Hein & Associates LLP	true	true	false	true		false	Exempt from registration under Rule 4(a)(2) of the Securities Act; private placement to founding entity.
0001642079-17-000013	232 UNION BLVD		TOTOWA	NJ	07512	973-595-7775	Wilson X Bezerra	Other	177.0	0.0		0.0		0.0		177.0	0.0			20795.0	20795.0	-20618.0	177.0	0.0		0.0		0.0	0.0	0.0	0.0	PK Ramachandran	true	true	false	false	false	true	
0001493152-17-011750	9720 Wilshire Blvd., Suite 500	Attn: Andrew Wiederhorn (CEO)	Beverly Hills	CA	90212	310-402-0600	Allen Sussman, Esq.	Other	0.0	0.0		12237000.0		0.0		22108000.0	3999000.0			0.0	6830000.0	15278000.0	22108000.0	10061000.0		3595000.0		0.0	4204000.0	0.0	0.0	Hutchinson & Bloodgood LLP	true	true			true	true	
0001683168-17-002684	564 STEVENS AVENUE		SOLANA BEACH	CA	92075	858-225-8998	Jeanne Campanelli	Other	1105593.0	0.0		27937.0		352870.0		3071248.0	840352.0			2546548.0	4228385.0	-1157137.0	3071248.0	3965211.0		1845265.0		94477.0	-1253338.0	-0.14	-0.14	dbbmckennon	true	true			true		Regulation Crowdfunding of the Securities Act.
0001493152-17-011736	7970 S. KYRENE ROAD		TEMPE	AZ	85284	480-968-1488	LAURA ANTHONY	Other	4283216.0	0.0		3725431.0		746289.0		14749739.0	604598.0			122777.0	4704060.0	10045679.0	14749739.0	9460852.0		3280412.0		117108.0	2049979.0	0.13	0.12	Friedman LLP	true	true			true		Section 4(a)(2) of the Securities Act of 1933, as amended for transactions by an issuer not involving any public offering.
0001567619-17-002194	5005 RIVERWAY DRIVE, SUITE 160		HOUSTON	TX	77056	469-440-8868	DEAN M. COLUCCI, DUANE MORRIS	Other	796531.0	250000.0		184421.0		4241951.0		6692798.0	6876452.0			0.0	6876452.0	-183654.0	6692798.0	0.0		2013859.0		2151.0	-2252072.0	-2.25	-2.25	BDO USA, LLP	true	true	false	false	true	false	Section 4(a)(2); Rule 506.
0001144204-17-052599	1035 Cambridge Street	Suite 1	Cambridge	MA	02141	857-264-0975	Andrew Stephenson, Esq.	Other	0.0	0.0		0.0		0.0		0.0	0.0			0.0	0.0	0.0	0.0	0.0		0.0		0.0	0.0	0.0	0.0	Artesian CPA, LLC	true	true				true	
0001144204-17-052554	11 Cypress Point		Amarillo	TX	79124-4910	619-616-3149	Carlos Arreola	Other	64348.0	0.0		0.0		0.0		64348.0	2583.0			0.0	2583.0	61765.0	64348.0	0.0		171815.0		0.0	-171815.0	0.0	0.0		true	true			true	true	
0001642079-17-000012	232 UNION BLVD		TOTOWA	NJ	07512	973-595-7775	Wilson X Bezerra	Other	177.0	0.0		0.0		0.0		177.0	0.0			20795.0	20795.0	-20618.0	177.0	0.0		0.0		0.0	0.0	0.0	0.0	PK Ramachandran	true	true	false	false	false	true	
0001642079-17-000011	232 UNION BLVD		TOTOWA	NJ	07512	973-595-7775	Wilson X Bezerra	Other	177.0	0.0		0.0		0.0		177.0	0.0			20795.0	20795.0	-20618.0	177.0	0.0		0.0		0.0	0.0	0.0	0.0	PK Ramachandran	true	true	false	false	false	true	
0001144204-17-052495	1601Connecticut Avenue, NW	Suite 300	WASHINGTON	DC	20009	202-584-0550	Benjamin S. Miller	Other	1566000.0	0.0		1000.0		0.0		49373000.0	84000.0			0.0	7882000.0	41491000.0	49373000.0	261000.0		346000.0		0.0	-85000.0	-0.02	-0.02	RSM US LLP	true	true		true		true	
0001193125-17-310091	1133 Columbia Street #205		San Diego	CA	92101	619-431-1567	Amit Singh, Esq.	Other	67931.0	0.0		17898.0		54438.0		497510.0	779846.0			1112077.0	2284766.0	0.0	497510.0	441694.0		424583.0		10412.0	0.0	0.0	0.0	PKF, LLP	true	true	false	true		false	The Company relied on Rule 701 promulgated under the Securities Act of 1933, as amended, in connection with the issuance of options to purchase common stock to then-current service providers of the Company.
0001477932-17-005041	1900 E. Golf Road	Suite 950	Schaumburg	IL	60173	888-525-0010	Randall S. Goulding, Esq.	Other	172.0	0.0		0.0		0.0		172.0	42715.0			0.0	42715.0	-42543.0	172.0	0.0		0.0		0.0	-42743.0	-0.03	-0.03	Ankit Consulting Services	true	true	false		true	false	Securities Act Section 4(a)(2) and Rule 506 thereunder.
0001144204-17-052465	75 Fifth Street, NW	Suite 2170	ATLANTA	GA	30308	404-850-9225	Nick Bhargava	Other	921594.0	0.0		20120085.0		433452.0		21507228.0	16872490.0			0.0	22787493.0	-1280265.0	21507228.0	804936.0		117587.0		102471.0	-1976473.0	-1.75	-1.75	Hughes Pittman and Gupton LLP	true	true		true			Regulation A, Rule 506 of Regulation D, and Rule 506 of Regulation D, respectively.
0001144204-17-052388	1938-C COLUMBIA AVENUE, BOX 670		Rossland	A1	V0G 1Y0	250-362-7384	Jeffrey Marks	Other	912578.0	0.0		332670.0		9151761.0		23463426.0	636910.0			28844066.0	30502966.0	7039540.0	23463426.0	6532166.0		5831694.0		653882.0	3880346.0	-1.24	-0.56	HRP CPAs	true	true		true			Securities were sold under applicable Canadian law exemptions.
0001642079-17-000010	232 UNION BLVD		TOTOWA	NJ	07512	973-595-7775	Wilson X Bezerra	Other	177.0	0.0		0.0		0.0		177.0	0.0			20795.0	20795.0	-20618.0	177.0	0.0		0.0		0.0	0.0	0.0	0.0	PK Ramachandran	true	true	false	false	false	true	
0001654954-17-009364	4521 SHARON ROAD	SUITE 407	CHARLOTTE	NC	28211	704-445-5800	BRIAN A. PEARLMAN, ESQ.	Other	398350.0	1387000.0		432719.0		149148.0		5097622.0	556272.0			0.0	657855.0	4439767.0	5097622.0	3395387.0		822556.0		0.0	-1127608.0	-0.34	-0.34	CHERRY BEKAERT LLP	true	true		false	true	false	private transaction exempt from registration in reliance on Section 4(a)(2)
0001477932-17-004993	1444 Wazee Street	Suite 350	Denver	CO	80202	800-718-2891	David Crandall, Hogan Lovells	Other	0.0	0.0		0.0		0.0		0.0	0.0			0.0	0.0	0.0	0.0	0.0		0.0		0.0	0.0	0.0	0.0	Hein & Associates LLP	true	true	false	true		false	Exempt from registration under Rule 4(a)(2) of the Securities Act; private placement to founding entity.
0001144204-17-052044	75 Fifth Street, NW	Suite 2170	ATLANTA	GA	30308	404-850-9225	Nick Bhargava	Other	1221594.0	0.0		20935841.0		433452.0		24017965.0	18944709.0			0.0	25282441.0	-1264476.0	24017965.0	804936.0		117587.0		115546.0	-1963112.0	-1.73	-1.73		true	true		true			Regulation A, Rule 506 of Regulation D, and Rule 506 of Regulation D, respectively.
0001079973-17-000584	8085 S. CHESTER STREET, SUITE 108		CENTENNIAL	CO	80112	855-422-8283	Todd Kannegieter	Other	144530.0	0.0		1918434.0		277403.0		2527477.0	2157864.0			445000.0	3022426.0	-494949.0	2527477.0	8897092.0		-6624066.0		0.0	-2298828.0	-0.04	-0.04	N/A	true	true	false	true	false	false	Regulation S, Rule 903
0001078782-17-001363	13702 B. Street		Omaha	NE	68144	704-314-4955	Frank J. Hariton	Other	0.0	0.0		0.0		0.0		0.0	0.0			0.0	0.0	0.0	0.0	0.0		850.0		0.0	-850.0	0.0	0.0	Thayer ONeal Company LLC	true	true	false	false	true	false	Section 4(2) of 1933 Act
0001615774-17-005658	5000 W. Tilghman Street, Suite 249		Allentown	PA	18104-9109	484-712-7372	Melissa L. Lucar - Geraci Law	Other	1000.0	0.0		0.0		0.0		1000.0	0.0			0.0	0.0	1000.0	1000.0	0.0		0.0		0.0	0.0	0.0	0.0	Spiegel Accountancy Corporation	true	true	false	true	false	false	Notes Payable offered by Conquest Funding, Inc., a Pennsylvania corporation. Offering exempt from registration under Regulation D Rule 506(b).
0001567619-17-002160	5005 RIVERWAY DRIVE, SUITE 160		HOUSTON	TX	77056	469-440-8868	DEAN M. COLUCCI, DUANE MORRIS	Other	796531.0	250000.0		184421.0		4241951.0		6692798.0	6876452.0			0.0	6876452.0	-183654.0	6692798.0	0.0		2013859.0		2151.0	-2252072.0	-2.25	-2.25	BDO USA, LLP	true	true	false	false	true	false	Section 4(a)(2); Rule 506.
0001683168-17-002593	564 STEVENS AVENUE		SOLANA BEACH	CA	92075	858-225-8998	Jeanne Campanelli	Other	1105593.0	0.0		27937.0		352870.0		3071248.0	840352.0			2546548.0	4228385.0	-1157137.0	3071248.0	3965211.0		1845265.0		94477.0	-1253338.0	-0.14	-0.14	dbbmckennon	true	true			true		Regulation Crowdfunding of the Securities Act.
0001712534-17-000009	2195 ARTHUR AVENUE		ELK GROVE VILLAGE	IL	60007	7737241313	Andy Altahawi/Adamson Brothers	Other	100.0	0.0		0.0		0.0		100.0	10000.0			5000.0	150000.0	-14900.0	100.0	0.0		0.0		0.0	0.0	0.0	0.0	IndigoSpire CPA Group, LLC	true	true	false	true	false	false	Section 4(a)(2) - an issuer not involved in any public offering. All securities sold to current directors only.
0001642079-17-000009	232 UNION BLVD		TOTOWA	NJ	07512	973-595-7775	Wilson X Bezerra	Other	177.0	0.0		0.0		0.0		177.0	0.0			20795.0	20795.0	-20618.0	177.0	0.0		0.0		0.0	0.0	0.0	0.0	PK Ramachandran	true	true	false	false	false	true	
0001493152-17-011337	824 S. Duncan Drive		Tavares	FL	32778	352-508-7060	LAURA ANTHONY	Other	25100.0	0.0		0.0		0.0		25100.0	12550.0			0.0	12550.0	12550.0	25100.0	0.0		12450.0		0.0	-12450.0	0.0	0.0	Salberg & Company, P.A.	true	true		true			Section 4(a)(2) of the Securities Act of 1933, as amended for transactions by an issuer not involving any public offering.
0001699683-17-000034	16-017, 85 BROAD STREET		NEW YORK	NY	10004	9088640096	Andy Altahawi/Adamson Brothers	Other	75.0	0.0		298786.0		0.0		298861.0	280952.0			12000.0	293827.0	5034.0	298861.0	298786.0		280952.0		12000.0	17834.0	0.0	0.0	AJSH & Co LLP	true	true	false	true	false	false	Section 4(a)(2) - an issuer not involved in any public offering. All securities sold to current directors only.
0001477932-17-004849	1900 E. Golf Road	Suite 950	Schaumburg	IL	60173	888-525-0010	Randall S. Goulding, Esq.	Other	172.0	0.0		0.0		0.0		172.0	42715.0			0.0	42715.0	-42543.0	172.0	0.0		0.0		0.0	-42743.0	-0.03	-0.03	Ankit Consulting Services	true	true	false		true	false	Securities Act Section 4(a)(2) and Rule 506 thereunder.
0001104659-17-060430	3003 32nd Avenue South		Fargo	ND	58103	701-239-8425	Randy Sparling	Other	6013577.0	0.0		3306527.0		342737596.0		361905005.0	10290635.0			253235248.0	263525883.0	46327585.0	361905005.0	41171146.0		27912417.0		7654901.0	5840579.0	0.84	0.84	Eide Bailly LLP	true	true	false	false	true	false	Section 4(a)(2) of the Securities Act as an issuance not involving a public offering
0001493152-17-011171	9720 Wilshire Blvd., Suite 500	Attn: Andrew Wiederhorn (CEO)	Beverly Hills	CA	90212	310-402-0600	Allen Sussman, Esq.	Other	0.0	0.0		12237000.0		0.0		22108000.0	3999000.0			0.0	6830000.0	15278000.0	22108000.0	10061000.0		3595000.0		0.0	4204000.0	0.0	0.0	Hutchinson & Bloodgood LLP	true	true			true	true	
0001437749-17-016591	6165 GREENWICH DRIVE	SUITE 150	SAN DIEGO	CA	92122	310-444-4321	Joe Tagliaferro, Esq.	Other	0.0	0.0		0.0		12176.0		102563.0	26445.0			0.0	39600.0	62963.0	102563.0	0.0		839235.0		0.0	-839235.0	-0.02	-0.02	EisnerAmper LLP	true	true	true	false	true	true	
0001493152-17-011109	9720 Wilshire Blvd., Suite 500	Attn: Andrew Wiederhorn (CEO)	Beverly Hills	CA	90212	310-402-0600	Allen Sussman, Esq.	Other	0.0	0.0		12237000.0		0.0		22108000.0	3999000.0			0.0	6830000.0	15278000.0	22108000.0	10061000.0		3595000.0		0.0	4204000.0	0.0	0.0	Hutchinson & Bloodgood LLP	true	true			true	true	
