ACCESSION_NUMBER	FORMINDICATION	ISSUERNAME	FISCALYEAREND	STREET1	STREET2	CITY	STATEORCOUNTRY	ZIPCODE	PHONENUMBER	REGARULE257
0001144204-17-065690		Rabble One, LLC		154 Grand Street		NEW YORK	NY	10013	970-231-8557	
0001651699-17-000034	Annual Report		31-AUG-2017	11705 Willake Street		Santa Fe Spring	CA	90670	909-486-4742	true
0001688361-17-000016		Dubuc Motors Inc.		1250 Borregas Ave		Sunnyvale	CA	94089	5142641359	
0001680579-17-000002		Equity One Net Invest Inc		942 Windmere Drive NW		Salem	OR	97304	9712731004	
0001654954-17-011116		Allegiancy, LLC		5540 Falmouth Street	Suite 302	Richmond	VA	23230	866-842-7545	
0001025991-17-000001		KINDERHOOK BANK CORP		1 Hudson Street		Kinderhook	NY	12106	5187587101	
0001654954-17-010630		Stocosil Inc.		178970 Castleton St. Ste 250		City of Industry	CA	91748	626-964-5788	
0001690824-17-000107	Annual Report		31-AUG-2017	433 Estudillo Avenue		San Leandro	CA	94577	925-876-8832	false
0001065949-17-000132	Annual Report		30-JUN-2017	11693 SAN VICENTE BOULEVARD, SUITE 445		LOS ANGELES	CA	90049	310-923-2827	true
0001144204-17-054894	Annual Report		30-JUN-2017	1985 Isaac Newton Square West	Suite 103	Reston	VA	20190	571-325-2966	true
0001144204-17-053317		Chino Commercial Bancorp		14245 Pipeline Avenue		CHINO	CA	91710	909-393-8880	
0001144204-17-051746	Annual Report		31-DEC-2016	1070 Terra Bella Avenue		Mountain View	CA	94043	650-924-1025	true
