ACCESSION_NUMBER	FORMINDICATION	ISSUERNAME	FISCALYEAREND	STREET1	STREET2	CITY	STATEORCOUNTRY	ZIPCODE	PHONENUMBER	REGARULE257
0001615774-17-005346	Special Financial Report for the fiscal year		31-DEC-2016	433 NORTH CAMDEN DRIVE	SUITE 600	LOS ANGELES	CA	90210	3109262643	false
0001144204-17-049009		WORTHPOINT Corp		5 CONCOURSE PKWY	SUITE 2850	ATLANTA	GA	30328	404-996-1474	
0001654954-17-008372		KeyStone Solutions, Inc.		14420 Albemarle Point Place	Suite 200	Chantilly	VA	20151	703-953-3838	
0001477932-17-004379	Annual Report		31-DEC-2016	13835 N Tatum Blvd	#9-419	Phoenix	AZ	85032	602-768-2520	false
0001690824-17-000085	Annual Report		31-MAY-2017	340 W. 42nd St, FL 2, P.O. Box 2455		New York	NY	10036	631-991-5461	false
0001690824-17-000083	Annual Report		31-MAY-2017	340 W. 42nd St, FL 2, P.O. Box 2455		New York	NY	10036	631-991-5461	false
0001646269-17-000007		BREWDOG USA INC.		65 E State Street, Suite 1800		Columbus	OH	43215	614-400-3077	
0001193125-17-260685		Royal Bancshares, Inc.		13171 Olive Boulevard		St. Louis	MO	63141	314-212-1500	
0001144204-17-041574	Annual Report		31-DEC-2016	1070 Terra Bella Avenue		Mountain View	CA	94043	650-924-1025	true
0000946275-17-000063		Planters Holding Co		212 Catchings Avenue		Indianola	MS	38751	662-887-3363	
0001671132-17-000003	Annual Report		31-MAR-2017	10901 ROOSEVELT BLVD	SUITE 1000C	SUITE 1000C	FL	33716	727-474-1810	true
0001671132-17-000002	Annual Report		31-MAR-2017	10901 ROOSEVELT BLVD	SUITE 1000C	SAINT PETERSBURG	FL	33716	727-474-1810	true
0001144204-17-038232	Special Financial Report for the fiscal year		31-DEC-2016	1 Allied Drive	Suite 1715	Little Rock	AR	72202	501-725-5530	true
0001193125-17-234569		The Landrum Company		801 East Broadway		Columbia	MO	65201	573-499-7363	
0001213900-17-007791	Special Financial Report for the fiscal year		31-DEC-2016	65 Church Street, 2nd Floor		New Brunswick	NJ	08901	732-354-4766	false
0001213900-17-007639	Special Financial Report for the fiscal year		31-DEC-2016	31563 Lindero Canyon Road, Unit 2		Westlake Village	CA	91361	1310-902-0961	false
