ACCESSION_NUMBER	INFO_ID	ISSUERNAME	CIK	JURISDICTIONORGANIZATION
0001615774-17-005346	1	YayYo, Inc	0001691077	DE
0001477932-17-004379	1	INNOVATIVE CLIMATIC TECHNOLOGIES CORP	0001664996	NV
0001690824-17-000085	1	Green Leaf Investment Fund Inc.	0001643584	NV
0001690824-17-000083	1	Green Leaf Investment Fund Inc.	0001643584	NV
0001144204-17-041574	1	Knightscope, Inc.	0001600983	DE
0001671132-17-000003	1	HempTech Corp	0001671132	NV
0001671132-17-000002	1	HempTech Corp	0001671132	NV
0001144204-17-038232	1	CapRocq Core REIT, Inc.	0001687237	MD
0001213900-17-007791	1	DatChat, Inc.	0001648960	NV
0001213900-17-007639	1	New Media Trader, Inc.	0001685982	DE
