ACCESSION_NUMBER	NID	SINFO_ID	NAME_TYPE	NAME
0001615774-17-005346	1	1	legalSpName	CKR LAW
0001615774-17-005346	2	1	legalSpName	Jack Brannely
0001615774-17-005346	1	1	blueSkySpName	Crowd Fund Check
0001615774-17-005346	1	1	auditorSpName	Aj Robbins CPA
0001615774-17-005346	3	1	legalSpName	Richardson Maloney
0001144204-17-049009	1	1	underwrittenSpName	North Capital Private Securities
0001144204-17-049009	1	1	auditorSpName	dbbmckennon
0001144204-17-049009	1	1	legalSpName	KHLK LLP
0001144204-17-049009	1	1	promoterSpName	CrowdFundX
0001654954-17-008372	1	1	underwrittenSpName	The Benchmark Companies
0001477932-17-004379	1	1	auditorSpName	The Punn Group Accountants & Advisors
0001477932-17-004379	1	1	legalSpName	Williams Securities Law Firm, P.A.
0001646269-17-000007	2	1	legalSpName	P.A. - DiMuro Ginsberg
0001646269-17-000007	1	1	legalSpName	Kendall A. Almerico
0001646269-17-000007	1	1	auditorSpName	Ernst & Young LLP
0001646269-17-000007	1	1	salesCommissionsSpName	Jumpstart Securities LLC
0000946275-17-000063	1	1	auditorSpName	BKD LLP
0000946275-17-000063	1	1	legalSpName	Jones Walker LLP
