ACCESSION_NUMBER	SO_ID	SECURITIESOFFEREDTYPES	SECURITIESOFFEREDOTHERDESC
0001477932-17-004814	1	Debt	
0001477932-17-004810	1	Equity (common or preferred stock)	
0001683168-17-002524	1	Equity (common or preferred stock)	
0001144204-17-050618	1	Equity (common or preferred stock)	
0001144204-17-050610	1	Equity (common or preferred stock)	
0001144204-17-050600	1	Equity (common or preferred stock)	
0001144204-17-050596	1	Other(describe)	Limited Recourse Obligation (LRO), a limited debt obligation of the issuer
0001493152-17-011062	1	Equity (common or preferred stock)	
0001699683-17-000033	1	Equity (common or preferred stock)	
0001699683-17-000028	1	Equity (common or preferred stock)	
0001642079-17-000008	1	Equity (common or preferred stock)	
0001376474-17-000267	1	Equity (common or preferred stock)	
0001144204-17-050364	1	Equity (common or preferred stock)	
0001193125-17-297611	1	Equity (common or preferred stock)	
0001213900-17-010066	2	Option, warrant or other right to acquire another security	
0001213900-17-010066	3	Security to be acquired upon exercise of option, warrant or other right to acquire security	
0001213900-17-010066	4	Other(describe)	Units consisting of one share of common stock and one warrant
0001213900-17-010066	1	Equity (common or preferred stock)	
0001144204-17-050159	1	Equity (common or preferred stock)	
0001477932-17-004756	1	Equity (common or preferred stock)	
0001104659-17-059179	1	Equity (common or preferred stock)	
0001717993-17-000001	1	Equity (common or preferred stock)	
0001493152-17-010945	1	Equity (common or preferred stock)	
0001144204-17-049825	1	Equity (common or preferred stock)	
0001712534-17-000008	1	Equity (common or preferred stock)	
0001144204-17-049787	1	Other(describe)	Limited Recourse Obligation (LRO), a limited debt obligation of the issuer
0001713621-17-000002	1	Equity (common or preferred stock)	
0001264931-17-000075	1	Equity (common or preferred stock)	
0001144204-17-049544	1	Equity (common or preferred stock)	
0001677159-17-000008	1	Equity (common or preferred stock)	
0001477932-17-004698	1	Equity (common or preferred stock)	
0001104659-17-058510	1	Equity (common or preferred stock)	
0001477932-17-004657	1	Equity (common or preferred stock)	
0001144204-17-049189	1	Equity (common or preferred stock)	
0001493152-17-010815	1	Equity (common or preferred stock)	
0001144204-17-049032	1	Equity (common or preferred stock)	
0001213900-17-009866	1	Equity (common or preferred stock)	
0001213900-17-009866	2	Option, warrant or other right to acquire another security	
0001213900-17-009866	3	Security to be acquired upon exercise of option, warrant or other right to acquire security	
0001213900-17-009866	4	Other(describe)	Units consisting of one share of common stock and one warrant
0001104659-17-058006	1	Equity (common or preferred stock)	
0001477932-17-004622	1	Equity (common or preferred stock)	
0001144204-17-048745	1	Equity (common or preferred stock)	
0001445866-17-001329	1	Equity (common or preferred stock)	
0001144204-17-048616	1	Equity (common or preferred stock)	
0001477932-17-004556	1	Equity (common or preferred stock)	
0001654954-17-008542	1	Equity (common or preferred stock)	
0001144204-17-048525	1	Equity (common or preferred stock)	
0000721748-17-000657	1	Equity (common or preferred stock)	
0000721748-17-000654	1	Equity (common or preferred stock)	
0001699683-17-000027	1	Equity (common or preferred stock)	
0001716949-17-000001	1	Equity (common or preferred stock)	
0001144204-17-048316	1	Equity (common or preferred stock)	
0000721748-17-000645	1	Equity (common or preferred stock)	
0001642079-17-000007	1	Equity (common or preferred stock)	
0001712534-17-000007	1	Equity (common or preferred stock)	
0001671132-17-000008	1	Equity (common or preferred stock)	
0001144204-17-047922	1	Equity (common or preferred stock)	
0001567619-17-001957	1	Equity (common or preferred stock)	
0001582586-17-000044	1	Equity (common or preferred stock)	
0001493152-17-010502	1	Equity (common or preferred stock)	
0001477932-17-004435	2	Security to be acquired upon exercise of option, warrant or other right to acquire security	
0001477932-17-004435	1	Equity (common or preferred stock)	
0001493152-17-010403	1	Equity (common or preferred stock)	
0001214659-17-005555	1	Equity (common or preferred stock)	
0001144204-17-046787	1	Equity (common or preferred stock)	
0001144204-17-046780	1	Other(describe)	Limited Recourse Obligation (LRO), a limited debt obligation of the issuer
0001493152-17-010253	1	Equity (common or preferred stock)	
0001144204-17-046449	1	Equity (common or preferred stock)	
0001213900-17-009394	4	Other(describe)	Units consisting of one share of common stock and one warrant
0001213900-17-009394	3	Security to be acquired upon exercise of option, warrant or other right to acquire security	
0001213900-17-009394	2	Option, warrant or other right to acquire another security	
0001213900-17-009394	1	Equity (common or preferred stock)	
0001387131-17-004545	1	Equity (common or preferred stock)	
0001144204-17-046381	1	Equity (common or preferred stock)	
0001213900-17-009373	1	Equity (common or preferred stock)	
0001104659-17-055120	1	Equity (common or preferred stock)	
0001477932-17-004285	2	Security to be acquired upon exercise of option, warrant or other right to acquire security	
0001477932-17-004285	1	Equity (common or preferred stock)	
0001683168-17-002286	1	Equity (common or preferred stock)	
0001699683-17-000023	1	Equity (common or preferred stock)	
0001445866-17-001285	1	Equity (common or preferred stock)	
0001493152-17-010040	1	Equity (common or preferred stock)	
0001477932-17-004260	1	Equity (common or preferred stock)	
0001712534-17-000004	1	Equity (common or preferred stock)	
0001144204-17-045742	1	Equity (common or preferred stock)	
0001144204-17-045693	1	Equity (common or preferred stock)	
0001477932-17-004241	1	Equity (common or preferred stock)	
0001213900-17-009263	1	Equity (common or preferred stock)	
0001144204-17-045466	1	Equity (common or preferred stock)	
0001681287-17-000013	1	Equity (common or preferred stock)	
0001213900-17-009237	2	Other(describe)	Common shares underlying warrants
0001213900-17-009237	1	Equity (common or preferred stock)	
0001642079-17-000006	1	Equity (common or preferred stock)	
0001698370-17-000009	1	Equity (common or preferred stock)	
0001214659-17-005303	1	Debt	
0000721748-17-000577	1	Equity (common or preferred stock)	
0001615774-17-004737	1	Debt	
0001582586-17-000042	1	Equity (common or preferred stock)	
0001214659-17-005264	1	Debt	
0001144204-17-044842	1	Equity (common or preferred stock)	
0001213900-17-009046	1	Equity (common or preferred stock)	
0001387131-17-004349	1	Equity (common or preferred stock)	
0001144204-17-044369	1	Equity (common or preferred stock)	
0001688804-17-000020	1	Other(describe)	LLC Interests
0001642079-17-000005	1	Equity (common or preferred stock)	
0001144204-17-044245	1	Equity (common or preferred stock)	
0001677159-17-000007	1	Equity (common or preferred stock)	
0001144204-17-044213	1	Equity (common or preferred stock)	
0001144204-17-043600	1	Equity (common or preferred stock)	
0001387131-17-004229	1	Equity (common or preferred stock)	
0001144204-17-043466	1	Equity (common or preferred stock)	
0001493152-17-009378	1	Equity (common or preferred stock)	
0001214659-17-005100	1	Equity (common or preferred stock)	
0000721748-17-000529	1	Equity (common or preferred stock)	
0001144204-17-042603	1	Other(describe)	Limited Recourse Obligation (LRO), a limited debt obligation of the issuer
0001144204-17-042571	1	Equity (common or preferred stock)	
0001144204-17-042376	1	Equity (common or preferred stock)	
0001144204-17-042187	1	Equity (common or preferred stock)	
0001477932-17-003795	1	Equity (common or preferred stock)	
0001477932-17-003795	2	Security to be acquired upon exercise of option, warrant or other right to acquire security	
0001699683-17-000016	1	Equity (common or preferred stock)	
0001567619-17-001647	1	Equity (common or preferred stock)	
0001144204-17-041252	1	Equity (common or preferred stock)	
0001144204-17-041153	1	Equity (common or preferred stock)	
0001144204-17-040975	1	Equity (common or preferred stock)	
0001671132-17-000006	1	Equity (common or preferred stock)	
0001104659-17-049637	1	Equity (common or preferred stock)	
0001477932-17-003679	1	Equity (common or preferred stock)	
0001477932-17-003675	1	Equity (common or preferred stock)	
0001144204-17-040579	1	Equity (common or preferred stock)	
0001376474-17-000207	1	Equity (common or preferred stock)	
0001387131-17-003837	1	Equity (common or preferred stock)	
0001213900-17-008134	1	Equity (common or preferred stock)	
0001493152-17-008336	1	Equity (common or preferred stock)	
0001144204-17-039247	1	Equity (common or preferred stock)	
0001213900-17-008067	1	Equity (common or preferred stock)	
0000721748-17-000479	1	Equity (common or preferred stock)	
0001144204-17-038986	1	Equity (common or preferred stock)	
0001642079-17-000004	1	Equity (common or preferred stock)	
0001683168-17-001870	1	Equity (common or preferred stock)	
0001688804-17-000012	1	Other(describe)	LLC Interests
0001712534-17-000002	1	Equity (common or preferred stock)	
0001477932-17-003526	1	Equity (common or preferred stock)	
0001144204-17-038087	1	Debt	
0001445866-17-001046	1	Equity (common or preferred stock)	
0001144204-17-038015	1	Equity (common or preferred stock)	
0001144204-17-038012	1	Equity (common or preferred stock)	
0001642079-17-000002	1	Equity (common or preferred stock)	
0001477932-17-003490	1	Equity (common or preferred stock)	
0001213900-17-007830	1	Debt	
0001144204-17-037636	1	Other(describe)	Limited Recourse Obligation (LRO), a limited debt obligation of the issuer
0001571049-17-006838	1	Equity (common or preferred stock)	
0001144204-17-037465	1	Equity (common or preferred stock)	
0001144204-17-037373	1	Equity (common or preferred stock)	
0001699683-17-000014	1	Equity (common or preferred stock)	
0001144204-17-037054	1	Equity (common or preferred stock)	
0001144204-17-037071	1	Equity (common or preferred stock)	
0001144204-17-037053	1	Equity (common or preferred stock)	
0001437749-17-012650	1	Equity (common or preferred stock)	
0001571049-17-006702	1	Equity (common or preferred stock)	
0001582586-17-000035	1	Equity (common or preferred stock)	
0001688804-17-000010	1	Other(describe)	LLC Interests
0001213900-17-007445	1	Equity (common or preferred stock)	
0001703429-17-000002	1	Equity (common or preferred stock)	
0001193125-17-226163	1	Equity (common or preferred stock)	
0001213900-17-007428	1	Debt	
0001687263-17-000008	1	Equity (common or preferred stock)	
0001144204-17-036354	1	Equity (common or preferred stock)	
0001144204-17-036274	1	Other(describe)	Limited Recourse Obligation (LRO), a limited debt obligation of the issuer
0001213900-17-007322	1	Equity (common or preferred stock)	
0001698370-17-000008	1	Equity (common or preferred stock)	
0001214659-17-004390	1	Equity (common or preferred stock)	
0001144204-17-036158	1	Equity (common or preferred stock)	
0001104659-17-044039	1	Equity (common or preferred stock)	
0001213900-17-007249	1	Equity (common or preferred stock)	
0001699683-17-000013	1	Equity (common or preferred stock)	
0001623541-17-000007	1	Equity (common or preferred stock)	
