ACCESSION_NUMBER	STREET1	STREET2	CITY	STATEORCOUNTRY	ZIPCODE	PHONENUMBER	CONNECTIONNAME	INDUSTRYGROUP	CASHEQUIVALENTS	INVESTMENTSECURITIES	TOTALINVESTMENTS	ACCOUNTSRECEIVABLE	LOANS	PROPERTYPLANTEQUIPMENT	PROPERTYANDEQUIPMENT	TOTALASSETS	ACCOUNTSPAYABLE	POLICYLIABILITIESANDACCRUALS	DEPOSITS	LONGTERMDEBT	TOTALLIABILITIES	TOTALSTOCKHOLDEREQUITY	TOTALLIABILITIESANDEQUITY	TOTALREVENUES	TOTALINTERESTINCOME	COSTANDEXPENSESAPPLTOREVENUES	TOTALINTERESTEXPENSES	DEPRECIATIONANDAMORTIZATION	NETINCOME	EARNINGSPERSHAREBASIC	EARNINGSPERSHAREDILUTED	NAMEAUDITOR	CERTIFYIFTRUE	CERTIFYIFNOTDISQUALIFIED	CERTIFYIFBADACTOR	JURISDICTIONSOFSECOFFEREDNONE	JURISDICTIONSOFSECOFFEREDSAME	IFUNREGSITEREDNONE	SECURITIESACTEXCEMPTION
0001477932-17-004814	257 EAST MAIN STREET	SUITE 200	BARRINGTON	IL	60010	847-277-9930	Trevor Wind	Other	614764.0	0.0		102575.0		55409494.0		60290209.0	1038264.0			54170070.0	57625096.0	2665113.0	60290209.0	2960627.0		2619009.0		1666130.0	467999.0	0.0	0.0	None	true	true	false	false	true	true	
0001477932-17-004810	8541 E. Anderson Dr.	Suite 100	Scottsdale	AZ	85255	480-861-4500	Michael Williams	Other	0.0	0.0		0.0		0.0		0.0	55320.0			0.0	55320.0	-55320.0	0.0	0.0		0.0		0.0	-55830.0	0.0	0.0	Artesian CPA	true	true	false	true		false	Section 4(2) of 1933 Act
0001683168-17-002524	564 STEVENS AVENUE		SOLANA BEACH	CA	92075	858-225-8998	Jeanne Campanelli	Other	1105593.0	0.0		27937.0		352870.0		3071248.0	840352.0			2546548.0	4228385.0	-1157137.0	3071248.0	3965211.0		1845265.0		94477.0	-1253338.0	-0.14	-0.14	dbbmckennon	true	true			true		Regulation Crowdfunding of the Securities Act.
0001144204-17-050618	1601 CONNECTICUT AVENUE NW	STE 300	WASHINGTON	DC	20009	202-584-0550	Benjamin S. Miller	Other	2955000.0	0.0		0.0		0.0		9334000.0	55000.0			1500000.0	2758000.0	6576000.0	9334000.0	100000.0		0.0		0.0	4000.0	0.0	0.0	RSM US LLP	true	true		true			Our sponsor and its affiliate have purchased 10,000 common shares for a purchase price of $100,000 in a private offering. Such issuance was exempt from the registration requirements of the Securities Act pursuant to Section 4(a)(2) thereof.
0001144204-17-050610	1601 CONNECTICUT AVENUE NW	STE 300	WASHINGTON	DC	20009	202-584-0550	Benjamin S. Miller	Other	4727000.0	0.0		0.0		0.0		6133000.0	51000.0			0.0	1023000.0	5110000.0	6133000.0	8000.0		0.0		0.0	-77000.0	0.0	0.0	RSM US LLP	true	true		true			Our sponsor and its affiliate have purchased 10,000 common shares for a purchase price of $100,000 in a private offering. Such issuance was exempt from the registration requirements of the Securities Act pursuant to Section 4(a)(2) thereof.
0001144204-17-050600	1601 CONNECTICUT AVENUE NW	STE 300	WASHINGTON	DC	20009	202-584-0550	Benjamin S. Miller	Other	1351000.0	0.0		0.0		0.0		14930000.0	49000.0			7680000.0	8934000.0	5996000.0	14930000.0	109000.0		70000.0		0.0	0.0	9000.0	0.0	RSM US LLP	true	true		true			Our sponsor and its affiliate have purchased 10,000 common shares for a purchase price of $100,000 in a private offering. Such issuance was exempt from the registration requirements of the Securities Act pursuant to Section 4(a)(2) thereof.
0001144204-17-050596	75 Fifth Street, NW	Suite 2170	ATLANTA	GA	30308	404-850-9225	Nick Bhargava	Other	1221594.0	0.0		20935841.0		433452.0		24017965.0	18944709.0			0.0	25282441.0	-1264476.0	24017965.0	804936.0		117587.0		115546.0	-1963112.0	-1.73	-1.73		true	true		true			Regulation A, Rule 506 of Regulation D, and Rule 506 of Regulation D, respectively.
0001493152-17-011062	9720 Wilshire Blvd., Suite 500	Attn: Andrew Wiederhorn (CEO)	Beverly Hills	CA	90212	310-402-0600	Allen Sussman, Esq.	Other	0.0	0.0		12237000.0		0.0		22108000.0	3999000.0			0.0	6830000.0	15278000.0	22108000.0	10061000.0		3595000.0		0.0	4204000.0	0.0	0.0	Hutchinson & Bloodgood LLP	true	true			true	true	
0001699683-17-000033	16-017, 85 BROAD STREET		NEW YORK	NY	10004	9088640096	Andy Altahawi/Adamson Brothers	Other	75.0	0.0		298786.0		0.0		298861.0	280952.0			12000.0	293827.0	5034.0	298861.0	298786.0		280952.0		12000.0	17834.0	0.0	0.0	AJSH & Co LLP	true	true	false	true	false	false	Section 4(a)(2) - an issuer not involved in any public offering. All securities sold to current directors only.
0001699683-17-000028	16-017, 85 BROAD STREET		NEW YORK	NY	10004	9088640096	Andy Altahawi/Adamson Brothers	Other	75.0	0.0		298786.0		0.0		298861.0	280952.0			12000.0	293827.0	5034.0	298861.0	298786.0		280952.0		12000.0	17834.0	0.0	0.0	AJSH & Co LLP	true	true	false	true	false	false	Section 4(a)(2) - an issuer not involved in any public offering. All securities sold to current directors only.
0001642079-17-000008	232 UNION BLVD		TOTOWA	NJ	07512	973-595-7775	Wilson X Bezerra	Other	177.0	0.0		0.0		0.0		177.0	0.0			20795.0	20795.0	-20618.0	177.0	0.0		0.0		0.0	0.0	0.0	0.0	PK Ramachandran	true	true	false	false	false	true	
0001376474-17-000267	59 WEST 100 SOUTH	SECOND FLOOR	SALT LAKE CITY	UT	84101	801-575-8073	Brian Lebrecht	Other	670352.0	0.0		226699.0		2048343.0		5461969.0	3757550.0			566212.0	9197803.0	-12534693.0	5461969.0	14841029.0		8333956.0		500485.0	-3432320.0	-0.02	-0.02	Sadler Gibb & Associates, LLC	true	true	false	true	false	false	Rule 4(a)(2), Rule 506(b)
0001144204-17-050364	1601Connecticut Avenue, NW	Suite 300	WASHINGTON	DC	20009	202-584-0550	Benjamin S. Miller	Other	4152000.0	41466000.0		2000.0		0.0		45620000.0	111000.0			0.0	1784000.0	43836000.0	45620000.0	135000.0		3038000.0		0.0	-2903000.0	-1.18	-1.18	RSM US LLP	true	true		true		true	
0001193125-17-297611	1133 Columbia Street #205		San Diego	CA	92101	619-431-1567	Amit Singh, Esq.	Other	67931.0	0.0		17898.0		54438.0		497510.0	779846.0			1112077.0	2284766.0	0.0	497510.0	441694.0		424583.0		10412.0	0.0	0.0	0.0	PKF, LLP	true	true	false	true		false	The Company relied on Rule 701 promulgated under the Securities Act of 1933, as amended, in connection with the issuance of options to purchase common stock to then-current service providers of the Company.
0001213900-17-010066	205 E. 42nd St.		NEW YORK	NY	10017	800-236-6610	Sylvain Bellaiche	Other	28072.0	0.0		1264689.0		0.0		1454645.0	1626917.0			0.0	2569726.0	-1265081.0	1454645.0	148260.0		15672.0		0.0	-1270112.0	-0.49	-0.49	Cornick, Garber & Sandler, LLP	true	true			true		Rule 506(b) of Regulation D under the Securities Act of 1933, Section 4(a)(2) under the Securities Act of 1933 and/or Regulation S under the Securities Act of 1933.
0001144204-17-050159	Box 380	1630 30th Street Unit A	Boulder	CO	80301	917-570-5708	KYLIE MCNAMARA	Other	213684.0	0.0		0.0		113285.0		688934.0	104686.0			0.0	245000.0	443934.0	688934.0	1083844.0		776304.0		23520.0	-1740852.0	-0.37	-0.37	Artesian CPA, LLC	true	true			true	true	
0001477932-17-004756	763 Linden Ave.	Suite 2	Rochester	NY	14625	941-544-4148	David Olund	Other	1281.0	0.0		2000.0		0.0		3281.0	20306.0			0.0	20306.0	-17025.0	3281.0	0.0		1501.0		0.0	-1501.0	0.0	0.0	Freed Maxick	true	true	false	true		false	Section 4(a)2
0001104659-17-059179	3003 32nd Avenue South		Fargo	ND	58103	701-239-8425	Randy Sparling	Other	6013577.0	0.0		3306527.0		342737596.0		361905005.0	10290635.0			253235248.0	263525883.0	46327585.0	361905005.0	41171146.0		27912417.0		7654901.0	5840579.0	0.84	0.84	Eide Bailly LLP	true	true	false	false	true	false	Section 4(a)(2) of the Securities Act as an issuance not involving a public offering
0001493152-17-010945	9720 Wilshire Blvd., Suite 500	Attn: Andrew Wiederhorn (CEO)	Beverly Hills	CA	90212	310-402-0600	Allen Sussman, Esq.	Other	0.0	0.0		12237000.0		0.0		22108000.0	3999000.0			0.0	6830000.0	15278000.0	22108000.0	10061000.0		3595000.0		0.0	4204000.0	0.0	0.0	Hutchinson & Bloodgood LLP	true	true			true	true	
0001144204-17-049825	925 NORTH LA BREA AVENUE		LOS ANGELES	CA	90038	800-317-2200	Howard Marks	Other	237640.0	1566836.0		139058.0		8294.0		2118317.0	234482.0			0.0	234482.0	1883835.0	2118317.0	770668.0		233375.0		1228.0	-1085941.0	-0.17	-0.17	dbbMcKennon	true	true		true		true	
0001712534-17-000008	2195 ARTHUR AVENUE		ELK GROVE VILLAGE	IL	60007	7737241313	Andy Altahawi/Adamson Brothers	Other	100.0	0.0		0.0		0.0		100.0	10000.0			5000.0	150000.0	-14900.0	100.0	0.0		0.0		0.0	0.0	0.0	0.0	IndigoSpire CPA Group, LLC	true	true	false	true	false	false	Section 4(a)(2) - an issuer not involved in any public offering. All securities sold to current directors only.
0001717993-17-000001	5 PORTOFINO DR SUITE 2002		GULF BREEZE	FL	32561	7316162505	Andy Altahawi	Other	0.0	0.0		0.0		0.0		0.0	15000.0			0.0	15000.0	-15000.0	0.0	0.0		0.0		0.0	0.0	0.0	0.0	IndigoSpire CPA Group	true	true	false	true	false	false	Section 4(a)(2) - an issuer not involved in any public offering. All securities sold to current directors only.
0001144204-17-049787	75 Fifth Street, NW	Suite 2170	ATLANTA	GA	30308	404-850-9225	Nick Bhargava	Other	1221594.0	0.0		20935841.0		433452.0		24017965.0	18944709.0			0.0	25282441.0	-1264476.0	24017965.0	804936.0		117587.0		115546.0	-1963112.0	-1.73	-1.73		true	true		true			Regulation A, Rule 506 of Regulation D, and Rule 506 of Regulation D, respectively.
0001713621-17-000002	11264 NW 58 Terrace		Doral	FL	33178	6466194843	Andy Altahawi	Other	5000.0	0.0		0.0		0.0		5000.0	10000.0			0.0	10000.0	-5000.0	5000.0	0.0		0.0		0.0	0.0	0.0	0.0	n/a	true	true	false	true	false	false	Section 4(a)(2) - an issuer not involved in any public offering. All securities sold to current directors only.
0001144204-17-049544	1601 CONNECTICUT AVENUE NW	SUITE 300	WASHINGTON	DC	20009	202-584-0550	Benjamin S. Miller	Other	5000.0	0.0		0.0		0.0		5000.0	0.0			0.0	0.0	5000.0	5000.0	0.0		0.0		0.0	0.0	0.0	0.0	RSM US LLP	true	true		true			Rise Companies Corp. has purchased 500 common shares for a purchase price of $5,000 in a private offering. Such issuance was exempt from the registration requirements of the Securities Act pursuant to Section 4(a)(2) thereof.
0001264931-17-000075	10219 SE LENNARD ROAD		PORT ST LUCIE	FL	34952	772-335-5550	AUSTIN LEGAL GROUP	Other	6062.0	0.0		0.0		0.0		143560.0	377680.0			0.0	821600.0	-678040.0	143560.0	0.0		0.0		19263.0	-422846.0	0.0	0.0		true	true		true			Section 4(2) of the Securities Act.
0001677159-17-000008	6740 GREENBRIAR CURVE		SHAKOPEE	MN	55379	7604436744	Andy Altahawi	Other	1500.0	0.0		0.0		0.0		1500.0	0.0			0.0	0.0	0.0	1500.0	0.0		0.0		0.0	0.0	0.0	0.0		true	true	false	true	false	false	Section 4(a)(2) - an issuer not involved in any public offering. All securities sold to current directors only.
0001477932-17-004698	1444 Wazee Street	Suite 350	Denver	CO	80202	800-718-2891	David Crandall, Hogan Lovells	Other	0.0	0.0		0.0		0.0		0.0	0.0			0.0	0.0	0.0	0.0	0.0		0.0		0.0	0.0	0.0	0.0	Hein & Associates LLP	true	true	false	true		false	Exempt from registration under Rule 4(a)(2) of the Securities Act; private placement to founding entity.
0001104659-17-058510	333 E. Butterfield Rd	Suite 400	Lombard	IL	60148	630-874-0700	Thomas A. Monson, Esq.	Other	14253000.0	0.0		75443000.0		165776000.0		482487000.0	73863000.0			267372000.0	440577000.0	41910000.0	482487000.0	98440000.0		81434000.0		11676000.0	2027000.0	0.06	0.06	Grant Thornton LLP	true	true	false	true	false	false	Section 4(a)(2).  Shares issued privately to Chief Executive Officer upon exercise of stock options.
0001477932-17-004657	2121 SW 3rd Ave.	Suite 601	Miami	FL	33129	305-351-2407	Randall S. Goulding, Esq.	Other	5542.0	0.0		70362.0		0.0		78964.0	9813.0			0.0	9813.0	69151.0	78964.0	0.0		-13349.0		0.0	-13349.0	0.0	0.0	Dazkal Bolton, LLP	true	true	false		true	false	'33 Act Section 3(b) and Regulation A as filed with the Commission thereunder
0001144204-17-049189	Box 380	1630 30th Street Unit A	Boulder	CO	80301	917-570-5708	KYLIE MCNAMARA	Other	213684.0	0.0		0.0		113285.0		688934.0	104686.0			0.0	245000.0	443934.0	688934.0	1083844.0		776304.0		23520.0	-1740852.0	-0.37	-0.37	Artesian CPA, LLC	true	true			true	true	
0001493152-17-010815	2200 Space Park Drive	Suite 310	HOUSTON	TX	77058	732-669-1200	LAURA ANTHONY	Other	335724.0	0.0		201096.0		1072545.0		8254024.0	944096.0			1078881.0	3936592.0	4317432.0	8254024.0	4953205.0		1213776.0		204486.0	-4219687.0	-0.51	-0.51	Marcum LLP	true	true			true		The foregoing issuances were pursuant to Rule 506 of Regulation D, Section 4(2) and Rule 701 of the Securities Act of 1933, as amended, for transactions by an issuer not involving any public offering.
0001144204-17-049032	1938-C COLUMBIA AVENUE, BOX 670		Rossland	A1	V0G 1Y0	250-362-7384	Jeffrey Marks	Other	912578.0	0.0		332670.0		9151761.0		23463426.0	636910.0			28844066.0	30502966.0	7039540.0	23463426.0	6532166.0		5831694.0		653882.0	3880346.0	-1.24	-0.56	HRP CPAs	true	true		true			Securities were sold under applicable Canadian law exemptions.
0001213900-17-009866	205 E. 42nd St.		NEW YORK	NY	10017	800-236-6610	Sylvain Bellaiche	Other	28072.0	0.0		1264689.0		0.0		1454645.0	1626917.0			0.0	2569726.0	-1265081.0	1454645.0	148260.0		15672.0		0.0	-1270112.0	-0.49	-0.49	Cornick, Garber & Sandler, LLP	true	true			true		Rule 506(b) of Regulation D under the Securities Act of 1933, Section 4(a)(2) under the Securities Act of 1933 and/or Regulation S under the Securities Act of 1933.
0001104659-17-058006	3003 32nd Avenue South		Fargo	ND	58103	701-239-8425	Randy Sparling	Other	6013577.0	0.0		3306527.0		342737596.0		361905005.0	10290635.0			253235248.0	263525883.0	46327585.0	361905005.0	41171146.0		27912417.0		7654901.0	5840579.0	0.84	0.84	Eide Bailly LLP	true	true	false	false	true	false	Section 4(a)(2) of the Securities Act as an issuance not involving a public offering
0001477932-17-004622	1900 E. Golf Road	Suite 950	Schaumburg	IL	60173	888-525-0010	Randall S. Goulding, Esq.	Other	172.0	0.0		0.0		0.0		172.0	42715.0			0.0	42715.0	-42543.0	172.0	0.0		0.0		0.0	-42743.0	-0.03	-0.03	Ankit Consulting Services	true	true	false		true	false	Securities Act Section 4(a)(2) and Rule 506 thereunder.
0001445866-17-001329	2090 N. KOLB ROAD, STE 120.		TUCSON	AZ	85715	888-444-2102	J Martin Tate	Banking	0.0	0.0			81893.0		0.0	81893.0	20017.0		0.0	85051.0	105068.0	-23085.0	81893.0		0.0		0.0	0.0	23085.0	23085.0	0.0	dbbmckennon	true	true	false	false	true	false	506(b)
0001144204-17-048745	16561 N 92ND STREET	SUITE 101	SCOTTSDALE	AZ	85260	888-880-7888	Jamie Ostrow	Other	144913.0	0.0		26180.0		840473.0		1304181.0	326544.0			862744.0	1629730.0	-325549.0	1304181.0	914989.0		190146.0		22152.0	-324699.0	0.0	0.0	Holthouse Carlin & Van Trigt LLP	true	true			true		Section 4(a)(2) of the Securities Act
0001144204-17-048616	11 Cypress Point		Amarillo	TX	79124-4910	619-616-3149	Carlos Arreola	Other	64348.0	0.0		0.0		0.0		64348.0	2583.0			0.0	2583.0	61765.0	64348.0	0.0		171815.0		0.0	-171815.0	0.0	0.0		true	true			true	true	
0001477932-17-004556	496 Delaney Ave	Ste 408	Orlando	FL	32801	866-500-4500	Jillian Sidoti	Other	10000.0	0.0		0.0		0.0		10000.0	0.0			0.0	0.0	10000.0	10000.0	0.0		0.0		0.0	0.0	0.0	0.0	Spiegel Accountancy Corp.	true	true	false	true		true	
0001654954-17-008542	4521 SHARON ROAD	SUITE 407	CHARLOTTE	NC	28211	704-445-5800	BRIAN A. PEARLMAN, ESQ.	Other	398350.0	1387000.0		432719.0		149148.0		5097622.0	556272.0			0.0	657855.0	4439767.0	5097622.0	3395387.0		822556.0		0.0	-1127608.0	-0.34	-0.34	CHERRY BEKAERT LLP	true	true		false	true	false	private transaction exempt from registration in reliance on Section 4(a)(2)
0001144204-17-048525	544 Blair Boulevard		Eugene	OR	97402	541-683-6293	Andrew Stephenson	Other	414405.0	0.0		583.0		8805.0		518825.0	183821.0			325000.0	1144856.0	-626031.0	518825.0	0.0		0.0		7951.0	-1919479.0	-0.19	-0.19	dbbmckennon	true	true			true		Reg D 506(b)
0000721748-17-000657	5348 Vegas Drive Suite 2015		Las Vegas	NV	92880	7029051212	Dr. William C. Foulk	Other	3868.0	0.0		0.0		0.0		3868.0	0.0			0.0	0.0	3868.0	3868.0	0.0		6132.0		0.0	-6132.0	0.0	0.0	AJSH & CO, LLP	true	true		true			Section 4(a)(2)
0000721748-17-000654	5348 Vegas Drive Suite 2015		Las Vegas	NV	92880	8434437378	Adm S. Tracy	Other	3868.0	0.0		0.0		0.0		3868.0	0.0			0.0	0.0	3868.0	3868.0	0.0		6132.0		0.0	-6132.0	0.0	0.0	AJSH & CO, LLP	true	true	true	true			Section 4(a)(2)
0001699683-17-000027	16-017, 85 BROAD STREET		NEW YORK	NY	10004	9088640096	Andy Altahawi/Adamson Brothers	Other	75.0	0.0		298786.0		0.0		298861.0	280952.0			12000.0	293827.0	5034.0	298861.0	298786.0		280952.0		12000.0	17834.0	0.0	0.0	AJSH & Co LLP	true	true	false	true	false	false	Section 4(a)(2) - an issuer not involved in any public offering. All securities sold to current directors only.
0001716949-17-000001	289 Jonesboro Rd,		McDonough	GA	30253	678-458-1671	Andy Altahawi	Other	10104.0	0.0		0.0		0.0		10104.0	28104.0			20000.0	48104.0	0.0	10104.0	0.0		0.0		0.0	0.0	0.0	0.0	Ankit Consulting Services Inc.	true	true	false	true	false	false	Section 4(a)(2) - an issuer not involved in any public offering. All securities sold to current directors only.
0001144204-17-048316	1051 S. COAST HWY 101	SUITE B	ENCINITAS	CA	92024	7604528702	Jamie Ostrow	Other	76165.0	0.0		62925.0		410229.0		1121478.0	269374.0			339762.0	634734.0	486744.0	1121478.0	1319264.0		697269.0		248374.0	-422670.0	-704.45	-704.45	dbbmckennon	true	true		true		true	
0000721748-17-000645	5348 Vegas Drive Suite 2015		Las Vegas	NV	92880	8434437378	Adm S. Tracy	Other	3868.0	0.0		0.0		0.0		3868.0	0.0			0.0	0.0	3868.0	3868.0	0.0		6132.0		0.0	-6132.0	0.0	0.0	AJSH & CO, LLP	true	true	true	true			Section 4(a)(2)
0001642079-17-000007	232 UNION BLVD		TOTOWA	NJ	07512	973-595-7775	Wilson X Bezerra	Other	177.0	0.0		0.0		0.0		177.0	0.0			20795.0	20795.0	-20618.0	177.0	0.0		0.0		0.0	0.0	0.0	0.0	PK Ramachandran	true	true	false	false	false	true	
0001712534-17-000007	2195 ARTHUR AVENUE		ELK GROVE VILLAGE	IL	60007	7737241313	Andy Altahawi/Adamson Brothers	Other	100.0	0.0		0.0		0.0		100.0	10000.0			5000.0	150000.0	-14900.0	100.0	0.0		0.0		0.0	0.0	0.0	0.0	IndigoSpire CPA Group, LLC	true	true	false	true	false	false	Section 4(a)(2) - an issuer not involved in any public offering. All securities sold to current directors only.
0001671132-17-000008	10901 ROOSEVELT BLVD	SUITE 1000C	SUITE 1000C	FL	33716	727-474-1810	Sam Talari	Other	239.0	0.0		50100.0		822259.0		872598.0	26788.0			940581.0	1210369.0	337771.0	872598.0	50100.0		375270.0		0.0	-375270.0	-0.08	-0.08	Turner, Stone & Company, L.L.P.	true	true	false	true	false	false	Private placement under Rule 506(c) of Regulation D of the Securities Act of 1933, as amended
0001144204-17-047922	544 Blair Boulevard		Eugene	OR	97402	541-683-6293	Andrew Stephenson	Other	414405.0	0.0		583.0		8805.0		518825.0	183821.0			325000.0	1144856.0	-626031.0	518825.0	0.0		0.0		7951.0	-1919479.0	-0.19	-0.19	dbbmckennon	true	true			true		Reg D 506(b)
0001567619-17-001957	5005 RIVERWAY DRIVE, SUITE 160		HOUSTON	TX	77056	469-440-8868	DEAN M. COLUCCI, DUANE MORRIS	Other	197296.0	250000.0		0.0		1445042.0		2982953.0	914535.0			0.0	914535.0	2068418.0	2982953.0	0.0		1131062.0		1770.0	-1132832.0	-1.36	-1.36	BDO USA, LLP	true	true	false	false	true	false	Section 4(a)(2); Rule 506.
0001582586-17-000044	106858 Hazelhurst Drive, No. 18541		HOUSTON	TX	77043	877-382-7662	Thomas DeNunzio	Other	0.0	0.0		0.0		0.0		0.0	15500.0			0.0	15500.0	-15500.0	0.0	0.0		0.0		0.0	0.0	0.0	0.0	MaloneBailey,LLP	true	true			true		Section 4(2) of the Act
0001493152-17-010502	4000 Legato Road	Suite 850	Fairfax	VA	22033	703-621-5853	Philip Magri / Magri Law, LLC	Other	1739545.0	0.0		11505252.0		34140.0		14316139.0	4963691.0			1784036.0	8004156.0	6311983.0	14316139.0	52463620.0		44766977.0		11350.0	1048792.0	0.09	0.09	BDO USA, LLP	true	true		true		true	
0001477932-17-004435	109 E. 17th Street	Suite 4634	Cheyenne	WY	82001	702-706-7011	Harold H. Martin, Esq.	Other	70110.0	0.0		0.0		0.0		70110.0	180174.0			0.0	180174.0	-110064.0	70110.0	0.0		4755.0		0.0	-6130.0	0.0	0.0	none	true	true	false		true	false	Section 4(2) of the Securities Act.
0001493152-17-010403	7970 S. KYRENE ROAD		TEMPE	AZ	85284	480-968-1488	LAURA ANTHONY	Other	4283216.0	0.0		3725431.0		0.0		14749739.0	604598.0			122777.0	4704060.0	10045679.0	14749739.0	9460852.0		3280412.0		117108.0	2049979.0	0.13	0.12	Friedman LLP	true	true			true		Section 4(a)(2) of the Securities Act of 1933, as amended for transactions by an issuer not involving any public offering.
0001214659-17-005555	23901 CALABASAS ROAD	SUITE 2010	CALABASAS	CA	93102	818-737-8000	Markley S. Roderick, Esq.	Other	0.0	0.0		20000.0		0.0		193253.0	201950.0			0.0	201950.0	-8697.0	193253.0	0.0		0.0		0.0	-8697.0	0.0	0.0	Artesian CPA, LLC	true	true		true		true	
0001144204-17-046787	925 NORTH LA BREA AVENUE		LOS ANGELES	CA	90038	800-317-2200	Howard Marks	Other	237640.0	1566836.0		139058.0		8294.0		2118317.0	234482.0			0.0	234482.0	1883835.0	2118317.0	770668.0		233375.0		1228.0	-1085941.0	-0.17	-0.17	dbbMcKennon	true	true		true		true	
0001144204-17-046780	75 Fifth Street, NW	Suite 2170	ATLANTA	GA	30308	404-850-9225	Nick Bhargava	Other	1065027.0	0.0		13216492.0		264419.0		14577241.0	10803044.0			0.0	13897778.0	679463.0	14577241.0	443188.0		33305.0		111247.0	-3736869.0	-3.3000000000000003	-3.3000000000000003		true	true		true			Regulation A, Rule 506 of Regulation D, and Rule 506 of Regulation D, respectively.
0001493152-17-010253	9720 Wilshire Blvd., Suite 500	Attn: Andrew Wiederhorn (CEO)	Beverly Hills	CA	90212	310-402-0600	Allen Sussman, Esq.	Other	0.0	0.0		12237000.0		0.0		22108000.0	3999000.0			0.0	6830000.0	15278000.0	22108000.0	10061000.0		3595000.0		0.0	4204000.0	0.0	0.0	Hutchinson & Bloodgood LLP	true	true			true	true	
0001144204-17-046449	Box 380	1630 30th Street Unit A	Boulder	CO	80301	917-570-5708	KYLIE MCNAMARA	Other	213684.0	0.0		0.0		113285.0		688934.0	104686.0			0.0	245000.0	443934.0	688934.0	1083844.0		776304.0		23520.0	-1740852.0	-0.37	-0.37	Artesian CPA, LLC	true	true			true	true	
0001213900-17-009394	205 E. 42nd St.		NEW YORK	NY	10017	800-236-6610	Sylvain Bellaiche	Other	28072.0	0.0		1264689.0		0.0		1454645.0	1626917.0			0.0	2569726.0	-1265081.0	1454645.0	148260.0		15672.0		0.0	-1270112.0	-0.49	-0.49	Cornick, Garber & Sandler, LLP	true	true			true		Section 4(a)(2) under the Securities Act of 1933 and Regulation D  thereunder
0001387131-17-004545	11601 Wilshire Boulevard	Suite 1690	Los Angeles	CA	90025	310-421-1030	Jeffrey Karsh	Other	1000.0	0.0		0.0		0.0		1000.0	0.0			0.0	0.0	1000.0	1000.0	0.0		0.0		0.0	0.0	0.0	0.0	RSM US LLP	true	true		true			Section 4(a)(2). Represents initial capitalization of issuer by sole stockholder.
0001144204-17-046381	1051 S. COAST HWY 101	SUITE B	ENCINITAS	CA	92024	7604528702	Sara Hanks	Other	76165.0	0.0		62925.0		410229.0		1121478.0	269374.0			339762.0	634734.0	486744.0	1121478.0	1319264.0		697269.0		248374.0	-422670.0	-704.45	-704.45	dbbmckennon	true	true		true		true	
0001213900-17-009373	7582 LAS VEGAS BLVD.		LAS VEGAS	NV	89123	702-721-9915	Mr. Darryl Payne	Other	46.0	0.0		0.0		0.0		46.0	20100.0			0.0	20100.0	-20064.0	46.0	4500.0		0.0		0.0	-42554.0	-0.04	-0.04	AJ Robbins CPA, LLC	true	true			true		The issuances of the shares were made in reliance on the exemption from registration provided in Section 4(a)(2) of the Securities Act for transactions not involving any public offering.
0001104659-17-055120	3003 32nd Avenue South		Fargo	ND	58103	701-239-8425	Randy Sparling	Other	6013577.0	0.0		3306527.0		342737596.0		361905005.0	10290635.0			253235248.0	263525883.0	46327585.0	361905005.0	41171146.0		27912417.0		7654901.0	5840579.0	0.84	0.84	Eide Bailly LLP	true	true	false	false	true	false	Section 4(a)(2) of the Securities Act as an issuance not involving a public offering
0001477932-17-004285	109 E. 17th Street	Suite 4634	Cheyenne	WY	82001	702-706-7011	Harold H. Martin, Esq.	Other	70110.0	0.0		0.0		0.0		70110.0	180174.0			0.0	180174.0	-110064.0	70110.0	0.0		4755.0		0.0	-6130.0	0.0	0.0	none	true	true	false		true	false	Section 4(2) of the Securities Act.
0001683168-17-002286	564 STEVENS AVENUE		SOLANA BEACH	CA	92075	858-225-8998	Jeanne Campanelli	Other	1175019.0	0.0		101105.0		296109.0		3440836.0	865124.0			2407333.0	4108766.0	-667930.0	3440836.0	6924728.0		3255597.0		163747.0	-2093801.0	-0.27	-0.27	dbbmckennon	true	true			true		Regulation Crowdfunding of the Securities Act.
0001699683-17-000023	16-017, 85 BROAD STREET		NEW YORK	NY	10004	9088640096	Andy Altahawi/Adamson Brothers	Other	75.0	0.0		298786.0		0.0		298861.0	280952.0			12000.0	293827.0	5034.0	298861.0	298786.0		280952.0		12000.0	17834.0	0.0	0.0	AJSH & Co LLP	true	true	false	true	false	false	Section 4(a)(2) - an issuer not involved in any public offering. All securities sold to current directors only.
0001445866-17-001285	2090 N. KOLB ROAD, STE 120.		TUCSON	AZ	85715	888-444-2102	J Martin Tate	Banking	0.0	0.0			81893.0		0.0	81893.0	20017.0		0.0	85051.0	105068.0	-23085.0	81893.0		0.0		0.0	0.0	23085.0	23085.0	0.0	dbbmckennon	true	true	false	false	true	false	506(b)
0001493152-17-010040	824 S. Duncan Drive		Tavares	FL	32778	352-508-7060	LAURA ANTHONY	Other	25100.0	0.0		0.0		0.0		25100.0	12550.0			0.0	12550.0	12550.0	25100.0	0.0		12450.0		0.0	-12450.0	0.0	0.0	Salberg & Company, P.A.	true	true		true			Section 4(a)(2) of the Securities Act of 1933, as amended for transactions by an issuer not involving any public offering.
0001477932-17-004260	2121 SW 3rd Ave.	Suite 601	Miami	FL	33129	305-351-2407	Randall S. Goulding, Esq.	Other	5542.0	0.0		70362.0		0.0		78964.0	9813.0			0.0	9813.0	69151.0	78964.0	0.0		-13349.0		0.0	-13349.0	0.0	0.0	Dazkal Bolton, LLP	true	true	false		true	false	'33 Act Section 3(b) and Regulation A as filed with the Commission thereunder
0001712534-17-000004	2195 ARTHUR AVENUE		ELK GROVE VILLAGE	IL	60007	7737241313	Andy Altahawi/Adamson Brothers	Other	100.0	0.0		0.0		0.0		100.0	10000.0			5000.0	150000.0	-14900.0	100.0	0.0		0.0		0.0	0.0	0.0	0.0	IndigoSpire CPA Group, LLC	true	true	false	true	false	false	Section 4(a)(2) - an issuer not involved in any public offering. All securities sold to current directors only.
0001144204-17-045742	11 Cypress Point		Amarillo	TX	79124-4910	619-616-3149	Carlos Arreola	Other	453.0	0.0		0.0		0.0		0.0	0.0			0.0	0.0	98344.0	0.0	0.0		97891.0		0.0	-97891.0	0.0	0.0		true	true			true	true	
0001144204-17-045693	121 New York Avenue		Trenton	NJ	08638	609-656-5100	Sara Hanks	Other	1847286.0	0.0		4417313.0		978946.0		7427085.0	1673861.0			520721.0	5344468.0	2082617.0	7427085.0	9960446.0		8545969.0		70771.0	1414477.0	0.0	0.0	BDO USA LLP and Keiter	true	true			true		Section 4(a)(2) of the Securities Act as transactions by an issuer not invloving any public offering.
0001477932-17-004241	1900 E. Golf Road	Suite 950	Schaumburg	IL	60173	888-525-0010	Randall S. Goulding, Esq.	Other	172.0	0.0		0.0		0.0		172.0	42715.0			0.0	42715.0	-42543.0	172.0	0.0		0.0		0.0	-42743.0	-0.03	-0.03	Ankit Consulting Services	true	true	false		true	false	Securities Act Section 4(a)(2) and Rule 506 thereunder.
0001213900-17-009263	7582 LAS VEGAS BLVD.		LAS VEGAS	NV	89123	702-721-9915	Mr. Darryl Payne	Other	46.0	0.0		0.0		0.0		46.0	20100.0			0.0	20100.0	-20064.0	46.0	4500.0		0.0		0.0	-42554.0	-0.04	-0.04	AJ Robbins CPA, LLC	true	true			true		The issuances of the shares were made in reliance on the exemption from registration provided in Section 4(a)(2) of the Securities Act for transactions not involving any public offering.
0001681287-17-000013	616 CORPORATE WAY, SUITE 2-6564,		VALLEY COTTAGE	NY	10989	845-510-5888	Andy Altahawi	Other	183898.44	0.0		0.0		768162.86		952061.3	16919.37			20188.0	37107.37	914953.93	952061.3	180000.0		192364.57		0.0	-12364.57	0.0	0.0	N/A	true	true	false	false	true	false	Section 4(a)(2) and sections 4(a)(6) and 4A of the Securities Act of 1933 and Crowdfunding 227.100-503) and
0001144204-17-045466	8899 BEVERLY BLVD	SUITE 600	WEST HOLLYWOOD	CA	90048	888-246-7163	Andrew Stephenson, Esq.	Other	179012.0	0.0		402002.0		16689.0		1530136.0	1358122.0			0.0	2876659.0	-1346523.0	1530136.0	2500306.0		1541664.0		42218.0	-2260910.0	-0.24	-0.24	Artesian CPA, LLC	true	true			true		Regulation A and Section 4(a)(2)
0001213900-17-009237	PO Box 443		Allentown	PA	18105	610-217-3275	John E. Lux, Esq.	Other	1394.0	77551.0		206600.0		0.0		285545.0	220000.0			0.0	220000.0	65545.0	285545.0	0.0		4104.0		0.0	-4104.0	0.0	0.0		true	true	true	true			Securities Act section 4(a)(2)
0001642079-17-000006	232 UNION BLVD		TOTOWA	NJ	07512	973-595-7775	WILSON X BEZERRA	Other	177.0	0.0		0.0		0.0		177.0	0.0			20795.0	20795.0	-20618.0	177.0	0.0		0.0		0.0	0.0	0.0	0.0	PK Ramachandran	true	true	false	false	true	true	
0001698370-17-000009	100 KALAMALKA LAKE ROAD	UNIT 32	VERNON	A1	V1T 9G1	778-389-9933	Alixe Cormick	Other	634582.0	50.0		66179.0		12356.0		771623.0	281651.0			63169.0	344820.0	-426803.0	771623.0	374438.0		279072.0		16732.0	-1743050.0	-0.03	-0.03	Davidson & Company LLP	true	true	false	false	true	false	Regulation S - All sales were made to non-American residents.
0001214659-17-005303	2323 Broadway		Oakland	CA	94612	424-262-6683	Brian S. Korn, Esq.	Other	277202.0	0.0		0.0		0.0		277202.0	86698.0			57000.0	333698.0	-56496.0	277202.0	600.0		1454.0		0.0	-56556.0	-0.01	-0.01	dbbmckennon	true	true		true			(i) Section 4(a)(2) of the 1933 Act; (ii) Rule 506(c) of Regulation D; and (iii) Rule 506(c) of Regulation D.
0000721748-17-000577	7950 NW 53rd Street, Suite 337		Miami	FL	33166	410-733-6551	John E. Lux, Esq.	Other	239.0	0.0		0.0		0.0		239.0	520823.0			0.0	520823.0	-520824.0	239.0	0.0		134761.0		0.0	-134761.0	0.0	0.0		true	true	true	true			Securities Act of 1933, Section 4(2), sales to persons related to company officers and directors
0001615774-17-004737	5000 W. Tilghman Street, Suite 249		Allentown	PA	18104-9109	484-712-7372	Melissa L. Lucar - Geraci Law	Other	1000.0	0.0		0.0		0.0		1000.0	0.0			0.0	0.0	1000.0	1000.0	0.0		0.0		0.0	0.0	0.0	0.0	Spiegel Accountancy Corporation	true	true	false	true	false	false	Notes Payable offered by Conquest Funding, Inc., a Pennsylvania corporation. Offering exempt from registration under Regulation D Rule 506(b).
0001582586-17-000042	106858 Hazelhurst Drive, No. 18541		HOUSTON	TX	77043	877-382-7662	Thomas DeNunzio	Other	0.0	0.0		0.0		0.0		0.0	15500.0			0.0	15500.0	-15500.0	0.0	0.0		0.0		0.0	0.0	0.0	0.0	MaloneBailey,LLP	true	true			true		Section 4(2) of the Act
0001214659-17-005264	2323 Broadway		Oakland	CA	94612	424-262-6683	Brian S. Korn, Esq.	Other	277202.0	0.0		0.0		0.0		277202.0	86698.0			57000.0	333698.0	-56496.0	277202.0	600.0		1454.0		0.0	-56556.0	-0.01	-0.01	dbbmckennon	true	true		true			(i) Section 4(a)(2) of the 1933 Act; (ii) Rule 506(c) of Regulation D; and (iii) Rule 506(c) of Regulation D.
0001144204-17-044842	13000 CONTROL TOWER RD	SUITE 217	ENGLEWOOD	CO	80112	3035035660	Sara Hanks	Other	67326.0	0.0		0.0		0.0		296716.0	1691077.0			0.0	1691077.0	-1394361.0	296716.0	0.0		0.0		0.0	-431584.0	0.0	0.0	EKS&H LLLP	true	true			true		Regulation A of the Securities Act of 1933
0001213900-17-009046	2407 Columbia Pike, Suite 200		ARLINGTON	VA	22204	703-920-2200	Markley S. Roderick, Esq.	Other	0.0	0.0		0.0		0.0		48646.0	51660.0			0.0	51660.0	-3014.0	48646.0	0.0		0.0		0.0	-1874.0	-9.370000000000001	-9.370000000000001	Artesian CPA, LLC	true	true		true		true	
0001387131-17-004349	11601 Wilshire Boulevard	Suite 1690	Los Angeles	CA	90025	310-421-1030	Jeffrey Karsh	Other	1000.0	0.0		0.0		0.0		1000.0	0.0			0.0	0.0	1000.0	1000.0	0.0		0.0		0.0	0.0	0.0	0.0	RSM US LLP	true	true		true			Section 4(a)(2). Represents initial capitalization of issuer by sole stockholder.
0001144204-17-044369	6340 SOUTH 3000 EAST	SUITE 500	SALT LAKE CITY	UT	84121	801-278-0700	David Roberts	Other	10000.0	0.0		0.0		0.0		10000.0	0.0			0.0	0.0	10000.0	10000.0	0.0		0.0		0.0	0.0	0.0	0.0	Ernst & Young LLP	true	true	true		true		Section 4(a)(2) of the Securities Act
0001688804-17-000020	41 W. 25TH STREET	8TH FLOOR	NEW YORK	NY	10010	3479528058	Max Niederste-Ostholt	Other	0.0	0.0		0.0		301621.0		301621.0	15825.0			286471.0	302296.0	-675.0	301621.0	0.0		1731.0		0.0	-1731.0	0.0	0.0	EisnerAmper LLP	true	true	false	true	false	false	Rule 506(c) - sale to verified accredited investors of interests in Series #77LE1
0001642079-17-000005	232 UNION BLVD		TOTOWA	NJ	07512	973-595-7775	WILSON X BEZERRA	Other	177.0	0.0		0.0		0.0		177.0	0.0			20795.0	20795.0	-20618.0	177.0	0.0		0.0		0.0	0.0	0.0	0.0	PK Ramachandran	true	true	false	false	true	true	
0001144204-17-044245	1938-C COLUMBIA AVENUE, BOX 670		Rossland	A1	V0G 1Y0	250-362-7384	Jeffrey Marks	Other	912578.0	0.0		332670.0		9151761.0		23463426.0	636910.0			28844066.0	30502966.0	7039540.0	23463426.0	6532166.0		5831694.0		653882.0	3880346.0	-1.24	-0.56	HRP CPAs	true	true		true			Securities were sold under applicable Canadian law exemptions.
0001677159-17-000007	6740 GREENBRIAR CURVE		SHAKOPEE	MN	55379	7604436744	Andy Altahawi	Other	1500.0	0.0		0.0		0.0		1500.0	0.0			0.0	0.0	0.0	1500.0	0.0		0.0		0.0	0.0	0.0	0.0	IndigoSpair CPA Group	true	true	false	true	false	false	Section 4(a)(2) - an issuer not involved in any public offering. All securities sold to current directors only.
0001144204-17-044213	Box 380	1630 30th Street Unit A	Boulder	CO	80301	917-570-5708	KYLIE MCNAMARA	Other	213684.0	0.0		0.0		113285.0		688934.0	104686.0			0.0	245000.0	443934.0	688934.0	1083844.0		776304.0		23520.0	-1740852.0	-0.37	-0.37	Artesian CPA, LLC	true	true			true	true	
0001144204-17-043600	8899 BEVERLY BLVD	SUITE 600	WEST HOLLYWOOD	CA	90048	888-246-7163	Andrew Stephenson, Esq.	Other	179012.0	0.0		402002.0		16689.0		1530136.0	1358122.0			0.0	2876659.0	-1346523.0	1530136.0	2500306.0		1541664.0		42218.0	-2260910.0	-0.24	-0.24	Artesian CPA, LLC	true	true			true		Regulation A and Section 4(a)(2)
0001387131-17-004229	555 Madison Avenue	6th Floor	New York	NY	10022	212-692-5540	Evan Hudson	Other	1000.0	0.0		0.0		0.0		1000.0	0.0			0.0	0.0	1000.0	1000.0	0.0		0.0		0.0	0.0	0.0	0.0	Artesian CPA, LLC	true	true		true			Commencement Capital LLC has purchased 100 common shares for a purchase price of $1,000 in a private offering. Such issuance was exempt from the registration requirements of the Securities Act pursuant to Section 4(a)(2) thereof.
0001144204-17-043466	1051 S. COAST HWY 101	SUITE B	ENCINITAS	CA	92024	7604528702	Sara Hanks	Other	76165.0	0.0		62925.0		410229.0		1121478.0	269374.0			339762.0	634734.0	486744.0	1121478.0	1319264.0		697269.0		248374.0	-422670.0	-704.45	-704.45	dbbmckennon	true	true		true		true	
0001493152-17-009378	20511 Abbey Drive		Frankfort	IL	60423	612-964-7334	Mr. Geoff Thompson	Other	301.0	0.0		0.0		0.0		301.0	1722.0			0.0	1722.0	-1421.0	301.0	0.0		63539.0		0.0	-64171.0	0.0	0.0	AJ Robbins	true	true	true		true		REG A, previously filed and qualified Tier II Offering.
0001214659-17-005100	23901 CALABASAS ROAD	SUITE 2010	CALABASAS	CA	93102	818-737-8000	Markley S. Roderick, Esq.	Other	0.0	0.0		20000.0		0.0		193253.0	201950.0			0.0	201950.0	-8697.0	193253.0	0.0		0.0		0.0	-8697.0	0.0	0.0	Artesian CPA, LLC	true	true		true		true	
0000721748-17-000529	7950 NW 53rd Street, Suite 337		Miami	FL	33166	410-733-6551	John E. Lux, Esq.	Other	239.0	0.0		0.0		0.0		239.0	520823.0			0.0	520823.0	-520824.0	239.0	0.0		134761.0		0.0	-134761.0	0.0	0.0		true	true	true	true			Securities Act of 1933, Section 4(2), sales to persons related to company officers and directors
0001144204-17-042603	75 Fifth Street, NW	Suite 2170	ATLANTA	GA	30308	404-850-9225	Nick Bhargava	Other	1065027.0	0.0		13216492.0		264419.0		14577241.0	10803044.0			0.0	13897778.0	679463.0	14577241.0	443188.0		33305.0		111247.0	-3736869.0	-3.3000000000000003	-3.3000000000000003		true	true		true			Regulation A, Rule 506 of Regulation D, and Rule 506 of Regulation D, respectively.
0001144204-17-042571	544 Blair Boulevard		Eugene	OR	97402	541-683-6293	Andrew Stephenson	Other	414405.0	0.0		583.0		8805.0		518825.0	183821.0			325000.0	1144856.0	-626031.0	518825.0	0.0		0.0		7951.0	-1919479.0	-0.19	-0.19	dbbmckennon	true	true			true		Reg D 506(b)
0001144204-17-042376	1601 CONNECTICUT AVENUE NW	SUITE 300	WASHINGTON	DC	20009	202-584-0550	Benjamin S. Miller	Other	5000.0	0.0		0.0		0.0		5000.0	0.0			0.0	0.0	5000.0	5000.0	0.0		0.0		0.0	0.0	0.0	0.0	RSM US LLP	true	true		true			Rise Companies Corp. has purchased 500 common shares for a purchase price of $5,000 in a private offering. Such issuance was exempt from the registration requirements of the Securities Act pursuant to Section 4(a)(2) thereof.
0001144204-17-042187	11 Cypress Point		Amarillo	TX	79124-4910	619-616-3149	Carlos Arreola	Other	453.0	0.0		0.0		0.0		0.0	0.0			0.0	0.0	98344.0	0.0	0.0		97891.0		0.0	-97891.0	0.0	0.0		true	true			true	true	
0001477932-17-003795	109 E. 17th Street	Suite 4634	Cheyenne	WY	82001	702-706-7011	Harold H. Martin, Esq.	Other	70110.0	0.0		0.0		0.0		70110.0	180174.0			0.0	180174.0	-110064.0	70110.0	0.0		4755.0		0.0	-6130.0	0.0	0.0	none	true	true	false		true	false	Section 4(2) of the Securities Act.
0001699683-17-000016	16-017, 85 BROAD STREET		NEW YORK	NY	10004	9088640096	Andy Altahawi/Adamson Brothers	Other	75.0	0.0		298786.0		0.0		298861.0	280952.0			12000.0	293827.0	5034.0	298861.0	298786.0		280952.0		12000.0	17834.0	0.0	0.0	AJSH & Co LLP	true	true	false	false	true	false	Section 4(a)(2) - an issuer not involved in any public offering. All securities sold to current directors only.
0001567619-17-001647	5005 RIVERWAY DRIVE, SUITE 160		HOUSTON	TX	77056	469-440-8868	DEAN M. COLUCCI, DUANE MORRIS	Other	197296.0	250000.0		0.0		1445042.0		2982953.0	914535.0			0.0	914535.0	2068418.0	2982953.0	0.0		1131062.0		1770.0	-1132832.0	-1.36	-1.36	BDO USA, LLP	true	true	false	false	true	false	Section 4(a)(2); Rule 506.
0001144204-17-041252	132 E. Putnam Avenue	Floor 2W	Cos Cob	CT	06807	855-398-0443	Jeffrey M. Gallant	Other	507247.0	0.0		151417.0		0.0		11817917.0	1756348.0			0.0	8193371.0	3624546.0	11817917.0	8118632.0		3155668.0		0.0	781133.0	0.09	0.09	Rosenfield and Company, PLLC	true	true			true		Private Placements for Class A common stock were conducted under Rule 506(b) to accredited investors without general solicitation. Class B common stock was issued to affiliated company under Section 4(a)(2) exemption.
0001144204-17-041153	8899 BEVERLY BLVD	SUITE 600	WEST HOLLYWOOD	CA	90048	888-246-7163	Andrew Stephenson, Esq.	Other	179012.0	0.0		402002.0		16689.0		1530136.0	1358122.0			0.0	2876659.0	-1346523.0	1530136.0	2500306.0		1541664.0		42218.0	-2260910.0	-0.24	-0.24	Artesian CPA, LLC	true	true			true		Regulation A and Section 4(a)(2)
0001144204-17-040975	544 Blair Boulevard		Eugene	OR	97402	541-683-6293	Andrew Stephenson	Other	414405.0	0.0		583.0		8805.0		518825.0	183821.0			325000.0	1144856.0	-626031.0	518825.0	0.0		0.0		7951.0	-1919479.0	-0.19	-0.19	dbbmckennon	true	true			true		Reg D 506(b)
0001671132-17-000006	10901 ROOSEVELT BLVD	SUITE 1000C	SUITE 1000C	FL	33716	727-474-1810	Sam Talari	Other	239.0	0.0		50100.0		822259.0		872598.0	26788.0			940581.0	1210369.0	337771.0	872598.0	50100.0		375270.0		0.0	-375270.0	-0.08	-0.08	Turner, Stone & Company, L.L.P.	true	true	false	true	false	false	Private placement under Rule 506(c) of Regulation D of the Securities Act of 1933, as amended
0001104659-17-049637	10780 SANTA MONICA BLVD	SUITE 140	LOS ANGELES	CA	90025	310-907-7129	Lauren B. Prevost	Other	0.0	0.0		15778.0		0.0		15778.0	18311.0			0.0	18311.0	-2533.0	15778.0	0.0		2533.0		0.0	-2533.0	0.0	0.0	CohnReznick LLP	true	true	false	false	true		Section 4(2) of the Securities Act. The transaction was seed capital investment from the sponsor and was not made pursuant to a public offering.
0001477932-17-003679	1900 E. Golf Road	Suite 950	Schaumburg	IL	60173	888-525-0010	Randall S. Goulding, Esq.	Other	172.0	0.0		0.0		0.0		172.0	42715.0			0.0	42715.0	-42543.0	172.0	0.0		0.0		0.0	-42743.0	-0.03	-0.03	Ankit Consulting Services	true	true	false		true	false	Securities Act Section 4(a)(2) and Rule 506 thereunder.
0001477932-17-003675	711 Berkshire Court		Downers Grove	IL	60516	888-525-0010	Randall S. Goulding, Esq.	Other	172.0	0.0		0.0		0.0		172.0	42715.0			0.0	42715.0	-42543.0	172.0	0.0		0.0		0.0	-42743.0	-0.03	-0.03	Ankit Consulting Services	true	true	false		true	false	Securities Act Section 4(a)(2) and Rule 506 thereunder.
0001144204-17-040579	13000 CONTROL TOWER RD	SUITE 217	ENGLEWOOD	CO	80112	3035035660	Sara Hanks	Other	67326.0	0.0		0.0		0.0		296716.0	1691077.0			0.0	1691077.0	-1394361.0	296716.0	0.0		0.0		0.0	-431584.0	0.0	0.0	EKS&H LLLP	true	true			true		Regulation A of the Securities Act of 1933 (continuing offer)
0001376474-17-000207	59 WEST 100 SOUTH	SECOND FLOOR	SALT LAKE CITY	UT	84101	801-575-8073	Brian Lebrecht	Other	670352.0	0.0		226699.0		2048343.0		5461969.0	3757550.0			566212.0	9197803.0	-12534693.0	5461969.0	14841029.0		8333956.0		500485.0	-3432320.0	-0.02	-0.02	Sadler Gibb & Associates, LLC	true	true	false	true	false	false	Rule 4(a)(2), Rule 506(b)
0001387131-17-003837	11601 Wilshire Boulevard	Suite 1690	Los Angeles	CA	90025	310-421-1030	Jeffrey Karsh	Other	1000.0	0.0		0.0		0.0		1000.0	0.0			0.0	0.0	1000.0	1000.0	0.0		0.0		0.0	0.0	0.0	0.0	RSM US LLP	true	true		true			Section 4(a)(2). Represents initial capitalization of issuer by sole stockholder.
0001213900-17-008134	7582 LAS VEGAS BLVD.		LAS VEGAS	NV	89123	702-721-9915	Mr. Darryl Payne	Other	46.0	0.0		0.0		0.0		46.0	20100.0			0.0	20100.0	-20064.0	46.0	4500.0		0.0		0.0	-42554.0	-0.04	-0.04	AJ Robbins CPA, LLC	true	true			true		The issuances of the shares were made in reliance on the exemption from registration provided in Section 4(a)(2) of the Securities Act for transactions not involving any public offering.
0001493152-17-008336	20511 Abbey Drive		Frankfort	IL	60423	612-964-7334	Mr. Geoff Thompson	Other	301.0	0.0		0.0		0.0		301.0	1722.0			0.0	1722.0	-1421.0	301.0	0.0		63539.0		0.0	-64171.0	0.0	0.0	AJ Robbins	true	true	true		true		REG A, previously filed and qualified Tier II Offering.
0001144204-17-039247	544 Blair Boulevard		Eugene	OR	97402	541-683-6293	Andrew Stephenson	Other	414405.0	0.0		583.0		8805.0		518825.0	183821.0			325000.0	1144856.0	-626031.0	518825.0	0.0		0.0		7951.0	-1919479.0	-0.39	-0.39	dbbmckennon	true	true			true		Reg D 506(b)
0001213900-17-008067	14 LIVE OAK ST.	SUITE A	GULF BREEZE	FL	32561	850-677-0935	Raziel Atuar	Other	87000.0	0.0		127000.0		25000.0		239000.0	72000.0			147000.0	783000.0	-544000.0	239000.0	319000.0		262000.0		6000.0	-346000.0	-0.02	-0.02	Brightman Almagor Zohan & Co., a member firm of Deloitte Touche Tohmatsu	true	true		true			16,667 and 55,556 shares of common stock were issued pursuant to exemptions from the registration requirements of the Securities Act of 1933, as amended, including Section 4(a)(2) thereof and Rule 506(b) of Regulation D thereunder.
0000721748-17-000479	7950 NW 53rd Street, Suite 337		Miami	FL	33166	410-733-6551	John E. Lux, Esq.	Other	0.0	0.0		0.0		0.0		0.0	455823.0			0.0	455823.0	-455823.0	0.0	0.0		70000.0		0.0	-70000.0	0.0	0.0		true	true	true	true			Securities Act of 1933, Section 4(2), sales to persons related to company officers and directors
0001144204-17-038986	11 S. 12th Street	Suite 401	Richmond	VA	23219	804-344-4435	Thomas G. Voekler, Esq.	Other	82.0	0.0		0.0		0.0		82.0	290795.0			0.0	290795.0	-290713.0	82.0	0.0		0.0		0.0	-46247.0	0.0	0.0	Keiter, Stephens, Hurst, Gary and Shreaves, PC	true	true			true	true	
0001642079-17-000004	232 UNION BLVD		TOTOWA	NJ	07512	973-595-7775	WILSON X BEZERRA	Other	215.0	0.0		0.0		2000000.0		2000215.0	0.0			825000.0	825000.0	1175215.0	2000215.0	0.0		0.0		0.0	0.0	0.0	0.0	Parameswara K Ramachandran	true	true	false	false	true	true	
0001683168-17-001870	999 18th Street, Suite 3000		Denver	CO	80202	719-399-3205	Francesca Albano	Other	40.0	0.0		0.0		0.0		40.0	5600.0			0.0	5600.0	-5560.0	40.0	0.0		16060.0		0.0	-16060.0	0.0	0.0	Salberg & Company, P.A.	true	true		true			Section 4(2) of the Securities Act of 1933 relating to transactions not involving a public offering.
0001688804-17-000012	41 W. 25TH STREET	8TH FLOOR	NEW YORK	NY	10010	3479528058	Max Niederste-Ostholt	Other	0.0	0.0		0.0		301621.0		301621.0	15825.0			286471.0	302296.0	-675.0	301621.0	0.0		1731.0		0.0	-1731.0	0.0	0.0	EisnerAmper LLP	true	true	false	true	false	false	Rule 506(c) - sale to verified accredited investors of interests in Series #77LE1
0001712534-17-000002	2195 Arthur Avenue		Elk Grove Village	IL	60007	7737241313	Andy Altahawi/Adamson Brothers	Other	100.0	0.0		0.0		0.0		100.0	10000.0			5000.0	150000.0	-14900.0	100.0	0.0		0.0		0.0	0.0	0.0	0.0	IndigoSpire CPA Group, LLC	true	true	false	true	false	false	Section 4(a)(2) - an issuer not involved in any public offering. All securities sold to current directors only.
0001477932-17-003526	496 Delaney Ave	Ste 408	Orlando	FL	32801	866-500-4500	Jillian Sidoti	Other	10000.0	0.0		0.0		0.0		10000.0	0.0			0.0	0.0	10000.0	10000.0	0.0		0.0		0.0	0.0	0.0	0.0	Spiegel Accountancy Corp.	true	true	false	true		true	
0001144204-17-038087	5101 COLLINS AVENUE		MIAMI	FL	33140	787-900-5048	Bracha Pollack	Other	0.0	0.0		0.0		64533276.0		70425976.0	5365043.0			34000000.0	39365043.0	31060933.0	70425976.0	0.0		0.0		0.0	0.0	0.0	0.0	Anton & Chia	true	true			true	true	
0001445866-17-001046	7083 HOLLYWOOD BLVD		LOS ANGELES	CA	90028	424-354-5015	Steven Samblis	Other	4761.68	0.0		0.0		0.0		4761.68	0.0			0.0	0.0	4761.68	4761.68	0.0		124.85000000000001		0.0	-124.85000000000001	0.0	0.0		true	true	false	false	true	true	
0001144204-17-038015	23823 MALIBU ROAD, SUITE 50#129		MALIBU	CA	90265	310-487-4889	Jeffrey S. Marks	Other	0.0	0.0		0.0		0.0		0.0	0.0			0.0	0.0	0.0	0.0	0.0		0.0		0.0	0.0	0.0	0.0	dbbmckennon	true	true		true		true	
0001144204-17-038012	23823 MALIBU ROAD, SUITE 50 #129		MALIBU	CA	90265	310-487-4889	Jeffrey S. Marks	Other	830.0	0.0		0.0		0.0		830.0	800.0			0.0	800.0	30.0	830.0	0.0		41323.0		0.0	-42123.0	-0.02	-0.02	dbbmckennon	true	true		true		true	
0001642079-17-000002	232 UNION BLVD		TOTOWA	NJ	07512	973-595-7775	WILSON X BEZERRA	Other	215.0	0.0		0.0		2000000.0		2000215.0	0.0			825000.0	825000.0	1175215.0	2000215.0	0.0		0.0		0.0	0.0	0.0	0.0	Parameswara K Ramachandran	true	true	false	false	true	true	
0001477932-17-003490	2121 SW 3rd Ave.	Suite 601	Miami	FL	33129	305-351-2407	Randall S. Goulding, Esq.	Other	5542.0	0.0		70362.0		0.0		78964.0	9813.0			0.0	9813.0	69151.0	78964.0	0.0		-13349.0		0.0	-13349.0	0.0	0.0	Dazkal Bolton, LLP	true	true	false		true	false	'33 Act Section 3(b) and Regulation A as filed with the Commission thereunder
0001213900-17-007830	301 E. PINE ST	SUITE 850	ORLANDO	FL	32801	407-986-4234	James S. Byrd, Jr.	Other	1813778.0	0.0		7412.0		4481.0		1842716.0	12002.0			1072000.0	1084002.0	758714.0	1842716.0	8440.0		781749.0		0.0	-773309.0	-0.03	-0.03	Soles, Heyn & Company LLP	true	true		true			N/A
0001144204-17-037636	75 Fifth Street, NW	Suite 2170	ATLANTA	GA	30308	404-850-9225	Nick Bhargava	Other	1065027.0	0.0		13216492.0		264419.0		14577241.0	10803044.0			0.0	13897778.0	679463.0	14577241.0	443188.0		33305.0		111247.0	-3736869.0	-3.3000000000000003	-3.3000000000000003		true	true		true			Regulation A, Rule 506 of Regulation D, and Rule 506 of Regulation D, respectively.
0001571049-17-006838	1 Hudson Street		Kinderhook	NY	12106	518-758-7101	Jennifer L. DiBella	Banking	15777.0	99687.0			328262.0		10578.0	466613.0	158.0		404918.0	11881.0	429984.0	36630.0	466613.0		4269.0		682.0	128.0	398.0	0.33	0.33	Baker Newman & Noyes, LLC	true	true		true		true	
0001144204-17-037465	8899 BEVERLY BLVD	SUITE 600	WEST HOLLYWOOD	CA	90048	888-246-7163	Andrew Stephenson, Esq.	Other	179012.0	0.0		402002.0		16689.0		1530136.0	1358122.0			0.0	2876659.0	-1346523.0	1530136.0	2500306.0		1541664.0		42218.0	-2260910.0	-0.24	-0.24	Artesian CPA, LLC	true	true			true		Regulation A and Section 4(a)(2)
0001144204-17-037373	1980 Teasel Court		Woodbridge	VA	22192	703-986-3162	Govinda Giri	Other	295383.0	0.0		0.0		14322.0		349225.0	117766.0			0.0	1204329.0	-855104.0	349225.0	0.0		0.0		0.0	-624524.0	-0.19	-0.19	Artesian CPA LLC	true	true		true			Private placement in reliance on Rule 506 under the Securities Act; the second offering of Class C Common Stock referred to above was sold under Regulation A of the Securities Act
0001699683-17-000014	16-017, 85 Broad Street		New York	NY	10004	9088640096	Andy Altahawi/Adamson Brothers	Other	75.0	0.0		298786.0		0.0		298861.0	280952.0			12000.0	293827.0	5034.0	298861.0	298786.0		280952.0		12000.0	17834.0	0.0	0.0	AJSH & Co LLP	true	true	false	false	true	false	Section 4(a)(2) - an issuer not involved in any public offering. All securities sold to current directors only.
0001144204-17-037071	1601 CONNECTICUT AVENUE NW, STE 300		WASHINGTON	DC	20009	202-584-0550	Benjamin S. Miller	Other	25055000.0	0.0		5680000.0		429000.0		171740000.0	9863000.0			31075000.0	42126000.0	129614000.0	171740000.0	13037000.0		7763000.0		0.0	-2556000.0	-0.33	-0.33	Aronson LLC	true	true	false	true	false	false	These purchases of shares in private offerings were exempt from the registration requirements of the Securities Act pursuant to Section 4(a)(2) thereof.
0001144204-17-037053	23823 MALIBU ROAD, SUITE 50 #129		MALIBU	CA	90265	310-487-4889	Jeffrey S. Marks	Other	830.0	0.0		0.0		0.0		830.0	800.0			0.0	800.0	30.0	830.0	0.0		41323.0		0.0	-42123.0	-0.02	-0.02	dbbmckennon	true	true	false	true	false	true	
0001144204-17-037054	23823 MALIBU ROAD, SUITE 50#129		MALIBU	CA	90265	310-487-4889	Jeffrey S. Marks	Other	0.0	0.0		0.0		0.0		0.0	0.0			0.0	0.0	0.0	0.0	0.0		0.0		0.0	0.0	0.0	0.0	dbbmckennon	true	true	false	true	false	true	
0001437749-17-012650	6165 GREENWICH DRIVE	SUITE 150	SAN DIEGO	CA	92122	310-444-4321	Joe Tagliaferro, Esq.	Other	0.0	0.0		0.0		12176.0		102563.0	26445.0			0.0	39600.0	62963.0	102563.0	0.0		839235.0		0.0	-839235.0	-0.02	-0.02	EisnerAmper LLP	true	true	true	false	true	true	
0001571049-17-006702	1 Hudson Street		Kinderhook	NY	12106	518-758-7101	Jennifer L. DiBella	Banking	15777.0	99687.0			328262.0		10578.0	466613.0	158.0		404918.0	11881.0	429984.0	36630.0	466613.0		4269.0		682.0	128.0	398.0	0.33	0.33	Baker Newman & Noyes, LLC	true	true		true		true	
0001582586-17-000035	106858 Hazelhurst Drive, No. 18541		HOUSTON	TX	77043	877-382-7662	Thomas DeNunzio	Other	0.0	0.0		0.0		0.0		0.0	15500.0			0.0	15500.0	-15500.0	0.0	0.0		0.0		0.0	0.0	0.0	0.0	MaloneBailey,LLP	true	true			true		Section 4(2) of the Act
0001688804-17-000010	41 W. 25TH STREET	8TH FLOOR	NEW YORK	NY	10010	3479528058	Max Niederste-Ostholt	Other	0.0	0.0		0.0		301621.0		301621.0	15825.0			286471.0	302296.0	-675.0	301621.0	0.0		1731.0		0.0	-1731.0	0.0	0.0	EisnerAmper LLP	true	true	false	true	false	false	Rule 506(c) - sale to verified accredited investors of interests in Series #77LE1
0001213900-17-007445	599 THIRD STREET	SUITE 211	SAN FRANCISCO	CA	94107	415-689-5605	Justin Bailey	Other	948646.0	0.0		2000.0		0.0		1042320.0	858306.0			0.0	940306.0	102014.0	1042320.0	9000.0		0.0		0.0	-2848778.0	-2853.18	-2853.18	Marcum LLP	true	true		true			Sec. 4(a)(2): Common Stock to issuer's parent; Reg. A and Rule 506(c): Fig Game Shares - PSY2; Rule 506(c): all other securities sales cited in (c)(1).
0001703429-17-000002	106858 Hazelhurst Drive, No. 18541		HOUSTON	TX	77043	877-382-7662	Thomas DeNunzio	Other	0.0	0.0		0.0		0.0		0.0	15500.0			0.0	15500.0	-15500.0	0.0	0.0		0.0		0.0	0.0	0.0	0.0	MaloneBailey,LLP	true	true			true		Section 4(2) of the Act
0001193125-17-226163	6340 South 3000 East		Salt Lake	UT	84121	801-278-0700	Darryl Steinhause	Other	10000.0	0.0		0.0		0.0		10000.0	0.0			0.0	0.0	10000.0	10000.0	0.0		0.0		0.0	0.0	0.0	0.0	Ernst & Young LLP	true	true	true	false		false	Section 4(2) of the Securities Act
0001213900-17-007428	301 E. PINE ST	SUITE 850	ORLANDO	FL	32801	407-986-4234	James S. Byrd, Jr.	Other	1813778.0	0.0		7412.0		4481.0		1842716.0	12002.0			1072000.0	1084002.0	758714.0	1842716.0	8440.0		781749.0		0.0	-773309.0	-0.03	-0.03	Soles, Heyn & Company LLP	true	true		true			N/A
0001687263-17-000008	FRANKLIN OGELE	230 S. TRYON ST, UNIT 607	CHARLOTTE	NC	28202	973-277-4239	FRANKLIN OGELE, ESQ	Other	1090.0	0.0		0.0		0.0		1090.0	3569.0			0.0	3569.0	2479.0	1090.0	0.0		5479.0		0.0	-5479.0	0.0	0.0	N/A	true	true	false	true	false	false	SECTION 4(a)(2). An issuer not involved in public offering. Shares sold to directors
0001144204-17-036354	132 E. Putnam Avenue	Floor 2W	Cos Cob	CT	06807	855-398-0443	Jeffrey M. Gallant	Other	507247.0	0.0		151417.0		0.0		11817917.0	1756348.0			0.0	8193371.0	3624546.0	11817917.0	8118632.0		3155668.0		0.0	781133.0	0.09	0.09	Rosenfield and Company, PLLC	true	true			true		Private Placements for Class A common stock were conducted under Rule 506(b) to accredited investors without general solicitation. Class B common stock was issued to affiliated company under Section 4(a)(2) exemption.
0001144204-17-036274	75 Fifth Street, NW	Suite 2170	ATLANTA	GA	30308	404-850-9225	Nick Bhargava	Other	1065027.0	0.0		13216492.0		264419.0		14577241.0	10803044.0			0.0	13897778.0	679463.0	14577241.0	443188.0		33305.0		111247.0	-3736869.0	-3.3000000000000003	-3.3000000000000003		true	true		true			Regulation A, Rule 506 of Regulation D, and Rule 506 of Regulation D, respectively.
0001213900-17-007322	14 LIVE OAK ST.	SUITE A	GULF BREEZE	FL	32561	850-677-0935	Raziel Atuar	Other	87000.0	0.0		127000.0		25000.0		239000.0	72000.0			147000.0	783000.0	-544000.0	239000.0	319000.0		262000.0		6000.0	-346000.0	-0.02	-0.02	Brightman Almagor Zohan & Co., a member firm of Deloitte Touche Tohmatsu	true	true		true			16,667 and 55,556 shares of common stock were issued pursuant to exemptions from the registration requirements of the Securities Act of 1933, as amended, including Section 4(a)(2) thereof and Rule 506(b) of Regulation D thereunder.
0001698370-17-000008	100 KALAMALKA LAKE ROAD	UNIT 32	VERNON	A1	V1T 9G1	778-389-9933	Alixe Cormick	Other	285201.0	50.0		530421.0		15629.0		951776.0	218574.0			74142.0	351594.0	600183.0	951776.0	272276.0		170615.0		2318.0	-1371718.0	-0.03	-0.03	Davidson & Company LLP	true	true	false	true	false	false	Regulation S - All sales were made to non-American residents.
0001214659-17-004390	23901 CALABASAS ROAD	SUITE 2010	CALABASAS	CA	93102	818-737-8000	Markley S. Roderick, Esq.	Other	0.0	0.0		0.0		0.0		0.0	0.0			0.0	0.0	0.0	0.0	0.0		0.0		0.0	0.0	0.0	0.0	Artesian CPA, LLC	true	true		true		true	
0001144204-17-036158	8899 BEVERLY BLVD	SUITE 600	WEST HOLLYWOOD	CA	90048	888-246-7163	Andrew Stephenson, Esq.	Other	179012.0	0.0		402002.0		16689.0		1530136.0	1358122.0			0.0	2876659.0	-1346523.0	1530136.0	2500306.0		1541664.0		42218.0	-2260910.0	-0.24	-0.24	Artesian CPA, LLC	true	true			true		Regulation A and Section 4(a)(2)
0001104659-17-044039	10780 SANTA MONICA BLVD	SUITE 140	LOS ANGELES	CA	90025	310-907-7129	Lauren B. Prevost	Other	0.0	0.0		15778.0		0.0		15778.0	18311.0			0.0	18311.0	-2533.0	15778.0	0.0		2533.0		0.0	-2533.0	0.0	0.0	CohnReznick LLP	true	true	false	false	true		Section 4(2) of the Securities Act. The transaction was seed capital investment from the sponsor and was not made pursuant to a public offering.
0001213900-17-007249	14 LIVE OAK ST.	SUITE A	GULF BREEZE	FL	32561	850-677-0935	Raziel Atuar	Other	87000.0	0.0		127000.0		25000.0		239000.0	72000.0			147000.0	783000.0	-544000.0	239000.0	319000.0		262000.0		6000.0	-346000.0	-0.02	-0.02	Brightman Almagor Zohan & Co., a member firm of Deloitte Touche Tohmatsu	true	true		true			16,667 and 55,556 shares of common stock were issued pursuant to exemptions from the registration requirements of the Securities Act of 1933, as amended, including Section 4(a)(2) thereof and Rule 506(b) of Regulation D thereunder.
0001699683-17-000013	205 CHUBB AVE		LYNDHUSRT	NJ	07071	9088640096	Andy Altahawi/Adamson Brothers	Other	75.0	0.0		298786.0		0.0		298861.0	280952.0			12000.0	293827.0	5034.0	298861.0	298786.0		280952.0		12000.0	17834.0	0.0	0.0	AJSH & Co LLP	true	true	false	true	false	false	Section 4(a)(2) - an issuer not involved in any public offering. All securities sold to current directors only.
0001623541-17-000007	6930 CARROLL AVENUE SUITE 432		TAKOMA PARK	MD	20912	3014528111	Neal Holtz	Other	4.0	0.0		0.0		7891.0		7895.0	53403.0			0.0	53403.0	-45508.0	7895.0	0.0		3144.0		0.0	-3144.0	0.0	0.0	KLJ & Associates, LLP	true	true	true	true	false	false	Section4(a)(2)
