ACCESSION_NUMBER	INDICATETIER1TIER2OFFERING	FINANCIALSTATEMENTAUDITSTATUS	OFFERDELAYEDCONTINUOUSFLAG	OFFERINGYEARFLAG	OFFERINGAFTERQUALIFFLAG	OFFERINGBESTEFFORTSFLAG	SOLICITATIONPROPOSEDOFFERFLAG	RESALESECURITIESAFFILIATESFLAG	SECURITIESOFFERED	OUTSTANDINGSECURITIES	PRICEPERSECURITY	ISSUERAGGREGATEOFFERING	SECURITYHOLDERAGGEGATE	QUALIFICATIONOFFERINGAGGREGATE	CONCURRENTOFFERINGAGGREGATE	TOTALAGGREGATEOFFERING	UNDERWRITERSERVICEPROVIDERNAME	UNDERWRITERSFEES	SALECOMMISSIONSSVCPROVIDERNAME	SALECOMMISSIONSSVCEROVIDERFEE	FINDERSFEESSERVICEPROVIDERNAME	FINDERFEESFEE	AUDITORSERVICEPROVIDERNAME	AUDITORFEES	LEGALSERVICEPROVIDERNAME	LEGALFEES	PROMOTERSSERVICEPROVIDERNAME	PROMOTERSFEES	BLUESKYSERVICEPROVIDERNAME	BLUESKYFEES	BROKERDEALERCRDNUMBER	ESTIMATEDNETAMOUNT	CLARIFICATIONRESPONSES
0001477932-17-004814	Tier2	Audited	Y	N	N	Y	N	N	50000	5260	1000.0	0.0	0.0	0.0	0.0	0.0	JCC Advisors, LLC	1000000.0	JCC Advisors, LLC	2500000.0		0.0	Eide Bailly LLP and Plante & Moran, PLLC	75000.0	Kaplan Voekler Cunningham & Frank PLC	200000.0	GK Development, Inc.	1000000.0	Kaplan Voekler Cunningham & Frank PLC	75000.0		44150000.0	
0001477932-17-004810	Tier2	Audited	Y	N	N	Y	N	N	2500000	25000000	3.0	7500000.0	0.0	0.0	0.0	7500000.0		0.0		0.0		0.0	Artesian CPA	7500.0	Williams Securities Law Firm, PA	50000.0		0.0		0.0		7350000.0	An additional $92,500.00 in miscellaneous offering expenses for which no category is listed above.
0001683168-17-002524	Tier2	Audited	Y	N	N	Y	Y	N	5000000	1000000	1.25	6250000.0	0.0	0.0	0.0	6250000.0							dbbmckennon	35000.0	KHLK, LLP	50000.0			Various States	20000.0	152550	5212500.0	
0001144204-17-050618	Tier2	Audited	Y	Y	N	Y	N	N	5000000	2280300	10.0	27197000.0	0.0	22803000.0	0.0	50000000.0							RSM US LLP	15000.0	Goodwin Procter LLP	312500.0	Rise Companies Corp	0.0				49500000.0	
0001144204-17-050610	Tier2	Audited	Y	Y	N	Y	N	N	5000000	2102100	10.0	28979000.0	0.0	21021000.0	0.0	50000000.0							RSM US LLP	15000.0	Goodwin Procter LLP	312500.0	Rise Companies Corp	0.0				49500000.0	
0001144204-17-050600	Tier2	Audited	Y	Y	N	Y	N	N	5000000	2144900	10.0	28551000.0	0.0	21449000.0	0.0	50000000.0							RSM US LLP	15000.0	Goodwin Procter LLP	312500.0	Rise Companies Corp	0.0				49500000.0	
0001144204-17-050596	Tier1	Unaudited	Y	N	N	Y	N	N	1270540	0	10.0	1270540.0	0.0	18095480.0	439390.0	19805410.0									Smith Anderson; Robbins Ross	4500.0							
0001493152-17-011062	Tier2	Audited	N	N	Y	Y	Y	N	2000000	8000000	12.0	24000000.0	0.0	0.0	0.0	24000000.0			TriPoint Global Equities LLC	1780800.0			Hutchinson & Bloodgood LLP	150000.0	Loeb & Loeb LLP	350000.0	ICR, LLC	350000.0			143174		Financial information above is presented on a pro forma basis before the offering.
0001699683-17-000033	Tier2	Audited	Y	N	N	Y	N	N	20000000	7500000	2.5	50000000.0	0.0	0.0	0.0	50000000.0																	
0001699683-17-000028	Tier2	Audited	Y	N	N	Y	N	N	20000000	7500000	2.5	50000000.0	0.0	0.0	0.0	50000000.0																	
0001642079-17-000008	Tier2	Audited	N	N	N	N	N	N	50000000		1.0	0.0	0.0	0.0	0.0	0.0																	
0001376474-17-000267	Tier2	Audited	Y	N	N	Y	N	N	2400000	0	5.0	12000000.0	0.0	0.0	0.0	12000000.0			Self	840000.0							Self	840000.0				10320000.0	Promoter expense represents solicitation and marketing expenses.
0001144204-17-050364	Tier2	Audited	Y	Y	N	Y	N	N	4461506	5767809	10.25	45730440.0	0.0	4269560.0	0.0	50000000.0							RSM US LLP	5000.0	Goodwin Procter LLP	60000.0	Rise Companies Corp	0.0				45665440.0	Minus expenses.
0001193125-17-297611	Tier2	Audited	Y	Y	N	Y	Y	N	10000000	0	1.0	7000000.0	3000000.0	0.0	0.0	10000000.0							PKF, LLC	35000.0	Stradling Yocca Carlson & Rauth, P.C.	75000.0	XY - the Findables Company	120000.0				6770000.0	The Company previously used StartEngine Crowdfunding, Inc. and FundAmerica, LLC as promoters to which $11,000 in fees was paid. Other fees will be finalized in a subsequent amendment to this Form 1-A.
0001213900-17-010066	Tier2	Audited	Y	N	N	Y	Y	N	4600000	5225002	4.25	21505000.0	0.0	0.0	0.0	21505000.0	Oberon Securities, LLC	724250.0	None	0.0	N/A	0.0	Cornick, Garber & Sandler, LLP	30000.0	Ellenoff Grossman & Schole LLP	75000.0	N/A	0.0	Ellenoff Grossman & Schole LLP	9535.0	132598	8931215.0	Agent fees based on max offering including over-subscription option. Agent to be reimbursed for certain expenses and to receive warrant solicitation fee. Financial statement per share info does not reflect 7/20/17 1-for-1 distribution paid as dividend.
0001144204-17-050159	Tier2	Audited	Y	N	N	Y	Y	N	14000000	18348968	0.25	0.0	0.0	0.0	0.0	0.0	SI Securities, LLC	262500.0					Artesian CPA, LLC	15635.0	KHLK LLP	50000.0						3175000.0	
0001477932-17-004756	Tier2	Audited	Y	N	N	Y	N	N	2500000	22500000	0.4	1000000.0	0.0	0.0	0.0	1000000.0		0.0		0.0		0.0	Freed Maxick	6500.0	Michael Williams Esq.	36000.0		0.0		0.0		950000.0	An additional $7,500.00 in miscellaneous offering expenses is added for which no category is listed above.
0001104659-17-059179	Tier1	Audited	Y	N	N	Y	N	N	671140	7314775	14.9	19999972.0	0.0	0.0	0.0	19999972.0			To be determined	1599998.0			Eide Bailly	10000.0	Felhaber Larson	55000.0			Various States	11000.0		18288974.0	677,140 Shares includes both Class A and B. DRIP participants pay no commissions and pay $13.41 per share. Thus commissions paid and net proceeds will be less based on level of DRIP purchases.
0001144204-17-049825	Tier2	Audited	Y	N	N	Y	N	N	11000000	6414167	5.0	5000000.0	0.0	0.0	0.0	5000000.0							dbbMcKennon	20000.0	KHLK, LLP	30000.0			Blue sky filing fees	10000.0		4800000.0	"Including other expenses.  Price per security does not reflect ""bonus shares"", see ""Plan of Distribution."""
0001493152-17-010945	Tier2	Audited	N	N	Y	Y	Y	N	2000000	8000000	12.0	24000000.0	0.0	0.0	0.0	24000000.0			TriPoint Global Equities LLC	1800000.0			Hutchinson & Bloodgood LLP	150000.0	Loeb & Loeb LLP	350000.0	ICR, LLC	350000.0			143174		Financial information above is presented on a pro forma basis before the offering.
0001717993-17-000001	Tier2	Audited	Y	N	N	Y	N	N	5000000	20000000	4.0	20000000.0	0.0	0.0	0.0	20000000.0																	
0001712534-17-000008	Tier2	Audited	Y	N	N	Y	N	N	3000000	15000000	5.0	15000000.0	0.0	0.0	0.0	15000000.0																	
0001144204-17-049787	Tier1	Unaudited	Y	N	N	Y	N	N	1015930	0	10.0	1015930.0	0.0	18717040.0	0.0	19732970.0									Smith Anderson	4500.0							
0001713621-17-000002	Tier1	Unaudited	Y	N	N	Y	N	N	5000000	20000000	2.0	10000000.0	0.0	0.0	0.0	10000000.0																	
0001264931-17-000075	Tier1	Unaudited	Y	N	Y	Y	N	N	1071428572	715433916	0.0008	750000.0	0.0	0.0	0.0	750000.0	None	0.0	None	0.0	None	0.0	None	0.0	Austin Legal Group	15000.0	None	0.0	TBD	4000.0			
0001144204-17-049544	Tier2	Audited	Y	Y	N	Y	N	N	5000000	500	10.0	50000000.0	0.0	0.0	0.0	50000000.0							RSM US LLP	15000.0	Goodwin Procter LLP	115000.0	Rise Companies Corp	0.0				49500000.0	
0001677159-17-000008	Tier1	Unaudited	Y	N	N	Y	N	N	2500000	15000000	2.0	5000000.0	0.0	0.0	0.0	5000000.0																	
0001477932-17-004698	Tier2	Audited	Y	N	Y	Y	N	N	3333333	0	15.0	50000000.0	0.0	0.0	0.0	50000000.0		0.0		0.0		0.0	Hein & Associates LLP	125000.0	Hogan Lovells US LLP	150000.0		0.0		0.0	141391	49600000.0	Assumes sale of $50,000,000. The issuer also anticipates costs and fees relating to FINRA, transfer agent, escrow fees and roadshow.
0001104659-17-058510	Tier2	Audited	N	N	N	N	N	N	16666666	36523999	3.0	50000000.0	0.0	0.0	0.0	50000000.0	NA	0.0	NA	0.0	NA	0.0	Grant Thornton LLP	35000.0	Jenner & Block LLP	190000.0	NA	0.0	NA	0.0		49775000.0	
0001477932-17-004657	Tier2	Audited	N	N	N	Y	N	N	2500000	7500000	10.0	0.0	0.0	0.0	0.0	0.0		0.0		0.0		0.0	Dazkal Bolton, LLP	2500.0	Securities Counselors, Inc.	30000.0		0.0		0.0		24967500.0	
0001144204-17-049189	Tier2	Audited	Y	N	N	Y	Y	N	14000000	18348968	0.25	0.0	0.0	0.0	0.0	0.0	SI Securities, LLC	262500.0					Artesian CPA, LLC	15635.0	KHLK LLP	50000.0						3175000.0	
0001493152-17-010815	Tier2	Audited	Y	N	N	Y	Y	N	3333333	10270160	6.0	19999998.0	0.0	0.0	0.0	19999998.0	TriPoint Global Equities, LLC	75000.0	TriPoint Global Equities, LLC	1500000.0	N/A	0.0	Marcum LLP	250000.0	Legal and Compliance, LLC	100000.0	CrowdfundX	145000.0	Legal and Compliance, LLC	17000.0	143174	17912998.0	Net Proceeds Calculation of $17,912,998 includes Additional Estimated Expenses of: Escrow Agent Fees: $2,500; and Financial Printer Fees: $3,500. CrowdfundX is also receiving 28,333 shares of common stock of Muscle Maker at a value of $6.00 per share.
0001144204-17-049032	Tier2	Audited	Y	N	N	N	Y	N	800000	0	10.0	8000000.0	0.0	0.0	0.0	8000000.0							HRP CPAs	80000.0	Alliance Legal Partners / KHLK LLP	65000.0			Crowdcheck	10000.0		7222901.0	Estimated proceeds include deduction of estimated expenses for both this offering and the concurrent Canadian securities offering.
0001213900-17-009866	Tier2	Audited	Y	N	N	Y	Y	N	4600000	5225002	4.25	21505000.0	0.0	0.0	0.0	21505000.0	Oberon Securities, LLC	719250.0	None	0.0	N/A	0.0	Cornick, Garber & Sandler, LLP	30000.0	Ellenoff Grossman & Schole LLP	75000.0	N/A	0.0	Ellenoff Grossman & Schole LLP	9535.0	132598	8936215.0	Agent fees based on max offering including over-subscription option. Agent to be reimbursed for certain expenses and to receive warrant solicitation fee. Financial statement per share info does not reflect 7/20/17 1-for-1 distribution paid as dividend.
0001104659-17-058006	Tier1	Audited	Y	N	N	Y	N	N	671140	7314775	14.9	19999972.0	0.0	0.0	0.0	19999972.0			To be determined	1599998.0			Eide Bailly	10000.0	Felhaber Larson	55000.0			Various States	11000.0		18288974.0	677,140 Shares includes both Class A and B. DRIP participants pay no commissions and pay $13.41 per share. Thus commissions paid and net proceeds will be less based on level of DRIP purchases.
0001477932-17-004622	Tier2	Audited	N	N	N	Y	N	N	2500000	1666667	6.0	0.0	0.0	0.0	0.0	0.0	Alexander Capital, LLC	0.0	2 percent - 8 percent of Offering Price	0.0		0.0	Ankit Consulting Services	4250.0	Securities Counselors, Inc.	25000.0		0.0		0.0		14970750.0	
0001144204-17-048745	Tier2	Audited	Y	N	N	Y	Y	N	5000000	15000000		0.0	0.0	0.0	0.0	0.0	Fintech Clearing LLC	400000.0					Holthouse Carlin & Van Trigt LLP	30000.0	KHLK, LLP	40000.0			State notice fees (estimated)	10000.0	134742		
0001445866-17-001329	Tier2	Audited	Y	Y	N	Y	Y	N	5000000		10.0	50000000.0	0.0	0.0	0.0	50000000.0			North Capital Private Securities Corp.	4500000.0			dbbmckennon	15000.0	Carman Lehnhof Israelsen, Durham Jones & Pinnegar	75000.0					154559	45410000.0	
0001144204-17-048616	Tier1	Unaudited	N	N	N	Y	N	N	5000000	38624940	3.0	13800000.0	1200000.0	0.0	0.0	15000000.0			NMS CAPITAL ADVISORS, LLC	1050000.0											140356	13950000.0	NMS CAPITAL ADVISERS, LLC, 433 NORTH CAMDEN DR., 4TH FL., BEVERLY HILLS CA 90210
0001477932-17-004556	Tier2	Audited	Y	N	N	Y	N	N	50000	0	1000.0	50000000.0	0.0	0.0	0.0	50000000.0		0.0		0.0		0.0	Spiegel Accountancy Corp.	2500.0	Trowbridge Taylor Sidoti	50000.0	John Parrett	0.0		0.0		0.0	
0001654954-17-008542	Tier2	Audited	Y	N	N	Y	N	N	1769235	5764668		15000000.0	0.0	0.0	0.0	15000000.0			Joseph Gunnar and Co. and TriPoint Global Equities LLC	1050000.0			Cherry Bekaert LLP	100000.0	Pearlman Law Group LLP	200000.0						13650000.0	Assumes sale of $15,000,000 of shares. Joseph Gunnar and Co. CRD Number is 24795 and TriPoint Global Equities LLC CRD Number is 143174.
0001144204-17-048525	Tier2	Audited	Y	N	N	Y	Y	N	4600000	12827666	6.5	29900000.0	0.0	0.0	0.0	29900000.0	WR Hambrecht and Co.	1794000.0					dbbmckennon	45000.0	KHLK LLP	70000.0					45040	27991000.0	
0000721748-17-000657	Tier2	Audited	N	N	N	Y	N	N	5000000	100000000	10.0	50000000.0	0.0	0.0	0.0	50000000.0																	
0000721748-17-000654	Tier2	Audited	N	N	N	Y	N	N	5000000	100000000	10.0	50000000.0	0.0	0.0	0.0	50000000.0																	
0001699683-17-000027	Tier2	Audited	Y	N	N	Y	N	N	20000000	7500000	2.5	50000000.0	0.0	0.0	0.0	50000000.0																	
0001144204-17-048316	Tier2	Audited	Y	N	N	Y	N	N	10000000	70000000	5.0	50000000.0	0.0	0.0	0.0	50000000.0							dbbmckennon	30000.0	KHLK, LLP	50000.0						43500000.0	
0001716949-17-000001	Tier2	Audited	Y	N	N	Y	N	N	5000000	20000000	2.0	10000000.0	0.0	0.0	0.0	10000000.0																	
0000721748-17-000645	Tier2	Audited	N	N	N	Y	N	N	5000000	100000000	10.0	50000000.0	0.0	0.0	0.0	50000000.0																	
0001642079-17-000007	Tier2	Audited	N	N	N	N	N	N	50000000		1.0	0.0	0.0	0.0	0.0	0.0																	
0001712534-17-000007	Tier2	Audited	Y	N	N	Y	N	N	3000000	15000000	5.0	15000000.0	0.0	0.0	0.0	15000000.0																	
0001671132-17-000008	Tier2	Audited	Y	N	N	Y	N	N	20000000	52103058	2.0	20000000.0	0.0	0.0	0.0	20000000.0	None	0.0	None	0.0	None	0.0	Turner, Stone & Company	15000.0	Securus law	10000.0	Employees	745000.0	Securus law	5000.0		19225000.0	Including time spent by employees of the Company on the offering, for which no sales commissions will be paid but other compensation may be paid. The Company has not yet entered into a selling agreement with any broker-dealer firms.
0001144204-17-047922	Tier2	Audited	Y	N	N	Y	Y	N	4600000	12827666	6.5	29900000.0	0.0	0.0	0.0	29900000.0	WR Hambrecht and Co.	1794000.0					dbbmckennon	45000.0	KHLK LLP	70000.0					45040	27991000.0	
0001567619-17-001957	Tier2	Audited	N	N	Y	N	Y	N	1	999992		0.0	0.0	0.0	0.0	0.0	Stifel Nicolaus & Company, Incorporated	0.0		0.0		0.0	BDO USA, LLP	0.0	DUANE MORRIS LLP; THOMPSON & KNIGHT LLP	0.0					793		
0001582586-17-000044	Tier2	Audited	Y	N	N	Y	N	N	1000000	25000000	0.2	200000.0	0.0	0.0	0.0	200000.0																	
0001493152-17-010502	Tier2	Audited	N	N	N	N	N	N	2000000	12000000	15.0	30000000.0	0.0	0.0	0.0	30000000.0	None	0.0	N/A	0.0	N/A	0.0	BDO USA, LLP	100000.0	Magri Law, LLC	50000.0	N/A	0.0	N/A	0.0		28930000.0	
0001477932-17-004435	Tier1	Unaudited	Y	N	N	Y	N	N	37038000	221592818	0.02	600000.0	140760.0	0.0	0.0	740760.0		0.0	(TBD)	0.0		0.0		0.0	Harold H. Martin	25000.0		0.0		0.0		540000.0	
0001493152-17-010403	Tier2	Audited	Y	N	N	Y	N	N	4651163	15855291	2.15	10000000.0	0.0	0.0	0.0	10000000.0	Boustead Securities, LLC	225000.0	Boustead Securities, LLC	700000.0	N/A	0.0	Friedman LLP/Semple, Marchal & Cooper, LLP	30000.0	Legal & Compliance, LLC	40000.0	N/A	0.0	Legal & Compliance, LLC	7500.0	141391	8945000.0	Net Proceeds Calculation of $8,945,000 includes Additional Expenses of: Cash Management Fee (estimated): $25,000; Technology Fees (Estimated): $25,000; and Other Offering Deposit Account Fees &Costs (estimate) $2,500.
0001214659-17-005555	Tier2	Audited	Y	Y	N	Y	N	N	3500000	0	10.0	35000000.0	0.0	0.0	0.0	35000000.0							Artesian CPA, LLC	3500.0	Flaster/Greenberg P.C.	70000.0	Various Marketing Firms	221500.0	Flaster/Greenberg P.C.	5000.0			
0001144204-17-046787	Tier2	Audited	Y	N	N	Y	N	N	11000000	6414167	5.0	5000000.0	0.0	0.0	0.0	5000000.0							dbbMcKennon	20000.0	KHLK, LLP	30000.0			Blue sky filing fees	10000.0		4800000.0	"Including other expenses.  Price per security does not reflect ""bonus shares"", see ""Plan of Distribution."""
0001144204-17-046780	Tier1	Unaudited	Y	N	N	Y	N	N	1015930	0	10.0	1015930.0	0.0	18717040.0	0.0	19732970.0									Smith Anderson; Robbins Ross	4500.0							
0001493152-17-010253	Tier2	Audited	N	N	Y	Y	Y	N	2000000	8000000	12.0	24000000.0	0.0	0.0	0.0	24000000.0			TriPoint Global Equities LLC	1800000.0			Hutchinson & Bloodgood LLP	150000.0	Loeb & Loeb LLP	350000.0	ICR, LLC	350000.0			143174		Financial information above is presented on a pro forma basis before the offering.
0001144204-17-046449	Tier2	Audited	Y	N	N	Y	Y	N	14000000	18348968	0.25	0.0	0.0	0.0	0.0	0.0	SI Securities, LLC	262500.0					Artesian CPA, LLC	15635.0	KHLK LLP	50000.0						3175000.0	
0001213900-17-009394	Tier2	Audited	Y	N	N	Y	Y	N	4600000	5150002	4.25	21505000.0	0.0	0.0	0.0	21505000.0	Oberon Securities, LLC	719250.0	None	0.0	N/A	0.0	Cornick, Garber & Sandler, LLP	30000.0	Ellenoff Grossman & Schole LLP	75000.0	N/A	0.0	Ellenoff Grossman & Schole LLP	9535.0	132598	8936215.0	Agent fees based on max offering including over-subscription option. Agent to be reimbursed for certain expenses and to receive warrant solicitation fee. Financial statement per share info does not reflect 7/20/17 1-for-1 distribution paid as dividend.
0001387131-17-004545	Tier2	Audited	Y	Y	N	Y	Y	N	5000000	100	10.0	50000000.0	0.0	0.0	0.0	50000000.0							RSM US LLP	0.0	Goodwin Procter LLP	0.0	Tryperion Partners, LLC	0.0				48500000.0	
0001144204-17-046381	Tier2	Audited	Y	N	N	Y	N	N	10000000	70000000	5.0	50000000.0	0.0	0.0	0.0	50000000.0							dbbmckennon	30000.0	KHLK, LLP	50000.0						43500000.0	
0001213900-17-009373	Tier2	Audited	Y	N	N	Y	N	Y	3960000	23300000	5.0	18000000.0	1800000.0	0.0	0.0	19800000.0									Cost of Regulation A Offering	75000.0						17925000.0	
0001104659-17-055120	Tier1	Audited	Y	N	N	Y	N	N	671140	7314775	14.9	19999972.0	0.0	0.0	0.0	19999972.0			To be determined	1599998.0			Eide Bailly	10000.0	Felhaber Larson	55000.0			Various States	11000.0		18288974.0	677,140 Shares includes both Class A and B. DRIP participants pay no commissions and pay $13.41 per share. Thus commissions paid and net proceeds will be less based on level of DRIP purchases.
0001477932-17-004285	Tier1	Unaudited	Y	N	N	Y	N	N	37038000	221592818	0.02	600000.0	140760.0	0.0	0.0	740760.0		0.0	(TBD)	0.0		0.0		0.0	Harold H. Martin	25000.0		0.0		0.0		540000.0	
0001683168-17-002286	Tier2	Audited	Y	N	N	Y	Y	N	5000000	1000000	1.25	6250000.0	0.0	0.0	0.0	6250000.0							dbbmckennon	35000.0	KHLK, LLP	50000.0			Various States	20000.0	152550	5212500.0	
0001699683-17-000023	Tier2	Audited	Y	N	N	Y	N	N	20000000	7500000	2.5	50000000.0	0.0	0.0	0.0	50000000.0																	
0001445866-17-001285	Tier2	Audited	Y	Y	N	Y	Y	N	5000000		10.0	50000000.0	0.0	0.0	0.0	50000000.0			North Capital Private Securities Corp.	4500000.0			dbbmckennon	15000.0	Carman Lehnhof Israelsen, Durham Jones & Pinnegar	75000.0					154559	45410000.0	
0001493152-17-010040	Tier2	Audited	Y	N	N	Y	N	N	25000000	25000100	1.0	25000000.0	0.0	0.0	0.0	25000000.0	N/A	0.0	N/A	0.0	N/A	0.0	Salberg & Co., P.A.	5000.0	Legal & Compliance, LLC	25000.0	N/A	0.0	Legal & Compliance, LLC	1500.0		24955000.0	Net Proceeds Calculation of $24,955,000 includes Additional Expenses of: Escrow Fees (Estimated): $4,505; Technology Fees and  Website setup & Maintenance (estimated) $5,000; and Edgar Fees: $3,995.
0001477932-17-004260	Tier2	Audited	N	N	N	Y	N	N	2500000	7500000	10.0	0.0	0.0	0.0	0.0	0.0		0.0		0.0		0.0	Dazkal Bolton, LLP	2500.0	Securities Counselors, Inc.	30000.0		0.0		0.0		24967500.0	
0001712534-17-000004	Tier2	Audited	Y	N	N	Y	N	N	3000000	15000000	5.0	15000000.0	0.0	0.0	0.0	15000000.0																	
0001144204-17-045742	Tier1	Unaudited	N	N	N	Y	N	N	5000000	38624940	3.0	13800000.0	1200000.0	0.0	0.0	15000000.0			NMS CAPITAL ADVISORS, LLC	1050000.0											140356	15000000.0	NMS CAPITAL ADVISERS, LLC, 433 NORTH CAMDEN DR., 4TH FL., BEVERLY HILLS CA 90210
0001144204-17-045693	Tier2	Audited	Y	N	N	Y	N	Y	250000	34182	100.0	21581758.0	3418242.0	0.0	0.0	25000000.0			Strategic Capital Investments	1500000.0			BDO USA / KEITER	115000.0	KHLK LLP / COOLEY	75000.0					38924	21365982.0	Up to $3,418,242 of the net proceeds will go to a selling securityholder.
0001477932-17-004241	Tier2	Audited	N	N	N	Y	N	N	2500000	1666667	6.0	0.0	0.0	0.0	0.0	0.0	Alexander Capital, LLC	0.0	2 percent - 8 percent of Offering Price	0.0		0.0	Ankit Consulting Services	4250.0	Securities Counselors, Inc.	25000.0		0.0		0.0		14970750.0	
0001213900-17-009263	Tier2	Audited	Y	N	N	Y	N	Y	3960000	23300000	5.0	18000000.0	1800000.0	0.0	0.0	19800000.0									Cost of Regulation A Offering	75000.0						17925000.0	
0001144204-17-045466	Tier2	Audited	Y	N	N	Y	Y	N	20000000	0	0.5	10000000.0	0.0	0.0	0.0	10000000.0			SI Securities, LLC	750000.0			Artesian CPA, LLC	10500.0	KHLK LLP	7000.0					152559	9232500.0	
0001681287-17-000013	Tier2	Audited	Y	N	N	Y	N	N	5000000	523188	1.0	5000000.0	0.0	0.0	0.0	5000000.0																	
0001213900-17-009237	Tier1	Unaudited	Y	N	Y	Y	N	N	200000000	9175196		10000000.0	0.0	0.0	0.0	10000000.0									John E. Lux, Esq.	18000.0						9600000.0	
0001642079-17-000006	Tier2	Audited	N	N	N	N	Y	N	50000000	0	2.0	0.0	0.0	0.0	0.0	0.0																	
0001698370-17-000009	Tier2	Audited	Y	N	Y	Y	Y	N	20000000	70032786	0.5	0.5	0.0	0.0	0.0	0.5	Boustead Securities LLC	910000.0					Davidson & Company LLP	20000.0	Venture Law Corporation	40000.0					141391	9019000.0	All dollar amounts in this offering statement are expressed in Canadian dollars unless otherwise indicated. Payments received by investors in US dollars will be converted into Cdn dollars using the rate of exchange quoted by the Bank of Montreal at close.
0001214659-17-005303	Tier2	Audited	Y	Y	Y	N	N	N	5000000000	0	0.01	50000000.0	0.0	0.0	0.0	50000000.0							dbbmckennon	7500.0	Manatt, Phelps & Phillips, LLP	100000.0			Manatt, Phelps & Phillips, LLP	0.0		50000000.0	Blue Sky Compliance fees included in Legal.
0000721748-17-000577	Tier1	Unaudited	Y	N	Y	Y	N	N	1000000000	1094211711	0.01	10000000.0	825000.0	0.0	0.0	10825000.0									John E. Lux, Esq.	17000.0						9600000.0	
0001615774-17-004737	Tier1	Audited	Y	Y	N	Y	N	N	400	0	50000.0	20000000.0	0.0	0.0	0.0	20000000.0							Spiegel Accountancy Corporation	7000.0	Geraci Law Firm	30000.0			Geraci Law Firm	20000.0			
0001582586-17-000042	Tier2	Audited	Y	N	N	Y	N	N	1000000	25000000	0.2	200000.0	0.0	0.0	0.0	200000.0																	
0001214659-17-005264	Tier2	Audited	Y	Y	Y	N	N	N	50000000	0	0.01	50000000.0	0.0	0.0	0.0	50000000.0							dbbmckennon	7500.0	Manatt, Phelps & Phillips, LLP	100000.0			Manatt, Phelps & Phillips, LLP	0.0		50000000.0	Blue Sky Compliance fees included in Legal.
0001144204-17-044842	Tier2	Audited	Y	N	N	Y	Y	N	20000000	36428839	1.0	20000000.0	0.0	0.0	0.0	20000000.0	JumpStart Securities, LLC	133520.0					EKS&H LLLP	7500.0	KHLK LLP	30000.0					156214		
0001213900-17-009046	Tier2	Audited	Y	Y	N	Y	N	N	2000000	200	25.0	50000000.0	0.0	0.0	0.0	50000000.0							Artesian CPA, LLC	3500.0	Flaster/Greenberg P.C.	70000.0			Flaster/Greenberg P.C.	5000.0		49215000.0	
0001387131-17-004349	Tier2	Audited	Y	Y	N	Y	Y	N	5000000	100	10.0	50000000.0	0.0	0.0	0.0	50000000.0							RSM US LLP	0.0	Goodwin Procter LLP	0.0	Tryperion Partners, LLC	0.0				48500000.0	
0001144204-17-044369	Tier2	Audited	N	N	N	Y	N	N	5000000	1000	10.0	50000000.0	0.0	0.0	0.0	50000000.0	Orchard Securities, LLC, a portion of which may be reallowed, in whole or in part, to the selling group members and wholesalers	1500000.0	Orchard Securities, LLC, which it will reallow to the selling group members	3000000.0			Ernst & Young LLP	43000.0	Goodwin Procter LLP	363000.0					133378	50000000.0	All organizational and offering costs, managing broker-dealer fees and selling commissions will be paid by our sponsor, Cottonwood Capital Property Management II, LLC.
0001688804-17-000020	Tier2	Audited	Y	Y	N	Y	Y	N	8000	0		840000.0	0.0	0.0	0.0	840000.0							EisnerAmper LLP	0.0	Nixon Peabody LLP	0.0	Cuttone & Company, LLC	6174.0			33038	833826.0	
0001642079-17-000005	Tier2	Audited	N	N	N	N	Y	N	9800000	0	2.0	0.0	0.0	0.0	0.0	0.0																	
0001144204-17-044245	Tier2	Audited	Y	N	N	N	Y	N	800000	0	10.0	8000000.0	0.0	0.0	0.0	8000000.0							HRP CPAs	80000.0	Alliance Legal Partners / KHLK LLP	65000.0			Crowdcheck	10000.0		7222901.0	Estimated proceeds include deduction of estimated expenses for both this offering and the concurrent Canadian securities offering.
0001677159-17-000007	Tier2	Audited	Y	N	N	Y	N	N	2500000	15000000	2.0	5000000.0	0.0	0.0	0.0	5000000.0																	
0001144204-17-044213	Tier2	Audited	Y	N	N	Y	Y	N	14000000	18348968	0.25	0.0	0.0	0.0	0.0	0.0	SI Securities, LLC	262500.0					Artesian CPA, LLC	15635.0	KHLK LLP	50000.0						3175000.0	
0001144204-17-043600	Tier2	Audited	Y	N	N	Y	Y	N	20000000	0	0.5	10000000.0	0.0	0.0	0.0	10000000.0			SI Securities, LLC	750000.0			Artesian CPA, LLC	10500.0	KHLK LLP	7000.0					152559	9232500.0	
0001387131-17-004229	Tier2	Audited	Y	Y	N	Y	N	N	5000000	100	10.0	50000000.0	0.0	0.0	0.0	50000000.0	W.R. Hambrecht & Co., LLC	3000000.0	N/A	0.0	N/A	0.0	Artesian CPA, LLC	3500.0	Duval & Stachenfeld LLP	150000.0	N/A	0.0	N/A	30000.0		46500000.0	
0001144204-17-043466	Tier2	Audited	Y	N	N	Y	N	N	10000000	70000000	5.0	50000000.0	0.0	0.0	0.0	50000000.0							dbbmckennon	30000.0	KHLK, LLP	50000.0						43500000.0	
0001493152-17-009378	Tier2	Audited	Y	N	N	Y	N	N	7000000	29000000	7.0	49000000.0	0.0	63800.0	0.0	49063800.0	TBD	3022500.0	N/A	0.0	N/A	0.0	AJ Robbins	100000.0	Peter Berkman, PLLC	91300.0	TBD	770000.0	N/A	0.0		45080000.0	
0001214659-17-005100	Tier2	Audited	Y	Y	N	Y	N	N	3500000	0	10.0	35000000.0	0.0	0.0	0.0	35000000.0							Artesian CPA, LLC	3500.0	Flaster/Greenberg P.C.	70000.0	Various Marketing Firms	221500.0	Flaster/Greenberg P.C.	5000.0			
0000721748-17-000529	Tier1	Unaudited	Y	N	Y	Y	N	N	1000000000	1094211711	0.01	10000000.0	825000.0	0.0	0.0	10825000.0									John E. Lux, Esq.	17000.0						9600000.0	
0001144204-17-042603	Tier1	Unaudited	Y	N	N	Y	N	N	1275490	0	10.0	1275490.0	0.0	17382600.0	1135850.0	19793940.0									Smith Anderson; Robbins Ross	4500.0							
0001144204-17-042571	Tier2	Audited	Y	N	N	Y	Y	N	4600000	12827666	6.5	29900000.0	0.0	0.0	0.0	29900000.0	WR Hambrecht and Co.	1794000.0					dbbmckennon	45000.0	KHLK LLP	70000.0					45040	27991000.0	
0001144204-17-042376	Tier2	Audited	Y	Y	N	Y	N	N	5000000	500	10.0	50000000.0	0.0	0.0	0.0	50000000.0							RSM US LLP	15000.0	Goodwin Procter LLP	115000.0	Rise Companies Corp	0.0				49500000.0	
0001144204-17-042187	Tier1	Unaudited	N	Y	N	Y	N	N	5000000	14000000	3.0	15000000.0	0.0	0.0	0.0	15000000.0			NMS CAPITAL ADVISORS, LLC	1050000.0												13950000.0	433 NORTH CAMDEN DR., 4TH FL., BEVERLY HILLS CA 90210
0001477932-17-003795	Tier1	Unaudited	Y	N	N	Y	N	N	37038000	221592818	0.02	600000.0	140760.0	0.0	0.0	740760.0		0.0	(TBD)	0.0		0.0		0.0	Harold H. Martin	25000.0		0.0		0.0		540000.0	
0001699683-17-000016	Tier2	Audited	Y	N	N	Y	N	N	10000000	37500000	5.0	50000000.0	0.0	0.0	0.0	50000000.0	Network 1 Financial Securities, Inc.	3000000.0					AJSH & Co LLP	35000.0							13577	3003500.0	
0001567619-17-001647	Tier2	Audited	N	N	Y	N	Y	N	1	999992		0.0	0.0	0.0	0.0	0.0	Stifel Nicolaus & Company, Incorporated	0.0		0.0		0.0	BDO USA, LLP	0.0	DUANE MORRIS LLP; THOMPSON & KNIGHT LLP	0.0					793		
0001144204-17-041252	Tier2	Audited	N	N	N	Y	N	N	2241983	1249090	12.0	26903796.0	3096204.0	0.0	0.0	30000000.0			HCFP/Capital Markets LLC, The Benchmark Company, LLC and Weild Capital, LLC	647266.0			Rosenfield & Company	128700.0	Graubard Miller	700000.0					149111	6227530.0	Does not give effect to the sale of any additional shares in the offering. Includes maximum online platform fees payable to Folio Investments, Inc.
0001144204-17-041153	Tier2	Audited	Y	N	N	Y	Y	N	20000000	0	0.5	10000000.0	0.0	0.0	0.0	10000000.0			SI Securities LLC	750000.0			Artesian CPA, LLC	10500.0	KHLK LLP	7000.0					152559	9232500.0	
0001144204-17-040975	Tier2	Audited	Y	N	N	Y	Y	N	4600000	12827666	6.5	29900000.0	0.0	0.0	0.0	29900000.0	WR Hambrecht and Co.	1794000.0					dbbmckennon	45000.0	KHLK LLP	70000.0					45040	27991000.0	
0001671132-17-000006	Tier2	Audited	Y	N	N	Y	N	N	20000000	52103058	2.0	20000000.0	0.0	0.0	0.0	20000000.0	None	0.0	None	0.0	None	0.0	Turner, Stone & Company	15000.0	Securus law	10000.0	Employees	745000.0	Securus law	5000.0		19225000.0	Including time spent by employees of the Company on the offering, for which no sales commissions will be paid but other compensation may be paid. The Company has not yet entered into a selling agreement with any broker-dealer firms.
0001104659-17-049637	Tier2	Audited	Y	Y	N	Y	N	N	5000000	10000	10.0	50000000.0	0.0	0.0	0.0	50000000.0			North Capital Private Securities Corp. and Mogul Securities, LLC	600000.0			CohnReznick LLP	10000.0	Morris, Manning & Martin, LLP	250000.0	Realty Mogul Sponsor, LLC and Realty Mogul, Co.	0.0			154559	48500000.0	Sales commissions will not be paid by the issuer. As such, the sales commissions do not reduce net proceeds to the issuer.
0001477932-17-003679	Tier2	Audited	N	N	N	Y	N	N	2500000	1666667	6.0	0.0	0.0	0.0	0.0	0.0	Alexander Capital, LLC	0.0	2 percent - 8 percent of Offering Price	0.0		0.0	Ankit Consulting Services	4250.0	Securities Counselors, Inc.	25000.0		0.0		0.0		14970750.0	
0001477932-17-003675	Tier2	Audited	N	N	N	Y	N	N	2500000	1666667	6.0	0.0	0.0	0.0	0.0	0.0		0.0		0.0		0.0	Ankit Consulting Services	4250.0	Securities Counselors, Inc.	25000.0		0.0		0.0		14970750.0	
0001144204-17-040579	Tier2	Audited	Y	N	N	Y	Y	N	20000000	36428839	1.0	20000000.0	0.0	0.0	0.0	20000000.0	JumpStart Securities, LLC	133520.0					EKS&H LLLP	7500.0	KHLK LLP	30000.0					156214		
0001376474-17-000207	Tier2	Audited	Y	N	N	Y	N	N	2400000	0	5.0	12000000.0	0.0	0.0	0.0	12000000.0			Self	840000.0							Self	840000.0				10320000.0	Promoter expense represents solicitation and marketing expenses.
0001387131-17-003837	Tier2	Audited	Y	Y	N	Y	Y	N	5000000	100	10.0	50000000.0	0.0	0.0	0.0	50000000.0							RSM US LLP	0.0	Goodwin Procter LLP	0.0	Tryperion Partners, LLC	0.0				48500000.0	
0001213900-17-008134	Tier2	Audited	Y	N	N	Y	N	Y	3960000	23300000	5.0	18000000.0	1800000.0	0.0	0.0	19800000.0									Cost of Regulation A Offering	75000.0						17925000.0	
0001493152-17-008336	Tier2	Audited	Y	N	N	Y	N	N	7000000	29000000	7.0	49000000.0	0.0	63800.0	0.0	49063800.0	TBD	3022500.0	N/A	0.0	N/A	0.0	AJ Robbins	100000.0	Peter Berkman, PLLC	91300.0	TBD	770000.0	N/A	0.0		45080000.0	
0001144204-17-039247	Tier2	Audited	Y	N	N	Y	Y	N	4600000	12827666	6.5	29900000.0	0.0	0.0	0.0	29900000.0	WR Hambrecht and Co.	1794000.0					dbbmckennon	45000.0	KHLK LLP	70000.0					45040	27991000.0	
0001213900-17-008067	Tier2	Audited	Y	N	N	Y	N	N	5000000	20072223	3.0	15000000.0	0.0	0.0	0.0	15000000.0			JumpStart Securities, LLC	750000.0			Brightman Almagor Zohan & Co., a member firm of Deloitte Touche Tohmatsu	45000.0	ZAG/S&W LLP	75000.0					156214	13850000.0	
0000721748-17-000479	Tier1	Unaudited	Y	N	Y	Y	N	N	1000000000	1094211711	0.01	10000000.0	1215000.0	0.0	0.0	11215000.0									John E. Lux, Esq.	17000.0						9600000.0	
0001144204-17-038986	Tier2	Audited	Y	Y	N	Y	N	N	4111517	888483	10.0	50000000.0	0.0	0.0	0.0	50000000.0	Moloney Securities Co., Inc.	4500000.0	TBD	0.0			Keiter Stephens	65000.0	Kaplan Voekler Cunningham & Frank, PLC and Sands Anderson PC	225000.0			Kaplan Voekler Cunningham & Frank, PLC	75000.0		45135000.0	
0001642079-17-000004	Tier2	Audited	N	N	N	N	Y	N	9800000	0	2.0	0.0	0.0	0.0	0.0	0.0																	
0001683168-17-001870	Tier2	Audited	N	Y	N	Y	N	N	50000000	0	0.5	25000000.0	0.0	0.0	0.0	25000000.0							Salberg & Company, P.A.	13500.0	Pete Wilke, Esq.	7000.0						25000000.0	
0001688804-17-000012	Tier2	Audited	Y	Y	N	Y	Y	N	2000	0	57.5	115000.0	0.0	0.0	0.0	115000.0							EisnerAmper LLP	0.0	Nixon Peabody LLP	0.0	Cuttone & Company, LLC	845.0			33038	114155.0	
0001712534-17-000002	Tier2	Audited	Y	N	N	Y	N	N	3000000	15000000	5.0	15000000.0	0.0	0.0	0.0	15000000.0																	
0001477932-17-003526	Tier2	Audited	Y	N	N	Y	N	N	50000	0	1000.0	50000000.0	0.0	0.0	0.0	50000000.0		0.0		0.0		0.0	Spiegel Accountancy Corp.	2500.0	Trowbridge Taylor Sidoti	50000.0	John Parrett	0.0		0.0		0.0	
0001144204-17-038087	Tier2	Audited	N	N	N	Y	N	N	10000	0	5000.0	50000000.0	0.0	0.0	0.0	50000000.0							Anton & Chia	0.0	Greenberg Traurig, PA	0.0			Greenberg Traurig, PA	0.0			Fees to be filed by amendment.
0001445866-17-001046	Tier1	Unaudited	N	N	N	Y	N	N	7500000	25000000	2.5	18750000.0	0.0	0.0	0.0	18750000.0																18750000.0	
0001144204-17-038015	Tier2	Audited	Y	N	N	Y	N	N	3333333	6583335	15.0	49999995.0	0.0	0.0	0.0	49999995.0							dbbmckennon	8000.0	Alliance Legal Partners, Inc.	35000.0						48873075.0	
0001144204-17-038012	Tier2	Audited	Y	N	N	Y	N	N	697350	2783330	28.68	19999998.0	0.0	0.0	0.0	19999998.0							dbbmckennon	8000.0	Alliance Legal Partners, Inc.	35000.0						19351953.0	
0001642079-17-000002	Tier2	Audited	N	N	N	N	Y	N	9800000	0	2.0	0.0	0.0	0.0	0.0	0.0																	
0001477932-17-003490	Tier2	Audited	N	N	N	Y	N	N	2500000	7500000	10.0	0.0	0.0	0.0	0.0	0.0		0.0		0.0		0.0	Dazkal Bolton, LLP	2500.0	Securities Counselors, Inc.	30000.0		0.0		0.0		24967500.0	
0001213900-17-007830	Tier2	Audited	Y	N	N	Y	N	N	5000000	0		0.0	0.0	0.0	0.0	0.0	N/A	0.0	None Yet	600000.0	N/A	0.0	Soles, Heyn & Company, LLP	1000.0	James Byrd, PA	10000.0	N/A	0.0	N/A	0.0	0	4392000.0	We have not engaged any brokers or placement agents as of June 12, 2017, however, we anticipate appointing one or more placement agents or broker dealers to sell this offering.
0001144204-17-037636	Tier1	Unaudited	Y	N	N	Y	N	N	2274420	0	10.0	2274420.0	0.0	15322880.0	1831650.0	19428950.0									Smith Anderson; Robbins Ross	4500.0							
0001571049-17-006838	Tier1	Audited	N	N	N	N	Y	N	439059	732761	37.0	16245183.0	0.0	0.0	0.0	16245183.0	N/A	0.0	N/A	0.0	N/A	0.0	Baker Newman & Noyes, LLC	30000.0	Cranmore FitzGerald & Meaney	125000.0	N/A	0.0			000000000	0.0	This is a share exchange to effectuate a merger.
0001144204-17-037465	Tier2	Audited	Y	N	N	Y	Y	N	20000000	0	0.5	10000000.0	0.0	0.0	0.0	10000000.0			SI Securities LLC	750000.0			Artesian CPA, LLC	10500.0	KHLK LLP	7000.0					152559	9232500.0	
0001144204-17-037373	Tier2	Audited	Y	N	N	Y	Y	N	869564	8501	23.0	19999972.0	0.0	0.0	0.0	19999972.0							Artesian CPA LLC	10500.0	KHLK LLP	25000.0			State notice fees (estimated)	10000.0		19750000.0	Net of estimated offering expenses of $250,000
0001699683-17-000014	Tier2	Audited	Y	N	N	Y	N	N	20000000	7500000	2.5	50000000.0	0.0	0.0	0.0	50000000.0	Network 1 Financial Securities, Inc.	25000.0	Network 1 Financial Securities, Inc.	4000000.0			AJSH & Co LLP	65000.0							13577	45910000.0	
0001144204-17-037071	Tier2	Audited	Y	N	N	Y	Y	N	5000000	2884129	5.5	11637290.5	0.0	14420645.0	0.0	26057935.5							Aronson LLC	7000.0	Goodwin Procter LLP	56000.0							
0001144204-17-037054	Tier2	Audited	Y	N	N	Y	N	N	3333333	6583335	15.0	49999995.0	0.0	0.0	0.0	49999995.0							dbbmckennon	8000.0	Alliance Legal Partners, Inc.	35000.0						48873075.0	
0001144204-17-037053	Tier2	Audited	Y	N	N	Y	N	N	697350	2783330	28.68	19999998.0	0.0	0.0	0.0	19999998.0							dbbmckennon	8000.0	Alliance Legal Partners, Inc.	35000.0						19351953.0	
0001437749-17-012650	Tier2	Audited	N	N	N	Y	N	N	7142857	50000000	7.0	50000000.0	0.0	0.0	0.0	50000000.0			N/A, Gross Proceeds	3500000.0												46500000.0	Assuming sale of maximum shares
0001571049-17-006702	Tier1	Audited	N	N	N	N	Y	N	439059	732761	37.0	16245183.0	0.0	0.0	0.0	16245183.0	N/A	0.0	N/A	0.0	N/A	0.0	Baker Newman & Noyes, LLC	30000.0	Cranmore FitzGerald & Meaney	125000.0	N/A	0.0			000000000	0.0	This is a share exchange to effectuate a merger.
0001582586-17-000035	Tier2	Audited	Y	N	N	Y	N	N	1000000	25000000	0.2	200000.0	0.0	0.0	0.0	200000.0																	
0001688804-17-000010	Tier2	Audited	Y	Y	N	Y	Y	N	2000	0	57.5	115000.0	0.0	0.0	0.0	115000.0							EisnerAmper LLP	0.0	Nixon Peabody LLP	0.0	Cuttone & Company, LLC	845.0			33038	114155.0	
0001213900-17-007445	Tier2	Audited	Y	N	N	Y	Y	N	952	248	250.0	238000.0	0.0	628000.0	13750000.0	14616000.0	None	0.0	None	0.0	None	0.0	Marcum LLP	5000.0	Ellenoff Grossman & Schole LLP	25000.0	None	0.0	Ellenoff Grossman & Schole LLP	5000.0	0	188000.0	Total estimated aggregate offering expenses are $50,000.
0001703429-17-000002	Tier2	Audited	Y	N	N	Y	N	N	1000000	25000000	0.2	200000.0	0.0	0.0	0.0	200000.0																	
0001193125-17-226163	Tier2	Audited	N	N	N	Y	N	N	5000000	1000	10.0	50000000.0	0.0	0.0	0.0	50000000.0	Orchard Securities, LLC, a portion of which	1500000.0	Orchard Securities, LLC, which it will reallow	3000000.0			Ernst & Young LLP	75000.0	DLA Piper LLP (US)	250000.0			DLA Piper LLP (US) to file notices, but payments made to various states	20350.0	133378000	50000000.0	All organizational and offering costs, managing broker-dealer fees and selling commissions will be paid by our sponsor,Cottonwood Capital Property Management II, LLC.
0001213900-17-007428	Tier2	Audited	Y	N	N	Y	N	N	5000000	0		0.0	0.0	0.0	0.0	0.0	N/A	0.0	None Yet	600000.0	N/A	0.0	Soles, Heyn & Company, LLP	1000.0	James Byrd, PA	10000.0	N/A	0.0	N/A	0.0	0	4392000.0	We have not engaged any brokers or placement agents as of June 12, 2017, however, we anticipate appointing one or more placement agents or broker dealers to sell this offering.
0001687263-17-000008	Tier2	Audited	N	N	N	Y	N	N	10000000	90000000	5.0	45000000.0	5000000.0	0.0	0.0	50000000.0																	
0001144204-17-036354	Tier2	Audited	N	N	N	Y	N	N	2241983	1249090	12.0	26903796.0	3096204.0	0.0	0.0	30000000.0			HCFP/Capital Markets LLC, The Benchmark Company, LLC and Weild Capital, LLC	647266.0			Rosenfield & Company	128700.0	Graubard Miller	700000.0					149111	6227530.0	Does not give effect to the sale of any additional shares in the offering. Includes maximum online platform fees payable to Folio Investments, Inc.
0001144204-17-036274	Tier1	Unaudited	Y	N	N	Y	N	N	1933000	0	10.0	1933000.0	0.0	16128650.0	0.0	18061650.0									Smith Anderson; Robbins Ross	4500.0							
0001213900-17-007322	Tier2	Audited	Y	N	N	Y	N	N	5000000	20072223	3.0	15000000.0	0.0	0.0	0.0	15000000.0			JumpStart Securities, LLC	750000.0			Brightman Almagor Zohan & Co., a member firm of Deloitte Touche Tohmatsu	45000.0	ZAG/S&W LLP	75000.0					156214	13850000.0	
0001698370-17-000008	Tier2	Audited	Y	N	Y	Y	N	N	14285715	69239577	0.35000000000000003	0.35000000000000003	0.0	0.0	0.0	0.35000000000000003							Davidson & Company LLP	20000.0	Venture Law Corporation	40000.0						4630000.0	All dollar amounts in this offering statement are expressed in Canadian dollars unless otherwise indicated. Payments received by investors in US dollars will be converted into Cdn dollars using the rate of exchange quoted by the Bank of Montreal at close
0001214659-17-004390	Tier2	Audited	Y	Y	N	Y	N	N	3500000	0	10.0	35000000.0	0.0	0.0	0.0	35000000.0							Artesian CPA, LLC	3500.0	Flaster/Greenberg P.C.	70000.0	Various Marketing Firms	221500.0	Flaster/Greenberg P.C.	5000.0			
0001144204-17-036158	Tier2	Audited	Y	N	N	Y	Y	N	20000000	0	0.5	10000000.0	0.0	0.0	0.0	10000000.0			SI Securities LLC	750000.0			Artesian CPA, LLC	10500.0	KHLK LLP	7000.0					152559	9232500.0	
0001104659-17-044039	Tier2	Audited	Y	Y	N	Y	N	N	5000000	10000	10.0	50000000.0	0.0	0.0	0.0	50000000.0			North Capital Private Securities Corp. and Mogul Securities, LLC	600000.0			CohnReznick LLP	10000.0	Morris, Manning & Martin, LLP	250000.0	Realty Mogul Sponsor, LLC and Realty Mogul, Co.	0.0			154559	48500000.0	Sales commissions will not be paid by the issuer. As such, the sales commissions do not reduce net proceeds to the issuer.
0001213900-17-007249	Tier2	Audited	Y	N	N	Y	N	N	5000000	20072223	3.0	15000000.0	0.0	0.0	0.0	15000000.0			JumpStart Securities, LLC	750000.0			Brightman Almagor Zohan & Co., a member firm of Deloitte Touche Tohmatsu	45000.0	ZAG/S&W LLP	75000.0					156214	13850000.0	
0001699683-17-000013	Tier2	Audited	Y	N	N	Y	N	N	20000000	7500000	2.5	50000000.0	0.0	0.0	0.0	50000000.0																	
0001623541-17-000007	Tier2	Audited	N	N	N	Y	N	N	25000000	200000000	2.0	50000000.0	0.0	0.0	0.0	50000000.0																	
