ACCESSION_NUMBER	ED_ID	TYPE	NAME	OUTSTANDING	CUSIP	PUBLICYTRADED
0001477932-17-004814	1	Preferred		0		
0001477932-17-004814	2	Common	Class B Units	123389730	None	None
0001477932-17-004814	1	Common	Class A Units	123389730	None	None
0001477932-17-004814	1	Debt Securities	7 percent Unsecured Bond	5260	40417L106	None
0001477932-17-004810	1	Debt Securities	Debt Securities	0		
0001477932-17-004810	1	Preferred	Preferred Equity	0		
0001477932-17-004810	1	Common	Common Equity	25000000	None	None
0001683168-17-002524	1	Preferred	Series A	1712200	000000n/a	N/A
0001683168-17-002524	1	Debt Securities	N/A	0	000000000	N/A
0001683168-17-002524	3	Preferred	Series A-2	4721500	000000n/a	N/A
0001683168-17-002524	2	Preferred	Series A-1	5970300	000000n/a	N/A
0001683168-17-002524	2	Common	Class B Common Stock	1000000	000000n/a	N/A
0001683168-17-002524	1	Common	Class A Common Stock	7824600	000000n/a	N/A
0001144204-17-050618	1	Common	Common Shares	2280300	000000000	N/A
0001144204-17-050618	1	Debt Securities	N/A	0	000000000	N/A
0001144204-17-050618	1	Preferred	N/A	0	000000000	N/A
0001144204-17-050610	1	Debt Securities	N/A	0	000000000	N/A
0001144204-17-050610	1	Common	Common Shares	2102100	000000000	N/A
0001144204-17-050610	1	Preferred	N/A	0	000000000	N/A
0001144204-17-050600	1	Preferred	N/A	0	000000000	N/A
0001144204-17-050600	1	Debt Securities	N/A	0	000000000	N/A
0001144204-17-050600	1	Common	Common Shares	2144900	000000000	N/A
0001144204-17-050596	1	Common	Common Stock	1132406	000000N/A	N/A
0001144204-17-050596	2	Preferred	Series A Preferred Stock	747373	000000N/A	N/A
0001144204-17-050596	1	Preferred	Series Seed	568796	000000N/A	N/A
0001144204-17-050596	1	Debt Securities	Convertible Promissory Notes	825000	000000N/A	N/A
0001493152-17-011062	1	Common	NA	8000000	000000000	NA
0001493152-17-011062	1	Preferred	NA	0	000000000	NA
0001493152-17-011062	1	Debt Securities	NA	0	000000000	NA
0001699683-17-000033	1	Preferred	N/A	0	N/A	N/A
0001699683-17-000033	1	Common	Common	7500000	N/A	N/A
0001699683-17-000033	1	Debt Securities	N/A	0	N/A	N/A
0001699683-17-000028	1	Preferred	N/A	0	N/A	N/A
0001699683-17-000028	1	Common	Common	7500000	N/A	N/A
0001699683-17-000028	1	Debt Securities	N/A	0	N/A	N/A
0001642079-17-000008	1	Preferred		0		
0001642079-17-000008	1	Common		0		
0001642079-17-000008	1	Debt Securities		0		
0001376474-17-000267	1	Preferred	Preferred Equity	15653983	000000000	None
0001376474-17-000267	1	Debt Securities	Convertible Debt Securities	2045431	000000000	None
0001376474-17-000267	1	Common	Common Equity	202094444	785765108	OTC Pink
0001144204-17-050364	1	Preferred	N/A	0	000000000	N/A
0001144204-17-050364	1	Debt Securities	N/A	0	000000000	N/A
0001144204-17-050364	1	Common	Common Shares	4959161	000000000	N/A
0001193125-17-297611	1	Preferred	Preferred Equity	0	000000000	n/a
0001193125-17-297611	2	Common	Class A common stock	471715	000000000	n/a
0001193125-17-297611	1	Debt Securities	Debt Securities	0	000000000	n/a
0001193125-17-297611	1	Common	Class B common stock	32315700	000000000	n/a
0001213900-17-010066	1	Debt Securities	Promissory Note	5	000000000	N/A
0001213900-17-010066	1	Preferred	None	0	000000000	N/A
0001213900-17-010066	1	Common	Common Stock	5225002	25401D103	None
0001144204-17-050159	1	Debt Securities	None	0	000000n/a	n/a
0001144204-17-050159	1	Preferred	Preferred Stock	18348968	000000n/a	n/a
0001144204-17-050159	1	Common	Common Stock	4463909	000000n/a	n/a
0001477932-17-004756	1	Preferred	Preferred Equity	1250000	None	None
0001477932-17-004756	1	Common	Common Equity	22500000	None	None
0001477932-17-004756	1	Debt Securities	None	0		
0001104659-17-059179	1	Common	Class A	5787446	N/A	N/A
0001104659-17-059179	1	Debt Securities		0		
0001104659-17-059179	1	Preferred		0		
0001104659-17-059179	2	Common	Class B	1527329	N/A	N/A
0001493152-17-010945	1	Common	NA	8000000	000000000	NA
0001493152-17-010945	1	Preferred	NA	0	000000000	NA
0001717993-17-000001	1	Common	Common	20000000	N/A	N/A
0001144204-17-049825	1	Debt Securities	N/A	0	000000N/A	N/A
0001493152-17-010945	1	Debt Securities	NA	0	000000000	NA
0001712534-17-000008	1	Preferred	N/A	0	N/A	N/A
0001717993-17-000001	1	Preferred	N/A	0	N/A	N/A
0001712534-17-000008	1	Debt Securities	N/A	0	N/A	N/A
0001717993-17-000001	1	Debt Securities	N/A	0	N/A	N/A
0001144204-17-049825	2	Preferred	Series A	3254261	000000N/A	N/A
0001144204-17-049825	1	Preferred	Series Seed	3500000	000000N/A	N/A
0001144204-17-049825	1	Common	Common Stock	6414167	000000N/A	N/A
0001712534-17-000008	1	Common	Common	15000000	NA	N/A
0001144204-17-049787	1	Common	Common Stock	1132406	000000N/A	N/A
0001144204-17-049787	2	Preferred	Series A Preferred Stock	747373	000000N/A	N/A
0001144204-17-049787	1	Preferred	Series Seed	568796	000000N/A	N/A
0001144204-17-049787	1	Debt Securities	Convertible Promissory Notes	825000	000000N/A	N/A
0001713621-17-000002	1	Common	Common	20000000	N/A	N/A
0001713621-17-000002	1	Preferred	N/A	0	N/A	N/A
0001713621-17-000002	1	Debt Securities	N/A	0	N/A	N/A
0001144204-17-049544	1	Debt Securities	N/A	0	000000000	N/A
0001264931-17-000075	1	Common	Common Equity	715433916	941114G00	OTC Links (Pink Sheets)
0001144204-17-049544	1	Preferred	N/A	0	000000000	N/A
0001144204-17-049544	1	Common	Common Shares	500	000000000	N/A
0001264931-17-000075	1	Preferred	Preferred Equity	1515000	000000000	N/A
0001264931-17-000075	1	Debt Securities	Debt Securities	150000	000000000	N/A
0001677159-17-000008	1	Debt Securities	N/A	0	N/A	N/A
0001677159-17-000008	1	Common	Common	15000000	N/A	N/A
0001677159-17-000008	1	Preferred	N/A	0	N/A	N/A
0001477932-17-004698	2	Common	Class A Common Stock	0	000000000	N/A
0001477932-17-004698	1	Common	Class B Common Stock	100	000000000	N/A
0001477932-17-004698	1	Preferred	Preferred Stock	0	000000000	N/A
0001477932-17-004698	1	Debt Securities	None	0	000000000	N/A
0001104659-17-058510	1	Debt Securities	NA	0	NA	NA
0001104659-17-058510	1	Common	Common Stock, $0.01 per share	36523999	92831R201	OTC-Markets
0001104659-17-058510	1	Preferred	NA	0	NA	NA
0001477932-17-004657	1	Common	Common Equity	7500000	N/A	N/A
0001477932-17-004657	1	Preferred	Preferred Equity	0		
0001477932-17-004657	1	Debt Securities	Debt Securities	0		
0001144204-17-049189	1	Debt Securities	None	0	000000n/a	n/a
0001144204-17-049189	1	Preferred	Preferred Stock	18348968	000000n/a	n/a
0001144204-17-049189	1	Common	Common Stock	4463909	000000n/a	n/a
0001493152-17-010815	1	Common	Common Stock	10270160	000000000	NONE
0001493152-17-010815	1	Debt Securities	Convertible Notes	1550000	000000000	None
0001493152-17-010815	1	Preferred	Preferred Stock	0	000000000	None
0001144204-17-049032	4	Preferred	Class C2 Units	2674359	000000N/A	N/A
0001144204-17-049032	2	Preferred	Class B Units	1693250	000000N/A	N/A
0001144204-17-049032	1	Preferred	Class A Units	1423608	000000N/A	N/A
0001144204-17-049032	1	Common	General Partner Unit	1	000000N/A	N/A
0001144204-17-049032	3	Preferred	Class C Units	2674359	000000N/A	N/A
0001144204-17-049032	1	Debt Securities	Convertible Note	1000000	000000N/A	N/A
0001213900-17-009866	1	Debt Securities	Promissory Note	5	000000000	N/A
0001213900-17-009866	1	Common	Common Stock	5225002	25401D103	None
0001213900-17-009866	1	Preferred	None	0	000000000	N/A
0001104659-17-058006	1	Common	Class A	5787446	N/A	N/A
0001104659-17-058006	1	Preferred		0		
0001104659-17-058006	2	Common	Class B	1527329	N/A	N/A
0001104659-17-058006	1	Debt Securities		0		
0001477932-17-004622	1	Common	Common Equity	1666667	None	None
0001477932-17-004622	1	Preferred	Preferred Equity	0	None	None
0001477932-17-004622	1	Debt Securities	Debt Securities	0	None	None
0001144204-17-048745	1	Debt Securities	N/A	0	000000N/A	N/A
0001445866-17-001329	1	Common	0	0		
0001144204-17-048745	1	Preferred	N/A	0	000000N/A	N/A
0001144204-17-048745	1	Common	Common Stock	15000000	000000N/A	N/A
0001445866-17-001329	1	Preferred	0	0		
0001445866-17-001329	1	Debt Securities	0	0		
0001144204-17-048616	1	Debt Securities	N/A	0	000000N/A	N/A
0001144204-17-048616	1	Preferred	N/A	0	000000N/A	N/A
0001144204-17-048616	1	Common	Common Stock	38624940	67001L101	N/A
0001477932-17-004556	1	Debt Securities	Debt Securities	0	None	None
0001477932-17-004556	2	Preferred	Class B Preferred Units	0	None	None
0001477932-17-004556	1	Preferred	Class A Preferred Units	0	None	None
0001477932-17-004556	1	Common	Management Interests	0	None	None
0001477932-17-004556	3	Preferred	Class C Preferred Units	0	None	None
0001654954-17-008542	1	Common	Common Stock	5764668	52730Q209	N/A
0001654954-17-008542	1	Preferred	N/A	0	000000000	N/A
0001654954-17-008542	1	Debt Securities	N/A	0	000000000	N/A
0001144204-17-048525	1	Debt Securities	Convertible Debt	475000	000000N/A	N/A
0001144204-17-048525	1	Common	Common	12827666	000000N/A	N/A
0001144204-17-048525	1	Preferred	N/A	0	000000N/A	N/A
0000721748-17-000657	1	Preferred	n/a	0	000000n/a	n/a
0000721748-17-000657	1	Debt Securities	n/a	0	000000n/a	n/a
0000721748-17-000657	1	Common	Common	100000000	000000n/a	n/a
0000721748-17-000654	1	Preferred	n/a	0	000000n/a	n/a
0000721748-17-000654	1	Debt Securities	n/a	0	000000n/a	n/a
0000721748-17-000654	1	Common	Common	100000000	000000n/a	n/a
0001699683-17-000027	1	Debt Securities	N/A	0	N/A	N/A
0001699683-17-000027	1	Preferred	N/A	0	N/A	N/A
0001699683-17-000027	1	Common	Common	7500000	N/A	N/A
0001144204-17-048316	1	Preferred	N/A	0	000000N/A	N/A
0001716949-17-000001	1	Debt Securities	N/A	0	N/A	N/A
0001144204-17-048316	1	Debt Securities	N/A	0	000000N/A	N/A
0001144204-17-048316	2	Common	Class B Common Stock	5400	000000N/A	N/A
0001716949-17-000001	1	Preferred	N/A	0	N/A	N/A
0001716949-17-000001	1	Common	Common	20000000	N/A	N/A
0001144204-17-048316	1	Common	Class A Common Stock	70000000	000000N/A	N/A
0000721748-17-000645	1	Common	Common	100000000	000000n/a	n/a
0000721748-17-000645	1	Preferred	n/a	0	000000n/a	n/a
0000721748-17-000645	1	Debt Securities	n/a	0	000000n/a	n/a
0001642079-17-000007	1	Debt Securities		0		
0001642079-17-000007	1	Preferred		0		
0001642079-17-000007	1	Common		0		
0001712534-17-000007	1	Common	Common	15000000	NA	N/A
0001712534-17-000007	1	Preferred	N/A	0	N/A	N/A
0001712534-17-000007	1	Debt Securities	N/A	0	N/A	N/A
0001671132-17-000008	1	Preferred		0		
0001671132-17-000008	1	Debt Securities		0		
0001671132-17-000008	1	Common	Common	52103058	42470P107	OTC Markets
0001144204-17-047922	1	Debt Securities	Convertible Debt	475000	000000N/A	N/A
0001144204-17-047922	1	Preferred	N/A	0	000000N/A	N/A
0001144204-17-047922	1	Common	Common	12827666	000000N/A	N/A
0001567619-17-001957	1	Common	COMMON STOCK	999992	292694106	N/A
0001567619-17-001957	1	Preferred	None	0	N/A	N/A
0001567619-17-001957	1	Debt Securities	Senior Secured Promissory Note	3000000	N/A	N/A
0001582586-17-000044	1	Debt Securities	None	0	000000000	None
0001582586-17-000044	1	Preferred	Preferred	0	000000000	None
0001582586-17-000044	1	Common	common	25000000	000000000	None
0001493152-17-010502	1	Common	Common Stock	12000000	000000000	None
0001493152-17-010502	1	Preferred	None	0	000000000	NA
0001493152-17-010502	1	Debt Securities	None	0	000000000	NA
0001477932-17-004435	1	Debt Securities	Debt Securities	137500	N/A	N/A
0001477932-17-004435	1	Preferred	Preferred Equity	35000	N/A	N/A
0001477932-17-004435	1	Common	Common Equity	221592818	584502108	OTC Links (Pink Sheets)
0001493152-17-010403	1	Common	Common Stock	15855291	000000000	NONE
0001493152-17-010403	1	Debt Securities	NONE	0	000000000	NONE
0001493152-17-010403	1	Preferred	Preferred Stock	0	000000000	NONE
0001214659-17-005555	1	Common	Common Shares	1000000	00000NONE	NONE
0001214659-17-005555	1	Debt Securities	NONE	0	00000NONE	NONE
0001214659-17-005555	1	Preferred	NONE	0	00000NONE	NONE
0001144204-17-046787	1	Common	Common Stock	6414167	000000N/A	N/A
0001144204-17-046787	2	Preferred	Series A	3254261	000000N/A	N/A
0001144204-17-046787	1	Preferred	Series Seed	3500000	000000N/A	N/A
0001144204-17-046787	1	Debt Securities	N/A	0	000000N/A	N/A
0001144204-17-046780	2	Preferred	Series A Preferred Stock	747373	000000N/A	N/A
0001144204-17-046780	1	Debt Securities	Convertible Promissory Notes	775000	000000N/A	N/A
0001144204-17-046780	1	Preferred	Series Seed	568796	000000N/A	N/A
0001144204-17-046780	1	Common	Common Stock	1132406	000000N/A	N/A
0001493152-17-010253	1	Debt Securities	NA	0	000000000	NA
0001493152-17-010253	1	Preferred	NA	0	000000000	NA
0001493152-17-010253	1	Common	NA	8000000	000000000	NA
0001144204-17-046449	1	Common	Common Stock	4463909	000000n/a	n/a
0001144204-17-046449	1	Debt Securities	None	0	000000n/a	n/a
0001144204-17-046449	1	Preferred	Preferred Stock	18348968	000000n/a	n/a
0001213900-17-009394	1	Common	Common Stock	5150002	25401D103	None
0001213900-17-009394	1	Debt Securities	Promissory Note	1	000000000	N/A
0001213900-17-009394	1	Preferred	None	0	000000000	N/A
0001387131-17-004545	1	Debt Securities	N/A	0	000000000	N/A
0001387131-17-004545	1	Preferred	N/A	0	000000000	N/A
0001387131-17-004545	1	Common	Common Stock	100	000000000	N/A
0001144204-17-046381	1	Preferred	N/A	0	000000N/A	N/A
0001144204-17-046381	2	Common	Class B Common Stock	5400	000000N/A	N/A
0001144204-17-046381	1	Common	Class A Common Stock	70000000	000000N/A	N/A
0001144204-17-046381	1	Debt Securities	N/A	0	000000N/A	N/A
0001213900-17-009373	1	Preferred	None	0	000000000	None
0001213900-17-009373	1	Debt Securities	None	0	000000000	None
0001213900-17-009373	1	Common	Common Stock	23300000	000000000	Common Stock
0001104659-17-055120	1	Preferred		0		
0001104659-17-055120	1	Debt Securities		0		
0001104659-17-055120	2	Common	Class B	1527329	N/A	N/A
0001104659-17-055120	1	Common	Class A	5787446	N/A	N/A
0001477932-17-004285	1	Debt Securities	Debt Securities	137500	N/A	N/A
0001477932-17-004285	1	Common	Common Equity	221592818	584502108	OTC Links (Pink Sheets)
0001477932-17-004285	1	Preferred	Preferred Equity	35000	N/A	N/A
0001683168-17-002286	3	Preferred	Series A-2	4721500	000000n/a	N/A
0001683168-17-002286	1	Common	Class A Common Stock	7824600	000000n/a	N/A
0001683168-17-002286	1	Debt Securities	N/A	0	000000000	N/A
0001683168-17-002286	1	Preferred	Series A	1712200	000000n/a	N/A
0001683168-17-002286	2	Preferred	Series A-1	5970300	000000n/a	N/A
0001683168-17-002286	2	Common	Class B Common Stock	1000000	000000n/a	N/A
0001445866-17-001285	1	Common	0	0		
0001699683-17-000023	1	Debt Securities	N/A	0	N/A	N/A
0001445866-17-001285	1	Debt Securities	0	0		
0001699683-17-000023	1	Common	Common	7500000	N/A	N/A
0001699683-17-000023	1	Preferred	N/A	0	N/A	N/A
0001445866-17-001285	1	Preferred	0	0		
0001493152-17-010040	1	Debt Securities	NONE	0	000000000	NONE
0001493152-17-010040	1	Common	Common Stock	25000100	000000000	NONE
0001493152-17-010040	1	Preferred	Preferred Stock	0	000000000	NONE
0001477932-17-004260	1	Preferred	Preferred Equity	0		
0001477932-17-004260	1	Common	Common Equity	7500000	N/A	N/A
0001477932-17-004260	1	Debt Securities	Debt Securities	0		
0001712534-17-000004	1	Preferred	N/A	0	N/A	N/A
0001712534-17-000004	1	Common	Common	15000000	NA	N/A
0001712534-17-000004	1	Debt Securities	N/A	0	N/A	N/A
0001144204-17-045742	1	Preferred	N/A	0	000000N/A	N/A
0001144204-17-045742	1	Debt Securities	N/A	0	000000N/A	N/A
0001144204-17-045742	1	Common	Common Stock	38624940	67001L101	N/A
0001144204-17-045693	1	Debt Securities	None	0	000000N/A	N/A
0001144204-17-045693	1	Preferred	Class A	34182	000000N/A	N/A
0001144204-17-045693	1	Common	None	500000	000000N/A	N/A
0001477932-17-004241	1	Debt Securities	Debt Securities	0	None	None
0001477932-17-004241	1	Common	Common Equity	1666667	None	None
0001477932-17-004241	1	Preferred	Preferred Equity	0	None	None
0001213900-17-009263	1	Common	Common Stock	23300000	000000000	Common Stock
0001213900-17-009263	1	Debt Securities	None	0	000000000	None
0001213900-17-009263	1	Preferred	None	0	000000000	None
0001681287-17-000013	1	Common	Common	523188	N/A	N/A
0001144204-17-045466	1	Preferred	Series Seed Preferred Stock	20714518	000000N/A	N/A
0001144204-17-045466	2	Preferred	Series A Preferred Stock	5648865	000000N/A	N/A
0001681287-17-000013	1	Preferred	N/A	0	n/a	N/A
0001144204-17-045466	1	Common	Common Stock	10377615	000000N/A	N/A
0001144204-17-045466	1	Debt Securities	N/A	0	000000N/A	N/A
0001681287-17-000013	1	Debt Securities	None	0	N/A	N/A
0001213900-17-009237	1	Common	Class A Common Stock	9175956	02563X102	OTC Markets, Pink Open Market
0001213900-17-009237	1	Preferred	None	0	000000000	None
0001213900-17-009237	1	Debt Securities	None	0	000000000	None
0001642079-17-000006	1	Debt Securities	0	0		
0001642079-17-000006	1	Preferred	0	0		
0001642079-17-000006	1	Common	0	0	0	
0001698370-17-000009	1	Common	common shares	70032786	89785	Canadian Securities Exchange
0001698370-17-000009	1	Preferred	preferred shares	0	0	Not Applicable
0001698370-17-000009	1	Debt Securities	none	0	0	Not Applicable
0001214659-17-005303	1	Common	Common Stock	6000000	000000000	N/A
0001214659-17-005303	1	Debt Securities	N/A	0	000000000	N/A
0001214659-17-005303	1	Preferred	N/A	0	000000000	N/A
0000721748-17-000577	1	Debt Securities	None	0	00000None	None
0000721748-17-000577	1	Preferred	Series A Preferred Stock	10000000	00000None	None
0000721748-17-000577	1	Common	Common Stock	1094211721	78461L 20	OTCMarkets, Pink Open Market
0001615774-17-004737	1	Debt Securities	Debt Securities	0	000000000	N/A
0001615774-17-004737	1	Common	Common Equity Membership Inter	100	000000000	N/A
0001615774-17-004737	1	Preferred	Preferred Equity	0	000000000	N/A
0001582586-17-000042	1	Common	common	25000000	000000000	None
0001582586-17-000042	1	Debt Securities	None	0	000000000	None
0001582586-17-000042	1	Preferred	Preferred	0	000000000	None
0001214659-17-005264	1	Preferred	N/A	0	000000000	N/A
0001214659-17-005264	1	Debt Securities	N/A	0	000000000	N/A
0001214659-17-005264	1	Common	Common Stock	6000000	000000000	N/A
0001144204-17-044842	1	Common	Common Stock	36428839	000000N/A	N/A
0001144204-17-044842	1	Debt Securities	N/A	0	000000N/A	N/A
0001144204-17-044842	1	Preferred	N/A	0	000000N/A	N/A
0001213900-17-009046	1	Debt Securities	N/A	0	000000000	N/A
0001213900-17-009046	1	Preferred	N/A	0	000000000	N/A
0001213900-17-009046	1	Common	Investor Shares	200	000000000	N/A
0001387131-17-004349	1	Common	Common Stock	100	000000000	N/A
0001387131-17-004349	1	Debt Securities	N/A	0	000000000	N/A
0001387131-17-004349	1	Preferred	N/A	0	000000000	N/A
0001144204-17-044369	1	Debt Securities	N/A	0	000000N/A	N/A
0001144204-17-044369	1	Preferred	N/A	0	000000N/A	N/A
0001144204-17-044369	1	Common	Common Stock	1000	000000N/A	N/A
0001688804-17-000020	1	Preferred		0		
0001688804-17-000020	1	Debt Securities		0		
0001688804-17-000020	1	Common	Series #77LE1	2000	0	None
0001144204-17-044245	4	Preferred	Class C2 Units	2674359	000000N/A	N/A
0001144204-17-044245	3	Preferred	Class C Units	2674359	000000N/A	N/A
0001144204-17-044245	1	Debt Securities	Convertible Note	1000000	000000N/A	N/A
0001642079-17-000005	1	Debt Securities	0	0		
0001642079-17-000005	1	Preferred	0	0		
0001144204-17-044245	2	Preferred	Class B Units	1693250	000000N/A	N/A
0001642079-17-000005	1	Common	0	0	0	
0001144204-17-044245	1	Preferred	Class A Units	1423608	000000N/A	N/A
0001144204-17-044245	1	Common	General Partner Unit	1	000000N/A	N/A
0001677159-17-000007	1	Common	Common	15000000	n/a	n/a
0001677159-17-000007	1	Preferred	na	0	na	na
0001677159-17-000007	1	Debt Securities	na	0	0	na
0001144204-17-044213	1	Debt Securities	None	0	000000n/a	n/a
0001144204-17-044213	1	Preferred	Preferred Stock	18348968	000000n/a	n/a
0001144204-17-044213	1	Common	Common Stock	4463909	000000n/a	n/a
0001144204-17-043600	1	Preferred	Series Seed Preferred Stock	20714518	000000N/A	N/A
0001144204-17-043600	2	Preferred	Series A Preferred Stock	5648865	000000N/A	N/A
0001144204-17-043600	1	Debt Securities	N/A	0	000000N/A	N/A
0001144204-17-043600	1	Common	Common Stock	10377615	000000N/A	N/A
0001387131-17-004229	1	Debt Securities	N/A	0	000000000	N/A
0001387131-17-004229	1	Preferred	N/A	0	000000000	N/A
0001387131-17-004229	1	Common	N/A	100	000000000	N/A
0001144204-17-043466	2	Common	Class B Common Stock	5400	000000N/A	N/A
0001144204-17-043466	1	Preferred	N/A	0	000000N/A	N/A
0001144204-17-043466	1	Debt Securities	N/A	0	000000N/A	N/A
0001144204-17-043466	1	Common	Class A Common Stock	70000000	000000N/A	N/A
0001493152-17-009378	1	Debt Securities	Debt Securities	0	0000000NA	NA
0001493152-17-009378	1	Preferred	Convertible Preferred	638	00775B207	To be determined
0001493152-17-009378	1	Common	Common Equity	29000000	000000000	To be determined
0001214659-17-005100	1	Common	Common Shares	1000000	00000NONE	NONE
0001214659-17-005100	1	Debt Securities	NONE	0	00000NONE	NONE
0001214659-17-005100	1	Preferred	NONE	0	00000NONE	NONE
0000721748-17-000529	1	Debt Securities	None	0	00000None	None
0000721748-17-000529	1	Common	Common Stock	1094211721	78461L 20	OTCMarkets, Pink Open Market
0000721748-17-000529	1	Preferred	Series A Preferred Stock	10000000	00000None	None
0001144204-17-042603	2	Preferred	Series A Preferred Stock	747373	000000N/A	N/A
0001144204-17-042603	1	Common	Common Stock	1132406	000000N/A	N/A
0001144204-17-042603	1	Preferred	Series Seed	568796	000000N/A	N/A
0001144204-17-042603	1	Debt Securities	Convertible Promissory Notes	775000	000000N/A	N/A
0001144204-17-042571	1	Common	Common	12827666	000000N/A	N/A
0001144204-17-042571	1	Debt Securities	Convertible Debt	475000	000000N/A	N/A
0001144204-17-042571	1	Preferred	N/A	0	000000N/A	N/A
0001144204-17-042376	1	Common	Common Shares	500	000000000	N/A
0001144204-17-042376	1	Preferred	N/A	0	000000000	N/A
0001144204-17-042376	1	Debt Securities	N/A	0	000000000	N/A
0001144204-17-042187	1	Debt Securities	N/A	0	000000N/A	N/A
0001144204-17-042187	1	Preferred	N/A	0	000000N/A	N/A
0001144204-17-042187	1	Common	Common Stock	14000000	000000N/A	N/A
0001477932-17-003795	1	Common	Common Equity	221592818	584502108	OTC Links (Pink Sheets)
0001477932-17-003795	1	Preferred	Preferred Equity	35000	N/A	N/A
0001477932-17-003795	1	Debt Securities	Debt Securities	137500	N/A	N/A
0001699683-17-000016	1	Debt Securities	N/A	0	N/A	N/A
0001699683-17-000016	1	Preferred	N/A	0	N/A	N/A
0001699683-17-000016	1	Common	Common	7500000	N/A	N/A
0001567619-17-001647	1	Common	COMMON STOCK	999992	292694106	N/A
0001567619-17-001647	1	Debt Securities	Senior Secured Promissory Note	3000000	N/A	N/A
0001567619-17-001647	1	Preferred	None	0	N/A	N/A
0001144204-17-041252	2	Common	Class B common stock	8071955	000000000	N/A
0001144204-17-041252	1	Preferred	N/A	0	000000000	N/A
0001144204-17-041252	4	Common	Class Z warrants	130618	000000000	N/A
0001144204-17-041252	3	Common	Class W warrants	678822	000000000	N/A
0001144204-17-041252	1	Debt Securities	N/A	0	000000000	N/A
0001144204-17-041252	1	Common	Class A common stock	1249090	16842Q100	Nasdaq
0001144204-17-041153	1	Debt Securities	N/A	0	000000N/A	N/A
0001144204-17-041153	2	Preferred	Series A Preferred Stock	5648865	000000N/A	N/A
0001144204-17-041153	1	Preferred	Series Seed Preferred Stock	20714518	000000N/A	N/A
0001144204-17-041153	1	Common	Common Stock	10377615	000000N/A	N/A
0001144204-17-040975	1	Debt Securities	Convertible Debt	475000	000000N/A	N/A
0001144204-17-040975	1	Preferred	N/A	0	000000N/A	N/A
0001144204-17-040975	1	Common	Common	12827666	000000N/A	N/A
0001671132-17-000006	1	Common	Common	52103058	42470P107	OTC Markets
0001671132-17-000006	1	Debt Securities		0		
0001671132-17-000006	1	Preferred		0		
0001104659-17-049637	1	Preferred	Preferred Stock	0		
0001104659-17-049637	1	Common	Common Stock	10000	0	0
0001104659-17-049637	1	Debt Securities		0		
0001477932-17-003679	1	Preferred	Preferred Equity	0	None	None
0001477932-17-003679	1	Debt Securities	Debt Securities	0	None	None
0001477932-17-003679	1	Common	Common Equity	1666667	None	None
0001477932-17-003675	1	Common	Common Equity	1666667	None	None
0001477932-17-003675	1	Debt Securities	Debt Securities	0	None	None
0001477932-17-003675	1	Preferred	Preferred Equity	0	None	None
0001144204-17-040579	1	Preferred	N/A	0	000000N/A	N/A
0001144204-17-040579	1	Common	Common Stock	36428839	000000N/A	N/A
0001144204-17-040579	1	Debt Securities	N/A	0	000000N/A	N/A
0001376474-17-000207	1	Common	Common Equity	202094444	785765108	OTC Pink
0001376474-17-000207	1	Debt Securities	Convertible Debt Securities	2045431	000000000	None
0001376474-17-000207	1	Preferred	Preferred Equity	15653983	000000000	None
0001387131-17-003837	1	Common	Common Stock	100	000000000	N/A
0001387131-17-003837	1	Debt Securities	N/A	0	000000000	N/A
0001387131-17-003837	1	Preferred	N/A	0	000000000	N/A
0001213900-17-008134	1	Common	Common Stock	23300000	000000000	Common Stock
0001213900-17-008134	1	Preferred	None	0	000000000	None
0001213900-17-008134	1	Debt Securities	None	0	000000000	None
0001493152-17-008336	1	Debt Securities	Debt Securities	0	0000000NA	NA
0001493152-17-008336	1	Preferred	Convertible Preferred	638	00775B207	To be determined
0001493152-17-008336	1	Common	Common Equity	29000000	000000000	To be determined
0001144204-17-039247	1	Preferred	N/A	0	000000N/A	N/A
0001144204-17-039247	1	Debt Securities	Convertible Debt	475000	000000N/A	N/A
0001144204-17-039247	1	Common	Common	12827666	000000N/A	N/A
0001213900-17-008067	1	Debt Securities	Loan Agreements	0	000000n/a	n/a
0001213900-17-008067	1	Preferred	n/a	0	000000n/a	n/a
0001213900-17-008067	1	Common	Common Stock	20072223	26443D101	n/a
0000721748-17-000479	1	Preferred	Series A Preferred Stock	10000000	00000None	None
0000721748-17-000479	1	Common	Common Stock	1094211721	78461L 20	OTCMarkets, Pink Open Market
0000721748-17-000479	1	Debt Securities	None	0	00000None	None
0001144204-17-038986	1	Common	Common Stock	0	000000000	N/A
0001144204-17-038986	1	Preferred	N/A	0	000000000	N/A
0001144204-17-038986	1	Debt Securities	N/A	0	000000000	N/A
0001642079-17-000004	1	Common	0	0	0	
0001642079-17-000004	1	Debt Securities	0	0		
0001642079-17-000004	1	Preferred	0	0		
0001683168-17-001870	1	Debt Securities	none	0	000000000	none
0001683168-17-001870	1	Preferred	Convertible Preferred Stock Cl	28500000	000000000	none
0001683168-17-001870	1	Common	Common Stock Class A	0	000000000	None
0001688804-17-000012	1	Preferred		0		
0001688804-17-000012	1	Debt Securities		0		
0001688804-17-000012	1	Common	Series #77LE1	2000	0	None
0001477932-17-003526	1	Debt Securities	Debt Securities	0	None	None
0001477932-17-003526	3	Preferred	Class C Preferred Units	0	None	None
0001477932-17-003526	2	Preferred	Class B Preferred Units	0	None	None
0001477932-17-003526	1	Common	Management Interests	0	None	None
0001477932-17-003526	1	Preferred	Class A Preferred Units	0	None	None
0001712534-17-000002	1	Debt Securities	N/A	0	N/A	N/A
0001712534-17-000002	1	Preferred	N/A	0	N/A	N/A
0001712534-17-000002	1	Common	Common	15000000	NA	N/A
0001144204-17-038087	1	Preferred	N/A	0	000000N/A	N/A
0001144204-17-038087	1	Common	N/A	0	000000N/A	N/A
0001144204-17-038087	1	Debt Securities	N/A	0	000000N/A	N/A
0001445866-17-001046	1	Preferred		0		
0001445866-17-001046	1	Debt Securities		0		
0001445866-17-001046	1	Common		0		
0001144204-17-038015	1	Debt Securities	N/A	0	000000N/A	N/A
0001144204-17-038015	1	Preferred	N/A	0	000000N/A	N/A
0001144204-17-038015	1	Common	Common Stock	6583335	000000N/A	N/A
0001144204-17-038012	1	Debt Securities	N/A	0	000000N/A	N/A
0001144204-17-038012	1	Common	Common Stock	2783330	000000N/A	N/A
0001144204-17-038012	1	Preferred	N/A	0	000000N/A	N/A
0001642079-17-000002	1	Preferred	0	0		
0001642079-17-000002	1	Common	0	0	0	
0001642079-17-000002	1	Debt Securities	0	0		
0001477932-17-003490	1	Debt Securities	Debt Securities	0		
0001477932-17-003490	1	Preferred	Preferred Equity	0		
0001477932-17-003490	1	Common	Common Equity	7500000	N/A	N/A
0001213900-17-007830	1	Preferred	None	0	000000000	None
0001213900-17-007830	1	Debt Securities	None	0	000000000	None
0001213900-17-007830	1	Common	Class A Common	11799500	000000000	None
0001144204-17-037636	2	Preferred	Series A Preferred Stock	747373	000000N/A	N/A
0001144204-17-037636	1	Debt Securities	Convertible Promissory Notes	775000	000000N/A	N/A
0001144204-17-037636	1	Common	Common Stock	1132406	000000N/A	N/A
0001144204-17-037636	1	Preferred	Series Seed	568796	000000N/A	N/A
0001571049-17-006838	1	Preferred	Series A Preferred	12087	000000000	N/A
0001571049-17-006838	1	Common	Common Stock	732761	000000000	OTCQB
0001571049-17-006838	1	Debt Securities	None	0	000000000	N/A
0001571049-17-006838	2	Preferred	Series C Preferred	20687	000000000	N/A
0001144204-17-037465	2	Preferred	Series A Preferred Stock	5648865	000000N/A	N/A
0001144204-17-037465	1	Preferred	Series Seed Preferred Stock	20714518	000000N/A	N/A
0001144204-17-037465	1	Debt Securities	N/A	0	000000N/A	N/A
0001144204-17-037465	1	Common	Common Stock	10377615	000000N/A	N/A
0001144204-17-037373	3	Common	Class C Common (12/31/16)	8501	000000N/A	N/A
0001144204-17-037373	2	Common	Class B Common	989800	000000N/A	N/A
0001144204-17-037373	1	Common	Class A Common	2361000	000000N/A	N/A
0001144204-17-037373	1	Debt Securities	N/A	0	000000N/A	N/A
0001144204-17-037373	1	Preferred	N/A	0	000000N/A	N/A
0001699683-17-000014	1	Debt Securities	N/A	0	N/A	N/A
0001699683-17-000014	1	Preferred	N/A	0	N/A	N/A
0001699683-17-000014	1	Common	Common	67500000	N/A	N/A
0001144204-17-037053	1	Common	Common Stock	2783330	000000N/A	N/A
0001144204-17-037053	1	Preferred	N/A	0	000000N/A	N/A
0001144204-17-037053	1	Debt Securities	N/A	0	000000N/A	N/A
0001144204-17-037054	1	Debt Securities	N/A	0	000000N/A	N/A
0001144204-17-037071	1	Debt Securities	N/A	0	000000N/A	N/A
0001144204-17-037071	1	Preferred	Series A Preferred Stock	11865046	000000N/A	N/A
0001144204-17-037054	1	Preferred	N/A	0	000000N/A	N/A
0001144204-17-037071	1	Common	Class A Common Stock	2542962	000000N/A	N/A
0001144204-17-037071	2	Common	Class B Common Stock	2884129	000000N/A	N/A
0001144204-17-037071	3	Common	Class F Common Stock	10000000	000000N/A	N/A
0001144204-17-037071	4	Common	Class M Common Stock	0	000000N/A	N/A
0001144204-17-037054	1	Common	Common Stock	6583335	000000N/A	N/A
0001437749-17-012650	1	Common	Common Stock	50000000	0	n/a
0001437749-17-012650	1	Debt Securities		0		
0001437749-17-012650	1	Preferred		0		
0001571049-17-006702	1	Common	Common Stock	732761	000000000	OTCQB
0001571049-17-006702	1	Debt Securities	None	0	000000000	N/A
0001571049-17-006702	2	Preferred	Series C Preferred	20687	000000000	N/A
0001571049-17-006702	1	Preferred	Series A Preferred	12087	000000000	N/A
0001582586-17-000035	1	Common	common	25000000	000000000	None
0001582586-17-000035	1	Preferred	Preferred	0	000000000	None
0001582586-17-000035	1	Debt Securities	None	0	000000000	None
0001688804-17-000010	1	Debt Securities		0		
0001688804-17-000010	1	Preferred		0		
0001688804-17-000010	1	Common	Series #77LE1	2000	0	None
0001213900-17-007445	1	Common	-	1000	000000000	-
0001213900-17-007445	1	Debt Securities	-	0	000000000	-
0001213900-17-007445	1	Preferred	-	1493	000000000	-
0001703429-17-000002	1	Preferred	Preferred	0	000000000	None
0001703429-17-000002	1	Debt Securities	None	0	000000000	None
0001703429-17-000002	1	Common	common	25000000	000000000	None
0001193125-17-226163	1	Common	N/A	1000	000000000	N/A
0001193125-17-226163	1	Preferred	N/A	0	000000000	N/A
0001193125-17-226163	1	Debt Securities	N/A	0	000000000	N/A
0001213900-17-007428	1	Common	Class A Common	11799500	000000000	None
0001213900-17-007428	1	Debt Securities	None	0	000000000	None
0001213900-17-007428	1	Preferred	None	0	000000000	None
0001687263-17-000008	1	Common	90,000,000 COMMON STOCK	0	N/A	N/A
0001687263-17-000008	1	Preferred	NONE	0	N/A	N/A
0001687263-17-000008	1	Debt Securities	NONE	0	N/A	N/A
0001144204-17-036354	1	Preferred	N/A	0	000000000	N/A
0001144204-17-036354	4	Common	Class Z warrants	130618	000000000	N/A
0001144204-17-036354	3	Common	Class W warrants	678822	000000000	N/A
0001144204-17-036354	2	Common	Class B common stock	8071955	000000000	N/A
0001144204-17-036354	1	Common	Class A common stock	1249090	16842Q100	Nasdaq
0001144204-17-036354	1	Debt Securities	N/A	0	000000000	N/A
0001144204-17-036274	2	Preferred	Series A Preferred Stock	747373	000000N/A	N/A
0001144204-17-036274	1	Preferred	Series Seed	568796	000000N/A	N/A
0001144204-17-036274	1	Common	Common Stock	1132406	000000N/A	N/A
0001144204-17-036274	1	Debt Securities	Convertible Promissory Notes	775000	000000N/A	N/A
0001213900-17-007322	1	Preferred	n/a	0	000000n/a	n/a
0001213900-17-007322	1	Debt Securities	Loan Agreements	0	000000n/a	n/a
0001213900-17-007322	1	Common	Common Stock	20072223	26443D101	n/a
0001698370-17-000008	1	Common	common shares	69239577	89785	Canadian Securities Exchange
0001698370-17-000008	1	Preferred	preferred shares	0	0	Not Applicable
0001698370-17-000008	1	Debt Securities	none	0	0	Not Applicable
0001214659-17-004390	1	Debt Securities	NONE	0	00000NONE	NONE
0001214659-17-004390	1	Common	Common Shares	1000	00000NONE	NONE
0001214659-17-004390	1	Preferred	NONE	0	00000NONE	NONE
0001144204-17-036158	1	Debt Securities	N/A	0	000000N/A	N/A
0001144204-17-036158	1	Preferred	Series Seed Preferred Stock	20714518	000000N/A	N/A
0001144204-17-036158	2	Preferred	Series A Preferred Stock	5648865	000000N/A	N/A
0001144204-17-036158	1	Common	Common Stock	10377615	000000N/A	N/A
0001104659-17-044039	1	Common	Common Stock	10000	0	0
0001104659-17-044039	1	Preferred	Preferred Stock	0		
0001104659-17-044039	1	Debt Securities		0		
0001213900-17-007249	1	Preferred	n/a	0	000000n/a	n/a
0001213900-17-007249	1	Debt Securities	Loan Agreements	0	000000n/a	n/a
0001213900-17-007249	1	Common	Common Stock	20072223	26443D101	n/a
0001699683-17-000013	1	Debt Securities	N/A	0	N/A	N/A
0001699683-17-000013	1	Preferred	N/A	0	N/A	N/A
0001699683-17-000013	1	Common	Common	7500000	N/A	N/A
0001623541-17-000007	1	Common	Common	200000000	n/a	n/a
0001623541-17-000007	1	Debt Securities		0		
0001623541-17-000007	1	Preferred		0		
