ACCESSION_NUMBER	CS_ID	SECURITIESCLASSTITLE	CERTIFICATIONFILENUMBER	APPROXRECORDHOLDERS
0001144204-17-049009	1	Common Stock	024-10646	120
0001654954-17-008372	1	3,000,000 Units consisting of 3,000,000 Shares of Series A Cumulative Convertible Redeemable Preferred Stock, Warrants to Purchase 750,000 shares of Common Stock, and 2,892,857 shares of Common Stock underlying Convertible Preferred and Warrants	24R-00048	0
0001193125-17-260685	1	Class AA Common Stock	024-10545	153
0001193125-17-234569	1	Class A Common Voting Stock	024-10574	464
0001193125-17-234569	2	Series E Preferred Stock	024-10574	12
