ACCESSION_NUMBER	EMP_ID	ISSUERNAME	JURISDICTIONORGANIZATION	YEARINCORPORATION	CIK	SICCODE	FULLTIMEEMPLOYEES	PARTTIMEEMPLOYEES
0001477932-17-004814	1	GK INVESTMENT HOLDINGS, LLC	DE	2015	0001656108	6500	0	0
0001477932-17-004810	1	ENGENAVIS, INC.	DE	2017	0001694417	3714	13	0
0001683168-17-002524	1	Hylete, Inc.	CA	2015	0001599738	2300	18	2
0001144204-17-050618	1	Fundrise West Coast Opportunistic REIT, LLC	DE	2015	0001660919	6798	0	0
0001144204-17-050610	1	Fundrise Midland Opportunistic REIT, LLC	DE	2015	0001661023	6798	0	0
0001144204-17-050600	1	Fundrise East Coast Opportunistic REIT, LLC	DE	2015	0001660918	6798	0	0
0001144204-17-050596	1	GROUNDFLOOR FINANCE INC.	GA	2013	0001588504	6199	25	0
0001493152-17-011062	1	FAT Brands Inc.	DE	2017	0001705012	5812	30	0
0001699683-17-000033	1	Longfin Corp	DE	2017	0001699683	7374	3	0
0001699683-17-000028	1	Longfin Corp	DE	2017	0001699683	7374	3	0
0001642079-17-000008	1	ARC287BC CORP	NJ	2015	0001642079	3990	1	1
0001376474-17-000267	1	SACK LUNCH PRODUCTIONS INC.	UT	1987	0000833209	7900	49	67
0001144204-17-050364	1	FUNDRISE EQUITY REIT, LLC	DE	2015	0001648956	6798	0	0
0001193125-17-297611	1	XY - the Findables Company	DE	2016	0001577351	3670	29	5
0001213900-17-010066	1	Digital Social Retail, Inc.	DE	2014	0001697714	7310	0	0
0001144204-17-050159	1	Kindara Inc., f/k/a Conscious Cycles LLC	DE	2010	0001650519	8082	5	0
0001477932-17-004756	1	ASPYRON INC	WY	2015	0001706184	2834	0	3
0001104659-17-059179	1	DAKOTA REAL ESTATE INVESTMENT TRUST	ND	1997	0001074922	6798	0	0
0001493152-17-010945	1	FAT Brands Inc.	DE	2017	0001705012	5812	30	0
0001144204-17-049825	1	StartEngine Crowdfunding, Inc.	DE	2014	0001661779	7370	13	2
0001717993-17-000001	1	RTO FINANCE CORP	DE	2017	0001717993	6199	1	0
0001712534-17-000008	1	Busniess Lines Corp	DE	2017	0001712534	4700	2	0
0001144204-17-049787	1	GROUNDFLOOR FINANCE INC.	GA	2013	0001588504	6199	25	0
0001713621-17-000002	1	Lemon Tree Passage Inc.	DE	2017	0001713621	6199	1	0
0001264931-17-000075	1	WATER TECHNOLOGIES INTERNATIONAL,INC.	FL	1998	0001715032	3990	1	1
0001144204-17-049544	1	Fundrise National For-Sale Housing eFund, LLC	DE	2017	0001706656	6500	0	0
0001677159-17-000008	1	Bofat Investment Inc	DE	2016	0001677159	3510	2	0
0001477932-17-004698	1	Royalty Flow Inc.	DE	2017	0001709847	6799	0	0
0001104659-17-058510	1	Viskase Companies, Inc.	DE	1970	0000033073	3089	2300	100
0001477932-17-004657	1	Social Investment Holdings, Inc.	FL	2017	0001697831	2400	0	0
0001144204-17-049189	1	Kindara Inc., f/k/a Conscious Cycles LLC	DE	2010	0001650519	8082	5	0
0001493152-17-010815	1	Muscle Maker, Inc	CA	2014	0001701756	5810	71	102
0001144204-17-049032	1	Red Mountain Ventures Limited Partnership	A1	2004	0001712949	7990	146	115
0001213900-17-009866	1	Digital Social Retail, Inc.	DE	2014	0001697714	7310	0	0
0001104659-17-058006	1	DAKOTA REAL ESTATE INVESTMENT TRUST	ND	1997	0001074922	6798	0	0
0001477932-17-004622	1	McGraw Conglomerate Corp.	DE	2016	0001692780	3530	1	1
0001445866-17-001329	1	Secured Real Estate Income Fund II, LLC	DE	2016	0001678107	6199	0	0
0001144204-17-048745	1	Electromedical Technologies, Inc	DE	2017	0001715819	3845	6	0
0001144204-17-048616	1	Novea Inc.	WY	2015	0001676823	7389	0	0
0001477932-17-004556	1	Bridgewell Preferred Income Fund, LP	FL	2016	0001700976	6798	0	0
0001654954-17-008542	1	Level Brands, Inc.	NC	2015	0001644903	2844	9	0
0001144204-17-048525	1	Arcimoto, Inc.	OR	2007	0001558583	3751	23	0
0000721748-17-000657	1	1212 Development Corp	NV	2016	0001705510	7011	0	0
0000721748-17-000654	1	1212 Development Corp	NV	2016	0001705510	7011	0	0
0001699683-17-000027	1	Longfin Corp	DE	2017	0001699683	7374	3	0
0001716949-17-000001	1	MiTio Inc / DE	DE	2017	0001716949	8200	3	0
0001144204-17-048316	1	To The Stars Academy of Arts and Science Inc.	DE	2017	0001710274	7812	7	2
0000721748-17-000645	1	1212 Development Corp	NV	2016	0001705510	7011	0	0
0001642079-17-000007	1	ARC287BC CORP	NJ	2015	0001642079	3990	1	1
0001712534-17-000007	1	Busniess Lines Corp	DE	2017	0001712534	4700	2	0
0001671132-17-000008	1	HempTech Corp	NV	2014	0001671132	700	5	3
0001144204-17-047922	1	Arcimoto, Inc.	OR	2007	0001558583	3751	23	0
0001567619-17-001957	1	Energy Hunter Resources, Inc.	DE	2016	0001679073	1311	8	0
0001582586-17-000044	1	Red Fish Properties, Inc.	DE	2017	0001703429	7372	0	1
0001493152-17-010502	1	PSI International, Inc.	VA	1977	0001690921	7374	99	8
0001477932-17-004435	1	Medical Cannabis Payment Solutions	NV	2013	0001710243	6199	1	2
0001493152-17-010403	1	VIRTRA, INC.	NV	1993	0001085243	7900	74	0
0001214659-17-005555	1	Impact Housing REIT, LLC	DE	2016	0001683617	6513	0	0
0001144204-17-046787	1	StartEngine Crowdfunding, Inc.	DE	2014	0001661779	7370	13	2
0001144204-17-046780	1	GROUNDFLOOR FINANCE INC.	GA	2013	0001588504	6199	25	0
0001493152-17-010253	1	FAT Brands Inc.	DE	2017	0001705012	5812	30	0
0001144204-17-046449	1	Kindara Inc., f/k/a Conscious Cycles LLC	DE	2010	0001650519	8082	5	0
0001213900-17-009394	1	Digital Social Retail, Inc.	DE	2014	0001697714	7310	0	0
0001387131-17-004545	1	1st stREIT Office Inc.	MD	2016	0001700461	6798	0	0
0001144204-17-046381	1	To The Stars Academy of Arts and Science Inc.	DE	2017	0001710274	7812	7	2
0001213900-17-009373	1	StreamNet, Inc.	NV	2016	0001681343	4841	1	0
0001104659-17-055120	1	DAKOTA REAL ESTATE INVESTMENT TRUST	ND	1997	0001074922	6798	0	0
0001477932-17-004285	1	Medical Cannabis Payment Solutions	NV	2013	0001710243	6199	1	1
0001683168-17-002286	1	Hylete, Inc.	CA	2015	0001599738	2300	18	2
0001699683-17-000023	1	Longfin Corp	DE	2017	0001699683	7374	3	0
0001445866-17-001285	1	Secured Real Estate Income Fund II, LLC	DE	2016	0001678107	6199	0	0
0001493152-17-010040	1	SHANTINIKETAN INTERNATIONAL CORPORATION	NV	2017	0001715397	6552	2	0
0001477932-17-004260	1	Social Investment Holdings, Inc.	FL	2017	0001697831	2400	0	0
0001712534-17-000004	1	Busniess Lines Corp	DE	2017	0001712534	4700	2	0
0001144204-17-045742	1	Novea Inc.	WY	2015	0001676823	7389	0	0
0001144204-17-045693	1	TerraCycle US Inc.	DE	2017	0001714781	4953	30	0
0001477932-17-004241	1	McGraw Conglomerate Corp.	DE	2016	0001692780	3530	1	1
0001213900-17-009263	1	StreamNet, Inc.	NV	2016	0001681343	4841	1	0
0001681287-17-000013	1	Mobodexter Inc.	DE	2013	0001681287	7370	12	4
0001144204-17-045466	1	Denim.LA, Inc.	DE	2013	0001668010	5600	13	0
0001213900-17-009237	1	American Energy Partners, Inc.	CO	2017	0001715688	4941	2	0
0001642079-17-000006	2	ARC287BC CORP	NJ	2015	0001642079	3790	1	0
0001642079-17-000006	1	ARC287BC CORP	NJ	2015	0001642079	3790	1	3
0001698370-17-000009	1	TRUE LEAF MEDICINE INTERNATIONAL LTD.	A1	2014	0001698370	2000	5	0
0001214659-17-005303	1	CNote Group, Inc.	DE	2016	0001683145	6199	3	4
0000721748-17-000577	1	SNM Global Holdings, Inc.	NV	2006	0001706907	7990	5	0
0001615774-17-004737	1	CF Fund II, LLC	PA	2015	0001656124	6199	1	0
0001582586-17-000042	1	Red Fish Properties, Inc.	DE	2017	0001703429	7372	0	1
0001214659-17-005264	1	CNote Group, Inc.	DE	2016	0001683145	6199	3	4
0001144204-17-044842	1	XTI Aircraft Co	DE	2012	0001638850	3721	0	0
0001213900-17-009046	1	Property Income Trust LLC	DE	2015	0001694046	6500	0	0
0001387131-17-004349	1	1st stREIT Office Inc.	MD	2016	0001700461	6798	0	0
0001144204-17-044369	1	Cottonwood Multifamily Opportunity Fund, Inc.	MD	2016	0001680657	6798	0	0
0001688804-17-000020	1	RSE Collection, LLC	DE	2016	0001688804	3711	0	0
0001642079-17-000005	1	ARC287BC CORP	NJ	2015	0001642079	3790	1	3
0001642079-17-000005	2	ARC287BC CORP	NJ	2015	0001642079	3790	1	0
0001144204-17-044245	1	Red Mountain Ventures Limited Partnership	A1	2004	0001712949	7990	146	115
0001677159-17-000007	1	Bofat Investment Inc	DE	2016	0001677159	3510	2	0
0001144204-17-044213	1	Kindara Inc., f/k/a Conscious Cycles LLC	DE	2010	0001650519	8082	5	0
0001144204-17-043600	1	Denim.LA, Inc.	DE	2013	0001668010	5600	13	0
0001387131-17-004229	1	NY Residential REIT, LLC	DE	2016	0001692725	6798	0	0
0001144204-17-043466	1	To The Stars Academy of Arts and Science Inc.	DE	2017	0001710274	7812	7	2
0001493152-17-009378	1	Doyen Elements Inc.	NV	2015	0001657737	6512	64	4
0001214659-17-005100	1	Impact Housing REIT, LLC	DE	2016	0001683617	6513	0	0
0000721748-17-000529	1	SNM Global Holdings, Inc.	NV	2006	0001706907	7990	5	0
0001144204-17-042603	1	GROUNDFLOOR FINANCE INC.	GA	2013	0001588504	6199	17	0
0001144204-17-042571	1	Arcimoto, Inc.	OR	2007	0001558583	3751	22	0
0001144204-17-042376	1	Fundrise National For-Sale Housing eFund, LLC	DE	2017	0001706656	6500	0	0
0001144204-17-042187	1	Novea Inc.	WY	2015	0001676823	7389	0	0
0001477932-17-003795	1	Medical Cannabis Payment Solutions	NV	2013	0001710243	6199	1	1
0001699683-17-000016	1	Longfin Corp	DE	2017	0001699683	7374	3	0
0001567619-17-001647	1	Energy Hunter Resources, Inc.	DE	2016	0001679073	1311	8	0
0001144204-17-041252	1	Chicken Soup for the Soul Entertainment, Inc.	DE	2016	0001679063	4841	2	0
0001144204-17-041153	1	Denim.LA, Inc.	DE	2013	0001668010	5600	13	0
0001144204-17-040975	1	Arcimoto, Inc.	OR	2007	0001558583	3751	22	0
0001671132-17-000006	1	HempTech Corp	NV	2014	0001671132	700	5	3
0001104659-17-049637	1	MogulREIT II, Inc.	MD	2017	0001699573	6798	0	0
0001477932-17-003679	1	McGraw Conglomerate Corp.	DE	2016	0001692780	3530	1	1
0001477932-17-003675	1	McGraw Conglomerate Corp.	DE	2016	0001692780	3530	1	1
0001144204-17-040579	1	XTI Aircraft Co	DE	2012	0001638850	3721	0	0
0001376474-17-000207	1	SACK LUNCH PRODUCTIONS INC.	UT	1987	0000833209	7900	49	67
0001387131-17-003837	1	1st stREIT Office Inc.	MD	2016	0001700461	6798	0	0
0001213900-17-008134	1	StreamNet, Inc.	NV	2016	0001681343	4841	1	0
0001493152-17-008336	1	Doyen Elements Inc.	NV	2015	0001657737	6512	64	4
0001144204-17-039247	1	Arcimoto, Inc.	OR	2007	0001558583	3751	22	0
0001213900-17-008067	1	Duke Robotics, Inc.	DE	2016	0001682110	3728	8	0
0000721748-17-000479	1	SNM Global Holdings, Inc.	NV	2006	0001706907	7990	5	0
0001144204-17-038986	1	Medalist Diversified REIT, Inc.	MD	2015	0001654595	6510	0	0
0001642079-17-000004	1	ARC287BC CORP	NJ	2015	0001642079	3829	1	3
0001683168-17-001870	1	Advanced Fuel Technologies Ltd.	WY	2016	0001706951	2070	2	1
0001688804-17-000012	1	RSE Collection, LLC	DE	2016	0001688804	3711	0	0
0001712534-17-000002	1	Busniess Lines Corp	DE	2017	0001712534	4700	2	0
0001477932-17-003526	1	Bridgewell Preferred Income Fund, LP	FL	2016	0001700976	6798	0	0
0001144204-17-038087	1	Rebuild Miami-Edgewater, LLC	FL	2014	0001710282	7000	0	0
0001445866-17-001046	1	Envision Media Partners, Inc.	WY	2016	0001708159	7812	0	0
0001144204-17-038015	1	Sondors, Inc.	DE	2017	0001704419	3751	0	0
0001144204-17-038012	1	Sondors Electric Car Company	DE	2017	0001683872	3711	0	0
0001642079-17-000002	1	ARC287BC CORP	NJ	2015	0001642079	3790	1	3
0001477932-17-003490	1	Social Investment Holdings, Inc.	FL	2017	0001697831	2400	0	0
0001213900-17-007830	1	Legion Capital Corporation	FL	2015	0001661166	6799	14	3
0001144204-17-037636	1	GROUNDFLOOR FINANCE INC.	GA	2013	0001588504	6199	17	0
0001571049-17-006838	1	Kinderhook Bank Corp.	NY	1996	0001025991	6021	85	3
0001144204-17-037465	1	Denim.LA, Inc.	DE	2013	0001668010	5600	13	0
0001144204-17-037373	1	Sagoon Inc.	DE	2006	0001639953	7374	29	7
0001699683-17-000014	1	Longfin Corp	DE	2017	0001699683	7374	15	0
0001144204-17-037071	1	Rise Companies Corp.	DE	2014	0001640967	6500	44	0
0001144204-17-037053	1	Sondors Electric Car Company	DE	2017	0001683872	3711	0	0
0001144204-17-037054	1	Sondors, Inc.	DE	2017	0001704419	3751	0	0
0001437749-17-012650	1	Neurmedix, Inc.	DE	2014	0001704466	2834	0	0
0001571049-17-006702	1	Kinderhook Bank Corp.	NY	1996	0001025991	6021	85	3
0001582586-17-000035	1	Red Fish Properties, Inc.	DE	2017	0001703429	7372	0	1
0001688804-17-000010	1	RSE Collection, LLC	DE	2016	0001688804	3711	0	0
0001213900-17-007445	1	Fig Publishing, Inc.	DE	2015	0001658966	7372	2	0
0001703429-17-000002	1	Red Fish Properties, Inc.	DE	2017	0001703429	7372	0	1
0001193125-17-226163	1	COTTONWOOD MULTIFAMILY REIT II, INC.	MD	2016	0001677881	6798	0	0
0001213900-17-007428	1	Legion Capital Corporation	FL	2015	0001661166	6799	14	3
0001687263-17-000008	1	PHOENIX REALTY, INC.	DE	2016	0001687263	6500	0	0
0001144204-17-036354	1	Chicken Soup for the Soul Entertainment, Inc.	DE	2016	0001679063	4841	2	0
0001144204-17-036274	1	GROUNDFLOOR FINANCE INC.	GA	2013	0001588504	6199	21	0
0001213900-17-007322	1	Duke Robotics, Inc.	DE	2016	0001682110	3728	8	0
0001698370-17-000008	1	TRUE LEAF MEDICINE INTERNATIONAL LTD.	A1	2014	0001698370	2000	5	0
0001214659-17-004390	1	Impact Housing REIT, LLC	DE	2016	0001683617	6513	0	0
0001144204-17-036158	1	Denim.LA, Inc.	DE	2013	0001668010	5600	13	0
0001104659-17-044039	1	MogulREIT II, Inc.	MD	2017	0001699573	6798	0	0
0001213900-17-007249	1	Duke Robotics, Inc.	DE	2016	0001682110	3728	8	0
0001699683-17-000013	1	Longfin Corp	DE	2017	0001699683	7374	15	0
0001623541-17-000007	1	GREENMO INC.	NV	2014	0001623541	3663	0	0
