ACCESSION_NUMBER	SECURITY_ID	SECURITIESISSUERNAME	SECURITIESISSUERTITLE	SECURITIESISSUEDTOTALAMOUNT	SECURITIESPRINCIPALHOLDERAMT	SECURITIESISSUEDAGGREGATEAMT	AGGREGATECONSIDERATIONBASIS
0001477932-17-004810	1	Engenavis, Inc.	Common Stock	6120537	0	Total of $100,549.13 paid in cash. 5,495,537 shares (Founder's round) at $0.0001 par value for $549.13 in cash. Remaining 625,000 shares (First round) at $0.16 per share for $100,000 in cash.	
0001683168-17-002524	1	Hylete, Inc.	Class B Common Stock	1000000	0	1,000,000	
0001144204-17-050618	1	Fundrise West Coast Opportunistic REIT, LLC	Common Shares	10000	10000	$100,000 ($10.00 per common share)	same as above
0001144204-17-050610	1	Fundrise Midland Opportunistic REIT, LLC	Common Shares	10000	10000	$100,000 ($10.00 per common share)	same as above
0001144204-17-050600	1	Fundrise East Coast Opportunistic REIT, LLC	Common Shares	10000	10000	$100,000 ($10.00 per common share)	same as above
0001144204-17-050596	1	Groundfloor Finance Inc.	LROs	18095480	0	LROs in the amount of $18,095,480 were issued and sold pursuant to Offering Circular File No. 024-10496 (as may be amended and supplemented from time to time).	
0001144204-17-050596	2	Groundfloor Finance Inc.	LROs	18095480	0	LROs in the amount of $18,095,480 were issued and sold pursuant to Offering Circular File No. 024-10496 (as may be amended and supplemented from time to time).	
0001144204-17-050596	3	Groundfloor Finance Inc.	LROs	18095480	0	LROs in the amount of $18,095,480 were issued and sold pursuant to Offering Circular File No. 024-10496 (as may be amended and supplemented from time to time).	
0001699683-17-000033	1	Long Fin Corp	Common	7500000	0	75	
0001699683-17-000028	1	Long Fin Corp	Common	7500000	0	75	
0001376474-17-000267	1	Sack Lunch Productions, Inc.	Common Stock	41401116	0	80,100 Preferred Shares	
0001376474-17-000267	2	Sack Lunch Productions, Inc.	Common Stock	41401116	0	80,100 Preferred Shares	
0001376474-17-000267	4	Sack Lunch Productions, Inc.	Common Stock	41401116	0	80,100 Preferred Shares	
0001376474-17-000267	3	Sack Lunch Productions, Inc.	Common Stock	41401116	0	80,100 Preferred Shares	
0001193125-17-297611	1	XY - the Findables Company	Options to purchase shares of the Company's class A Common Stock	1058750	0	N/A	
0001213900-17-010066	1	Digital Social Retail, Inc.	Unsecured convertible promissory notes	6	0	$480,000	
0001477932-17-004756	2	Aspyron Inc	Common Stock	22500000	0	$225.00 at $.00001 per share	
0001477932-17-004756	1	Aspyron Inc	Common Stock	22500000	0	$225.00 at $.00001 per share	
0001104659-17-059179	1	Dakota Real Estate Investment Trust	Class A and Class B Shares	383771	0	$4,903,133 Shares were issued under dividend reinvestment plan to existing shareholders of Dakota REIT and under a distribution investment plan for limited partners of the UPREIT for which Dakota REIT is the general partner. The per share price was at a 10% discount from the value of the units then being offered by the UPREIT. The value of the UPREIT units has been the per share offering price for shares in Dakota REIT.	
0001712534-17-000008	1	Business Lines Corp.	Common Stock	15000000	0	100	
0001717993-17-000001	1	RTO Finance Corp	Common	20000000	0	200	
0001144204-17-049787	2	Groundfloor Finance Inc.	LROs	18717040	0	LROs in the amount of $18,717,040 were issued and sold pursuant to Offering Circular File No. 024-10496 (as may be amended and supplemented from time to time).	
0001144204-17-049787	1	Groundfloor Finance Inc.	LROs	18717040	0	LROs in the amount of $18,717,040 were issued and sold pursuant to Offering Circular File No. 024-10496 (as may be amended and supplemented from time to time).	
0001144204-17-049787	3	Groundfloor Finance Inc.	LROs	18717040	0	LROs in the amount of $18,717,040 were issued and sold pursuant to Offering Circular File No. 024-10496 (as may be amended and supplemented from time to time).	
0001713621-17-000002	1	Lemon Tree Passage Inc	Common	20000000	0	5000	
0001264931-17-000075	1	WATER TECHNOLOGIES INTERNATIONAL,INC.	Common Stock, $.00001 par value; Preferred B Stock, $.00001 par value, Preferred C Stock, $.00001 par value	172473	0	150,000 shares of Preferred B Stock to one investor for $10,000 cash; 65,000 shares of Preferred C Stock to one investor for $10,000 cash; 422,541,066 shares issued for convertible debt conversion with varying conversion prices.	
0001144204-17-049544	1	Fundrise National For-Sale Housing eFund, LLC	Common Shares	500	500	$5,000 ($10.00 per common share)	same as above
0001677159-17-000008	1	Bofat Investments Inc	Common	15000000	0	1500	
0001477932-17-004698	1	Royalty Flow Inc.	Class B Common Stock	100	0	In May 2017, 100 shares were issued in exchange for services rendered in connection with the formation of the entity to our controlling stockholders, Royalty Exchange, Inc.	
0001104659-17-058510	1	Viskase Companies, Inc.	Common Stock	339558	0	$0.00  Shares issued upon cahsless exercise of stock options.	
0001477932-17-004657	1	Social Investment Holdings, Inc.	Common	7500000	0	$750 at $.0001 par value	
0001493152-17-010815	2	Muscle Maker, Inc	Common Stock	4130359	0	3,899,527 shares issued at average price of $1.54 per share ($6,014,571 cash proceeds) and 230,833 shares issued for services rendered at average value of $6.88 per share.	
0001493152-17-010815	3	Muscle Maker, Inc	Common Stock	4130359	0	3,899,527 shares issued at average price of $1.54 per share ($6,014,571 cash proceeds) and 230,833 shares issued for services rendered at average value of $6.88 per share.	
0001493152-17-010815	1	Muscle Maker, Inc	Common Stock	4130359	0	3,899,527 shares issued at average price of $1.54 per share ($6,014,571 cash proceeds) and 230,833 shares issued for services rendered at average value of $6.88 per share.	
0001144204-17-049032	1	Red Mountain Ventures Limited Partnership	Class C Units	2674359	0	Conversion of CDN$23,694,824 in loans owed to a wholly owned subsidiary of the issuer.	
0001144204-17-049032	2	Red Mountain Ventures Limited Partnership	Class C Units	2674359	0	Conversion of CDN$23,694,824 in loans owed to a wholly owned subsidiary of the issuer.	
0001213900-17-009866	1	Digital Social Retail, Inc.	Unsecured convertible promissory notes	6	0	$480,000	
0001104659-17-058006	1	Dakota Real Estate Investment Trust	Class A and Class B Shares	383771	0	$4,903,133 Shares were issued under dividend reinvestment plan to existing shareholders of Dakota REIT and under a distribution investment plan for limited partners of the UPREIT for which Dakota REIT is the general partner. The per share price was at a 10% discount from the value of the units then being offered by the UPREIT. The value of the UPREIT units has been the per share offering price for shares in Dakota REIT.	
0001477932-17-004622	1	McGraw Conglomerate Corporation	Common	1666667	0	$200 at $.00001 par value	
0001144204-17-048745	1	Electromedical Technologies, Inc.	Common Stock	15000000	0	The shares were issued upon conversion from the prior entity, Electro Medical Technologies LLC	
0001445866-17-001329	2	Secured Real Estate Income Fund I, LLC	limited liability company interests	2183425	0	2183425	
0001445866-17-001329	1	Secured Real Estate Income Fund I, LLC	limited liability company interests	2183425	0	2183425	
0001654954-17-008542	3	Level Brands, Inc.	Units consisting of convertible promissory notes and warrants	2125000	0	2,125,000 in cash proceeds	
0001654954-17-008542	4	Level Brands, Inc.	Units consisting of convertible promissory notes and warrants	2125000	0	2,125,000 in cash proceeds	
0001654954-17-008542	5	Level Brands, Inc.	Units consisting of convertible promissory notes and warrants	2125000	0	2,125,000 in cash proceeds	
0001654954-17-008542	6	Level Brands, Inc.	Units consisting of convertible promissory notes and warrants	2125000	0	2,125,000 in cash proceeds	
0001654954-17-008542	7	Level Brands, Inc.	Units consisting of convertible promissory notes and warrants	2125000	0	2,125,000 in cash proceeds	
0001654954-17-008542	8	Level Brands, Inc.	Units consisting of convertible promissory notes and warrants	2125000	0	2,125,000 in cash proceeds	
0001654954-17-008542	9	Level Brands, Inc.	Units consisting of convertible promissory notes and warrants	2125000	0	2,125,000 in cash proceeds	
0001654954-17-008542	10	Level Brands, Inc.	Units consisting of convertible promissory notes and warrants	2125000	0	2,125,000 in cash proceeds	
0001654954-17-008542	11	Level Brands, Inc.	Units consisting of convertible promissory notes and warrants	2125000	0	2,125,000 in cash proceeds	
0001654954-17-008542	12	Level Brands, Inc.	Units consisting of convertible promissory notes and warrants	2125000	0	2,125,000 in cash proceeds	
0001654954-17-008542	13	Level Brands, Inc.	Units consisting of convertible promissory notes and warrants	2125000	0	2,125,000 in cash proceeds	
0001654954-17-008542	14	Level Brands, Inc.	Units consisting of convertible promissory notes and warrants	2125000	0	2,125,000 in cash proceeds	
0001654954-17-008542	15	Level Brands, Inc.	Units consisting of convertible promissory notes and warrants	2125000	0	2,125,000 in cash proceeds	
0001654954-17-008542	16	Level Brands, Inc.	Units consisting of convertible promissory notes and warrants	2125000	0	2,125,000 in cash proceeds	
0001654954-17-008542	17	Level Brands, Inc.	Units consisting of convertible promissory notes and warrants	2125000	0	2,125,000 in cash proceeds	
0001654954-17-008542	18	Level Brands, Inc.	Units consisting of convertible promissory notes and warrants	2125000	0	2,125,000 in cash proceeds	
0001654954-17-008542	19	Level Brands, Inc.	Units consisting of convertible promissory notes and warrants	2125000	0	2,125,000 in cash proceeds	
0001654954-17-008542	20	Level Brands, Inc.	Units consisting of convertible promissory notes and warrants	2125000	0	2,125,000 in cash proceeds	
0001654954-17-008542	21	Level Brands, Inc.	Units consisting of convertible promissory notes and warrants	2125000	0	2,125,000 in cash proceeds	
0001654954-17-008542	22	Level Brands, Inc.	Units consisting of convertible promissory notes and warrants	2125000	0	2,125,000 in cash proceeds	
0001654954-17-008542	1	Level Brands, Inc.	Units consisting of convertible promissory notes and warrants	2125000	0	2,125,000 in cash proceeds	
0001654954-17-008542	2	Level Brands, Inc.	Units consisting of convertible promissory notes and warrants	2125000	0	2,125,000 in cash proceeds	
0001144204-17-048525	1	Arcimoto, Inc.	A-1 Preferred Stock	329700	329700	$1,648,500 @ $5.00 per share	$1,648,500 @ $5.00 per share
0000721748-17-000657	1	1212 Development Corp.	Common	100000000	0	10000, value.	
0000721748-17-000654	1	1212 Development Corp.	Common	100000000	0	10000, value.	
0001699683-17-000027	1	Long Fin Corp	Common	7500000	0	75	
0001716949-17-000001	1	MiTio, INC.	Common	20000000	0	2000	
0000721748-17-000645	1	1212 Development Corp.	Common	100000000	0	10000, value.	
0001712534-17-000007	1	Business Lines Corp.	Common Stock	15000000	0	100	
0001671132-17-000008	1	HempTech Corp.	Preferred Stock	273666	0	$82000 at $0.30 per share	
0001144204-17-047922	1	Arcimoto, Inc.	A-1 Preferred Stock	329700	329700	$1,648,500 @ $5.00 per share	$1,648,500 @ $5.00 per share
0001567619-17-001957	2	Energy Hunter Resources, Inc.	Senior Secured Promissory Notes	3000000	0	In March 2017, the Company sold a $3,000,000 10% Senior Secured Promissory Note to an existing accredited investor. Upon the occurrence of the maturity of the Note, at the option of the holder, the Note may either become due and payable or convert into shares of Common Stock at 75% of the share price in a qualified equity offering. This offering would constitute a qualified equity offering under the Note.	
0001567619-17-001957	1	Energy Hunter Resources, Inc.	Senior Secured Promissory Notes	3000000	0	In March 2017, the Company sold a $3,000,000 10% Senior Secured Promissory Note to an existing accredited investor. Upon the occurrence of the maturity of the Note, at the option of the holder, the Note may either become due and payable or convert into shares of Common Stock at 75% of the share price in a qualified equity offering. This offering would constitute a qualified equity offering under the Note.	
0001582586-17-000044	1	Red Fish Properties, Inc.	Common Stock	25000000	0	2,500	
0001477932-17-004435	1	Medical Cannabis Payment Solutions	Common Stock, $.0001 par value; warrants	26250000	20000000	4,000,000 shares to two investors for a total of $100,000. $22,250,000 shares issued for services valued at $0.01 per share 4,000,000 warrants issued for services with varying exercise prices.	200000
0001493152-17-010403	1	VIRTRA, INC.	Series A Preferred Stock (See attached for additional issuances)	50000	0	$2,500. Shares were sold at a purchase price of $0.05 per share.	Aggregate value of options issued was $230,459.60 (an average of $2.23). Options were issued as compensation to certain officers and directors of the Company.
0001493152-17-010403	2	VIRTRA, INC.	Series A Preferred Stock (See attached for additional issuances)	50000	0	$2,500. Shares were sold at a purchase price of $0.05 per share.	Aggregate value of options issued was $230,459.60 (an average of $2.23). Options were issued as compensation to certain officers and directors of the Company.
0001144204-17-046780	2	Groundfloor Finance Inc.	LROs	18717040	0	LROs in the amount of $18,717,040 were issued and sold pursuant to Offering Circular File No. 024-10496 (as may be amended and supplemented from time to time).	
0001144204-17-046780	1	Groundfloor Finance Inc.	LROs	18717040	0	LROs in the amount of $18,717,040 were issued and sold pursuant to Offering Circular File No. 024-10496 (as may be amended and supplemented from time to time).	
0001144204-17-046780	3	Groundfloor Finance Inc.	LROs	18717040	0	LROs in the amount of $18,717,040 were issued and sold pursuant to Offering Circular File No. 024-10496 (as may be amended and supplemented from time to time).	
0001213900-17-009394	1	Digital Social Retail, Inc.	Unsecured convertible promissory note	1	1	Convertible Note: $250,000	N/A
0001387131-17-004545	1	1st stREIT Office Inc.	Common Stock	100	0	$1000 ($10 per share of common stock)	
0001213900-17-009373	1	StreamNet, Inc	Common Stock	23300000	0	23,300	
0001104659-17-055120	1	Dakota Real Estate Investment Trust	Class A and Class B Shares	383771	0	$4,903,133 Shares were issued under dividend reinvestment plan to existing shareholders of Dakota REIT and under a distribution investment plan for limited partners of the UPREIT for which Dakota REIT is the general partner. The per share price was at a 10% discount from the value of the units then being offered by the UPREIT. The value of the UPREIT units has been the per share offering price for shares in Dakota REIT.	
0001477932-17-004285	1	Medical Cannabis Payment Solutions	Common Stock, $.0001 par value; warrants	26250000	20000000	4,000,000 shares to two investors for a total of $100,000. $22,250,000 shares issued for services valued at $0.01 per share 4,000,000 warrants issued for services with varying exercise prices.	200000
0001683168-17-002286	1	Hylete, Inc.	Class B Common Stock	1000000	0	1,000,000	
0001699683-17-000023	1	Long Fin Corp	Common	7500000	0	75	
0001445866-17-001285	2	Secured Real Estate Income Fund I, LLC	limited liability company interests	2183425	0	2183425	
0001445866-17-001285	1	Secured Real Estate Income Fund I, LLC	limited liability company interests	2183425	0	2183425	
0001493152-17-010040	1	SHANTINIKETAN INTERNATIONAL CORPORATION	Common Stock	25000100	0	$25,000.10 and the contribution of certain intellectual property. Shares were sold at a purchase price of $0.001 per share.	
0001477932-17-004260	1	Social Investment Holdings, Inc.	Common	7500000	0	$750 at $.0001 par value	
0001712534-17-000004	1	Business Lines Corp.	Common Stock	15000000	0	100	
0001144204-17-045693	1	TerraCycle US Inc.	Common Stock	500000	0	$50, based on par value of 0.0001/share	$3.42, based on par value of 0.0001/share
0001144204-17-045693	2	TerraCycle US Inc.	Common Stock	500000	0	$50, based on par value of 0.0001/share	$3.42, based on par value of 0.0001/share
0001477932-17-004241	1	McGraw Conglomerate Corporation	Common	1666667	0	$200 at $.00001 par value	
0001213900-17-009263	1	StreamNet, Inc	Common Stock	23300000	0	0	
0001144204-17-045466	3	Denim.LA, Inc.	Series A Preferred Stock	3660530	0	$1,757,054.40, at $0.48 per share which was based on a pre-money valuation of $22,428,448 and 46,725,935 outstanding shares.	
0001144204-17-045466	2	Denim.LA, Inc.	Series A Preferred Stock	3660530	0	$1,757,054.40, at $0.48 per share which was based on a pre-money valuation of $22,428,448 and 46,725,935 outstanding shares.	
0001681287-17-000013	1	MOBODEXTER , INC.	Common Stock	20000000	0	440,641.77	
0001144204-17-045466	1	Denim.LA, Inc.	Series A Preferred Stock	3660530	0	$1,757,054.40, at $0.48 per share which was based on a pre-money valuation of $22,428,448 and 46,725,935 outstanding shares.	
0001213900-17-009237	1	American Energy Partners, Inc.	Class A Common Stock	803000	0	$405,000	
0001698370-17-000009	1	True Leaf Medicine International Ltd.	common shares	16769584	0	$3,766,676 Canadian Dollars	
0001214659-17-005303	3	CNote Group, Inc.	Common stock, par value $0.00001 per share	6000000	6000000	$60 aggregate consideration for 6,000,000 shares of common stock, par value $0.00001 per share, purchased at par value. 25% of these shares vest in each of the next four years, beginning on either April 22, 2017 or June 17, 2017.	$60
0001214659-17-005303	2	CNote Group, Inc.	Common stock, par value $0.00001 per share	6000000	6000000	$60 aggregate consideration for 6,000,000 shares of common stock, par value $0.00001 per share, purchased at par value. 25% of these shares vest in each of the next four years, beginning on either April 22, 2017 or June 17, 2017.	$60
0001214659-17-005303	1	CNote Group, Inc.	Common stock, par value $0.00001 per share	6000000	6000000	$60 aggregate consideration for 6,000,000 shares of common stock, par value $0.00001 per share, purchased at par value. 25% of these shares vest in each of the next four years, beginning on either April 22, 2017 or June 17, 2017.	$60
0000721748-17-000577	1	SNM Global Holdings	Simple Agreement for Equity	412500	0	412500    convertible notes	
0001615774-17-004737	1	Conquest Funding, Inc., a Pennsylvania Corporation	Notes Payable	1350000	0	$1,350,000.00; Book Value of Notes	
0001582586-17-000042	1	Red Fish Properties, Inc.	Common Stock	25000000	0	2,500	
0001214659-17-005264	3	CNote Group, Inc.	Common stock, par value $0.00001 per share	6000000	6000000	$60 aggregate consideration for 6,000,000 shares of common stock, par value $0.00001 per share, purchased at par value. 25% of these shares vest in each of the next four years, beginning on either April 22, 2017 or June 17, 2017.	$60
0001214659-17-005264	2	CNote Group, Inc.	Common stock, par value $0.00001 per share	6000000	6000000	$60 aggregate consideration for 6,000,000 shares of common stock, par value $0.00001 per share, purchased at par value. 25% of these shares vest in each of the next four years, beginning on either April 22, 2017 or June 17, 2017.	$60
0001214659-17-005264	1	CNote Group, Inc.	Common stock, par value $0.00001 per share	6000000	6000000	$60 aggregate consideration for 6,000,000 shares of common stock, par value $0.00001 per share, purchased at par value. 25% of these shares vest in each of the next four years, beginning on either April 22, 2017 or June 17, 2017.	$60
0001144204-17-044842	1	XTI Aircraft Co	Common Stock	774550	0	$774,550	
0001387131-17-004349	1	1st stREIT Office Inc.	Common Stock	100	0	$1000 ($10 per share of common stock)	
0001144204-17-044369	1	Cottonwood Multifamily Opportunity Fund, Inc.	Common Stock	1000	1000	$10,000 ($10.00 per common share)	same as above
0001688804-17-000020	1	RSE Collection, LLC	Series #77LE1, a series of RSE Collection, LLC	2000	0	Aggregate amount: $77,700 Basis of Computing: 2000 LLC Interests at $38.85 per Interest	
0001144204-17-044245	2	Red Mountain Ventures Limited Partnership	Class C Units	2674359	0	Conversion of CDN$23,694,824 in loans owed to a wholly owned subsidiary of the issuer.	
0001144204-17-044245	1	Red Mountain Ventures Limited Partnership	Class C Units	2674359	0	Conversion of CDN$23,694,824 in loans owed to a wholly owned subsidiary of the issuer.	
0001677159-17-000007	1	Bofat Investments Inc	Common	15000000	0	31500	
0001144204-17-043600	1	Denim.LA, Inc.	Series A Preferred Stock	3660530	0	$1,757,054.40, at $0.48 per share which was based on a pre-money valuation of $22,428,448 and 46,725,935 outstanding shares.	
0001144204-17-043600	2	Denim.LA, Inc.	Series A Preferred Stock	3660530	0	$1,757,054.40, at $0.48 per share which was based on a pre-money valuation of $22,428,448 and 46,725,935 outstanding shares.	
0001144204-17-043600	3	Denim.LA, Inc.	Series A Preferred Stock	3660530	0	$1,757,054.40, at $0.48 per share which was based on a pre-money valuation of $22,428,448 and 46,725,935 outstanding shares.	
0001387131-17-004229	1	NY Residential REIT, LLC	Common Stock	100	100	$1,000 ($10.00 per common share)	0
0001493152-17-009378	1	Doyen Elements, Inc. formerly Advantameds Solutions USA Fund I, Inc.	Convertible Preferred (Series A)	638	0	$63,800	
0000721748-17-000529	1	SNM Global Holdings	Simple Agreement for Equity	412500	0	412500    convertible notes	
0001144204-17-042603	3	Groundfloor Finance Inc.	LROs	17382600	0	LROs in the amount of $17,382,600 were issued and sold pursuant to Offering Circular File No. 024-10496 (as may be amended and supplemented from time to time).	
0001144204-17-042603	1	Groundfloor Finance Inc.	LROs	17382600	0	LROs in the amount of $17,382,600 were issued and sold pursuant to Offering Circular File No. 024-10496 (as may be amended and supplemented from time to time).	
0001144204-17-042603	2	Groundfloor Finance Inc.	LROs	17382600	0	LROs in the amount of $17,382,600 were issued and sold pursuant to Offering Circular File No. 024-10496 (as may be amended and supplemented from time to time).	
0001144204-17-042571	1	Arcimoto, Inc.	A-1 Preferred Stock	329700	329700	$1,648,500 @ $5.00 per share	$1,648,500 @ $5.00 per share
0001144204-17-042376	1	Fundrise National For-Sale Housing eFund, LLC	Common Shares	500	500	$5,000 ($10.00 per common share)	same as above
0001477932-17-003795	1	Medical Cannabis Payment Solutions	Common Stock, $.0001 par value; warrants	26250000	20000000	4,000,000 shares to two investors for a total of $100,000. $22,250,000 shares issued for services valued at $0.01 per share 4,000,000 warrants issued for services with varying exercise prices.	200000
0001699683-17-000016	1	Long Fin Corp	Common	67500000	0	16500000	
0001567619-17-001647	2	Energy Hunter Resources, Inc.	Senior Secured Promissory Notes	3000000	0	In March 2017, the Company sold a $3,000,000 10% Senior Secured Promissory Note to an existing accredited investor. Upon the occurrence of the maturity of the Note, at the option of the holder, the Note may either become due and payable or convert into shares of Common Stock at 75% of the share price in a qualified equity offering. This offering would constitute a qualified equity offering under the Note.	
0001567619-17-001647	1	Energy Hunter Resources, Inc.	Senior Secured Promissory Notes	3000000	0	In March 2017, the Company sold a $3,000,000 10% Senior Secured Promissory Note to an existing accredited investor. Upon the occurrence of the maturity of the Note, at the option of the holder, the Note may either become due and payable or convert into shares of Common Stock at 75% of the share price in a qualified equity offering. This offering would constitute a qualified equity offering under the Note.	
0001144204-17-041252	1	Chicken Soup for the Soul Entertainment, Inc.	Class A common stock	1249090	0	$3,856,970 based on (x) private placement purchase prices of $6.00 and $6.50 per share of Class A common stock with respect to an aggregate of 321,072 of the shares and (y) no consideration for the conversion of 720,958 Class B shares into Class A shares on a one-for-one basis and (z) private placement purchase prices of $7.50 and $9.00 per share of Class A common stock for 207,060 shares.	
0001144204-17-041252	2	Chicken Soup for the Soul Entertainment, Inc.	Class A common stock	1249090	0	$3,856,970 based on (x) private placement purchase prices of $6.00 and $6.50 per share of Class A common stock with respect to an aggregate of 321,072 of the shares and (y) no consideration for the conversion of 720,958 Class B shares into Class A shares on a one-for-one basis and (z) private placement purchase prices of $7.50 and $9.00 per share of Class A common stock for 207,060 shares.	
0001144204-17-041252	3	Chicken Soup for the Soul Entertainment, Inc.	Class A common stock	1249090	0	$3,856,970 based on (x) private placement purchase prices of $6.00 and $6.50 per share of Class A common stock with respect to an aggregate of 321,072 of the shares and (y) no consideration for the conversion of 720,958 Class B shares into Class A shares on a one-for-one basis and (z) private placement purchase prices of $7.50 and $9.00 per share of Class A common stock for 207,060 shares.	
0001144204-17-041252	4	Chicken Soup for the Soul Entertainment, Inc.	Class A common stock	1249090	0	$3,856,970 based on (x) private placement purchase prices of $6.00 and $6.50 per share of Class A common stock with respect to an aggregate of 321,072 of the shares and (y) no consideration for the conversion of 720,958 Class B shares into Class A shares on a one-for-one basis and (z) private placement purchase prices of $7.50 and $9.00 per share of Class A common stock for 207,060 shares.	
0001144204-17-041252	5	Chicken Soup for the Soul Entertainment, Inc.	Class A common stock	1249090	0	$3,856,970 based on (x) private placement purchase prices of $6.00 and $6.50 per share of Class A common stock with respect to an aggregate of 321,072 of the shares and (y) no consideration for the conversion of 720,958 Class B shares into Class A shares on a one-for-one basis and (z) private placement purchase prices of $7.50 and $9.00 per share of Class A common stock for 207,060 shares.	
0001144204-17-041153	1	Denim.LA, Inc.	Series A Preferred Stock	3660530	0	$1,757,054.40, at $0.48 per share which was based on a pre-money valuation of $22,428,448 and 46,725,935 outstanding shares.	
0001144204-17-041153	3	Denim.LA, Inc.	Series A Preferred Stock	3660530	0	$1,757,054.40, at $0.48 per share which was based on a pre-money valuation of $22,428,448 and 46,725,935 outstanding shares.	
0001144204-17-041153	2	Denim.LA, Inc.	Series A Preferred Stock	3660530	0	$1,757,054.40, at $0.48 per share which was based on a pre-money valuation of $22,428,448 and 46,725,935 outstanding shares.	
0001144204-17-040975	1	Arcimoto, Inc.	A-1 Preferred Stock	329700	329700	$1,648,500 @ $5.00 per share	$1,648,500 @ $5.00 per share
0001671132-17-000006	1	HempTech Corp.	Preferred Stock	273666	0	$82000 at $0.30 per share	
0001104659-17-049637	1	MogulREIT II, Inc.	Common Stock	10000	0	$100,000 (10,000 shares x $10 per share)	
0001477932-17-003679	1	McGraw Conglomerate Corporation	Common	1666667	0	$200 at $.00001 par value	
0001477932-17-003675	1	McGraw Conglomerate Corporation	Common	1666667	0	$200 at $.00001 par value	
0001144204-17-040579	1	XTI Aircraft Co	Common Stock	559274	0	$559,274	
0001376474-17-000207	1	Sack Lunch Productions, Inc.	Common Stock	41401116	0	80,100 Preferred Shares	
0001376474-17-000207	2	Sack Lunch Productions, Inc.	Common Stock	41401116	0	80,100 Preferred Shares	
0001376474-17-000207	4	Sack Lunch Productions, Inc.	Common Stock	41401116	0	80,100 Preferred Shares	
0001376474-17-000207	3	Sack Lunch Productions, Inc.	Common Stock	41401116	0	80,100 Preferred Shares	
0001387131-17-003837	1	1st stREIT Office Inc.	Common Stock	100	0	$1000 ($10 per share of common stock)	
0001213900-17-008134	1	StreamNet, Inc	Common Stock	23300000	20000000	$23,300	$20,000
0001493152-17-008336	1	Doyen Elements, Inc. formerly Advantameds Solutions USA Fund I, Inc.	Convertible Preferred (Series A)	638	0	$63,800	
0001144204-17-039247	1	Arcimoto, Inc.	A-1 Preferred Stock	659400	659400	$1,648,500 @ $2.50 per share (post-split)	$1,648,500 @ $2.50/share (post-split)
0001213900-17-008067	1	Duke Robotics, Inc.	Common Stock	72223	0	$125001.67	
0000721748-17-000479	1	SNM Global Holdings	Simple Agreement for Equity	405000	0	405000    convertible notes	
0001683168-17-001870	1	Advanced Fuel Technologies Ltd.	Convertible Preferred Stock Class A	28500000	0	$28,500.00 - $0.001/share; paid for by the Founders (including $18,000 - subscription receivable) and initial Management, also founding shareholders.	
0001688804-17-000012	1	RSE Collection, LLC	Series #77LE1, a series of RSE Collection, LLC	2000	0	Aggregate amount: $77,700 Basis of Computing: 2000 LLC Interests at $38.85 per Interest	
0001712534-17-000002	1	Business Lines Corp.	Common Stock	15000000	0	100	
0001477932-17-003490	1	Social Investment Holdings, Inc.	Common	7500000	0	$750 at $.0001 par value	
0001213900-17-007830	1	Legion Capital Corporation	Corporate Notes	5000000	0	N/A	
0001144204-17-037636	3	Groundfloor Finance Inc.	LROs	15322880	0	LROs in the amount of $15,322,880 were issued and sold pursuant to Offering Circular File No. 024-10496 (as may be amended and supplemented from time to time).	
0001144204-17-037636	1	Groundfloor Finance Inc.	LROs	15322880	0	LROs in the amount of $15,322,880 were issued and sold pursuant to Offering Circular File No. 024-10496 (as may be amended and supplemented from time to time).	
0001144204-17-037636	2	Groundfloor Finance Inc.	LROs	15322880	0	LROs in the amount of $15,322,880 were issued and sold pursuant to Offering Circular File No. 024-10496 (as may be amended and supplemented from time to time).	
0001144204-17-037465	2	Denim.LA, Inc.	Series A Preferred Stock	3660530	0	$1,757,054.40, at $0.48 per share which was based on a pre-money valuation of $22,428,448 and 46,725,935 outstanding shares.	
0001144204-17-037465	1	Denim.LA, Inc.	Series A Preferred Stock	3660530	0	$1,757,054.40, at $0.48 per share which was based on a pre-money valuation of $22,428,448 and 46,725,935 outstanding shares.	
0001144204-17-037465	3	Denim.LA, Inc.	Series A Preferred Stock	3660530	0	$1,757,054.40, at $0.48 per share which was based on a pre-money valuation of $22,428,448 and 46,725,935 outstanding shares.	
0001144204-17-037373	2	Sagoon Inc.	Class C Common Stock	6300	0	$22,500 at $3.75 per share (not including stock issued to broker)	
0001144204-17-037373	3	Sagoon Inc.	Class C Common Stock	6300	0	$22,500 at $3.75 per share (not including stock issued to broker)	
0001144204-17-037373	1	Sagoon Inc.	Class C Common Stock	6300	0	$22,500 at $3.75 per share (not including stock issued to broker)	
0001699683-17-000014	1	Long Fin Corp	Common	67500000	0	16,000,671	
0001144204-17-037071	1	Rise Companies Corp.	Class A Common Stock	208000	0	0	
0001144204-17-037071	2	Rise Companies Corp.	Class A Common Stock	208000	0	0	
0001582586-17-000035	1	Red Fish Properties, Inc.	Common Stock	25000000	0	0	
0001688804-17-000010	1	RSE Collection, LLC	Series #77LE1, a series of RSE Collection, LLC	2000	0	Aggregate amount: $77,700 Basis of Computing: 2000 LLC Interests at $38.85 per Interest	
0001213900-17-007445	1	Fig Publishing, Inc.	Common Stock	1000	0	$493,470. Issuer's parent was purchaser. It transferred $104,540 of assets to issuer and incurred $388,930 of expenses on issuer's behalf. ADDITIONAL UNREGISTERED SECURITIES: Issuer issued 1,264 Fig Game Shares - PSY2 pursuant to Regulation A offering statement qualified 9/29/16. In 11/16, issuer issued 327 Fig Game Shares - PSY2 to accredited investors for $159,500. In 3/17, issuer issued 248 Fig Game Shares - CTT to accredited investors for $62,000. In 5/17, issuer issued 328 Fig Game Shares - JASB to accredited investors for $82,000.	
0001703429-17-000002	1	Red Fish Properties, Inc.	Common Stock	25000000	0	0	
0001193125-17-226163	1	Cottonwood Multifamily REIT II, Inc.	Common Stock	1000	1000	10,000 paid in cash.	10,000 paid in cash.
0001213900-17-007428	1	Legion Capital Corporation	Corporate Notes	5000000	0	N/A	
0001687263-17-000008	1	PHOENIX REALTY, INC.	COMMON STOCK	90000000	0	9000 @ $0.0001 PAR	
0001144204-17-036354	3	Chicken Soup for the Soul Entertainment, Inc.	Class A common stock	1249090	0	$3,856,970 based on (x) private placement purchase prices of $6.00 and $6.50 per share of Class A common stock with respect to an aggregate of 321,072 of the shares and (y) no consideration for the conversion of 720,958 Class B shares into Class A shares on a one-for-one basis and (z) private placement purchase prices of $7.50 and $9.00 per share of Class A common stock for 207,060 shares.	
0001144204-17-036354	4	Chicken Soup for the Soul Entertainment, Inc.	Class A common stock	1249090	0	$3,856,970 based on (x) private placement purchase prices of $6.00 and $6.50 per share of Class A common stock with respect to an aggregate of 321,072 of the shares and (y) no consideration for the conversion of 720,958 Class B shares into Class A shares on a one-for-one basis and (z) private placement purchase prices of $7.50 and $9.00 per share of Class A common stock for 207,060 shares.	
0001144204-17-036354	2	Chicken Soup for the Soul Entertainment, Inc.	Class A common stock	1249090	0	$3,856,970 based on (x) private placement purchase prices of $6.00 and $6.50 per share of Class A common stock with respect to an aggregate of 321,072 of the shares and (y) no consideration for the conversion of 720,958 Class B shares into Class A shares on a one-for-one basis and (z) private placement purchase prices of $7.50 and $9.00 per share of Class A common stock for 207,060 shares.	
0001144204-17-036354	1	Chicken Soup for the Soul Entertainment, Inc.	Class A common stock	1249090	0	$3,856,970 based on (x) private placement purchase prices of $6.00 and $6.50 per share of Class A common stock with respect to an aggregate of 321,072 of the shares and (y) no consideration for the conversion of 720,958 Class B shares into Class A shares on a one-for-one basis and (z) private placement purchase prices of $7.50 and $9.00 per share of Class A common stock for 207,060 shares.	
0001144204-17-036354	5	Chicken Soup for the Soul Entertainment, Inc.	Class A common stock	1249090	0	$3,856,970 based on (x) private placement purchase prices of $6.00 and $6.50 per share of Class A common stock with respect to an aggregate of 321,072 of the shares and (y) no consideration for the conversion of 720,958 Class B shares into Class A shares on a one-for-one basis and (z) private placement purchase prices of $7.50 and $9.00 per share of Class A common stock for 207,060 shares.	
0001144204-17-036274	1	Groundfloor Finance Inc.	LROs	16128650	0	LROs in the amount of $16,128,650 were issued and sold pursuant to Offering Circular File No. 024-10496 (as may be amended and supplemented from time to time).	
0001144204-17-036274	2	Groundfloor Finance Inc.	LROs	16128650	0	LROs in the amount of $16,128,650 were issued and sold pursuant to Offering Circular File No. 024-10496 (as may be amended and supplemented from time to time).	
0001144204-17-036274	3	Groundfloor Finance Inc.	LROs	16128650	0	LROs in the amount of $16,128,650 were issued and sold pursuant to Offering Circular File No. 024-10496 (as may be amended and supplemented from time to time).	
0001213900-17-007322	1	Duke Robotics, Inc.	Common Stock	72223	0	$125001.67	
0001698370-17-000008	1	True Leaf Medicine International Ltd.	common shares	69239577	10199777	$2,780,203 Canadian Dollars	$0
0001144204-17-036158	2	Denim.LA, Inc.	Series A Preferred Stock	3660530	0	$1,757,054.40, at $0.48 per share which was based on a pre-money valuation of $22,428,448 and 46,725,935 outstanding shares.	
0001144204-17-036158	1	Denim.LA, Inc.	Series A Preferred Stock	3660530	0	$1,757,054.40, at $0.48 per share which was based on a pre-money valuation of $22,428,448 and 46,725,935 outstanding shares.	
0001144204-17-036158	3	Denim.LA, Inc.	Series A Preferred Stock	3660530	0	$1,757,054.40, at $0.48 per share which was based on a pre-money valuation of $22,428,448 and 46,725,935 outstanding shares.	
0001104659-17-044039	1	MogulREIT II, Inc.	Common Stock	10000	0	$100,000 (10,000 shares x $10 per share)	
0001213900-17-007249	1	Duke Robotics, Inc.	Common Stock	72223	0	$125001.67	
0001699683-17-000013	1	Long Fin Corp	Common	7500000	0	75	
0001623541-17-000007	1	GreenMo Inc.	Common	6140000	0	15600	
