ACCESSION_NUMBER	SIGN_ID	CIK	REGULATIONISSUERNAME1	REGULATIONISSUERNAME2	SIGNATUREBY	SIGNATURE_DATE	TITLE
0001144204-17-049009	1	0001450158	WORTHPOINT Corp	WORTHPOINT Corp	/s/ John Hale	21-SEP-2017	SVP Finance
0001654954-17-008372	1	0001670087	KeyStone Solutions, Inc.	KeyStone Solutions, Inc.	/s/ Robert A. Berman	12-SEP-2017	Chief Executive Officer and Director
0001646269-17-000007	1	0001646269	BREWDOG USA INC.	BREWDOG USA INC.	Neil Simpson	28-AUG-2017	Chief Financial Officer
0001193125-17-260685	1	0001668802	Royal Bancshares, Inc.	Royal Bancshares, Inc.	Bethany Davis	16-AUG-2017	Assistant Secretary
0000946275-17-000063	1	0001654551	Planters Holding Co	Planters Holding Co	James H.Clayton	03-AUG-2017	Vice Chairman and CEO
0001193125-17-234569	1	0001607582	The Landrum Company	The Landrum Company	Stephen E. Guthrie	24-JUL-2017	
