ACCESSION_NUMBER	SINFO_ID	COMMISSIONFILENUMBER	OFFERINGQUALIFICATIONDATE	OFFERINGCOMMENCEDATE	QUALIFIEDSECURITIESSOLD	OFFERINGSECURITIESSOLD	PORTIONSECURITIESSOLDISSUER	PORTIONSOLDSECURITYHOLDERS	PRICEPERSECURITY	AGGREGRATEOFFERINGPRICE	AGGREGRATEOFFERINGPRICEHOLDERS	UNDERWRITERFEES	SALESCOMMISSIONSFEE	FINDERSFEES	AUDITORFEES	LEGALFEES	PROMOTERSFEES	BLUESKYFEES	CRDNUMBERBROKERDEALER	ISSUERNETPROCEEDS	CLARIFICATIONRESPONSES
0001144204-19-017020	1	024-10643	31-MAR-2017	31-MAR-2017	50000000	5951470	5951470.0	0.0	10.0			180671.0			112894.0	150513.35		63659.86	141391	5281811.0	As reported on Form 1-U filed with the SEC on March 15, 2018, effective March 12, 2018, the issuer dismissed JPMS Cox, PLLC as its independent public accounting firm, and engaged Heard, McElroy & Vestal, LLC as its new independent public accounting firm
0001707451-19-000001	1	024-10804	22-MAR-2018	24-MAR-2018	1400000	9470	58000.0	0.0	10.0												
0001690824-19-000002	1	024-10653	13-FEB-2017	13-FEB-2017	4000000	54400			1.0	54400.0	0.0										
0001602929-19-000002	1	024-10642	13-FEB-2018	13-FEB-2018	4000000000	1369020000	6845100.0	0.0	0.005							15000.0				6845100.0	
0001493152-19-002139	1	024-10735	05-DEC-2017	05-DEC-2017	25000000	1562251	1562251.0	0.0	1.0			0.0	0.0	0.0	10194.0	53569.0	0.0	5000.0		1453505.0	The company received net proceeds of $1,453,505 which consisted of gross proceeds of $1,562,251 less offering costs of $14,711 and escrow receivable balances due of $94,035.
0001445866-19-000074	1	024-10856	28-SEP-2018	28-SEP-2018	5000000	457839			0.2	91567.8	0.0				12500.0	63000.0					
0001486452-19-000002	1	024-10761	15-DEC-2017	15-DEC-2017	30000000	15668800	751320.0	0.0	0.048							10000.0		1500.0		739820.0	share number/sales price reflect 1 for 500 reverse split
