ACCESSION_NUMBER	SIGN_ID	CIK	REGULATIONISSUERNAME1	REGULATIONISSUERNAME2	SIGNATUREBY	SIGNATURE_DATE	TITLE
0001144204-19-017020	1	0001687237	CapRocq Core REIT, Inc.	CapRocq Core REIT, Inc.	/s/ Beau Blair	29-MAR-2019	Chief Operating Officer
0001707451-19-000001	1	0001697746	Bio Fil Inc	Bio Fil Inc	/s/ Thuan Lu	20-MAR-2019	President
0001602929-19-000002	1	0001602929	HempAmericana, Inc.	HempAmericana, Inc.	Salvador Rosillo	22-FEB-2019	CEO
0001493152-19-002139	1	0001715397	ShantiNiketan International Corp	ShantiNiketan International Corp	Iggy Ignatius	14-FEB-2019	Executive Chairman and Chairman of the Board of Directors
0001486452-19-000002	1	0001486452	Clikia Corp.	Clikia Corp.	DAVID LOFLIN	11-JAN-2019	CEO
