,team,year,opp,dt_date,datetime,day_week,W/L,ot,record,home/away,team_score,opp_score,1D_gained,team_total_yards,team_pass_yards,team_rush_yards,team_turnover,1D_allowed,opp_total_yards,opp_pass_yards,opp_rush_yards,opp_turnover,offense_expected_points,defense_expected_points,sp_expected_points
0,ARI,2002,WAS,2002-09-08 00:00:00,2002-09-08 13:05:00,Sun,0,0,0-1,AWAY,23.0,31.0,14.0,257.0,187.0,70.0,1.0,21.0,442.0,320.0,122.0,1.0,-4.97,-7.61,2.59
1,ARI,2002,SEA,2002-09-15 00:00:00,2002-09-15 16:05:00,Sun,1,0,1-1,AWAY,24.0,13.0,19.0,347.0,98.0,249.0,1.0,26.0,426.0,345.0,81.0,1.0,3.29,6.43,-1.44
2,ARI,2002,LAC,2002-09-22 00:00:00,2002-09-22 16:05:00,Sun,0,0,1-2,HOME,15.0,23.0,15.0,297.0,200.0,97.0,3.0,19.0,289.0,164.0,125.0,1.0,-9.41,2.1,0.09
3,ARI,2002,NYG,2002-09-29 00:00:00,2002-09-29 16:04:00,Sun,1,0,2-2,HOME,21.0,7.0,18.0,263.0,161.0,102.0,1.0,14.0,263.0,196.0,67.0,3.0,-0.97,21.35,-6.43
4,ARI,2002,CAR,2002-10-06 00:00:00,2002-10-06 13:02:00,Sun,1,0,3-2,AWAY,16.0,13.0,18.0,312.0,221.0,91.0,1.0,12.0,244.0,186.0,58.0,4.0,-10.4,16.43,-3.75
5,ARI,2002,DAL,2002-10-20 00:00:00,2002-10-20 16:15:00,Sun,1,1,4-2,HOME,9.0,6.0,22.0,380.0,228.0,152.0,1.0,14.0,342.0,194.0,148.0,4.0,-6.06,10.01,-0.95
6,ARI,2002,SFO,2002-10-27 00:00:00,2002-10-27 16:05:00,Sun,0,0,4-3,AWAY,28.0,38.0,23.0,420.0,269.0,151.0,4.0,18.0,357.0,252.0,105.0,0.0,8.48,-19.84,-2.66
7,ARI,2002,LAR,2002-11-03 00:00:00,2002-11-03 16:15:00,Sun,0,0,4-4,HOME,14.0,27.0,13.0,235.0,171.0,64.0,3.0,23.0,415.0,223.0,192.0,2.0,-14.26,-6.93,6.58
8,ARI,2002,SEA,2002-11-10 00:00:00,2002-11-10 16:06:00,Sun,0,0,4-5,HOME,6.0,27.0,19.0,337.0,226.0,111.0,5.0,27.0,406.0,255.0,151.0,0.0,-4.33,-17.71,-1.34
9,ARI,2002,PHI,2002-11-17 00:00:00,2002-11-17 13:03:00,Sun,0,0,4-6,AWAY,14.0,38.0,15.0,248.0,124.0,124.0,1.0,26.0,462.0,250.0,212.0,2.0,-3.63,-18.05,1.28
10,ARI,2002,LVR,2002-11-24 00:00:00,2002-11-24 16:05:00,Sun,0,0,4-7,HOME,20.0,41.0,15.0,263.0,131.0,132.0,3.0,28.0,520.0,333.0,187.0,1.0,-11.97,-14.69,1.82
11,ARI,2002,KAN,2002-12-01 00:00:00,2002-12-01 13:00:00,Sun,0,0,4-8,AWAY,0.0,49.0,10.0,122.0,96.0,26.0,4.0,27.0,477.0,261.0,216.0,1.0,-33.04,-27.99,11.99
12,ARI,2002,DET,2002-12-08 00:00:00,2002-12-08 16:06:00,Sun,1,1,5-8,HOME,23.0,20.0,21.0,313.0,180.0,133.0,1.0,15.0,203.0,152.0,51.0,1.0,-5.13,5.32,2.68
13,ARI,2002,LAR,2002-12-15 00:00:00,2002-12-15 20:35:00,Sun,0,0,5-9,AWAY,28.0,30.0,20.0,378.0,249.0,129.0,2.0,20.0,366.0,300.0,66.0,2.0,7.03,-3.84,-5.17
14,ARI,2002,SFO,2002-12-21 00:00:00,2002-12-21 17:05:00,Sat,0,0,5-10,HOME,14.0,17.0,14.0,184.0,76.0,108.0,2.0,21.0,358.0,252.0,106.0,2.0,-5.63,-5.55,6.08
15,ARI,2002,DEN,2002-12-29 00:00:00,2002-12-29 16:16:00,Sun,0,0,5-11,AWAY,7.0,37.0,18.0,207.0,123.0,84.0,2.0,24.0,450.0,191.0,259.0,0.0,-8.27,-25.95,1.55
16,ARI,2003,DET,2003-09-07 00:00:00,2003-09-07 13:06:00,Sun,0,0,0-1,AWAY,24.0,42.0,21.0,434.0,339.0,95.0,3.0,16.0,261.0,195.0,66.0,0.0,0.39,-8.26,-7.27
17,ARI,2003,SEA,2003-09-14 00:00:00,2003-09-14 16:06:00,Sun,0,0,0-2,HOME,0.0,38.0,18.0,286.0,193.0,93.0,6.0,16.0,323.0,193.0,130.0,0.0,-28.57,-12.25,5.14
18,ARI,2003,GNB,2003-09-21 00:00:00,2003-09-21 16:06:00,Sun,1,0,1-2,HOME,20.0,13.0,21.0,354.0,273.0,81.0,1.0,18.0,311.0,245.0,66.0,2.0,8.6,1.77,-5.13
19,ARI,2003,LAR,2003-09-28 00:00:00,2003-09-28 13:02:00,Sun,0,0,1-3,AWAY,13.0,37.0,7.0,161.0,125.0,36.0,3.0,34.0,401.0,268.0,133.0,1.0,-17.15,-21.23,13.9
20,ARI,2003,DAL,2003-10-05 00:00:00,2003-10-05 13:02:00,Sun,0,0,1-4,AWAY,7.0,24.0,9.0,151.0,119.0,32.0,2.0,18.0,365.0,268.0,97.0,1.0,-15.46,0.67,-1.17
21,ARI,2003,BAL,2003-10-12 00:00:00,2003-10-12 16:16:00,Sun,0,0,1-5,HOME,18.0,26.0,16.0,320.0,230.0,90.0,3.0,13.0,285.0,72.0,213.0,0.0,-13.31,0.78,-0.12
22,ARI,2003,SFO,2003-10-26 00:00:00,2003-10-26 16:06:00,Sun,1,1,2-5,HOME,16.0,13.0,18.0,314.0,93.0,221.0,1.0,15.0,255.0,149.0,106.0,1.0,-2.4,1.95,3.91
23,ARI,2003,CIN,2003-11-02 00:00:00,2003-11-02 16:05:00,Sun,1,0,3-5,HOME,17.0,14.0,20.0,304.0,143.0,161.0,1.0,17.0,263.0,215.0,48.0,2.0,1.79,8.28,-5.53
24,ARI,2003,PIT,2003-11-09 00:00:00,2003-11-09 13:02:00,Sun,0,0,3-6,AWAY,15.0,28.0,19.0,379.0,283.0,96.0,1.0,11.0,246.0,159.0,87.0,1.0,-8.91,3.87,-13.24
25,ARI,2003,CLE,2003-11-16 00:00:00,2003-11-16 13:03:00,Sun,0,0,3-7,AWAY,6.0,44.0,10.0,187.0,146.0,41.0,4.0,27.0,481.0,392.0,89.0,0.0,-20.47,-26.79,6.19
26,ARI,2003,LAR,2003-11-23 00:00:00,2003-11-23 16:06:00,Sun,0,1,3-8,HOME,27.0,30.0,15.0,358.0,192.0,166.0,2.0,26.0,415.0,298.0,117.0,5.0,-11.13,7.29,0.81
27,ARI,2003,CHI,2003-11-30 00:00:00,2003-11-30 13:03:00,Sun,0,0,3-9,AWAY,3.0,28.0,9.0,197.0,151.0,46.0,3.0,25.0,422.0,268.0,154.0,1.0,-23.47,-9.99,9.9
28,ARI,2003,SFO,2003-12-07 00:00:00,2003-12-07 16:05:00,Sun,0,0,3-10,AWAY,14.0,50.0,18.0,210.0,151.0,59.0,2.0,30.0,496.0,264.0,232.0,1.0,-11.53,-24.84,0.21
29,ARI,2003,CAR,2003-12-14 00:00:00,2003-12-14 16:16:00,Sun,0,0,3-11,HOME,17.0,20.0,23.0,317.0,146.0,171.0,2.0,17.0,298.0,231.0,67.0,2.0,-3.27,-2.27,1.97
30,ARI,2003,SEA,2003-12-21 00:00:00,2003-12-21 16:15:00,Sun,0,0,3-12,AWAY,10.0,28.0,17.0,299.0,220.0,79.0,1.0,23.0,340.0,180.0,160.0,4.0,-9.44,-1.01,-5.06
31,ARI,2003,MIN,2003-12-28 00:00:00,2003-12-28 16:05:00,Sun,1,0,4-12,HOME,18.0,17.0,15.0,219.0,155.0,64.0,1.0,20.0,342.0,192.0,150.0,2.0,-9.48,-0.14,8.62
32,ARI,2004,LAR,2004-09-12 00:00:00,2004-09-12 13:04:00,Sun,0,0,0-1,AWAY,10.0,17.0,14.0,260.0,157.0,103.0,0.0,27.0,448.0,272.0,176.0,3.0,-2.95,-6.1,7.1
33,ARI,2004,NWE,2004-09-19 00:00:00,2004-09-19 16:16:00,Sun,0,0,0-2,HOME,12.0,23.0,14.0,167.0,117.0,50.0,2.0,24.0,379.0,207.0,172.0,3.0,-14.57,-2.42,1.91
34,ARI,2004,ATL,2004-09-26 00:00:00,2004-09-26 13:05:00,Sun,0,0,0-3,AWAY,3.0,6.0,13.0,240.0,179.0,61.0,4.0,15.0,283.0,89.0,194.0,4.0,-19.82,13.86,-2.44
35,ARI,2004,NOR,2004-10-03 00:00:00,2004-10-03 16:05:00,Sun,1,0,1-3,HOME,34.0,10.0,19.0,373.0,162.0,211.0,1.0,14.0,279.0,238.0,41.0,2.0,9.89,22.01,-10.16
36,ARI,2004,SFO,2004-10-10 00:00:00,2004-10-10 16:15:00,Sun,0,1,1-4,AWAY,28.0,31.0,19.0,320.0,217.0,103.0,1.0,28.0,448.0,391.0,57.0,2.0,2.41,-1.37,-1.11
37,ARI,2004,SEA,2004-10-24 00:00:00,2004-10-24 16:16:00,Sun,1,0,2-4,HOME,25.0,17.0,16.0,316.0,189.0,127.0,2.0,12.0,257.0,180.0,77.0,4.0,-16.15,16.71,3.77
38,ARI,2004,BUF,2004-10-31 00:00:00,2004-10-31 13:02:00,Sun,0,0,2-5,AWAY,14.0,38.0,14.0,213.0,85.0,128.0,0.0,11.0,209.0,81.0,128.0,0.0,-12.82,3.26,-12.45
39,ARI,2004,MIA,2004-11-07 00:00:00,2004-11-07 13:02:00,Sun,1,0,3-5,AWAY,24.0,23.0,17.0,270.0,149.0,121.0,1.0,22.0,403.0,235.0,168.0,2.0,3.35,2.24,-4.32
40,ARI,2004,NYG,2004-11-14 00:00:00,2004-11-14 16:15:00,Sun,1,0,4-5,HOME,17.0,14.0,18.0,178.0,74.0,104.0,0.0,19.0,308.0,161.0,147.0,0.0,-4.81,0.71,8.49
41,ARI,2004,CAR,2004-11-21 00:00:00,2004-11-21 13:04:00,Sun,0,0,4-6,AWAY,10.0,35.0,23.0,399.0,314.0,85.0,4.0,16.0,317.0,160.0,157.0,1.0,-17.02,-1.91,-4.77
42,ARI,2004,NYJ,2004-11-28 00:00:00,2004-11-28 16:16:00,Sun,0,0,4-7,HOME,3.0,13.0,17.0,245.0,174.0,71.0,4.0,16.0,325.0,179.0,146.0,0.0,-10.65,-1.56,2.21
43,ARI,2004,DET,2004-12-05 00:00:00,2004-12-05 13:03:00,Sun,0,0,4-8,AWAY,12.0,26.0,15.0,254.0,160.0,94.0,4.0,16.0,398.0,183.0,215.0,1.0,-22.09,-2.83,5.82
44,ARI,2004,SFO,2004-12-12 00:00:00,2004-12-12 16:15:00,Sun,0,1,4-9,HOME,28.0,31.0,25.0,374.0,299.0,75.0,2.0,23.0,352.0,184.0,168.0,1.0,8.03,-1.86,-10.98
45,ARI,2004,LAR,2004-12-19 00:00:00,2004-12-19 16:05:00,Sun,1,0,5-9,HOME,31.0,7.0,26.0,402.0,271.0,131.0,1.0,12.0,185.0,163.0,22.0,2.0,6.9,17.02,4.53
46,ARI,2004,SEA,2004-12-26 00:00:00,2004-12-26 16:16:00,Sun,0,0,5-10,AWAY,21.0,24.0,18.0,317.0,220.0,97.0,2.0,16.0,301.0,126.0,175.0,1.0,-0.66,1.97,-2.81
47,ARI,2004,TAM,2004-01-02 00:00:00,2004-01-02 16:06:00,Sun,1,0,6-10,HOME,12.0,7.0,12.0,222.0,115.0,107.0,1.0,11.0,249.0,187.0,62.0,4.0,-23.24,26.42,3.04
48,ARI,2005,NYG,2005-09-11 00:00:00,2005-09-11 16:18:00,Sun,0,0.0,0-1,AWAY,19.0,42.0,20.0,318.0,287.0,31.0,2.0,14.0,275.0,154.0,121.0,2.0,-19.34,2.12,-10.38
49,ARI,2005,LAR,2005-09-18 00:00:00,2005-09-18 16:05:00,Sun,0,0.0,0-2,HOME,12.0,17.0,18.0,379.0,297.0,82.0,2.0,16.0,297.0,189.0,108.0,1.0,-6.82,3.61,2.67
50,ARI,2005,SEA,2005-09-25 00:00:00,2005-09-25 16:06:00,Sun,0,0.0,0-3,AWAY,12.0,37.0,15.0,266.0,176.0,90.0,2.0,29.0,447.0,284.0,163.0,0.0,-12.66,-18.62,6.6
51,ARI,2005,SFO,2005-10-02 00:00:00,2005-10-02 20:36:00,Sun,1,0.0,1-3,HOME,31.0,14.0,24.0,463.0,366.0,97.0,3.0,8.0,168.0,117.0,51.0,4.0,-8.44,25.75,1.74
52,ARI,2005,CAR,2005-10-09 00:00:00,2005-10-09 16:15:00,Sun,0,0.0,1-4,HOME,20.0,24.0,19.0,468.0,396.0,72.0,4.0,15.0,330.0,243.0,87.0,2.0,-14.12,3.29,3.55
53,ARI,2005,TEN,2005-10-23 00:00:00,2005-10-23 16:15:00,Sun,1,0.0,2-4,HOME,20.0,10.0,9.0,173.0,118.0,55.0,1.0,16.0,348.0,258.0,90.0,3.0,-20.63,29.0,-1.65
54,ARI,2005,DAL,2005-10-30 00:00:00,2005-10-30 13:02:00,Sun,0,0.0,2-5,AWAY,13.0,34.0,12.0,213.0,142.0,71.0,2.0,21.0,348.0,202.0,146.0,1.0,-16.28,-11.88,6.21
55,ARI,2005,SEA,2005-11-06 00:00:00,2005-11-06 16:05:00,Sun,0,0.0,2-6,HOME,19.0,33.0,23.0,378.0,307.0,71.0,4.0,22.0,370.0,162.0,208.0,0.0,-5.25,-16.19,5.46
56,ARI,2005,DET,2005-11-13 00:00:00,2005-11-13 13:03:00,Sun,0,0.0,2-7,AWAY,21.0,29.0,21.0,397.0,359.0,38.0,1.0,22.0,383.0,226.0,157.0,0.0,5.47,-12.18,-4.21
57,ARI,2005,LAR,2005-11-20 00:00:00,2005-11-20 13:02:00,Sun,1,0.0,3-7,AWAY,38.0,28.0,27.0,372.0,278.0,94.0,1.0,19.0,357.0,351.0,6.0,2.0,12.64,-7.99,1.11
58,ARI,2005,JAX,2005-11-27 00:00:00,2005-11-27 16:06:00,Sun,0,0.0,3-8,HOME,17.0,24.0,23.0,368.0,301.0,67.0,2.0,19.0,295.0,133.0,162.0,0.0,0.08,-2.62,-6.32
59,ARI,2005,SFO,2005-12-04 00:00:00,2005-12-04 16:05:00,Sun,1,0.0,4-8,AWAY,17.0,10.0,18.0,404.0,339.0,65.0,2.0,11.0,220.0,169.0,51.0,4.0,-1.44,15.81,-7.39
60,ARI,2005,WAS,2005-12-11 00:00:00,2005-12-11 16:05:00,Sun,0,0.0,4-9,HOME,13.0,17.0,17.0,302.0,240.0,62.0,4.0,16.0,231.0,122.0,109.0,3.0,-11.64,14.81,-9.2
61,ARI,2005,HOU,2005-12-18 00:00:00,2005-12-18 13:02:00,Sun,0,0.0,4-10,AWAY,19.0,30.0,16.0,301.0,262.0,39.0,4.0,18.0,253.0,134.0,119.0,2.0,-1.9,6.06,-6.67
62,ARI,2005,PHI,2005-12-24 00:00:00,2005-12-24 16:05:00,Sat,1,0.0,5-10,HOME,27.0,21.0,19.0,360.0,285.0,75.0,1.0,11.0,189.0,146.0,43.0,1.0,-0.75,19.68,-12.21
63,ARI,2005,IND,2005-01-01 00:00:00,2005-01-01 13:02:00,Sun,0,0.0,5-11,AWAY,13.0,17.0,23.0,413.0,284.0,129.0,2.0,15.0,218.0,207.0,11.0,1.0,-0.61,1.31,-2.59
64,ARI,2006,SFO,2006-09-10 00:00:00,2006-09-10 16:15:00,Sun,1,0.0,1-0,HOME,34.0,27.0,23.0,367.0,283.0,84.0,1.0,19.0,393.0,286.0,107.0,2.0,7.82,-0.25,-1.58
65,ARI,2006,SEA,2006-09-17 00:00:00,2006-09-17 16:06:00,Sun,0,0.0,1-1,AWAY,10.0,21.0,17.0,256.0,191.0,65.0,2.0,20.0,341.0,195.0,146.0,2.0,-8.91,-4.34,2.54
66,ARI,2006,LAR,2006-09-24 00:00:00,2006-09-24 16:15:00,Sun,0,0.0,1-2,HOME,14.0,16.0,20.0,347.0,246.0,101.0,4.0,18.0,364.0,301.0,63.0,2.0,1.66,-3.08,-0.99
67,ARI,2006,ATL,2006-10-01 00:00:00,2006-10-01 13:03:00,Sun,0,0.0,1-3,AWAY,10.0,32.0,14.0,187.0,161.0,26.0,4.0,19.0,405.0,143.0,262.0,1.0,-21.2,3.8,-5.58
68,ARI,2006,KAN,2006-10-08 00:00:00,2006-10-08 16:05:00,Sun,0,0.0,1-4,HOME,20.0,23.0,18.0,298.0,222.0,76.0,1.0,18.0,301.0,262.0,39.0,2.0,-4.48,10.83,-9.91
69,ARI,2006,CHI,2006-10-16 00:00:00,2006-10-16 20:42:00,Mon,0,0.0,1-5,HOME,23.0,24.0,17.0,286.0,220.0,66.0,2.0,9.0,168.0,130.0,38.0,6.0,-26.0,35.67,-10.37
70,ARI,2006,LVR,2006-10-22 00:00:00,2006-10-22 16:15:00,Sun,0,0.0,1-6,AWAY,9.0,22.0,9.0,224.0,174.0,50.0,2.0,21.0,395.0,258.0,137.0,5.0,-18.55,8.09,-2.01
71,ARI,2006,GNB,2006-10-29 00:00:00,2006-10-29 13:02:00,Sun,0,0.0,1-7,AWAY,14.0,31.0,20.0,218.0,132.0,86.0,1.0,28.0,383.0,180.0,203.0,0.0,0.4,-19.53,1.6
72,ARI,2006,DAL,2006-11-12 00:00:00,2006-11-12 16:16:00,Sun,0,0.0,1-8,HOME,10.0,27.0,17.0,295.0,209.0,86.0,3.0,20.0,434.0,308.0,126.0,0.0,-2.3,-12.98,0.14
73,ARI,2006,DET,2006-11-19 00:00:00,2006-11-19 16:05:00,Sun,1,0.0,2-8,HOME,17.0,10.0,20.0,338.0,228.0,110.0,0.0,19.0,281.0,213.0,68.0,1.0,9.92,0.9,-5.62
74,ARI,2006,MIN,2006-11-26 00:00:00,2006-11-26 13:05:00,Sun,0,0.0,2-9,AWAY,26.0,31.0,22.0,412.0,395.0,17.0,5.0,30.0,412.0,255.0,157.0,1.0,-4.13,-5.86,4.36
75,ARI,2006,LAR,2006-12-03 00:00:00,2006-12-03 13:02:00,Sun,1,0.0,3-9,AWAY,34.0,20.0,24.0,316.0,179.0,137.0,0.0,26.0,394.0,287.0,107.0,3.0,15.38,3.38,-6.61
76,ARI,2006,SEA,2006-12-10 00:00:00,2006-12-10 16:05:00,Sun,1,0.0,4-9,HOME,27.0,21.0,20.0,345.0,232.0,113.0,1.0,21.0,348.0,228.0,120.0,3.0,5.78,0.3,-2.31
77,ARI,2006,DEN,2006-12-17 00:00:00,2006-12-17 16:05:00,Sun,0,0.0,4-10,HOME,20.0,37.0,17.0,295.0,195.0,100.0,2.0,26.0,362.0,256.0,106.0,2.0,-2.47,-13.49,0.49
78,ARI,2006,SFO,2006-12-24 00:00:00,2006-12-24 16:05:00,Sun,1,0.0,5-10,AWAY,26.0,20.0,21.0,372.0,249.0,123.0,1.0,14.0,223.0,174.0,49.0,2.0,11.45,5.25,-9.23
79,ARI,2006,LAC,2006-12-31 00:00:00,2006-12-31 16:15:00,Sun,0,0.0,5-11,AWAY,20.0,27.0,19.0,444.0,346.0,98.0,1.0,23.0,387.0,218.0,169.0,1.0,15.94,-10.92,-10.04
80,ARI,2007,SFO,2007-09-10 00:00:00,2007-09-10 22:25:00,Mon,0,0,0-1,AWAY,17.0,20.0,20.0,261.0,100.0,161.0,2.0,16.0,194.0,102.0,92.0,1.0,-7.77,7.39,-2.54
81,ARI,2007,SEA,2007-09-16 00:00:00,2007-09-16 16:05:00,Sun,1,0,1-1,HOME,23.0,20.0,20.0,431.0,299.0,132.0,1.0,18.0,362.0,278.0,84.0,1.0,11.36,-5.33,-2.24
82,ARI,2007,BAL,2007-09-23 00:00:00,2007-09-23 13:00:00,Sun,0,0,1-2,AWAY,23.0,26.0,17.0,364.0,303.0,61.0,1.0,23.0,381.0,252.0,129.0,1.0,3.9,-8.47,0.85
83,ARI,2007,PIT,2007-09-30 00:00:00,2007-09-30 16:15:00,Sun,1,0,2-2,HOME,21.0,14.0,19.0,301.0,215.0,86.0,2.0,17.0,282.0,205.0,77.0,2.0,-0.83,7.26,3.43
84,ARI,2007,LAR,2007-10-07 00:00:00,2007-10-07 13:02:00,Sun,1,0,3-2,AWAY,34.0,31.0,24.0,383.0,281.0,102.0,2.0,24.0,375.0,252.0,123.0,3.0,4.73,5.57,-4.0
85,ARI,2007,CAR,2007-10-14 00:00:00,2007-10-14 16:05:00,Sun,0,0,3-3,HOME,10.0,25.0,10.0,255.0,159.0,96.0,5.0,14.0,374.0,193.0,181.0,0.0,-19.39,1.53,7.94
86,ARI,2007,WAS,2007-10-21 00:00:00,2007-10-21 13:02:00,Sun,0,0,3-4,AWAY,19.0,21.0,19.0,364.0,280.0,84.0,3.0,10.0,160.0,87.0,73.0,1.0,-8.84,9.94,-5.35
87,ARI,2007,TAM,2007-11-04 00:00:00,2007-11-04 13:00:00,Sun,0,0,3-5,AWAY,10.0,17.0,9.0,195.0,172.0,23.0,2.0,18.0,350.0,188.0,162.0,0.0,-12.36,0.39,3.13
88,ARI,2007,DET,2007-11-11 00:00:00,2007-11-11 16:15:00,Sun,1,0,4-5,HOME,31.0,21.0,21.0,319.0,246.0,73.0,4.0,16.0,247.0,265.0,-18.0,5.0,-9.63,16.38,1.6
89,ARI,2007,CIN,2007-11-18 00:00:00,2007-11-18 13:02:00,Sun,1,0,5-5,AWAY,35.0,27.0,17.0,247.0,197.0,50.0,0.0,21.0,396.0,324.0,72.0,5.0,0.41,21.55,-15.11
90,ARI,2007,SFO,2007-11-25 00:00:00,2007-11-25 16:06:00,Sun,0,1,5-6,HOME,31.0,37.0,25.0,552.0,456.0,96.0,4.0,21.0,374.0,237.0,137.0,0.0,6.93,-5.53,-7.4
91,ARI,2007,CLE,2007-12-02 00:00:00,2007-12-02 16:06:00,Sun,1,0,6-6,HOME,27.0,21.0,18.0,302.0,169.0,133.0,1.0,21.0,379.0,295.0,84.0,4.0,1.94,2.66,0.26
92,ARI,2007,SEA,2007-12-09 00:00:00,2007-12-09 16:06:00,Sun,0,0,6-7,AWAY,21.0,42.0,23.0,355.0,305.0,50.0,5.0,21.0,349.0,269.0,80.0,0.0,-12.56,-14.72,6.24
93,ARI,2007,NOR,2007-12-16 00:00:00,2007-12-16 13:03:00,Sun,0,0,6-8,AWAY,24.0,31.0,17.0,317.0,214.0,103.0,2.0,24.0,421.0,307.0,114.0,2.0,-0.83,-12.18,6.14
94,ARI,2007,ATL,2007-12-23 00:00:00,2007-12-23 16:05:00,Sun,1,1,7-8,HOME,30.0,27.0,24.0,437.0,369.0,68.0,0.0,21.0,405.0,303.0,102.0,1.0,13.36,-10.58,-0.85
95,ARI,2007,LAR,2007-12-30 00:00:00,2007-12-30 16:15:00,Sun,1,0,8-8,HOME,48.0,19.0,25.0,422.0,300.0,122.0,2.0,13.0,234.0,159.0,75.0,3.0,14.14,27.15,-7.54
96,ARI,2008,SFO,2008-09-07 00:00:00,2008-09-07 16:16:00,Sun,1,0,1-0,AWAY,23.0,13.0,18.0,285.0,176.0,109.0,0.0,13.0,291.0,183.0,108.0,5.0,-2.16,8.61,1.37
97,ARI,2008,MIA,2008-09-14 00:00:00,2008-09-14 16:15:00,Sun,1,0,2-0,HOME,31.0,10.0,22.0,445.0,364.0,81.0,0.0,17.0,236.0,164.0,72.0,0.0,24.5,-1.17,2.5
98,ARI,2008,WAS,2008-09-21 00:00:00,2008-09-21 13:02:00,Sun,0,0,2-1,AWAY,17.0,24.0,19.0,313.0,197.0,116.0,2.0,21.0,323.0,187.0,136.0,0.0,2.07,-9.11,-2.95
99,ARI,2008,NYJ,2008-09-28 00:00:00,2008-09-28 13:02:00,Sun,0,0,2-2,AWAY,35.0,56.0,33.0,468.0,426.0,42.0,7.0,23.0,373.0,284.0,89.0,1.0,-3.85,-18.06,-0.09
100,ARI,2008,BUF,2008-10-05 00:00:00,2008-10-05 16:16:00,Sun,1,0,3-2,HOME,41.0,17.0,28.0,373.0,250.0,123.0,0.0,13.0,287.0,203.0,84.0,4.0,16.01,7.77,-0.51
101,ARI,2008,DAL,2008-10-12 00:00:00,2008-10-12 16:15:00,Sun,1,1,4-2,HOME,30.0,24.0,14.0,276.0,226.0,50.0,3.0,15.0,374.0,301.0,73.0,1.0,-2.21,-1.25,9.52
102,ARI,2008,CAR,2008-10-26 00:00:00,2008-10-26 13:04:00,Sun,0,0,4-3,AWAY,23.0,27.0,25.0,425.0,375.0,50.0,2.0,22.0,351.0,238.0,113.0,1.0,6.33,-10.43,-3.37
103,ARI,2008,LAR,2008-11-02 00:00:00,2008-11-02 13:00:00,Sun,1,0,5-3,AWAY,34.0,13.0,24.0,510.0,334.0,176.0,0.0,13.0,231.0,170.0,61.0,3.0,12.89,17.67,-6.35
104,ARI,2008,SFO,2008-11-10 00:00:00,2008-11-10 20:40:00,Mon,1,0,6-3,HOME,29.0,24.0,21.0,374.0,328.0,46.0,0.0,19.0,336.0,217.0,119.0,3.0,9.38,3.94,-12.28
105,ARI,2008,SEA,2008-11-16 00:00:00,2008-11-16 16:06:00,Sun,1,0,7-3,AWAY,26.0,20.0,24.0,458.0,382.0,76.0,3.0,18.0,196.0,153.0,43.0,4.0,4.81,4.68,-2.62
106,ARI,2008,NYG,2008-11-23 00:00:00,2008-11-23 16:16:00,Sun,0,0,7-4,HOME,29.0,37.0,27.0,371.0,348.0,23.0,2.0,18.0,321.0,234.0,87.0,0.0,8.38,-9.73,-7.96
107,ARI,2008,PHI,2008-11-27 00:00:00,2008-11-27 20:16:00,Thu,0,0,7-5,AWAY,20.0,48.0,12.0,260.0,235.0,25.0,4.0,32.0,437.0,252.0,185.0,1.0,-11.6,-22.15,4.97
108,ARI,2008,LAR,2008-12-07 00:00:00,2008-12-07 16:15:00,Sun,1,0,8-5,HOME,34.0,10.0,18.0,335.0,272.0,63.0,1.0,17.0,308.0,223.0,85.0,3.0,4.63,22.05,-0.02
109,ARI,2008,MIN,2008-12-14 00:00:00,2008-12-14 16:05:00,Sun,0,0,8-6,HOME,14.0,35.0,16.0,316.0,273.0,43.0,2.0,20.0,396.0,157.0,239.0,1.0,-8.86,-14.78,7.34
110,ARI,2008,NWE,2008-12-21 00:00:00,2008-12-21 13:02:00,Sun,0,0,8-7,AWAY,7.0,47.0,8.0,186.0,142.0,44.0,2.0,27.0,514.0,331.0,183.0,0.0,-17.28,-22.27,-0.23
111,ARI,2008,SEA,2008-12-28 00:00:00,2008-12-28 16:15:00,Sun,1,0,9-7,HOME,34.0,21.0,19.0,457.0,346.0,111.0,2.0,24.0,330.0,243.0,87.0,3.0,15.91,-0.24,0.67
112,ARI,2008,ATL,2008-01-03 00:00:00,2008-01-03 16:36:00,Sat,1,0,10-7,HOME,30.0,24.0,15.0,357.0,271.0,86.0,1.0,20.0,250.0,190.0,60.0,3.0,4.78,7.65,-5.59
113,ARI,2008,CAR,2008-01-10 00:00:00,2008-01-10 20:16:00,Sat,1,0,11-7,AWAY,33.0,13.0,21.0,360.0,215.0,145.0,1.0,16.0,269.0,194.0,75.0,6.0,5.14,22.27,-3.52
114,ARI,2008,PHI,2008-01-18 00:00:00,2008-01-18 16:06:00,Sun,1,0,12-7,HOME,32.0,25.0,21.0,369.0,267.0,102.0,1.0,22.0,454.0,357.0,97.0,3.0,17.33,-12.1,2.55
115,ARI,2008,PIT,2008-02-01 00:00:00,2008-02-01 18:31:00,Sun,0,0,12-8,NEUTRAL,23.0,27.0,23.0,407.0,374.0,33.0,2.0,20.0,292.0,234.0,58.0,1.0,0.92,-4.62,-1.91
116,ARI,2009,SFO,2009-09-13 00:00:00,2009-09-13 13:15:00,Sun,0,0,0-1,HOME,16.0,20.0,17.0,299.0,259.0,40.0,2.0,13.0,203.0,182.0,21.0,1.0,-12.48,8.48,-0.96
117,ARI,2009,JAX,2009-09-20 00:00:00,2009-09-20 13:03:00,Sun,1,0,1-1,AWAY,31.0,17.0,22.0,383.0,265.0,118.0,2.0,18.0,367.0,275.0,92.0,3.0,10.45,4.91,-0.68
118,ARI,2009,IND,2009-09-27 00:00:00,2009-09-27 20:31:00,Sun,0,0,1-2,HOME,10.0,31.0,21.0,323.0,299.0,24.0,3.0,22.0,505.0,379.0,126.0,1.0,-12.34,-14.19,6.09
119,ARI,2009,HOU,2009-10-11 00:00:00,2009-10-11 16:15:00,Sun,1,0,2-2,HOME,28.0,21.0,19.0,340.0,296.0,44.0,1.0,23.0,416.0,371.0,45.0,1.0,1.92,1.18,2.21
120,ARI,2009,SEA,2009-10-18 00:00:00,2009-10-18 16:05:00,Sun,1,0,3-2,AWAY,27.0,3.0,21.0,344.0,282.0,62.0,2.0,7.0,128.0,114.0,14.0,2.0,0.69,20.89,3.37
121,ARI,2009,NYG,2009-10-25 00:00:00,2009-10-25 20:30:00,Sun,1,0,4-2,AWAY,24.0,17.0,15.0,288.0,216.0,72.0,2.0,15.0,327.0,220.0,107.0,4.0,-9.68,9.53,5.47
122,ARI,2009,CAR,2009-11-01 00:00:00,2009-11-01 16:15:00,Sun,0,0,4-3,HOME,21.0,34.0,23.0,320.0,226.0,94.0,6.0,13.0,355.0,85.0,270.0,0.0,-9.1,-5.53,2.65
123,ARI,2009,CHI,2009-11-08 00:00:00,2009-11-08 13:03:00,Sun,1,0,5-3,AWAY,41.0,21.0,27.0,438.0,256.0,182.0,1.0,20.0,417.0,347.0,70.0,1.0,20.29,-4.55,1.74
124,ARI,2009,SEA,2009-11-15 00:00:00,2009-11-15 16:15:00,Sun,1,0,6-3,HOME,31.0,20.0,22.0,462.0,340.0,122.0,0.0,29.0,472.0,308.0,164.0,2.0,13.93,-5.97,0.55
125,ARI,2009,LAR,2009-11-22 00:00:00,2009-11-22 16:05:00,Sun,1,0,7-3,AWAY,21.0,13.0,24.0,444.0,261.0,183.0,2.0,16.0,314.0,191.0,123.0,1.0,9.75,10.85,-7.68
126,ARI,2009,TEN,2009-11-29 00:00:00,2009-11-29 16:15:00,Sun,0,0,7-4,AWAY,17.0,20.0,15.0,292.0,217.0,75.0,0.0,20.0,532.0,369.0,163.0,1.0,2.39,-14.72,6.78
127,ARI,2009,MIN,2009-12-06 00:00:00,2009-12-06 20:20:00,Sun,1,0,8-4,HOME,30.0,17.0,20.0,398.0,285.0,113.0,1.0,22.0,315.0,253.0,62.0,2.0,9.57,1.17,2.11
128,ARI,2009,SFO,2009-12-14 00:00:00,2009-12-14 20:40:00,Mon,0,0,8-5,AWAY,9.0,24.0,11.0,245.0,160.0,85.0,7.0,18.0,327.0,138.0,189.0,2.0,-25.84,2.25,4.85
129,ARI,2009,DET,2009-12-20 00:00:00,2009-12-20 13:02:00,Sun,1,0,9-5,AWAY,31.0,24.0,21.0,340.0,218.0,122.0,3.0,15.0,282.0,121.0,161.0,3.0,-6.67,10.38,3.32
130,ARI,2009,LAR,2009-12-27 00:00:00,2009-12-27 16:05:00,Sun,1,0,10-5,HOME,31.0,10.0,26.0,407.0,297.0,110.0,1.0,14.0,238.0,150.0,88.0,4.0,11.15,13.45,-6.44
131,ARI,2009,GNB,2009-01-03 00:00:00,2009-01-03 16:15:00,Sun,0,0,10-6,HOME,7.0,33.0,13.0,187.0,139.0,48.0,3.0,24.0,345.0,236.0,109.0,1.0,-16.58,-8.65,-2.07
132,ARI,2009,GNB,2009-01-10 00:00:00,2009-01-10 16:30:00,Sun,1,1,11-6,HOME,51.0,45.0,30.0,531.0,375.0,156.0,1.0,32.0,493.0,404.0,89.0,3.0,33.99,-24.78,-3.21
133,ARI,2009,NOR,2009-01-16 00:00:00,2009-01-16 16:34:00,Sat,0,0,11-7,AWAY,14.0,45.0,15.0,359.0,258.0,101.0,2.0,27.0,418.0,247.0,171.0,0.0,-1.4,-19.18,-6.7
134,ARI,2010,LAR,2010-09-12 00:00:00,2010-09-12 16:15:00,Sun,1,0,1-0,AWAY,17.0,13.0,21.0,378.0,266.0,112.0,4.0,20.0,325.0,240.0,85.0,4.0,-6.62,11.58,-0.96
135,ARI,2010,ATL,2010-09-19 00:00:00,2010-09-19 13:03:00,Sun,0,0,1-1,AWAY,7.0,41.0,11.0,267.0,149.0,118.0,3.0,33.0,444.0,223.0,221.0,1.0,-12.23,-20.26,-0.76
136,ARI,2010,LVR,2010-09-26 00:00:00,2010-09-26 16:15:00,Sun,1,0,2-1,HOME,24.0,23.0,18.0,227.0,108.0,119.0,3.0,20.0,364.0,231.0,133.0,1.0,1.57,-0.54,1.56
137,ARI,2010,LAC,2010-10-03 00:00:00,2010-10-03 16:15:00,Sun,0,0,2-2,AWAY,10.0,41.0,10.0,134.0,87.0,47.0,3.0,23.0,419.0,239.0,180.0,1.0,-25.88,-12.24,7.3
138,ARI,2010,NOR,2010-10-10 00:00:00,2010-10-10 16:05:00,Sun,1,0,3-2,HOME,30.0,20.0,12.0,194.0,153.0,41.0,1.0,19.0,358.0,273.0,85.0,4.0,-10.49,12.07,6.52
139,ARI,2010,SEA,2010-10-24 00:00:00,2010-10-24 16:06:00,Sun,0,0,3-3,AWAY,10.0,22.0,13.0,227.0,114.0,113.0,5.0,16.0,302.0,158.0,144.0,1.0,-15.69,14.84,-12.62
140,ARI,2010,TAM,2010-10-31 00:00:00,2010-10-31 16:15:00,Sun,0,0,3-4,HOME,35.0,38.0,22.0,396.0,296.0,100.0,4.0,19.0,407.0,253.0,154.0,2.0,-6.25,-7.04,12.55
141,ARI,2010,MIN,2010-11-07 00:00:00,2010-11-07 13:05:00,Sun,0,1,3-5,AWAY,24.0,27.0,13.0,225.0,172.0,53.0,1.0,28.0,507.0,427.0,80.0,3.0,-5.51,-10.13,12.18
142,ARI,2010,SEA,2010-11-14 00:00:00,2010-11-14 16:15:00,Sun,0,0,3-6,HOME,18.0,36.0,19.0,327.0,286.0,41.0,2.0,24.0,490.0,380.0,110.0,1.0,-9.82,-8.78,2.15
143,ARI,2010,KAN,2010-11-21 00:00:00,2010-11-21 13:03:00,Sun,0,0,3-7,AWAY,13.0,31.0,19.0,382.0,281.0,101.0,0.0,17.0,352.0,193.0,159.0,0.0,-1.92,-15.07,-0.63
144,ARI,2010,SFO,2010-11-29 00:00:00,2010-11-29 20:40:00,Mon,0,0,3-8,HOME,6.0,27.0,8.0,203.0,190.0,13.0,2.0,26.0,386.0,125.0,261.0,1.0,-19.13,-12.73,8.1
145,ARI,2010,LAR,2010-12-05 00:00:00,2010-12-05 16:15:00,Sun,0,0,3-9,HOME,6.0,19.0,14.0,224.0,119.0,105.0,2.0,18.0,288.0,169.0,119.0,1.0,-12.22,4.79,-8.08
146,ARI,2010,DEN,2010-12-12 00:00:00,2010-12-12 16:15:00,Sun,1,0,4-9,HOME,43.0,13.0,21.0,357.0,146.0,211.0,1.0,20.0,288.0,156.0,132.0,6.0,-1.17,31.2,-2.44
147,ARI,2010,CAR,2010-12-19 00:00:00,2010-12-19 13:04:00,Sun,0,0,4-10,AWAY,12.0,19.0,11.0,218.0,175.0,43.0,2.0,16.0,303.0,126.0,177.0,1.0,-13.38,8.61,-5.52
148,ARI,2010,DAL,2010-12-25 00:00:00,2010-12-25 19:30:00,Sat,1,0,5-10,HOME,27.0,26.0,10.0,271.0,178.0,93.0,0.0,24.0,382.0,199.0,183.0,3.0,0.18,4.37,-1.95
149,ARI,2010,SFO,2010-01-02 00:00:00,2010-01-02 16:15:00,Sun,0,0,5-11,AWAY,7.0,38.0,19.0,279.0,201.0,78.0,2.0,16.0,362.0,262.0,100.0,0.0,-29.45,-8.72,7.3
150,ARI,2011,CAR,2011-09-11 00:00:00,2011-09-11 16:15:00,Sun,1,0,1-0,HOME,28.0,21.0,15.0,394.0,295.0,99.0,1.0,26.0,477.0,403.0,74.0,1.0,8.29,-10.08,7.57
151,ARI,2011,WAS,2011-09-18 00:00:00,2011-09-18 13:03:00,Sun,0,0,1-1,AWAY,21.0,22.0,16.0,324.0,231.0,93.0,2.0,28.0,455.0,283.0,172.0,2.0,1.83,-6.55,2.87
152,ARI,2011,SEA,2011-09-25 00:00:00,2011-09-25 16:15:00,Sun,0,0,1-2,AWAY,10.0,13.0,20.0,324.0,234.0,90.0,2.0,16.0,261.0,139.0,122.0,1.0,-3.55,8.79,-5.92
153,ARI,2011,NYG,2011-10-02 00:00:00,2011-10-02 16:05:00,Sun,0,0,1-3,HOME,27.0,31.0,22.0,368.0,212.0,156.0,2.0,24.0,360.0,306.0,54.0,2.0,3.33,-5.19,-1.03
154,ARI,2011,MIN,2011-10-09 00:00:00,2011-10-09 13:05:00,Sun,0,0,1-4,AWAY,10.0,34.0,18.0,291.0,214.0,77.0,4.0,20.0,332.0,160.0,172.0,1.0,-21.76,-5.24,-0.66
155,ARI,2011,PIT,2011-10-23 00:00:00,2011-10-23 16:05:00,Sun,0,0,1-5,HOME,20.0,32.0,23.0,330.0,257.0,73.0,1.0,26.0,445.0,354.0,91.0,0.0,9.76,-19.16,-6.42
156,ARI,2011,BAL,2011-10-30 00:00:00,2011-10-30 13:02:00,Sun,0,0,1-6,AWAY,27.0,30.0,17.0,207.0,98.0,109.0,1.0,30.0,405.0,298.0,107.0,2.0,-5.55,-5.91,9.73
157,ARI,2011,LAR,2011-11-06 00:00:00,2011-11-06 16:15:00,Sun,1,1,2-6,HOME,19.0,13.0,16.0,262.0,192.0,70.0,0.0,23.0,383.0,233.0,150.0,1.0,-1.71,3.48,4.23
158,ARI,2011,PHI,2011-11-13 00:00:00,2011-11-13 13:02:00,Sun,1,0,3-6,AWAY,21.0,17.0,23.0,370.0,282.0,88.0,2.0,15.0,289.0,123.0,166.0,2.0,1.4,11.13,-9.74
159,ARI,2011,SFO,2011-11-20 00:00:00,2011-11-20 16:05:00,Sun,0,0,3-7,AWAY,7.0,23.0,11.0,229.0,149.0,80.0,5.0,25.0,431.0,267.0,164.0,1.0,-16.51,-6.07,8.44
160,ARI,2011,LAR,2011-11-27 00:00:00,2011-11-27 13:00:00,Sun,1,0,4-7,AWAY,23.0,20.0,16.0,374.0,106.0,268.0,3.0,12.0,272.0,186.0,86.0,2.0,-6.58,14.25,-0.86
161,ARI,2011,DAL,2011-12-04 00:00:00,2011-12-04 16:15:00,Sun,1,1,5-7,HOME,19.0,13.0,16.0,327.0,224.0,103.0,0.0,20.0,336.0,261.0,75.0,0.0,1.07,-1.98,7.14
162,ARI,2011,SFO,2011-12-11 00:00:00,2011-12-11 16:05:00,Sun,1,0,6-7,HOME,21.0,19.0,12.0,325.0,270.0,55.0,3.0,12.0,233.0,143.0,90.0,0.0,-4.23,13.47,-6.91
163,ARI,2011,CLE,2011-12-18 00:00:00,2011-12-18 16:15:00,Sun,1,1,7-7,HOME,20.0,17.0,24.0,363.0,289.0,74.0,1.0,16.0,333.0,213.0,120.0,1.0,5.22,0.66,-2.42
164,ARI,2011,CIN,2011-12-24 00:00:00,2011-12-24 13:02:00,Sat,0,0,7-8,AWAY,16.0,23.0,17.0,316.0,257.0,59.0,3.0,21.0,301.0,136.0,165.0,2.0,-12.69,3.11,3.64
165,ARI,2011,SEA,2011-01-01 00:00:00,2011-01-01 16:15:00,Sun,1,1,8-8,HOME,23.0,20.0,20.0,388.0,257.0,131.0,2.0,19.0,369.0,191.0,178.0,1.0,-4.9,6.54,2.14
166,ARI,2012,SEA,2012-09-09 00:00:00,2012-09-09 16:25:00,Sun,1,0,1-0,HOME,20.0,16.0,18.0,253.0,210.0,43.0,2.0,18.0,254.0,139.0,115.0,2.0,-4.9,9.49,-1.82
167,ARI,2012,NWE,2012-09-16 00:00:00,2012-09-16 13:02:00,Sun,1,0,2-0,AWAY,20.0,18.0,16.0,242.0,140.0,102.0,2.0,25.0,387.0,297.0,90.0,1.0,-9.41,2.82,11.04
168,ARI,2012,PHI,2012-09-23 00:00:00,2012-09-23 16:05:00,Sun,1,0,3-0,HOME,27.0,6.0,16.0,292.0,193.0,99.0,0.0,16.0,307.0,194.0,113.0,3.0,-1.83,19.1,3.32
169,ARI,2012,MIA,2012-09-30 00:00:00,2012-09-30 16:05:00,Sun,1,1,4-0,HOME,24.0,21.0,19.0,297.0,269.0,28.0,2.0,21.0,480.0,394.0,86.0,4.0,-10.41,1.83,14.11
170,ARI,2012,LAR,2012-10-04 00:00:00,2012-10-04 20:20:00,Thu,0,0,4-1,AWAY,3.0,17.0,20.0,282.0,237.0,45.0,1.0,12.0,242.0,131.0,111.0,1.0,-14.6,8.85,-7.85
171,ARI,2012,BUF,2012-10-14 00:00:00,2012-10-14 16:05:00,Sun,0,1,4-2,HOME,16.0,19.0,20.0,332.0,150.0,182.0,2.0,19.0,306.0,141.0,165.0,2.0,-8.32,6.56,-0.8
172,ARI,2012,MIN,2012-10-21 00:00:00,2012-10-21 13:05:00,Sun,0,0,4-3,AWAY,14.0,21.0,21.0,356.0,230.0,126.0,2.0,12.0,209.0,43.0,166.0,2.0,-9.12,7.23,-9.29
173,ARI,2012,SFO,2012-10-29 00:00:00,2012-10-29 20:40:00,Mon,0,0,4-4,HOME,3.0,24.0,16.0,265.0,258.0,7.0,1.0,15.0,317.0,204.0,113.0,0.0,-8.84,-9.14,-2.3
174,ARI,2012,GNB,2012-11-04 00:00:00,2012-11-04 13:02:00,Sun,0,0,4-5,AWAY,17.0,31.0,16.0,340.0,286.0,54.0,2.0,20.0,384.0,208.0,176.0,1.0,-5.45,-6.76,-3.98
175,ARI,2012,ATL,2012-11-18 00:00:00,2012-11-18 13:03:00,Sun,0,0,4-6,AWAY,19.0,23.0,7.0,178.0,41.0,137.0,1.0,20.0,354.0,296.0,58.0,6.0,-25.36,19.88,2.52
176,ARI,2012,LAR,2012-11-25 00:00:00,2012-11-25 16:25:00,Sun,0,0,4-7,HOME,17.0,31.0,24.0,375.0,301.0,74.0,4.0,15.0,367.0,194.0,173.0,1.0,-17.62,-1.82,6.29
177,ARI,2012,NYJ,2012-12-02 00:00:00,2012-12-02 13:03:00,Sun,0,0,4-8,AWAY,6.0,7.0,5.0,137.0,56.0,81.0,1.0,20.0,289.0,112.0,177.0,4.0,-26.77,10.81,10.24
178,ARI,2012,SEA,2012-12-09 00:00:00,2012-12-09 16:26:00,Sun,0,0,4-9,AWAY,0.0,58.0,10.0,154.0,111.0,43.0,8.0,22.0,493.0,209.0,284.0,1.0,-37.39,-16.75,-4.36
179,ARI,2012,DET,2012-12-16 00:00:00,2012-12-16 16:05:00,Sun,1,0,5-9,HOME,38.0,10.0,12.0,196.0,97.0,99.0,1.0,18.0,312.0,228.0,84.0,4.0,-10.96,31.58,5.71
180,ARI,2012,CHI,2012-12-23 00:00:00,2012-12-23 16:25:00,Sun,0,0,5-10,HOME,13.0,28.0,15.0,248.0,219.0,29.0,3.0,15.0,297.0,145.0,152.0,1.0,-30.96,1.84,13.88
181,ARI,2012,SFO,2012-12-30 00:00:00,2012-12-30 16:25:00,Sun,0,0,5-11,AWAY,13.0,27.0,11.0,262.0,207.0,55.0,2.0,20.0,407.0,278.0,129.0,0.0,-8.46,-12.21,4.49
182,ARI,2013,LAR,2013-09-08 00:00:00,2013-09-08 16:23:00,Sun,0,0,0-1,AWAY,24.0,27.0,25.0,390.0,304.0,86.0,2.0,20.0,366.0,299.0,67.0,2.0,6.72,-2.3,-7.86
183,ARI,2013,DET,2013-09-15 00:00:00,2013-09-15 16:05:00,Sun,1,0,1-1,HOME,25.0,21.0,24.0,348.0,261.0,87.0,1.0,16.0,322.0,273.0,49.0,1.0,-3.23,2.76,6.52
184,ARI,2013,NOR,2013-09-22 00:00:00,2013-09-22 13:03:00,Sun,0,0,1-2,AWAY,7.0,31.0,16.0,247.0,161.0,86.0,2.0,27.0,423.0,319.0,104.0,1.0,-9.13,-17.29,0.19
185,ARI,2013,TAM,2013-09-29 00:00:00,2013-09-29 13:03:00,Sun,1,0,2-2,AWAY,13.0,10.0,17.0,296.0,240.0,56.0,3.0,20.0,253.0,173.0,80.0,3.0,-15.74,14.65,5.52
186,ARI,2013,CAR,2013-10-06 00:00:00,2013-10-06 16:05:00,Sun,1,0,3-2,HOME,22.0,6.0,19.0,250.0,160.0,90.0,3.0,21.0,353.0,258.0,95.0,4.0,-8.23,18.28,6.15
187,ARI,2013,SFO,2013-10-13 00:00:00,2013-10-13 16:25:00,Sun,0,0,3-3,AWAY,20.0,32.0,16.0,403.0,294.0,109.0,4.0,20.0,387.0,238.0,149.0,2.0,-9.22,1.25,-1.87
188,ARI,2013,SEA,2013-10-17 00:00:00,2013-10-17 20:25:00,Thu,0,0,3-4,HOME,22.0,34.0,22.0,234.0,204.0,30.0,2.0,21.0,344.0,209.0,135.0,2.0,-13.62,5.21,-0.67
189,ARI,2013,ATL,2013-10-27 00:00:00,2013-10-27 16:25:00,Sun,1,0,4-4,HOME,27.0,13.0,17.0,348.0,147.0,201.0,1.0,20.0,292.0,265.0,27.0,4.0,7.36,12.35,-5.26
190,ARI,2013,HOU,2013-11-10 00:00:00,2013-11-10 16:25:00,Sun,1,0,5-4,HOME,27.0,24.0,19.0,332.0,235.0,97.0,3.0,17.0,235.0,159.0,76.0,1.0,-5.28,14.42,-3.52
191,ARI,2013,JAX,2013-11-17 00:00:00,2013-11-17 13:04:00,Sun,1,0,6-4,AWAY,27.0,14.0,19.0,416.0,402.0,14.0,0.0,14.0,274.0,242.0,32.0,2.0,4.73,12.18,-1.59
192,ARI,2013,IND,2013-11-24 00:00:00,2013-11-24 16:05:00,Sun,1,0,7-4,HOME,40.0,11.0,27.0,410.0,290.0,120.0,0.0,15.0,239.0,159.0,80.0,1.0,19.09,10.21,-2.69
193,ARI,2013,PHI,2013-12-01 00:00:00,2013-12-01 13:02:00,Sun,0,0,7-5,AWAY,21.0,24.0,24.0,350.0,260.0,90.0,3.0,23.0,307.0,202.0,105.0,0.0,-0.19,-3.2,-2.87
194,ARI,2013,LAR,2013-12-08 00:00:00,2013-12-08 16:25:00,Sun,1,0,8-5,HOME,30.0,10.0,25.0,369.0,262.0,107.0,1.0,14.0,257.0,157.0,100.0,2.0,12.25,11.17,-7.07
195,ARI,2013,TEN,2013-12-15 00:00:00,2013-12-15 16:27:00,Sun,1,1,9-5,AWAY,37.0,34.0,24.0,360.0,215.0,145.0,0.0,32.0,460.0,394.0,66.0,3.0,10.34,-13.67,6.04
196,ARI,2013,SEA,2013-12-22 00:00:00,2013-12-22 16:06:00,Sun,1,0,10-5,AWAY,17.0,10.0,16.0,307.0,168.0,139.0,4.0,10.0,192.0,89.0,103.0,2.0,-13.0,14.76,5.44
197,ARI,2013,SFO,2013-12-29 00:00:00,2013-12-29 16:25:00,Sun,0,0,10-6,HOME,20.0,23.0,19.0,482.0,399.0,83.0,2.0,19.0,375.0,292.0,83.0,0.0,5.55,-3.12,-5.89
198,ARI,2014,LAC,2014-09-08 00:00:00,2014-09-08 21:20:00,Mon,1,0.0,1-0,HOME,18.0,17.0,22.0,403.0,294.0,109.0,2.0,15.0,290.0,238.0,52.0,1.0,5.41,4.82,-6.2
199,ARI,2014,NYG,2014-09-14 00:00:00,2014-09-14 13:04:00,Sun,1,0.0,2-0,AWAY,25.0,14.0,21.0,266.0,142.0,124.0,0.0,24.0,341.0,260.0,81.0,4.0,-1.03,-1.62,13.61
200,ARI,2014,SFO,2014-09-21 00:00:00,2014-09-21 16:05:00,Sun,1,0.0,3-0,HOME,23.0,14.0,24.0,338.0,254.0,84.0,1.0,20.0,318.0,236.0,82.0,0.0,14.03,-10.85,4.65
201,ARI,2014,DEN,2014-10-05 00:00:00,2014-10-05 16:05:00,Sun,0,0.0,3-1,AWAY,20.0,41.0,9.0,215.0,178.0,37.0,0.0,24.0,568.0,476.0,92.0,2.0,-12.17,-12.16,4.04
202,ARI,2014,WAS,2014-10-12 00:00:00,2014-10-12 16:25:00,Sun,1,0.0,4-1,HOME,30.0,20.0,19.0,317.0,243.0,74.0,0.0,21.0,407.0,335.0,72.0,4.0,2.04,3.67,0.7
203,ARI,2014,LVR,2014-10-19 00:00:00,2014-10-19 16:25:00,Sun,1,0.0,5-1,AWAY,24.0,13.0,25.0,365.0,242.0,123.0,1.0,13.0,220.0,164.0,56.0,0.0,9.25,1.24,0.1
204,ARI,2014,PHI,2014-10-26 00:00:00,2014-10-26 16:05:00,Sun,1,0.0,6-1,HOME,24.0,20.0,17.0,400.0,329.0,71.0,1.0,27.0,521.0,411.0,110.0,3.0,5.78,-1.32,-0.98
205,ARI,2014,DAL,2014-11-02 00:00:00,2014-11-02 13:04:00,Sun,1,0.0,7-1,AWAY,28.0,17.0,22.0,339.0,237.0,102.0,1.0,18.0,266.0,174.0,92.0,2.0,5.07,6.97,-0.07
206,ARI,2014,LAR,2014-11-09 00:00:00,2014-11-09 16:25:00,Sun,1,0.0,8-1,HOME,31.0,14.0,21.0,335.0,307.0,28.0,1.0,16.0,244.0,174.0,70.0,3.0,-2.9,21.15,-0.02
207,ARI,2014,DET,2014-11-16 00:00:00,2014-11-16 16:25:00,Sun,1,0.0,9-1,HOME,14.0,6.0,18.0,352.0,306.0,46.0,2.0,11.0,262.0,164.0,98.0,1.0,0.49,8.52,-1.98
208,ARI,2014,SEA,2014-11-23 00:00:00,2014-11-23 16:06:00,Sun,0,0.0,9-2,AWAY,3.0,19.0,12.0,204.0,140.0,64.0,1.0,16.0,293.0,169.0,124.0,0.0,-9.22,-1.42,-10.24
209,ARI,2014,ATL,2014-11-30 00:00:00,2014-11-30 16:05:00,Sun,0,0.0,9-3,AWAY,18.0,29.0,18.0,329.0,294.0,35.0,3.0,22.0,500.0,358.0,142.0,1.0,-6.22,-4.38,-2.49
210,ARI,2014,KAN,2014-12-07 00:00:00,2014-12-07 16:05:00,Sun,1,0.0,10-3,HOME,17.0,14.0,18.0,366.0,225.0,141.0,0.0,19.0,390.0,264.0,126.0,2.0,6.54,2.17,-2.87
211,ARI,2014,LAR,2014-12-11 00:00:00,2014-12-11 20:25:00,Thu,1,0.0,11-3,AWAY,12.0,6.0,13.0,274.0,131.0,143.0,0.0,13.0,280.0,211.0,69.0,2.0,-8.22,18.11,-1.16
212,ARI,2014,SEA,2014-12-21 00:00:00,2014-12-21 20:30:00,Sun,0,0.0,11-4,HOME,6.0,35.0,17.0,216.0,187.0,29.0,1.0,23.0,596.0,329.0,267.0,0.0,-15.05,-28.01,13.23
213,ARI,2014,SFO,2014-12-28 00:00:00,2014-12-28 16:25:00,Sun,0,0.0,11-5,AWAY,17.0,20.0,26.0,397.0,299.0,98.0,3.0,18.0,395.0,189.0,206.0,0.0,9.91,-9.81,-5.1
214,ARI,2014,CAR,2014-01-03 00:00:00,2014-01-03 16:20:00,Sat,0,0.0,11-6,AWAY,16.0,27.0,8.0,78.0,51.0,27.0,3.0,25.0,386.0,198.0,188.0,3.0,-19.39,6.33,4.19
215,ARI,2015,NOR,2015-09-13 00:00:00,2015-09-13 16:05:00,Sun,1,0,1-0,HOME,31.0,19.0,25.0,427.0,307.0,120.0,1.0,18.0,408.0,354.0,54.0,1.0,12.48,0.79,-3.48
216,ARI,2015,CHI,2015-09-20 00:00:00,2015-09-20 13:00:00,Sun,1,0,2-0,AWAY,48.0,23.0,21.0,300.0,185.0,115.0,2.0,18.0,335.0,226.0,109.0,2.0,17.96,9.19,-3.11
217,ARI,2015,SFO,2015-09-27 00:00:00,2015-09-27 16:05:00,Sun,1,0,3-0,HOME,47.0,7.0,28.0,446.0,307.0,139.0,1.0,10.0,156.0,53.0,103.0,4.0,21.61,26.19,-10.29
218,ARI,2015,LAR,2015-10-04 00:00:00,2015-10-04 16:25:00,Sun,0,0,3-1,HOME,22.0,24.0,26.0,447.0,334.0,113.0,3.0,13.0,328.0,164.0,164.0,0.0,5.76,-7.53,-6.03
219,ARI,2015,DET,2015-10-11 00:00:00,2015-10-11 16:05:00,Sun,1,0,4-1,AWAY,42.0,17.0,15.0,345.0,158.0,187.0,0.0,29.0,435.0,379.0,56.0,6.0,13.26,9.65,-1.18
220,ARI,2015,PIT,2015-10-18 00:00:00,2015-10-18 13:04:00,Sun,0,0,4-2,AWAY,13.0,25.0,21.0,469.0,414.0,55.0,3.0,14.0,310.0,169.0,141.0,0.0,-1.35,-3.14,-7.12
221,ARI,2015,BAL,2015-10-26 00:00:00,2015-10-26 20:30:00,Mon,1,0,5-2,HOME,26.0,18.0,21.0,414.0,264.0,150.0,0.0,18.0,276.0,221.0,55.0,2.0,13.41,1.0,-5.34
222,ARI,2015,CLE,2015-11-01 00:00:00,2015-11-01 13:02:00,Sun,1,0,6-2,AWAY,34.0,20.0,25.0,491.0,372.0,119.0,4.0,16.0,254.0,215.0,39.0,2.0,12.33,6.36,-2.81
223,ARI,2015,SEA,2015-11-15 00:00:00,2015-11-15 20:35:00,Sun,1,0,7-2,AWAY,39.0,32.0,30.0,451.0,334.0,117.0,3.0,18.0,343.0,228.0,115.0,1.0,0.17,-1.63,3.81
224,ARI,2015,CIN,2015-11-22 00:00:00,2015-11-22 20:30:00,Sun,1,0,8-2,HOME,34.0,31.0,21.0,383.0,301.0,82.0,2.0,24.0,377.0,278.0,99.0,1.0,12.46,-10.32,-1.71
225,ARI,2015,SFO,2015-11-29 00:00:00,2015-11-29 16:05:00,Sun,1,0,9-2,AWAY,19.0,13.0,26.0,337.0,267.0,70.0,0.0,17.0,368.0,301.0,67.0,2.0,5.59,-1.68,1.73
226,ARI,2015,LAR,2015-12-06 00:00:00,2015-12-06 13:00:00,Sun,1,0,10-2,AWAY,27.0,3.0,29.0,524.0,349.0,175.0,0.0,9.0,212.0,146.0,66.0,1.0,18.6,15.12,-9.39
227,ARI,2015,MIN,2015-12-10 00:00:00,2015-12-10 20:25:00,Thu,1,0,11-2,HOME,23.0,20.0,22.0,393.0,296.0,97.0,0.0,23.0,389.0,317.0,72.0,3.0,14.73,-7.63,-3.9
228,ARI,2015,PHI,2015-12-20 00:00:00,2015-12-20 20:31:00,Sun,1,0,12-2,AWAY,40.0,17.0,28.0,493.0,263.0,230.0,0.0,19.0,424.0,350.0,74.0,4.0,22.52,9.38,-5.46
229,ARI,2015,GNB,2015-12-27 00:00:00,2015-12-27 16:25:00,Sun,1,0,13-2,HOME,38.0,8.0,19.0,381.0,260.0,121.0,2.0,16.0,178.0,77.0,101.0,4.0,4.66,26.12,-1.14
230,ARI,2015,SEA,2015-01-03 00:00:00,2015-01-03 16:25:00,Sun,0,0,13-3,HOME,6.0,36.0,16.0,232.0,205.0,27.0,3.0,22.0,354.0,209.0,145.0,0.0,-8.68,-13.93,-11.9
231,ARI,2015,GNB,2015-01-16 00:00:00,2015-01-16 20:15:00,Sat,1,1,14-3,HOME,26.0,20.0,20.0,368.0,328.0,40.0,2.0,18.0,386.0,251.0,135.0,1.0,6.94,-6.14,3.17
232,ARI,2015,CAR,2015-01-24 00:00:00,2015-01-24 18:42:00,Sun,0,0,14-4,AWAY,15.0,49.0,21.0,287.0,227.0,60.0,7.0,21.0,476.0,324.0,152.0,1.0,-10.49,-15.85,-3.81
233,ARI,2016,NWE,2016-09-11 00:00:00,2016-09-11 20:30:00,Sun,0,0,0-1,HOME,21.0,23.0,21.0,344.0,252.0,92.0,0.0,19.0,363.0,257.0,106.0,2.0,11.42,-5.61,-9.08
234,ARI,2016,TAM,2016-09-18 00:00:00,2016-09-18 13:05:00,Sun,1,0,1-1,HOME,40.0,7.0,20.0,416.0,311.0,105.0,0.0,21.0,306.0,221.0,85.0,5.0,14.72,21.55,-0.4
235,ARI,2016,BUF,2016-09-25 00:00:00,2016-09-25 13:02:00,Sun,0,0,1-2,AWAY,18.0,33.0,25.0,348.0,260.0,88.0,5.0,16.0,297.0,89.0,208.0,1.0,-20.9,2.34,5.33
236,ARI,2016,LAR,2016-10-02 00:00:00,2016-10-02 16:25:00,Sun,0,0,1-3,HOME,13.0,17.0,26.0,420.0,302.0,118.0,5.0,12.0,288.0,247.0,41.0,1.0,-3.21,4.82,-5.82
237,ARI,2016,SFO,2016-10-06 00:00:00,2016-10-06 20:27:00,Thu,1,0,2-3,AWAY,33.0,21.0,17.0,288.0,116.0,172.0,0.0,25.0,286.0,135.0,151.0,3.0,-3.49,2.05,11.2
238,ARI,2016,NYJ,2016-10-17 00:00:00,2016-10-17 20:30:00,Mon,1,0,3-3,HOME,28.0,3.0,28.0,396.0,225.0,171.0,0.0,11.0,230.0,197.0,33.0,2.0,20.59,12.37,-5.45
239,ARI,2016,SEA,2016-10-23 00:00:00,2016-10-23 20:30:00,Sun,2,1,3-3-1,HOME,6.0,6.0,23.0,443.0,311.0,132.0,0.0,11.0,257.0,205.0,52.0,0.0,-1.88,15.0,-9.26
240,ARI,2016,CAR,2016-10-30 00:00:00,2016-10-30 12:47:00,Sun,0,0,3-4-1,AWAY,20.0,30.0,22.0,340.0,316.0,24.0,2.0,19.0,349.0,208.0,141.0,1.0,-6.19,-1.07,-3.45
241,ARI,2016,SFO,2016-11-13 00:00:00,2016-11-13 16:25:00,Sun,1,0,4-4-1,HOME,23.0,20.0,26.0,443.0,363.0,80.0,4.0,15.0,281.0,198.0,83.0,1.0,6.62,0.69,-4.31
242,ARI,2016,MIN,2016-11-20 00:00:00,2016-11-20 13:00:00,Sun,0,0,4-5-1,AWAY,24.0,30.0,24.0,290.0,155.0,135.0,2.0,16.0,217.0,145.0,72.0,1.0,-6.42,2.66,-4.9
243,ARI,2016,ATL,2016-11-27 00:00:00,2016-11-27 13:00:00,Sun,0,0,4-6-1,AWAY,19.0,38.0,23.0,332.0,274.0,58.0,1.0,28.0,360.0,244.0,116.0,1.0,1.72,-17.09,-5.32
244,ARI,2016,WAS,2016-12-04 00:00:00,2016-12-04 16:25:00,Sun,1,0,5-6-1,HOME,31.0,23.0,24.0,369.0,281.0,88.0,0.0,19.0,333.0,246.0,87.0,2.0,17.3,-3.39,-5.81
245,ARI,2016,MIA,2016-12-11 00:00:00,2016-12-11 13:00:00,Sun,0,0,5-7-1,AWAY,23.0,26.0,21.0,300.0,125.0,175.0,4.0,15.0,314.0,231.0,83.0,3.0,-9.49,5.71,2.93
246,ARI,2016,NOR,2016-12-18 00:00:00,2016-12-18 16:05:00,Sun,0,0,5-8-1,HOME,41.0,48.0,26.0,425.0,309.0,116.0,2.0,33.0,488.0,358.0,130.0,1.0,20.85,-19.35,-9.15
247,ARI,2016,SEA,2016-12-24 00:00:00,2016-12-24 16:25:00,Sat,1,0,6-8-1,AWAY,34.0,31.0,21.0,370.0,276.0,94.0,1.0,24.0,391.0,313.0,78.0,1.0,6.42,-5.97,2.48
248,ARI,2016,LAR,2016-01-01 00:00:00,2016-01-01 16:25:00,Sun,1,0,7-8-1,AWAY,44.0,6.0,21.0,344.0,260.0,84.0,2.0,9.0,123.0,71.0,52.0,3.0,5.82,39.25,-4.75
249,ARI,2017,DET,2017-09-10 00:00:00,2017-09-10 13:00:00,Sun,0,0,0-1,AWAY,23.0,35.0,24.0,308.0,263.0,45.0,4.0,19.0,367.0,285.0,82.0,1.0,-18.14,6.69,-1.34
250,ARI,2017,IND,2017-09-17 00:00:00,2017-09-17 13:00:00,Sun,1,1,1-1,AWAY,16.0,13.0,17.0,389.0,306.0,83.0,1.0,18.0,266.0,190.0,76.0,1.0,-0.55,12.33,-8.89
251,ARI,2017,DAL,2017-09-25 00:00:00,2017-09-25 20:30:00,Mon,0,0,1-2,HOME,17.0,28.0,22.0,332.0,283.0,49.0,0.0,15.0,273.0,174.0,99.0,0.0,3.02,-8.02,-5.45
252,ARI,2017,SFO,2017-10-01 00:00:00,2017-10-01 16:05:00,Sun,1,1,2-2,HOME,18.0,15.0,25.0,368.0,317.0,51.0,1.0,20.0,305.0,210.0,95.0,1.0,-3.67,10.83,-3.36
253,ARI,2017,PHI,2017-10-08 00:00:00,2017-10-08 13:00:00,Sun,0,0,2-3,AWAY,7.0,34.0,16.0,307.0,276.0,31.0,1.0,19.0,419.0,297.0,122.0,1.0,-3.67,-16.42,-5.58
254,ARI,2017,TAM,2017-10-15 00:00:00,2017-10-15 16:05:00,Sun,1,0,3-3,HOME,38.0,33.0,23.0,432.0,272.0,160.0,2.0,21.0,412.0,344.0,68.0,2.0,6.93,-5.45,2.54
255,ARI,2017,LAR,2017-10-22 00:00:00,2017-10-22 13:00:00,Sun,0,0,3-4,AWAY,0.0,33.0,10.0,196.0,171.0,25.0,2.0,28.0,425.0,228.0,197.0,1.0,-16.63,-13.79,-4.82
256,ARI,2017,SFO,2017-11-05 00:00:00,2017-11-05 16:05:00,Sun,1,0,4-4,AWAY,20.0,10.0,20.0,368.0,201.0,167.0,2.0,17.0,329.0,266.0,63.0,2.0,-3.98,19.86,-3.99
257,ARI,2017,SEA,2017-11-09 00:00:00,2017-11-09 20:25:00,Thu,0,0,4-5,HOME,16.0,22.0,24.0,290.0,256.0,34.0,1.0,14.0,287.0,212.0,75.0,0.0,-4.03,2.92,-8.0
258,ARI,2017,HOU,2017-11-19 00:00:00,2017-11-19 13:00:00,Sun,0,0,4-6,AWAY,21.0,31.0,17.0,292.0,244.0,48.0,2.0,22.0,357.0,223.0,134.0,2.0,-2.48,-4.78,-3.27
259,ARI,2017,JAX,2017-11-26 00:00:00,2017-11-26 16:25:00,Sun,1,0,5-6,HOME,27.0,24.0,20.0,344.0,236.0,108.0,2.0,19.0,219.0,128.0,91.0,3.0,-2.72,9.17,-1.2
260,ARI,2017,LAR,2017-12-03 00:00:00,2017-12-03 16:25:00,Sun,0,0,5-7,HOME,16.0,32.0,19.0,305.0,187.0,118.0,2.0,18.0,303.0,213.0,90.0,1.0,-8.56,-2.4,-3.31
261,ARI,2017,TEN,2017-12-10 00:00:00,2017-12-10 16:05:00,Sun,1,0,6-7,HOME,12.0,7.0,16.0,261.0,125.0,136.0,0.0,14.0,204.0,139.0,65.0,2.0,-8.75,18.35,0.07
262,ARI,2017,WAS,2017-12-17 00:00:00,2017-12-17 13:00:00,Sun,0,0,6-8,AWAY,15.0,20.0,19.0,286.0,145.0,141.0,2.0,14.0,218.0,187.0,31.0,1.0,-19.03,6.74,8.87
263,ARI,2017,NYG,2017-12-24 00:00:00,2017-12-24 16:25:00,Sun,1,0,7-8,HOME,23.0,0.0,19.0,289.0,215.0,74.0,2.0,12.0,293.0,250.0,43.0,3.0,-5.11,26.57,2.15
264,ARI,2017,SEA,2017-12-31 00:00:00,2017-12-31 16:25:00,Sun,1,0,8-8,AWAY,26.0,24.0,19.0,259.0,143.0,116.0,1.0,13.0,296.0,195.0,101.0,0.0,-0.61,4.47,0.55
265,ARI,2018,WAS,2018-09-09 00:00:00,2018-09-09 16:25:00,Sun,0,0.0,0-1,HOME,6.0,24.0,14.0,213.0,145.0,68.0,2.0,30.0,429.0,247.0,182.0,1.0,-9.94,-16.72,7.08
266,ARI,2018,LAR,2018-09-16 00:00:00,2018-09-16 16:05:00,Sun,0,0.0,0-2,AWAY,0.0,34.0,5.0,137.0,83.0,54.0,1.0,24.0,432.0,342.0,90.0,1.0,-17.5,-18.11,3.56
267,ARI,2018,CHI,2018-09-23 00:00:00,2018-09-23 16:25:00,Sun,0,0.0,0-3,HOME,14.0,16.0,13.0,221.0,168.0,53.0,4.0,21.0,316.0,194.0,122.0,2.0,-6.07,2.63,1.68
268,ARI,2018,SEA,2018-09-30 00:00:00,2018-09-30 16:05:00,Sun,0,0.0,0-4,HOME,17.0,20.0,18.0,263.0,171.0,92.0,1.0,19.0,331.0,160.0,171.0,0.0,1.27,-1.31,-1.43
269,ARI,2018,SFO,2018-10-07 00:00:00,2018-10-07 16:25:00,Sun,1,0.0,1-4,AWAY,28.0,18.0,10.0,220.0,164.0,56.0,0.0,33.0,447.0,300.0,147.0,5.0,-3.94,10.35,4.12
270,ARI,2018,MIN,2018-10-14 00:00:00,2018-10-14 13:00:00,Sun,0,0.0,1-5,AWAY,17.0,27.0,16.0,268.0,208.0,60.0,2.0,20.0,411.0,216.0,195.0,2.0,-14.2,3.32,-0.88
271,ARI,2018,DEN,2018-10-18 00:00:00,2018-10-18 20:20:00,Thu,0,0.0,1-6,HOME,10.0,45.0,14.0,223.0,154.0,69.0,5.0,15.0,309.0,178.0,131.0,1.0,-33.3,-4.56,2.09
272,ARI,2018,SFO,2018-10-28 00:00:00,2018-10-28 16:25:00,Sun,1,0.0,2-6,HOME,18.0,15.0,20.0,321.0,233.0,88.0,2.0,16.0,267.0,160.0,107.0,0.0,6.06,3.16,-2.98
273,ARI,2018,KAN,2018-11-11 00:00:00,2018-11-11 13:00:00,Sun,0,0.0,2-7,AWAY,14.0,26.0,21.0,260.0,166.0,94.0,2.0,20.0,330.0,212.0,118.0,0.0,-8.96,-7.53,0.25
274,ARI,2018,LVR,2018-11-18 00:00:00,2018-11-18 16:05:00,Sun,0,0.0,2-8,HOME,21.0,23.0,13.0,282.0,128.0,154.0,2.0,19.0,325.0,173.0,152.0,0.0,-6.58,-0.79,4.96
275,ARI,2018,LAC,2018-11-25 00:00:00,2018-11-25 16:05:00,Sun,0,0.0,2-9,AWAY,10.0,45.0,10.0,149.0,87.0,62.0,1.0,30.0,414.0,236.0,178.0,1.0,-13.0,-24.25,1.28
276,ARI,2018,GNB,2018-12-02 00:00:00,2018-12-02 13:00:00,Sun,1,0.0,3-9,AWAY,20.0,17.0,18.0,315.0,133.0,182.0,0.0,22.0,325.0,227.0,98.0,0.0,3.9,-3.18,0.74
277,ARI,2018,DET,2018-12-09 00:00:00,2018-12-09 16:25:00,Sun,0,0.0,3-10,HOME,3.0,17.0,22.0,279.0,218.0,61.0,1.0,16.0,218.0,96.0,122.0,1.0,-13.32,6.04,-3.13
278,ARI,2018,ATL,2018-12-16 00:00:00,2018-12-16 13:00:00,Sun,0,0.0,3-11,AWAY,14.0,40.0,18.0,253.0,193.0,60.0,3.0,23.0,435.0,220.0,215.0,0.0,-16.06,-15.22,7.62
279,ARI,2018,LAR,2018-12-23 00:00:00,2018-12-23 16:05:00,Sun,0,0.0,3-12,HOME,9.0,31.0,15.0,263.0,159.0,104.0,0.0,33.0,461.0,192.0,269.0,1.0,-4.01,-24.42,5.46
280,ARI,2018,SEA,2018-12-30 00:00:00,2018-12-30 16:25:00,Sun,0,0.0,3-13,AWAY,24.0,27.0,12.0,198.0,113.0,85.0,2.0,16.0,291.0,109.0,182.0,1.0,-20.5,4.06,13.59
281,ARI,2019,DET,2019-09-08 00:00:00,2019-09-08 16:25:00,Sun,2,1,0-0-1,HOME,27.0,27.0,21.0,387.0,275.0,112.0,1.0,23.0,477.0,361.0,116.0,2.0,-3.5,-7.02,9.8
282,ARI,2019,BAL,2019-09-15 00:00:00,2019-09-15 13:00:00,Sun,0,0,0-1-1,AWAY,17.0,23.0,15.0,349.0,329.0,20.0,0.0,26.0,440.0,258.0,182.0,0.0,4.48,-11.6,-4.18
283,ARI,2019,CAR,2019-09-22 00:00:00,2019-09-22 16:05:00,Sun,0,0,0-2-1,HOME,20.0,38.0,21.0,248.0,127.0,121.0,2.0,21.0,413.0,240.0,173.0,1.0,-3.15,-19.08,3.46
284,ARI,2019,SEA,2019-09-29 00:00:00,2019-09-29 16:05:00,Sun,0,0,0-3-1,HOME,10.0,27.0,20.0,321.0,206.0,115.0,1.0,21.0,340.0,225.0,115.0,0.0,-0.78,-10.61,-2.81
285,ARI,2019,CIN,2019-10-06 00:00:00,2019-10-06 13:00:00,Sun,1,0,1-3-1,AWAY,26.0,23.0,26.0,514.0,248.0,266.0,0.0,21.0,370.0,262.0,108.0,0.0,21.22,-9.27,-8.95
286,ARI,2019,ATL,2019-10-13 00:00:00,2019-10-13 16:05:00,Sun,1,0,2-3-1,HOME,34.0,33.0,24.0,442.0,340.0,102.0,0.0,31.0,444.0,341.0,103.0,0.0,23.23,-24.99,0.25
287,ARI,2019,NYG,2019-10-20 00:00:00,2019-10-20 13:00:00,Sun,1,0,3-3-1,AWAY,27.0,21.0,18.0,245.0,89.0,156.0,0.0,21.0,263.0,156.0,107.0,3.0,3.73,8.02,-2.98
288,ARI,2019,NOR,2019-10-27 00:00:00,2019-10-27 13:00:00,Sun,0,0,3-4-1,AWAY,9.0,31.0,10.0,237.0,197.0,40.0,0.0,28.0,510.0,373.0,137.0,1.0,-11.97,-24.66,9.91
289,ARI,2019,SFO,2019-10-31 00:00:00,2019-10-31 20:20:00,Thu,0,0,3-5-1,HOME,25.0,28.0,19.0,357.0,204.0,153.0,0.0,21.0,411.0,310.0,101.0,0.0,13.71,-18.45,-0.88
290,ARI,2019,TAM,2019-11-10 00:00:00,2019-11-10 13:00:00,Sun,0,0,3-6-1,AWAY,27.0,30.0,20.0,417.0,342.0,75.0,2.0,26.0,457.0,339.0,118.0,3.0,1.71,-9.52,3.53
291,ARI,2019,SFO,2019-11-17 00:00:00,2019-11-17 16:05:00,Sun,0,0,3-7-1,AWAY,26.0,36.0,21.0,266.0,131.0,135.0,2.0,26.0,442.0,408.0,34.0,2.0,0.09,-8.92,-1.17
292,ARI,2019,LAR,2019-12-01 00:00:00,2019-12-01 16:05:00,Sun,0,0,3-8-1,HOME,7.0,34.0,13.0,198.0,124.0,74.0,1.0,27.0,549.0,417.0,132.0,0.0,-16.98,-18.95,10.38
293,ARI,2019,PIT,2019-12-08 00:00:00,2019-12-08 16:25:00,Sun,0,0,3-9-1,HOME,17.0,23.0,17.0,236.0,165.0,71.0,3.0,20.0,275.0,135.0,140.0,2.0,-5.35,-5.34,2.85
294,ARI,2019,CLE,2019-12-15 00:00:00,2019-12-15 16:05:00,Sun,1,0,4-9-1,HOME,38.0,24.0,26.0,445.0,219.0,226.0,1.0,25.0,393.0,241.0,152.0,2.0,24.27,-10.72,1.61
295,ARI,2019,SEA,2019-12-22 00:00:00,2019-12-22 16:25:00,Sun,1,0,5-9-1,AWAY,27.0,13.0,21.0,412.0,159.0,253.0,0.0,13.0,224.0,133.0,91.0,1.0,10.12,13.87,-6.82
296,ARI,2019,LAR,2019-12-29 00:00:00,2019-12-29 16:25:00,Sun,0,0,5-10-1,AWAY,24.0,31.0,22.0,393.0,322.0,71.0,5.0,25.0,424.0,311.0,113.0,0.0,3.53,-16.31,5.85
