,team,season,opp,datetime,day_week,week,W/L,ot,record,home/away,team_score,opp_score,1D_gained,team_total_yards,team_pass_yards,team_rush_yards,team_turnover,1D_allowed,opp_total_yards,opp_pass_yards,opp_rush_yards,opp_turnover,offense_expected_points,defense_expected_points,sp_expected_points
0,BAL,2002,CAR,2002-09-08 13:04:00,Sun,1,0.0,0.0,0-1,AWAY,7.0,10.0,15.0,289.0,212.0,77.0,1.0,15.0,265.0,120.0,145.0,0.0,-6.68,4.38,-4.2
1,BAL,2002,TAM,2002-09-15 13:02:00,Sun,2,0.0,0.0,0-2,HOME,0.0,25.0,12.0,173.0,118.0,55.0,1.0,17.0,279.0,205.0,74.0,0.0,-25.3,0.76,-4.5
2,BAL,2002,DEN,2002-09-30 21:08:00,Mon,4,1.0,0.0,1-2,HOME,34.0,23.0,14.0,230.0,146.0,84.0,2.0,30.0,403.0,306.0,97.0,3.0,-7.77,1.13,17.33
3,BAL,2002,CLE,2002-10-06 20:36:00,Sun,5,1.0,0.0,2-2,AWAY,26.0,21.0,18.0,409.0,208.0,201.0,1.0,21.0,433.0,371.0,62.0,5.0,7.54,3.26,-2.8
4,BAL,2002,IND,2002-10-13 12:00:00,Sun,6,0.0,0.0,2-3,AWAY,20.0,22.0,15.0,244.0,139.0,105.0,3.0,19.0,317.0,257.0,60.0,1.0,-5.8,2.91,1.83
5,BAL,2002,JAX,2002-10-20 13:02:00,Sun,7,1.0,0.0,3-3,HOME,17.0,10.0,16.0,261.0,143.0,118.0,2.0,22.0,397.0,224.0,173.0,3.0,-7.13,9.84,2.43
6,BAL,2002,PIT,2002-10-27 13:02:00,Sun,8,0.0,0.0,3-4,HOME,18.0,31.0,26.0,360.0,293.0,67.0,5.0,16.0,283.0,179.0,104.0,1.0,-3.51,-2.2,-10.09
7,BAL,2002,ATL,2002-11-03 13:05:00,Sun,9,0.0,0.0,3-5,AWAY,17.0,20.0,15.0,340.0,187.0,153.0,2.0,14.0,241.0,115.0,126.0,1.0,-5.43,7.57,-4.5
8,BAL,2002,CIN,2002-11-10 13:02:00,Sun,10,1.0,0.0,4-5,HOME,38.0,27.0,21.0,325.0,163.0,162.0,2.0,20.0,372.0,249.0,123.0,4.0,7.67,6.17,-1.94
9,BAL,2002,MIA,2002-11-17 16:16:00,Sun,11,0.0,0.0,4-6,AWAY,7.0,26.0,10.0,157.0,91.0,66.0,1.0,17.0,337.0,221.0,116.0,0.0,-19.74,-3.15,3.89
10,BAL,2002,TEN,2002-11-24 13:02:00,Sun,12,1.0,0.0,5-6,HOME,13.0,12.0,12.0,199.0,87.0,112.0,2.0,19.0,402.0,281.0,121.0,4.0,-18.43,13.33,7.92
11,BAL,2002,CIN,2002-12-01 13:02:00,Sun,13,1.0,0.0,6-6,AWAY,27.0,23.0,15.0,247.0,99.0,148.0,0.0,25.0,381.0,303.0,78.0,2.0,-0.81,-0.16,-0.2
12,BAL,2002,NOR,2002-12-08 16:05:00,Sun,14,0.0,0.0,6-7,HOME,25.0,37.0,19.0,410.0,296.0,114.0,5.0,22.0,359.0,209.0,150.0,2.0,-4.88,-6.9,-4.33
13,BAL,2002,HOU,2002-12-15 13:02:00,Sun,15,1.0,0.0,7-7,AWAY,23.0,19.0,16.0,298.0,228.0,70.0,0.0,15.0,277.0,182.0,95.0,2.0,2.78,8.64,-7.15
14,BAL,2002,CLE,2002-12-22 16:15:00,Sun,16,0.0,0.0,7-8,HOME,13.0,14.0,16.0,275.0,129.0,146.0,1.0,19.0,256.0,193.0,63.0,1.0,3.33,-3.44,-0.81
15,BAL,2002,PIT,2002-12-29 13:02:00,Sun,17,0.0,0.0,7-9,AWAY,31.0,34.0,21.0,422.0,308.0,114.0,4.0,25.0,351.0,176.0,175.0,2.0,11.82,-7.19,-5.17
16,BAL,2003,PIT,2003-09-07 13:04:00,Sun,1,0.0,0,0-1,AWAY,15.0,34.0,17.0,231.0,143.0,88.0,2.0,21.0,339.0,251.0,88.0,1.0,-13.75,-6.28,2.58
17,BAL,2003,CLE,2003-09-14 13:02:00,Sun,2,1.0,0,1-1,HOME,33.0,13.0,14.0,393.0,50.0,343.0,3.0,9.0,175.0,115.0,60.0,3.0,-7.15,28.64,-1.95
18,BAL,2003,LAC,2003-09-21 16:15:00,Sun,3,1.0,0,2-1,AWAY,24.0,10.0,16.0,249.0,97.0,152.0,1.0,25.0,389.0,257.0,132.0,3.0,4.94,4.47,3.26
19,BAL,2003,KAN,2003-09-28 16:05:00,Sun,4,0.0,0,2-2,HOME,10.0,17.0,22.0,326.0,124.0,202.0,4.0,15.0,265.0,136.0,129.0,0.0,-3.35,4.73,-7.94
20,BAL,2003,ARI,2003-10-12 16:16:00,Sun,6,1.0,0,3-2,AWAY,26.0,18.0,13.0,285.0,72.0,213.0,0.0,16.0,320.0,230.0,90.0,3.0,-0.78,13.31,0.12
21,BAL,2003,CIN,2003-10-19 13:02:00,Sun,7,0.0,0,3-3,AWAY,26.0,34.0,21.0,401.0,281.0,120.0,3.0,17.0,303.0,244.0,59.0,0.0,1.4,-8.51,-2.54
22,BAL,2003,DEN,2003-10-26 13:02:00,Sun,8,1.0,0,4-3,HOME,26.0,6.0,16.0,277.0,126.0,151.0,0.0,12.0,194.0,90.0,104.0,2.0,-1.92,25.12,-3.86
23,BAL,2003,JAX,2003-11-02 13:02:00,Sun,9,1.0,0,5-3,HOME,24.0,17.0,9.0,259.0,156.0,103.0,2.0,20.0,320.0,186.0,134.0,3.0,-12.46,7.92,8.22
24,BAL,2003,LAR,2003-11-09 20:38:00,Sun,10,0.0,0,5-4,AWAY,22.0,33.0,16.0,267.0,122.0,145.0,7.0,7.0,121.0,74.0,47.0,4.0,-42.28,23.82,4.81
25,BAL,2003,MIA,2003-11-16 13:03:00,Sun,11,0.0,1,5-5,AWAY,6.0,9.0,13.0,223.0,109.0,114.0,3.0,19.0,267.0,126.0,141.0,1.0,-22.06,10.77,7.48
26,BAL,2003,SEA,2003-11-23 13:02:00,Sun,12,1.0,1,6-5,HOME,44.0,41.0,20.0,426.0,276.0,150.0,2.0,24.0,426.0,293.0,133.0,3.0,-1.01,-0.78,5.53
27,BAL,2003,SFO,2003-11-30 13:02:00,Sun,13,1.0,0,7-5,HOME,44.0,6.0,15.0,282.0,165.0,117.0,2.0,10.0,264.0,158.0,106.0,4.0,-1.69,33.85,5.27
28,BAL,2003,CIN,2003-12-07 13:02:00,Sun,14,1.0,0,8-5,HOME,31.0,13.0,21.0,353.0,130.0,223.0,3.0,15.0,268.0,168.0,100.0,5.0,2.93,20.08,-4.29
29,BAL,2003,LVR,2003-12-14 16:05:00,Sun,15,0.0,0,8-6,AWAY,12.0,20.0,14.0,319.0,170.0,149.0,3.0,15.0,265.0,186.0,79.0,0.0,-16.08,10.2,-7.4
30,BAL,2003,CLE,2003-12-21 13:03:00,Sun,16,1.0,0,9-6,AWAY,35.0,0.0,18.0,359.0,83.0,276.0,1.0,14.0,211.0,133.0,78.0,4.0,10.26,27.26,-4.26
31,BAL,2003,PIT,2003-12-28 20:36:00,Sun,17,1.0,1,10-6,HOME,13.0,10.0,14.0,279.0,151.0,128.0,2.0,9.0,214.0,158.0,56.0,5.0,-16.59,24.82,-6.88
32,BAL,2003,TEN,2004-01-03 16:37:00,Sat,18,0.0,0,10-7,HOME,17.0,20.0,12.0,255.0,201.0,54.0,2.0,16.0,324.0,159.0,165.0,3.0,-13.39,10.52,0.24
33,BAL,2004,CLE,2004-09-12 13:08:00,Sun,1,0.0,0,0-1,AWAY,3.0,20.0,16.0,254.0,166.0,88.0,3.0,10.0,250.0,165.0,85.0,0.0,-16.02,5.98,-5.78
34,BAL,2004,PIT,2004-09-19 13:02:00,Sun,2,1.0,0,1-1,HOME,30.0,13.0,15.0,259.0,87.0,172.0,0.0,16.0,310.0,217.0,93.0,3.0,-7.6,17.17,3.95
35,BAL,2004,CIN,2004-09-26 13:02:00,Sun,3,1.0,0,2-1,AWAY,23.0,9.0,14.0,380.0,126.0,254.0,2.0,26.0,398.0,289.0,109.0,4.0,-1.99,15.58,1.82
36,BAL,2004,KAN,2004-10-04 21:08:00,Mon,4,0.0,0,2-2,HOME,24.0,27.0,13.0,207.0,127.0,80.0,0.0,25.0,398.0,220.0,178.0,0.0,-3.0,-11.82,11.81
37,BAL,2004,WAS,2004-10-10 20:36:00,Sun,5,1.0,0,3-2,AWAY,17.0,10.0,15.0,232.0,76.0,156.0,3.0,9.0,107.0,55.0,52.0,2.0,-19.35,23.7,5.54
38,BAL,2004,BUF,2004-10-24 13:02:00,Sun,7,1.0,0,4-2,HOME,20.0,6.0,12.0,160.0,60.0,100.0,1.0,15.0,270.0,185.0,85.0,5.0,-14.08,34.87,-3.85
39,BAL,2004,PHI,2004-10-31 13:03:00,Sun,8,0.0,0,4-3,AWAY,10.0,15.0,19.0,327.0,214.0,113.0,2.0,19.0,298.0,200.0,98.0,1.0,-5.02,4.28,-4.02
40,BAL,2004,CLE,2004-11-07 20:36:00,Sun,9,1.0,0,5-3,HOME,27.0,13.0,15.0,240.0,134.0,106.0,1.0,13.0,217.0,126.0,91.0,2.0,-4.52,22.43,-6.84
41,BAL,2004,NYJ,2004-11-14 13:02:00,Sun,10,1.0,1,6-3,AWAY,20.0,17.0,18.0,262.0,186.0,76.0,1.0,16.0,305.0,149.0,156.0,1.0,-3.38,6.93,-1.68
42,BAL,2004,DAL,2004-11-21 13:02:00,Sun,11,1.0,0,7-3,HOME,30.0,10.0,15.0,287.0,228.0,59.0,2.0,16.0,222.0,128.0,94.0,3.0,-6.76,26.01,-0.21
43,BAL,2004,NWE,2004-11-28 16:16:00,Sun,12,0.0,0,7-4,AWAY,3.0,24.0,8.0,124.0,47.0,77.0,2.0,18.0,314.0,170.0,144.0,0.0,-33.83,4.76,6.02
44,BAL,2004,CIN,2004-12-05 13:02:00,Sun,13,0.0,0,7-5,HOME,26.0,27.0,21.0,356.0,164.0,192.0,2.0,23.0,453.0,355.0,98.0,2.0,5.17,-3.51,-3.6
45,BAL,2004,NYG,2004-12-12 13:01:00,Sun,14,1.0,0,8-5,HOME,37.0,14.0,23.0,353.0,184.0,169.0,1.0,11.0,196.0,145.0,51.0,6.0,-2.77,28.01,-3.09
46,BAL,2004,IND,2004-12-19 20:36:00,Sun,15,0.0,0,8-6,AWAY,10.0,20.0,19.0,354.0,194.0,160.0,2.0,17.0,316.0,249.0,67.0,0.0,-11.02,-4.08,0.12
47,BAL,2004,PIT,2004-12-26 13:01:00,Sun,16,0.0,0,8-7,AWAY,7.0,20.0,16.0,248.0,177.0,71.0,1.0,20.0,404.0,221.0,183.0,2.0,-0.97,-9.1,-2.07
48,BAL,2004,MIA,2005-01-02 13:02:00,Sun,17,1.0,0,9-7,HOME,30.0,23.0,21.0,332.0,142.0,190.0,0.0,18.0,345.0,248.0,97.0,3.0,1.4,13.01,-7.03
49,BAL,2005,IND,2005-09-11 20:38:00,Sun,1,0.0,0,0-1,HOME,7.0,24.0,22.0,401.0,324.0,77.0,4.0,19.0,340.0,254.0,86.0,0.0,-12.13,-1.8,-3.36
50,BAL,2005,TEN,2005-09-18 13:03:00,Sun,2,0.0,0,0-2,AWAY,10.0,25.0,12.0,182.0,168.0,14.0,2.0,16.0,290.0,193.0,97.0,1.0,-21.95,12.23,-7.34
51,BAL,2005,NYJ,2005-10-02 16:05:00,Sun,4,1.0,0,1-2,HOME,13.0,3.0,17.0,259.0,144.0,115.0,2.0,8.0,152.0,124.0,28.0,0.0,-11.05,19.68,1.92
52,BAL,2005,DET,2005-10-09 13:02:00,Sun,5,0.0,0,1-3,AWAY,17.0,35.0,26.0,387.0,228.0,159.0,4.0,22.0,266.0,97.0,169.0,2.0,-5.78,-10.75,-1.85
53,BAL,2005,CLE,2005-10-16 13:02:00,Sun,6,1.0,0,2-3,HOME,16.0,3.0,16.0,351.0,201.0,150.0,1.0,12.0,186.0,116.0,70.0,3.0,-0.73,16.52,2.74
54,BAL,2005,CHI,2005-10-23 16:15:00,Sun,7,0.0,0,2-4,AWAY,6.0,10.0,12.0,199.0,133.0,66.0,0.0,17.0,276.0,133.0,143.0,0.0,-14.81,2.55,5.75
55,BAL,2005,PIT,2005-10-31 21:07:00,Mon,8,0.0,0,2-5,AWAY,19.0,20.0,20.0,318.0,246.0,72.0,3.0,19.0,261.0,160.0,101.0,2.0,-3.93,1.38,-0.29
56,BAL,2005,CIN,2005-11-06 13:02:00,Sun,9,0.0,0,2-6,HOME,9.0,21.0,17.0,240.0,122.0,118.0,1.0,25.0,329.0,234.0,95.0,1.0,-5.19,-13.46,7.62
57,BAL,2005,JAX,2005-11-13 13:01:00,Sun,10,0.0,0,2-7,AWAY,3.0,30.0,8.0,163.0,110.0,53.0,3.0,20.0,338.0,205.0,133.0,0.0,-27.25,-2.67,0.05
58,BAL,2005,PIT,2005-11-20 13:02:00,Sun,11,1.0,1,3-7,HOME,16.0,13.0,18.0,241.0,137.0,104.0,2.0,17.0,282.0,212.0,70.0,2.0,-20.87,16.86,7.02
59,BAL,2005,CIN,2005-11-27 13:03:00,Sun,12,0.0,0,3-8,AWAY,29.0,42.0,23.0,322.0,189.0,133.0,3.0,23.0,437.0,302.0,135.0,3.0,3.16,-11.63,-2.74
60,BAL,2005,HOU,2005-12-04 13:02:00,Sun,13,1.0,0,4-8,HOME,16.0,15.0,15.0,238.0,165.0,73.0,2.0,16.0,298.0,133.0,165.0,2.0,-10.04,15.49,-5.4
61,BAL,2005,DEN,2005-12-11 16:15:00,Sun,14,0.0,0,4-9,AWAY,10.0,12.0,20.0,323.0,251.0,72.0,4.0,17.0,318.0,222.0,96.0,1.0,-9.83,4.0,5.46
62,BAL,2005,GNB,2005-12-19 21:07:00,Mon,15,1.0,0,5-9,HOME,48.0,3.0,25.0,435.0,253.0,182.0,0.0,16.0,288.0,181.0,107.0,5.0,23.62,22.94,-5.61
63,BAL,2005,MIN,2005-12-25 20:36:00,Sun,16,1.0,0,6-9,HOME,30.0,23.0,23.0,367.0,279.0,88.0,2.0,18.0,262.0,220.0,42.0,1.0,16.69,-1.06,-6.33
64,BAL,2005,CLE,2006-01-01 13:02:00,Sun,17,0.0,0,6-10,AWAY,16.0,20.0,12.0,267.0,138.0,129.0,3.0,12.0,226.0,172.0,54.0,3.0,-22.56,23.31,-6.55
65,BAL,2006,TAM,2006-09-10 13:01:00,Sun,1,1.0,0.0,1-0,AWAY,27.0,0.0,16.0,271.0,168.0,103.0,0.0,8.0,142.0,116.0,26.0,3.0,-2.29,35.12,-5.07
66,BAL,2006,LVR,2006-09-17 13:02:00,Sun,2,1.0,0.0,2-0,HOME,28.0,6.0,14.0,264.0,126.0,138.0,1.0,14.0,162.0,123.0,39.0,6.0,-13.53,38.86,-1.08
67,BAL,2006,CLE,2006-09-24 16:06:00,Sun,3,1.0,0.0,3-0,AWAY,15.0,14.0,18.0,340.0,254.0,86.0,0.0,17.0,288.0,250.0,38.0,2.0,-4.89,6.86,0.34
68,BAL,2006,LAC,2006-10-01 13:02:00,Sun,4,1.0,0.0,4-0,HOME,16.0,13.0,14.0,206.0,150.0,56.0,3.0,13.0,284.0,134.0,150.0,1.0,-13.49,13.44,1.93
69,BAL,2006,DEN,2006-10-09 20:41:00,Mon,5,0.0,0.0,4-1,AWAY,3.0,13.0,16.0,257.0,154.0,103.0,3.0,13.0,222.0,106.0,116.0,2.0,-14.7,5.56,-3.84
70,BAL,2006,CAR,2006-10-15 13:02:00,Sun,6,0.0,0.0,4-2,HOME,21.0,23.0,16.0,292.0,212.0,80.0,3.0,20.0,414.0,356.0,58.0,3.0,-0.42,-3.74,3.29
71,BAL,2006,NOR,2006-10-29 13:04:00,Sun,8,1.0,0.0,5-2,AWAY,35.0,22.0,21.0,293.0,156.0,137.0,1.0,17.0,403.0,368.0,35.0,5.0,3.37,10.54,2.61
72,BAL,2006,CIN,2006-11-05 13:02:00,Sun,9,1.0,0.0,6-2,HOME,26.0,20.0,21.0,374.0,245.0,129.0,0.0,16.0,275.0,182.0,93.0,3.0,1.61,3.39,5.83
73,BAL,2006,TEN,2006-11-12 13:03:00,Sun,10,1.0,0.0,7-2,AWAY,27.0,26.0,19.0,421.0,371.0,50.0,2.0,19.0,367.0,205.0,162.0,1.0,3.46,0.65,-3.89
74,BAL,2006,ATL,2006-11-19 13:02:00,Sun,11,1.0,0.0,8-2,HOME,24.0,10.0,20.0,328.0,225.0,103.0,1.0,12.0,186.0,82.0,104.0,0.0,7.45,10.64,0.41
75,BAL,2006,PIT,2006-11-26 13:02:00,Sun,12,1.0,0.0,9-2,HOME,27.0,0.0,19.0,275.0,161.0,114.0,0.0,17.0,172.0,151.0,21.0,3.0,0.81,25.17,-0.91
76,BAL,2006,CIN,2006-11-30 20:04:00,Thu,13,0.0,0.0,9-3,AWAY,7.0,13.0,15.0,316.0,227.0,89.0,1.0,14.0,294.0,227.0,67.0,0.0,-2.64,3.19,-7.25
77,BAL,2006,KAN,2006-12-10 13:00:00,Sun,14,1.0,0.0,10-3,AWAY,20.0,10.0,18.0,376.0,283.0,93.0,1.0,17.0,276.0,141.0,135.0,3.0,6.14,6.46,-1.03
78,BAL,2006,CLE,2006-12-17 13:02:00,Sun,15,1.0,0.0,11-3,HOME,27.0,17.0,14.0,373.0,231.0,142.0,3.0,13.0,236.0,168.0,68.0,2.0,-2.99,17.08,-3.55
79,BAL,2006,PIT,2006-12-24 13:02:00,Sun,16,1.0,0.0,12-3,AWAY,31.0,7.0,23.0,359.0,256.0,103.0,3.0,16.0,251.0,188.0,63.0,3.0,4.38,20.87,-3.79
80,BAL,2006,BUF,2006-12-31 16:16:00,Sun,17,1.0,0.0,13-3,HOME,19.0,7.0,18.0,327.0,216.0,111.0,1.0,10.0,253.0,214.0,39.0,3.0,-3.45,18.13,-0.66
81,BAL,2006,IND,2007-01-13 16:35:00,Sat,19,0.0,0.0,13-4,HOME,6.0,15.0,13.0,244.0,161.0,83.0,4.0,15.0,261.0,161.0,100.0,2.0,-18.87,7.36,0.09
82,BAL,2007,CIN,2007-09-10 19:10:00,Mon,1,0.0,0,0-1,AWAY,20.0,27.0,20.0,314.0,207.0,107.0,6.0,13.0,236.0,181.0,55.0,2.0,-26.45,9.68,12.1
83,BAL,2007,NYJ,2007-09-16 16:15:00,Sun,2,1.0,0,1-1,HOME,20.0,13.0,17.0,303.0,185.0,118.0,0.0,18.0,304.0,235.0,69.0,2.0,1.88,2.44,2.74
84,BAL,2007,ARI,2007-09-23 13:00:00,Sun,3,1.0,0,2-1,HOME,26.0,23.0,23.0,381.0,252.0,129.0,1.0,17.0,364.0,303.0,61.0,1.0,8.47,-3.9,-0.85
85,BAL,2007,CLE,2007-09-30 13:02:00,Sun,4,0.0,0,2-2,AWAY,13.0,27.0,26.0,418.0,307.0,111.0,2.0,12.0,303.0,204.0,99.0,1.0,7.34,-3.2,-16.78
86,BAL,2007,SFO,2007-10-07 16:15:00,Sun,5,1.0,0,3-2,AWAY,9.0,7.0,19.0,315.0,214.0,101.0,0.0,6.0,163.0,114.0,49.0,1.0,-5.81,11.28,-1.11
87,BAL,2007,LAR,2007-10-14 13:02:00,Sun,6,1.0,0,4-2,HOME,22.0,3.0,14.0,248.0,171.0,77.0,2.0,14.0,264.0,197.0,67.0,6.0,-15.21,28.79,5.6
88,BAL,2007,BUF,2007-10-21 13:02:00,Sun,7,0.0,0,4-3,AWAY,14.0,19.0,15.0,308.0,181.0,127.0,1.0,14.0,242.0,139.0,103.0,1.0,-4.65,4.13,-8.14
89,BAL,2007,PIT,2007-11-05 20:38:00,Mon,9,0.0,0,4-4,AWAY,7.0,38.0,5.0,104.0,40.0,64.0,4.0,14.0,291.0,201.0,90.0,1.0,-32.85,-0.79,-1.32
90,BAL,2007,CIN,2007-11-11 16:05:00,Sun,10,0.0,0,4-5,HOME,7.0,21.0,16.0,272.0,206.0,66.0,6.0,17.0,326.0,256.0,70.0,0.0,-17.1,5.44,-3.12
91,BAL,2007,CLE,2007-11-18 13:02:00,Sun,11,0.0,1,4-6,HOME,30.0,33.0,23.0,368.0,240.0,128.0,4.0,22.0,380.0,269.0,111.0,2.0,-7.49,11.93,-7.96
92,BAL,2007,LAC,2007-11-25 16:15:00,Sun,12,0.0,0,4-7,AWAY,14.0,32.0,19.0,210.0,154.0,56.0,2.0,18.0,332.0,249.0,83.0,0.0,-2.62,-10.4,-3.7
93,BAL,2007,NWE,2007-12-03 20:41:00,Mon,13,0.0,0,4-8,HOME,24.0,27.0,20.0,376.0,210.0,166.0,2.0,21.0,326.0,236.0,90.0,1.0,10.6,-9.75,1.9
94,BAL,2007,IND,2007-12-09 20:23:00,Sun,14,0.0,0,4-9,HOME,20.0,44.0,19.0,243.0,145.0,98.0,5.0,16.0,334.0,275.0,59.0,0.0,-17.72,-17.05,6.62
95,BAL,2007,MIA,2007-12-16 13:03:00,Sun,15,0.0,1,4-10,AWAY,16.0,22.0,21.0,345.0,182.0,163.0,1.0,21.0,360.0,288.0,72.0,0.0,5.72,-6.74,-1.32
96,BAL,2007,SEA,2007-12-23 16:16:00,Sun,16,0.0,0,4-11,AWAY,6.0,27.0,13.0,293.0,187.0,106.0,3.0,21.0,336.0,192.0,144.0,2.0,-19.06,1.03,-2.7
97,BAL,2007,PIT,2007-12-30 16:17:00,Sun,17,1.0,0,5-11,HOME,27.0,21.0,21.0,334.0,154.0,180.0,1.0,14.0,264.0,218.0,46.0,3.0,8.19,-5.06,0.83
98,BAL,2008,CIN,2008-09-07 13:06:00,Sun,1,1.0,0,1-0,HOME,17.0,10.0,21.0,358.0,129.0,229.0,2.0,8.0,154.0,84.0,70.0,2.0,-10.3,24.83,-3.49
99,BAL,2008,CLE,2008-09-21 16:16:00,Sun,3,1.0,0,2-0,HOME,28.0,10.0,21.0,273.0,122.0,151.0,2.0,11.0,169.0,99.0,70.0,3.0,-1.49,24.59,-4.08
100,BAL,2008,PIT,2008-09-29 20:40:00,Mon,4,0.0,1,2-1,AWAY,20.0,23.0,16.0,243.0,140.0,103.0,1.0,11.0,237.0,168.0,69.0,1.0,-11.31,10.21,-1.44
101,BAL,2008,TEN,2008-10-05 13:02:00,Sun,5,0.0,0,2-2,HOME,10.0,13.0,22.0,285.0,153.0,132.0,2.0,14.0,210.0,163.0,47.0,2.0,1.55,4.56,-9.04
102,BAL,2008,IND,2008-10-12 13:02:00,Sun,6,0.0,0,2-3,AWAY,3.0,31.0,16.0,260.0,209.0,51.0,5.0,17.0,334.0,258.0,76.0,0.0,-17.61,-8.19,2.75
103,BAL,2008,MIA,2008-10-19 13:02:00,Sun,7,1.0,0,3-3,AWAY,27.0,13.0,22.0,357.0,218.0,139.0,1.0,21.0,359.0,288.0,71.0,1.0,10.67,3.39,0.19
104,BAL,2008,LVR,2008-10-26 13:02:00,Sun,8,1.0,0,4-3,HOME,29.0,10.0,18.0,375.0,183.0,192.0,1.0,10.0,234.0,187.0,47.0,1.0,1.96,14.61,-0.39
105,BAL,2008,CLE,2008-11-02 13:02:00,Sun,9,1.0,0,5-3,AWAY,37.0,27.0,21.0,429.0,236.0,193.0,0.0,14.0,274.0,210.0,64.0,2.0,9.36,15.27,-12.73
106,BAL,2008,HOU,2008-11-09 13:02:00,Sun,10,1.0,0,6-3,AWAY,41.0,13.0,27.0,328.0,171.0,157.0,0.0,19.0,355.0,280.0,75.0,4.0,16.43,10.1,0.79
107,BAL,2008,NYG,2008-11-16 13:02:00,Sun,11,0.0,0,6-4,AWAY,10.0,30.0,18.0,275.0,154.0,121.0,2.0,22.0,353.0,146.0,207.0,1.0,-8.56,-13.76,-1.38
108,BAL,2008,PHI,2008-11-23 13:02:00,Sun,12,1.0,0,7-4,HOME,36.0,7.0,14.0,248.0,138.0,110.0,0.0,13.0,206.0,120.0,86.0,5.0,-8.48,44.24,-8.25
109,BAL,2008,CIN,2008-11-30 13:02:00,Sun,13,1.0,0,8-4,AWAY,34.0,3.0,20.0,451.0,304.0,147.0,0.0,6.0,155.0,98.0,57.0,1.0,11.53,30.4,-8.32
110,BAL,2008,WAS,2008-12-07 20:23:00,Sun,14,1.0,0,9-4,HOME,24.0,10.0,12.0,281.0,134.0,147.0,2.0,14.0,254.0,192.0,62.0,3.0,-9.27,18.87,0.12
111,BAL,2008,PIT,2008-12-14 16:15:00,Sun,15,0.0,0,9-5,HOME,9.0,13.0,12.0,202.0,90.0,112.0,2.0,18.0,311.0,220.0,91.0,2.0,-16.41,9.12,2.9
112,BAL,2008,DAL,2008-12-20 20:15:00,Sat,16,1.0,0,10-5,AWAY,33.0,24.0,20.0,388.0,123.0,265.0,1.0,16.0,327.0,235.0,92.0,2.0,7.56,1.71,-1.77
113,BAL,2008,JAX,2008-12-28 16:16:00,Sun,17,1.0,0,11-5,HOME,27.0,7.0,20.0,431.0,304.0,127.0,0.0,14.0,245.0,127.0,118.0,4.0,12.3,14.99,-3.53
114,BAL,2008,MIA,2009-01-04 13:03:00,Sun,18,1.0,0,12-5,AWAY,27.0,9.0,16.0,286.0,135.0,151.0,1.0,18.0,276.0,224.0,52.0,5.0,-1.26,20.43,2.38
115,BAL,2008,TEN,2009-01-10 16:33:00,Sat,19,1.0,0,13-5,AWAY,13.0,10.0,9.0,211.0,161.0,50.0,0.0,21.0,391.0,275.0,116.0,3.0,-7.25,9.98,1.73
116,BAL,2008,PIT,2009-01-18 18:43:00,Sun,20,0.0,0,13-6,AWAY,14.0,23.0,13.0,198.0,125.0,73.0,4.0,11.0,275.0,223.0,52.0,1.0,-23.82,12.37,-3.13
117,BAL,2009,KAN,2009-09-13 13:02:00,Sun,1,1.0,0,1-0,HOME,38.0,24.0,32.0,501.0,303.0,198.0,1.0,11.0,188.0,159.0,29.0,0.0,17.91,6.39,-12.82
118,BAL,2009,LAC,2009-09-20 16:15:00,Sun,2,1.0,0,2-0,AWAY,31.0,26.0,22.0,311.0,181.0,130.0,1.0,20.0,474.0,421.0,53.0,2.0,7.7,-5.29,6.04
119,BAL,2009,CLE,2009-09-27 13:02:00,Sun,3,1.0,0,3-0,HOME,34.0,3.0,28.0,479.0,337.0,142.0,1.0,11.0,186.0,115.0,71.0,4.0,18.95,19.1,-5.81
120,BAL,2009,NWE,2009-10-04 13:02:00,Sun,4,0.0,0,3-1,AWAY,21.0,27.0,24.0,363.0,247.0,116.0,2.0,25.0,319.0,234.0,85.0,1.0,6.44,-8.81,-1.43
121,BAL,2009,CIN,2009-10-11 13:02:00,Sun,5,0.0,0,3-2,HOME,14.0,17.0,12.0,257.0,175.0,82.0,2.0,22.0,403.0,261.0,142.0,2.0,-2.31,-2.77,5.0
122,BAL,2009,MIN,2009-10-18 13:05:00,Sun,6,0.0,0,3-3,AWAY,31.0,33.0,20.0,448.0,367.0,81.0,0.0,19.0,426.0,259.0,167.0,0.0,15.7,-14.79,-2.71
123,BAL,2009,DEN,2009-11-01 13:02:00,Sun,8,1.0,0,4-3,HOME,30.0,7.0,16.0,292.0,167.0,125.0,0.0,17.0,200.0,134.0,66.0,1.0,4.44,7.18,7.48
124,BAL,2009,CIN,2009-11-08 13:02:00,Sun,9,0.0,0,4-4,AWAY,7.0,17.0,16.0,215.0,160.0,55.0,2.0,20.0,369.0,223.0,146.0,1.0,-8.35,-0.16,-1.06
125,BAL,2009,CLE,2009-11-16 20:40:00,Mon,10,1.0,0,5-4,AWAY,16.0,0.0,14.0,274.0,146.0,128.0,0.0,11.0,160.0,74.0,86.0,2.0,-6.09,25.86,-4.63
126,BAL,2009,IND,2009-11-22 13:02:00,Sun,11,0.0,0,5-5,HOME,15.0,17.0,20.0,354.0,256.0,98.0,2.0,20.0,375.0,299.0,76.0,3.0,1.56,-3.99,-2.75
127,BAL,2009,PIT,2009-11-29 20:30:00,Sun,12,1.0,1,6-5,HOME,20.0,17.0,21.0,393.0,261.0,132.0,2.0,16.0,298.0,145.0,153.0,1.0,1.42,6.03,-5.64
128,BAL,2009,GNB,2009-12-07 20:40:00,Mon,13,0.0,0,6-6,AWAY,14.0,27.0,17.0,185.0,119.0,66.0,4.0,25.0,350.0,256.0,94.0,3.0,-14.51,-9.04,9.04
129,BAL,2009,DET,2009-12-13 13:02:00,Sun,14,1.0,0,7-6,HOME,48.0,3.0,24.0,548.0,240.0,308.0,1.0,13.0,229.0,126.0,103.0,2.0,30.22,16.93,1.62
130,BAL,2009,CHI,2009-12-20 16:15:00,Sun,15,1.0,0,8-6,HOME,31.0,7.0,18.0,346.0,222.0,124.0,1.0,13.0,220.0,98.0,122.0,6.0,3.4,26.37,-3.14
131,BAL,2009,PIT,2009-12-27 13:02:00,Sun,16,0.0,0,8-7,AWAY,20.0,23.0,20.0,323.0,148.0,175.0,3.0,17.0,286.0,238.0,48.0,2.0,-6.53,4.23,0.19
132,BAL,2009,LVR,2010-01-03 16:15:00,Sun,17,1.0,0,9-7,AWAY,21.0,13.0,16.0,330.0,90.0,240.0,0.0,20.0,325.0,274.0,51.0,2.0,7.06,2.55,-1.13
133,BAL,2009,NWE,2010-01-10 13:03:00,Sun,18,1.0,0,10-7,AWAY,33.0,14.0,16.0,268.0,34.0,234.0,2.0,15.0,196.0,132.0,64.0,4.0,2.55,24.38,-6.06
134,BAL,2009,IND,2010-01-16 20:15:00,Sat,19,0.0,0,10-8,AWAY,3.0,20.0,12.0,270.0,183.0,87.0,4.0,22.0,275.0,233.0,42.0,1.0,-12.05,-2.95,0.59
135,BAL,2010,NYJ,2010-09-13 19:26:00,Mon,1,1.0,0,1-0,AWAY,10.0,9.0,20.0,282.0,233.0,49.0,3.0,6.0,176.0,60.0,116.0,1.0,-12.33,19.74,-2.99
136,BAL,2010,CIN,2010-09-19 13:02:00,Sun,2,0.0,0,1-1,AWAY,10.0,15.0,14.0,259.0,150.0,109.0,4.0,14.0,253.0,159.0,94.0,0.0,-17.84,15.11,-3.49
137,BAL,2010,CLE,2010-09-26 13:02:00,Sun,3,1.0,0,2-1,HOME,24.0,17.0,19.0,365.0,256.0,109.0,0.0,18.0,304.0,131.0,173.0,0.0,12.6,-5.88,-0.84
138,BAL,2010,PIT,2010-10-03 13:02:00,Sun,4,1.0,0,3-1,AWAY,17.0,14.0,22.0,320.0,250.0,70.0,2.0,14.0,210.0,126.0,84.0,1.0,1.27,1.83,2.4
139,BAL,2010,DEN,2010-10-10 13:02:00,Sun,5,1.0,0,4-1,HOME,31.0,17.0,28.0,415.0,182.0,233.0,0.0,16.0,346.0,307.0,39.0,1.0,17.15,-5.73,3.93
140,BAL,2010,NWE,2010-10-17 13:02:00,Sun,6,0.0,1,4-2,AWAY,20.0,23.0,21.0,377.0,278.0,99.0,0.0,23.0,394.0,267.0,127.0,2.0,3.74,-1.3,-4.59
141,BAL,2010,BUF,2010-10-24 13:02:00,Sun,7,1.0,1,5-2,HOME,37.0,34.0,21.0,364.0,229.0,135.0,2.0,27.0,514.0,382.0,132.0,4.0,8.8,-11.09,5.75
142,BAL,2010,MIA,2010-11-07 13:02:00,Sun,9,1.0,0,6-2,HOME,26.0,10.0,23.0,402.0,256.0,146.0,0.0,17.0,289.0,216.0,73.0,3.0,9.85,6.15,-0.41
143,BAL,2010,ATL,2010-11-11 20:31:00,Thu,10,0.0,0,6-3,AWAY,21.0,26.0,20.0,320.0,204.0,116.0,2.0,23.0,362.0,302.0,60.0,0.0,10.61,-11.77,-4.06
144,BAL,2010,CAR,2010-11-21 13:04:00,Sun,11,1.0,0,7-3,AWAY,37.0,13.0,22.0,378.0,278.0,100.0,2.0,9.0,270.0,150.0,120.0,2.0,0.68,21.22,-2.82
145,BAL,2010,TAM,2010-11-28 16:15:00,Sun,12,1.0,0,8-3,HOME,17.0,10.0,18.0,349.0,257.0,92.0,1.0,14.0,263.0,162.0,101.0,0.0,0.62,5.66,2.53
146,BAL,2010,PIT,2010-12-05 20:30:00,Sun,13,0.0,0,8-4,HOME,10.0,13.0,14.0,269.0,226.0,43.0,1.0,17.0,288.0,234.0,54.0,1.0,-9.06,0.03,4.34
147,BAL,2010,HOU,2010-12-13 20:40:00,Mon,14,1.0,1,9-4,AWAY,34.0,28.0,19.0,253.0,190.0,63.0,0.0,28.0,489.0,378.0,111.0,2.0,5.21,-10.05,13.44
148,BAL,2010,NOR,2010-12-19 13:03:00,Sun,15,1.0,0,10-4,HOME,30.0,24.0,17.0,356.0,148.0,208.0,0.0,21.0,269.0,242.0,27.0,1.0,9.82,-2.1,-1.77
149,BAL,2010,CLE,2010-12-26 13:02:00,Sun,16,1.0,0,11-4,AWAY,20.0,10.0,15.0,258.0,97.0,161.0,1.0,17.0,280.0,178.0,102.0,4.0,1.35,7.41,-1.87
150,BAL,2010,CIN,2011-01-02 13:02:00,Sun,17,1.0,0,12-4,HOME,13.0,7.0,10.0,199.0,101.0,98.0,2.0,20.0,395.0,305.0,90.0,5.0,-17.1,14.51,8.53
151,BAL,2010,KAN,2011-01-09 13:06:00,Sun,18,1.0,0,13-4,AWAY,30.0,7.0,26.0,390.0,248.0,142.0,2.0,8.0,161.0,53.0,108.0,5.0,10.99,14.72,-2.32
152,BAL,2010,PIT,2011-01-15 16:35:00,Sat,19,0.0,0,13-5,AWAY,24.0,31.0,12.0,126.0,91.0,35.0,3.0,21.0,263.0,192.0,71.0,2.0,-15.91,1.77,6.44
153,BAL,2011,PIT,2011-09-11 13:05:00,Sun,1,1.0,0.0,1-0,HOME,35.0,7.0,17.0,385.0,215.0,170.0,0.0,20.0,312.0,246.0,66.0,7.0,9.72,21.78,-3.57
154,BAL,2011,TEN,2011-09-18 13:02:00,Sun,2,0.0,0.0,1-1,AWAY,13.0,26.0,15.0,229.0,184.0,45.0,3.0,21.0,432.0,358.0,74.0,1.0,-12.54,-8.56,7.88
155,BAL,2011,LAR,2011-09-25 16:05:00,Sun,3,1.0,0.0,2-1,AWAY,37.0,7.0,25.0,553.0,385.0,168.0,1.0,17.0,244.0,132.0,112.0,2.0,19.43,19.21,-8.05
156,BAL,2011,NYJ,2011-10-02 20:30:00,Sun,4,1.0,0.0,3-1,HOME,34.0,17.0,16.0,267.0,155.0,112.0,3.0,7.0,150.0,112.0,38.0,4.0,-21.47,48.17,-7.4
157,BAL,2011,HOU,2011-10-16 16:06:00,Sun,6,1.0,0.0,4-1,HOME,29.0,14.0,24.0,402.0,289.0,113.0,2.0,18.0,293.0,200.0,93.0,0.0,5.36,7.48,3.85
158,BAL,2011,JAX,2011-10-24 20:40:00,Mon,7,0.0,0.0,4-2,AWAY,7.0,12.0,11.0,146.0,112.0,34.0,2.0,13.0,205.0,73.0,132.0,1.0,-20.39,19.02,-5.46
159,BAL,2011,ARI,2011-10-30 13:02:00,Sun,8,1.0,0.0,5-2,HOME,30.0,27.0,30.0,405.0,298.0,107.0,2.0,17.0,207.0,98.0,109.0,1.0,5.91,5.55,-9.73
160,BAL,2011,PIT,2011-11-06 20:30:00,Sun,9,1.0,0.0,6-2,AWAY,23.0,20.0,23.0,356.0,289.0,67.0,1.0,20.0,392.0,322.0,70.0,2.0,12.6,-9.52,-0.08
161,BAL,2011,SEA,2011-11-13 16:06:00,Sun,10,0.0,0.0,6-3,AWAY,17.0,22.0,25.0,323.0,248.0,75.0,3.0,16.0,327.0,208.0,119.0,0.0,4.12,5.59,-18.7
162,BAL,2011,CIN,2011-11-20 13:02:00,Sun,11,1.0,0.0,7-3,HOME,31.0,24.0,13.0,373.0,268.0,105.0,1.0,23.0,483.0,364.0,119.0,3.0,0.72,1.26,4.29
163,BAL,2011,SFO,2011-11-24 20:29:00,Thu,12,1.0,0.0,8-3,HOME,16.0,6.0,16.0,253.0,161.0,92.0,0.0,12.0,170.0,96.0,74.0,1.0,2.65,13.85,-6.56
164,BAL,2011,CLE,2011-12-04 16:05:00,Sun,13,1.0,0.0,9-3,AWAY,24.0,10.0,24.0,448.0,158.0,290.0,1.0,13.0,233.0,174.0,59.0,1.0,7.94,11.66,-3.55
165,BAL,2011,IND,2011-12-11 13:02:00,Sun,14,1.0,0.0,10-3,HOME,24.0,10.0,24.0,358.0,212.0,146.0,2.0,12.0,167.0,117.0,50.0,1.0,5.24,11.34,-1.36
166,BAL,2011,LAC,2011-12-18 20:30:00,Sun,15,0.0,0.0,10-4,AWAY,14.0,34.0,19.0,290.0,201.0,89.0,2.0,23.0,415.0,270.0,145.0,0.0,4.87,-23.17,0.86
167,BAL,2011,CLE,2011-12-24 13:03:00,Sat,16,1.0,0.0,11-4,HOME,20.0,14.0,15.0,284.0,122.0,162.0,1.0,18.0,256.0,139.0,117.0,1.0,2.98,4.49,-5.22
168,BAL,2011,CIN,2012-01-01 16:16:00,Sun,17,1.0,0.0,12-4,AWAY,24.0,16.0,15.0,347.0,126.0,221.0,0.0,19.0,336.0,231.0,105.0,1.0,9.3,-0.34,-1.65
169,BAL,2011,HOU,2012-01-15 13:05:00,Sun,19,1.0,0.0,13-4,HOME,20.0,13.0,11.0,227.0,140.0,87.0,0.0,16.0,315.0,184.0,131.0,4.0,-14.6,10.62,12.62
170,BAL,2011,NWE,2012-01-22 15:05:00,Sun,20,0.0,0.0,13-5,AWAY,20.0,23.0,19.0,398.0,282.0,116.0,1.0,25.0,330.0,234.0,96.0,3.0,3.41,-5.91,1.42
171,BAL,2012,CIN,2012-09-10 19:10:00,Mon,1,1.0,0,1-0,HOME,44.0,13.0,26.0,430.0,308.0,122.0,0.0,20.0,322.0,193.0,129.0,2.0,24.39,6.49,-1.49
172,BAL,2012,PHI,2012-09-16 13:03:00,Sun,2,0.0,0,1-1,AWAY,23.0,24.0,17.0,325.0,214.0,111.0,2.0,26.0,486.0,357.0,129.0,4.0,-10.79,-0.64,7.08
173,BAL,2012,NWE,2012-09-23 20:31:00,Sun,3,1.0,0,2-1,HOME,31.0,30.0,28.0,503.0,382.0,121.0,1.0,33.0,396.0,319.0,77.0,0.0,21.23,-17.99,0.02
174,BAL,2012,CLE,2012-09-27 20:30:00,Thu,4,1.0,0,3-1,HOME,23.0,16.0,23.0,438.0,337.0,101.0,1.0,20.0,357.0,314.0,43.0,2.0,1.96,8.56,-8.65
175,BAL,2012,KAN,2012-10-07 13:02:00,Sun,5,1.0,0,4-1,AWAY,9.0,6.0,15.0,298.0,165.0,133.0,2.0,19.0,338.0,124.0,214.0,4.0,-5.96,13.54,-2.61
176,BAL,2012,DAL,2012-10-14 13:02:00,Sun,6,1.0,0,5-1,HOME,31.0,29.0,19.0,316.0,230.0,86.0,0.0,30.0,481.0,254.0,227.0,1.0,15.0,-20.22,7.68
177,BAL,2012,HOU,2012-10-21 13:02:00,Sun,7,0.0,0,5-2,AWAY,13.0,43.0,12.0,176.0,121.0,55.0,2.0,27.0,420.0,239.0,181.0,0.0,-19.8,-17.98,6.88
178,BAL,2012,CLE,2012-11-04 13:03:00,Sun,9,1.0,0,6-2,AWAY,25.0,15.0,18.0,282.0,145.0,137.0,0.0,17.0,290.0,174.0,116.0,2.0,3.72,9.08,-0.87
179,BAL,2012,LVR,2012-11-11 13:02:00,Sun,10,1.0,0,7-2,HOME,55.0,20.0,22.0,419.0,341.0,78.0,1.0,19.0,422.0,350.0,72.0,3.0,21.09,4.23,11.78
180,BAL,2012,PIT,2012-11-18 20:30:00,Sun,11,1.0,0,8-2,AWAY,13.0,10.0,12.0,200.0,153.0,47.0,0.0,17.0,309.0,175.0,134.0,3.0,-11.41,7.48,6.92
181,BAL,2012,LAC,2012-11-25 16:05:00,Sun,12,1.0,1,9-2,AWAY,16.0,13.0,25.0,443.0,316.0,127.0,0.0,16.0,280.0,189.0,91.0,0.0,2.26,4.12,-4.78
182,BAL,2012,PIT,2012-12-02 16:25:00,Sun,13,0.0,0,9-3,HOME,20.0,23.0,19.0,288.0,177.0,111.0,2.0,19.0,366.0,270.0,96.0,3.0,-2.31,-1.28,0.45
183,BAL,2012,WAS,2012-12-09 13:03:00,Sun,14,0.0,1,9-4,AWAY,28.0,31.0,18.0,359.0,173.0,186.0,2.0,22.0,423.0,244.0,179.0,1.0,8.93,-10.08,-1.57
184,BAL,2012,DEN,2012-12-16 13:02:00,Sun,15,0.0,0,9-5,HOME,17.0,34.0,12.0,278.0,222.0,56.0,2.0,21.0,350.0,187.0,163.0,0.0,-27.94,-1.94,9.09
185,BAL,2012,NYG,2012-12-23 16:25:00,Sun,16,1.0,0,10-5,HOME,33.0,14.0,25.0,533.0,309.0,224.0,0.0,11.0,186.0,119.0,67.0,0.0,22.03,3.4,-3.68
186,BAL,2012,CIN,2012-12-30 13:03:00,Sun,17,0.0,0,10-6,AWAY,17.0,23.0,23.0,352.0,146.0,206.0,1.0,9.0,189.0,142.0,47.0,0.0,-4.11,8.3,-10.06
187,BAL,2012,IND,2013-01-06 13:07:00,Sun,18,1.0,0,11-6,HOME,24.0,9.0,18.0,439.0,269.0,170.0,2.0,25.0,419.0,267.0,152.0,2.0,10.86,4.62,-0.48
188,BAL,2012,DEN,2013-01-12 16:36:00,Sat,19,1.0,1,12-6,AWAY,38.0,35.0,21.0,479.0,324.0,155.0,1.0,30.0,398.0,273.0,125.0,3.0,9.89,-0.17,-6.13
189,BAL,2012,NWE,2013-01-20 18:40:00,Sun,20,1.0,0,13-6,AWAY,28.0,13.0,25.0,356.0,235.0,121.0,0.0,28.0,428.0,320.0,108.0,3.0,12.89,-0.89,1.67
190,BAL,2012,SFO,2013-02-03 18:31:00,Sun,21,1.0,0,14-6,NEUTRAL,34.0,31.0,21.0,367.0,274.0,93.0,1.0,23.0,468.0,286.0,182.0,2.0,9.33,-8.82,1.8
191,BAL,2013,DEN,2013-09-05 21:13:00,Thu,1,0.0,0,0-1,AWAY,27.0,49.0,24.0,393.0,335.0,58.0,2.0,24.0,510.0,445.0,65.0,2.0,-2.35,-25.06,5.68
192,BAL,2013,CLE,2013-09-15 13:02:00,Sun,2,1.0,0,1-1,HOME,14.0,6.0,19.0,296.0,197.0,99.0,1.0,13.0,259.0,194.0,65.0,0.0,-1.7,14.51,-2.4
193,BAL,2013,HOU,2013-09-22 13:03:00,Sun,3,1.0,0,2-1,HOME,30.0,9.0,16.0,236.0,161.0,75.0,0.0,18.0,264.0,170.0,94.0,1.0,3.46,12.71,5.26
194,BAL,2013,BUF,2013-09-29 13:02:00,Sun,4,0.0,0,2-2,AWAY,20.0,23.0,15.0,345.0,321.0,24.0,5.0,19.0,350.0,147.0,203.0,3.0,-14.76,13.13,2.44
195,BAL,2013,MIA,2013-10-06 13:02:00,Sun,5,1.0,0,3-2,AWAY,26.0,23.0,20.0,384.0,251.0,133.0,2.0,10.0,294.0,272.0,22.0,0.0,-2.04,7.27,-2.27
196,BAL,2013,GNB,2013-10-13 13:02:00,Sun,6,0.0,0,3-3,HOME,17.0,19.0,15.0,360.0,313.0,47.0,1.0,15.0,438.0,298.0,140.0,2.0,-8.65,0.12,3.41
197,BAL,2013,PIT,2013-10-20 16:25:00,Sun,7,0.0,0,3-4,AWAY,16.0,19.0,19.0,287.0,205.0,82.0,0.0,17.0,286.0,145.0,141.0,1.0,1.3,-5.59,-4.47
198,BAL,2013,CLE,2013-11-03 16:25:00,Sun,9,0.0,0,3-5,AWAY,18.0,24.0,18.0,278.0,223.0,55.0,2.0,19.0,315.0,242.0,73.0,1.0,1.29,-0.76,-5.36
199,BAL,2013,CIN,2013-11-10 13:02:00,Sun,10,1.0,1,4-5,HOME,20.0,17.0,18.0,189.0,104.0,85.0,3.0,21.0,364.0,244.0,120.0,3.0,-14.53,12.76,5.62
200,BAL,2013,CHI,2013-11-17 13:02:00,Sun,11,0.0,1,4-6,AWAY,20.0,23.0,23.0,317.0,143.0,174.0,2.0,18.0,319.0,215.0,104.0,0.0,-2.08,-3.66,3.3
201,BAL,2013,NYJ,2013-11-24 13:02:00,Sun,12,1.0,0,5-6,HOME,19.0,3.0,15.0,312.0,245.0,67.0,1.0,12.0,220.0,118.0,102.0,3.0,-6.17,19.91,0.06
202,BAL,2013,PIT,2013-11-28 20:31:00,Thu,13,1.0,0,6-6,HOME,22.0,20.0,16.0,311.0,237.0,74.0,0.0,22.0,329.0,257.0,72.0,0.0,5.27,-11.12,8.8
203,BAL,2013,MIN,2013-12-08 13:03:00,Sun,14,1.0,0,7-6,HOME,29.0,26.0,23.0,325.0,228.0,97.0,3.0,15.0,379.0,265.0,114.0,1.0,-9.53,1.21,9.74
204,BAL,2013,DET,2013-12-16 20:40:00,Mon,15,1.0,0,8-6,AWAY,18.0,16.0,18.0,305.0,215.0,90.0,0.0,19.0,349.0,230.0,119.0,3.0,-1.78,-0.47,5.72
205,BAL,2013,NWE,2013-12-22 16:25:00,Sun,16,0.0,0,8-7,HOME,7.0,41.0,19.0,358.0,237.0,121.0,4.0,21.0,300.0,158.0,142.0,0.0,-24.64,-5.89,-2.98
206,BAL,2013,CIN,2013-12-29 13:02:00,Sun,17,0.0,0,8-8,AWAY,17.0,34.0,17.0,222.0,175.0,47.0,3.0,21.0,392.0,281.0,111.0,4.0,-19.68,-0.84,3.95
207,BAL,2014,CIN,2014-09-07 13:02:00,Sun,1,0.0,0.0,0-1,HOME,16.0,23.0,26.0,423.0,329.0,94.0,2.0,16.0,380.0,301.0,79.0,0.0,1.73,-4.03,-1.83
208,BAL,2014,PIT,2014-09-11 20:28:00,Thu,2,1.0,0.0,1-1,HOME,26.0,6.0,25.0,323.0,166.0,157.0,0.0,17.0,301.0,202.0,99.0,3.0,12.28,8.62,-0.04
209,BAL,2014,CLE,2014-09-21 13:02:00,Sun,3,1.0,0.0,2-1,AWAY,23.0,21.0,23.0,377.0,217.0,160.0,1.0,19.0,375.0,290.0,85.0,0.0,7.99,-13.52,6.99
210,BAL,2014,CAR,2014-09-28 13:02:00,Sun,4,1.0,0.0,3-1,HOME,38.0,10.0,25.0,454.0,327.0,127.0,0.0,20.0,315.0,248.0,67.0,1.0,34.18,-6.08,-7.43
211,BAL,2014,IND,2014-10-05 13:03:00,Sun,5,0.0,0.0,3-2,AWAY,13.0,20.0,15.0,287.0,197.0,90.0,3.0,26.0,432.0,305.0,127.0,4.0,-10.47,2.96,-1.53
212,BAL,2014,TAM,2014-10-12 13:02:00,Sun,6,1.0,0.0,4-2,AWAY,48.0,17.0,23.0,475.0,306.0,169.0,1.0,22.0,364.0,277.0,87.0,1.0,20.77,2.73,4.73
213,BAL,2014,ATL,2014-10-19 13:02:00,Sun,7,1.0,0.0,5-2,HOME,29.0,7.0,23.0,371.0,248.0,123.0,3.0,16.0,254.0,186.0,68.0,1.0,8.68,12.84,-0.92
214,BAL,2014,CIN,2014-10-26 13:02:00,Sun,8,0.0,0.0,5-3,AWAY,24.0,27.0,18.0,294.0,187.0,107.0,2.0,19.0,350.0,239.0,111.0,2.0,-5.21,-2.35,0.35
215,BAL,2014,PIT,2014-11-02 20:30:00,Sun,9,0.0,0.0,5-4,AWAY,23.0,43.0,22.0,332.0,269.0,63.0,2.0,22.0,376.0,321.0,55.0,1.0,-8.67,-19.03,8.92
216,BAL,2014,TEN,2014-11-09 13:03:00,Sun,10,1.0,0.0,6-4,HOME,21.0,7.0,18.0,312.0,161.0,151.0,0.0,14.0,210.0,143.0,67.0,2.0,4.96,15.27,-3.88
217,BAL,2014,NOR,2014-11-24 20:30:00,Mon,12,1.0,0.0,7-4,AWAY,34.0,27.0,23.0,449.0,234.0,215.0,1.0,26.0,525.0,399.0,126.0,1.0,20.67,-13.92,3.3
218,BAL,2014,LAC,2014-11-30 13:02:00,Sun,13,0.0,0.0,7-5,HOME,33.0,34.0,24.0,350.0,225.0,125.0,0.0,31.0,440.0,376.0,64.0,2.0,20.43,-23.96,2.99
219,BAL,2014,MIA,2014-12-07 13:02:00,Sun,14,1.0,0.0,8-5,AWAY,28.0,13.0,26.0,447.0,264.0,183.0,1.0,16.0,249.0,186.0,63.0,0.0,18.79,2.97,-4.56
220,BAL,2014,JAX,2014-12-14 13:02:00,Sun,15,1.0,0.0,9-5,HOME,20.0,12.0,17.0,314.0,221.0,93.0,1.0,13.0,248.0,166.0,82.0,1.0,-1.4,13.88,-4.09
221,BAL,2014,HOU,2014-12-21 13:02:00,Sun,16,0.0,0.0,9-6,AWAY,13.0,25.0,15.0,211.0,178.0,33.0,3.0,18.0,313.0,190.0,123.0,1.0,-28.58,11.11,4.64
222,BAL,2014,CLE,2014-12-28 13:02:00,Sun,17,1.0,0.0,10-6,HOME,20.0,10.0,22.0,419.0,290.0,129.0,0.0,16.0,259.0,150.0,109.0,2.0,7.14,8.47,-1.37
223,BAL,2014,PIT,2015-01-03 20:15:00,Sat,18,1.0,0.0,11-6,AWAY,30.0,17.0,19.0,299.0,246.0,53.0,1.0,22.0,387.0,319.0,68.0,3.0,9.65,2.72,-0.02
224,BAL,2014,NWE,2015-01-10 16:35:00,Sat,19,0.0,0.0,11-7,AWAY,31.0,35.0,28.0,428.0,292.0,136.0,2.0,29.0,422.0,408.0,14.0,1.0,15.9,-20.04,1.99
225,BAL,2015,DEN,2015-09-13 16:25:00,Sun,1,0.0,0,0-1,AWAY,13.0,19.0,11.0,173.0,100.0,73.0,2.0,16.0,219.0,150.0,69.0,1.0,-20.78,14.53,1.43
226,BAL,2015,LVR,2015-09-20 16:05:00,Sun,2,0.0,0,0-2,AWAY,33.0,37.0,29.0,493.0,384.0,109.0,2.0,27.0,448.0,351.0,97.0,1.0,22.74,-22.99,-4.54
227,BAL,2015,CIN,2015-09-27 13:02:00,Sun,3,0.0,0,0-3,HOME,24.0,28.0,19.0,398.0,362.0,36.0,1.0,23.0,458.0,372.0,86.0,2.0,2.66,-8.92,-5.04
228,BAL,2015,PIT,2015-10-01 20:26:00,Thu,4,1.0,1,1-3,AWAY,23.0,20.0,21.0,356.0,165.0,191.0,2.0,17.0,263.0,96.0,167.0,0.0,-12.68,10.13,6.01
229,BAL,2015,CLE,2015-10-11 13:02:00,Sun,5,0.0,1,1-4,HOME,30.0,33.0,22.0,377.0,196.0,181.0,0.0,25.0,505.0,422.0,83.0,0.0,11.73,-22.87,4.83
230,BAL,2015,SFO,2015-10-18 16:25:00,Sun,6,0.0,0,1-5,AWAY,20.0,25.0,25.0,420.0,343.0,77.0,2.0,15.0,391.0,326.0,65.0,0.0,4.93,-9.65,0.22
231,BAL,2015,ARI,2015-10-26 20:30:00,Mon,7,0.0,0,1-6,AWAY,18.0,26.0,18.0,276.0,221.0,55.0,2.0,21.0,414.0,264.0,150.0,0.0,-1.0,-13.41,5.34
232,BAL,2015,LAC,2015-11-01 13:02:00,Sun,8,1.0,0,2-6,HOME,29.0,26.0,23.0,365.0,293.0,72.0,0.0,22.0,371.0,290.0,81.0,0.0,13.68,-16.54,5.4
233,BAL,2015,JAX,2015-11-15 13:05:00,Sun,10,0.0,0,2-7,HOME,20.0,22.0,22.0,397.0,308.0,89.0,4.0,22.0,258.0,168.0,90.0,1.0,1.13,3.24,-8.43
234,BAL,2015,LAR,2015-11-22 13:02:00,Sun,11,1.0,0,3-7,HOME,16.0,13.0,16.0,388.0,292.0,96.0,2.0,13.0,213.0,131.0,82.0,4.0,-14.82,14.31,3.51
235,BAL,2015,CLE,2015-11-30 20:30:00,Mon,12,1.0,0,4-7,AWAY,33.0,27.0,16.0,336.0,232.0,104.0,2.0,21.0,338.0,275.0,63.0,0.0,-3.79,-6.16,13.69
236,BAL,2015,MIA,2015-12-06 13:03:00,Sun,13,0.0,0,4-8,AWAY,13.0,15.0,22.0,375.0,281.0,94.0,2.0,8.0,219.0,82.0,137.0,1.0,-10.66,9.43,-2.84
237,BAL,2015,SEA,2015-12-13 13:02:00,Sun,14,0.0,0,4-9,HOME,6.0,35.0,16.0,302.0,274.0,28.0,2.0,28.0,424.0,301.0,123.0,1.0,-10.51,-23.57,4.75
238,BAL,2015,KAN,2015-12-20 13:02:00,Sun,15,0.0,0,4-10,HOME,14.0,34.0,19.0,366.0,273.0,93.0,3.0,15.0,277.0,164.0,113.0,0.0,-21.83,-3.79,4.27
239,BAL,2015,PIT,2015-12-27 13:02:00,Sun,16,1.0,0,5-10,HOME,20.0,17.0,22.0,386.0,265.0,121.0,0.0,21.0,308.0,198.0,110.0,3.0,4.62,-2.69,0.8
240,BAL,2015,CIN,2016-01-03 13:02:00,Sun,17,0.0,0,5-11,AWAY,16.0,24.0,22.0,341.0,282.0,59.0,2.0,17.0,292.0,147.0,145.0,0.0,-7.44,-2.5,-1.74
241,BAL,2016,BUF,2016-09-11 13:04:00,Sun,1,1.0,0.0,1-0,HOME,13.0,7.0,18.0,308.0,225.0,83.0,1.0,11.0,160.0,95.0,65.0,0.0,-5.23,7.45,3.59
242,BAL,2016,CLE,2016-09-18 13:02:00,Sun,2,1.0,0.0,2-0,AWAY,25.0,20.0,22.0,382.0,302.0,80.0,2.0,17.0,387.0,242.0,145.0,2.0,1.83,-8.28,7.74
243,BAL,2016,JAX,2016-09-25 13:02:00,Sun,3,1.0,0.0,3-0,AWAY,19.0,17.0,18.0,283.0,199.0,84.0,3.0,14.0,216.0,168.0,48.0,3.0,-10.63,11.68,3.25
244,BAL,2016,LVR,2016-10-02 13:02:00,Sun,4,0.0,0.0,3-1,HOME,27.0,28.0,25.0,412.0,282.0,130.0,1.0,13.0,261.0,199.0,62.0,1.0,-0.15,6.63,-8.3
245,BAL,2016,WAS,2016-10-09 13:03:00,Sun,5,0.0,0.0,3-2,HOME,10.0,16.0,18.0,306.0,188.0,118.0,1.0,18.0,310.0,250.0,60.0,2.0,-8.56,2.61,0.93
246,BAL,2016,NYG,2016-10-16 13:02:00,Sun,6,0.0,0.0,3-3,AWAY,23.0,27.0,22.0,391.0,293.0,98.0,0.0,19.0,435.0,397.0,38.0,3.0,3.23,-7.59,2.8
247,BAL,2016,NYJ,2016-10-23 13:04:00,Sun,7,0.0,0.0,3-4,AWAY,16.0,24.0,11.0,245.0,234.0,11.0,3.0,16.0,344.0,189.0,155.0,2.0,-22.09,3.23,11.51
248,BAL,2016,PIT,2016-11-06 13:00:00,Sun,9,1.0,0.0,4-4,HOME,21.0,14.0,13.0,274.0,224.0,50.0,1.0,15.0,277.0,241.0,36.0,1.0,-13.91,13.13,9.54
249,BAL,2016,CLE,2016-11-10 20:25:00,Thu,10,1.0,0.0,5-4,HOME,28.0,7.0,29.0,396.0,277.0,119.0,2.0,11.0,144.0,111.0,33.0,3.0,10.87,14.46,-2.25
250,BAL,2016,DAL,2016-11-20 13:00:00,Sun,11,0.0,0.0,5-5,AWAY,17.0,27.0,17.0,368.0,267.0,101.0,0.0,27.0,417.0,299.0,118.0,0.0,10.17,-21.44,0.83
251,BAL,2016,CIN,2016-11-27 13:00:00,Sun,12,1.0,0.0,6-5,HOME,19.0,14.0,16.0,311.0,219.0,92.0,1.0,22.0,325.0,261.0,64.0,2.0,-6.28,3.81,7.47
252,BAL,2016,MIA,2016-12-04 13:00:00,Sun,13,1.0,0.0,7-5,HOME,38.0,6.0,28.0,496.0,386.0,110.0,2.0,16.0,277.0,215.0,62.0,3.0,18.64,13.66,-1.15
253,BAL,2016,NWE,2016-12-12 20:30:00,Mon,14,0.0,0.0,7-6,AWAY,23.0,30.0,17.0,348.0,306.0,42.0,1.0,20.0,496.0,401.0,95.0,3.0,-2.31,-16.83,8.57
254,BAL,2016,PHI,2016-12-18 13:00:00,Sun,15,1.0,0.0,8-6,HOME,27.0,26.0,18.0,340.0,189.0,151.0,2.0,27.0,328.0,159.0,169.0,1.0,2.83,0.33,-0.31
255,BAL,2016,PIT,2016-12-25 16:30:00,Sun,16,0.0,0.0,8-7,AWAY,27.0,31.0,22.0,368.0,246.0,122.0,1.0,23.0,406.0,279.0,127.0,2.0,5.24,-15.16,4.2
256,BAL,2016,CIN,2017-01-01 13:00:00,Sun,17,0.0,0.0,8-8,AWAY,10.0,27.0,22.0,335.0,263.0,72.0,2.0,25.0,371.0,218.0,153.0,0.0,-5.44,-13.29,2.09
257,BAL,2017,CIN,2017-09-10 13:00:00,Sun,1,1.0,0,1-0,AWAY,20.0,0.0,17.0,268.0,111.0,157.0,1.0,14.0,221.0,144.0,77.0,5.0,-3.67,29.26,-0.8
258,BAL,2017,CLE,2017-09-17 13:00:00,Sun,2,1.0,0,2-0,HOME,24.0,10.0,24.0,337.0,201.0,136.0,2.0,20.0,386.0,293.0,93.0,5.0,3.42,13.26,-2.88
259,BAL,2017,JAX,2017-09-24 09:30:00,Sun,3,0.0,0,2-1,AWAY,7.0,44.0,12.0,186.0,52.0,134.0,3.0,24.0,410.0,244.0,166.0,0.0,-23.82,-17.68,5.55
260,BAL,2017,PIT,2017-10-01 13:00:00,Sun,4,0.0,0,2-2,HOME,9.0,26.0,18.0,288.0,206.0,82.0,3.0,22.0,381.0,208.0,173.0,1.0,-12.75,-4.95,0.23
261,BAL,2017,LVR,2017-10-08 16:05:00,Sun,5,1.0,0,3-2,AWAY,30.0,17.0,19.0,365.0,222.0,143.0,0.0,15.0,245.0,137.0,108.0,1.0,11.25,7.57,-3.62
262,BAL,2017,CHI,2017-10-15 13:00:00,Sun,6,0.0,1,3-3,HOME,24.0,27.0,16.0,291.0,166.0,125.0,3.0,18.0,342.0,111.0,231.0,2.0,-24.12,9.26,14.85
263,BAL,2017,MIN,2017-10-22 13:00:00,Sun,7,0.0,0,3-4,AWAY,16.0,24.0,16.0,208.0,144.0,64.0,0.0,17.0,357.0,188.0,169.0,1.0,-3.93,-2.8,0.59
264,BAL,2017,MIA,2017-10-26 20:25:00,Thu,8,1.0,0,4-4,HOME,40.0,0.0,19.0,295.0,121.0,174.0,0.0,13.0,196.0,151.0,45.0,2.0,3.85,36.09,0.11
265,BAL,2017,TEN,2017-11-05 13:00:00,Sun,9,0.0,0,4-5,AWAY,20.0,23.0,24.0,341.0,268.0,73.0,2.0,14.0,257.0,186.0,71.0,1.0,0.66,-0.73,-4.0
266,BAL,2017,GNB,2017-11-19 13:00:00,Sun,11,1.0,0,5-5,AWAY,23.0,0.0,14.0,219.0,161.0,58.0,1.0,16.0,265.0,190.0,75.0,5.0,-9.58,33.17,-0.79
267,BAL,2017,HOU,2017-11-27 20:30:00,Mon,12,1.0,0,6-5,HOME,23.0,16.0,17.0,294.0,155.0,139.0,0.0,20.0,303.0,237.0,66.0,3.0,0.8,3.67,7.6
268,BAL,2017,DET,2017-12-03 13:00:00,Sun,13,1.0,0,7-5,HOME,44.0,20.0,24.0,370.0,269.0,101.0,0.0,18.0,372.0,294.0,78.0,3.0,13.12,5.85,5.09
269,BAL,2017,PIT,2017-12-10 20:30:00,Sun,14,0.0,0,7-6,AWAY,38.0,39.0,26.0,413.0,261.0,152.0,1.0,31.0,545.0,486.0,59.0,0.0,23.83,-25.48,-1.92
270,BAL,2017,CLE,2017-12-17 13:00:00,Sun,15,1.0,0,8-6,AWAY,27.0,10.0,23.0,376.0,279.0,97.0,0.0,15.0,266.0,136.0,130.0,4.0,4.51,16.05,-1.63
271,BAL,2017,IND,2017-12-23 16:30:00,Sat,16,1.0,0,9-6,HOME,23.0,16.0,23.0,323.0,220.0,103.0,0.0,17.0,296.0,203.0,93.0,0.0,9.41,-4.87,2.18
272,BAL,2017,CIN,2017-12-31 16:25:00,Sun,17,0.0,0,9-7,HOME,27.0,31.0,19.0,312.0,194.0,118.0,1.0,22.0,359.0,213.0,146.0,1.0,-12.91,-3.54,10.6
273,BAL,2018,BUF,2018-09-09 13:00:00,Sun,1,1.0,0,1-0,HOME,47.0,3.0,26.0,369.0,252.0,117.0,1.0,10.0,153.0,70.0,83.0,2.0,7.23,28.71,2.33
274,BAL,2018,CIN,2018-09-13 20:20:00,Thu,2,0.0,0,1-1,AWAY,23.0,34.0,28.0,425.0,359.0,66.0,3.0,24.0,373.0,265.0,108.0,0.0,2.72,-12.8,1.12
275,BAL,2018,DEN,2018-09-23 13:00:00,Sun,3,1.0,0,2-1,HOME,27.0,14.0,20.0,342.0,265.0,77.0,0.0,18.0,293.0,173.0,120.0,1.0,8.96,7.96,-5.82
276,BAL,2018,PIT,2018-09-30 20:20:00,Sun,4,1.0,0,3-1,AWAY,26.0,14.0,24.0,451.0,355.0,96.0,1.0,14.0,284.0,265.0,19.0,2.0,7.71,10.05,-2.06
277,BAL,2018,CLE,2018-10-07 13:00:00,Sun,5,0.0,1,3-2,AWAY,9.0,12.0,25.0,410.0,294.0,116.0,2.0,20.0,416.0,304.0,112.0,1.0,-11.13,7.48,2.05
278,BAL,2018,TEN,2018-10-14 16:25:00,Sun,6,1.0,0,4-2,AWAY,21.0,0.0,23.0,361.0,238.0,123.0,1.0,7.0,106.0,51.0,55.0,0.0,12.84,15.17,-2.21
279,BAL,2018,NOR,2018-10-21 16:05:00,Sun,7,0.0,0,4-3,HOME,23.0,24.0,25.0,351.0,274.0,77.0,0.0,26.0,339.0,205.0,134.0,1.0,16.64,-12.99,-7.63
280,BAL,2018,CAR,2018-10-28 13:00:00,Sun,8,0.0,0,4-4,AWAY,21.0,36.0,20.0,325.0,224.0,101.0,3.0,22.0,386.0,232.0,154.0,0.0,1.24,-18.22,7.88
281,BAL,2018,PIT,2018-11-04 13:00:00,Sun,9,0.0,0,4-5,HOME,16.0,23.0,18.0,265.0,204.0,61.0,0.0,27.0,395.0,282.0,113.0,0.0,7.37,-17.75,4.01
282,BAL,2018,CIN,2018-11-18 13:00:00,Sun,11,1.0,0,5-5,HOME,24.0,21.0,23.0,403.0,136.0,267.0,1.0,15.0,255.0,207.0,48.0,0.0,2.66,0.01,-5.08
283,BAL,2018,LVR,2018-11-25 13:00:00,Sun,12,1.0,0,6-5,HOME,34.0,17.0,23.0,416.0,174.0,242.0,2.0,13.0,249.0,182.0,67.0,1.0,11.19,8.83,2.03
284,BAL,2018,ATL,2018-12-02 13:00:00,Sun,13,1.0,0,7-5,AWAY,26.0,16.0,25.0,366.0,159.0,207.0,1.0,16.0,131.0,97.0,34.0,1.0,-1.63,13.31,-1.11
285,BAL,2018,KAN,2018-12-09 13:00:00,Sun,14,0.0,1,7-6,AWAY,24.0,27.0,24.0,321.0,127.0,194.0,1.0,30.0,442.0,348.0,94.0,1.0,4.92,-17.44,9.52
286,BAL,2018,TAM,2018-12-16 13:00:00,Sun,15,1.0,0,8-6,HOME,20.0,12.0,24.0,370.0,128.0,242.0,2.0,12.0,241.0,156.0,85.0,1.0,6.86,6.0,-2.23
287,BAL,2018,LAC,2018-12-22 20:20:00,Sat,16,1.0,0,9-6,AWAY,22.0,10.0,15.0,361.0,202.0,159.0,1.0,14.0,198.0,147.0,51.0,3.0,-3.87,21.26,-1.7
288,BAL,2018,CLE,2018-12-30 16:25:00,Sun,17,1.0,0,10-6,HOME,26.0,24.0,24.0,463.0,167.0,296.0,1.0,18.0,426.0,376.0,50.0,3.0,7.31,-9.49,2.95
289,BAL,2018,LAC,2019-01-06 13:05:00,Sun,18,0.0,0,10-7,HOME,17.0,23.0,11.0,229.0,139.0,90.0,3.0,14.0,243.0,154.0,89.0,1.0,-14.46,9.17,2.32
290,BAL,2019,MIA,2019-09-08 13:00:00,Sun,1,1.0,0,1-0,AWAY,59.0,10.0,31.0,643.0,378.0,265.0,0.0,12.0,200.0,179.0,21.0,3.0,42.69,9.29,0.99
291,BAL,2019,ARI,2019-09-15 13:00:00,Sun,2,1.0,0,2-0,HOME,23.0,17.0,26.0,440.0,258.0,182.0,0.0,15.0,349.0,329.0,20.0,0.0,11.6,-4.48,4.18
292,BAL,2019,KAN,2019-09-22 13:00:00,Sun,3,0.0,0,2-1,AWAY,28.0,33.0,29.0,452.0,249.0,203.0,0.0,27.0,503.0,363.0,140.0,0.0,14.5,-25.98,4.79
293,BAL,2019,CLE,2019-09-29 13:00:00,Sun,4,0.0,0,2-2,HOME,25.0,40.0,24.0,395.0,222.0,173.0,3.0,22.0,530.0,337.0,193.0,1.0,4.82,-23.04,3.35
294,BAL,2019,PIT,2019-10-06 13:00:00,Sun,5,1.0,1,3-2,AWAY,26.0,23.0,22.0,277.0,139.0,138.0,3.0,18.0,269.0,192.0,77.0,2.0,-4.12,1.8,5.32
295,BAL,2019,CIN,2019-10-13 13:00:00,Sun,6,1.0,0,4-2,HOME,23.0,17.0,26.0,497.0,228.0,269.0,1.0,18.0,250.0,217.0,33.0,1.0,15.13,-0.57,-4.92
296,BAL,2019,SEA,2019-10-20 16:25:00,Sun,7,1.0,0,5-2,AWAY,30.0,16.0,14.0,340.0,141.0,199.0,0.0,20.0,347.0,241.0,106.0,2.0,7.42,6.98,0.09
297,BAL,2019,NWE,2019-11-03 20:20:00,Sun,9,1.0,0,6-2,HOME,37.0,20.0,26.0,372.0,162.0,210.0,2.0,22.0,342.0,268.0,74.0,2.0,14.46,5.25,-5.09
298,BAL,2019,CIN,2019-11-10 13:00:00,Sun,10,1.0,0,7-2,AWAY,49.0,13.0,20.0,379.0,243.0,136.0,1.0,21.0,307.0,150.0,157.0,3.0,24.79,18.52,-7.48
299,BAL,2019,HOU,2019-11-17 13:00:00,Sun,11,1.0,0,8-2,HOME,41.0,7.0,25.0,491.0,235.0,256.0,0.0,16.0,232.0,110.0,122.0,2.0,31.56,13.24,-6.15
300,BAL,2019,LAR,2019-11-25 20:15:00,Mon,12,1.0,0,9-2,AWAY,45.0,6.0,31.0,480.0,195.0,285.0,0.0,14.0,221.0,199.0,22.0,2.0,32.32,8.52,-4.27
301,BAL,2019,SFO,2019-12-01 13:00:00,Sun,13,1.0,0,10-2,HOME,20.0,17.0,21.0,283.0,105.0,178.0,1.0,15.0,331.0,157.0,174.0,1.0,6.4,-6.2,1.2
302,BAL,2019,BUF,2019-12-08 13:00:00,Sun,14,1.0,0,11-2,AWAY,24.0,17.0,18.0,257.0,139.0,118.0,1.0,16.0,209.0,105.0,104.0,1.0,-0.75,10.78,-2.47
303,BAL,2019,NYJ,2019-12-12 20:20:00,Thu,15,1.0,0,12-2,HOME,42.0,21.0,23.0,430.0,212.0,218.0,0.0,13.0,310.0,207.0,103.0,2.0,25.99,6.5,-9.13
304,BAL,2019,CLE,2019-12-22 13:00:00,Sun,16,1.0,0,13-2,AWAY,31.0,15.0,31.0,481.0,238.0,243.0,1.0,17.0,241.0,184.0,57.0,1.0,21.45,0.38,-4.46
305,BAL,2019,PIT,2019-12-29 16:25:00,Sun,17,1.0,0,14-2,HOME,28.0,10.0,19.0,304.0,81.0,223.0,2.0,10.0,168.0,77.0,91.0,2.0,-4.16,11.07,8.63
306,BAL,2019,TEN,2020-01-11 20:15:00,Sat,19,0.0,0,14-3,HOME,12.0,28.0,29.0,530.0,345.0,185.0,3.0,15.0,300.0,83.0,217.0,0.0,-4.11,-10.45,-1.35
307,BAL,2020,CLE,2020-09-13 13:00:00,Sun,1,1.0,0.0,1-0,HOME,38.0,6.0,23.0,381.0,270.0,111.0,1.0,20.0,306.0,168.0,138.0,3.0,16.62,8.32,8.64
308,BAL,2020,HOU,2020-09-20 16:25:00,Sun,2,1.0,0.0,2-0,AWAY,33.0,16.0,23.0,407.0,177.0,230.0,0.0,18.0,304.0,253.0,51.0,2.0,15.93,5.68,-3.2
309,BAL,2020,KAN,2020-09-28 20:15:00,Mon,3,0.0,0.0,2-1,HOME,20.0,34.0,16.0,228.0,70.0,158.0,1.0,29.0,517.0,385.0,132.0,1.0,-4.74,-26.62,17.39
310,BAL,2020,WAS,2020-10-04 13:00:00,Sun,4,1.0,0.0,3-1,AWAY,31.0,17.0,18.0,350.0,206.0,144.0,2.0,24.0,343.0,274.0,69.0,1.0,8.74,-2.58,9.39
311,BAL,2020,CIN,2020-10-11 13:00:00,Sun,5,1.0,0.0,4-1,HOME,27.0,3.0,17.0,332.0,171.0,161.0,1.0,12.0,205.0,135.0,70.0,3.0,2.28,28.69,-3.99
312,BAL,2020,PHI,2020-10-18 13:00:00,Sun,6,1.0,0.0,5-1,AWAY,30.0,28.0,17.0,355.0,173.0,182.0,0.0,19.0,364.0,170.0,194.0,1.0,-0.7,-1.83,9.68
313,BAL,2020,PIT,2020-11-01 13:00:00,Sun,8,0.0,0.0,5-2,HOME,24.0,28.0,25.0,457.0,192.0,265.0,4.0,19.0,221.0,173.0,48.0,1.0,3.94,-4.67,0.54
314,BAL,2020,IND,2020-11-08 13:00:00,Sun,9,1.0,0.0,6-2,AWAY,24.0,10.0,19.0,266.0,156.0,110.0,1.0,20.0,339.0,227.0,112.0,2.0,-0.58,13.1,-1.45
315,BAL,2020,NWE,2020-11-15 20:20:00,Sun,10,,0.0,,AWAY,,,,,0.0,,0.0,,,0.0,,0.0,,,
316,BAL,2020,TEN,2020-11-22 13:00:00,Sun,11,,0.0,,HOME,,,,,0.0,,0.0,,,0.0,,0.0,,,
317,BAL,2020,PIT,2020-11-26 20:20:00,Thu,12,,0.0,,AWAY,,,,,0.0,,0.0,,,0.0,,0.0,,,
318,BAL,2020,DAL,2020-12-03 20:20:00,Thu,13,,0.0,,HOME,,,,,0.0,,0.0,,,0.0,,0.0,,,
319,BAL,2020,CLE,2020-12-14 20:15:00,Mon,14,,0.0,,AWAY,,,,,0.0,,0.0,,,0.0,,0.0,,,
320,BAL,2020,JAX,2020-12-20 13:00:00,Sun,15,,0.0,,HOME,,,,,0.0,,0.0,,,0.0,,0.0,,,
321,BAL,2020,NYG,2020-12-27 13:00:00,Sun,16,,0.0,,HOME,,,,,0.0,,0.0,,,0.0,,0.0,,,
322,BAL,2020,CIN,2021-01-03 13:00:00,Sun,17,,0.0,,AWAY,,,,,0.0,,0.0,,,0.0,,0.0,,,
