,team,season,opp,datetime,day_week,W/L,ot,record,home/away,team_score,opp_score,1D_gained,team_total_yards,team_pass_yards,team_rush_yards,team_turnover,1D_allowed,opp_total_yards,opp_pass_yards,opp_rush_yards,opp_turnover,offense_expected_points,defense_expected_points,sp_expected_points
0,DET,2002,MIA,2002-09-08 13:04:00,Sun,0,0,0-1,AWAY,21.0,49.0,15.0,257.0,206.0,51.0,2.0,27.0,389.0,207.0,182.0,0.0,-4.0,-21.92,-3.09
1,DET,2002,CAR,2002-09-15 13:04:00,Sun,0,0,0-2,AWAY,7.0,31.0,12.0,122.0,49.0,73.0,3.0,20.0,385.0,310.0,75.0,0.0,-28.88,-6.36,10.97
2,DET,2002,GNB,2002-09-22 16:17:00,Sun,0,0,0-3,HOME,31.0,37.0,14.0,271.0,176.0,95.0,5.0,22.0,442.0,347.0,95.0,3.0,-11.89,0.31,6.43
3,DET,2002,NOR,2002-09-29 13:03:00,Sun,1,0,1-3,HOME,26.0,21.0,16.0,352.0,267.0,85.0,0.0,24.0,357.0,247.0,110.0,3.0,0.35,1.22,6.77
4,DET,2002,MIN,2002-10-13 13:00:00,Sun,0,0,1-4,AWAY,24.0,31.0,17.0,354.0,301.0,53.0,1.0,22.0,402.0,291.0,111.0,1.0,0.64,-5.44,-1.93
5,DET,2002,CHI,2002-10-20 13:03:00,Sun,1,1,2-4,HOME,23.0,20.0,23.0,362.0,170.0,192.0,1.0,17.0,224.0,135.0,89.0,3.0,1.4,16.57,-13.03
6,DET,2002,BUF,2002-10-27 13:02:00,Sun,0,0,2-5,AWAY,17.0,24.0,16.0,282.0,199.0,83.0,1.0,23.0,343.0,269.0,74.0,2.0,-9.72,-6.03,8.98
7,DET,2002,DAL,2002-11-03 13:04:00,Sun,1,0,3-5,HOME,9.0,7.0,8.0,148.0,96.0,52.0,2.0,17.0,221.0,150.0,71.0,2.0,-25.34,17.97,8.61
8,DET,2002,GNB,2002-11-10 13:02:00,Sun,0,0,3-6,AWAY,14.0,40.0,13.0,362.0,236.0,126.0,2.0,24.0,503.0,353.0,150.0,2.0,-17.01,-7.84,3.48
9,DET,2002,NYJ,2002-11-17 16:16:00,Sun,0,0,3-7,HOME,14.0,31.0,13.0,279.0,171.0,108.0,1.0,26.0,408.0,219.0,189.0,1.0,-2.56,-20.33,2.99
10,DET,2002,CHI,2002-11-24 13:03:00,Sun,0,1,3-8,AWAY,17.0,20.0,19.0,301.0,199.0,102.0,2.0,21.0,422.0,347.0,75.0,1.0,-4.45,2.89,-0.11
11,DET,2002,NWE,2002-11-28 12:38:00,Thu,0,0,3-9,HOME,12.0,20.0,14.0,292.0,210.0,82.0,3.0,23.0,349.0,210.0,139.0,1.0,-13.17,-4.75,4.66
12,DET,2002,ARI,2002-12-08 16:06:00,Sun,0,1,3-10,AWAY,20.0,23.0,15.0,203.0,152.0,51.0,1.0,21.0,313.0,180.0,133.0,1.0,-5.32,5.13,-2.68
13,DET,2002,TAM,2002-12-15 13:04:00,Sun,0,0,3-11,HOME,20.0,23.0,15.0,292.0,148.0,144.0,1.0,22.0,376.0,253.0,123.0,0.0,0.71,-7.14,1.45
14,DET,2002,ATL,2002-12-22 13:03:00,Sun,0,0,3-12,AWAY,15.0,36.0,12.0,208.0,121.0,87.0,3.0,27.0,533.0,336.0,197.0,2.0,-15.73,-14.28,5.77
15,DET,2002,MIN,2002-12-29 13:02:00,Sun,0,0,3-13,HOME,36.0,38.0,20.0,386.0,293.0,93.0,3.0,24.0,450.0,296.0,154.0,2.0,0.52,-14.03,11.71
16,DET,2003,ARI,2003-09-07 13:06:00,Sun,1,0.0,1-0,HOME,42.0,24.0,16.0,261.0,195.0,66.0,0.0,21.0,434.0,339.0,95.0,3.0,8.26,-0.39,7.27
17,DET,2003,GNB,2003-09-14 13:02:00,Sun,0,0.0,1-1,AWAY,6.0,31.0,14.0,293.0,237.0,56.0,3.0,17.0,332.0,132.0,200.0,2.0,-30.54,-2.04,9.05
18,DET,2003,MIN,2003-09-21 13:03:00,Sun,0,0.0,1-2,HOME,13.0,23.0,22.0,302.0,225.0,77.0,3.0,14.0,414.0,287.0,127.0,1.0,-7.97,-10.33,9.7
19,DET,2003,DEN,2003-09-28 16:15:00,Sun,0,0.0,1-3,AWAY,16.0,20.0,16.0,285.0,141.0,144.0,0.0,20.0,332.0,253.0,79.0,1.0,1.51,-6.04,0.84
20,DET,2003,SFO,2003-10-05 16:15:00,Sun,0,0.0,1-4,AWAY,17.0,24.0,15.0,305.0,221.0,84.0,2.0,20.0,325.0,183.0,142.0,1.0,-9.58,0.28,4.6
21,DET,2003,DAL,2003-10-19 13:03:00,Sun,0,0.0,1-5,HOME,7.0,38.0,9.0,157.0,74.0,83.0,4.0,25.0,331.0,197.0,134.0,1.0,-30.6,1.94,-0.57
22,DET,2003,CHI,2003-10-26 13:03:00,Sun,0,0.0,1-6,AWAY,16.0,24.0,16.0,260.0,180.0,80.0,2.0,14.0,261.0,193.0,68.0,0.0,-13.56,0.51,1.56
23,DET,2003,LVR,2003-11-02 13:03:00,Sun,1,0.0,2-6,HOME,23.0,13.0,14.0,229.0,117.0,112.0,2.0,18.0,265.0,171.0,94.0,4.0,-4.82,15.17,1.36
24,DET,2003,CHI,2003-11-09 13:03:00,Sun,1,0.0,3-6,HOME,12.0,10.0,10.0,248.0,231.0,17.0,0.0,11.0,199.0,133.0,66.0,1.0,-12.92,11.81,3.78
25,DET,2003,SEA,2003-11-16 16:16:00,Sun,0,0.0,3-7,AWAY,14.0,35.0,20.0,357.0,276.0,81.0,2.0,22.0,366.0,207.0,159.0,0.0,-0.39,-15.05,-5.79
26,DET,2003,MIN,2003-11-23 13:00:00,Sun,0,0.0,3-8,AWAY,14.0,24.0,16.0,241.0,167.0,74.0,4.0,18.0,307.0,186.0,121.0,2.0,-22.87,13.0,-2.22
27,DET,2003,GNB,2003-11-27 12:37:00,Thu,1,0.0,4-8,HOME,22.0,14.0,17.0,266.0,172.0,94.0,1.0,18.0,320.0,268.0,52.0,5.0,-7.31,11.93,3.23
28,DET,2003,LAC,2003-12-07 13:03:00,Sun,0,0.0,4-9,HOME,7.0,14.0,14.0,276.0,208.0,68.0,0.0,17.0,375.0,244.0,131.0,2.0,-10.34,2.97,1.84
29,DET,2003,KAN,2003-12-14 13:00:00,Sun,0,0.0,4-10,AWAY,17.0,45.0,22.0,334.0,197.0,137.0,2.0,28.0,521.0,372.0,149.0,0.0,4.87,-37.47,0.22
30,DET,2003,CAR,2003-12-21 13:03:00,Sun,0,0.0,4-11,AWAY,14.0,20.0,8.0,106.0,53.0,53.0,1.0,22.0,384.0,260.0,124.0,2.0,-17.52,2.84,5.91
31,DET,2003,LAR,2003-12-28 13:03:00,Sun,1,0.0,5-11,HOME,30.0,20.0,21.0,342.0,230.0,112.0,2.0,13.0,194.0,153.0,41.0,3.0,2.08,21.13,-8.46
32,DET,2004,CHI,2004-09-12 13:05:00,Sun,1,0,1-0,AWAY,20.0,16.0,13.0,262.0,185.0,77.0,1.0,18.0,342.0,214.0,128.0,4.0,-8.57,9.81,2.16
33,DET,2004,HOU,2004-09-19 13:04:00,Sun,1,0,2-0,HOME,28.0,16.0,18.0,266.0,172.0,94.0,1.0,24.0,386.0,274.0,112.0,3.0,7.38,-1.17,6.4
34,DET,2004,PHI,2004-09-26 13:03:00,Sun,0,0,2-1,HOME,13.0,30.0,15.0,256.0,179.0,77.0,1.0,19.0,402.0,343.0,59.0,1.0,-12.0,-6.31,0.16
35,DET,2004,ATL,2004-10-10 13:05:00,Sun,1,0,3-1,AWAY,17.0,10.0,15.0,227.0,126.0,101.0,0.0,17.0,279.0,185.0,94.0,4.0,-5.45,13.45,-0.64
36,DET,2004,GNB,2004-10-17 13:03:00,Sun,0,0,3-2,HOME,10.0,38.0,5.0,125.0,92.0,33.0,1.0,28.0,434.0,277.0,157.0,0.0,-21.13,-21.37,11.76
37,DET,2004,NYG,2004-10-24 13:03:00,Sun,1,0,4-2,AWAY,28.0,13.0,22.0,325.0,210.0,115.0,0.0,22.0,325.0,250.0,75.0,2.0,16.25,2.23,-0.39
38,DET,2004,DAL,2004-10-31 13:03:00,Sun,0,0,4-3,AWAY,21.0,31.0,15.0,284.0,245.0,39.0,1.0,22.0,357.0,230.0,127.0,3.0,2.29,-6.24,-7.44
39,DET,2004,WAS,2004-11-07 13:04:00,Sun,0,0,4-4,HOME,10.0,17.0,21.0,322.0,258.0,64.0,1.0,15.0,229.0,73.0,156.0,0.0,-4.43,10.01,-9.28
40,DET,2004,JAX,2004-11-14 13:04:00,Sun,0,1,4-5,AWAY,17.0,23.0,10.0,190.0,109.0,81.0,1.0,22.0,415.0,176.0,239.0,0.0,-19.51,0.35,13.16
41,DET,2004,MIN,2004-11-21 13:00:00,Sun,0,0,4-6,AWAY,19.0,22.0,13.0,213.0,67.0,146.0,1.0,22.0,319.0,212.0,107.0,1.0,-7.01,-7.28,11.12
42,DET,2004,IND,2004-11-25 12:38:00,Thu,0,0,4-7,HOME,9.0,41.0,19.0,386.0,218.0,168.0,5.0,24.0,356.0,243.0,113.0,0.0,-10.78,-16.05,-5.17
43,DET,2004,ARI,2004-12-05 13:03:00,Sun,1,0,5-7,HOME,26.0,12.0,16.0,398.0,183.0,215.0,1.0,15.0,254.0,160.0,94.0,4.0,2.83,22.09,-5.82
44,DET,2004,GNB,2004-12-12 16:15:00,Sun,0,0,5-8,AWAY,13.0,16.0,17.0,228.0,35.0,193.0,0.0,20.0,301.0,185.0,116.0,0.0,-3.31,1.24,0.57
45,DET,2004,MIN,2004-12-19 13:03:00,Sun,0,0,5-9,HOME,27.0,28.0,24.0,463.0,350.0,113.0,3.0,21.0,461.0,370.0,91.0,1.0,13.99,-18.84,-2.71
46,DET,2004,CHI,2004-12-26 13:03:00,Sun,1,0,6-9,HOME,19.0,13.0,17.0,314.0,156.0,158.0,1.0,16.0,229.0,105.0,124.0,1.0,-7.35,12.7,2.02
47,DET,2004,TEN,2005-01-02 13:03:00,Sun,0,0,6-10,AWAY,19.0,24.0,23.0,434.0,331.0,103.0,2.0,15.0,312.0,217.0,95.0,0.0,-8.08,-2.55,7.3
48,DET,2005,GNB,2005-09-11 16:19:00,Sun,1,0,1-0,HOME,17.0,3.0,18.0,254.0,152.0,102.0,0.0,13.0,216.0,170.0,46.0,3.0,-1.65,21.55,-5.51
49,DET,2005,CHI,2005-09-18 13:02:00,Sun,0,0,1-1,AWAY,6.0,38.0,14.0,234.0,205.0,29.0,5.0,18.0,336.0,149.0,187.0,0.0,-30.59,-9.57,3.35
50,DET,2005,TAM,2005-10-02 13:02:00,Sun,0,0,1-2,AWAY,13.0,17.0,11.0,226.0,135.0,91.0,1.0,17.0,353.0,284.0,69.0,4.0,-13.04,4.62,4.07
51,DET,2005,BAL,2005-10-09 13:02:00,Sun,1,0,2-2,HOME,35.0,17.0,22.0,266.0,97.0,169.0,2.0,26.0,387.0,228.0,159.0,4.0,10.75,5.78,1.85
52,DET,2005,CAR,2005-10-16 13:02:00,Sun,0,0,2-3,HOME,20.0,21.0,11.0,209.0,157.0,52.0,4.0,14.0,317.0,263.0,54.0,4.0,-30.39,20.74,7.57
53,DET,2005,CLE,2005-10-23 13:04:00,Sun,1,0,3-3,AWAY,13.0,10.0,19.0,329.0,210.0,119.0,1.0,11.0,174.0,56.0,118.0,3.0,-3.5,17.43,-8.26
54,DET,2005,CHI,2005-10-30 13:04:00,Sun,0,1,3-4,HOME,13.0,19.0,17.0,278.0,185.0,93.0,1.0,14.0,333.0,218.0,115.0,1.0,-8.09,6.04,-4.8
55,DET,2005,MIN,2005-11-06 13:05:00,Sun,0,0,3-5,AWAY,14.0,27.0,20.0,289.0,231.0,58.0,3.0,19.0,285.0,121.0,164.0,1.0,-11.37,-1.13,-2.42
56,DET,2005,ARI,2005-11-13 13:03:00,Sun,1,0,4-5,HOME,29.0,21.0,22.0,383.0,226.0,157.0,0.0,21.0,397.0,359.0,38.0,1.0,12.18,-5.47,4.21
57,DET,2005,DAL,2005-11-20 13:02:00,Sun,0,0,4-6,AWAY,7.0,20.0,11.0,226.0,169.0,57.0,1.0,26.0,253.0,104.0,149.0,1.0,-3.31,-7.03,-3.04
58,DET,2005,ATL,2005-11-24 12:40:00,Thu,0,0,4-7,HOME,7.0,27.0,20.0,304.0,229.0,75.0,4.0,22.0,402.0,146.0,256.0,2.0,-12.68,-5.26,0.85
59,DET,2005,MIN,2005-12-04 13:02:00,Sun,0,0,4-8,HOME,16.0,21.0,19.0,223.0,118.0,105.0,1.0,20.0,345.0,242.0,103.0,0.0,-1.83,-7.33,4.52
60,DET,2005,GNB,2005-12-11 20:36:00,Sun,0,1,4-9,AWAY,13.0,16.0,11.0,241.0,112.0,129.0,0.0,19.0,330.0,149.0,181.0,2.0,-8.27,1.73,5.0
61,DET,2005,CIN,2005-12-18 16:05:00,Sun,0,0,4-10,HOME,17.0,41.0,13.0,270.0,211.0,59.0,4.0,29.0,426.0,271.0,155.0,2.0,-0.05,-18.7,-3.5
62,DET,2005,NOR,2005-12-24 13:06:00,Sat,1,0,5-10,AWAY,13.0,12.0,14.0,279.0,208.0,71.0,1.0,19.0,273.0,226.0,47.0,1.0,-5.15,6.15,0.85
63,DET,2005,PIT,2006-01-01 13:02:00,Sun,0,0,5-11,AWAY,21.0,35.0,16.0,308.0,203.0,105.0,2.0,20.0,331.0,132.0,199.0,2.0,6.0,-14.69,-9.83
64,DET,2006,SEA,2006-09-10 13:04:00,Sun,0,0.0,0-1,HOME,6.0,9.0,15.0,251.0,213.0,38.0,1.0,17.0,264.0,173.0,91.0,1.0,-9.11,7.66,-1.55
65,DET,2006,CHI,2006-09-17 13:03:00,Sun,0,0.0,0-2,AWAY,7.0,34.0,15.0,245.0,199.0,46.0,3.0,22.0,383.0,294.0,89.0,1.0,-10.87,-12.53,-4.21
66,DET,2006,GNB,2006-09-24 13:02:00,Sun,0,0.0,0-3,HOME,24.0,31.0,23.0,424.0,319.0,105.0,1.0,18.0,400.0,340.0,60.0,2.0,6.9,-8.01,-3.59
67,DET,2006,LAR,2006-10-01 16:05:00,Sun,0,0.0,0-4,AWAY,34.0,41.0,21.0,370.0,277.0,93.0,3.0,23.0,427.0,321.0,106.0,0.0,5.17,-16.25,5.3
68,DET,2006,MIN,2006-10-08 13:05:00,Sun,0,0.0,0-5,AWAY,17.0,26.0,13.0,217.0,201.0,16.0,4.0,18.0,336.0,201.0,135.0,3.0,-20.97,-0.12,12.71
69,DET,2006,BUF,2006-10-15 13:03:00,Sun,1,0.0,1-5,HOME,20.0,17.0,21.0,397.0,262.0,135.0,1.0,16.0,242.0,157.0,85.0,3.0,3.09,7.93,-7.86
70,DET,2006,NYJ,2006-10-22 13:03:00,Sun,0,0.0,1-6,AWAY,24.0,31.0,22.0,386.0,261.0,125.0,2.0,27.0,398.0,177.0,221.0,1.0,14.69,-19.89,-1.4
71,DET,2006,ATL,2006-11-05 13:03:00,Sun,1,0.0,2-6,HOME,30.0,14.0,20.0,435.0,308.0,127.0,1.0,19.0,319.0,154.0,165.0,3.0,7.73,8.17,-0.65
72,DET,2006,SFO,2006-11-12 13:03:00,Sun,0,0.0,2-7,HOME,13.0,19.0,16.0,251.0,180.0,71.0,4.0,17.0,315.0,117.0,198.0,1.0,-9.73,-1.04,6.37
73,DET,2006,ARI,2006-11-19 16:05:00,Sun,0,0.0,2-8,AWAY,10.0,17.0,19.0,281.0,213.0,68.0,1.0,20.0,338.0,228.0,110.0,0.0,-0.9,-9.92,5.62
74,DET,2006,MIA,2006-11-23 12:30:00,Thu,0,0.0,2-9,HOME,10.0,27.0,13.0,220.0,199.0,21.0,2.0,18.0,395.0,209.0,186.0,2.0,-20.95,-2.28,1.33
75,DET,2006,NWE,2006-12-03 13:02:00,Sun,0,0.0,2-10,AWAY,21.0,28.0,22.0,361.0,284.0,77.0,5.0,23.0,363.0,284.0,79.0,3.0,-7.79,-1.47,2.54
76,DET,2006,MIN,2006-12-10 13:03:00,Sun,0,0.0,2-11,HOME,20.0,30.0,20.0,280.0,283.0,-3.0,6.0,21.0,328.0,156.0,172.0,2.0,-17.91,2.88,5.74
77,DET,2006,GNB,2006-12-17 13:02:00,Sun,0,0.0,2-12,AWAY,9.0,17.0,10.0,142.0,84.0,58.0,3.0,19.0,303.0,164.0,139.0,4.0,-29.68,11.88,6.06
78,DET,2006,CHI,2006-12-24 13:03:00,Sun,0,0.0,2-13,HOME,21.0,26.0,18.0,327.0,260.0,67.0,1.0,22.0,354.0,238.0,116.0,0.0,2.25,-4.27,1.72
79,DET,2006,DAL,2006-12-31 13:02:00,Sun,1,0.0,3-13,AWAY,39.0,31.0,22.0,362.0,277.0,85.0,1.0,19.0,365.0,307.0,58.0,4.0,8.62,-2.43,0.49
80,DET,2007,LVR,2007-09-09 16:15:00,Sun,1,0,1-0,AWAY,36.0,21.0,21.0,392.0,284.0,108.0,2.0,24.0,375.0,283.0,92.0,3.0,4.01,0.95,12.18
81,DET,2007,MIN,2007-09-16 16:05:00,Sun,1,1,2-0,HOME,20.0,17.0,29.0,415.0,359.0,56.0,5.0,17.0,313.0,190.0,123.0,5.0,-1.4,10.8,-7.52
82,DET,2007,PHI,2007-09-23 13:02:00,Sun,0,0,2-1,AWAY,21.0,56.0,20.0,432.0,393.0,39.0,3.0,29.0,536.0,363.0,173.0,2.0,-2.75,-29.38,-1.28
83,DET,2007,CHI,2007-09-30 13:03:00,Sun,1,0,3-1,HOME,37.0,27.0,19.0,310.0,215.0,95.0,2.0,22.0,303.0,234.0,69.0,3.0,1.0,14.85,-7.84
84,DET,2007,WAS,2007-10-07 13:02:00,Sun,0,0,3-2,AWAY,3.0,34.0,11.0,144.0,76.0,68.0,2.0,23.0,366.0,248.0,118.0,1.0,-22.81,-9.06,1.96
85,DET,2007,TAM,2007-10-21 13:03:00,Sun,1,0,4-2,HOME,23.0,16.0,17.0,278.0,131.0,147.0,0.0,27.0,422.0,298.0,124.0,2.0,8.73,-6.7,6.8
86,DET,2007,CHI,2007-10-28 13:05:00,Sun,1,0,5-2,AWAY,16.0,7.0,22.0,365.0,246.0,119.0,1.0,16.0,255.0,192.0,63.0,4.0,4.59,11.83,-8.8
87,DET,2007,DEN,2007-11-04 13:02:00,Sun,1,0,6-2,HOME,44.0,7.0,20.0,376.0,246.0,130.0,1.0,16.0,303.0,256.0,47.0,4.0,12.24,26.1,-1.55
88,DET,2007,ARI,2007-11-11 16:15:00,Sun,0,0,6-3,AWAY,21.0,31.0,16.0,247.0,265.0,-18.0,5.0,21.0,319.0,246.0,73.0,4.0,-16.38,9.63,-1.6
89,DET,2007,NYG,2007-11-18 13:03:00,Sun,0,0,6-4,HOME,10.0,16.0,17.0,376.0,351.0,25.0,4.0,19.0,341.0,269.0,72.0,2.0,-4.39,6.59,-7.57
90,DET,2007,GNB,2007-11-22 12:36:00,Thu,0,0,6-5,HOME,26.0,37.0,25.0,331.0,197.0,134.0,1.0,25.0,481.0,381.0,100.0,1.0,-1.16,-20.6,7.73
91,DET,2007,MIN,2007-12-02 13:05:00,Sun,0,0,6-6,AWAY,10.0,42.0,14.0,253.0,230.0,23.0,1.0,29.0,443.0,227.0,216.0,1.0,-3.47,-27.45,2.5
92,DET,2007,DAL,2007-12-09 13:03:00,Sun,0,0,6-7,HOME,27.0,28.0,25.0,390.0,238.0,152.0,0.0,25.0,368.0,281.0,87.0,1.0,13.86,-15.89,-0.26
93,DET,2007,LAC,2007-12-16 16:15:00,Sun,0,0,6-8,AWAY,14.0,51.0,19.0,328.0,302.0,26.0,6.0,26.0,416.0,142.0,274.0,0.0,-17.78,-17.59,-0.64
94,DET,2007,KAN,2007-12-23 13:02:00,Sun,1,0,7-8,HOME,25.0,20.0,12.0,236.0,99.0,137.0,1.0,25.0,407.0,344.0,63.0,1.0,-3.33,0.86,6.75
95,DET,2007,GNB,2007-12-30 13:02:00,Sun,0,0,7-9,AWAY,13.0,34.0,16.0,293.0,246.0,47.0,2.0,19.0,394.0,177.0,217.0,1.0,-12.96,-11.13,3.35
96,DET,2008,ATL,2008-09-07 13:04:00,Sun,0,0.0,0-1,AWAY,21.0,34.0,21.0,316.0,246.0,70.0,1.0,23.0,474.0,156.0,318.0,0.0,5.75,-21.7,1.59
97,DET,2008,GNB,2008-09-14 13:03:00,Sun,0,0.0,0-2,HOME,25.0,48.0,15.0,311.0,262.0,49.0,3.0,19.0,447.0,324.0,123.0,1.0,-22.15,-12.42,7.81
98,DET,2008,SFO,2008-09-21 16:06:00,Sun,0,0.0,0-3,AWAY,13.0,31.0,14.0,240.0,124.0,116.0,2.0,25.0,370.0,188.0,182.0,0.0,-6.15,-16.16,3.23
99,DET,2008,CHI,2008-10-05 13:02:00,Sun,0,0.0,0-4,HOME,7.0,34.0,12.0,185.0,131.0,54.0,2.0,21.0,425.0,328.0,97.0,1.0,-24.0,-11.52,8.38
100,DET,2008,MIN,2008-10-12 13:05:00,Sun,0,0.0,0-5,AWAY,10.0,12.0,8.0,212.0,112.0,100.0,1.0,23.0,392.0,257.0,135.0,3.0,-13.2,6.12,5.05
101,DET,2008,HOU,2008-10-19 16:05:00,Sun,0,0.0,0-6,AWAY,21.0,28.0,15.0,326.0,249.0,77.0,0.0,29.0,404.0,254.0,150.0,1.0,10.71,-19.46,5.84
102,DET,2008,WAS,2008-10-26 13:03:00,Sun,0,0.0,0-7,HOME,17.0,25.0,13.0,274.0,217.0,57.0,0.0,22.0,439.0,304.0,135.0,1.0,-1.19,-8.42,0.83
103,DET,2008,CHI,2008-11-02 13:02:00,Sun,0,0.0,0-8,AWAY,23.0,27.0,21.0,333.0,280.0,53.0,3.0,18.0,320.0,166.0,154.0,2.0,-6.97,-0.31,4.78
104,DET,2008,JAX,2008-11-09 13:02:00,Sun,0,0.0,0-9,HOME,14.0,38.0,13.0,256.0,153.0,103.0,1.0,24.0,384.0,227.0,157.0,0.0,-1.79,-23.33,0.07
105,DET,2008,CAR,2008-11-16 13:03:00,Sun,0,0.0,0-10,AWAY,22.0,31.0,20.0,316.0,186.0,130.0,4.0,16.0,366.0,102.0,264.0,1.0,-5.78,-9.6,2.36
106,DET,2008,TAM,2008-11-23 13:03:00,Sun,0,0.0,0-11,HOME,20.0,38.0,9.0,207.0,99.0,108.0,3.0,15.0,255.0,139.0,116.0,3.0,-26.59,6.01,-1.19
107,DET,2008,TEN,2008-11-27 12:37:00,Thu,0,0.0,0-12,HOME,10.0,47.0,6.0,154.0,131.0,23.0,3.0,19.0,456.0,164.0,292.0,1.0,-26.02,-9.44,-4.74
108,DET,2008,MIN,2008-12-07 13:03:00,Sun,0,0.0,0-13,HOME,16.0,20.0,15.0,268.0,191.0,77.0,0.0,20.0,301.0,168.0,133.0,2.0,-2.11,-3.43,0.84
109,DET,2008,IND,2008-12-14 13:02:00,Sun,0,0.0,0-14,AWAY,21.0,31.0,18.0,323.0,233.0,90.0,2.0,28.0,421.0,315.0,106.0,2.0,1.25,-25.19,13.62
110,DET,2008,NOR,2008-12-21 13:03:00,Sun,0,0.0,0-15,HOME,7.0,42.0,15.0,255.0,126.0,129.0,2.0,32.0,532.0,351.0,181.0,1.0,0.02,-36.0,-0.17
111,DET,2008,GNB,2008-12-28 13:02:00,Sun,0,0.0,0-16,AWAY,21.0,31.0,19.0,316.0,220.0,96.0,2.0,20.0,484.0,273.0,211.0,1.0,-0.33,-13.29,0.64
112,DET,2009,NOR,2009-09-13 13:03:00,Sun,0,0.0,0-1,AWAY,27.0,45.0,14.0,231.0,198.0,33.0,3.0,28.0,515.0,358.0,157.0,3.0,-17.11,-19.75,15.57
113,DET,2009,MIN,2009-09-20 13:03:00,Sun,0,0.0,0-2,HOME,13.0,27.0,17.0,265.0,136.0,129.0,3.0,18.0,265.0,153.0,112.0,1.0,-12.29,-1.67,-4.67
114,DET,2009,WAS,2009-09-27 13:02:00,Sun,1,0.0,1-2,HOME,19.0,14.0,23.0,381.0,227.0,154.0,0.0,22.0,390.0,325.0,65.0,1.0,9.82,-4.88,-2.67
115,DET,2009,CHI,2009-10-04 13:02:00,Sun,0,0.0,1-3,AWAY,24.0,48.0,25.0,398.0,308.0,90.0,2.0,14.0,276.0,125.0,151.0,0.0,-0.73,-8.72,-12.31
116,DET,2009,PIT,2009-10-11 13:02:00,Sun,0,0.0,1-4,HOME,20.0,28.0,21.0,335.0,225.0,110.0,1.0,18.0,344.0,262.0,82.0,1.0,0.08,-8.34,-0.93
117,DET,2009,GNB,2009-10-18 13:02:00,Sun,0,0.0,1-5,AWAY,0.0,26.0,10.0,149.0,71.0,78.0,3.0,23.0,435.0,328.0,107.0,2.0,-22.57,-7.18,2.87
118,DET,2009,LAR,2009-11-01 13:03:00,Sun,0,0.0,1-6,HOME,10.0,17.0,17.0,289.0,162.0,127.0,1.0,21.0,362.0,212.0,150.0,1.0,-4.45,-6.65,2.27
119,DET,2009,SEA,2009-11-08 16:06:00,Sun,0,0.0,1-7,AWAY,20.0,32.0,17.0,300.0,186.0,114.0,5.0,25.0,397.0,342.0,55.0,2.0,-12.79,1.0,2.13
120,DET,2009,MIN,2009-11-15 13:05:00,Sun,0,0.0,1-8,AWAY,10.0,27.0,19.0,297.0,204.0,93.0,1.0,19.0,492.0,340.0,152.0,2.0,-14.09,-4.73,0.3
121,DET,2009,CLE,2009-11-22 13:02:00,Sun,1,0.0,2-8,HOME,38.0,37.0,26.0,473.0,416.0,57.0,2.0,22.0,439.0,308.0,131.0,0.0,20.23,-17.59,0.3
122,DET,2009,GNB,2009-11-26 12:35:00,Thu,0,0.0,2-9,HOME,12.0,34.0,16.0,272.0,199.0,73.0,5.0,20.0,422.0,342.0,80.0,2.0,-22.02,-22.28,15.04
123,DET,2009,CIN,2009-12-06 13:02:00,Sun,0,0.0,2-10,AWAY,13.0,23.0,14.0,245.0,165.0,80.0,2.0,22.0,321.0,202.0,119.0,3.0,-15.71,7.49,-6.59
124,DET,2009,BAL,2009-12-13 13:02:00,Sun,0,0.0,2-11,AWAY,3.0,48.0,13.0,229.0,126.0,103.0,2.0,24.0,548.0,240.0,308.0,1.0,-16.93,-30.22,-1.62
125,DET,2009,ARI,2009-12-20 13:02:00,Sun,0,0.0,2-12,HOME,24.0,31.0,15.0,282.0,121.0,161.0,3.0,21.0,340.0,218.0,122.0,3.0,-10.38,6.67,-3.32
126,DET,2009,SFO,2009-12-27 16:04:00,Sun,0,0.0,2-13,AWAY,6.0,20.0,16.0,289.0,175.0,114.0,6.0,13.0,310.0,226.0,84.0,1.0,-25.85,8.04,2.33
127,DET,2009,CHI,2010-01-03 13:03:00,Sun,0,0.0,2-14,HOME,23.0,37.0,18.0,349.0,249.0,100.0,2.0,22.0,418.0,268.0,150.0,0.0,0.43,-15.12,3.05
128,DET,2010,CHI,2010-09-12 13:02:00,Sun,0,0,0-1,AWAY,14.0,19.0,13.0,168.0,148.0,20.0,3.0,23.0,463.0,362.0,101.0,4.0,-21.59,9.47,8.19
129,DET,2010,PHI,2010-09-19 13:02:00,Sun,0,0,0-2,HOME,32.0,35.0,22.0,444.0,329.0,115.0,2.0,24.0,410.0,248.0,162.0,0.0,6.33,-16.01,5.41
130,DET,2010,MIN,2010-09-26 13:05:00,Sun,0,0,0-3,AWAY,10.0,24.0,17.0,295.0,232.0,63.0,3.0,21.0,368.0,185.0,183.0,3.0,-8.05,1.27,-5.89
131,DET,2010,GNB,2010-10-03 13:02:00,Sun,0,0,0-4,AWAY,26.0,28.0,24.0,431.0,308.0,123.0,3.0,16.0,261.0,169.0,92.0,4.0,-2.18,-10.37,10.44
132,DET,2010,LAR,2010-10-10 12:56:00,Sun,1,0,1-4,HOME,44.0,6.0,20.0,322.0,233.0,89.0,0.0,23.0,341.0,213.0,128.0,3.0,9.55,22.64,4.23
133,DET,2010,NYG,2010-10-17 13:03:00,Sun,0,0,1-5,AWAY,20.0,28.0,16.0,366.0,302.0,64.0,3.0,24.0,334.0,167.0,167.0,1.0,-5.29,-8.98,4.56
134,DET,2010,WAS,2010-10-31 13:02:00,Sun,1,0,2-5,HOME,37.0,25.0,19.0,304.0,202.0,102.0,2.0,13.0,275.0,195.0,80.0,2.0,-10.4,23.47,-4.22
135,DET,2010,NYJ,2010-11-07 13:03:00,Sun,0,1,2-6,HOME,20.0,23.0,21.0,306.0,228.0,78.0,0.0,23.0,437.0,327.0,110.0,2.0,1.25,-5.58,3.39
136,DET,2010,BUF,2010-11-14 13:02:00,Sun,0,0,2-7,AWAY,12.0,14.0,19.0,390.0,314.0,76.0,1.0,12.0,288.0,139.0,149.0,1.0,-7.2,5.05,-3.02
137,DET,2010,DAL,2010-11-21 13:02:00,Sun,0,0,2-8,AWAY,19.0,35.0,17.0,338.0,263.0,75.0,2.0,19.0,265.0,131.0,134.0,1.0,-0.05,-6.9,-7.64
138,DET,2010,NWE,2010-11-25 12:38:00,Thu,0,0,2-9,HOME,24.0,45.0,25.0,406.0,277.0,129.0,2.0,20.0,447.0,338.0,109.0,0.0,6.23,-28.1,2.52
139,DET,2010,CHI,2010-12-05 13:03:00,Sun,0,0,2-10,HOME,20.0,24.0,14.0,302.0,168.0,134.0,0.0,23.0,311.0,197.0,114.0,1.0,3.19,-9.47,0.27
140,DET,2010,GNB,2010-12-12 13:03:00,Sun,1,0,3-10,HOME,7.0,3.0,15.0,286.0,96.0,190.0,2.0,13.0,258.0,192.0,66.0,3.0,-7.82,18.99,-6.43
141,DET,2010,TAM,2010-12-19 13:03:00,Sun,1,1,4-10,AWAY,23.0,20.0,26.0,433.0,252.0,181.0,0.0,22.0,403.0,227.0,176.0,0.0,14.84,-13.73,0.36
142,DET,2010,MIA,2010-12-26 13:03:00,Sun,1,0,5-10,AWAY,34.0,27.0,14.0,275.0,208.0,67.0,0.0,28.0,425.0,271.0,154.0,3.0,4.95,-5.19,5.08
143,DET,2010,MIN,2011-01-02 13:03:00,Sun,1,0,6-10,HOME,20.0,13.0,22.0,357.0,250.0,107.0,2.0,16.0,211.0,137.0,74.0,1.0,-1.72,5.11,3.05
144,DET,2011,TAM,2011-09-11 13:06:00,Sun,1,0,1-0,AWAY,27.0,20.0,25.0,431.0,305.0,126.0,1.0,17.0,315.0,259.0,56.0,2.0,7.26,-0.26,-1.73
145,DET,2011,KAN,2011-09-18 13:02:00,Sun,1,0,2-0,HOME,48.0,3.0,23.0,411.0,322.0,89.0,1.0,12.0,267.0,116.0,151.0,6.0,17.01,23.45,4.96
146,DET,2011,MIN,2011-09-25 13:05:00,Sun,1,1,3-0,AWAY,26.0,23.0,19.0,358.0,338.0,20.0,0.0,16.0,321.0,189.0,132.0,0.0,4.23,4.46,-5.63
147,DET,2011,DAL,2011-10-02 13:02:00,Sun,1,0,4-0,AWAY,34.0,30.0,18.0,303.0,240.0,63.0,1.0,25.0,434.0,321.0,113.0,3.0,-2.92,6.22,2.15
148,DET,2011,CHI,2011-10-10 20:40:00,Mon,1,0,5-0,HOME,24.0,13.0,16.0,395.0,214.0,181.0,1.0,23.0,359.0,237.0,122.0,0.0,15.11,-4.08,-4.05
149,DET,2011,SFO,2011-10-16 13:03:00,Sun,0,0,5-1,HOME,19.0,25.0,21.0,310.0,244.0,66.0,0.0,14.0,314.0,111.0,203.0,2.0,-7.91,13.21,-11.3
150,DET,2011,ATL,2011-10-23 13:05:00,Sun,0,0,5-2,HOME,16.0,23.0,13.0,263.0,159.0,104.0,1.0,22.0,328.0,199.0,129.0,2.0,-6.33,0.76,-2.34
151,DET,2011,DEN,2011-10-30 16:10:00,Sun,1,0,6-2,AWAY,45.0,10.0,21.0,376.0,263.0,113.0,0.0,19.0,312.0,117.0,195.0,3.0,13.27,28.52,-6.22
152,DET,2011,CHI,2011-11-13 16:16:00,Sun,0,0,6-3,AWAY,13.0,37.0,22.0,393.0,313.0,80.0,6.0,12.0,216.0,107.0,109.0,1.0,-28.13,8.13,-6.33
153,DET,2011,CAR,2011-11-20 13:02:00,Sun,1,0,7-3,HOME,49.0,35.0,29.0,495.0,326.0,169.0,3.0,24.0,409.0,272.0,137.0,4.0,25.41,-2.27,-8.83
154,DET,2011,GNB,2011-11-24 12:35:00,Thu,0,0,7-4,HOME,15.0,27.0,23.0,409.0,273.0,136.0,3.0,18.0,349.0,296.0,53.0,0.0,3.15,-11.14,-2.4
155,DET,2011,NOR,2011-12-04 20:31:00,Sun,0,0,7-5,AWAY,17.0,31.0,25.0,466.0,379.0,87.0,1.0,21.0,438.0,338.0,100.0,0.0,9.84,-18.58,-5.37
156,DET,2011,MIN,2011-12-11 13:03:00,Sun,1,0,8-5,HOME,34.0,28.0,13.0,280.0,208.0,72.0,0.0,29.0,425.0,156.0,269.0,6.0,1.79,2.09,2.91
157,DET,2011,LVR,2011-12-18 16:05:00,Sun,1,0,9-5,AWAY,28.0,27.0,25.0,432.0,375.0,57.0,1.0,26.0,477.0,345.0,132.0,1.0,10.93,-10.54,-1.91
158,DET,2011,LAC,2011-12-24 16:05:00,Sat,1,0,10-5,HOME,38.0,10.0,24.0,440.0,353.0,87.0,0.0,20.0,367.0,299.0,68.0,2.0,24.58,5.31,-2.24
159,DET,2011,GNB,2012-01-01 13:02:00,Sun,0,0,10-6,AWAY,41.0,45.0,32.0,575.0,502.0,73.0,4.0,27.0,550.0,469.0,81.0,2.0,17.18,-23.71,2.86
160,DET,2011,NOR,2012-01-07 20:09:00,Sat,0,0,10-7,AWAY,28.0,45.0,22.0,412.0,380.0,32.0,2.0,34.0,626.0,459.0,167.0,2.0,18.92,-36.36,0.82
161,DET,2012,LAR,2012-09-09 13:03:00,Sun,1,0,1-0,HOME,27.0,23.0,28.0,429.0,346.0,83.0,3.0,14.0,250.0,173.0,77.0,0.0,1.32,3.64,-1.62
162,DET,2012,SFO,2012-09-16 20:30:00,Sun,0,0,1-1,AWAY,19.0,27.0,15.0,296.0,214.0,82.0,1.0,24.0,349.0,201.0,148.0,1.0,1.77,-13.03,3.74
163,DET,2012,TEN,2012-09-23 13:03:00,Sun,0,1,1-2,AWAY,41.0,44.0,36.0,583.0,442.0,141.0,1.0,21.0,437.0,378.0,59.0,2.0,11.81,-13.88,-0.55
164,DET,2012,MIN,2012-09-30 13:03:00,Sun,0,0,1-3,HOME,13.0,20.0,23.0,341.0,286.0,55.0,1.0,15.0,227.0,100.0,127.0,0.0,0.01,1.2,-10.46
165,DET,2012,PHI,2012-10-14 13:03:00,Sun,1,1,2-3,AWAY,26.0,23.0,25.0,449.0,311.0,138.0,1.0,24.0,357.0,286.0,71.0,3.0,4.55,-1.43,-2.78
166,DET,2012,CHI,2012-10-22 20:40:00,Mon,0,0,2-4,AWAY,7.0,13.0,21.0,340.0,243.0,97.0,4.0,19.0,296.0,125.0,171.0,0.0,-9.26,6.21,-4.53
167,DET,2012,SEA,2012-10-28 13:03:00,Sun,1,0,3-4,HOME,28.0,24.0,26.0,415.0,331.0,84.0,1.0,21.0,369.0,236.0,133.0,2.0,20.15,-14.46,-0.43
168,DET,2012,JAX,2012-11-04 13:04:00,Sun,1,0,4-4,AWAY,31.0,14.0,26.0,434.0,285.0,149.0,0.0,19.0,279.0,215.0,64.0,2.0,25.31,-5.54,-3.89
169,DET,2012,MIN,2012-11-11 13:05:00,Sun,0,0,4-5,AWAY,24.0,34.0,23.0,368.0,308.0,60.0,2.0,18.0,403.0,207.0,196.0,0.0,2.7,-9.28,-2.87
170,DET,2012,GNB,2012-11-18 13:02:00,Sun,0,0,4-6,HOME,20.0,24.0,19.0,362.0,252.0,110.0,4.0,16.0,314.0,219.0,95.0,1.0,-11.88,0.13,7.95
171,DET,2012,HOU,2012-11-22 12:39:00,Thu,0,1,4-7,HOME,31.0,34.0,29.0,525.0,419.0,106.0,1.0,26.0,501.0,296.0,205.0,1.0,12.59,-14.3,1.01
172,DET,2012,IND,2012-12-02 13:03:00,Sun,0,0,4-8,HOME,33.0,35.0,21.0,451.0,313.0,138.0,1.0,23.0,459.0,372.0,87.0,3.0,5.54,-7.78,-0.32
173,DET,2012,GNB,2012-12-09 20:30:00,Sun,0,0,4-9,AWAY,20.0,27.0,27.0,386.0,251.0,135.0,2.0,15.0,288.0,148.0,140.0,1.0,2.15,-3.3,-6.97
174,DET,2012,ARI,2012-12-16 16:05:00,Sun,0,0,4-10,AWAY,10.0,38.0,18.0,312.0,228.0,84.0,4.0,12.0,196.0,97.0,99.0,1.0,-31.58,10.96,-5.71
175,DET,2012,ATL,2012-12-22 20:40:00,Sat,0,0,4-11,HOME,18.0,31.0,25.0,522.0,443.0,79.0,3.0,19.0,344.0,271.0,73.0,0.0,6.64,-15.32,-5.31
176,DET,2012,CHI,2012-12-30 13:03:00,Sun,0,0,4-12,HOME,24.0,26.0,20.0,327.0,255.0,72.0,4.0,19.0,389.0,245.0,144.0,0.0,-1.32,-2.73,-0.87
177,DET,2013,MIN,2013-09-08 13:02:00,Sun,1,0,1-0,HOME,34.0,24.0,28.0,469.0,357.0,112.0,2.0,16.0,330.0,225.0,105.0,4.0,8.66,3.05,-0.22
178,DET,2013,ARI,2013-09-15 16:05:00,Sun,0,0,1-1,AWAY,21.0,25.0,16.0,322.0,273.0,49.0,1.0,24.0,348.0,261.0,87.0,1.0,-2.76,3.23,-6.52
179,DET,2013,WAS,2013-09-22 13:03:00,Sun,1,0,2-1,AWAY,27.0,20.0,24.0,441.0,378.0,63.0,1.0,27.0,420.0,300.0,120.0,2.0,9.83,-5.04,-0.82
180,DET,2013,CHI,2013-09-29 13:03:00,Sun,1,0,3-1,HOME,40.0,32.0,23.0,387.0,228.0,159.0,3.0,18.0,417.0,286.0,131.0,4.0,-1.64,2.72,6.73
181,DET,2013,GNB,2013-10-06 13:02:00,Sun,0,0,3-2,AWAY,9.0,22.0,19.0,286.0,222.0,64.0,0.0,16.0,449.0,269.0,180.0,0.0,-1.94,-11.47,-0.31
182,DET,2013,CLE,2013-10-13 13:02:00,Sun,1,0,4-2,AWAY,31.0,17.0,24.0,366.0,248.0,118.0,1.0,23.0,395.0,269.0,126.0,2.0,12.77,-5.32,1.52
183,DET,2013,CIN,2013-10-20 13:02:00,Sun,0,0,4-3,HOME,24.0,27.0,22.0,434.0,357.0,77.0,0.0,18.0,421.0,364.0,57.0,0.0,17.23,-16.06,-3.94
184,DET,2013,DAL,2013-10-27 13:03:00,Sun,1,0,5-3,HOME,31.0,30.0,29.0,623.0,480.0,143.0,4.0,13.0,268.0,206.0,62.0,0.0,5.83,1.28,-8.24
185,DET,2013,CHI,2013-11-10 13:03:00,Sun,1,0,6-3,AWAY,21.0,19.0,21.0,364.0,219.0,145.0,1.0,19.0,338.0,300.0,38.0,1.0,6.45,1.2,-2.8
186,DET,2013,PIT,2013-11-17 13:02:00,Sun,0,0,6-4,AWAY,27.0,37.0,21.0,451.0,344.0,107.0,3.0,24.0,398.0,358.0,40.0,0.0,-0.66,-10.88,0.2
187,DET,2013,TAM,2013-11-24 13:03:00,Sun,0,0,6-5,HOME,21.0,24.0,25.0,390.0,286.0,104.0,5.0,10.0,229.0,207.0,22.0,0.0,-4.69,2.91,0.55
188,DET,2013,GNB,2013-11-28 12:36:00,Thu,1,0,7-5,HOME,40.0,10.0,30.0,561.0,320.0,241.0,4.0,7.0,126.0,102.0,24.0,3.0,18.72,21.55,-12.2
189,DET,2013,PHI,2013-12-08 13:02:00,Sun,0,0,7-6,AWAY,20.0,34.0,11.0,231.0,151.0,80.0,3.0,23.0,478.0,179.0,299.0,1.0,-20.73,-12.74,13.93
190,DET,2013,BAL,2013-12-16 20:40:00,Mon,0,0,7-7,HOME,16.0,18.0,19.0,349.0,230.0,119.0,3.0,18.0,305.0,215.0,90.0,0.0,0.47,1.78,-5.72
191,DET,2013,NYG,2013-12-22 16:05:00,Sun,0,1,7-8,HOME,20.0,23.0,24.0,355.0,207.0,148.0,3.0,15.0,279.0,238.0,41.0,2.0,-11.36,9.76,-1.31
192,DET,2013,MIN,2013-12-29 13:05:00,Sun,0,0,7-9,AWAY,13.0,14.0,14.0,245.0,182.0,63.0,0.0,19.0,345.0,171.0,174.0,2.0,-7.6,1.76,1.17
193,DET,2014,NYG,2014-09-08 19:11:00,Mon,1,0.0,1-0,HOME,35.0,14.0,20.0,417.0,341.0,76.0,0.0,16.0,197.0,144.0,53.0,2.0,20.18,9.53,-7.37
194,DET,2014,CAR,2014-09-14 13:04:00,Sun,0,0.0,1-1,AWAY,7.0,24.0,21.0,323.0,253.0,70.0,3.0,20.0,313.0,251.0,62.0,0.0,-5.21,-1.84,-10.18
195,DET,2014,GNB,2014-09-21 13:02:00,Sun,1,0.0,2-1,HOME,19.0,7.0,21.0,353.0,238.0,115.0,3.0,14.0,223.0,147.0,76.0,1.0,5.28,9.56,-3.91
196,DET,2014,NYJ,2014-09-28 13:02:00,Sun,1,0.0,3-1,AWAY,24.0,17.0,17.0,360.0,272.0,88.0,0.0,17.0,336.0,204.0,132.0,2.0,6.54,5.19,-3.75
197,DET,2014,BUF,2014-10-05 13:03:00,Sun,0,0.0,3-2,HOME,14.0,17.0,13.0,273.0,204.0,69.0,2.0,19.0,343.0,294.0,49.0,1.0,-14.38,10.12,-4.07
198,DET,2014,MIN,2014-10-12 13:02:00,Sun,1,0.0,4-2,AWAY,17.0,3.0,18.0,255.0,155.0,100.0,0.0,15.0,212.0,143.0,69.0,3.0,-7.7,26.97,-5.43
199,DET,2014,NOR,2014-10-19 13:02:00,Sun,1,0.0,5-2,HOME,24.0,23.0,21.0,344.0,285.0,59.0,2.0,25.0,408.0,335.0,73.0,2.0,6.26,-0.24,-2.78
200,DET,2014,ATL,2014-10-26 09:37:00,Sun,1,0.0,6-2,AWAY,22.0,21.0,22.0,385.0,325.0,60.0,1.0,22.0,291.0,213.0,78.0,1.0,8.9,-7.54,-0.34
201,DET,2014,MIA,2014-11-09 13:02:00,Sun,1,0.0,7-2,HOME,20.0,16.0,19.0,351.0,288.0,63.0,1.0,20.0,228.0,178.0,50.0,2.0,3.2,12.32,-11.73
202,DET,2014,ARI,2014-11-16 16:25:00,Sun,0,0.0,7-3,AWAY,6.0,14.0,11.0,262.0,164.0,98.0,1.0,18.0,352.0,306.0,46.0,2.0,-8.52,-0.49,1.98
203,DET,2014,NWE,2014-11-23 13:02:00,Sun,0,0.0,7-4,AWAY,9.0,34.0,21.0,335.0,244.0,91.0,1.0,29.0,439.0,349.0,90.0,1.0,-6.78,-11.76,-7.17
204,DET,2014,CHI,2014-11-27 12:39:00,Thu,1,0.0,8-4,HOME,34.0,17.0,28.0,474.0,383.0,91.0,1.0,18.0,269.0,256.0,13.0,2.0,16.09,4.76,-2.84
205,DET,2014,TAM,2014-12-07 13:02:00,Sun,1,0.0,9-4,HOME,34.0,17.0,22.0,407.0,294.0,113.0,1.0,15.0,233.0,207.0,26.0,3.0,9.91,6.86,-4.27
206,DET,2014,MIN,2014-12-14 16:25:00,Sun,1,0.0,10-4,HOME,16.0,14.0,11.0,233.0,153.0,80.0,0.0,21.0,360.0,284.0,76.0,2.0,-4.7,-0.06,8.56
207,DET,2014,CHI,2014-12-21 13:03:00,Sun,1,0.0,11-4,AWAY,20.0,14.0,22.0,367.0,229.0,138.0,3.0,17.0,234.0,170.0,64.0,1.0,10.12,4.98,-11.16
208,DET,2014,GNB,2014-12-28 16:25:00,Sun,0,0.0,11-5,AWAY,20.0,30.0,23.0,313.0,202.0,111.0,1.0,24.0,377.0,225.0,152.0,2.0,-2.08,-9.6,-0.49
209,DET,2014,DAL,2015-01-04 16:41:00,Sun,0,0.0,11-6,AWAY,20.0,24.0,19.0,397.0,307.0,90.0,3.0,18.0,315.0,242.0,73.0,1.0,4.18,-10.31,1.17
210,DET,2015,LAC,2015-09-13 16:05:00,Sun,0,0,0-1,AWAY,28.0,33.0,16.0,302.0,233.0,69.0,2.0,28.0,483.0,387.0,96.0,3.0,2.96,-6.12,1.45
211,DET,2015,MIN,2015-09-20 13:03:00,Sun,0,0,0-2,AWAY,16.0,26.0,25.0,323.0,285.0,38.0,3.0,20.0,350.0,151.0,199.0,1.0,-2.37,-6.77,-3.09
212,DET,2015,DEN,2015-09-27 20:30:00,Sun,0,0,0-3,HOME,12.0,24.0,22.0,290.0,262.0,28.0,3.0,19.0,354.0,313.0,41.0,2.0,-7.25,-4.66,0.27
213,DET,2015,SEA,2015-10-05 20:31:00,Mon,0,0,0-4,AWAY,10.0,13.0,12.0,256.0,203.0,53.0,1.0,18.0,345.0,235.0,110.0,3.0,-11.11,5.5,0.86
214,DET,2015,ARI,2015-10-11 16:05:00,Sun,0,0,0-5,HOME,17.0,42.0,29.0,435.0,379.0,56.0,6.0,15.0,345.0,158.0,187.0,0.0,-9.65,-13.26,1.18
215,DET,2015,CHI,2015-10-18 13:02:00,Sun,1,1,1-5,HOME,37.0,34.0,26.0,546.0,391.0,155.0,3.0,24.0,444.0,353.0,91.0,1.0,24.87,-10.32,-11.52
216,DET,2015,MIN,2015-10-25 13:02:00,Sun,0,0,1-6,HOME,19.0,28.0,14.0,274.0,197.0,77.0,0.0,25.0,425.0,285.0,140.0,1.0,-3.14,-9.71,3.19
217,DET,2015,KAN,2015-11-01 09:36:00,Sun,0,0,1-7,AWAY,10.0,45.0,16.0,276.0,195.0,81.0,2.0,24.0,340.0,134.0,206.0,0.0,-10.04,-21.11,-4.13
218,DET,2015,GNB,2015-11-15 13:04:00,Sun,1,0,2-7,AWAY,18.0,16.0,16.0,287.0,242.0,45.0,1.0,22.0,372.0,325.0,47.0,0.0,-4.4,-1.03,9.55
219,DET,2015,LVR,2015-11-22 13:02:00,Sun,1,0,3-7,HOME,18.0,13.0,22.0,375.0,266.0,109.0,0.0,13.0,216.0,164.0,52.0,0.0,6.18,1.18,4.39
220,DET,2015,PHI,2015-11-26 12:35:00,Thu,1,0,4-7,HOME,45.0,14.0,28.0,430.0,322.0,108.0,0.0,14.0,227.0,159.0,68.0,1.0,24.93,6.28,-0.12
221,DET,2015,GNB,2015-12-03 20:26:00,Thu,0,0,4-8,HOME,23.0,27.0,17.0,306.0,205.0,101.0,1.0,19.0,313.0,246.0,67.0,1.0,-1.96,-6.76,5.5
222,DET,2015,LAR,2015-12-13 13:02:00,Sun,0,0,4-9,AWAY,14.0,21.0,22.0,331.0,220.0,111.0,1.0,15.0,317.0,114.0,203.0,2.0,-8.65,-3.36,2.18
223,DET,2015,NOR,2015-12-21 20:30:00,Mon,1,0,5-9,AWAY,35.0,27.0,24.0,396.0,246.0,150.0,1.0,27.0,399.0,330.0,69.0,0.0,18.77,-13.28,0.14
224,DET,2015,SFO,2015-12-27 13:03:00,Sun,1,0,6-9,HOME,32.0,17.0,26.0,371.0,284.0,87.0,0.0,20.0,322.0,201.0,121.0,1.0,12.84,-0.08,2.64
225,DET,2015,CHI,2016-01-03 13:02:00,Sun,1,0,7-9,AWAY,24.0,20.0,22.0,349.0,282.0,67.0,0.0,16.0,345.0,234.0,111.0,3.0,8.75,-2.01,-3.46
226,DET,2016,IND,2016-09-11 16:27:00,Sun,1,0,1-0,AWAY,39.0,35.0,28.0,448.0,332.0,116.0,0.0,25.0,450.0,368.0,82.0,0.0,26.0,-23.5,1.43
227,DET,2016,TEN,2016-09-18 13:02:00,Sun,0,0,1-1,HOME,15.0,16.0,22.0,375.0,238.0,137.0,1.0,22.0,363.0,224.0,139.0,1.0,0.39,-10.15,6.83
228,DET,2016,GNB,2016-09-25 13:02:00,Sun,0,0,1-2,AWAY,27.0,34.0,22.0,418.0,368.0,50.0,1.0,17.0,324.0,201.0,123.0,0.0,14.19,-17.93,-2.24
229,DET,2016,CHI,2016-10-02 13:00:00,Sun,0,0,1-3,AWAY,14.0,17.0,16.0,263.0,197.0,66.0,2.0,23.0,408.0,294.0,114.0,0.0,-7.47,-7.93,10.3
230,DET,2016,PHI,2016-10-09 13:02:00,Sun,1,0,2-3,HOME,24.0,23.0,21.0,244.0,164.0,80.0,1.0,18.0,346.0,230.0,116.0,2.0,8.49,-4.42,-2.7
231,DET,2016,LAR,2016-10-16 13:02:00,Sun,1,0,3-3,HOME,31.0,28.0,20.0,348.0,265.0,83.0,0.0,23.0,387.0,311.0,76.0,1.0,20.72,-19.64,2.35
232,DET,2016,WAS,2016-10-23 13:02:00,Sun,1,0,4-3,HOME,20.0,17.0,19.0,344.0,250.0,94.0,0.0,26.0,413.0,283.0,130.0,2.0,11.55,-8.7,1.85
233,DET,2016,HOU,2016-10-30 13:03:00,Sun,0,0,4-4,AWAY,13.0,20.0,19.0,289.0,231.0,58.0,0.0,20.0,269.0,164.0,105.0,1.0,0.37,-1.76,-5.34
234,DET,2016,MIN,2016-11-06 13:00:00,Sun,1,1,5-4,AWAY,22.0,16.0,18.0,311.0,214.0,97.0,1.0,22.0,337.0,259.0,78.0,0.0,1.15,-6.72,13.83
235,DET,2016,JAX,2016-11-20 13:00:00,Sun,1,0,6-4,HOME,26.0,19.0,14.0,277.0,263.0,14.0,2.0,16.0,285.0,202.0,83.0,3.0,-2.74,12.43,0.09
236,DET,2016,MIN,2016-11-24 12:30:00,Thu,1,0,7-4,HOME,16.0,13.0,18.0,308.0,214.0,94.0,0.0,17.0,306.0,224.0,82.0,1.0,-1.3,3.19,-1.08
237,DET,2016,NOR,2016-12-04 13:00:00,Sun,1,0,8-4,AWAY,28.0,13.0,24.0,422.0,337.0,85.0,0.0,20.0,369.0,319.0,50.0,3.0,14.73,2.06,-1.51
238,DET,2016,CHI,2016-12-11 13:00:00,Sun,1,0,9-4,HOME,20.0,17.0,25.0,323.0,209.0,114.0,2.0,16.0,296.0,204.0,92.0,0.0,7.22,-3.02,-1.03
239,DET,2016,NYG,2016-12-18 13:00:00,Sun,0,0,9-5,AWAY,6.0,17.0,16.0,324.0,268.0,56.0,2.0,17.0,300.0,186.0,114.0,0.0,-6.52,-3.39,0.49
240,DET,2016,DAL,2016-12-26 20:30:00,Mon,0,0,9-6,AWAY,21.0,42.0,23.0,319.0,229.0,90.0,2.0,23.0,375.0,211.0,164.0,0.0,5.57,-24.42,-0.09
241,DET,2016,GNB,2017-01-01 20:30:00,Sun,0,0,9-7,HOME,24.0,31.0,24.0,408.0,332.0,76.0,1.0,28.0,448.0,295.0,153.0,0.0,12.02,-20.35,-0.51
242,DET,2016,SEA,2017-01-07 20:15:00,Sat,0,0,9-8,AWAY,6.0,26.0,13.0,231.0,182.0,49.0,0.0,24.0,387.0,210.0,177.0,0.0,-11.29,-18.51,9.37
243,DET,2017,ARI,2017-09-10 13:00:00,Sun,1,0.0,1-0,HOME,35.0,23.0,19.0,367.0,285.0,82.0,1.0,24.0,308.0,263.0,45.0,4.0,-6.69,18.14,1.34
244,DET,2017,NYG,2017-09-18 20:30:00,Mon,1,0.0,2-0,AWAY,24.0,10.0,12.0,257.0,119.0,138.0,1.0,14.0,270.0,208.0,62.0,1.0,-5.01,9.08,7.78
245,DET,2017,ATL,2017-09-24 13:00:00,Sun,0,0.0,2-1,HOME,26.0,30.0,21.0,324.0,253.0,71.0,0.0,26.0,428.0,277.0,151.0,3.0,-0.21,-2.82,2.52
246,DET,2017,MIN,2017-10-01 13:00:00,Sun,1,0.0,3-1,AWAY,14.0,7.0,19.0,251.0,154.0,97.0,0.0,15.0,284.0,197.0,87.0,3.0,-5.23,10.05,-0.21
247,DET,2017,CAR,2017-10-08 13:00:00,Sun,0,0.0,3-2,HOME,24.0,27.0,19.0,242.0,192.0,50.0,1.0,16.0,362.0,334.0,28.0,0.0,-2.13,-5.73,3.66
248,DET,2017,NOR,2017-10-15 13:00:00,Sun,0,0.0,3-3,AWAY,38.0,52.0,18.0,347.0,281.0,66.0,5.0,19.0,379.0,186.0,193.0,3.0,-23.24,3.8,5.33
249,DET,2017,PIT,2017-10-29 20:30:00,Sun,0,0.0,3-4,HOME,15.0,20.0,21.0,482.0,411.0,71.0,1.0,17.0,392.0,317.0,75.0,2.0,0.88,-7.88,0.42
250,DET,2017,GNB,2017-11-06 20:30:00,Mon,1,0.0,4-4,AWAY,30.0,17.0,24.0,417.0,353.0,64.0,1.0,21.0,311.0,233.0,78.0,0.0,20.08,-4.31,-2.77
251,DET,2017,CLE,2017-11-12 13:00:00,Sun,1,0.0,5-4,HOME,38.0,24.0,16.0,345.0,241.0,104.0,1.0,26.0,413.0,212.0,201.0,2.0,10.64,-4.03,1.11
252,DET,2017,CHI,2017-11-19 13:00:00,Sun,1,0.0,6-4,AWAY,27.0,24.0,20.0,352.0,287.0,65.0,1.0,24.0,398.0,176.0,222.0,1.0,8.12,-11.16,6.16
253,DET,2017,MIN,2017-11-23 12:30:00,Thu,0,0.0,6-5,HOME,23.0,30.0,17.0,289.0,236.0,53.0,2.0,28.0,408.0,272.0,136.0,0.0,-1.95,-14.39,5.37
254,DET,2017,BAL,2017-12-03 13:00:00,Sun,0,0.0,6-6,AWAY,20.0,44.0,18.0,372.0,294.0,78.0,3.0,24.0,370.0,269.0,101.0,0.0,-5.85,-13.12,-5.09
255,DET,2017,TAM,2017-12-10 13:00:00,Sun,1,0.0,7-6,AWAY,24.0,21.0,21.0,434.0,381.0,53.0,3.0,28.0,400.0,267.0,133.0,5.0,7.76,-3.71,-0.42
256,DET,2017,CHI,2017-12-16 16:30:00,Sat,1,0.0,8-6,HOME,20.0,10.0,18.0,293.0,202.0,91.0,1.0,22.0,349.0,306.0,43.0,3.0,3.59,3.76,0.98
257,DET,2017,CIN,2017-12-24 13:00:00,Sun,0,0.0,8-7,AWAY,17.0,26.0,15.0,276.0,189.0,87.0,1.0,28.0,364.0,222.0,142.0,1.0,-2.71,-7.59,-0.91
258,DET,2017,GNB,2017-12-31 13:00:00,Sun,1,0.0,9-7,HOME,35.0,11.0,18.0,356.0,305.0,51.0,0.0,17.0,256.0,153.0,103.0,4.0,12.64,11.12,1.82
259,DET,2018,NYJ,2018-09-10 19:10:00,Mon,0,0.0,0-1,HOME,17.0,48.0,20.0,339.0,300.0,39.0,5.0,18.0,349.0,180.0,169.0,2.0,-16.54,-4.69,-10.55
260,DET,2018,SFO,2018-09-16 16:05:00,Sun,0,0.0,0-2,AWAY,27.0,30.0,25.0,427.0,329.0,98.0,1.0,23.0,346.0,156.0,190.0,0.0,8.22,-10.3,-4.49
261,DET,2018,NWE,2018-09-23 20:20:00,Sun,1,0.0,1-2,HOME,26.0,10.0,25.0,414.0,255.0,159.0,1.0,12.0,209.0,120.0,89.0,1.0,13.69,5.39,-2.81
262,DET,2018,DAL,2018-09-30 13:00:00,Sun,0,0.0,1-3,AWAY,24.0,26.0,18.0,382.0,286.0,96.0,0.0,26.0,414.0,231.0,183.0,0.0,17.1,-18.17,-0.37
263,DET,2018,GNB,2018-10-07 13:00:00,Sun,1,0.0,2-3,HOME,31.0,23.0,18.0,264.0,170.0,94.0,0.0,30.0,521.0,423.0,98.0,3.0,4.76,-20.46,25.94
264,DET,2018,MIA,2018-10-21 13:00:00,Sun,1,0.0,3-3,AWAY,32.0,21.0,24.0,457.0,209.0,248.0,0.0,19.0,322.0,215.0,107.0,0.0,22.39,-15.19,4.4
265,DET,2018,SEA,2018-10-28 13:00:00,Sun,0,0.0,3-4,HOME,14.0,28.0,21.0,331.0,297.0,34.0,3.0,20.0,413.0,237.0,176.0,0.0,11.09,-14.29,-8.88
266,DET,2018,MIN,2018-11-04 13:00:00,Sun,0,0.0,3-5,AWAY,9.0,24.0,18.0,209.0,143.0,66.0,1.0,17.0,283.0,155.0,128.0,2.0,-16.2,-1.94,2.99
267,DET,2018,CHI,2018-11-11 13:00:00,Sun,0,0.0,3-6,AWAY,22.0,34.0,24.0,305.0,229.0,76.0,3.0,20.0,402.0,348.0,54.0,0.0,-0.42,-21.9,15.4
268,DET,2018,CAR,2018-11-18 13:00:00,Sun,1,0.0,4-6,HOME,20.0,19.0,20.0,309.0,215.0,94.0,0.0,20.0,387.0,331.0,56.0,1.0,3.68,-11.72,12.13
269,DET,2018,CHI,2018-11-22 12:30:00,Thu,0,0.0,4-7,HOME,16.0,23.0,17.0,333.0,222.0,111.0,2.0,19.0,264.0,226.0,38.0,1.0,-2.71,-1.31,-0.91
270,DET,2018,LAR,2018-12-02 13:00:00,Sun,0,0.0,4-8,HOME,16.0,30.0,23.0,310.0,208.0,102.0,2.0,24.0,344.0,195.0,149.0,2.0,-5.26,-6.09,-1.34
271,DET,2018,ARI,2018-12-09 16:25:00,Sun,1,0.0,5-8,AWAY,17.0,3.0,16.0,218.0,96.0,122.0,1.0,22.0,279.0,218.0,61.0,1.0,-6.04,13.32,3.13
272,DET,2018,BUF,2018-12-16 13:00:00,Sun,0,0.0,5-9,AWAY,13.0,14.0,14.0,313.0,208.0,105.0,0.0,20.0,312.0,195.0,117.0,0.0,4.83,-6.53,0.58
273,DET,2018,MIN,2018-12-23 13:00:00,Sun,0,0.0,5-10,HOME,9.0,27.0,17.0,223.0,137.0,86.0,0.0,16.0,340.0,240.0,100.0,0.0,-15.37,-1.34,-0.27
274,DET,2018,GNB,2018-12-30 13:00:00,Sun,1,0.0,6-10,AWAY,31.0,0.0,25.0,402.0,272.0,130.0,0.0,9.0,175.0,129.0,46.0,1.0,15.11,17.16,-1.18
275,DET,2019,ARI,2019-09-08 16:25:00,Sun,2,1,0-0-1,AWAY,27.0,27.0,23.0,477.0,361.0,116.0,2.0,21.0,387.0,275.0,112.0,1.0,7.02,3.5,-9.8
276,DET,2019,LAC,2019-09-15 13:00:00,Sun,1,0,1-0-1,HOME,13.0,10.0,19.0,339.0,245.0,94.0,2.0,21.0,424.0,287.0,137.0,2.0,8.62,-5.86,0.56
277,DET,2019,PHI,2019-09-22 13:00:00,Sun,1,0,2-0-1,AWAY,27.0,24.0,16.0,287.0,201.0,86.0,0.0,22.0,373.0,246.0,127.0,2.0,1.07,0.31,3.8
278,DET,2019,KAN,2019-09-29 13:00:00,Sun,0,0,2-1-1,HOME,30.0,34.0,29.0,447.0,261.0,186.0,2.0,29.0,438.0,315.0,123.0,3.0,1.27,-17.08,13.41
279,DET,2019,GNB,2019-10-14 20:15:00,Mon,0,0,2-2-1,AWAY,22.0,23.0,13.0,299.0,243.0,56.0,0.0,22.0,447.0,277.0,170.0,3.0,-0.7,-4.03,4.66
280,DET,2019,MIN,2019-10-20 13:00:00,Sun,0,0,2-3-1,HOME,30.0,42.0,26.0,433.0,352.0,81.0,1.0,32.0,504.0,338.0,166.0,0.0,18.28,-35.6,2.59
281,DET,2019,NYG,2019-10-27 13:00:00,Sun,1,0,3-3-1,HOME,31.0,26.0,17.0,375.0,316.0,59.0,2.0,24.0,370.0,290.0,80.0,1.0,7.67,-6.34,5.39
282,DET,2019,LVR,2019-11-03 16:05:00,Sun,0,0,3-4-1,AWAY,24.0,31.0,26.0,473.0,383.0,90.0,2.0,25.0,450.0,279.0,171.0,0.0,13.92,-16.79,-4.07
283,DET,2019,CHI,2019-11-10 13:00:00,Sun,0,0,3-5-1,AWAY,13.0,20.0,21.0,357.0,259.0,98.0,1.0,13.0,226.0,145.0,81.0,0.0,-6.77,0.41,2.1
284,DET,2019,DAL,2019-11-17 13:00:00,Sun,0,0,3-6-1,HOME,27.0,35.0,19.0,312.0,191.0,121.0,0.0,26.0,509.0,434.0,75.0,1.0,7.7,-22.23,6.35
285,DET,2019,WAS,2019-11-24 13:00:00,Sun,0,0,3-7-1,AWAY,16.0,19.0,21.0,364.0,189.0,175.0,4.0,13.0,230.0,144.0,86.0,2.0,-8.85,13.57,-10.88
286,DET,2019,CHI,2019-11-28 12:30:00,Thu,0,0,3-8-1,HOME,20.0,24.0,19.0,364.0,259.0,105.0,1.0,22.0,419.0,331.0,88.0,1.0,6.28,-8.33,-0.13
287,DET,2019,MIN,2019-12-08 13:00:00,Sun,0,0,3-9-1,AWAY,7.0,20.0,18.0,231.0,161.0,70.0,2.0,22.0,354.0,234.0,120.0,0.0,-7.27,-3.77,0.3
288,DET,2019,TAM,2019-12-15 13:00:00,Sun,0,0,3-10-1,HOME,17.0,38.0,16.0,295.0,250.0,45.0,3.0,23.0,495.0,446.0,49.0,1.0,-14.38,-13.82,7.29
289,DET,2019,DEN,2019-12-22 16:05:00,Sun,0,0,3-11-1,AWAY,17.0,27.0,13.0,191.0,95.0,96.0,0.0,25.0,348.0,198.0,150.0,0.0,-4.32,-12.95,4.08
290,DET,2019,GNB,2019-12-29 13:00:00,Sun,0,0,3-12-1,HOME,20.0,23.0,17.0,305.0,134.0,171.0,1.0,25.0,432.0,312.0,120.0,1.0,1.53,-8.54,4.01
